target,donor,same_pilot,kind,seed,n_states,r_state_crystal,r_state_exp,r_crystal_exp,crystal_ic,target_leakage
csl,csl,True,baseline,1,57,0.46477091538237825,0.5002243479193652,0.9511859491521908,9.537048311988986,exact
csl,csl,True,baseline,2,57,0.4054894407516925,0.4090437524545944,0.8991524748378716,8.297155327014362,exact
csl,csl,True,baseline,3,57,0.44941857600503643,0.44449376162373655,0.9672177764180426,8.608713928790348,exact
csl,csl,True,baseline,4,57,0.29490858383342194,0.3308639166737506,0.956260108478333,8.361424923759255,exact
csl,csl,True,baseline,5,57,0.3797108198039244,0.3872955271972876,0.8455616837285981,8.22462645643255,exact
csl,csl,True,augmented,1,57,0.8627458964514614,0.7145518933247401,0.7191362665982742,4.347358561121794,exact
csl,csl,True,augmented,2,57,0.8001517848095948,0.8270726880196498,0.948957127846116,8.258720716521209,exact
csl,csl,True,augmented,3,57,0.8769509278297174,0.8852494413578457,0.9606029088073004,9.380882942203474,exact
csl,csl,True,augmented,4,57,0.8905468661658598,0.8588249558087662,0.9438627659062709,8.282633408190005,exact
csl,csl,True,augmented,5,57,0.8598950351057215,0.8730185786695074,0.9703609692143934,9.7763704784608,exact
csl,egr1,False,baseline,1,57,0.5601733866475498,0.438349883265656,0.7170476267673491,10.595862327727506,exact
csl,egr1,False,baseline,2,57,0.5537172950366702,0.5293073277936056,0.9427041553798975,10.51228001293402,exact
csl,egr1,False,baseline,3,57,0.31209214888091774,0.34464301440317563,0.8040240036166186,6.656522078144787,exact
csl,egr1,False,baseline,4,57,0.38238760873465527,0.38566728058166566,0.8350213098225763,10.051669825061147,exact
csl,egr1,False,baseline,5,57,0.28610123725579656,0.25654616596868496,0.9340089453124814,6.2537069444576305,exact
csl,egr1,False,augmented,1,57,0.29686659832420964,0.23485608417852435,0.9092219642981924,8.2527474161862,exact
csl,egr1,False,augmented,2,57,0.6284873298618802,0.6185869665204995,0.9541639051229717,10.236200291464488,exact
csl,egr1,False,augmented,3,57,0.4818802535359805,0.4069227733458429,0.826067711862871,6.309577437666323,exact
csl,egr1,False,augmented,4,57,0.3175426785204895,0.33267069821250894,0.8322714213359639,6.340345079711723,exact
csl,egr1,False,augmented,5,57,0.5708224550812931,0.5153915301462336,0.9164883606978124,7.668817725683681,exact
csl,engrailed,False,baseline,1,57,0.2792930825889151,0.3153344433329608,0.37306917068493195,8.645340544452717,exact
csl,engrailed,False,baseline,2,57,0.2949748596907681,0.25708370550036475,0.599348238973573,7.497969923540985,exact
csl,engrailed,False,baseline,3,57,0.39960629887098914,0.414783780243628,0.8138583808951783,8.160461425129043,exact
csl,engrailed,False,baseline,4,57,0.43906140155111995,0.411325638002798,0.8362223878345699,8.945881584585766,exact
csl,engrailed,False,baseline,5,57,0.4450281951361858,0.4471036319891501,0.9543132732205377,8.884015494216554,exact
csl,engrailed,False,augmented,1,57,0.3436991702390096,0.3244698947703621,0.8553616460402913,5.872177748676876,exact
csl,engrailed,False,augmented,2,57,0.41873373561622895,0.3872690417953269,0.9073466990184296,9.516967346984243,exact
csl,engrailed,False,augmented,3,57,0.519309786605958,0.5442563632960308,0.9219126528861806,7.977255833400271,exact
csl,engrailed,False,augmented,4,57,0.5674206330921967,0.6060854101730544,0.9025731675522555,9.873652946634401,exact
csl,engrailed,False,augmented,5,57,0.6085387187745721,0.5708170311846118,0.8528232059793619,7.678601292098652,exact
csl,err,False,baseline,1,57,0.4246789920433383,0.38075381166655636,0.9133830612251499,7.113878092787502,exact
csl,err,False,baseline,2,57,0.25033050671202994,0.2811846273109869,0.9314616276731248,8.183216568548358,exact
csl,err,False,baseline,3,57,0.36501008004387403,0.26781083343546386,0.8373113860605069,7.810426247485042,exact
csl,err,False,baseline,4,57,0.42960727700528734,0.4378024979970261,0.8342119543592037,6.913326016303598,exact
csl,err,False,baseline,5,57,0.464063971935048,0.4825370037005822,0.93585663201251,8.361182241801426,exact
csl,err,False,augmented,1,57,0.32858163595282597,0.24397436291553648,0.8173287956062778,8.73827689734751,exact
csl,err,False,augmented,2,57,0.4255997066213958,0.32484887437687104,0.9046524404813123,7.380374791656608,exact
csl,err,False,augmented,3,57,0.33315793317640985,0.43983164579435674,0.8410394333850586,8.73334362966846,exact
csl,err,False,augmented,4,57,0.28075999046810396,0.29750328160122447,0.783685698356164,9.373217644866637,exact
csl,err,False,augmented,5,57,0.5706546770213832,0.5344665561072782,0.8301752184781771,7.942841735452454,exact
csl,ets1,False,baseline,1,57,0.5526399128410078,0.5628134646738198,0.8336434495261492,6.649557922169109,exact
csl,ets1,False,baseline,2,57,0.40259315196956086,0.3264231942303526,0.8977389962691857,6.2179968190033845,exact
csl,ets1,False,baseline,3,57,0.4211121468794847,0.4206536784579568,0.9301227228852609,9.858614304452923,exact
csl,ets1,False,baseline,4,57,0.43468518560831,0.37414828887060286,0.8212413448013721,8.663922841334834,exact
csl,ets1,False,baseline,5,57,0.34962328395104,0.3839180908699714,0.9227464902439264,8.31886490804507,exact
csl,ets1,False,augmented,1,57,0.4304845592277697,0.19979575697001672,0.7673142478704731,6.072747451528328,exact
csl,ets1,False,augmented,2,57,0.5333614594869538,0.5219566227105638,0.907124675673006,7.784777642424389,exact
csl,ets1,False,augmented,3,57,0.419009116313794,0.4154803868553964,0.9127423865323022,6.368792366048567,exact
csl,ets1,False,augmented,4,57,0.348104836042377,0.32743129336327,0.939894995496079,9.48935716949238,exact
csl,ets1,False,augmented,5,57,0.42451925652977396,0.38894029964884697,0.8541834159990087,7.559754839342912,exact
csl,foxa,False,baseline,1,57,0.2877505595095565,0.3173128906264301,0.8771901904828209,6.391152790282913,exact
csl,foxa,False,baseline,2,57,0.5118059404665601,0.5419099758581287,0.9225760826213036,8.164156028674984,exact
csl,foxa,False,baseline,3,57,0.6145962419333953,0.5952939602634332,0.9675212463587984,9.848548166762702,exact
csl,foxa,False,baseline,4,57,0.46833863300582973,0.47539484475730276,0.8931329190258323,9.538625541105256,exact
csl,foxa,False,baseline,5,57,0.5183387409805302,0.5176009959177649,0.9495329240608761,6.962232767242981,exact
csl,foxa,False,augmented,1,57,0.5522758437520744,0.4907812426954945,0.8704109632169816,7.813193521216092,exact
csl,foxa,False,augmented,2,57,0.5542117667994207,0.476340919862799,0.9155912705058017,9.987784097576418,exact
csl,foxa,False,augmented,3,57,0.318765119478687,0.3514927114130182,0.7119548307345027,4.947635303612174,exact
csl,foxa,False,augmented,4,57,0.4365339419361953,0.39445021496726346,0.9128441033448873,7.043381316347949,exact
csl,foxa,False,augmented,5,57,0.5879224542106732,0.5399859477660254,0.9467414610880216,7.91835129333311,exact
csl,hsf,False,baseline,1,57,0.5629879575502499,0.5279965705332161,0.9708128466617039,9.667168677484106,exact
csl,hsf,False,baseline,2,57,0.14356112653903377,0.26218692579864344,0.7396373215078872,7.400077434632403,exact
csl,hsf,False,baseline,3,57,0.47476061734230524,0.5095376843303295,0.8964490733489261,8.426971343929832,exact
csl,hsf,False,baseline,4,57,0.5013673868418052,0.5308407115202259,0.8515631850567019,8.090833309893934,exact
csl,hsf,False,baseline,5,57,0.34419580287411994,0.40802154878043473,0.8682679869067531,8.212680411480331,exact
csl,hsf,False,augmented,1,57,0.4445176525571203,0.4302373603786136,0.9249055853846666,10.285798877856202,exact
csl,hsf,False,augmented,2,57,0.5519496635519658,0.544408183017985,0.9280801250555328,8.822199447482923,exact
csl,hsf,False,augmented,3,57,0.4721048926748876,0.46910303131305386,0.8831256706604357,8.178873851173549,exact
csl,hsf,False,augmented,4,57,0.5542024149567067,0.5017215163399473,0.8370737215426518,8.8692357783338,exact
csl,hsf,False,augmented,5,57,0.4582795496733083,0.49501261838186866,0.8428368458855735,7.566600002211454,exact
csl,irf,False,baseline,1,57,0.41069808314747375,0.45699879587945463,0.6743730690716178,7.985790167346827,exact
csl,irf,False,baseline,2,57,0.4604901898183629,0.48061041986939534,0.9000241896867069,8.094546441137192,exact
csl,irf,False,baseline,3,57,0.5132890767596837,0.45291789807353366,0.8276614727766424,9.967063141816608,exact
csl,irf,False,baseline,4,57,0.4868109923972425,0.4639659773498968,0.8789842368928905,7.7763055046245775,exact
csl,irf,False,baseline,5,57,0.3918103293623293,0.3475166867054241,0.9205250055441315,7.822961908135035,exact
csl,irf,False,augmented,1,57,0.4585330561835669,0.2669860423988455,0.6024925583917943,8.47910980895948,exact
csl,irf,False,augmented,2,57,0.491600533381362,0.4629560764477577,0.8985643981093285,8.705348808051593,exact
csl,irf,False,augmented,3,57,0.4112608230924775,0.43363138115290584,0.9200604118509188,9.580798663698332,exact
csl,irf,False,augmented,4,57,0.41980104970030685,0.4458400010723001,0.967884461205375,8.382858741582309,exact
csl,irf,False,augmented,5,57,0.31551804637199465,0.2686586870811894,0.741263460792926,8.20391603801182,exact
csl,lef1,False,baseline,1,57,0.5113591426487017,0.4532763324015125,0.7834268284605673,8.096204051305394,exact
csl,lef1,False,baseline,3,57,0.2953444131522407,0.38589190187820716,0.5671969854849883,7.782276619310182,exact
csl,lef1,False,baseline,4,57,0.43735824190856243,0.46008166763293995,0.884216158651141,7.963571567886528,exact
csl,lef1,False,baseline,5,57,0.3876164974043956,0.4280257817486952,0.8606605351132038,10.098601259085395,exact
csl,lef1,False,augmented,1,57,0.48290686205688066,0.5089417252599806,0.9100002683005765,7.837423137139892,exact
csl,lef1,False,augmented,2,57,0.333259132271938,0.3719910105540343,0.9033598161645618,7.625597422188247,exact
csl,lef1,False,augmented,3,57,0.4266720973215011,0.47659022043975335,0.9466066245107829,8.486257015525556,exact
csl,lef1,False,augmented,4,57,0.5428971738286813,0.5824847569484756,0.8792737520985353,11.253784230537033,exact
csl,lef1,False,augmented,5,57,0.4035552787361455,0.36338120083645364,0.9054674809598069,7.826870774469096,exact
csl,nfat,False,baseline,1,57,0.4821199087423485,0.5219531341564168,0.9492036083941128,9.888830392765485,exact
csl,nfat,False,baseline,2,57,0.3585767066520499,0.3571782633209043,0.8196330612868737,9.677663835417153,exact
csl,nfat,False,baseline,3,57,0.4805244739300148,0.5621781287877957,0.8503500716901,9.074998970232947,exact
csl,nfat,False,baseline,4,57,0.25984227758997314,0.3096413921455436,0.8353241685796439,6.060123014639466,exact
csl,nfat,False,baseline,5,57,0.4648781068863339,0.4744353397768789,0.8844939167741619,9.467762994966115,exact
csl,nfat,False,augmented,1,57,0.41882655082430825,0.4893573617886568,0.8804863415828836,8.723286899274825,exact
csl,nfat,False,augmented,2,57,0.5248050187269866,0.5437106795452465,0.9083406450815092,10.168760840850943,exact
csl,nfat,False,augmented,3,57,0.4476548531158149,0.545174665869554,0.8653593834203787,7.648802454470151,exact
csl,nfat,False,augmented,5,57,0.4097280936130163,0.3973169887210397,0.8872493504697132,7.68024531476301,exact
csl,runx,False,baseline,1,57,0.4226198769469192,0.3714306311149407,0.8350078275869265,7.543734224496454,exact
csl,runx,False,baseline,2,57,0.46441666467495324,0.48374457650546515,0.9380024446927835,9.642110357519641,exact
csl,runx,False,baseline,3,57,0.3354150958934905,0.4170837376396468,0.6340215183678544,8.746086241230955,exact
csl,runx,False,baseline,4,57,0.15665797257969166,0.3289572231459438,0.657284050336218,9.204615931786067,exact
csl,runx,False,baseline,5,57,0.498025928431938,0.4137005518864046,0.8092530366138212,7.85861186535985,exact
csl,runx,False,augmented,1,57,0.4899059183141321,0.5573074097918506,0.8709383583663385,9.16547644965091,exact
csl,runx,False,augmented,2,57,0.44343296361212614,0.44257398953668453,0.868654288632482,11.979325474940113,exact
csl,runx,False,augmented,3,57,0.2706862675850688,0.33169768190108245,0.6594126125415202,6.851712170188952,exact
csl,runx,False,augmented,4,57,0.3994480319990569,0.4008318154718636,0.9299986914099255,6.341236341757956,exact
csl,runx,False,augmented,5,57,0.464175305561888,0.4917426602991048,0.8715932519900762,7.173154577444864,exact
csl,tbp,False,baseline,1,57,0.5568179121739862,0.45605528182426436,0.8558736494333474,8.41920658037081,exact
csl,tbp,False,baseline,2,57,0.34567683364488877,0.35704005564175606,0.7876425164058475,7.647274401821139,exact
csl,tbp,False,baseline,3,57,0.2169227225756684,0.26486863906048663,0.8128226562709756,7.824263278456632,exact
csl,tbp,False,baseline,4,57,0.24304510752661124,0.30964988972844526,0.8201447686705392,6.597646289497149,exact
csl,tbp,False,baseline,5,57,0.3144034036924968,0.32589240071701975,0.8221470880071373,8.888847787105405,exact
csl,tbp,False,augmented,1,57,0.5000946898573337,0.5032437948124032,0.911450279578173,9.967732004463219,exact
csl,tbp,False,augmented,2,57,0.5832566789784861,0.42062723321205175,0.7206139995821204,9.121713059763994,exact
csl,tbp,False,augmented,3,57,0.4618669267793613,0.4472299109900754,0.8466059928163852,8.897629531889145,exact
csl,tbp,False,augmented,4,57,0.2990018920807867,0.3192920934091273,0.809554687063057,6.187325785649178,exact
csl,tbp,False,augmented,5,57,0.40343037853410324,0.40572949552620546,0.9005546666881812,8.841352539981198,exact
egr1,csl,False,baseline,1,90,0.32269842852385133,0.4057464447106164,0.788626754177055,8.557579016477572,exact
egr1,csl,False,baseline,2,90,0.55971044049158,0.6546352717234499,0.8612398833862657,12.292718365919622,exact
egr1,csl,False,baseline,3,90,0.4393025181646561,0.5012945033566376,0.8614275290897737,9.47998546668035,exact
egr1,csl,False,baseline,4,90,0.4006554788604755,0.4584456390778374,0.6530960218769452,9.15172751215867,exact
egr1,csl,False,baseline,5,90,0.43491251178274143,0.36408532781259945,0.9603969923479548,11.504923412809285,exact
egr1,csl,False,augmented,1,90,0.7167290941681691,0.2105635076799527,0.32071732305132766,4.544103088439826,exact
egr1,csl,False,augmented,2,90,0.49924088578586895,0.47043344403973464,0.8832136088966528,9.421966838265135,exact
egr1,csl,False,augmented,3,90,0.3264309694675434,0.5140165099239005,0.8078487440590287,11.518776854354282,exact
egr1,csl,False,augmented,4,90,0.6029422550192373,0.5915376491282428,0.8874167425735884,9.673344653296306,exact
egr1,csl,False,augmented,5,90,0.6489397023991432,0.6800654561890688,0.8313797646866004,13.299557113693998,exact
egr1,egr1,True,baseline,1,90,0.7228346123744193,0.7037151692303364,0.7515150231780523,12.862452857497708,exact
egr1,egr1,True,baseline,2,90,0.520095114956288,0.615657273009469,0.8264731713511438,10.782789084270723,exact
egr1,egr1,True,baseline,3,90,0.6254921389473945,0.5867834377020154,0.8032699576416477,12.99009584347202,exact
egr1,egr1,True,baseline,4,90,0.531057964361918,0.4649107296423594,0.8038065493692488,11.801188295305042,exact
egr1,egr1,True,baseline,5,90,0.5993012462557343,0.6161848806275751,0.9489397325875012,11.55816298238822,exact
egr1,egr1,True,augmented,1,90,0.8192244172175167,0.5207549780867796,0.46361283676900966,13.001733757908797,exact
egr1,egr1,True,augmented,2,90,0.9247677344908773,0.9317500736066863,0.8973185576696627,14.765556922345674,exact
egr1,egr1,True,augmented,3,90,0.8896066023541328,0.8323498617219163,0.8443482195788841,14.91376157167975,exact
egr1,egr1,True,augmented,4,90,0.8163442128729773,0.8244684394132352,0.9252728446071764,13.003478229332236,exact
egr1,egr1,True,augmented,5,90,0.9494245796726248,0.9114138971339087,0.9637482705779848,11.67303638151513,exact
egr1,engrailed,False,baseline,1,90,0.5540909173358768,0.6788374539221861,0.8647155003677433,8.382894241526127,exact
egr1,engrailed,False,baseline,2,90,0.696664782525782,0.672299808341465,0.9347989571768154,12.208895230187945,exact
egr1,engrailed,False,baseline,3,90,0.5063603867461653,0.4144933221224106,0.9270707084321422,9.275357040682277,exact
egr1,engrailed,False,baseline,4,90,0.542319777408181,0.6205067506447395,0.802273969027427,13.762186624440462,exact
egr1,engrailed,False,baseline,5,90,0.4558508729604843,0.6029540873674513,0.8268817876872652,9.140107164659463,exact
egr1,engrailed,False,augmented,1,90,0.4345411901094039,0.5405349484536971,0.6980385594500045,10.76925869347804,exact
egr1,engrailed,False,augmented,2,90,0.5559754417821132,0.6028870661706933,0.9304668119065842,11.308956335551716,exact
egr1,engrailed,False,augmented,3,90,0.591286336902768,0.5924926418091192,0.9345165427662266,11.73653989205099,exact
egr1,engrailed,False,augmented,4,90,0.7062879132999563,0.7113655861518786,0.8351096863505368,13.045973009511046,exact
egr1,engrailed,False,augmented,5,90,0.5406152042487811,0.6602808274302394,0.8961396703890259,11.68366705940132,exact
egr1,err,False,baseline,1,90,0.6904074857475836,0.7590154083294401,0.8166063766276037,13.067330927908657,exact
egr1,err,False,baseline,2,90,0.398047298908644,0.5721788002561268,0.7370970936250125,9.991957208995357,exact
egr1,err,False,baseline,3,90,0.5670598465423907,0.5726940792895762,0.9640060528064094,8.475345182505851,exact
egr1,err,False,baseline,4,90,0.6183068443956304,0.6665563271973839,0.8946802495360069,10.19666256975755,exact
egr1,err,False,baseline,5,90,0.5781203603121262,0.5823232044220937,0.9391773257908603,9.94765053150317,exact
egr1,err,False,augmented,1,90,0.4031254327083646,0.4368531981002996,0.8395390709578614,9.750833021663778,exact
egr1,err,False,augmented,2,90,0.5148296518833977,0.6257249064390598,0.8762117563627031,9.758250221088252,exact
egr1,err,False,augmented,3,90,0.44362503566068634,0.49121598644327424,0.8349048516082902,10.85828834978901,exact
egr1,err,False,augmented,4,90,0.46638257582947945,0.53836590706577,0.9047151060761394,11.20673929054109,exact
egr1,err,False,augmented,5,90,0.30838284953407197,0.3634265685471829,0.7272254994020101,11.021894207166973,exact
egr1,ets1,False,baseline,1,90,0.5518769190347628,0.6522618770549883,0.9101157311075441,11.745171257395926,exact
egr1,ets1,False,baseline,2,90,0.6377899840399794,0.5832288753375385,0.9159767337489033,9.759635108050292,exact
egr1,ets1,False,baseline,3,90,0.527630740982865,0.6155626320803748,0.8543177080512073,11.951305925269937,exact
egr1,ets1,False,baseline,4,90,0.6747197997494404,0.7039890393544945,0.9081750957897053,13.039147746093487,exact
egr1,ets1,False,baseline,5,90,0.448573980175931,0.5352509211610836,0.8467455138695451,12.717302110784589,exact
egr1,ets1,False,augmented,1,90,0.5130735892348326,0.5517083063820006,0.9353424916206626,10.236162147388931,exact
egr1,ets1,False,augmented,2,90,0.5430551551280055,0.4162326041439784,0.6617717775965984,11.402721707793404,exact
egr1,ets1,False,augmented,3,90,0.5540768650419021,0.47325577834749744,0.9241056098824381,12.530071231057068,exact
egr1,ets1,False,augmented,4,90,0.5742734130478137,0.41890707641970465,0.8448776187079078,11.927728116911865,exact
egr1,ets1,False,augmented,5,90,0.5494983957056989,0.5683423252770492,0.9159383684146007,12.09453897732603,exact
egr1,foxa,False,baseline,1,90,0.6795334626225488,0.6623779341291651,0.9475393416479394,11.790419648308562,exact
egr1,foxa,False,baseline,2,90,0.40228777572878854,0.5190176183209042,0.8426533921162739,8.04565598203125,exact
egr1,foxa,False,baseline,3,90,0.3994729103415567,0.5731211476866662,0.7404289161322929,12.06594273024455,exact
egr1,foxa,False,baseline,4,90,0.625313650501198,0.6413003485336217,0.7736139863304212,12.60053667216119,exact
egr1,foxa,False,baseline,5,90,0.4973968939544072,0.524332065555498,0.8454515062461595,10.952685125194165,exact
egr1,foxa,False,augmented,1,90,0.45377874897190823,0.6027309822138316,0.7000135874810869,8.68697044346105,exact
egr1,foxa,False,augmented,2,90,0.546201701537869,0.5478741831549307,0.9188952036272309,9.840150297173528,exact
egr1,foxa,False,augmented,3,90,0.5175462047993701,0.6748199248336283,0.8072676835089255,8.20035841598068,exact
egr1,foxa,False,augmented,4,90,0.6112719901713198,0.6615870073458024,0.9158800794418874,12.931917114387222,exact
egr1,foxa,False,augmented,5,90,0.37746357960348126,0.5000267912614641,0.8488232104541455,9.263527096454657,exact
egr1,hsf,False,baseline,1,90,0.44809729827502764,0.4261298732247848,0.8149583655569921,9.068694370922639,exact
egr1,hsf,False,baseline,2,90,0.6768312918834134,0.579744986642719,0.9161884380828191,10.507571528820339,exact
egr1,hsf,False,baseline,3,90,0.5919571022496622,0.6272099222976695,0.8423549894001446,9.30206305069446,exact
egr1,hsf,False,baseline,4,90,0.49479569917840044,0.42511606459840334,0.9227534517452557,9.534639128331804,exact
egr1,hsf,False,baseline,5,90,0.5082411172824867,0.5544343655367833,0.8497844964516729,12.125106808029429,exact
egr1,hsf,False,augmented,1,90,0.49612146765438153,0.5900984606230583,0.7438932893169911,14.534364880336431,exact
egr1,hsf,False,augmented,2,90,0.6566741790599903,0.6258359858153223,0.7976499126757387,12.816407253027974,exact
egr1,hsf,False,augmented,3,90,0.6689562850901966,0.7263983230793843,0.9040585814564384,11.695309184835537,exact
egr1,hsf,False,augmented,4,90,0.7619333481141294,0.7159113861598865,0.9577885613021416,13.438585253003843,exact
egr1,hsf,False,augmented,5,90,0.6161203103510662,0.6796720890254463,0.935318993086972,11.168472268158004,exact
egr1,irf,False,baseline,1,90,0.5721867250089817,0.6080738860545511,0.9332415750037204,11.034226016525592,exact
egr1,irf,False,baseline,2,90,0.6023536692749585,0.6765199576136145,0.8353892998990038,11.309413395626127,exact
egr1,irf,False,baseline,3,90,0.6024038212458442,0.6217133019981325,0.7375297178315328,12.303095963177455,exact
egr1,irf,False,baseline,4,90,0.5896436049561137,0.6839051959766242,0.9065639188902023,12.606811890886831,exact
egr1,irf,False,baseline,5,90,0.753072682367114,0.6450623339494458,0.8974851989545362,12.433730901432073,exact
egr1,irf,False,augmented,1,90,0.40250875254715,0.41979998452688655,0.660549379717747,8.679728839712007,exact
egr1,irf,False,augmented,2,90,0.5150622608544297,0.5299010907098975,0.8492731322582244,11.774362729296445,exact
egr1,irf,False,augmented,3,90,0.42217580903888763,0.43136898546532,0.8840537084020152,8.779674039242119,exact
egr1,irf,False,augmented,4,90,0.44225013123351575,0.5805096361057933,0.8027363234408348,13.109552885277788,exact
egr1,irf,False,augmented,5,90,0.5097727243133594,0.47637178045184025,0.9140891289017868,12.19497578773013,exact
egr1,lef1,False,baseline,1,90,0.4423671656347578,0.46916111286376816,0.8158964701222867,9.352894498702671,exact
egr1,lef1,False,baseline,3,90,0.3681933902953792,0.46616273932777264,0.8331952262801968,10.989050180685762,exact
egr1,lef1,False,baseline,4,90,0.5302104616913089,0.5738657548871535,0.8675272454575774,7.977975525755363,exact
egr1,lef1,False,baseline,5,90,0.6047255437918133,0.43989324929123014,0.7858376222024407,11.144063028683574,exact
egr1,lef1,False,augmented,1,90,0.6069944465239948,0.5954463505485552,0.8029285045568738,9.53838605450437,exact
egr1,lef1,False,augmented,2,90,0.3975616847606989,0.46188907781579763,0.7800115841710641,6.5771904749551755,exact
egr1,lef1,False,augmented,3,90,0.6818291921507909,0.6236899402426821,0.9492147307543908,10.708601593347055,exact
egr1,lef1,False,augmented,4,90,0.6046319071161395,0.6955812357663309,0.8207467104673287,13.35598053779964,exact
egr1,lef1,False,augmented,5,90,0.7218823858179404,0.660380772829664,0.9584407092034156,10.651981142316338,exact
egr1,nfat,False,baseline,1,90,0.3352893362313897,0.47111558232173845,0.8946868017327065,10.198929556707853,exact
egr1,nfat,False,baseline,2,90,0.5030504941849152,0.5177485428687834,0.707671179606183,10.84594026661214,exact
egr1,nfat,False,baseline,3,90,0.6447746945912542,0.5753416567236418,0.689584606957204,12.082634782314111,exact
egr1,nfat,False,baseline,4,90,0.6191407976308075,0.6030291792998718,0.8637263098168901,10.107105288627958,exact
egr1,nfat,False,baseline,5,90,0.6549511011501201,0.7434569420726521,0.8124466077664512,14.294334946347982,exact
egr1,nfat,False,augmented,1,90,0.3897822426815202,0.4295313474040618,0.8516679323116861,9.379977460500335,exact
egr1,nfat,False,augmented,2,90,0.5316249225406061,0.5487239205169199,0.9401778109546363,11.66368270424207,exact
egr1,nfat,False,augmented,3,90,0.45127449775224976,0.49728009641775983,0.9253356246901665,10.162607606523077,exact
egr1,nfat,False,augmented,5,90,0.735603266827962,0.670179989464626,0.7227313538172447,14.819794353382088,exact
egr1,runx,False,baseline,1,90,0.6149294910878595,0.6783303195509881,0.7641492772178331,12.341090359190723,exact
egr1,runx,False,baseline,2,90,0.41907645471983634,0.5136644517970463,0.8958014253682267,8.745058562188877,exact
egr1,runx,False,baseline,3,90,0.5886862086307324,0.67585432887302,0.8959333651618993,9.591885578829391,exact
egr1,runx,False,baseline,4,90,0.55714537134857,0.6714651851383289,0.8983918983921971,11.36275676743086,exact
egr1,runx,False,baseline,5,90,0.6362033746948855,0.6588994156506623,0.9198915535879683,13.202471545858996,exact
egr1,runx,False,augmented,1,90,0.7480755822733556,0.7488145727076727,0.9186620870331339,12.309670305674235,exact
egr1,runx,False,augmented,2,90,0.47140875586656655,0.5531333687769913,0.9089516162265463,10.339073532654577,exact
egr1,runx,False,augmented,3,90,0.4969298395607832,0.36956002047136555,0.8758344024511664,8.913518317228732,exact
egr1,runx,False,augmented,4,90,0.6967125635594086,0.7030926336705726,0.855595090331532,11.79239896431319,exact
egr1,runx,False,augmented,5,90,0.5869505455664468,0.574019584115532,0.8607136095861787,13.802560155744441,exact
egr1,tbp,False,baseline,1,90,0.5047854746622369,0.5447408728345604,0.8797659588559635,12.461441535456895,exact
egr1,tbp,False,baseline,2,90,0.5414185523927748,0.43390281076826376,0.8989726169888248,7.180879187415297,exact
egr1,tbp,False,baseline,3,90,0.4578581980010857,0.5346519618750911,0.7843101881441652,9.593577132704922,exact
egr1,tbp,False,baseline,4,90,0.5066051679102491,0.5825066260452982,0.8881488307385593,12.346679012645392,exact
egr1,tbp,False,baseline,5,90,0.4886028939399909,0.4275742725362101,0.9709385832912815,8.124955975318738,exact
egr1,tbp,False,augmented,1,90,0.5204401435396755,0.4916949118448138,0.9347992544947324,12.983209479810483,exact
egr1,tbp,False,augmented,2,90,0.4605078303578557,0.5248157518669303,0.90827561908765,13.330677919052965,exact
egr1,tbp,False,augmented,3,90,0.594260291633301,0.6297493107996838,0.9358146832809052,12.870084302230325,exact
egr1,tbp,False,augmented,4,90,0.6728798969958585,0.722660547142787,0.8796336688096961,11.79760422450916,exact
egr1,tbp,False,augmented,5,90,0.62924660623495,0.6708774225821795,0.876915819750376,13.511788425322598,exact
engrailed,csl,False,baseline,1,85,0.6179463060927669,0.5436827544006804,0.8829654825007837,5.759180298115847,exact
engrailed,csl,False,baseline,2,85,0.7780093151641195,0.7909524921778011,0.9499555470493329,6.176347897749256,exact
engrailed,csl,False,baseline,3,85,0.8229715692345986,0.73272165274047,0.9308969917307102,6.831091014691512,exact
engrailed,csl,False,baseline,4,85,0.8072997013373332,0.7952765560058711,0.9466777440288888,6.093433115816197,exact
engrailed,csl,False,baseline,5,85,0.8976660517669915,0.8661286225988392,0.9524578032328889,9.963681951383524,exact
engrailed,csl,False,augmented,1,85,0.7314617715793227,0.6767316149983873,0.8227209835533046,5.495892264971001,exact
engrailed,csl,False,augmented,2,85,0.9199497634013789,0.8605240471554365,0.9347617158219896,7.959351643939771,exact
engrailed,csl,False,augmented,3,85,0.8008803132045084,0.7709208492530643,0.823930102609961,4.856697081041382,exact
engrailed,csl,False,augmented,4,85,0.8393241377264293,0.7855620716090941,0.9656119706799045,6.099984353144812,exact
engrailed,csl,False,augmented,5,85,0.8488808875789811,0.7867357502129217,0.8232449939575317,6.270745489423265,exact
engrailed,egr1,False,baseline,1,85,0.7661097464665921,0.6812792836018021,0.8878085064485168,6.595140947012547,exact
engrailed,egr1,False,baseline,2,85,0.7257765656898977,0.7114657194926823,0.8989715047528664,5.282385375359279,exact
engrailed,egr1,False,baseline,3,85,0.7713242360008002,0.7294772220528043,0.9640304793906018,6.787273655646189,exact
engrailed,egr1,False,baseline,4,85,0.8576885980026776,0.7970549938007055,0.9481625895369244,7.336935057328089,exact
engrailed,egr1,False,baseline,5,85,0.6986285187506356,0.6789333658954988,0.9097490267661673,6.646552432570825,exact
engrailed,egr1,False,augmented,1,85,0.6412949422114657,0.4971825240991409,0.7727427373999036,6.116895386542008,exact
engrailed,egr1,False,augmented,2,85,0.8198585295320584,0.7917866812134592,0.8679811000606106,7.293214871697911,exact
engrailed,egr1,False,augmented,3,85,0.8422522437505979,0.7465083232659016,0.8825815453155785,5.310732258966481,exact
engrailed,egr1,False,augmented,4,85,0.8632125962587953,0.7866748087977555,0.8732096037590268,6.371804885045366,exact
engrailed,egr1,False,augmented,5,85,0.8485040965632189,0.791429866120909,0.9223776737466143,5.663803190394447,exact
engrailed,engrailed,True,baseline,1,85,0.7602594418410143,0.6655324389058024,0.9011104520752358,7.854398628935895,exact
engrailed,engrailed,True,baseline,2,85,0.8202562927625392,0.8258770181165597,0.9412756858199036,8.236464922932779,exact
engrailed,engrailed,True,baseline,3,85,0.8703713478829838,0.7720053682134675,0.9168498051226577,7.155427991244487,exact
engrailed,engrailed,True,baseline,4,85,0.818390837158868,0.7450943903597991,0.850217576353179,6.30033854487999,exact
engrailed,engrailed,True,baseline,5,85,0.9051123451321517,0.8845505878124109,0.9681089531983706,8.359355016821667,exact
engrailed,engrailed,True,augmented,1,85,0.8827977957064582,0.9063397366951934,0.8840917391787521,6.0209829713805245,exact
engrailed,engrailed,True,augmented,2,85,0.8592442685061814,0.8638548002366869,0.9860973309838946,9.194501224947514,exact
engrailed,engrailed,True,augmented,3,85,0.9389925272359543,0.9395307399543933,0.9859926612760633,8.677196259149637,exact
engrailed,engrailed,True,augmented,4,85,0.841027329395927,0.8924899377302149,0.9369741058177765,6.090138325411672,exact
engrailed,engrailed,True,augmented,5,85,0.9343619025277812,0.9299997508418277,0.9804557427264976,8.859060475522309,exact
engrailed,err,False,baseline,1,85,0.8077754515229846,0.7470219414056988,0.928412623593413,5.9063633362843095,exact
engrailed,err,False,baseline,2,85,0.7937256423864457,0.6809120122586394,0.8837871582172517,6.880647036051504,exact
engrailed,err,False,baseline,3,85,0.7948478569323888,0.6134719717448213,0.6046634143507482,6.748935523877256,exact
engrailed,err,False,baseline,4,85,0.8950791980499189,0.8082149665877125,0.9180395413444505,7.728150965355665,exact
engrailed,err,False,baseline,5,85,0.7959530032086077,0.782717298240357,0.9093790690123482,7.097835875360142,exact
engrailed,err,False,augmented,1,85,0.9172900004550029,0.8479871667226442,0.942508263675596,6.933129493653765,exact
engrailed,err,False,augmented,2,85,0.7922443516626433,0.784324029629925,0.917151470363598,4.578202723919719,exact
engrailed,err,False,augmented,3,85,0.877179678629234,0.8208092776056548,0.9307695799836903,7.759881187767139,exact
engrailed,err,False,augmented,4,85,0.7835317014407465,0.7597957702423817,0.7287724277708503,5.612470295410455,exact
engrailed,err,False,augmented,5,85,0.8377366801280883,0.7986680352350651,0.9517568528726275,8.609881972375685,exact
engrailed,ets1,False,baseline,1,85,0.6041958382522549,0.549860193859619,0.7854689344147778,5.155771590671212,exact
engrailed,ets1,False,baseline,2,85,0.8332636767886067,0.7548016508458383,0.9357579657133716,6.635036396458912,exact
engrailed,ets1,False,baseline,3,85,0.768735454942838,0.7708214055103901,0.8083439640669569,5.657248847501939,exact
engrailed,ets1,False,baseline,4,85,0.8945498557872608,0.8706013656079273,0.943043645930739,8.2408487776539,exact
engrailed,ets1,False,baseline,5,85,0.8655205427003874,0.8046078611556753,0.8508343208022524,5.25937745915208,exact
engrailed,ets1,False,augmented,1,85,0.8535004143479837,0.7908367083161061,0.8172804769620698,6.6291181327374105,exact
engrailed,ets1,False,augmented,2,85,0.605499312066318,0.69056722289181,0.8672397178567229,3.8793744871184037,exact
engrailed,ets1,False,augmented,3,85,0.8068532200571255,0.7651804212727654,0.7014665256652342,5.67035179970685,exact
engrailed,ets1,False,augmented,4,85,0.787380517831827,0.7026429690465326,0.7699499803314241,4.896992882336589,exact
engrailed,ets1,False,augmented,5,85,0.7002664460347129,0.6162552665665504,0.6810272168255025,4.423773258606828,exact
engrailed,foxa,False,baseline,1,85,0.8941803768574564,0.7565667186096031,0.8010734218673873,6.287584751985958,exact
engrailed,foxa,False,baseline,2,85,0.8440108732113825,0.7481118474753381,0.8653903691423324,6.255925616759416,exact
engrailed,foxa,False,baseline,3,85,0.695877791225145,0.5985197165245527,0.91538115462326,6.351974177302466,exact
engrailed,foxa,False,baseline,4,85,0.916758566204092,0.8758038305536192,0.9443663304192152,8.323851870443098,exact
engrailed,foxa,False,baseline,5,85,0.8350784355127979,0.7822916250016444,0.931334646059265,5.929449084938111,exact
engrailed,foxa,False,augmented,1,85,0.7645990819533274,0.7620479032120645,0.7647860302185772,7.040667169722891,exact
engrailed,foxa,False,augmented,2,85,0.7575067819504857,0.7151703551520109,0.9823948117420142,7.310438652113623,exact
engrailed,foxa,False,augmented,3,85,0.8743498975360806,0.8320953273015064,0.9459558072853028,6.814096432855885,exact
engrailed,foxa,False,augmented,4,85,0.9067805038064245,0.7988984689474125,0.8587937609598494,6.777926294989723,exact
engrailed,foxa,False,augmented,5,85,0.8022838241688615,0.7271157069490146,0.9173206626929331,5.12278917706577,exact
engrailed,hsf,False,baseline,1,85,0.8172397185826851,0.7719946371942884,0.9579367462376772,7.583888796603581,exact
engrailed,hsf,False,baseline,2,85,0.8508843656926108,0.8429952883807907,0.9364701260840549,6.883295648044481,exact
engrailed,hsf,False,baseline,3,85,0.8038950996734182,0.7518998053181495,0.9319846964353953,5.765837829650394,exact
engrailed,hsf,False,baseline,4,85,0.7267965647345469,0.7094192500612176,0.9208359766765843,6.988031623052162,exact
engrailed,hsf,False,baseline,5,85,0.8018954839966239,0.8067777630236648,0.9471704226759355,7.189001709672249,exact
engrailed,hsf,False,augmented,1,85,0.8038369697311606,0.7580636369373918,0.9163162319524264,7.125356159902889,exact
engrailed,hsf,False,augmented,2,85,0.8168942432642955,0.697240796107147,0.8879438592963218,7.219591843648138,exact
engrailed,hsf,False,augmented,3,85,0.8873789494262421,0.6812911269074582,0.7691776183989174,7.167632450445739,exact
engrailed,hsf,False,augmented,4,85,0.8093513095671271,0.7646302121551761,0.9273164373069218,6.630530481239928,exact
engrailed,hsf,False,augmented,5,85,0.8109356297526314,0.6784071994118454,0.921539432603365,9.345642235300295,exact
engrailed,irf,False,baseline,1,85,0.8295593707993307,0.731097345500376,0.7869232075346931,5.334509090420303,exact
engrailed,irf,False,baseline,2,85,0.7478307725646665,0.7226324558122007,0.8733263253009218,5.744484722522683,exact
engrailed,irf,False,baseline,3,85,0.8074378211051851,0.7800963914791154,0.8676907985102871,6.3811464612070345,exact
engrailed,irf,False,baseline,4,85,0.8339538565739889,0.8215541084209426,0.9684965816285195,7.558822700940812,exact
engrailed,irf,False,baseline,5,85,0.8483408779501967,0.7497542033866077,0.7984966766511759,6.7134149095115845,exact
engrailed,irf,False,augmented,1,85,0.886158877366338,0.8445103240915186,0.9280211587575187,8.495776420704127,exact
engrailed,irf,False,augmented,2,85,0.8222748469950271,0.7516261064348678,0.7769253724754538,7.448538277079905,exact
engrailed,irf,False,augmented,3,85,0.7214914549782948,0.7143196821720005,0.9243567253862182,7.5001597509576765,exact
engrailed,irf,False,augmented,4,85,0.8732606617067554,0.8353415832598311,0.8819248249364697,6.320165167411884,exact
engrailed,irf,False,augmented,5,85,0.7687545133404111,0.7722492974842167,0.8558819116928662,6.471000380167748,exact
engrailed,lef1,False,baseline,1,85,0.8025244561136684,0.7626765981668272,0.9627350704919159,8.431522684170188,exact
engrailed,lef1,False,baseline,3,85,0.674099570759904,0.5887717050061076,0.5548186865084442,5.16487459560051,exact
engrailed,lef1,False,baseline,4,85,0.7951605589443652,0.7314085780656759,0.9134387835998309,8.025973341419231,exact
engrailed,lef1,False,baseline,5,85,0.619374277509917,0.40344587581509306,0.7871237240700673,4.440289896101657,exact
engrailed,lef1,False,augmented,1,85,0.8193938426234946,0.708857157459176,0.8843346007364375,6.197175107766153,exact
engrailed,lef1,False,augmented,2,85,0.8181460370922938,0.718176166437926,0.72425750408636,3.879518390098144,exact
engrailed,lef1,False,augmented,3,85,0.8119506677119233,0.7392259041136642,0.9135639398079511,7.777068765841661,exact
engrailed,lef1,False,augmented,4,85,0.8300992936445586,0.7980813731657724,0.9347413751445848,6.990209403192936,exact
engrailed,lef1,False,augmented,5,85,0.879122732658654,0.8286026711548614,0.9668143210303167,7.618194401543654,exact
engrailed,nfat,False,baseline,1,85,0.7749078999073876,0.7661855236779906,0.8498774374437715,5.824292883763285,exact
engrailed,nfat,False,baseline,2,85,0.8595317874345466,0.7938640140061631,0.9368936703050472,7.849893682452591,exact
engrailed,nfat,False,baseline,3,85,0.872976140953238,0.8349557208988327,0.9646245756711318,6.9341883790344125,exact
engrailed,nfat,False,baseline,4,85,0.8169729470636511,0.7415639988146269,0.8709875474982599,8.065314947873674,exact
engrailed,nfat,False,baseline,5,85,0.810543534585309,0.7229917757589331,0.8159394147275469,6.226935351109193,exact
engrailed,nfat,False,augmented,1,85,0.7763316970185201,0.7297309474153196,0.9447603352516489,9.067785294297726,exact
engrailed,nfat,False,augmented,2,85,0.7774496865745076,0.8193682130172769,0.9232229736174522,6.199256564741829,exact
engrailed,nfat,False,augmented,3,85,0.7896534756639413,0.7360582400724686,0.7693842352875052,5.028660165097742,exact
engrailed,nfat,False,augmented,5,85,0.7898685608731829,0.6307029687728263,0.6967456041989883,6.50821689988212,exact
engrailed,runx,False,baseline,1,85,0.8949791660109573,0.8491584901547944,0.9266036272545581,6.218524317684344,exact
engrailed,runx,False,baseline,2,85,0.8540846513655835,0.8049855295976625,0.8797125631035079,6.515454757659192,exact
engrailed,runx,False,baseline,3,85,0.8900139044848984,0.818559159031512,0.908778006365376,8.125340577715704,exact
engrailed,runx,False,baseline,4,85,0.8517256812504111,0.7964813077577192,0.9007793589656385,7.746702089797277,exact
engrailed,runx,False,baseline,5,85,0.7488009818364293,0.7554158273456841,0.8444124973481032,5.138430555741496,exact
engrailed,runx,False,augmented,1,85,0.6690377355374395,0.6504066948937158,0.845208986096781,5.339236589862612,exact
engrailed,runx,False,augmented,2,85,0.8615221533446783,0.8445915607346832,0.9476001379580471,6.521289117494407,exact
engrailed,runx,False,augmented,3,85,0.7826902619714593,0.7200172811597508,0.8656879134381986,6.939312434659621,exact
engrailed,runx,False,augmented,4,85,0.8370515085665674,0.7182218276386321,0.8530629165111702,6.24964074201163,exact
engrailed,runx,False,augmented,5,85,0.7930590459183069,0.6874484979197806,0.8790369030271593,6.41593348635636,exact
engrailed,tbp,False,baseline,1,85,0.8615966794517791,0.8104393061443751,0.9572262725615768,9.298372139368132,exact
engrailed,tbp,False,baseline,2,85,0.8839820477453992,0.7982232797403964,0.9362432158953194,7.700673247593404,exact
engrailed,tbp,False,baseline,3,85,0.8753940490511235,0.7119326678623702,0.8067984059639237,6.2077734735272605,exact
engrailed,tbp,False,baseline,4,85,0.8455342326520363,0.7791988341490212,0.9360623823371148,7.039222797871409,exact
engrailed,tbp,False,baseline,5,85,0.8152655513716963,0.7526884860645842,0.8670275489753739,7.054965359417773,exact
engrailed,tbp,False,augmented,1,85,0.8299785883227974,0.8006550843084619,0.8309757131019649,7.988512692791865,exact
engrailed,tbp,False,augmented,2,85,0.7509807014040923,0.7105544057345637,0.9052925481189583,6.56515411775922,exact
engrailed,tbp,False,augmented,3,85,0.7413373243397142,0.6349223478347147,0.7908031630161567,5.501759659752328,exact
engrailed,tbp,False,augmented,4,85,0.7245216274111462,0.7083143795021679,0.9044789606612792,5.17778428724137,exact
engrailed,tbp,False,augmented,5,85,0.6948832118836156,0.6526002477338222,0.6852569132475465,5.745692504474414,exact
err,csl,False,baseline,1,41,0.06246533288032621,0.18234363624132843,0.32528029574953893,7.669480102559223,held_out
err,csl,False,baseline,2,41,0.3031665857723352,0.14795489731963304,0.28548199414114495,9.056994534141376,held_out
err,csl,False,baseline,3,41,0.292206416182872,0.08992045085184164,0.28713120386253727,8.411958841949563,held_out
err,csl,False,baseline,4,41,0.2459351250483602,0.0006096170651129731,0.40940071902656205,5.601575988988914,held_out
err,csl,False,baseline,5,41,0.43745532202954596,0.1892782197198783,0.4370276419970803,10.0895074085706,held_out
err,csl,False,augmented,1,41,0.4053085405891794,0.0850390499179746,0.12409100061126642,7.874359816659757,held_out
err,csl,False,augmented,2,41,0.15838874355678365,0.186777908349493,0.1516330943356816,8.23876592264245,held_out
err,csl,False,augmented,3,41,0.3450674054621446,0.20853739881009054,0.2186186662396647,9.588667794451815,held_out
err,csl,False,augmented,4,41,0.4826530382624327,0.20352108054353427,0.20880123061695174,9.936060547941896,held_out
err,csl,False,augmented,5,41,0.4564743219315285,0.11017451695961654,0.03278819235684294,7.913156311963052,held_out
err,egr1,False,baseline,1,41,0.33402001497330924,0.23641737022247705,0.7514292527741862,10.753991822061767,held_out
err,egr1,False,baseline,2,41,0.27242272069738455,0.13542061862964472,0.14868650544304007,11.246942973223673,held_out
err,egr1,False,baseline,3,41,0.306821559003823,0.18706396307255738,0.427507961214295,9.9306287342108,held_out
err,egr1,False,baseline,4,41,0.3386695047256438,0.25687616792728624,0.34800103042548386,11.07843772038646,held_out
err,egr1,False,baseline,5,41,0.509555635498763,0.27115759804346806,0.3837681438436087,10.987545495768899,held_out
err,egr1,False,augmented,1,41,0.45548720166286094,0.1423350234830951,0.2897190991517456,9.508592770392527,held_out
err,egr1,False,augmented,2,41,0.2539632560497685,0.20768044045967154,0.5064192028144376,11.567367640432575,held_out
err,egr1,False,augmented,3,41,0.42017018646960524,0.18041094297903884,0.449935427791203,8.335025327894234,held_out
err,egr1,False,augmented,4,41,0.4224529202018752,0.12421155699427773,0.3705236140892795,10.535168057083272,held_out
err,egr1,False,augmented,5,41,0.3013405167321364,0.15062361308634567,0.353825137925635,9.02777317434138,held_out
err,engrailed,False,baseline,1,41,0.3710710902022535,0.17163161088958476,0.5401321306672421,11.171859679370638,held_out
err,engrailed,False,baseline,2,41,0.24559757740535237,0.0772830286222013,0.15630013430935208,10.75542445600722,held_out
err,engrailed,False,baseline,3,41,0.2791108955711856,0.10926728419700556,0.2387742160231252,10.067721603406017,held_out
err,engrailed,False,baseline,4,41,0.35626714061207565,0.27165136843728194,0.24547399331026626,11.285310821619834,held_out
err,engrailed,False,baseline,5,41,0.2823650678871988,0.16909583981140594,0.37188711907772054,10.84423050184772,held_out
err,engrailed,False,augmented,1,41,0.32516066488116213,0.18468524868131656,0.3621852942581257,8.726419307907898,held_out
err,engrailed,False,augmented,2,41,0.3785461425541274,0.11044839882617777,0.1816511092107468,11.545986512974622,held_out
err,engrailed,False,augmented,3,41,0.32100628709822926,0.1643499493280029,0.25213259448961,11.175801410414353,held_out
err,engrailed,False,augmented,4,41,0.31997258592874356,0.04502490189694857,0.14469159066241957,8.587522591445587,held_out
err,engrailed,False,augmented,5,41,0.2419452810922567,0.14915190306754988,0.19448050697501384,7.260991878016703,held_out
err,err,True,baseline,1,41,0.33237582631367185,0.2249622830611839,0.6418033389853828,6.397983597293148,held_out
err,err,True,baseline,2,41,0.33536085084645645,0.19259979769372715,0.31299763393908825,9.43847227102625,held_out
err,err,True,baseline,3,41,0.5283101251409613,0.3835969613689102,0.3618360544530003,10.127297163409283,held_out
err,err,True,baseline,4,41,0.36327239418048723,0.1890234689309025,0.2356832664816787,10.160722436731323,held_out
err,err,True,baseline,5,41,0.3135936172443685,0.1382137301265952,0.47034652508064295,7.791244405917537,held_out
err,err,True,augmented,1,41,0.6262489870615842,0.6172399783570427,0.6763180105868166,11.852893811690834,held_out
err,err,True,augmented,2,41,0.7705706044513659,0.7759495518393024,0.8161882198140059,12.574414156379305,held_out
err,err,True,augmented,3,41,0.7916275358525846,0.7616379679825321,0.8419385532290323,10.550393554265945,held_out
err,err,True,augmented,4,41,0.5900899859537787,0.6804523886331926,0.7672584622375844,10.842747684868868,held_out
err,err,True,augmented,5,41,0.6289329010880371,0.7874129487545007,0.7369330010935443,11.412597055851817,held_out
err,ets1,False,baseline,1,41,0.31383147521014654,0.08548004423671042,0.3193649288849591,7.764152455887136,held_out
err,ets1,False,baseline,2,41,0.32887412038384223,0.26778784914005294,0.28243507537897816,6.552692538868202,held_out
err,ets1,False,baseline,3,41,0.11098083421853731,0.1734539428065748,0.31227415526120617,7.654004483793871,held_out
err,ets1,False,baseline,4,41,0.3770853003101143,0.2730825065331939,0.43257078361373563,8.787765319993687,held_out
err,ets1,False,baseline,5,41,0.35374483211978636,0.2369251488001149,0.2664782253640997,9.11626060237621,held_out
err,ets1,False,augmented,1,41,0.4616916209831574,0.09203394852800731,0.42860549689653554,10.17405703438093,held_out
err,ets1,False,augmented,2,41,0.22580512387881388,0.15170704624320805,0.3911383490178152,8.037616616154578,held_out
err,ets1,False,augmented,3,41,0.41997085160853137,0.16703065273034903,0.1844754379434221,10.352388654011891,held_out
err,ets1,False,augmented,4,41,0.24500077351849564,0.00034990262506600793,0.0493671366871478,7.779677560753232,held_out
err,ets1,False,augmented,5,41,0.23345126255103404,0.00429404328332712,0.26218169689628273,7.711419212127013,held_out
err,foxa,False,baseline,1,41,0.2944465102977922,0.06332752489832284,0.41410851475963484,7.253517442371461,held_out
err,foxa,False,baseline,2,41,0.14393678799368484,0.11737177987185346,-0.02618613070233346,6.499170970358472,held_out
err,foxa,False,baseline,3,41,0.20828252514641699,0.12793915749955412,0.17180495485747976,10.836107830673228,held_out
err,foxa,False,baseline,4,41,0.06900810379000955,0.14685107215969231,0.2552682769610763,7.0071056733751735,held_out
err,foxa,False,baseline,5,41,0.1622314231524164,0.22694455071163272,0.529112605144476,8.352160588883365,held_out
err,foxa,False,augmented,1,41,0.5094277318494805,0.1815011972121332,0.2906266550762767,7.744308218404865,held_out
err,foxa,False,augmented,2,41,0.33325108539676934,0.18842279262388506,0.5944738432736761,9.793423752047799,held_out
err,foxa,False,augmented,3,41,0.4056017487682947,0.17280414461913202,0.13457718063078242,7.8330914138683045,held_out
err,foxa,False,augmented,4,41,0.49494805817468635,0.2691630538958701,0.2741822152523418,9.392281842514379,held_out
err,foxa,False,augmented,5,41,0.3707110877786057,0.22728511057853526,0.3674081781285003,11.073709613176932,held_out
err,hsf,False,baseline,1,41,0.3698525490065776,0.15924812780184583,0.32938764067310866,10.019451262842601,held_out
err,hsf,False,baseline,2,41,0.35332959762510174,0.19194183112503638,0.31141269981266595,9.393174106394925,held_out
err,hsf,False,baseline,3,41,0.32401532805372135,0.15885487707169804,0.3966655256728449,7.830378943436146,held_out
err,hsf,False,baseline,4,41,0.2638155327466459,0.12797213971750196,0.1032373853216439,6.97610300532377,held_out
err,hsf,False,baseline,5,41,0.3705195197344618,0.12376061229836052,0.2943166532725084,7.806460320703129,held_out
err,hsf,False,augmented,1,41,0.3026232520612488,0.01427481279202615,0.21205353477336214,10.23697332997863,held_out
err,hsf,False,augmented,2,41,0.2184903015306896,0.2413539161328118,0.09518007864390468,6.314905286595366,held_out
err,hsf,False,augmented,3,41,0.421637189029035,0.09928794813484483,0.16920541626284297,10.965534158625987,held_out
err,hsf,False,augmented,4,41,0.3868489549147356,0.21472440458067046,0.4407736219399002,11.23841817137509,held_out
err,hsf,False,augmented,5,41,0.21253934808789055,0.0999542551797337,0.1121878329548787,10.53703043632149,held_out
err,irf,False,baseline,1,41,0.45915575971255196,0.15660162354746032,0.31783842242655713,11.568376138607526,held_out
err,irf,False,baseline,2,41,0.3325782271994862,0.19806246216347304,0.1871215076809062,11.54019585046276,held_out
err,irf,False,baseline,3,41,0.350977840121856,0.25849738410078665,0.36828938946054846,11.97863881321263,held_out
err,irf,False,baseline,4,41,0.29431353807031285,0.2535894842001263,0.6656055187274118,8.632252666033587,held_out
err,irf,False,baseline,5,41,0.2771451109187189,0.0799282585690409,0.20225339797530836,8.416393907758899,held_out
err,irf,False,augmented,1,41,0.3277132178124098,0.11851494436728892,0.3279622098186919,10.311316194688636,held_out
err,irf,False,augmented,2,41,0.18055208417588023,0.1633228584198634,0.5569117441107788,7.559312411382104,held_out
err,irf,False,augmented,3,41,0.2815774615870794,0.12133056242141978,0.42900979929022276,10.03762116976284,held_out
err,irf,False,augmented,4,41,0.35058960746047513,0.1411377008789807,0.34524799518156263,10.814188430520492,held_out
err,irf,False,augmented,5,41,0.23798714598854384,0.09368161610146356,0.293315197667382,10.61693060242267,held_out
err,lef1,False,baseline,1,41,0.3645048341047346,0.20185131319293706,0.3231193705730072,10.15989746092126,held_out
err,lef1,False,baseline,3,41,0.27372106478971675,0.22107681097442836,0.3898683425795122,7.548708994690892,held_out
err,lef1,False,baseline,4,41,0.35572916563218904,0.20478090323151837,0.30403279071457484,11.120384865537341,held_out
err,lef1,False,baseline,5,41,0.3756153924460859,0.14928126021497592,0.40995031965038337,8.710208493896959,held_out
err,lef1,False,augmented,1,41,0.26238038691450755,0.12940541857703222,0.19514657427261564,9.072797190058395,held_out
err,lef1,False,augmented,2,41,0.2919541675405286,0.1627363827655113,0.19222922631511824,9.132708750118127,held_out
err,lef1,False,augmented,3,41,0.3831732785855102,0.30385722746142885,0.49287916313879504,9.202231813728204,held_out
err,lef1,False,augmented,4,41,0.4175021129375025,0.10577186199280757,0.1445288381612562,8.032918645347959,held_out
err,lef1,False,augmented,5,41,0.2977537601526671,0.18614573839293264,0.23497647813464362,8.377622107403093,held_out
err,nfat,False,baseline,1,41,0.28195496896192906,0.22572633584156984,0.3676404622028017,7.567945574108501,held_out
err,nfat,False,baseline,2,41,0.4273085704328151,0.26590505084279137,0.23609289324146704,11.447256852115348,held_out
err,nfat,False,baseline,3,41,0.3790931901769146,0.1633754872967287,0.21740440348062826,10.708011136712862,held_out
err,nfat,False,baseline,4,41,0.36507268228350304,0.24542279742838108,0.3191917930185707,12.729384291682607,held_out
err,nfat,False,baseline,5,41,0.22095720377130884,0.06013798042073956,0.2499573538293225,8.899659484372364,held_out
err,nfat,False,augmented,1,41,0.2542525237755866,0.01936825386321194,-0.11072781497561462,10.558957738465786,held_out
err,nfat,False,augmented,2,41,0.5605254074686727,0.2883077146019949,0.6135155428068099,8.281605803239854,held_out
err,nfat,False,augmented,3,41,0.40461599853868585,0.0756921493846831,0.34061140358208886,11.038300306927384,held_out
err,nfat,False,augmented,5,41,0.3518608267256023,0.04993699016883156,0.0305013751497133,6.878079970136602,held_out
err,runx,False,baseline,1,41,0.30675172641076814,0.11002615664513603,0.17956829083947273,8.387912048405157,held_out
err,runx,False,baseline,2,41,0.2663940669365173,0.1456907438356118,0.33809612166580016,9.806843770382637,held_out
err,runx,False,baseline,3,41,0.36245823585280523,0.1925090393148544,0.1851221878870522,11.103362734473743,held_out
err,runx,False,baseline,4,41,0.17160036034831008,0.20333944780056867,0.1543124678937606,10.437854437998915,held_out
err,runx,False,baseline,5,41,0.2951332310477986,0.1274041990815756,0.26737476511262254,9.94878503153817,held_out
err,runx,False,augmented,1,41,0.5024503106443086,0.14781490077268578,0.2551685279831228,10.96310902380276,held_out
err,runx,False,augmented,2,41,0.43427503154314206,0.2839328716345287,0.49992006895082497,12.894017943176108,held_out
err,runx,False,augmented,3,41,0.3844580442425075,0.30346402684992846,0.43786916815822546,9.799152721015625,held_out
err,runx,False,augmented,4,41,0.2534774389807406,0.0562927756039048,0.2784095337020411,10.162362123389858,held_out
err,runx,False,augmented,5,41,0.3675597721634549,0.2296248375979464,0.572793709368562,9.129577991578891,held_out
err,tbp,False,baseline,1,41,0.2840254031294913,0.1212835180818334,0.11789513444761798,10.570192058907798,held_out
err,tbp,False,baseline,2,41,0.26845364483389594,0.21008841153498936,0.5083411469670966,9.302631824349419,held_out
err,tbp,False,baseline,3,41,0.43496144297673534,0.17505469503508123,0.3844691993685542,9.869229675244007,held_out
err,tbp,False,baseline,4,41,0.29501935557993814,0.17513121248420457,0.19977682105665484,9.565858497874924,held_out
err,tbp,False,baseline,5,41,0.4509582846572871,0.26385877159575394,0.10051072543555324,8.153209906228316,held_out
err,tbp,False,augmented,1,41,0.2620235082940918,0.1915921154145333,0.26174876235364297,11.237822708925183,held_out
err,tbp,False,augmented,2,41,0.2693451603005712,0.10680041999634288,0.09124131675237158,7.99935940782715,held_out
err,tbp,False,augmented,3,41,0.29006883758239255,0.14491353775862229,0.28047619552600667,10.110188510851046,held_out
err,tbp,False,augmented,4,41,0.33999377241434386,0.24466762435597042,0.4227027246923183,5.5508828413852775,held_out
err,tbp,False,augmented,5,41,0.28949424441025534,0.11300020078100156,0.2458823310710883,10.402165580112445,held_out
ets1,csl,False,baseline,1,99,0.4998174119487135,0.40462015956331887,0.8395332875198741,11.144631248262654,held_out
ets1,csl,False,baseline,2,99,0.5032134721623794,0.49824077575393433,0.7257198259463514,11.97608156686203,held_out
ets1,csl,False,baseline,3,99,0.6043635859586406,0.4589147195309649,0.8243282196422729,10.218447578697265,held_out
ets1,csl,False,baseline,4,99,0.5282663367220414,0.3464748098261253,0.7250231760188142,11.17667168039912,held_out
ets1,csl,False,baseline,5,99,0.5480527710393489,0.3939776654810996,0.6784166067348993,8.374192334344128,held_out
ets1,csl,False,augmented,1,99,0.7094854956074538,0.4897187055780887,0.30498231135503096,8.332802839932956,held_out
ets1,csl,False,augmented,2,99,0.6143386931643527,0.4703314427738102,0.6744676783986011,8.895138653339611,held_out
ets1,csl,False,augmented,3,99,0.5646147963624282,0.4301281440832742,0.6824301273621932,13.048465883065415,held_out
ets1,csl,False,augmented,4,99,0.6307638181391156,0.49931067830304265,0.7441051566880416,9.85126882838336,held_out
ets1,csl,False,augmented,5,99,0.6015308170476121,0.4408567341670471,0.7509511483540708,10.467993231177035,held_out
ets1,egr1,False,baseline,1,99,0.6577341166844258,0.4108786023353892,0.6794404716421908,11.497385229670247,held_out
ets1,egr1,False,baseline,2,99,0.6014274946892021,0.49968030421690157,0.8493016129223729,12.127111589259703,held_out
ets1,egr1,False,baseline,3,99,0.6132186685419976,0.520410389435046,0.8067436893409916,11.832387142538058,held_out
ets1,egr1,False,baseline,4,99,0.5883903966324747,0.49678248815052645,0.7917057462115196,11.04897324823326,held_out
ets1,egr1,False,baseline,5,99,0.5723477248899473,0.47241075331717164,0.7092089472560822,8.957147030280542,held_out
ets1,egr1,False,augmented,1,99,0.5156095759357995,0.4048598177719224,0.7798315945059622,11.119656909450855,held_out
ets1,egr1,False,augmented,2,99,0.596792897458608,0.5179106361037707,0.7375563099073706,10.984580583228459,held_out
ets1,egr1,False,augmented,3,99,0.6008732413080478,0.42377277449114586,0.7131231766307549,7.942591472607357,held_out
ets1,egr1,False,augmented,4,99,0.696057984924334,0.4781869850478281,0.613315452222726,6.403510306178145,held_out
ets1,egr1,False,augmented,5,99,0.6893498256707754,0.5061443806779262,0.7209112103784905,11.083046636398478,held_out
ets1,engrailed,False,baseline,1,99,0.5300144246102663,0.2738278357013055,0.6985541104706181,11.794487555031269,held_out
ets1,engrailed,False,baseline,2,99,0.6345349310039344,0.47337127798596645,0.5506890498873924,10.889370869506841,held_out
ets1,engrailed,False,baseline,3,99,0.4502663267676902,0.28521258150867246,0.7109291091800894,8.614668246694798,held_out
ets1,engrailed,False,baseline,4,99,0.6215487138372817,0.4282315808146604,0.7247541352286326,10.903955865374183,held_out
ets1,engrailed,False,baseline,5,99,0.5146621329210744,0.46793395400792037,0.6753522036620462,11.470115100882925,held_out
ets1,engrailed,False,augmented,1,99,0.6090061817198549,0.5000572177740028,0.8119139599854583,11.629201005948078,held_out
ets1,engrailed,False,augmented,2,99,0.5548340299548593,0.31454375284116204,0.7628702857491427,11.669840358960858,held_out
ets1,engrailed,False,augmented,3,99,0.6060638778570858,0.47240318437686696,0.811239805486059,10.677572850082841,held_out
ets1,engrailed,False,augmented,4,99,0.7020251153335846,0.583752333368542,0.8203062961235036,11.186588083410358,held_out
ets1,engrailed,False,augmented,5,99,0.7296611101873042,0.4703161422313446,0.6568526254827645,11.886670728907536,held_out
ets1,err,False,baseline,1,99,0.6199118622874301,0.46528988161913654,0.6747924633739395,12.448972410990647,held_out
ets1,err,False,baseline,2,99,0.6148156089497884,0.45777111675662785,0.7778083365600968,9.597446984633025,held_out
ets1,err,False,baseline,3,99,0.42461718064959164,0.3042746352366452,0.6407336384503712,9.768252326489215,held_out
ets1,err,False,baseline,4,99,0.5046341086431673,0.4071427255992095,0.757428677415665,9.858018129771805,held_out
ets1,err,False,baseline,5,99,0.4273661130962446,0.35190184725414464,0.7160590604739395,9.92104953818262,held_out
ets1,err,False,augmented,1,99,0.5073839978381058,0.3519991855229002,0.6336167183396859,9.309964980402945,held_out
ets1,err,False,augmented,2,99,0.5324825169314278,0.3741759921068633,0.6824984465373631,7.356649499346424,held_out
ets1,err,False,augmented,3,99,0.48945769728634786,0.42956176525091677,0.6569742695894131,8.61034039579601,held_out
ets1,err,False,augmented,4,99,0.621799051334067,0.33319975046617906,0.6582404496574158,10.494329880203672,held_out
ets1,err,False,augmented,5,99,0.651060414548527,0.4745374474043096,0.7428800355799239,10.653390685814887,held_out
ets1,ets1,True,baseline,1,99,0.4655794923264902,0.3344804480942884,0.751701764042438,9.816624251894124,held_out
ets1,ets1,True,baseline,2,99,0.5147497557792514,0.3690364115280086,0.847380284415059,11.56234395837905,held_out
ets1,ets1,True,baseline,3,99,0.5676154914682717,0.38221701498371474,0.6867969946566755,8.65717957488821,held_out
ets1,ets1,True,baseline,4,99,0.5419080672996954,0.41206298780034756,0.7576903255587767,11.187188488432113,held_out
ets1,ets1,True,baseline,5,99,0.6248169444253521,0.5845491545899272,0.7824477374947291,10.330635527436392,held_out
ets1,ets1,True,augmented,1,99,0.9390920999366692,0.9327907105928929,0.964542135344462,12.608691970121765,held_out
ets1,ets1,True,augmented,2,99,0.8737672698276923,0.8275832059167215,0.7448275440855592,10.276194823744357,held_out
ets1,ets1,True,augmented,3,99,0.7258063080957978,0.7567100557983056,0.8806682759310412,13.133225607805015,held_out
ets1,ets1,True,augmented,4,99,0.8572070351943901,0.751324589319212,0.7521681266343514,12.901230710218563,held_out
ets1,ets1,True,augmented,5,99,0.9656133886191414,0.8083161545707611,0.809132977039096,11.80084064682033,held_out
ets1,foxa,False,baseline,1,99,0.5737823590013225,0.42143358427757305,0.696379802442781,8.525762637151944,held_out
ets1,foxa,False,baseline,2,99,0.48076956263936543,0.4474175788497479,0.7602840323244304,9.314123612747547,held_out
ets1,foxa,False,baseline,3,99,0.40115162658520565,0.33159039375174,0.5469708191922482,10.084806699872686,held_out
ets1,foxa,False,baseline,4,99,0.546552821963123,0.44501417609916444,0.8201354022055402,9.540583670365194,held_out
ets1,foxa,False,baseline,5,99,0.296119522165859,0.2412072186876618,0.8702677350558321,9.122310476346337,held_out
ets1,foxa,False,augmented,1,99,0.46404791912419224,0.3821415520565681,0.8377912548996959,10.599230911890785,held_out
ets1,foxa,False,augmented,2,99,0.56899319690762,0.4276260537247784,0.6582347511133475,10.283317832170667,held_out
ets1,foxa,False,augmented,3,99,0.5302102072784257,0.4975683288426997,0.7360535682736028,7.880476918110666,held_out
ets1,foxa,False,augmented,4,99,0.5500785208203484,0.39183445347524953,0.7840983807075139,8.477800400061838,held_out
ets1,foxa,False,augmented,5,99,0.5486886849785211,0.3861252951672016,0.8292912461450003,9.005420549618446,held_out
ets1,hsf,False,baseline,1,99,0.46820998588062634,0.30761557975228326,0.7652016145068098,12.97606100272202,held_out
ets1,hsf,False,baseline,2,99,0.670493299066807,0.42440730302496565,0.7527618733714685,9.68116678449945,held_out
ets1,hsf,False,baseline,3,99,0.5806976243455614,0.46616427120819975,0.8039650389360429,8.746948613657574,held_out
ets1,hsf,False,baseline,4,99,0.3836313865387304,0.35313784678209265,0.557356902846045,9.880234858925135,held_out
ets1,hsf,False,baseline,5,99,0.6215859897001047,0.4789566592836278,0.7441608220027873,11.934944377888645,held_out
ets1,hsf,False,augmented,1,99,0.7518623985267199,0.678481273510833,0.7760043493727546,12.155760802325908,held_out
ets1,hsf,False,augmented,2,99,0.7036392997727422,0.5100836217306829,0.7017804344384581,8.15498699698045,held_out
ets1,hsf,False,augmented,3,99,0.5050179617976952,0.4075121012628389,0.8056178410480201,10.757127350009025,held_out
ets1,hsf,False,augmented,4,99,0.756681559555523,0.6514842111133562,0.7433490673284918,11.928669856335757,held_out
ets1,hsf,False,augmented,5,99,0.6653289343558834,0.575759633664412,0.696104646889529,10.977711000210594,held_out
ets1,irf,False,baseline,1,99,0.47867048357775205,0.47006346413294553,0.7874110381673676,10.74820796385033,held_out
ets1,irf,False,baseline,2,99,0.6093275485119465,0.5036924640135688,0.8112212331947701,10.10178161819715,held_out
ets1,irf,False,baseline,3,99,0.5741940810916515,0.4930511717830439,0.7827015242012342,10.949914641670487,held_out
ets1,irf,False,baseline,4,99,0.6888404803022177,0.5565968412031348,0.7720199777183786,10.09554351279371,held_out
ets1,irf,False,baseline,5,99,0.6044340218823306,0.4625642149609968,0.6980031118788488,10.244977155348204,held_out
ets1,irf,False,augmented,1,99,0.504393105680142,0.4178307275567188,0.7903220774843641,10.211414905725148,held_out
ets1,irf,False,augmented,2,99,0.5415227021719512,0.42421075481424775,0.7725354487724866,11.274451740898044,held_out
ets1,irf,False,augmented,3,99,0.38642859046069694,0.3015735372991965,0.771973896729435,10.291142946631648,held_out
ets1,irf,False,augmented,4,99,0.52960546627752,0.40070248119494906,0.7847747341106385,11.98073871815198,held_out
ets1,irf,False,augmented,5,99,0.537277875705329,0.379853427048124,0.7287962523909268,11.629254620583724,held_out
ets1,lef1,False,baseline,1,99,0.7500416589942194,0.5526009679436491,0.771763467339802,11.014711106457431,held_out
ets1,lef1,False,baseline,3,99,0.48705206196102846,0.3446756791468155,0.7807150919464718,11.128601822732437,held_out
ets1,lef1,False,baseline,4,99,0.5567170454026372,0.432553901763611,0.842165709001361,10.126466762530939,held_out
ets1,lef1,False,baseline,5,99,0.4927404013527373,0.4501892497584066,0.8259796196397367,12.499268715510393,held_out
ets1,lef1,False,augmented,1,99,0.5736316460443497,0.4284380860981783,0.7765176258981004,9.131163981917446,held_out
ets1,lef1,False,augmented,2,99,0.45757106688265387,0.3087651320767341,0.7300000748177534,9.143115281081613,held_out
ets1,lef1,False,augmented,3,99,0.613924747040152,0.5296895702680008,0.732534431832779,10.293831552406235,held_out
ets1,lef1,False,augmented,4,99,0.5982417058860617,0.44709304381839327,0.7545547427188198,8.41688231731568,held_out
ets1,lef1,False,augmented,5,99,0.6418920958051466,0.5362884906791453,0.8323543775788073,10.651784833272403,held_out
ets1,nfat,False,baseline,1,99,0.5435563876807222,0.38677871222313953,0.7774023442453983,10.958857559118803,held_out
ets1,nfat,False,baseline,2,99,0.4495444627824676,0.34726966062373876,0.7650800857570773,9.178412596190771,held_out
ets1,nfat,False,baseline,3,99,0.4773144252986614,0.4213566270489537,0.5994052975927032,10.060556010171522,held_out
ets1,nfat,False,baseline,4,99,0.4738826681100379,0.3319491176343181,0.6304587749007681,10.273423957717522,held_out
ets1,nfat,False,baseline,5,99,0.5544389600006209,0.4038639854989453,0.7731521415130665,10.297370957889424,held_out
ets1,nfat,False,augmented,1,99,0.5618512793309348,0.4882149591364179,0.6015322953829277,12.142100510957857,held_out
ets1,nfat,False,augmented,2,99,0.5308886486766803,0.5274417208056863,0.5797454920010611,9.139239763193066,held_out
ets1,nfat,False,augmented,3,99,0.6213788427514416,0.46170291087165527,0.6709319922806988,8.040795256528462,held_out
ets1,nfat,False,augmented,5,99,0.4882598425909445,0.473451290901889,0.6592634855227527,10.209782363021677,held_out
ets1,runx,False,baseline,1,99,0.5572248795627383,0.45649670828570743,0.8823877085990895,8.494814666209063,held_out
ets1,runx,False,baseline,2,99,0.6150453931179409,0.41830838444585533,0.7679139721317045,12.539980729623306,held_out
ets1,runx,False,baseline,3,99,0.561539553284532,0.4435693753908912,0.6861629050351641,11.24341310092876,held_out
ets1,runx,False,baseline,4,99,0.5236873003118306,0.32648007143767427,0.5334028687909025,11.513579845550154,held_out
ets1,runx,False,baseline,5,99,0.5638832454626201,0.40800911068177664,0.7679433201542876,7.572784992548486,held_out
ets1,runx,False,augmented,1,99,0.5531662731282508,0.3742571799692984,0.6754789332177277,9.650753393255357,held_out
ets1,runx,False,augmented,2,99,0.5605233102729213,0.4783018166417296,0.7845231869860507,9.789850774828333,held_out
ets1,runx,False,augmented,3,99,0.4794640111863113,0.32973635549697344,0.735061193747906,10.119142515459288,held_out
ets1,runx,False,augmented,4,99,0.4392602559043768,0.43810944702762966,0.48524033518146314,10.981313003733352,held_out
ets1,runx,False,augmented,5,99,0.5106879399363882,0.4106231271785522,0.8178949970772618,9.841813870383874,held_out
ets1,tbp,False,baseline,1,99,0.6894493835438781,0.4751820215998702,0.7281333039000166,11.112049408403259,held_out
ets1,tbp,False,baseline,2,99,0.6533420474111088,0.47973196269056567,0.7922717111940061,8.811685680841018,held_out
ets1,tbp,False,baseline,3,99,0.4560040686823101,0.5015861809669759,0.7232162075942485,13.162101852402332,held_out
ets1,tbp,False,baseline,4,99,0.5519487736655191,0.4393836477458439,0.6948029576020237,11.663122609392929,held_out
ets1,tbp,False,baseline,5,99,0.5740137375948503,0.4792994799020464,0.669436037997994,7.983176187444633,held_out
ets1,tbp,False,augmented,1,99,0.554113592881286,0.4105746957741065,0.7507205048202796,12.217856974999178,held_out
ets1,tbp,False,augmented,2,99,0.7059953913200501,0.5516643435397464,0.7705493252908995,10.661567080153075,held_out
ets1,tbp,False,augmented,3,99,0.7765563373615323,0.6217714656560681,0.7602254689556209,11.070339955405935,held_out
ets1,tbp,False,augmented,4,99,0.5113977792275027,0.38217314571524774,0.7285551520072786,9.260431552497304,held_out
ets1,tbp,False,augmented,5,99,0.6014962980458347,0.40312034864054663,0.636056731749061,11.299376106261027,held_out
foxa,csl,False,baseline,1,70,0.5917040806858411,0.585435424891992,0.7570806958128615,7.812502957960399,structure_only
foxa,csl,False,baseline,2,70,0.6396135201466387,0.49717529536079297,0.6153501138915758,6.669536732581924,structure_only
foxa,csl,False,baseline,3,70,0.59205021692931,0.5277831436622547,0.6391049157804083,7.323450728664169,structure_only
foxa,csl,False,baseline,4,70,0.4846231569893896,0.6199869071258638,0.6839988041711226,6.880910438409199,structure_only
foxa,csl,False,baseline,5,70,0.4816761040423322,0.6459369645370652,0.7261996707546172,8.012656825325994,structure_only
foxa,csl,False,augmented,1,70,0.6168117012249266,0.5632791870836916,0.8170266468889975,4.346826635951086,structure_only
foxa,csl,False,augmented,2,70,0.4866403593422701,0.5209411445149232,0.7194999941622408,6.167624896449858,structure_only
foxa,csl,False,augmented,3,70,0.6835867669592571,0.6833474672548991,0.9836955578533627,6.694965315545076,structure_only
foxa,csl,False,augmented,4,70,0.5051323468671413,0.6067513090352671,0.7161449228330813,5.892706931283681,structure_only
foxa,csl,False,augmented,5,70,0.5426552491776864,0.5902249082358292,0.9693357009046508,8.368688802638856,structure_only
foxa,egr1,False,baseline,1,70,0.5463692616938559,0.5630966871601862,0.8596360045657634,6.886014231374981,structure_only
foxa,egr1,False,baseline,2,70,0.5326412453203209,0.5779670060537428,0.6284204762362308,8.215216024328411,structure_only
foxa,egr1,False,baseline,3,70,0.5175024214526059,0.6210937831171996,0.8833035262850517,8.495747955396851,structure_only
foxa,egr1,False,baseline,4,70,0.34620575528106357,0.4960295644422538,0.8646852321549258,5.4013277802486845,structure_only
foxa,egr1,False,baseline,5,70,0.4637150252252802,0.5500003356563257,0.7464721828331903,6.4906834908914774,structure_only
foxa,egr1,False,augmented,1,70,0.545302631657212,0.5637382533163505,0.9538103523840377,9.161062915770694,structure_only
foxa,egr1,False,augmented,2,70,0.47902323910245315,0.36300999632869857,0.7227983428262292,10.698701448002817,structure_only
foxa,egr1,False,augmented,3,70,0.6588841826086801,0.58514213542859,0.7927163101076495,4.61125161251597,structure_only
foxa,egr1,False,augmented,4,70,0.4983463344646501,0.5440213495484886,0.5615243196812386,6.50830528721528,structure_only
foxa,egr1,False,augmented,5,70,0.7080477549308468,0.6947842556649112,0.94486894804111,8.023888342406236,structure_only
foxa,engrailed,False,baseline,1,70,0.5293833797445185,0.5664743856736307,0.86255001623936,7.915941568112187,structure_only
foxa,engrailed,False,baseline,2,70,0.5192975516092128,0.52815576318206,0.906508261509403,6.878096128411875,structure_only
foxa,engrailed,False,baseline,3,70,0.5762338716321327,0.5905896805979005,0.7844972602657164,6.716774193346836,structure_only
foxa,engrailed,False,baseline,4,70,0.7675995735205362,0.7483941746164345,0.8676400078706016,8.44523742711992,structure_only
foxa,engrailed,False,baseline,5,70,0.5249984866655065,0.5426913287703533,0.6378486508930924,7.037678909339969,structure_only
foxa,engrailed,False,augmented,1,70,0.6928606459963832,0.6818868307528447,0.757851613073714,6.921693896016286,structure_only
foxa,engrailed,False,augmented,2,70,0.477755018885356,0.5924512433248921,0.5957254521254688,7.973309274867809,structure_only
foxa,engrailed,False,augmented,3,70,0.7027277543572474,0.6152848650766661,0.863037642447741,8.050711514172113,structure_only
foxa,engrailed,False,augmented,4,70,0.7516695143896259,0.7100167640617028,0.7567043964292758,10.758187822095524,structure_only
foxa,engrailed,False,augmented,5,70,0.42851376245136724,0.4967059414026679,0.9168069476371123,7.779916001595847,structure_only
foxa,err,False,baseline,1,70,0.5856342777321372,0.6070507384284223,0.7008262011243109,6.053320215859357,structure_only
foxa,err,False,baseline,2,70,0.607959115475096,0.5666930629745718,0.8587340025916599,8.195348684216679,structure_only
foxa,err,False,baseline,3,70,0.6270137589507622,0.685297765066494,0.9593448723689749,6.846026949569255,structure_only
foxa,err,False,baseline,4,70,0.477882661368815,0.44962806580308917,0.6624199004814926,7.054958532307008,structure_only
foxa,err,False,baseline,5,70,0.5964480546919476,0.6356725326543036,0.6750141406692035,7.623343142445146,structure_only
foxa,err,False,augmented,1,70,0.7416458267529925,0.7051285810328813,0.9520680225236853,7.538909702652278,structure_only
foxa,err,False,augmented,2,70,0.5061238804698889,0.5537886667283937,0.8853527153894857,6.823421040678779,structure_only
foxa,err,False,augmented,3,70,0.5540314052458117,0.6075862277868946,0.8891123735615759,11.591998632354775,structure_only
foxa,err,False,augmented,4,70,0.4291174066376904,0.566987087241454,0.7132068473498153,7.180801855832782,structure_only
foxa,err,False,augmented,5,70,0.655094882575705,0.6894909988984347,0.7238276021491544,7.5238355490691236,structure_only
foxa,ets1,False,baseline,1,70,0.47057728484471173,0.48637498120524075,0.7432371248118022,6.556763894245212,structure_only
foxa,ets1,False,baseline,2,70,0.5432248312072987,0.5536075422013301,0.8494797277081866,8.513194601247529,structure_only
foxa,ets1,False,baseline,3,70,0.4786576365994729,0.4760705477096154,0.9787756215801936,7.2429932000418615,structure_only
foxa,ets1,False,baseline,4,70,0.5563758082496846,0.5899914230652883,0.9281659353251748,8.016922522205691,structure_only
foxa,ets1,False,baseline,5,70,0.48493755190341,0.6515597780816895,0.7407472829210036,6.6717550692601435,structure_only
foxa,ets1,False,augmented,1,70,0.7004024012373401,0.5914308894121477,0.6704419715096747,7.806893918308934,structure_only
foxa,ets1,False,augmented,2,70,0.557300646331692,0.5871014505195942,0.8661863273189297,6.863700780240465,structure_only
foxa,ets1,False,augmented,3,70,0.5148939982187682,0.5531212669324311,0.8539610844050262,6.238112200370323,structure_only
foxa,ets1,False,augmented,4,70,0.6056700976734679,0.5668248498467854,0.8306756080246457,6.331530494835036,structure_only
foxa,ets1,False,augmented,5,70,0.48189653389536724,0.37280676035698634,0.8704670623454054,4.704278466621663,structure_only
foxa,foxa,True,baseline,1,70,0.43972562889256256,0.41083029977745356,0.8167378900637963,5.61626235166538,structure_only
foxa,foxa,True,baseline,2,70,0.6402294851867558,0.631674479295199,0.9249530052823798,7.703749873964529,structure_only
foxa,foxa,True,baseline,3,70,0.5579051107531114,0.5773624702412778,0.9671363732122326,7.372236413182353,structure_only
foxa,foxa,True,baseline,4,70,0.603642272600213,0.6072707189041995,0.8719184621588478,7.490786138533079,structure_only
foxa,foxa,True,baseline,5,70,0.6273022126193594,0.5457763947756328,0.6697160819292116,4.446139394292631,structure_only
foxa,foxa,True,augmented,1,70,0.7135252233391727,0.8614242403180684,0.8594066424035623,8.48076348339809,structure_only
foxa,foxa,True,augmented,2,70,0.9073118525498559,0.8902614835706263,0.9795817559225435,8.171385877682066,structure_only
foxa,foxa,True,augmented,3,70,0.9258143511476666,0.9169689163926161,0.9891743338497081,9.402709056249224,structure_only
foxa,foxa,True,augmented,4,70,0.8650660469832786,0.8808999128613593,0.9865093565329464,9.101076033490362,structure_only
foxa,foxa,True,augmented,5,70,0.9103406079892171,0.9029239874504518,0.9806411207022699,8.261308944222245,structure_only
foxa,hsf,False,baseline,1,70,0.7073730995573535,0.6847117528498696,0.6968413650948755,8.948873685595114,structure_only
foxa,hsf,False,baseline,2,70,0.6302559738485172,0.6468271661363169,0.8375992887099947,7.605384673484803,structure_only
foxa,hsf,False,baseline,3,70,0.5428622100661428,0.542882755786099,0.9062233002355947,5.558448487471151,structure_only
foxa,hsf,False,baseline,4,70,0.5000390740990731,0.5341522819273437,0.6624634414931052,7.554863834218125,structure_only
foxa,hsf,False,baseline,5,70,0.7158859738508871,0.7175446487085307,0.8186998472635545,7.423536836224817,structure_only
foxa,hsf,False,augmented,1,70,0.6206032949936263,0.5804047788181258,0.8048222285319135,6.069413947917499,structure_only
foxa,hsf,False,augmented,2,70,0.6019721691767664,0.5720684518106833,0.8652497218874456,6.991342540050789,structure_only
foxa,hsf,False,augmented,3,70,0.6582084468953374,0.6835130116422904,0.9919890273341746,9.039500280153934,structure_only
foxa,hsf,False,augmented,4,70,0.6892842321180878,0.7011303387160409,0.8002337501557478,6.866253579606517,structure_only
foxa,hsf,False,augmented,5,70,0.6502245343671632,0.5716960043428825,0.8449070005295756,9.477926057023955,structure_only
foxa,irf,False,baseline,1,70,0.47974390828564933,0.6305308891574443,0.7741675009339144,5.913380436025066,structure_only
foxa,irf,False,baseline,2,70,0.6329330553294528,0.5635058151477086,0.9699153454561805,6.328081785155431,structure_only
foxa,irf,False,baseline,3,70,0.4812695346454535,0.6197261776851053,0.8346456094409755,9.955992092517237,structure_only
foxa,irf,False,baseline,4,70,0.6589362527938024,0.6490346247602244,0.9667846826222826,7.934595660251533,structure_only
foxa,irf,False,baseline,5,70,0.6550695828738169,0.5913901602341313,0.8086122503268787,7.286671117746365,structure_only
foxa,irf,False,augmented,1,70,0.6335327906228415,0.6200428983374432,0.7280738063315478,8.479101218384175,structure_only
foxa,irf,False,augmented,2,70,0.4824019741552941,0.5015524945012413,0.9498979832946983,8.168153772894657,structure_only
foxa,irf,False,augmented,3,70,0.4782946696209508,0.509849513751226,0.7293207758935322,10.065982344385734,structure_only
foxa,irf,False,augmented,4,70,0.43374950542080276,0.5298342051022239,0.5439207051737698,8.677646612466273,structure_only
foxa,irf,False,augmented,5,70,0.5018649365402864,0.5568639544304494,0.7092225366897094,4.948396498641157,structure_only
foxa,lef1,False,baseline,1,70,0.666077213313965,0.6315135251149631,0.832163088225532,8.140681659045555,structure_only
foxa,lef1,False,baseline,3,70,0.4954773964351708,0.5276553425103372,0.8734961803456744,6.449069392871875,structure_only
foxa,lef1,False,baseline,4,70,0.7123743571419493,0.7060771997717826,0.7825513275203221,9.080517389949428,structure_only
foxa,lef1,False,baseline,5,70,0.4286896609328754,0.5856175356068732,0.4989542333158126,7.583560256814808,structure_only
foxa,lef1,False,augmented,1,70,0.5372723779784632,0.5409722134588322,0.849049971823896,6.390688591916906,structure_only
foxa,lef1,False,augmented,2,70,0.6632844904135894,0.6397722065953143,0.6956144672355689,5.786173152245076,structure_only
foxa,lef1,False,augmented,3,70,0.5466532375880009,0.5395555822842969,0.8469471726057523,6.783633217445245,structure_only
foxa,lef1,False,augmented,4,70,0.4956374207276282,0.43585155864498487,0.7057330257008323,7.33378799352991,structure_only
foxa,lef1,False,augmented,5,70,0.5784759621564053,0.5814199214966643,0.7584059513125047,8.877484849221647,structure_only
foxa,nfat,False,baseline,1,70,0.6100852769532136,0.6550945826381185,0.7670669896687616,7.895437762656785,structure_only
foxa,nfat,False,baseline,2,70,0.6756935586057564,0.6612063633987268,0.7596215773420147,5.434199061572333,structure_only
foxa,nfat,False,baseline,3,70,0.6585670246967783,0.6171829360323896,0.7924368231785995,6.365134723679304,structure_only
foxa,nfat,False,baseline,4,70,0.4965151736144982,0.5291984613694144,0.969833269487891,7.544640902594904,structure_only
foxa,nfat,False,baseline,5,70,0.5658991647854106,0.6617485725883856,0.8092933521064448,5.746712444795985,structure_only
foxa,nfat,False,augmented,1,70,0.5195872291623561,0.5812623984447902,0.5488158181707177,8.076317723087646,structure_only
foxa,nfat,False,augmented,2,70,0.4573124258825034,0.631290399699365,0.5456532795113588,6.219932327080961,structure_only
foxa,nfat,False,augmented,3,70,0.5413916125511247,0.564858651531025,0.5886669409617451,5.6840867749347534,structure_only
foxa,nfat,False,augmented,5,70,0.566864657401141,0.5961726635363208,0.9200206016531476,5.952777893874427,structure_only
foxa,runx,False,baseline,1,70,0.5961726783064017,0.4968899163461963,0.5575218402680802,6.150206354642165,structure_only
foxa,runx,False,baseline,2,70,0.4241926863698863,0.5901722529329722,0.7806889836415796,7.388755537702464,structure_only
foxa,runx,False,baseline,3,70,0.5108786915518039,0.6440720259863488,0.5818659216675903,8.67302243676213,structure_only
foxa,runx,False,baseline,4,70,0.35341397865712953,0.4595145014753258,0.7020640954646623,5.035718040825656,structure_only
foxa,runx,False,baseline,5,70,0.5844857772026713,0.49479962203840955,0.8259866264075901,6.6936735661881865,structure_only
foxa,runx,False,augmented,1,70,0.6305849222552571,0.5382593822529604,0.9313437581638109,6.464022640806091,structure_only
foxa,runx,False,augmented,2,70,0.5941651734695824,0.6071770394765575,0.9658349606451083,9.477443632453983,structure_only
foxa,runx,False,augmented,3,70,0.5512565441839751,0.4969474993834166,0.9009704032331041,5.3164303720892985,structure_only
foxa,runx,False,augmented,4,70,0.6515145964554925,0.5212267517232635,0.756799240907034,5.91939030490939,structure_only
foxa,runx,False,augmented,5,70,0.600766813544292,0.6104085033595755,0.8808720462238409,6.4922493465885935,structure_only
foxa,tbp,False,baseline,1,70,0.6194414459863927,0.6777089301962572,0.8497006652221943,7.850574094160081,structure_only
foxa,tbp,False,baseline,2,70,0.5848269021917355,0.565784801267063,0.7954773627017214,7.470495033029549,structure_only
foxa,tbp,False,baseline,3,70,0.5875309828870123,0.5862975345622964,0.728600247094142,6.9169997114884865,structure_only
foxa,tbp,False,baseline,4,70,0.5269690161696498,0.5476110450805906,0.9168814025563831,8.151887749849033,structure_only
foxa,tbp,False,baseline,5,70,0.4577873016218659,0.5873709316807364,0.6820864057079582,5.991350313727062,structure_only
foxa,tbp,False,augmented,1,70,0.45164921438980965,0.5105828074137838,0.9230016166313397,7.3614901302184865,structure_only
foxa,tbp,False,augmented,2,70,0.5297286553263761,0.619521816710631,0.6320545714210958,9.395380087315887,structure_only
foxa,tbp,False,augmented,3,70,0.5160688467438739,0.5358787528934518,0.726290942094659,7.665639066892903,structure_only
foxa,tbp,False,augmented,4,70,0.6201235795195935,0.6297073537143579,0.7320333370322106,5.505443579717245,structure_only
foxa,tbp,False,augmented,5,70,0.6025295157700127,0.6612549627656118,0.9321725634152129,8.643260188489986,structure_only
hsf,csl,False,baseline,1,96,0.3355566390420582,0.12307912761418571,0.2631650737626186,6.327744533101054,held_out
hsf,csl,False,baseline,2,96,0.34013481162934384,0.27474181492764116,0.6933569201891293,7.554906190606566,held_out
hsf,csl,False,baseline,3,96,0.21961169510433712,0.221885958212489,0.7356694161588814,6.769272707662758,held_out
hsf,csl,False,baseline,4,96,0.1897373758176387,0.14020994926308336,0.6191714368333664,7.192963371709051,held_out
hsf,csl,False,baseline,5,96,0.20499663313569805,0.19314974545566563,0.6655021694641665,4.583714200852448,held_out
hsf,csl,False,augmented,1,96,0.5121985167993571,0.3601074144617273,0.7243319754724776,6.54484632100298,held_out
hsf,csl,False,augmented,2,96,0.3122671609640391,0.22457882580043131,0.7378374321683752,6.356379607864543,held_out
hsf,csl,False,augmented,3,96,0.3681859309024234,0.3408981871986076,0.8668904126386817,7.342236578412036,held_out
hsf,csl,False,augmented,4,96,0.2878585703007083,0.1799643657117338,0.5973696457421732,7.223426263830043,held_out
hsf,csl,False,augmented,5,96,0.2950361874003917,0.32609719481088245,0.6990947873390302,6.2474916213686456,held_out
hsf,egr1,False,baseline,1,96,0.20752075854971572,0.1225614304283676,0.30129570151462254,8.144721678158541,held_out
hsf,egr1,False,baseline,2,96,0.2894950325795645,0.2923125623670208,0.4559181535867185,6.860854522201532,held_out
hsf,egr1,False,baseline,3,96,0.1440057279035821,0.1375023943350834,0.5934317441156355,4.73011307252514,held_out
hsf,egr1,False,baseline,4,96,0.30878980723416344,0.2121309702239252,0.7410150924007021,7.766545610632025,held_out
hsf,egr1,False,baseline,5,96,0.1657813528453593,0.022550032344909546,0.4168673769583561,5.407893573345768,held_out
hsf,egr1,False,augmented,1,96,0.19757980575881987,0.14353995350111667,0.6723166611705842,6.1748670015394795,held_out
hsf,egr1,False,augmented,2,96,0.33869905417115015,0.22312778927664967,0.7130913641585122,11.029017001689173,held_out
hsf,egr1,False,augmented,3,96,0.2793595734055858,0.01511588094795982,0.3599070830380364,6.370800576557089,held_out
hsf,egr1,False,augmented,4,96,0.31756558509277194,0.22385553843778058,0.531033924443458,6.9603153400435085,held_out
hsf,egr1,False,augmented,5,96,0.2890691919548746,0.1513064108650751,0.7148976380815997,6.429536098534188,held_out
hsf,engrailed,False,baseline,1,96,0.20975354847919458,0.19370416167296042,0.6865181858746204,5.203496084292771,held_out
hsf,engrailed,False,baseline,2,96,0.2078519684633077,0.1540837975303341,0.6412342374514021,5.714032174174896,held_out
hsf,engrailed,False,baseline,3,96,0.33203225283836857,0.23789142412621003,0.7643764439256179,6.17217408563916,held_out
hsf,engrailed,False,baseline,4,96,0.3693876264167737,0.2846505881893014,0.6804723790668521,5.829168660087064,held_out
hsf,engrailed,False,baseline,5,96,0.2470233733813282,0.2537750281930628,0.8272902568272729,8.25142736336157,held_out
hsf,engrailed,False,augmented,1,96,0.13813309411732655,0.0631319543010117,0.5713380627446302,6.937457045496412,held_out
hsf,engrailed,False,augmented,2,96,0.21693408802867178,0.18144085876933488,0.48514530377753634,6.861109522685604,held_out
hsf,engrailed,False,augmented,3,96,0.09404180166041587,0.14644313885288454,0.7252039969183808,3.849429416564521,held_out
hsf,engrailed,False,augmented,4,96,0.25410617394349394,0.22475882176935155,0.6847973703391727,8.116105262647432,held_out
hsf,engrailed,False,augmented,5,96,0.24680067064972852,0.2841222923955973,0.6953549151110151,8.073415432943925,held_out
hsf,err,False,baseline,1,96,0.1435257037959174,0.1281552397647446,0.5157328774417775,6.833861042224532,held_out
hsf,err,False,baseline,2,96,0.13335240420391656,0.10538661189601933,0.5060476994017516,5.621911662069368,held_out
hsf,err,False,baseline,3,96,0.17720661812573094,0.045306980189085355,0.3510412246908351,5.655386022351706,held_out
hsf,err,False,baseline,4,96,0.24604728099517856,0.212212171468546,0.6862053444399794,7.7551000898278035,held_out
hsf,err,False,baseline,5,96,0.112160776823213,0.04281327189107519,0.5845226210720209,6.91663778470161,held_out
hsf,err,False,augmented,1,96,0.34616682296935375,0.19329460387792938,0.5834094278528817,7.969216351188362,held_out
hsf,err,False,augmented,2,96,0.24627588468339634,0.12927095801906532,0.5310244921372418,5.493908584226796,held_out
hsf,err,False,augmented,3,96,0.14473032649591108,0.12615241308732186,0.7110906278999066,6.011459576915886,held_out
hsf,err,False,augmented,4,96,0.25891694393533005,0.21165870828903474,0.5106148868617425,7.195053823503969,held_out
hsf,err,False,augmented,5,96,0.2966641126502977,0.25210199084785573,0.6525654028790655,6.964403745585114,held_out
hsf,ets1,False,baseline,1,96,0.23982857130096566,0.20497126629188833,0.5893288439349215,6.674473645077801,held_out
hsf,ets1,False,baseline,2,96,0.24855877189545392,0.1820016154717281,0.8042605384271994,5.88526129561615,held_out
hsf,ets1,False,baseline,3,96,0.19548544344652016,0.1139034829785938,0.46700432741250925,5.444523570903334,held_out
hsf,ets1,False,baseline,4,96,0.14158943895019313,0.1668185679088696,0.5996360310078022,5.915647904387675,held_out
hsf,ets1,False,baseline,5,96,0.20112571496015744,0.20008044127764746,0.7948442531948937,7.638394592123682,held_out
hsf,ets1,False,augmented,1,96,0.424783300522138,0.29410251180936864,0.6644776559771883,7.173753189875064,held_out
hsf,ets1,False,augmented,2,96,0.23210345033815583,0.23151981426862656,0.5591654454664795,7.606238456341643,held_out
hsf,ets1,False,augmented,3,96,0.2672869470692977,0.2708651647208234,0.810666342630514,6.204066952985521,held_out
hsf,ets1,False,augmented,4,96,0.17646403175506417,0.19758646245458314,0.5042162249773956,5.7995175557275624,held_out
hsf,ets1,False,augmented,5,96,0.2575790429732381,0.24331234351805184,0.44367602554801927,6.54141360858489,held_out
hsf,foxa,False,baseline,1,96,0.23444769916249145,0.07912023496687458,0.5378504832121362,4.531088979790993,held_out
hsf,foxa,False,baseline,2,96,0.2399962312075706,0.18316043001775287,0.5139257028550852,6.024011973725791,held_out
hsf,foxa,False,baseline,3,96,0.16491335055791015,0.13709445265055856,0.5939797585693558,5.6000104579029335,held_out
hsf,foxa,False,baseline,4,96,0.23772446343906836,0.17500950809886262,0.7189639206961538,6.669853051467973,held_out
hsf,foxa,False,baseline,5,96,0.3008978315226137,0.16097000344570367,0.5598638508863645,6.3211768450735475,held_out
hsf,foxa,False,augmented,1,96,0.3574724626411232,0.14033906374288477,0.6364854770458663,6.204639865944162,held_out
hsf,foxa,False,augmented,2,96,0.26036174637691084,0.09235982384326706,0.3725949070174042,4.228394714523369,held_out
hsf,foxa,False,augmented,3,96,0.278182155313009,0.20898131086842017,0.6785036713782348,5.560955058098325,held_out
hsf,foxa,False,augmented,4,96,0.28362132952855235,0.28920039806763814,0.8031800481050623,6.086894573489602,held_out
hsf,foxa,False,augmented,5,96,0.3796575906417776,0.2714958317965443,0.565142693642418,6.458862358043995,held_out
hsf,hsf,True,baseline,1,96,0.2892864114222604,0.32097385077796226,0.8439389070430874,6.763125895264257,held_out
hsf,hsf,True,baseline,2,96,0.3403584141958846,0.26885860344070217,0.8061644051665936,8.722941247945384,held_out
hsf,hsf,True,baseline,3,96,0.22995675998663087,0.2018787247818287,0.6339451283919436,4.427295041356674,held_out
hsf,hsf,True,baseline,4,96,0.30155715469466454,0.14744122798699225,0.5135316523745062,8.197122965589143,held_out
hsf,hsf,True,baseline,5,96,0.20107167344649982,0.1129020441868938,0.7448385101905196,5.95222102257844,held_out
hsf,hsf,True,augmented,1,96,0.6023327280242364,0.6093754256063404,0.9897411442162005,12.210218275786438,held_out
hsf,hsf,True,augmented,2,96,0.6231699391267127,0.6323528908230114,0.9821144581547533,9.43995861611787,held_out
hsf,hsf,True,augmented,3,96,0.5760058099307334,0.6296236013440141,0.9173577506704257,11.356835135341537,held_out
hsf,hsf,True,augmented,4,96,0.6310395235337751,0.6346276672307297,0.9688681559422857,11.339992417885421,held_out
hsf,hsf,True,augmented,5,96,0.6457138193687624,0.6498281424820745,0.9655724163522781,10.171279155633682,held_out
hsf,irf,False,baseline,1,96,0.2503238811293044,0.20334274967425658,0.7375555806885826,5.730857029322406,held_out
hsf,irf,False,baseline,2,96,0.21507315340007824,0.17921610103676167,0.5999356206170409,5.116803199310579,held_out
hsf,irf,False,baseline,3,96,0.13910546646031738,0.11074665739855166,0.6011267700038376,6.04174137133421,held_out
hsf,irf,False,baseline,4,96,0.04267987848272823,0.09524790317501275,0.37955321565192274,4.8141676756071785,held_out
hsf,irf,False,baseline,5,96,0.10845880706144741,0.04062037261296173,0.5219021136932612,7.041350496252468,held_out
hsf,irf,False,augmented,1,96,0.23306259733933113,0.11406844052876135,0.5147215885169643,5.797108423458912,held_out
hsf,irf,False,augmented,2,96,0.2535355140684489,0.2289539064167859,0.7240730765792086,8.060024012872127,held_out
hsf,irf,False,augmented,3,96,0.20275525368131417,0.13835734421571388,0.514088514681649,4.558147895052338,held_out
hsf,irf,False,augmented,4,96,0.1467981266019448,0.07465031002324413,0.5074593010206673,7.179931045532123,held_out
hsf,irf,False,augmented,5,96,0.19063215268805866,0.12784429419062546,0.6380029776338098,5.041219679511735,held_out
hsf,lef1,False,baseline,1,96,0.2007072161170388,0.09927510604855079,0.4889519180832065,5.575024857929707,held_out
hsf,lef1,False,baseline,3,96,0.20898059385067233,0.11961609829538855,0.7033346876559654,7.1220864689281544,held_out
hsf,lef1,False,baseline,4,96,0.28166358353513826,0.1617112511399256,0.6651601875033668,6.690736066902125,held_out
hsf,lef1,False,baseline,5,96,0.09996643003626815,0.06324070693929214,0.3106749779787051,5.811066131402503,held_out
hsf,lef1,False,augmented,1,96,0.158009102212451,0.17065690682192822,0.5614277753072274,6.490391859213716,held_out
hsf,lef1,False,augmented,2,96,0.3216801980532869,0.24695200838398076,0.6397945537349062,6.747341993637347,held_out
hsf,lef1,False,augmented,3,96,0.23692683993666208,0.15357541289897494,0.6516792456590602,6.867976776013301,held_out
hsf,lef1,False,augmented,4,96,0.24293260745997014,0.2629517867413578,0.5959264549382748,6.369126345660203,held_out
hsf,lef1,False,augmented,5,96,0.2843012328969561,0.15819579976685985,0.6631750471071776,5.577074135197477,held_out
hsf,nfat,False,baseline,1,96,0.25739315507060995,0.21991167167921857,0.555068968596898,7.0523085332242665,held_out
hsf,nfat,False,baseline,2,96,0.31449455129501375,0.26455337693068465,0.6632561263014365,6.147609402073796,held_out
hsf,nfat,False,baseline,3,96,0.28447032670177547,0.28242593722641435,0.6628485479400242,5.97935091011013,held_out
hsf,nfat,False,baseline,4,96,0.14690510308164653,0.13931969963765614,0.4197906546431042,5.447029982830476,held_out
hsf,nfat,False,baseline,5,96,0.14685529792480792,0.1745246556436437,0.7262545042007109,5.205257476043876,held_out
hsf,nfat,False,augmented,1,96,0.2503805510151751,0.16403304342192462,0.62059889959376,6.609511630675115,held_out
hsf,nfat,False,augmented,2,96,0.14966425475348163,0.2530383445102147,0.48685596456725105,5.479404539451368,held_out
hsf,nfat,False,augmented,3,96,0.32030010972218254,0.2190175993292434,0.7043225765221724,8.452565037573821,held_out
hsf,nfat,False,augmented,5,96,0.21649746841218845,0.24648107827845112,0.7675721004794422,7.449684685053565,held_out
hsf,runx,False,baseline,1,96,0.3412200039993832,0.23148280396080675,0.7513751286982234,6.965507471354938,held_out
hsf,runx,False,baseline,2,96,0.3201701254781905,0.15616426729531188,0.5753348572594323,6.767206661956637,held_out
hsf,runx,False,baseline,3,96,0.2481192976172946,0.20973103004044727,0.5735691241329237,7.5416618780044615,held_out
hsf,runx,False,baseline,4,96,0.24046833212070218,0.12747343982961626,0.4148831947908801,6.022298416395906,held_out
hsf,runx,False,baseline,5,96,0.22283586685049173,0.1783407106382506,0.6933468309188849,4.298595583360404,held_out
hsf,runx,False,augmented,1,96,0.2986747909501531,0.1967470951819826,0.6918632859078325,5.597718546289402,held_out
hsf,runx,False,augmented,2,96,0.2408050948125533,0.1854115433958484,0.7937623560732033,6.876322579576042,held_out
hsf,runx,False,augmented,3,96,0.3491343732680841,0.34100846357661235,0.6173730363162883,7.750342296395588,held_out
hsf,runx,False,augmented,4,96,0.315588753029549,0.2747904217050862,0.5168448045724403,5.54404279648027,held_out
hsf,runx,False,augmented,5,96,0.2535631126346644,0.11150784925897857,0.4546811792688409,4.950083484283665,held_out
hsf,tbp,False,baseline,1,96,0.22490776504200005,0.1357795180666437,0.7415072065066608,7.843032619490323,held_out
hsf,tbp,False,baseline,2,96,0.30334603874626515,0.190005857923034,0.45809515359290265,6.359215229040512,held_out
hsf,tbp,False,baseline,3,96,0.24367036981790258,0.12214187653636537,0.6393725414091798,7.952363772461343,held_out
hsf,tbp,False,baseline,4,96,0.13434787574523585,0.14955017909071439,0.553412889322876,7.354151625729565,held_out
hsf,tbp,False,baseline,5,96,0.36200692904783943,0.2323561706723448,0.7296811646277287,5.94297949427919,held_out
hsf,tbp,False,augmented,1,96,0.17595028689047032,0.16827181807521585,0.4494465888656174,6.579994027209931,held_out
hsf,tbp,False,augmented,2,96,0.2738025498064758,0.13646376552720213,0.6078934904963251,7.710348404346897,held_out
hsf,tbp,False,augmented,3,96,0.2381872537002776,0.1452901924933698,0.5175012495101012,5.468311642183671,held_out
hsf,tbp,False,augmented,4,96,0.327353234498903,0.16020635271801648,0.5653936810579938,5.589935975742042,held_out
hsf,tbp,False,augmented,5,96,0.30235097156949947,0.17364544749542088,0.5492783835418534,7.87682106727793,held_out
irf,csl,False,baseline,1,5,0.816992803676515,0.648877266109832,0.831038929694394,9.469395316843714,exact
irf,csl,False,baseline,2,5,0.5392939236093703,0.6101378513860121,0.7738452495198154,10.274787010295674,exact
irf,csl,False,baseline,3,5,0.6621658159577091,0.756856013306351,0.7987698704490632,9.394467440802288,exact
irf,csl,False,baseline,4,5,0.4477021109531797,0.5430197337673697,0.6988421753047591,10.467167764862136,exact
irf,csl,False,baseline,5,5,0.5198886911686993,0.6647344429453478,0.715175349875736,8.241058315879485,exact
irf,csl,False,augmented,1,5,0.6342833693102734,0.6596602742563985,0.7391204938882883,5.88205692216848,exact
irf,csl,False,augmented,2,5,0.7020327552772423,0.7340090720436991,0.8505640920117181,9.716247517078251,exact
irf,csl,False,augmented,3,5,0.6153307948451147,0.6329518448249954,0.9361898449254786,10.301892077024913,exact
irf,csl,False,augmented,4,5,0.5214734841324175,0.5467757325721712,0.7850839714257474,8.24982148302716,exact
irf,csl,False,augmented,5,5,0.6010278323498117,0.6742701794101225,0.8199987293436374,10.604968489449412,exact
irf,egr1,False,baseline,1,5,0.5171297471067603,0.588643644409655,0.7978190393084816,8.852167189729457,exact
irf,egr1,False,baseline,2,5,0.666054384046476,0.7572839602750548,0.8496362765504611,11.586748008261697,exact
irf,egr1,False,baseline,3,5,0.39210000763977765,0.6565054481335673,0.7288000953830326,7.849400595355073,exact
irf,egr1,False,baseline,4,5,0.5916976485438751,0.577238595456031,0.7567842846034655,12.123351564591404,exact
irf,egr1,False,baseline,5,5,0.5963366866532396,0.6884257411218128,0.7613506081740834,7.573564647418957,exact
irf,egr1,False,augmented,1,5,0.4285913954789563,0.44318875856624806,0.6959739119507757,8.866557773111325,exact
irf,egr1,False,augmented,2,5,0.6576840207625682,0.5942831076865784,0.9073920594994457,11.408715370382023,exact
irf,egr1,False,augmented,3,5,0.4401189938261215,0.5787391229718812,0.6784120372872424,7.044003273218289,exact
irf,egr1,False,augmented,4,5,0.48674724346087983,0.5407355415381844,0.6829998600852969,7.172375075523479,exact
irf,egr1,False,augmented,5,5,0.5412099275149913,0.6788212561153835,0.7994180788985061,9.265174464795276,exact
irf,engrailed,False,baseline,1,5,0.7796673278237515,0.6384297675069456,0.8429560138330054,12.14739929251905,exact
irf,engrailed,False,baseline,2,5,0.5788499747260945,0.656669890189917,0.8729666193942026,8.1834389130078,exact
irf,engrailed,False,baseline,3,5,0.6501213220508555,0.6228817560459464,0.8746026584720442,9.522735340549158,exact
irf,engrailed,False,baseline,4,5,0.6471800353701429,0.7445733147115706,0.7775047737133786,9.781367249791213,exact
irf,engrailed,False,baseline,5,5,0.6335556542091546,0.6932573254289809,0.900258812332728,12.058822271005502,exact
irf,engrailed,False,augmented,1,5,0.5594643889433984,0.5999545430193923,0.8280437627565657,9.598693728939276,exact
irf,engrailed,False,augmented,2,5,0.7615015487924331,0.779416943219502,0.7464928391826201,14.715981949957778,exact
irf,engrailed,False,augmented,3,5,0.7509986017660435,0.6873801060584812,0.8831467812955123,9.884855036337019,exact
irf,engrailed,False,augmented,4,5,0.6600218563050928,0.7785790296761078,0.8060011725526572,10.30219993381117,exact
irf,engrailed,False,augmented,5,5,0.4620828747181457,0.595248626243241,0.7268480028375462,8.805212341793347,exact
irf,err,False,baseline,1,5,0.5436269987172145,0.6265051359832728,0.7968633166027903,9.844851267081674,exact
irf,err,False,baseline,2,5,0.7913497476629762,0.7041672019581051,0.7395499502404093,9.71604545472531,exact
irf,err,False,baseline,3,5,0.6273505350656186,0.6305013077241421,0.7537214533500456,10.348534218142122,exact
irf,err,False,baseline,4,5,0.7430524800553487,0.8327944282599766,0.8280990278884562,9.044077590402697,exact
irf,err,False,baseline,5,5,0.5975001525140426,0.678945413432009,0.869180109923759,10.899511282025419,exact
irf,err,False,augmented,1,5,0.623646886690943,0.6426042812648364,0.6483806833760398,9.141432300222744,exact
irf,err,False,augmented,2,5,0.629662503167655,0.6188541260510425,0.770533455262408,6.648540182400067,exact
irf,err,False,augmented,3,5,0.7660554814356952,0.660880160924421,0.6444847137862586,11.002567413196216,exact
irf,err,False,augmented,4,5,0.5778129898429138,0.7232229414916838,0.6493495202765432,7.253551358967556,exact
irf,err,False,augmented,5,5,0.5430616420117652,0.6857520135468184,0.7911877928756685,12.02548478253487,exact
irf,ets1,False,baseline,1,5,0.7640663014377795,0.6585883589754674,0.8723041533194076,9.54061918806459,exact
irf,ets1,False,baseline,2,5,0.7413537690750781,0.6919820734644648,0.7603536888150623,9.146923757544863,exact
irf,ets1,False,baseline,3,5,0.519283705852884,0.5850274618579122,0.7962771844122787,8.846114212475896,exact
irf,ets1,False,baseline,4,5,0.754340302051859,0.8088776100361692,0.9239893293998725,8.260950006473553,exact
irf,ets1,False,baseline,5,5,0.6977381678644397,0.7548311060861463,0.84225090667572,8.362751661652213,exact
irf,ets1,False,augmented,1,5,0.6376902828095862,0.7196252967215407,0.6248756327243286,9.434439813831078,exact
irf,ets1,False,augmented,2,5,0.7057083798396435,0.6260791915302111,0.6564072228301354,8.59439409214995,exact
irf,ets1,False,augmented,3,5,0.7838330155575234,0.6942360938861164,0.7300366891663033,9.428138424501581,exact
irf,ets1,False,augmented,4,5,0.657451258397224,0.5925469446175636,0.7988740448746797,11.79322393442892,exact
irf,ets1,False,augmented,5,5,0.5826924802525945,0.6455625268339737,0.6909615113636396,6.910656604825158,exact
irf,foxa,False,baseline,1,5,0.39046268824564356,0.5501396216957272,0.7213142665581118,6.333973056232991,exact
irf,foxa,False,baseline,2,5,0.5485029776180756,0.6245747016779453,0.8952346179698012,7.456353804133565,exact
irf,foxa,False,baseline,3,5,0.2731305529212553,0.48096622236672576,0.6601875778820016,8.155063605188706,exact
irf,foxa,False,baseline,4,5,0.6524455750415925,0.6398248656649255,0.861609720882831,10.625916683427503,exact
irf,foxa,False,baseline,5,5,0.6043363755512952,0.7029635305660387,0.8215939891973933,6.535326776558935,exact
irf,foxa,False,augmented,1,5,0.5713153515398555,0.5228506208870485,0.8327958868856419,10.181590001632415,exact
irf,foxa,False,augmented,2,5,0.7206898687158186,0.7573372493641217,0.9111620744653938,9.936322987622058,exact
irf,foxa,False,augmented,3,5,0.448642032639124,0.4352997058211476,0.7297710365219817,6.90061124167695,exact
irf,foxa,False,augmented,4,5,0.7070979042152372,0.527630752790717,0.7703819888081351,10.316715326031108,exact
irf,foxa,False,augmented,5,5,0.7042713997411797,0.6696777545957937,0.8351725453207098,8.67238910709531,exact
irf,hsf,False,baseline,1,5,0.5431828077366305,0.46132587133768455,0.7861286781771797,12.521571737390472,exact
irf,hsf,False,baseline,2,5,0.4455293824330223,0.5181449155946375,0.7426822830487836,7.608544634619914,exact
irf,hsf,False,baseline,3,5,0.6854866306929743,0.7072876508373971,0.8201855011796667,8.267946262408246,exact
irf,hsf,False,baseline,4,5,0.5030671029951113,0.5978666560654462,0.6808540427374631,7.8782495221820446,exact
irf,hsf,False,baseline,5,5,0.6063251563252159,0.6990132073937619,0.8673171917997206,9.524795101918492,exact
irf,hsf,False,augmented,1,5,0.7636349464955856,0.6335654203025328,0.8386118795838274,12.581588010839592,exact
irf,hsf,False,augmented,2,5,0.7582258681871545,0.7848253063792969,0.6876697050796069,10.726205652240727,exact
irf,hsf,False,augmented,3,5,0.4085650516497884,0.5978415948190434,0.5017158614367117,10.051728505754987,exact
irf,hsf,False,augmented,4,5,0.7881537766129622,0.7747322840808051,0.8265751425838112,12.067190574764972,exact
irf,hsf,False,augmented,5,5,0.6112182675961753,0.7058750394284337,0.7580429794790453,9.342751405068672,exact
irf,irf,True,baseline,1,5,0.46561180665516916,0.6587470141974121,0.5758983672042077,9.58648168362447,exact
irf,irf,True,baseline,2,5,0.40972941104646543,0.6843394451706469,0.6226474250498354,9.104602962959026,exact
irf,irf,True,baseline,3,5,0.6305133342240054,0.6095124462530048,0.8142061332319452,8.460817863175578,exact
irf,irf,True,baseline,4,5,0.6190753174175022,0.6221728316439525,0.8625170599667232,8.738285075676838,exact
irf,irf,True,baseline,5,5,0.5480765382639345,0.6559186418051082,0.7385428990417228,12.631160354405662,exact
irf,irf,True,augmented,1,5,0.6649862423760076,0.8119991169550069,0.8101738580533124,10.884006760481176,exact
irf,irf,True,augmented,2,5,0.8313756743719269,0.8635943151938618,0.8495619340353683,9.136480789245017,exact
irf,irf,True,augmented,3,5,0.7555496815635366,0.8087878603476245,0.8353170832202572,8.468106328837992,exact
irf,irf,True,augmented,4,5,0.6879983559104479,0.7894385823800935,0.8561826221065603,9.37770327785252,exact
irf,irf,True,augmented,5,5,0.567098088245941,0.735358496789155,0.730973318294763,9.287497054836688,exact
irf,lef1,False,baseline,1,5,0.5801480415564461,0.6256698413329345,0.7443991374077756,9.832366706418497,exact
irf,lef1,False,baseline,3,5,0.727579507668738,0.7148994333984379,0.9420288500212404,11.714359594855242,exact
irf,lef1,False,baseline,4,5,0.7221551245432896,0.6750769952009636,0.7987433595622437,10.607265129060837,exact
irf,lef1,False,baseline,5,5,0.5759109481988925,0.7577638906489982,0.8684848382837604,9.802149857921613,exact
irf,lef1,False,augmented,1,5,0.8127038666592373,0.731521135117779,0.9311107770831324,10.113777814779798,exact
irf,lef1,False,augmented,2,5,0.6689246661499847,0.715359307747881,0.8175498475988815,10.710649446655717,exact
irf,lef1,False,augmented,3,5,0.7355049695399503,0.6468075843364302,0.8117789880855772,10.209889045926529,exact
irf,lef1,False,augmented,4,5,0.5522937152833902,0.6416078740035118,0.6735545057428425,8.270197845391605,exact
irf,lef1,False,augmented,5,5,0.5982229049187568,0.5016492693382846,0.7177155190232458,8.308066722466515,exact
irf,nfat,False,baseline,1,5,0.8198041068787074,0.7975641418508225,0.9095990541021997,10.41857584483962,exact
irf,nfat,False,baseline,2,5,0.7098947047689199,0.7224795930426987,0.81213028137062,10.811383506107726,exact
irf,nfat,False,baseline,3,5,0.6721845095814596,0.6454393266602916,0.7725798041601689,7.491251826715283,exact
irf,nfat,False,baseline,4,5,0.5355779785080589,0.7249523005646628,0.6852304501998348,10.839759271518801,exact
irf,nfat,False,baseline,5,5,0.6927738240006105,0.6032867218837918,0.7825864774194276,8.271730571455379,exact
irf,nfat,False,augmented,1,5,0.5580950388651905,0.6385772018892995,0.843261389904325,9.925995974997615,exact
irf,nfat,False,augmented,2,5,0.7193456388111164,0.8101786115688767,0.7552884456081166,8.561998523452534,exact
irf,nfat,False,augmented,3,5,0.3530131351842602,0.4838259028463254,0.6976165834705434,7.689731171377023,exact
irf,nfat,False,augmented,5,5,0.5398372337708046,0.5242089169048032,0.6402746329284053,5.929176548981397,exact
irf,runx,False,baseline,1,5,0.391921567983013,0.5652005945958313,0.5470297546427155,8.4593361091183,exact
irf,runx,False,baseline,2,5,0.6622091324429507,0.6407716881705312,0.8053588717199904,9.358971398190798,exact
irf,runx,False,baseline,3,5,0.48535052385719535,0.664498869835306,0.6744395756359828,10.293329682759687,exact
irf,runx,False,baseline,4,5,0.6008895472803485,0.6302808887458111,0.7679713123003356,10.129731668676264,exact
irf,runx,False,baseline,5,5,0.718645896481744,0.6412880325255947,0.7886362797722845,6.511113375047653,exact
irf,runx,False,augmented,1,5,0.49205333054567213,0.6853803940983132,0.7345558211438931,8.582806106289343,exact
irf,runx,False,augmented,2,5,0.5162073470625074,0.6254155658728874,0.8074192589449564,9.784667891202254,exact
irf,runx,False,augmented,3,5,0.7691948372108002,0.7893716479675892,0.7864037201925046,8.972858347413483,exact
irf,runx,False,augmented,4,5,0.6409586971797094,0.5967246397205141,0.9348798469057467,8.3863201123329,exact
irf,runx,False,augmented,5,5,0.45174980378105445,0.4503289862512242,0.8375890497592311,10.888895791300888,exact
irf,tbp,False,baseline,1,5,0.6622090788727272,0.6202411283857943,0.7955010342898583,10.92347034141882,exact
irf,tbp,False,baseline,2,5,0.6309707107482491,0.6232847282791247,0.7298830454256633,9.844744459068393,exact
irf,tbp,False,baseline,3,5,0.7346232182417957,0.6831414464303434,0.8602232556841529,10.23306118831116,exact
irf,tbp,False,baseline,4,5,0.39178606509244107,0.6252442445044839,0.6820575113957553,8.95970533120738,exact
irf,tbp,False,baseline,5,5,0.5600372829046222,0.539600644838777,0.8214039335689571,10.142710079416378,exact
irf,tbp,False,augmented,1,5,0.5926928482271714,0.6125506882552353,0.7262463789705318,10.935496529824068,exact
irf,tbp,False,augmented,2,5,0.7752550003907736,0.7884766487183117,0.9261204474962106,12.236881759694901,exact
irf,tbp,False,augmented,3,5,0.5979608969573122,0.7084230744782959,0.7384777515451226,8.982945014960242,exact
irf,tbp,False,augmented,4,5,0.377423639405698,0.5417910844706701,0.7548097269897505,6.95796630146617,exact
irf,tbp,False,augmented,5,5,0.5803256948501582,0.4696954560602503,0.7701131357370127,8.003370536160533,exact
lef1,csl,False,baseline,1,12,0.29490098846714946,0.18715841160019384,0.35464876623629765,8.97527522416798,exact
lef1,csl,False,baseline,2,12,0.2822014030509917,0.09698970527988916,0.2624159019607775,6.602470013755337,exact
lef1,csl,False,baseline,3,12,0.34828180744669285,0.06230757862179855,0.24803075137400835,7.241230243001892,exact
lef1,csl,False,baseline,4,12,0.3283006180377946,0.02302079776866206,0.14587197154389567,8.125018724588525,exact
lef1,csl,False,baseline,5,12,0.12272906032522247,-0.01990372665729648,0.2507882573622528,7.849132178740112,exact
lef1,csl,False,augmented,1,12,0.41712530231696965,0.030281619367768204,-0.03762559204658404,7.512760306136568,exact
lef1,csl,False,augmented,2,12,0.24608212889300976,0.004972040607210136,0.2783715077095679,7.8917253904534554,exact
lef1,csl,False,augmented,3,12,0.4517759164816623,0.4080406063985473,0.6104041869722786,9.110782389600379,exact
lef1,csl,False,augmented,4,12,0.4694395916666376,0.10928567788287137,0.4389039249483768,10.580257210711967,exact
lef1,csl,False,augmented,5,12,0.49224713303817147,0.37330926202362447,0.6091032656561702,11.256677450697378,exact
lef1,egr1,False,baseline,1,12,0.3883467361351803,0.0734028231716644,0.34374612191178056,11.939622610742122,exact
lef1,egr1,False,baseline,2,12,0.2321816816711186,0.21391642925199705,0.3854466145032336,8.896513052518216,exact
lef1,egr1,False,baseline,3,12,0.3452361348426309,0.22979847637056952,0.5423336642632623,6.6384141239946235,exact
lef1,egr1,False,baseline,4,12,0.24650055407801574,0.13869592659806593,0.3474614760522316,11.304235200862843,exact
lef1,egr1,False,baseline,5,12,0.2947341862742437,0.3368006769081597,0.6261438364843707,10.517420681468185,exact
lef1,egr1,False,augmented,1,12,0.2990507407009079,0.1281819736803817,0.30699686244406255,7.7010019709662165,exact
lef1,egr1,False,augmented,2,12,0.2751709685383606,0.23348512491439966,0.2713252619085288,9.111392239224376,exact
lef1,egr1,False,augmented,3,12,0.3494951616231666,0.1434804784508977,0.17195998744781404,6.308106848912347,exact
lef1,egr1,False,augmented,4,12,0.49276340825351067,0.12830845014151834,0.32403705506914066,7.0368984417772245,exact
lef1,egr1,False,augmented,5,12,0.4027505815481254,0.25066282974961657,0.3190137058911299,9.208429524322922,exact
lef1,engrailed,False,baseline,1,12,0.37018019818177,0.2914084176404947,0.8373267240869647,8.974264584215799,exact
lef1,engrailed,False,baseline,2,12,0.21838524038134552,0.026782469943231215,0.16019583766103254,5.921614997891801,exact
lef1,engrailed,False,baseline,3,12,0.3858324131640967,0.10561483047285752,0.3680915556750764,10.230114305159908,exact
lef1,engrailed,False,baseline,4,12,0.36547614152676333,0.24707580306144347,0.4688673639559152,7.53653706160096,exact
lef1,engrailed,False,baseline,5,12,0.23123676324122233,0.16231233971679368,0.20187553910933506,11.51237117609392,exact
lef1,engrailed,False,augmented,1,12,0.5276707353438544,0.25683249334553593,0.2001525357636815,5.30836372103693,exact
lef1,engrailed,False,augmented,2,12,0.3687307077238948,0.28231226814004046,0.533857768028238,8.611475958713584,exact
lef1,engrailed,False,augmented,3,12,0.32404239001313423,0.22948994193943992,0.2435761572392477,10.065433087003198,exact
lef1,engrailed,False,augmented,4,12,0.3764007567636085,0.20677939338893447,0.12960744107764668,7.7654022686995745,exact
lef1,engrailed,False,augmented,5,12,0.24651844706971995,0.3289760775937883,0.42712603134128985,6.805561767784402,exact
lef1,err,False,baseline,1,12,0.28096356867576155,0.21449760977233953,0.5051243463219841,9.190157051553804,exact
lef1,err,False,baseline,2,12,0.15359766021817223,0.2743433976843112,0.4060094690281096,9.354863548748064,exact
lef1,err,False,baseline,3,12,0.3374046200459769,0.12304690574805277,0.3026906913853929,9.085616882938295,exact
lef1,err,False,baseline,4,12,0.3372394589070047,-0.03393158118967037,0.16393543214588657,7.9521385085420455,exact
lef1,err,False,baseline,5,12,0.1837507173049904,0.1147115917104795,0.34522541177610155,7.772954277176827,exact
lef1,err,False,augmented,1,12,0.3613789334502151,0.14383033065956466,0.11980768887458265,10.799361549609985,exact
lef1,err,False,augmented,2,12,0.27137938318716354,0.1970306947912742,0.560513078685018,7.88085310645962,exact
lef1,err,False,augmented,3,12,0.4821874791549356,0.26197947464703436,0.5716290790576677,8.9300051697563,exact
lef1,err,False,augmented,4,12,0.4869419685314183,0.18348000519509053,0.33092497968966766,9.289791476110798,exact
lef1,err,False,augmented,5,12,0.3499152480364243,0.1877385154355804,0.3405894012446961,7.774265097008176,exact
lef1,ets1,False,baseline,1,12,0.35510592731336826,0.3268949769092428,0.5015735098200469,7.3942352919749155,exact
lef1,ets1,False,baseline,2,12,0.3835047691957892,0.2005620188260078,0.3820375059925835,10.711546716883955,exact
lef1,ets1,False,baseline,3,12,0.44984702263886384,0.4216604921963118,0.5282890724865966,9.231861812751788,exact
lef1,ets1,False,baseline,4,12,0.184584642260639,0.08712598693919943,0.12646779644797745,6.5230029302845,exact
lef1,ets1,False,baseline,5,12,0.3844390256033872,0.20573639325572188,0.5046728131094435,9.847398018489159,exact
lef1,ets1,False,augmented,1,12,0.2443518930746967,0.2560402562046669,0.30361358368417235,9.888800866065061,exact
lef1,ets1,False,augmented,2,12,0.31483524019010056,0.2178716804874986,0.37331949463285935,10.57127269570113,exact
lef1,ets1,False,augmented,3,12,0.3736914887844913,0.003819816229979664,0.1566230418537373,8.849089113510686,exact
lef1,ets1,False,augmented,4,12,0.25179194007782446,0.0870535955616822,0.4199056671301854,6.6934215697836335,exact
lef1,ets1,False,augmented,5,12,0.2885233777200723,-0.1486033945446302,-0.22654386244654945,8.764985262125503,exact
lef1,foxa,False,baseline,1,12,0.07378594664868922,0.11461627521341249,0.6037853472819098,7.6456844402570425,exact
lef1,foxa,False,baseline,2,12,0.49554646483853904,0.0730746634626695,-0.001446274878603369,10.564750239272302,exact
lef1,foxa,False,baseline,3,12,0.2737552744168096,0.07239189872419582,0.03553479057962476,6.646031845106848,exact
lef1,foxa,False,baseline,4,12,0.1755902564234255,0.15663637167761837,0.19751595440956987,6.469080285442755,exact
lef1,foxa,False,baseline,5,12,0.40048397966386534,0.05716160106528647,0.006034506813113002,8.922196265374307,exact
lef1,foxa,False,augmented,1,12,0.4792642572767829,0.1838909887217093,0.5572717287820665,7.756757453839594,exact
lef1,foxa,False,augmented,2,12,0.45624039289772983,0.14389258513755657,0.2950982255735426,8.406793179625902,exact
lef1,foxa,False,augmented,3,12,0.5313290271556227,0.2147255003669055,0.35183973480093456,8.333756271030605,exact
lef1,foxa,False,augmented,4,12,0.45238657307595337,0.10310962604324325,0.14330293843441835,6.677721894589476,exact
lef1,foxa,False,augmented,5,12,0.29642503452457497,0.1704672394431226,0.13128885414208766,6.556404819345968,exact
lef1,hsf,False,baseline,1,12,0.49469729477677893,0.040787554006867836,0.12310794217925308,12.370378742830548,exact
lef1,hsf,False,baseline,2,12,0.2232927722323915,0.27420390650637566,0.7734609329505256,8.512407189669053,exact
lef1,hsf,False,baseline,3,12,0.3887662729607129,0.2760842033781899,0.6681805460382657,7.49539308242044,exact
lef1,hsf,False,baseline,4,12,0.3793501871055784,0.07659300416606164,0.3182235724229945,10.930741868115588,exact
lef1,hsf,False,baseline,5,12,0.3245951830129442,-0.005328150211073211,0.09848780505778468,9.03568958906366,exact
lef1,hsf,False,augmented,1,12,0.3959436087379296,0.1326462873318686,0.37722345863106516,7.978126967875553,exact
lef1,hsf,False,augmented,2,12,0.4406550946383976,0.280024312891854,0.7432329528361349,7.396610166711146,exact
lef1,hsf,False,augmented,3,12,0.21590789161838478,0.10950248574355277,0.1546046025713377,10.223983979079735,exact
lef1,hsf,False,augmented,4,12,0.29167346547208367,0.12411093662591077,0.26080749377350804,9.23014797864989,exact
lef1,hsf,False,augmented,5,12,0.22546654005939448,0.08906062744922348,0.3198822431601122,13.305467761008785,exact
lef1,irf,False,baseline,1,12,0.4011477537206174,0.13743906466813108,0.6403887075543732,8.714261739156557,exact
lef1,irf,False,baseline,2,12,0.5237715172144782,0.449925784288928,0.8733091111229355,10.556165920564709,exact
lef1,irf,False,baseline,3,12,0.17828115446367007,0.031919341397316336,0.17740603228310856,9.042773257715421,exact
lef1,irf,False,baseline,4,12,0.38244801859576927,0.10001522252701399,0.24896207658316427,9.866051611352482,exact
lef1,irf,False,baseline,5,12,0.1257947483505883,0.1587050480014718,0.3543468678299425,8.636963014440285,exact
lef1,irf,False,augmented,1,12,0.2240462759801469,0.06527910703394228,0.5012192807260132,7.054794653866608,exact
lef1,irf,False,augmented,2,12,0.27701204035708377,0.0647069012462732,0.46795561970279315,7.663309897159429,exact
lef1,irf,False,augmented,3,12,0.20140355305604427,0.18977381637099847,0.4446880331773065,10.631799721222231,exact
lef1,irf,False,augmented,4,12,0.31963298467898865,0.1836195313378124,0.1625423524406718,8.64513349257455,exact
lef1,irf,False,augmented,5,12,0.3897820661084155,0.3044137430401531,0.4895466769810652,8.431012981730902,exact
lef1,lef1,True,baseline,1,12,0.30238705617228967,0.22570579449553532,0.5660476492310149,7.661679462609866,exact
lef1,lef1,True,baseline,3,12,0.3666906192523715,-0.10129940687457901,0.18313262506097236,10.57033764578708,exact
lef1,lef1,True,baseline,4,12,0.4511231002337967,0.4135715055086182,0.3195711223406564,9.4934289314128,exact
lef1,lef1,True,baseline,5,12,0.2756072463527021,0.18104454124472805,0.22582490629120602,12.999434951648333,exact
lef1,lef1,True,augmented,1,12,0.45782961598993555,0.43061470721721107,0.4673754964991403,9.098170056137336,exact
lef1,lef1,True,augmented,2,12,0.3575158262076694,0.20080931841835525,-0.006228060253053082,8.385273693130356,exact
lef1,lef1,True,augmented,3,12,0.4906621902994855,0.5797302779334802,0.5485567695536828,7.401467858677209,exact
lef1,lef1,True,augmented,4,12,0.563488508760678,0.3830545951154917,0.7193015601370426,7.5472148648964374,exact
lef1,lef1,True,augmented,5,12,0.6049291558967667,0.42352027643147316,0.602756086675437,10.437030517263011,exact
lef1,nfat,False,baseline,1,12,0.1281083208599563,0.17144086079853918,0.5664285457645931,9.750974392924766,exact
lef1,nfat,False,baseline,2,12,0.43695208201925473,0.307242730542037,0.3411912703497636,9.21159535067097,exact
lef1,nfat,False,baseline,3,12,0.3323858391683165,0.16464875457190878,0.5801997207287821,10.099615460203502,exact
lef1,nfat,False,baseline,4,12,0.22678628248385113,0.08113022580075602,0.5019332599895022,10.788063482879494,exact
lef1,nfat,False,baseline,5,12,0.22659262513891287,0.2096456587905979,0.2329918220245273,8.17558215011384,exact
lef1,nfat,False,augmented,1,12,0.39287628693350946,0.30986492338104704,0.3036725452460805,9.568157211927328,exact
lef1,nfat,False,augmented,2,12,0.47414791667472983,0.29204981754892007,0.19257123129774864,10.589207210929976,exact
lef1,nfat,False,augmented,3,12,0.12668685138177674,0.24696797414954672,0.11213106214493211,8.13324984006765,exact
lef1,nfat,False,augmented,5,12,0.562381077225934,0.46581345554438025,0.729546972642328,10.161291700605226,exact
lef1,runx,False,baseline,1,12,0.21502772297110673,0.16043616090983837,0.1694373564223675,9.63941104518669,exact
lef1,runx,False,baseline,2,12,0.3722356329876788,0.25758420764812556,0.6015376836111035,9.777426604844903,exact
lef1,runx,False,baseline,3,12,0.27226446866194004,0.28761244053786517,0.5003175305936106,9.548092928107387,exact
lef1,runx,False,baseline,4,12,0.23077177117672207,0.09049317334691104,0.22913517511013276,7.548144613979787,exact
lef1,runx,False,baseline,5,12,0.30099046073157903,0.20221380384366286,0.4224208306408577,8.824898825679808,exact
lef1,runx,False,augmented,1,12,0.3032375487866202,0.06881253178638115,0.3449194477431648,10.495124356585558,exact
lef1,runx,False,augmented,2,12,0.295276506912353,0.17284452454556032,0.6400127931818842,9.277980812034176,exact
lef1,runx,False,augmented,3,12,0.3705976590346706,0.1738366794839745,0.21279070838984232,7.415577461150902,exact
lef1,runx,False,augmented,4,12,0.26848313671446666,0.060775125223875175,0.43915106091748485,7.774196526156953,exact
lef1,runx,False,augmented,5,12,0.31824506892212995,0.211243164630016,0.6236151499690892,7.392884981072419,exact
lef1,tbp,False,baseline,1,12,0.1729183297212928,0.0916993399926766,0.40515211038838167,9.860216404605627,exact
lef1,tbp,False,baseline,2,12,0.35775987144022875,0.16575286568937017,0.18486518953445488,10.33191238962607,exact
lef1,tbp,False,baseline,3,12,0.12769575778738856,-0.01729667097576425,-0.020667578045681343,6.792820024388716,exact
lef1,tbp,False,baseline,4,12,0.3275791028386307,0.2644535390503245,0.6239180186679313,7.390733090100323,exact
lef1,tbp,False,baseline,5,12,0.1614693395507785,0.09657753276714702,0.24021587497766808,9.241774752737394,exact
lef1,tbp,False,augmented,1,12,0.41648029512899387,0.4060237432986667,0.6129054546314464,7.675518172725634,exact
lef1,tbp,False,augmented,2,12,0.1493081277004498,0.2169882926422351,0.27257848560438336,7.468212624506914,exact
lef1,tbp,False,augmented,3,12,0.25284824898530767,0.2422677199626273,0.5657040668973908,7.684103029429999,exact
lef1,tbp,False,augmented,4,12,0.11151885417397511,0.1858610491802337,0.6860500393975946,7.954049793660129,exact
lef1,tbp,False,augmented,5,12,0.11245173646856906,0.10469784430191292,0.43457394528148807,8.265031515656382,exact
nfat,csl,False,baseline,1,17,0.1264821678212662,0.0675795200250343,0.7163269850013018,5.445331780963472,exact
nfat,csl,False,baseline,2,17,0.417242723064308,0.34147338026722435,0.7004967299750914,7.870937478089519,exact
nfat,csl,False,baseline,3,17,0.3459612356053818,0.27667369162495337,0.5770386143169506,7.722185154307967,exact
nfat,csl,False,baseline,4,17,0.22089469190095942,0.04450187962597763,0.5892008356846542,5.055955722829308,exact
nfat,csl,False,baseline,5,17,0.2025760088272155,-0.07845605539915863,0.548321382242654,7.391187478154741,exact
nfat,csl,False,augmented,1,17,0.3252369822895279,0.25234475667959755,0.5697061937304568,5.839581969301644,exact
nfat,csl,False,augmented,2,17,0.4781276565601699,0.3347312561220573,0.6402891538376191,3.9668629731824936,exact
nfat,csl,False,augmented,3,17,0.30454462544952493,0.3507339183860936,0.4145223173137259,8.803702422429499,exact
nfat,csl,False,augmented,4,17,0.18658541992135186,0.0672835226695026,0.7063941671909485,8.304575381654125,exact
nfat,csl,False,augmented,5,17,0.15985440379645763,0.12347607178383549,0.8068107287983644,7.63586750444739,exact
nfat,egr1,False,baseline,1,17,0.5095511474348627,0.36150173803545615,0.7407327100161566,10.411309545507125,exact
nfat,egr1,False,baseline,2,17,0.19569638627544061,0.07179272182506455,0.7070030748468268,9.761275266894941,exact
nfat,egr1,False,baseline,3,17,0.23515534529422422,0.08157602687600111,0.5432349721938793,8.827008164707783,exact
nfat,egr1,False,baseline,4,17,0.13505462496498466,0.09054396635220528,0.6636470797933833,9.837060709819701,exact
nfat,egr1,False,baseline,5,17,0.45461655202580237,0.08525384914997357,0.5924754531006834,7.844929858818768,exact
nfat,egr1,False,augmented,1,17,0.3593131638976126,0.2901103672683785,0.7676196405440301,8.820805275445986,exact
nfat,egr1,False,augmented,2,17,0.46442476853431236,0.3121969449304548,0.7370995808075841,9.194899947412004,exact
nfat,egr1,False,augmented,3,17,0.33914726108576354,0.2746035869984359,0.6622379688702696,6.431403505497685,exact
nfat,egr1,False,augmented,4,17,0.5712471490299363,0.3184941099981601,0.41815319135659695,5.772245896097706,exact
nfat,egr1,False,augmented,5,17,0.2228853705047625,0.1532411962624414,0.5975878246733873,6.010097622790677,exact
nfat,engrailed,False,baseline,1,17,0.2266039712343861,0.30445195520287344,0.8113218274502237,6.312280571686049,exact
nfat,engrailed,False,baseline,2,17,0.25163020381016815,0.002922152414634387,0.45765138275280004,8.617304524115806,exact
nfat,engrailed,False,baseline,3,17,0.1715017920490311,0.1186677053175161,0.12219167678090367,7.772457038684913,exact
nfat,engrailed,False,baseline,4,17,0.29804301084161633,0.20418892477446726,0.6879739429821682,6.2471702776094595,exact
nfat,engrailed,False,baseline,5,17,0.29707269986809776,0.1867886899587863,0.6446343974521123,7.757753750642742,exact
nfat,engrailed,False,augmented,1,17,0.4762240409520849,0.2097800277306038,0.5542255015123938,8.594648733475506,exact
nfat,engrailed,False,augmented,2,17,0.3755610508186479,0.2345408581349419,0.5053807773143764,8.074180307035334,exact
nfat,engrailed,False,augmented,3,17,0.24772323957736767,0.09149551794926987,0.6151249201588133,7.469001473796023,exact
nfat,engrailed,False,augmented,4,17,0.4148589131883022,0.10607035865928302,0.3179210464694073,6.752394233069184,exact
nfat,engrailed,False,augmented,5,17,0.36161725235386655,-0.004681842339973437,0.3468155934960599,4.817146110427291,exact
nfat,err,False,baseline,1,17,0.21811920511653374,0.04329040480842282,0.7496198981262722,8.806217021818068,exact
nfat,err,False,baseline,2,17,0.17871835422741422,0.15973306412014954,0.5240640330467438,7.482246429634568,exact
nfat,err,False,baseline,3,17,0.5189166188900282,0.35084354314515453,0.5401873004091656,7.025589193771452,exact
nfat,err,False,baseline,4,17,0.24279632390975697,0.14029912272137132,0.5715890944776221,8.001219316945631,exact
nfat,err,False,baseline,5,17,0.23337645326653506,0.1379423123106545,0.417633176548434,7.083922157061961,exact
nfat,err,False,augmented,1,17,0.38738323769427446,0.39469410881893496,0.672089521350606,8.006438249646648,exact
nfat,err,False,augmented,2,17,0.28770521970918167,0.1335123686542588,0.5751818205827041,6.963833099025236,exact
nfat,err,False,augmented,3,17,0.30934056685197503,0.3271837095285606,0.45934425927998507,7.936018409657031,exact
nfat,err,False,augmented,4,17,0.2319819221508986,0.1893900107101725,0.5038057575219164,9.465008810742873,exact
nfat,err,False,augmented,5,17,0.32201667137787787,0.22998075470768112,0.5442609283123142,8.719190880132455,exact
nfat,ets1,False,baseline,1,17,0.23126364749135475,0.2714348046367324,0.4587313311286482,8.508887873948705,exact
nfat,ets1,False,baseline,2,17,0.3168926831467328,0.026285402984685038,0.794792521618248,7.153000506189304,exact
nfat,ets1,False,baseline,3,17,0.3150816360564166,0.0848754056454497,0.36406831964482006,8.913632315642547,exact
nfat,ets1,False,baseline,4,17,0.2241891166546694,0.24232873876063277,0.6823172662687162,7.558885518394229,exact
nfat,ets1,False,baseline,5,17,0.5619770922845706,0.39843080199562797,0.6742360446880233,7.693017569008696,exact
nfat,ets1,False,augmented,1,17,0.5349208027246957,0.47724497114862935,0.7366527746561097,5.8840089098759805,exact
nfat,ets1,False,augmented,2,17,0.4569942900713467,0.25897899259316365,0.7287794513835713,9.865785837195515,exact
nfat,ets1,False,augmented,3,17,0.3644390523013765,0.4680673091397134,0.48379664720194376,8.822069577820008,exact
nfat,ets1,False,augmented,4,17,0.40505692604008564,0.28288777604693177,0.7384714692299793,8.110359696511074,exact
nfat,ets1,False,augmented,5,17,0.3284271527506594,0.3458717953868978,0.832858493133051,7.383072889025393,exact
nfat,foxa,False,baseline,1,17,0.28006381352457427,0.22799279011500423,0.7220318084554199,6.548253078125935,exact
nfat,foxa,False,baseline,2,17,0.20394562428546226,0.11052389011200932,0.6347172121972993,8.023928835090274,exact
nfat,foxa,False,baseline,3,17,0.337698749574017,0.2549141586565857,0.7072529920033038,8.145783161622456,exact
nfat,foxa,False,baseline,4,17,0.17653187385326816,0.10564065824730796,0.6979884965532533,9.991747820518523,exact
nfat,foxa,False,baseline,5,17,0.1882466182394944,0.061266173833582994,0.5717032311270888,7.188117688585898,exact
nfat,foxa,False,augmented,1,17,0.34251616749105773,0.2711519565513478,0.7291280091782701,8.15867280033495,exact
nfat,foxa,False,augmented,2,17,0.301640759827088,0.1390660721868875,0.7312653693038812,7.274621281878839,exact
nfat,foxa,False,augmented,3,17,0.2987085691938293,0.17548061023528505,0.4166488759166889,6.223275571440228,exact
nfat,foxa,False,augmented,4,17,0.5411237741061757,0.2580691756995062,0.4025186958024559,7.657420203990887,exact
nfat,foxa,False,augmented,5,17,0.3009285200485968,0.2291797606951192,0.5419834968530178,6.767644875976884,exact
nfat,hsf,False,baseline,1,17,0.016250939516137958,0.018665347505578727,0.6572380135359579,9.20589018349588,exact
nfat,hsf,False,baseline,2,17,0.2913826920281184,0.15090113717587517,0.5971404115798368,7.643126598125846,exact
nfat,hsf,False,baseline,3,17,0.19669089159192665,0.09526652039360735,0.7253414184857415,5.081968014745705,exact
nfat,hsf,False,baseline,4,17,0.0294963901503097,0.031156682361758406,0.7340027192252098,6.896970104100233,exact
nfat,hsf,False,baseline,5,17,0.5007453275361962,0.06349183897739367,0.4489552780255374,7.6248481158283825,exact
nfat,hsf,False,augmented,1,17,0.3716210589997021,0.3462883715150342,0.7164222863448553,8.338091457082738,exact
nfat,hsf,False,augmented,2,17,0.3384926726472242,0.5363093519251083,0.46299281676986054,7.687155309549722,exact
nfat,hsf,False,augmented,3,17,0.1355929585984758,0.14634633709159037,0.4693998952611956,7.149514568746245,exact
nfat,hsf,False,augmented,4,17,0.29289828996324274,0.28898709601402517,0.7172930157615028,8.561260182847557,exact
nfat,hsf,False,augmented,5,17,0.3562071332865463,0.2100456140120996,0.7265939579403542,8.142158064376027,exact
nfat,irf,False,baseline,1,17,0.2685609439575111,0.24542284759979385,0.6715183169813236,6.1658256342055076,exact
nfat,irf,False,baseline,2,17,0.23278371141528517,0.11525540159752987,0.5599451552850061,8.934560920378267,exact
nfat,irf,False,baseline,3,17,0.4065782989552459,0.2910462271858424,0.8027723209658179,8.937303280259087,exact
nfat,irf,False,baseline,4,17,0.3257435661431336,0.2548564446989953,0.5014395551931534,6.588050213050977,exact
nfat,irf,False,baseline,5,17,0.4076532397891674,0.3217685970496729,0.7154329000769036,7.763320124525363,exact
nfat,irf,False,augmented,1,17,0.34181758417697267,0.17801722545266077,0.24904124582032094,7.281457866237377,exact
nfat,irf,False,augmented,2,17,0.12862153376021188,0.03969481498298499,0.6873242191604683,6.787813548459416,exact
nfat,irf,False,augmented,3,17,0.09467203292044998,-0.03628789607514126,0.7168183856084068,7.361784448558758,exact
nfat,irf,False,augmented,4,17,0.2200313235942819,0.07812632298955008,0.7112991397362622,7.384267632901086,exact
nfat,irf,False,augmented,5,17,0.3223764652133104,0.15878772772689406,0.35347914313354617,6.6664923668126175,exact
nfat,lef1,False,baseline,1,17,0.3066327748669224,0.1626117135717127,0.7902318610247826,9.6993780093818,exact
nfat,lef1,False,baseline,3,17,0.32698667098481315,0.11868482327956305,0.4428345208292581,8.119663479451182,exact
nfat,lef1,False,baseline,4,17,0.33693640789876333,0.15663674644173292,0.7897938042665938,5.784062037827315,exact
nfat,lef1,False,baseline,5,17,0.36441718111847543,0.23642421104698474,0.7698263573687927,8.03074560819595,exact
nfat,lef1,False,augmented,1,17,0.4632794669016268,0.03628404521490322,0.32545222896763054,10.420564115400204,exact
nfat,lef1,False,augmented,2,17,0.3648913999728838,0.25736228794081123,0.6778476705397796,7.644379313462938,exact
nfat,lef1,False,augmented,3,17,0.33804925821714926,0.27805178733392594,0.7135811294938911,8.624636978333447,exact
nfat,lef1,False,augmented,4,17,0.4928590068125988,0.38570405566831334,0.7448016131849526,8.298579694398736,exact
nfat,lef1,False,augmented,5,17,0.21872867994155482,0.22978317350062563,0.6648201389999158,7.2559846070994745,exact
nfat,nfat,True,baseline,1,17,0.35529834040467495,0.12623874541567226,0.44118405272535116,8.0383363433302,exact
nfat,nfat,True,baseline,2,17,0.1674935569698329,0.13941515431083848,0.6021072750347879,9.050631360340985,exact
nfat,nfat,True,baseline,3,17,0.4682158289181663,0.1945005713132997,0.5177910746755165,9.435456453370511,exact
nfat,nfat,True,baseline,4,17,0.39793745001477715,0.22685778279136556,0.7854641786403724,10.01840214787897,exact
nfat,nfat,True,baseline,5,17,0.2380594734724862,0.19348629970493433,0.7732147148322922,9.769481986208142,exact
nfat,nfat,True,augmented,1,17,0.7319616802907453,0.6977234457440401,0.858284628232046,9.231830321555845,exact
nfat,nfat,True,augmented,2,17,0.6802280877345692,0.7911441407686732,0.6819140316519234,5.952113671442693,exact
nfat,nfat,True,augmented,3,17,0.4702197122010756,0.7325187805225924,0.5315925485320446,6.77662487928791,exact
nfat,nfat,True,augmented,5,17,0.7644263516610111,0.7855852155318283,0.7280430239096344,8.046187851214418,exact
nfat,runx,False,baseline,1,17,0.2034872975149012,0.06010558945544098,0.7423245920481759,6.101075760350783,exact
nfat,runx,False,baseline,2,17,0.29565905567725215,0.20061516287619205,0.43376446175695166,8.405832637424428,exact
nfat,runx,False,baseline,3,17,0.28834429550609203,0.22440115917527362,0.6650107249117485,9.546670432881939,exact
nfat,runx,False,baseline,4,17,0.3330089802187214,0.12902365390677537,0.5396441533455802,10.313260463308035,exact
nfat,runx,False,baseline,5,17,0.22327147945803927,0.03586816735385351,0.5665945661102578,9.85281376483097,exact
nfat,runx,False,augmented,1,17,0.32665718157114326,0.1452311768565129,0.7956857616230884,7.882569854325497,exact
nfat,runx,False,augmented,2,17,0.2485103672888128,0.47021418680280563,0.5185979611163144,8.12831098845631,exact
nfat,runx,False,augmented,3,17,0.44279802770377613,0.1974434731788607,0.5253225528048987,10.687393282891286,exact
nfat,runx,False,augmented,4,17,0.4133681688885598,0.37526448683893837,0.703264102008458,9.781921374780417,exact
nfat,runx,False,augmented,5,17,0.4860553631757045,0.3299401172704102,0.6939328904508635,7.569009324126604,exact
nfat,tbp,False,baseline,1,17,0.5957469756661835,0.4415821747959367,0.7528853211583868,10.91493622511384,exact
nfat,tbp,False,baseline,2,17,0.19917771552862296,0.11687002500472866,0.7417270586860785,9.9148342349604,exact
nfat,tbp,False,baseline,3,17,0.48619244801895245,0.29518862193123474,0.545912925638229,6.508503528539787,exact
nfat,tbp,False,baseline,4,17,0.32732043395981014,0.27174805217486564,0.7419700582723258,8.026717511686234,exact
nfat,tbp,False,baseline,5,17,0.39109510876653414,0.32103637436541654,0.7573676453795057,7.6091403042943835,exact
nfat,tbp,False,augmented,1,17,0.19445602565804615,0.06675068307005294,0.34801513039225535,8.098117553858474,exact
nfat,tbp,False,augmented,2,17,0.28617429230848407,0.21435859764753842,0.6594469048655046,8.773112736174461,exact
nfat,tbp,False,augmented,3,17,0.45016732166293577,0.37116049458121575,0.7837477014518849,9.242991233083975,exact
nfat,tbp,False,augmented,4,17,0.33336653846789066,0.24531371721483833,0.6223242854570701,6.06894113178415,exact
nfat,tbp,False,augmented,5,17,0.3550024620190249,0.2726881351195455,0.6788187415190788,9.617560746572808,exact
runx,csl,False,baseline,1,35,0.39730841286117374,0.36688734812655,0.5908127881755405,9.019738444934065,held_out
runx,csl,False,baseline,2,35,0.3200643821226237,0.27765165342845927,0.6763177396338732,9.83271702857218,held_out
runx,csl,False,baseline,3,35,0.517212801727314,0.31256881112928286,0.7033105121802296,10.139873391692147,held_out
runx,csl,False,baseline,4,35,0.3428254445460987,0.3195960168920129,0.7787065371213159,5.9444518029265705,held_out
runx,csl,False,baseline,5,35,0.34901977436808657,0.28937324219648436,0.7814540924869889,7.845687882210816,held_out
runx,csl,False,augmented,1,35,0.4781056031028194,0.04692235129218062,0.08632484158939562,3.691043402624203,held_out
runx,csl,False,augmented,2,35,0.4495913670530488,0.42063407710541245,0.7649616455949978,9.534959833192529,held_out
runx,csl,False,augmented,3,35,0.46804178864358353,0.28148524998261937,0.7081665710375065,8.54532433449464,held_out
runx,csl,False,augmented,4,35,0.5773318809546885,0.41509746707946765,0.571965536535449,9.041681581714128,held_out
runx,csl,False,augmented,5,35,0.27829889796237506,0.21536994771472262,0.4592057514664847,10.19604352225279,held_out
runx,egr1,False,baseline,1,35,0.5195162117404774,0.2599582409420995,0.5014840282706866,8.118317510126118,held_out
runx,egr1,False,baseline,2,35,0.37323691407930565,0.38452183859271966,0.6041988442154695,9.45331765806661,held_out
runx,egr1,False,baseline,3,35,0.4593052598415506,0.3781273916300214,0.5832177328603124,8.762750162655077,held_out
runx,egr1,False,baseline,4,35,0.2912268941014631,0.2557481733815643,0.49294574292009213,10.577518848027523,held_out
runx,egr1,False,baseline,5,35,0.380491571302798,0.40455289351875606,0.6467065207174632,7.80962793426511,held_out
runx,egr1,False,augmented,1,35,0.34949149463180845,0.29630178527424195,0.5434777120749341,10.796497329765641,held_out
runx,egr1,False,augmented,2,35,0.38014410254778214,0.372291782107141,0.4525317876223671,9.78929621008542,held_out
runx,egr1,False,augmented,3,35,0.46759390265686707,0.40153022982417563,0.8243887579677012,7.694988301496246,held_out
runx,egr1,False,augmented,4,35,0.42795983843953034,0.4567363858198255,0.7700643855925634,7.328202288939061,held_out
runx,egr1,False,augmented,5,35,0.5692466293951177,0.5431421676166654,0.9173296491890266,8.610079831512145,held_out
runx,engrailed,False,baseline,1,35,0.3976305992760641,0.4361726755841044,0.8892988049556461,5.92221048983529,held_out
runx,engrailed,False,baseline,2,35,0.13633425922425382,0.14610948699131573,0.6249330025156562,7.748151696944441,held_out
runx,engrailed,False,baseline,3,35,0.13967619066294934,0.2882874701072362,0.6428186834307379,7.530375966216592,held_out
runx,engrailed,False,baseline,4,35,0.35735052155204083,0.3401283416995989,0.8822831847549516,9.405293254933568,held_out
runx,engrailed,False,baseline,5,35,0.4414314287663597,0.41261420569293467,0.7557144537888907,9.76456865409138,held_out
runx,engrailed,False,augmented,1,35,0.4011327270650742,0.31853441022810336,0.7088761879487068,10.31798795930283,held_out
runx,engrailed,False,augmented,2,35,0.32654036386983104,0.3611489252620053,0.6749444159970917,8.64963036486446,held_out
runx,engrailed,False,augmented,3,35,0.35199924872590915,0.33409449064929647,0.7097048445654262,8.05808847932875,held_out
runx,engrailed,False,augmented,4,35,0.4788800870771694,0.41029464301970003,0.8505544851724778,8.908094750829038,held_out
runx,engrailed,False,augmented,5,35,0.34514592981491116,0.2743581340707969,0.5494993755704946,9.300616388839831,held_out
runx,err,False,baseline,1,35,0.4699842411746077,0.41205337649942264,0.7999225572725667,8.250572682999772,held_out
runx,err,False,baseline,2,35,0.44344057069633314,0.36509528799369767,0.6663883311065536,11.001213567703052,held_out
runx,err,False,baseline,3,35,0.5125285718603869,0.4134999546324535,0.8985439533160213,7.537682702763158,held_out
runx,err,False,baseline,4,35,0.5290215284226956,0.45572928353171877,0.7559190897405003,10.145145257759923,held_out
runx,err,False,baseline,5,35,0.36046076581945774,0.31632549408243565,0.7036663274836125,7.781623511135447,held_out
runx,err,False,augmented,1,35,0.35809417929773496,0.34309547264602896,0.5710505361721917,8.785891977267848,held_out
runx,err,False,augmented,2,35,0.42900339696505985,0.39001238543246247,0.6542928780097951,8.604639799678898,held_out
runx,err,False,augmented,3,35,0.5294549063758524,0.4121746599292408,0.7533311133527492,7.790845548585594,held_out
runx,err,False,augmented,4,35,0.46927873525609193,0.3985451791799986,0.8279400042747831,9.253009239415098,held_out
runx,err,False,augmented,5,35,0.37199399776472486,0.33484376475832633,0.5851708884598618,8.384968199854537,held_out
runx,ets1,False,baseline,1,35,0.4548422679881198,0.46054003768780744,0.931686266967558,9.191224690703095,held_out
runx,ets1,False,baseline,2,35,0.45967609091328226,0.4529844746355926,0.8571038380332481,7.441680222958265,held_out
runx,ets1,False,baseline,3,35,0.20953596714239373,0.30860925895396835,0.6971238923973385,7.323364414355741,held_out
runx,ets1,False,baseline,4,35,0.45962020445311813,0.38417586000361,0.722205430856951,8.434076033888676,held_out
runx,ets1,False,baseline,5,35,0.45818412404150266,0.40563742147531134,0.524735914078137,11.028970805558622,held_out
runx,ets1,False,augmented,1,35,0.6084576077728562,0.5187700023835697,0.8419119173815791,8.995740441472567,held_out
runx,ets1,False,augmented,2,35,0.42932702887459046,0.34827337068149716,0.7736513340372488,7.394775425819015,held_out
runx,ets1,False,augmented,3,35,0.3743112905960973,0.3142456555404776,0.5168426690054083,9.459391488182355,held_out
runx,ets1,False,augmented,4,35,0.3238668572502907,0.34088846771966813,0.5932321773806057,7.486011065525192,held_out
runx,ets1,False,augmented,5,35,0.45824928512583024,0.3905922490167778,0.6267731036720811,8.829920778148802,held_out
runx,foxa,False,baseline,1,35,0.44249048967871524,0.38615785422601184,0.5812420714672705,5.5119526262806495,held_out
runx,foxa,False,baseline,2,35,0.37089565409002123,0.37264614776832977,0.6511107808309248,7.042778888500864,held_out
runx,foxa,False,baseline,3,35,0.43663801918008227,0.4179382687746779,0.680980271679188,8.603681418951584,held_out
runx,foxa,False,baseline,4,35,0.31580520991456795,0.2761840645929421,0.5787895087379571,8.40104845503907,held_out
runx,foxa,False,baseline,5,35,0.3732574554626436,0.33196136856087205,0.7902926951336338,9.833185004188254,held_out
runx,foxa,False,augmented,1,35,0.3181229301167585,0.23970588738359502,0.41856733524559,9.019731498743697,held_out
runx,foxa,False,augmented,2,35,0.49431235514652444,0.4877769676705518,0.8488899290610803,10.370796336644148,held_out
runx,foxa,False,augmented,3,35,0.36309917257927815,0.39125447650603257,0.803554797765442,8.26751278906962,held_out
runx,foxa,False,augmented,4,35,0.486372904853048,0.4822099951478505,0.7832310982738679,10.608756835307913,held_out
runx,foxa,False,augmented,5,35,0.43805998708518873,0.3667607214462482,0.6895682911699987,8.345460500739442,held_out
runx,hsf,False,baseline,1,35,0.3711240308615045,0.33778707903592226,0.813488202123357,8.234073703663965,held_out
runx,hsf,False,baseline,2,35,0.3922706380454768,0.37679797239393026,0.674304918579848,8.693383029999405,held_out
runx,hsf,False,baseline,3,35,0.4561371134949254,0.4091701380908992,0.6790581765106217,6.663855582392,held_out
runx,hsf,False,baseline,4,35,0.40428745563200735,0.23821514407352612,0.5781785671937147,11.171314364957052,held_out
runx,hsf,False,baseline,5,35,0.43888554700271454,0.4244884401715837,0.95280048955821,8.369804393298619,held_out
runx,hsf,False,augmented,1,35,0.45351807654867066,0.3442328053137231,0.6385146943665557,8.937007219339023,held_out
runx,hsf,False,augmented,2,35,0.47561415315912986,0.3705994538538418,0.7345915249410607,9.107852442615465,held_out
runx,hsf,False,augmented,3,35,0.41633933165814846,0.3977747737822026,0.8413017927765312,9.960120771227656,held_out
runx,hsf,False,augmented,4,35,0.3993637135107017,0.2820809412089487,0.6099939014047915,8.948265336699368,held_out
runx,hsf,False,augmented,5,35,0.4468229283514668,0.34784413091976685,0.5288523281093173,9.548257114086297,held_out
runx,irf,False,baseline,1,35,0.4380757563966766,0.44304320346594245,0.7133695352582498,9.321816494041606,held_out
runx,irf,False,baseline,2,35,0.39176253524303783,0.3375393158610042,0.6485488565488953,9.083533646778147,held_out
runx,irf,False,baseline,3,35,0.5256653763259502,0.3538657230710581,0.46726325097026805,10.262791320786592,held_out
runx,irf,False,baseline,4,35,0.42990610898866205,0.32167143213533445,0.7377636975513345,8.645822050787338,held_out
runx,irf,False,baseline,5,35,0.3912381372724358,0.36224326581572414,0.5680252845117522,7.976533802459877,held_out
runx,irf,False,augmented,1,35,0.3488777678150897,0.28636800446231536,0.5926720292300361,7.4433944129641585,held_out
runx,irf,False,augmented,2,35,0.23837117341274414,0.32014964139955965,0.6112971795803841,8.047174399073986,held_out
runx,irf,False,augmented,3,35,0.48502900214683087,0.4130574728672942,0.8915242571533736,8.867641644299296,held_out
runx,irf,False,augmented,4,35,0.3325176404840266,0.25672085681568546,0.47485223962697715,10.580837771659624,held_out
runx,irf,False,augmented,5,35,0.3505146274134843,0.36073619009390195,0.7384849628431163,6.514408760631692,held_out
runx,lef1,False,baseline,1,35,0.45733966216169464,0.46415162290854023,0.8457063584418952,10.475154292227272,held_out
runx,lef1,False,baseline,3,35,0.33796186904708964,0.25617851710498246,0.7148951131225179,8.432314366824986,held_out
runx,lef1,False,baseline,4,35,0.4911580131256504,0.32577645738086464,0.47160584761739516,7.465366660929847,held_out
runx,lef1,False,baseline,5,35,0.5234646656960613,0.317149377386854,0.6441522378720386,11.458943202382951,held_out
runx,lef1,False,augmented,1,35,0.46833900620286956,0.36346052530592615,0.8560630533766306,8.773699273393056,held_out
runx,lef1,False,augmented,2,35,0.40501281743608125,0.3733014157728944,0.7985118391855904,7.363394267884313,held_out
runx,lef1,False,augmented,3,35,0.49360692132231737,0.3954177470597269,0.6220021732860738,8.255180987830345,held_out
runx,lef1,False,augmented,4,35,0.3469201694070838,0.3635938722487992,0.7091248802998313,9.379970684886432,held_out
runx,lef1,False,augmented,5,35,0.4853123465352136,0.3384820344986751,0.5431963081572387,8.077276257803835,held_out
runx,nfat,False,baseline,1,35,0.38664942413143877,0.32840309080135643,0.7665450611831893,8.106721442981614,held_out
runx,nfat,False,baseline,2,35,0.38593022506029795,0.4286636282148369,0.630740064763644,8.927279234875577,held_out
runx,nfat,False,baseline,3,35,0.41338238353912937,0.37679399565740795,0.802858262259375,8.520840349322643,held_out
runx,nfat,False,baseline,4,35,0.6049962860528589,0.44612172382660276,0.6676455237939393,9.918070638690779,held_out
runx,nfat,False,baseline,5,35,0.5018929681238247,0.4255695267230665,0.7039747381007336,8.982511733807453,held_out
runx,nfat,False,augmented,1,35,0.38233297618077494,0.42901908030821856,0.815588653801567,11.847332064351699,held_out
runx,nfat,False,augmented,2,35,0.38754135924603406,0.2324607847498247,0.4806590558146503,10.549976585268297,held_out
runx,nfat,False,augmented,3,35,0.32889633071163465,0.27937507965650005,0.7267106660934246,9.765218032415257,held_out
runx,nfat,False,augmented,5,35,0.5651637708987546,0.37785401101229815,0.502775584448129,9.102070895380992,held_out
runx,runx,True,baseline,1,35,0.2896169467243011,0.3004810029581669,0.5409760451943392,8.142685781132538,held_out
runx,runx,True,baseline,2,35,0.5046383280097049,0.4356918746003375,0.8370935452524034,7.508945830948014,held_out
runx,runx,True,baseline,3,35,0.4916208053999855,0.3944912253191698,0.715519922080406,8.871794467262806,held_out
runx,runx,True,baseline,4,35,0.4759836207937528,0.4068073292874244,0.7957963990513612,7.427860014352296,held_out
runx,runx,True,baseline,5,35,0.4032403824805294,0.4628727884498653,0.7746714143919408,7.200927820155933,held_out
runx,runx,True,augmented,1,35,0.7727233546301198,0.7606212254436998,0.9724020093047312,9.687681548013508,held_out
runx,runx,True,augmented,2,35,0.6021296218849865,0.6562545854511506,0.829059976791399,8.40716103789358,held_out
runx,runx,True,augmented,3,35,0.5212104380912466,0.5354951334685892,0.9814724677512865,11.361249698309578,held_out
runx,runx,True,augmented,4,35,0.7655884924255125,0.7611019365431116,0.916049058121185,8.582718531631857,held_out
runx,runx,True,augmented,5,35,0.7111416071709795,0.7012955026901594,0.9624887663512512,9.033412749854556,held_out
runx,tbp,False,baseline,1,35,0.19836700551342226,0.27348628379100814,0.638217281065814,7.892123699384612,held_out
runx,tbp,False,baseline,2,35,0.467229201918247,0.4192686658893194,0.7596432563627404,6.965111461734704,held_out
runx,tbp,False,baseline,3,35,0.32656183205132167,0.3443355253728092,0.6880302699468277,8.582228895703302,held_out
runx,tbp,False,baseline,4,35,0.3584872932188202,0.3225586380554056,0.7641515946203213,8.876807392823398,held_out
runx,tbp,False,baseline,5,35,0.3110375868316024,0.3093491053532793,0.659422154230697,7.701101421784507,held_out
runx,tbp,False,augmented,1,35,0.471305632873439,0.3209949899826968,0.7098379405300584,10.575555143887229,held_out
runx,tbp,False,augmented,2,35,0.4781800884019062,0.39562189372566586,0.8031242819588631,11.693694686105015,held_out
runx,tbp,False,augmented,3,35,0.3478003408982253,0.40859044751991763,0.5831416789295081,9.103093974383059,held_out
runx,tbp,False,augmented,4,35,0.512866153457488,0.37031350431589855,0.6545505120151428,6.303465456564258,held_out
runx,tbp,False,augmented,5,35,0.4394968177933175,0.3576565434193275,0.7474229162153583,9.811064108769193,held_out
tbp,csl,False,baseline,1,94,0.6848983653197084,-0.2105950327166723,0.05708571437546799,6.236864963149552,held_out
tbp,csl,False,baseline,2,94,0.7632001125165923,0.1905988265435763,0.15506556034434396,5.079927617772709,held_out
tbp,csl,False,baseline,3,94,0.8517490067937619,0.3756742236725443,0.2546785044730183,6.055433570002626,held_out
tbp,csl,False,baseline,4,94,0.7901648572695621,-0.08799968009264098,-0.09818069985101478,4.365402638370042,held_out
tbp,csl,False,baseline,5,94,0.9250413803910508,0.4148275488305922,0.48107147828057206,8.59927441679369,held_out
tbp,csl,False,augmented,1,94,0.6036202667331519,0.2501531471496703,0.3846382184952713,5.6131458929458224,held_out
tbp,csl,False,augmented,2,94,0.901276664488762,0.18765556832614377,0.2535988176923867,6.783180595537118,held_out
tbp,csl,False,augmented,3,94,0.8604609113103598,0.3837849478861948,0.4632006082792166,6.659866262486819,held_out
tbp,csl,False,augmented,4,94,0.8135601710794383,0.15271577727967314,0.02554460764017874,5.116243093053373,held_out
tbp,csl,False,augmented,5,94,0.8918463222087153,0.24683658891822005,0.1159757853906674,7.0319742221891595,held_out
tbp,egr1,False,baseline,1,94,0.8555687070018496,0.43470815023823384,0.3016459685709115,7.576117199960863,held_out
tbp,egr1,False,baseline,2,94,0.8959630689065952,0.4452830564363448,0.4437158895731737,8.99502310748957,held_out
tbp,egr1,False,baseline,3,94,0.71848635658854,0.1760784573326485,0.39172534449608065,5.241166992911553,held_out
tbp,egr1,False,baseline,4,94,0.8143410393687663,0.6004150248168447,0.495808964561162,6.4736007962912465,held_out
tbp,egr1,False,baseline,5,94,0.8221490016040045,0.37308862862938386,0.2856354612900736,6.453817166610023,held_out
tbp,egr1,False,augmented,1,94,0.7041431798841241,0.34067925683596495,0.6302804940111749,6.104602380927011,held_out
tbp,egr1,False,augmented,2,94,0.7595728645252406,0.49285127462630324,0.4218574286847269,6.003160993592132,held_out
tbp,egr1,False,augmented,3,94,0.843764557013057,0.35583328445016144,0.3488198857620666,3.276173238399257,held_out
tbp,egr1,False,augmented,4,94,0.6436287731151212,-0.12062371602632929,0.1113092054370465,4.274288963045329,held_out
tbp,egr1,False,augmented,5,94,0.8247253657539777,0.39904972532782257,0.33148595970539385,5.153336127490063,held_out
tbp,engrailed,False,baseline,1,94,0.935403176003085,0.45032853376801735,0.49156376486865716,7.061171795527308,held_out
tbp,engrailed,False,baseline,2,94,0.7684000505273665,-0.05889697012705857,0.10772034688914703,4.8783102325776415,held_out
tbp,engrailed,False,baseline,3,94,0.6706187194764082,0.1572333275643387,-0.05133552891441255,7.51225845588056,held_out
tbp,engrailed,False,baseline,4,94,0.8160947641534645,0.42126888532233553,0.25827920937168697,6.238547804908919,held_out
tbp,engrailed,False,baseline,5,94,0.8540854919306649,-0.17340287248661393,-0.04034789673421824,5.6651518699283185,held_out
tbp,engrailed,False,augmented,1,94,0.6397725678023087,0.48875383418240864,0.4528983432815887,8.154363640461936,held_out
tbp,engrailed,False,augmented,2,94,0.951018746980559,0.44346505137932263,0.4386852760206599,8.345140681489926,held_out
tbp,engrailed,False,augmented,3,94,0.868500305339949,0.5744455226760296,0.5669093774588008,6.305806998486037,held_out
tbp,engrailed,False,augmented,4,94,0.6509143856226227,0.22391443048087714,0.05193812181709915,5.311996700062064,held_out
tbp,engrailed,False,augmented,5,94,0.9081831290428064,0.1611637101089414,0.2111348242208932,8.219010443459357,held_out
tbp,err,False,baseline,1,94,0.8638788121759383,0.4825476202009576,0.5064104654929341,5.82961097720196,held_out
tbp,err,False,baseline,2,94,0.6865762148392717,0.22506453522186845,0.1916953159992565,3.7907072974965907,held_out
tbp,err,False,baseline,3,94,0.8441359241178443,0.2330877794642214,0.1389161211820961,6.070292082274207,held_out
tbp,err,False,baseline,4,94,0.698268036466449,0.08299621278424368,-0.00443255093161953,4.375133812794824,held_out
tbp,err,False,baseline,5,94,0.9109575508705163,0.3768262641289722,0.45114056859429613,7.8075912452750025,held_out
tbp,err,False,augmented,1,94,0.7423220361010191,0.3322038018237365,0.14435064724943542,5.74056505384694,held_out
tbp,err,False,augmented,2,94,0.7567370960983184,0.5892880655938855,0.45828162288607344,9.010017986547892,held_out
tbp,err,False,augmented,3,94,0.8743910616853198,0.6369066028396367,0.5367212706916032,6.301236235168563,held_out
tbp,err,False,augmented,4,94,0.8532769184473337,0.3905566305348955,0.24238719464916023,8.157429216088486,held_out
tbp,err,False,augmented,5,94,0.8813186857772509,0.38297076213210185,0.36202353015203925,5.967457980151156,held_out
tbp,ets1,False,baseline,1,94,0.9283630637151548,0.3523946666054687,0.43396981521294214,6.812832985995385,held_out
tbp,ets1,False,baseline,2,94,0.8733159064998415,-0.11762774745399376,0.04253903078324207,5.902463240789396,held_out
tbp,ets1,False,baseline,3,94,0.8835125369800167,0.17895904155391262,0.12840575688245737,5.789476307281818,held_out
tbp,ets1,False,baseline,4,94,0.8436244259013652,0.36943230025138224,0.28141675601145233,6.242064508940277,held_out
tbp,ets1,False,baseline,5,94,0.852146354559908,0.20046253571130448,0.2990641988174352,6.00299731803035,held_out
tbp,ets1,False,augmented,1,94,0.8273216323649434,-0.157311273086085,-0.23492015573396308,6.2754487722629815,held_out
tbp,ets1,False,augmented,2,94,0.7769938054058991,0.3193015718484392,0.30711814020271894,4.631474942407814,held_out
tbp,ets1,False,augmented,3,94,0.1945185541566388,0.2715551211343605,0.1435597840972401,5.115265894688397,held_out
tbp,ets1,False,augmented,4,94,0.5822087801782884,0.03460644194474017,0.07687391176098289,4.69787830359045,held_out
tbp,ets1,False,augmented,5,94,0.6586754598220762,0.08252134031498384,0.11789111883511658,5.6543309663296455,held_out
tbp,foxa,False,baseline,1,94,0.9120057683403868,0.4205456297647187,0.3825162196976036,6.854185465823886,held_out
tbp,foxa,False,baseline,2,94,0.6373461126712685,0.36248998186016,0.4815088263586954,3.430722834513544,held_out
tbp,foxa,False,baseline,3,94,0.5645568550203439,0.076508724536739,-0.32153080409274754,6.094936167838732,held_out
tbp,foxa,False,baseline,4,94,0.7042994943439419,0.3453055648019046,0.30782562064000446,5.1454173297337915,held_out
tbp,foxa,False,baseline,5,94,0.8956352822128602,-0.00016017614898998508,-0.08718800076417393,7.536384064063974,held_out
tbp,foxa,False,augmented,1,94,0.6937843929506362,0.4070175159906844,0.36992946269770816,5.07724587828528,held_out
tbp,foxa,False,augmented,2,94,0.7494470097544267,0.16268169831836088,0.3547746929170002,5.435216647071567,held_out
tbp,foxa,False,augmented,3,94,0.9394806351154421,0.5846126102716602,0.5942995066616726,4.8273946049340175,held_out
tbp,foxa,False,augmented,4,94,0.8214438828903484,0.28525620320982015,0.2133582147946603,6.878841852117079,held_out
tbp,foxa,False,augmented,5,94,0.7883756056403161,0.5639933727565917,0.6210627152542876,5.612546389749809,held_out
tbp,hsf,False,baseline,1,94,0.6666153711391664,0.26466006092854244,0.04301934962665554,5.845004808244737,held_out
tbp,hsf,False,baseline,2,94,0.6737057612665875,0.16985260890641238,-0.007384614858372819,5.941731171995533,held_out
tbp,hsf,False,baseline,3,94,0.7768495762135114,-0.1557890614384809,-0.06279467021423371,5.195176608877632,held_out
tbp,hsf,False,baseline,4,94,0.9065660883494449,-0.2220244088827438,-0.25206477274375816,5.137937692651219,held_out
tbp,hsf,False,baseline,5,94,0.8261445153014898,0.38008759572365214,0.470429357014394,4.4292422777746365,held_out
tbp,hsf,False,augmented,1,94,0.9147200156416735,0.3405912105310054,0.2705408054734091,7.818723256531686,held_out
tbp,hsf,False,augmented,2,94,0.8462546813283985,0.4214905311968464,0.5756568992144346,5.158867516095634,held_out
tbp,hsf,False,augmented,3,94,0.757463450121734,0.05093366003349171,0.1680331566542401,7.7569838495967005,held_out
tbp,hsf,False,augmented,4,94,0.8415780372986318,0.3815909959113524,0.3601446579194163,6.1569310742529755,held_out
tbp,hsf,False,augmented,5,94,0.850815088110558,0.2718982607445228,0.17504779960021455,8.038623418025521,held_out
tbp,irf,False,baseline,1,94,0.756084311610872,0.28744780290221433,0.5052643944940453,5.910329339012746,held_out
tbp,irf,False,baseline,2,94,0.833127835154897,0.09041492567976485,0.1361820786520919,6.959319395990981,held_out
tbp,irf,False,baseline,3,94,0.2618267428610369,0.2007619573119836,0.5060480992135871,8.503386841254354,held_out
tbp,irf,False,baseline,4,94,0.8082681373264778,0.4384060782344215,0.2554453128132178,6.226996896389691,held_out
tbp,irf,False,baseline,5,94,0.8823509377077455,0.393093156983204,0.43533819130449547,7.048537774216409,held_out
tbp,irf,False,augmented,1,94,0.6814979165352272,0.22271055977545887,-0.08044135910465297,6.0550652438465224,held_out
tbp,irf,False,augmented,2,94,0.7938848038004714,0.1300734186955996,0.15692889459263504,7.038184804384015,held_out
tbp,irf,False,augmented,3,94,0.8623164563009907,0.3849235877380684,0.411573579322174,5.932214606392615,held_out
tbp,irf,False,augmented,4,94,0.8004693825029651,0.2302352215444233,0.02550104242588479,4.393096304481449,held_out
tbp,irf,False,augmented,5,94,0.9276437428645525,0.4368442039825352,0.42993082150012296,8.095758616623637,held_out
tbp,lef1,False,baseline,1,94,0.7511649822511585,0.03495795159988017,0.08898355065462386,4.515290109144313,held_out
tbp,lef1,False,baseline,3,94,0.6586811790902721,0.1294803269662154,-0.07059129321040833,7.425412647710024,held_out
tbp,lef1,False,baseline,4,94,0.6522271817030546,0.42530527038953614,0.4691651181048265,5.982062927874299,held_out
tbp,lef1,False,baseline,5,94,0.7657794735991345,0.058376795560864406,-0.012868126885047883,4.981920850809487,held_out
tbp,lef1,False,augmented,1,94,0.7062324819449431,0.23647678515862666,-0.06850763368832344,6.377487498572614,held_out
tbp,lef1,False,augmented,2,94,0.7940713147926498,0.22364441772504487,0.14598251575772903,3.5544629064044937,held_out
tbp,lef1,False,augmented,3,94,0.9197035438738059,0.46899111553036205,0.46586642178015647,8.100307913629269,held_out
tbp,lef1,False,augmented,4,94,0.886025632042075,0.3826009855423807,0.2773383058208731,6.128973776679501,held_out
tbp,lef1,False,augmented,5,94,0.7519794329802253,0.2352895949409685,0.14301102111390832,6.618116228470825,held_out
tbp,nfat,False,baseline,1,94,0.8569247945209121,0.25611517768127173,0.27627410290408455,5.912757227296136,held_out
tbp,nfat,False,baseline,2,94,0.5494199410001452,0.5037192569131655,0.7478729563143929,4.920810283755609,held_out
tbp,nfat,False,baseline,3,94,0.7659756944215451,0.28983925963987495,0.3470221757784813,3.982843503752073,held_out
tbp,nfat,False,baseline,4,94,0.6468909291285521,0.20032132902763933,-0.04483526112422777,5.440068481592726,held_out
tbp,nfat,False,baseline,5,94,0.6657021479104438,0.11352683916585721,-0.17949198969077418,4.2879234742470285,held_out
tbp,nfat,False,augmented,1,94,0.6080340791240924,0.4010313652384232,0.08354734892099865,6.4280759545282455,held_out
tbp,nfat,False,augmented,2,94,0.7200103111695253,0.16101318233320877,0.15955955985528017,5.518245507472223,held_out
tbp,nfat,False,augmented,3,94,0.8086377339014621,0.440444103181372,0.3319271547661743,5.940664817308272,held_out
tbp,nfat,False,augmented,5,94,0.6620778907144037,0.5979110770580596,0.22467959223330902,7.330278070744268,held_out
tbp,runx,False,baseline,1,94,0.791354646457086,0.5270737996486208,0.4574179698678624,5.122834631455978,held_out
tbp,runx,False,baseline,2,94,0.830650829762381,0.26393424549733446,0.4158097699365009,5.319979757100905,held_out
tbp,runx,False,baseline,3,94,0.6573800000001676,0.5367520102295799,0.697929981990024,7.64143184587359,held_out
tbp,runx,False,baseline,4,94,0.8930195180201149,0.53783784824526,0.4402761971757148,6.758283901869709,held_out
tbp,runx,False,baseline,5,94,0.7498805576865286,0.5975627488583577,0.6753556778028276,4.040032708664735,held_out
tbp,runx,False,augmented,1,94,0.7269122971768434,-0.06923295589168267,-0.14251625892407238,5.8047620477540764,held_out
tbp,runx,False,augmented,2,94,0.6859304907760839,-0.11730528402620705,-0.28009644153999547,7.728453875334357,held_out
tbp,runx,False,augmented,3,94,0.7540276180686458,0.035826683988948775,0.20884147432707242,3.9239444217069237,held_out
tbp,runx,False,augmented,4,94,0.8056164862126014,0.5165435703148379,0.3070330712039918,5.022335017830486,held_out
tbp,runx,False,augmented,5,94,0.8449151278023986,-0.1364781171377806,-0.1314123648417316,6.375925586319449,held_out
tbp,tbp,True,baseline,1,94,0.6976136473859678,0.10492170160701311,0.16262724204525508,7.038770544331969,held_out
tbp,tbp,True,baseline,2,94,0.9178102395164249,0.33626095926935434,0.3956075842852809,7.505997665886676,held_out
tbp,tbp,True,baseline,3,94,0.7440085960376231,0.0874647178448241,-0.0014342390801391517,3.6385463972527834,held_out
tbp,tbp,True,baseline,4,94,0.8859923748437316,-0.20483273178022393,-0.2938206011979587,7.256151246378081,held_out
tbp,tbp,True,baseline,5,94,0.8147289687717476,0.2630885816790126,0.3745720591188835,5.2658290255280455,held_out
tbp,tbp,True,augmented,1,94,0.8230990215025503,0.6612322601504548,0.5606192605476359,6.853743585350021,held_out
tbp,tbp,True,augmented,2,94,0.5886184554287358,0.7771867748849711,0.5377998517292044,1.096094613503498,held_out
tbp,tbp,True,augmented,3,94,0.6253960608042534,0.6809395962774809,0.4240555684490796,4.476283910784535,held_out
tbp,tbp,True,augmented,4,94,0.9050492390740401,0.9170138490273197,0.9692889541031783,5.72099126883751,held_out
tbp,tbp,True,augmented,5,94,0.8652173834820811,0.6127799748954905,0.7155902285399905,5.940336041624621,held_out
