target,donor,same_pilot,seed,target_leakage,r_crystal_exp__augmented,r_crystal_exp__baseline,r_state_crystal__augmented,r_state_crystal__baseline,r_state_exp__augmented,r_state_exp__baseline,d_r_state_crystal,d_r_crystal_exp,d_r_state_exp
csl,csl,True,1,exact,0.7191362665982742,0.9511859491521908,0.8627458964514614,0.46477091538237825,0.7145518933247401,0.5002243479193652,0.39797498106908313,-0.23204968255391656,0.2143275454053749
csl,csl,True,2,exact,0.948957127846116,0.8991524748378716,0.8001517848095948,0.4054894407516925,0.8270726880196498,0.4090437524545944,0.3946623440579023,0.049804653008244326,0.41802893556505544
csl,csl,True,3,exact,0.9606029088073004,0.9672177764180426,0.8769509278297174,0.44941857600503643,0.8852494413578457,0.44449376162373655,0.42753235182468097,-0.006614867610742259,0.4407556797341091
csl,csl,True,4,exact,0.9438627659062709,0.956260108478333,0.8905468661658598,0.29490858383342194,0.8588249558087662,0.3308639166737506,0.5956382823324378,-0.012397342572062042,0.5279610391350156
csl,csl,True,5,exact,0.9703609692143934,0.8455616837285981,0.8598950351057215,0.3797108198039244,0.8730185786695074,0.3872955271972876,0.4801842153017971,0.12479928548579533,0.4857230514722198
csl,egr1,False,1,exact,0.9092219642981924,0.7170476267673491,0.29686659832420964,0.5601733866475498,0.23485608417852435,0.438349883265656,-0.26330678832334015,0.19217433753084323,-0.20349379908713164
csl,egr1,False,2,exact,0.9541639051229717,0.9427041553798975,0.6284873298618802,0.5537172950366702,0.6185869665204995,0.5293073277936056,0.07477003482520994,0.011459749743074177,0.08927963872689393
csl,egr1,False,3,exact,0.826067711862871,0.8040240036166186,0.4818802535359805,0.31209214888091774,0.4069227733458429,0.34464301440317563,0.16978810465506278,0.022043708246252347,0.062279758942667296
csl,egr1,False,4,exact,0.8322714213359639,0.8350213098225763,0.3175426785204895,0.38238760873465527,0.33267069821250894,0.38566728058166566,-0.06484493021416576,-0.002749888486612395,-0.05299658236915672
csl,egr1,False,5,exact,0.9164883606978124,0.9340089453124814,0.5708224550812931,0.28610123725579656,0.5153915301462336,0.25654616596868496,0.2847212178254966,-0.017520584614668988,0.25884536417754866
csl,engrailed,False,1,exact,0.8553616460402913,0.37306917068493195,0.3436991702390096,0.2792930825889151,0.3244698947703621,0.3153344433329608,0.06440608765009448,0.48229247535535935,0.009135451437401299
csl,engrailed,False,2,exact,0.9073466990184296,0.599348238973573,0.41873373561622895,0.2949748596907681,0.3872690417953269,0.25708370550036475,0.12375887592546087,0.30799846004485654,0.13018533629496215
csl,engrailed,False,3,exact,0.9219126528861806,0.8138583808951783,0.519309786605958,0.39960629887098914,0.5442563632960308,0.414783780243628,0.1197034877349688,0.10805427199100237,0.12947258305240278
csl,engrailed,False,4,exact,0.9025731675522555,0.8362223878345699,0.5674206330921967,0.43906140155111995,0.6060854101730544,0.411325638002798,0.12835923154107676,0.06635077971768555,0.19475977217025642
csl,engrailed,False,5,exact,0.8528232059793619,0.9543132732205377,0.6085387187745721,0.4450281951361858,0.5708170311846118,0.4471036319891501,0.1635105236383863,-0.10149006724117582,0.1237133991954617
csl,err,False,1,exact,0.8173287956062778,0.9133830612251499,0.32858163595282597,0.4246789920433383,0.24397436291553648,0.38075381166655636,-0.09609735609051234,-0.09605426561887209,-0.13677944875101988
csl,err,False,2,exact,0.9046524404813123,0.9314616276731248,0.4255997066213958,0.25033050671202994,0.32484887437687104,0.2811846273109869,0.17526919990936585,-0.026809187191812467,0.04366424706588412
csl,err,False,3,exact,0.8410394333850586,0.8373113860605069,0.33315793317640985,0.36501008004387403,0.43983164579435674,0.26781083343546386,-0.03185214686746418,0.0037280473245516754,0.17202081235889288
csl,err,False,4,exact,0.783685698356164,0.8342119543592037,0.28075999046810396,0.42960727700528734,0.29750328160122447,0.4378024979970261,-0.14884728653718338,-0.05052625600303973,-0.14029921639580162
csl,err,False,5,exact,0.8301752184781771,0.93585663201251,0.5706546770213832,0.464063971935048,0.5344665561072782,0.4825370037005822,0.10659070508633517,-0.10568141353433291,0.051929552406696
csl,ets1,False,1,exact,0.7673142478704731,0.8336434495261492,0.4304845592277697,0.5526399128410078,0.19979575697001672,0.5628134646738198,-0.1221553536132381,-0.06632920165567613,-0.36301770770380304
csl,ets1,False,2,exact,0.907124675673006,0.8977389962691857,0.5333614594869538,0.40259315196956086,0.5219566227105638,0.3264231942303526,0.13076830751739293,0.00938567940382029,0.19553342848021116
csl,ets1,False,3,exact,0.9127423865323022,0.9301227228852609,0.419009116313794,0.4211121468794847,0.4154803868553964,0.4206536784579568,-0.0021030305656906667,-0.01738033635295866,-0.005173291602560415
csl,ets1,False,4,exact,0.939894995496079,0.8212413448013721,0.348104836042377,0.43468518560831,0.32743129336327,0.37414828887060286,-0.08658034956593297,0.1186536506947069,-0.04671699550733288
csl,ets1,False,5,exact,0.8541834159990087,0.9227464902439264,0.42451925652977396,0.34962328395104,0.38894029964884697,0.3839180908699714,0.07489597257873398,-0.0685630742449177,0.005022208778875548
csl,foxa,False,1,exact,0.8704109632169816,0.8771901904828209,0.5522758437520744,0.2877505595095565,0.4907812426954945,0.3173128906264301,0.26452528424251787,-0.006779227265839238,0.1734683520690644
csl,foxa,False,2,exact,0.9155912705058017,0.9225760826213036,0.5542117667994207,0.5118059404665601,0.476340919862799,0.5419099758581287,0.04240582633286061,-0.006984812115501948,-0.06556905599532975
csl,foxa,False,3,exact,0.7119548307345027,0.9675212463587984,0.318765119478687,0.6145962419333953,0.3514927114130182,0.5952939602634332,-0.29583112245470833,-0.2555664156242957,-0.243801248850415
csl,foxa,False,4,exact,0.9128441033448873,0.8931329190258323,0.4365339419361953,0.46833863300582973,0.39445021496726346,0.47539484475730276,-0.031804691069634405,0.019711184319055053,-0.0809446297900393
csl,foxa,False,5,exact,0.9467414610880216,0.9495329240608761,0.5879224542106732,0.5183387409805302,0.5399859477660254,0.5176009959177649,0.06958371323014301,-0.002791462972854486,0.022384951848260504
csl,hsf,False,1,exact,0.9249055853846666,0.9708128466617039,0.4445176525571203,0.5629879575502499,0.4302373603786136,0.5279965705332161,-0.1184703049931296,-0.04590726127703726,-0.09775921015460254
csl,hsf,False,2,exact,0.9280801250555328,0.7396373215078872,0.5519496635519658,0.14356112653903377,0.544408183017985,0.26218692579864344,0.4083885370129321,0.18844280354764564,0.28222125721934155
csl,hsf,False,3,exact,0.8831256706604357,0.8964490733489261,0.4721048926748876,0.47476061734230524,0.46910303131305386,0.5095376843303295,-0.002655724667417647,-0.013323402688490416,-0.04043465301727567
csl,hsf,False,4,exact,0.8370737215426518,0.8515631850567019,0.5542024149567067,0.5013673868418052,0.5017215163399473,0.5308407115202259,0.052835028114901594,-0.014489463514050116,-0.029119195180278612
csl,hsf,False,5,exact,0.8428368458855735,0.8682679869067531,0.4582795496733083,0.34419580287411994,0.49501261838186866,0.40802154878043473,0.11408374679918837,-0.025431141021179604,0.08699106960143393
csl,irf,False,1,exact,0.6024925583917943,0.6743730690716178,0.4585330561835669,0.41069808314747375,0.2669860423988455,0.45699879587945463,0.04783497303609313,-0.07188051067982348,-0.19001275348060914
csl,irf,False,2,exact,0.8985643981093285,0.9000241896867069,0.491600533381362,0.4604901898183629,0.4629560764477577,0.48061041986939534,0.031110343562999077,-0.001459791577378411,-0.01765434342163763
csl,irf,False,3,exact,0.9200604118509188,0.8276614727766424,0.4112608230924775,0.5132890767596837,0.43363138115290584,0.45291789807353366,-0.10202825366720619,0.09239893907427643,-0.019286516920627828
csl,irf,False,4,exact,0.967884461205375,0.8789842368928905,0.41980104970030685,0.4868109923972425,0.4458400010723001,0.4639659773498968,-0.06700994269693566,0.08890022431248445,-0.01812597627759671
csl,irf,False,5,exact,0.741263460792926,0.9205250055441315,0.31551804637199465,0.3918103293623293,0.2686586870811894,0.3475166867054241,-0.07629228299033464,-0.17926154475120548,-0.07885799962423473
csl,lef1,False,1,exact,0.9100002683005765,0.7834268284605673,0.48290686205688066,0.5113591426487017,0.5089417252599806,0.4532763324015125,-0.02845228059182109,0.12657343984000913,0.05566539285846811
csl,lef1,False,2,exact,0.9033598161645618,,0.333259132271938,,0.3719910105540343,,,,
csl,lef1,False,3,exact,0.9466066245107829,0.5671969854849883,0.4266720973215011,0.2953444131522407,0.47659022043975335,0.38589190187820716,0.13132768416926038,0.3794096390257946,0.0906983185615462
csl,lef1,False,4,exact,0.8792737520985353,0.884216158651141,0.5428971738286813,0.43735824190856243,0.5824847569484756,0.46008166763293995,0.10553893192011887,-0.004942406552605694,0.12240308931553562
csl,lef1,False,5,exact,0.9054674809598069,0.8606605351132038,0.4035552787361455,0.3876164974043956,0.36338120083645364,0.4280257817486952,0.01593878133174992,0.04480694584660305,-0.06464458091224157
csl,nfat,False,1,exact,0.8804863415828836,0.9492036083941128,0.41882655082430825,0.4821199087423485,0.4893573617886568,0.5219531341564168,-0.06329335791804025,-0.06871726681122914,-0.032595772367759956
csl,nfat,False,2,exact,0.9083406450815092,0.8196330612868737,0.5248050187269866,0.3585767066520499,0.5437106795452465,0.3571782633209043,0.1662283120749367,0.0887075837946355,0.18653241622434225
csl,nfat,False,3,exact,0.8653593834203787,0.8503500716901,0.4476548531158149,0.4805244739300148,0.545174665869554,0.5621781287877957,-0.03286962081419992,0.01500931173027864,-0.01700346291824173
csl,nfat,False,4,exact,,0.8353241685796439,,0.25984227758997314,,0.3096413921455436,,,
csl,nfat,False,5,exact,0.8872493504697132,0.8844939167741619,0.4097280936130163,0.4648781068863339,0.3973169887210397,0.4744353397768789,-0.05515001327331759,0.0027554336955513126,-0.0771183510558392
csl,runx,False,1,exact,0.8709383583663385,0.8350078275869265,0.4899059183141321,0.4226198769469192,0.5573074097918506,0.3714306311149407,0.06728604136721289,0.035930530779411995,0.18587677867690988
csl,runx,False,2,exact,0.868654288632482,0.9380024446927835,0.44343296361212614,0.46441666467495324,0.44257398953668453,0.48374457650546515,-0.020983701062827098,-0.06934815606030154,-0.04117058696878062
csl,runx,False,3,exact,0.6594126125415202,0.6340215183678544,0.2706862675850688,0.3354150958934905,0.33169768190108245,0.4170837376396468,-0.0647288283084217,0.025391094173665807,-0.08538605573856434
csl,runx,False,4,exact,0.9299986914099255,0.657284050336218,0.3994480319990569,0.15665797257969166,0.4008318154718636,0.3289572231459438,0.2427900594193652,0.2727146410737076,0.0718745923259198
csl,runx,False,5,exact,0.8715932519900762,0.8092530366138212,0.464175305561888,0.498025928431938,0.4917426602991048,0.4137005518864046,-0.03385062287004997,0.062340215376255004,0.0780421084127002
csl,tbp,False,1,exact,0.911450279578173,0.8558736494333474,0.5000946898573337,0.5568179121739862,0.5032437948124032,0.45605528182426436,-0.0567232223166525,0.05557663014482561,0.047188512988138864
csl,tbp,False,2,exact,0.7206139995821204,0.7876425164058475,0.5832566789784861,0.34567683364488877,0.42062723321205175,0.35704005564175606,0.23757984533359733,-0.06702851682372712,0.0635871775702957
csl,tbp,False,3,exact,0.8466059928163852,0.8128226562709756,0.4618669267793613,0.2169227225756684,0.4472299109900754,0.26486863906048663,0.24494420420369292,0.03378333654540955,0.1823612719295888
csl,tbp,False,4,exact,0.809554687063057,0.8201447686705392,0.2990018920807867,0.24304510752661124,0.3192920934091273,0.30964988972844526,0.055956784554175465,-0.010590081607482205,0.009642203680682027
csl,tbp,False,5,exact,0.9005546666881812,0.8221470880071373,0.40343037853410324,0.3144034036924968,0.40572949552620546,0.32589240071701975,0.08902697484160643,0.07840757868104387,0.07983709480918572
egr1,csl,False,1,exact,0.32071732305132766,0.788626754177055,0.7167290941681691,0.32269842852385133,0.2105635076799527,0.4057464447106164,0.39403066564431777,-0.4679094311257273,-0.1951829370306637
egr1,csl,False,2,exact,0.8832136088966528,0.8612398833862657,0.49924088578586895,0.55971044049158,0.47043344403973464,0.6546352717234499,-0.06046955470571108,0.02197372551038712,-0.1842018276837153
egr1,csl,False,3,exact,0.8078487440590287,0.8614275290897737,0.3264309694675434,0.4393025181646561,0.5140165099239005,0.5012945033566376,-0.11287154869711269,-0.05357878503074498,0.012722006567262856
egr1,csl,False,4,exact,0.8874167425735884,0.6530960218769452,0.6029422550192373,0.4006554788604755,0.5915376491282428,0.4584456390778374,0.20228677615876178,0.23432072069664323,0.13309201005040538
egr1,csl,False,5,exact,0.8313797646866004,0.9603969923479548,0.6489397023991432,0.43491251178274143,0.6800654561890688,0.36408532781259945,0.2140271906164018,-0.12901722766135448,0.3159801283764693
egr1,egr1,True,1,exact,0.46361283676900966,0.7515150231780523,0.8192244172175167,0.7228346123744193,0.5207549780867796,0.7037151692303364,0.09638980484309745,-0.28790218640904264,-0.18296019114355677
egr1,egr1,True,2,exact,0.8973185576696627,0.8264731713511438,0.9247677344908773,0.520095114956288,0.9317500736066863,0.615657273009469,0.40467261953458933,0.07084538631851889,0.3160928005972172
egr1,egr1,True,3,exact,0.8443482195788841,0.8032699576416477,0.8896066023541328,0.6254921389473945,0.8323498617219163,0.5867834377020154,0.2641144634067383,0.041078261937236404,0.24556642401990092
egr1,egr1,True,4,exact,0.9252728446071764,0.8038065493692488,0.8163442128729773,0.531057964361918,0.8244684394132352,0.4649107296423594,0.2852862485110593,0.12146629523792762,0.3595577097708758
egr1,egr1,True,5,exact,0.9637482705779848,0.9489397325875012,0.9494245796726248,0.5993012462557343,0.9114138971339087,0.6161848806275751,0.3501233334168905,0.01480853799048365,0.2952290165063336
egr1,engrailed,False,1,exact,0.6980385594500045,0.8647155003677433,0.4345411901094039,0.5540909173358768,0.5405349484536971,0.6788374539221861,-0.11954972722647289,-0.16667694091773877,-0.138302505468489
egr1,engrailed,False,2,exact,0.9304668119065842,0.9347989571768154,0.5559754417821132,0.696664782525782,0.6028870661706933,0.672299808341465,-0.1406893407436688,-0.00433214527023118,-0.06941274217077165
egr1,engrailed,False,3,exact,0.9345165427662266,0.9270707084321422,0.591286336902768,0.5063603867461653,0.5924926418091192,0.4144933221224106,0.08492595015660265,0.007445834334084411,0.17799931968670862
egr1,engrailed,False,4,exact,0.8351096863505368,0.802273969027427,0.7062879132999563,0.542319777408181,0.7113655861518786,0.6205067506447395,0.16396813589177528,0.03283571732310986,0.09085883550713914
egr1,engrailed,False,5,exact,0.8961396703890259,0.8268817876872652,0.5406152042487811,0.4558508729604843,0.6602808274302394,0.6029540873674513,0.08476433128829675,0.0692578827017607,0.05732674006278815
egr1,err,False,1,exact,0.8395390709578614,0.8166063766276037,0.4031254327083646,0.6904074857475836,0.4368531981002996,0.7590154083294401,-0.287282053039219,0.022932694330257686,-0.32216221022914054
egr1,err,False,2,exact,0.8762117563627031,0.7370970936250125,0.5148296518833977,0.398047298908644,0.6257249064390598,0.5721788002561268,0.1167823529747537,0.13911466273769058,0.053546106182932984
egr1,err,False,3,exact,0.8349048516082902,0.9640060528064094,0.44362503566068634,0.5670598465423907,0.49121598644327424,0.5726940792895762,-0.12343481088170438,-0.1291012011981192,-0.08147809284630192
egr1,err,False,4,exact,0.9047151060761394,0.8946802495360069,0.46638257582947945,0.6183068443956304,0.53836590706577,0.6665563271973839,-0.151924268566151,0.010034856540132475,-0.12819042013161386
egr1,err,False,5,exact,0.7272254994020101,0.9391773257908603,0.30838284953407197,0.5781203603121262,0.3634265685471829,0.5823232044220937,-0.26973751077805425,-0.21195182638885024,-0.21889663587491082
egr1,ets1,False,1,exact,0.9353424916206626,0.9101157311075441,0.5130735892348326,0.5518769190347628,0.5517083063820006,0.6522618770549883,-0.038803329799930175,0.025226760513118562,-0.10055357067298765
egr1,ets1,False,2,exact,0.6617717775965984,0.9159767337489033,0.5430551551280055,0.6377899840399794,0.4162326041439784,0.5832288753375385,-0.09473482891197393,-0.2542049561523049,-0.16699627119356014
egr1,ets1,False,3,exact,0.9241056098824381,0.8543177080512073,0.5540768650419021,0.527630740982865,0.47325577834749744,0.6155626320803748,0.026446124059037124,0.06978790183123074,-0.14230685373287733
egr1,ets1,False,4,exact,0.8448776187079078,0.9081750957897053,0.5742734130478137,0.6747197997494404,0.41890707641970465,0.7039890393544945,-0.10044638670162676,-0.06329747708179756,-0.2850819629347899
egr1,ets1,False,5,exact,0.9159383684146007,0.8467455138695451,0.5494983957056989,0.448573980175931,0.5683423252770492,0.5352509211610836,0.10092441552976794,0.06919285454505564,0.03309140411596556
egr1,foxa,False,1,exact,0.7000135874810869,0.9475393416479394,0.45377874897190823,0.6795334626225488,0.6027309822138316,0.6623779341291651,-0.22575471365064054,-0.24752575416685252,-0.059646951915333535
egr1,foxa,False,2,exact,0.9188952036272309,0.8426533921162739,0.546201701537869,0.40228777572878854,0.5478741831549307,0.5190176183209042,0.1439139258090804,0.07624181151095699,0.028856564834026543
egr1,foxa,False,3,exact,0.8072676835089255,0.7404289161322929,0.5175462047993701,0.3994729103415567,0.6748199248336283,0.5731211476866662,0.1180732944578134,0.06683876737663264,0.10169877714696207
egr1,foxa,False,4,exact,0.9158800794418874,0.7736139863304212,0.6112719901713198,0.625313650501198,0.6615870073458024,0.6413003485336217,-0.014041660329878192,0.1422660931114662,0.020286658812180725
egr1,foxa,False,5,exact,0.8488232104541455,0.8454515062461595,0.37746357960348126,0.4973968939544072,0.5000267912614641,0.524332065555498,-0.11993331435092597,0.003371704207986048,-0.02430527429403395
egr1,hsf,False,1,exact,0.7438932893169911,0.8149583655569921,0.49612146765438153,0.44809729827502764,0.5900984606230583,0.4261298732247848,0.04802416937935389,-0.07106507624000102,0.16396858739827347
egr1,hsf,False,2,exact,0.7976499126757387,0.9161884380828191,0.6566741790599903,0.6768312918834134,0.6258359858153223,0.579744986642719,-0.02015711282342314,-0.11853852540708043,0.046090999172603286
egr1,hsf,False,3,exact,0.9040585814564384,0.8423549894001446,0.6689562850901966,0.5919571022496622,0.7263983230793843,0.6272099222976695,0.07699918284053431,0.06170359205629372,0.09918840078171487
egr1,hsf,False,4,exact,0.9577885613021416,0.9227534517452557,0.7619333481141294,0.49479569917840044,0.7159113861598865,0.42511606459840334,0.26713764893572894,0.035035109556885935,0.29079532156148313
egr1,hsf,False,5,exact,0.935318993086972,0.8497844964516729,0.6161203103510662,0.5082411172824867,0.6796720890254463,0.5544343655367833,0.10787919306857952,0.0855344966352991,0.12523772348866302
egr1,irf,False,1,exact,0.660549379717747,0.9332415750037204,0.40250875254715,0.5721867250089817,0.41979998452688655,0.6080738860545511,-0.1696779724618317,-0.27269219528597344,-0.1882739015276646
egr1,irf,False,2,exact,0.8492731322582244,0.8353892998990038,0.5150622608544297,0.6023536692749585,0.5299010907098975,0.6765199576136145,-0.08729140842052874,0.013883832359220638,-0.14661886690371695
egr1,irf,False,3,exact,0.8840537084020152,0.7375297178315328,0.42217580903888763,0.6024038212458442,0.43136898546532,0.6217133019981325,-0.1802280122069566,0.1465239905704825,-0.19034431653281247
egr1,irf,False,4,exact,0.8027363234408348,0.9065639188902023,0.44225013123351575,0.5896436049561137,0.5805096361057933,0.6839051959766242,-0.14739347372259792,-0.10382759544936748,-0.10339555987083093
egr1,irf,False,5,exact,0.9140891289017868,0.8974851989545362,0.5097727243133594,0.753072682367114,0.47637178045184025,0.6450623339494458,-0.2432999580537546,0.016603929947250684,-0.16869055349760553
egr1,lef1,False,1,exact,0.8029285045568738,0.8158964701222867,0.6069944465239948,0.4423671656347578,0.5954463505485552,0.46916111286376816,0.164627280889237,-0.012967965565412909,0.12628523768478706
egr1,lef1,False,2,exact,0.7800115841710641,,0.3975616847606989,,0.46188907781579763,,,,
egr1,lef1,False,3,exact,0.9492147307543908,0.8331952262801968,0.6818291921507909,0.3681933902953792,0.6236899402426821,0.46616273932777264,0.3136358018554117,0.11601950447419396,0.15752720091490946
egr1,lef1,False,4,exact,0.8207467104673287,0.8675272454575774,0.6046319071161395,0.5302104616913089,0.6955812357663309,0.5738657548871535,0.07442144542483053,-0.0467805349902487,0.12171548087917738
egr1,lef1,False,5,exact,0.9584407092034156,0.7858376222024407,0.7218823858179404,0.6047255437918133,0.660380772829664,0.43989324929123014,0.11715684202612708,0.17260308700097493,0.22048752353843387
egr1,nfat,False,1,exact,0.8516679323116861,0.8946868017327065,0.3897822426815202,0.3352893362313897,0.4295313474040618,0.47111558232173845,0.054492906450130496,-0.0430188694210204,-0.041584234917676655
egr1,nfat,False,2,exact,0.9401778109546363,0.707671179606183,0.5316249225406061,0.5030504941849152,0.5487239205169199,0.5177485428687834,0.028574428355690906,0.23250663134845329,0.030975377648136515
egr1,nfat,False,3,exact,0.9253356246901665,0.689584606957204,0.45127449775224976,0.6447746945912542,0.49728009641775983,0.5753416567236418,-0.1935001968390045,0.23575101773296248,-0.07806156030588196
egr1,nfat,False,4,exact,,0.8637263098168901,,0.6191407976308075,,0.6030291792998718,,,
egr1,nfat,False,5,exact,0.7227313538172447,0.8124466077664512,0.735603266827962,0.6549511011501201,0.670179989464626,0.7434569420726521,0.08065216567784184,-0.08971525394920643,-0.07327695260802614
egr1,runx,False,1,exact,0.9186620870331339,0.7641492772178331,0.7480755822733556,0.6149294910878595,0.7488145727076727,0.6783303195509881,0.13314609118549603,0.1545128098153008,0.0704842531566846
egr1,runx,False,2,exact,0.9089516162265463,0.8958014253682267,0.47140875586656655,0.41907645471983634,0.5531333687769913,0.5136644517970463,0.05233230114673021,0.013150190858319588,0.039468916979944924
egr1,runx,False,3,exact,0.8758344024511664,0.8959333651618993,0.4969298395607832,0.5886862086307324,0.36956002047136555,0.67585432887302,-0.09175636906994922,-0.02009896271073286,-0.30629430840165445
egr1,runx,False,4,exact,0.855595090331532,0.8983918983921971,0.6967125635594086,0.55714537134857,0.7030926336705726,0.6714651851383289,0.13956719221083858,-0.042796808060665104,0.03162744853224375
egr1,runx,False,5,exact,0.8607136095861787,0.9198915535879683,0.5869505455664468,0.6362033746948855,0.574019584115532,0.6588994156506623,-0.04925282912843876,-0.05917794400178955,-0.08487983153513035
egr1,tbp,False,1,exact,0.9347992544947324,0.8797659588559635,0.5204401435396755,0.5047854746622369,0.4916949118448138,0.5447408728345604,0.015654668877438604,0.05503329563876891,-0.05304596098974662
egr1,tbp,False,2,exact,0.90827561908765,0.8989726169888248,0.4605078303578557,0.5414185523927748,0.5248157518669303,0.43390281076826376,-0.08091072203491911,0.009303002098825175,0.09091294109866654
egr1,tbp,False,3,exact,0.9358146832809052,0.7843101881441652,0.594260291633301,0.4578581980010857,0.6297493107996838,0.5346519618750911,0.13640209363221528,0.15150449513674002,0.09509734892459265
egr1,tbp,False,4,exact,0.8796336688096961,0.8881488307385593,0.6728798969958585,0.5066051679102491,0.722660547142787,0.5825066260452982,0.16627472908560936,-0.008515161928863257,0.1401539210974888
egr1,tbp,False,5,exact,0.876915819750376,0.9709385832912815,0.62924660623495,0.4886028939399909,0.6708774225821795,0.4275742725362101,0.1406437122949591,-0.09402276354090544,0.24330315004596942
engrailed,csl,False,1,exact,0.8227209835533046,0.8829654825007837,0.7314617715793227,0.6179463060927669,0.6767316149983873,0.5436827544006804,0.11351546548655578,-0.060244498947479075,0.13304886059770693
engrailed,csl,False,2,exact,0.9347617158219896,0.9499555470493329,0.9199497634013789,0.7780093151641195,0.8605240471554365,0.7909524921778011,0.14194044823725938,-0.015193831227343302,0.06957155497763545
engrailed,csl,False,3,exact,0.823930102609961,0.9308969917307102,0.8008803132045084,0.8229715692345986,0.7709208492530643,0.73272165274047,-0.02209125603009021,-0.10696688912074914,0.03819919651259429
engrailed,csl,False,4,exact,0.9656119706799045,0.9466777440288888,0.8393241377264293,0.8072997013373332,0.7855620716090941,0.7952765560058711,0.032024436389096134,0.01893422665101563,-0.009714484396777023
engrailed,csl,False,5,exact,0.8232449939575317,0.9524578032328889,0.8488808875789811,0.8976660517669915,0.7867357502129217,0.8661286225988392,-0.04878516418801049,-0.12921280927535717,-0.07939287238591741
engrailed,egr1,False,1,exact,0.7727427373999036,0.8878085064485168,0.6412949422114657,0.7661097464665921,0.4971825240991409,0.6812792836018021,-0.12481480425512648,-0.11506576904861321,-0.18409675950266124
engrailed,egr1,False,2,exact,0.8679811000606106,0.8989715047528664,0.8198585295320584,0.7257765656898977,0.7917866812134592,0.7114657194926823,0.09408196384216072,-0.03099040469225578,0.08032096172077685
engrailed,egr1,False,3,exact,0.8825815453155785,0.9640304793906018,0.8422522437505979,0.7713242360008002,0.7465083232659016,0.7294772220528043,0.07092800774979768,-0.0814489340750233,0.017031101213097255
engrailed,egr1,False,4,exact,0.8732096037590268,0.9481625895369244,0.8632125962587953,0.8576885980026776,0.7866748087977555,0.7970549938007055,0.0055239982561177126,-0.07495298577789766,-0.010380185002950015
engrailed,egr1,False,5,exact,0.9223776737466143,0.9097490267661673,0.8485040965632189,0.6986285187506356,0.791429866120909,0.6789333658954988,0.14987557781258332,0.012628646980446967,0.11249650022541025
engrailed,engrailed,True,1,exact,0.8840917391787521,0.9011104520752358,0.8827977957064582,0.7602594418410143,0.9063397366951934,0.6655324389058024,0.12253835386544387,-0.017018712896483712,0.24080729778939103
engrailed,engrailed,True,2,exact,0.9860973309838946,0.9412756858199036,0.8592442685061814,0.8202562927625392,0.8638548002366869,0.8258770181165597,0.03898797574364221,0.04482164516399101,0.03797778212012726
engrailed,engrailed,True,3,exact,0.9859926612760633,0.9168498051226577,0.9389925272359543,0.8703713478829838,0.9395307399543933,0.7720053682134675,0.06862117935297052,0.06914285615340565,0.16752537174092574
engrailed,engrailed,True,4,exact,0.9369741058177765,0.850217576353179,0.841027329395927,0.818390837158868,0.8924899377302149,0.7450943903597991,0.02263649223705899,0.08675652946459755,0.14739554737041582
engrailed,engrailed,True,5,exact,0.9804557427264976,0.9681089531983706,0.9343619025277812,0.9051123451321517,0.9299997508418277,0.8845505878124109,0.02924955739562951,0.012346789528126956,0.04544916302941682
engrailed,err,False,1,exact,0.942508263675596,0.928412623593413,0.9172900004550029,0.8077754515229846,0.8479871667226442,0.7470219414056988,0.10951454893201829,0.014095640082183003,0.1009652253169454
engrailed,err,False,2,exact,0.917151470363598,0.8837871582172517,0.7922443516626433,0.7937256423864457,0.784324029629925,0.6809120122586394,-0.0014812907238024309,0.033364312146346276,0.10341201737128558
engrailed,err,False,3,exact,0.9307695799836903,0.6046634143507482,0.877179678629234,0.7948478569323888,0.8208092776056548,0.6134719717448213,0.08233182169684516,0.32610616563294204,0.20733730586083354
engrailed,err,False,4,exact,0.7287724277708503,0.9180395413444505,0.7835317014407465,0.8950791980499189,0.7597957702423817,0.8082149665877125,-0.1115474966091724,-0.18926711357360027,-0.04841919634533087
engrailed,err,False,5,exact,0.9517568528726275,0.9093790690123482,0.8377366801280883,0.7959530032086077,0.7986680352350651,0.782717298240357,0.041783676919480595,0.04237778386027924,0.01595073699470817
engrailed,ets1,False,1,exact,0.8172804769620698,0.7854689344147778,0.8535004143479837,0.6041958382522549,0.7908367083161061,0.549860193859619,0.24930457609572887,0.031811542547292015,0.24097651445648705
engrailed,ets1,False,2,exact,0.8672397178567229,0.9357579657133716,0.605499312066318,0.8332636767886067,0.69056722289181,0.7548016508458383,-0.22776436472228867,-0.06851824785664862,-0.06423442795402823
engrailed,ets1,False,3,exact,0.7014665256652342,0.8083439640669569,0.8068532200571255,0.768735454942838,0.7651804212727654,0.7708214055103901,0.03811776511428744,-0.1068774384017227,-0.005640984237624713
engrailed,ets1,False,4,exact,0.7699499803314241,0.943043645930739,0.787380517831827,0.8945498557872608,0.7026429690465326,0.8706013656079273,-0.10716933795543371,-0.17309366559931483,-0.16795839656139477
engrailed,ets1,False,5,exact,0.6810272168255025,0.8508343208022524,0.7002664460347129,0.8655205427003874,0.6162552665665504,0.8046078611556753,-0.16525409666567448,-0.16980710397674992,-0.1883525945891249
engrailed,foxa,False,1,exact,0.7647860302185772,0.8010734218673873,0.7645990819533274,0.8941803768574564,0.7620479032120645,0.7565667186096031,-0.12958129490412906,-0.03628739164881012,0.005481184602461386
engrailed,foxa,False,2,exact,0.9823948117420142,0.8653903691423324,0.7575067819504857,0.8440108732113825,0.7151703551520109,0.7481118474753381,-0.08650409126089675,0.11700444259968179,-0.032941492323327215
engrailed,foxa,False,3,exact,0.9459558072853028,0.91538115462326,0.8743498975360806,0.695877791225145,0.8320953273015064,0.5985197165245527,0.17847210631093557,0.030574652662042845,0.23357561077695366
engrailed,foxa,False,4,exact,0.8587937609598494,0.9443663304192152,0.9067805038064245,0.916758566204092,0.7988984689474125,0.8758038305536192,-0.00997806239766752,-0.08557256945936587,-0.07690536160620676
engrailed,foxa,False,5,exact,0.9173206626929331,0.931334646059265,0.8022838241688615,0.8350784355127979,0.7271157069490146,0.7822916250016444,-0.032794611343936464,-0.014013983366331861,-0.05517591805262978
engrailed,hsf,False,1,exact,0.9163162319524264,0.9579367462376772,0.8038369697311606,0.8172397185826851,0.7580636369373918,0.7719946371942884,-0.013402748851524482,-0.04162051428525082,-0.013931000256896642
engrailed,hsf,False,2,exact,0.8879438592963218,0.9364701260840549,0.8168942432642955,0.8508843656926108,0.697240796107147,0.8429952883807907,-0.03399012242831534,-0.048526266787733086,-0.1457544922736438
engrailed,hsf,False,3,exact,0.7691776183989174,0.9319846964353953,0.8873789494262421,0.8038950996734182,0.6812911269074582,0.7518998053181495,0.08348384975282386,-0.16280707803647787,-0.0706086784106913
engrailed,hsf,False,4,exact,0.9273164373069218,0.9208359766765843,0.8093513095671271,0.7267965647345469,0.7646302121551761,0.7094192500612176,0.08255474483258018,0.00648046063033747,0.05521096209395848
engrailed,hsf,False,5,exact,0.921539432603365,0.9471704226759355,0.8109356297526314,0.8018954839966239,0.6784071994118454,0.8067777630236648,0.009040145756007534,-0.025630990072570525,-0.12837056361181942
engrailed,irf,False,1,exact,0.9280211587575187,0.7869232075346931,0.886158877366338,0.8295593707993307,0.8445103240915186,0.731097345500376,0.056599506567007296,0.14109795122282554,0.11341297859114263
engrailed,irf,False,2,exact,0.7769253724754538,0.8733263253009218,0.8222748469950271,0.7478307725646665,0.7516261064348678,0.7226324558122007,0.07444407443036061,-0.09640095282546801,0.028993650622667122
engrailed,irf,False,3,exact,0.9243567253862182,0.8676907985102871,0.7214914549782948,0.8074378211051851,0.7143196821720005,0.7800963914791154,-0.08594636612689033,0.05666592687593108,-0.06577670930711488
engrailed,irf,False,4,exact,0.8819248249364697,0.9684965816285195,0.8732606617067554,0.8339538565739889,0.8353415832598311,0.8215541084209426,0.03930680513276652,-0.08657175669204975,0.013787474838888536
engrailed,irf,False,5,exact,0.8558819116928662,0.7984966766511759,0.7687545133404111,0.8483408779501967,0.7722492974842167,0.7497542033866077,-0.07958636460978563,0.05738523504169035,0.02249509409760897
engrailed,lef1,False,1,exact,0.8843346007364375,0.9627350704919159,0.8193938426234946,0.8025244561136684,0.708857157459176,0.7626765981668272,0.016869386509826167,-0.07840046975547832,-0.05381944070765121
engrailed,lef1,False,2,exact,0.72425750408636,,0.8181460370922938,,0.718176166437926,,,,
engrailed,lef1,False,3,exact,0.9135639398079511,0.5548186865084442,0.8119506677119233,0.674099570759904,0.7392259041136642,0.5887717050061076,0.13785109695201925,0.3587452532995069,0.15045419910755653
engrailed,lef1,False,4,exact,0.9347413751445848,0.9134387835998309,0.8300992936445586,0.7951605589443652,0.7980813731657724,0.7314085780656759,0.034938734700193375,0.02130259154475389,0.0666727951000965
engrailed,lef1,False,5,exact,0.9668143210303167,0.7871237240700673,0.879122732658654,0.619374277509917,0.8286026711548614,0.40344587581509306,0.259748455148737,0.17969059696024947,0.42515679533976836
engrailed,nfat,False,1,exact,0.9447603352516489,0.8498774374437715,0.7763316970185201,0.7749078999073876,0.7297309474153196,0.7661855236779906,0.0014237971111324965,0.0948828978078774,-0.03645457626267101
engrailed,nfat,False,2,exact,0.9232229736174522,0.9368936703050472,0.7774496865745076,0.8595317874345466,0.8193682130172769,0.7938640140061631,-0.08208210086003898,-0.013670696687595019,0.025504199011113782
engrailed,nfat,False,3,exact,0.7693842352875052,0.9646245756711318,0.7896534756639413,0.872976140953238,0.7360582400724686,0.8349557208988327,-0.08332266528929666,-0.1952403403836266,-0.09889748082636418
engrailed,nfat,False,4,exact,,0.8709875474982599,,0.8169729470636511,,0.7415639988146269,,,
engrailed,nfat,False,5,exact,0.6967456041989883,0.8159394147275469,0.7898685608731829,0.810543534585309,0.6307029687728263,0.7229917757589331,-0.02067497371212612,-0.1191938105285586,-0.09228880698610686
engrailed,runx,False,1,exact,0.845208986096781,0.9266036272545581,0.6690377355374395,0.8949791660109573,0.6504066948937158,0.8491584901547944,-0.22594143047351778,-0.08139464115777717,-0.19875179526107856
engrailed,runx,False,2,exact,0.9476001379580471,0.8797125631035079,0.8615221533446783,0.8540846513655835,0.8445915607346832,0.8049855295976625,0.007437501979094763,0.06788757485453922,0.03960603113702077
engrailed,runx,False,3,exact,0.8656879134381986,0.908778006365376,0.7826902619714593,0.8900139044848984,0.7200172811597508,0.818559159031512,-0.10732364251343907,-0.04309009292717736,-0.09854187787176116
engrailed,runx,False,4,exact,0.8530629165111702,0.9007793589656385,0.8370515085665674,0.8517256812504111,0.7182218276386321,0.7964813077577192,-0.014674172683843745,-0.04771644245446838,-0.07825948011908712
engrailed,runx,False,5,exact,0.8790369030271593,0.8444124973481032,0.7930590459183069,0.7488009818364293,0.6874484979197806,0.7554158273456841,0.0442580640818776,0.034624405679056114,-0.06796732942590356
engrailed,tbp,False,1,exact,0.8309757131019649,0.9572262725615768,0.8299785883227974,0.8615966794517791,0.8006550843084619,0.8104393061443751,-0.03161809112898173,-0.12625055945961183,-0.00978422183591321
engrailed,tbp,False,2,exact,0.9052925481189583,0.9362432158953194,0.7509807014040923,0.8839820477453992,0.7105544057345637,0.7982232797403964,-0.1330013463413069,-0.03095066777636113,-0.08766887400583268
engrailed,tbp,False,3,exact,0.7908031630161567,0.8067984059639237,0.7413373243397142,0.8753940490511235,0.6349223478347147,0.7119326678623702,-0.13405672471140928,-0.015995242947766997,-0.07701032002765551
engrailed,tbp,False,4,exact,0.9044789606612792,0.9360623823371148,0.7245216274111462,0.8455342326520363,0.7083143795021679,0.7791988341490212,-0.12101260524089008,-0.03158342167583561,-0.07088445464685333
engrailed,tbp,False,5,exact,0.6852569132475465,0.8670275489753739,0.6948832118836156,0.8152655513716963,0.6526002477338222,0.7526884860645842,-0.12038233948808075,-0.18177063572782748,-0.10008823833076197
err,csl,False,1,held_out,0.12409100061126642,0.32528029574953893,0.4053085405891794,0.06246533288032621,0.0850390499179746,0.18234363624132843,0.34284320770885324,-0.2011892951382725,-0.09730458632335383
err,csl,False,2,held_out,0.1516330943356816,0.28548199414114495,0.15838874355678365,0.3031665857723352,0.186777908349493,0.14795489731963304,-0.14477784221555154,-0.13384889980546336,0.038823011029859966
err,csl,False,3,held_out,0.2186186662396647,0.28713120386253727,0.3450674054621446,0.292206416182872,0.20853739881009054,0.08992045085184164,0.052860989279272574,-0.06851253762287257,0.1186169479582489
err,csl,False,4,held_out,0.20880123061695174,0.40940071902656205,0.4826530382624327,0.2459351250483602,0.20352108054353427,0.0006096170651129731,0.2367179132140725,-0.2005994884096103,0.2029114634784213
err,csl,False,5,held_out,0.03278819235684294,0.4370276419970803,0.4564743219315285,0.43745532202954596,0.11017451695961654,0.1892782197198783,0.019018999901982525,-0.40423944964023734,-0.07910370276026175
err,egr1,False,1,held_out,0.2897190991517456,0.7514292527741862,0.45548720166286094,0.33402001497330924,0.1423350234830951,0.23641737022247705,0.1214671866895517,-0.46171015362244056,-0.09408234673938196
err,egr1,False,2,held_out,0.5064192028144376,0.14868650544304007,0.2539632560497685,0.27242272069738455,0.20768044045967154,0.13542061862964472,-0.018459464647616053,0.35773269737139757,0.07225982183002683
err,egr1,False,3,held_out,0.449935427791203,0.427507961214295,0.42017018646960524,0.306821559003823,0.18041094297903884,0.18706396307255738,0.11334862746578223,0.022427466576907973,-0.006653020093518536
err,egr1,False,4,held_out,0.3705236140892795,0.34800103042548386,0.4224529202018752,0.3386695047256438,0.12421155699427773,0.25687616792728624,0.08378341547623142,0.022522583663795614,-0.13266461093300852
err,egr1,False,5,held_out,0.353825137925635,0.3837681438436087,0.3013405167321364,0.509555635498763,0.15062361308634567,0.27115759804346806,-0.20821511876662663,-0.029943005917973664,-0.12053398495712239
err,engrailed,False,1,held_out,0.3621852942581257,0.5401321306672421,0.32516066488116213,0.3710710902022535,0.18468524868131656,0.17163161088958476,-0.04591042532109135,-0.1779468364091164,0.013053637791731798
err,engrailed,False,2,held_out,0.1816511092107468,0.15630013430935208,0.3785461425541274,0.24559757740535237,0.11044839882617777,0.0772830286222013,0.132948565148775,0.025350974901394707,0.033165370203976474
err,engrailed,False,3,held_out,0.25213259448961,0.2387742160231252,0.32100628709822926,0.2791108955711856,0.1643499493280029,0.10926728419700556,0.041895391527043635,0.0133583784664848,0.05508266513099734
err,engrailed,False,4,held_out,0.14469159066241957,0.24547399331026626,0.31997258592874356,0.35626714061207565,0.04502490189694857,0.27165136843728194,-0.03629455468333209,-0.10078240264784669,-0.22662646654033336
err,engrailed,False,5,held_out,0.19448050697501384,0.37188711907772054,0.2419452810922567,0.2823650678871988,0.14915190306754988,0.16909583981140594,-0.0404197867949421,-0.1774066121027067,-0.019943936743856056
err,err,True,1,held_out,0.6763180105868166,0.6418033389853828,0.6262489870615842,0.33237582631367185,0.6172399783570427,0.2249622830611839,0.2938731607479123,0.034514671601433844,0.39227769529585876
err,err,True,2,held_out,0.8161882198140059,0.31299763393908825,0.7705706044513659,0.33536085084645645,0.7759495518393024,0.19259979769372715,0.4352097536049095,0.5031905858749177,0.5833497541455752
err,err,True,3,held_out,0.8419385532290323,0.3618360544530003,0.7916275358525846,0.5283101251409613,0.7616379679825321,0.3835969613689102,0.2633174107116233,0.480102498776032,0.37804100661362194
err,err,True,4,held_out,0.7672584622375844,0.2356832664816787,0.5900899859537787,0.36327239418048723,0.6804523886331926,0.1890234689309025,0.22681759177329147,0.5315751957559057,0.4914289197022901
err,err,True,5,held_out,0.7369330010935443,0.47034652508064295,0.6289329010880371,0.3135936172443685,0.7874129487545007,0.1382137301265952,0.3153392838436686,0.26658647601290136,0.6491992186279055
err,ets1,False,1,held_out,0.42860549689653554,0.3193649288849591,0.4616916209831574,0.31383147521014654,0.09203394852800731,0.08548004423671042,0.14786014577301088,0.10924056801157644,0.006553904291296889
err,ets1,False,2,held_out,0.3911383490178152,0.28243507537897816,0.22580512387881388,0.32887412038384223,0.15170704624320805,0.26778784914005294,-0.10306899650502835,0.10870327363883703,-0.11608080289684489
err,ets1,False,3,held_out,0.1844754379434221,0.31227415526120617,0.41997085160853137,0.11098083421853731,0.16703065273034903,0.1734539428065748,0.30899001738999404,-0.12779871731778406,-0.006423290076225774
err,ets1,False,4,held_out,0.0493671366871478,0.43257078361373563,0.24500077351849564,0.3770853003101143,0.00034990262506600793,0.2730825065331939,-0.13208452679161864,-0.3832036469265878,-0.27273260390812787
err,ets1,False,5,held_out,0.26218169689628273,0.2664782253640997,0.23345126255103404,0.35374483211978636,0.00429404328332712,0.2369251488001149,-0.12029356956875231,-0.0042965284678169735,-0.23263110551678778
err,foxa,False,1,held_out,0.2906266550762767,0.41410851475963484,0.5094277318494805,0.2944465102977922,0.1815011972121332,0.06332752489832284,0.21498122155168836,-0.12348185968335812,0.11817367231381036
err,foxa,False,2,held_out,0.5944738432736761,-0.02618613070233346,0.33325108539676934,0.14393678799368484,0.18842279262388506,0.11737177987185346,0.1893142974030845,0.6206599739760096,0.0710510127520316
err,foxa,False,3,held_out,0.13457718063078242,0.17180495485747976,0.4056017487682947,0.20828252514641699,0.17280414461913202,0.12793915749955412,0.1973192236218777,-0.03722777422669735,0.0448649871195779
err,foxa,False,4,held_out,0.2741822152523418,0.2552682769610763,0.49494805817468635,0.06900810379000955,0.2691630538958701,0.14685107215969231,0.4259399543846768,0.01891393829126553,0.12231198173617777
err,foxa,False,5,held_out,0.3674081781285003,0.529112605144476,0.3707110877786057,0.1622314231524164,0.22728511057853526,0.22694455071163272,0.20847966462618928,-0.1617044270159757,0.00034055986690254003
err,hsf,False,1,held_out,0.21205353477336214,0.32938764067310866,0.3026232520612488,0.3698525490065776,0.01427481279202615,0.15924812780184583,-0.06722929694532881,-0.11733410589974652,-0.1449733150098197
err,hsf,False,2,held_out,0.09518007864390468,0.31141269981266595,0.2184903015306896,0.35332959762510174,0.2413539161328118,0.19194183112503638,-0.13483929609441214,-0.21623262116876127,0.049412085007775414
err,hsf,False,3,held_out,0.16920541626284297,0.3966655256728449,0.421637189029035,0.32401532805372135,0.09928794813484483,0.15885487707169804,0.09762186097531367,-0.22746010941000194,-0.05956692893685321
err,hsf,False,4,held_out,0.4407736219399002,0.1032373853216439,0.3868489549147356,0.2638155327466459,0.21472440458067046,0.12797213971750196,0.12303342216808971,0.3375362366182563,0.0867522648631685
err,hsf,False,5,held_out,0.1121878329548787,0.2943166532725084,0.21253934808789055,0.3705195197344618,0.0999542551797337,0.12376061229836052,-0.15798017164657124,-0.18212882031762967,-0.023806357118626817
err,irf,False,1,held_out,0.3279622098186919,0.31783842242655713,0.3277132178124098,0.45915575971255196,0.11851494436728892,0.15660162354746032,-0.13144254190014215,0.010123787392134764,-0.038086679180171404
err,irf,False,2,held_out,0.5569117441107788,0.1871215076809062,0.18055208417588023,0.3325782271994862,0.1633228584198634,0.19806246216347304,-0.15202614302360598,0.36979023642987263,-0.034739603743609626
err,irf,False,3,held_out,0.42900979929022276,0.36828938946054846,0.2815774615870794,0.350977840121856,0.12133056242141978,0.25849738410078665,-0.0694003785347766,0.060720409829674304,-0.1371668216793669
err,irf,False,4,held_out,0.34524799518156263,0.6656055187274118,0.35058960746047513,0.29431353807031285,0.1411377008789807,0.2535894842001263,0.056276069390162275,-0.3203575235458492,-0.11245178332114558
err,irf,False,5,held_out,0.293315197667382,0.20225339797530836,0.23798714598854384,0.2771451109187189,0.09368161610146356,0.0799282585690409,-0.039157964930175065,0.09106179969207365,0.013753357532422655
err,lef1,False,1,held_out,0.19514657427261564,0.3231193705730072,0.26238038691450755,0.3645048341047346,0.12940541857703222,0.20185131319293706,-0.10212444719022706,-0.12797279630039157,-0.07244589461590484
err,lef1,False,2,held_out,0.19222922631511824,,0.2919541675405286,,0.1627363827655113,,,,
err,lef1,False,3,held_out,0.49287916313879504,0.3898683425795122,0.3831732785855102,0.27372106478971675,0.30385722746142885,0.22107681097442836,0.10945221379579345,0.10301082055928285,0.08278041648700049
err,lef1,False,4,held_out,0.1445288381612562,0.30403279071457484,0.4175021129375025,0.35572916563218904,0.10577186199280757,0.20478090323151837,0.061772947305313464,-0.15950395255331865,-0.09900904123871081
err,lef1,False,5,held_out,0.23497647813464362,0.40995031965038337,0.2977537601526671,0.3756153924460859,0.18614573839293264,0.14928126021497592,-0.0778616322934188,-0.17497384151573975,0.03686447817795671
err,nfat,False,1,held_out,-0.11072781497561462,0.3676404622028017,0.2542525237755866,0.28195496896192906,0.01936825386321194,0.22572633584156984,-0.02770244518634246,-0.47836827717841635,-0.2063580819783579
err,nfat,False,2,held_out,0.6135155428068099,0.23609289324146704,0.5605254074686727,0.4273085704328151,0.2883077146019949,0.26590505084279137,0.13321683703585763,0.3774226495653428,0.022402663759203523
err,nfat,False,3,held_out,0.34061140358208886,0.21740440348062826,0.40461599853868585,0.3790931901769146,0.0756921493846831,0.1633754872967287,0.025522808361771232,0.1232070001014606,-0.0876833379120456
err,nfat,False,4,held_out,,0.3191917930185707,,0.36507268228350304,,0.24542279742838108,,,
err,nfat,False,5,held_out,0.0305013751497133,0.2499573538293225,0.3518608267256023,0.22095720377130884,0.04993699016883156,0.06013798042073956,0.13090362295429347,-0.2194559786796092,-0.010200990251908001
err,runx,False,1,held_out,0.2551685279831228,0.17956829083947273,0.5024503106443086,0.30675172641076814,0.14781490077268578,0.11002615664513603,0.19569858423354042,0.07560023714365005,0.03778874412754975
err,runx,False,2,held_out,0.49992006895082497,0.33809612166580016,0.43427503154314206,0.2663940669365173,0.2839328716345287,0.1456907438356118,0.16788096460662477,0.1618239472850248,0.13824212779891687
err,runx,False,3,held_out,0.43786916815822546,0.1851221878870522,0.3844580442425075,0.36245823585280523,0.30346402684992846,0.1925090393148544,0.02199980838970228,0.25274698027117326,0.11095498753507405
err,runx,False,4,held_out,0.2784095337020411,0.1543124678937606,0.2534774389807406,0.17160036034831008,0.0562927756039048,0.20333944780056867,0.08187707863243052,0.12409706580828048,-0.14704667219666387
err,runx,False,5,held_out,0.572793709368562,0.26737476511262254,0.3675597721634549,0.2951332310477986,0.2296248375979464,0.1274041990815756,0.07242654111565633,0.30541894425593946,0.10222063851637081
err,tbp,False,1,held_out,0.26174876235364297,0.11789513444761798,0.2620235082940918,0.2840254031294913,0.1915921154145333,0.1212835180818334,-0.022001894835399494,0.143853627906025,0.07030859733269991
err,tbp,False,2,held_out,0.09124131675237158,0.5083411469670966,0.2693451603005712,0.26845364483389594,0.10680041999634288,0.21008841153498936,0.0008915154666752634,-0.4170998302147251,-0.10328799153864648
err,tbp,False,3,held_out,0.28047619552600667,0.3844691993685542,0.29006883758239255,0.43496144297673534,0.14491353775862229,0.17505469503508123,-0.1448926053943428,-0.10399300384254756,-0.03014115727645894
err,tbp,False,4,held_out,0.4227027246923183,0.19977682105665484,0.33999377241434386,0.29501935557993814,0.24466762435597042,0.17513121248420457,0.04497441683440573,0.22292590363566345,0.06953641187176585
err,tbp,False,5,held_out,0.2458823310710883,0.10051072543555324,0.28949424441025534,0.4509582846572871,0.11300020078100156,0.26385877159575394,-0.16146404024703176,0.14537160563553508,-0.15085857081475237
ets1,csl,False,1,held_out,0.30498231135503096,0.8395332875198741,0.7094854956074538,0.4998174119487135,0.4897187055780887,0.40462015956331887,0.2096680836587403,-0.5345509761648432,0.08509854601476985
ets1,csl,False,2,held_out,0.6744676783986011,0.7257198259463514,0.6143386931643527,0.5032134721623794,0.4703314427738102,0.49824077575393433,0.1111252210019733,-0.051252147547750315,-0.027909332980124102
ets1,csl,False,3,held_out,0.6824301273621932,0.8243282196422729,0.5646147963624282,0.6043635859586406,0.4301281440832742,0.4589147195309649,-0.03974878959621242,-0.14189809228007966,-0.0287865754476907
ets1,csl,False,4,held_out,0.7441051566880416,0.7250231760188142,0.6307638181391156,0.5282663367220414,0.49931067830304265,0.3464748098261253,0.10249748141707427,0.019081980669227394,0.15283586847691738
ets1,csl,False,5,held_out,0.7509511483540708,0.6784166067348993,0.6015308170476121,0.5480527710393489,0.4408567341670471,0.3939776654810996,0.053478046008263225,0.0725345416191715,0.046879068685947545
ets1,egr1,False,1,held_out,0.7798315945059622,0.6794404716421908,0.5156095759357995,0.6577341166844258,0.4048598177719224,0.4108786023353892,-0.14212454074862635,0.10039112286377139,-0.0060187845634667725
ets1,egr1,False,2,held_out,0.7375563099073706,0.8493016129223729,0.596792897458608,0.6014274946892021,0.5179106361037707,0.49968030421690157,-0.0046345972305941174,-0.1117453030150023,0.018230331886869178
ets1,egr1,False,3,held_out,0.7131231766307549,0.8067436893409916,0.6008732413080478,0.6132186685419976,0.42377277449114586,0.520410389435046,-0.012345427233949824,-0.09362051271023675,-0.09663761494390016
ets1,egr1,False,4,held_out,0.613315452222726,0.7917057462115196,0.696057984924334,0.5883903966324747,0.4781869850478281,0.49678248815052645,0.1076675882918593,-0.17839029398879358,-0.018595503102698363
ets1,egr1,False,5,held_out,0.7209112103784905,0.7092089472560822,0.6893498256707754,0.5723477248899473,0.5061443806779262,0.47241075331717164,0.11700210078082807,0.011702263122408296,0.03373362736075458
ets1,engrailed,False,1,held_out,0.8119139599854583,0.6985541104706181,0.6090061817198549,0.5300144246102663,0.5000572177740028,0.2738278357013055,0.07899175710958861,0.11335984951484024,0.22622938207269733
ets1,engrailed,False,2,held_out,0.7628702857491427,0.5506890498873924,0.5548340299548593,0.6345349310039344,0.31454375284116204,0.47337127798596645,-0.07970090104907512,0.2121812358617503,-0.15882752514480442
ets1,engrailed,False,3,held_out,0.811239805486059,0.7109291091800894,0.6060638778570858,0.4502663267676902,0.47240318437686696,0.28521258150867246,0.15579755108939564,0.10031069630596956,0.1871906028681945
ets1,engrailed,False,4,held_out,0.8203062961235036,0.7247541352286326,0.7020251153335846,0.6215487138372817,0.583752333368542,0.4282315808146604,0.08047640149630286,0.09555216089487095,0.15552075255388165
ets1,engrailed,False,5,held_out,0.6568526254827645,0.6753522036620462,0.7296611101873042,0.5146621329210744,0.4703161422313446,0.46793395400792037,0.21499897726622974,-0.018499578179281717,0.002382188223424231
ets1,err,False,1,held_out,0.6336167183396859,0.6747924633739395,0.5073839978381058,0.6199118622874301,0.3519991855229002,0.46528988161913654,-0.11252786444932428,-0.041175745034253586,-0.11329069609623632
ets1,err,False,2,held_out,0.6824984465373631,0.7778083365600968,0.5324825169314278,0.6148156089497884,0.3741759921068633,0.45777111675662785,-0.08233309201836059,-0.09530989002273371,-0.08359512464976454
ets1,err,False,3,held_out,0.6569742695894131,0.6407336384503712,0.48945769728634786,0.42461718064959164,0.42956176525091677,0.3042746352366452,0.06484051663675622,0.01624063113904184,0.12528713001427155
ets1,err,False,4,held_out,0.6582404496574158,0.757428677415665,0.621799051334067,0.5046341086431673,0.33319975046617906,0.4071427255992095,0.11716494269089972,-0.0991882277582492,-0.07394297513303044
ets1,err,False,5,held_out,0.7428800355799239,0.7160590604739395,0.651060414548527,0.4273661130962446,0.4745374474043096,0.35190184725414464,0.22369430145228242,0.026820975105984357,0.12263560015016495
ets1,ets1,True,1,held_out,0.964542135344462,0.751701764042438,0.9390920999366692,0.4655794923264902,0.9327907105928929,0.3344804480942884,0.473512607610179,0.21284037130202393,0.5983102624986045
ets1,ets1,True,2,held_out,0.7448275440855592,0.847380284415059,0.8737672698276923,0.5147497557792514,0.8275832059167215,0.3690364115280086,0.35901751404844084,-0.10255274032949979,0.45854679438871293
ets1,ets1,True,3,held_out,0.8806682759310412,0.6867969946566755,0.7258063080957978,0.5676154914682717,0.7567100557983056,0.38221701498371474,0.1581908166275261,0.1938712812743657,0.3744930408145909
ets1,ets1,True,4,held_out,0.7521681266343514,0.7576903255587767,0.8572070351943901,0.5419080672996954,0.751324589319212,0.41206298780034756,0.3152989678946947,-0.005522198924425292,0.3392616015188644
ets1,ets1,True,5,held_out,0.809132977039096,0.7824477374947291,0.9656133886191414,0.6248169444253521,0.8083161545707611,0.5845491545899272,0.3407964441937893,0.026685239544366968,0.22376699998083394
ets1,foxa,False,1,held_out,0.8377912548996959,0.696379802442781,0.46404791912419224,0.5737823590013225,0.3821415520565681,0.42143358427757305,-0.10973443987713022,0.1414114524569149,-0.03929203222100497
ets1,foxa,False,2,held_out,0.6582347511133475,0.7602840323244304,0.56899319690762,0.48076956263936543,0.4276260537247784,0.4474175788497479,0.08822363426825452,-0.10204928121108292,-0.01979152512496951
ets1,foxa,False,3,held_out,0.7360535682736028,0.5469708191922482,0.5302102072784257,0.40115162658520565,0.4975683288426997,0.33159039375174,0.12905858069322007,0.18908274908135458,0.1659779350909597
ets1,foxa,False,4,held_out,0.7840983807075139,0.8201354022055402,0.5500785208203484,0.546552821963123,0.39183445347524953,0.44501417609916444,0.0035256988572253123,-0.036037021498026234,-0.053179722623914905
ets1,foxa,False,5,held_out,0.8292912461450003,0.8702677350558321,0.5486886849785211,0.296119522165859,0.3861252951672016,0.2412072186876618,0.25256916281266206,-0.04097648891083183,0.14491807647953983
ets1,hsf,False,1,held_out,0.7760043493727546,0.7652016145068098,0.7518623985267199,0.46820998588062634,0.678481273510833,0.30761557975228326,0.28365241264609353,0.010802734865944852,0.3708656937585497
ets1,hsf,False,2,held_out,0.7017804344384581,0.7527618733714685,0.7036392997727422,0.670493299066807,0.5100836217306829,0.42440730302496565,0.03314600070593521,-0.05098143893301044,0.08567631870571724
ets1,hsf,False,3,held_out,0.8056178410480201,0.8039650389360429,0.5050179617976952,0.5806976243455614,0.4075121012628389,0.46616427120819975,-0.07567966254786618,0.0016528021119772696,-0.05865216994536088
ets1,hsf,False,4,held_out,0.7433490673284918,0.557356902846045,0.756681559555523,0.3836313865387304,0.6514842111133562,0.35313784678209265,0.37305017301679255,0.18599216448244682,0.29834636433126355
ets1,hsf,False,5,held_out,0.696104646889529,0.7441608220027873,0.6653289343558834,0.6215859897001047,0.575759633664412,0.4789566592836278,0.04374294465577866,-0.048056175113258326,0.09680297438078417
ets1,irf,False,1,held_out,0.7903220774843641,0.7874110381673676,0.504393105680142,0.47867048357775205,0.4178307275567188,0.47006346413294553,0.025722622102389903,0.0029110393169965443,-0.052232736576226735
ets1,irf,False,2,held_out,0.7725354487724866,0.8112212331947701,0.5415227021719512,0.6093275485119465,0.42421075481424775,0.5036924640135688,-0.06780484633999528,-0.03868578442228354,-0.07948170919932107
ets1,irf,False,3,held_out,0.771973896729435,0.7827015242012342,0.38642859046069694,0.5741940810916515,0.3015735372991965,0.4930511717830439,-0.18776549063095455,-0.010727627471799228,-0.19147763448384741
ets1,irf,False,4,held_out,0.7847747341106385,0.7720199777183786,0.52960546627752,0.6888404803022177,0.40070248119494906,0.5565968412031348,-0.15923501402469764,0.01275475639225987,-0.15589436000818574
ets1,irf,False,5,held_out,0.7287962523909268,0.6980031118788488,0.537277875705329,0.6044340218823306,0.379853427048124,0.4625642149609968,-0.06715614617700161,0.030793140512078043,-0.08271078791287279
ets1,lef1,False,1,held_out,0.7765176258981004,0.771763467339802,0.5736316460443497,0.7500416589942194,0.4284380860981783,0.5526009679436491,-0.1764100129498697,0.004754158558298416,-0.12416288184547081
ets1,lef1,False,2,held_out,0.7300000748177534,,0.45757106688265387,,0.3087651320767341,,,,
ets1,lef1,False,3,held_out,0.732534431832779,0.7807150919464718,0.613924747040152,0.48705206196102846,0.5296895702680008,0.3446756791468155,0.12687268507912353,-0.04818066011369282,0.18501389112118527
ets1,lef1,False,4,held_out,0.7545547427188198,0.842165709001361,0.5982417058860617,0.5567170454026372,0.44709304381839327,0.432553901763611,0.041524660483424514,-0.08761096628254117,0.01453914205478224
ets1,lef1,False,5,held_out,0.8323543775788073,0.8259796196397367,0.6418920958051466,0.4927404013527373,0.5362884906791453,0.4501892497584066,0.14915169445240933,0.006374757939070608,0.08609924092073873
ets1,nfat,False,1,held_out,0.6015322953829277,0.7774023442453983,0.5618512793309348,0.5435563876807222,0.4882149591364179,0.38677871222313953,0.018294891650212586,-0.1758700488624706,0.10143624691327835
ets1,nfat,False,2,held_out,0.5797454920010611,0.7650800857570773,0.5308886486766803,0.4495444627824676,0.5274417208056863,0.34726966062373876,0.08134418589421266,-0.18533459375601624,0.18017206018194754
ets1,nfat,False,3,held_out,0.6709319922806988,0.5994052975927032,0.6213788427514416,0.4773144252986614,0.46170291087165527,0.4213566270489537,0.1440644174527802,0.07152669468799555,0.040346283822701556
ets1,nfat,False,4,held_out,,0.6304587749007681,,0.4738826681100379,,0.3319491176343181,,,
ets1,nfat,False,5,held_out,0.6592634855227527,0.7731521415130665,0.4882598425909445,0.5544389600006209,0.473451290901889,0.4038639854989453,-0.06617911740967636,-0.11388865599031384,0.06958730540294367
ets1,runx,False,1,held_out,0.6754789332177277,0.8823877085990895,0.5531662731282508,0.5572248795627383,0.3742571799692984,0.45649670828570743,-0.004058606434487411,-0.20690877538136188,-0.08223952831640902
ets1,runx,False,2,held_out,0.7845231869860507,0.7679139721317045,0.5605233102729213,0.6150453931179409,0.4783018166417296,0.41830838444585533,-0.05452208284501958,0.016609214854346188,0.059993432195874274
ets1,runx,False,3,held_out,0.735061193747906,0.6861629050351641,0.4794640111863113,0.561539553284532,0.32973635549697344,0.4435693753908912,-0.08207554209822066,0.04889828871274193,-0.11383301989391775
ets1,runx,False,4,held_out,0.48524033518146314,0.5334028687909025,0.4392602559043768,0.5236873003118306,0.43810944702762966,0.32648007143767427,-0.08442704440745386,-0.04816253360943934,0.11162937558995539
ets1,runx,False,5,held_out,0.8178949970772618,0.7679433201542876,0.5106879399363882,0.5638832454626201,0.4106231271785522,0.40800911068177664,-0.05319530552623197,0.0499516769229742,0.002614016496775562
ets1,tbp,False,1,held_out,0.7507205048202796,0.7281333039000166,0.554113592881286,0.6894493835438781,0.4105746957741065,0.4751820215998702,-0.13533579066259205,0.022587200920263006,-0.06460732582576373
ets1,tbp,False,2,held_out,0.7705493252908995,0.7922717111940061,0.7059953913200501,0.6533420474111088,0.5516643435397464,0.47973196269056567,0.052653343908941275,-0.0217223859031066,0.07193238084918069
ets1,tbp,False,3,held_out,0.7602254689556209,0.7232162075942485,0.7765563373615323,0.4560040686823101,0.6217714656560681,0.5015861809669759,0.3205522686792222,0.03700926136137239,0.12018528468909218
ets1,tbp,False,4,held_out,0.7285551520072786,0.6948029576020237,0.5113977792275027,0.5519487736655191,0.38217314571524774,0.4393836477458439,-0.04055099443801635,0.0337521944052549,-0.05721050203059613
ets1,tbp,False,5,held_out,0.636056731749061,0.669436037997994,0.6014962980458347,0.5740137375948503,0.40312034864054663,0.4792994799020464,0.027482560450984406,-0.03337930624893304,-0.07617913126149978
foxa,csl,False,1,structure_only,0.8170266468889975,0.7570806958128615,0.6168117012249266,0.5917040806858411,0.5632791870836916,0.585435424891992,0.02510762053908544,0.059945951076135984,-0.02215623780830034
foxa,csl,False,2,structure_only,0.7194999941622408,0.6153501138915758,0.4866403593422701,0.6396135201466387,0.5209411445149232,0.49717529536079297,-0.15297316080436862,0.10414988027066496,0.02376584915413027
foxa,csl,False,3,structure_only,0.9836955578533627,0.6391049157804083,0.6835867669592571,0.59205021692931,0.6833474672548991,0.5277831436622547,0.0915365500299471,0.3445906420729544,0.1555643235926445
foxa,csl,False,4,structure_only,0.7161449228330813,0.6839988041711226,0.5051323468671413,0.4846231569893896,0.6067513090352671,0.6199869071258638,0.020509189877751632,0.03214611866195871,-0.013235598090596712
foxa,csl,False,5,structure_only,0.9693357009046508,0.7261996707546172,0.5426552491776864,0.4816761040423322,0.5902249082358292,0.6459369645370652,0.060979145135354185,0.2431360301500336,-0.05571205630123599
foxa,egr1,False,1,structure_only,0.9538103523840377,0.8596360045657634,0.545302631657212,0.5463692616938559,0.5637382533163505,0.5630966871601862,-0.0010666300366438675,0.09417434781827427,0.000641566156164286
foxa,egr1,False,2,structure_only,0.7227983428262292,0.6284204762362308,0.47902323910245315,0.5326412453203209,0.36300999632869857,0.5779670060537428,-0.05361800621786772,0.09437786658999847,-0.21495700972504428
foxa,egr1,False,3,structure_only,0.7927163101076495,0.8833035262850517,0.6588841826086801,0.5175024214526059,0.58514213542859,0.6210937831171996,0.14138176115607415,-0.09058721617740217,-0.0359516476886097
foxa,egr1,False,4,structure_only,0.5615243196812386,0.8646852321549258,0.4983463344646501,0.34620575528106357,0.5440213495484886,0.4960295644422538,0.15214057918358653,-0.30316091247368715,0.04799178510623475
foxa,egr1,False,5,structure_only,0.94486894804111,0.7464721828331903,0.7080477549308468,0.4637150252252802,0.6947842556649112,0.5500003356563257,0.24433272970556663,0.1983967652079197,0.14478392000858553
foxa,engrailed,False,1,structure_only,0.757851613073714,0.86255001623936,0.6928606459963832,0.5293833797445185,0.6818868307528447,0.5664743856736307,0.16347726625186465,-0.10469840316564605,0.115412445079214
foxa,engrailed,False,2,structure_only,0.5957254521254688,0.906508261509403,0.477755018885356,0.5192975516092128,0.5924512433248921,0.52815576318206,-0.04154253272385677,-0.3107828093839342,0.06429548014283204
foxa,engrailed,False,3,structure_only,0.863037642447741,0.7844972602657164,0.7027277543572474,0.5762338716321327,0.6152848650766661,0.5905896805979005,0.12649388272511475,0.07854038218202453,0.02469518447876562
foxa,engrailed,False,4,structure_only,0.7567043964292758,0.8676400078706016,0.7516695143896259,0.7675995735205362,0.7100167640617028,0.7483941746164345,-0.01593005913091028,-0.1109356114413258,-0.03837741055473176
foxa,engrailed,False,5,structure_only,0.9168069476371123,0.6378486508930924,0.42851376245136724,0.5249984866655065,0.4967059414026679,0.5426913287703533,-0.09648472421413928,0.27895829674401995,-0.045985387367685426
foxa,err,False,1,structure_only,0.9520680225236853,0.7008262011243109,0.7416458267529925,0.5856342777321372,0.7051285810328813,0.6070507384284223,0.15601154902085534,0.25124182139937434,0.09807784260445906
foxa,err,False,2,structure_only,0.8853527153894857,0.8587340025916599,0.5061238804698889,0.607959115475096,0.5537886667283937,0.5666930629745718,-0.10183523500520708,0.026618712797825794,-0.012904396246178118
foxa,err,False,3,structure_only,0.8891123735615759,0.9593448723689749,0.5540314052458117,0.6270137589507622,0.6075862277868946,0.685297765066494,-0.07298235370495043,-0.07023249880739901,-0.07771153727959934
foxa,err,False,4,structure_only,0.7132068473498153,0.6624199004814926,0.4291174066376904,0.477882661368815,0.566987087241454,0.44962806580308917,-0.04876525473112464,0.050786946868322747,0.1173590214383648
foxa,err,False,5,structure_only,0.7238276021491544,0.6750141406692035,0.655094882575705,0.5964480546919476,0.6894909988984347,0.6356725326543036,0.05864682788375741,0.048813461479950915,0.05381846624413111
foxa,ets1,False,1,structure_only,0.6704419715096747,0.7432371248118022,0.7004024012373401,0.47057728484471173,0.5914308894121477,0.48637498120524075,0.22982511639262837,-0.07279515330212749,0.10505590820690697
foxa,ets1,False,2,structure_only,0.8661863273189297,0.8494797277081866,0.557300646331692,0.5432248312072987,0.5871014505195942,0.5536075422013301,0.014075815124393265,0.016706599610743167,0.03349390831826404
foxa,ets1,False,3,structure_only,0.8539610844050262,0.9787756215801936,0.5148939982187682,0.4786576365994729,0.5531212669324311,0.4760705477096154,0.03623636161929533,-0.12481453717516744,0.07705071922281576
foxa,ets1,False,4,structure_only,0.8306756080246457,0.9281659353251748,0.6056700976734679,0.5563758082496846,0.5668248498467854,0.5899914230652883,0.04929428942378333,-0.09749032730052909,-0.023166573218502906
foxa,ets1,False,5,structure_only,0.8704670623454054,0.7407472829210036,0.48189653389536724,0.48493755190341,0.37280676035698634,0.6515597780816895,-0.0030410180080427396,0.12971977942440183,-0.2787530177247032
foxa,foxa,True,1,structure_only,0.8594066424035623,0.8167378900637963,0.7135252233391727,0.43972562889256256,0.8614242403180684,0.41083029977745356,0.2737995944466101,0.04266875233976608,0.45059394054061486
foxa,foxa,True,2,structure_only,0.9795817559225435,0.9249530052823798,0.9073118525498559,0.6402294851867558,0.8902614835706263,0.631674479295199,0.2670823673631001,0.054628750640163704,0.25858700427542725
foxa,foxa,True,3,structure_only,0.9891743338497081,0.9671363732122326,0.9258143511476666,0.5579051107531114,0.9169689163926161,0.5773624702412778,0.3679092403945552,0.02203796063747554,0.3396064461513383
foxa,foxa,True,4,structure_only,0.9865093565329464,0.8719184621588478,0.8650660469832786,0.603642272600213,0.8808999128613593,0.6072707189041995,0.26142377438306563,0.11459089437409853,0.2736291939571598
foxa,foxa,True,5,structure_only,0.9806411207022699,0.6697160819292116,0.9103406079892171,0.6273022126193594,0.9029239874504518,0.5457763947756328,0.28303839536985775,0.3109250387730583,0.357147592674819
foxa,hsf,False,1,structure_only,0.8048222285319135,0.6968413650948755,0.6206032949936263,0.7073730995573535,0.5804047788181258,0.6847117528498696,-0.08676980456372718,0.10798086343703805,-0.10430697403174383
foxa,hsf,False,2,structure_only,0.8652497218874456,0.8375992887099947,0.6019721691767664,0.6302559738485172,0.5720684518106833,0.6468271661363169,-0.028283804671750734,0.027650433177450973,-0.07475871432563352
foxa,hsf,False,3,structure_only,0.9919890273341746,0.9062233002355947,0.6582084468953374,0.5428622100661428,0.6835130116422904,0.542882755786099,0.11534623682919465,0.08576572709857988,0.14063025585619138
foxa,hsf,False,4,structure_only,0.8002337501557478,0.6624634414931052,0.6892842321180878,0.5000390740990731,0.7011303387160409,0.5341522819273437,0.18924515801901465,0.13777030866264262,0.16697805678869726
foxa,hsf,False,5,structure_only,0.8449070005295756,0.8186998472635545,0.6502245343671632,0.7158859738508871,0.5716960043428825,0.7175446487085307,-0.06566143948372394,0.026207153266021077,-0.14584864436564826
foxa,irf,False,1,structure_only,0.7280738063315478,0.7741675009339144,0.6335327906228415,0.47974390828564933,0.6200428983374432,0.6305308891574443,0.15378888233719218,-0.046093694602366564,-0.01048799082000107
foxa,irf,False,2,structure_only,0.9498979832946983,0.9699153454561805,0.4824019741552941,0.6329330553294528,0.5015524945012413,0.5635058151477086,-0.15053108117415864,-0.0200173621614822,-0.0619533206464673
foxa,irf,False,3,structure_only,0.7293207758935322,0.8346456094409755,0.4782946696209508,0.4812695346454535,0.509849513751226,0.6197261776851053,-0.0029748650245027264,-0.10532483354744338,-0.10987666393387929
foxa,irf,False,4,structure_only,0.5439207051737698,0.9667846826222826,0.43374950542080276,0.6589362527938024,0.5298342051022239,0.6490346247602244,-0.22518674737299965,-0.4228639774485128,-0.11920041965800054
foxa,irf,False,5,structure_only,0.7092225366897094,0.8086122503268787,0.5018649365402864,0.6550695828738169,0.5568639544304494,0.5913901602341313,-0.15320464633353048,-0.09938971363716931,-0.03452620580368182
foxa,lef1,False,1,structure_only,0.849049971823896,0.832163088225532,0.5372723779784632,0.666077213313965,0.5409722134588322,0.6315135251149631,-0.1288048353355018,0.01688688359836399,-0.09054131165613089
foxa,lef1,False,2,structure_only,0.6956144672355689,,0.6632844904135894,,0.6397722065953143,,,,
foxa,lef1,False,3,structure_only,0.8469471726057523,0.8734961803456744,0.5466532375880009,0.4954773964351708,0.5395555822842969,0.5276553425103372,0.05117584115283008,-0.026549007739922192,0.011900239773959709
foxa,lef1,False,4,structure_only,0.7057330257008323,0.7825513275203221,0.4956374207276282,0.7123743571419493,0.43585155864498487,0.7060771997717826,-0.21673693641432112,-0.07681830181948979,-0.27022564112679776
foxa,lef1,False,5,structure_only,0.7584059513125047,0.4989542333158126,0.5784759621564053,0.4286896609328754,0.5814199214966643,0.5856175356068732,0.14978630122352987,0.25945171799669203,-0.004197614110208914
foxa,nfat,False,1,structure_only,0.5488158181707177,0.7670669896687616,0.5195872291623561,0.6100852769532136,0.5812623984447902,0.6550945826381185,-0.09049804779085746,-0.21825117149804396,-0.07383218419332827
foxa,nfat,False,2,structure_only,0.5456532795113588,0.7596215773420147,0.4573124258825034,0.6756935586057564,0.631290399699365,0.6612063633987268,-0.218381132723253,-0.21396829783065596,-0.02991596369936189
foxa,nfat,False,3,structure_only,0.5886669409617451,0.7924368231785995,0.5413916125511247,0.6585670246967783,0.564858651531025,0.6171829360323896,-0.11717541214565363,-0.20376988221685444,-0.052324284501364615
foxa,nfat,False,4,structure_only,,0.969833269487891,,0.4965151736144982,,0.5291984613694144,,,
foxa,nfat,False,5,structure_only,0.9200206016531476,0.8092933521064448,0.566864657401141,0.5658991647854106,0.5961726635363208,0.6617485725883856,0.0009654926157304233,0.11072724954670277,-0.06557590905206478
foxa,runx,False,1,structure_only,0.9313437581638109,0.5575218402680802,0.6305849222552571,0.5961726783064017,0.5382593822529604,0.4968899163461963,0.03441224394885534,0.3738219178957307,0.04136946590676416
foxa,runx,False,2,structure_only,0.9658349606451083,0.7806889836415796,0.5941651734695824,0.4241926863698863,0.6071770394765575,0.5901722529329722,0.16997248709969615,0.18514597700352875,0.017004786543585393
foxa,runx,False,3,structure_only,0.9009704032331041,0.5818659216675903,0.5512565441839751,0.5108786915518039,0.4969474993834166,0.6440720259863488,0.040377852632171196,0.31910448156551374,-0.14712452660293224
foxa,runx,False,4,structure_only,0.756799240907034,0.7020640954646623,0.6515145964554925,0.35341397865712953,0.5212267517232635,0.4595145014753258,0.29810061779836294,0.05473514544237168,0.061712250247937694
foxa,runx,False,5,structure_only,0.8808720462238409,0.8259866264075901,0.600766813544292,0.5844857772026713,0.6104085033595755,0.49479962203840955,0.016281036341620703,0.054885419816250725,0.11560888132116598
foxa,tbp,False,1,structure_only,0.9230016166313397,0.8497006652221943,0.45164921438980965,0.6194414459863927,0.5105828074137838,0.6777089301962572,-0.16779223159658307,0.07330095140914539,-0.1671261227824734
foxa,tbp,False,2,structure_only,0.6320545714210958,0.7954773627017214,0.5297286553263761,0.5848269021917355,0.619521816710631,0.565784801267063,-0.05509824686535936,-0.16342279128062565,0.053737015443568015
foxa,tbp,False,3,structure_only,0.726290942094659,0.728600247094142,0.5160688467438739,0.5875309828870123,0.5358787528934518,0.5862975345622964,-0.07146213614313845,-0.0023093049994828974,-0.050418781668844614
foxa,tbp,False,4,structure_only,0.7320333370322106,0.9168814025563831,0.6201235795195935,0.5269690161696498,0.6297073537143579,0.5476110450805906,0.09315456334994376,-0.18484806552417243,0.08209630863376738
foxa,tbp,False,5,structure_only,0.9321725634152129,0.6820864057079582,0.6025295157700127,0.4577873016218659,0.6612549627656118,0.5873709316807364,0.14474221414814675,0.25008615770725473,0.0738840310848754
hsf,csl,False,1,held_out,0.7243319754724776,0.2631650737626186,0.5121985167993571,0.3355566390420582,0.3601074144617273,0.12307912761418571,0.17664187775729895,0.461166901709859,0.23702828684754157
hsf,csl,False,2,held_out,0.7378374321683752,0.6933569201891293,0.3122671609640391,0.34013481162934384,0.22457882580043131,0.27474181492764116,-0.027867650665304722,0.04448051197924585,-0.050162989127209845
hsf,csl,False,3,held_out,0.8668904126386817,0.7356694161588814,0.3681859309024234,0.21961169510433712,0.3408981871986076,0.221885958212489,0.1485742357980863,0.13122099647980034,0.1190122289861186
hsf,csl,False,4,held_out,0.5973696457421732,0.6191714368333664,0.2878585703007083,0.1897373758176387,0.1799643657117338,0.14020994926308336,0.09812119448306963,-0.02180179109119318,0.03975441644865044
hsf,csl,False,5,held_out,0.6990947873390302,0.6655021694641665,0.2950361874003917,0.20499663313569805,0.32609719481088245,0.19314974545566563,0.09003955426469368,0.03359261787486367,0.13294744935521682
hsf,egr1,False,1,held_out,0.6723166611705842,0.30129570151462254,0.19757980575881987,0.20752075854971572,0.14353995350111667,0.1225614304283676,-0.009940952790895852,0.37102095965596166,0.02097852307274907
hsf,egr1,False,2,held_out,0.7130913641585122,0.4559181535867185,0.33869905417115015,0.2894950325795645,0.22312778927664967,0.2923125623670208,0.049204021591585656,0.25717321057179365,-0.06918477309037113
hsf,egr1,False,3,held_out,0.3599070830380364,0.5934317441156355,0.2793595734055858,0.1440057279035821,0.01511588094795982,0.1375023943350834,0.13535384550200372,-0.23352466107759906,-0.12238651338712359
hsf,egr1,False,4,held_out,0.531033924443458,0.7410150924007021,0.31756558509277194,0.30878980723416344,0.22385553843778058,0.2121309702239252,0.008775777858608502,-0.20998116795724409,0.011724568213855369
hsf,egr1,False,5,held_out,0.7148976380815997,0.4168673769583561,0.2890691919548746,0.1657813528453593,0.1513064108650751,0.022550032344909546,0.12328783910951532,0.2980302611232436,0.12875637852016555
hsf,engrailed,False,1,held_out,0.5713380627446302,0.6865181858746204,0.13813309411732655,0.20975354847919458,0.0631319543010117,0.19370416167296042,-0.07162045436186804,-0.11518012312999026,-0.13057220737194872
hsf,engrailed,False,2,held_out,0.48514530377753634,0.6412342374514021,0.21693408802867178,0.2078519684633077,0.18144085876933488,0.1540837975303341,0.009082119565364088,-0.15608893367386573,0.02735706123900078
hsf,engrailed,False,3,held_out,0.7252039969183808,0.7643764439256179,0.09404180166041587,0.33203225283836857,0.14644313885288454,0.23789142412621003,-0.2379904511779527,-0.0391724470072371,-0.09144828527332549
hsf,engrailed,False,4,held_out,0.6847973703391727,0.6804723790668521,0.25410617394349394,0.3693876264167737,0.22475882176935155,0.2846505881893014,-0.11528145247327976,0.004324991272320555,-0.05989176641994984
hsf,engrailed,False,5,held_out,0.6953549151110151,0.8272902568272729,0.24680067064972852,0.2470233733813282,0.2841222923955973,0.2537750281930628,-0.00022270273159968879,-0.13193534171625776,0.030347264202534474
hsf,err,False,1,held_out,0.5834094278528817,0.5157328774417775,0.34616682296935375,0.1435257037959174,0.19329460387792938,0.1281552397647446,0.20264111917343636,0.06767655041110421,0.06513936411318477
hsf,err,False,2,held_out,0.5310244921372418,0.5060476994017516,0.24627588468339634,0.13335240420391656,0.12927095801906532,0.10538661189601933,0.11292348047947978,0.02497679273549014,0.02388434612304599
hsf,err,False,3,held_out,0.7110906278999066,0.3510412246908351,0.14473032649591108,0.17720661812573094,0.12615241308732186,0.045306980189085355,-0.03247629162981985,0.36004940320907153,0.08084543289823651
hsf,err,False,4,held_out,0.5106148868617425,0.6862053444399794,0.25891694393533005,0.24604728099517856,0.21165870828903474,0.212212171468546,0.012869662940151488,-0.17559045757823688,-0.000553463179511271
hsf,err,False,5,held_out,0.6525654028790655,0.5845226210720209,0.2966641126502977,0.112160776823213,0.25210199084785573,0.04281327189107519,0.18450333582708467,0.0680427818070446,0.20928871895678053
hsf,ets1,False,1,held_out,0.6644776559771883,0.5893288439349215,0.424783300522138,0.23982857130096566,0.29410251180936864,0.20497126629188833,0.18495472922117231,0.07514881204226687,0.0891312455174803
hsf,ets1,False,2,held_out,0.5591654454664795,0.8042605384271994,0.23210345033815583,0.24855877189545392,0.23151981426862656,0.1820016154717281,-0.01645532155729809,-0.24509509296071985,0.04951819879689845
hsf,ets1,False,3,held_out,0.810666342630514,0.46700432741250925,0.2672869470692977,0.19548544344652016,0.2708651647208234,0.1139034829785938,0.07180150362277751,0.3436620152180047,0.15696168174222958
hsf,ets1,False,4,held_out,0.5042162249773956,0.5996360310078022,0.17646403175506417,0.14158943895019313,0.19758646245458314,0.1668185679088696,0.03487459280487104,-0.09541980603040656,0.030767894545713548
hsf,ets1,False,5,held_out,0.44367602554801927,0.7948442531948937,0.2575790429732381,0.20112571496015744,0.24331234351805184,0.20008044127764746,0.056453328013080645,-0.35116822764687444,0.04323190224040438
hsf,foxa,False,1,held_out,0.6364854770458663,0.5378504832121362,0.3574724626411232,0.23444769916249145,0.14033906374288477,0.07912023496687458,0.12302476347863175,0.09863499383373009,0.06121882877601019
hsf,foxa,False,2,held_out,0.3725949070174042,0.5139257028550852,0.26036174637691084,0.2399962312075706,0.09235982384326706,0.18316043001775287,0.020365515169340237,-0.141330795837681,-0.0908006061744858
hsf,foxa,False,3,held_out,0.6785036713782348,0.5939797585693558,0.278182155313009,0.16491335055791015,0.20898131086842017,0.13709445265055856,0.11326880475509885,0.08452391280887894,0.07188685821786162
hsf,foxa,False,4,held_out,0.8031800481050623,0.7189639206961538,0.28362132952855235,0.23772446343906836,0.28920039806763814,0.17500950809886262,0.045896866089483984,0.08421612740890849,0.11419088996877552
hsf,foxa,False,5,held_out,0.565142693642418,0.5598638508863645,0.3796575906417776,0.3008978315226137,0.2714958317965443,0.16097000344570367,0.07875975911916394,0.005278842756053503,0.11052582835084063
hsf,hsf,True,1,held_out,0.9897411442162005,0.8439389070430874,0.6023327280242364,0.2892864114222604,0.6093754256063404,0.32097385077796226,0.313046316601976,0.14580223717311314,0.28840157482837814
hsf,hsf,True,2,held_out,0.9821144581547533,0.8061644051665936,0.6231699391267127,0.3403584141958846,0.6323528908230114,0.26885860344070217,0.2828115249308281,0.1759500529881597,0.3634942873823092
hsf,hsf,True,3,held_out,0.9173577506704257,0.6339451283919436,0.5760058099307334,0.22995675998663087,0.6296236013440141,0.2018787247818287,0.34604904994410246,0.2834126222784821,0.4277448765621854
hsf,hsf,True,4,held_out,0.9688681559422857,0.5135316523745062,0.6310395235337751,0.30155715469466454,0.6346276672307297,0.14744122798699225,0.3294823688391106,0.45533650356777955,0.4871864392437375
hsf,hsf,True,5,held_out,0.9655724163522781,0.7448385101905196,0.6457138193687624,0.20107167344649982,0.6498281424820745,0.1129020441868938,0.4446421459222626,0.22073390616175848,0.5369260982951808
hsf,irf,False,1,held_out,0.5147215885169643,0.7375555806885826,0.23306259733933113,0.2503238811293044,0.11406844052876135,0.20334274967425658,-0.017261283789973297,-0.22283399217161837,-0.08927430914549524
hsf,irf,False,2,held_out,0.7240730765792086,0.5999356206170409,0.2535355140684489,0.21507315340007824,0.2289539064167859,0.17921610103676167,0.03846236066837064,0.12413745596216774,0.04973780538002423
hsf,irf,False,3,held_out,0.514088514681649,0.6011267700038376,0.20275525368131417,0.13910546646031738,0.13835734421571388,0.11074665739855166,0.06364978722099679,-0.08703825532218867,0.027610686817162222
hsf,irf,False,4,held_out,0.5074593010206673,0.37955321565192274,0.1467981266019448,0.04267987848272823,0.07465031002324413,0.09524790317501275,0.10411824811921658,0.12790608536874454,-0.020597593151768623
hsf,irf,False,5,held_out,0.6380029776338098,0.5219021136932612,0.19063215268805866,0.10845880706144741,0.12784429419062546,0.04062037261296173,0.08217334562661126,0.11610086394054853,0.08722392157766373
hsf,lef1,False,1,held_out,0.5614277753072274,0.4889519180832065,0.158009102212451,0.2007072161170388,0.17065690682192822,0.09927510604855079,-0.042698113904587776,0.07247585722402095,0.07138180077337743
hsf,lef1,False,2,held_out,0.6397945537349062,,0.3216801980532869,,0.24695200838398076,,,,
hsf,lef1,False,3,held_out,0.6516792456590602,0.7033346876559654,0.23692683993666208,0.20898059385067233,0.15357541289897494,0.11961609829538855,0.02794624608598975,-0.051655441996905194,0.033959314603586394
hsf,lef1,False,4,held_out,0.5959264549382748,0.6651601875033668,0.24293260745997014,0.28166358353513826,0.2629517867413578,0.1617112511399256,-0.03873097607516812,-0.06923373256509202,0.10124053560143217
hsf,lef1,False,5,held_out,0.6631750471071776,0.3106749779787051,0.2843012328969561,0.09996643003626815,0.15819579976685985,0.06324070693929214,0.18433480286068793,0.3525000691284725,0.09495509282756771
hsf,nfat,False,1,held_out,0.62059889959376,0.555068968596898,0.2503805510151751,0.25739315507060995,0.16403304342192462,0.21991167167921857,-0.007012604055434857,0.065529930996862,-0.05587862825729395
hsf,nfat,False,2,held_out,0.48685596456725105,0.6632561263014365,0.14966425475348163,0.31449455129501375,0.2530383445102147,0.26455337693068465,-0.1648302965415321,-0.17640016173418543,-0.011515032420469973
hsf,nfat,False,3,held_out,0.7043225765221724,0.6628485479400242,0.32030010972218254,0.28447032670177547,0.2190175993292434,0.28242593722641435,0.03582978302040707,0.041474028582148215,-0.06340833789717096
hsf,nfat,False,4,held_out,,0.4197906546431042,,0.14690510308164653,,0.13931969963765614,,,
hsf,nfat,False,5,held_out,0.7675721004794422,0.7262545042007109,0.21649746841218845,0.14685529792480792,0.24648107827845112,0.1745246556436437,0.06964217048738053,0.04131759627873133,0.07195642263480742
hsf,runx,False,1,held_out,0.6918632859078325,0.7513751286982234,0.2986747909501531,0.3412200039993832,0.1967470951819826,0.23148280396080675,-0.04254521304923009,-0.0595118427903909,-0.03473570877882415
hsf,runx,False,2,held_out,0.7937623560732033,0.5753348572594323,0.2408050948125533,0.3201701254781905,0.1854115433958484,0.15616426729531188,-0.07936503066563722,0.218427498813771,0.029247276100536512
hsf,runx,False,3,held_out,0.6173730363162883,0.5735691241329237,0.3491343732680841,0.2481192976172946,0.34100846357661235,0.20973103004044727,0.10101507565078952,0.043803912183364546,0.13127743353616508
hsf,runx,False,4,held_out,0.5168448045724403,0.4148831947908801,0.315588753029549,0.24046833212070218,0.2747904217050862,0.12747343982961626,0.0751204209088468,0.10196160978156021,0.14731698187546996
hsf,runx,False,5,held_out,0.4546811792688409,0.6933468309188849,0.2535631126346644,0.22283586685049173,0.11150784925897857,0.1783407106382506,0.030727245784172685,-0.23866565165004405,-0.06683286137927204
hsf,tbp,False,1,held_out,0.4494465888656174,0.7415072065066608,0.17595028689047032,0.22490776504200005,0.16827181807521585,0.1357795180666437,-0.04895747815152973,-0.2920606176410434,0.032492300008572145
hsf,tbp,False,2,held_out,0.6078934904963251,0.45809515359290265,0.2738025498064758,0.30334603874626515,0.13646376552720213,0.190005857923034,-0.029543488939789364,0.14979833690342248,-0.05354209239583188
hsf,tbp,False,3,held_out,0.5175012495101012,0.6393725414091798,0.2381872537002776,0.24367036981790258,0.1452901924933698,0.12214187653636537,-0.005483116117624975,-0.12187129189907853,0.023148315957004437
hsf,tbp,False,4,held_out,0.5653936810579938,0.553412889322876,0.327353234498903,0.13434787574523585,0.16020635271801648,0.14955017909071439,0.19300535875366717,0.01198079173511779,0.01065617362730209
hsf,tbp,False,5,held_out,0.5492783835418534,0.7296811646277287,0.30235097156949947,0.36200692904783943,0.17364544749542088,0.2323561706723448,-0.05965595747833996,-0.18040278108587526,-0.05871072317692391
irf,csl,False,1,exact,0.7391204938882883,0.831038929694394,0.6342833693102734,0.816992803676515,0.6596602742563985,0.648877266109832,-0.18270943436624154,-0.0919184358061057,0.01078300814656652
irf,csl,False,2,exact,0.8505640920117181,0.7738452495198154,0.7020327552772423,0.5392939236093703,0.7340090720436991,0.6101378513860121,0.16273883166787195,0.07671884249190275,0.12387122065768708
irf,csl,False,3,exact,0.9361898449254786,0.7987698704490632,0.6153307948451147,0.6621658159577091,0.6329518448249954,0.756856013306351,-0.04683502111259441,0.1374199744764154,-0.12390416848135555
irf,csl,False,4,exact,0.7850839714257474,0.6988421753047591,0.5214734841324175,0.4477021109531797,0.5467757325721712,0.5430197337673697,0.07377137317923776,0.08624179612098826,0.003755998804801486
irf,csl,False,5,exact,0.8199987293436374,0.715175349875736,0.6010278323498117,0.5198886911686993,0.6742701794101225,0.6647344429453478,0.08113914118111243,0.10482337946790132,0.00953573646477468
irf,egr1,False,1,exact,0.6959739119507757,0.7978190393084816,0.4285913954789563,0.5171297471067603,0.44318875856624806,0.588643644409655,-0.08853835162780399,-0.1018451273577059,-0.14545488584340693
irf,egr1,False,2,exact,0.9073920594994457,0.8496362765504611,0.6576840207625682,0.666054384046476,0.5942831076865784,0.7572839602750548,-0.008370363283907833,0.057755782948984535,-0.1630008525884764
irf,egr1,False,3,exact,0.6784120372872424,0.7288000953830326,0.4401189938261215,0.39210000763977765,0.5787391229718812,0.6565054481335673,0.04801898618634387,-0.05038805809579017,-0.07776632516168602
irf,egr1,False,4,exact,0.6829998600852969,0.7567842846034655,0.48674724346087983,0.5916976485438751,0.5407355415381844,0.577238595456031,-0.10495040508299525,-0.07378442451816858,-0.036503053917846584
irf,egr1,False,5,exact,0.7994180788985061,0.7613506081740834,0.5412099275149913,0.5963366866532396,0.6788212561153835,0.6884257411218128,-0.05512675913824827,0.038067470724422736,-0.009604485006429297
irf,engrailed,False,1,exact,0.8280437627565657,0.8429560138330054,0.5594643889433984,0.7796673278237515,0.5999545430193923,0.6384297675069456,-0.22020293888035303,-0.014912251076439786,-0.03847522448755325
irf,engrailed,False,2,exact,0.7464928391826201,0.8729666193942026,0.7615015487924331,0.5788499747260945,0.779416943219502,0.656669890189917,0.1826515740663387,-0.1264737802115825,0.122747053029585
irf,engrailed,False,3,exact,0.8831467812955123,0.8746026584720442,0.7509986017660435,0.6501213220508555,0.6873801060584812,0.6228817560459464,0.100877279715188,0.008544122823468059,0.06449835001253479
irf,engrailed,False,4,exact,0.8060011725526572,0.7775047737133786,0.6600218563050928,0.6471800353701429,0.7785790296761078,0.7445733147115706,0.012841820934949899,0.02849639883927868,0.03400571496453719
irf,engrailed,False,5,exact,0.7268480028375462,0.900258812332728,0.4620828747181457,0.6335556542091546,0.595248626243241,0.6932573254289809,-0.17147277949100892,-0.17341080949518173,-0.09800869918573984
irf,err,False,1,exact,0.6483806833760398,0.7968633166027903,0.623646886690943,0.5436269987172145,0.6426042812648364,0.6265051359832728,0.0800198879737285,-0.14848263322675048,0.01609914528156353
irf,err,False,2,exact,0.770533455262408,0.7395499502404093,0.629662503167655,0.7913497476629762,0.6188541260510425,0.7041672019581051,-0.16168724449532113,0.03098350502199876,-0.08531307590706261
irf,err,False,3,exact,0.6444847137862586,0.7537214533500456,0.7660554814356952,0.6273505350656186,0.660880160924421,0.6305013077241421,0.1387049463700767,-0.10923673956378699,0.030378853200278888
irf,err,False,4,exact,0.6493495202765432,0.8280990278884562,0.5778129898429138,0.7430524800553487,0.7232229414916838,0.8327944282599766,-0.1652394902124349,-0.178749507611913,-0.10957148676829287
irf,err,False,5,exact,0.7911877928756685,0.869180109923759,0.5430616420117652,0.5975001525140426,0.6857520135468184,0.678945413432009,-0.05443851050227744,-0.07799231704809051,0.00680660011480938
irf,ets1,False,1,exact,0.6248756327243286,0.8723041533194076,0.6376902828095862,0.7640663014377795,0.7196252967215407,0.6585883589754674,-0.12637601862819337,-0.24742852059507903,0.06103693774607333
irf,ets1,False,2,exact,0.6564072228301354,0.7603536888150623,0.7057083798396435,0.7413537690750781,0.6260791915302111,0.6919820734644648,-0.03564538923543459,-0.10394646598492685,-0.06590288193425375
irf,ets1,False,3,exact,0.7300366891663033,0.7962771844122787,0.7838330155575234,0.519283705852884,0.6942360938861164,0.5850274618579122,0.2645493097046394,-0.06624049524597542,0.10920863202820419
irf,ets1,False,4,exact,0.7988740448746797,0.9239893293998725,0.657451258397224,0.754340302051859,0.5925469446175636,0.8088776100361692,-0.09688904365463502,-0.12511528452519283,-0.21633066541860557
irf,ets1,False,5,exact,0.6909615113636396,0.84225090667572,0.5826924802525945,0.6977381678644397,0.6455625268339737,0.7548311060861463,-0.1150456876118452,-0.1512893953120804,-0.10926857925217259
irf,foxa,False,1,exact,0.8327958868856419,0.7213142665581118,0.5713153515398555,0.39046268824564356,0.5228506208870485,0.5501396216957272,0.1808526632942119,0.11148162032753006,-0.027289000808678687
irf,foxa,False,2,exact,0.9111620744653938,0.8952346179698012,0.7206898687158186,0.5485029776180756,0.7573372493641217,0.6245747016779453,0.172186891097743,0.015927456495592573,0.13276254768617646
irf,foxa,False,3,exact,0.7297710365219817,0.6601875778820016,0.448642032639124,0.2731305529212553,0.4352997058211476,0.48096622236672576,0.17551147971786868,0.06958345863998017,-0.045666516545578184
irf,foxa,False,4,exact,0.7703819888081351,0.861609720882831,0.7070979042152372,0.6524455750415925,0.527630752790717,0.6398248656649255,0.05465232917364471,-0.09122773207469592,-0.11219411287420844
irf,foxa,False,5,exact,0.8351725453207098,0.8215939891973933,0.7042713997411797,0.6043363755512952,0.6696777545957937,0.7029635305660387,0.09993502418988454,0.013578556123316488,-0.03328577597024496
irf,hsf,False,1,exact,0.8386118795838274,0.7861286781771797,0.7636349464955856,0.5431828077366305,0.6335654203025328,0.46132587133768455,0.22045213875895509,0.05248320140664775,0.17223954896484828
irf,hsf,False,2,exact,0.6876697050796069,0.7426822830487836,0.7582258681871545,0.4455293824330223,0.7848253063792969,0.5181449155946375,0.3126964857541322,-0.05501257796917669,0.26668039078465944
irf,hsf,False,3,exact,0.5017158614367117,0.8201855011796667,0.4085650516497884,0.6854866306929743,0.5978415948190434,0.7072876508373971,-0.27692157904318593,-0.31846963974295506,-0.10944605601835367
irf,hsf,False,4,exact,0.8265751425838112,0.6808540427374631,0.7881537766129622,0.5030671029951113,0.7747322840808051,0.5978666560654462,0.2850866736178509,0.14572109984634807,0.17686562801535888
irf,hsf,False,5,exact,0.7580429794790453,0.8673171917997206,0.6112182675961753,0.6063251563252159,0.7058750394284337,0.6990132073937619,0.004893111270959372,-0.10927421232067525,0.006861832034671722
irf,irf,True,1,exact,0.8101738580533124,0.5758983672042077,0.6649862423760076,0.46561180665516916,0.8119991169550069,0.6587470141974121,0.1993744357208384,0.2342754908491047,0.15325210275759482
irf,irf,True,2,exact,0.8495619340353683,0.6226474250498354,0.8313756743719269,0.40972941104646543,0.8635943151938618,0.6843394451706469,0.4216462633254615,0.2269145089855329,0.17925487002321483
irf,irf,True,3,exact,0.8353170832202572,0.8142061332319452,0.7555496815635366,0.6305133342240054,0.8087878603476245,0.6095124462530048,0.12503634733953128,0.021110949988311978,0.19927541409461969
irf,irf,True,4,exact,0.8561826221065603,0.8625170599667232,0.6879983559104479,0.6190753174175022,0.7894385823800935,0.6221728316439525,0.06892303849294568,-0.006334437860162967,0.16726575073614092
irf,irf,True,5,exact,0.730973318294763,0.7385428990417228,0.567098088245941,0.5480765382639345,0.735358496789155,0.6559186418051082,0.019021549982006447,-0.007569580746959792,0.07943985498404682
irf,lef1,False,1,exact,0.9311107770831324,0.7443991374077756,0.8127038666592373,0.5801480415564461,0.731521135117779,0.6256698413329345,0.23255582510279127,0.18671163967535676,0.10585129378484459
irf,lef1,False,2,exact,0.8175498475988815,,0.6689246661499847,,0.715359307747881,,,,
irf,lef1,False,3,exact,0.8117789880855772,0.9420288500212404,0.7355049695399503,0.727579507668738,0.6468075843364302,0.7148994333984379,0.007925461871212236,-0.13024986193566312,-0.06809184906200771
irf,lef1,False,4,exact,0.6735545057428425,0.7987433595622437,0.5522937152833902,0.7221551245432896,0.6416078740035118,0.6750769952009636,-0.16986140925989934,-0.12518885381940126,-0.03346912119745182
irf,lef1,False,5,exact,0.7177155190232458,0.8684848382837604,0.5982229049187568,0.5759109481988925,0.5016492693382846,0.7577638906489982,0.0223119567198643,-0.15076931926051462,-0.2561146213107136
irf,nfat,False,1,exact,0.843261389904325,0.9095990541021997,0.5580950388651905,0.8198041068787074,0.6385772018892995,0.7975641418508225,-0.2617090680135169,-0.06633766419787468,-0.15898693996152302
irf,nfat,False,2,exact,0.7552884456081166,0.81213028137062,0.7193456388111164,0.7098947047689199,0.8101786115688767,0.7224795930426987,0.009450934042196435,-0.056841835762503456,0.08769901852617801
irf,nfat,False,3,exact,0.6976165834705434,0.7725798041601689,0.3530131351842602,0.6721845095814596,0.4838259028463254,0.6454393266602916,-0.3191713743971994,-0.07496322068962546,-0.1616134238139662
irf,nfat,False,4,exact,,0.6852304501998348,,0.5355779785080589,,0.7249523005646628,,,
irf,nfat,False,5,exact,0.6402746329284053,0.7825864774194276,0.5398372337708046,0.6927738240006105,0.5242089169048032,0.6032867218837918,-0.15293659022980588,-0.1423118444910223,-0.07907780497898864
irf,runx,False,1,exact,0.7345558211438931,0.5470297546427155,0.49205333054567213,0.391921567983013,0.6853803940983132,0.5652005945958313,0.10013176256265915,0.18752606650117754,0.12017979950248192
irf,runx,False,2,exact,0.8074192589449564,0.8053588717199904,0.5162073470625074,0.6622091324429507,0.6254155658728874,0.6407716881705312,-0.14600178538044328,0.0020603872249659316,-0.015356122297643826
irf,runx,False,3,exact,0.7864037201925046,0.6744395756359828,0.7691948372108002,0.48535052385719535,0.7893716479675892,0.664498869835306,0.2838443133536048,0.11196414455652182,0.12487277813228315
irf,runx,False,4,exact,0.9348798469057467,0.7679713123003356,0.6409586971797094,0.6008895472803485,0.5967246397205141,0.6302808887458111,0.040069149899360945,0.1669085346054111,-0.03355624902529697
irf,runx,False,5,exact,0.8375890497592311,0.7886362797722845,0.45174980378105445,0.718645896481744,0.4503289862512242,0.6412880325255947,-0.2668960927006896,0.04895276998694664,-0.19095904627437055
irf,tbp,False,1,exact,0.7262463789705318,0.7955010342898583,0.5926928482271714,0.6622090788727272,0.6125506882552353,0.6202411283857943,-0.06951623064555579,-0.06925465531932651,-0.007690440130558973
irf,tbp,False,2,exact,0.9261204474962106,0.7298830454256633,0.7752550003907736,0.6309707107482491,0.7884766487183117,0.6232847282791247,0.1442842896425245,0.1962374020705473,0.16519192043918696
irf,tbp,False,3,exact,0.7384777515451226,0.8602232556841529,0.5979608969573122,0.7346232182417957,0.7084230744782959,0.6831414464303434,-0.1366623212844834,-0.12174550413903029,0.02528162804795253
irf,tbp,False,4,exact,0.7548097269897505,0.6820575113957553,0.377423639405698,0.39178606509244107,0.5417910844706701,0.6252442445044839,-0.014362425686743063,0.07275221559399514,-0.08345316003381376
irf,tbp,False,5,exact,0.7701131357370127,0.8214039335689571,0.5803256948501582,0.5600372829046222,0.4696954560602503,0.539600644838777,0.02028841194553599,-0.05129079783194446,-0.0699051887785267
lef1,csl,False,1,exact,-0.03762559204658404,0.35464876623629765,0.41712530231696965,0.29490098846714946,0.030281619367768204,0.18715841160019384,0.12222431384982019,-0.3922743582828817,-0.15687679223242562
lef1,csl,False,2,exact,0.2783715077095679,0.2624159019607775,0.24608212889300976,0.2822014030509917,0.004972040607210136,0.09698970527988916,-0.03611927415798191,0.015955605748790402,-0.09201766467267902
lef1,csl,False,3,exact,0.6104041869722786,0.24803075137400835,0.4517759164816623,0.34828180744669285,0.4080406063985473,0.06230757862179855,0.10349410903496947,0.3623734355982703,0.34573302777674875
lef1,csl,False,4,exact,0.4389039249483768,0.14587197154389567,0.4694395916666376,0.3283006180377946,0.10928567788287137,0.02302079776866206,0.14113897362884303,0.2930319534044812,0.08626488011420931
lef1,csl,False,5,exact,0.6091032656561702,0.2507882573622528,0.49224713303817147,0.12272906032522247,0.37330926202362447,-0.01990372665729648,0.369518072712949,0.35831500829391744,0.39321298868092097
lef1,egr1,False,1,exact,0.30699686244406255,0.34374612191178056,0.2990507407009079,0.3883467361351803,0.1281819736803817,0.0734028231716644,-0.08929599543427236,-0.03674925946771801,0.0547791505087173
lef1,egr1,False,2,exact,0.2713252619085288,0.3854466145032336,0.2751709685383606,0.2321816816711186,0.23348512491439966,0.21391642925199705,0.04298928686724199,-0.1141213525947048,0.019568695662402602
lef1,egr1,False,3,exact,0.17195998744781404,0.5423336642632623,0.3494951616231666,0.3452361348426309,0.1434804784508977,0.22979847637056952,0.004259026780535691,-0.3703736768154483,-0.08631799791967182
lef1,egr1,False,4,exact,0.32403705506914066,0.3474614760522316,0.49276340825351067,0.24650055407801574,0.12830845014151834,0.13869592659806593,0.24626285417549493,-0.023424420983090943,-0.010387476456547584
lef1,egr1,False,5,exact,0.3190137058911299,0.6261438364843707,0.4027505815481254,0.2947341862742437,0.25066282974961657,0.3368006769081597,0.10801639527388168,-0.3071301305932408,-0.08613784715854311
lef1,engrailed,False,1,exact,0.2001525357636815,0.8373267240869647,0.5276707353438544,0.37018019818177,0.25683249334553593,0.2914084176404947,0.15749053716208444,-0.6371741883232832,-0.03457592429495876
lef1,engrailed,False,2,exact,0.533857768028238,0.16019583766103254,0.3687307077238948,0.21838524038134552,0.28231226814004046,0.026782469943231215,0.1503454673425493,0.3736619303672055,0.25552979819680927
lef1,engrailed,False,3,exact,0.2435761572392477,0.3680915556750764,0.32404239001313423,0.3858324131640967,0.22948994193943992,0.10561483047285752,-0.06179002315096249,-0.1245153984358287,0.1238751114665824
lef1,engrailed,False,4,exact,0.12960744107764668,0.4688673639559152,0.3764007567636085,0.36547614152676333,0.20677939338893447,0.24707580306144347,0.010924615236845181,-0.33925992287826856,-0.040296409672509
lef1,engrailed,False,5,exact,0.42712603134128985,0.20187553910933506,0.24651844706971995,0.23123676324122233,0.3289760775937883,0.16231233971679368,0.015281683828497622,0.22525049223195479,0.1666637378769946
lef1,err,False,1,exact,0.11980768887458265,0.5051243463219841,0.3613789334502151,0.28096356867576155,0.14383033065956466,0.21449760977233953,0.08041536477445355,-0.38531665744740146,-0.07066727911277487
lef1,err,False,2,exact,0.560513078685018,0.4060094690281096,0.27137938318716354,0.15359766021817223,0.1970306947912742,0.2743433976843112,0.11778172296899131,0.1545036096569084,-0.07731270289303702
lef1,err,False,3,exact,0.5716290790576677,0.3026906913853929,0.4821874791549356,0.3374046200459769,0.26197947464703436,0.12304690574805277,0.14478285910895872,0.2689383876722748,0.1389325688989816
lef1,err,False,4,exact,0.33092497968966766,0.16393543214588657,0.4869419685314183,0.3372394589070047,0.18348000519509053,-0.03393158118967037,0.14970250962441362,0.1669895475437811,0.2174115863847609
lef1,err,False,5,exact,0.3405894012446961,0.34522541177610155,0.3499152480364243,0.1837507173049904,0.1877385154355804,0.1147115917104795,0.16616453073143392,-0.004636010531405443,0.0730269237251009
lef1,ets1,False,1,exact,0.30361358368417235,0.5015735098200469,0.2443518930746967,0.35510592731336826,0.2560402562046669,0.3268949769092428,-0.11075403423867156,-0.19795992613587454,-0.07085472070457588
lef1,ets1,False,2,exact,0.37331949463285935,0.3820375059925835,0.31483524019010056,0.3835047691957892,0.2178716804874986,0.2005620188260078,-0.06866952900568862,-0.008718011359724165,0.01730966166149081
lef1,ets1,False,3,exact,0.1566230418537373,0.5282890724865966,0.3736914887844913,0.44984702263886384,0.003819816229979664,0.4216604921963118,-0.07615553385437251,-0.3716660306328593,-0.4178406759663321
lef1,ets1,False,4,exact,0.4199056671301854,0.12646779644797745,0.25179194007782446,0.184584642260639,0.0870535955616822,0.08712598693919943,0.06720729781718546,0.29343787068220795,-7.239137751723079e-05
lef1,ets1,False,5,exact,-0.22654386244654945,0.5046728131094435,0.2885233777200723,0.3844390256033872,-0.1486033945446302,0.20573639325572188,-0.09591564788331491,-0.7312166755559929,-0.3543397878003521
lef1,foxa,False,1,exact,0.5572717287820665,0.6037853472819098,0.4792642572767829,0.07378594664868922,0.1838909887217093,0.11461627521341249,0.4054783106280937,-0.04651361849984326,0.06927471350829682
lef1,foxa,False,2,exact,0.2950982255735426,-0.001446274878603369,0.45624039289772983,0.49554646483853904,0.14389258513755657,0.0730746634626695,-0.039306071940809206,0.296544500452146,0.07081792167488707
lef1,foxa,False,3,exact,0.35183973480093456,0.03553479057962476,0.5313290271556227,0.2737552744168096,0.2147255003669055,0.07239189872419582,0.2575737527388131,0.3163049442213098,0.14233360164270967
lef1,foxa,False,4,exact,0.14330293843441835,0.19751595440956987,0.45238657307595337,0.1755902564234255,0.10310962604324325,0.15663637167761837,0.2767963166525279,-0.05421301597515152,-0.05352674563437512
lef1,foxa,False,5,exact,0.13128885414208766,0.006034506813113002,0.29642503452457497,0.40048397966386534,0.1704672394431226,0.05716160106528647,-0.10405894513929037,0.12525434732897467,0.11330563837783611
lef1,hsf,False,1,exact,0.37722345863106516,0.12310794217925308,0.3959436087379296,0.49469729477677893,0.1326462873318686,0.040787554006867836,-0.09875368603884932,0.2541155164518121,0.09185873332500075
lef1,hsf,False,2,exact,0.7432329528361349,0.7734609329505256,0.4406550946383976,0.2232927722323915,0.280024312891854,0.27420390650637566,0.2173623224060061,-0.030227980114390762,0.005820406385478316
lef1,hsf,False,3,exact,0.1546046025713377,0.6681805460382657,0.21590789161838478,0.3887662729607129,0.10950248574355277,0.2760842033781899,-0.17285838134232814,-0.513575943466928,-0.16658171763463714
lef1,hsf,False,4,exact,0.26080749377350804,0.3182235724229945,0.29167346547208367,0.3793501871055784,0.12411093662591077,0.07659300416606164,-0.08767672163349471,-0.057416078649486446,0.04751793245984913
lef1,hsf,False,5,exact,0.3198822431601122,0.09848780505778468,0.22546654005939448,0.3245951830129442,0.08906062744922348,-0.005328150211073211,-0.09912864295354973,0.22139443810232753,0.09438877766029669
lef1,irf,False,1,exact,0.5012192807260132,0.6403887075543732,0.2240462759801469,0.4011477537206174,0.06527910703394228,0.13743906466813108,-0.1771014777404705,-0.13916942682835998,-0.0721599576341888
lef1,irf,False,2,exact,0.46795561970279315,0.8733091111229355,0.27701204035708377,0.5237715172144782,0.0647069012462732,0.449925784288928,-0.24675947685739447,-0.4053534914201424,-0.3852188830426548
lef1,irf,False,3,exact,0.4446880331773065,0.17740603228310856,0.20140355305604427,0.17828115446367007,0.18977381637099847,0.031919341397316336,0.023122398592374194,0.26728200089419796,0.15785447497368213
lef1,irf,False,4,exact,0.1625423524406718,0.24896207658316427,0.31963298467898865,0.38244801859576927,0.1836195313378124,0.10001522252701399,-0.06281503391678062,-0.08641972414249247,0.0836043088107984
lef1,irf,False,5,exact,0.4895466769810652,0.3543468678299425,0.3897820661084155,0.1257947483505883,0.3044137430401531,0.1587050480014718,0.2639873177578272,0.13519980915112267,0.1457086950386813
lef1,lef1,True,1,exact,0.4673754964991403,0.5660476492310149,0.45782961598993555,0.30238705617228967,0.43061470721721107,0.22570579449553532,0.15544255981764588,-0.09867215273187463,0.20490891272167575
lef1,lef1,True,2,exact,-0.006228060253053082,,0.3575158262076694,,0.20080931841835525,,,,
lef1,lef1,True,3,exact,0.5485567695536828,0.18313262506097236,0.4906621902994855,0.3666906192523715,0.5797302779334802,-0.10129940687457901,0.12397157104711398,0.36542414449271043,0.6810296848080593
lef1,lef1,True,4,exact,0.7193015601370426,0.3195711223406564,0.563488508760678,0.4511231002337967,0.3830545951154917,0.4135715055086182,0.11236540852688132,0.39973043779638623,-0.030516910393126484
lef1,lef1,True,5,exact,0.602756086675437,0.22582490629120602,0.6049291558967667,0.2756072463527021,0.42352027643147316,0.18104454124472805,0.32932190954406454,0.376931180384231,0.24247573518674512
lef1,nfat,False,1,exact,0.3036725452460805,0.5664285457645931,0.39287628693350946,0.1281083208599563,0.30986492338104704,0.17144086079853918,0.26476796607355313,-0.2627560005185126,0.13842406258250786
lef1,nfat,False,2,exact,0.19257123129774864,0.3411912703497636,0.47414791667472983,0.43695208201925473,0.29204981754892007,0.307242730542037,0.0371958346554751,-0.14862003905201496,-0.015192912993116925
lef1,nfat,False,3,exact,0.11213106214493211,0.5801997207287821,0.12668685138177674,0.3323858391683165,0.24696797414954672,0.16464875457190878,-0.20569898778653975,-0.46806865858385,0.08231921957763794
lef1,nfat,False,4,exact,,0.5019332599895022,,0.22678628248385113,,0.08113022580075602,,,
lef1,nfat,False,5,exact,0.729546972642328,0.2329918220245273,0.562381077225934,0.22659262513891287,0.46581345554438025,0.2096456587905979,0.3357884520870211,0.49655515061780076,0.2561677967537823
lef1,runx,False,1,exact,0.3449194477431648,0.1694373564223675,0.3032375487866202,0.21502772297110673,0.06881253178638115,0.16043616090983837,0.08820982581551345,0.17548209132079728,-0.09162362912345721
lef1,runx,False,2,exact,0.6400127931818842,0.6015376836111035,0.295276506912353,0.3722356329876788,0.17284452454556032,0.25758420764812556,-0.07695912607532579,0.03847510957078071,-0.08473968310256524
lef1,runx,False,3,exact,0.21279070838984232,0.5003175305936106,0.3705976590346706,0.27226446866194004,0.1738366794839745,0.28761244053786517,0.09833319037273058,-0.2875268222037683,-0.11377576105389067
lef1,runx,False,4,exact,0.43915106091748485,0.22913517511013276,0.26848313671446666,0.23077177117672207,0.060775125223875175,0.09049317334691104,0.037711365537744596,0.2100158858073521,-0.029718048123035863
lef1,runx,False,5,exact,0.6236151499690892,0.4224208306408577,0.31824506892212995,0.30099046073157903,0.211243164630016,0.20221380384366286,0.017254608190550913,0.20119431932823145,0.009029360786353136
lef1,tbp,False,1,exact,0.6129054546314464,0.40515211038838167,0.41648029512899387,0.1729183297212928,0.4060237432986667,0.0916993399926766,0.24356196540770106,0.20775334424306474,0.3143244033059901
lef1,tbp,False,2,exact,0.27257848560438336,0.18486518953445488,0.1493081277004498,0.35775987144022875,0.2169882926422351,0.16575286568937017,-0.20845174373977896,0.08771329606992848,0.051235426952864926
lef1,tbp,False,3,exact,0.5657040668973908,-0.020667578045681343,0.25284824898530767,0.12769575778738856,0.2422677199626273,-0.01729667097576425,0.1251524911979191,0.5863716449430721,0.25956439093839156
lef1,tbp,False,4,exact,0.6860500393975946,0.6239180186679313,0.11151885417397511,0.3275791028386307,0.1858610491802337,0.2644535390503245,-0.21606024866465556,0.062132020729663284,-0.07859248987009079
lef1,tbp,False,5,exact,0.43457394528148807,0.24021587497766808,0.11245173646856906,0.1614693395507785,0.10469784430191292,0.09657753276714702,-0.04901760308220944,0.19435807030382,0.008120311534765903
nfat,csl,False,1,exact,0.5697061937304568,0.7163269850013018,0.3252369822895279,0.1264821678212662,0.25234475667959755,0.0675795200250343,0.1987548144682617,-0.14662079127084493,0.18476523665456324
nfat,csl,False,2,exact,0.6402891538376191,0.7004967299750914,0.4781276565601699,0.417242723064308,0.3347312561220573,0.34147338026722435,0.06088493349586194,-0.060207576137472296,-0.006742124145167061
nfat,csl,False,3,exact,0.4145223173137259,0.5770386143169506,0.30454462544952493,0.3459612356053818,0.3507339183860936,0.27667369162495337,-0.04141661015585685,-0.16251629700322467,0.07406022676114021
nfat,csl,False,4,exact,0.7063941671909485,0.5892008356846542,0.18658541992135186,0.22089469190095942,0.0672835226695026,0.04450187962597763,-0.034309271979607564,0.1171933315062943,0.022781643043524973
nfat,csl,False,5,exact,0.8068107287983644,0.548321382242654,0.15985440379645763,0.2025760088272155,0.12347607178383549,-0.07845605539915863,-0.042721605030757864,0.2584893465557103,0.20193212718299414
nfat,egr1,False,1,exact,0.7676196405440301,0.7407327100161566,0.3593131638976126,0.5095511474348627,0.2901103672683785,0.36150173803545615,-0.15023798353725015,0.026886930527873498,-0.07139137076707763
nfat,egr1,False,2,exact,0.7370995808075841,0.7070030748468268,0.46442476853431236,0.19569638627544061,0.3121969449304548,0.07179272182506455,0.26872838225887175,0.030096505960757303,0.24040422310539025
nfat,egr1,False,3,exact,0.6622379688702696,0.5432349721938793,0.33914726108576354,0.23515534529422422,0.2746035869984359,0.08157602687600111,0.10399191579153932,0.11900299667639036,0.19302756012243477
nfat,egr1,False,4,exact,0.41815319135659695,0.6636470797933833,0.5712471490299363,0.13505462496498466,0.3184941099981601,0.09054396635220528,0.4361925240649517,-0.24549388843678638,0.22795014364595478
nfat,egr1,False,5,exact,0.5975878246733873,0.5924754531006834,0.2228853705047625,0.45461655202580237,0.1532411962624414,0.08525384914997357,-0.23173118152103986,0.005112371572703944,0.06798734711246783
nfat,engrailed,False,1,exact,0.5542255015123938,0.8113218274502237,0.4762240409520849,0.2266039712343861,0.2097800277306038,0.30445195520287344,0.24962006971769882,-0.25709632593782994,-0.09467192747226963
nfat,engrailed,False,2,exact,0.5053807773143764,0.45765138275280004,0.3755610508186479,0.25163020381016815,0.2345408581349419,0.002922152414634387,0.12393084700847973,0.04772939456157632,0.23161870572030752
nfat,engrailed,False,3,exact,0.6151249201588133,0.12219167678090367,0.24772323957736767,0.1715017920490311,0.09149551794926987,0.1186677053175161,0.07622144752833657,0.49293324337790956,-0.027172187368246226
nfat,engrailed,False,4,exact,0.3179210464694073,0.6879739429821682,0.4148589131883022,0.29804301084161633,0.10607035865928302,0.20418892477446726,0.11681590234668587,-0.3700528965127609,-0.09811856611518424
nfat,engrailed,False,5,exact,0.3468155934960599,0.6446343974521123,0.36161725235386655,0.29707269986809776,-0.004681842339973437,0.1867886899587863,0.06454455248576879,-0.29781880395605237,-0.19147053229875974
nfat,err,False,1,exact,0.672089521350606,0.7496198981262722,0.38738323769427446,0.21811920511653374,0.39469410881893496,0.04329040480842282,0.16926403257774073,-0.07753037677566621,0.35140370401051213
nfat,err,False,2,exact,0.5751818205827041,0.5240640330467438,0.28770521970918167,0.17871835422741422,0.1335123686542588,0.15973306412014954,0.10898686548176745,0.0511177875359603,-0.02622069546589073
nfat,err,False,3,exact,0.45934425927998507,0.5401873004091656,0.30934056685197503,0.5189166188900282,0.3271837095285606,0.35084354314515453,-0.20957605203805313,-0.08084304112918056,-0.02365983361659396
nfat,err,False,4,exact,0.5038057575219164,0.5715890944776221,0.2319819221508986,0.24279632390975697,0.1893900107101725,0.14029912272137132,-0.010814401758858366,-0.06778333695570571,0.04909088798880118
nfat,err,False,5,exact,0.5442609283123142,0.417633176548434,0.32201667137787787,0.23337645326653506,0.22998075470768112,0.1379423123106545,0.08864021811134282,0.1266277517638802,0.0920384423970266
nfat,ets1,False,1,exact,0.7366527746561097,0.4587313311286482,0.5349208027246957,0.23126364749135475,0.47724497114862935,0.2714348046367324,0.3036571552333409,0.27792144352746145,0.20581016651189693
nfat,ets1,False,2,exact,0.7287794513835713,0.794792521618248,0.4569942900713467,0.3168926831467328,0.25897899259316365,0.026285402984685038,0.14010160692461388,-0.06601307023467673,0.2326935896084786
nfat,ets1,False,3,exact,0.48379664720194376,0.36406831964482006,0.3644390523013765,0.3150816360564166,0.4680673091397134,0.0848754056454497,0.04935741624495993,0.1197283275571237,0.3831919034942637
nfat,ets1,False,4,exact,0.7384714692299793,0.6823172662687162,0.40505692604008564,0.2241891166546694,0.28288777604693177,0.24232873876063277,0.18086780938541624,0.056154202961263056,0.040559037286299005
nfat,ets1,False,5,exact,0.832858493133051,0.6742360446880233,0.3284271527506594,0.5619770922845706,0.3458717953868978,0.39843080199562797,-0.23354993953391118,0.1586224484450277,-0.0525590066087302
nfat,foxa,False,1,exact,0.7291280091782701,0.7220318084554199,0.34251616749105773,0.28006381352457427,0.2711519565513478,0.22799279011500423,0.062452353966483465,0.007096200722850221,0.04315916643634354
nfat,foxa,False,2,exact,0.7312653693038812,0.6347172121972993,0.301640759827088,0.20394562428546226,0.1390660721868875,0.11052389011200932,0.09769513554162573,0.09654815710658193,0.028542182074878172
nfat,foxa,False,3,exact,0.4166488759166889,0.7072529920033038,0.2987085691938293,0.337698749574017,0.17548061023528505,0.2549141586565857,-0.0389901803801877,-0.2906041160866149,-0.07943354842130063
nfat,foxa,False,4,exact,0.4025186958024559,0.6979884965532533,0.5411237741061757,0.17653187385326816,0.2580691756995062,0.10564065824730796,0.36459190025290755,-0.29546980075079743,0.15242851745219826
nfat,foxa,False,5,exact,0.5419834968530178,0.5717032311270888,0.3009285200485968,0.1882466182394944,0.2291797606951192,0.061266173833582994,0.11268190180910242,-0.02971973427407093,0.1679135868615362
nfat,hsf,False,1,exact,0.7164222863448553,0.6572380135359579,0.3716210589997021,0.016250939516137958,0.3462883715150342,0.018665347505578727,0.3553701194835641,0.059184272808897376,0.3276230240094555
nfat,hsf,False,2,exact,0.46299281676986054,0.5971404115798368,0.3384926726472242,0.2913826920281184,0.5363093519251083,0.15090113717587517,0.04710998061910582,-0.13414759480997623,0.38540821474923315
nfat,hsf,False,3,exact,0.4693998952611956,0.7253414184857415,0.1355929585984758,0.19669089159192665,0.14634633709159037,0.09526652039360735,-0.06109793299345084,-0.25594152322454594,0.05107981669798302
nfat,hsf,False,4,exact,0.7172930157615028,0.7340027192252098,0.29289828996324274,0.0294963901503097,0.28898709601402517,0.031156682361758406,0.26340189981293305,-0.016709703463706926,0.2578304136522668
nfat,hsf,False,5,exact,0.7265939579403542,0.4489552780255374,0.3562071332865463,0.5007453275361962,0.2100456140120996,0.06349183897739367,-0.14453819424964987,0.2776386799148168,0.1465537750347059
nfat,irf,False,1,exact,0.24904124582032094,0.6715183169813236,0.34181758417697267,0.2685609439575111,0.17801722545266077,0.24542284759979385,0.07325664021946154,-0.42247707116100264,-0.06740562214713308
nfat,irf,False,2,exact,0.6873242191604683,0.5599451552850061,0.12862153376021188,0.23278371141528517,0.03969481498298499,0.11525540159752987,-0.1041621776550733,0.12737906387546216,-0.07556058661454487
nfat,irf,False,3,exact,0.7168183856084068,0.8027723209658179,0.09467203292044998,0.4065782989552459,-0.03628789607514126,0.2910462271858424,-0.3119062660347959,-0.08595393535741103,-0.32733412326098366
nfat,irf,False,4,exact,0.7112991397362622,0.5014395551931534,0.2200313235942819,0.3257435661431336,0.07812632298955008,0.2548564446989953,-0.1057122425488517,0.20985958454310882,-0.17673012170944524
nfat,irf,False,5,exact,0.35347914313354617,0.7154329000769036,0.3223764652133104,0.4076532397891674,0.15878772772689406,0.3217685970496729,-0.08527677457585697,-0.36195375694335746,-0.16298086932277886
nfat,lef1,False,1,exact,0.32545222896763054,0.7902318610247826,0.4632794669016268,0.3066327748669224,0.03628404521490322,0.1626117135717127,0.15664669203470438,-0.46477963205715206,-0.12632766835680947
nfat,lef1,False,2,exact,0.6778476705397796,,0.3648913999728838,,0.25736228794081123,,,,
nfat,lef1,False,3,exact,0.7135811294938911,0.4428345208292581,0.33804925821714926,0.32698667098481315,0.27805178733392594,0.11868482327956305,0.011062587232336107,0.27074660866463296,0.1593669640543629
nfat,lef1,False,4,exact,0.7448016131849526,0.7897938042665938,0.4928590068125988,0.33693640789876333,0.38570405566831334,0.15663674644173292,0.15592259891383548,-0.04499219108164121,0.22906730922658042
nfat,lef1,False,5,exact,0.6648201389999158,0.7698263573687927,0.21872867994155482,0.36441718111847543,0.22978317350062563,0.23642421104698474,-0.14568850117692062,-0.10500621836887691,-0.006641037546359113
nfat,nfat,True,1,exact,0.858284628232046,0.44118405272535116,0.7319616802907453,0.35529834040467495,0.6977234457440401,0.12623874541567226,0.3766633398860703,0.4171005755066948,0.5714847003283678
nfat,nfat,True,2,exact,0.6819140316519234,0.6021072750347879,0.6802280877345692,0.1674935569698329,0.7911441407686732,0.13941515431083848,0.5127345307647363,0.07980675661713554,0.6517289864578347
nfat,nfat,True,3,exact,0.5315925485320446,0.5177910746755165,0.4702197122010756,0.4682158289181663,0.7325187805225924,0.1945005713132997,0.002003883282909291,0.01380147385652808,0.5380182092092928
nfat,nfat,True,4,exact,,0.7854641786403724,,0.39793745001477715,,0.22685778279136556,,,
nfat,nfat,True,5,exact,0.7280430239096344,0.7732147148322922,0.7644263516610111,0.2380594734724862,0.7855852155318283,0.19348629970493433,0.5263668781885249,-0.045171690922657826,0.5920989158268939
nfat,runx,False,1,exact,0.7956857616230884,0.7423245920481759,0.32665718157114326,0.2034872975149012,0.1452311768565129,0.06010558945544098,0.12316988405624207,0.05336116957491244,0.08512558740107193
nfat,runx,False,2,exact,0.5185979611163144,0.43376446175695166,0.2485103672888128,0.29565905567725215,0.47021418680280563,0.20061516287619205,-0.04714868838843936,0.08483349935936274,0.2695990239266136
nfat,runx,False,3,exact,0.5253225528048987,0.6650107249117485,0.44279802770377613,0.28834429550609203,0.1974434731788607,0.22440115917527362,0.1544537321976841,-0.1396881721068498,-0.026957685996412906
nfat,runx,False,4,exact,0.703264102008458,0.5396441533455802,0.4133681688885598,0.3330089802187214,0.37526448683893837,0.12902365390677537,0.08035918866983843,0.16361994866287777,0.246240832932163
nfat,runx,False,5,exact,0.6939328904508635,0.5665945661102578,0.4860553631757045,0.22327147945803927,0.3299401172704102,0.03586816735385351,0.26278388371766526,0.12733832434060566,0.2940719499165567
nfat,tbp,False,1,exact,0.34801513039225535,0.7528853211583868,0.19445602565804615,0.5957469756661835,0.06675068307005294,0.4415821747959367,-0.40129095000813736,-0.40487019076613145,-0.37483149172588376
nfat,tbp,False,2,exact,0.6594469048655046,0.7417270586860785,0.28617429230848407,0.19917771552862296,0.21435859764753842,0.11687002500472866,0.08699657677986111,-0.08228015382057385,0.09748857264280976
nfat,tbp,False,3,exact,0.7837477014518849,0.545912925638229,0.45016732166293577,0.48619244801895245,0.37116049458121575,0.29518862193123474,-0.03602512635601668,0.23783477581365586,0.07597187264998101
nfat,tbp,False,4,exact,0.6223242854570701,0.7419700582723258,0.33336653846789066,0.32732043395981014,0.24531371721483833,0.27174805217486564,0.006046104508080519,-0.11964577281525568,-0.02643433496002731
nfat,tbp,False,5,exact,0.6788187415190788,0.7573676453795057,0.3550024620190249,0.39109510876653414,0.2726881351195455,0.32103637436541654,-0.03609264674750923,-0.0785489038604269,-0.04834823924587106
runx,csl,False,1,held_out,0.08632484158939562,0.5908127881755405,0.4781056031028194,0.39730841286117374,0.04692235129218062,0.36688734812655,0.08079719024164567,-0.5044879465861449,-0.31996499683436935
runx,csl,False,2,held_out,0.7649616455949978,0.6763177396338732,0.4495913670530488,0.3200643821226237,0.42063407710541245,0.27765165342845927,0.12952698493042508,0.08864390596112459,0.14298242367695319
runx,csl,False,3,held_out,0.7081665710375065,0.7033105121802296,0.46804178864358353,0.517212801727314,0.28148524998261937,0.31256881112928286,-0.04917101308373045,0.0048560588572769126,-0.031083561146663496
runx,csl,False,4,held_out,0.571965536535449,0.7787065371213159,0.5773318809546885,0.3428254445460987,0.41509746707946765,0.3195960168920129,0.23450643640858976,-0.20674100058586686,0.09550145018745476
runx,csl,False,5,held_out,0.4592057514664847,0.7814540924869889,0.27829889796237506,0.34901977436808657,0.21536994771472262,0.28937324219648436,-0.07072087640571151,-0.32224834102050426,-0.07400329448176174
runx,egr1,False,1,held_out,0.5434777120749341,0.5014840282706866,0.34949149463180845,0.5195162117404774,0.29630178527424195,0.2599582409420995,-0.1700247171086689,0.041993683804247506,0.03634354433214243
runx,egr1,False,2,held_out,0.4525317876223671,0.6041988442154695,0.38014410254778214,0.37323691407930565,0.372291782107141,0.38452183859271966,0.006907188468476488,-0.15166705659310242,-0.012230056485578678
runx,egr1,False,3,held_out,0.8243887579677012,0.5832177328603124,0.46759390265686707,0.4593052598415506,0.40153022982417563,0.3781273916300214,0.008288642815316494,0.24117102510738875,0.02340283819415423
runx,egr1,False,4,held_out,0.7700643855925634,0.49294574292009213,0.42795983843953034,0.2912268941014631,0.4567363858198255,0.2557481733815643,0.13673294433806726,0.27711864267247127,0.2009882124382612
runx,egr1,False,5,held_out,0.9173296491890266,0.6467065207174632,0.5692466293951177,0.380491571302798,0.5431421676166654,0.40455289351875606,0.18875505809231974,0.27062312847156345,0.1385892740979094
runx,engrailed,False,1,held_out,0.7088761879487068,0.8892988049556461,0.4011327270650742,0.3976305992760641,0.31853441022810336,0.4361726755841044,0.003502127789010101,-0.1804226170069393,-0.11763826535600103
runx,engrailed,False,2,held_out,0.6749444159970917,0.6249330025156562,0.32654036386983104,0.13633425922425382,0.3611489252620053,0.14610948699131573,0.19020610464557722,0.05001141348143545,0.21503943827068958
runx,engrailed,False,3,held_out,0.7097048445654262,0.6428186834307379,0.35199924872590915,0.13967619066294934,0.33409449064929647,0.2882874701072362,0.2123230580629598,0.06688616113468826,0.04580702054206026
runx,engrailed,False,4,held_out,0.8505544851724778,0.8822831847549516,0.4788800870771694,0.35735052155204083,0.41029464301970003,0.3401283416995989,0.12152956552512856,-0.03172869958247382,0.07016630132010115
runx,engrailed,False,5,held_out,0.5494993755704946,0.7557144537888907,0.34514592981491116,0.4414314287663597,0.2743581340707969,0.41261420569293467,-0.09628549895144856,-0.20621507821839613,-0.13825607162213777
runx,err,False,1,held_out,0.5710505361721917,0.7999225572725667,0.35809417929773496,0.4699842411746077,0.34309547264602896,0.41205337649942264,-0.11189006187687273,-0.22887202110037497,-0.06895790385339368
runx,err,False,2,held_out,0.6542928780097951,0.6663883311065536,0.42900339696505985,0.44344057069633314,0.39001238543246247,0.36509528799369767,-0.01443717373127329,-0.012095453096758524,0.0249170974387648
runx,err,False,3,held_out,0.7533311133527492,0.8985439533160213,0.5294549063758524,0.5125285718603869,0.4121746599292408,0.4134999546324535,0.016926334515465435,-0.14521283996327217,-0.0013252947032126872
runx,err,False,4,held_out,0.8279400042747831,0.7559190897405003,0.46927873525609193,0.5290215284226956,0.3985451791799986,0.45572928353171877,-0.059742793166603636,0.07202091453428283,-0.057184104351720166
runx,err,False,5,held_out,0.5851708884598618,0.7036663274836125,0.37199399776472486,0.36046076581945774,0.33484376475832633,0.31632549408243565,0.01153323194526712,-0.1184954390237507,0.01851827067589068
runx,ets1,False,1,held_out,0.8419119173815791,0.931686266967558,0.6084576077728562,0.4548422679881198,0.5187700023835697,0.46054003768780744,0.1536153397847364,-0.08977434958597885,0.058229964695762304
runx,ets1,False,2,held_out,0.7736513340372488,0.8571038380332481,0.42932702887459046,0.45967609091328226,0.34827337068149716,0.4529844746355926,-0.03034906203869181,-0.08345250399599924,-0.10471110395409544
runx,ets1,False,3,held_out,0.5168426690054083,0.6971238923973385,0.3743112905960973,0.20953596714239373,0.3142456555404776,0.30860925895396835,0.16477532345370358,-0.1802812233919302,0.0056363965865092736
runx,ets1,False,4,held_out,0.5932321773806057,0.722205430856951,0.3238668572502907,0.45962020445311813,0.34088846771966813,0.38417586000361,-0.13575334720282745,-0.12897325347634525,-0.04328739228394185
runx,ets1,False,5,held_out,0.6267731036720811,0.524735914078137,0.45824928512583024,0.45818412404150266,0.3905922490167778,0.40563742147531134,6.516108432758072e-05,0.10203718959394403,-0.01504517245853354
runx,foxa,False,1,held_out,0.41856733524559,0.5812420714672705,0.3181229301167585,0.44249048967871524,0.23970588738359502,0.38615785422601184,-0.12436755956195672,-0.1626747362216805,-0.14645196684241682
runx,foxa,False,2,held_out,0.8488899290610803,0.6511107808309248,0.49431235514652444,0.37089565409002123,0.4877769676705518,0.37264614776832977,0.12341670105650321,0.19777914823015552,0.11513081990222201
runx,foxa,False,3,held_out,0.803554797765442,0.680980271679188,0.36309917257927815,0.43663801918008227,0.39125447650603257,0.4179382687746779,-0.07353884660080412,0.12257452608625408,-0.026683792268645312
runx,foxa,False,4,held_out,0.7832310982738679,0.5787895087379571,0.486372904853048,0.31580520991456795,0.4822099951478505,0.2761840645929421,0.17056769493848006,0.20444158953591085,0.20602593055490842
runx,foxa,False,5,held_out,0.6895682911699987,0.7902926951336338,0.43805998708518873,0.3732574554626436,0.3667607214462482,0.33196136856087205,0.06480253162254512,-0.10072440396363502,0.03479935288537617
runx,hsf,False,1,held_out,0.6385146943665557,0.813488202123357,0.45351807654867066,0.3711240308615045,0.3442328053137231,0.33778707903592226,0.08239404568716618,-0.17497350775680132,0.006445726277800823
runx,hsf,False,2,held_out,0.7345915249410607,0.674304918579848,0.47561415315912986,0.3922706380454768,0.3705994538538418,0.37679797239393026,0.08334351511365307,0.06028660636121275,-0.00619851854008846
runx,hsf,False,3,held_out,0.8413017927765312,0.6790581765106217,0.41633933165814846,0.4561371134949254,0.3977747737822026,0.4091701380908992,-0.03979778183677696,0.16224361626590944,-0.011395364308696587
runx,hsf,False,4,held_out,0.6099939014047915,0.5781785671937147,0.3993637135107017,0.40428745563200735,0.2820809412089487,0.23821514407352612,-0.004923742121305641,0.03181533421107674,0.0438657971354226
runx,hsf,False,5,held_out,0.5288523281093173,0.95280048955821,0.4468229283514668,0.43888554700271454,0.34784413091976685,0.4244884401715837,0.00793738134875227,-0.4239481614488927,-0.07664430925181687
runx,irf,False,1,held_out,0.5926720292300361,0.7133695352582498,0.3488777678150897,0.4380757563966766,0.28636800446231536,0.44304320346594245,-0.0891979885815869,-0.12069750602821361,-0.15667519900362709
runx,irf,False,2,held_out,0.6112971795803841,0.6485488565488953,0.23837117341274414,0.39176253524303783,0.32014964139955965,0.3375393158610042,-0.1533913618302937,-0.03725167696851117,-0.01738967446144457
runx,irf,False,3,held_out,0.8915242571533736,0.46726325097026805,0.48502900214683087,0.5256653763259502,0.4130574728672942,0.3538657230710581,-0.04063637417911936,0.4242610061831055,0.05919174979623609
runx,irf,False,4,held_out,0.47485223962697715,0.7377636975513345,0.3325176404840266,0.42990610898866205,0.25672085681568546,0.32167143213533445,-0.09738846850463545,-0.2629114579243574,-0.06495057531964898
runx,irf,False,5,held_out,0.7384849628431163,0.5680252845117522,0.3505146274134843,0.3912381372724358,0.36073619009390195,0.36224326581572414,-0.04072350985895146,0.1704596783313641,-0.001507075721822182
runx,lef1,False,1,held_out,0.8560630533766306,0.8457063584418952,0.46833900620286956,0.45733966216169464,0.36346052530592615,0.46415162290854023,0.010999344041174919,0.010356694934735344,-0.10069109760261408
runx,lef1,False,2,held_out,0.7985118391855904,,0.40501281743608125,,0.3733014157728944,,,,
runx,lef1,False,3,held_out,0.6220021732860738,0.7148951131225179,0.49360692132231737,0.33796186904708964,0.3954177470597269,0.25617851710498246,0.15564505227522774,-0.09289293983644409,0.13923922995474441
runx,lef1,False,4,held_out,0.7091248802998313,0.47160584761739516,0.3469201694070838,0.4911580131256504,0.3635938722487992,0.32577645738086464,-0.14423784371856657,0.23751903268243618,0.03781741486793455
runx,lef1,False,5,held_out,0.5431963081572387,0.6441522378720386,0.4853123465352136,0.5234646656960613,0.3384820344986751,0.317149377386854,-0.038152319160847714,-0.10095592971479983,0.021332657111821085
runx,nfat,False,1,held_out,0.815588653801567,0.7665450611831893,0.38233297618077494,0.38664942413143877,0.42901908030821856,0.32840309080135643,-0.0043164479506638265,0.04904359261837765,0.10061598950686212
runx,nfat,False,2,held_out,0.4806590558146503,0.630740064763644,0.38754135924603406,0.38593022506029795,0.2324607847498247,0.4286636282148369,0.0016111341857361072,-0.15008100894899368,-0.19620284346501218
runx,nfat,False,3,held_out,0.7267106660934246,0.802858262259375,0.32889633071163465,0.41338238353912937,0.27937507965650005,0.37679399565740795,-0.08448605282749472,-0.07614759616595035,-0.0974189160009079
runx,nfat,False,4,held_out,,0.6676455237939393,,0.6049962860528589,,0.44612172382660276,,,
runx,nfat,False,5,held_out,0.502775584448129,0.7039747381007336,0.5651637708987546,0.5018929681238247,0.37785401101229815,0.4255695267230665,0.06327080277492991,-0.20119915365260466,-0.047715515710768375
runx,runx,True,1,held_out,0.9724020093047312,0.5409760451943392,0.7727233546301198,0.2896169467243011,0.7606212254436998,0.3004810029581669,0.48310640790581866,0.431425964110392,0.46014022248553293
runx,runx,True,2,held_out,0.829059976791399,0.8370935452524034,0.6021296218849865,0.5046383280097049,0.6562545854511506,0.4356918746003375,0.09749129387528166,-0.008033568461004448,0.22056271085081308
runx,runx,True,3,held_out,0.9814724677512865,0.715519922080406,0.5212104380912466,0.4916208053999855,0.5354951334685892,0.3944912253191698,0.02958963269126108,0.26595254567088045,0.14100390814941943
runx,runx,True,4,held_out,0.916049058121185,0.7957963990513612,0.7655884924255125,0.4759836207937528,0.7611019365431116,0.4068073292874244,0.28960487163175974,0.12025265906982374,0.35429460725568723
runx,runx,True,5,held_out,0.9624887663512512,0.7746714143919408,0.7111416071709795,0.4032403824805294,0.7012955026901594,0.4628727884498653,0.3079012246904501,0.18781735195931049,0.2384227142402941
runx,tbp,False,1,held_out,0.7098379405300584,0.638217281065814,0.471305632873439,0.19836700551342226,0.3209949899826968,0.27348628379100814,0.27293862736001673,0.07162065946424445,0.04750870619168868
runx,tbp,False,2,held_out,0.8031242819588631,0.7596432563627404,0.4781800884019062,0.467229201918247,0.39562189372566586,0.4192686658893194,0.010950886483659161,0.04348102559612266,-0.023646772163653518
runx,tbp,False,3,held_out,0.5831416789295081,0.6880302699468277,0.3478003408982253,0.32656183205132167,0.40859044751991763,0.3443355253728092,0.021238508846903648,-0.10488859101731962,0.06425492214710843
runx,tbp,False,4,held_out,0.6545505120151428,0.7641515946203213,0.512866153457488,0.3584872932188202,0.37031350431589855,0.3225586380554056,0.15437886023866776,-0.10960108260517853,0.04775486626049297
runx,tbp,False,5,held_out,0.7474229162153583,0.659422154230697,0.4394968177933175,0.3110375868316024,0.3576565434193275,0.3093491053532793,0.12845923096171513,0.08800076198466122,0.0483074380660482
tbp,csl,False,1,held_out,0.3846382184952713,0.05708571437546799,0.6036202667331519,0.6848983653197084,0.2501531471496703,-0.2105950327166723,-0.08127809858655644,0.3275525041198033,0.4607481798663426
tbp,csl,False,2,held_out,0.2535988176923867,0.15506556034434396,0.901276664488762,0.7632001125165923,0.18765556832614377,0.1905988265435763,0.13807655197216973,0.09853325734804272,-0.0029432582174325206
tbp,csl,False,3,held_out,0.4632006082792166,0.2546785044730183,0.8604609113103598,0.8517490067937619,0.3837849478861948,0.3756742236725443,0.00871190451659798,0.2085221038061983,0.0081107242136505
tbp,csl,False,4,held_out,0.02554460764017874,-0.09818069985101478,0.8135601710794383,0.7901648572695621,0.15271577727967314,-0.08799968009264098,0.02339531380987625,0.12372530749119352,0.24071545737231412
tbp,csl,False,5,held_out,0.1159757853906674,0.48107147828057206,0.8918463222087153,0.9250413803910508,0.24683658891822005,0.4148275488305922,-0.03319505818233548,-0.3650956928899047,-0.16799095991237215
tbp,egr1,False,1,held_out,0.6302804940111749,0.3016459685709115,0.7041431798841241,0.8555687070018496,0.34067925683596495,0.43470815023823384,-0.1514255271177255,0.3286345254402634,-0.09402889340226889
tbp,egr1,False,2,held_out,0.4218574286847269,0.4437158895731737,0.7595728645252406,0.8959630689065952,0.49285127462630324,0.4452830564363448,-0.13639020438135452,-0.021858460888446785,0.04756821818995843
tbp,egr1,False,3,held_out,0.3488198857620666,0.39172534449608065,0.843764557013057,0.71848635658854,0.35583328445016144,0.1760784573326485,0.12527820042451698,-0.04290545873401408,0.17975482711751292
tbp,egr1,False,4,held_out,0.1113092054370465,0.495808964561162,0.6436287731151212,0.8143410393687663,-0.12062371602632929,0.6004150248168447,-0.1707122662536451,-0.3844997591241155,-0.721038740843174
tbp,egr1,False,5,held_out,0.33148595970539385,0.2856354612900736,0.8247253657539777,0.8221490016040045,0.39904972532782257,0.37308862862938386,0.002576364149973198,0.04585049841532024,0.025961096698438713
tbp,engrailed,False,1,held_out,0.4528983432815887,0.49156376486865716,0.6397725678023087,0.935403176003085,0.48875383418240864,0.45032853376801735,-0.29563060820077625,-0.03866542158706848,0.038425300414391295
tbp,engrailed,False,2,held_out,0.4386852760206599,0.10772034688914703,0.951018746980559,0.7684000505273665,0.44346505137932263,-0.05889697012705857,0.1826186964531925,0.3309649291315129,0.5023620215063812
tbp,engrailed,False,3,held_out,0.5669093774588008,-0.05133552891441255,0.868500305339949,0.6706187194764082,0.5744455226760296,0.1572333275643387,0.19788158586354088,0.6182449063732133,0.41721219511169083
tbp,engrailed,False,4,held_out,0.05193812181709915,0.25827920937168697,0.6509143856226227,0.8160947641534645,0.22391443048087714,0.42126888532233553,-0.16518037853084178,-0.20634108755458783,-0.1973544548414584
tbp,engrailed,False,5,held_out,0.2111348242208932,-0.04034789673421824,0.9081831290428064,0.8540854919306649,0.1611637101089414,-0.17340287248661393,0.05409763711214155,0.2514827209551114,0.33456658259555533
tbp,err,False,1,held_out,0.14435064724943542,0.5064104654929341,0.7423220361010191,0.8638788121759383,0.3322038018237365,0.4825476202009576,-0.12155677607491921,-0.3620598182434987,-0.1503438183772211
tbp,err,False,2,held_out,0.45828162288607344,0.1916953159992565,0.7567370960983184,0.6865762148392717,0.5892880655938855,0.22506453522186845,0.07016088125904674,0.26658630688681695,0.36422353037201705
tbp,err,False,3,held_out,0.5367212706916032,0.1389161211820961,0.8743910616853198,0.8441359241178443,0.6369066028396367,0.2330877794642214,0.030255137567475443,0.3978051495095072,0.4038188233754153
tbp,err,False,4,held_out,0.24238719464916023,-0.00443255093161953,0.8532769184473337,0.698268036466449,0.3905566305348955,0.08299621278424368,0.1550088819808847,0.24681974558077976,0.3075604177506518
tbp,err,False,5,held_out,0.36202353015203925,0.45114056859429613,0.8813186857772509,0.9109575508705163,0.38297076213210185,0.3768262641289722,-0.02963886509326541,-0.08911703844225688,0.0061444980031296614
tbp,ets1,False,1,held_out,-0.23492015573396308,0.43396981521294214,0.8273216323649434,0.9283630637151548,-0.157311273086085,0.3523946666054687,-0.10104143135021137,-0.6688899709469052,-0.5097059396915538
tbp,ets1,False,2,held_out,0.30711814020271894,0.04253903078324207,0.7769938054058991,0.8733159064998415,0.3193015718484392,-0.11762774745399376,-0.09632210109394235,0.2645791094194769,0.43692931930243295
tbp,ets1,False,3,held_out,0.1435597840972401,0.12840575688245737,0.1945185541566388,0.8835125369800167,0.2715551211343605,0.17895904155391262,-0.688993982823378,0.015154027214782734,0.09259607958044785
tbp,ets1,False,4,held_out,0.07687391176098289,0.28141675601145233,0.5822087801782884,0.8436244259013652,0.03460644194474017,0.36943230025138224,-0.26141564572307685,-0.20454284425046942,-0.3348258583066421
tbp,ets1,False,5,held_out,0.11789111883511658,0.2990641988174352,0.6586754598220762,0.852146354559908,0.08252134031498384,0.20046253571130448,-0.19347089473783174,-0.1811730799823186,-0.11794119539632064
tbp,foxa,False,1,held_out,0.36992946269770816,0.3825162196976036,0.6937843929506362,0.9120057683403868,0.4070175159906844,0.4205456297647187,-0.21822137538975062,-0.012586756999895421,-0.01352811377403429
tbp,foxa,False,2,held_out,0.3547746929170002,0.4815088263586954,0.7494470097544267,0.6373461126712685,0.16268169831836088,0.36248998186016,0.11210089708315818,-0.1267341334416952,-0.19980828354179914
tbp,foxa,False,3,held_out,0.5942995066616726,-0.32153080409274754,0.9394806351154421,0.5645568550203439,0.5846126102716602,0.076508724536739,0.3749237800950982,0.9158303107544201,0.5081038857349213
tbp,foxa,False,4,held_out,0.2133582147946603,0.30782562064000446,0.8214438828903484,0.7042994943439419,0.28525620320982015,0.3453055648019046,0.11714438854640652,-0.09446740584534416,-0.06004936159208446
tbp,foxa,False,5,held_out,0.6210627152542876,-0.08718800076417393,0.7883756056403161,0.8956352822128602,0.5639933727565917,-0.00016017614898998508,-0.1072596765725441,0.7082507160184615,0.5641535489055817
tbp,hsf,False,1,held_out,0.2705408054734091,0.04301934962665554,0.9147200156416735,0.6666153711391664,0.3405912105310054,0.26466006092854244,0.24810464450250713,0.22752145584675354,0.07593114960246294
tbp,hsf,False,2,held_out,0.5756568992144346,-0.007384614858372819,0.8462546813283985,0.6737057612665875,0.4214905311968464,0.16985260890641238,0.172548920061811,0.5830415140728075,0.251637922290434
tbp,hsf,False,3,held_out,0.1680331566542401,-0.06279467021423371,0.757463450121734,0.7768495762135114,0.05093366003349171,-0.1557890614384809,-0.019386126091777367,0.2308278268684738,0.2067227214719726
tbp,hsf,False,4,held_out,0.3601446579194163,-0.25206477274375816,0.8415780372986318,0.9065660883494449,0.3815909959113524,-0.2220244088827438,-0.06498805105081307,0.6122094306631745,0.6036154047940963
tbp,hsf,False,5,held_out,0.17504779960021455,0.470429357014394,0.850815088110558,0.8261445153014898,0.2718982607445228,0.38008759572365214,0.024670572809068148,-0.29538155741417943,-0.10818933497912936
tbp,irf,False,1,held_out,-0.08044135910465297,0.5052643944940453,0.6814979165352272,0.756084311610872,0.22271055977545887,0.28744780290221433,-0.0745863950756448,-0.5857057535986983,-0.06473724312675547
tbp,irf,False,2,held_out,0.15692889459263504,0.1361820786520919,0.7938848038004714,0.833127835154897,0.1300734186955996,0.09041492567976485,-0.03924303135442553,0.020746815940543145,0.03965849301583475
tbp,irf,False,3,held_out,0.411573579322174,0.5060480992135871,0.8623164563009907,0.2618267428610369,0.3849235877380684,0.2007619573119836,0.6004897134399538,-0.09447451989141309,0.1841616304260848
tbp,irf,False,4,held_out,0.02550104242588479,0.2554453128132178,0.8004693825029651,0.8082681373264778,0.2302352215444233,0.4384060782344215,-0.007798754823512777,-0.229944270387333,-0.2081708566899982
tbp,irf,False,5,held_out,0.42993082150012296,0.43533819130449547,0.9276437428645525,0.8823509377077455,0.4368442039825352,0.393093156983204,0.045292805156807,-0.005407369804372508,0.04375104699933119
tbp,lef1,False,1,held_out,-0.06850763368832344,0.08898355065462386,0.7062324819449431,0.7511649822511585,0.23647678515862666,0.03495795159988017,-0.04493250030621532,-0.1574911843429473,0.2015188335587465
tbp,lef1,False,2,held_out,0.14598251575772903,,0.7940713147926498,,0.22364441772504487,,,,
tbp,lef1,False,3,held_out,0.46586642178015647,-0.07059129321040833,0.9197035438738059,0.6586811790902721,0.46899111553036205,0.1294803269662154,0.2610223647835338,0.5364577149905648,0.3395107885641466
tbp,lef1,False,4,held_out,0.2773383058208731,0.4691651181048265,0.886025632042075,0.6522271817030546,0.3826009855423807,0.42530527038953614,0.23379845033902036,-0.19182681228395337,-0.04270428484715544
tbp,lef1,False,5,held_out,0.14301102111390832,-0.012868126885047883,0.7519794329802253,0.7657794735991345,0.2352895949409685,0.058376795560864406,-0.01380004061890916,0.1558791479989562,0.17691279938010407
tbp,nfat,False,1,held_out,0.08354734892099865,0.27627410290408455,0.6080340791240924,0.8569247945209121,0.4010313652384232,0.25611517768127173,-0.24889071539681973,-0.19272675398308592,0.14491618755715147
tbp,nfat,False,2,held_out,0.15955955985528017,0.7478729563143929,0.7200103111695253,0.5494199410001452,0.16101318233320877,0.5037192569131655,0.17059037016938006,-0.5883133964591127,-0.3427060745799568
tbp,nfat,False,3,held_out,0.3319271547661743,0.3470221757784813,0.8086377339014621,0.7659756944215451,0.440444103181372,0.28983925963987495,0.04266203947991698,-0.01509502101230703,0.15060484354149706
tbp,nfat,False,4,held_out,,-0.04483526112422777,,0.6468909291285521,,0.20032132902763933,,,
tbp,nfat,False,5,held_out,0.22467959223330902,-0.17949198969077418,0.6620778907144037,0.6657021479104438,0.5979110770580596,0.11352683916585721,-0.0036242571960400927,0.4041715819240832,0.48438423789220236
tbp,runx,False,1,held_out,-0.14251625892407238,0.4574179698678624,0.7269122971768434,0.791354646457086,-0.06923295589168267,0.5270737996486208,-0.06444234928024262,-0.5999342287919347,-0.5963067555403034
tbp,runx,False,2,held_out,-0.28009644153999547,0.4158097699365009,0.6859304907760839,0.830650829762381,-0.11730528402620705,0.26393424549733446,-0.1447203389862971,-0.6959062114764963,-0.3812395295235415
tbp,runx,False,3,held_out,0.20884147432707242,0.697929981990024,0.7540276180686458,0.6573800000001676,0.035826683988948775,0.5367520102295799,0.09664761806847821,-0.48908850766295153,-0.5009253262406311
tbp,runx,False,4,held_out,0.3070330712039918,0.4402761971757148,0.8056164862126014,0.8930195180201149,0.5165435703148379,0.53783784824526,-0.08740303180751352,-0.133243125971723,-0.021294277930422156
tbp,runx,False,5,held_out,-0.1314123648417316,0.6753556778028276,0.8449151278023986,0.7498805576865286,-0.1364781171377806,0.5975627488583577,0.09503457011587002,-0.8067680426445591,-0.7340408659961383
tbp,tbp,True,1,held_out,0.5606192605476359,0.16262724204525508,0.8230990215025503,0.6976136473859678,0.6612322601504548,0.10492170160701311,0.12548537411658256,0.3979920185023808,0.5563105585434417
tbp,tbp,True,2,held_out,0.5377998517292044,0.3956075842852809,0.5886184554287358,0.9178102395164249,0.7771867748849711,0.33626095926935434,-0.3291917840876891,0.1421922674439235,0.4409258156156168
tbp,tbp,True,3,held_out,0.4240555684490796,-0.0014342390801391517,0.6253960608042534,0.7440085960376231,0.6809395962774809,0.0874647178448241,-0.11861253523336979,0.4254898075292188,0.5934748784326568
tbp,tbp,True,4,held_out,0.9692889541031783,-0.2938206011979587,0.9050492390740401,0.8859923748437316,0.9170138490273197,-0.20483273178022393,0.0190568642303085,1.263109555301137,1.1218465808075437
tbp,tbp,True,5,held_out,0.7155902285399905,0.3745720591188835,0.8652173834820811,0.8147289687717476,0.6127799748954905,0.2630885816790126,0.050488414710333496,0.341018169421107,0.3496913932164779
