tf,pdb,pwm_label,seed,entry,kind,state,n_cols_covered,r_vs_crystal,mae_vs_crystal,jsd_vs_crystal,n_overlap_crystal,r_vs_exp,mae_vs_exp,jsd_vs_exp,n_overlap_exp,ic_bits,consensus,cons_match_crystal
csl,3brg,SUH_MOUSE.H11MO.0.A,1,3brg_C_SUH_MOUSE.H11MO.0.A.npz,crystal,,8,1.0,0.0,0.0,8,0.9511859491521908,0.06501195650707814,0.04406027300071995,8,9.537048311988986,TTTCCCAA,
csl,3brg,SUH_MOUSE.H11MO.0.A,1,3brg_state_001_SUH_MOUSE.H11MO.0.A.npz,state,1.0,8,0.36884497915966963,0.22802277828122897,0.29791564484158084,8,0.42084639703815147,0.22081540744147787,0.28276051750780895,8,7.652157924048118,TTTAAAAC,4.0
csl,3brg,SUH_MOUSE.H11MO.0.A,1,3brg_state_002_SUH_MOUSE.H11MO.0.A.npz,state,2.0,8,0.5895190898312528,0.18845355781013495,0.21234208320883763,8,0.5865248946010524,0.1852436340850545,0.2184052823344129,8,7.949097884136704,TTTTCCAT,6.0
csl,3brg,SUH_MOUSE.H11MO.0.A,1,3brg_state_004_SUH_MOUSE.H11MO.0.A.npz,state,4.0,8,0.3584278867640813,0.22674657171228318,0.2770896265129179,8,0.3979936949057089,0.21326685916574206,0.2424739446970633,8,5.248978402900368,ATTTTCGC,3.0
csl,3brg,SUH_MOUSE.H11MO.0.A,1,3brg_state_006_SUH_MOUSE.H11MO.0.A.npz,state,6.0,7,-0.06193435401981488,0.3447377569432969,0.5149081983108168,7,0.007457076881529075,0.3228031448753817,0.46648454812524764,7,7.9320732553248146,.CGATTAC,1.0
csl,3brg,SUH_MOUSE.H11MO.0.A,1,3brg_state_007_SUH_MOUSE.H11MO.0.A.npz,state,7.0,8,0.31356860721441465,0.22452358464579447,0.3135420929266994,8,0.2587454473803517,0.24965024665289093,0.3472033518398592,8,8.842998776587848,TTTCAAGA,5.0
csl,3brg,SUH_MOUSE.H11MO.0.A,1,3brg_state_008_SUH_MOUSE.H11MO.0.A.npz,state,8.0,8,0.22758551812749608,0.2633868837838236,0.35700417261038203,8,0.2234828385404426,0.25491971723386087,0.3445005709136372,8,8.19236387834361,ATTTTTAC,3.0
csl,3brg,SUH_MOUSE.H11MO.0.A,1,3brg_state_009_SUH_MOUSE.H11MO.0.A.npz,state,9.0,7,0.494474427499544,0.191979473153229,0.25534170641302695,7,0.5439942481551471,0.18352392863016576,0.22444302155724843,7,6.810826285386932,.ATCTTAG,3.0
csl,3brg,SUH_MOUSE.H11MO.0.A,1,3brg_state_011_SUH_MOUSE.H11MO.0.A.npz,state,11.0,8,0.758063027857367,0.13103033737570513,0.12250201847755683,8,0.8206230943998806,0.10902552822153666,0.08679281453332958,8,7.1343990157628125,TTTCTCAG,6.0
csl,3brg,SUH_MOUSE.H11MO.0.A,1,3brg_state_014_SUH_MOUSE.H11MO.0.A.npz,state,14.0,8,0.33213034790923807,0.23149297586860484,0.33127412044353965,8,0.4331735628741655,0.21254130692977924,0.28302731432626205,8,9.49219840362785,TTTCATAC,5.0
csl,3brg,SUH_MOUSE.H11MO.0.A,1,3brg_state_017_SUH_MOUSE.H11MO.0.A.npz,state,17.0,8,0.42120020527106644,0.20995644355934928,0.2578346054658783,8,0.403857243214981,0.22616116239805706,0.2643033723546857,8,5.684681240842015,TGTCTTAA,5.0
csl,3brg,SUH_MOUSE.H11MO.0.A,1,3brg_state_018_SUH_MOUSE.H11MO.0.A.npz,state,18.0,8,0.8546701551563048,0.09785755333359702,0.0766443437881058,8,0.7741156597291377,0.11822545017639641,0.11700317851276584,8,7.02667766979675,TTTACCAA,7.0
csl,3brg,SUH_MOUSE.H11MO.0.A,1,3brg_state_020_SUH_MOUSE.H11MO.0.A.npz,state,20.0,8,0.4737971382779475,0.2087070141460572,0.280920888507767,8,0.5967782807211983,0.17871477112203138,0.20872635584134083,8,10.286091488528978,TTTCTTAC,5.0
csl,3brg,SUH_MOUSE.H11MO.0.A,1,3brg_state_021_SUH_MOUSE.H11MO.0.A.npz,state,21.0,8,0.1307276907489999,0.2712966859653534,0.391622533554212,8,0.07224079550380119,0.2897634255787125,0.42111455887226745,8,7.519649313522496,AGTAAGAA,3.0
csl,3brg,SUH_MOUSE.H11MO.0.A,1,3brg_state_023_SUH_MOUSE.H11MO.0.A.npz,state,23.0,8,0.8423430593598019,0.10313845759083051,0.08588764016454149,8,0.8592358074501818,0.08650298591601313,0.08230379323214741,8,7.699066023965424,TTTCCCGG,6.0
csl,3brg,SUH_MOUSE.H11MO.0.A,1,3brg_state_024_SUH_MOUSE.H11MO.0.A.npz,state,24.0,8,0.7898017984885544,0.1421064270507486,0.11601166616445296,8,0.7830250099429483,0.14339922765793744,0.12047096737976017,8,6.140407398137775,TTTCCCGG,6.0
csl,3brg,SUH_MOUSE.H11MO.0.A,1,3brg_state_025_SUH_MOUSE.H11MO.0.A.npz,state,25.0,8,-0.02892713552121375,0.31064613260605256,0.4452074354104722,8,0.05815031740658171,0.2843341237457935,0.3917262300571735,8,6.879213299368111,TTGTGTAC,3.0
csl,3brg,SUH_MOUSE.H11MO.0.A,1,3brg_state_026_SUH_MOUSE.H11MO.0.A.npz,state,26.0,8,0.4754742767132526,0.19947914930889965,0.26344326204260415,8,0.5868132233082943,0.17228397234430304,0.1949435166445116,8,8.350918645552094,TTTCATAC,5.0
csl,3brg,SUH_MOUSE.H11MO.0.A,1,3brg_state_030_SUH_MOUSE.H11MO.0.A.npz,state,30.0,8,0.26443213460892406,0.21857911208280711,0.3278528897243872,8,0.26067728037164783,0.23140507178322878,0.33934610502616136,8,8.382189822877853,TTTAATAA,5.0
csl,3brg,SUH_MOUSE.H11MO.0.A,1,3brg_state_031_SUH_MOUSE.H11MO.0.A.npz,state,31.0,8,0.7876793513515126,0.1370322065995424,0.12190141413736282,8,0.7819628638743432,0.1434095641998283,0.1229105303867569,8,5.838348370968301,TTTCCTAA,7.0
csl,3brg,SUH_MOUSE.H11MO.0.A,1,3brg_state_032_SUH_MOUSE.H11MO.0.A.npz,state,32.0,8,0.4122243963709546,0.21990939849274582,0.29626451403427884,8,0.468634259711266,0.20203979704820085,0.2603767498071917,8,8.915575740437461,TGTCTTAT,4.0
csl,3brg,SUH_MOUSE.H11MO.0.A,1,3brg_state_033_SUH_MOUSE.H11MO.0.A.npz,state,33.0,8,0.8402631540117049,0.105903184707131,0.08576324040775629,8,0.8408492451240952,0.1096445615767152,0.0909745490558952,8,9.65886888368599,ATTCACAG,5.0
csl,3brg,SUH_MOUSE.H11MO.0.A,1,3brg_state_035_SUH_MOUSE.H11MO.0.A.npz,state,35.0,8,0.26910630602862673,0.25660031428196817,0.37161871924325474,8,0.30453467205590196,0.24209593817067798,0.3406000993030456,8,9.23256609270081,ATTAATAC,3.0
csl,3brg,SUH_MOUSE.H11MO.0.A,1,3brg_state_037_SUH_MOUSE.H11MO.0.A.npz,state,37.0,8,0.6664587133816414,0.15346401655915543,0.1720210168367362,8,0.6640705227751422,0.1512019995279843,0.16726055214193622,8,8.631042905973086,ATTCATAC,4.0
csl,3brg,SUH_MOUSE.H11MO.0.A,1,3brg_state_038_SUH_MOUSE.H11MO.0.A.npz,state,38.0,8,0.9369337673374235,0.07004750983833219,0.04090308447671847,8,0.9336109850520713,0.08398957310419064,0.05856087558118649,8,8.903936057504195,TTTCCCAC,7.0
csl,3brg,SUH_MOUSE.H11MO.0.A,1,3brg_state_039_SUH_MOUSE.H11MO.0.A.npz,state,39.0,8,0.10235775566585503,0.3057303112691443,0.4585280054403136,8,0.1749132486136705,0.2892485594493337,0.42290177423956765,8,9.971797127343105,TGTAATAC,3.0
csl,3brg,SUH_MOUSE.H11MO.0.A,1,3brg_state_040_SUH_MOUSE.H11MO.0.A.npz,state,40.0,8,0.6283017209485234,0.15417865029394306,0.1920021872285404,8,0.7256294085604155,0.1464841244278432,0.15050069308215977,8,8.98988320524014,ATTCTCAC,5.0
csl,3brg,SUH_MOUSE.H11MO.0.A,1,3brg_state_042_SUH_MOUSE.H11MO.0.A.npz,state,42.0,8,0.48916648374911137,0.20747228235995863,0.25340866838787013,8,0.5676131451299652,0.18348665992743918,0.21421162971885055,8,8.627322450726737,TGTCACAC,5.0
csl,3brg,SUH_MOUSE.H11MO.0.A,1,3brg_state_043_SUH_MOUSE.H11MO.0.A.npz,state,43.0,8,0.7201527392952382,0.13931450219388353,0.14540872568672075,8,0.7253544614078953,0.14539835587129346,0.14079033460566404,8,6.783695686310398,TTTCTGAA,6.0
csl,3brg,SUH_MOUSE.H11MO.0.A,1,3brg_state_044_SUH_MOUSE.H11MO.0.A.npz,state,44.0,8,0.47848565202533366,0.2150572252830898,0.28841845460183085,8,0.5303083563182177,0.20845739146170672,0.2608554117581152,8,10.40754187701721,AATCACAC,4.0
csl,3brg,SUH_MOUSE.H11MO.0.A,1,3brg_state_045_SUH_MOUSE.H11MO.0.A.npz,state,45.0,8,0.5627560178428296,0.2019435119946138,0.2200588557262249,8,0.6570612979365242,0.1754095015603525,0.16527036893628871,8,8.0670913484566,TCCCCCAC,5.0
csl,3brg,SUH_MOUSE.H11MO.0.A,1,3brg_state_046_SUH_MOUSE.H11MO.0.A.npz,state,46.0,8,0.15040736455678386,0.29739338688887074,0.38464235413989095,8,0.20247508194149816,0.26321895541332196,0.3465360306612284,8,6.450322462764317,TTTTATTT,3.0
csl,3brg,SUH_MOUSE.H11MO.0.A,1,3brg_state_049_SUH_MOUSE.H11MO.0.A.npz,state,49.0,8,0.8001743697915338,0.11677823361969786,0.10647307699762833,8,0.8353261867944687,0.1110493600681366,0.08789502168453868,8,6.499505209868917,TTTCTCAG,6.0
csl,3brg,SUH_MOUSE.H11MO.0.A,1,3brg_state_056_SUH_MOUSE.H11MO.0.A.npz,state,56.0,8,0.47303561165085767,0.20789707288713544,0.2524843680776703,8,0.44523366090691835,0.2093155559123261,0.26801374751562235,8,7.152158319836615,TGTACTAG,4.0
csl,3brg,SUH_MOUSE.H11MO.0.A,1,3brg_state_057_SUH_MOUSE.H11MO.0.A.npz,state,57.0,8,0.2762487379979752,0.25118865682088654,0.3575681649710249,8,0.33306078103564346,0.2468252199178096,0.32368272668448733,8,8.83849251716532,ATTTATAC,3.0
csl,3brg,SUH_MOUSE.H11MO.0.A,1,3brg_state_059_SUH_MOUSE.H11MO.0.A.npz,state,59.0,8,0.4460651376625578,0.21444727119160234,0.30891590210010844,8,0.47443128192419826,0.2141726639965782,0.2960788377053495,8,9.9934469246832,TTTACAAC,5.0
csl,3brg,SUH_MOUSE.H11MO.0.A,1,3brg_state_060_SUH_MOUSE.H11MO.0.A.npz,state,60.0,8,0.5185021411644541,0.19821013169712387,0.23760020331966417,8,0.5691293531313865,0.1817085274560668,0.21143910058820403,8,7.526661992138561,TGTTCCGC,4.0
csl,3brg,SUH_MOUSE.H11MO.0.A,1,3brg_state_062_SUH_MOUSE.H11MO.0.A.npz,state,62.0,8,0.8353949099832436,0.10499446669200552,0.10645544762046491,8,0.8839346982078052,0.10700599518168019,0.09033629776287769,8,9.117925494718419,TTTCCCAC,7.0
csl,3brg,SUH_MOUSE.H11MO.0.A,1,3brg_state_063_SUH_MOUSE.H11MO.0.A.npz,state,63.0,7,0.15375874562428232,0.29930651142993675,0.3981665162927929,7,0.21432268071587207,0.2786201502354483,0.36050382328950753,7,5.547563729083885,.TGATCGC,2.0
csl,3brg,SUH_MOUSE.H11MO.0.A,1,3brg_state_064_SUH_MOUSE.H11MO.0.A.npz,state,64.0,8,-0.01278447841921273,0.34945102844443454,0.48299588371835855,8,0.0452576044461944,0.32690067395463984,0.4448680793617929,8,7.8688106743746,GGGAACAC,2.0
csl,3brg,SUH_MOUSE.H11MO.0.A,1,3brg_state_065_SUH_MOUSE.H11MO.0.A.npz,state,65.0,8,0.5504408960021814,0.18164959859859664,0.22232505811720862,8,0.5913363071385449,0.1657522741552384,0.19760153490815965,8,8.327883933939775,TTTTTCAC,5.0
csl,3brg,SUH_MOUSE.H11MO.0.A,1,3brg_state_067_SUH_MOUSE.H11MO.0.A.npz,state,67.0,6,0.29003923098964435,0.2718316440732451,0.4075434254893326,6,0.4286572267341863,0.22479700326221064,0.3020447928642127,6,7.914888606443617,..TCTTAC,3.0
csl,3brg,SUH_MOUSE.H11MO.0.A,1,3brg_state_068_SUH_MOUSE.H11MO.0.A.npz,state,68.0,8,0.046452472734847434,0.27521311729287845,0.4061089358772828,8,0.07386820367257993,0.2675195316041936,0.38648728114372666,8,6.22113431803895,TGTATTAC,3.0
csl,3brg,SUH_MOUSE.H11MO.0.A,1,3brg_state_070_SUH_MOUSE.H11MO.0.A.npz,state,70.0,8,0.40435564308955546,0.21758445474188193,0.2830689013662404,8,0.42805689143621467,0.2110741432843497,0.26317021411170716,8,6.319867697345361,TGTCTCAT,5.0
csl,3brg,SUH_MOUSE.H11MO.0.A,1,3brg_state_071_SUH_MOUSE.H11MO.0.A.npz,state,71.0,8,0.5469750089865569,0.16186018508142297,0.2300829181311715,8,0.5911825239344283,0.15930232112350495,0.20784815147050908,8,8.52978224807769,TTTCTTAG,5.0
csl,3brg,SUH_MOUSE.H11MO.0.A,1,3brg_state_072_SUH_MOUSE.H11MO.0.A.npz,state,72.0,8,0.00632488656574631,0.3270549949047563,0.46174124328219635,8,0.12627808402462368,0.29136092397675384,0.39760681135105386,8,7.356072711753283,TGACATAC,3.0
csl,3brg,SUH_MOUSE.H11MO.0.A,1,3brg_state_074_SUH_MOUSE.H11MO.0.A.npz,state,74.0,8,0.9683030555114505,0.04764007009725901,0.023751715565064037,8,0.9514395795278843,0.06801652963622473,0.04512930826702574,8,8.68741643917896,TTTCCCAG,7.0
csl,3brg,SUH_MOUSE.H11MO.0.A,1,3brg_state_076_SUH_MOUSE.H11MO.0.A.npz,state,76.0,8,0.7619819032162284,0.1489535889159015,0.12988684048399554,8,0.810175826820736,0.13129732422385132,0.10871890117349454,8,6.011809947286152,TTTCACAG,6.0
csl,3brg,SUH_MOUSE.H11MO.0.A,1,3brg_state_078_SUH_MOUSE.H11MO.0.A.npz,state,78.0,8,0.7206934673094414,0.16027008511809981,0.14853807053149468,8,0.6961877044412208,0.16261106451565865,0.16080630708772947,8,5.4665257465400545,TGTCCCAA,7.0
csl,3brg,SUH_MOUSE.H11MO.0.A,1,3brg_state_081_SUH_MOUSE.H11MO.0.A.npz,state,81.0,8,0.9100560658227104,0.08028092271888454,0.05848247337011224,8,0.8966320246994782,0.09030255742800364,0.06975586175876039,8,7.537248051886026,TTTCCCAG,7.0
csl,3brg,SUH_MOUSE.H11MO.0.A,1,3brg_state_082_SUH_MOUSE.H11MO.0.A.npz,state,82.0,8,0.036157722649895765,0.3009848048495769,0.4696145567906924,8,0.09659296256663494,0.28560725922579877,0.4304176507587637,8,9.294357588074083,ATATTTAC,2.0
csl,3brg,SUH_MOUSE.H11MO.0.A,1,3brg_state_083_SUH_MOUSE.H11MO.0.A.npz,state,83.0,8,0.5089569680726673,0.2070914073738095,0.25611658244112634,8,0.4840059861499813,0.20079477210674668,0.2582151139312442,8,8.36202773826836,GGTACCAG,4.0
csl,3brg,SUH_MOUSE.H11MO.0.A,1,3brg_state_084_SUH_MOUSE.H11MO.0.A.npz,state,84.0,8,0.44549475725602306,0.212622564726189,0.2925377111337514,8,0.5543947637015411,0.1924130302722915,0.23222309912115988,8,9.47483117628975,TGTCTCAC,5.0
csl,3brg,SUH_MOUSE.H11MO.0.A,1,3brg_state_085_SUH_MOUSE.H11MO.0.A.npz,state,85.0,8,0.5462429793360837,0.17822184646502137,0.20975058105714256,8,0.47155396047098147,0.19272950563390623,0.2500702564009433,8,6.83200537200115,TGGTCCAA,5.0
csl,3brg,SUH_MOUSE.H11MO.0.A,1,3brg_state_086_SUH_MOUSE.H11MO.0.A.npz,state,86.0,8,0.5068615691424916,0.19306031279120361,0.2511288858995402,8,0.6227745991012741,0.16206526507085073,0.18414780928552313,8,8.830958289476307,TTTCTTAC,5.0
csl,3brg,SUH_MOUSE.H11MO.0.A,1,3brg_state_090_SUH_MOUSE.H11MO.0.A.npz,state,90.0,8,0.48950970623353124,0.22961983471395797,0.27068407577137743,8,0.5662668486656445,0.1941555973753566,0.21904586396640685,8,7.0879511426835595,TTTTCCAC,6.0
csl,3brg,SUH_MOUSE.H11MO.0.A,1,3brg_state_091_SUH_MOUSE.H11MO.0.A.npz,state,91.0,8,0.36823220239454635,0.2429957724216365,0.35090254188318537,8,0.4064349345452895,0.23508372206015338,0.3266189497649252,8,10.04780110669562,TTTTCTGC,4.0
csl,3brg,SUH_MOUSE.H11MO.0.A,1,3brg_state_092_SUH_MOUSE.H11MO.0.A.npz,state,92.0,8,0.24597619001384166,0.24479952200999833,0.36013643109580373,8,0.2515007356838816,0.25165987481886987,0.3659235502980912,8,9.13652595975961,TTTAATAA,5.0
csl,3brg,SUH_MOUSE.H11MO.0.A,1,ENSEMBLE_MEAN,ensemble_mean,,8,0.7231779660797348,0.1783919990897033,0.1623504631306379,8,0.780338860291256,0.15944426985562707,0.13701101441563368,8,3.4368830193065465,TTTCTTAC,5.0
csl,3brg,SUH_MOUSE.H11MO.0.A,2,3brg_C_SUH_MOUSE.H11MO.0.A.npz,crystal,,8,1.0,0.0,0.0,8,0.8991524748378716,0.10100832702300977,0.07960892247089917,8,8.297155327014362,ATTCCCAA,
csl,3brg,SUH_MOUSE.H11MO.0.A,2,3brg_state_001_SUH_MOUSE.H11MO.0.A.npz,state,1.0,8,0.42041278412865746,0.21048182892445766,0.2917484903158133,8,0.5535264812986429,0.17332367504604917,0.24776291527953093,8,11.206540092406112,TTTCTTAC,4.0
csl,3brg,SUH_MOUSE.H11MO.0.A,2,3brg_state_002_SUH_MOUSE.H11MO.0.A.npz,state,2.0,8,0.4936396591137372,0.20271388925175415,0.21708457695870537,8,0.5695815879590426,0.20861138123291312,0.22218991080388006,8,7.447649514800998,TTTTACGT,3.0
csl,3brg,SUH_MOUSE.H11MO.0.A,2,3brg_state_004_SUH_MOUSE.H11MO.0.A.npz,state,4.0,8,0.6935683722453867,0.14805494929896668,0.12596227939196294,8,0.5924695125084757,0.1908089835633291,0.2023051789876252,8,6.711950322569386,ATTCTCAT,6.0
csl,3brg,SUH_MOUSE.H11MO.0.A,2,3brg_state_006_SUH_MOUSE.H11MO.0.A.npz,state,6.0,7,0.18174018351067328,0.2682553745289624,0.38753231301364455,7,0.23620630090551994,0.2780821630913124,0.397702602528551,7,7.7165270333990525,.CGCTTAC,2.0
csl,3brg,SUH_MOUSE.H11MO.0.A,2,3brg_state_007_SUH_MOUSE.H11MO.0.A.npz,state,7.0,8,0.5199687466185592,0.16400674468604848,0.21871435869151837,8,0.5837196551352319,0.16267468243313488,0.20579036150420862,8,7.529722338005437,ATTCTTAC,5.0
csl,3brg,SUH_MOUSE.H11MO.0.A,2,3brg_state_008_SUH_MOUSE.H11MO.0.A.npz,state,8.0,8,0.10893180577649349,0.26211914310988504,0.3872970722400033,8,0.0789150531975114,0.2951261800189968,0.4371342576810448,8,9.337501533013992,ATTTTTGC,3.0
csl,3brg,SUH_MOUSE.H11MO.0.A,2,3brg_state_009_SUH_MOUSE.H11MO.0.A.npz,state,9.0,7,0.31900530403838645,0.24702637569043873,0.3104056631406559,7,0.3542315265655413,0.234413564749957,0.3251189490966374,7,7.129718995658993,.GTCTTAG,3.0
csl,3brg,SUH_MOUSE.H11MO.0.A,2,3brg_state_011_SUH_MOUSE.H11MO.0.A.npz,state,11.0,8,0.9050115600356647,0.0910460797167616,0.05562555908994661,8,0.8659679887931241,0.09918302594451234,0.08526439975468329,8,7.2288961287031475,TTTCCCAT,6.0
csl,3brg,SUH_MOUSE.H11MO.0.A,2,3brg_state_014_SUH_MOUSE.H11MO.0.A.npz,state,14.0,8,0.21520815574432806,0.23496673606496188,0.34252700030464855,8,0.3069078166475829,0.2363541482736764,0.34446781795645376,8,8.600949289987717,ATACTTAC,4.0
csl,3brg,SUH_MOUSE.H11MO.0.A,2,3brg_state_017_SUH_MOUSE.H11MO.0.A.npz,state,17.0,8,0.26177478528300446,0.22650700030703774,0.31681296386726787,8,0.22601224394629485,0.272513262856819,0.37952690402656575,8,9.245610601821799,ATACTCTT,4.0
csl,3brg,SUH_MOUSE.H11MO.0.A,2,3brg_state_018_SUH_MOUSE.H11MO.0.A.npz,state,18.0,8,0.8948834073754655,0.09126142221793998,0.06663915616335017,8,0.8728305881608134,0.1097791976062581,0.09366933604050114,8,7.178746869953239,ATTCCCAC,7.0
csl,3brg,SUH_MOUSE.H11MO.0.A,2,3brg_state_020_SUH_MOUSE.H11MO.0.A.npz,state,20.0,8,0.4543262214510265,0.17995195045659784,0.22038007707787693,8,0.4702990528185293,0.1953527040896006,0.24574982332757467,8,6.704444003769794,ATTCTTAC,5.0
csl,3brg,SUH_MOUSE.H11MO.0.A,2,3brg_state_021_SUH_MOUSE.H11MO.0.A.npz,state,21.0,8,0.031276059764450116,0.30433128836247647,0.42752550364850406,8,-0.06895019754774888,0.34832780144151343,0.5131865433609529,8,8.68731719800557,AGGATAAA,3.0
csl,3brg,SUH_MOUSE.H11MO.0.A,2,3brg_state_023_SUH_MOUSE.H11MO.0.A.npz,state,23.0,8,0.8483279535565166,0.11523463841876946,0.0873765410302438,8,0.9019516817945231,0.08770839912176598,0.06729897101725357,8,7.314460237909028,ATTCCCAC,7.0
csl,3brg,SUH_MOUSE.H11MO.0.A,2,3brg_state_024_SUH_MOUSE.H11MO.0.A.npz,state,24.0,8,0.5067026349407728,0.18611498489917722,0.19373412521479533,8,0.34362265199946657,0.23964884894667193,0.2875964628775119,8,6.510874701155938,AGGCCTAA,5.0
csl,3brg,SUH_MOUSE.H11MO.0.A,2,3brg_state_025_SUH_MOUSE.H11MO.0.A.npz,state,25.0,8,0.042547847668082235,0.27709896941814804,0.34607950386878944,8,0.026641042481096094,0.30409763080388075,0.3919704364547659,8,6.647231147430087,ATGTTTGC,2.0
csl,3brg,SUH_MOUSE.H11MO.0.A,2,3brg_state_026_SUH_MOUSE.H11MO.0.A.npz,state,26.0,8,0.30887909816166037,0.21630402849405073,0.2901470602634707,8,0.3869140755659595,0.22368079751322512,0.29018565983301137,8,7.573899545501233,ATGCTTAC,4.0
csl,3brg,SUH_MOUSE.H11MO.0.A,2,3brg_state_030_SUH_MOUSE.H11MO.0.A.npz,state,30.0,8,0.0048362162263596445,0.284152288641053,0.44362174524096953,8,-0.02434892083887955,0.32060102090690634,0.49000618878250735,8,8.64152753065337,ATGATAAA,4.0
csl,3brg,SUH_MOUSE.H11MO.0.A,2,3brg_state_031_SUH_MOUSE.H11MO.0.A.npz,state,31.0,8,-0.01731953455916705,0.2848479168023914,0.3560999877999427,8,0.05545222026391928,0.2781736239994643,0.34852814810909666,8,4.696565844472152,TTGAATTG,1.0
csl,3brg,SUH_MOUSE.H11MO.0.A,2,3brg_state_032_SUH_MOUSE.H11MO.0.A.npz,state,32.0,8,0.2771401650197767,0.23574630057555623,0.31239219527824436,8,0.27890742432914845,0.24186003052454907,0.3524529156055768,8,8.776118751215787,TTACATAT,3.0
csl,3brg,SUH_MOUSE.H11MO.0.A,2,3brg_state_033_SUH_MOUSE.H11MO.0.A.npz,state,33.0,8,0.477936152791977,0.18339514175022487,0.21607742154858828,8,0.48878252593887406,0.20378378641908057,0.24710435145601264,8,7.6398854615273795,ATACTCAC,5.0
csl,3brg,SUH_MOUSE.H11MO.0.A,2,3brg_state_035_SUH_MOUSE.H11MO.0.A.npz,state,35.0,8,0.1357709407023035,0.28709611717738426,0.41587867156063396,8,0.28818844916832065,0.25906923323589126,0.3798772413920855,8,10.174040806287914,TTACTTAC,3.0
csl,3brg,SUH_MOUSE.H11MO.0.A,2,3brg_state_037_SUH_MOUSE.H11MO.0.A.npz,state,37.0,8,0.6365870556846408,0.15736727789953875,0.14922686879458857,8,0.56571059112571,0.17989982730978227,0.19932449014744802,8,7.592498030705607,AGTCTTAC,4.0
csl,3brg,SUH_MOUSE.H11MO.0.A,2,3brg_state_038_SUH_MOUSE.H11MO.0.A.npz,state,38.0,8,0.8790577361354207,0.10510727376095019,0.07176218736155983,8,0.7995568560497616,0.12236877543909941,0.1291709188206046,8,8.49690276452096,ATTCCCAT,7.0
csl,3brg,SUH_MOUSE.H11MO.0.A,2,3brg_state_039_SUH_MOUSE.H11MO.0.A.npz,state,39.0,8,-0.1480503345311202,0.3338221888431576,0.4447522170436725,8,-0.09804870343213452,0.31635796981817066,0.4632630617589326,8,6.720437597182666,TGACTTGC,1.0
csl,3brg,SUH_MOUSE.H11MO.0.A,2,3brg_state_040_SUH_MOUSE.H11MO.0.A.npz,state,40.0,8,0.4335524088989032,0.20225158180255676,0.2459734764398714,8,0.3635109989966921,0.24448613251297502,0.30931373966230974,8,7.777881401989484,AGACTCAA,5.0
csl,3brg,SUH_MOUSE.H11MO.0.A,2,3brg_state_042_SUH_MOUSE.H11MO.0.A.npz,state,42.0,8,0.48381978037126044,0.20182187838145182,0.23063386826300103,8,0.4555701913995878,0.208514597517933,0.27258773424490856,8,9.091437702900606,TGTCATAT,3.0
csl,3brg,SUH_MOUSE.H11MO.0.A,2,3brg_state_043_SUH_MOUSE.H11MO.0.A.npz,state,43.0,8,0.6253799920484062,0.165890748903621,0.163942701376216,8,0.629206646214405,0.16922503568639513,0.18113976586398417,8,6.24199963739452,ATTCTTAA,6.0
csl,3brg,SUH_MOUSE.H11MO.0.A,2,3brg_state_044_SUH_MOUSE.H11MO.0.A.npz,state,44.0,8,0.6617805640532318,0.16644055125652812,0.15650333344580547,8,0.7745262441261561,0.14010316370695364,0.13042655762500333,8,7.148496752268517,TTTCACAC,5.0
csl,3brg,SUH_MOUSE.H11MO.0.A,2,3brg_state_045_SUH_MOUSE.H11MO.0.A.npz,state,45.0,8,0.8674916113048118,0.11116660023071745,0.07754991872961696,8,0.7941340008075919,0.13701491941719723,0.12192505253649719,8,7.671350079219329,CCTCCCAT,5.0
csl,3brg,SUH_MOUSE.H11MO.0.A,2,3brg_state_046_SUH_MOUSE.H11MO.0.A.npz,state,46.0,8,-0.21330904502835296,0.3261443423698438,0.45209307358542555,8,-0.21591247847552636,0.342510172123184,0.5088280322365732,8,6.851382705669987,TGGATTGC,0.0
csl,3brg,SUH_MOUSE.H11MO.0.A,2,3brg_state_049_SUH_MOUSE.H11MO.0.A.npz,state,49.0,8,0.5468881973689009,0.18291288046748377,0.18683520052295466,8,0.6044582624113151,0.17621387344843242,0.18373960488526736,8,6.304052125657156,ATACATAA,5.0
csl,3brg,SUH_MOUSE.H11MO.0.A,2,3brg_state_056_SUH_MOUSE.H11MO.0.A.npz,state,56.0,8,0.3052020475948542,0.2436522443749709,0.27995463897459427,8,0.19374529648146238,0.2627852330333553,0.35551634283172395,8,8.004636134400105,AGTTCTAC,4.0
csl,3brg,SUH_MOUSE.H11MO.0.A,2,3brg_state_057_SUH_MOUSE.H11MO.0.A.npz,state,57.0,8,0.11691609654974387,0.2891675347846103,0.3579664073019729,8,0.0663202097207612,0.3130701688123736,0.42558175204768,8,8.064375338540042,ATTTTTAC,4.0
csl,3brg,SUH_MOUSE.H11MO.0.A,2,3brg_state_059_SUH_MOUSE.H11MO.0.A.npz,state,59.0,8,0.44597213327173696,0.19375209527196802,0.26506255070024193,8,0.4148181191298428,0.2117520931146757,0.3070747311076596,8,10.16005567656602,ATTACTAC,5.0
csl,3brg,SUH_MOUSE.H11MO.0.A,2,3brg_state_060_SUH_MOUSE.H11MO.0.A.npz,state,60.0,8,0.8799297133513834,0.10205648177361581,0.06709627758962286,8,0.8088183818519981,0.13417627953458577,0.12488245878778564,8,6.55402619372254,ATTCCCAC,7.0
csl,3brg,SUH_MOUSE.H11MO.0.A,2,3brg_state_062_SUH_MOUSE.H11MO.0.A.npz,state,62.0,8,0.8442122211811124,0.11349372500990285,0.08340417618445467,8,0.8994884669614978,0.09401689662627177,0.08234127040220733,8,7.069403187364152,TTTCCCAC,6.0
csl,3brg,SUH_MOUSE.H11MO.0.A,2,3brg_state_063_SUH_MOUSE.H11MO.0.A.npz,state,63.0,7,0.28304273420749393,0.24822919451565081,0.3506679516323824,7,0.3056291840724089,0.25231801332639797,0.3606861229063313,7,7.7205640982931465,.CGCTCAT,3.0
csl,3brg,SUH_MOUSE.H11MO.0.A,2,3brg_state_064_SUH_MOUSE.H11MO.0.A.npz,state,64.0,8,0.6820563357992355,0.1379098660836462,0.14126489891753022,8,0.7186958360447615,0.1272545029205503,0.15333273226001715,8,8.756972272267625,TTTCCTAC,5.0
csl,3brg,SUH_MOUSE.H11MO.0.A,2,3brg_state_065_SUH_MOUSE.H11MO.0.A.npz,state,65.0,8,0.719839627385918,0.14001449273200706,0.1376790627934176,8,0.6867147269214904,0.13215004217636306,0.1689709533728575,8,10.056366331670068,TTTTCCAT,5.0
csl,3brg,SUH_MOUSE.H11MO.0.A,2,3brg_state_067_SUH_MOUSE.H11MO.0.A.npz,state,67.0,6,-0.043997832844290964,0.34443539418134606,0.5447877106976374,6,0.001871825241012163,0.33536147083941614,0.5394766227801543,6,8.664326942973236,..ACTTGC,1.0
csl,3brg,SUH_MOUSE.H11MO.0.A,2,3brg_state_068_SUH_MOUSE.H11MO.0.A.npz,state,68.0,8,0.03379732593325929,0.3003444829109867,0.39270330283240346,8,-0.08703722297351467,0.34824244985338737,0.495056211831877,8,8.07623137161174,AACTTTAT,2.0
csl,3brg,SUH_MOUSE.H11MO.0.A,2,3brg_state_070_SUH_MOUSE.H11MO.0.A.npz,state,70.0,8,0.49352040950545567,0.1991619757754961,0.21435708128729475,8,0.4070931239996708,0.22184869012562558,0.2830204277840187,8,8.052155085944115,AGTCTCAT,5.0
csl,3brg,SUH_MOUSE.H11MO.0.A,2,3brg_state_071_SUH_MOUSE.H11MO.0.A.npz,state,71.0,8,0.27258451614245816,0.26373212892013953,0.38311769646385374,8,0.3097315692149001,0.2523616217784479,0.4008428834948936,8,11.819346252443147,TTACTTAT,3.0
csl,3brg,SUH_MOUSE.H11MO.0.A,2,3brg_state_072_SUH_MOUSE.H11MO.0.A.npz,state,72.0,8,0.12098616948436842,0.26502209778118413,0.31901262065621017,8,0.24425626477624238,0.23512138848309405,0.3017387218294645,8,5.5672464570047975,TTGTTTGC,1.0
csl,3brg,SUH_MOUSE.H11MO.0.A,2,3brg_state_074_SUH_MOUSE.H11MO.0.A.npz,state,74.0,8,0.9459132745327568,0.062012620337554836,0.0424958220645307,8,0.9527214776195051,0.06621469629499188,0.05031171476176485,8,9.19843601906392,TTTCCCAC,6.0
csl,3brg,SUH_MOUSE.H11MO.0.A,2,3brg_state_076_SUH_MOUSE.H11MO.0.A.npz,state,76.0,8,0.2473817035077864,0.23427736703888513,0.3369972811289663,8,0.34920337110985483,0.23305540597357322,0.3080585043103844,8,8.788352022048082,ATACTTAG,4.0
csl,3brg,SUH_MOUSE.H11MO.0.A,2,3brg_state_078_SUH_MOUSE.H11MO.0.A.npz,state,78.0,8,0.2831167262749134,0.23469730580109172,0.2652095274383198,8,0.20131677224472166,0.24485525874479208,0.3258738756994489,8,6.043449960815701,TGGTCTAA,3.0
csl,3brg,SUH_MOUSE.H11MO.0.A,2,3brg_state_081_SUH_MOUSE.H11MO.0.A.npz,state,81.0,8,0.7005384581362933,0.1496757687200443,0.12541261404322324,8,0.5371833771266527,0.19427495824493235,0.2300668886734707,8,7.781079892757904,AGTCCTAT,5.0
csl,3brg,SUH_MOUSE.H11MO.0.A,2,3brg_state_082_SUH_MOUSE.H11MO.0.A.npz,state,82.0,8,0.059334329086898584,0.30055370158470396,0.4084172149319252,8,0.15406068078450033,0.2767040870235178,0.3944168140876846,8,9.08851317850975,TTTTTTGC,2.0
csl,3brg,SUH_MOUSE.H11MO.0.A,2,3brg_state_083_SUH_MOUSE.H11MO.0.A.npz,state,83.0,8,0.6840552181289067,0.1398708191991318,0.1575968858142925,8,0.7110445384830997,0.1476934538950445,0.15104052624280143,8,8.524107144096007,ATTTCCAG,6.0
csl,3brg,SUH_MOUSE.H11MO.0.A,2,3brg_state_084_SUH_MOUSE.H11MO.0.A.npz,state,84.0,8,0.625128664171599,0.1620996880083112,0.1685035025562862,8,0.6594983827757879,0.15080617085914128,0.16639451584581516,8,7.314753962444499,AGTCTCAC,5.0
csl,3brg,SUH_MOUSE.H11MO.0.A,2,3brg_state_085_SUH_MOUSE.H11MO.0.A.npz,state,85.0,8,0.0736702209552735,0.30312196825252613,0.37484491134375264,8,0.04652581710873263,0.31046374626021134,0.41468976953474856,8,7.456338006595446,AAGTTCTG,2.0
csl,3brg,SUH_MOUSE.H11MO.0.A,2,3brg_state_086_SUH_MOUSE.H11MO.0.A.npz,state,86.0,8,0.5471216903454235,0.18972995586591423,0.20621279060126202,8,0.6309709266511192,0.1470640131046821,0.17998905309653856,8,9.051134327558449,TTTCCTGC,4.0
csl,3brg,SUH_MOUSE.H11MO.0.A,2,3brg_state_090_SUH_MOUSE.H11MO.0.A.npz,state,90.0,8,0.34787088185051546,0.24537389679608168,0.2667486145575727,8,0.4351854687478887,0.23211668489238946,0.2610963906536277,8,6.98175368387737,TGTTTCAC,3.0
csl,3brg,SUH_MOUSE.H11MO.0.A,2,3brg_state_091_SUH_MOUSE.H11MO.0.A.npz,state,91.0,8,0.3667561969208267,0.2316254692345865,0.273904016237107,8,0.3909046017635247,0.2169602868311813,0.29113410283559776,8,8.039131050435461,TTTTCTGC,3.0
csl,3brg,SUH_MOUSE.H11MO.0.A,2,3brg_state_092_SUH_MOUSE.H11MO.0.A.npz,state,92.0,8,0.22018277547233317,0.2479424720222596,0.3612915774149523,8,0.21619132373941255,0.26531162652827334,0.40848818295724915,8,9.705326247503155,TTACTTAA,4.0
csl,3brg,SUH_MOUSE.H11MO.0.A,2,ENSEMBLE_MEAN,ensemble_mean,,8,0.6454211832570399,0.1722376483527854,0.14116113776494238,8,0.651674434759568,0.18774219731918412,0.17488234342579734,8,3.5026095525996164,ATTCTTAC,5.0
csl,3brg,SUH_MOUSE.H11MO.0.A,3,3brg_C_SUH_MOUSE.H11MO.0.A.npz,crystal,,8,1.0,0.0,0.0,8,0.9672177764180426,0.05948183861619327,0.029027407226779687,8,8.608713928790348,CTTCCCAC,
csl,3brg,SUH_MOUSE.H11MO.0.A,3,3brg_state_001_SUH_MOUSE.H11MO.0.A.npz,state,1.0,8,0.12515247268173124,0.26914206086075865,0.36517536151891067,8,0.19214670640013887,0.25001075518957805,0.3515837623922533,8,7.222608025023822,TTTATGGC,3.0
csl,3brg,SUH_MOUSE.H11MO.0.A,3,3brg_state_002_SUH_MOUSE.H11MO.0.A.npz,state,2.0,8,0.2747137120486622,0.26080058328807354,0.3092459702834828,8,0.2962565423834269,0.2548921592097031,0.3127497342859609,8,7.632011609998356,TTAATCGC,3.0
csl,3brg,SUH_MOUSE.H11MO.0.A,3,3brg_state_004_SUH_MOUSE.H11MO.0.A.npz,state,4.0,8,0.38745650434873097,0.19252670076093636,0.25294456467813886,8,0.3521016361790601,0.21861993162019644,0.28569219639228505,8,8.525569739726539,CTTTTCGC,5.0
csl,3brg,SUH_MOUSE.H11MO.0.A,3,3brg_state_006_SUH_MOUSE.H11MO.0.A.npz,state,6.0,7,0.22613138397131785,0.26224318029458765,0.32755152698845896,7,0.23522558475336675,0.27046789542405997,0.3417667244175822,7,4.882334332718983,.CGATCAC,3.0
csl,3brg,SUH_MOUSE.H11MO.0.A,3,3brg_state_007_SUH_MOUSE.H11MO.0.A.npz,state,7.0,8,0.44388722956204574,0.18613523420935962,0.22112981998545517,8,0.38023212520431476,0.21563940990017727,0.2553928417202356,8,4.956762728525444,CTCGCGGC,4.0
csl,3brg,SUH_MOUSE.H11MO.0.A,3,3brg_state_008_SUH_MOUSE.H11MO.0.A.npz,state,8.0,8,0.309591903508904,0.23289402085356414,0.2595847179494708,8,0.2617207127564691,0.24328105030872393,0.29208653957550634,8,6.044872507630067,AATTCTGC,3.0
csl,3brg,SUH_MOUSE.H11MO.0.A,3,3brg_state_009_SUH_MOUSE.H11MO.0.A.npz,state,9.0,7,0.22862427771480448,0.27961456996854395,0.38112874660069035,7,0.21276078699165826,0.2930971321516803,0.403393166858014,7,6.651033093058488,.AAATCAC,3.0
csl,3brg,SUH_MOUSE.H11MO.0.A,3,3brg_state_011_SUH_MOUSE.H11MO.0.A.npz,state,11.0,8,0.8060770293222098,0.12878745087073185,0.09112574214026792,8,0.7941752637421527,0.13291553941962775,0.10771759510096174,8,7.0744720825182466,TTCCACAC,5.0
csl,3brg,SUH_MOUSE.H11MO.0.A,3,3brg_state_014_SUH_MOUSE.H11MO.0.A.npz,state,14.0,8,0.3097332106376621,0.23968423700716812,0.302627892125157,8,0.3137759077045856,0.24263395732850768,0.3119841828094585,8,8.555206210111356,TTCAATAC,3.0
csl,3brg,SUH_MOUSE.H11MO.0.A,3,3brg_state_017_SUH_MOUSE.H11MO.0.A.npz,state,17.0,8,0.3164189689394915,0.22975154641608242,0.2679731835778194,8,0.3858950603106512,0.21415877519757487,0.25505121544709936,8,6.58913463904187,TTCAACAG,3.0
csl,3brg,SUH_MOUSE.H11MO.0.A,3,3brg_state_018_SUH_MOUSE.H11MO.0.A.npz,state,18.0,8,0.7620738250431959,0.12287479601218365,0.10214454829873484,8,0.7322194478337553,0.13471404333540704,0.13360816041034296,8,6.6978039431906256,ATTCCCGA,5.0
csl,3brg,SUH_MOUSE.H11MO.0.A,3,3brg_state_020_SUH_MOUSE.H11MO.0.A.npz,state,20.0,8,0.4489543656312978,0.17985300804139115,0.20544875713385963,8,0.4503791700482521,0.18403928155021276,0.22075186371229055,8,6.246162308319199,TTTATTAC,4.0
csl,3brg,SUH_MOUSE.H11MO.0.A,3,3brg_state_021_SUH_MOUSE.H11MO.0.A.npz,state,21.0,8,-0.06443894598172904,0.2998776038584765,0.4089606159898026,8,-0.050599718868708274,0.3097775925853057,0.43597670290955615,8,6.623142744970204,AATATTGA,1.0
csl,3brg,SUH_MOUSE.H11MO.0.A,3,3brg_state_023_SUH_MOUSE.H11MO.0.A.npz,state,23.0,8,0.6907406594175843,0.14389025856507942,0.12943655868139148,8,0.6672626721013316,0.16148812860774342,0.15797066523108455,8,7.272706894548415,TTTCCCGC,6.0
csl,3brg,SUH_MOUSE.H11MO.0.A,3,3brg_state_024_SUH_MOUSE.H11MO.0.A.npz,state,24.0,8,0.1794586119658144,0.2602976512571331,0.2928959165645114,8,0.159509018598825,0.25828193633060437,0.3244616748995608,8,5.8811514588287785,ATCCGTGG,2.0
csl,3brg,SUH_MOUSE.H11MO.0.A,3,3brg_state_025_SUH_MOUSE.H11MO.0.A.npz,state,25.0,8,0.2688345628349596,0.22794681863160804,0.28432882083451094,8,0.22858023781121425,0.2562860346661182,0.3275372069724423,8,6.700286250306601,ATTGTTAC,4.0
csl,3brg,SUH_MOUSE.H11MO.0.A,3,3brg_state_026_SUH_MOUSE.H11MO.0.A.npz,state,26.0,8,0.34005991874659613,0.2247301829920616,0.25917223688682,8,0.2855003328593887,0.2391071824094979,0.30113802249612476,8,7.132210297749786,ATTGTTGC,3.0
csl,3brg,SUH_MOUSE.H11MO.0.A,3,3brg_state_030_SUH_MOUSE.H11MO.0.A.npz,state,30.0,8,0.10350267025606963,0.26284798778942786,0.3864673474421736,8,0.11071881021740515,0.27179115828766953,0.40094606728486903,8,7.83434099609712,CTTAAAGT,3.0
csl,3brg,SUH_MOUSE.H11MO.0.A,3,3brg_state_031_SUH_MOUSE.H11MO.0.A.npz,state,31.0,8,0.18758277461440792,0.24398928821028676,0.3081644674006184,8,0.20566586229722877,0.2542944216984324,0.32711882396193176,8,6.4306560754095425,TTTCATGA,3.0
csl,3brg,SUH_MOUSE.H11MO.0.A,3,3brg_state_032_SUH_MOUSE.H11MO.0.A.npz,state,32.0,8,0.40002536135641203,0.2114168487751158,0.25886283107639463,8,0.4488055589924998,0.20422895639785565,0.25881099645832256,8,8.258847829333169,TTTCATAT,4.0
csl,3brg,SUH_MOUSE.H11MO.0.A,3,3brg_state_033_SUH_MOUSE.H11MO.0.A.npz,state,33.0,8,0.8062889529524139,0.11911678244359791,0.09452190961731516,8,0.7600895053198116,0.1458376999507891,0.1324365722723045,8,6.98021358695568,AGTCCCAC,6.0
csl,3brg,SUH_MOUSE.H11MO.0.A,3,3brg_state_035_SUH_MOUSE.H11MO.0.A.npz,state,35.0,8,0.22227817942262165,0.24481655590352602,0.31137474810068083,8,0.1810108628083757,0.2741613628604682,0.34679648114873973,8,7.488681374552558,CTAATTGC,3.0
csl,3brg,SUH_MOUSE.H11MO.0.A,3,3brg_state_037_SUH_MOUSE.H11MO.0.A.npz,state,37.0,8,0.5655042857384648,0.1894638627418317,0.18102202525630132,8,0.5164238555434776,0.20772089723323006,0.20850287140610835,8,7.01250110689139,ATCCTTAC,4.0
csl,3brg,SUH_MOUSE.H11MO.0.A,3,3brg_state_038_SUH_MOUSE.H11MO.0.A.npz,state,38.0,8,0.9573513086325781,0.06282961858232738,0.027445378855349173,8,0.9285962455514541,0.07301164603995858,0.048679219422189134,8,8.948202557682542,TTTCCCAC,7.0
csl,3brg,SUH_MOUSE.H11MO.0.A,3,3brg_state_039_SUH_MOUSE.H11MO.0.A.npz,state,39.0,8,0.08012255357346909,0.2994473153958097,0.38716384031128237,8,0.12468907188731747,0.29227252541750204,0.3905082221775267,8,8.541401676074944,TGTTTTGC,2.0
csl,3brg,SUH_MOUSE.H11MO.0.A,3,3brg_state_040_SUH_MOUSE.H11MO.0.A.npz,state,40.0,8,0.5802668840367528,0.17781480342091527,0.16679965610213976,8,0.5625005613160872,0.1835218956694007,0.18438837664157606,8,7.307612668324221,TTCGTCAC,4.0
csl,3brg,SUH_MOUSE.H11MO.0.A,3,3brg_state_042_SUH_MOUSE.H11MO.0.A.npz,state,42.0,8,0.4460588947846197,0.20340249410946853,0.2212029163836423,8,0.504721487101634,0.20753713777230587,0.22625708499338268,8,5.66883155433078,TTTCATAC,5.0
csl,3brg,SUH_MOUSE.H11MO.0.A,3,3brg_state_043_SUH_MOUSE.H11MO.0.A.npz,state,43.0,8,0.6825265871225513,0.13752094659139402,0.13340513289961942,8,0.6960880521822377,0.12286066998785827,0.14046686517476428,8,6.632012452314101,TTTCCGAC,6.0
csl,3brg,SUH_MOUSE.H11MO.0.A,3,3brg_state_044_SUH_MOUSE.H11MO.0.A.npz,state,44.0,8,0.5071611740604809,0.18220092727278825,0.20555288331639393,8,0.51014792338677,0.19682251318590716,0.2261061303584198,8,7.1879133499916925,AATCACAC,5.0
csl,3brg,SUH_MOUSE.H11MO.0.A,3,3brg_state_045_SUH_MOUSE.H11MO.0.A.npz,state,45.0,8,0.6373663682965687,0.15150784290744923,0.1486700833047299,8,0.6493928350210142,0.16642339607642498,0.1557674092938123,8,8.887192538601699,TCCCCCAC,5.0
csl,3brg,SUH_MOUSE.H11MO.0.A,3,3brg_state_046_SUH_MOUSE.H11MO.0.A.npz,state,46.0,8,0.09612238998466097,0.2570195727603277,0.34605670147794554,8,0.09995757411211556,0.2619321008969564,0.3705993046968243,8,7.210018308995252,TTTATTGC,3.0
csl,3brg,SUH_MOUSE.H11MO.0.A,3,3brg_state_049_SUH_MOUSE.H11MO.0.A.npz,state,49.0,8,0.7605833619900079,0.09994077105511678,0.10422688861127762,8,0.8154296234737018,0.09904914387880126,0.09648712501101077,8,7.807692213626677,TTTCACAC,6.0
csl,3brg,SUH_MOUSE.H11MO.0.A,3,3brg_state_056_SUH_MOUSE.H11MO.0.A.npz,state,56.0,8,0.5608886621941279,0.18870864363270812,0.17302020820895347,8,0.5972573412415452,0.18530617833312135,0.18175736571944767,8,4.063251573221273,TGTATCAC,4.0
csl,3brg,SUH_MOUSE.H11MO.0.A,3,3brg_state_057_SUH_MOUSE.H11MO.0.A.npz,state,57.0,8,0.35244173241104826,0.21208558641956188,0.290047439036108,8,0.34102767614093654,0.23248521111963782,0.31537635357676175,8,9.863909350064109,CTTCTTGC,5.0
csl,3brg,SUH_MOUSE.H11MO.0.A,3,3brg_state_059_SUH_MOUSE.H11MO.0.A.npz,state,59.0,8,0.7512772746489957,0.08985467383172363,0.11671151347689557,8,0.715209447726846,0.1252908287133323,0.14467603299583542,8,9.272173955357992,CTTCCAAC,7.0
csl,3brg,SUH_MOUSE.H11MO.0.A,3,3brg_state_060_SUH_MOUSE.H11MO.0.A.npz,state,60.0,8,0.7898425440266262,0.12572999886469916,0.09034934347855808,8,0.7917250077207629,0.11850369100284297,0.09964506042140642,8,7.065508323536434,TTTTTCGC,4.0
csl,3brg,SUH_MOUSE.H11MO.0.A,3,3brg_state_062_SUH_MOUSE.H11MO.0.A.npz,state,62.0,8,0.7416987916891937,0.13614646540372632,0.09992741887688908,8,0.6685171218942787,0.16090661082125735,0.14787829887151493,8,5.249676837375081,ATTCCCGC,6.0
csl,3brg,SUH_MOUSE.H11MO.0.A,3,3brg_state_063_SUH_MOUSE.H11MO.0.A.npz,state,63.0,7,0.05296812826647307,0.30375538104479866,0.4210144271121942,7,0.061967338346341355,0.2952100098898102,0.42614693675048637,7,7.704498515274615,.CGTTCGC,2.0
csl,3brg,SUH_MOUSE.H11MO.0.A,3,3brg_state_064_SUH_MOUSE.H11MO.0.A.npz,state,64.0,8,0.8123269046012787,0.13419552955019753,0.09554424903909946,8,0.8265631252150972,0.12350032411632128,0.10093444376382785,8,7.751416470482374,TTTCCCAC,7.0
csl,3brg,SUH_MOUSE.H11MO.0.A,3,3brg_state_065_SUH_MOUSE.H11MO.0.A.npz,state,65.0,8,0.8920075073655596,0.08725606856751256,0.056431049748570994,8,0.8811852381267625,0.0835702706099255,0.07604235958948971,8,7.102370930010971,TTTTCCAC,6.0
csl,3brg,SUH_MOUSE.H11MO.0.A,3,3brg_state_067_SUH_MOUSE.H11MO.0.A.npz,state,67.0,6,0.0978171522074294,0.29702465823114227,0.35101243601950044,6,0.06928467848563753,0.31568626043736003,0.3876906848432345,6,4.197004333181086,..CGTTAC,2.0
csl,3brg,SUH_MOUSE.H11MO.0.A,3,3brg_state_068_SUH_MOUSE.H11MO.0.A.npz,state,68.0,8,-0.24603651217528602,0.315168959517905,0.42717682795101497,8,-0.22652715308427285,0.3230135139383492,0.43297316799214525,8,4.166936456687212,AAGTTTTC,1.0
csl,3brg,SUH_MOUSE.H11MO.0.A,3,3brg_state_070_SUH_MOUSE.H11MO.0.A.npz,state,70.0,8,0.5639140526805423,0.16848352820670698,0.1743486816365521,8,0.554392787403872,0.1701744827150833,0.19697980032718332,8,6.197735513339518,TGTTCCAC,5.0
csl,3brg,SUH_MOUSE.H11MO.0.A,3,3brg_state_071_SUH_MOUSE.H11MO.0.A.npz,state,71.0,8,0.41351034253929614,0.19288623973261565,0.2538437701204398,8,0.4238345671393102,0.2067636606079759,0.2726023757784782,8,8.685137331199435,CTTCTTAT,5.0
csl,3brg,SUH_MOUSE.H11MO.0.A,3,3brg_state_072_SUH_MOUSE.H11MO.0.A.npz,state,72.0,8,0.1770893872979242,0.25208617906901054,0.2686856557284097,8,0.19359792848264665,0.2537521962512983,0.2806256929656643,8,2.4009796900951836,TCCCCGGC,3.0
csl,3brg,SUH_MOUSE.H11MO.0.A,3,3brg_state_074_SUH_MOUSE.H11MO.0.A.npz,state,74.0,8,0.8665976568721998,0.11192982082866365,0.06621064837053714,8,0.8538628054118512,0.10925484002655139,0.0819957374565978,8,7.74790363020547,TTTCCCAC,7.0
csl,3brg,SUH_MOUSE.H11MO.0.A,3,3brg_state_076_SUH_MOUSE.H11MO.0.A.npz,state,76.0,8,0.08979253274853814,0.26906628522556275,0.31765427249529027,8,0.03369512248217749,0.27459778149204794,0.3634770610525533,8,5.787415575372894,ATCAGTGA,1.0
csl,3brg,SUH_MOUSE.H11MO.0.A,3,3brg_state_078_SUH_MOUSE.H11MO.0.A.npz,state,78.0,8,0.8337276819050659,0.11000898393103853,0.07656099976613022,8,0.8941031447331304,0.09242096370144282,0.0639891561594857,8,6.721599803418655,TTTCTCAC,6.0
csl,3brg,SUH_MOUSE.H11MO.0.A,3,3brg_state_081_SUH_MOUSE.H11MO.0.A.npz,state,81.0,8,0.9284855305766845,0.072506959324528,0.0458124021695523,8,0.9111541039091607,0.09585788434924325,0.05989873673946218,8,6.682862677273528,CTTCCCAA,7.0
csl,3brg,SUH_MOUSE.H11MO.0.A,3,3brg_state_082_SUH_MOUSE.H11MO.0.A.npz,state,82.0,8,0.39703187057076605,0.1923488701795577,0.22688368027193362,8,0.36498793222742076,0.2115300261430093,0.2633278510438525,8,6.491390205102224,ATTCTTGC,4.0
csl,3brg,SUH_MOUSE.H11MO.0.A,3,3brg_state_083_SUH_MOUSE.H11MO.0.A.npz,state,83.0,8,0.6330976158660027,0.17497132028802298,0.1481132440054211,8,0.637715902366825,0.16135203423618805,0.1647293112824269,8,5.741735210383574,GGTCCCGG,4.0
csl,3brg,SUH_MOUSE.H11MO.0.A,3,3brg_state_084_SUH_MOUSE.H11MO.0.A.npz,state,84.0,8,0.47272223933589314,0.17816273929201998,0.2031249363417802,8,0.48560379887241245,0.17939598629891407,0.21031241582828653,8,6.168185979114671,TTTTTCAC,5.0
csl,3brg,SUH_MOUSE.H11MO.0.A,3,3brg_state_085_SUH_MOUSE.H11MO.0.A.npz,state,85.0,8,0.08370875334864628,0.2784224264032673,0.34793094743883723,8,0.09945279520742058,0.2746457868925063,0.3601145620678583,8,5.606237468367177,AGGTCCGG,2.0
csl,3brg,SUH_MOUSE.H11MO.0.A,3,3brg_state_086_SUH_MOUSE.H11MO.0.A.npz,state,86.0,8,0.5986533037285543,0.1896627971000271,0.17787303574302482,8,0.5739007940412059,0.1884526355424896,0.20134145300240136,8,6.65014383519151,TTTACTGC,4.0
csl,3brg,SUH_MOUSE.H11MO.0.A,3,3brg_state_090_SUH_MOUSE.H11MO.0.A.npz,state,90.0,8,0.6383477242753769,0.1649571474408731,0.15348785033352946,8,0.6164010910197628,0.16975084716978017,0.1714443834235641,8,7.125313562871373,TTTTTCAC,5.0
csl,3brg,SUH_MOUSE.H11MO.0.A,3,3brg_state_091_SUH_MOUSE.H11MO.0.A.npz,state,91.0,8,0.6401435699986451,0.15512338717962848,0.17038764111515736,8,0.607281760469315,0.17619918839045567,0.19831496005644794,8,9.91195061437636,CTTCTTAC,6.0
csl,3brg,SUH_MOUSE.H11MO.0.A,3,3brg_state_092_SUH_MOUSE.H11MO.0.A.npz,state,92.0,8,0.38859294809213496,0.23983059541205876,0.2608986058217072,8,0.3485707409515223,0.24762096324411687,0.29656034078112664,8,7.1776844339304855,CTTCATAT,5.0
csl,3brg,SUH_MOUSE.H11MO.0.A,3,ENSEMBLE_MEAN,ensemble_mean,,8,0.7572999501870598,0.161937882034852,0.12684450041429826,8,0.7503127237506708,0.1739043308647979,0.1473833658398837,8,2.741848592072298,TTTCTCGC,5.0
csl,3brg,SUH_MOUSE.H11MO.0.A,4,3brg_C_SUH_MOUSE.H11MO.0.A.npz,crystal,,8,1.0,0.0,0.0,8,0.956260108478333,0.07095553189083148,0.04673260040518011,8,8.361424923759255,TTTCCCAG,
csl,3brg,SUH_MOUSE.H11MO.0.A,4,3brg_state_001_SUH_MOUSE.H11MO.0.A.npz,state,1.0,8,0.05086140801455632,0.28090051244453207,0.36049421752478417,8,0.18642557860220554,0.2675473581039114,0.33490791887433,8,5.042044271681096,TTTTTAGC,3.0
csl,3brg,SUH_MOUSE.H11MO.0.A,4,3brg_state_002_SUH_MOUSE.H11MO.0.A.npz,state,2.0,8,0.1992373032421369,0.2702387238468873,0.35627699391529255,8,0.20198533282390474,0.27314917307376163,0.38005983435827617,8,8.567749283067837,TAATTCAG,4.0
csl,3brg,SUH_MOUSE.H11MO.0.A,4,3brg_state_004_SUH_MOUSE.H11MO.0.A.npz,state,4.0,8,0.18676126708627602,0.22804672221627698,0.30575760777725347,8,0.24483034989095065,0.2456349770509405,0.32184646947020135,8,5.317823569135828,TTGTTCAT,4.0
csl,3brg,SUH_MOUSE.H11MO.0.A,4,3brg_state_006_SUH_MOUSE.H11MO.0.A.npz,state,6.0,7,-0.025673946398764937,0.3353875347248894,0.4813981332078943,7,-0.04131533311631546,0.34554619320052943,0.4954529489216215,7,7.493920291241311,.CGTTCAA,2.0
csl,3brg,SUH_MOUSE.H11MO.0.A,4,3brg_state_007_SUH_MOUSE.H11MO.0.A.npz,state,7.0,8,0.44063927028587513,0.19193693726356287,0.23790413320826295,8,0.5090648841636227,0.1729910133726662,0.22140017409267962,8,7.14143278459336,TTTCCAGC,5.0
csl,3brg,SUH_MOUSE.H11MO.0.A,4,3brg_state_008_SUH_MOUSE.H11MO.0.A.npz,state,8.0,8,-0.21227759152822537,0.32909549749547296,0.48956113427958814,8,-0.2153039285805167,0.3470764979283558,0.51963481721843,8,8.200816223073517,TAATTTGA,1.0
csl,3brg,SUH_MOUSE.H11MO.0.A,4,3brg_state_009_SUH_MOUSE.H11MO.0.A.npz,state,9.0,7,0.3200740404692814,0.228665282651491,0.28673549349986677,7,0.3270116632016312,0.24275465966534934,0.31749775459021917,7,5.0916865454018865,.ATTTCAG,4.0
csl,3brg,SUH_MOUSE.H11MO.0.A,4,3brg_state_011_SUH_MOUSE.H11MO.0.A.npz,state,11.0,8,0.45103379258956916,0.20007342351891566,0.2289521233556045,8,0.5185123535644828,0.2036989353955505,0.21346885584098158,8,6.792239847365561,TTCTTCAG,5.0
csl,3brg,SUH_MOUSE.H11MO.0.A,4,3brg_state_014_SUH_MOUSE.H11MO.0.A.npz,state,14.0,8,0.11366785240312388,0.2558109233805226,0.32949452236754334,8,0.15766960279363124,0.2692326779215364,0.33354314704151733,8,4.204630652237491,TTTAATAA,4.0
csl,3brg,SUH_MOUSE.H11MO.0.A,4,3brg_state_017_SUH_MOUSE.H11MO.0.A.npz,state,17.0,8,0.32067287024826086,0.24019861438227963,0.27767850916253295,8,0.32285326875052406,0.2531290430779336,0.3042505563128727,8,5.87895922358961,TGTAACAT,4.0
csl,3brg,SUH_MOUSE.H11MO.0.A,4,3brg_state_018_SUH_MOUSE.H11MO.0.A.npz,state,18.0,8,0.7189691636544384,0.12021510640170163,0.14081024326296873,8,0.7940493912730235,0.12627111744768627,0.12099942167238012,8,7.549190007763806,TTTCACAG,7.0
csl,3brg,SUH_MOUSE.H11MO.0.A,4,3brg_state_020_SUH_MOUSE.H11MO.0.A.npz,state,20.0,8,0.28069845937914334,0.2107615723807612,0.3056296729558577,8,0.37055159596006043,0.21656178250850644,0.27777782789986094,8,5.92967853823823,TTTATTAT,4.0
csl,3brg,SUH_MOUSE.H11MO.0.A,4,3brg_state_021_SUH_MOUSE.H11MO.0.A.npz,state,21.0,8,-0.004766550652780147,0.32097404182513856,0.4340153864780143,8,-0.05454014170328315,0.3448649135680171,0.49117766720355516,8,8.830111184418216,AATGTTGA,1.0
csl,3brg,SUH_MOUSE.H11MO.0.A,4,3brg_state_023_SUH_MOUSE.H11MO.0.A.npz,state,23.0,8,0.710118192227545,0.1429804664094263,0.1447581330522697,8,0.7333574004134645,0.14638731017566897,0.15541841822616004,8,6.056123718753669,TTTCCAAC,6.0
csl,3brg,SUH_MOUSE.H11MO.0.A,4,3brg_state_024_SUH_MOUSE.H11MO.0.A.npz,state,24.0,8,-0.05769550778618613,0.2719722639021711,0.3339063123725358,8,-0.026852622769199374,0.28698089339013677,0.3536652230853288,8,3.2580489598637157,TTAGAGGA,2.0
csl,3brg,SUH_MOUSE.H11MO.0.A,4,3brg_state_025_SUH_MOUSE.H11MO.0.A.npz,state,25.0,8,0.031133494072637418,0.2507400206241073,0.37162875568209086,8,0.09198113706057422,0.2640554337267531,0.3694743294274154,8,5.684578160019717,TTGTTTAT,3.0
csl,3brg,SUH_MOUSE.H11MO.0.A,4,3brg_state_026_SUH_MOUSE.H11MO.0.A.npz,state,26.0,8,0.2390418883875893,0.1969770106670694,0.2799956400283927,8,0.30185016792150393,0.2221610503474949,0.28104969431235394,8,4.609483653949783,TTTAATAT,4.0
csl,3brg,SUH_MOUSE.H11MO.0.A,4,3brg_state_030_SUH_MOUSE.H11MO.0.A.npz,state,30.0,8,-0.018503666723279327,0.3069597683070242,0.46430611978372893,8,0.07821365924409021,0.29590804464532994,0.43486973635923243,8,8.838345276524658,TTTATTGG,4.0
csl,3brg,SUH_MOUSE.H11MO.0.A,4,3brg_state_031_SUH_MOUSE.H11MO.0.A.npz,state,31.0,8,0.4512451294566966,0.203822020906955,0.254873845236479,8,0.5796396487828868,0.1678320466153309,0.19854453619407658,8,8.086411288896555,TTTCATAG,6.0
csl,3brg,SUH_MOUSE.H11MO.0.A,4,3brg_state_032_SUH_MOUSE.H11MO.0.A.npz,state,32.0,8,-0.09975722770915614,0.3029382094691755,0.37980809658210735,8,-0.033076944955299774,0.31472329403914046,0.3708675572396752,8,3.8096985554817464,TACAATAA,2.0
csl,3brg,SUH_MOUSE.H11MO.0.A,4,3brg_state_033_SUH_MOUSE.H11MO.0.A.npz,state,33.0,8,0.8636507144086912,0.07486466506725264,0.06359362452349512,8,0.7643405381852747,0.12843209547099832,0.13334088741163963,8,8.30309528921926,AATCCCAA,5.0
csl,3brg,SUH_MOUSE.H11MO.0.A,4,3brg_state_035_SUH_MOUSE.H11MO.0.A.npz,state,35.0,8,-0.09122276355732722,0.3344534392826972,0.495524067377846,8,-0.049581576570942476,0.33330704005493317,0.5040224289919499,8,9.429203856866586,TAAATTAG,3.0
csl,3brg,SUH_MOUSE.H11MO.0.A,4,3brg_state_037_SUH_MOUSE.H11MO.0.A.npz,state,37.0,8,0.5103726407619292,0.2040436854449581,0.23206194673783143,8,0.37420387175974257,0.23179769623675384,0.30079471367719257,8,7.98812140455352,AATCCTAA,4.0
csl,3brg,SUH_MOUSE.H11MO.0.A,4,3brg_state_038_SUH_MOUSE.H11MO.0.A.npz,state,38.0,8,0.7515197318400922,0.10913949339737883,0.12761925488768514,8,0.8291774770013731,0.10235790184469806,0.09668345817895989,8,9.961505032021929,TTTCTCAA,6.0
csl,3brg,SUH_MOUSE.H11MO.0.A,4,3brg_state_039_SUH_MOUSE.H11MO.0.A.npz,state,39.0,8,-0.1244046469930682,0.3520695041233921,0.5116312037498931,8,-0.09768702900835319,0.33968545238894876,0.5132991987432043,8,7.915573403981217,TGTTTAGT,2.0
csl,3brg,SUH_MOUSE.H11MO.0.A,4,3brg_state_040_SUH_MOUSE.H11MO.0.A.npz,state,40.0,8,0.32368252423628024,0.19180226983007742,0.27676104273146557,8,0.37411946980492483,0.22332738314526068,0.2796344294873326,8,7.443862582567861,TTCATCAA,4.0
csl,3brg,SUH_MOUSE.H11MO.0.A,4,3brg_state_042_SUH_MOUSE.H11MO.0.A.npz,state,42.0,8,0.16803395057402465,0.23538888330313057,0.30780451347089477,8,0.23516017996682106,0.2600742288486799,0.3165760148031259,8,4.461019225505066,TTTTATAG,5.0
csl,3brg,SUH_MOUSE.H11MO.0.A,4,3brg_state_043_SUH_MOUSE.H11MO.0.A.npz,state,43.0,8,0.3329248446216253,0.20069686076112703,0.24088579013681177,8,0.38051859330946697,0.2245210840337677,0.2521876204101635,8,3.3566927803931534,TTTATGAA,4.0
csl,3brg,SUH_MOUSE.H11MO.0.A,4,3brg_state_044_SUH_MOUSE.H11MO.0.A.npz,state,44.0,8,0.5858124566587957,0.1788225704785873,0.224814200264694,8,0.6258084071125531,0.17286480807979387,0.2195389529214589,8,10.01280147358106,TATCACAG,6.0
csl,3brg,SUH_MOUSE.H11MO.0.A,4,3brg_state_045_SUH_MOUSE.H11MO.0.A.npz,state,45.0,8,0.6869329282761147,0.13198665889103722,0.14718447360317657,8,0.6171883429138559,0.16328582575351902,0.18037845088844462,8,7.918791028860686,TCTCCCAG,7.0
csl,3brg,SUH_MOUSE.H11MO.0.A,4,3brg_state_046_SUH_MOUSE.H11MO.0.A.npz,state,46.0,8,-0.009662058305348005,0.2635696067527533,0.3912687848291898,8,0.05568336016238608,0.27140721568866866,0.3780748792082329,8,5.315218838603703,TTAATTAT,3.0
csl,3brg,SUH_MOUSE.H11MO.0.A,4,3brg_state_049_SUH_MOUSE.H11MO.0.A.npz,state,49.0,8,0.5267250551091174,0.1946570922900719,0.24620775909598513,8,0.5675290102674249,0.18589880055606045,0.22775837986426273,8,8.216012951733237,ATTCAGAA,4.0
csl,3brg,SUH_MOUSE.H11MO.0.A,4,3brg_state_056_SUH_MOUSE.H11MO.0.A.npz,state,56.0,8,0.600602647925225,0.19093216888813913,0.1698420926498449,8,0.4966035640386167,0.22325001798162702,0.24237051758198022,8,5.200544205177147,TAGTCCAT,4.0
csl,3brg,SUH_MOUSE.H11MO.0.A,4,3brg_state_057_SUH_MOUSE.H11MO.0.A.npz,state,57.0,8,0.20891118668949654,0.2115390723638484,0.29622708124108055,8,0.28283406631872005,0.22099297946260776,0.2901517856273889,8,5.866502308784154,TTTTTTAT,4.0
csl,3brg,SUH_MOUSE.H11MO.0.A,4,3brg_state_059_SUH_MOUSE.H11MO.0.A.npz,state,59.0,8,0.561843955562297,0.17239079911269073,0.2136139846667588,8,0.5893119930154842,0.16696737878464774,0.2125728185625757,8,10.089841229866064,TTTCCAGG,6.0
csl,3brg,SUH_MOUSE.H11MO.0.A,4,3brg_state_060_SUH_MOUSE.H11MO.0.A.npz,state,60.0,8,0.38582301633652166,0.22643392537429463,0.27097805142837295,8,0.44588389873808326,0.22556408509353787,0.26948863709462745,8,7.509587623782258,TATATCAG,5.0
csl,3brg,SUH_MOUSE.H11MO.0.A,4,3brg_state_062_SUH_MOUSE.H11MO.0.A.npz,state,62.0,8,0.4407209209605707,0.18112285583720222,0.22060913753662806,8,0.4507341698461625,0.20809717229712987,0.24816204199049527,8,5.288973757424159,TGTAACAA,4.0
csl,3brg,SUH_MOUSE.H11MO.0.A,4,3brg_state_063_SUH_MOUSE.H11MO.0.A.npz,state,63.0,7,0.1181170909669023,0.27776088141503613,0.3928241467542099,7,0.14384169077663891,0.2840183607446046,0.3999712167272869,7,6.954988782247691,.CGTTCAG,3.0
csl,3brg,SUH_MOUSE.H11MO.0.A,4,3brg_state_064_SUH_MOUSE.H11MO.0.A.npz,state,64.0,8,0.45286106504797946,0.2132469690468497,0.24865674347328562,8,0.5156057462357369,0.19133204691934225,0.23424981449949464,8,8.395187876489334,TTAGTCAG,5.0
csl,3brg,SUH_MOUSE.H11MO.0.A,4,3brg_state_065_SUH_MOUSE.H11MO.0.A.npz,state,65.0,8,0.4933973833574588,0.2061278886949367,0.25729252997675,8,0.5856399521795057,0.17885307420147,0.22308752861663372,8,10.057028211199258,TTTTTCAG,6.0
csl,3brg,SUH_MOUSE.H11MO.0.A,4,3brg_state_067_SUH_MOUSE.H11MO.0.A.npz,state,67.0,6,0.1942480742482441,0.2534066906288596,0.3458436696701963,6,0.26708552130021934,0.24565009598154575,0.3144937805179666,6,3.9902542388856266,..TATTAG,3.0
csl,3brg,SUH_MOUSE.H11MO.0.A,4,3brg_state_068_SUH_MOUSE.H11MO.0.A.npz,state,68.0,8,-0.21491527722609788,0.3402698386062184,0.46095924175574937,8,-0.17789208201622914,0.3426473550935043,0.4810931428127093,8,5.912120252554261,TGGTTTTT,1.0
csl,3brg,SUH_MOUSE.H11MO.0.A,4,3brg_state_070_SUH_MOUSE.H11MO.0.A.npz,state,70.0,8,0.26665551748757377,0.22992240752500948,0.31668068282771866,8,0.27265789855024275,0.2550935871850015,0.3473951866902892,8,7.839386179518911,TGGTTCAA,3.0
csl,3brg,SUH_MOUSE.H11MO.0.A,4,3brg_state_071_SUH_MOUSE.H11MO.0.A.npz,state,71.0,8,0.3419157243117671,0.22793710444329918,0.2829127026463513,8,0.39408232027627077,0.23740220138279255,0.2850613983613873,8,7.294300972421065,TATCTTAA,4.0
csl,3brg,SUH_MOUSE.H11MO.0.A,4,3brg_state_072_SUH_MOUSE.H11MO.0.A.npz,state,72.0,8,0.009661948020381074,0.272890594643286,0.39149120570078944,8,0.044488884314654246,0.2823553742346121,0.4033084032199956,8,5.871694180582315,TTAAATAA,3.0
csl,3brg,SUH_MOUSE.H11MO.0.A,4,3brg_state_074_SUH_MOUSE.H11MO.0.A.npz,state,74.0,8,0.733783104983718,0.10416533816896845,0.11550261783586013,8,0.8195773476493711,0.1053940420397339,0.09610693711202342,8,7.957449746089211,TTTCTCAG,7.0
csl,3brg,SUH_MOUSE.H11MO.0.A,4,3brg_state_076_SUH_MOUSE.H11MO.0.A.npz,state,76.0,8,-0.02844773642161786,0.2569005432605991,0.32560967694351645,8,0.048717800333253077,0.26887611018901225,0.3365587054395441,8,3.4535936989950002,TTTGTAAC,4.0
csl,3brg,SUH_MOUSE.H11MO.0.A,4,3brg_state_078_SUH_MOUSE.H11MO.0.A.npz,state,78.0,8,0.6971860295015873,0.13390892952793365,0.1377541623737932,8,0.7585885409440433,0.13774404362811765,0.12779777247787164,8,7.535920897491477,TTTCTCAG,7.0
csl,3brg,SUH_MOUSE.H11MO.0.A,4,3brg_state_081_SUH_MOUSE.H11MO.0.A.npz,state,81.0,8,0.744753515339983,0.11723516132406075,0.10764982728845579,8,0.7925809397675928,0.11972234826407657,0.10547348867139454,8,7.618349193305807,TTTCTCAT,6.0
csl,3brg,SUH_MOUSE.H11MO.0.A,4,3brg_state_082_SUH_MOUSE.H11MO.0.A.npz,state,82.0,8,-0.23385754352913277,0.3926578316322775,0.5937588837908561,8,-0.19409321308851404,0.38766947136900853,0.6062935428254268,8,10.857607017447954,TAATTTGG,2.0
csl,3brg,SUH_MOUSE.H11MO.0.A,4,3brg_state_083_SUH_MOUSE.H11MO.0.A.npz,state,83.0,8,0.7838803734222978,0.13456188359577936,0.1057353075315551,8,0.6964981437628,0.16338821968747652,0.16820659549557296,8,6.818416960740878,TGTCCCAG,7.0
csl,3brg,SUH_MOUSE.H11MO.0.A,4,3brg_state_084_SUH_MOUSE.H11MO.0.A.npz,state,84.0,8,0.3656771136669534,0.23883366475729417,0.28059516185127453,8,0.3714691089158094,0.2307804590673186,0.2960593537490537,8,7.670163925418332,TGTTTCAG,5.0
csl,3brg,SUH_MOUSE.H11MO.0.A,4,3brg_state_085_SUH_MOUSE.H11MO.0.A.npz,state,85.0,8,0.17741151758716914,0.2817577601990706,0.3580146190031286,8,0.19093902713683653,0.2782029394493293,0.3784061992773297,8,7.410183501980635,TGGTTCAG,4.0
csl,3brg,SUH_MOUSE.H11MO.0.A,4,3brg_state_086_SUH_MOUSE.H11MO.0.A.npz,state,86.0,8,0.2672984332409078,0.2346232864956619,0.3118458251739831,8,0.31702444686162995,0.23321452741220128,0.30459737804923326,8,6.300134996163986,TTTATTAA,4.0
csl,3brg,SUH_MOUSE.H11MO.0.A,4,3brg_state_090_SUH_MOUSE.H11MO.0.A.npz,state,90.0,8,0.3888377708956082,0.2032175298236325,0.26696848482131885,8,0.4300101812067317,0.22439916984876618,0.2818654273690172,8,6.8731376504440815,TTTATCAG,6.0
csl,3brg,SUH_MOUSE.H11MO.0.A,4,3brg_state_091_SUH_MOUSE.H11MO.0.A.npz,state,91.0,8,0.3889566052978316,0.21302846973867418,0.27692925696611076,8,0.5267633754907948,0.18535752642856096,0.22532517903441773,8,8.25256858887406,TTTCTTAC,5.0
csl,3brg,SUH_MOUSE.H11MO.0.A,4,3brg_state_092_SUH_MOUSE.H11MO.0.A.npz,state,92.0,8,0.04462182248175983,0.27259212159060553,0.3868283740240611,8,0.06692221962285666,0.2855722040840192,0.4094405332623548,8,7.550189285206814,TGTATTGA,2.0
csl,3brg,SUH_MOUSE.H11MO.0.A,4,ENSEMBLE_MEAN,ensemble_mean,,8,0.5336214645528244,0.19408650383021464,0.18819539248603756,8,0.5968157388011781,0.2065784226283724,0.19505014556698366,8,2.3989732932580807,TTTTTCAG,6.0
csl,3brg,SUH_MOUSE.H11MO.0.A,5,3brg_C_SUH_MOUSE.H11MO.0.A.npz,crystal,,8,1.0,0.0,0.0,8,0.8455616837285981,0.11493366641661851,0.09917565284370594,8,8.22462645643255,CTTCCCAC,
csl,3brg,SUH_MOUSE.H11MO.0.A,5,3brg_state_001_SUH_MOUSE.H11MO.0.A.npz,state,1.0,8,-0.1079063614364224,0.33857051440190844,0.49680460465596665,8,0.07491125927103123,0.28978449565238407,0.44163661891221095,8,8.269187368759066,TTTAATTT,2.0
csl,3brg,SUH_MOUSE.H11MO.0.A,5,3brg_state_002_SUH_MOUSE.H11MO.0.A.npz,state,2.0,8,0.3140689158200934,0.26021326996215066,0.3589237178048898,8,0.30338250146977924,0.26908217929394596,0.3789639922025012,8,9.91076544769377,TGTTTCAT,3.0
csl,3brg,SUH_MOUSE.H11MO.0.A,5,3brg_state_004_SUH_MOUSE.H11MO.0.A.npz,state,4.0,8,0.20184940335685686,0.24796493356552674,0.3476883799493623,8,0.18427952103719966,0.2691516275808681,0.3817123249242324,8,8.084706040592568,ATGTTCAT,3.0
csl,3brg,SUH_MOUSE.H11MO.0.A,5,3brg_state_006_SUH_MOUSE.H11MO.0.A.npz,state,6.0,7,-0.06202317005415603,0.3221195427717508,0.5032116518298683,7,-0.037995070442969625,0.32619391257009867,0.49957326564134835,7,7.802591040635761,.CGTTTAT,1.0
csl,3brg,SUH_MOUSE.H11MO.0.A,5,3brg_state_007_SUH_MOUSE.H11MO.0.A.npz,state,7.0,8,0.4593005432739062,0.1795368604214218,0.2308666632038196,8,0.5354625931598462,0.17313059666025765,0.2218000404591123,8,8.491202659564387,TTTCCAGC,5.0
csl,3brg,SUH_MOUSE.H11MO.0.A,5,3brg_state_008_SUH_MOUSE.H11MO.0.A.npz,state,8.0,8,0.06641374012790109,0.30297979904514705,0.4499811328054928,8,0.08442591237314324,0.30189305273904665,0.4664385510822063,8,10.368409586602738,TATTTTAT,2.0
csl,3brg,SUH_MOUSE.H11MO.0.A,5,3brg_state_009_SUH_MOUSE.H11MO.0.A.npz,state,9.0,7,0.1165292482556284,0.28783829709781067,0.41985189985070626,7,0.023626449499990695,0.32335167997683,0.5030749172879698,7,7.864899993797266,.GTTTTAT,2.0
csl,3brg,SUH_MOUSE.H11MO.0.A,5,3brg_state_011_SUH_MOUSE.H11MO.0.A.npz,state,11.0,8,0.7065750343448912,0.13788616531019215,0.13287849133096094,8,0.7370875827216448,0.13898735693874187,0.1336963939281484,8,6.64439923630378,TTCCGCAT,4.0
csl,3brg,SUH_MOUSE.H11MO.0.A,5,3brg_state_014_SUH_MOUSE.H11MO.0.A.npz,state,14.0,8,0.31492500651962235,0.2128341878487845,0.2583873798507252,8,0.3053634909455549,0.2403147621807875,0.29420863301655276,8,7.272321036492238,TGCCATAC,3.0
csl,3brg,SUH_MOUSE.H11MO.0.A,5,3brg_state_017_SUH_MOUSE.H11MO.0.A.npz,state,17.0,8,0.36998391995421354,0.2415617698528898,0.3012461717794006,8,0.2932575819074889,0.2682662994951919,0.37408082980576424,8,9.458973513052856,TGTCACAT,4.0
csl,3brg,SUH_MOUSE.H11MO.0.A,5,3brg_state_018_SUH_MOUSE.H11MO.0.A.npz,state,18.0,8,0.6395803666632625,0.14291670718375826,0.16252597792437484,8,0.6924187407950632,0.14943237144325394,0.1656468845049872,8,8.443774666414631,ATTCACAT,5.0
csl,3brg,SUH_MOUSE.H11MO.0.A,5,3brg_state_020_SUH_MOUSE.H11MO.0.A.npz,state,20.0,8,0.1734538583734178,0.2516250285480055,0.34699398610586046,8,0.2148643454662408,0.25992270061396994,0.3693406111644511,8,8.868371847248614,TGTAATAT,2.0
csl,3brg,SUH_MOUSE.H11MO.0.A,5,3brg_state_021_SUH_MOUSE.H11MO.0.A.npz,state,21.0,8,0.45213225657566053,0.16632701981666287,0.22671769864265975,8,0.4622987516087229,0.20624096850747264,0.25820546048989246,8,7.859601095835418,GTTCTTAC,5.0
csl,3brg,SUH_MOUSE.H11MO.0.A,5,3brg_state_023_SUH_MOUSE.H11MO.0.A.npz,state,23.0,8,0.4796068714546664,0.1763441618959405,0.22376614301232672,8,0.5587977038255565,0.17540521399405407,0.21504256584853557,8,7.7829935983712675,TTTCCAGC,5.0
csl,3brg,SUH_MOUSE.H11MO.0.A,5,3brg_state_024_SUH_MOUSE.H11MO.0.A.npz,state,24.0,8,0.3656847560088476,0.21047278054902563,0.2199965893206446,8,0.4799262098546715,0.2174821933003841,0.2157738842381894,8,3.1602512419789437,TTCCACAT,4.0
csl,3brg,SUH_MOUSE.H11MO.0.A,5,3brg_state_025_SUH_MOUSE.H11MO.0.A.npz,state,25.0,8,0.24625069126401178,0.2390163407981163,0.28826435111161236,8,0.32467428758886874,0.24060365398327122,0.2966673450139814,8,5.866915707199962,TTTTTTAT,3.0
csl,3brg,SUH_MOUSE.H11MO.0.A,5,3brg_state_026_SUH_MOUSE.H11MO.0.A.npz,state,26.0,8,0.4370142041550236,0.18903178122855024,0.22774213862080916,8,0.4606067237378604,0.20088569675863255,0.25388408849351174,8,7.007342368446981,TTTAACAC,5.0
csl,3brg,SUH_MOUSE.H11MO.0.A,5,3brg_state_030_SUH_MOUSE.H11MO.0.A.npz,state,30.0,8,0.16265450594160294,0.2434119243926034,0.33164011029634766,8,0.23584277411371043,0.24669789522977226,0.3358180498732736,8,6.626242681602999,TTTAATAT,3.0
csl,3brg,SUH_MOUSE.H11MO.0.A,5,3brg_state_031_SUH_MOUSE.H11MO.0.A.npz,state,31.0,8,0.645517403650871,0.14846559349825839,0.15161462789910168,8,0.5899107779480292,0.17821652306884062,0.1946726823731251,8,5.28757260654886,TATCACAT,4.0
csl,3brg,SUH_MOUSE.H11MO.0.A,5,3brg_state_032_SUH_MOUSE.H11MO.0.A.npz,state,32.0,8,0.29024014722286784,0.2515933412250888,0.3539979134051055,8,0.24295223648302014,0.2587172243911482,0.3977851758254705,8,10.446320053762502,TGTCATAT,3.0
csl,3brg,SUH_MOUSE.H11MO.0.A,5,3brg_state_033_SUH_MOUSE.H11MO.0.A.npz,state,33.0,8,0.8792880501885426,0.08709121051469992,0.06734082847028554,8,0.7156121875961292,0.16005336176567653,0.1699271610014148,8,8.582761682120243,ATGCCCAT,5.0
csl,3brg,SUH_MOUSE.H11MO.0.A,5,3brg_state_035_SUH_MOUSE.H11MO.0.A.npz,state,35.0,8,-0.02943566407870679,0.3002080260139337,0.45694574487411643,8,0.06919162410487434,0.29871730027844023,0.448624585533673,8,9.354053386791298,TGAATTAC,2.0
csl,3brg,SUH_MOUSE.H11MO.0.A,5,3brg_state_037_SUH_MOUSE.H11MO.0.A.npz,state,37.0,8,0.6208325785058731,0.1652908155156183,0.1599689997551192,8,0.46658032109652026,0.20521888777147979,0.24013584815974434,8,7.194339041510243,AATCAAAT,3.0
csl,3brg,SUH_MOUSE.H11MO.0.A,5,3brg_state_038_SUH_MOUSE.H11MO.0.A.npz,state,38.0,8,0.8209534734836629,0.11855221721452835,0.09997550981621724,8,0.9348846956431859,0.08595755867099797,0.055080849852638,8,8.388287663144926,TTTCCCAT,6.0
csl,3brg,SUH_MOUSE.H11MO.0.A,5,3brg_state_039_SUH_MOUSE.H11MO.0.A.npz,state,39.0,8,0.09221504017478743,0.30811122872910346,0.4712686049589262,8,0.05490138125865196,0.31373906036969856,0.5183331018106676,8,11.440448320393383,TGTTATAT,2.0
csl,3brg,SUH_MOUSE.H11MO.0.A,5,3brg_state_040_SUH_MOUSE.H11MO.0.A.npz,state,40.0,8,0.7215836466933843,0.1415302558152013,0.1447898344235664,8,0.5476065812742036,0.1792424345975866,0.2405598847409251,8,9.787103534787667,TGCCCCAT,4.0
csl,3brg,SUH_MOUSE.H11MO.0.A,5,3brg_state_042_SUH_MOUSE.H11MO.0.A.npz,state,42.0,8,0.24138154168838144,0.2791935416244087,0.3488519480590238,8,0.170542191858777,0.29817987854767125,0.4053044873546128,8,9.408775638795685,TGCAATAT,1.0
csl,3brg,SUH_MOUSE.H11MO.0.A,5,3brg_state_043_SUH_MOUSE.H11MO.0.A.npz,state,43.0,8,0.45740072705996215,0.20188177165255183,0.22776116839873545,8,0.58216923659666,0.17906906139978673,0.1958678175436417,8,5.610512242754806,TTTCATAA,4.0
csl,3brg,SUH_MOUSE.H11MO.0.A,5,3brg_state_044_SUH_MOUSE.H11MO.0.A.npz,state,44.0,8,0.6950975070549802,0.16050628921721,0.167791619239885,8,0.5657913564312865,0.19194812345585888,0.24303378224782005,8,10.257243567839684,AATCACAC,5.0
csl,3brg,SUH_MOUSE.H11MO.0.A,5,3brg_state_045_SUH_MOUSE.H11MO.0.A.npz,state,45.0,8,0.7658393817474154,0.12796034147322644,0.11777836175527179,8,0.5692079611752826,0.18115286861575441,0.20713393560440968,8,10.060759791837897,ACCCCCAT,4.0
csl,3brg,SUH_MOUSE.H11MO.0.A,5,3brg_state_046_SUH_MOUSE.H11MO.0.A.npz,state,46.0,8,-0.1445734627859036,0.32369716595712816,0.46776609131827884,8,-0.06230110944186924,0.3141573869797867,0.469849320174943,8,7.450348396669814,TTTAATTT,2.0
csl,3brg,SUH_MOUSE.H11MO.0.A,5,3brg_state_049_SUH_MOUSE.H11MO.0.A.npz,state,49.0,8,0.3863159651850596,0.21055767307552742,0.2531930491295071,8,0.5499086052008457,0.1808867973886663,0.20350943061724797,8,6.598015165943649,TTTCATAA,4.0
csl,3brg,SUH_MOUSE.H11MO.0.A,5,3brg_state_056_SUH_MOUSE.H11MO.0.A.npz,state,56.0,8,0.4911526699383314,0.21601753689537873,0.22516818556994417,8,0.33648173561820705,0.24393440678613842,0.31354561672109726,8,7.554875114596409,TGCTCCAT,3.0
csl,3brg,SUH_MOUSE.H11MO.0.A,5,3brg_state_057_SUH_MOUSE.H11MO.0.A.npz,state,57.0,8,0.010651837725020364,0.26790419808094157,0.3730192069081196,8,0.0756513589474593,0.2753573041118216,0.3860559392358948,8,5.810266661445861,ATTTTTAT,3.0
csl,3brg,SUH_MOUSE.H11MO.0.A,5,3brg_state_059_SUH_MOUSE.H11MO.0.A.npz,state,59.0,8,0.640768884487155,0.13932930109115205,0.17084207834016962,8,0.6150321741920467,0.16548177059269165,0.20845685176018897,8,9.150940663261686,ATTCCAAC,6.0
csl,3brg,SUH_MOUSE.H11MO.0.A,5,3brg_state_060_SUH_MOUSE.H11MO.0.A.npz,state,60.0,8,0.47866677244279504,0.2007477079241653,0.22144706952033877,8,0.5086435604269662,0.18795189681986813,0.21650167407961302,8,4.901104758580723,TGTTGCAC,4.0
csl,3brg,SUH_MOUSE.H11MO.0.A,5,3brg_state_062_SUH_MOUSE.H11MO.0.A.npz,state,62.0,8,0.8509993702844126,0.10187045366183156,0.07556450786646425,8,0.7907576506226422,0.13049187701835763,0.12000905756125867,8,7.027481781628048,TGTCCCAC,6.0
csl,3brg,SUH_MOUSE.H11MO.0.A,5,3brg_state_063_SUH_MOUSE.H11MO.0.A.npz,state,63.0,7,0.1032618017203569,0.291359322585257,0.4377247093257975,7,0.06708209467435423,0.3100982906918424,0.45972508444219157,7,8.460438589165962,.CGTTCAT,2.0
csl,3brg,SUH_MOUSE.H11MO.0.A,5,3brg_state_064_SUH_MOUSE.H11MO.0.A.npz,state,64.0,8,0.31061661705918003,0.24885235460442345,0.3160203495028322,8,0.506242972620136,0.1828904652129495,0.2345957825034067,8,8.793756114043298,TTTACTAC,5.0
csl,3brg,SUH_MOUSE.H11MO.0.A,5,3brg_state_065_SUH_MOUSE.H11MO.0.A.npz,state,65.0,8,0.5230171846814814,0.20968920670929947,0.2512842322594304,8,0.5721422286052128,0.1886983654803771,0.2425588444164838,8,10.66085900896081,ATTATCAT,4.0
csl,3brg,SUH_MOUSE.H11MO.0.A,5,3brg_state_067_SUH_MOUSE.H11MO.0.A.npz,state,67.0,6,-0.022017023679656026,0.3433199390419759,0.4776549964136825,6,-0.041254133467362,0.3352237117263333,0.4686865736256493,6,5.95462775707011,..AATTAC,2.0
csl,3brg,SUH_MOUSE.H11MO.0.A,5,3brg_state_068_SUH_MOUSE.H11MO.0.A.npz,state,68.0,8,-0.05493329725679489,0.3088206694865221,0.44866941584536635,8,-0.13984672759148092,0.34185770225121814,0.5307752948076225,8,8.660207559047532,TGCTTTAT,1.0
csl,3brg,SUH_MOUSE.H11MO.0.A,5,3brg_state_070_SUH_MOUSE.H11MO.0.A.npz,state,70.0,8,0.43932254425328304,0.22661318191148894,0.26792176271850876,8,0.3544891946012287,0.241987194093781,0.32821635835409124,8,8.67328647569949,TGTTTCAT,3.0
csl,3brg,SUH_MOUSE.H11MO.0.A,5,3brg_state_071_SUH_MOUSE.H11MO.0.A.npz,state,71.0,8,0.4773095534074568,0.20153143380230176,0.23528436220208887,8,0.5011152434196249,0.19970887147428584,0.2500987897560506,8,8.833006253214569,ATTCATAT,4.0
csl,3brg,SUH_MOUSE.H11MO.0.A,5,3brg_state_072_SUH_MOUSE.H11MO.0.A.npz,state,72.0,8,0.01772245967913095,0.28493656138289225,0.41984154449690914,8,0.06148576679191342,0.2851754869434444,0.4369826345857209,8,8.493554660369213,TGTAATAA,2.0
csl,3brg,SUH_MOUSE.H11MO.0.A,5,3brg_state_074_SUH_MOUSE.H11MO.0.A.npz,state,74.0,8,0.8992821683929294,0.08397283992962912,0.05372549436858802,8,0.9170188405274263,0.08348472859506728,0.056168441107295373,8,8.39722205007274,TTTCCCAT,6.0
csl,3brg,SUH_MOUSE.H11MO.0.A,5,3brg_state_076_SUH_MOUSE.H11MO.0.A.npz,state,76.0,8,0.27507270791880595,0.22752074158779578,0.23887055884990493,8,0.3247060278674358,0.23914524518477265,0.2531556226221125,8,3.513789436070066,TTCCATGA,2.0
csl,3brg,SUH_MOUSE.H11MO.0.A,5,3brg_state_078_SUH_MOUSE.H11MO.0.A.npz,state,78.0,8,0.5460402430304236,0.20152044255110013,0.2101086193528337,8,0.4820744291173885,0.19866418670017083,0.24175304965834074,8,7.750774602480806,TGCCGCAA,3.0
csl,3brg,SUH_MOUSE.H11MO.0.A,5,3brg_state_081_SUH_MOUSE.H11MO.0.A.npz,state,81.0,8,0.7009974389310355,0.16794607663177885,0.1496443146162617,8,0.789067027235994,0.11986067964608083,0.11348581596908813,8,7.637406586750588,TTTCCCCT,5.0
csl,3brg,SUH_MOUSE.H11MO.0.A,5,3brg_state_082_SUH_MOUSE.H11MO.0.A.npz,state,82.0,8,-0.1446410035719047,0.3488339678935972,0.5208244085341123,8,-0.09138422388610037,0.34298680050255825,0.523141899914656,8,9.328510005838515,TGATTTAC,2.0
csl,3brg,SUH_MOUSE.H11MO.0.A,5,3brg_state_083_SUH_MOUSE.H11MO.0.A.npz,state,83.0,8,0.8171231391647179,0.12969269257882843,0.11146318041092179,8,0.6766124208541209,0.1639104497153312,0.18790603074061243,8,9.612099614526253,GGTCCCAT,5.0
csl,3brg,SUH_MOUSE.H11MO.0.A,5,3brg_state_084_SUH_MOUSE.H11MO.0.A.npz,state,84.0,8,0.39870959372724935,0.23150804532519942,0.28856478163119265,8,0.35306905876085665,0.23199810616529248,0.32528947253719376,8,8.733886649103532,TGTTTCAT,3.0
csl,3brg,SUH_MOUSE.H11MO.0.A,5,3brg_state_085_SUH_MOUSE.H11MO.0.A.npz,state,85.0,8,0.27535066702014666,0.2698828680004226,0.3235346390792344,8,0.3172868673435978,0.235461943440896,0.30117520220259125,8,6.145969148725726,TGTTTCAG,3.0
csl,3brg,SUH_MOUSE.H11MO.0.A,5,3brg_state_086_SUH_MOUSE.H11MO.0.A.npz,state,86.0,8,0.45195189697451993,0.20388646540232003,0.23426550169377097,8,0.5184665172967976,0.20167699842568254,0.23329867201537796,8,6.838493795397611,TTTACTAC,5.0
csl,3brg,SUH_MOUSE.H11MO.0.A,5,3brg_state_090_SUH_MOUSE.H11MO.0.A.npz,state,90.0,8,0.410658193671301,0.2373277686056099,0.28282991490579196,8,0.698840223732242,0.1529072598204948,0.16106041521682307,8,7.073335387265544,TTTTTCAC,5.0
csl,3brg,SUH_MOUSE.H11MO.0.A,5,3brg_state_091_SUH_MOUSE.H11MO.0.A.npz,state,91.0,8,0.5469372494262711,0.19208281672581506,0.23013893832172191,8,0.6337670579636232,0.17090662834925752,0.2039265085460309,8,7.200791285625944,TTTCCAAC,6.0
csl,3brg,SUH_MOUSE.H11MO.0.A,5,3brg_state_092_SUH_MOUSE.H11MO.0.A.npz,state,92.0,8,0.42074493300584026,0.2297708906526168,0.27797111297450505,8,0.31810827781206047,0.23730445634737407,0.3475279357877829,8,10.093173521929032,TGTACTAT,3.0
csl,3brg,SUH_MOUSE.H11MO.0.A,5,ENSEMBLE_MEAN,ensemble_mean,,8,0.6251573833488436,0.17539623165466273,0.16077577845327606,8,0.6368964827459318,0.18706757800299229,0.1794435284500895,8,3.128104676270023,TGTCACAT,4.0
egr1,1aay,EGR1_MOUSE.H11MO.0.A,1,1aay_A_EGR1_MOUSE.H11MO.0.A.npz,crystal,,9,0.9999999999999999,0.0,0.0,9,0.7515150231780523,0.1385275031627518,0.1850597355852529,9,12.862452857497708,.GGGGGGGGG..,
egr1,1aay,EGR1_MOUSE.H11MO.0.A,1,1aay_state_001_EGR1_MOUSE.H11MO.0.A.npz,state,1.0,9,0.8646598634429807,0.09471353786648251,0.07124150354351719,9,0.6535376765200069,0.1844216489375362,0.22992922921041758,9,10.05615030933787,.GGCGGGGGA..,7.0
egr1,1aay,EGR1_MOUSE.H11MO.0.A,1,1aay_state_002_EGR1_MOUSE.H11MO.0.A.npz,state,2.0,9,0.9824107861559845,0.045696087789514825,0.01680704632536504,9,0.8167609794830877,0.13065532354004164,0.14795728203453695,9,10.505782600769988,.GGGGGGGGG..,9.0
egr1,1aay,EGR1_MOUSE.H11MO.0.A,1,1aay_state_005_EGR1_MOUSE.H11MO.0.A.npz,state,5.0,9,0.4121871293152744,0.22722596770553435,0.3083834800858836,9,0.6577686721652097,0.1679997346493312,0.21474324542260537,9,10.635204349287479,.CCATGGGCG..,4.0
egr1,1aay,EGR1_MOUSE.H11MO.0.A,1,1aay_state_006_EGR1_MOUSE.H11MO.0.A.npz,state,6.0,9,0.7854891136888991,0.12046985572346279,0.11977270427946471,9,0.7331899784609364,0.16448760935519305,0.19130057684067278,9,10.054375163905979,.GCCGGGGGG..,7.0
egr1,1aay,EGR1_MOUSE.H11MO.0.A,1,1aay_state_007_EGR1_MOUSE.H11MO.0.A.npz,state,7.0,9,0.6495770444162622,0.15103733715174408,0.18369285105222344,9,0.6962987666709741,0.16034854614796737,0.19978943359407678,9,10.90899789256097,.GCCGGGGCG..,6.0
egr1,1aay,EGR1_MOUSE.H11MO.0.A,1,1aay_state_008_EGR1_MOUSE.H11MO.0.A.npz,state,8.0,9,0.7095043726405111,0.1351645546350887,0.15905296876695482,9,0.8999395286364015,0.11077958587945129,0.09592708251578613,9,10.629709881602519,.GCGGGGGCG..,7.0
egr1,1aay,EGR1_MOUSE.H11MO.0.A,1,1aay_state_009_EGR1_MOUSE.H11MO.0.A.npz,state,9.0,9,0.6735939588476333,0.13868539149471973,0.1794286901496214,9,0.6950810625546677,0.1698447910667811,0.20937321053595928,9,10.963873681442555,.GGGGGTGCG..,7.0
egr1,1aay,EGR1_MOUSE.H11MO.0.A,1,1aay_state_010_EGR1_MOUSE.H11MO.0.A.npz,state,10.0,9,0.9084668085876968,0.07853095381223182,0.05642997124524318,9,0.8772508660460888,0.11126479364853974,0.12018781358484588,9,10.820043071497022,.GCGGGGGGG..,8.0
egr1,1aay,EGR1_MOUSE.H11MO.0.A,1,1aay_state_011_EGR1_MOUSE.H11MO.0.A.npz,state,11.0,9,0.7715279779258508,0.11856213579691637,0.12324817144180396,9,0.6607736140755012,0.16713005110957763,0.22553507942958412,9,10.335035152997442,.GGCGGGGGG..,8.0
egr1,1aay,EGR1_MOUSE.H11MO.0.A,1,1aay_state_012_EGR1_MOUSE.H11MO.0.A.npz,state,12.0,9,0.6472763030627285,0.17085046918428917,0.18472164476308933,9,0.738395657701173,0.15422371429546425,0.18197047616261486,9,8.99229725963991,.GCGGGGGCA..,6.0
egr1,1aay,EGR1_MOUSE.H11MO.0.A,1,1aay_state_013_EGR1_MOUSE.H11MO.0.A.npz,state,13.0,9,0.6270157896944566,0.150168628842544,0.22138707054293713,9,0.5821223214531435,0.19415331997960392,0.27071679554463957,9,11.70400235866501,.GGAGGGGCG..,7.0
egr1,1aay,EGR1_MOUSE.H11MO.0.A,1,1aay_state_014_EGR1_MOUSE.H11MO.0.A.npz,state,14.0,9,0.5885606520400315,0.17676270170745234,0.2054987272776861,9,0.8641340322522459,0.12162589352940106,0.10896656513357406,9,10.112146633817648,.CCGTGGGCG..,5.0
egr1,1aay,EGR1_MOUSE.H11MO.0.A,1,1aay_state_016_EGR1_MOUSE.H11MO.0.A.npz,state,16.0,7,0.6361100325900744,0.1436697439639829,0.18914049109590736,7,0.6740716804153033,0.15585864383111975,0.2153632306819822,7,9.304191804018487,.GCCGGGG....,5.0
egr1,1aay,EGR1_MOUSE.H11MO.0.A,1,1aay_state_017_EGR1_MOUSE.H11MO.0.A.npz,state,17.0,7,0.4425721601448833,0.2054477011011581,0.2833113403539538,7,0.4085166517840884,0.22601812810171396,0.3472655423093162,7,8.014853984723597,.GCCGGAG....,4.0
egr1,1aay,EGR1_MOUSE.H11MO.0.A,1,1aay_state_018_EGR1_MOUSE.H11MO.0.A.npz,state,18.0,9,0.8663311388567889,0.0904147645633202,0.07590233597447138,9,0.9069026490436934,0.09818900080345985,0.09499642465918601,9,10.69108142659874,.GCGGGGGGG..,8.0
egr1,1aay,EGR1_MOUSE.H11MO.0.A,1,1aay_state_019_EGR1_MOUSE.H11MO.0.A.npz,state,19.0,9,0.8334269858724753,0.07951552659182602,0.0925248509499309,9,0.5335065265990112,0.20586191676557064,0.30433204655092105,9,12.244198793798484,.GGCGGGGGG..,8.0
egr1,1aay,EGR1_MOUSE.H11MO.0.A,1,1aay_state_020_EGR1_MOUSE.H11MO.0.A.npz,state,20.0,9,0.689468675453463,0.15590821254105927,0.1564580375803145,9,0.7134832941304533,0.16472491034720507,0.19944790227735018,9,9.782312997667749,.GCCGGGGCG..,6.0
egr1,1aay,EGR1_MOUSE.H11MO.0.A,1,1aay_state_021_EGR1_MOUSE.H11MO.0.A.npz,state,21.0,9,0.8391735361873524,0.10777435823304889,0.08951647669017831,9,0.7376855392606961,0.161908067329528,0.18955950636062657,9,9.044688418361567,.GCGGGGGGG..,8.0
egr1,1aay,EGR1_MOUSE.H11MO.0.A,1,1aay_state_022_EGR1_MOUSE.H11MO.0.A.npz,state,22.0,9,0.5877552318840717,0.1712123982757071,0.20914924893474812,9,0.6651657486401907,0.1708154186554667,0.21683559291121146,9,10.31108469953609,.GCGGGGACG..,6.0
egr1,1aay,EGR1_MOUSE.H11MO.0.A,1,1aay_state_023_EGR1_MOUSE.H11MO.0.A.npz,state,23.0,9,0.7189009869733821,0.14679085424156962,0.16908674209927654,9,0.5764976704049712,0.20605269924271852,0.28056366087830475,9,8.595112028002578,.GGCGGGCCG..,6.0
egr1,1aay,EGR1_MOUSE.H11MO.0.A,1,1aay_state_024_EGR1_MOUSE.H11MO.0.A.npz,state,24.0,9,0.7945046698787283,0.11347456152240436,0.10922424464371988,9,0.8580329184582446,0.11647293441476197,0.11870733965237343,9,10.191161455668153,.GGGTGGGCG..,7.0
egr1,1aay,EGR1_MOUSE.H11MO.0.A,1,1aay_state_025_EGR1_MOUSE.H11MO.0.A.npz,state,25.0,9,0.8037601432732014,0.10419546790459815,0.11046222796675267,9,0.7120622039030056,0.16505025591080388,0.2028812745468772,9,10.31239079955783,.GGATGGGGG..,7.0
egr1,1aay,EGR1_MOUSE.H11MO.0.A,1,1aay_state_026_EGR1_MOUSE.H11MO.0.A.npz,state,26.0,9,0.702167404525425,0.1363847281932572,0.15699933756958503,9,0.701616156562827,0.15088347868166035,0.2065062448643513,9,11.492408133550741,.GCCGGGGCG..,6.0
egr1,1aay,EGR1_MOUSE.H11MO.0.A,1,1aay_state_027_EGR1_MOUSE.H11MO.0.A.npz,state,27.0,9,0.1798614867004817,0.2845272846267714,0.425862947821179,9,0.29611413705554124,0.26940227219731444,0.4051049092257488,9,9.67766308703876,.GGAAGTCCG..,4.0
egr1,1aay,EGR1_MOUSE.H11MO.0.A,1,1aay_state_028_EGR1_MOUSE.H11MO.0.A.npz,state,28.0,7,0.7008368410122564,0.13676100855809636,0.15044359535865395,7,0.6757236924169979,0.16514788220436977,0.21287878660682305,7,7.59279861980001,.GCCGGGG....,5.0
egr1,1aay,EGR1_MOUSE.H11MO.0.A,1,1aay_state_029_EGR1_MOUSE.H11MO.0.A.npz,state,29.0,9,0.8506190651446438,0.10617347273445274,0.08578873930251188,9,0.8656980009989403,0.12141301761019146,0.13598521821281923,9,9.526229211633654,.GCGGGGGCG..,7.0
egr1,1aay,EGR1_MOUSE.H11MO.0.A,1,1aay_state_030_EGR1_MOUSE.H11MO.0.A.npz,state,30.0,7,0.99135234195953,0.03522461772393269,0.01674221485621715,7,0.8187394125851014,0.12052767306678495,0.14192836101443748,7,9.941854835311952,.GGGGGGG....,7.0
egr1,1aay,EGR1_MOUSE.H11MO.0.A,1,1aay_state_031_EGR1_MOUSE.H11MO.0.A.npz,state,31.0,9,0.5007589232798854,0.2047332261087528,0.27902295277635525,9,0.6764077018701156,0.17549694566211352,0.21696459774265342,9,10.138642039477176,.GCCGGGGCG..,6.0
egr1,1aay,EGR1_MOUSE.H11MO.0.A,1,1aay_state_032_EGR1_MOUSE.H11MO.0.A.npz,state,32.0,9,0.9855392787514394,0.03806334080096955,0.012869680321758116,9,0.7840779025706656,0.14111980975333913,0.1678213344748075,9,11.478669816319256,.GGGGGGGGG..,9.0
egr1,1aay,EGR1_MOUSE.H11MO.0.A,1,1aay_state_033_EGR1_MOUSE.H11MO.0.A.npz,state,33.0,9,0.9019090077893585,0.06978269238930403,0.06211442119593544,9,0.7842141430066298,0.139506162341503,0.17371172611333788,9,11.53793790696679,.GGGGGGGCG..,8.0
egr1,1aay,EGR1_MOUSE.H11MO.0.A,1,1aay_state_034_EGR1_MOUSE.H11MO.0.A.npz,state,34.0,9,0.7900232327934297,0.11152757009646545,0.12532416554820303,9,0.9037302249049406,0.10192155171534978,0.09667554953906626,9,11.394233185439246,.GCGGGGGCG..,7.0
egr1,1aay,EGR1_MOUSE.H11MO.0.A,1,1aay_state_036_EGR1_MOUSE.H11MO.0.A.npz,state,36.0,9,0.5752403478660487,0.17870047697862093,0.2348658642090506,9,0.7640021524408322,0.15005673308365253,0.16402867431358517,9,10.838761678396438,.GCAGGGGCG..,6.0
egr1,1aay,EGR1_MOUSE.H11MO.0.A,1,1aay_state_037_EGR1_MOUSE.H11MO.0.A.npz,state,37.0,9,0.8953766420019103,0.07597048514031081,0.062903539250516,9,0.8658216696435148,0.0965516349113184,0.10895612946095506,9,10.39878153780717,.GGGGGGGCG..,8.0
egr1,1aay,EGR1_MOUSE.H11MO.0.A,1,1aay_state_038_EGR1_MOUSE.H11MO.0.A.npz,state,38.0,7,0.8933035783753989,0.0813143422877017,0.07209781417167489,7,0.9070580287713488,0.09653237671175573,0.09092036392124045,7,8.454676570872127,.GCGGGGG....,6.0
egr1,1aay,EGR1_MOUSE.H11MO.0.A,1,1aay_state_039_EGR1_MOUSE.H11MO.0.A.npz,state,39.0,9,0.7018367214516584,0.13156472818809561,0.17018543761020852,9,0.6264592418020354,0.17634836782235652,0.2439755491958856,9,11.883658963543295,.GCCGGGGGG..,7.0
egr1,1aay,EGR1_MOUSE.H11MO.0.A,1,1aay_state_040_EGR1_MOUSE.H11MO.0.A.npz,state,40.0,9,0.8417783762583333,0.10517510169948865,0.08766539442908855,9,0.7034049780668611,0.16030297019622392,0.21377474661982057,9,9.750505036991537,.GCCGGGGGG..,7.0
egr1,1aay,EGR1_MOUSE.H11MO.0.A,1,1aay_state_041_EGR1_MOUSE.H11MO.0.A.npz,state,41.0,9,0.7832509084689605,0.10851635219619817,0.1266519438988571,9,0.46601474107335883,0.23123044514149013,0.3241277912833509,9,10.524969817744358,.GGAGGGTGG..,7.0
egr1,1aay,EGR1_MOUSE.H11MO.0.A,1,1aay_state_042_EGR1_MOUSE.H11MO.0.A.npz,state,42.0,9,0.9125480221576342,0.08108038557758038,0.0622568323147924,9,0.8592799265238565,0.12637307602886316,0.13600527234133875,9,9.627889683999348,.GCGGGGGGG..,8.0
egr1,1aay,EGR1_MOUSE.H11MO.0.A,1,1aay_state_043_EGR1_MOUSE.H11MO.0.A.npz,state,43.0,9,0.8443094412046762,0.0782282286511165,0.08866277295846628,9,0.8321705306578216,0.128066614716469,0.13653023205699158,9,11.744891536235146,.GGGGGGGCG..,8.0
egr1,1aay,EGR1_MOUSE.H11MO.0.A,1,1aay_state_044_EGR1_MOUSE.H11MO.0.A.npz,state,44.0,7,0.6463813412939422,0.15554399142690403,0.19352503560303874,7,0.706281239574946,0.15260348237851368,0.18572912550185855,7,8.840392530939427,.GCCGGGG....,5.0
egr1,1aay,EGR1_MOUSE.H11MO.0.A,1,1aay_state_045_EGR1_MOUSE.H11MO.0.A.npz,state,45.0,9,0.23411494890582366,0.28243271810869275,0.40313726541731193,9,0.42595592520769476,0.23370956161266399,0.3198625946956505,9,8.067129734954433,.AAGGGGTCC..,4.0
egr1,1aay,EGR1_MOUSE.H11MO.0.A,1,1aay_state_046_EGR1_MOUSE.H11MO.0.A.npz,state,46.0,9,0.9528273043677139,0.06960277696877408,0.04643551373326213,9,0.7633416429033443,0.15815825999015942,0.17854871950092358,9,9.577670697670884,.GGGGGGGGG..,9.0
egr1,1aay,EGR1_MOUSE.H11MO.0.A,1,1aay_state_047_EGR1_MOUSE.H11MO.0.A.npz,state,47.0,9,0.8466009913951155,0.11642325758455424,0.09422172894620566,9,0.6619780355633209,0.17378182388428184,0.22856233750286112,9,9.179613230572846,.CCGGGGGGG..,7.0
egr1,1aay,EGR1_MOUSE.H11MO.0.A,1,1aay_state_048_EGR1_MOUSE.H11MO.0.A.npz,state,48.0,9,0.5598536659056077,0.1839705362831915,0.2378336337624478,9,0.5294524082486756,0.21306861495961332,0.30785304131151947,9,9.89480942673876,.GGCCGGGCG..,6.0
egr1,1aay,EGR1_MOUSE.H11MO.0.A,1,1aay_state_049_EGR1_MOUSE.H11MO.0.A.npz,state,49.0,7,0.7523427628304994,0.11994170122696753,0.15131779400352982,7,0.5211946014361422,0.21830058989248105,0.30929376842473494,7,8.42635738556907,.GGAGGGG....,6.0
egr1,1aay,EGR1_MOUSE.H11MO.0.A,1,1aay_state_050_EGR1_MOUSE.H11MO.0.A.npz,state,50.0,9,0.7187999040625457,0.14233020213497286,0.15136382367762333,9,0.8142683139697517,0.12728094026937875,0.14130588910997727,9,10.207667391937289,.CCGGGGGCG..,6.0
egr1,1aay,EGR1_MOUSE.H11MO.0.A,1,1aay_state_051_EGR1_MOUSE.H11MO.0.A.npz,state,51.0,9,0.7016276393749892,0.14830837233199012,0.15656314889316125,9,0.6657416582623301,0.1773390535737336,0.23242775488977052,9,10.121318462779513,.GGCGGGCCG..,6.0
egr1,1aay,EGR1_MOUSE.H11MO.0.A,1,1aay_state_052_EGR1_MOUSE.H11MO.0.A.npz,state,52.0,9,0.355159139893798,0.2538725097708973,0.3317531783232934,9,0.6314994665599397,0.19619212372021544,0.23623355298196064,9,9.74336176036569,.CCGTGGCCG..,4.0
egr1,1aay,EGR1_MOUSE.H11MO.0.A,1,1aay_state_053_EGR1_MOUSE.H11MO.0.A.npz,state,53.0,9,0.7102780760185297,0.1485632574800143,0.1635764288445519,9,0.6200684674014152,0.1975274325814098,0.23831472492630118,9,9.371454101823218,.GGGGGGGTA..,7.0
egr1,1aay,EGR1_MOUSE.H11MO.0.A,1,1aay_state_054_EGR1_MOUSE.H11MO.0.A.npz,state,54.0,9,0.7596106195866212,0.1281973453781878,0.13775255727797023,9,0.8024371173067474,0.15264961196226068,0.15952173077260975,9,10.424940912070674,.GGGGGGGCG..,8.0
egr1,1aay,EGR1_MOUSE.H11MO.0.A,1,1aay_state_055_EGR1_MOUSE.H11MO.0.A.npz,state,55.0,9,0.4153067468507729,0.22111642770404513,0.29772286178723484,9,0.43881245098992516,0.23823646189541453,0.3297872346760571,9,9.822849234851525,.GGCGGGGCA..,6.0
egr1,1aay,EGR1_MOUSE.H11MO.0.A,1,1aay_state_056_EGR1_MOUSE.H11MO.0.A.npz,state,56.0,9,0.6554269216424394,0.15671666783681656,0.18203042768718566,9,0.7192762999859371,0.16838675772305578,0.19490558700363325,9,10.17565095233607,.GGGGGGGCA..,7.0
egr1,1aay,EGR1_MOUSE.H11MO.0.A,1,1aay_state_057_EGR1_MOUSE.H11MO.0.A.npz,state,57.0,7,0.782502244799224,0.09232561466134419,0.1152189581327291,7,0.5974058692495665,0.16982012825818465,0.2482673413458418,7,8.68309051109196,.GGCGGGG....,6.0
egr1,1aay,EGR1_MOUSE.H11MO.0.A,1,1aay_state_058_EGR1_MOUSE.H11MO.0.A.npz,state,58.0,9,0.707168707225342,0.1445711338278165,0.16928588645817358,9,0.8763696741182141,0.12351042013486019,0.12004733718628856,9,9.606825048631038,.GCGGGGGCG..,7.0
egr1,1aay,EGR1_MOUSE.H11MO.0.A,1,1aay_state_059_EGR1_MOUSE.H11MO.0.A.npz,state,59.0,9,0.6669636491889132,0.15572393077955995,0.17361866133635306,9,0.5912911903123643,0.1913276842678897,0.25394617811475517,9,9.563655858310105,.GCGGGTGGC..,6.0
egr1,1aay,EGR1_MOUSE.H11MO.0.A,1,1aay_state_060_EGR1_MOUSE.H11MO.0.A.npz,state,60.0,9,0.589967535175184,0.17583718797282522,0.22670402922535887,9,0.7392429724005555,0.15447941472909102,0.1877900415608882,9,8.31351732379035,.GCGGGGCCG..,6.0
egr1,1aay,EGR1_MOUSE.H11MO.0.A,1,1aay_state_061_EGR1_MOUSE.H11MO.0.A.npz,state,61.0,9,0.4622018023900892,0.2253358865046822,0.2902821502429874,9,0.5708166144085763,0.20893122092820704,0.2795845938319712,9,8.100962576756702,.GCAGGGTCG..,5.0
egr1,1aay,EGR1_MOUSE.H11MO.0.A,1,1aay_state_062_EGR1_MOUSE.H11MO.0.A.npz,state,62.0,9,0.9625548237176659,0.06348080308008422,0.03260764578163303,9,0.8468207013593995,0.12176759942020807,0.13560865533479458,9,10.15604351519587,.GGGGGGGGG..,9.0
egr1,1aay,EGR1_MOUSE.H11MO.0.A,1,1aay_state_063_EGR1_MOUSE.H11MO.0.A.npz,state,63.0,9,0.6642923303745311,0.16028648667593692,0.16572601005338355,9,0.5359212166258195,0.19684746186248958,0.2748452142508893,9,8.64906485104776,.GCAGGGAGG..,6.0
egr1,1aay,EGR1_MOUSE.H11MO.0.A,1,1aay_state_064_EGR1_MOUSE.H11MO.0.A.npz,state,64.0,9,0.9811524415315341,0.056199474554483056,0.032236006402238476,9,0.7346631262852374,0.1653297434353994,0.20453241161730784,9,10.319518920122327,.GGGGGGGGG..,9.0
egr1,1aay,EGR1_MOUSE.H11MO.0.A,1,1aay_state_065_EGR1_MOUSE.H11MO.0.A.npz,state,65.0,6,0.5882171331970164,0.18075485055548293,0.24868104883579137,6,0.7108875669354521,0.16741764863642553,0.20395322679012462,6,7.685128713044161,....GGTGCG..,4.0
egr1,1aay,EGR1_MOUSE.H11MO.0.A,1,1aay_state_066_EGR1_MOUSE.H11MO.0.A.npz,state,66.0,9,0.7332586489852501,0.13128679379264618,0.16225585896163328,9,0.6844901095141013,0.16989922570711416,0.2260286404073012,9,10.809905028967432,.GCCGGGGGG..,7.0
egr1,1aay,EGR1_MOUSE.H11MO.0.A,1,1aay_state_067_EGR1_MOUSE.H11MO.0.A.npz,state,67.0,9,0.7564767393346804,0.10410522389186856,0.12522496206228964,9,0.9318746543538673,0.08702010836633337,0.07594316122685535,9,11.701114838121526,.GCGGGGGCG..,7.0
egr1,1aay,EGR1_MOUSE.H11MO.0.A,1,1aay_state_068_EGR1_MOUSE.H11MO.0.A.npz,state,68.0,9,0.6708483029057909,0.16706944975885563,0.17428533940024632,9,0.5270159751430937,0.21609398188431644,0.28772572069860075,9,8.81723382748281,.GCCGGGCGG..,6.0
egr1,1aay,EGR1_MOUSE.H11MO.0.A,1,1aay_state_071_EGR1_MOUSE.H11MO.0.A.npz,state,71.0,9,0.6275411500901431,0.147468474108286,0.1953406535101473,9,0.7093347166648818,0.14911113368968168,0.19730724309725758,9,11.350275098763516,.GCCGGGGCG..,6.0
egr1,1aay,EGR1_MOUSE.H11MO.0.A,1,1aay_state_073_EGR1_MOUSE.H11MO.0.A.npz,state,73.0,9,0.6311726393068671,0.170804311311157,0.20415716956972446,9,0.7349225540336171,0.13739675101048002,0.17088929094209743,9,11.535026370010137,.CCCGGGGCG..,5.0
egr1,1aay,EGR1_MOUSE.H11MO.0.A,1,1aay_state_074_EGR1_MOUSE.H11MO.0.A.npz,state,74.0,9,0.7686470326306539,0.11734180078039774,0.12283655550995827,9,0.9135811492348733,0.10299971962619263,0.0967115352500734,9,10.33183421918843,.GCGGGGGCG..,7.0
egr1,1aay,EGR1_MOUSE.H11MO.0.A,1,1aay_state_075_EGR1_MOUSE.H11MO.0.A.npz,state,75.0,9,0.9332982422192264,0.07355629416350792,0.05198169248902104,9,0.7522026935992484,0.1596259805955924,0.18519665169321878,9,9.420391757919553,.GGGGGGGGC..,8.0
egr1,1aay,EGR1_MOUSE.H11MO.0.A,1,1aay_state_076_EGR1_MOUSE.H11MO.0.A.npz,state,76.0,9,0.8987491060099335,0.08237344570160429,0.0657403280438538,9,0.6742382378536224,0.16571955534810615,0.22236778002924154,9,9.956044405538652,.GGATGGGGG..,7.0
egr1,1aay,EGR1_MOUSE.H11MO.0.A,1,1aay_state_077_EGR1_MOUSE.H11MO.0.A.npz,state,77.0,9,0.5711538381681804,0.17427659250420724,0.21363572287479246,9,0.4023945631153038,0.24301174158851305,0.34144325231305406,9,9.582332582320216,.GGCTGTGGG..,6.0
egr1,1aay,EGR1_MOUSE.H11MO.0.A,1,1aay_state_078_EGR1_MOUSE.H11MO.0.A.npz,state,78.0,9,0.43132724599555017,0.23282259425549354,0.27746003705310274,9,0.7345618231733289,0.17642842368998876,0.19133994120095782,9,8.30378915778504,.CCCTGGGCG..,4.0
egr1,1aay,EGR1_MOUSE.H11MO.0.A,1,1aay_state_079_EGR1_MOUSE.H11MO.0.A.npz,state,79.0,6,0.8759932093805245,0.1303331274005662,0.10266004495321533,6,0.7714554738053827,0.17450555564331202,0.18193060394326155,6,5.311362971688451,.GCGGGG.....,5.0
egr1,1aay,EGR1_MOUSE.H11MO.0.A,1,1aay_state_080_EGR1_MOUSE.H11MO.0.A.npz,state,80.0,9,0.7603157282863987,0.11514519118484007,0.1253705893669645,9,0.7953649581562053,0.13611987040429893,0.16161630203458555,9,10.764390886723529,.GCGTGGGGG..,7.0
egr1,1aay,EGR1_MOUSE.H11MO.0.A,1,1aay_state_081_EGR1_MOUSE.H11MO.0.A.npz,state,81.0,9,0.8242617722725643,0.1004023282665811,0.10031760817760163,9,0.7485325587169731,0.15109660790120769,0.18359959327380315,9,11.805350668502308,.CCGGGGGGG..,7.0
egr1,1aay,EGR1_MOUSE.H11MO.0.A,1,1aay_state_083_EGR1_MOUSE.H11MO.0.A.npz,state,83.0,9,0.8556790991783156,0.09690933320153919,0.09595296254516532,9,0.6853991377188321,0.1730641110431558,0.21788348645207034,9,9.367670684893191,.GCGGGGGGC..,7.0
egr1,1aay,EGR1_MOUSE.H11MO.0.A,1,1aay_state_084_EGR1_MOUSE.H11MO.0.A.npz,state,84.0,9,0.9614208947895468,0.05842021176552711,0.035877483185026746,9,0.7586599940680513,0.1529397624738825,0.18164576520209666,9,10.53835372263478,.GGGGGGGGG..,9.0
egr1,1aay,EGR1_MOUSE.H11MO.0.A,1,1aay_state_085_EGR1_MOUSE.H11MO.0.A.npz,state,85.0,9,0.6721151918130034,0.1336570066018289,0.1803372959320943,9,0.6705600554801571,0.16499327744693598,0.21814034455707193,9,12.257039752800646,.GGCGGGGCG..,7.0
egr1,1aay,EGR1_MOUSE.H11MO.0.A,1,1aay_state_086_EGR1_MOUSE.H11MO.0.A.npz,state,86.0,9,0.8493045219488603,0.09555401461289471,0.08112792633555417,9,0.8384076708818738,0.12864980357699096,0.13711032097207243,9,10.77205945183359,.CCGGGGGGG..,7.0
egr1,1aay,EGR1_MOUSE.H11MO.0.A,1,1aay_state_087_EGR1_MOUSE.H11MO.0.A.npz,state,87.0,9,0.573882612713019,0.19119080088502313,0.22000825627787088,9,0.6066751769689995,0.19873066040842483,0.2564620850086889,9,8.00168780561628,.CCAGGCGGG..,5.0
egr1,1aay,EGR1_MOUSE.H11MO.0.A,1,1aay_state_088_EGR1_MOUSE.H11MO.0.A.npz,state,88.0,9,0.6306094564883091,0.17716343439274673,0.1865926924200652,9,0.5801503716691037,0.19593854586128145,0.26498722721863255,9,8.319112731829675,.GCCGGGGGC..,6.0
egr1,1aay,EGR1_MOUSE.H11MO.0.A,1,1aay_state_089_EGR1_MOUSE.H11MO.0.A.npz,state,89.0,9,0.9032042232314762,0.114275584518004,0.08266698845308758,9,0.8297867693882477,0.1471339889556273,0.16912378847784074,9,7.794722763461421,.GGGGGGGGG..,9.0
egr1,1aay,EGR1_MOUSE.H11MO.0.A,1,1aay_state_090_EGR1_MOUSE.H11MO.0.A.npz,state,90.0,9,0.4185491432432497,0.23123222433948992,0.29044138183159907,9,0.5846208645224213,0.18702581921954536,0.2495000363586488,9,9.029566654227892,.CCGGGCCCG..,4.0
egr1,1aay,EGR1_MOUSE.H11MO.0.A,1,1aay_state_091_EGR1_MOUSE.H11MO.0.A.npz,state,91.0,9,0.654605939596962,0.16419501134078018,0.18329230996983603,9,0.6649124694272469,0.17106815950117177,0.21348285228318106,9,8.7426513426612,.GCAGGGAGG..,6.0
egr1,1aay,EGR1_MOUSE.H11MO.0.A,1,1aay_state_092_EGR1_MOUSE.H11MO.0.A.npz,state,92.0,9,0.6326672175888288,0.1661249321413278,0.19217544411583778,9,0.8089884738734081,0.11717634547191362,0.14007773405446555,9,10.782855942765979,.CCGTGGGCG..,5.0
egr1,1aay,EGR1_MOUSE.H11MO.0.A,1,1aay_state_093_EGR1_MOUSE.H11MO.0.A.npz,state,93.0,9,0.5358337911745165,0.18662100538171622,0.23931179689727056,9,0.6326504808517639,0.18218315092316414,0.24522198135553108,9,10.629181112119264,.GCCGGGGCG..,6.0
egr1,1aay,EGR1_MOUSE.H11MO.0.A,1,1aay_state_094_EGR1_MOUSE.H11MO.0.A.npz,state,94.0,7,0.9383557930094834,0.08537717236322351,0.05793329239373531,7,0.8015459370729929,0.1506527944168608,0.15895524559314866,7,7.464253756263857,.GGGGGGG....,7.0
egr1,1aay,EGR1_MOUSE.H11MO.0.A,1,1aay_state_095_EGR1_MOUSE.H11MO.0.A.npz,state,95.0,9,0.9480173888497347,0.06175177354048679,0.040948829550040027,9,0.785437743876752,0.13191477905396218,0.17037605928993915,9,11.717633693295541,.GCGGGGGGG..,8.0
egr1,1aay,EGR1_MOUSE.H11MO.0.A,1,1aay_state_096_EGR1_MOUSE.H11MO.0.A.npz,state,96.0,9,0.7654520007534021,0.13371851405503954,0.14169592902076844,9,0.6775576060098513,0.17874665720672864,0.21747259460841162,9,9.209909833756882,.GCGGGGGGG..,8.0
egr1,1aay,EGR1_MOUSE.H11MO.0.A,1,1aay_state_097_EGR1_MOUSE.H11MO.0.A.npz,state,97.0,7,0.8893221838414149,0.07231915624080491,0.06842443862540562,7,0.7194648289359366,0.1488387708294405,0.18751413732757366,7,9.200882748672576,.GGAGGGG....,6.0
egr1,1aay,EGR1_MOUSE.H11MO.0.A,1,1aay_state_098_EGR1_MOUSE.H11MO.0.A.npz,state,98.0,9,0.7467162894901558,0.13331439958872376,0.15162072525031378,9,0.6141409439043,0.19254353625648138,0.2572349223184254,9,9.15672182133236,.GGAGGGGGG..,8.0
egr1,1aay,EGR1_MOUSE.H11MO.0.A,1,ENSEMBLE_MEAN,ensemble_mean,,9,0.8702132499441135,0.12474141282208026,0.0917046555097426,9,0.8520220359914564,0.14854247242413426,0.15651002138442993,9,7.097085711014676,.GCGGGGGCG..,7.0
egr1,1aay,EGR1_MOUSE.H11MO.0.A,2,1aay_A_EGR1_MOUSE.H11MO.0.A.npz,crystal,,9,0.9999999999999999,0.0,0.0,9,0.8264731713511438,0.12052660215300016,0.11086228889507088,9,10.782789084270723,.GTGTAGGTG..,
egr1,1aay,EGR1_MOUSE.H11MO.0.A,2,1aay_state_001_EGR1_MOUSE.H11MO.0.A.npz,state,1.0,9,0.6758445579391879,0.15296447206815678,0.15987787425539335,9,0.8455937455463751,0.11784867381599422,0.11873693973981453,9,9.649063119124374,.GCCGGGGTG..,5.0
egr1,1aay,EGR1_MOUSE.H11MO.0.A,2,1aay_state_002_EGR1_MOUSE.H11MO.0.A.npz,state,2.0,9,0.5332639353575976,0.19596681718232706,0.2257428251875028,9,0.746081514958981,0.13846947082007924,0.17240625841914692,9,9.2509778849559,.GCCGGGTCG..,3.0
egr1,1aay,EGR1_MOUSE.H11MO.0.A,2,1aay_state_005_EGR1_MOUSE.H11MO.0.A.npz,state,5.0,9,0.5422654965229056,0.19935619598497092,0.23284641704678155,9,0.5570017770964854,0.21558492982553112,0.2726425864902755,9,6.877166293996622,.GCATTGTTG..,5.0
egr1,1aay,EGR1_MOUSE.H11MO.0.A,2,1aay_state_006_EGR1_MOUSE.H11MO.0.A.npz,state,6.0,9,0.30226015584313964,0.25620958158186924,0.3106429297649072,9,0.5290643115938166,0.2000021190291995,0.2593601622884365,9,8.152741923206971,.GCCGGGTCG..,3.0
egr1,1aay,EGR1_MOUSE.H11MO.0.A,2,1aay_state_007_EGR1_MOUSE.H11MO.0.A.npz,state,7.0,9,0.5279260436478714,0.207875514082035,0.22061883254093237,9,0.7640361568449306,0.14469217370626414,0.15095760672914735,9,8.82054220961868,.GCCGGGGCG..,4.0
egr1,1aay,EGR1_MOUSE.H11MO.0.A,2,1aay_state_008_EGR1_MOUSE.H11MO.0.A.npz,state,8.0,9,0.4991897170509184,0.21388270290642847,0.2476966296200748,9,0.7467503801386558,0.14406100752724646,0.15883824291385878,9,10.331668388137569,.GCCGGGGCG..,4.0
egr1,1aay,EGR1_MOUSE.H11MO.0.A,2,1aay_state_009_EGR1_MOUSE.H11MO.0.A.npz,state,9.0,9,0.727591869882038,0.1406251598244934,0.14654620003393848,9,0.8084279962848591,0.14493762009402011,0.1400494564825295,9,9.537393478505415,.GTGGGGGCG..,6.0
egr1,1aay,EGR1_MOUSE.H11MO.0.A,2,1aay_state_010_EGR1_MOUSE.H11MO.0.A.npz,state,10.0,9,0.5981094844270678,0.18996791150857462,0.20830433830646988,9,0.8567579931045245,0.10696244438683304,0.11358593584171918,9,9.893404155481766,.GCGGGTGCG..,4.0
egr1,1aay,EGR1_MOUSE.H11MO.0.A,2,1aay_state_011_EGR1_MOUSE.H11MO.0.A.npz,state,11.0,9,0.7052091766740701,0.15023885304092094,0.15473811023455075,9,0.8526948169949198,0.12547681003343314,0.12249389697114149,9,9.134333483620697,.GTGGGGGCG..,6.0
egr1,1aay,EGR1_MOUSE.H11MO.0.A,2,1aay_state_012_EGR1_MOUSE.H11MO.0.A.npz,state,12.0,9,0.5299757916291106,0.188176288721378,0.2343843406408896,9,0.7107830177067178,0.14284377802202167,0.17470804749917065,9,9.769277031271253,.GTGGGGTCG..,5.0
egr1,1aay,EGR1_MOUSE.H11MO.0.A,2,1aay_state_013_EGR1_MOUSE.H11MO.0.A.npz,state,13.0,9,0.48608477350780516,0.21497212578591038,0.2671663316730156,9,0.5496854551748691,0.20780766163887973,0.26209122450941486,9,9.915786564996292,.GTATGGTCG..,5.0
egr1,1aay,EGR1_MOUSE.H11MO.0.A,2,1aay_state_014_EGR1_MOUSE.H11MO.0.A.npz,state,14.0,9,0.5967479879576634,0.17850390504706107,0.20759262534549303,9,0.4955574074733795,0.22518944863501625,0.27957246778413447,9,10.863343053839078,.GCCTAGATG..,6.0
egr1,1aay,EGR1_MOUSE.H11MO.0.A,2,1aay_state_016_EGR1_MOUSE.H11MO.0.A.npz,state,16.0,7,0.24032644057268152,0.2794039364868825,0.3326850728950682,7,0.5115114223788692,0.22598193100254452,0.2963164503735637,7,4.460204095361992,.GCATGTG....,3.0
egr1,1aay,EGR1_MOUSE.H11MO.0.A,2,1aay_state_017_EGR1_MOUSE.H11MO.0.A.npz,state,17.0,7,0.318126833456921,0.23113415172701934,0.284504631942535,7,0.14007018511327846,0.2968353539139831,0.40471129279607176,7,4.796836403010593,.TCCTAAG....,3.0
egr1,1aay,EGR1_MOUSE.H11MO.0.A,2,1aay_state_018_EGR1_MOUSE.H11MO.0.A.npz,state,18.0,9,0.4065657169776252,0.2261661088325329,0.2623480516902955,9,0.5456257107295647,0.217728099734005,0.24676063804883444,9,7.115123259807467,.ACCGAGGTG..,5.0
egr1,1aay,EGR1_MOUSE.H11MO.0.A,2,1aay_state_019_EGR1_MOUSE.H11MO.0.A.npz,state,19.0,9,0.6471288714982174,0.15553186259219526,0.17692352298058045,9,0.695540648521396,0.1428740490155178,0.18574734289681427,9,9.25936214388738,.GCCTGGGTG..,6.0
egr1,1aay,EGR1_MOUSE.H11MO.0.A,2,1aay_state_020_EGR1_MOUSE.H11MO.0.A.npz,state,20.0,9,0.3479700252785011,0.24083805819504456,0.28080575221853327,9,0.5933065990019485,0.19190271540557863,0.2270390170560159,9,7.705836598061051,.GCGGGTGCC..,3.0
egr1,1aay,EGR1_MOUSE.H11MO.0.A,2,1aay_state_021_EGR1_MOUSE.H11MO.0.A.npz,state,21.0,9,0.5973310811678966,0.17802774927097037,0.1865231258412311,9,0.7071866764459344,0.1560676380371054,0.18030310167362956,9,8.117136678794422,.GCCGGGATG..,4.0
egr1,1aay,EGR1_MOUSE.H11MO.0.A,2,1aay_state_022_EGR1_MOUSE.H11MO.0.A.npz,state,22.0,9,0.27835187511884435,0.273306675283594,0.3399192366970941,9,0.5858418314776109,0.1903994935305996,0.2439060464816843,9,9.21032147493128,.GCCGGGACG..,3.0
egr1,1aay,EGR1_MOUSE.H11MO.0.A,2,1aay_state_023_EGR1_MOUSE.H11MO.0.A.npz,state,23.0,9,0.45217824791398986,0.21155543634005072,0.2550038346934854,9,0.5665347575350849,0.18939678012005365,0.25115684319440246,9,8.61350371103659,.GCCAGGATG..,4.0
egr1,1aay,EGR1_MOUSE.H11MO.0.A,2,1aay_state_024_EGR1_MOUSE.H11MO.0.A.npz,state,24.0,9,0.6548487761496368,0.1738221033034885,0.17948988804945595,9,0.8905798628534428,0.0964917986550265,0.09546360824512218,9,9.947838802427597,.GCGGGGACG..,4.0
egr1,1aay,EGR1_MOUSE.H11MO.0.A,2,1aay_state_025_EGR1_MOUSE.H11MO.0.A.npz,state,25.0,9,0.9308629121304807,0.06487671793487,0.041118091574242364,9,0.7134032485011164,0.15239726085565053,0.16774122146783213,9,9.338455745707638,.GTCTAGGTG..,8.0
egr1,1aay,EGR1_MOUSE.H11MO.0.A,2,1aay_state_026_EGR1_MOUSE.H11MO.0.A.npz,state,26.0,9,0.6161972846723134,0.1717747822492836,0.18770906196456372,9,0.6680573733560013,0.15848755394755346,0.21361491771522334,9,9.965554940149365,.GCCAGGGCG..,4.0
egr1,1aay,EGR1_MOUSE.H11MO.0.A,2,1aay_state_027_EGR1_MOUSE.H11MO.0.A.npz,state,27.0,9,0.15292028522355916,0.2936460148678937,0.422619563649736,9,0.2970847602818007,0.25086391260507906,0.407814823193406,9,10.033574176569124,.GCAAGTACG..,2.0
egr1,1aay,EGR1_MOUSE.H11MO.0.A,2,1aay_state_028_EGR1_MOUSE.H11MO.0.A.npz,state,28.0,7,0.06842449864766192,0.31182146824409884,0.4250806360015074,7,0.16706164019105538,0.2999804835833077,0.4306096725543675,7,6.993598696161737,.GCCGAAC....,2.0
egr1,1aay,EGR1_MOUSE.H11MO.0.A,2,1aay_state_029_EGR1_MOUSE.H11MO.0.A.npz,state,29.0,9,0.4892861830678021,0.217888276476717,0.2448058520851822,9,0.6521784517708359,0.17691476858453825,0.2117996810099384,9,8.481697150198704,.GTCGGTGCG..,4.0
egr1,1aay,EGR1_MOUSE.H11MO.0.A,2,1aay_state_030_EGR1_MOUSE.H11MO.0.A.npz,state,30.0,7,0.7393175512395407,0.16505808800656854,0.17365052324897107,7,0.4019756702755718,0.24499001691270092,0.3462705323556743,7,7.64781352504536,.GTGTAAG....,6.0
egr1,1aay,EGR1_MOUSE.H11MO.0.A,2,1aay_state_031_EGR1_MOUSE.H11MO.0.A.npz,state,31.0,9,0.1645857648097957,0.27265596730709757,0.3565766284702923,9,0.33793852145056,0.24536466681800245,0.3380016111077052,9,7.929562294798628,.ACAGATGCC..,2.0
egr1,1aay,EGR1_MOUSE.H11MO.0.A,2,1aay_state_032_EGR1_MOUSE.H11MO.0.A.npz,state,32.0,9,0.7791945204227473,0.12894558104178738,0.1115607654791688,9,0.898512222329818,0.10482353213269056,0.09164163876288983,9,9.114117944411122,.GCGGGGGTG..,6.0
egr1,1aay,EGR1_MOUSE.H11MO.0.A,2,1aay_state_033_EGR1_MOUSE.H11MO.0.A.npz,state,33.0,9,0.8233239035798655,0.11124839101183978,0.09618685266929448,9,0.7118456001277773,0.17522030872351024,0.18895321372716398,9,7.672448877581119,.GCGTAGGGC..,6.0
egr1,1aay,EGR1_MOUSE.H11MO.0.A,2,1aay_state_034_EGR1_MOUSE.H11MO.0.A.npz,state,34.0,9,0.4607599789263749,0.2202270044907496,0.2499898042822677,9,0.6270024475187905,0.19041251004468307,0.21521202894393796,9,7.61519935618352,.GCCGAGAAG..,4.0
egr1,1aay,EGR1_MOUSE.H11MO.0.A,2,1aay_state_036_EGR1_MOUSE.H11MO.0.A.npz,state,36.0,9,0.7056065970099787,0.1642893428320854,0.15747298511513505,9,0.9126275633524072,0.10142336294747009,0.08017604832534583,9,10.270851216706589,.GCGGGGGCG..,5.0
egr1,1aay,EGR1_MOUSE.H11MO.0.A,2,1aay_state_037_EGR1_MOUSE.H11MO.0.A.npz,state,37.0,9,0.6819253470755582,0.16970416680608955,0.1671129940013741,9,0.7641285698440634,0.15563343847558522,0.16597780499020873,9,10.113204197380677,.GCCTGGGCG..,5.0
egr1,1aay,EGR1_MOUSE.H11MO.0.A,2,1aay_state_038_EGR1_MOUSE.H11MO.0.A.npz,state,38.0,7,0.16857516890522023,0.27951026867439005,0.39357310519705446,7,0.3878852019227162,0.254587612875704,0.3325362501319944,7,7.227813179157156,.ATGGGAC....,2.0
egr1,1aay,EGR1_MOUSE.H11MO.0.A,2,1aay_state_039_EGR1_MOUSE.H11MO.0.A.npz,state,39.0,9,0.4615730291359129,0.21966632558340077,0.26616662523053125,9,0.6589015814084896,0.19785348965928684,0.2153015860261318,9,8.739666269606847,.GTGGGTGCG..,5.0
egr1,1aay,EGR1_MOUSE.H11MO.0.A,2,1aay_state_040_EGR1_MOUSE.H11MO.0.A.npz,state,40.0,9,0.8267597884892212,0.12067991459948896,0.10171894075975699,9,0.8489747395662992,0.1276736465169582,0.1355861157726017,9,8.610658201312773,.GCGTGGGGG..,6.0
egr1,1aay,EGR1_MOUSE.H11MO.0.A,2,1aay_state_041_EGR1_MOUSE.H11MO.0.A.npz,state,41.0,9,0.44673421321017276,0.21132629798618532,0.2552530919950196,9,0.42656030664247485,0.22991434127389868,0.3008720036782916,9,6.723699446895191,.ACGTTGTCG..,4.0
egr1,1aay,EGR1_MOUSE.H11MO.0.A,2,1aay_state_042_EGR1_MOUSE.H11MO.0.A.npz,state,42.0,9,0.7296491815852739,0.14417248986056722,0.14919805535483396,9,0.6628030436541291,0.1626410938640927,0.20474511404394324,9,10.051655945948648,.GCGTAGTCG..,6.0
egr1,1aay,EGR1_MOUSE.H11MO.0.A,2,1aay_state_043_EGR1_MOUSE.H11MO.0.A.npz,state,43.0,9,0.7551630299092961,0.11977588635232274,0.12694697057874738,9,0.7068846228721662,0.14894835274511328,0.18051147664626793,9,9.050353411063396,.GTGGAGTCG..,6.0
egr1,1aay,EGR1_MOUSE.H11MO.0.A,2,1aay_state_044_EGR1_MOUSE.H11MO.0.A.npz,state,44.0,7,0.04632684190581931,0.29775495612973046,0.41921426878966667,7,0.17396675668093844,0.2884583902778104,0.4156989595347817,7,6.643912980192871,.GCGGAAC....,3.0
egr1,1aay,EGR1_MOUSE.H11MO.0.A,2,1aay_state_045_EGR1_MOUSE.H11MO.0.A.npz,state,45.0,9,-0.008426763741762766,0.33349522961442646,0.4416757113763938,9,0.15646837579253597,0.3208962070186519,0.44457441831203454,9,6.416242458637563,.ACCTGTTCC..,1.0
egr1,1aay,EGR1_MOUSE.H11MO.0.A,2,1aay_state_046_EGR1_MOUSE.H11MO.0.A.npz,state,46.0,9,0.6277292136085374,0.17744893059635716,0.18922214754900585,9,0.878073244883229,0.09712090825067005,0.09635350346591426,9,10.492381435964614,.GCCGGGGCG..,4.0
egr1,1aay,EGR1_MOUSE.H11MO.0.A,2,1aay_state_047_EGR1_MOUSE.H11MO.0.A.npz,state,47.0,9,0.6897241776753079,0.17285040728731677,0.16465349429796494,9,0.7452311074271916,0.1606011329891367,0.17218092240679386,9,8.01620484614404,.GCGGTGGTG..,6.0
egr1,1aay,EGR1_MOUSE.H11MO.0.A,2,1aay_state_048_EGR1_MOUSE.H11MO.0.A.npz,state,48.0,9,0.4568640749692576,0.21232177040656097,0.27690474408397,9,0.6304180718175905,0.17660130278495167,0.22884597841282428,9,11.110542004103683,.GTAGGGTCG..,4.0
egr1,1aay,EGR1_MOUSE.H11MO.0.A,2,1aay_state_049_EGR1_MOUSE.H11MO.0.A.npz,state,49.0,7,0.04836509193158646,0.3098854611525894,0.44100412242053544,7,-0.011224584683900397,0.3321958513863917,0.5366411053637475,7,8.10107134618125,.GCAAAAC....,2.0
egr1,1aay,EGR1_MOUSE.H11MO.0.A,2,1aay_state_050_EGR1_MOUSE.H11MO.0.A.npz,state,50.0,9,0.7087071325162394,0.1623872991096707,0.17278612769762272,9,0.8000889433900895,0.1376796566619305,0.14545904610436666,9,9.846435060432075,.GCGTTGGCG..,6.0
egr1,1aay,EGR1_MOUSE.H11MO.0.A,2,1aay_state_051_EGR1_MOUSE.H11MO.0.A.npz,state,51.0,9,0.6204428531189037,0.17157540452414347,0.1935253663320308,9,0.8368504882546515,0.11177474035341423,0.12224136673759525,9,10.551009839591254,.GCAGGGGCG..,4.0
egr1,1aay,EGR1_MOUSE.H11MO.0.A,2,1aay_state_052_EGR1_MOUSE.H11MO.0.A.npz,state,52.0,9,0.6490400709064371,0.19091542743343679,0.2073786202986295,9,0.7185684343780135,0.17124450085975695,0.19773803356650765,9,9.957215891160589,.GCGTTTGCG..,5.0
egr1,1aay,EGR1_MOUSE.H11MO.0.A,2,1aay_state_053_EGR1_MOUSE.H11MO.0.A.npz,state,53.0,9,0.6041250882324063,0.18020472779284724,0.198735223534233,9,0.673845567905288,0.1809729638302492,0.19382610451363524,9,9.2771377921109,.GTGGGGGTA..,6.0
egr1,1aay,EGR1_MOUSE.H11MO.0.A,2,1aay_state_054_EGR1_MOUSE.H11MO.0.A.npz,state,54.0,9,0.6283240354973204,0.18543198375118664,0.18601422534559123,9,0.8668069305219118,0.11425254966080603,0.11597260461918463,9,9.120431103360362,.GCGGGGTCG..,4.0
egr1,1aay,EGR1_MOUSE.H11MO.0.A,2,1aay_state_055_EGR1_MOUSE.H11MO.0.A.npz,state,55.0,9,0.24262469880290433,0.2748615616025442,0.3457153460035694,9,0.34907809498191894,0.26267019793805146,0.36500076756653804,9,6.9867872453270135,.GCCAACACG..,3.0
egr1,1aay,EGR1_MOUSE.H11MO.0.A,2,1aay_state_056_EGR1_MOUSE.H11MO.0.A.npz,state,56.0,9,0.9066959641450872,0.0909145666236226,0.06563319315059771,9,0.673402867856006,0.17299338707137699,0.1918624065559798,9,8.157053971613674,.GCGTAGGTG..,8.0
egr1,1aay,EGR1_MOUSE.H11MO.0.A,2,1aay_state_057_EGR1_MOUSE.H11MO.0.A.npz,state,57.0,7,0.22801191030542722,0.2867831534146847,0.3868010689066919,7,0.407265824299487,0.22933183416275174,0.3647054460914138,7,7.655058540894059,.GCCAGGG....,3.0
egr1,1aay,EGR1_MOUSE.H11MO.0.A,2,1aay_state_058_EGR1_MOUSE.H11MO.0.A.npz,state,58.0,9,0.3652846646312965,0.24531543405141243,0.28329035003804176,9,0.6664412808487996,0.1943938061594963,0.20775247257171575,9,7.157914202778553,.ATGGGGTCG..,4.0
egr1,1aay,EGR1_MOUSE.H11MO.0.A,2,1aay_state_059_EGR1_MOUSE.H11MO.0.A.npz,state,59.0,9,0.6576789639229608,0.1405941730085437,0.155449371665468,9,0.6754043911545433,0.14588986765657966,0.1925260303546949,9,8.620741216174782,.GCGTATGCG..,6.0
egr1,1aay,EGR1_MOUSE.H11MO.0.A,2,1aay_state_060_EGR1_MOUSE.H11MO.0.A.npz,state,60.0,9,0.16913046038567295,0.3040018785775626,0.41343874682609716,9,0.3223975702008818,0.2684571135614533,0.3803339565611525,9,10.443618319565589,.ACCTGCCCG..,2.0
egr1,1aay,EGR1_MOUSE.H11MO.0.A,2,1aay_state_061_EGR1_MOUSE.H11MO.0.A.npz,state,61.0,9,0.193354283495826,0.2700119076786602,0.31549558077530626,9,0.36511427638557586,0.25531449091310304,0.3208941567786698,9,4.956288377648322,.ACGGATACT..,2.0
egr1,1aay,EGR1_MOUSE.H11MO.0.A,2,1aay_state_062_EGR1_MOUSE.H11MO.0.A.npz,state,62.0,9,0.662197640410566,0.17166869692462366,0.17040623416266712,9,0.775020977282698,0.134130587885415,0.15290046711918237,9,8.748478992770773,.GCCGAGGCG..,5.0
egr1,1aay,EGR1_MOUSE.H11MO.0.A,2,1aay_state_063_EGR1_MOUSE.H11MO.0.A.npz,state,63.0,9,0.5635205106340613,0.17477005186164105,0.1994861129163305,9,0.6460366456420766,0.17856533749727532,0.20946156774110664,9,7.576695392704898,.GCGTGTATG..,5.0
egr1,1aay,EGR1_MOUSE.H11MO.0.A,2,1aay_state_064_EGR1_MOUSE.H11MO.0.A.npz,state,64.0,9,0.5374373891527399,0.19181083943759505,0.21839053277352669,9,0.6605609289275629,0.18518065891354732,0.2145103382207717,9,7.435217415832111,.GTCGGGTTG..,5.0
egr1,1aay,EGR1_MOUSE.H11MO.0.A,2,1aay_state_065_EGR1_MOUSE.H11MO.0.A.npz,state,65.0,6,0.41224848727216845,0.24662608768138247,0.3435723375348629,6,0.7262188179234453,0.14535590960205505,0.2095993676838548,6,8.765245357539015,....GGGTCG..,2.0
egr1,1aay,EGR1_MOUSE.H11MO.0.A,2,1aay_state_066_EGR1_MOUSE.H11MO.0.A.npz,state,66.0,9,0.6409723194220002,0.16739057688957676,0.18047064818674902,9,0.8407427115035713,0.1257404999859217,0.12276410476858225,9,9.735998464575918,.GTCGGGGCG..,5.0
egr1,1aay,EGR1_MOUSE.H11MO.0.A,2,1aay_state_067_EGR1_MOUSE.H11MO.0.A.npz,state,67.0,9,0.5747170454422275,0.19228636634054258,0.22239519589020043,9,0.7831134311646221,0.15052948304865924,0.16297059569688996,9,10.545717906555353,.GCCGGGGCG..,4.0
egr1,1aay,EGR1_MOUSE.H11MO.0.A,2,1aay_state_068_EGR1_MOUSE.H11MO.0.A.npz,state,68.0,9,0.45859294170468806,0.20764163012548428,0.2619905145539099,9,0.4415934501877485,0.2204573780246493,0.3157442721174146,9,10.243728467096599,.GCCAGGTTG..,4.0
egr1,1aay,EGR1_MOUSE.H11MO.0.A,2,1aay_state_071_EGR1_MOUSE.H11MO.0.A.npz,state,71.0,9,0.6091043324799927,0.1764441662000738,0.19265926971199454,9,0.7746257690962365,0.12202450207486334,0.1528546391271716,9,10.28202893010339,.GCCGGGGCG..,4.0
egr1,1aay,EGR1_MOUSE.H11MO.0.A,2,1aay_state_073_EGR1_MOUSE.H11MO.0.A.npz,state,73.0,9,0.4038397531775481,0.24418635001011857,0.29583361120396184,9,0.6480968139106446,0.17860699528937907,0.21361284737159358,9,10.089983501535169,.ACCGGGGCG..,3.0
egr1,1aay,EGR1_MOUSE.H11MO.0.A,2,1aay_state_074_EGR1_MOUSE.H11MO.0.A.npz,state,74.0,9,0.6370912861539383,0.167647648100683,0.2023342703735208,9,0.7817033939722616,0.1456132271171858,0.16020847919533146,9,10.754445272348772,.GTGGGGTCG..,5.0
egr1,1aay,EGR1_MOUSE.H11MO.0.A,2,1aay_state_075_EGR1_MOUSE.H11MO.0.A.npz,state,75.0,9,0.9008489221344979,0.07184773365588626,0.0620517864864795,9,0.7911905376939683,0.14686428331252602,0.15031488032656393,9,7.83601812067577,.GTGTGGTTG..,7.0
egr1,1aay,EGR1_MOUSE.H11MO.0.A,2,1aay_state_076_EGR1_MOUSE.H11MO.0.A.npz,state,76.0,9,0.7133116130476391,0.1299023444322908,0.14790804616537798,9,0.6656596497414128,0.16155822194802263,0.20245701392978127,9,11.746229522032511,.GCATAGGTG..,7.0
egr1,1aay,EGR1_MOUSE.H11MO.0.A,2,1aay_state_077_EGR1_MOUSE.H11MO.0.A.npz,state,77.0,9,0.8745461962407198,0.10238718439925126,0.07632562131306536,9,0.7893370411216079,0.13556853697001417,0.15073856277227898,9,8.878536370821186,.GCGTAGGCG..,7.0
egr1,1aay,EGR1_MOUSE.H11MO.0.A,2,1aay_state_078_EGR1_MOUSE.H11MO.0.A.npz,state,78.0,9,0.4089180366230853,0.21518042352706995,0.2752741254786859,9,0.3734534250496576,0.2534568265804814,0.34124137666640597,9,8.961665146973537,.CCCTATGTG..,5.0
egr1,1aay,EGR1_MOUSE.H11MO.0.A,2,1aay_state_079_EGR1_MOUSE.H11MO.0.A.npz,state,79.0,6,0.02669676836424525,0.3504879164155075,0.5134182892845386,6,0.4383416096815263,0.22716146897482759,0.3478112347291873,6,8.150837701128733,.GCAGGA.....,1.0
egr1,1aay,EGR1_MOUSE.H11MO.0.A,2,1aay_state_080_EGR1_MOUSE.H11MO.0.A.npz,state,80.0,9,0.6703163956578518,0.15820432113105198,0.17022660260707523,9,0.60905058917595,0.1594095949290527,0.22999769520408744,9,11.609323381650057,.GCCTAGGCG..,6.0
egr1,1aay,EGR1_MOUSE.H11MO.0.A,2,1aay_state_081_EGR1_MOUSE.H11MO.0.A.npz,state,81.0,9,0.6271054403459264,0.17339108047680282,0.18676912127823464,9,0.8115079539090718,0.13157810835400596,0.1308515466549817,9,10.041766205000155,.GCGGGGACG..,4.0
egr1,1aay,EGR1_MOUSE.H11MO.0.A,2,1aay_state_083_EGR1_MOUSE.H11MO.0.A.npz,state,83.0,9,0.5861010385086476,0.16520410163906896,0.190548601634574,9,0.34503875698011605,0.24480737279453832,0.33845128723328965,9,8.82168188621193,.GTAAATGTG..,6.0
egr1,1aay,EGR1_MOUSE.H11MO.0.A,2,1aay_state_084_EGR1_MOUSE.H11MO.0.A.npz,state,84.0,9,0.8677009010573391,0.09868619645567378,0.07465379484470142,9,0.8057566155172212,0.1522773219169014,0.14816376241407764,9,7.511961266710112,.GTGTAGGCG..,8.0
egr1,1aay,EGR1_MOUSE.H11MO.0.A,2,1aay_state_085_EGR1_MOUSE.H11MO.0.A.npz,state,85.0,9,0.4884871463358239,0.2154060789285318,0.24683916273713397,9,0.6753705038367194,0.16244850070668487,0.2068331329606862,9,9.090926312938642,.GCCGGGGCG..,4.0
egr1,1aay,EGR1_MOUSE.H11MO.0.A,2,1aay_state_086_EGR1_MOUSE.H11MO.0.A.npz,state,86.0,9,0.52288868569048,0.21251921415791408,0.25422644368990643,9,0.8302842979680437,0.12772120589377461,0.12824669188622376,9,11.295236292733556,.GCGGGGACG..,4.0
egr1,1aay,EGR1_MOUSE.H11MO.0.A,2,1aay_state_087_EGR1_MOUSE.H11MO.0.A.npz,state,87.0,9,0.5380092825366161,0.2052093994142423,0.23306217456830255,9,0.6193373132843691,0.19181379210850638,0.23392304380547305,9,9.237551515542544,.GCATGTGTG..,5.0
egr1,1aay,EGR1_MOUSE.H11MO.0.A,2,1aay_state_088_EGR1_MOUSE.H11MO.0.A.npz,state,88.0,9,0.5413594776840867,0.20046352400014358,0.20519704362897778,9,0.3610035361634164,0.25630589643131113,0.32984757992412317,9,5.368363273508164,.ATACAGGCG..,5.0
egr1,1aay,EGR1_MOUSE.H11MO.0.A,2,1aay_state_089_EGR1_MOUSE.H11MO.0.A.npz,state,89.0,9,0.7776712300077856,0.1467060301373648,0.13052486917395234,9,0.8487847506746038,0.15606773344592917,0.14713918354454708,9,6.348120781015112,.GCGTGGGTG..,7.0
egr1,1aay,EGR1_MOUSE.H11MO.0.A,2,1aay_state_090_EGR1_MOUSE.H11MO.0.A.npz,state,90.0,9,0.5397105048028864,0.2129711645158952,0.24661571912574276,9,0.6267995902350729,0.1919142452873833,0.2438619855714831,9,9.283740943806965,.GCGGAGCCG..,5.0
egr1,1aay,EGR1_MOUSE.H11MO.0.A,2,1aay_state_091_EGR1_MOUSE.H11MO.0.A.npz,state,91.0,9,0.603776256230243,0.1661694811280338,0.19922658926400644,9,0.5378046462079156,0.21191429300880474,0.282488019843944,9,8.516559189566049,.GCCTAGTTG..,6.0
egr1,1aay,EGR1_MOUSE.H11MO.0.A,2,1aay_state_092_EGR1_MOUSE.H11MO.0.A.npz,state,92.0,9,0.5914587443799945,0.19430939789728857,0.21681843793054525,9,0.6298266208657595,0.20403669442425276,0.23335227847465845,9,9.75774321349039,.CCCTAGGCG..,5.0
egr1,1aay,EGR1_MOUSE.H11MO.0.A,2,1aay_state_093_EGR1_MOUSE.H11MO.0.A.npz,state,93.0,9,0.3419754480490949,0.25252209389469094,0.30943517510956603,9,0.6156214438501888,0.18035517354696318,0.222752061577066,9,9.372983013304069,.GCCGGGGCA..,3.0
egr1,1aay,EGR1_MOUSE.H11MO.0.A,2,1aay_state_094_EGR1_MOUSE.H11MO.0.A.npz,state,94.0,7,0.11914873536739896,0.2677680600931386,0.32880520245102113,7,0.22408082193824136,0.26606103910931517,0.3606690878165798,7,3.4957461699119303,.GCCTGAC....,2.0
egr1,1aay,EGR1_MOUSE.H11MO.0.A,2,1aay_state_095_EGR1_MOUSE.H11MO.0.A.npz,state,95.0,9,0.7092392471548564,0.1549852129270827,0.16666882971432598,9,0.7829611898818545,0.15021708726029223,0.14670633096890737,9,10.147028503669066,.GTGGGGGTG..,7.0
egr1,1aay,EGR1_MOUSE.H11MO.0.A,2,1aay_state_096_EGR1_MOUSE.H11MO.0.A.npz,state,96.0,9,0.49795563371775325,0.20976164922144058,0.24591085928489084,9,0.7380570447622373,0.15466524129038184,0.17579437486879815,9,8.57640539567213,.GCAGGTGCG..,3.0
egr1,1aay,EGR1_MOUSE.H11MO.0.A,2,1aay_state_097_EGR1_MOUSE.H11MO.0.A.npz,state,97.0,7,0.20490510932026973,0.2725320827978846,0.35580301381863466,7,-0.006640369950339048,0.34610266614306184,0.5292214890860489,7,6.6808319541580525,.GGAAAAC....,2.0
egr1,1aay,EGR1_MOUSE.H11MO.0.A,2,1aay_state_098_EGR1_MOUSE.H11MO.0.A.npz,state,98.0,9,0.6545489680350564,0.15547830509846486,0.1656554414842671,9,0.7481585885162662,0.1326010281239481,0.1482160520332956,9,9.461335108078321,.GTATGGGCG..,6.0
egr1,1aay,EGR1_MOUSE.H11MO.0.A,2,ENSEMBLE_MEAN,ensemble_mean,,9,0.7578204939868521,0.17406170875884178,0.13827214310271843,9,0.8922632486688643,0.14408801861170734,0.14735941294230392,9,4.696297171996189,.GCGGGGGCG..,5.0
egr1,1aay,EGR1_MOUSE.H11MO.0.A,3,1aay_A_EGR1_MOUSE.H11MO.0.A.npz,crystal,,9,1.0,0.0,0.0,9,0.8032699576416477,0.11869355127904176,0.15008350800826312,9,12.99009584347202,.GCAGGGGGG..,
egr1,1aay,EGR1_MOUSE.H11MO.0.A,3,1aay_state_001_EGR1_MOUSE.H11MO.0.A.npz,state,1.0,9,0.7591235604801712,0.12842878968351418,0.16553747832696425,9,0.6105431565563217,0.18206063075518208,0.259608455047337,9,12.019967863734438,.ACCGGGGGG..,7.0
egr1,1aay,EGR1_MOUSE.H11MO.0.A,3,1aay_state_002_EGR1_MOUSE.H11MO.0.A.npz,state,2.0,9,0.7233150077689593,0.1464146282639073,0.17708639198135415,9,0.7408005522365025,0.136284729893709,0.17566998234639145,9,12.240140578430491,.GCCTGGGCG..,6.0
egr1,1aay,EGR1_MOUSE.H11MO.0.A,3,1aay_state_005_EGR1_MOUSE.H11MO.0.A.npz,state,5.0,9,0.7074207841508565,0.14190804944114965,0.17814378163186548,9,0.7741671304332275,0.15382360450570964,0.17977646667407082,9,12.37914612387273,.GCATGGGCG..,7.0
egr1,1aay,EGR1_MOUSE.H11MO.0.A,3,1aay_state_006_EGR1_MOUSE.H11MO.0.A.npz,state,6.0,9,0.5845147683774542,0.19042162738575522,0.255872637727021,9,0.4975625213900844,0.22637489547357997,0.29515079494555485,9,10.072376216748646,.ACCGGTGTG..,5.0
egr1,1aay,EGR1_MOUSE.H11MO.0.A,3,1aay_state_007_EGR1_MOUSE.H11MO.0.A.npz,state,7.0,9,0.6669667219268669,0.1627245188133707,0.20635775906631817,9,0.632256596683984,0.17076490159484414,0.22833806814395016,9,12.574099763165913,.GCCGGTGCG..,6.0
egr1,1aay,EGR1_MOUSE.H11MO.0.A,3,1aay_state_008_EGR1_MOUSE.H11MO.0.A.npz,state,8.0,9,0.6523523510193767,0.16849010519945296,0.22574103567115136,9,0.572773617205808,0.20669036128512946,0.28493049238569096,9,11.940492687605893,.ACCGGAGCG..,5.0
egr1,1aay,EGR1_MOUSE.H11MO.0.A,3,1aay_state_009_EGR1_MOUSE.H11MO.0.A.npz,state,9.0,9,0.6720400728648691,0.16961940420595864,0.2066181383370157,9,0.6647964305227811,0.19197598044128325,0.23407608439167701,9,10.54231894312855,.ACGGGTGCG..,5.0
egr1,1aay,EGR1_MOUSE.H11MO.0.A,3,1aay_state_010_EGR1_MOUSE.H11MO.0.A.npz,state,10.0,9,0.8660673697586138,0.10771412603692927,0.10023083180302399,9,0.7348657268504362,0.17182658459690478,0.20117531423051582,9,10.564058681955037,.ACAGGGGCG..,7.0
egr1,1aay,EGR1_MOUSE.H11MO.0.A,3,1aay_state_011_EGR1_MOUSE.H11MO.0.A.npz,state,11.0,9,0.8188976742639985,0.10757570775316101,0.12221770237085999,9,0.7899919030377606,0.13957395803335101,0.15836016001835945,9,12.732441040610672,.ACCGGGGCG..,6.0
egr1,1aay,EGR1_MOUSE.H11MO.0.A,3,1aay_state_012_EGR1_MOUSE.H11MO.0.A.npz,state,12.0,9,0.5194662733361398,0.21946547252527024,0.29098777250890895,9,0.5297943780999607,0.20834410971615902,0.29130119482920613,9,10.658308058544296,.ACCTGGTCG..,4.0
egr1,1aay,EGR1_MOUSE.H11MO.0.A,3,1aay_state_013_EGR1_MOUSE.H11MO.0.A.npz,state,13.0,9,0.5055465057956035,0.20922475490321327,0.2876216629550067,9,0.4519328124281572,0.23163892364310515,0.3270730088307489,9,11.620569877435209,.ACATGGTCG..,5.0
egr1,1aay,EGR1_MOUSE.H11MO.0.A,3,1aay_state_014_EGR1_MOUSE.H11MO.0.A.npz,state,14.0,9,0.5721633267530261,0.18408167110338683,0.2686109698424837,9,0.6496800400606689,0.17745788104321036,0.2508199226738665,9,13.392567110480716,.CCCTGGGCG..,5.0
egr1,1aay,EGR1_MOUSE.H11MO.0.A,3,1aay_state_016_EGR1_MOUSE.H11MO.0.A.npz,state,16.0,7,0.13152412350905263,0.3137671660338778,0.520580710716093,7,0.1814232585599312,0.3081707129874433,0.4939314147495934,7,9.892646319252757,.ACCTGAT....,2.0
egr1,1aay,EGR1_MOUSE.H11MO.0.A,3,1aay_state_017_EGR1_MOUSE.H11MO.0.A.npz,state,17.0,7,0.4637815069162925,0.21929230185612272,0.30197101687376754,7,0.38021461423143327,0.2542754070600495,0.33774494947998474,7,7.336086115690971,.ACCGGGT....,4.0
egr1,1aay,EGR1_MOUSE.H11MO.0.A,3,1aay_state_018_EGR1_MOUSE.H11MO.0.A.npz,state,18.0,9,0.6901431687888772,0.16046012396287146,0.20970409287845562,9,0.607523611868343,0.196242409339498,0.24460646623397236,9,10.564323274861929,.ACCGGGGTG..,6.0
egr1,1aay,EGR1_MOUSE.H11MO.0.A,3,1aay_state_019_EGR1_MOUSE.H11MO.0.A.npz,state,19.0,9,0.6336806392189761,0.16790583838650897,0.2268896690489578,9,0.6386911544369894,0.17570646866978576,0.2396573481746293,9,11.31285259397626,.GCCTGGGGG..,7.0
egr1,1aay,EGR1_MOUSE.H11MO.0.A,3,1aay_state_020_EGR1_MOUSE.H11MO.0.A.npz,state,20.0,9,0.7445419279126199,0.14264852202824033,0.16215155662047442,9,0.6200891000771614,0.1940884362686322,0.2523927425755415,9,10.175810360623561,.ACCGGGGCG..,6.0
egr1,1aay,EGR1_MOUSE.H11MO.0.A,3,1aay_state_021_EGR1_MOUSE.H11MO.0.A.npz,state,21.0,9,0.7034421789588077,0.1396597804349666,0.16751181823761246,9,0.894270217539895,0.10928475531869077,0.11539041452354575,9,12.623151129127496,.GCGTGGGCG..,6.0
egr1,1aay,EGR1_MOUSE.H11MO.0.A,3,1aay_state_022_EGR1_MOUSE.H11MO.0.A.npz,state,22.0,9,0.567780388480285,0.20405124642760106,0.23797413846907528,9,0.6304795117324618,0.20171318672429253,0.23634756096168708,9,7.861609106694148,.ACCTGGGCG..,5.0
egr1,1aay,EGR1_MOUSE.H11MO.0.A,3,1aay_state_023_EGR1_MOUSE.H11MO.0.A.npz,state,23.0,9,0.7066572293589372,0.14530573859615792,0.19018065873698298,9,0.5452354208670762,0.2131538847107145,0.3003260598555399,9,11.339368751517357,.GCCGGTGGG..,7.0
egr1,1aay,EGR1_MOUSE.H11MO.0.A,3,1aay_state_024_EGR1_MOUSE.H11MO.0.A.npz,state,24.0,9,0.6294013584500062,0.16900727896649592,0.22430045498692788,9,0.7985252829412267,0.13700384543477007,0.14706428056057744,9,10.980213207996119,.TCCTGGGCG..,5.0
egr1,1aay,EGR1_MOUSE.H11MO.0.A,3,1aay_state_025_EGR1_MOUSE.H11MO.0.A.npz,state,25.0,9,0.7928203097097735,0.11387906255630595,0.12049159712647065,9,0.6635958432280318,0.17263869154137662,0.227410704265262,9,10.37728461544414,.GCATGGGGG..,8.0
egr1,1aay,EGR1_MOUSE.H11MO.0.A,3,1aay_state_026_EGR1_MOUSE.H11MO.0.A.npz,state,26.0,9,0.7092008030697425,0.14902475159275733,0.18755631109152537,9,0.6405460635690552,0.17901407678436954,0.23515869294123806,9,12.310458592844382,.GCCGGTGCG..,6.0
egr1,1aay,EGR1_MOUSE.H11MO.0.A,3,1aay_state_027_EGR1_MOUSE.H11MO.0.A.npz,state,27.0,9,0.5607189884158559,0.19565834814744043,0.2562387924536478,9,0.4782825243280016,0.21530444956766182,0.30918889191927584,9,8.719669334268536,.GCAGGTTCG..,6.0
egr1,1aay,EGR1_MOUSE.H11MO.0.A,3,1aay_state_028_EGR1_MOUSE.H11MO.0.A.npz,state,28.0,7,0.4201301689846847,0.21771127541121263,0.3733031939683019,7,0.27739117959462206,0.27026723726469626,0.45897777522163724,7,11.275065578636081,.GCCGGAT....,4.0
egr1,1aay,EGR1_MOUSE.H11MO.0.A,3,1aay_state_029_EGR1_MOUSE.H11MO.0.A.npz,state,29.0,9,0.5328654440202464,0.20774749745760346,0.2563559471999056,9,0.6273482732207463,0.20551318570505828,0.23624913648147772,9,7.871741603961455,.CCCTGCGCG..,4.0
egr1,1aay,EGR1_MOUSE.H11MO.0.A,3,1aay_state_030_EGR1_MOUSE.H11MO.0.A.npz,state,30.0,7,0.13902573765914888,0.30788759176357416,0.4867682849293543,7,0.1060395072430064,0.31875285411037374,0.47024287656904307,7,8.955524402527743,.ATCGGAT....,2.0
egr1,1aay,EGR1_MOUSE.H11MO.0.A,3,1aay_state_031_EGR1_MOUSE.H11MO.0.A.npz,state,31.0,9,0.7334042357557468,0.16692950255835765,0.1853041194600219,9,0.6347495335986482,0.19892121378345312,0.241680507475856,9,8.12114327745093,.ACCGGGGTC..,5.0
egr1,1aay,EGR1_MOUSE.H11MO.0.A,3,1aay_state_032_EGR1_MOUSE.H11MO.0.A.npz,state,32.0,9,0.7616369030671931,0.12762538619628888,0.15303754325397914,9,0.6869287345924561,0.16558669651446203,0.21876588369788807,9,13.017271975854243,.ACCGGGGCG..,6.0
egr1,1aay,EGR1_MOUSE.H11MO.0.A,3,1aay_state_033_EGR1_MOUSE.H11MO.0.A.npz,state,33.0,9,0.7888249260119496,0.12031758918359022,0.1175132896274901,9,0.5696477249008358,0.20750188384974738,0.26309531215198934,9,9.469365352706449,.GGAGAGGGC..,6.0
egr1,1aay,EGR1_MOUSE.H11MO.0.A,3,1aay_state_034_EGR1_MOUSE.H11MO.0.A.npz,state,34.0,9,0.33201705648304936,0.26194664957276675,0.381971894583527,9,0.39163143213058604,0.24246415756513467,0.35464684516052086,9,11.59886319293634,.ACCTGTTCG..,3.0
egr1,1aay,EGR1_MOUSE.H11MO.0.A,3,1aay_state_036_EGR1_MOUSE.H11MO.0.A.npz,state,36.0,9,0.8346330574577577,0.11903620806318334,0.11682661299397451,9,0.7575312898308368,0.16224289370383202,0.18407273864534945,9,10.2484641597372,.CCCGGGGCG..,6.0
egr1,1aay,EGR1_MOUSE.H11MO.0.A,3,1aay_state_037_EGR1_MOUSE.H11MO.0.A.npz,state,37.0,9,0.65173840390211,0.16714270596609518,0.22581732193361034,9,0.5179912397122197,0.22039155573869115,0.301283000687698,9,11.845224017343067,.TCAGGTGTG..,6.0
egr1,1aay,EGR1_MOUSE.H11MO.0.A,3,1aay_state_038_EGR1_MOUSE.H11MO.0.A.npz,state,38.0,7,0.6575513331124924,0.14751913551091483,0.20658077306455733,7,0.437867728703071,0.24183281827780384,0.34801141782794837,7,8.948877640303499,.ACAGGGT....,5.0
egr1,1aay,EGR1_MOUSE.H11MO.0.A,3,1aay_state_039_EGR1_MOUSE.H11MO.0.A.npz,state,39.0,9,0.5862152271831772,0.1911626703258662,0.2599618326920255,9,0.5013621675857766,0.22714872691358323,0.3136683236519395,9,11.295146396842641,.ACCGGTGCG..,5.0
egr1,1aay,EGR1_MOUSE.H11MO.0.A,3,1aay_state_040_EGR1_MOUSE.H11MO.0.A.npz,state,40.0,9,0.6648615836495729,0.189234560963895,0.2052033938840937,9,0.6276518065271398,0.19689436634871527,0.26098438770098753,9,8.112411162886335,.CCGTGGGGG..,6.0
egr1,1aay,EGR1_MOUSE.H11MO.0.A,3,1aay_state_041_EGR1_MOUSE.H11MO.0.A.npz,state,41.0,9,0.44822197195996893,0.22945167081444298,0.30616105646464675,9,0.3957909448307185,0.25616734762156235,0.33988953689267043,9,9.722375221239346,.ACATGATTG..,4.0
egr1,1aay,EGR1_MOUSE.H11MO.0.A,3,1aay_state_042_EGR1_MOUSE.H11MO.0.A.npz,state,42.0,9,0.7725112047662684,0.12544919430971882,0.1240723050089078,9,0.8508276883547076,0.1239876736763108,0.12903476988346207,9,10.626926632899904,.GCGTGGGGG..,7.0
egr1,1aay,EGR1_MOUSE.H11MO.0.A,3,1aay_state_043_EGR1_MOUSE.H11MO.0.A.npz,state,43.0,9,0.8800866756015641,0.08737129359562662,0.07609768680119505,9,0.75738624003725,0.15735400065386784,0.1852734600691457,9,11.01091648529093,.ACAGGGGCG..,7.0
egr1,1aay,EGR1_MOUSE.H11MO.0.A,3,1aay_state_044_EGR1_MOUSE.H11MO.0.A.npz,state,44.0,7,0.5133081817549954,0.20746030599028537,0.2957969547014749,7,0.35817575066382296,0.26246293838630663,0.3835634878426338,7,8.603167394078447,.ACCGGGT....,4.0
egr1,1aay,EGR1_MOUSE.H11MO.0.A,3,1aay_state_045_EGR1_MOUSE.H11MO.0.A.npz,state,45.0,9,0.33279803325221335,0.2689102181118667,0.3468307472853441,9,0.34883853229551837,0.2700872414797131,0.3556911185316208,9,6.211605719224436,.ACATGGCCC..,4.0
egr1,1aay,EGR1_MOUSE.H11MO.0.A,3,1aay_state_046_EGR1_MOUSE.H11MO.0.A.npz,state,46.0,9,0.6883042480242401,0.14543040955403638,0.1817510057605718,9,0.5507463531839251,0.2017018373007886,0.2658469639949008,9,10.165689533815414,.ACCGGCGGG..,6.0
egr1,1aay,EGR1_MOUSE.H11MO.0.A,3,1aay_state_047_EGR1_MOUSE.H11MO.0.A.npz,state,47.0,9,0.6366663179565827,0.1756519837274229,0.19964480402701104,9,0.8179684619161045,0.13363922312985071,0.1390410922993125,9,10.486190327129641,.CCGTGGGCG..,5.0
egr1,1aay,EGR1_MOUSE.H11MO.0.A,3,1aay_state_048_EGR1_MOUSE.H11MO.0.A.npz,state,48.0,9,0.7664927178253073,0.11999868882331713,0.14837202331709948,9,0.7135272074476496,0.1558285527894946,0.18638507884286495,9,12.110164216363234,.ACCGGGGCG..,6.0
egr1,1aay,EGR1_MOUSE.H11MO.0.A,3,1aay_state_049_EGR1_MOUSE.H11MO.0.A.npz,state,49.0,7,0.540818588323359,0.1790459132745517,0.27013954169147175,7,0.31062933717371527,0.2707109055110258,0.41672192112187706,7,9.638793046671756,.GCAGGAT....,5.0
egr1,1aay,EGR1_MOUSE.H11MO.0.A,3,1aay_state_050_EGR1_MOUSE.H11MO.0.A.npz,state,50.0,9,0.556062263411183,0.2028715429114527,0.2587462293682345,9,0.7313752673239446,0.16241409646237218,0.19479703249302857,9,11.193367661622707,.ACGTGTGCG..,4.0
egr1,1aay,EGR1_MOUSE.H11MO.0.A,3,1aay_state_051_EGR1_MOUSE.H11MO.0.A.npz,state,51.0,9,0.7742450930728312,0.14577723596246667,0.14483512813934643,9,0.6451042459573604,0.20313892810332213,0.24803073994105043,9,9.727830564519147,.ACAGGGACG..,6.0
egr1,1aay,EGR1_MOUSE.H11MO.0.A,3,1aay_state_052_EGR1_MOUSE.H11MO.0.A.npz,state,52.0,9,0.5084225627761346,0.21433176440526344,0.2735183303429418,9,0.602517210225507,0.2086942735768389,0.25594949897973374,9,9.466439317731117,.CCCTGTGCG..,4.0
egr1,1aay,EGR1_MOUSE.H11MO.0.A,3,1aay_state_053_EGR1_MOUSE.H11MO.0.A.npz,state,53.0,9,0.6629744562543577,0.16216647009180937,0.21236961439636529,9,0.6511025549292552,0.1741578370775743,0.2183356319637057,9,10.637901847244233,.ACCGGGGCT..,5.0
egr1,1aay,EGR1_MOUSE.H11MO.0.A,3,1aay_state_054_EGR1_MOUSE.H11MO.0.A.npz,state,54.0,9,0.5451634998931761,0.19849426707353107,0.25521862976753346,9,0.7295042174796179,0.16401426336475802,0.18410219270970637,9,10.99155169962453,.ACGTGTGCG..,4.0
egr1,1aay,EGR1_MOUSE.H11MO.0.A,3,1aay_state_055_EGR1_MOUSE.H11MO.0.A.npz,state,55.0,9,0.48565405785831867,0.23975269509780142,0.3009481351173749,9,0.5081490174293698,0.22776689771692166,0.2993951976426119,9,9.25160071460631,.ACCTGGGCG..,5.0
egr1,1aay,EGR1_MOUSE.H11MO.0.A,3,1aay_state_056_EGR1_MOUSE.H11MO.0.A.npz,state,56.0,9,0.8189870975731582,0.11038283618027991,0.12457422617155764,9,0.5864893914649681,0.1996695689093839,0.2747082809834046,9,9.830469982433542,.CCAGGGGCA..,6.0
egr1,1aay,EGR1_MOUSE.H11MO.0.A,3,1aay_state_057_EGR1_MOUSE.H11MO.0.A.npz,state,57.0,7,0.49150115873469014,0.2125987888191178,0.3267710987518569,7,0.34026389534068213,0.2638391296786722,0.40597380137501105,7,9.889304267464023,.GCCGGGT....,5.0
egr1,1aay,EGR1_MOUSE.H11MO.0.A,3,1aay_state_058_EGR1_MOUSE.H11MO.0.A.npz,state,58.0,9,0.7356050486523213,0.16978140612950987,0.17397597701578663,9,0.6835546923549869,0.19505981886242,0.2269247321767859,9,7.0998501625716415,.ACATGGGCG..,6.0
egr1,1aay,EGR1_MOUSE.H11MO.0.A,3,1aay_state_059_EGR1_MOUSE.H11MO.0.A.npz,state,59.0,9,0.6040612324622427,0.17733439329458633,0.2378718211894082,9,0.6160803884214083,0.18633713173524788,0.23898723143473605,9,10.240025477448903,.GCGGGTGTG..,6.0
egr1,1aay,EGR1_MOUSE.H11MO.0.A,3,1aay_state_060_EGR1_MOUSE.H11MO.0.A.npz,state,60.0,9,0.28905694376168145,0.27003489770949174,0.411413807420294,9,0.3762114393096398,0.2528892140269616,0.37543165723633565,9,10.686689008758899,.CCCTGTCCG..,3.0
egr1,1aay,EGR1_MOUSE.H11MO.0.A,3,1aay_state_061_EGR1_MOUSE.H11MO.0.A.npz,state,61.0,9,0.4933931371343491,0.21963864584722614,0.27289353550026674,9,0.3463054224959574,0.24915340335852912,0.35801854176123754,9,7.495302677268541,.GCCGGGCGT..,6.0
egr1,1aay,EGR1_MOUSE.H11MO.0.A,3,1aay_state_062_EGR1_MOUSE.H11MO.0.A.npz,state,62.0,9,0.8257372228574748,0.12679834325050857,0.13133962919049375,9,0.6270434605422818,0.20013939088514437,0.2543962829436486,9,8.724293312116934,.GCAGGCGGG..,8.0
egr1,1aay,EGR1_MOUSE.H11MO.0.A,3,1aay_state_063_EGR1_MOUSE.H11MO.0.A.npz,state,63.0,9,0.6867762592086033,0.14786460190872378,0.18150826929285666,9,0.6813672453018976,0.17892104464246789,0.21385211664295775,9,10.521069135749467,.ACATGGGCG..,6.0
egr1,1aay,EGR1_MOUSE.H11MO.0.A,3,1aay_state_064_EGR1_MOUSE.H11MO.0.A.npz,state,64.0,9,0.7081796499173685,0.164420562932921,0.17987245082211498,9,0.5895480161577306,0.20178066615416254,0.25969270084792784,9,8.379331440932095,.GCCGGTGTG..,6.0
egr1,1aay,EGR1_MOUSE.H11MO.0.A,3,1aay_state_065_EGR1_MOUSE.H11MO.0.A.npz,state,65.0,6,0.23434983831510403,0.27933971873062546,0.4607268682011387,6,0.37907578233338785,0.2337202392470014,0.38360700400503706,6,8.478361486209774,....TGTTCG..,2.0
egr1,1aay,EGR1_MOUSE.H11MO.0.A,3,1aay_state_066_EGR1_MOUSE.H11MO.0.A.npz,state,66.0,9,0.8590506275703752,0.10843107597530535,0.0976088443584059,9,0.681180587527577,0.17652322291137856,0.21064257021779476,9,9.720400491103302,.ACAGGGGCG..,7.0
egr1,1aay,EGR1_MOUSE.H11MO.0.A,3,1aay_state_067_EGR1_MOUSE.H11MO.0.A.npz,state,67.0,9,0.6573810633481415,0.1575945905747681,0.21670459130860517,9,0.6049740989392496,0.1785242311080866,0.24622124633300768,9,12.85155540894033,.GCCGGTGCG..,6.0
egr1,1aay,EGR1_MOUSE.H11MO.0.A,3,1aay_state_068_EGR1_MOUSE.H11MO.0.A.npz,state,68.0,9,0.43997839352821905,0.23579184092361377,0.3325375997597978,9,0.43558447933583305,0.2215264238839154,0.3207029908025847,9,11.055344438920175,.GCCTGTCTG..,4.0
egr1,1aay,EGR1_MOUSE.H11MO.0.A,3,1aay_state_071_EGR1_MOUSE.H11MO.0.A.npz,state,71.0,9,0.7342758620763654,0.14372708067417583,0.1801711323966496,9,0.6721344100021595,0.17145350933100822,0.2214573893079981,9,12.368711543622767,.GCCGGGGCG..,7.0
egr1,1aay,EGR1_MOUSE.H11MO.0.A,3,1aay_state_073_EGR1_MOUSE.H11MO.0.A.npz,state,73.0,9,0.5904550538219394,0.1916947469023095,0.2703883567198936,9,0.5063720409857452,0.2213424794075157,0.2996793930379292,9,10.72300745270541,.ACCGGTGTG..,5.0
egr1,1aay,EGR1_MOUSE.H11MO.0.A,3,1aay_state_074_EGR1_MOUSE.H11MO.0.A.npz,state,74.0,9,0.8946661659797962,0.09242773177518554,0.07650870459705093,9,0.8511418409113737,0.13265712279482816,0.13104548167949479,9,11.012461767292818,.GCGGGGGCG..,7.0
egr1,1aay,EGR1_MOUSE.H11MO.0.A,3,1aay_state_075_EGR1_MOUSE.H11MO.0.A.npz,state,75.0,9,0.8510014909011538,0.14890311965346983,0.1301423947792567,9,0.8114603883692505,0.15796489981261808,0.17014688037107673,9,6.007673375362729,.ACGGGGGCG..,6.0
egr1,1aay,EGR1_MOUSE.H11MO.0.A,3,1aay_state_076_EGR1_MOUSE.H11MO.0.A.npz,state,76.0,9,0.797064635536711,0.10755565250373264,0.11153093421510353,9,0.7041207662941823,0.15827269981188388,0.20292886772750518,9,11.05850091968294,.GCATGGGCG..,7.0
egr1,1aay,EGR1_MOUSE.H11MO.0.A,3,1aay_state_077_EGR1_MOUSE.H11MO.0.A.npz,state,77.0,9,0.493688159838295,0.20159823780138847,0.2944740672912673,9,0.5835856503840591,0.18908921927181332,0.26571649921129964,9,11.636049062443906,.GCCTGTGCG..,5.0
egr1,1aay,EGR1_MOUSE.H11MO.0.A,3,1aay_state_078_EGR1_MOUSE.H11MO.0.A.npz,state,78.0,9,0.5937827355499112,0.16765510925728855,0.2407795082787094,9,0.6433509220521826,0.18333508977795848,0.2350180573996952,9,10.890740813337354,.CCCTGGGGG..,6.0
egr1,1aay,EGR1_MOUSE.H11MO.0.A,3,1aay_state_079_EGR1_MOUSE.H11MO.0.A.npz,state,79.0,6,0.36075307554316866,0.2514345852147623,0.394482905440445,6,0.21507614448650686,0.29796126151450153,0.46896177200573375,6,8.72843460724072,.CCATGT.....,3.0
egr1,1aay,EGR1_MOUSE.H11MO.0.A,3,1aay_state_080_EGR1_MOUSE.H11MO.0.A.npz,state,80.0,9,0.7871780835362098,0.10525763681653189,0.125344431128255,9,0.7562107496469943,0.14408980069048186,0.18105968352386487,9,11.375691267926426,.GCATGGGCG..,7.0
egr1,1aay,EGR1_MOUSE.H11MO.0.A,3,1aay_state_081_EGR1_MOUSE.H11MO.0.A.npz,state,81.0,9,0.7230421050828781,0.1411466317123187,0.1791350892429199,9,0.6327849065789477,0.18903519783857015,0.24182554903437825,9,10.379228741680578,.CCCGGTGCG..,5.0
egr1,1aay,EGR1_MOUSE.H11MO.0.A,3,1aay_state_083_EGR1_MOUSE.H11MO.0.A.npz,state,83.0,9,0.500456930095239,0.2072401068030053,0.2710536974136978,9,0.30137159671206526,0.25172359639701525,0.37244806253291496,9,9.142806073609094,.ATAGGTGGG..,6.0
egr1,1aay,EGR1_MOUSE.H11MO.0.A,3,1aay_state_084_EGR1_MOUSE.H11MO.0.A.npz,state,84.0,9,0.5868612124314752,0.182167829801377,0.24856609920643657,9,0.6619592133931039,0.1726088855280573,0.23007050698327103,9,13.601891712667344,.CCGGGTGCG..,5.0
egr1,1aay,EGR1_MOUSE.H11MO.0.A,3,1aay_state_085_EGR1_MOUSE.H11MO.0.A.npz,state,85.0,9,0.7432867593143352,0.1405895384214091,0.17980702964119127,9,0.7249470264526259,0.14383841119605575,0.1905674652166921,9,12.97317802332181,.GCCGGGGCG..,7.0
egr1,1aay,EGR1_MOUSE.H11MO.0.A,3,1aay_state_086_EGR1_MOUSE.H11MO.0.A.npz,state,86.0,9,0.8881464789406709,0.08770311279072808,0.08906761419049561,9,0.856901703849176,0.11508217473743167,0.12244243587317911,9,11.633765478031444,.GCCGGGGCG..,7.0
egr1,1aay,EGR1_MOUSE.H11MO.0.A,3,1aay_state_087_EGR1_MOUSE.H11MO.0.A.npz,state,87.0,9,0.7029689471040673,0.14021236448429086,0.18011605419615206,9,0.7262177581534504,0.16455160893545123,0.20253366940619688,9,10.18011601666258,.GCCTGGGGG..,7.0
egr1,1aay,EGR1_MOUSE.H11MO.0.A,3,1aay_state_088_EGR1_MOUSE.H11MO.0.A.npz,state,88.0,9,0.5780882604508841,0.18443055242904746,0.22613108937919646,9,0.4835147316872902,0.2387145140916497,0.32848357124587324,9,7.437592966192631,.GCCCGGGGG..,7.0
egr1,1aay,EGR1_MOUSE.H11MO.0.A,3,1aay_state_089_EGR1_MOUSE.H11MO.0.A.npz,state,89.0,9,0.465960082237756,0.23852374561586961,0.27873566988649945,9,0.7447879786973086,0.1684287067942528,0.17880178723611692,9,6.983123769151877,.ACGTGCGCG..,4.0
egr1,1aay,EGR1_MOUSE.H11MO.0.A,3,1aay_state_090_EGR1_MOUSE.H11MO.0.A.npz,state,90.0,9,0.3664425709435233,0.25529152196880506,0.34997731803108395,9,0.5778599035773215,0.21230231367614275,0.27382697801329825,9,10.861367291787946,.CCGTGAACG..,3.0
egr1,1aay,EGR1_MOUSE.H11MO.0.A,3,1aay_state_091_EGR1_MOUSE.H11MO.0.A.npz,state,91.0,9,0.5968080309222263,0.16524101566190236,0.21821032393116455,9,0.5832226964898977,0.19516956596958657,0.2542567471469418,9,10.451989860374315,.GCATGTGTG..,6.0
egr1,1aay,EGR1_MOUSE.H11MO.0.A,3,1aay_state_092_EGR1_MOUSE.H11MO.0.A.npz,state,92.0,9,0.5730901990122356,0.18797347225260333,0.26618153402694167,9,0.6639874484229434,0.16843998351724723,0.21652811926010743,9,12.03178060382486,.CCCTGGGCG..,5.0
egr1,1aay,EGR1_MOUSE.H11MO.0.A,3,1aay_state_093_EGR1_MOUSE.H11MO.0.A.npz,state,93.0,9,0.6785667109160747,0.17268483748557628,0.21589012147675,9,0.6538309412874314,0.17424023401650224,0.23029619794587589,9,11.447247357366518,.ACCGGGGCG..,6.0
egr1,1aay,EGR1_MOUSE.H11MO.0.A,3,1aay_state_094_EGR1_MOUSE.H11MO.0.A.npz,state,94.0,7,0.37377980788489373,0.24287817924154556,0.3891037610253973,7,0.23799674724500325,0.28271682068797027,0.4506776108507687,7,9.492250296108946,.GCCGGAT....,4.0
egr1,1aay,EGR1_MOUSE.H11MO.0.A,3,1aay_state_095_EGR1_MOUSE.H11MO.0.A.npz,state,95.0,9,0.6941327850621696,0.16722439657537003,0.18412509742110153,9,0.6893986090731195,0.17388289108425348,0.21996175866007495,9,8.83811947781388,.GCGGGTGGG..,7.0
egr1,1aay,EGR1_MOUSE.H11MO.0.A,3,1aay_state_096_EGR1_MOUSE.H11MO.0.A.npz,state,96.0,9,0.8663811349733627,0.11285045428748061,0.10476206717712828,9,0.6771437238239851,0.18619485681604905,0.2196861658515031,9,9.473265937105223,.ACAGGGGCG..,7.0
egr1,1aay,EGR1_MOUSE.H11MO.0.A,3,1aay_state_097_EGR1_MOUSE.H11MO.0.A.npz,state,97.0,7,0.7140407703099866,0.13925024320951707,0.1813712265392433,7,0.4165100413006805,0.22859554354369852,0.3681802128120463,7,10.374311739886357,.GCAGGGT....,6.0
egr1,1aay,EGR1_MOUSE.H11MO.0.A,3,1aay_state_098_EGR1_MOUSE.H11MO.0.A.npz,state,98.0,9,0.6991157944336498,0.1554657474245889,0.1782538862464952,9,0.6511174380052561,0.18636447697968428,0.23363202207507067,9,11.527142690441176,.ACATGGGCG..,6.0
egr1,1aay,EGR1_MOUSE.H11MO.0.A,3,ENSEMBLE_MEAN,ensemble_mean,,9,0.8069780425198129,0.15085832382416758,0.139585194318855,9,0.7633419437682937,0.1600140608409141,0.18472870748664694,9,6.630678040513274,.GCCGGGGCG..,7.0
egr1,1aay,EGR1_MOUSE.H11MO.0.A,4,1aay_A_EGR1_MOUSE.H11MO.0.A.npz,crystal,,9,1.0,0.0,0.0,9,0.8038065493692488,0.13394317533756192,0.15566407248216246,9,11.801188295305042,.CCGGGGGTG..,
egr1,1aay,EGR1_MOUSE.H11MO.0.A,4,1aay_state_001_EGR1_MOUSE.H11MO.0.A.npz,state,1.0,9,0.5564212329248198,0.18928108747948297,0.244312688697002,9,0.46339799053808894,0.22595572954499707,0.33205096296717623,9,10.80632083688852,.CCCGGGGCA..,6.0
egr1,1aay,EGR1_MOUSE.H11MO.0.A,4,1aay_state_002_EGR1_MOUSE.H11MO.0.A.npz,state,2.0,9,0.45927554102453894,0.21010411852936764,0.2860433494718539,9,0.34892553548138605,0.23681637053434518,0.36436277326290306,9,11.135213822038152,.CCCTGGTCA..,4.0
egr1,1aay,EGR1_MOUSE.H11MO.0.A,4,1aay_state_005_EGR1_MOUSE.H11MO.0.A.npz,state,5.0,9,0.726755785289254,0.15221069950105934,0.16351210543919711,9,0.6055523480320353,0.19811594834189034,0.2556368724097982,9,9.91310677753011,.GCAAGGGTG..,6.0
egr1,1aay,EGR1_MOUSE.H11MO.0.A,4,1aay_state_006_EGR1_MOUSE.H11MO.0.A.npz,state,6.0,9,0.5428879070885478,0.1801378533580444,0.2485150937382396,9,0.35681255774655674,0.2547171040043597,0.35968383811539206,9,9.048085138375292,.GCCGGTTTG..,5.0
egr1,1aay,EGR1_MOUSE.H11MO.0.A,4,1aay_state_007_EGR1_MOUSE.H11MO.0.A.npz,state,7.0,9,0.491686506193137,0.22782182006792734,0.269871195661157,9,0.5184870205917397,0.2155183173130758,0.28863891032082056,9,7.508423946093605,.GCCTGGGCG..,5.0
egr1,1aay,EGR1_MOUSE.H11MO.0.A,4,1aay_state_008_EGR1_MOUSE.H11MO.0.A.npz,state,8.0,9,0.6851676469804896,0.16003658199244658,0.18183732976917166,9,0.6458075110912243,0.17915203884775918,0.22784004628254528,9,8.653490175559456,.GCCGGGGCG..,6.0
egr1,1aay,EGR1_MOUSE.H11MO.0.A,4,1aay_state_009_EGR1_MOUSE.H11MO.0.A.npz,state,9.0,9,0.6530937081436565,0.15506729005331485,0.17459774425851166,9,0.5401730715835816,0.2055600410611886,0.2688842065876409,9,9.931538183079685,.CCGGGTGTA..,7.0
egr1,1aay,EGR1_MOUSE.H11MO.0.A,4,1aay_state_010_EGR1_MOUSE.H11MO.0.A.npz,state,10.0,9,0.7085265496827827,0.15054717941166018,0.1707712338520336,9,0.6597987875574928,0.16854319821262229,0.22287333375979046,9,12.078780760903582,.TCCGGGGCG..,6.0
egr1,1aay,EGR1_MOUSE.H11MO.0.A,4,1aay_state_011_EGR1_MOUSE.H11MO.0.A.npz,state,11.0,9,0.7539462309334091,0.14233798304950243,0.1545607577610778,9,0.4989503111662767,0.2254471781963932,0.2968038257552023,9,9.534603288451294,.TCCCGGGTG..,6.0
egr1,1aay,EGR1_MOUSE.H11MO.0.A,4,1aay_state_012_EGR1_MOUSE.H11MO.0.A.npz,state,12.0,9,0.3387257080227729,0.2508189788805137,0.37772229700394655,9,0.3114249284162955,0.2676788401362147,0.42445958706165476,9,12.487738737105893,.TCCGGGTCA..,4.0
egr1,1aay,EGR1_MOUSE.H11MO.0.A,4,1aay_state_013_EGR1_MOUSE.H11MO.0.A.npz,state,13.0,9,0.10178785980050696,0.31624499878186424,0.4513437275512515,9,0.15691706400731797,0.30776196989851695,0.4635787749745235,9,8.644018550667287,.ACATGTTCC..,2.0
egr1,1aay,EGR1_MOUSE.H11MO.0.A,4,1aay_state_014_EGR1_MOUSE.H11MO.0.A.npz,state,14.0,9,0.7520363226036737,0.12291947613185686,0.14508530146530632,9,0.7908721105391727,0.14572107418401478,0.16128672165929578,9,10.408092481309094,.CCGTGGGCG..,7.0
egr1,1aay,EGR1_MOUSE.H11MO.0.A,4,1aay_state_016_EGR1_MOUSE.H11MO.0.A.npz,state,16.0,7,0.1452582823532365,0.3014738619468907,0.4863385483875638,7,0.0698355769149085,0.3249488466618849,0.5456200792000597,7,8.94756557446055,.TCCTGAT....,2.0
egr1,1aay,EGR1_MOUSE.H11MO.0.A,4,1aay_state_017_EGR1_MOUSE.H11MO.0.A.npz,state,17.0,7,0.16137891034533852,0.28747869028926026,0.39998936427311194,7,-0.018661749912611294,0.34307218808680773,0.5338934174432965,7,6.107599942596511,.ACCCGAT....,2.0
egr1,1aay,EGR1_MOUSE.H11MO.0.A,4,1aay_state_018_EGR1_MOUSE.H11MO.0.A.npz,state,18.0,9,0.7237922061502706,0.14375172128145802,0.16242095877130103,9,0.49062800815678875,0.22690602855558004,0.3008897811744148,9,10.02475859346756,.GCCGGGGTA..,6.0
egr1,1aay,EGR1_MOUSE.H11MO.0.A,4,1aay_state_019_EGR1_MOUSE.H11MO.0.A.npz,state,19.0,9,0.447743444309949,0.22837257353563067,0.2992533639967602,9,0.4188179786822361,0.22660374266625796,0.31440332124282616,9,9.550053788970576,.GCCTGGACC..,3.0
egr1,1aay,EGR1_MOUSE.H11MO.0.A,4,1aay_state_020_EGR1_MOUSE.H11MO.0.A.npz,state,20.0,9,0.5633575161301259,0.2014972240572711,0.24850505811813298,9,0.38036731153582454,0.24781268851681185,0.3586842134788733,9,10.673264891970303,.TCCGGGGTC..,6.0
egr1,1aay,EGR1_MOUSE.H11MO.0.A,4,1aay_state_021_EGR1_MOUSE.H11MO.0.A.npz,state,21.0,9,0.8274412691212734,0.11667473140470166,0.11617463488111716,9,0.7407571055494683,0.17912790963762543,0.19364468520378336,9,8.470026747483999,.GCGTGGGTG..,7.0
egr1,1aay,EGR1_MOUSE.H11MO.0.A,4,1aay_state_022_EGR1_MOUSE.H11MO.0.A.npz,state,22.0,9,0.46460521493562573,0.2147450830056591,0.2706838133955214,9,0.4716723585164379,0.21458743894860768,0.29575801104395566,9,9.632639514849595,.GCCGGGACA..,4.0
egr1,1aay,EGR1_MOUSE.H11MO.0.A,4,1aay_state_023_EGR1_MOUSE.H11MO.0.A.npz,state,23.0,9,0.14380625127750055,0.3130658392002361,0.48012620999052746,9,0.2987631151553101,0.27639586827364027,0.41999670989185905,9,11.621795381139819,.GCCTGTCCC..,2.0
egr1,1aay,EGR1_MOUSE.H11MO.0.A,4,1aay_state_024_EGR1_MOUSE.H11MO.0.A.npz,state,24.0,9,0.3312263086509397,0.25687958179858267,0.37251781610521023,9,0.3439355990189889,0.2608734951843669,0.39271406922639795,9,11.251407619053403,.CCCTGGTCA..,4.0
egr1,1aay,EGR1_MOUSE.H11MO.0.A,4,1aay_state_025_EGR1_MOUSE.H11MO.0.A.npz,state,25.0,9,0.7938324055811643,0.11879751722315429,0.12992449456393665,9,0.7054280676858078,0.16399887934352997,0.1993506354011643,9,9.326585818581464,.CCATGGGTG..,7.0
egr1,1aay,EGR1_MOUSE.H11MO.0.A,4,1aay_state_026_EGR1_MOUSE.H11MO.0.A.npz,state,26.0,9,0.5696165208231506,0.1875196203246661,0.23166082715301453,9,0.5456584003019922,0.2010367267519339,0.2672370437082435,9,10.006558933221273,.GCCGAGGCG..,5.0
egr1,1aay,EGR1_MOUSE.H11MO.0.A,4,1aay_state_027_EGR1_MOUSE.H11MO.0.A.npz,state,27.0,9,0.20743664337815643,0.2861709847509499,0.4067652011700328,9,0.03840696418109206,0.3204153569078901,0.4977846540412054,9,9.35789377204098,.ACAAGTTTA..,3.0
egr1,1aay,EGR1_MOUSE.H11MO.0.A,4,1aay_state_028_EGR1_MOUSE.H11MO.0.A.npz,state,28.0,7,0.26004122674316915,0.25860822987929816,0.41470890770291013,7,0.15238271891433758,0.29840663414818536,0.5056241746934874,7,9.56216132234239,.GCCCGAT....,2.0
egr1,1aay,EGR1_MOUSE.H11MO.0.A,4,1aay_state_029_EGR1_MOUSE.H11MO.0.A.npz,state,29.0,9,0.5094522912948968,0.2097069632565965,0.24241358303640542,9,0.43049388854904713,0.23903122215091976,0.33519008325253236,9,7.964339115245661,.GCCGGTGCA..,4.0
egr1,1aay,EGR1_MOUSE.H11MO.0.A,4,1aay_state_030_EGR1_MOUSE.H11MO.0.A.npz,state,30.0,7,0.20728692526025475,0.2948168443981558,0.3999134210961409,7,0.38381089050333783,0.256342263006705,0.36464694218419363,7,5.952433433302059,.GCCTGGT....,3.0
egr1,1aay,EGR1_MOUSE.H11MO.0.A,4,1aay_state_031_EGR1_MOUSE.H11MO.0.A.npz,state,31.0,9,0.6952908035326163,0.1533087007221891,0.18010092535404562,9,0.41742563337094724,0.24384194313759305,0.3524672218452993,9,11.679846492878578,.GCCCGGGTC..,5.0
egr1,1aay,EGR1_MOUSE.H11MO.0.A,4,1aay_state_032_EGR1_MOUSE.H11MO.0.A.npz,state,32.0,9,0.8147540794742638,0.11079412645065329,0.1163796277233575,9,0.617560833348712,0.18532938246628167,0.24462570038037837,9,11.135804437477912,.TCCCGGGTG..,6.0
egr1,1aay,EGR1_MOUSE.H11MO.0.A,4,1aay_state_033_EGR1_MOUSE.H11MO.0.A.npz,state,33.0,9,0.7543898870201956,0.11812938564172429,0.13073078009801817,9,0.7104484246815709,0.1510413802494036,0.19426780710226227,9,11.5960971192056,.GCGGGGGCC..,6.0
egr1,1aay,EGR1_MOUSE.H11MO.0.A,4,1aay_state_034_EGR1_MOUSE.H11MO.0.A.npz,state,34.0,9,0.456711191337687,0.23003418346787738,0.2888657982087791,9,0.3741852683422789,0.2495122266696449,0.3499265477290691,9,10.549423045011828,.GCCGGGTCC..,4.0
egr1,1aay,EGR1_MOUSE.H11MO.0.A,4,1aay_state_036_EGR1_MOUSE.H11MO.0.A.npz,state,36.0,9,0.6766835171119417,0.1661554360956264,0.1842714480811688,9,0.6021285422004614,0.18630850598694654,0.2554279717962821,9,9.023890213630668,.ACATGGGCA..,4.0
egr1,1aay,EGR1_MOUSE.H11MO.0.A,4,1aay_state_037_EGR1_MOUSE.H11MO.0.A.npz,state,37.0,9,0.3270009514350097,0.24864241629560033,0.3406461543711715,9,0.29105523254959065,0.26441691611135965,0.38722711351108546,9,9.797291460766296,.CCCGGGTCA..,5.0
egr1,1aay,EGR1_MOUSE.H11MO.0.A,4,1aay_state_038_EGR1_MOUSE.H11MO.0.A.npz,state,38.0,7,0.4099647459572254,0.20836579163733404,0.29665261070431775,7,0.28740501371984956,0.26982924718634294,0.4124928151972975,7,7.900094088028592,.GCCCGAT....,2.0
egr1,1aay,EGR1_MOUSE.H11MO.0.A,4,1aay_state_039_EGR1_MOUSE.H11MO.0.A.npz,state,39.0,9,0.6651274442599378,0.1646948147040853,0.1909981300721418,9,0.6304525336225533,0.18002023478422619,0.23206481072050517,9,8.884778565138237,.CCCGGGGCG..,7.0
egr1,1aay,EGR1_MOUSE.H11MO.0.A,4,1aay_state_040_EGR1_MOUSE.H11MO.0.A.npz,state,40.0,9,0.8195914150831979,0.1217843825805984,0.1119015808447227,9,0.7059751939493659,0.17102500665674192,0.21205412114297176,9,7.906622299339384,.CCGCGGGAG..,7.0
egr1,1aay,EGR1_MOUSE.H11MO.0.A,4,1aay_state_041_EGR1_MOUSE.H11MO.0.A.npz,state,41.0,9,0.676773634492758,0.1460149481071211,0.19110491917685665,9,0.5897166311601993,0.20139611039000252,0.2507616146804599,9,8.614430524642428,.ACGTGGTTG..,6.0
egr1,1aay,EGR1_MOUSE.H11MO.0.A,4,1aay_state_042_EGR1_MOUSE.H11MO.0.A.npz,state,42.0,9,0.6104063447683493,0.16225696816561846,0.21001364783359217,9,0.7400564730889303,0.1694377269789887,0.19266756380929864,9,9.822848561065118,.CCGTGGACG..,6.0
egr1,1aay,EGR1_MOUSE.H11MO.0.A,4,1aay_state_043_EGR1_MOUSE.H11MO.0.A.npz,state,43.0,9,0.6525272607056886,0.15696995106150602,0.1718221833711245,9,0.6028292026631579,0.18180689623760474,0.24350213944056887,9,8.135144594728477,.CCGGGGGCA..,7.0
egr1,1aay,EGR1_MOUSE.H11MO.0.A,4,1aay_state_044_EGR1_MOUSE.H11MO.0.A.npz,state,44.0,7,0.46895386387480925,0.2134342632031933,0.2877352115906227,7,0.37088866921492636,0.25658073000210735,0.38210499729268993,7,8.580718688299706,.GCCGGAC....,3.0
egr1,1aay,EGR1_MOUSE.H11MO.0.A,4,1aay_state_045_EGR1_MOUSE.H11MO.0.A.npz,state,45.0,9,0.17210546684300532,0.30570397171282415,0.44448580588724684,9,0.2910421483827171,0.26924061400738236,0.40228548538605935,9,9.992515105942323,.ACATGGTCC..,3.0
egr1,1aay,EGR1_MOUSE.H11MO.0.A,4,1aay_state_046_EGR1_MOUSE.H11MO.0.A.npz,state,46.0,9,0.7383877337023692,0.14526696495684316,0.15323298903575322,9,0.5896352156963751,0.2025748868856883,0.2524786585993408,9,10.0764309671795,.CCCGGGGTG..,8.0
egr1,1aay,EGR1_MOUSE.H11MO.0.A,4,1aay_state_047_EGR1_MOUSE.H11MO.0.A.npz,state,47.0,9,0.8943164663631402,0.08699224826058424,0.07666468486067836,9,0.7085324198399867,0.17608013945573475,0.20023693583821578,9,10.266738351209094,.CCGGGGGTG..,9.0
egr1,1aay,EGR1_MOUSE.H11MO.0.A,4,1aay_state_048_EGR1_MOUSE.H11MO.0.A.npz,state,48.0,9,0.2589561301395322,0.2971734183815392,0.38026647970366845,9,0.012059408734220935,0.3425367155080797,0.5049828073257964,9,8.199184117345439,.AGCCGGGTC..,4.0
egr1,1aay,EGR1_MOUSE.H11MO.0.A,4,1aay_state_049_EGR1_MOUSE.H11MO.0.A.npz,state,49.0,7,0.11221366946419341,0.3048097035529541,0.44893866846145064,7,0.07953494121519518,0.32074975379405907,0.5027479473090725,7,8.156551681045922,.GCCAAAC....,1.0
egr1,1aay,EGR1_MOUSE.H11MO.0.A,4,1aay_state_050_EGR1_MOUSE.H11MO.0.A.npz,state,50.0,9,0.42995770477539424,0.23518960100732833,0.28984641047882914,9,0.5144947259415474,0.23790198239981286,0.2866919988599844,9,7.452875294161284,.GCCTGTGCC..,3.0
egr1,1aay,EGR1_MOUSE.H11MO.0.A,4,1aay_state_051_EGR1_MOUSE.H11MO.0.A.npz,state,51.0,9,0.41018682673793744,0.21831294189986591,0.31159525331574783,9,0.4546502905708902,0.23536142325691697,0.3295937929990098,9,10.718101057140233,.GCCGGGCCG..,5.0
egr1,1aay,EGR1_MOUSE.H11MO.0.A,4,1aay_state_052_EGR1_MOUSE.H11MO.0.A.npz,state,52.0,9,0.22853818481025617,0.27093116436541703,0.38163143948370526,9,0.3190317511434826,0.2739613742677547,0.39641655681508586,9,9.553440571701373,.GCCAGTACC..,2.0
egr1,1aay,EGR1_MOUSE.H11MO.0.A,4,1aay_state_053_EGR1_MOUSE.H11MO.0.A.npz,state,53.0,9,0.627513655773698,0.16759154486109967,0.20638780540567855,9,0.4820687022323132,0.2119174570480532,0.31096088819701695,9,11.284794624056849,.GCCGGGGTA..,6.0
egr1,1aay,EGR1_MOUSE.H11MO.0.A,4,1aay_state_054_EGR1_MOUSE.H11MO.0.A.npz,state,54.0,9,0.5133229745121463,0.21543897136062798,0.25965784269111913,9,0.3337927261753918,0.2481785205632655,0.3817591985270993,9,10.856913495063122,.TCCCGGGCA..,4.0
egr1,1aay,EGR1_MOUSE.H11MO.0.A,4,1aay_state_055_EGR1_MOUSE.H11MO.0.A.npz,state,55.0,9,0.19643017111316471,0.2863934101591844,0.4116049414697055,9,0.2656091055529991,0.26679202983278727,0.4172919275032473,9,10.90602272406634,.GCCTGTTCA..,2.0
egr1,1aay,EGR1_MOUSE.H11MO.0.A,4,1aay_state_056_EGR1_MOUSE.H11MO.0.A.npz,state,56.0,9,0.6389642890703011,0.1638002287169608,0.198730709490616,9,0.4952418885461952,0.20342268958079834,0.31586623745449727,9,11.037872573455202,.CCCGGGGCA..,6.0
egr1,1aay,EGR1_MOUSE.H11MO.0.A,4,1aay_state_057_EGR1_MOUSE.H11MO.0.A.npz,state,57.0,7,0.3444558339444054,0.2519705137528945,0.3554382185491848,7,0.29404465268838664,0.2738732463164654,0.41587355130572423,7,8.939179407654077,.GCCAGAT....,2.0
egr1,1aay,EGR1_MOUSE.H11MO.0.A,4,1aay_state_058_EGR1_MOUSE.H11MO.0.A.npz,state,58.0,9,0.589950882761864,0.17098679230871816,0.20018065790198095,9,0.5812601840233753,0.19959634013422248,0.27276632022472047,9,9.50851131609923,.GCACGGGCA..,4.0
egr1,1aay,EGR1_MOUSE.H11MO.0.A,4,1aay_state_059_EGR1_MOUSE.H11MO.0.A.npz,state,59.0,9,0.8233863117661601,0.11400512146065012,0.13055192851080552,9,0.6183259193619094,0.19821215070745288,0.25826823323240794,9,9.301650471747095,.CCGTGGGTT..,7.0
egr1,1aay,EGR1_MOUSE.H11MO.0.A,4,1aay_state_060_EGR1_MOUSE.H11MO.0.A.npz,state,60.0,9,0.42021868902066895,0.21847346435727863,0.3113402485752375,9,0.3634216893133368,0.22889369556732062,0.3546651677426247,9,10.099070902386806,.GCAGGTTTG..,5.0
egr1,1aay,EGR1_MOUSE.H11MO.0.A,4,1aay_state_061_EGR1_MOUSE.H11MO.0.A.npz,state,61.0,9,0.04178244588328546,0.3183976083657601,0.4967823349764749,9,0.16043568946698197,0.31348431837654467,0.4820720508980171,9,10.28289498177529,.ACCTGCCCT..,2.0
egr1,1aay,EGR1_MOUSE.H11MO.0.A,4,1aay_state_062_EGR1_MOUSE.H11MO.0.A.npz,state,62.0,9,0.536134060807965,0.18567425626477213,0.23879915318194728,9,0.5724186813295562,0.19873957527832115,0.2637260263483646,9,10.24030636138845,.GCCGGGTCG..,5.0
egr1,1aay,EGR1_MOUSE.H11MO.0.A,4,1aay_state_063_EGR1_MOUSE.H11MO.0.A.npz,state,63.0,9,0.7685566820784633,0.1381748862493421,0.14982474026741144,9,0.5808187138911429,0.20854185967861363,0.25970702975775306,9,8.137508996645689,.CCCCGTGTG..,6.0
egr1,1aay,EGR1_MOUSE.H11MO.0.A,4,1aay_state_064_EGR1_MOUSE.H11MO.0.A.npz,state,64.0,9,0.839787972898458,0.1409044807628056,0.10730377893853664,9,0.7869650442164642,0.16902613494959143,0.17708423459545364,9,6.725941224021367,.GCCGGGGTG..,7.0
egr1,1aay,EGR1_MOUSE.H11MO.0.A,4,1aay_state_065_EGR1_MOUSE.H11MO.0.A.npz,state,65.0,6,0.30032336468713855,0.27457560315087903,0.39416266821795826,6,0.19776204880494866,0.2785421869775746,0.4885964178978945,6,8.04936728164222,....CGGTCA..,2.0
egr1,1aay,EGR1_MOUSE.H11MO.0.A,4,1aay_state_066_EGR1_MOUSE.H11MO.0.A.npz,state,66.0,9,0.854368749001042,0.10558287133527403,0.0967573431307818,9,0.6525671745151393,0.18539479175686008,0.2299646168370321,9,9.508637813359236,.GCAGGGGTG..,7.0
egr1,1aay,EGR1_MOUSE.H11MO.0.A,4,1aay_state_067_EGR1_MOUSE.H11MO.0.A.npz,state,67.0,9,0.5108508460333707,0.20566389468149282,0.24903990402231788,9,0.5619369830646095,0.20914094345385414,0.2660759964774111,9,9.030923210581381,.GCCTGGGCA..,4.0
egr1,1aay,EGR1_MOUSE.H11MO.0.A,4,1aay_state_068_EGR1_MOUSE.H11MO.0.A.npz,state,68.0,9,0.4442878890257715,0.21455533224636586,0.29840034649906905,9,0.3038155515160284,0.2690298814171304,0.3787129180737183,9,9.083813227950683,.GCCGAGTTG..,5.0
egr1,1aay,EGR1_MOUSE.H11MO.0.A,4,1aay_state_071_EGR1_MOUSE.H11MO.0.A.npz,state,71.0,9,0.6061950153216015,0.18751958909302224,0.2344463641019948,9,0.5744207711323898,0.19381081117575782,0.2658618012263158,9,9.998094635817804,.TCCTGGGCG..,5.0
egr1,1aay,EGR1_MOUSE.H11MO.0.A,4,1aay_state_073_EGR1_MOUSE.H11MO.0.A.npz,state,73.0,9,0.714389710530289,0.1609221062828207,0.1842140092919038,9,0.44947687650363416,0.23238835286060244,0.3226888186371728,9,10.26579343868234,.CCCGGGGTG..,8.0
egr1,1aay,EGR1_MOUSE.H11MO.0.A,4,1aay_state_074_EGR1_MOUSE.H11MO.0.A.npz,state,74.0,9,0.5276607776968063,0.188048795243958,0.23660420858252026,9,0.6389123040599575,0.1936499545764592,0.24016153088268086,9,8.58741188083142,.GCGGGGTCA..,5.0
egr1,1aay,EGR1_MOUSE.H11MO.0.A,4,1aay_state_075_EGR1_MOUSE.H11MO.0.A.npz,state,75.0,9,0.5020578632547467,0.21333653722023074,0.2755111931689268,9,0.42090703871622925,0.23412704325488043,0.3233368629393747,9,9.092032462326843,.CCGTGTGTC..,6.0
egr1,1aay,EGR1_MOUSE.H11MO.0.A,4,1aay_state_076_EGR1_MOUSE.H11MO.0.A.npz,state,76.0,9,0.8097403791479777,0.11158798195133891,0.12508862922469755,9,0.7160427577234025,0.16519547536720186,0.19032396848163297,9,11.00800904480419,.GCCTGGGTG..,6.0
egr1,1aay,EGR1_MOUSE.H11MO.0.A,4,1aay_state_077_EGR1_MOUSE.H11MO.0.A.npz,state,77.0,9,0.4994098324761331,0.21102265576741452,0.26831792063809423,9,0.47503808266630243,0.23082975793578145,0.30121481606230716,9,8.8966793508813,.CCCTGTGCG..,5.0
egr1,1aay,EGR1_MOUSE.H11MO.0.A,4,1aay_state_078_EGR1_MOUSE.H11MO.0.A.npz,state,78.0,9,0.5119170440227859,0.20961185465825516,0.2532442499252128,9,0.540274449774337,0.2239768278700972,0.28285705118466503,9,8.405028726290697,.TCCTGTGCA..,3.0
egr1,1aay,EGR1_MOUSE.H11MO.0.A,4,1aay_state_079_EGR1_MOUSE.H11MO.0.A.npz,state,79.0,6,0.5216065590423682,0.21550115152300955,0.26707063874801956,6,0.37794837773513773,0.24832897793870265,0.3447714229019065,6,5.767931659874851,.TCCTGT.....,2.0
egr1,1aay,EGR1_MOUSE.H11MO.0.A,4,1aay_state_080_EGR1_MOUSE.H11MO.0.A.npz,state,80.0,9,0.8114317713002718,0.10979367015857457,0.11609460586455914,9,0.7154687060798623,0.16133676452833848,0.19823525181546028,9,11.194877092668795,.GCATGGGTG..,6.0
egr1,1aay,EGR1_MOUSE.H11MO.0.A,4,1aay_state_081_EGR1_MOUSE.H11MO.0.A.npz,state,81.0,9,0.8022903264300234,0.11817918939373663,0.12020011234269742,9,0.8377907624492492,0.1218386612729066,0.13289554372398427,9,10.746313523720652,.GCCTGGGCG..,5.0
egr1,1aay,EGR1_MOUSE.H11MO.0.A,4,1aay_state_083_EGR1_MOUSE.H11MO.0.A.npz,state,83.0,9,0.5750933907791116,0.21345867088853587,0.23967702535256016,9,0.4520676248898799,0.2452764016472631,0.31854343677916636,9,5.190739403531298,.ACGCGGATC..,5.0
egr1,1aay,EGR1_MOUSE.H11MO.0.A,4,1aay_state_084_EGR1_MOUSE.H11MO.0.A.npz,state,84.0,9,0.939470246165307,0.07660393084774518,0.057267859462014986,9,0.7228155320928009,0.1713117126427177,0.18879378159325086,9,10.360049130710703,.CCGGGGGTG..,9.0
egr1,1aay,EGR1_MOUSE.H11MO.0.A,4,1aay_state_085_EGR1_MOUSE.H11MO.0.A.npz,state,85.0,9,0.7500068575680335,0.14776628291615956,0.16380251499986642,9,0.6631922608077472,0.17566240867502833,0.21622754688301427,9,8.44069178463784,.GCCGGGGTG..,7.0
egr1,1aay,EGR1_MOUSE.H11MO.0.A,4,1aay_state_086_EGR1_MOUSE.H11MO.0.A.npz,state,86.0,9,0.5117532532747907,0.20084757033489747,0.24964395862001287,9,0.4154001243159672,0.2455037424289104,0.34687242872233365,9,10.653872527944129,.CCCCGGACA..,4.0
egr1,1aay,EGR1_MOUSE.H11MO.0.A,4,1aay_state_087_EGR1_MOUSE.H11MO.0.A.npz,state,87.0,9,0.5446248830923949,0.1817308717517234,0.24155723485071878,9,0.558752331942968,0.2216730816807184,0.2692593193562274,9,8.23819734861925,.GCGTGTGTG..,6.0
egr1,1aay,EGR1_MOUSE.H11MO.0.A,4,1aay_state_088_EGR1_MOUSE.H11MO.0.A.npz,state,88.0,9,0.5006712609574094,0.22504576964598122,0.23428407926863684,9,0.3454599870675892,0.26342173510460676,0.3546545476503834,9,6.2840071014202925,.GCACGGAAA..,3.0
egr1,1aay,EGR1_MOUSE.H11MO.0.A,4,1aay_state_089_EGR1_MOUSE.H11MO.0.A.npz,state,89.0,9,0.37999135712849963,0.2534046405958684,0.3352597068046595,9,0.4133586438851615,0.22446348690169138,0.3272833590490946,9,9.862093937676924,.CCGTGTGCC..,5.0
egr1,1aay,EGR1_MOUSE.H11MO.0.A,4,1aay_state_090_EGR1_MOUSE.H11MO.0.A.npz,state,90.0,9,0.25031467018615633,0.2569123636163163,0.40306030437257234,9,0.35977273743423405,0.263833974770225,0.3934626927863472,9,10.640538494254846,.CCGAGTCCC..,4.0
egr1,1aay,EGR1_MOUSE.H11MO.0.A,4,1aay_state_091_EGR1_MOUSE.H11MO.0.A.npz,state,91.0,9,0.333081899214258,0.25538890135228737,0.33242468003619297,9,0.30232229544347916,0.2688171843377252,0.38440994841863385,9,8.690407821319152,.GCCTGTTTA..,3.0
egr1,1aay,EGR1_MOUSE.H11MO.0.A,4,1aay_state_092_EGR1_MOUSE.H11MO.0.A.npz,state,92.0,9,0.6924424014746156,0.15259310103526028,0.18544561390326658,9,0.5237018447853089,0.22341788252298203,0.2920394113176745,9,9.892781512302214,.GCCAGGTTG..,5.0
egr1,1aay,EGR1_MOUSE.H11MO.0.A,4,1aay_state_093_EGR1_MOUSE.H11MO.0.A.npz,state,93.0,9,0.28444017372623126,0.26875855892406736,0.4038629965844629,9,0.31740707761343395,0.2676299823413299,0.41946028299880145,9,11.351215745102392,.TCCTGGTCC..,3.0
egr1,1aay,EGR1_MOUSE.H11MO.0.A,4,1aay_state_094_EGR1_MOUSE.H11MO.0.A.npz,state,94.0,7,0.2796483442379747,0.2580043229162194,0.3851679491487957,7,0.21862474189582884,0.28087668737654375,0.44495146309577827,7,7.790096758583115,.GCCTGAT....,2.0
egr1,1aay,EGR1_MOUSE.H11MO.0.A,4,1aay_state_095_EGR1_MOUSE.H11MO.0.A.npz,state,95.0,9,0.8123821588044045,0.13977013624389656,0.12769718064963603,9,0.7611406518408755,0.16720762746667284,0.16547090028669412,9,8.472137637684074,.GTGGGGGTG..,7.0
egr1,1aay,EGR1_MOUSE.H11MO.0.A,4,1aay_state_096_EGR1_MOUSE.H11MO.0.A.npz,state,96.0,9,0.7412654311680571,0.14376113351964806,0.1427930662463534,9,0.6593855351693722,0.1769390157553264,0.22124019141635387,9,9.252646565872148,.CCCGGGGCG..,7.0
egr1,1aay,EGR1_MOUSE.H11MO.0.A,4,1aay_state_097_EGR1_MOUSE.H11MO.0.A.npz,state,97.0,7,0.22791451931409845,0.27653494985757526,0.40845402524198654,7,0.29035683010520136,0.2649114824182886,0.41175203501540597,7,8.9046759704748,.GCATGAC....,2.0
egr1,1aay,EGR1_MOUSE.H11MO.0.A,4,1aay_state_098_EGR1_MOUSE.H11MO.0.A.npz,state,98.0,9,0.8156581109482179,0.13863395296438183,0.12225733042370401,9,0.5829185430421218,0.21118278864176115,0.27305426618775963,9,8.029097711874542,.ACACGGGTG..,6.0
egr1,1aay,EGR1_MOUSE.H11MO.0.A,4,ENSEMBLE_MEAN,ensemble_mean,,9,0.7453244897621955,0.17256753604585356,0.1612130458661133,9,0.6566889759598363,0.20665171240493102,0.23496247969986828,9,4.982394235791288,.GCCGGGGCG..,6.0
egr1,1aay,EGR1_MOUSE.H11MO.0.A,5,1aay_A_EGR1_MOUSE.H11MO.0.A.npz,crystal,,9,0.9999999999999999,0.0,0.0,9,0.9489397325875012,0.06342835187064742,0.0531944257329801,9,11.55816298238822,.GCGTGGGCG..,
egr1,1aay,EGR1_MOUSE.H11MO.0.A,5,1aay_state_001_EGR1_MOUSE.H11MO.0.A.npz,state,1.0,9,0.7478361123857284,0.1339373424949978,0.13757822600470085,9,0.7455235975682969,0.13502142420555982,0.1576913651379101,9,10.293157225492939,.GCGTGGGCA..,8.0
egr1,1aay,EGR1_MOUSE.H11MO.0.A,5,1aay_state_002_EGR1_MOUSE.H11MO.0.A.npz,state,2.0,9,0.8705197500863381,0.11255129397128864,0.09332226327620792,9,0.865398935012137,0.12371435170320587,0.12162009809402963,9,8.193431938991694,.GCGTGGGCG..,9.0
egr1,1aay,EGR1_MOUSE.H11MO.0.A,5,1aay_state_005_EGR1_MOUSE.H11MO.0.A.npz,state,5.0,9,0.7265559934775077,0.1483309240445831,0.1548537624838323,9,0.7087254373345018,0.14915364246634352,0.1855234417163903,9,10.675752452625597,.GCATGGGCG..,8.0
egr1,1aay,EGR1_MOUSE.H11MO.0.A,5,1aay_state_006_EGR1_MOUSE.H11MO.0.A.npz,state,6.0,9,0.5542587825588579,0.2027929581147166,0.2347210909212262,9,0.6297733390767959,0.17030137762372355,0.22120650765598632,9,8.292627997509118,.GCCGGGTCG..,6.0
egr1,1aay,EGR1_MOUSE.H11MO.0.A,5,1aay_state_007_EGR1_MOUSE.H11MO.0.A.npz,state,7.0,9,0.6091646977377043,0.1798487590616181,0.21190140115200662,9,0.6413212615259309,0.1708829729274536,0.21141537861993284,9,9.553944480397398,.GCCTGTGCG..,7.0
egr1,1aay,EGR1_MOUSE.H11MO.0.A,5,1aay_state_008_EGR1_MOUSE.H11MO.0.A.npz,state,8.0,9,0.7370416753184259,0.16115069213426775,0.14958444788502892,9,0.8325248619261421,0.14110422391968314,0.13097763257959982,9,7.91298907085709,.GCGGGGGCG..,8.0
egr1,1aay,EGR1_MOUSE.H11MO.0.A,5,1aay_state_009_EGR1_MOUSE.H11MO.0.A.npz,state,9.0,9,0.3972151290499003,0.21783153913404224,0.2701329720294566,9,0.4466019746209261,0.21303942379179513,0.2814581242688175,9,7.4689889759184425,.GCGTATGCA..,6.0
egr1,1aay,EGR1_MOUSE.H11MO.0.A,5,1aay_state_010_EGR1_MOUSE.H11MO.0.A.npz,state,10.0,9,0.7000202428612378,0.15700203361080234,0.16257363298492844,9,0.7878260948306655,0.13293596765692606,0.14197868472947872,9,9.363847271233766,.GCGGGTGCG..,7.0
egr1,1aay,EGR1_MOUSE.H11MO.0.A,5,1aay_state_011_EGR1_MOUSE.H11MO.0.A.npz,state,11.0,9,0.7716934664073013,0.14712965123180766,0.14255656032548786,9,0.8132567943948283,0.1343416457465436,0.1463447142644522,9,8.422009740650179,.GCGCGGGCG..,8.0
egr1,1aay,EGR1_MOUSE.H11MO.0.A,5,1aay_state_012_EGR1_MOUSE.H11MO.0.A.npz,state,12.0,9,0.36616616723969664,0.24503564879058912,0.2960355757554061,9,0.47058612930427085,0.22470421907686008,0.2763794089327863,9,8.050486848462025,.GCCGGTGCA..,5.0
egr1,1aay,EGR1_MOUSE.H11MO.0.A,5,1aay_state_013_EGR1_MOUSE.H11MO.0.A.npz,state,13.0,9,0.5336039582972343,0.20219266535099856,0.25191626947842155,9,0.4450023152466406,0.2347899116187667,0.32693788372291155,9,8.462718406054853,.GGATGGCCA..,5.0
egr1,1aay,EGR1_MOUSE.H11MO.0.A,5,1aay_state_014_EGR1_MOUSE.H11MO.0.A.npz,state,14.0,9,0.6835180051835926,0.17400255668164594,0.18684447866909995,9,0.6861546638290605,0.17033038646008614,0.1979063530245441,9,10.706426381720878,.GCCTGGACG..,7.0
egr1,1aay,EGR1_MOUSE.H11MO.0.A,5,1aay_state_016_EGR1_MOUSE.H11MO.0.A.npz,state,16.0,7,0.42559144201929144,0.22757441030366213,0.2860834001802825,7,0.4767484941652849,0.20119041907517904,0.28378080680913315,7,6.101232277818303,.GCCTGGT....,5.0
egr1,1aay,EGR1_MOUSE.H11MO.0.A,5,1aay_state_017_EGR1_MOUSE.H11MO.0.A.npz,state,17.0,7,0.6683509184897867,0.18463653908942693,0.1966424356820625,7,0.5978413175060566,0.20677536616234907,0.2504712556970662,7,4.567566962982961,.GCCTGGG....,6.0
egr1,1aay,EGR1_MOUSE.H11MO.0.A,5,1aay_state_018_EGR1_MOUSE.H11MO.0.A.npz,state,18.0,9,0.6001053035415368,0.18814454270533235,0.20818576360416594,9,0.7275683301759888,0.14891915179840806,0.1601920789375913,9,9.954975295412275,.GCCGGGGTG..,6.0
egr1,1aay,EGR1_MOUSE.H11MO.0.A,5,1aay_state_019_EGR1_MOUSE.H11MO.0.A.npz,state,19.0,9,0.6732980360727465,0.1579706857786126,0.17122446164268765,9,0.6543407158344018,0.15270714965623078,0.19357664487220702,9,10.619923639098324,.GCCTGGACG..,7.0
egr1,1aay,EGR1_MOUSE.H11MO.0.A,5,1aay_state_020_EGR1_MOUSE.H11MO.0.A.npz,state,20.0,9,0.4107224293212084,0.2241100961384493,0.27345635223825177,9,0.5185165979622818,0.18991623892604062,0.25123267862486093,9,7.524730466981271,.GCCGGTGCC..,5.0
egr1,1aay,EGR1_MOUSE.H11MO.0.A,5,1aay_state_021_EGR1_MOUSE.H11MO.0.A.npz,state,21.0,9,0.7083701933876292,0.15906848448179922,0.16270106279835767,9,0.7017265314802024,0.1628347239133695,0.19270746646793283,9,8.797003690849357,.GCATGGATG..,6.0
egr1,1aay,EGR1_MOUSE.H11MO.0.A,5,1aay_state_022_EGR1_MOUSE.H11MO.0.A.npz,state,22.0,9,0.3684414288806995,0.23758399665691993,0.3025355214995936,9,0.4013973129939788,0.22481742236899058,0.3078332374731797,9,9.248873818653143,.GCGTGTACA..,6.0
egr1,1aay,EGR1_MOUSE.H11MO.0.A,5,1aay_state_023_EGR1_MOUSE.H11MO.0.A.npz,state,23.0,9,0.5003714156438555,0.20437869969787748,0.26773433589341245,9,0.5236994046910993,0.19270211747304225,0.27172655235143217,9,8.961456987302963,.GCCTGCACG..,6.0
egr1,1aay,EGR1_MOUSE.H11MO.0.A,5,1aay_state_024_EGR1_MOUSE.H11MO.0.A.npz,state,24.0,9,0.6893829141719184,0.1666078419253204,0.1814140095957833,9,0.6930934021235088,0.15977970048617054,0.19228600262681592,9,11.099295273963982,.GCGTGGGCA..,8.0
egr1,1aay,EGR1_MOUSE.H11MO.0.A,5,1aay_state_025_EGR1_MOUSE.H11MO.0.A.npz,state,25.0,9,0.9130962677367439,0.10116247658637197,0.07042694869770186,9,0.8355827175502168,0.13368790988331763,0.13355548496260028,9,8.268191614275795,.GTGTGGGCG..,8.0
egr1,1aay,EGR1_MOUSE.H11MO.0.A,5,1aay_state_026_EGR1_MOUSE.H11MO.0.A.npz,state,26.0,9,0.5632942343257067,0.1813018366697684,0.22643560065377322,9,0.5941825291651942,0.17694513778486806,0.22295871055096445,9,10.377344229260082,.GCCTGTGCG..,7.0
egr1,1aay,EGR1_MOUSE.H11MO.0.A,5,1aay_state_027_EGR1_MOUSE.H11MO.0.A.npz,state,27.0,9,0.4551597567652856,0.20736331653218562,0.289295545758354,9,0.3743716961871404,0.24256974417302343,0.3624286193878922,9,10.307888297724737,.GAATGTCCG..,5.0
egr1,1aay,EGR1_MOUSE.H11MO.0.A,5,1aay_state_028_EGR1_MOUSE.H11MO.0.A.npz,state,28.0,7,0.34799559056163776,0.24398803804901295,0.3397360438909894,7,0.4121471759677169,0.2160213693444218,0.32664550770735373,7,7.513910317001239,.GCCTGAG....,5.0
egr1,1aay,EGR1_MOUSE.H11MO.0.A,5,1aay_state_029_EGR1_MOUSE.H11MO.0.A.npz,state,29.0,9,0.3133869729798342,0.23926891609153245,0.3124575549560281,9,0.2628785360891674,0.2670918374011914,0.36644039106543297,9,6.150032407534262,.GCCTGTTCA..,5.0
egr1,1aay,EGR1_MOUSE.H11MO.0.A,5,1aay_state_030_EGR1_MOUSE.H11MO.0.A.npz,state,30.0,7,0.6739944060947974,0.18311155051924288,0.18637834305209422,7,0.6880719508815574,0.1840537395078822,0.21092643882697268,7,5.0721979896948595,.GCGAGGT....,5.0
egr1,1aay,EGR1_MOUSE.H11MO.0.A,5,1aay_state_031_EGR1_MOUSE.H11MO.0.A.npz,state,31.0,9,0.4315743220735814,0.21672997190843388,0.27914903252824136,9,0.48371601762803784,0.20534320579544227,0.2832046117942505,9,7.226456578175529,.GCCGGGGCA..,6.0
egr1,1aay,EGR1_MOUSE.H11MO.0.A,5,1aay_state_032_EGR1_MOUSE.H11MO.0.A.npz,state,32.0,9,0.8224065903479376,0.1240107851481298,0.10848582969590094,9,0.8402512247696377,0.11989743588492274,0.11296907938676932,9,10.005123116682627,.GCCTGGGCG..,8.0
egr1,1aay,EGR1_MOUSE.H11MO.0.A,5,1aay_state_033_EGR1_MOUSE.H11MO.0.A.npz,state,33.0,9,0.5758670265988525,0.1675732906393629,0.2015991883295095,9,0.6583950892831929,0.15219836048911223,0.19917782950552484,9,8.60405777715366,.GCGGGTGCA..,6.0
egr1,1aay,EGR1_MOUSE.H11MO.0.A,5,1aay_state_034_EGR1_MOUSE.H11MO.0.A.npz,state,34.0,9,0.28687685956150755,0.27520774580059676,0.34710990184114665,9,0.3211198757784693,0.2667819509305345,0.3531423519781735,9,7.217955205202724,.GCCTGGACA..,6.0
egr1,1aay,EGR1_MOUSE.H11MO.0.A,5,1aay_state_036_EGR1_MOUSE.H11MO.0.A.npz,state,36.0,9,0.48723355800157103,0.2084771249614682,0.2635356494598762,9,0.5335306073543239,0.17943563912477759,0.25855056619297717,9,10.170760530066271,.GCCTGGGCA..,7.0
egr1,1aay,EGR1_MOUSE.H11MO.0.A,5,1aay_state_037_EGR1_MOUSE.H11MO.0.A.npz,state,37.0,9,0.6468948583263906,0.19226706858575604,0.2012747822574378,9,0.7550235268193581,0.16201868226441243,0.18346253546371127,9,7.239253453214742,.GCGGGTGCG..,7.0
egr1,1aay,EGR1_MOUSE.H11MO.0.A,5,1aay_state_038_EGR1_MOUSE.H11MO.0.A.npz,state,38.0,7,0.6668912947325895,0.17253740714763158,0.19157829314345678,7,0.6598204996110225,0.17886922057784563,0.20376850495641965,7,5.999064153616901,.GTGTGGT....,5.0
egr1,1aay,EGR1_MOUSE.H11MO.0.A,5,1aay_state_039_EGR1_MOUSE.H11MO.0.A.npz,state,39.0,9,0.4567680147822545,0.22043484944960154,0.2888435404706038,9,0.5515159926711989,0.17623427867268524,0.25038380695204937,9,10.226168209456855,.GCCGGTGCG..,6.0
egr1,1aay,EGR1_MOUSE.H11MO.0.A,5,1aay_state_040_EGR1_MOUSE.H11MO.0.A.npz,state,40.0,9,0.7309252550405396,0.15894391631041394,0.15772745469794172,9,0.7518521210731774,0.15377909342189217,0.18372680144581738,9,7.732250643208177,.GCGCGGGGG..,7.0
egr1,1aay,EGR1_MOUSE.H11MO.0.A,5,1aay_state_041_EGR1_MOUSE.H11MO.0.A.npz,state,41.0,9,0.5740019258534571,0.20104868902934767,0.23660244464150487,9,0.5365122209773286,0.2122567618401566,0.26771403514678316,9,8.319454791468324,.GTATGTTCG..,5.0
egr1,1aay,EGR1_MOUSE.H11MO.0.A,5,1aay_state_042_EGR1_MOUSE.H11MO.0.A.npz,state,42.0,9,0.8020962508729141,0.12550308641382596,0.12022669018741189,9,0.8117787425060593,0.12579369981055302,0.13627934135683273,9,10.501843263878596,.GCGTGGACG..,8.0
egr1,1aay,EGR1_MOUSE.H11MO.0.A,5,1aay_state_043_EGR1_MOUSE.H11MO.0.A.npz,state,43.0,9,0.8301522008247478,0.10901122140704603,0.09234808726089071,9,0.8083490179299017,0.12466274157890843,0.12223820911739515,9,9.1114521930147,.GCGTGGGCA..,8.0
egr1,1aay,EGR1_MOUSE.H11MO.0.A,5,1aay_state_044_EGR1_MOUSE.H11MO.0.A.npz,state,44.0,7,0.3232421245228247,0.23573161138587498,0.30216344250449817,7,0.3664790300827072,0.2263539495512045,0.31481107029114513,7,5.068251402028922,.GCCGGAC....,3.0
egr1,1aay,EGR1_MOUSE.H11MO.0.A,5,1aay_state_045_EGR1_MOUSE.H11MO.0.A.npz,state,45.0,9,0.21924423295357795,0.2761590637075844,0.36036485690934267,9,0.30397658919597736,0.26320807692698306,0.3674258274196216,9,5.651365453359562,.TCGGGTGCC..,5.0
egr1,1aay,EGR1_MOUSE.H11MO.0.A,5,1aay_state_046_EGR1_MOUSE.H11MO.0.A.npz,state,46.0,9,0.6141747831987422,0.16506968085660548,0.1901242891895565,9,0.7041554097505837,0.1336200846385004,0.17490904527160359,9,9.40704444898774,.GCGGGTACG..,6.0
egr1,1aay,EGR1_MOUSE.H11MO.0.A,5,1aay_state_047_EGR1_MOUSE.H11MO.0.A.npz,state,47.0,9,0.8976315669437498,0.09369778350972208,0.07325312565104247,9,0.9065395818058553,0.09719465802643551,0.08421620109151487,9,10.079918889990422,.GCGTGGGCG..,9.0
egr1,1aay,EGR1_MOUSE.H11MO.0.A,5,1aay_state_048_EGR1_MOUSE.H11MO.0.A.npz,state,48.0,9,0.646402361727548,0.17022378420774154,0.19199483330606743,9,0.5907437076189266,0.1952032736218017,0.27067659832914326,9,8.534037195648313,.GGACGGACG..,5.0
egr1,1aay,EGR1_MOUSE.H11MO.0.A,5,1aay_state_049_EGR1_MOUSE.H11MO.0.A.npz,state,49.0,7,0.506391094169588,0.22088748723035678,0.25788890447011986,7,0.5130361001106881,0.21653633957196558,0.30334045087835865,7,5.4562613328163145,.GCCCGGC....,4.0
egr1,1aay,EGR1_MOUSE.H11MO.0.A,5,1aay_state_050_EGR1_MOUSE.H11MO.0.A.npz,state,50.0,9,0.7979641753386916,0.15344546979758888,0.14010756268925928,9,0.8146693609205662,0.147843726598593,0.1421284382575966,9,9.477848776891303,.GCGTGTGCG..,8.0
egr1,1aay,EGR1_MOUSE.H11MO.0.A,5,1aay_state_051_EGR1_MOUSE.H11MO.0.A.npz,state,51.0,9,0.6629650883510132,0.16410995830503655,0.17209402892828907,9,0.699454651523539,0.14998362342723542,0.1807143597296589,9,9.177460908970415,.GCCGGGACG..,6.0
egr1,1aay,EGR1_MOUSE.H11MO.0.A,5,1aay_state_052_EGR1_MOUSE.H11MO.0.A.npz,state,52.0,9,0.6003558290410491,0.20446471936075897,0.22245519294164554,9,0.6607979319931138,0.19289553120163166,0.22090480526834566,9,7.342957098719969,.GCGTGTGCG..,8.0
egr1,1aay,EGR1_MOUSE.H11MO.0.A,5,1aay_state_053_EGR1_MOUSE.H11MO.0.A.npz,state,53.0,9,0.5827441535754614,0.17357432176706628,0.20920512138914293,9,0.5746181093142332,0.19602431119104344,0.24937006677702492,9,7.475306790869544,.GCGCGGGCA..,7.0
egr1,1aay,EGR1_MOUSE.H11MO.0.A,5,1aay_state_054_EGR1_MOUSE.H11MO.0.A.npz,state,54.0,9,0.5994183336131642,0.18227209743266334,0.19789158266516868,9,0.5815250881383089,0.18762621845346278,0.2331903555633073,9,8.640690519261293,.GTGTGGACA..,6.0
egr1,1aay,EGR1_MOUSE.H11MO.0.A,5,1aay_state_055_EGR1_MOUSE.H11MO.0.A.npz,state,55.0,9,0.2867542640460855,0.2593349540095207,0.346021323758672,9,0.32173196453970854,0.25219790991104674,0.35286361754260537,9,9.021417485657246,.GCCTGTGCA..,6.0
egr1,1aay,EGR1_MOUSE.H11MO.0.A,5,1aay_state_056_EGR1_MOUSE.H11MO.0.A.npz,state,56.0,9,0.291474729869774,0.24285476474162554,0.3044515560437522,9,0.32888663520008404,0.24697407026865725,0.3309317833465224,9,6.06596631160148,.GCGGGTTCA..,5.0
egr1,1aay,EGR1_MOUSE.H11MO.0.A,5,1aay_state_057_EGR1_MOUSE.H11MO.0.A.npz,state,57.0,7,0.6960719627387932,0.1571869452766675,0.16676573870684094,7,0.6384449791249032,0.19108006906961755,0.2167986489774816,7,5.488490164938279,.GCCTGGG....,6.0
egr1,1aay,EGR1_MOUSE.H11MO.0.A,5,1aay_state_058_EGR1_MOUSE.H11MO.0.A.npz,state,58.0,9,0.5034311786876399,0.2099397817591024,0.2419857347327007,9,0.5296455877116039,0.2022864659472058,0.25425498186076395,9,7.34469801343568,.GTCGGGGCA..,5.0
egr1,1aay,EGR1_MOUSE.H11MO.0.A,5,1aay_state_059_EGR1_MOUSE.H11MO.0.A.npz,state,59.0,9,0.6010873154701594,0.1620845400304663,0.20797565250651642,9,0.6432449765824059,0.1597121957456693,0.21313861796605765,9,8.575918602390471,.GCGTGTGCC..,7.0
egr1,1aay,EGR1_MOUSE.H11MO.0.A,5,1aay_state_060_EGR1_MOUSE.H11MO.0.A.npz,state,60.0,9,0.5071200478433314,0.20579574840990567,0.25558886164744676,9,0.5029651180069205,0.20395688470064974,0.2785181420688805,9,9.703652431524961,.GCGTGTACG..,7.0
egr1,1aay,EGR1_MOUSE.H11MO.0.A,5,1aay_state_061_EGR1_MOUSE.H11MO.0.A.npz,state,61.0,9,0.4026839394625217,0.21568073625773346,0.3269773970797479,9,0.3567239306355751,0.24579949370106785,0.37310014320440765,9,9.441842101510147,.GACTGACCG..,5.0
egr1,1aay,EGR1_MOUSE.H11MO.0.A,5,1aay_state_062_EGR1_MOUSE.H11MO.0.A.npz,state,62.0,9,0.719816642454983,0.17034917378623504,0.17156656113384117,9,0.7400233217058456,0.16770431892817012,0.17873202071744268,9,7.914641440562681,.GCGTGTACG..,7.0
egr1,1aay,EGR1_MOUSE.H11MO.0.A,5,1aay_state_063_EGR1_MOUSE.H11MO.0.A.npz,state,63.0,9,0.721580396037803,0.15493012639247658,0.14895920527099946,9,0.6848362578235878,0.1778546898438233,0.18837955616323218,9,7.794604927600629,.ATGTGTACG..,5.0
egr1,1aay,EGR1_MOUSE.H11MO.0.A,5,1aay_state_064_EGR1_MOUSE.H11MO.0.A.npz,state,64.0,9,0.8508311484542789,0.1177174254440211,0.10422725741940776,9,0.8696231741444703,0.12147762062441972,0.13154221795483212,9,6.76560157668271,.GCGTGTGCG..,8.0
egr1,1aay,EGR1_MOUSE.H11MO.0.A,5,1aay_state_065_EGR1_MOUSE.H11MO.0.A.npz,state,65.0,6,0.42606421395938926,0.23991414267463065,0.2935296973449813,6,0.3996961378286574,0.2622988978109788,0.36645481321202,6,4.959358779097266,....CGTTTG..,2.0
egr1,1aay,EGR1_MOUSE.H11MO.0.A,5,1aay_state_066_EGR1_MOUSE.H11MO.0.A.npz,state,66.0,9,0.7372794093285411,0.1451746957302223,0.14530321762957382,9,0.7687513992781512,0.13666569898810443,0.16542076204715128,9,6.874825132667761,.GCCGGTGCG..,6.0
egr1,1aay,EGR1_MOUSE.H11MO.0.A,5,1aay_state_067_EGR1_MOUSE.H11MO.0.A.npz,state,67.0,9,0.5442687523994062,0.2078059996080507,0.24273069326623753,9,0.5633996018153851,0.20814160578366783,0.26283177229413934,9,8.486472386581882,.GCGTGTGCA..,7.0
egr1,1aay,EGR1_MOUSE.H11MO.0.A,5,1aay_state_068_EGR1_MOUSE.H11MO.0.A.npz,state,68.0,9,0.6743078414881407,0.168977738081594,0.17776098533778248,9,0.6919608123047293,0.16927587605055627,0.18569265227560267,9,8.531255851101953,.GCCTGTGCG..,7.0
egr1,1aay,EGR1_MOUSE.H11MO.0.A,5,1aay_state_071_EGR1_MOUSE.H11MO.0.A.npz,state,71.0,9,0.6172154526964675,0.18430998705864315,0.2081756960959416,9,0.6180425776033982,0.182126837766393,0.22236304961098682,9,9.569742858942945,.GCCTGTGCG..,7.0
egr1,1aay,EGR1_MOUSE.H11MO.0.A,5,1aay_state_073_EGR1_MOUSE.H11MO.0.A.npz,state,73.0,9,0.40869883567581905,0.25238203173406265,0.3010001971293256,9,0.5549914725128803,0.2081313057569787,0.2543829672672585,9,8.234862391646578,.ACCGGGGCG..,6.0
egr1,1aay,EGR1_MOUSE.H11MO.0.A,5,1aay_state_074_EGR1_MOUSE.H11MO.0.A.npz,state,74.0,9,0.6913402120772256,0.15665820530234165,0.1639896234591685,9,0.6785444223201732,0.16750844355232808,0.19155973352187605,9,8.719178478463078,.GCGTGGGCA..,8.0
egr1,1aay,EGR1_MOUSE.H11MO.0.A,5,1aay_state_075_EGR1_MOUSE.H11MO.0.A.npz,state,75.0,9,0.5259222049514508,0.1998552029787485,0.22865972724582587,9,0.4897610290161434,0.22190207117495853,0.28817582210909926,9,5.3702007965086676,.GTGTGTGCA..,6.0
egr1,1aay,EGR1_MOUSE.H11MO.0.A,5,1aay_state_076_EGR1_MOUSE.H11MO.0.A.npz,state,76.0,9,0.7220139803175657,0.14731237832489164,0.15875680704984987,9,0.7014864032858116,0.1588696234846591,0.1998609701170076,9,9.74526031168022,.GCCTGTGCG..,7.0
egr1,1aay,EGR1_MOUSE.H11MO.0.A,5,1aay_state_077_EGR1_MOUSE.H11MO.0.A.npz,state,77.0,9,0.6648553512809605,0.15712622913512556,0.1885771333309972,9,0.6679763705418533,0.17053804846687448,0.2155817008792189,9,8.651874199387539,.GCGTGTGCG..,8.0
egr1,1aay,EGR1_MOUSE.H11MO.0.A,5,1aay_state_078_EGR1_MOUSE.H11MO.0.A.npz,state,78.0,9,0.49507913194939934,0.22519183867876158,0.24741486596319884,9,0.5228260279057094,0.22585537160436311,0.27149969839140736,9,6.872046764029141,.GCCTGTGCA..,6.0
egr1,1aay,EGR1_MOUSE.H11MO.0.A,5,1aay_state_079_EGR1_MOUSE.H11MO.0.A.npz,state,79.0,6,0.6955422512736124,0.16710801569570322,0.19051118645947993,6,0.6391906764942307,0.1913012693694327,0.22756214682076262,6,4.913014834041682,.GCGTGT.....,5.0
egr1,1aay,EGR1_MOUSE.H11MO.0.A,5,1aay_state_080_EGR1_MOUSE.H11MO.0.A.npz,state,80.0,9,0.7715081053750922,0.14228718774069826,0.14356232635784713,9,0.7572288904195237,0.1444599668724954,0.17444553979785507,9,9.546237322891917,.GCCTGGGCG..,8.0
egr1,1aay,EGR1_MOUSE.H11MO.0.A,5,1aay_state_081_EGR1_MOUSE.H11MO.0.A.npz,state,81.0,9,0.8535110702889654,0.12305492101586424,0.10292994938978388,9,0.866892244798431,0.12212786552360437,0.1103516626979498,9,9.551239206658552,.GCGTGGGCG..,9.0
egr1,1aay,EGR1_MOUSE.H11MO.0.A,5,1aay_state_083_EGR1_MOUSE.H11MO.0.A.npz,state,83.0,9,0.2920921786494059,0.2381911180515696,0.29530139863345206,9,0.29828448840878685,0.25585583602595663,0.3369043112283426,9,5.460972528037704,.ATGTATGCA..,4.0
egr1,1aay,EGR1_MOUSE.H11MO.0.A,5,1aay_state_084_EGR1_MOUSE.H11MO.0.A.npz,state,84.0,9,0.7203222517335612,0.12261469877072766,0.1496881075097494,9,0.7087469695925367,0.1362191894246886,0.17563468221197287,9,9.87199204231259,.GCGTGTGCG..,8.0
egr1,1aay,EGR1_MOUSE.H11MO.0.A,5,1aay_state_085_EGR1_MOUSE.H11MO.0.A.npz,state,85.0,9,0.7127590680270768,0.15121705717077324,0.1680466600645872,9,0.7608818483729592,0.12436897142712648,0.1520178488534971,9,10.401549111941765,.GCCTGGGCG..,8.0
egr1,1aay,EGR1_MOUSE.H11MO.0.A,5,1aay_state_086_EGR1_MOUSE.H11MO.0.A.npz,state,86.0,9,0.5910946086118182,0.18987631973868702,0.21730158770880742,9,0.6395855306464244,0.16736149358459645,0.21042263068203976,9,9.706634334612017,.GCCTGGACG..,7.0
egr1,1aay,EGR1_MOUSE.H11MO.0.A,5,1aay_state_087_EGR1_MOUSE.H11MO.0.A.npz,state,87.0,9,0.755922061652881,0.14664264128320306,0.14348259250196438,9,0.7359008210779736,0.1618591245035835,0.17840196924514842,9,8.727892082922635,.GCATGGGAG..,7.0
egr1,1aay,EGR1_MOUSE.H11MO.0.A,5,1aay_state_088_EGR1_MOUSE.H11MO.0.A.npz,state,88.0,9,0.4806783749514745,0.21727828725286397,0.2494537471608519,9,0.46516754310347713,0.23303634161452969,0.29289591254493424,9,6.575684543877883,.GTGCGTGCA..,5.0
egr1,1aay,EGR1_MOUSE.H11MO.0.A,5,1aay_state_089_EGR1_MOUSE.H11MO.0.A.npz,state,89.0,9,0.5211463856900863,0.1949003598694819,0.2246949537379827,9,0.5496654438593855,0.19611636729031387,0.2561396807237799,9,6.416537585188312,.GCGCGTGCA..,6.0
egr1,1aay,EGR1_MOUSE.H11MO.0.A,5,1aay_state_090_EGR1_MOUSE.H11MO.0.A.npz,state,90.0,9,0.5671794201791492,0.19716053039721576,0.24784048797743397,9,0.6051079982752924,0.19414331352648637,0.25807723724493187,9,8.462724511839133,.GCGTGTACG..,7.0
egr1,1aay,EGR1_MOUSE.H11MO.0.A,5,1aay_state_091_EGR1_MOUSE.H11MO.0.A.npz,state,91.0,9,0.5628928944588999,0.1949416138344936,0.22367689617464867,9,0.5228657647542984,0.21182859108537538,0.2791376848406558,9,8.303604700383083,.GCATGGTCA..,6.0
egr1,1aay,EGR1_MOUSE.H11MO.0.A,5,1aay_state_092_EGR1_MOUSE.H11MO.0.A.npz,state,92.0,9,0.6915111789388617,0.16080472174184657,0.1876995227632385,9,0.7085792664143078,0.15709813124784786,0.18493767582266385,9,11.050812682306198,.GCCTGGGCG..,8.0
egr1,1aay,EGR1_MOUSE.H11MO.0.A,5,1aay_state_093_EGR1_MOUSE.H11MO.0.A.npz,state,93.0,9,0.4164069480913336,0.22758467046757383,0.28819238401713926,9,0.4603335819461805,0.2023774439132669,0.29020745956556465,9,9.409987934720775,.GCCTGGACA..,6.0
egr1,1aay,EGR1_MOUSE.H11MO.0.A,5,1aay_state_094_EGR1_MOUSE.H11MO.0.A.npz,state,94.0,7,0.6327244370856617,0.18608126355268592,0.20421875510061915,7,0.616835725992567,0.1934502199707952,0.2300599568741521,7,4.96785123722381,.GCCTGAG....,5.0
egr1,1aay,EGR1_MOUSE.H11MO.0.A,5,1aay_state_095_EGR1_MOUSE.H11MO.0.A.npz,state,95.0,9,0.6741833208401118,0.17541573558102957,0.18011178366237937,9,0.7046358773066046,0.1669424122996538,0.19441920639977694,9,7.009208987558461,.GTGGGTACG..,5.0
egr1,1aay,EGR1_MOUSE.H11MO.0.A,5,1aay_state_096_EGR1_MOUSE.H11MO.0.A.npz,state,96.0,9,0.8226831468386583,0.13679477181479646,0.11625599477819876,9,0.8980795048313093,0.11409087509350178,0.1057902027275973,9,8.130973843642009,.GTGGGGGCG..,7.0
egr1,1aay,EGR1_MOUSE.H11MO.0.A,5,1aay_state_097_EGR1_MOUSE.H11MO.0.A.npz,state,97.0,7,0.570029522597457,0.18191653730381013,0.22736493131041893,7,0.5761201662591567,0.1737723430186244,0.2601079972586099,7,7.504111151898542,.GCATGGC....,5.0
egr1,1aay,EGR1_MOUSE.H11MO.0.A,5,1aay_state_098_EGR1_MOUSE.H11MO.0.A.npz,state,98.0,9,0.7456507354942914,0.13011292499302524,0.14469772652959717,9,0.7062520997401172,0.14492663713624804,0.19279888849573276,9,9.651287673548413,.GCATGGACG..,7.0
egr1,1aay,EGR1_MOUSE.H11MO.0.A,5,ENSEMBLE_MEAN,ensemble_mean,,9,0.7889072367513336,0.16762217809819796,0.14505432661023632,9,0.8130955739067786,0.16187002747916812,0.16862877315414368,9,5.156288413967701,.GCGTGGGCG..,9.0
engrailed,3hdd,MA0220.1.jaspar,1,3hdd_A_MA0220.1.jaspar.npz,crystal,,6,1.0,0.0,0.0,6,0.9011104520752358,0.1026955210545566,0.11584061740330087,6,7.854398628935895,TAATTA.,
engrailed,3hdd,MA0220.1.jaspar,1,3hdd_state_001_MA0220.1.jaspar.npz,state,1.0,6,0.753083385009474,0.12160200504877139,0.12375723505335727,6,0.6501530717883344,0.17620715087105054,0.238215318049639,6,6.473704880765952,TGATTG.,4.0
engrailed,3hdd,MA0220.1.jaspar,1,3hdd_state_002_MA0220.1.jaspar.npz,state,2.0,6,0.6614458342088667,0.14335580945771653,0.15739417585433235,6,0.5990775674435032,0.18226701255480293,0.2697341405790213,6,5.9996966963538565,TATTTG.,4.0
engrailed,3hdd,MA0220.1.jaspar,1,3hdd_state_003_MA0220.1.jaspar.npz,state,3.0,4,0.31070924990528254,0.239493188927554,0.3031666335592021,4,0.2668273555244708,0.300938274363034,0.4757876548428518,4,4.51561558730434,..TTCT.,1.0
engrailed,3hdd,MA0220.1.jaspar,1,3hdd_state_004_MA0220.1.jaspar.npz,state,4.0,6,0.7769080549327074,0.13872391779538398,0.1287348686036726,6,0.6531943614929969,0.19816769594035577,0.2669747783430866,6,4.772707670371803,TATTTG.,4.0
engrailed,3hdd,MA0220.1.jaspar,1,3hdd_state_006_MA0220.1.jaspar.npz,state,6.0,6,0.6474156523840068,0.16673201876498447,0.16943976044836764,6,0.5398600566283495,0.21098889224231243,0.30310988500722075,6,5.5962907548988206,TGATTG.,4.0
engrailed,3hdd,MA0220.1.jaspar,1,3hdd_state_007_MA0220.1.jaspar.npz,state,7.0,6,0.7744777737665862,0.10957447968212364,0.11969014361139839,6,0.6231157967938521,0.18532711515763367,0.2696738676404048,6,8.096099892581037,TGATTG.,4.0
engrailed,3hdd,MA0220.1.jaspar,1,3hdd_state_008_MA0220.1.jaspar.npz,state,8.0,6,0.8547892352123652,0.08682680839168218,0.07975637256644873,6,0.7363832964775175,0.17269719939213246,0.22289162493606676,6,5.9103425279890835,TAAATG.,4.0
engrailed,3hdd,MA0220.1.jaspar,1,3hdd_state_009_MA0220.1.jaspar.npz,state,9.0,6,0.5105416662314604,0.2061267716368699,0.2339553457210454,6,0.32506136271659325,0.29095786509909277,0.426004621647085,6,5.220751747008707,TGTTTG.,3.0
engrailed,3hdd,MA0220.1.jaspar,1,3hdd_state_010_MA0220.1.jaspar.npz,state,10.0,6,0.6460034296103057,0.13989865188462622,0.17697168399294627,6,0.5130966968722239,0.22898464353662953,0.3314492093480164,6,7.029012599727312,TTATTG.,4.0
engrailed,3hdd,MA0220.1.jaspar,1,3hdd_state_011_MA0220.1.jaspar.npz,state,11.0,6,0.9634212155178357,0.0587781544503135,0.031244296326050008,6,0.8476683308728341,0.11679582184297033,0.1475835251435612,6,6.8127071229593135,TAATTG.,5.0
engrailed,3hdd,MA0220.1.jaspar,1,3hdd_state_012_MA0220.1.jaspar.npz,state,12.0,6,0.7690944757824649,0.14236483453714754,0.12469170570377462,6,0.6522613074073749,0.18169214055039143,0.2480870574878895,6,5.421249048892703,TATTTG.,4.0
engrailed,3hdd,MA0220.1.jaspar,1,3hdd_state_013_MA0220.1.jaspar.npz,state,13.0,6,0.9792300021599916,0.0331157981272554,0.013422834828526123,6,0.8194367823417495,0.12084392445103731,0.15584459634040024,6,8.304077772203573,TAATTG.,5.0
engrailed,3hdd,MA0220.1.jaspar,1,3hdd_state_015_MA0220.1.jaspar.npz,state,15.0,6,0.9328469488525886,0.08048545104490283,0.04889720583236549,6,0.7927373923313131,0.13623563279785836,0.17532477590252438,6,6.581826270672503,TAATTG.,5.0
engrailed,3hdd,MA0220.1.jaspar,1,3hdd_state_016_MA0220.1.jaspar.npz,state,16.0,6,0.8622276841049593,0.10095362176070921,0.07752377396910567,6,0.7181609111559104,0.1601911275453555,0.21119218229181588,6,6.342912239653575,TATTTG.,4.0
engrailed,3hdd,MA0220.1.jaspar,1,3hdd_state_017_MA0220.1.jaspar.npz,state,17.0,6,0.981542986360113,0.03938264866883401,0.02039696257137827,6,0.8383393643088173,0.13020466857415158,0.16385503283772265,6,7.632625152279286,TAATTG.,5.0
engrailed,3hdd,MA0220.1.jaspar,1,3hdd_state_018_MA0220.1.jaspar.npz,state,18.0,6,0.9052839833787157,0.11037815691088326,0.07511113933529033,6,0.8089057140089558,0.15152190652831146,0.19540412513100724,6,4.826034248378159,TAATTG.,5.0
engrailed,3hdd,MA0220.1.jaspar,1,3hdd_state_019_MA0220.1.jaspar.npz,state,19.0,6,0.7184806574145318,0.11427034247996441,0.14857881990818192,6,0.5860290716721395,0.19962203556497116,0.3034608934905943,6,8.318758017783379,TTATTG.,4.0
engrailed,3hdd,MA0220.1.jaspar,1,3hdd_state_020_MA0220.1.jaspar.npz,state,20.0,5,0.40041945965346487,0.20313885223586112,0.272899465320147,5,0.3454872477248731,0.27232284067431467,0.43044917962702395,5,5.10205626577965,.GTTTG.,2.0
engrailed,3hdd,MA0220.1.jaspar,1,3hdd_state_021_MA0220.1.jaspar.npz,state,21.0,6,0.5490282149890736,0.19079546941065928,0.22214108339110702,6,0.44487761002197873,0.22712386966789685,0.3540340126377488,6,6.420041701558026,TATTTG.,4.0
engrailed,3hdd,MA0220.1.jaspar,1,3hdd_state_022_MA0220.1.jaspar.npz,state,22.0,6,0.4319509282621684,0.19442636657549883,0.2810932201006421,6,0.31305051125537414,0.28545557112738607,0.45147712009571045,6,7.56282513650665,TTTTTG.,3.0
engrailed,3hdd,MA0220.1.jaspar,1,3hdd_state_023_MA0220.1.jaspar.npz,state,23.0,6,0.9680786663755931,0.047585483519166395,0.02567137023556799,6,0.8824011689820361,0.10056681327114347,0.12802077211634266,6,6.935313046392826,TAATTG.,5.0
engrailed,3hdd,MA0220.1.jaspar,1,3hdd_state_024_MA0220.1.jaspar.npz,state,24.0,6,-0.00016976050155818222,0.3515841452863242,0.5279582557061181,6,-0.0562385631610112,0.37964238484346424,0.6543073100208053,6,7.489022522069079,AATCAC.,1.0
engrailed,3hdd,MA0220.1.jaspar,1,3hdd_state_025_MA0220.1.jaspar.npz,state,25.0,6,0.7544841286540476,0.13457663041966347,0.1360381807247114,6,0.7071862573758447,0.19961669556020448,0.24491278969359334,6,4.300646501783618,TGTTTA.,4.0
engrailed,3hdd,MA0220.1.jaspar,1,3hdd_state_026_MA0220.1.jaspar.npz,state,26.0,6,0.822538385047918,0.12831975119721997,0.11220296494078379,6,0.754440551612183,0.1585402723600661,0.2113656602468709,6,5.219482675217485,TTATTG.,4.0
engrailed,3hdd,MA0220.1.jaspar,1,3hdd_state_027_MA0220.1.jaspar.npz,state,27.0,6,0.8890543074154057,0.09752529584026585,0.07282717617429942,6,0.7712427845588219,0.1499901124528454,0.19372295792443348,6,5.8641301973716535,TAATTG.,5.0
engrailed,3hdd,MA0220.1.jaspar,1,3hdd_state_028_MA0220.1.jaspar.npz,state,28.0,6,0.9848022439641331,0.038389079687476624,0.015356951225174746,6,0.9243412773433258,0.09446254665817833,0.10598115711517075,6,8.094240059428406,TAATTA.,6.0
engrailed,3hdd,MA0220.1.jaspar,1,3hdd_state_029_MA0220.1.jaspar.npz,state,29.0,6,0.9161753190888136,0.09539303578397569,0.06511210586422504,6,0.7865242975527276,0.145788605150301,0.18463294167234143,6,6.161142752074083,TAATTG.,5.0
engrailed,3hdd,MA0220.1.jaspar,1,3hdd_state_030_MA0220.1.jaspar.npz,state,30.0,4,0.9770387029077989,0.06156865677166934,0.031551819550230356,4,0.8704423284808953,0.14032563762611971,0.18209908227008914,4,3.9088513283320303,..ATTG.,3.0
engrailed,3hdd,MA0220.1.jaspar,1,3hdd_state_031_MA0220.1.jaspar.npz,state,31.0,6,0.8245806559837883,0.10567054882994853,0.1147045355357643,6,0.7797222179334936,0.17616824945434928,0.21503216181822124,6,4.873556117670553,TCATTA.,5.0
engrailed,3hdd,MA0220.1.jaspar,1,3hdd_state_032_MA0220.1.jaspar.npz,state,32.0,6,0.910792017361858,0.07845768524566665,0.0557837020012266,6,0.7414506290354841,0.16480952286898778,0.21039781717682057,6,6.585402926112863,TAATTG.,5.0
engrailed,3hdd,MA0220.1.jaspar,1,3hdd_state_033_MA0220.1.jaspar.npz,state,33.0,6,0.6126448000302939,0.17041235382203013,0.18358195344275396,6,0.5801360748581331,0.1988148175587412,0.28173637698078097,6,5.448119321709811,CTATTG.,3.0
engrailed,3hdd,MA0220.1.jaspar,1,3hdd_state_034_MA0220.1.jaspar.npz,state,34.0,6,0.6509820451120489,0.15615217100033382,0.16954758513476478,6,0.6725116920717548,0.18535608704648135,0.23730571256533609,6,5.353957483856032,TGTTTA.,4.0
engrailed,3hdd,MA0220.1.jaspar,1,3hdd_state_035_MA0220.1.jaspar.npz,state,35.0,6,0.989398155163151,0.02787956126849167,0.010702415060984521,6,0.8585430645802256,0.11613294573423143,0.14389805354563903,6,8.050978380597362,TAATTA.,6.0
engrailed,3hdd,MA0220.1.jaspar,1,3hdd_state_036_MA0220.1.jaspar.npz,state,36.0,6,0.7100567605732947,0.11279837705660611,0.14156226871616,6,0.5697507758832192,0.19367919009528123,0.288802194292023,6,7.429369005443963,TATTTG.,4.0
engrailed,3hdd,MA0220.1.jaspar,1,3hdd_state_037_MA0220.1.jaspar.npz,state,37.0,6,0.6351546034984306,0.16806447663111612,0.17286104289136772,6,0.5579759551061307,0.2010758008012393,0.29525767835738376,6,5.17062297512301,TATTTG.,4.0
engrailed,3hdd,MA0220.1.jaspar,1,3hdd_state_038_MA0220.1.jaspar.npz,state,38.0,6,0.6295061155400125,0.20681680307219116,0.19933569145230576,6,0.5520893508231727,0.23919230090299,0.3326414024210514,6,2.739951983305894,TAGTTG.,4.0
engrailed,3hdd,MA0220.1.jaspar,1,3hdd_state_039_MA0220.1.jaspar.npz,state,39.0,6,0.7526014683146939,0.14500434521081237,0.13567273826494408,6,0.5889900802480822,0.22455383639317006,0.3020367850787976,6,4.281004941760179,TATTTG.,4.0
engrailed,3hdd,MA0220.1.jaspar,1,3hdd_state_040_MA0220.1.jaspar.npz,state,40.0,6,0.7614951861293056,0.13921130594584005,0.1338901714042963,6,0.6626101868560179,0.20923884459868228,0.2692170286209397,6,4.707758958794065,TGTTTA.,4.0
engrailed,3hdd,MA0220.1.jaspar,1,3hdd_state_042_MA0220.1.jaspar.npz,state,42.0,6,0.6947368490722119,0.12103427475570545,0.1592004340892269,6,0.6240995789570273,0.18165373672673013,0.26567351776000914,6,7.687687788859687,TTATTT.,4.0
engrailed,3hdd,MA0220.1.jaspar,1,3hdd_state_043_MA0220.1.jaspar.npz,state,43.0,6,0.7578287478065391,0.14148435909252535,0.13235744581888578,6,0.7908646283960786,0.1610230909451881,0.19705707071760348,6,5.515446686393995,CAATTT.,4.0
engrailed,3hdd,MA0220.1.jaspar,1,3hdd_state_044_MA0220.1.jaspar.npz,state,44.0,6,0.6780766642828487,0.1536454102024436,0.1591564388928486,6,0.6410161061580264,0.19154733055620454,0.2547994730044165,6,4.947215465656315,TGTTTG.,3.0
engrailed,3hdd,MA0220.1.jaspar,1,3hdd_state_045_MA0220.1.jaspar.npz,state,45.0,6,0.8952275882481912,0.09711482549513069,0.07954303528027497,6,0.8135246566719535,0.1661500717746094,0.19372978080192468,6,4.908412446953721,TGATTG.,4.0
engrailed,3hdd,MA0220.1.jaspar,1,3hdd_state_046_MA0220.1.jaspar.npz,state,46.0,6,0.8329832732730607,0.10672538570846275,0.09979788960655507,6,0.8668760185788897,0.1257076288505535,0.1561229572184938,6,5.627528674142082,TGATTA.,5.0
engrailed,3hdd,MA0220.1.jaspar,1,3hdd_state_047_MA0220.1.jaspar.npz,state,47.0,6,0.9591020814403888,0.056253864505076,0.03215162193920382,6,0.9094392938427925,0.10387852800825688,0.1188812688651474,6,8.043518416882012,TAATTA.,6.0
engrailed,3hdd,MA0220.1.jaspar,1,3hdd_state_048_MA0220.1.jaspar.npz,state,48.0,6,0.7641085602161912,0.13871136666481712,0.12618385490990194,6,0.6249096239086256,0.18577394625935995,0.24812809366743885,6,6.46917758948117,TATTTG.,4.0
engrailed,3hdd,MA0220.1.jaspar,1,3hdd_state_050_MA0220.1.jaspar.npz,state,50.0,6,0.9341146687170264,0.07859586070117075,0.05650021044687651,6,0.8540704413319375,0.1397505490410064,0.15541885027173327,6,6.066112071124261,TAATTG.,5.0
engrailed,3hdd,MA0220.1.jaspar,1,3hdd_state_051_MA0220.1.jaspar.npz,state,51.0,6,0.6374138591695745,0.15453144732358245,0.17552143349257557,6,0.6420228688474034,0.17126201320206746,0.24905720409977805,6,6.688888500279543,CTATTT.,3.0
engrailed,3hdd,MA0220.1.jaspar,1,3hdd_state_053_MA0220.1.jaspar.npz,state,53.0,6,0.7331308248653295,0.13869036166579463,0.12921817714008765,6,0.591676224291436,0.19281704491004348,0.27143223964964786,6,5.875360760747167,TATTTG.,4.0
engrailed,3hdd,MA0220.1.jaspar,1,3hdd_state_054_MA0220.1.jaspar.npz,state,54.0,6,0.9893784336476331,0.02666034586339568,0.008080019054073895,6,0.8418857926167853,0.11613614929956384,0.14485340242428194,6,8.361672012693381,TAATTG.,5.0
engrailed,3hdd,MA0220.1.jaspar,1,3hdd_state_055_MA0220.1.jaspar.npz,state,55.0,6,0.8565645221803825,0.09666108322077586,0.08073770588632713,6,0.7118273367623942,0.16631186314528654,0.21535032088996311,6,6.690289247721364,TGATTG.,4.0
engrailed,3hdd,MA0220.1.jaspar,1,3hdd_state_056_MA0220.1.jaspar.npz,state,56.0,6,0.5265872459388334,0.17456529939954635,0.23556369456404105,6,0.5856278376064444,0.19368560680595692,0.2771087579110219,6,8.239156059650757,CTATTG.,3.0
engrailed,3hdd,MA0220.1.jaspar,1,3hdd_state_057_MA0220.1.jaspar.npz,state,57.0,6,0.47651849370863103,0.20217658282490447,0.24270231239215542,6,0.3655163382466476,0.2560177469373836,0.3827011840888621,6,5.311864197161661,TGTTTG.,3.0
engrailed,3hdd,MA0220.1.jaspar,1,3hdd_state_059_MA0220.1.jaspar.npz,state,59.0,6,0.73749061616672,0.13411867123007445,0.13274336963743696,6,0.7383636492525626,0.14650753916369771,0.19149782478513389,6,7.41099884753879,TAATCA.,5.0
engrailed,3hdd,MA0220.1.jaspar,1,3hdd_state_060_MA0220.1.jaspar.npz,state,60.0,6,0.6068854567622001,0.14980758915892997,0.18656504102459567,6,0.6480216364341074,0.17423077243802254,0.24708541158747868,6,6.9641772238871384,CTATTA.,4.0
engrailed,3hdd,MA0220.1.jaspar,1,3hdd_state_062_MA0220.1.jaspar.npz,state,62.0,6,0.7614592648030188,0.12694170852773823,0.12047607329183863,6,0.6620536747316729,0.1813068567425944,0.25239686522665,6,5.253683556716774,TATTTG.,4.0
engrailed,3hdd,MA0220.1.jaspar,1,3hdd_state_063_MA0220.1.jaspar.npz,state,63.0,6,0.5357112866655378,0.1804042278556229,0.21234609050786687,6,0.3625452480901405,0.2683537813543732,0.4057081171143137,6,6.1708205255702016,TAACCG.,3.0
engrailed,3hdd,MA0220.1.jaspar,1,3hdd_state_064_MA0220.1.jaspar.npz,state,64.0,6,0.9822156245775586,0.03717748810292202,0.017309662637533658,6,0.8230097164988587,0.12232858427463118,0.15843767655966393,6,8.416069815272905,TAATTG.,5.0
engrailed,3hdd,MA0220.1.jaspar,1,3hdd_state_065_MA0220.1.jaspar.npz,state,65.0,6,0.8970374798891868,0.09342457617094624,0.06737451135833611,6,0.7090314344641693,0.17697189903386365,0.23016578719613,6,6.643391200364151,TAATTG.,5.0
engrailed,3hdd,MA0220.1.jaspar,1,3hdd_state_066_MA0220.1.jaspar.npz,state,66.0,6,0.4287275239552631,0.2166353713725281,0.2657539437078649,6,0.42707630602796504,0.24202301636645038,0.36911140284641464,6,5.274919582198219,TTTTTT.,3.0
engrailed,3hdd,MA0220.1.jaspar,1,3hdd_state_067_MA0220.1.jaspar.npz,state,67.0,5,0.36918624377502957,0.21024964035896118,0.3080367188321132,5,0.3239264264309145,0.2733370214496972,0.4514964864473587,5,6.52899379631241,.GTTTG.,2.0
engrailed,3hdd,MA0220.1.jaspar,1,3hdd_state_068_MA0220.1.jaspar.npz,state,68.0,6,0.6986779809060617,0.159631962509593,0.15386930900449983,6,0.6357944910013595,0.1993879340783072,0.274619762185995,6,4.219602744829156,TGATTG.,4.0
engrailed,3hdd,MA0220.1.jaspar,1,3hdd_state_069_MA0220.1.jaspar.npz,state,69.0,6,0.8466528054752769,0.1030437027705678,0.0855740687475416,6,0.7473193399791512,0.15876620499572405,0.20672755616762706,6,5.704522195299604,TGATTG.,4.0
engrailed,3hdd,MA0220.1.jaspar,1,3hdd_state_070_MA0220.1.jaspar.npz,state,70.0,6,0.58185102570073,0.17825565185436668,0.19623442795655419,6,0.5012897390981531,0.21508802661749846,0.31437037658958306,6,5.194869114749427,TATTTG.,4.0
engrailed,3hdd,MA0220.1.jaspar,1,3hdd_state_071_MA0220.1.jaspar.npz,state,71.0,6,0.7846128605087177,0.13020675490527842,0.11402270637541705,6,0.6474034456578759,0.1864564415118366,0.2459774196880156,6,6.017053492129585,TATTTG.,4.0
engrailed,3hdd,MA0220.1.jaspar,1,3hdd_state_072_MA0220.1.jaspar.npz,state,72.0,6,0.8409617243087434,0.09607098558808502,0.08998266186000943,6,0.6994909782421814,0.17760921390254225,0.23711154026412098,6,7.176901707544229,TATTTG.,4.0
engrailed,3hdd,MA0220.1.jaspar,1,3hdd_state_073_MA0220.1.jaspar.npz,state,73.0,6,0.8846618702863672,0.10677562848043938,0.07425639008033623,6,0.7498177552115681,0.14979954439331777,0.20032123878096245,6,6.092474005997497,TAATTG.,5.0
engrailed,3hdd,MA0220.1.jaspar,1,3hdd_state_074_MA0220.1.jaspar.npz,state,74.0,6,0.7045151787680983,0.14246166960219853,0.14437979888035643,6,0.6080415010500745,0.19104780293613052,0.27196914485789975,6,5.416153516562674,TATTTG.,4.0
engrailed,3hdd,MA0220.1.jaspar,1,3hdd_state_076_MA0220.1.jaspar.npz,state,76.0,6,0.8879132106180727,0.10156701540593834,0.08083146269515176,6,0.8372116368065424,0.1440232951475385,0.17649505474898042,6,5.299791880609098,TAATTA.,6.0
engrailed,3hdd,MA0220.1.jaspar,1,3hdd_state_077_MA0220.1.jaspar.npz,state,77.0,6,0.9790854660172816,0.04051649813300173,0.02011027673020139,6,0.8142815575500515,0.12457101946044229,0.16564194906480095,6,8.510464730836423,TAATTG.,5.0
engrailed,3hdd,MA0220.1.jaspar,1,3hdd_state_080_MA0220.1.jaspar.npz,state,80.0,6,0.8329612473691611,0.11679237440936656,0.10563697037439618,6,0.702985477960435,0.17586890372088723,0.2307081930007033,6,6.079668134907392,TGATTG.,4.0
engrailed,3hdd,MA0220.1.jaspar,1,3hdd_state_081_MA0220.1.jaspar.npz,state,81.0,6,0.9759278167169563,0.03942004792406806,0.01773569976837384,6,0.8114901270233187,0.12048305425196304,0.1591980411972166,6,8.496023325652088,TAATTG.,5.0
engrailed,3hdd,MA0220.1.jaspar,1,3hdd_state_082_MA0220.1.jaspar.npz,state,82.0,6,0.795808124537198,0.14121248771940978,0.12255134865621409,6,0.6080608856687938,0.2220176211752308,0.2849049653391352,6,5.024032894882391,TAATTG.,5.0
engrailed,3hdd,MA0220.1.jaspar,1,3hdd_state_083_MA0220.1.jaspar.npz,state,83.0,6,0.8566252832874784,0.10412362896446818,0.08559428532201323,6,0.7710939705400547,0.14003993692616254,0.1828652260076451,6,6.309888478479162,TGATTG.,4.0
engrailed,3hdd,MA0220.1.jaspar,1,3hdd_state_084_MA0220.1.jaspar.npz,state,84.0,5,-0.1084873429644242,0.32200702618356447,0.48415226555344715,5,-0.09320705387082523,0.394994422376476,0.6487348484301487,5,5.002467332710855,.TTCTG.,1.0
engrailed,3hdd,MA0220.1.jaspar,1,3hdd_state_086_MA0220.1.jaspar.npz,state,86.0,6,0.9283506486122016,0.08234994604814953,0.054458086842675814,6,0.841126235224615,0.12536324687243905,0.16590525523505487,6,5.858429723538968,TAATTG.,5.0
engrailed,3hdd,MA0220.1.jaspar,1,3hdd_state_087_MA0220.1.jaspar.npz,state,87.0,6,0.7937870028088381,0.11872159700578777,0.10733387540301154,6,0.6694684338565237,0.157861226585131,0.22001584895340723,6,7.1654293106525975,TATTTG.,4.0
engrailed,3hdd,MA0220.1.jaspar,1,3hdd_state_088_MA0220.1.jaspar.npz,state,88.0,6,0.9458471118708652,0.054081136535387486,0.039019002027042594,6,0.8275585946368998,0.14370401425791593,0.16990392587292627,6,6.800127551305654,TAATTG.,5.0
engrailed,3hdd,MA0220.1.jaspar,1,3hdd_state_089_MA0220.1.jaspar.npz,state,89.0,6,0.9384673126137164,0.0625963375568972,0.03813885285715627,6,0.8189086111495073,0.1046278437837221,0.14519578721296644,6,7.583456134377766,TAATTG.,5.0
engrailed,3hdd,MA0220.1.jaspar,1,3hdd_state_090_MA0220.1.jaspar.npz,state,90.0,6,0.989074609801217,0.02990566985681653,0.0106276118257358,6,0.8450848889992875,0.12296282402045715,0.14885353526664394,6,8.03222429279821,TAATTG.,5.0
engrailed,3hdd,MA0220.1.jaspar,1,3hdd_state_091_MA0220.1.jaspar.npz,state,91.0,6,0.5943656453787082,0.16123810938127767,0.19373066234025885,6,0.5866478081415113,0.19837606181317824,0.2690206319165232,6,7.169389564336055,TGAATA.,4.0
engrailed,3hdd,MA0220.1.jaspar,1,3hdd_state_092_MA0220.1.jaspar.npz,state,92.0,6,0.9215082771153662,0.06883019665353156,0.045959789199049896,6,0.8199813531454321,0.09894500657780252,0.14367959214835602,6,7.576449843556283,TAATTG.,5.0
engrailed,3hdd,MA0220.1.jaspar,1,3hdd_state_093_MA0220.1.jaspar.npz,state,93.0,6,0.8092677872479412,0.11613805256880975,0.11178427412970866,6,0.6995128979828388,0.1659893008036306,0.22619380163624134,6,5.952243499632684,TGATTG.,4.0
engrailed,3hdd,MA0220.1.jaspar,1,3hdd_state_094_MA0220.1.jaspar.npz,state,94.0,6,0.9608328860147118,0.04341545022907667,0.02823284379943113,6,0.9571525580084019,0.06985046499175951,0.06856768114393826,6,8.781609939769673,TAATTA.,6.0
engrailed,3hdd,MA0220.1.jaspar,1,3hdd_state_095_MA0220.1.jaspar.npz,state,95.0,6,0.9310377179549728,0.07395154315842471,0.047223678418544336,6,0.8115169536938629,0.10804951354415,0.15329167361917106,6,7.470142524282191,TAATTG.,5.0
engrailed,3hdd,MA0220.1.jaspar,1,3hdd_state_097_MA0220.1.jaspar.npz,state,97.0,6,0.9751463579746262,0.045857445346579574,0.023818111336243595,6,0.8169963431090627,0.14590671637173122,0.17978255863706502,6,6.809380685955045,TAATTG.,5.0
engrailed,3hdd,MA0220.1.jaspar,1,ENSEMBLE_MEAN,ensemble_mean,,6,0.9199712089621727,0.10507442162385285,0.07242874755084695,6,0.8033188671869738,0.17214474647155806,0.20709071754411024,6,4.5323821804097575,TAATTG.,5.0
engrailed,3hdd,MA0220.1.jaspar,2,3hdd_A_MA0220.1.jaspar.npz,crystal,,6,1.0,0.0,0.0,6,0.9412756858199036,0.0851368762475128,0.08718952094082982,6,8.23646492293278,TAATTA.,
engrailed,3hdd,MA0220.1.jaspar,2,3hdd_state_001_MA0220.1.jaspar.npz,state,1.0,6,0.8625520971676458,0.13471883764335266,0.1057569795569022,6,0.8604522502103947,0.15964670091246566,0.1955032644135233,6,4.161584097189376,TAATTG.,5.0
engrailed,3hdd,MA0220.1.jaspar,2,3hdd_state_002_MA0220.1.jaspar.npz,state,2.0,6,0.9785540008833761,0.04780487297102809,0.023067958130611896,6,0.985488287575197,0.06645374050519119,0.06723632959682056,6,7.112585357509662,TAATTA.,6.0
engrailed,3hdd,MA0220.1.jaspar,2,3hdd_state_003_MA0220.1.jaspar.npz,state,3.0,4,0.7230661271840277,0.1612235748743842,0.15371618855210334,4,0.7610952810897863,0.1652688987833244,0.22223402569798867,4,4.202301340705333,..GTTA.,3.0
engrailed,3hdd,MA0220.1.jaspar,2,3hdd_state_004_MA0220.1.jaspar.npz,state,4.0,6,0.8860469315735036,0.11144446872640401,0.08646459792597276,6,0.9491005550765392,0.10922095521042745,0.12264109484907522,6,5.592464167093995,TAATTA.,6.0
engrailed,3hdd,MA0220.1.jaspar,2,3hdd_state_006_MA0220.1.jaspar.npz,state,6.0,6,0.8700606625580379,0.11166902026161551,0.09044032335345577,6,0.8790638093327765,0.12903983444751552,0.15745965850147067,6,5.582166388339799,TAATTA.,6.0
engrailed,3hdd,MA0220.1.jaspar,2,3hdd_state_007_MA0220.1.jaspar.npz,state,7.0,6,0.9858427920534725,0.04791318764910102,0.022602262451331234,6,0.9191253142166023,0.11658445027812074,0.1271972533817947,6,6.54646168146817,TAATTA.,6.0
engrailed,3hdd,MA0220.1.jaspar,2,3hdd_state_008_MA0220.1.jaspar.npz,state,8.0,6,0.6017906137956945,0.17286385487144193,0.21363454410648552,6,0.5765369654642885,0.187531195464544,0.29520613345577235,6,6.803367519826854,TAAATG.,4.0
engrailed,3hdd,MA0220.1.jaspar,2,3hdd_state_009_MA0220.1.jaspar.npz,state,9.0,6,0.937752129608195,0.08679338975343853,0.05745322857486177,6,0.9112061235751415,0.11863534750106434,0.12349196042527233,6,6.537165367413572,TAATTA.,6.0
engrailed,3hdd,MA0220.1.jaspar,2,3hdd_state_010_MA0220.1.jaspar.npz,state,10.0,6,0.6986049472156427,0.11317653558216989,0.15813275721518258,6,0.6415026516348942,0.19061071421795836,0.27589000263681474,6,7.486870239948026,TTATTA.,5.0
engrailed,3hdd,MA0220.1.jaspar,2,3hdd_state_011_MA0220.1.jaspar.npz,state,11.0,6,0.9352151221980107,0.07351957987217854,0.047033596929335175,6,0.9838397785939912,0.06803519891885419,0.07271700196341713,6,6.962664345388137,TAATTA.,6.0
engrailed,3hdd,MA0220.1.jaspar,2,3hdd_state_012_MA0220.1.jaspar.npz,state,12.0,6,0.9225379503634501,0.0720408281389003,0.05415504720701469,6,0.9832043934355129,0.07743037732628484,0.08553916013843961,6,6.342455209360591,CAATTA.,5.0
engrailed,3hdd,MA0220.1.jaspar,2,3hdd_state_013_MA0220.1.jaspar.npz,state,13.0,6,0.9658722361140538,0.049644691442760326,0.02668828345343835,6,0.9800220891408439,0.0634381618971626,0.0629764657683336,6,7.571979363361263,TAATTA.,6.0
engrailed,3hdd,MA0220.1.jaspar,2,3hdd_state_015_MA0220.1.jaspar.npz,state,15.0,6,0.9658393465733534,0.04831957487234225,0.028889817831259105,6,0.9760419816023558,0.07209934728840987,0.08092798930881746,6,6.762144123724781,TAATTA.,6.0
engrailed,3hdd,MA0220.1.jaspar,2,3hdd_state_016_MA0220.1.jaspar.npz,state,16.0,6,0.9767936404073868,0.057178007322363555,0.03049741394051989,6,0.9515935899204138,0.10123848814206819,0.11067039962321179,6,5.9726690333317425,TAATTA.,6.0
engrailed,3hdd,MA0220.1.jaspar,2,3hdd_state_017_MA0220.1.jaspar.npz,state,17.0,6,0.9169720094683356,0.08144072304518583,0.059264039411548834,6,0.8043871135289852,0.15751043547061272,0.19111980753074212,6,6.345808635085689,TAATTA.,6.0
engrailed,3hdd,MA0220.1.jaspar,2,3hdd_state_018_MA0220.1.jaspar.npz,state,18.0,6,0.7985174890388635,0.15768019657116383,0.13467918652603414,6,0.8370933030353217,0.1668213401765873,0.20778697595519988,6,3.94635758647711,TAATTG.,5.0
engrailed,3hdd,MA0220.1.jaspar,2,3hdd_state_019_MA0220.1.jaspar.npz,state,19.0,6,0.7760519910300141,0.11300517579851051,0.12192262077219052,6,0.7386290756433633,0.15290667089478424,0.20063907918990834,6,8.191869580061082,TTATTA.,5.0
engrailed,3hdd,MA0220.1.jaspar,2,3hdd_state_020_MA0220.1.jaspar.npz,state,20.0,5,0.9817257202675104,0.06831931718625128,0.034341849472156745,5,0.9669009574178546,0.11971270330250264,0.1355770988948955,5,4.525861122159265,.AATTA.,5.0
engrailed,3hdd,MA0220.1.jaspar,2,3hdd_state_021_MA0220.1.jaspar.npz,state,21.0,6,0.9763562822324253,0.05590477189980447,0.02852851225024994,6,0.9722420447759625,0.08445812199109544,0.0918069522048336,6,6.438177179335631,TAATTA.,6.0
engrailed,3hdd,MA0220.1.jaspar,2,3hdd_state_022_MA0220.1.jaspar.npz,state,22.0,6,0.6227846426327108,0.14021806345166019,0.19732530051678157,6,0.5697763659998681,0.21325753396376967,0.31801153216639383,6,6.791789413509599,TTATTG.,4.0
engrailed,3hdd,MA0220.1.jaspar,2,3hdd_state_023_MA0220.1.jaspar.npz,state,23.0,6,0.7712957696309634,0.1169816161855124,0.11700915459397206,6,0.8594335232100357,0.12506400209773952,0.13709007485423372,6,7.21204633698824,CAATCA.,4.0
engrailed,3hdd,MA0220.1.jaspar,2,3hdd_state_024_MA0220.1.jaspar.npz,state,24.0,6,0.29210811666655284,0.2610128188680392,0.3873304045226787,6,0.22974728721942922,0.3062691160691126,0.5265642528633899,6,8.144916512870767,AAACCC.,2.0
engrailed,3hdd,MA0220.1.jaspar,2,3hdd_state_025_MA0220.1.jaspar.npz,state,25.0,6,0.809307373925424,0.14187693448426822,0.11471439258735681,6,0.8381963435661798,0.15900655645721903,0.1903203287484393,6,4.506735593898287,CAATTA.,5.0
engrailed,3hdd,MA0220.1.jaspar,2,3hdd_state_026_MA0220.1.jaspar.npz,state,26.0,6,0.8755608858877313,0.07829695381224155,0.07391176115378963,6,0.9650995432766996,0.07587287299490224,0.0791819456029102,6,7.371947334745114,CAATTA.,5.0
engrailed,3hdd,MA0220.1.jaspar,2,3hdd_state_027_MA0220.1.jaspar.npz,state,27.0,6,0.9164978231884985,0.08001510655352224,0.05767488408796709,6,0.9134455293391938,0.10087598565345009,0.12280651600051322,6,6.397144363843784,TAATTA.,6.0
engrailed,3hdd,MA0220.1.jaspar,2,3hdd_state_028_MA0220.1.jaspar.npz,state,28.0,6,0.9861983398812892,0.036157308146357536,0.015445545939225626,6,0.9546223092281497,0.07374617748428136,0.0749298918445961,6,8.406663387700025,TAATTA.,6.0
engrailed,3hdd,MA0220.1.jaspar,2,3hdd_state_029_MA0220.1.jaspar.npz,state,29.0,6,0.6265916549007549,0.18439881561789662,0.18406556792976256,6,0.596326972189109,0.19968591645980874,0.27967507089312504,6,4.8856797372108165,TAAAAA.,4.0
engrailed,3hdd,MA0220.1.jaspar,2,3hdd_state_030_MA0220.1.jaspar.npz,state,30.0,4,-0.08637976442861271,0.3185392188024707,0.39407329170557814,4,-0.05867094529138899,0.38450353615917265,0.6022031586477048,4,1.4175491470116957,..CGAA.,1.0
engrailed,3hdd,MA0220.1.jaspar,2,3hdd_state_031_MA0220.1.jaspar.npz,state,31.0,6,0.7639099445451574,0.1368540513018767,0.14469907919728092,6,0.853060990339598,0.15059008344542235,0.18763631881236972,6,5.252472786189695,GAATTA.,5.0
engrailed,3hdd,MA0220.1.jaspar,2,3hdd_state_032_MA0220.1.jaspar.npz,state,32.0,6,0.9512500255935648,0.07087491410008322,0.041882256858064855,6,0.9715847808753625,0.0800283916760236,0.09136135414677476,6,6.490799167970666,TAATTA.,6.0
engrailed,3hdd,MA0220.1.jaspar,2,3hdd_state_033_MA0220.1.jaspar.npz,state,33.0,6,0.7230224152425121,0.14713075722102076,0.15339430490047548,6,0.7300434777974305,0.15615409814442197,0.22137188002945074,6,5.536546543209121,TAAATA.,5.0
engrailed,3hdd,MA0220.1.jaspar,2,3hdd_state_034_MA0220.1.jaspar.npz,state,34.0,6,0.7920738812440361,0.14724883999830732,0.13243578690344313,6,0.8665151537164681,0.14159283794773123,0.17274821158957665,6,5.258482200482156,CAATTG.,4.0
engrailed,3hdd,MA0220.1.jaspar,2,3hdd_state_035_MA0220.1.jaspar.npz,state,35.0,6,0.9782998877679137,0.034821256199696414,0.01654852779393082,6,0.8913718003941484,0.10775083146290854,0.12128093706300551,6,7.948843240893126,TAATTA.,6.0
engrailed,3hdd,MA0220.1.jaspar,2,3hdd_state_036_MA0220.1.jaspar.npz,state,36.0,6,0.8245701028770029,0.14501036521202573,0.12135723168910352,6,0.9048876945172443,0.13925167134342095,0.16551976185599096,6,4.837161113220911,CAATTA.,5.0
engrailed,3hdd,MA0220.1.jaspar,2,3hdd_state_037_MA0220.1.jaspar.npz,state,37.0,6,0.9569437404436066,0.06384441229359557,0.04037069268612545,6,0.9837168717618308,0.0831023584275196,0.09170914320136932,6,6.131765271666786,TAATTA.,6.0
engrailed,3hdd,MA0220.1.jaspar,2,3hdd_state_038_MA0220.1.jaspar.npz,state,38.0,6,0.5879912412754219,0.2283978177777802,0.22658082754415418,6,0.6220782401704448,0.24079709437986216,0.325658960603952,6,2.734237358758956,CAATGG.,3.0
engrailed,3hdd,MA0220.1.jaspar,2,3hdd_state_039_MA0220.1.jaspar.npz,state,39.0,6,0.8838312012121384,0.10847059866258253,0.07928779716734226,6,0.8322209163760517,0.15627410588786006,0.19101307429287886,6,4.841483383026241,TAATTG.,5.0
engrailed,3hdd,MA0220.1.jaspar,2,3hdd_state_040_MA0220.1.jaspar.npz,state,40.0,6,0.8910829608280639,0.09265961734733234,0.0749667061739913,6,0.9052630306585133,0.11149656431128581,0.1368847395922236,6,6.06330659604403,TAATTA.,6.0
engrailed,3hdd,MA0220.1.jaspar,2,3hdd_state_042_MA0220.1.jaspar.npz,state,42.0,6,0.5957510364409343,0.1792461646546144,0.21864744847626294,6,0.4856205117427284,0.23193620596430264,0.3462434731744574,6,6.223812181430151,TAAAGA.,4.0
engrailed,3hdd,MA0220.1.jaspar,2,3hdd_state_043_MA0220.1.jaspar.npz,state,43.0,6,0.784318574176787,0.12714522798826997,0.1221458788328854,6,0.9205208071345491,0.10219526813549844,0.10347752069897147,6,7.2312264943891105,CAATTA.,5.0
engrailed,3hdd,MA0220.1.jaspar,2,3hdd_state_044_MA0220.1.jaspar.npz,state,44.0,6,0.7707066541593052,0.1494398210585738,0.13896159285133225,6,0.856861804217899,0.14301838128206631,0.17681861927139456,6,5.20444908635549,CAAATA.,4.0
engrailed,3hdd,MA0220.1.jaspar,2,3hdd_state_045_MA0220.1.jaspar.npz,state,45.0,6,0.8131861086802189,0.13710715027991682,0.11840730218042655,6,0.7743511468519031,0.17707773313547173,0.22672087514623382,6,4.470198927814882,TAATTG.,5.0
engrailed,3hdd,MA0220.1.jaspar,2,3hdd_state_046_MA0220.1.jaspar.npz,state,46.0,6,0.8881970281978975,0.09136034292168915,0.08038403905862411,6,0.9451235661603761,0.10319794353563339,0.1170800168185228,6,6.090415423708348,TAATTA.,6.0
engrailed,3hdd,MA0220.1.jaspar,2,3hdd_state_047_MA0220.1.jaspar.npz,state,47.0,6,0.996527821453835,0.01742035264032893,0.005000886378774117,6,0.9554457871616294,0.06876445498589116,0.06562999288878703,6,8.886328191386593,TAATTA.,6.0
engrailed,3hdd,MA0220.1.jaspar,2,3hdd_state_048_MA0220.1.jaspar.npz,state,48.0,6,0.9096467445396086,0.10692720716663946,0.07074713818966023,6,0.9362864665995978,0.09514818883811434,0.11181625035667819,6,6.260090179281859,TAATTA.,6.0
engrailed,3hdd,MA0220.1.jaspar,2,3hdd_state_050_MA0220.1.jaspar.npz,state,50.0,6,0.9491549471464784,0.06066911194163064,0.040193024376656145,6,0.9894083503973284,0.054528593590172626,0.060024484712557925,6,7.558441164241608,TAATTA.,6.0
engrailed,3hdd,MA0220.1.jaspar,2,3hdd_state_051_MA0220.1.jaspar.npz,state,51.0,6,0.9227876554788402,0.05864279414527118,0.04984442838594754,6,0.8270438465311036,0.12574225730107477,0.1606164122705926,6,7.4867176385637,TAATGA.,5.0
engrailed,3hdd,MA0220.1.jaspar,2,3hdd_state_053_MA0220.1.jaspar.npz,state,53.0,6,0.9401585515203582,0.09058175356282543,0.0538226125487088,6,0.909769462140967,0.12123250495642424,0.14905540420522365,6,5.15610619887231,TAATTA.,6.0
engrailed,3hdd,MA0220.1.jaspar,2,3hdd_state_054_MA0220.1.jaspar.npz,state,54.0,6,0.996009760222797,0.018674887251108885,0.004448261112169897,6,0.9407822424494641,0.08380423839359234,0.08815456078068407,6,8.464931079599552,TAATTA.,6.0
engrailed,3hdd,MA0220.1.jaspar,2,3hdd_state_055_MA0220.1.jaspar.npz,state,55.0,6,0.7956273374701799,0.1376194307813421,0.12091104058293688,6,0.7821948747789086,0.1615686391790708,0.20667998128497633,6,5.199766991552646,TAAATA.,5.0
engrailed,3hdd,MA0220.1.jaspar,2,3hdd_state_056_MA0220.1.jaspar.npz,state,56.0,6,0.6887268557409005,0.13123397468977296,0.16207920946471285,6,0.6873897618107043,0.14959417440695688,0.23276661016889963,6,6.700219855020797,TAAATA.,5.0
engrailed,3hdd,MA0220.1.jaspar,2,3hdd_state_057_MA0220.1.jaspar.npz,state,57.0,6,0.7295869148852163,0.16293879540171474,0.15547899055638628,6,0.8133797352057508,0.1844167368641744,0.22421003269267736,6,3.9491639312663223,CGATTA.,4.0
engrailed,3hdd,MA0220.1.jaspar,2,3hdd_state_059_MA0220.1.jaspar.npz,state,59.0,6,0.7962558897407648,0.11884212711205085,0.1220349804458128,6,0.8441563684717961,0.10853879871622969,0.14104546158354112,6,7.558638680049735,CAATCA.,4.0
engrailed,3hdd,MA0220.1.jaspar,2,3hdd_state_060_MA0220.1.jaspar.npz,state,60.0,6,0.9570367718518076,0.05900581342090542,0.033846504289131364,6,0.8800532054687442,0.11170600414819394,0.1299106233819189,6,7.077971975555746,TAATGA.,5.0
engrailed,3hdd,MA0220.1.jaspar,2,3hdd_state_062_MA0220.1.jaspar.npz,state,62.0,6,0.9050207192203578,0.08271131431683898,0.056786794312680994,6,0.9305622385220207,0.09138838446233422,0.10502545911403967,6,6.561654487478494,CAATTA.,5.0
engrailed,3hdd,MA0220.1.jaspar,2,3hdd_state_063_MA0220.1.jaspar.npz,state,63.0,6,0.8478282901157956,0.08424140034886325,0.10297272406667586,6,0.7468077835906141,0.13548337339091177,0.203692515990144,6,9.184182217378602,TAATGA.,5.0
engrailed,3hdd,MA0220.1.jaspar,2,3hdd_state_064_MA0220.1.jaspar.npz,state,64.0,6,0.7831872457573911,0.10504088894231245,0.12278484301527547,6,0.7421341856578488,0.13979372481117025,0.1888877495579325,6,8.613828385994378,TAAATA.,5.0
engrailed,3hdd,MA0220.1.jaspar,2,3hdd_state_065_MA0220.1.jaspar.npz,state,65.0,6,0.980033475205051,0.05599031665284807,0.025498304082062648,6,0.9127815105020618,0.12341796713493143,0.12819504206227014,6,6.220405258449201,TAATTA.,6.0
engrailed,3hdd,MA0220.1.jaspar,2,3hdd_state_066_MA0220.1.jaspar.npz,state,66.0,6,0.5807641387470263,0.15728173309859508,0.22750651449754333,6,0.6719745044156894,0.17157325488127148,0.2565572133976661,6,7.253009812453113,GTATTA.,4.0
engrailed,3hdd,MA0220.1.jaspar,2,3hdd_state_067_MA0220.1.jaspar.npz,state,67.0,5,0.9982685778998373,0.020690729795023798,0.005641554497589592,5,0.9918854785659958,0.04388361452147364,0.045132850431216245,5,7.570371070274659,.AATTA.,5.0
engrailed,3hdd,MA0220.1.jaspar,2,3hdd_state_068_MA0220.1.jaspar.npz,state,68.0,6,0.748527935228086,0.15758555300999433,0.14140402040247396,6,0.8485343584809069,0.1516404033948978,0.17843785152184752,6,4.922078234732192,CAATTG.,4.0
engrailed,3hdd,MA0220.1.jaspar,2,3hdd_state_069_MA0220.1.jaspar.npz,state,69.0,6,0.9275328226254234,0.0782420167621846,0.05498293017314019,6,0.9610764870568134,0.0951057073349754,0.1089482576317461,6,5.748187701748751,TAATTA.,6.0
engrailed,3hdd,MA0220.1.jaspar,2,3hdd_state_070_MA0220.1.jaspar.npz,state,70.0,6,0.7558969582657338,0.15235599530084679,0.14011791636318827,6,0.8029794052405125,0.15330046539505324,0.1961506224831807,6,5.2161340337419855,TAATTG.,5.0
engrailed,3hdd,MA0220.1.jaspar,2,3hdd_state_071_MA0220.1.jaspar.npz,state,71.0,6,0.8003942450357263,0.12753530141587058,0.11460801663070584,6,0.811310268557255,0.12045108119491488,0.16726406482818076,6,6.6035444322091195,TAATTG.,5.0
engrailed,3hdd,MA0220.1.jaspar,2,3hdd_state_072_MA0220.1.jaspar.npz,state,72.0,6,0.9391655424775817,0.06462537456536666,0.04479097981019664,6,0.8791430509224184,0.10173919228448842,0.1197619880656589,6,8.76111443227718,TAATTG.,5.0
engrailed,3hdd,MA0220.1.jaspar,2,3hdd_state_073_MA0220.1.jaspar.npz,state,73.0,6,0.800237139585451,0.14131056521243104,0.1223142315365288,6,0.859132977544013,0.13920579796346524,0.17133850258841277,6,5.2389303673553,CAATTG.,4.0
engrailed,3hdd,MA0220.1.jaspar,2,3hdd_state_074_MA0220.1.jaspar.npz,state,74.0,6,0.9300403109341878,0.10031391505617648,0.06786345192067113,6,0.9114710251972257,0.1361914360895753,0.15232586019383224,6,5.026223788805896,TAATTA.,6.0
engrailed,3hdd,MA0220.1.jaspar,2,3hdd_state_076_MA0220.1.jaspar.npz,state,76.0,6,0.9054594367154308,0.09030085961179186,0.0692831678537192,6,0.9503881282248444,0.09508431462260584,0.10873614997644894,6,6.195266798985858,TAATTA.,6.0
engrailed,3hdd,MA0220.1.jaspar,2,3hdd_state_077_MA0220.1.jaspar.npz,state,77.0,6,0.986777655082021,0.03491639865872761,0.01595451769618694,6,0.9454305842980035,0.07437113218475133,0.07258320084490923,6,9.04532294362073,TAATTA.,6.0
engrailed,3hdd,MA0220.1.jaspar,2,3hdd_state_080_MA0220.1.jaspar.npz,state,80.0,6,0.8426767901834294,0.12859574740286916,0.11111971451882496,6,0.9241492633140922,0.11150132926801841,0.1313843494176058,6,5.818235261343101,CAATTA.,5.0
engrailed,3hdd,MA0220.1.jaspar,2,3hdd_state_081_MA0220.1.jaspar.npz,state,81.0,6,0.8466027336711518,0.07221554393375602,0.07938246356694105,6,0.959685913310023,0.07129379657756847,0.06080251460053746,6,8.37605587356564,CAATTA.,5.0
engrailed,3hdd,MA0220.1.jaspar,2,3hdd_state_082_MA0220.1.jaspar.npz,state,82.0,6,0.772203797371223,0.1203703716552506,0.1422051885837058,6,0.8172639271240285,0.13069444052719822,0.17935478754614473,6,6.197480119343566,TGATTA.,5.0
engrailed,3hdd,MA0220.1.jaspar,2,3hdd_state_083_MA0220.1.jaspar.npz,state,83.0,6,0.8608786580615482,0.13619677893196544,0.10539241267919901,6,0.9174282148281753,0.1254654130510365,0.14557767586236567,6,5.3170933372100215,TAATTA.,6.0
engrailed,3hdd,MA0220.1.jaspar,2,3hdd_state_084_MA0220.1.jaspar.npz,state,84.0,5,-0.022389600467898146,0.3411582796368748,0.47559981197385903,5,-0.09008242404259065,0.387976142577827,0.6570271856343821,5,4.9404947591951345,.ATCCG.,1.0
engrailed,3hdd,MA0220.1.jaspar,2,3hdd_state_086_MA0220.1.jaspar.npz,state,86.0,6,0.6148199346064429,0.17085843021050096,0.19464426531363013,6,0.5610264821802584,0.1984082629205659,0.2928183252819411,6,5.8280310012634295,TAAAAA.,4.0
engrailed,3hdd,MA0220.1.jaspar,2,3hdd_state_087_MA0220.1.jaspar.npz,state,87.0,6,0.6136610446006473,0.1818709880268822,0.20361844522574335,6,0.6153776276234547,0.1748020292337363,0.2692772134810766,6,6.485253441544464,TAAATG.,4.0
engrailed,3hdd,MA0220.1.jaspar,2,3hdd_state_088_MA0220.1.jaspar.npz,state,88.0,6,0.6738241985975786,0.1376529346453026,0.16771727772399755,6,0.6100195556803911,0.18932424175242582,0.27881379908335957,6,6.822930843911569,TAAATG.,4.0
engrailed,3hdd,MA0220.1.jaspar,2,3hdd_state_089_MA0220.1.jaspar.npz,state,89.0,6,0.8169130692064901,0.10569672853065033,0.10102279787433043,6,0.8666670193083924,0.1118276482836033,0.13862542775317682,6,6.458043583396168,TAAATA.,5.0
engrailed,3hdd,MA0220.1.jaspar,2,3hdd_state_090_MA0220.1.jaspar.npz,state,90.0,6,0.8859940604826596,0.09430438734125346,0.07101887164775812,6,0.8120662470029187,0.1480803433029602,0.1732060057931719,6,7.147515240015068,TAATTG.,5.0
engrailed,3hdd,MA0220.1.jaspar,2,3hdd_state_091_MA0220.1.jaspar.npz,state,91.0,6,0.9432147055832595,0.06459129154488134,0.04707357253896704,6,0.8653280633216774,0.11598030036354127,0.1311129195534084,6,8.10077417218327,TAATCA.,5.0
engrailed,3hdd,MA0220.1.jaspar,2,3hdd_state_092_MA0220.1.jaspar.npz,state,92.0,6,0.9768318301195683,0.04611957061570138,0.02349135533567596,6,0.9881056132835587,0.0646398316603154,0.06600574579568473,6,7.058248533486575,TAATTA.,6.0
engrailed,3hdd,MA0220.1.jaspar,2,3hdd_state_093_MA0220.1.jaspar.npz,state,93.0,6,0.8681636997944657,0.07868846602893124,0.07180996728676274,6,0.9666202793933745,0.07611567643471062,0.07518838222372116,6,7.171908253117461,CAATTA.,5.0
engrailed,3hdd,MA0220.1.jaspar,2,3hdd_state_094_MA0220.1.jaspar.npz,state,94.0,6,0.8253879513960155,0.09250635603287567,0.0930755959971647,6,0.9458847684658146,0.07984960963949561,0.07222260655649,6,8.17449554538246,CAATTA.,5.0
engrailed,3hdd,MA0220.1.jaspar,2,3hdd_state_095_MA0220.1.jaspar.npz,state,95.0,6,0.9512143973255872,0.06533515585275988,0.045790040990922855,6,0.9769441478582293,0.08289603357358526,0.09228288284096459,6,6.358816914266905,TAATTA.,6.0
engrailed,3hdd,MA0220.1.jaspar,2,3hdd_state_097_MA0220.1.jaspar.npz,state,97.0,6,0.9018821366349156,0.08996431692503393,0.06333653612184409,6,0.8428164667414949,0.13823591805218408,0.1568549919997735,6,6.528181560514778,TAATTG.,5.0
engrailed,3hdd,MA0220.1.jaspar,2,ENSEMBLE_MEAN,ensemble_mean,,6,0.9633777164023135,0.09025540078694642,0.053865059036288056,6,0.9667442949492409,0.11947401742366952,0.13600984255612525,6,4.63849257295558,TAATTA.,6.0
engrailed,3hdd,MA0220.1.jaspar,3,3hdd_A_MA0220.1.jaspar.npz,crystal,,6,1.0,0.0,0.0,6,0.9168498051226577,0.10687896227076028,0.11872298370820328,6,7.155427991244487,TAATTA.,
engrailed,3hdd,MA0220.1.jaspar,3,3hdd_state_001_MA0220.1.jaspar.npz,state,1.0,6,0.9405312381725245,0.08558663044823334,0.04393673914350176,6,0.7823395907507509,0.17756915007097027,0.21780054086814724,6,4.739130293323746,TAATTG.,5.0
engrailed,3hdd,MA0220.1.jaspar,3,3hdd_state_002_MA0220.1.jaspar.npz,state,2.0,6,0.9766513672462183,0.041351736697833985,0.024333106147438277,6,0.902494357204037,0.1256574917739878,0.14016931881982522,6,6.24012678362268,TAATTA.,6.0
engrailed,3hdd,MA0220.1.jaspar,3,3hdd_state_003_MA0220.1.jaspar.npz,state,3.0,4,0.6879486133825934,0.1739259593632596,0.18606668890455288,4,0.6364170541491931,0.20414986944160773,0.3109911050404672,4,4.019189630001721,..GTTG.,2.0
engrailed,3hdd,MA0220.1.jaspar,3,3hdd_state_004_MA0220.1.jaspar.npz,state,4.0,6,0.8331213384098053,0.13239492951349044,0.10387730895406726,6,0.690569941297083,0.22837552909428874,0.2791496327376552,6,3.403909327739192,TGATTA.,5.0
engrailed,3hdd,MA0220.1.jaspar,3,3hdd_state_006_MA0220.1.jaspar.npz,state,6.0,6,0.8763474414648128,0.11187013000017032,0.07838724512885567,6,0.7598565980345515,0.18580154003575444,0.23463914465611824,6,4.263269826699834,TGATTA.,5.0
engrailed,3hdd,MA0220.1.jaspar,3,3hdd_state_007_MA0220.1.jaspar.npz,state,7.0,6,0.9720621908527893,0.0462800115152883,0.015156546328689758,6,0.838088655787506,0.13914368321032575,0.16856472313152934,6,6.617700291074907,TAATTA.,6.0
engrailed,3hdd,MA0220.1.jaspar,3,3hdd_state_008_MA0220.1.jaspar.npz,state,8.0,6,0.5232002977548094,0.1683678049594164,0.20828240281682175,6,0.3917915633831643,0.26779072015779093,0.3935299637945742,6,5.50850402300707,TGAAAA.,3.0
engrailed,3hdd,MA0220.1.jaspar,3,3hdd_state_009_MA0220.1.jaspar.npz,state,9.0,6,0.7688783836203458,0.1479412789340131,0.12951411263875492,6,0.6230589091801192,0.2442175824350367,0.3103993527858367,6,3.310415185284513,TGATTA.,5.0
engrailed,3hdd,MA0220.1.jaspar,3,3hdd_state_010_MA0220.1.jaspar.npz,state,10.0,6,0.7589034560717757,0.10356928474114586,0.12801758087228748,6,0.6021328217563572,0.1974029880366288,0.3021701711123842,6,7.81186530115108,TTATTG.,4.0
engrailed,3hdd,MA0220.1.jaspar,3,3hdd_state_011_MA0220.1.jaspar.npz,state,11.0,6,0.9568383231506382,0.05957167485030368,0.033912832363745024,6,0.8503910324249246,0.11947162922782202,0.14763564765588152,6,7.673855639512636,TAATTG.,5.0
engrailed,3hdd,MA0220.1.jaspar,3,3hdd_state_012_MA0220.1.jaspar.npz,state,12.0,6,0.9732954759394585,0.0528582515156207,0.02107182458068525,6,0.8818258202009407,0.11092488867385934,0.131175529150706,6,7.281961101419797,TAATTA.,6.0
engrailed,3hdd,MA0220.1.jaspar,3,3hdd_state_013_MA0220.1.jaspar.npz,state,13.0,6,0.9892541884225955,0.03422361066138061,0.01124499503222154,6,0.8997839176532914,0.09993350405905706,0.11926101796446238,6,8.117820350689257,TAATTA.,6.0
engrailed,3hdd,MA0220.1.jaspar,3,3hdd_state_015_MA0220.1.jaspar.npz,state,15.0,6,0.9808110274613889,0.039608651713933796,0.01586097032049592,6,0.8831787842534782,0.1137146830248336,0.13400060330889785,6,7.478646776545087,TAATTA.,6.0
engrailed,3hdd,MA0220.1.jaspar,3,3hdd_state_016_MA0220.1.jaspar.npz,state,16.0,6,0.9848264360857073,0.03699794949109977,0.011514657461490135,6,0.8826211757693923,0.11976475128903985,0.1401790062181398,6,6.862907677702412,TAATTA.,6.0
engrailed,3hdd,MA0220.1.jaspar,3,3hdd_state_017_MA0220.1.jaspar.npz,state,17.0,6,0.9498395758764,0.06389105214232889,0.03554913648748793,6,0.8206945025333204,0.1315611645404715,0.17150219312909024,6,7.603668518878497,TAATTG.,5.0
engrailed,3hdd,MA0220.1.jaspar,3,3hdd_state_018_MA0220.1.jaspar.npz,state,18.0,6,0.9579868964278456,0.08253491477807984,0.04240485045298131,6,0.8515588902744574,0.15995597668612996,0.19268875839493801,6,4.354949617364275,TAATTG.,5.0
engrailed,3hdd,MA0220.1.jaspar,3,3hdd_state_019_MA0220.1.jaspar.npz,state,19.0,6,0.7983364664171904,0.09293488168623298,0.10579598450934095,6,0.6652487183470825,0.1771478397810521,0.2595015721434472,6,7.710032345802077,TTATTA.,5.0
engrailed,3hdd,MA0220.1.jaspar,3,3hdd_state_020_MA0220.1.jaspar.npz,state,20.0,5,0.7483789588760077,0.1358417954063043,0.13797753219642106,5,0.6834083537567436,0.21459486219100654,0.3058687179671481,5,3.8172408464212424,.GATTA.,4.0
engrailed,3hdd,MA0220.1.jaspar,3,3hdd_state_021_MA0220.1.jaspar.npz,state,21.0,6,0.6316157425721637,0.14655950077576563,0.16997554590298214,6,0.5197137967012103,0.22973689246767512,0.330843238766187,6,6.391033591430682,TGTTTA.,4.0
engrailed,3hdd,MA0220.1.jaspar,3,3hdd_state_022_MA0220.1.jaspar.npz,state,22.0,6,0.490671161695343,0.1880008350320471,0.23440068043437748,6,0.3353178072175178,0.2851681107810388,0.433707102315551,6,6.150367543165769,TTTTTG.,3.0
engrailed,3hdd,MA0220.1.jaspar,3,3hdd_state_023_MA0220.1.jaspar.npz,state,23.0,6,0.9671695551088865,0.05860217863422198,0.030550349551525125,6,0.879727139443208,0.10588789472240023,0.1246102419559682,6,7.96808509068521,TAATTG.,5.0
engrailed,3hdd,MA0220.1.jaspar,3,3hdd_state_024_MA0220.1.jaspar.npz,state,24.0,6,0.5961333681579918,0.20689303328981623,0.22563420631451522,6,0.5611720875682459,0.23552727390779182,0.35659937796971447,6,4.842998229180825,AAATTC.,4.0
engrailed,3hdd,MA0220.1.jaspar,3,3hdd_state_025_MA0220.1.jaspar.npz,state,25.0,6,0.9065782053298476,0.07306617236463353,0.04876558620739182,6,0.7977468820622384,0.16392592488167188,0.1936695358740891,6,5.441769920175318,TAATCA.,5.0
engrailed,3hdd,MA0220.1.jaspar,3,3hdd_state_026_MA0220.1.jaspar.npz,state,26.0,6,0.9488563338136407,0.07094112442185481,0.03797787698011592,6,0.8572239826645202,0.143651019995256,0.1818575244829145,6,5.159627952079134,TAATTG.,5.0
engrailed,3hdd,MA0220.1.jaspar,3,3hdd_state_027_MA0220.1.jaspar.npz,state,27.0,6,0.959743936478658,0.059344952537988625,0.02954863363423113,6,0.8625588561735228,0.11504783727771913,0.14071247275774942,6,7.390563645203773,TAATTG.,5.0
engrailed,3hdd,MA0220.1.jaspar,3,3hdd_state_028_MA0220.1.jaspar.npz,state,28.0,6,0.9927558664010224,0.026010634494014084,0.010316617403303889,6,0.9301278405639983,0.08779088533871497,0.09781450321403247,6,8.201047681995986,TAATTA.,6.0
engrailed,3hdd,MA0220.1.jaspar,3,3hdd_state_029_MA0220.1.jaspar.npz,state,29.0,6,0.7780915289635625,0.1355250845469224,0.11419942653603445,6,0.5833014993489273,0.2349291902113085,0.3176496840617792,6,4.208459137898742,TAATAG.,4.0
engrailed,3hdd,MA0220.1.jaspar,3,3hdd_state_030_MA0220.1.jaspar.npz,state,30.0,4,0.05974950838365734,0.29694919911344186,0.46635392337596154,4,0.08700035517026358,0.3481064340703597,0.6199064168827085,4,5.164799333446086,..CATG.,1.0
engrailed,3hdd,MA0220.1.jaspar,3,3hdd_state_031_MA0220.1.jaspar.npz,state,31.0,6,0.9083148094290815,0.07774827010386313,0.0502533472350588,6,0.7816922722379027,0.16848766656282047,0.20805031142413802,6,5.448369559071308,TTATTA.,5.0
engrailed,3hdd,MA0220.1.jaspar,3,3hdd_state_032_MA0220.1.jaspar.npz,state,32.0,6,0.9542805381375639,0.06731734213341649,0.032478284537350105,6,0.8432405393362511,0.13431239170798412,0.16330593478975702,6,6.5924742753987005,TAATTG.,5.0
engrailed,3hdd,MA0220.1.jaspar,3,3hdd_state_033_MA0220.1.jaspar.npz,state,33.0,6,0.8384474962299924,0.09700855032618468,0.07954708390107001,6,0.6793764875597721,0.1882830453105271,0.2523630635483378,6,5.970743375103298,TTATTG.,4.0
engrailed,3hdd,MA0220.1.jaspar,3,3hdd_state_034_MA0220.1.jaspar.npz,state,34.0,6,0.9491093386011723,0.06727422387727226,0.039754128168464485,6,0.8806127665032567,0.1421134038052211,0.15641721394157418,6,5.512122609059701,TAATTA.,6.0
engrailed,3hdd,MA0220.1.jaspar,3,3hdd_state_035_MA0220.1.jaspar.npz,state,35.0,6,0.9860772047098524,0.035032680723816156,0.016337256182118384,6,0.9005594185429395,0.10183034831425175,0.11682013551404606,6,8.145673912216765,TAATTA.,6.0
engrailed,3hdd,MA0220.1.jaspar,3,3hdd_state_036_MA0220.1.jaspar.npz,state,36.0,6,0.6836816109654636,0.13459891205032667,0.15729255532504277,6,0.5895164553506764,0.2170090620444777,0.31157679844606895,6,5.769484200891059,TATTTA.,5.0
engrailed,3hdd,MA0220.1.jaspar,3,3hdd_state_037_MA0220.1.jaspar.npz,state,37.0,6,0.9318446473008825,0.07188284499958779,0.05403746568928102,6,0.8488630045067562,0.16232743471240005,0.18639628646643827,6,4.692570695161261,TAATTA.,6.0
engrailed,3hdd,MA0220.1.jaspar,3,3hdd_state_038_MA0220.1.jaspar.npz,state,38.0,6,0.5773799816517462,0.19961250179524845,0.19990915575263138,6,0.6061833045687974,0.21727760415524244,0.30396688777522063,6,3.8532444528029233,CATTCG.,2.0
engrailed,3hdd,MA0220.1.jaspar,3,3hdd_state_039_MA0220.1.jaspar.npz,state,39.0,6,0.941172952843843,0.07876632570211466,0.05120018797204678,6,0.8788895808743651,0.14547645762407532,0.16354224479066615,6,5.418563296901558,TAATTA.,6.0
engrailed,3hdd,MA0220.1.jaspar,3,3hdd_state_040_MA0220.1.jaspar.npz,state,40.0,6,0.9360782426246886,0.060431716042027496,0.0337152987125811,6,0.8012378945962639,0.1532750546175521,0.1880026843837579,6,6.313054507518038,TTATTA.,5.0
engrailed,3hdd,MA0220.1.jaspar,3,3hdd_state_042_MA0220.1.jaspar.npz,state,42.0,6,0.6975911286265742,0.1621011675160844,0.15219153633149596,6,0.5036517050798386,0.25366293416785385,0.34313866130327614,6,4.746512010630949,TCATAG.,3.0
engrailed,3hdd,MA0220.1.jaspar,3,3hdd_state_043_MA0220.1.jaspar.npz,state,43.0,6,0.9474064614008919,0.06579600045612703,0.04261261871471347,6,0.8306698173173739,0.1266828694885286,0.16382029997477712,6,7.798678684374484,TAATTT.,5.0
engrailed,3hdd,MA0220.1.jaspar,3,3hdd_state_044_MA0220.1.jaspar.npz,state,44.0,6,0.9715846499718026,0.06211508952158814,0.026740161015935956,6,0.8560102464031621,0.15782206032114723,0.17849819601043762,6,4.964278072677689,TAATTA.,6.0
engrailed,3hdd,MA0220.1.jaspar,3,3hdd_state_045_MA0220.1.jaspar.npz,state,45.0,6,0.9309059620333348,0.10348339334207897,0.05884026356885531,6,0.7791494072771379,0.1944752853208532,0.2310502366808922,6,4.016622142531293,TAATTG.,5.0
engrailed,3hdd,MA0220.1.jaspar,3,3hdd_state_046_MA0220.1.jaspar.npz,state,46.0,6,0.9956569013656413,0.026590469797762733,0.0069698004830822,6,0.9427485845099405,0.0884147390218762,0.09143432757432109,6,7.525992455019312,TAATTA.,6.0
engrailed,3hdd,MA0220.1.jaspar,3,3hdd_state_047_MA0220.1.jaspar.npz,state,47.0,6,0.9250718611128875,0.08096782244198646,0.044115484434624076,6,0.8492733089217086,0.1349858120859911,0.15956118450371617,6,6.868334588649179,TGATTA.,5.0
engrailed,3hdd,MA0220.1.jaspar,3,3hdd_state_048_MA0220.1.jaspar.npz,state,48.0,6,0.9685507302118317,0.052658965481289975,0.027122807857715633,6,0.8615210252033847,0.11856995751926054,0.14501420956910008,6,7.7746771205526555,TAATTG.,5.0
engrailed,3hdd,MA0220.1.jaspar,3,3hdd_state_050_MA0220.1.jaspar.npz,state,50.0,6,0.9668843053268661,0.053694755129981786,0.029656070537857387,6,0.9191938361385293,0.10883640866571416,0.12078889055177933,6,7.0664919999827545,TAATTA.,6.0
engrailed,3hdd,MA0220.1.jaspar,3,3hdd_state_051_MA0220.1.jaspar.npz,state,51.0,6,0.8659549288280722,0.07789610444645707,0.07501052215592381,6,0.7784683457183659,0.16434368460128704,0.19651633031634066,6,5.698368272228542,TAATAA.,5.0
engrailed,3hdd,MA0220.1.jaspar,3,3hdd_state_053_MA0220.1.jaspar.npz,state,53.0,6,0.9501699559978274,0.08392730310636883,0.040859896016984414,6,0.8266655981390671,0.16346017232475182,0.19716409123821266,6,4.788136896342922,TAATTG.,5.0
engrailed,3hdd,MA0220.1.jaspar,3,3hdd_state_054_MA0220.1.jaspar.npz,state,54.0,6,0.9877123375123885,0.03829635109286755,0.01799880817055462,6,0.9041964165918849,0.09913214313564822,0.1156750232814201,6,8.417040854240941,TAATTA.,6.0
engrailed,3hdd,MA0220.1.jaspar,3,3hdd_state_055_MA0220.1.jaspar.npz,state,55.0,6,0.8664518113214648,0.11664047171749796,0.0794646094614924,6,0.6989874854926936,0.20874875683027008,0.26215440201699647,6,4.41404647096471,TGATTG.,4.0
engrailed,3hdd,MA0220.1.jaspar,3,3hdd_state_056_MA0220.1.jaspar.npz,state,56.0,6,0.8968220378122523,0.10147942212643102,0.06860770524102873,6,0.85024053323206,0.1433559893242394,0.18417315429672607,6,5.587463616132047,TAATTA.,6.0
engrailed,3hdd,MA0220.1.jaspar,3,3hdd_state_057_MA0220.1.jaspar.npz,state,57.0,6,0.9021138208537328,0.1057400397839956,0.06510767061339452,6,0.7356455947394801,0.20074619282968342,0.24385825195542546,6,4.589272503482057,TAATTG.,5.0
engrailed,3hdd,MA0220.1.jaspar,3,3hdd_state_059_MA0220.1.jaspar.npz,state,59.0,6,0.9487720624417362,0.053891409984013684,0.02691544993208878,6,0.8230038225202109,0.1429770776303485,0.17458937189601467,6,6.752483438613758,TGATTA.,5.0
engrailed,3hdd,MA0220.1.jaspar,3,3hdd_state_060_MA0220.1.jaspar.npz,state,60.0,6,0.9519129905832441,0.06613401438031967,0.036648990702062643,6,0.8583887813090965,0.14505129648993412,0.1655107310244204,6,5.64375122598869,TAATTA.,6.0
engrailed,3hdd,MA0220.1.jaspar,3,3hdd_state_062_MA0220.1.jaspar.npz,state,62.0,6,0.9817773211306249,0.07256839946300413,0.03609347890312293,6,0.883049805883709,0.15967170925190052,0.17843351399966245,6,4.319817863870075,TAATTA.,6.0
engrailed,3hdd,MA0220.1.jaspar,3,3hdd_state_063_MA0220.1.jaspar.npz,state,63.0,6,0.9767967051274179,0.062257113801630716,0.04076376129709424,6,0.8827151242625556,0.1063147697683841,0.1278135833174555,6,8.801139833440372,TAATTA.,6.0
engrailed,3hdd,MA0220.1.jaspar,3,3hdd_state_064_MA0220.1.jaspar.npz,state,64.0,6,0.9730688983203841,0.055486385244876146,0.025434733641166007,6,0.9159740504540735,0.1069452724380729,0.12085842153318577,6,7.608829102859995,TAATTA.,6.0
engrailed,3hdd,MA0220.1.jaspar,3,3hdd_state_065_MA0220.1.jaspar.npz,state,65.0,6,0.9680294833891274,0.051598882516069956,0.02545419862009296,6,0.8525606394392772,0.12768370809499174,0.15684163018930178,6,7.417591376026428,TAATTG.,5.0
engrailed,3hdd,MA0220.1.jaspar,3,3hdd_state_066_MA0220.1.jaspar.npz,state,66.0,6,0.9819435225317464,0.04437773866811767,0.015234802059448731,6,0.8858741311631606,0.12357672563909243,0.1456969059914599,6,6.467497510157037,TAATTA.,6.0
engrailed,3hdd,MA0220.1.jaspar,3,3hdd_state_067_MA0220.1.jaspar.npz,state,67.0,5,0.9594033819209483,0.06252524043084122,0.03340289639073678,5,0.8907406475733687,0.0971335536974948,0.12901394995908924,5,6.705981373769156,.AATTG.,4.0
engrailed,3hdd,MA0220.1.jaspar,3,3hdd_state_068_MA0220.1.jaspar.npz,state,68.0,6,0.8016796252181423,0.13068843161454424,0.10863973191106115,6,0.7900366588811194,0.15816281712614,0.20158087465743857,6,4.914698983276472,TAATCA.,5.0
engrailed,3hdd,MA0220.1.jaspar,3,3hdd_state_069_MA0220.1.jaspar.npz,state,69.0,6,0.9637203177450611,0.057217403450825564,0.026323209575525124,6,0.8591937390244917,0.12539624566367516,0.15050382350062602,6,6.913319158042424,TAATTG.,5.0
engrailed,3hdd,MA0220.1.jaspar,3,3hdd_state_070_MA0220.1.jaspar.npz,state,70.0,6,0.8630482194273157,0.10122396139195189,0.0759090955897798,6,0.7614425110129218,0.18003784958273172,0.2175075625568655,6,4.834450393270155,TATTTA.,5.0
engrailed,3hdd,MA0220.1.jaspar,3,3hdd_state_071_MA0220.1.jaspar.npz,state,71.0,6,0.9096797016906403,0.09184223205860083,0.0632570223789544,6,0.8298633570180726,0.14321170723997056,0.17138155637852337,6,6.291977969989271,TAATTG.,5.0
engrailed,3hdd,MA0220.1.jaspar,3,3hdd_state_072_MA0220.1.jaspar.npz,state,72.0,6,0.9247928827164723,0.05746347717164705,0.04065437282789155,6,0.80515272242137,0.14617731913070506,0.18479231555089784,6,6.959422650550399,TGATTA.,5.0
engrailed,3hdd,MA0220.1.jaspar,3,3hdd_state_073_MA0220.1.jaspar.npz,state,73.0,6,0.7845190585139179,0.11848036457862084,0.12108682984344311,6,0.7527757201061938,0.1747323932747046,0.22392489327537426,6,5.29930508914671,TATTTA.,5.0
engrailed,3hdd,MA0220.1.jaspar,3,3hdd_state_074_MA0220.1.jaspar.npz,state,74.0,6,0.9071778697937114,0.09228750793651368,0.06017185791542607,6,0.7737292544092732,0.1897446676157415,0.23127410435527496,6,4.264129743779791,TAATAA.,5.0
engrailed,3hdd,MA0220.1.jaspar,3,3hdd_state_076_MA0220.1.jaspar.npz,state,76.0,6,0.26504214740171583,0.24358347822756818,0.28974537211461066,6,0.12746467721653226,0.3267813334047484,0.48485155841206495,6,3.4653156327771075,TAGATG.,3.0
engrailed,3hdd,MA0220.1.jaspar,3,3hdd_state_077_MA0220.1.jaspar.npz,state,77.0,6,0.9835510718650038,0.04265147162368521,0.014017122925648893,6,0.8808124608770982,0.11111042182892561,0.13610188227336853,6,7.740422557538851,TAATTA.,6.0
engrailed,3hdd,MA0220.1.jaspar,3,3hdd_state_080_MA0220.1.jaspar.npz,state,80.0,6,0.9749209420634454,0.05101533381578823,0.016152638394884494,6,0.8578976081107237,0.13208123081130907,0.15382184153011516,6,6.4172375384617215,TAATTA.,6.0
engrailed,3hdd,MA0220.1.jaspar,3,3hdd_state_081_MA0220.1.jaspar.npz,state,81.0,6,0.984805693445774,0.03960525068881301,0.020855640472007927,6,0.892387485486038,0.10396317185950466,0.12305562382306558,6,8.490717405979499,TAATTA.,6.0
engrailed,3hdd,MA0220.1.jaspar,3,3hdd_state_082_MA0220.1.jaspar.npz,state,82.0,6,0.8122510860700934,0.088044668053044,0.10558001754932866,6,0.7224509475516449,0.16898529240279458,0.21684251184774586,6,6.835732776127346,TCATTA.,5.0
engrailed,3hdd,MA0220.1.jaspar,3,3hdd_state_083_MA0220.1.jaspar.npz,state,83.0,6,0.9772278443026783,0.047431262966711074,0.01857217105862956,6,0.9042561794251756,0.11127485245621453,0.13065430549405063,6,6.3066646468772305,TAATTA.,6.0
engrailed,3hdd,MA0220.1.jaspar,3,3hdd_state_084_MA0220.1.jaspar.npz,state,84.0,5,0.18745214774605395,0.24995612484635785,0.28925285073957185,5,0.20058963855732048,0.3342445822549053,0.4976081524133746,5,2.0270294439245085,.ATCTG.,2.0
engrailed,3hdd,MA0220.1.jaspar,3,3hdd_state_086_MA0220.1.jaspar.npz,state,86.0,6,0.9555122307317189,0.06327823058624442,0.030002767515221084,6,0.838624667182592,0.12953477923292667,0.16267204535675958,6,6.931885090417932,TAATTG.,5.0
engrailed,3hdd,MA0220.1.jaspar,3,3hdd_state_087_MA0220.1.jaspar.npz,state,87.0,6,0.9475882606860865,0.07360258502497648,0.03688275554102218,6,0.8357250976254034,0.137514823077557,0.17090616602624986,6,6.293696333728127,TAATTG.,5.0
engrailed,3hdd,MA0220.1.jaspar,3,3hdd_state_088_MA0220.1.jaspar.npz,state,88.0,6,0.8356760495930838,0.07916720799403265,0.07346001901120894,6,0.7190792904855803,0.182906931770655,0.2330880854483193,6,5.751337876572134,TAAATA.,5.0
engrailed,3hdd,MA0220.1.jaspar,3,3hdd_state_089_MA0220.1.jaspar.npz,state,89.0,6,0.922012737511861,0.07445244312596817,0.04911073647410218,6,0.8703683663031693,0.11714164615841582,0.13189690253877404,6,7.444454955956553,TAATCA.,5.0
engrailed,3hdd,MA0220.1.jaspar,3,3hdd_state_090_MA0220.1.jaspar.npz,state,90.0,6,0.9915936635058596,0.02727116219466552,0.006840936673002218,6,0.8799001827233072,0.12959401736346385,0.15105721006737313,6,6.590395404654382,TAATTA.,6.0
engrailed,3hdd,MA0220.1.jaspar,3,3hdd_state_091_MA0220.1.jaspar.npz,state,91.0,6,0.8292113538805507,0.11638227929749216,0.09924033974992162,6,0.7596161995733269,0.1902789797168225,0.22314978847038605,6,4.757146592250407,TAACTA.,5.0
engrailed,3hdd,MA0220.1.jaspar,3,3hdd_state_092_MA0220.1.jaspar.npz,state,92.0,6,0.9931670369026453,0.02870220875289912,0.0071249366135438695,6,0.9136288027036157,0.1106907685364907,0.1212358022503409,6,6.6320885771000775,TAATTA.,6.0
engrailed,3hdd,MA0220.1.jaspar,3,3hdd_state_093_MA0220.1.jaspar.npz,state,93.0,6,0.9548042702032723,0.06372721580555663,0.02865308451869955,6,0.8410326204868626,0.14841775751362243,0.17337538359190963,6,5.412803982997675,TAATTA.,6.0
engrailed,3hdd,MA0220.1.jaspar,3,3hdd_state_094_MA0220.1.jaspar.npz,state,94.0,6,0.9810035912523992,0.046866918254333235,0.016067861275648024,6,0.9386742762974198,0.09395181405125186,0.09943168264551111,6,7.3726955283011355,TAATTA.,6.0
engrailed,3hdd,MA0220.1.jaspar,3,3hdd_state_095_MA0220.1.jaspar.npz,state,95.0,6,0.9493238455669027,0.06839650950860232,0.034996786733785826,6,0.8259628825452111,0.13291774482543892,0.16870269063274937,6,7.174764952966457,TAATTG.,5.0
engrailed,3hdd,MA0220.1.jaspar,3,3hdd_state_097_MA0220.1.jaspar.npz,state,97.0,6,0.9522579593664511,0.06127446461080884,0.03563592337798326,6,0.8415393870031813,0.14350755493311831,0.17464930899578102,6,6.434468680453669,TAATTA.,6.0
engrailed,3hdd,MA0220.1.jaspar,3,ENSEMBLE_MEAN,ensemble_mean,,6,0.9893776092065555,0.06033151555625572,0.024963060303754225,6,0.8750465027011339,0.15590978387828522,0.17722273965255575,6,4.7128663102220045,TAATTA.,6.0
engrailed,3hdd,MA0220.1.jaspar,4,3hdd_A_MA0220.1.jaspar.npz,crystal,,6,1.0,0.0,0.0,6,0.850217576353179,0.147159855987411,0.16655999981149233,6,6.30033854487999,TAATTA.,
engrailed,3hdd,MA0220.1.jaspar,4,3hdd_state_001_MA0220.1.jaspar.npz,state,1.0,6,0.8826893355676321,0.09126967187330592,0.05685488067155484,6,0.7872741280118349,0.1798323315063802,0.22240512180952376,6,4.920376555824518,TAATTG.,5.0
engrailed,3hdd,MA0220.1.jaspar,4,3hdd_state_002_MA0220.1.jaspar.npz,state,2.0,6,0.7343067711449457,0.1338675162363264,0.11666809263861451,6,0.8222758999307191,0.15472382775684915,0.19951959691530172,6,5.571832877102048,CAATTC.,4.0
engrailed,3hdd,MA0220.1.jaspar,4,3hdd_state_003_MA0220.1.jaspar.npz,state,3.0,4,0.6315922262613307,0.17700844758292078,0.2197195088626282,4,0.5394929907625091,0.20426771301208646,0.3462908150892513,4,5.49959516099975,..ATAA.,3.0
engrailed,3hdd,MA0220.1.jaspar,4,3hdd_state_004_MA0220.1.jaspar.npz,state,4.0,6,0.8149970396859877,0.10592053762229625,0.08577528838127953,6,0.8346650251373824,0.14867276853571335,0.17537183610799986,6,5.797533068043414,TATTTA.,5.0
engrailed,3hdd,MA0220.1.jaspar,4,3hdd_state_006_MA0220.1.jaspar.npz,state,6.0,6,0.8722657849681233,0.10017100591115498,0.0662969968048105,6,0.8611153615440594,0.1575712129318466,0.1797251780707599,6,4.858120997412639,TAATTA.,6.0
engrailed,3hdd,MA0220.1.jaspar,4,3hdd_state_007_MA0220.1.jaspar.npz,state,7.0,6,0.8756410447618005,0.0965339672693517,0.05920370379620058,6,0.7735038791724084,0.17040758665825706,0.20984683275542426,6,6.496432050737888,TAAATA.,5.0
engrailed,3hdd,MA0220.1.jaspar,4,3hdd_state_008_MA0220.1.jaspar.npz,state,8.0,6,0.732412627494671,0.12624333839145643,0.1218726930333842,6,0.6121834712892148,0.194377345770287,0.2796359996096252,6,7.167381691081085,TAAATG.,4.0
engrailed,3hdd,MA0220.1.jaspar,4,3hdd_state_009_MA0220.1.jaspar.npz,state,9.0,6,0.8984460256365944,0.09465559806267265,0.06516400864418481,6,0.9465012555970893,0.11841637128964067,0.12438454682203597,6,5.682922012070678,TAATTA.,6.0
engrailed,3hdd,MA0220.1.jaspar,4,3hdd_state_010_MA0220.1.jaspar.npz,state,10.0,6,0.8653812338556718,0.10935083242657129,0.07439952497947372,6,0.8395386590030912,0.1698026907785485,0.1961529484054155,6,4.818915483559245,TAATTA.,6.0
engrailed,3hdd,MA0220.1.jaspar,4,3hdd_state_011_MA0220.1.jaspar.npz,state,11.0,6,0.8745877494319482,0.1039715066581266,0.06832589042261274,6,0.8455858728037436,0.14550492844621962,0.17092392977482943,6,6.0974935946482125,TAATTG.,5.0
engrailed,3hdd,MA0220.1.jaspar,4,3hdd_state_012_MA0220.1.jaspar.npz,state,12.0,6,0.7620795690648703,0.134458936493805,0.10287666153694096,6,0.7196910869120519,0.18611849545656392,0.24013737772900642,6,4.956909459838636,TATTTC.,4.0
engrailed,3hdd,MA0220.1.jaspar,4,3hdd_state_013_MA0220.1.jaspar.npz,state,13.0,6,0.8898509956487001,0.0886521674595618,0.053753205864330716,6,0.8049794402101472,0.15729034795367625,0.19778705892962653,6,6.4280129216432424,TAATTG.,5.0
engrailed,3hdd,MA0220.1.jaspar,4,3hdd_state_015_MA0220.1.jaspar.npz,state,15.0,6,0.9143858312652033,0.08108817842730787,0.042623763431741145,6,0.8464174301189241,0.15825425440561958,0.18511349460575321,6,5.490880298869103,TAATTA.,6.0
engrailed,3hdd,MA0220.1.jaspar,4,3hdd_state_016_MA0220.1.jaspar.npz,state,16.0,6,0.9623123330308091,0.061025465697942614,0.02486938761935273,6,0.7992939963032989,0.16713771899230778,0.20352641802389118,6,5.8990912897398395,TAATTA.,6.0
engrailed,3hdd,MA0220.1.jaspar,4,3hdd_state_017_MA0220.1.jaspar.npz,state,17.0,6,0.7197160229079054,0.14718419646669645,0.12924411487916662,6,0.43987014015703624,0.25057418982032686,0.3824346034583919,6,5.394865655636859,TAAAAG.,3.0
engrailed,3hdd,MA0220.1.jaspar,4,3hdd_state_018_MA0220.1.jaspar.npz,state,18.0,6,0.9350977969471399,0.07372667506084933,0.04205487260358628,6,0.7860965457362652,0.19484478619415313,0.2336393901545657,6,4.082949248055916,TAATTA.,6.0
engrailed,3hdd,MA0220.1.jaspar,4,3hdd_state_019_MA0220.1.jaspar.npz,state,19.0,6,0.920210639972365,0.08147147693186223,0.05158304460087276,6,0.8764800331178796,0.11574827873846516,0.13757196732442578,6,7.8558550240132075,TAATTA.,6.0
engrailed,3hdd,MA0220.1.jaspar,4,3hdd_state_020_MA0220.1.jaspar.npz,state,20.0,5,0.22940027284715409,0.21857264467398635,0.23988138410728826,5,0.3621020763839252,0.29560426636599,0.4188144615861111,5,3.3995149588000286,.GTATA.,2.0
engrailed,3hdd,MA0220.1.jaspar,4,3hdd_state_021_MA0220.1.jaspar.npz,state,21.0,6,0.4590665469859977,0.20837169764824992,0.2818899153830997,6,0.5869898060125186,0.19580989799405524,0.30025635501294723,6,8.741341885491705,CAACTA.,4.0
engrailed,3hdd,MA0220.1.jaspar,4,3hdd_state_022_MA0220.1.jaspar.npz,state,22.0,6,0.8305715928072159,0.11330737819177254,0.09014163260507398,6,0.7149632437277929,0.19844765425659716,0.2754786239912678,6,4.324420751991016,TAATTC.,5.0
engrailed,3hdd,MA0220.1.jaspar,4,3hdd_state_023_MA0220.1.jaspar.npz,state,23.0,6,0.9426353184674422,0.05715245191337696,0.030780131461137648,6,0.7358407945815797,0.179026065399133,0.2326074947980571,6,6.114277631369866,TAATCC.,4.0
engrailed,3hdd,MA0220.1.jaspar,4,3hdd_state_024_MA0220.1.jaspar.npz,state,24.0,6,0.5737467594844554,0.1824258239134906,0.2116227946594403,6,0.4707202893812289,0.24705123596155923,0.40441210349151047,6,6.354699725531881,AAATAC.,3.0
engrailed,3hdd,MA0220.1.jaspar,4,3hdd_state_025_MA0220.1.jaspar.npz,state,25.0,6,0.741035737384345,0.13534535476840878,0.10876555874758642,6,0.667997651786835,0.21513126138597727,0.28743368881302783,6,3.3842157150244985,TAGTTA.,5.0
engrailed,3hdd,MA0220.1.jaspar,4,3hdd_state_026_MA0220.1.jaspar.npz,state,26.0,6,0.9533490443130908,0.06634814567223657,0.028035211729975733,6,0.8898140721851117,0.1242176082256871,0.1440527379326602,6,5.89135606501099,TAATTA.,6.0
engrailed,3hdd,MA0220.1.jaspar,4,3hdd_state_027_MA0220.1.jaspar.npz,state,27.0,6,0.9249874361424713,0.06979092879434272,0.04032437013613216,6,0.8815262471974211,0.14066680846735835,0.16177223371596364,6,5.653310282904754,TAATTA.,6.0
engrailed,3hdd,MA0220.1.jaspar,4,3hdd_state_028_MA0220.1.jaspar.npz,state,28.0,6,0.9798943572977075,0.040478031708820104,0.012694557437386763,6,0.8928083287464605,0.13939611373158792,0.15196620586269352,6,6.031528002059664,TAATTA.,6.0
engrailed,3hdd,MA0220.1.jaspar,4,3hdd_state_029_MA0220.1.jaspar.npz,state,29.0,6,0.7968142597892045,0.11710828386518794,0.09941615575562185,6,0.589843794556428,0.22039919098703345,0.30646694300390814,6,5.351124884544499,TAATAG.,4.0
engrailed,3hdd,MA0220.1.jaspar,4,3hdd_state_030_MA0220.1.jaspar.npz,state,30.0,4,0.4311680451808744,0.2183564975275658,0.2703375433458216,4,0.4854706360235067,0.22600074636284262,0.3816557690646728,4,5.096044237417557,..AGTA.,3.0
engrailed,3hdd,MA0220.1.jaspar,4,3hdd_state_031_MA0220.1.jaspar.npz,state,31.0,6,0.953455232478907,0.07694735115607425,0.0338304114244295,6,0.7412727066014602,0.18571096456920108,0.23107558796352842,6,4.3297267235338435,TAATCA.,5.0
engrailed,3hdd,MA0220.1.jaspar,4,3hdd_state_032_MA0220.1.jaspar.npz,state,32.0,6,0.891507839638965,0.10010656765371095,0.05228285415979175,6,0.7932002105914424,0.18360287976490022,0.2217620504429263,6,4.588550918559676,TAATTG.,5.0
engrailed,3hdd,MA0220.1.jaspar,4,3hdd_state_033_MA0220.1.jaspar.npz,state,33.0,6,0.7478230008992003,0.1293813281954499,0.10096331486913292,6,0.803133133273652,0.1712080120923929,0.2111155968842239,6,4.809654056607107,CAATTC.,4.0
engrailed,3hdd,MA0220.1.jaspar,4,3hdd_state_034_MA0220.1.jaspar.npz,state,34.0,6,0.7921854790533108,0.1338760672903542,0.09940618555135555,6,0.8138684813598728,0.15646490765114626,0.19254239651895574,6,5.331946090521235,TATTTA.,5.0
engrailed,3hdd,MA0220.1.jaspar,4,3hdd_state_035_MA0220.1.jaspar.npz,state,35.0,6,0.9391368437731407,0.061709330557884336,0.03298146873186902,6,0.9130913887778253,0.11298544550663792,0.12282992156218497,6,7.116829716883362,TAATTA.,6.0
engrailed,3hdd,MA0220.1.jaspar,4,3hdd_state_036_MA0220.1.jaspar.npz,state,36.0,6,0.8311505529277794,0.0913940546597587,0.07144645690322426,6,0.6598080990502679,0.21118903497699648,0.2690359165191046,6,5.359742191237604,TATTCA.,4.0
engrailed,3hdd,MA0220.1.jaspar,4,3hdd_state_037_MA0220.1.jaspar.npz,state,37.0,6,0.7487290033621435,0.11642191361655325,0.09802592051249488,6,0.648570620823256,0.21657844451450123,0.28032865368887344,6,4.495215355301999,TATTTA.,5.0
engrailed,3hdd,MA0220.1.jaspar,4,3hdd_state_038_MA0220.1.jaspar.npz,state,38.0,6,0.7751209111457155,0.13215941343514714,0.10074008298559219,6,0.5279121385758689,0.2553022717668985,0.3473979277713144,6,3.2954452704610375,TAGTCG.,3.0
engrailed,3hdd,MA0220.1.jaspar,4,3hdd_state_039_MA0220.1.jaspar.npz,state,39.0,6,0.8124632898430615,0.12250595452011719,0.0788421555706691,6,0.730179875998772,0.19843688828404993,0.24337204998617415,6,4.549043931182305,TAAATA.,5.0
engrailed,3hdd,MA0220.1.jaspar,4,3hdd_state_040_MA0220.1.jaspar.npz,state,40.0,6,0.9169559569666709,0.07229146880854387,0.04074900518470719,6,0.9669058118791896,0.08659405713357653,0.09638667633606463,6,6.3963969512144345,TAATTA.,6.0
engrailed,3hdd,MA0220.1.jaspar,4,3hdd_state_042_MA0220.1.jaspar.npz,state,42.0,6,0.7526458701985766,0.12610920074318224,0.12958603639765567,6,0.5118558631037089,0.224546004353518,0.33851025467520995,6,6.902863753083212,TAATAG.,4.0
engrailed,3hdd,MA0220.1.jaspar,4,3hdd_state_043_MA0220.1.jaspar.npz,state,43.0,6,0.894765023904841,0.0948161348690822,0.0637722904980159,6,0.8613581149760771,0.11579809287407745,0.14150716171221153,6,7.572900453438479,TAATTC.,5.0
engrailed,3hdd,MA0220.1.jaspar,4,3hdd_state_044_MA0220.1.jaspar.npz,state,44.0,6,0.8755977078685833,0.10235825489022925,0.06573974884681168,6,0.9172494748557988,0.12491733212179194,0.13888791767998745,6,5.4922752051866865,TAATTA.,6.0
engrailed,3hdd,MA0220.1.jaspar,4,3hdd_state_045_MA0220.1.jaspar.npz,state,45.0,6,0.7669542566437486,0.11268280711859309,0.09275104405483652,6,0.6712279098402603,0.20668056095018983,0.26614163592111534,6,4.843680981818252,TATTTA.,5.0
engrailed,3hdd,MA0220.1.jaspar,4,3hdd_state_046_MA0220.1.jaspar.npz,state,46.0,6,0.9508028045267892,0.07537548239633907,0.03054454682019768,6,0.9524352168351835,0.1043194251251407,0.1095596483821389,6,6.155127083895243,TAATTA.,6.0
engrailed,3hdd,MA0220.1.jaspar,4,3hdd_state_047_MA0220.1.jaspar.npz,state,47.0,6,0.893116319457528,0.0928026715652474,0.06091502265788599,6,0.8505943149762358,0.13624367933759154,0.1603917566661302,6,7.149614334002727,TAATTG.,5.0
engrailed,3hdd,MA0220.1.jaspar,4,3hdd_state_048_MA0220.1.jaspar.npz,state,48.0,6,0.8619568420891864,0.1056239033108189,0.06743580202127601,6,0.8169263006245099,0.15796373485742757,0.19014901263759001,6,5.872330169442306,TAATTG.,5.0
engrailed,3hdd,MA0220.1.jaspar,4,3hdd_state_050_MA0220.1.jaspar.npz,state,50.0,6,0.9344369686601903,0.0565179588496297,0.03323236132892068,6,0.9145809131911649,0.12707423894122863,0.13672009121252027,6,6.293257713708792,TAATTA.,6.0
engrailed,3hdd,MA0220.1.jaspar,4,3hdd_state_051_MA0220.1.jaspar.npz,state,51.0,6,0.8366254228123665,0.10849583585998819,0.07708094365351856,6,0.5357136152584375,0.2314115074793032,0.332472123673551,6,5.295683020349977,TAAACC.,3.0
engrailed,3hdd,MA0220.1.jaspar,4,3hdd_state_053_MA0220.1.jaspar.npz,state,53.0,6,0.8403994066425369,0.11236249333887827,0.07064332598204283,6,0.74902303574264,0.1998935728430903,0.24306481212903516,6,4.487182169133768,TAATTA.,6.0
engrailed,3hdd,MA0220.1.jaspar,4,3hdd_state_054_MA0220.1.jaspar.npz,state,54.0,6,0.906889983188404,0.0822089812233268,0.04935813186227527,6,0.8665478040786744,0.14315296093021365,0.16379923036769542,6,6.517359433048561,TAATTA.,6.0
engrailed,3hdd,MA0220.1.jaspar,4,3hdd_state_055_MA0220.1.jaspar.npz,state,55.0,6,0.8839707204663811,0.08982490388734732,0.05795933586928378,6,0.8305244159880616,0.14741270162630826,0.18115220172323343,6,6.071848423132238,TAATTG.,5.0
engrailed,3hdd,MA0220.1.jaspar,4,3hdd_state_056_MA0220.1.jaspar.npz,state,56.0,6,0.638068678812095,0.15981102079967968,0.14629662759914422,6,0.5839308757754111,0.21578947180629862,0.30878349989816445,6,5.451853991243733,AAAATG.,3.0
engrailed,3hdd,MA0220.1.jaspar,4,3hdd_state_057_MA0220.1.jaspar.npz,state,57.0,6,0.642308802787529,0.12447457754266604,0.13959110999362134,6,0.4952721409133957,0.23145937725591162,0.3340853290637456,6,5.4620262950875045,TATTCA.,4.0
engrailed,3hdd,MA0220.1.jaspar,4,3hdd_state_059_MA0220.1.jaspar.npz,state,59.0,6,0.9342406538508868,0.07397348355637708,0.03448526715040844,6,0.7135539622945206,0.18166614620713517,0.22681486779493207,6,6.081395049179454,TAATCA.,5.0
engrailed,3hdd,MA0220.1.jaspar,4,3hdd_state_060_MA0220.1.jaspar.npz,state,60.0,6,0.8726866373138399,0.08910454578775291,0.05269873862726269,6,0.5591018781732568,0.21888643401810745,0.2998313497800716,6,6.1414009694771625,TAAACA.,4.0
engrailed,3hdd,MA0220.1.jaspar,4,3hdd_state_062_MA0220.1.jaspar.npz,state,62.0,6,0.8751573896319985,0.104911880431852,0.056674206343204046,6,0.889895970708843,0.12599885948293377,0.15611670873972652,6,5.449844405536893,TAATTA.,6.0
engrailed,3hdd,MA0220.1.jaspar,4,3hdd_state_063_MA0220.1.jaspar.npz,state,63.0,6,0.908767022691497,0.0955009381049247,0.08358633417283014,6,0.6771420443280101,0.1809400684339403,0.2771215816949479,6,7.913739085897557,TAATAA.,5.0
engrailed,3hdd,MA0220.1.jaspar,4,3hdd_state_064_MA0220.1.jaspar.npz,state,64.0,6,0.8887828148306163,0.08071885655105386,0.049855471388837676,6,0.7420856354609777,0.16879035492335484,0.21062328858416338,6,7.339941935574712,TAAATA.,5.0
engrailed,3hdd,MA0220.1.jaspar,4,3hdd_state_065_MA0220.1.jaspar.npz,state,65.0,6,0.8931063306489687,0.07861544900515582,0.05323013475621102,6,0.818921024834638,0.14412066378766517,0.18257159151053917,6,6.78963287203813,TAATTG.,5.0
engrailed,3hdd,MA0220.1.jaspar,4,3hdd_state_066_MA0220.1.jaspar.npz,state,66.0,6,0.7049499404642129,0.1459722191163261,0.1371724036946002,6,0.7576485006713269,0.16604867534867176,0.2352665276520373,6,6.250438929501791,AAATTC.,4.0
engrailed,3hdd,MA0220.1.jaspar,4,3hdd_state_067_MA0220.1.jaspar.npz,state,67.0,5,0.4661286500077591,0.20403134530060923,0.25734686257608924,5,0.617728269746304,0.1849683625274338,0.2996492989879084,5,6.597824763099976,.GATTA.,4.0
engrailed,3hdd,MA0220.1.jaspar,4,3hdd_state_068_MA0220.1.jaspar.npz,state,68.0,6,0.9078469182058833,0.08889558912778739,0.05153588821775667,6,0.8382870220197068,0.1633706858071188,0.19166953488117025,6,4.784343758590033,TAATTA.,6.0
engrailed,3hdd,MA0220.1.jaspar,4,3hdd_state_069_MA0220.1.jaspar.npz,state,69.0,6,0.8814287767199892,0.09334264314869263,0.0582635908765164,6,0.8101682196126856,0.17716781595178568,0.2128507476592295,6,4.751920496097849,TAATTA.,6.0
engrailed,3hdd,MA0220.1.jaspar,4,3hdd_state_070_MA0220.1.jaspar.npz,state,70.0,6,0.7362862006866041,0.11789728710330867,0.10627643932744717,6,0.6853765932573428,0.1889063100485752,0.2455977268266425,6,5.3938882459028346,TATTTA.,5.0
engrailed,3hdd,MA0220.1.jaspar,4,3hdd_state_071_MA0220.1.jaspar.npz,state,71.0,6,0.9004469370629504,0.07837083669437561,0.05665293204330491,6,0.8971643086677423,0.13100326880036542,0.14494210960212187,6,6.0901702377366185,TAATTA.,6.0
engrailed,3hdd,MA0220.1.jaspar,4,3hdd_state_072_MA0220.1.jaspar.npz,state,72.0,6,0.9394104590044844,0.07046160582346299,0.04457730305288978,6,0.9121770026546121,0.0995588804386595,0.11069849247382868,6,8.432535848900974,TAATTA.,6.0
engrailed,3hdd,MA0220.1.jaspar,4,3hdd_state_073_MA0220.1.jaspar.npz,state,73.0,6,0.8357288850247979,0.10348360271018464,0.07162657174671695,6,0.6246864119308138,0.23071758827427402,0.28970532882763433,6,4.110307217745082,TATACA.,3.0
engrailed,3hdd,MA0220.1.jaspar,4,3hdd_state_074_MA0220.1.jaspar.npz,state,74.0,6,0.8397937402023112,0.11752008124312852,0.06968075606508325,6,0.710191163662744,0.2066691522098457,0.2584803305232917,6,4.3739229327951605,TAAATG.,4.0
engrailed,3hdd,MA0220.1.jaspar,4,3hdd_state_076_MA0220.1.jaspar.npz,state,76.0,6,0.9036078833895529,0.09603501023472442,0.054655344806076034,6,0.8496048087588584,0.15168842979862043,0.1758907258495772,6,5.500219975894845,TAATTG.,5.0
engrailed,3hdd,MA0220.1.jaspar,4,3hdd_state_077_MA0220.1.jaspar.npz,state,77.0,6,0.9033672124400217,0.08249805278804463,0.05389784076683283,6,0.8338299321309861,0.13389376851167376,0.1649962532373936,6,7.629057766067801,TAATTG.,5.0
engrailed,3hdd,MA0220.1.jaspar,4,3hdd_state_080_MA0220.1.jaspar.npz,state,80.0,6,0.779574952864697,0.1328501399596765,0.10573954711672877,6,0.7502279990239146,0.15976557803029814,0.2111053319868638,6,6.095044491304213,TAATTG.,5.0
engrailed,3hdd,MA0220.1.jaspar,4,3hdd_state_081_MA0220.1.jaspar.npz,state,81.0,6,0.9723212928332181,0.048231142614289034,0.014812609056237066,6,0.8235633896271696,0.14985512181253094,0.1806911930240638,6,6.859476370118308,TAATTA.,6.0
engrailed,3hdd,MA0220.1.jaspar,4,3hdd_state_082_MA0220.1.jaspar.npz,state,82.0,6,0.45889960206008623,0.18338822283840273,0.20608506596372797,6,0.5680167179217639,0.22466138296294957,0.31961161366775726,6,4.343283655216239,CTATTG.,3.0
engrailed,3hdd,MA0220.1.jaspar,4,3hdd_state_083_MA0220.1.jaspar.npz,state,83.0,6,0.7795721737790287,0.13393475054666246,0.10137219899108567,6,0.7463195855406535,0.17299868927026787,0.2197078149578134,6,5.759617434397594,TATTTG.,4.0
engrailed,3hdd,MA0220.1.jaspar,4,3hdd_state_084_MA0220.1.jaspar.npz,state,84.0,5,0.5480628045254718,0.19199339879560284,0.17729012303235073,5,0.23981205026109018,0.3223327492363751,0.5001019490463656,5,2.406268730113442,.AACCC.,2.0
engrailed,3hdd,MA0220.1.jaspar,4,3hdd_state_086_MA0220.1.jaspar.npz,state,86.0,6,0.867938458009755,0.10594192793845043,0.07335663918331796,6,0.7858607539588587,0.15924620871858983,0.20967420940458373,6,5.5183316205285085,TAATTG.,5.0
engrailed,3hdd,MA0220.1.jaspar,4,3hdd_state_087_MA0220.1.jaspar.npz,state,87.0,6,0.8662184532635928,0.10782103366121494,0.06667723202040858,6,0.8264708825219201,0.14785724917116264,0.1769014367126498,6,6.1845615286201445,TAATTG.,5.0
engrailed,3hdd,MA0220.1.jaspar,4,3hdd_state_088_MA0220.1.jaspar.npz,state,88.0,6,0.8563119901052733,0.1054530911836385,0.06392954776802401,6,0.6535077007388134,0.21168573499501994,0.27593433760886993,6,5.161647176099812,TAAATG.,4.0
engrailed,3hdd,MA0220.1.jaspar,4,3hdd_state_089_MA0220.1.jaspar.npz,state,89.0,6,0.92204023288736,0.07440740295472399,0.03499051521514223,6,0.6869394581365933,0.19887041128822602,0.24621926440962735,6,5.203544938330824,TAAACA.,4.0
engrailed,3hdd,MA0220.1.jaspar,4,3hdd_state_090_MA0220.1.jaspar.npz,state,90.0,6,0.9181837341819905,0.08047872811342434,0.04276988448579518,6,0.8413377855638642,0.15942039937363006,0.18255341470093578,6,6.219762968583246,TAATTA.,6.0
engrailed,3hdd,MA0220.1.jaspar,4,3hdd_state_091_MA0220.1.jaspar.npz,state,91.0,6,0.7163761233788104,0.14750403916211022,0.13802322334794012,6,0.7542083558521436,0.1644633928857123,0.19957121660784263,6,6.3812857365535125,TGATTG.,4.0
engrailed,3hdd,MA0220.1.jaspar,4,3hdd_state_092_MA0220.1.jaspar.npz,state,92.0,6,0.8892697907047867,0.09625330929702614,0.054961219706975824,6,0.8447920658384463,0.13878864884221306,0.1711074880767538,6,6.101444570839758,TAATTG.,5.0
engrailed,3hdd,MA0220.1.jaspar,4,3hdd_state_093_MA0220.1.jaspar.npz,state,93.0,6,0.9152791979879868,0.08010802500939462,0.04223097293176429,6,0.8904701801085342,0.12876064396308115,0.15290893446804668,6,5.457697658272531,TAATTA.,6.0
engrailed,3hdd,MA0220.1.jaspar,4,3hdd_state_094_MA0220.1.jaspar.npz,state,94.0,6,0.9574309649114783,0.05473268169347042,0.022177265653981416,6,0.8742121638166098,0.12875910788231218,0.14529348402479803,6,6.918008120890171,TAATTA.,6.0
engrailed,3hdd,MA0220.1.jaspar,4,3hdd_state_095_MA0220.1.jaspar.npz,state,95.0,6,0.6018070133497968,0.15815868416628595,0.16611541970352176,6,0.6937841489457056,0.19393960012221592,0.24588870054470777,6,6.365934546135195,CAATTG.,4.0
engrailed,3hdd,MA0220.1.jaspar,4,3hdd_state_097_MA0220.1.jaspar.npz,state,97.0,6,0.8864886049907598,0.08324277253996115,0.058942819077257874,6,0.8477125743318434,0.15444743740954436,0.17848757819168404,6,6.219514026244264,TAATTA.,6.0
engrailed,3hdd,MA0220.1.jaspar,4,ENSEMBLE_MEAN,ensemble_mean,,6,0.948410920031007,0.07617783534463225,0.0347089332561124,6,0.8626257587501353,0.16445836044800785,0.1947333012252903,6,4.327778508507215,TAATTA.,6.0
engrailed,3hdd,MA0220.1.jaspar,5,3hdd_A_MA0220.1.jaspar.npz,crystal,,6,1.0,0.0,0.0,6,0.9681089531983706,0.06867824998213716,0.06902963684082732,6,8.359355016821667,TAATTA.,
engrailed,3hdd,MA0220.1.jaspar,5,3hdd_state_001_MA0220.1.jaspar.npz,state,1.0,6,0.9658159332378464,0.07032714003253204,0.04437326406803766,6,0.9766512723229578,0.08178404707784163,0.09213176826765566,6,6.591089630225948,TAATTA.,6.0
engrailed,3hdd,MA0220.1.jaspar,5,3hdd_state_002_MA0220.1.jaspar.npz,state,2.0,6,0.9635115616874718,0.04685602395572156,0.028107632031861517,6,0.9923051405587968,0.04505497562665065,0.052057707144773424,6,8.123189989505208,TAATTA.,6.0
engrailed,3hdd,MA0220.1.jaspar,5,3hdd_state_003_MA0220.1.jaspar.npz,state,3.0,4,0.6991545584243117,0.16157575276899117,0.1884427251155292,4,0.7182618017789846,0.15410990038420458,0.2212133355436272,4,5.516171759507881,..TTTA.,3.0
engrailed,3hdd,MA0220.1.jaspar,5,3hdd_state_004_MA0220.1.jaspar.npz,state,4.0,6,0.9480855271981797,0.05789654948724395,0.04441122168090119,6,0.9189787356150522,0.09636031153301398,0.10596494290052651,6,7.686994224950773,TAATTA.,6.0
engrailed,3hdd,MA0220.1.jaspar,5,3hdd_state_006_MA0220.1.jaspar.npz,state,6.0,6,0.9375114392768618,0.08882682159674005,0.05753987687303964,6,0.9346680526270826,0.10318524920148775,0.11892689939563544,6,6.108635011141089,TAATTA.,6.0
engrailed,3hdd,MA0220.1.jaspar,5,3hdd_state_007_MA0220.1.jaspar.npz,state,7.0,6,0.9929092899064891,0.03200312458526847,0.016618997651337192,6,0.9474550440584422,0.06738818139274372,0.07553516933699489,6,9.677438054877646,TAATTA.,6.0
engrailed,3hdd,MA0220.1.jaspar,5,3hdd_state_008_MA0220.1.jaspar.npz,state,8.0,6,0.786414954760246,0.10494008751872268,0.1098183583642038,6,0.7544740053182233,0.13945720073146126,0.18499028683518923,6,7.721191768654996,TAAATA.,5.0
engrailed,3hdd,MA0220.1.jaspar,5,3hdd_state_009_MA0220.1.jaspar.npz,state,9.0,6,0.7678513735914037,0.11444222553958146,0.12945872605973688,6,0.7370131007202573,0.16512950970597254,0.2118403433592654,6,6.592811865676957,TATTTA.,5.0
engrailed,3hdd,MA0220.1.jaspar,5,3hdd_state_010_MA0220.1.jaspar.npz,state,10.0,6,0.7065085854316275,0.14879016401998038,0.1922368396442329,6,0.6812887488143794,0.16973769353838483,0.2454935487298412,6,8.177271888895696,TTATTA.,5.0
engrailed,3hdd,MA0220.1.jaspar,5,3hdd_state_011_MA0220.1.jaspar.npz,state,11.0,6,0.8061664676382528,0.09140579760545127,0.1217855379168609,6,0.7624314254592863,0.12399303693140003,0.18435232340351945,6,8.085411912067416,TAATAA.,5.0
engrailed,3hdd,MA0220.1.jaspar,5,3hdd_state_012_MA0220.1.jaspar.npz,state,12.0,6,0.9539812400141846,0.06512360132304214,0.03854661920245918,6,0.9165544389293216,0.09639285011265504,0.11510845141273644,6,6.981290282854388,TAATTA.,6.0
engrailed,3hdd,MA0220.1.jaspar,5,3hdd_state_013_MA0220.1.jaspar.npz,state,13.0,6,0.9934233442520453,0.028976237117603887,0.013977868860802744,6,0.9605505583366815,0.06564529486180011,0.06392714899526902,6,9.056699303550156,TAATTA.,6.0
engrailed,3hdd,MA0220.1.jaspar,5,3hdd_state_015_MA0220.1.jaspar.npz,state,15.0,6,0.9978639695766308,0.01991287714311814,0.007630144229794613,6,0.9671991474894311,0.07279977817476417,0.07396238911520354,6,7.829346447212007,TAATTA.,6.0
engrailed,3hdd,MA0220.1.jaspar,5,3hdd_state_016_MA0220.1.jaspar.npz,state,16.0,6,0.9913761591741195,0.03447138379488024,0.014102518995097,6,0.9689277714636243,0.07299411292236375,0.07985130608996806,6,7.422390038557296,TAATTA.,6.0
engrailed,3hdd,MA0220.1.jaspar,5,3hdd_state_017_MA0220.1.jaspar.npz,state,17.0,6,0.9192861675382602,0.08125705269897783,0.06664790148200479,6,0.8870836300706743,0.1059356878977269,0.11594869491283166,6,7.7706590893286,TAATTG.,5.0
engrailed,3hdd,MA0220.1.jaspar,5,3hdd_state_018_MA0220.1.jaspar.npz,state,18.0,6,0.9859486270896833,0.047208049333373005,0.020372647345711217,6,0.9750919502361394,0.08101636411932607,0.08888714830885393,6,6.70927840508837,TAATTA.,6.0
engrailed,3hdd,MA0220.1.jaspar,5,3hdd_state_019_MA0220.1.jaspar.npz,state,19.0,6,0.9764115551704966,0.056203351517676005,0.03950602435335295,6,0.9401993478574966,0.07687750351245388,0.0865294960991199,6,9.229078484159588,TAATTA.,6.0
engrailed,3hdd,MA0220.1.jaspar,5,3hdd_state_020_MA0220.1.jaspar.npz,state,20.0,5,0.6697367710461932,0.13904153616094844,0.2031026976291689,5,0.6844720482826075,0.1502260887173179,0.2502996278790136,5,7.390911208958839,.ATTTA.,4.0
engrailed,3hdd,MA0220.1.jaspar,5,3hdd_state_021_MA0220.1.jaspar.npz,state,21.0,6,0.9732294880295884,0.04847228752138714,0.035494808951745095,6,0.9709715363148476,0.07612366356261191,0.0790811989230664,6,7.2465510022789825,TAATTA.,6.0
engrailed,3hdd,MA0220.1.jaspar,5,3hdd_state_022_MA0220.1.jaspar.npz,state,22.0,6,0.6369843829391274,0.16222931041920674,0.2104547700100637,6,0.5990592573540524,0.19760801851710616,0.2878154169094212,6,8.051742822974393,TTATTG.,4.0
engrailed,3hdd,MA0220.1.jaspar,5,3hdd_state_023_MA0220.1.jaspar.npz,state,23.0,6,0.9967519794620593,0.025374788583576446,0.00980197366947047,6,0.9617760923394826,0.06175382730483155,0.06581047735210861,6,9.118975189474456,TAATTA.,6.0
engrailed,3hdd,MA0220.1.jaspar,5,3hdd_state_024_MA0220.1.jaspar.npz,state,24.0,6,0.21371660286633257,0.28843051879736475,0.4022841366448103,6,0.14196144311625258,0.32574211921701135,0.523583138160431,6,6.747035468249586,GATTCC.,2.0
engrailed,3hdd,MA0220.1.jaspar,5,3hdd_state_025_MA0220.1.jaspar.npz,state,25.0,6,0.9938515145130574,0.02801568571279252,0.010246790259977092,6,0.9649209310060894,0.0722359023639001,0.07058870676999751,6,8.207850448999633,TAATTA.,6.0
engrailed,3hdd,MA0220.1.jaspar,5,3hdd_state_026_MA0220.1.jaspar.npz,state,26.0,6,0.9042841870440051,0.08195361125005245,0.06901764902015338,6,0.8970902517720668,0.09222890904523713,0.11883236726657966,6,7.048100894826992,TAATAA.,5.0
engrailed,3hdd,MA0220.1.jaspar,5,3hdd_state_027_MA0220.1.jaspar.npz,state,27.0,6,0.9920274385822391,0.03296950639620869,0.014611350324918672,6,0.9792275451564887,0.06438717892827601,0.06903884054071556,6,7.704941393035786,TAATTA.,6.0
engrailed,3hdd,MA0220.1.jaspar,5,3hdd_state_028_MA0220.1.jaspar.npz,state,28.0,6,0.9918085018033483,0.03257891749308328,0.018828947874206726,6,0.9664823649268405,0.06184713868666828,0.06390910054479797,6,8.818717842945034,TAATTA.,6.0
engrailed,3hdd,MA0220.1.jaspar,5,3hdd_state_029_MA0220.1.jaspar.npz,state,29.0,6,0.6903990030670334,0.13926652108178436,0.1748454475855671,6,0.6215187412169105,0.176929050013617,0.26372408525673985,6,7.356240245160094,TAATAG.,4.0
engrailed,3hdd,MA0220.1.jaspar,5,3hdd_state_030_MA0220.1.jaspar.npz,state,30.0,4,0.49229168878646123,0.22081398891168647,0.3037004418801557,4,0.5259699892335924,0.2224158802673628,0.3584077316878179,4,5.04954931193099,..TTTA.,3.0
engrailed,3hdd,MA0220.1.jaspar,5,3hdd_state_031_MA0220.1.jaspar.npz,state,31.0,6,0.902924576148289,0.08722925312637624,0.07190427767220743,6,0.9330815346001676,0.08840489960372604,0.10196374215879639,6,6.894599012500222,TTATTA.,5.0
engrailed,3hdd,MA0220.1.jaspar,5,3hdd_state_032_MA0220.1.jaspar.npz,state,32.0,6,0.9850553599952364,0.03926687560184897,0.024198560598959667,6,0.9551001842251928,0.0784086986798987,0.07796477433629233,6,8.206628235621691,TAATTA.,6.0
engrailed,3hdd,MA0220.1.jaspar,5,3hdd_state_033_MA0220.1.jaspar.npz,state,33.0,6,0.7600881156655058,0.15014035260749856,0.1345987317653317,6,0.8397655146521613,0.1419137002634064,0.15629655766578024,6,6.131006923648478,CTATTA.,4.0
engrailed,3hdd,MA0220.1.jaspar,5,3hdd_state_034_MA0220.1.jaspar.npz,state,34.0,6,0.9663967244207303,0.055453330805903533,0.032883060123087886,6,0.9935956669997082,0.05764991668305205,0.0657940012623026,6,7.364180218678845,TAATTA.,6.0
engrailed,3hdd,MA0220.1.jaspar,5,3hdd_state_035_MA0220.1.jaspar.npz,state,35.0,6,0.9957771905741473,0.02633092633065341,0.010163650859220144,6,0.9593738027561673,0.06912297603412298,0.07282669749300222,6,8.639544119470536,TAATTA.,6.0
engrailed,3hdd,MA0220.1.jaspar,5,3hdd_state_036_MA0220.1.jaspar.npz,state,36.0,6,0.945149944757122,0.06774716646881036,0.0513403301676544,6,0.9107627742161127,0.09926859243569197,0.10689397152265288,6,8.02562289385829,TAATTA.,6.0
engrailed,3hdd,MA0220.1.jaspar,5,3hdd_state_037_MA0220.1.jaspar.npz,state,37.0,6,0.8537458554153541,0.10625927156434045,0.09447264885409527,6,0.82819501413798,0.14346567126146206,0.18034281628579643,6,5.812724299870844,TATTTA.,5.0
engrailed,3hdd,MA0220.1.jaspar,5,3hdd_state_038_MA0220.1.jaspar.npz,state,38.0,6,0.9372754372879116,0.07662330290258978,0.05192506044839962,6,0.9069113510109317,0.11089219806793456,0.13855323515032492,6,5.9319216586416355,TAATTA.,6.0
engrailed,3hdd,MA0220.1.jaspar,5,3hdd_state_039_MA0220.1.jaspar.npz,state,39.0,6,0.8626277546164407,0.07299766283904319,0.0792533750489935,6,0.8344051032493487,0.11941204218116279,0.14619829312155816,6,7.59727546017926,TATTTA.,5.0
engrailed,3hdd,MA0220.1.jaspar,5,3hdd_state_040_MA0220.1.jaspar.npz,state,40.0,6,0.975431297627768,0.044051824554723375,0.031356339827801526,6,0.9600659519285752,0.07739536771623534,0.07679266615533058,6,7.820056213925797,TAATTA.,6.0
engrailed,3hdd,MA0220.1.jaspar,5,3hdd_state_042_MA0220.1.jaspar.npz,state,42.0,6,0.7529644907091279,0.13180149370373329,0.15257854256076994,6,0.7170485369564595,0.16392853809869243,0.20492364876992086,6,7.346763656080597,TTATAA.,4.0
engrailed,3hdd,MA0220.1.jaspar,5,3hdd_state_043_MA0220.1.jaspar.npz,state,43.0,6,0.9195948126166668,0.07925467163295252,0.06238416633177581,6,0.8618587008589436,0.10205452483326856,0.12049620449866867,6,9.450198367123665,TAATTG.,5.0
engrailed,3hdd,MA0220.1.jaspar,5,3hdd_state_044_MA0220.1.jaspar.npz,state,44.0,6,0.9643966570841419,0.06870936591440113,0.041795723910503964,6,0.9599168485167721,0.08369961737601746,0.09796344055370552,6,6.695802108446,TAATTA.,6.0
engrailed,3hdd,MA0220.1.jaspar,5,3hdd_state_045_MA0220.1.jaspar.npz,state,45.0,6,0.9669937081072453,0.06710273995486205,0.038697706675487886,6,0.9857319409780458,0.08038969033320124,0.09087425236296272,6,6.410760518877846,TAATTA.,6.0
engrailed,3hdd,MA0220.1.jaspar,5,3hdd_state_046_MA0220.1.jaspar.npz,state,46.0,6,0.9304392721162222,0.08929494166750374,0.06417168700834315,6,0.9266192742415704,0.09289343162799923,0.11503809131084063,6,6.740352022292393,TAATTA.,6.0
engrailed,3hdd,MA0220.1.jaspar,5,3hdd_state_047_MA0220.1.jaspar.npz,state,47.0,6,0.970353296319635,0.0545114406037707,0.04079698406656543,6,0.924124834883552,0.08524136066504677,0.0967821463425123,6,9.192566665792897,TAATTA.,6.0
engrailed,3hdd,MA0220.1.jaspar,5,3hdd_state_048_MA0220.1.jaspar.npz,state,48.0,6,0.993659005382652,0.0266980488995614,0.014513737537936595,6,0.9629944110039762,0.07366108369509068,0.07652392156972046,6,7.855263115817072,TAATTA.,6.0
engrailed,3hdd,MA0220.1.jaspar,5,3hdd_state_050_MA0220.1.jaspar.npz,state,50.0,6,0.9968325157212247,0.02214062489171435,0.009856106566564828,6,0.9744602066584545,0.05935575441132338,0.059523586166095384,6,8.543852219121733,TAATTA.,6.0
engrailed,3hdd,MA0220.1.jaspar,5,3hdd_state_051_MA0220.1.jaspar.npz,state,51.0,6,0.8973024788516359,0.07010873667318644,0.07197016819960896,6,0.8424929659288111,0.11428273620714435,0.1443651943456133,6,7.669125508725335,TAATAA.,5.0
engrailed,3hdd,MA0220.1.jaspar,5,3hdd_state_053_MA0220.1.jaspar.npz,state,53.0,6,0.9878982892862748,0.04232736452953153,0.019436993734694003,6,0.9863579016835778,0.0646409917123189,0.06960039769163939,6,7.285795799505584,TAATTA.,6.0
engrailed,3hdd,MA0220.1.jaspar,5,3hdd_state_054_MA0220.1.jaspar.npz,state,54.0,6,0.9869420203085747,0.0399653182187952,0.022169255637978197,6,0.9467369363118981,0.07360606857643386,0.07813283253084428,6,9.082471168520147,TAATTA.,6.0
engrailed,3hdd,MA0220.1.jaspar,5,3hdd_state_055_MA0220.1.jaspar.npz,state,55.0,6,0.9897218100162397,0.03567601343456772,0.024678622138683104,6,0.9708020019858552,0.07421516752219759,0.07833665811611028,6,7.496070163331718,TAATTA.,6.0
engrailed,3hdd,MA0220.1.jaspar,5,3hdd_state_056_MA0220.1.jaspar.npz,state,56.0,6,0.9742983519669945,0.04445608485912089,0.02790967115639018,6,0.9861312298045989,0.06133364803099539,0.0693028888503759,6,7.5699037335896975,TAATTA.,6.0
engrailed,3hdd,MA0220.1.jaspar,5,3hdd_state_057_MA0220.1.jaspar.npz,state,57.0,6,0.9675022548758361,0.07126145867732703,0.045729841490219574,6,0.9712290625368911,0.09731300410688466,0.10697578603951802,6,6.072157926040603,TAATTA.,6.0
engrailed,3hdd,MA0220.1.jaspar,5,3hdd_state_059_MA0220.1.jaspar.npz,state,59.0,6,0.9955895689345001,0.02601173741762371,0.015038543113170882,6,0.9687963814545452,0.06051846498909678,0.05747323542264237,6,9.065692690019608,TAATTA.,6.0
engrailed,3hdd,MA0220.1.jaspar,5,3hdd_state_060_MA0220.1.jaspar.npz,state,60.0,6,0.9317075710788123,0.071469572583851,0.05573765165024424,6,0.8867259442718511,0.11253584928260807,0.12335155532665111,6,7.432548787877995,TAATTA.,6.0
engrailed,3hdd,MA0220.1.jaspar,5,3hdd_state_062_MA0220.1.jaspar.npz,state,62.0,6,0.9926584850454703,0.031196478306810604,0.012036375083717424,6,0.9833645555723862,0.06412883946904913,0.07078339520362549,6,7.444478069429548,TAATTA.,6.0
engrailed,3hdd,MA0220.1.jaspar,5,3hdd_state_063_MA0220.1.jaspar.npz,state,63.0,6,0.9935372752394063,0.03083822675031911,0.019207463824631673,6,0.9397439304972393,0.07250078815577392,0.07874748107167345,6,9.84543835431687,TAATTA.,6.0
engrailed,3hdd,MA0220.1.jaspar,5,3hdd_state_064_MA0220.1.jaspar.npz,state,64.0,6,0.982045445359415,0.04671817174191043,0.026471752073684362,6,0.9357657850323576,0.08338806842584745,0.09009991828071584,6,8.92856688252624,TAATTA.,6.0
engrailed,3hdd,MA0220.1.jaspar,5,3hdd_state_065_MA0220.1.jaspar.npz,state,65.0,6,0.9339766907414129,0.08159969594210754,0.05547051708037906,6,0.8741573950460544,0.11134991429510895,0.13420932081138817,6,8.459022428162578,TAATTA.,6.0
engrailed,3hdd,MA0220.1.jaspar,5,3hdd_state_066_MA0220.1.jaspar.npz,state,66.0,6,0.993026203804004,0.033689025509374915,0.01643275070855164,6,0.9530820184980155,0.07517954611830646,0.07788885481732805,6,8.546299147660775,TAATTA.,6.0
engrailed,3hdd,MA0220.1.jaspar,5,3hdd_state_067_MA0220.1.jaspar.npz,state,67.0,5,0.8129837887206909,0.0882605054488522,0.11010273236923214,5,0.8101354979301615,0.118345657151076,0.16542662896676097,5,6.997439520865699,.ATTTA.,4.0
engrailed,3hdd,MA0220.1.jaspar,5,3hdd_state_068_MA0220.1.jaspar.npz,state,68.0,6,0.9827105078128006,0.04276796100627204,0.02166524876008512,6,0.9933529364131833,0.050053194846744496,0.056799775342704695,6,7.7268270108807044,TAATTA.,6.0
engrailed,3hdd,MA0220.1.jaspar,5,3hdd_state_069_MA0220.1.jaspar.npz,state,69.0,6,0.9926941767522672,0.032625653122522635,0.013624642174095883,6,0.9835733251259338,0.0671148297090743,0.07087302466847693,6,7.354263995755299,TAATTA.,6.0
engrailed,3hdd,MA0220.1.jaspar,5,3hdd_state_070_MA0220.1.jaspar.npz,state,70.0,6,0.9835415924718673,0.042867072890658164,0.025945257897997124,6,0.9856872093882781,0.058800406089479416,0.06473285641355503,6,7.725156692219199,TAATTA.,6.0
engrailed,3hdd,MA0220.1.jaspar,5,3hdd_state_071_MA0220.1.jaspar.npz,state,71.0,6,0.8623534955712666,0.09818607476699981,0.09507523791741183,6,0.8432861432611183,0.13030022955839135,0.1577367443225208,6,6.514863049951336,TAACTA.,5.0
engrailed,3hdd,MA0220.1.jaspar,5,3hdd_state_072_MA0220.1.jaspar.npz,state,72.0,6,0.9902046165071667,0.041225480187373854,0.025220691838543623,6,0.9480015105083446,0.06430550257573486,0.07473184821812262,6,9.793307589138148,TAATTA.,6.0
engrailed,3hdd,MA0220.1.jaspar,5,3hdd_state_073_MA0220.1.jaspar.npz,state,73.0,6,0.9670411795508543,0.06768951211051899,0.04225374135585813,6,0.9714722748424398,0.07991587067226646,0.09164253255418585,6,6.766498981320938,TAATTA.,6.0
engrailed,3hdd,MA0220.1.jaspar,5,3hdd_state_074_MA0220.1.jaspar.npz,state,74.0,6,0.9925224698020144,0.038408106924180174,0.019128755859042758,6,0.9658617979076635,0.08809634774418858,0.09337960874794891,6,6.782763087168277,TAATTA.,6.0
engrailed,3hdd,MA0220.1.jaspar,5,3hdd_state_076_MA0220.1.jaspar.npz,state,76.0,6,0.891766234656944,0.07579092590822256,0.07380743347795622,6,0.8541434066881072,0.10972401629502808,0.1438284239080581,6,7.139637146478679,TAATAA.,5.0
engrailed,3hdd,MA0220.1.jaspar,5,3hdd_state_077_MA0220.1.jaspar.npz,state,77.0,6,0.9597253489418706,0.0634290624317752,0.04300398712997339,6,0.9055253519215685,0.09385151460810448,0.10647489021752461,6,9.00579688799106,TAATTA.,6.0
engrailed,3hdd,MA0220.1.jaspar,5,3hdd_state_080_MA0220.1.jaspar.npz,state,80.0,6,0.9572211402119896,0.0653761609076658,0.04717858952396361,6,0.9443274543503767,0.08553006173072693,0.0885546932108487,6,7.6855768749583415,TAATTA.,6.0
engrailed,3hdd,MA0220.1.jaspar,5,3hdd_state_081_MA0220.1.jaspar.npz,state,81.0,6,0.9949033298104265,0.03393148388007224,0.013952960590451834,6,0.9584970305465452,0.06125134148972696,0.05965243320325097,6,9.679001778086922,TAATTA.,6.0
engrailed,3hdd,MA0220.1.jaspar,5,3hdd_state_082_MA0220.1.jaspar.npz,state,82.0,6,0.8252533600895742,0.07959222942705917,0.08921927612129765,6,0.806530847875115,0.12764079511938084,0.1576885119936809,6,7.915763060065244,TGATTA.,5.0
engrailed,3hdd,MA0220.1.jaspar,5,3hdd_state_083_MA0220.1.jaspar.npz,state,83.0,6,0.9772530401210481,0.05564780546774273,0.030115797734193216,6,0.9678475567202238,0.07815452141221613,0.08735141438250017,6,7.034933040567399,TAATTA.,6.0
engrailed,3hdd,MA0220.1.jaspar,5,3hdd_state_084_MA0220.1.jaspar.npz,state,84.0,5,0.3051689328564602,0.26159270933567313,0.34266072697050004,5,0.31071222477201044,0.2982671363570262,0.4439960623459303,5,4.426440063360969,.TTCTA.,2.0
engrailed,3hdd,MA0220.1.jaspar,5,3hdd_state_086_MA0220.1.jaspar.npz,state,86.0,6,0.7758973109805656,0.10719950427422494,0.13754875180844792,6,0.7376174247168563,0.1338350606553528,0.20949348052965103,6,7.335166872334311,TAATAA.,5.0
engrailed,3hdd,MA0220.1.jaspar,5,3hdd_state_087_MA0220.1.jaspar.npz,state,87.0,6,0.9923139072824537,0.03494441448735112,0.020962448055848692,6,0.9752675960514505,0.06886464266911692,0.07097559363189677,6,7.709126749294333,TAATTA.,6.0
engrailed,3hdd,MA0220.1.jaspar,5,3hdd_state_088_MA0220.1.jaspar.npz,state,88.0,6,0.9818533847210322,0.04794144718592482,0.024796430850903776,6,0.9386428210402168,0.08880478819871011,0.09551250805312998,6,8.153373758055043,TAATTA.,6.0
engrailed,3hdd,MA0220.1.jaspar,5,3hdd_state_089_MA0220.1.jaspar.npz,state,89.0,6,0.9104782620273811,0.06507805489066716,0.053732873879360626,6,0.8873530285632913,0.10265581156272674,0.12185334015290601,6,7.33769757340267,TAAATA.,5.0
engrailed,3hdd,MA0220.1.jaspar,5,3hdd_state_090_MA0220.1.jaspar.npz,state,90.0,6,0.9449689265096913,0.06762739336045342,0.052891499122236514,6,0.9095854574278736,0.09494677275506547,0.10418477926098763,6,8.467427811913353,TAATTA.,6.0
engrailed,3hdd,MA0220.1.jaspar,5,3hdd_state_091_MA0220.1.jaspar.npz,state,91.0,6,0.8292811357334606,0.0933093788723151,0.09616904235021857,6,0.8267756179117038,0.11832701025196002,0.14349691911592016,6,7.892506852735552,TGATTA.,5.0
engrailed,3hdd,MA0220.1.jaspar,5,3hdd_state_092_MA0220.1.jaspar.npz,state,92.0,6,0.9956488217128405,0.02828343431125783,0.012179335514901664,6,0.9718517222143233,0.07281450581043221,0.07491620223506998,6,7.610359206231813,TAATTA.,6.0
engrailed,3hdd,MA0220.1.jaspar,5,3hdd_state_093_MA0220.1.jaspar.npz,state,93.0,6,0.9720368994237734,0.05409564500905617,0.031013220529344198,6,0.9894881252633241,0.06321949907866535,0.07035566276569057,6,7.142899725877664,TAATTA.,6.0
engrailed,3hdd,MA0220.1.jaspar,5,3hdd_state_094_MA0220.1.jaspar.npz,state,94.0,6,0.9879479323460818,0.03549853067185419,0.01905479117949681,6,0.9581964377075899,0.06609601324331986,0.06283197232241067,6,9.05515082577508,TAATTA.,6.0
engrailed,3hdd,MA0220.1.jaspar,5,3hdd_state_095_MA0220.1.jaspar.npz,state,95.0,6,0.8136725763575086,0.10209097079132334,0.11844124909363624,6,0.770253648722689,0.13570533493475523,0.1943918362416506,6,6.912928782973736,TAATAA.,5.0
engrailed,3hdd,MA0220.1.jaspar,5,3hdd_state_097_MA0220.1.jaspar.npz,state,97.0,6,0.9818921930793129,0.048463558156072395,0.025969388352516807,6,0.940831383310284,0.08387654743273742,0.08704150469467987,6,8.490944654354722,TAATTA.,6.0
engrailed,3hdd,MA0220.1.jaspar,5,ENSEMBLE_MEAN,ensemble_mean,,6,0.9934946908665991,0.04662121377201136,0.026948211751601836,6,0.9679921698636412,0.09750462161226074,0.10123647752658545,6,6.349340304130663,TAATTA.,6.0
err,1lo1,MA0141.3.jaspar,1,1lo1_A_MA0141.3.jaspar.npz,crystal,,9,0.9999999999999998,0.0,0.0,9,0.6418033389853828,0.2132914324659699,0.26597152718106654,9,6.397983597293148,TCAATGGAA.,
err,1lo1,MA0141.3.jaspar,1,1lo1_state_001_MA0141.3.jaspar.npz,state,1.0,6,0.38960883440061034,0.2105761328168493,0.25618343355458845,6,0.497523341250219,0.2292042190034067,0.35382507730924734,6,7.122297786913344,...TGGTGA.,2.0
err,1lo1,MA0141.3.jaspar,1,1lo1_state_004_MA0141.3.jaspar.npz,state,4.0,6,-0.12784792247695925,0.33451228635506897,0.5065386459777401,6,-0.2551129180280355,0.43722648977927747,0.7681423999301127,6,6.234817948092083,...CATATA.,1.0
err,1lo1,MA0141.3.jaspar,1,1lo1_state_009_MA0141.3.jaspar.npz,state,9.0,9,0.4079026900326931,0.18660272852220158,0.18089893882755267,9,0.3662056350536726,0.2761113770603616,0.37539169573381737,9,6.447543909428251,CAATGGACG.,2.0
err,1lo1,MA0141.3.jaspar,1,1lo1_state_012_MA0141.3.jaspar.npz,state,12.0,6,0.06678803142099995,0.27957054079524823,0.35839902162325826,6,-0.21543783210762393,0.42706067311398027,0.7090505616400771,6,6.176719221339915,...GTTAAG.,2.0
err,1lo1,MA0141.3.jaspar,1,1lo1_state_014_MA0141.3.jaspar.npz,state,14.0,9,0.5169787787011519,0.19960919270266053,0.1869784075380397,9,0.4235451088961487,0.255587885476416,0.37112880158666295,9,7.785263976592628,AAAAGGGTA.,5.0
err,1lo1,MA0141.3.jaspar,1,1lo1_state_017_MA0141.3.jaspar.npz,state,17.0,4,-0.16717042250418368,0.3745374483485193,0.5791323340658986,4,-0.2777394701665363,0.45384882433859275,0.8088498851360243,4,5.471604866416598,.....TATG.,0.0
err,1lo1,MA0141.3.jaspar,1,1lo1_state_022_MA0141.3.jaspar.npz,state,22.0,9,0.6464570619400107,0.1453556354972534,0.10509494217470454,9,0.5514183852857962,0.2506520936828262,0.3231880690369032,9,4.707839410878698,CATTGGTCA.,2.0
err,1lo1,MA0141.3.jaspar,1,1lo1_state_023_MA0141.3.jaspar.npz,state,23.0,9,0.5900573511711709,0.15897090187839544,0.11142878067156525,9,0.34050952955213,0.2851552817317295,0.37462022848925824,9,5.297154145059503,CATGTGTGA.,3.0
err,1lo1,MA0141.3.jaspar,1,1lo1_state_024_MA0141.3.jaspar.npz,state,24.0,6,0.7545401038331627,0.1139417589971951,0.10418771013090183,6,0.74711582470151,0.17955167275310183,0.2233243839805251,6,5.6536786537537465,...AGGGTA.,4.0
err,1lo1,MA0141.3.jaspar,1,1lo1_state_025_MA0141.3.jaspar.npz,state,25.0,6,0.5313059559969405,0.2072799636288115,0.20694659349284797,6,0.2987521446522809,0.28535794407210346,0.45296251190520004,6,6.866829922915968,...GTGTGG.,2.0
err,1lo1,MA0141.3.jaspar,1,1lo1_state_030_MA0141.3.jaspar.npz,state,30.0,7,0.17563880555332215,0.2408677131918791,0.26641687328882085,7,0.47340556951838414,0.2721050799965659,0.37899479356194915,7,4.1228304306357515,..ATGGTCC.,2.0
err,1lo1,MA0141.3.jaspar,1,1lo1_state_031_MA0141.3.jaspar.npz,state,31.0,7,0.481361704671102,0.17027570088144525,0.177099837685241,7,0.4050746876334893,0.26904066326096654,0.39996812462769327,7,6.429049599963053,..TGGGTAG.,2.0
err,1lo1,MA0141.3.jaspar,1,1lo1_state_032_MA0141.3.jaspar.npz,state,32.0,6,0.0942943959323445,0.21423509723778503,0.3130877203586068,6,-0.11875311396314217,0.39387094499155256,0.6429639836615554,6,4.122138286561993,...TTTGAA.,4.0
err,1lo1,MA0141.3.jaspar,1,1lo1_state_034_MA0141.3.jaspar.npz,state,34.0,9,0.3651125401632289,0.1745199011056684,0.17040969051999488,9,0.1565843656220343,0.3223482491674885,0.4512362954159675,9,5.684979665542944,CATGTGTAA.,4.0
err,1lo1,MA0141.3.jaspar,1,1lo1_state_036_MA0141.3.jaspar.npz,state,36.0,6,0.3530726899116111,0.2442632895078797,0.28934322123846146,6,0.3172827561051555,0.27984173517512545,0.43824162065349803,6,7.367116066752187,...TGGATG.,1.0
err,1lo1,MA0141.3.jaspar,1,1lo1_state_037_MA0141.3.jaspar.npz,state,37.0,9,0.574069734609519,0.16596529111524838,0.13436398047745268,9,0.5690042653791879,0.22271263624295695,0.29089707496416084,9,7.375201498140309,CCTTGGTGA.,3.0
err,1lo1,MA0141.3.jaspar,1,1lo1_state_038_MA0141.3.jaspar.npz,state,38.0,9,0.14736085970448193,0.2314473181613721,0.2512233008737259,9,-0.10081244893051726,0.37044950212132083,0.5467762410988357,9,6.378139607068226,CATGATGTG.,1.0
err,1lo1,MA0141.3.jaspar,1,1lo1_state_040_MA0141.3.jaspar.npz,state,40.0,9,0.3851068776311743,0.17170633780187927,0.16150811985497227,9,0.27191420901819197,0.2953061114336985,0.4073447404592643,9,6.106992320012506,ACTGGGTTG.,2.0
err,1lo1,MA0141.3.jaspar,1,1lo1_state_043_MA0141.3.jaspar.npz,state,43.0,7,0.4158420194102245,0.2159197154890405,0.2431751999471023,7,-0.06513095169403303,0.39044987395287273,0.6569231442881621,7,8.13295730610054,..TGTGGTG.,3.0
err,1lo1,MA0141.3.jaspar,1,1lo1_state_050_MA0141.3.jaspar.npz,state,50.0,9,0.6300285063604099,0.1467977842807563,0.11081779240505395,9,0.6275442598442708,0.22155710567474468,0.2739605148419504,9,6.203004812833355,CAAAGGTTA.,4.0
err,1lo1,MA0141.3.jaspar,1,1lo1_state_052_MA0141.3.jaspar.npz,state,52.0,9,0.4352534954269998,0.19709890140762176,0.22907168702143377,9,0.14187609348661095,0.3194230262059945,0.5018949629391671,9,9.495909984543632,CCTGTGGAA.,6.0
err,1lo1,MA0141.3.jaspar,1,1lo1_state_053_MA0141.3.jaspar.npz,state,53.0,9,0.11183932263323683,0.2542754177492397,0.30192055414253566,9,-0.03966092065812315,0.36467814075391897,0.5747425873813339,9,8.890627704224492,CCTGGTGTG.,2.0
err,1lo1,MA0141.3.jaspar,1,1lo1_state_055_MA0141.3.jaspar.npz,state,55.0,6,-0.06959361085446089,0.31821132463907514,0.4304611434294299,6,0.05359304663284078,0.3550087364080052,0.5961099319570967,6,7.096565852092525,...TGTTTG.,0.0
err,1lo1,MA0141.3.jaspar,1,1lo1_state_059_MA0141.3.jaspar.npz,state,59.0,5,0.14654560470445038,0.2940197373562114,0.3850072834246189,5,-0.02771607410824516,0.3811759727421304,0.6729662075261709,5,7.1051713098026,....GTGTG.,1.0
err,1lo1,MA0141.3.jaspar,1,1lo1_state_060_MA0141.3.jaspar.npz,state,60.0,5,0.038605620967592985,0.2377935272990726,0.2494437336261032,5,0.4367534504714383,0.31379072575364264,0.4065515643585377,5,1.1537829742812966,....ATTCA.,1.0
err,1lo1,MA0141.3.jaspar,1,1lo1_state_061_MA0141.3.jaspar.npz,state,61.0,6,0.8811673445461479,0.08137857017245491,0.06463159639413045,6,0.4120618628586926,0.25974666848839295,0.3877407341620535,6,6.189431577346633,...ATGGAA.,6.0
err,1lo1,MA0141.3.jaspar,1,1lo1_state_062_MA0141.3.jaspar.npz,state,62.0,6,-0.0110445716550352,0.32093985811583986,0.4812022336518946,6,-0.25510445338985394,0.4428518397391104,0.7884983852943718,6,7.005136208543591,...CATGTA.,2.0
err,1lo1,MA0141.3.jaspar,1,1lo1_state_063_MA0141.3.jaspar.npz,state,63.0,4,0.23793844430851613,0.2732422427931043,0.40999851599187787,4,-0.16497229052037915,0.4238278054132125,0.7748505768265203,4,6.404922116120606,.....TGTA.,2.0
err,1lo1,MA0141.3.jaspar,1,1lo1_state_064_MA0141.3.jaspar.npz,state,64.0,6,0.11701478980753836,0.2809917024319854,0.32741100508833637,6,0.1360945864422261,0.3368930477535059,0.5187861542570262,6,5.127432217910544,...GTATCG.,1.0
err,1lo1,MA0141.3.jaspar,1,1lo1_state_069_MA0141.3.jaspar.npz,state,69.0,9,0.7642817384081844,0.12337460867840694,0.09707033223193423,9,0.424258830688707,0.24635821258157697,0.37307429056295743,9,8.371445005811871,TTGAGGGAA.,6.0
err,1lo1,MA0141.3.jaspar,1,1lo1_state_070_MA0141.3.jaspar.npz,state,70.0,9,0.1120573368439154,0.2650097734488857,0.3109352639293273,9,-0.048309375527208376,0.37341829475675087,0.5863329317733516,9,7.848936541574216,AGGATATTG.,2.0
err,1lo1,MA0141.3.jaspar,1,1lo1_state_072_MA0141.3.jaspar.npz,state,72.0,6,0.48121774772523374,0.17668118397088728,0.20563502467819314,6,0.22624523504458455,0.30571581938774023,0.4980231662664509,6,6.844629673232349,...GTGTTG.,2.0
err,1lo1,MA0141.3.jaspar,1,1lo1_state_075_MA0141.3.jaspar.npz,state,75.0,8,0.6208632948928609,0.15528636724047828,0.15452487141397578,8,0.3057813249396258,0.2894396526135097,0.45266959364094306,8,7.625900703994784,.CTTTGGTA.,5.0
err,1lo1,MA0141.3.jaspar,1,1lo1_state_078_MA0141.3.jaspar.npz,state,78.0,9,0.427076727319317,0.18854702652788546,0.18888972457760045,9,0.34947847747234184,0.26537236938040426,0.3916764397140089,9,8.473271018135712,TACTGGTTG.,2.0
err,1lo1,MA0141.3.jaspar,1,1lo1_state_079_MA0141.3.jaspar.npz,state,79.0,6,-0.04994400649249987,0.3289123971205356,0.46350562705117526,6,-0.026489078457246518,0.37711347097414505,0.647917702794118,6,7.310161353108562,...GTTACG.,1.0
err,1lo1,MA0141.3.jaspar,1,1lo1_state_080_MA0141.3.jaspar.npz,state,80.0,8,-0.07267561824073045,0.31366200635442126,0.4220725541003868,8,0.27195730866100026,0.29138756895393797,0.48942269836946156,8,9.449481467478073,.CTTGTTCG.,1.0
err,1lo1,MA0141.3.jaspar,1,1lo1_state_081_MA0141.3.jaspar.npz,state,81.0,6,0.3092390348694998,0.2341758782034352,0.2632639777919969,6,0.2917459290619272,0.29470778299825423,0.447026496976274,6,5.159704746089304,...TTTTAA.,3.0
err,1lo1,MA0141.3.jaspar,1,1lo1_state_085_MA0141.3.jaspar.npz,state,85.0,9,0.7398393216860784,0.13021398195673506,0.09086538422535298,9,0.43939047049800367,0.27124953918003786,0.35145509122860014,9,4.8919571131834,CAAAGGGTA.,5.0
err,1lo1,MA0141.3.jaspar,1,1lo1_state_089_MA0141.3.jaspar.npz,state,89.0,9,0.5570701353779328,0.15513005479685185,0.13783423354020485,9,0.6538958868196868,0.1915179791863516,0.24438901662231163,9,7.90929902426676,CCTGGGTGA.,3.0
err,1lo1,MA0141.3.jaspar,1,1lo1_state_090_MA0141.3.jaspar.npz,state,90.0,6,0.5101949469235761,0.16007689139983464,0.1835064350578144,6,0.46275803167794805,0.23804912959442012,0.3545004876965238,6,6.670840292937437,...GTGTTA.,3.0
err,1lo1,MA0141.3.jaspar,1,1lo1_state_092_MA0141.3.jaspar.npz,state,92.0,6,0.10995318319917739,0.31543504323781146,0.4921743905454732,6,0.16692191579137897,0.31669067470405243,0.5644333204437656,6,9.782249140222167,...AATTTG.,1.0
err,1lo1,MA0141.3.jaspar,1,ENSEMBLE_MEAN,ensemble_mean,,9,0.6211590811712007,0.13858430349480252,0.10218284453810814,9,0.39685736691427703,0.2999351099270719,0.3772818291532036,9,2.6286786959117703,CATGGGTTA.,2.0
err,1lo1,MA0141.3.jaspar,2,1lo1_A_MA0141.3.jaspar.npz,crystal,,9,0.9999999999999998,0.0,0.0,9,0.31299763393908825,0.27749718220891534,0.4409796735350013,9,9.43847227102625,TATATGGAA.,
err,1lo1,MA0141.3.jaspar,2,1lo1_state_001_MA0141.3.jaspar.npz,state,1.0,6,0.32762249459050946,0.21654289820192693,0.2588248247069218,6,0.5935101150472997,0.2349783759661174,0.3118025744358885,6,4.225683281467069,...AGAGAA.,4.0
err,1lo1,MA0141.3.jaspar,2,1lo1_state_004_MA0141.3.jaspar.npz,state,4.0,6,-0.17926456664066195,0.34126488348313916,0.5288897167036904,6,-0.18378075367480232,0.42032533999493654,0.7506551808040663,6,6.6120555600165005,...TATATA.,1.0
err,1lo1,MA0141.3.jaspar,2,1lo1_state_009_MA0141.3.jaspar.npz,state,9.0,9,0.1774128110170268,0.24837610719259828,0.3110227268556378,9,-0.05868507868628642,0.35926913129515015,0.582401774165811,9,7.376910264098095,TATTATACA.,4.0
err,1lo1,MA0141.3.jaspar,2,1lo1_state_012_MA0141.3.jaspar.npz,state,12.0,6,0.5638232057154684,0.1595653049638107,0.18826708572008824,6,0.09380271106903017,0.34470804502780084,0.5674901800841926,6,5.669778590998447,...GTGGAA.,5.0
err,1lo1,MA0141.3.jaspar,2,1lo1_state_014_MA0141.3.jaspar.npz,state,14.0,9,0.5168702063750832,0.19442977372091264,0.24228327728137528,9,0.3176460592768549,0.2706562654315753,0.44495190448723787,9,11.417694489860441,TAAATTATA.,5.0
err,1lo1,MA0141.3.jaspar,2,1lo1_state_017_MA0141.3.jaspar.npz,state,17.0,4,-0.06652584440311447,0.3467732156541956,0.5459949292366953,4,-0.04413509675300696,0.3792081307847752,0.6963510144676696,4,5.457944028448676,.....TATA.,1.0
err,1lo1,MA0141.3.jaspar,2,1lo1_state_022_MA0141.3.jaspar.npz,state,22.0,9,0.5996740290756964,0.1667019741014681,0.17632452556917752,9,0.22912038168343096,0.2891207823575112,0.4577899853996878,9,9.50743856159136,TATATAACA.,6.0
err,1lo1,MA0141.3.jaspar,2,1lo1_state_023_MA0141.3.jaspar.npz,state,23.0,9,0.6485060002182247,0.1643835600763042,0.17475676600916715,9,0.29285370650137216,0.2639215656122865,0.4336988440840299,9,10.253680808848806,TATATAGCA.,7.0
err,1lo1,MA0141.3.jaspar,2,1lo1_state_024_MA0141.3.jaspar.npz,state,24.0,6,0.8343780942335842,0.13442667447573817,0.0838301622511075,6,0.4416518109025683,0.2751559288590215,0.39366565247769053,6,4.3510609905298,...ATGGCA.,5.0
err,1lo1,MA0141.3.jaspar,2,1lo1_state_025_MA0141.3.jaspar.npz,state,25.0,6,0.33177542267113175,0.2422670396626927,0.28915002935151424,6,-0.09640842498838051,0.3940502270706929,0.6753781668013742,6,6.024209473544573,...GTGATA.,3.0
err,1lo1,MA0141.3.jaspar,2,1lo1_state_030_MA0141.3.jaspar.npz,state,30.0,7,0.1080862442867617,0.2953349570577432,0.34093781776656434,7,0.023280826914480496,0.36454216426188524,0.5903241478482222,7,5.072959920665048,..GACGGCC.,3.0
err,1lo1,MA0141.3.jaspar,2,1lo1_state_031_MA0141.3.jaspar.npz,state,31.0,7,0.5016082361396493,0.17989032956705028,0.18979515730663235,7,0.4252028454372912,0.2681798399301312,0.39299835395256366,7,5.437866552233637,..ATTGGAA.,5.0
err,1lo1,MA0141.3.jaspar,2,1lo1_state_032_MA0141.3.jaspar.npz,state,32.0,6,0.023196643839840266,0.3315533296166298,0.46298156489795855,6,0.22496180703569713,0.3015693012275733,0.5139837350949937,6,6.966481118738301,...TCTACA.,1.0
err,1lo1,MA0141.3.jaspar,2,1lo1_state_034_MA0141.3.jaspar.npz,state,34.0,9,0.144639449194375,0.2771212379577466,0.3247909494290808,9,-0.11408105554595845,0.3847702021755847,0.6200246764968446,9,7.400008129491012,CACTTAACA.,3.0
err,1lo1,MA0141.3.jaspar,2,1lo1_state_036_MA0141.3.jaspar.npz,state,36.0,6,0.03678543083413854,0.2995543516881298,0.42244737349308265,6,0.229429741912311,0.30726762052897055,0.49930615543860574,6,6.5289949926859165,...TGGATA.,2.0
err,1lo1,MA0141.3.jaspar,2,1lo1_state_037_MA0141.3.jaspar.npz,state,37.0,9,0.28938848268256046,0.2376739560600577,0.2763204819836478,9,0.35822251586088294,0.2777908874462203,0.3946999563309367,9,6.1421654014946165,TAAATTTTG.,4.0
err,1lo1,MA0141.3.jaspar,2,1lo1_state_038_MA0141.3.jaspar.npz,state,38.0,9,0.33846113628058944,0.24055817674767846,0.31535056414546936,9,0.1492346896745785,0.31727587892479886,0.5426204930427725,9,10.947998960635575,TAAGTAACA.,4.0
err,1lo1,MA0141.3.jaspar,2,1lo1_state_040_MA0141.3.jaspar.npz,state,40.0,9,0.7158822969887607,0.12452596533370928,0.11355661338994485,9,0.19136233347900183,0.3013239645806607,0.48099630267128646,9,7.653980206745938,TATATAGCA.,7.0
err,1lo1,MA0141.3.jaspar,2,1lo1_state_043_MA0141.3.jaspar.npz,state,43.0,7,0.5168528291777332,0.17346386205671088,0.17828026371562464,7,0.006937742132703416,0.3678925515061045,0.5846750686999006,7,5.63487654487849,..TTTAGCA.,4.0
err,1lo1,MA0141.3.jaspar,2,1lo1_state_050_MA0141.3.jaspar.npz,state,50.0,9,0.32907795640402676,0.2363451348307232,0.26987278089546074,9,0.3507434715389555,0.2665621871872443,0.3801893479414098,9,7.569928513453027,TCTACATTA.,4.0
err,1lo1,MA0141.3.jaspar,2,1lo1_state_052_MA0141.3.jaspar.npz,state,52.0,9,0.5957885120457072,0.17729010085006142,0.18211745528783652,9,0.2809491873369366,0.28463112429340576,0.42152016056026254,9,7.98879207772769,TCTATAGAA.,7.0
err,1lo1,MA0141.3.jaspar,2,1lo1_state_053_MA0141.3.jaspar.npz,state,53.0,9,0.4649661228346351,0.22138355530074072,0.2409227231717862,9,0.2556958697683281,0.28211185113306986,0.44557066433488124,9,8.470914831838073,TCTATAACA.,5.0
err,1lo1,MA0141.3.jaspar,2,1lo1_state_055_MA0141.3.jaspar.npz,state,55.0,6,-0.18731358968299594,0.36143048803448136,0.5945991276563839,6,0.3335123840303077,0.2625593326301896,0.4494522059802289,6,8.171628249503273,...TGTTTA.,1.0
err,1lo1,MA0141.3.jaspar,2,1lo1_state_059_MA0141.3.jaspar.npz,state,59.0,5,-0.0840146169040067,0.325077922642231,0.4619267473099223,5,0.08677491529091771,0.34717624469194563,0.5532300399122042,5,4.744910015976586,....GTCTA.,1.0
err,1lo1,MA0141.3.jaspar,2,1lo1_state_060_MA0141.3.jaspar.npz,state,60.0,5,-0.04864430409630604,0.3417269562371075,0.4913045384686107,5,0.3783373368770578,0.25671170495916157,0.4092197527392055,5,5.621840449689593,....ATTCA.,1.0
err,1lo1,MA0141.3.jaspar,2,1lo1_state_061_MA0141.3.jaspar.npz,state,61.0,6,0.8867689665634354,0.09009495417315823,0.05883995830643538,6,0.4584424758617651,0.2530143449645645,0.39829599693547135,6,5.526181028669529,...ATGACA.,4.0
err,1lo1,MA0141.3.jaspar,2,1lo1_state_062_MA0141.3.jaspar.npz,state,62.0,6,0.5324584515460412,0.18713132350239903,0.25472416249295177,6,0.28478965849870475,0.2874366274724404,0.45636373893411464,6,6.882022223446336,...AAGGTA.,4.0
err,1lo1,MA0141.3.jaspar,2,1lo1_state_063_MA0141.3.jaspar.npz,state,63.0,4,-0.3671597310468119,0.3532737515970439,0.5002373338141056,4,-0.03496598122967458,0.3743410912584295,0.5697368517741754,4,2.5210930603107746,.....CATG.,0.0
err,1lo1,MA0141.3.jaspar,2,1lo1_state_064_MA0141.3.jaspar.npz,state,64.0,6,0.4470788074629126,0.22391323634656146,0.29921539334580605,6,0.160339976152889,0.3196565990219824,0.5543390281910275,6,7.279413303656467,...GTTGCA.,3.0
err,1lo1,MA0141.3.jaspar,2,1lo1_state_069_MA0141.3.jaspar.npz,state,69.0,9,0.6646809084586599,0.12792993591736174,0.15936393748824684,9,0.145858254482029,0.32274489928386174,0.5355143434048784,9,10.872926171724524,CTTATGGAA.,7.0
err,1lo1,MA0141.3.jaspar,2,1lo1_state_070_MA0141.3.jaspar.npz,state,70.0,9,0.02710892555724857,0.3252151051419787,0.4587432238724771,9,0.04632657035567505,0.33368395882361157,0.5481307727921176,9,10.829773466897707,CCCTTAATA.,2.0
err,1lo1,MA0141.3.jaspar,2,1lo1_state_072_MA0141.3.jaspar.npz,state,72.0,6,0.3994503009922838,0.22087267869816665,0.23459225431686645,6,0.048180245672303786,0.3580463582390318,0.5557976831913285,6,3.8525239984663457,...GTAACA.,2.0
err,1lo1,MA0141.3.jaspar,2,1lo1_state_075_MA0141.3.jaspar.npz,state,75.0,8,0.3936203941781354,0.22114770622283686,0.26708842963341384,8,0.13515877664081546,0.331406470399088,0.5482666688800928,8,6.873012711951771,.ATGCTGCA.,4.0
err,1lo1,MA0141.3.jaspar,2,1lo1_state_078_MA0141.3.jaspar.npz,state,78.0,9,0.5714926494790431,0.1641285259457719,0.20205486024265668,9,0.5426394551154103,0.21352966104879872,0.3154788182343877,9,10.049651971438081,TAATGGGTA.,5.0
err,1lo1,MA0141.3.jaspar,2,1lo1_state_079_MA0141.3.jaspar.npz,state,79.0,6,0.49414815946427076,0.22435214983609816,0.26699060025937854,6,0.3015628746669225,0.2794186061849662,0.46966663515986123,6,7.464823140703274,...ATTGCA.,4.0
err,1lo1,MA0141.3.jaspar,2,1lo1_state_080_MA0141.3.jaspar.npz,state,80.0,8,0.27526132022556976,0.25623106091006775,0.3529466120846212,8,0.05664298623987481,0.3506226622266695,0.6172134949930688,8,10.103835380615159,.ACCTTTCA.,3.0
err,1lo1,MA0141.3.jaspar,2,1lo1_state_081_MA0141.3.jaspar.npz,state,81.0,6,0.19277379219920832,0.29760600606095977,0.41736688054045074,6,0.329001316960063,0.2706378493749071,0.4670753082356693,6,7.068603334237702,...GTTTCA.,2.0
err,1lo1,MA0141.3.jaspar,2,1lo1_state_085_MA0141.3.jaspar.npz,state,85.0,9,0.29670165439756124,0.22194347446525675,0.2915813966959949,9,0.4153312804581302,0.24187931486651199,0.36906223563183627,9,8.314364464147845,TCTAAATAA.,5.0
err,1lo1,MA0141.3.jaspar,2,1lo1_state_089_MA0141.3.jaspar.npz,state,89.0,9,0.7850800540144274,0.13668298369480503,0.12031801033122326,9,0.3030383976945149,0.26496732762380915,0.4146762657307789,9,8.924193176909053,TGTGTGGCA.,6.0
err,1lo1,MA0141.3.jaspar,2,1lo1_state_090_MA0141.3.jaspar.npz,state,90.0,6,0.536422180218084,0.1688631804039081,0.1997499020293886,6,-0.11703660020475445,0.39890331437345594,0.6791294834722583,6,5.784145594023026,...GTTGAA.,4.0
err,1lo1,MA0141.3.jaspar,2,1lo1_state_092_MA0141.3.jaspar.npz,state,92.0,6,0.11487536811622777,0.3009719839404473,0.45597803518354946,6,0.055141975956573205,0.35365417656309245,0.6043928889720359,6,7.67297042641184,...AATCAG.,2.0
err,1lo1,MA0141.3.jaspar,2,ENSEMBLE_MEAN,ensemble_mean,,9,0.711007781959452,0.17987385992811863,0.14698441545785443,9,0.3614988237317849,0.2957829093405725,0.39207444050587675,9,2.9440721355850625,TATATTGCA.,7.0
err,1lo1,MA0141.3.jaspar,3,1lo1_A_MA0141.3.jaspar.npz,crystal,,9,1.0,0.0,0.0,9,0.3618360544530003,0.25273374272445737,0.4094966808574395,9,10.127297163409283,TATATGGAA.,
err,1lo1,MA0141.3.jaspar,3,1lo1_state_001_MA0141.3.jaspar.npz,state,1.0,6,0.8045975658676179,0.10004640989548837,0.10165316014564953,6,0.7658182730838845,0.144664131415387,0.19070969320188166,6,6.881086302845752,...AGGGCA.,4.0
err,1lo1,MA0141.3.jaspar,3,1lo1_state_004_MA0141.3.jaspar.npz,state,4.0,6,-0.015591559518763625,0.3260956746914114,0.4824385776882361,6,-0.14864512803054092,0.41068915392194566,0.7371899557556976,6,6.910094964544239,...TACAGA.,1.0
err,1lo1,MA0141.3.jaspar,3,1lo1_state_009_MA0141.3.jaspar.npz,state,9.0,9,0.4064373547393168,0.2271764657020362,0.2732079448338838,9,0.5963053296718915,0.20971811841849963,0.2833396543908045,9,7.88138025455664,TAATGGTCA.,4.0
err,1lo1,MA0141.3.jaspar,3,1lo1_state_012_MA0141.3.jaspar.npz,state,12.0,6,0.6538756202147382,0.16153212431042144,0.14128817344907577,6,0.6069604552845056,0.23145586661606407,0.30972333306706634,6,4.196577155484594,...ATGTTA.,4.0
err,1lo1,MA0141.3.jaspar,3,1lo1_state_014_MA0141.3.jaspar.npz,state,14.0,9,0.6005390134713704,0.17457541951444,0.21924151318578294,9,0.6894728325110271,0.14834966802542718,0.22442600161499182,9,12.95874196447093,TAAAGGTTA.,5.0
err,1lo1,MA0141.3.jaspar,3,1lo1_state_017_MA0141.3.jaspar.npz,state,17.0,4,0.07784023681605631,0.31347470524633536,0.4749468839462833,4,-0.029450817192176605,0.37477876412231126,0.6829785254474794,4,4.978867043368938,.....CATA.,1.0
err,1lo1,MA0141.3.jaspar,3,1lo1_state_022_MA0141.3.jaspar.npz,state,22.0,9,0.7097011267548122,0.13537637672076622,0.12448728618735203,9,0.288898216242943,0.2772879454714712,0.42727434074864684,9,8.005788910843885,TATATATTA.,6.0
err,1lo1,MA0141.3.jaspar,3,1lo1_state_023_MA0141.3.jaspar.npz,state,23.0,9,0.5989101791471438,0.1843642244218952,0.19301322508420882,9,0.35670717123659107,0.2489746847390456,0.38555897169832737,9,10.056284159945871,TGTATATTA.,5.0
err,1lo1,MA0141.3.jaspar,3,1lo1_state_024_MA0141.3.jaspar.npz,state,24.0,6,0.6660298457860482,0.16807267651893198,0.1622186746010496,6,0.7232373774125728,0.16015705142247802,0.22093207727180145,6,6.527788712722705,...ATGTCA.,4.0
err,1lo1,MA0141.3.jaspar,3,1lo1_state_025_MA0141.3.jaspar.npz,state,25.0,6,0.5644809338151278,0.210772789180434,0.24248808546729914,6,0.09417956964023634,0.34096362205067027,0.5991595492074021,6,7.437401545077687,...ATTGGA.,4.0
err,1lo1,MA0141.3.jaspar,3,1lo1_state_030_MA0141.3.jaspar.npz,state,30.0,7,0.5144457145250899,0.21905253421781318,0.22600232921566435,7,0.3220227020102134,0.2853477061601422,0.43567998763394794,7,6.475478334344403,..AACGGTA.,4.0
err,1lo1,MA0141.3.jaspar,3,1lo1_state_031_MA0141.3.jaspar.npz,state,31.0,7,0.5001486342318542,0.2028609988545733,0.2501080199978366,7,0.6678483462016954,0.16220788004492143,0.24257272545467132,7,8.984343780334438,..AATGTTA.,4.0
err,1lo1,MA0141.3.jaspar,3,1lo1_state_032_MA0141.3.jaspar.npz,state,32.0,6,0.5492255920819408,0.20697357350339493,0.19689286706052744,6,0.446593098823927,0.2596713374562872,0.384688394932804,6,4.843764987214925,...ACGTTA.,3.0
err,1lo1,MA0141.3.jaspar,3,1lo1_state_034_MA0141.3.jaspar.npz,state,34.0,9,0.6786988226358838,0.16257658394493368,0.17500007029384473,9,0.29872971198583037,0.27679632256493075,0.44122688424432144,9,10.786573203810702,AATATGTTA.,6.0
err,1lo1,MA0141.3.jaspar,3,1lo1_state_036_MA0141.3.jaspar.npz,state,36.0,6,0.43997681186773396,0.2330844260965629,0.31779570858728956,6,0.28039633930761276,0.28052057171589695,0.48721905340518196,6,8.429169459537444,...TGGGGA.,3.0
err,1lo1,MA0141.3.jaspar,3,1lo1_state_037_MA0141.3.jaspar.npz,state,37.0,9,0.5693278311880089,0.16332951151869363,0.1993676999697092,9,0.791324646300219,0.13984888498089276,0.18105824370323256,9,9.323299172007626,TAAAGGTAA.,6.0
err,1lo1,MA0141.3.jaspar,3,1lo1_state_038_MA0141.3.jaspar.npz,state,38.0,9,0.35129640154332764,0.23753136210143566,0.32181714233002207,9,0.1739887904766688,0.29933532592258416,0.5074607395681411,9,11.13638924455265,TAAATAATA.,5.0
err,1lo1,MA0141.3.jaspar,3,1lo1_state_040_MA0141.3.jaspar.npz,state,40.0,9,0.8553113593289762,0.10975563984053831,0.08491316917727657,9,0.3228141499544024,0.2662039700112978,0.41627535807677557,9,8.874590339910135,TATATGATA.,7.0
err,1lo1,MA0141.3.jaspar,3,1lo1_state_043_MA0141.3.jaspar.npz,state,43.0,7,0.2612421392235269,0.25460538387830767,0.3054926477675787,7,-0.027376377055632627,0.37582819202465806,0.5926686907703453,7,5.874301707970727,..GGTAGTA.,3.0
err,1lo1,MA0141.3.jaspar,3,1lo1_state_050_MA0141.3.jaspar.npz,state,50.0,9,0.8281907022191082,0.11316238413564861,0.09273246133617169,9,0.3834111030512912,0.2477476946692655,0.37191234170868986,9,9.919667411287506,CATATGTTA.,6.0
err,1lo1,MA0141.3.jaspar,3,1lo1_state_052_MA0141.3.jaspar.npz,state,52.0,9,0.6688155324681779,0.16372467873022994,0.1603172747278047,9,0.4616196693187604,0.2330322409494935,0.331588558676723,9,8.876056154807422,CCTATGTCA.,5.0
err,1lo1,MA0141.3.jaspar,3,1lo1_state_053_MA0141.3.jaspar.npz,state,53.0,9,0.4965711937841638,0.2193471013645952,0.2375798272630514,9,0.10702852846442086,0.31925014579448746,0.5031521515131695,9,8.863111187748034,TCTATAATA.,5.0
err,1lo1,MA0141.3.jaspar,3,1lo1_state_055_MA0141.3.jaspar.npz,state,55.0,6,0.19591911710067136,0.25870930407351506,0.34170002536412464,6,0.6010140508297466,0.20267411808405691,0.295300335680366,6,6.155713892892045,...AGTTTA.,2.0
err,1lo1,MA0141.3.jaspar,3,1lo1_state_059_MA0141.3.jaspar.npz,state,59.0,5,0.34367636425465076,0.24021857513580472,0.25787678573436906,5,0.10830550193115458,0.3433939408743754,0.5073046369189761,5,3.8434722371100483,....GCGTA.,2.0
err,1lo1,MA0141.3.jaspar,3,1lo1_state_060_MA0141.3.jaspar.npz,state,60.0,5,0.8015594825860451,0.1332082465523854,0.09805695874533249,5,0.5044167246907363,0.2302084472263232,0.34054863168645255,5,4.850609324351171,....CGGCA.,3.0
err,1lo1,MA0141.3.jaspar,3,1lo1_state_061_MA0141.3.jaspar.npz,state,61.0,6,0.808503228933721,0.10606399287159245,0.08313572452334322,6,0.7317341552099426,0.17078281824554628,0.2325389217791448,6,5.956972710745946,...ATGTTA.,4.0
err,1lo1,MA0141.3.jaspar,3,1lo1_state_062_MA0141.3.jaspar.npz,state,62.0,6,0.3947349195860332,0.24117188875485832,0.34178581211520265,6,0.07865492911502682,0.3430156503454782,0.6280760111796043,6,8.877958713166661,...AATGTA.,3.0
err,1lo1,MA0141.3.jaspar,3,1lo1_state_063_MA0141.3.jaspar.npz,state,63.0,4,0.4050287932214911,0.2078099273094267,0.298559966681745,4,0.12550496491731938,0.3271689154935302,0.5814196898998432,4,5.46181982668829,.....TGCA.,2.0
err,1lo1,MA0141.3.jaspar,3,1lo1_state_064_MA0141.3.jaspar.npz,state,64.0,6,0.16487532919651818,0.2785183046556388,0.34798809644255746,6,0.2729952166281173,0.2904356471844949,0.451412562514982,6,6.362948398727058,...GCATTA.,1.0
err,1lo1,MA0141.3.jaspar,3,1lo1_state_069_MA0141.3.jaspar.npz,state,69.0,9,0.8609202474635851,0.10181956857235895,0.07673474101644522,9,0.40053541572292295,0.23931472100149323,0.3850486617561839,9,10.253027310208424,TAAATGGAA.,8.0
err,1lo1,MA0141.3.jaspar,3,1lo1_state_070_MA0141.3.jaspar.npz,state,70.0,9,0.3935672937890273,0.2502954203454364,0.29602852339989555,9,0.17444193823579388,0.31386290153992985,0.49401303192764395,9,9.626314765762999,AATTTATTA.,4.0
err,1lo1,MA0141.3.jaspar,3,1lo1_state_072_MA0141.3.jaspar.npz,state,72.0,6,0.44950871266250425,0.20904803629188487,0.26728815951127155,6,0.4526948624145997,0.23005569394445047,0.37649201959400563,6,7.483707208726997,...GTGTCA.,3.0
err,1lo1,MA0141.3.jaspar,3,1lo1_state_075_MA0141.3.jaspar.npz,state,75.0,8,0.27320142933801655,0.26952645771962125,0.33108684815552414,8,0.1559153076108403,0.32426939584183856,0.5029622708714239,8,6.932615943491188,.AAGGTGTA.,3.0
err,1lo1,MA0141.3.jaspar,3,1lo1_state_078_MA0141.3.jaspar.npz,state,78.0,9,0.7543209890194136,0.12915103824343532,0.1335169081015063,9,0.5979994588283324,0.18732230090730204,0.28372541405434565,9,11.108174611345255,TAAAGGGCA.,6.0
err,1lo1,MA0141.3.jaspar,3,1lo1_state_079_MA0141.3.jaspar.npz,state,79.0,6,0.7131697944873897,0.1585501751396805,0.1839036711966923,6,0.7596035024449186,0.1066793377394788,0.18165931857812012,6,9.545630447570716,...ATGTCA.,4.0
err,1lo1,MA0141.3.jaspar,3,1lo1_state_080_MA0141.3.jaspar.npz,state,80.0,8,0.3274177664590423,0.25101239915238693,0.3081534002669989,8,0.2226166298189835,0.31179200457336265,0.47707095148882106,8,6.8446936983840025,.AACTGTTA.,4.0
err,1lo1,MA0141.3.jaspar,3,1lo1_state_081_MA0141.3.jaspar.npz,state,81.0,6,0.6499297108499194,0.18563678759771088,0.18798882075024123,6,0.5691018066630591,0.19971671228995547,0.3019769913254808,6,7.052713853269793,...ATGTTA.,4.0
err,1lo1,MA0141.3.jaspar,3,1lo1_state_085_MA0141.3.jaspar.npz,state,85.0,9,0.4802582090213227,0.20323377101319945,0.25525464490655914,9,0.24552798840655427,0.2824370752366829,0.4550514758078789,9,9.437899990790509,TAAAATGTA.,5.0
err,1lo1,MA0141.3.jaspar,3,1lo1_state_089_MA0141.3.jaspar.npz,state,89.0,9,0.7534739869655379,0.14794869700886515,0.1345811928954197,9,0.5416981875117383,0.19772566914778306,0.29924841756670184,9,10.764445352070123,CATATGTCA.,6.0
err,1lo1,MA0141.3.jaspar,3,1lo1_state_090_MA0141.3.jaspar.npz,state,90.0,6,0.8598020288375103,0.10645281419177384,0.07529326738070959,6,0.6811755170470237,0.1614646652257458,0.2457736593508616,6,7.654432436562836,...ATGTCA.,4.0
err,1lo1,MA0141.3.jaspar,3,1lo1_state_092_MA0141.3.jaspar.npz,state,92.0,6,0.2507766748157533,0.27405443149862807,0.36267514882360025,6,0.33165526939816437,0.27409558312648746,0.4433679252365071,6,6.801342182674735,...TAGTTA.,2.0
err,1lo1,MA0141.3.jaspar,3,ENSEMBLE_MEAN,ensemble_mean,,9,0.8357306266716985,0.14636072336298755,0.10850121259040411,9,0.5411100006642632,0.24875384434012085,0.32129883913214397,9,4.375852422774125,TATATGTTA.,7.0
err,1lo1,MA0141.3.jaspar,4,1lo1_A_MA0141.3.jaspar.npz,crystal,,9,1.0,0.0,0.0,9,0.2356832664816787,0.2898844050780301,0.4823436066425647,9,10.160722436731323,TATATGGAA.,
err,1lo1,MA0141.3.jaspar,4,1lo1_state_001_MA0141.3.jaspar.npz,state,1.0,6,0.44797874663142717,0.18113339802948758,0.24786577007939536,6,0.40807754741761104,0.2673603462947843,0.38114170215671944,6,5.065212472382683,...CTGTAA.,4.0
err,1lo1,MA0141.3.jaspar,4,1lo1_state_004_MA0141.3.jaspar.npz,state,4.0,6,-0.09737658663386503,0.32040031399810687,0.46423627612030116,6,-0.1839366976009647,0.4148251808752927,0.6935878070401714,6,5.215308482758707,...TATATA.,1.0
err,1lo1,MA0141.3.jaspar,4,1lo1_state_009_MA0141.3.jaspar.npz,state,9.0,9,0.2783773831799696,0.23155769743284005,0.271463602908927,9,0.09887464006883602,0.3277905765086568,0.4904645050741869,9,6.038156361255309,TATTTTTTA.,5.0
err,1lo1,MA0141.3.jaspar,4,1lo1_state_012_MA0141.3.jaspar.npz,state,12.0,6,0.17280309904661528,0.27081054785715725,0.3562359918991737,6,0.17958121727161896,0.3252693473768886,0.4901238122570843,6,5.067615494138549,...GTTTTA.,2.0
err,1lo1,MA0141.3.jaspar,4,1lo1_state_014_MA0141.3.jaspar.npz,state,14.0,9,0.4469180432329649,0.20458322308129734,0.24477958005486608,9,0.30842559292896154,0.2793105984746944,0.41160963115610727,9,7.710141662172587,TAAATTTTA.,5.0
err,1lo1,MA0141.3.jaspar,4,1lo1_state_017_MA0141.3.jaspar.npz,state,17.0,4,-0.10418097903848612,0.32310872678499436,0.5287645084020811,4,-0.06425701180831749,0.38422878549681627,0.637881459778414,4,4.344973197292866,.....CATA.,1.0
err,1lo1,MA0141.3.jaspar,4,1lo1_state_022_MA0141.3.jaspar.npz,state,22.0,9,0.6149780252671778,0.16589002115910667,0.167662923417777,9,0.26111503098565525,0.2951861226303865,0.4303153742333017,9,5.892022190340834,TATATTTAA.,7.0
err,1lo1,MA0141.3.jaspar,4,1lo1_state_023_MA0141.3.jaspar.npz,state,23.0,9,0.70821631656788,0.134970495567864,0.13858801106176163,9,0.17716443588022462,0.2998888776993327,0.48132806612181894,9,8.706145702594808,TTTATTGCA.,6.0
err,1lo1,MA0141.3.jaspar,4,1lo1_state_024_MA0141.3.jaspar.npz,state,24.0,6,0.8208580604389074,0.13534957707937187,0.11441826656338867,6,0.6640221884104907,0.22489286833054697,0.2727111270951125,6,4.221415807884895,...ATGGCA.,5.0
err,1lo1,MA0141.3.jaspar,4,1lo1_state_025_MA0141.3.jaspar.npz,state,25.0,6,0.8704104235290335,0.10389329736547855,0.08033248272758407,6,0.14907783022969334,0.33174022039747797,0.5270346558802926,6,5.217081849486172,...ATGGGA.,5.0
err,1lo1,MA0141.3.jaspar,4,1lo1_state_030_MA0141.3.jaspar.npz,state,30.0,7,0.2745798623810328,0.24899653334536456,0.3114078624904842,7,0.30973800366066184,0.2982986764109228,0.4414164708414779,7,5.246679240128042,..AATTTTC.,2.0
err,1lo1,MA0141.3.jaspar,4,1lo1_state_031_MA0141.3.jaspar.npz,state,31.0,7,0.6519696059465033,0.1411078509575288,0.15304533936510323,7,0.18435511675197042,0.32631634264336234,0.4919652997847237,7,5.356013267158963,..TATTGTA.,5.0
err,1lo1,MA0141.3.jaspar,4,1lo1_state_032_MA0141.3.jaspar.npz,state,32.0,6,-0.11375908810334094,0.34994566060292226,0.5394922098084967,6,0.17344701843590582,0.3204984021528314,0.5189319543979667,6,6.076537661034212,...TATGCA.,2.0
err,1lo1,MA0141.3.jaspar,4,1lo1_state_034_MA0141.3.jaspar.npz,state,34.0,9,0.43663337105919103,0.19923165749706742,0.231919413584469,9,-0.018252300144369914,0.35608532723078196,0.5483417902264205,9,7.446727656745047,AATTTTTAA.,5.0
err,1lo1,MA0141.3.jaspar,4,1lo1_state_036_MA0141.3.jaspar.npz,state,36.0,6,0.14789668122452415,0.2921657543823433,0.4478422636865551,6,0.20959885718161292,0.30414522883559886,0.5045701981787588,6,7.851497484699968,...TGTGTA.,2.0
err,1lo1,MA0141.3.jaspar,4,1lo1_state_037_MA0141.3.jaspar.npz,state,37.0,9,0.30394008225990843,0.23222518866209108,0.2683963392392898,9,0.2806685664819278,0.285673938571967,0.43366751435153206,9,7.405785355995532,TTAATTTGA.,4.0
err,1lo1,MA0141.3.jaspar,4,1lo1_state_038_MA0141.3.jaspar.npz,state,38.0,9,0.42831911928946376,0.20915361440792266,0.24738936553131133,9,0.10556254921333769,0.32940565539562766,0.5029878093534372,9,7.038544135365175,TAATTTTTA.,4.0
err,1lo1,MA0141.3.jaspar,4,1lo1_state_040_MA0141.3.jaspar.npz,state,40.0,9,0.6276657604632052,0.15071674596725237,0.1693956642725906,9,0.1716291268953814,0.3107132406924696,0.48340320285610844,9,7.556172624325899,TATATTTAA.,7.0
err,1lo1,MA0141.3.jaspar,4,1lo1_state_043_MA0141.3.jaspar.npz,state,43.0,7,0.14339017475796625,0.26155236675237703,0.3762954046748848,7,-0.2228692339643693,0.42402611634211745,0.7246541899458434,7,5.980664555680274,..GTTTGTA.,3.0
err,1lo1,MA0141.3.jaspar,4,1lo1_state_050_MA0141.3.jaspar.npz,state,50.0,9,0.2572949846414696,0.22512196124686548,0.30195477863742903,9,0.21030703163272366,0.30017971129402415,0.4557733090230255,9,7.689997260257767,TATAATTTA.,5.0
err,1lo1,MA0141.3.jaspar,4,1lo1_state_052_MA0141.3.jaspar.npz,state,52.0,9,0.43124263596285917,0.19621368376020756,0.23098238726792117,9,0.1840250669321814,0.3083414708024874,0.44721978812620744,9,7.103665512368243,TATGTTTCA.,5.0
err,1lo1,MA0141.3.jaspar,4,1lo1_state_053_MA0141.3.jaspar.npz,state,53.0,9,0.3590192120374229,0.22473037452436984,0.28839866589693286,9,0.32726352365357586,0.2737434232161225,0.4117557320317692,9,8.246690995778884,TTTAGTTTA.,4.0
err,1lo1,MA0141.3.jaspar,4,1lo1_state_055_MA0141.3.jaspar.npz,state,55.0,6,-0.19064392033234803,0.34514247719198465,0.5269571064509397,6,0.2851071905479414,0.29228862646656734,0.44914916021145396,6,5.857788150446362,...TGTTTA.,1.0
err,1lo1,MA0141.3.jaspar,4,1lo1_state_059_MA0141.3.jaspar.npz,state,59.0,5,-0.18608803152049228,0.3601793388603255,0.5113240382344515,5,0.3294880740463863,0.2903333295835182,0.4148365202628039,5,4.384531352063956,....GCCCG.,0.0
err,1lo1,MA0141.3.jaspar,4,1lo1_state_060_MA0141.3.jaspar.npz,state,60.0,5,0.2818713409969433,0.24753169177565723,0.3252573494600871,5,0.47294277440952065,0.27025156051386146,0.3543420888402603,5,3.2754291258528667,....ATGCA.,2.0
err,1lo1,MA0141.3.jaspar,4,1lo1_state_061_MA0141.3.jaspar.npz,state,61.0,6,0.6085422833363537,0.1754279963982602,0.19212927947038316,6,0.004302101945036819,0.3688306815456599,0.5801606994644776,6,5.95016519310785,...ATTGTG.,3.0
err,1lo1,MA0141.3.jaspar,4,1lo1_state_062_MA0141.3.jaspar.npz,state,62.0,6,0.2130317146044755,0.26412585306873854,0.40013535256374344,6,0.004050041690739931,0.3673927210911643,0.6125911121547781,6,7.229082670603847,...TATGTA.,2.0
err,1lo1,MA0141.3.jaspar,4,1lo1_state_063_MA0141.3.jaspar.npz,state,63.0,4,0.32907614448826755,0.21640286543697584,0.3322567909380557,4,-0.03555802810226121,0.3773208976890601,0.6222574184659955,4,4.659773401285533,.....TGTA.,2.0
err,1lo1,MA0141.3.jaspar,4,1lo1_state_064_MA0141.3.jaspar.npz,state,64.0,6,0.1371686580146857,0.29682727819211624,0.42143631102068385,6,0.36967199770578635,0.2578965441546946,0.42191803414766493,6,6.985989586300078,...GTTTCA.,2.0
err,1lo1,MA0141.3.jaspar,4,1lo1_state_069_MA0141.3.jaspar.npz,state,69.0,9,0.8606617437151358,0.09522699741258596,0.06793564540678748,9,0.14708521489024157,0.31225725390443887,0.509182382720376,9,8.34840403808475,TTTATGGAA.,8.0
err,1lo1,MA0141.3.jaspar,4,1lo1_state_070_MA0141.3.jaspar.npz,state,70.0,9,0.2583928910431719,0.23810837005536692,0.3421787552579821,9,0.04999875517327594,0.3418140364616799,0.5511043808812333,9,8.906583196840867,AATTTTTCA.,4.0
err,1lo1,MA0141.3.jaspar,4,1lo1_state_072_MA0141.3.jaspar.npz,state,72.0,6,0.35963325268564905,0.2255639080055213,0.27775164443120764,6,0.026753977953728143,0.36249548409250565,0.5603516332128158,6,5.298686991183665,...GTTGCA.,3.0
err,1lo1,MA0141.3.jaspar,4,1lo1_state_075_MA0141.3.jaspar.npz,state,75.0,8,0.33984619945897143,0.2293448331329273,0.3309525601761405,8,0.09652018043126709,0.3359476483128674,0.5674547457394319,8,9.987857395291327,.AAGTTGCA.,4.0
err,1lo1,MA0141.3.jaspar,4,1lo1_state_078_MA0141.3.jaspar.npz,state,78.0,9,0.5241205313309643,0.185604563047592,0.2080456153141823,9,0.5945891784118462,0.20784202896821727,0.28827317313299394,9,7.927260917924017,TAAAGGGTA.,6.0
err,1lo1,MA0141.3.jaspar,4,1lo1_state_079_MA0141.3.jaspar.npz,state,79.0,6,0.5162725203680153,0.21813905489398167,0.24704664927175016,6,0.3017952881565324,0.297734979481902,0.4378938370266614,6,4.805340001114482,...ATTGCA.,4.0
err,1lo1,MA0141.3.jaspar,4,1lo1_state_080_MA0141.3.jaspar.npz,state,80.0,8,0.06745385081724128,0.29096631331776734,0.39237127624909607,8,0.15746813310483923,0.32067475352596375,0.5104511370069982,8,7.035082928181112,.CCGTTTCC.,1.0
err,1lo1,MA0141.3.jaspar,4,1lo1_state_081_MA0141.3.jaspar.npz,state,81.0,6,0.27743701739719245,0.24954407796030864,0.34989709856046813,6,0.4846087692558124,0.23031008179532364,0.3578742108405925,6,6.4252815182666785,...ATTTCA.,3.0
err,1lo1,MA0141.3.jaspar,4,1lo1_state_085_MA0141.3.jaspar.npz,state,85.0,9,0.39003504257343596,0.20401379780378193,0.22731953453761955,9,0.11412041159768442,0.32747073671715854,0.48976912719574767,9,5.864813281631375,TTTTTTTCA.,4.0
err,1lo1,MA0141.3.jaspar,4,1lo1_state_089_MA0141.3.jaspar.npz,state,89.0,9,0.8721632561719148,0.10268207929200596,0.07586254234338807,9,0.1427516112165971,0.3185765491507482,0.49571117657349945,9,7.615336713185544,TGTATGGAA.,8.0
err,1lo1,MA0141.3.jaspar,4,1lo1_state_090_MA0141.3.jaspar.npz,state,90.0,6,0.7321302590476343,0.10695151332765818,0.14101468845446144,6,0.07104692203655817,0.3455272695282474,0.6257294546728067,6,8.501128562675817,...GTGGAA.,5.0
err,1lo1,MA0141.3.jaspar,4,1lo1_state_092_MA0141.3.jaspar.npz,state,92.0,6,0.39588847306093444,0.21409002966780122,0.28460414082333324,6,0.2196015311811211,0.3098874373851288,0.4981417367780445,6,6.466332008394806,...AAGAAA.,4.0
err,1lo1,MA0141.3.jaspar,4,ENSEMBLE_MEAN,ensemble_mean,,9,0.6839880752521951,0.17445223211646582,0.15291807572322672,9,0.2734515611560757,0.30334808212467473,0.410030634221414,9,3.320705927447574,TATATTGCA.,7.0
err,1lo1,MA0141.3.jaspar,5,1lo1_A_MA0141.3.jaspar.npz,crystal,,9,1.0,0.0,0.0,9,0.47034652508064295,0.2475038512113517,0.3367238210206429,9,7.791244405917537,CAAACGGTA.,
err,1lo1,MA0141.3.jaspar,5,1lo1_state_001_MA0141.3.jaspar.npz,state,1.0,6,0.14515504377656543,0.2259305580112899,0.2791014659227558,6,0.08674484780233091,0.34967671652399684,0.5397739002366327,6,4.5788881570778255,...GCAGCA.,3.0
err,1lo1,MA0141.3.jaspar,5,1lo1_state_004_MA0141.3.jaspar.npz,state,4.0,6,0.01550719057626492,0.31129543382727815,0.4389862402884805,6,-0.2357434273002283,0.4379815660819683,0.7639825041446692,6,7.077786707494549,...CATGTG.,2.0
err,1lo1,MA0141.3.jaspar,5,1lo1_state_009_MA0141.3.jaspar.npz,state,9.0,9,0.5943493467488361,0.16063414663545295,0.1659861045787121,9,0.4026618715463719,0.2592436901630006,0.3630716219530988,9,7.059609582365311,CCAAATGGA.,5.0
err,1lo1,MA0141.3.jaspar,5,1lo1_state_012_MA0141.3.jaspar.npz,state,12.0,6,0.28538383144072554,0.21683701905203634,0.22375140744022093,6,0.019337972446612662,0.3665653349429097,0.5214369390495495,6,3.210828226823955,...TCAGTG.,3.0
err,1lo1,MA0141.3.jaspar,5,1lo1_state_014_MA0141.3.jaspar.npz,state,14.0,9,0.7302665826694488,0.1389778530129762,0.1303458521987872,9,0.5774675158767487,0.21475849512110776,0.29502564313226354,9,9.586521308845482,TAAAGGGTG.,6.0
err,1lo1,MA0141.3.jaspar,5,1lo1_state_017_MA0141.3.jaspar.npz,state,17.0,4,-0.007160632329740501,0.34648618816845556,0.5199878594601735,4,0.0065597359808904614,0.363796450740665,0.6550514800529785,4,6.521113758441687,.....CATA.,2.0
err,1lo1,MA0141.3.jaspar,5,1lo1_state_022_MA0141.3.jaspar.npz,state,22.0,9,0.2548306267003725,0.24130400733055365,0.29682981400382585,9,0.2701503510525452,0.28740401453170406,0.4422137430236066,9,8.070164326844715,CACAAATCA.,4.0
err,1lo1,MA0141.3.jaspar,5,1lo1_state_023_MA0141.3.jaspar.npz,state,23.0,9,0.6279269796416358,0.1672161350959666,0.18650617416095694,9,0.42482540834154575,0.2386568529861203,0.37262738333253925,9,9.784205603181235,CCAACAGCA.,6.0
err,1lo1,MA0141.3.jaspar,5,1lo1_state_024_MA0141.3.jaspar.npz,state,24.0,6,0.508391757672015,0.16668894890487232,0.15931993468508696,6,0.3653521659546584,0.27891835178403807,0.40090052415831195,6,5.22740415561492,...GCGGCA.,4.0
err,1lo1,MA0141.3.jaspar,5,1lo1_state_025_MA0141.3.jaspar.npz,state,25.0,6,0.10902016041584713,0.2641325008092584,0.33909816738666043,6,-0.13225307304235237,0.4033403239955078,0.6780908607984277,6,5.663045747718907,...ACAAGG.,2.0
err,1lo1,MA0141.3.jaspar,5,1lo1_state_030_MA0141.3.jaspar.npz,state,30.0,7,0.41617847865764657,0.2026540081517721,0.24407460327912256,7,0.08498127921620227,0.34702922429174315,0.5659500138738796,7,6.902681623589531,..AGCAGCC.,3.0
err,1lo1,MA0141.3.jaspar,5,1lo1_state_031_MA0141.3.jaspar.npz,state,31.0,7,0.49610898458126623,0.19523709641258133,0.20770848943282597,7,0.3308741149158486,0.29221691487639745,0.42546893125893875,7,5.542464227705624,..AATAATA.,4.0
err,1lo1,MA0141.3.jaspar,5,1lo1_state_032_MA0141.3.jaspar.npz,state,32.0,6,0.2950925000618169,0.23073489827826657,0.3105787675472602,6,-0.08699727864598769,0.3941078808081026,0.6806233804279535,6,7.34192257721123,...CATGTA.,3.0
err,1lo1,MA0141.3.jaspar,5,1lo1_state_034_MA0141.3.jaspar.npz,state,34.0,9,0.44857761817451713,0.18553958807105017,0.2199150362530865,9,0.3030363612245499,0.2839321947313793,0.42001247286561716,9,7.385173457635764,AGAATAGCA.,4.0
err,1lo1,MA0141.3.jaspar,5,1lo1_state_036_MA0141.3.jaspar.npz,state,36.0,6,-0.1908237856698059,0.3559130539099253,0.5410333346994454,6,0.2483584335767974,0.29136063770350046,0.4937643634580842,6,8.273519792622416,...TGAACA.,1.0
err,1lo1,MA0141.3.jaspar,5,1lo1_state_037_MA0141.3.jaspar.npz,state,37.0,9,0.6468583389651292,0.15346450958572355,0.13604298346152635,9,0.43165875111369095,0.25615025760230814,0.3528744124351233,9,6.3462117650230745,TGAAGAGTA.,5.0
err,1lo1,MA0141.3.jaspar,5,1lo1_state_038_MA0141.3.jaspar.npz,state,38.0,9,0.5056513448011577,0.1786374260854144,0.19758895410425675,9,0.21788346300050632,0.3047696669527795,0.46410862930445723,9,7.610456534073254,CGAAAAGTA.,6.0
err,1lo1,MA0141.3.jaspar,5,1lo1_state_040_MA0141.3.jaspar.npz,state,40.0,9,0.5750722880827746,0.16640093413378862,0.1568842783952572,9,0.24187204771278265,0.3044147107704905,0.4411531935988957,9,5.756405235284598,CAAATAGGG.,5.0
err,1lo1,MA0141.3.jaspar,5,1lo1_state_043_MA0141.3.jaspar.npz,state,43.0,7,0.12399593260694783,0.2589103277392236,0.37879671271587867,7,-0.19950892135335546,0.4281574374888026,0.7487631773685249,7,8.364289544187157,..GGCAGTA.,4.0
err,1lo1,MA0141.3.jaspar,5,1lo1_state_050_MA0141.3.jaspar.npz,state,50.0,9,0.38036100003745443,0.21918545212004878,0.2365413148288727,9,0.11668367942530904,0.3282699095499184,0.482128941182311,9,8.035074808240035,CATAAGATG.,5.0
err,1lo1,MA0141.3.jaspar,5,1lo1_state_052_MA0141.3.jaspar.npz,state,52.0,9,0.3982445057824487,0.1728959607385655,0.20677313691140026,9,0.09058288314136896,0.3363497560931137,0.4929252125734052,9,5.654831851169339,CAAGCAGTA.,7.0
err,1lo1,MA0141.3.jaspar,5,1lo1_state_053_MA0141.3.jaspar.npz,state,53.0,9,0.32911093510547434,0.24125806849931702,0.2736702680271153,9,0.19350512960712118,0.30699404004068737,0.45730685642609764,9,7.277436069121212,TGAAAAGTA.,5.0
err,1lo1,MA0141.3.jaspar,5,1lo1_state_055_MA0141.3.jaspar.npz,state,55.0,6,-0.07426978643425251,0.301050245991064,0.41754535731247566,6,0.12064831667060746,0.3376790012019531,0.5430206524805251,6,6.232335071744632,...CGTAGG.,0.0
err,1lo1,MA0141.3.jaspar,5,1lo1_state_059_MA0141.3.jaspar.npz,state,59.0,5,0.24405612506903931,0.23491457560594425,0.24681788106335686,5,0.2174025683097232,0.3201560751767829,0.4773203386962354,5,4.061508203324004,....GGGTG.,3.0
err,1lo1,MA0141.3.jaspar,5,1lo1_state_060_MA0141.3.jaspar.npz,state,60.0,5,0.42856324127207984,0.20086283594864654,0.20229065071539232,5,-0.038901094375618436,0.3783824104582891,0.597119576082622,5,3.781214088481583,....TAGCG.,1.0
err,1lo1,MA0141.3.jaspar,5,1lo1_state_061_MA0141.3.jaspar.npz,state,61.0,6,0.6247652338965148,0.1557818643838497,0.1696246530504315,6,0.027913375537224373,0.3624738700794599,0.5876869927735933,6,5.319730593604966,...ACAGTA.,5.0
err,1lo1,MA0141.3.jaspar,5,1lo1_state_062_MA0141.3.jaspar.npz,state,62.0,6,0.1638167914024493,0.3011633403439191,0.3847640174854295,6,-0.20940238577563688,0.4322536062791187,0.7292614705130845,6,7.090319221257957,...CATGTG.,2.0
err,1lo1,MA0141.3.jaspar,5,1lo1_state_063_MA0141.3.jaspar.npz,state,63.0,4,-0.04356719405412313,0.27563141671100766,0.41015388270831615,4,0.15884689143596306,0.3271607560237726,0.5229419213044824,4,4.0122723123358845,.....ATTA.,2.0
err,1lo1,MA0141.3.jaspar,5,1lo1_state_064_MA0141.3.jaspar.npz,state,64.0,6,0.056276342135193384,0.28858853718039273,0.4001519176368164,6,0.17879734170579364,0.32123213768685827,0.5310804772265539,6,6.106512242483734,...TCATCA.,2.0
err,1lo1,MA0141.3.jaspar,5,1lo1_state_069_MA0141.3.jaspar.npz,state,69.0,9,0.47821640407490856,0.1915999678741274,0.20602025540065994,9,0.18133627552563164,0.30590553056228803,0.47629018372079024,9,7.077996622029039,TGCACGGGA.,5.0
err,1lo1,MA0141.3.jaspar,5,1lo1_state_070_MA0141.3.jaspar.npz,state,70.0,9,0.47447302153356535,0.21702622252390333,0.26553137932585325,9,0.19557837063836558,0.30040210307601634,0.49672776038952876,9,10.59305145081626,ACAATTGTG.,4.0
err,1lo1,MA0141.3.jaspar,5,1lo1_state_072_MA0141.3.jaspar.npz,state,72.0,6,0.023127723730028454,0.2617219041668098,0.3823996852970224,6,-0.24422852476088178,0.4321330114172118,0.7521533855730804,6,5.907710115606968,...TTAGTG.,2.0
err,1lo1,MA0141.3.jaspar,5,1lo1_state_075_MA0141.3.jaspar.npz,state,75.0,8,0.23274883780526848,0.25417990497589926,0.3765684185758881,8,-0.17687625864571874,0.4237303776344561,0.7639913402061216,8,11.089361791053978,.ACGCAGTA.,5.0
err,1lo1,MA0141.3.jaspar,5,1lo1_state_078_MA0141.3.jaspar.npz,state,78.0,9,0.3314099830298558,0.23897122323531525,0.30593927890270706,9,0.22629470710181246,0.2965579015479862,0.4713384302060526,9,11.237734292638434,TGATGAGTG.,3.0
err,1lo1,MA0141.3.jaspar,5,1lo1_state_079_MA0141.3.jaspar.npz,state,79.0,6,0.09085837710069516,0.2882464292244246,0.3585949394149473,6,0.16985357122439027,0.32364039467802286,0.5619840100909269,6,5.609849873669141,...TTAGCA.,2.0
err,1lo1,MA0141.3.jaspar,5,1lo1_state_080_MA0141.3.jaspar.npz,state,80.0,8,0.14307883265214366,0.2795630173613972,0.371102381929711,8,0.12059666129324942,0.3333620907033037,0.5634931517912294,8,8.541761731250073,.ACCGTGCA.,3.0
err,1lo1,MA0141.3.jaspar,5,1lo1_state_081_MA0141.3.jaspar.npz,state,81.0,6,0.5289955574407933,0.14773557357329992,0.1836915474953914,6,0.49206660182901363,0.23587438825779827,0.3573957635725169,6,5.952149060294504,...ACTTCA.,3.0
err,1lo1,MA0141.3.jaspar,5,1lo1_state_085_MA0141.3.jaspar.npz,state,85.0,9,0.39003823919517666,0.18799801290232507,0.22799177135127932,9,0.18454854231596707,0.3043398893755188,0.48103856497684916,9,8.13182325282649,CCATAAGCA.,4.0
err,1lo1,MA0141.3.jaspar,5,1lo1_state_089_MA0141.3.jaspar.npz,state,89.0,9,0.5959633555033644,0.1768301194089064,0.16768909933515858,9,0.33619172635683037,0.2771333777087016,0.39716365986285423,9,7.524853142671987,CGGACGGCA.,6.0
err,1lo1,MA0141.3.jaspar,5,1lo1_state_090_MA0141.3.jaspar.npz,state,90.0,6,0.218646323999052,0.20501712377821,0.23243824837495206,6,0.058195795412520616,0.3571192773554988,0.5788854274644332,6,3.979333301974283,...TCGAGA.,3.0
err,1lo1,MA0141.3.jaspar,5,1lo1_state_092_MA0141.3.jaspar.npz,state,92.0,6,0.2620418691685575,0.2859685198666284,0.37631050104247427,6,-0.09013285820279146,0.4006531112020184,0.7021864294687171,6,8.368441555403777,...AATATG.,2.0
err,1lo1,MA0141.3.jaspar,5,ENSEMBLE_MEAN,ensemble_mean,,9,0.7004355230540711,0.15144615418697746,0.12950478811647945,9,0.3566297363175245,0.30443921736232205,0.39270220287818813,9,2.4788585824365743,CAAACAGTA.,8.0
ets1,1k79,MA0098.2.jaspar,1,1k79_A_MA0098.2.jaspar.npz,crystal,,10,1.0,0.0,0.0,10,0.751701764042438,0.12714459097787767,0.14661994580626853,10,9.816624251894124,.ACTGGAAGTG,
ets1,1k79,MA0098.2.jaspar,1,1k79_state_001_MA0098.2.jaspar.npz,state,1.0,10,0.43876067033467503,0.19853631913467495,0.24264225918159213,10,0.42989793445353003,0.22673483457236046,0.301480738021724,10,10.194362053986998,.ACCGGCGGTC,6.0
ets1,1k79,MA0098.2.jaspar,1,1k79_state_002_MA0098.2.jaspar.npz,state,2.0,6,0.27383074315695055,0.24558340920793853,0.3470265193948456,6,0.28724880105493283,0.25118763261677185,0.3879828301155568,6,7.003477014698927,.....GGGGTC,3.0
ets1,1k79,MA0098.2.jaspar,1,1k79_state_003_MA0098.2.jaspar.npz,state,3.0,10,0.3339027673366743,0.20805064744472473,0.2492105704679755,10,0.12171190646246703,0.28087962553836404,0.3885318319792237,10,9.05640661826857,.ACTTCATATC,5.0
ets1,1k79,MA0098.2.jaspar,1,1k79_state_004_MA0098.2.jaspar.npz,state,4.0,10,0.47529269843137517,0.19388995759054523,0.20471023835828892,10,0.28850304936607096,0.25761936548806263,0.3419625871118705,10,7.551178304677606,.AGTTAAAATC,5.0
ets1,1k79,MA0098.2.jaspar,1,1k79_state_005_MA0098.2.jaspar.npz,state,5.0,6,0.27189404119509325,0.23057321340456838,0.3084344015423743,6,0.27458616356344756,0.2422764366977693,0.3472968567910592,6,6.548411390071154,.....GGTGTC,3.0
ets1,1k79,MA0098.2.jaspar,1,1k79_state_006_MA0098.2.jaspar.npz,state,6.0,10,0.7628553844673571,0.10505812536193844,0.10153498219237475,10,0.5362846272689166,0.1726865038748656,0.24203559976327416,10,11.174956262360096,.ACTGAAAGTC,8.0
ets1,1k79,MA0098.2.jaspar,1,1k79_state_007_MA0098.2.jaspar.npz,state,7.0,10,0.7127718504588406,0.13318591077932068,0.1287743444925042,10,0.6177745096800782,0.1923711467308749,0.23755237672893803,10,8.362415480625598,.CCCGGAGGTA,6.0
ets1,1k79,MA0098.2.jaspar,1,1k79_state_008_MA0098.2.jaspar.npz,state,8.0,10,0.45613632674733917,0.18472443056989504,0.2017357071919422,10,0.22825261726201057,0.2582927936494343,0.35943955614834666,10,6.722680116326494,.ACTGCTGGTC,6.0
ets1,1k79,MA0098.2.jaspar,1,1k79_state_009_MA0098.2.jaspar.npz,state,9.0,10,0.4019817345412691,0.19208058664598865,0.22224784228153288,10,0.12308220583362789,0.27990008088172547,0.40825208842861443,10,7.4897120992742785,.TCTGATGGTC,5.0
ets1,1k79,MA0098.2.jaspar,1,1k79_state_010_MA0098.2.jaspar.npz,state,10.0,6,0.35654857576106286,0.20518804280194067,0.2768522886261428,6,0.42129890594135494,0.2071850538244083,0.29097775942812987,6,6.404660516174323,.....GGTGTG,4.0
ets1,1k79,MA0098.2.jaspar,1,1k79_state_011_MA0098.2.jaspar.npz,state,11.0,6,0.20300162694275212,0.25257418913436896,0.3343413561003799,6,0.18331846357927567,0.2714424894875265,0.39332581839167585,6,5.843969237969366,.....GGTCTC,2.0
ets1,1k79,MA0098.2.jaspar,1,1k79_state_012_MA0098.2.jaspar.npz,state,12.0,10,0.40877850576262065,0.20955580867224627,0.24971012105221613,10,0.2546217853675939,0.24406405630639938,0.3801725398523684,10,10.718024309484447,.ACTGATGGTC,6.0
ets1,1k79,MA0098.2.jaspar,1,1k79_state_013_MA0098.2.jaspar.npz,state,13.0,10,0.15080087627862426,0.23549527141167345,0.3025216293493454,10,0.0020917741902202287,0.29538813031940664,0.43681648055409045,10,5.999576533278919,.ACTTCCAGTC,6.0
ets1,1k79,MA0098.2.jaspar,1,1k79_state_014_MA0098.2.jaspar.npz,state,14.0,10,0.6986423421294283,0.13279749608136626,0.12157166282863426,10,0.5944770036690302,0.18057567566902435,0.21846038229703996,10,9.686502999493275,.ACCGGATGTC,7.0
ets1,1k79,MA0098.2.jaspar,1,1k79_state_015_MA0098.2.jaspar.npz,state,15.0,6,0.37966769749311663,0.21141999763055233,0.2680131365375218,6,0.3840297469423205,0.2167629477645884,0.3045990222922785,6,6.2493461370339265,.....GGTGTC,3.0
ets1,1k79,MA0098.2.jaspar,1,1k79_state_016_MA0098.2.jaspar.npz,state,16.0,10,0.42671231311039387,0.18503282002752713,0.21702624870568168,10,0.20701415809807966,0.2621383548413633,0.36523097534257637,10,7.687436372096119,.ACTCGACATC,6.0
ets1,1k79,MA0098.2.jaspar,1,1k79_state_017_MA0098.2.jaspar.npz,state,17.0,10,0.5236606744490484,0.17222801632807433,0.18342103648454966,10,0.3224146573401003,0.2372753020189407,0.33654663462088824,10,8.098450952940548,.ACTGAGGGTC,6.0
ets1,1k79,MA0098.2.jaspar,1,1k79_state_018_MA0098.2.jaspar.npz,state,18.0,10,0.5334032070481156,0.1774658245540536,0.19151295841837132,10,0.2605495731834674,0.25754033909812507,0.375928901260686,10,11.080945994309143,.TTTGAATGTC,5.0
ets1,1k79,MA0098.2.jaspar,1,1k79_state_019_MA0098.2.jaspar.npz,state,19.0,10,0.5870262621491812,0.17029219954370092,0.17189279566039992,10,0.471477241967826,0.2160638499837205,0.28628843446903973,10,9.047665766215012,.ACCGCACGTC,6.0
ets1,1k79,MA0098.2.jaspar,1,1k79_state_020_MA0098.2.jaspar.npz,state,20.0,10,0.541169007228591,0.16869512660488226,0.18225656390225736,10,0.26493085380220466,0.25455062397539907,0.3514373056958412,10,6.613151714035229,.TCTGGGCATC,5.0
ets1,1k79,MA0098.2.jaspar,1,1k79_state_021_MA0098.2.jaspar.npz,state,21.0,7,0.294056276333128,0.22205986542602268,0.31233633975347425,7,0.26159338920001707,0.268176330517755,0.4037509053586624,7,7.256334559597893,.TTCGGGG...,2.0
ets1,1k79,MA0098.2.jaspar,1,1k79_state_022_MA0098.2.jaspar.npz,state,22.0,10,0.6107584271595997,0.16522057075571867,0.174363825217262,10,0.4062308483217099,0.23622048338920648,0.3208403918965458,10,11.619471751481745,.CCTTGAAACC,5.0
ets1,1k79,MA0098.2.jaspar,1,1k79_state_023_MA0098.2.jaspar.npz,state,23.0,6,-0.011310334661462314,0.34722583012338265,0.539696503373094,6,-0.06859303062524408,0.36633480625262865,0.6293511693958447,6,9.149569695484079,.....GGCCAC,1.0
ets1,1k79,MA0098.2.jaspar,1,1k79_state_024_MA0098.2.jaspar.npz,state,24.0,10,0.4458196791678498,0.19547003369931418,0.21580508519593913,10,0.33047171812588383,0.24977118219106842,0.3398519845597422,10,8.233359395713483,.ACCGCCCGTC,5.0
ets1,1k79,MA0098.2.jaspar,1,1k79_state_025_MA0098.2.jaspar.npz,state,25.0,6,0.24823694220091683,0.24455204087401702,0.32110208916380006,6,0.2659836680246057,0.25934699122808524,0.3653044626746615,6,5.994118941222481,.....GGGGTC,3.0
ets1,1k79,MA0098.2.jaspar,1,1k79_state_026_MA0098.2.jaspar.npz,state,26.0,10,0.8577439574864207,0.09877228032864878,0.07126957479277331,10,0.5994020140570873,0.1871530142235315,0.2308251972425989,10,8.500807527947007,.TCTGGAAGTC,8.0
ets1,1k79,MA0098.2.jaspar,1,1k79_state_027_MA0098.2.jaspar.npz,state,27.0,6,0.3197079519322911,0.23821071658160994,0.31546016569663826,6,0.37010331265733615,0.22056787730768215,0.3303263782667022,6,6.980471324217388,.....GGTGTC,3.0
ets1,1k79,MA0098.2.jaspar,1,1k79_state_028_MA0098.2.jaspar.npz,state,28.0,10,0.6394101479668755,0.1653431214277589,0.15299406379411382,10,0.42251593121741027,0.22142264796311792,0.2900225345680892,10,8.167729244875037,.CCTGCATGTC,6.0
ets1,1k79,MA0098.2.jaspar,1,1k79_state_029_MA0098.2.jaspar.npz,state,29.0,7,0.5444696495558116,0.15775630511728064,0.186551765758652,7,0.4450800359600657,0.21405172256475322,0.27379713700946345,7,4.946193589712275,....GAAGATG,4.0
ets1,1k79,MA0098.2.jaspar,1,1k79_state_030_MA0098.2.jaspar.npz,state,30.0,6,0.8033986628110803,0.1322861386979639,0.10638120790903005,6,0.6897752960136948,0.16948357610453968,0.17578829989214495,6,5.876533938208599,.....GAAATC,4.0
ets1,1k79,MA0098.2.jaspar,1,1k79_state_031_MA0098.2.jaspar.npz,state,31.0,10,0.6418457901445475,0.1517864739345896,0.14764703950628175,10,0.4575352885058892,0.22353025982156396,0.2834272221427356,10,7.0082050539834775,.ACTGGTGATC,6.0
ets1,1k79,MA0098.2.jaspar,1,1k79_state_032_MA0098.2.jaspar.npz,state,32.0,10,0.36455477113646717,0.19101207927982955,0.22008188209400856,10,0.2968714596388599,0.2427804692160464,0.33038828077082705,10,6.906788390544076,.ACCGAAGGTG,7.0
ets1,1k79,MA0098.2.jaspar,1,1k79_state_033_MA0098.2.jaspar.npz,state,33.0,10,0.6805362595236609,0.1472949660815061,0.1444863452538002,10,0.501218903713016,0.21273063310137558,0.28373491771458337,10,8.882645364095334,.ACTGGAGGTC,8.0
ets1,1k79,MA0098.2.jaspar,1,1k79_state_034_MA0098.2.jaspar.npz,state,34.0,7,0.5210596358108343,0.20595728381905687,0.2442385928607571,7,0.5251042686336879,0.20370195624237905,0.29231621330758845,7,6.471759281585116,....GGCAGTC,5.0
ets1,1k79,MA0098.2.jaspar,1,1k79_state_035_MA0098.2.jaspar.npz,state,35.0,10,0.43409673681643834,0.19289680125320388,0.22705489408528132,10,0.44256326296946824,0.20846167497284682,0.2735299690166862,10,8.743726946878338,.GCCGCAGGTC,5.0
ets1,1k79,MA0098.2.jaspar,1,1k79_state_036_MA0098.2.jaspar.npz,state,36.0,6,0.23631626505445635,0.25370561545969395,0.34174288169511263,6,0.27595257444002047,0.26481906075120304,0.3698114988407419,6,6.981266492088605,.....GGTGTC,3.0
ets1,1k79,MA0098.2.jaspar,1,1k79_state_037_MA0098.2.jaspar.npz,state,37.0,7,0.25555951723554526,0.23937307034040195,0.33814572890344147,7,0.26589794616146295,0.2692279953781898,0.40199966258993886,7,7.0988961575183005,.ACCGGGG...,4.0
ets1,1k79,MA0098.2.jaspar,1,1k79_state_038_MA0098.2.jaspar.npz,state,38.0,6,0.40375869225916156,0.21624745021593603,0.25433465396525395,6,0.307386926802799,0.24040698899625568,0.3266586077529133,6,6.19086006424398,.....CAAATC,3.0
ets1,1k79,MA0098.2.jaspar,1,1k79_state_039_MA0098.2.jaspar.npz,state,39.0,10,0.7560404234677507,0.12442526783106586,0.11167299434475722,10,0.4831223408552513,0.20235020394757158,0.2717635522624263,10,10.384815712093378,.CCTGAAAATC,6.0
ets1,1k79,MA0098.2.jaspar,1,1k79_state_040_MA0098.2.jaspar.npz,state,40.0,10,0.5001834311666841,0.1880889413803743,0.18901938511056496,10,0.31477219281580787,0.2536932600385626,0.3226190659766845,10,6.454209127299105,.CCTACATATC,4.0
ets1,1k79,MA0098.2.jaspar,1,1k79_state_041_MA0098.2.jaspar.npz,state,41.0,10,0.7528919034009446,0.12676264945966978,0.1095920302174929,10,0.5785660385096576,0.1807809976155113,0.22018782392195196,10,9.659648676645332,.GCTCGAAGTC,7.0
ets1,1k79,MA0098.2.jaspar,1,1k79_state_042_MA0098.2.jaspar.npz,state,42.0,10,0.6446792600577542,0.15026619469044816,0.13920750232360116,10,0.5114087152018062,0.20005918429305894,0.2459927782091663,10,8.785763036166417,.ACCGCAAATC,6.0
ets1,1k79,MA0098.2.jaspar,1,1k79_state_043_MA0098.2.jaspar.npz,state,43.0,10,0.44653804870251756,0.1999352608522713,0.21638894126455344,10,0.3420729880257227,0.23866896258214182,0.32927759566042003,10,8.626928791376603,.ACCGCAGGTC,6.0
ets1,1k79,MA0098.2.jaspar,1,1k79_state_044_MA0098.2.jaspar.npz,state,44.0,10,0.4529664243369888,0.1904101582014846,0.21225538795184384,10,0.18918630626035118,0.26629916801448417,0.37478514861173573,10,7.016229672806384,.ACTGCGCCTC,5.0
ets1,1k79,MA0098.2.jaspar,1,1k79_state_045_MA0098.2.jaspar.npz,state,45.0,10,0.3316840177160772,0.22166147443076625,0.2687611585360174,10,0.20473303282765073,0.27209628746022646,0.38046788389264646,10,9.705725983116952,.ATCAGTAATC,4.0
ets1,1k79,MA0098.2.jaspar,1,1k79_state_046_MA0098.2.jaspar.npz,state,46.0,10,0.6273870321379013,0.15088684806087257,0.1640894275557023,10,0.3762314718933023,0.2243478738324484,0.3190662587306633,10,11.312852594422978,.ACTGAATATC,6.0
ets1,1k79,MA0098.2.jaspar,1,1k79_state_047_MA0098.2.jaspar.npz,state,47.0,10,0.8476355126898933,0.10756229596281627,0.09030562193644436,10,0.5949455122934936,0.19364412796421676,0.23051216381758682,10,10.127098936275207,.ACTGGAAATC,8.0
ets1,1k79,MA0098.2.jaspar,1,1k79_state_048_MA0098.2.jaspar.npz,state,48.0,10,0.5754137153830355,0.16334771466604253,0.1775590961802552,10,0.36240295812723533,0.23711293277906406,0.33085061664736576,10,8.256811745638071,.CCTGCAGGTC,6.0
ets1,1k79,MA0098.2.jaspar,1,1k79_state_049_MA0098.2.jaspar.npz,state,49.0,10,0.4884268903770848,0.14682813487088425,0.18899820555529226,10,0.21901397671292275,0.25159015060871753,0.36789845149847916,10,7.5524067109807085,.TCTGAGGATC,4.0
ets1,1k79,MA0098.2.jaspar,1,1k79_state_050_MA0098.2.jaspar.npz,state,50.0,6,0.24179076247052364,0.2510797054437717,0.33252468465193175,6,0.2982505945752236,0.24318720225285992,0.3429846662790775,6,7.299489070147132,.....GGTGTC,3.0
ets1,1k79,MA0098.2.jaspar,1,1k79_state_051_MA0098.2.jaspar.npz,state,51.0,10,0.607767579945294,0.15880477836635692,0.1550250931127496,10,0.4750908843347351,0.2154045182720438,0.27849096135493656,10,7.353567085994749,.TCCGCACGTC,5.0
ets1,1k79,MA0098.2.jaspar,1,1k79_state_052_MA0098.2.jaspar.npz,state,52.0,10,0.4180529306499071,0.1808842430846198,0.2179538840757084,10,0.189338305148814,0.2607791098740563,0.37638191365583945,10,6.385347373964114,.ACTGCCCGTC,6.0
ets1,1k79,MA0098.2.jaspar,1,1k79_state_053_MA0098.2.jaspar.npz,state,53.0,10,0.6528467288996118,0.1637451411311872,0.16482298188228434,10,0.45140255769528514,0.2234970844567556,0.30886054243214406,10,9.317209306950614,.ACTGGAGGTC,8.0
ets1,1k79,MA0098.2.jaspar,1,1k79_state_054_MA0098.2.jaspar.npz,state,54.0,6,0.2526697129937584,0.24287392092325413,0.30987067275232244,6,0.22878310983112365,0.2508847856346013,0.36517790445281273,6,6.337263524967245,.....GGTCTC,2.0
ets1,1k79,MA0098.2.jaspar,1,1k79_state_055_MA0098.2.jaspar.npz,state,55.0,6,0.2809696294777122,0.23580852140245648,0.317758004935958,6,0.29164764252518577,0.22854364331336305,0.3562988690774766,6,6.549648666551416,.....GGGGTC,3.0
ets1,1k79,MA0098.2.jaspar,1,1k79_state_056_MA0098.2.jaspar.npz,state,56.0,10,0.6695150598884941,0.1512506502911492,0.15436594121298922,10,0.368517727606898,0.22521667704859283,0.33207290160555286,10,11.76496561563933,.TCTGAAAATC,6.0
ets1,1k79,MA0098.2.jaspar,1,1k79_state_057_MA0098.2.jaspar.npz,state,57.0,10,0.35609060695311556,0.21111065587883787,0.2747020831367374,10,0.2988652028790121,0.2521099747973494,0.3514059427236941,10,9.49852624730449,.ATGGTATATC,4.0
ets1,1k79,MA0098.2.jaspar,1,1k79_state_058_MA0098.2.jaspar.npz,state,58.0,6,0.25106001617002216,0.25120727525245456,0.3395403835768947,6,0.2904651713507775,0.23928083149500404,0.3629488715824987,6,6.735177764435804,.....GGTGTC,3.0
ets1,1k79,MA0098.2.jaspar,1,1k79_state_059_MA0098.2.jaspar.npz,state,59.0,10,0.3859560307124098,0.20023935199076276,0.23655178538169475,10,0.12856609303775793,0.2768503951145476,0.41306784812722563,10,8.466277007731538,.ACTGATCCTC,5.0
ets1,1k79,MA0098.2.jaspar,1,1k79_state_060_MA0098.2.jaspar.npz,state,60.0,10,0.6595192202940499,0.14792746326183986,0.15256258660471436,10,0.3378550172565799,0.23012708612295682,0.3470359182818801,10,10.362150551662529,.TCTGAAAATC,6.0
ets1,1k79,MA0098.2.jaspar,1,1k79_state_061_MA0098.2.jaspar.npz,state,61.0,10,0.3307029187386786,0.2049933876742216,0.25387047299215515,10,0.15177147794455353,0.26592971334939647,0.3931004004308837,10,7.84410921866881,.ATTCGGAGTC,6.0
ets1,1k79,MA0098.2.jaspar,1,1k79_state_062_MA0098.2.jaspar.npz,state,62.0,10,0.6301671382187862,0.15567041561698716,0.15848965460712533,10,0.5190627774904399,0.2002014102285102,0.2702473721208961,10,9.45854029674798,.CCCGGACGTC,6.0
ets1,1k79,MA0098.2.jaspar,1,1k79_state_063_MA0098.2.jaspar.npz,state,63.0,10,0.22011447732577194,0.24650582351865377,0.2893343662355711,10,0.08380459440570266,0.294777875434867,0.42998542574096693,10,7.925174299796947,.TCTCACCGTC,4.0
ets1,1k79,MA0098.2.jaspar,1,1k79_state_064_MA0098.2.jaspar.npz,state,64.0,10,0.5179101654424343,0.18510029312201368,0.18401535560846688,10,0.390640791667583,0.22669834742391687,0.3112980393707733,10,8.114409811643887,.TCCGAAGGTC,5.0
ets1,1k79,MA0098.2.jaspar,1,1k79_state_065_MA0098.2.jaspar.npz,state,65.0,10,0.49120404128827855,0.17961997765905835,0.19259659935735093,10,0.2357166637479793,0.25282463525545606,0.3474702464588055,10,8.145486832210674,.ACTCCAAATC,6.0
ets1,1k79,MA0098.2.jaspar,1,1k79_state_066_MA0098.2.jaspar.npz,state,66.0,6,0.7483231623627056,0.14492745162957968,0.13515347633199465,6,0.7084004447690534,0.1499288544873707,0.17541352758406367,6,6.698659666175992,.....GAAGTC,5.0
ets1,1k79,MA0098.2.jaspar,1,1k79_state_067_MA0098.2.jaspar.npz,state,67.0,10,0.12854185304082597,0.24653302761607848,0.32919325752754475,10,-0.09395327989201561,0.3212746855874684,0.49180286974841947,10,9.02470093966832,.CCTCCGGATC,3.0
ets1,1k79,MA0098.2.jaspar,1,1k79_state_068_MA0098.2.jaspar.npz,state,68.0,6,0.3903257956679332,0.21584639157572383,0.28228073752542465,6,0.3890195072147685,0.2269456773880544,0.33185541453622985,6,6.592649835019807,.....GGAGTC,4.0
ets1,1k79,MA0098.2.jaspar,1,1k79_state_069_MA0098.2.jaspar.npz,state,69.0,7,0.3467488850797907,0.2131000048952306,0.2811419905584761,7,0.2893343439791226,0.26648259471403435,0.394465415251888,7,5.934131213640908,.ACCAGAG...,4.0
ets1,1k79,MA0098.2.jaspar,1,1k79_state_070_MA0098.2.jaspar.npz,state,70.0,10,0.4880339362607479,0.1757680447443363,0.22361799648829198,10,0.3231354733140977,0.25029357090093074,0.365420623095177,10,8.984666698812555,.TCCCGTAGTC,5.0
ets1,1k79,MA0098.2.jaspar,1,1k79_state_071_MA0098.2.jaspar.npz,state,71.0,10,0.4584379949960445,0.20170984513702023,0.22753973408486008,10,0.2881080191082541,0.2558316464066138,0.37059601203457715,10,8.645219500938323,.ATTGAAGGTC,6.0
ets1,1k79,MA0098.2.jaspar,1,1k79_state_072_MA0098.2.jaspar.npz,state,72.0,10,0.46579455572066225,0.2022147271382238,0.21061328236728824,10,0.34044781712004024,0.2525009410799356,0.33955325772661327,10,7.175265505594971,.ACCCGAGGTC,6.0
ets1,1k79,MA0098.2.jaspar,1,1k79_state_073_MA0098.2.jaspar.npz,state,73.0,10,0.42660899849154893,0.19223714188319718,0.22349584712233167,10,0.21889029192969603,0.25547826631445786,0.3803301120323427,10,8.462587359060493,.TTTGCCAGTC,5.0
ets1,1k79,MA0098.2.jaspar,1,1k79_state_074_MA0098.2.jaspar.npz,state,74.0,10,0.5614532031856342,0.17171802318353002,0.20472308689737853,10,0.5474546522454079,0.18871081588622474,0.2633370395589913,10,9.411490986236542,.ACGGGACGTC,7.0
ets1,1k79,MA0098.2.jaspar,1,1k79_state_075_MA0098.2.jaspar.npz,state,75.0,10,0.7868788263623452,0.1157144891041753,0.11683127682780237,10,0.5582952889628024,0.18919705601038003,0.2634563646930751,10,10.459022750624015,.ACTGGACGTC,8.0
ets1,1k79,MA0098.2.jaspar,1,1k79_state_076_MA0098.2.jaspar.npz,state,76.0,10,0.34150731563868386,0.2227957320213932,0.25706043393192674,10,0.2487119729568156,0.26682614961010814,0.35918299571344436,10,8.706103558365179,.TCCGAACATC,4.0
ets1,1k79,MA0098.2.jaspar,1,1k79_state_077_MA0098.2.jaspar.npz,state,77.0,10,0.7602417142933358,0.12189351363686,0.10626902122559967,10,0.5592135838969464,0.19057134671529638,0.24793148542001275,10,8.655607636053553,.GCTGGACATC,6.0
ets1,1k79,MA0098.2.jaspar,1,1k79_state_078_MA0098.2.jaspar.npz,state,78.0,10,0.5721663003026387,0.1724052090704163,0.18427954279146658,10,0.40251352787565925,0.22887550200732676,0.3212552722555725,10,8.708171269514455,.TCTGCACGTC,6.0
ets1,1k79,MA0098.2.jaspar,1,1k79_state_079_MA0098.2.jaspar.npz,state,79.0,10,0.4186653734167763,0.1760499595942747,0.21902104392139693,10,0.38664626528378826,0.21782727311801864,0.29687920983944366,10,8.767894768370956,.ACCGAAGGTG,7.0
ets1,1k79,MA0098.2.jaspar,1,1k79_state_080_MA0098.2.jaspar.npz,state,80.0,10,0.22313463143649764,0.22443052245889702,0.27353420596843053,10,-0.0019262647693801265,0.29866493053341403,0.43183904594406375,10,6.874631984291256,.ACTCCAGATC,5.0
ets1,1k79,MA0098.2.jaspar,1,1k79_state_081_MA0098.2.jaspar.npz,state,81.0,10,0.4799164357757307,0.1841198390797615,0.1951732452181864,10,0.4195768639147189,0.21757775905912807,0.2827211395455244,10,8.502772497232513,.TCCGAACGTC,5.0
ets1,1k79,MA0098.2.jaspar,1,1k79_state_082_MA0098.2.jaspar.npz,state,82.0,10,0.42272333744446344,0.20215903720700226,0.2300089759498481,10,0.3472134605866126,0.23796204209638744,0.3200172211047764,10,8.405340810397117,.CCCGGGCATC,4.0
ets1,1k79,MA0098.2.jaspar,1,1k79_state_083_MA0098.2.jaspar.npz,state,83.0,10,0.500223445447578,0.17809476255993104,0.19847301317771998,10,0.2709628603259935,0.24946522350433042,0.36159890030393327,10,8.28660411262798,.ACTGAAGGTC,7.0
ets1,1k79,MA0098.2.jaspar,1,1k79_state_084_MA0098.2.jaspar.npz,state,84.0,10,0.4400592992375521,0.19233990156160416,0.21870429642735711,10,0.24125825769492612,0.26254780199917604,0.3709221072155076,10,7.294801055019976,.CCTGCTCGTC,5.0
ets1,1k79,MA0098.2.jaspar,1,1k79_state_085_MA0098.2.jaspar.npz,state,85.0,6,0.3009038010864197,0.2339229864586135,0.32333346901401755,6,0.34707501451763045,0.23311384414349354,0.33739381090356485,6,7.361957764752666,.....GGTGTC,3.0
ets1,1k79,MA0098.2.jaspar,1,1k79_state_086_MA0098.2.jaspar.npz,state,86.0,10,0.44791896605395115,0.19777515447311486,0.2079053579404868,10,0.3272724953473364,0.2482520740804972,0.3237278407064421,10,7.1372577599570945,.TCCGAAGGTC,5.0
ets1,1k79,MA0098.2.jaspar,1,1k79_state_087_MA0098.2.jaspar.npz,state,87.0,10,0.4629720351763144,0.1863186958859842,0.24255004756090673,10,0.4289005493096832,0.21471085099574339,0.30484634626318985,10,9.788893786559242,.ACGGGGCATC,5.0
ets1,1k79,MA0098.2.jaspar,1,1k79_state_089_MA0098.2.jaspar.npz,state,89.0,10,0.3364011590489883,0.2145163351648307,0.23356513024208678,10,0.21277634226348896,0.27011360867707024,0.3617844356000475,10,6.311717342679371,.TCCCCACATC,3.0
ets1,1k79,MA0098.2.jaspar,1,1k79_state_090_MA0098.2.jaspar.npz,state,90.0,10,0.6843101978082324,0.1410548675170503,0.13649684058260897,10,0.4518511271739282,0.21294924411304236,0.2782765534613424,10,10.4609057763036,.ACTGCATATC,6.0
ets1,1k79,MA0098.2.jaspar,1,1k79_state_091_MA0098.2.jaspar.npz,state,91.0,10,0.3132247963629456,0.22454479666097313,0.26307073870183795,10,0.2966871778615055,0.2501704914943389,0.33699624893771035,10,7.97880122415921,.TCCCGGGGTC,4.0
ets1,1k79,MA0098.2.jaspar,1,1k79_state_092_MA0098.2.jaspar.npz,state,92.0,10,0.43038140018883325,0.19448083502790042,0.24007341188934267,10,0.2633607866070169,0.2530797523124761,0.37775862983876624,10,9.835086299474161,.ACTGCTCGTC,6.0
ets1,1k79,MA0098.2.jaspar,1,1k79_state_093_MA0098.2.jaspar.npz,state,93.0,10,0.29464084827816295,0.21911994783967642,0.2854327122417747,10,0.15965527875640592,0.27429692418809754,0.42113848006490884,10,9.355940210918758,.TCTCCACGTC,5.0
ets1,1k79,MA0098.2.jaspar,1,1k79_state_094_MA0098.2.jaspar.npz,state,94.0,10,0.41706536407906103,0.21321829436983536,0.2240508441527626,10,0.26347003390538287,0.2661868884890282,0.3630058963896979,10,6.38188827775112,.AACGGGACTC,5.0
ets1,1k79,MA0098.2.jaspar,1,1k79_state_095_MA0098.2.jaspar.npz,state,95.0,10,0.5199690704642362,0.18511425666512765,0.19435538515204165,10,0.3730197612086273,0.23285138881345233,0.3192807540701364,10,9.50639499891084,.ACTGCAGGTC,7.0
ets1,1k79,MA0098.2.jaspar,1,1k79_state_096_MA0098.2.jaspar.npz,state,96.0,10,0.4188130560124476,0.20387553617647428,0.24612006117811053,10,0.28139262679300886,0.25304793632994915,0.3788254428043665,10,10.191682846918864,.ACTGCTGGTC,6.0
ets1,1k79,MA0098.2.jaspar,1,1k79_state_097_MA0098.2.jaspar.npz,state,97.0,10,0.6152629355191415,0.1445165095127095,0.16980046449983352,10,0.3893856625565247,0.21903393028094342,0.32278286414540636,10,8.984228155790518,.ACTGCGAGTC,7.0
ets1,1k79,MA0098.2.jaspar,1,1k79_state_098_MA0098.2.jaspar.npz,state,98.0,10,0.4380266876760869,0.1657792641040942,0.20575883307751114,10,0.1612587723435072,0.2649136547130183,0.3850242463224517,10,7.402964880197004,.TCTGAGGCTA,4.0
ets1,1k79,MA0098.2.jaspar,1,1k79_state_099_MA0098.2.jaspar.npz,state,99.0,6,0.3370800284935836,0.22773672952826018,0.2875159390895286,6,0.3498029379653624,0.22625271412713724,0.32403622263518733,6,6.3731675731307735,.....GGTGTC,3.0
ets1,1k79,MA0098.2.jaspar,1,1k79_state_100_MA0098.2.jaspar.npz,state,100.0,10,0.4985743180510259,0.17381454003234467,0.18959040710487246,10,0.3794587703426587,0.22698800829466564,0.30485033393719024,10,8.361008065679968,.CCCGCACGTC,5.0
ets1,1k79,MA0098.2.jaspar,1,ENSEMBLE_MEAN,ensemble_mean,,10,0.6937864795195331,0.1547910459004905,0.13611971862035,10,0.47521093266916536,0.22371738692816368,0.28010125141363434,10,4.690477919047926,.ACTGGAGGTC,8.0
ets1,1k79,MA0098.2.jaspar,2,1k79_A_MA0098.2.jaspar.npz,crystal,,10,1.0,0.0,0.0,10,0.847380284415059,0.08632182910414485,0.09948699739655695,10,11.56234395837905,.ACTGGAAGTG,
ets1,1k79,MA0098.2.jaspar,2,1k79_state_001_MA0098.2.jaspar.npz,state,1.0,10,0.5093983493790685,0.19450982949156242,0.22082097468308412,10,0.41446714515678174,0.2224820578354411,0.2979066500362178,10,9.47080467741284,.ACCGATAGTT,6.0
ets1,1k79,MA0098.2.jaspar,2,1k79_state_002_MA0098.2.jaspar.npz,state,2.0,6,0.47609553928930876,0.21723099810833446,0.24434536586054634,6,0.3810692491841704,0.24780922239915526,0.31061198909641086,6,6.311691785289961,.....GGTGTC,3.0
ets1,1k79,MA0098.2.jaspar,2,1k79_state_003_MA0098.2.jaspar.npz,state,3.0,10,0.5170104075732873,0.1909346859737525,0.20905484732760274,10,0.33236019781949583,0.24578129292058293,0.32237772766127376,10,8.97817508679007,.ACTGCTTGTT,6.0
ets1,1k79,MA0098.2.jaspar,2,1k79_state_004_MA0098.2.jaspar.npz,state,4.0,10,0.3921900404027151,0.20618178386457658,0.27669012685294564,10,0.2848867489286629,0.2469734801823506,0.35809589833598593,10,8.605909655561959,.AATGAAAGTC,7.0
ets1,1k79,MA0098.2.jaspar,2,1k79_state_005_MA0098.2.jaspar.npz,state,5.0,6,0.30426845590614315,0.2553667792910043,0.34615491565888584,6,0.20630056341193817,0.293667584664945,0.41783973511564515,6,7.4220017531687565,.....GGTCTC,2.0
ets1,1k79,MA0098.2.jaspar,2,1k79_state_006_MA0098.2.jaspar.npz,state,6.0,10,0.549189547768748,0.17359054942889998,0.17385947828464782,10,0.44521406246890916,0.20020461271342355,0.25549357753829105,10,6.819489645657008,.ACCGCTTGCG,5.0
ets1,1k79,MA0098.2.jaspar,2,1k79_state_007_MA0098.2.jaspar.npz,state,7.0,10,0.7001803534283173,0.14451842467233292,0.12392860812220877,10,0.5367558034391419,0.19930652771399765,0.2278616316345347,10,7.43211682324738,.ACCGCATATA,5.0
ets1,1k79,MA0098.2.jaspar,2,1k79_state_008_MA0098.2.jaspar.npz,state,8.0,10,0.39131572647497265,0.2323146643738255,0.27741957452611,10,0.19789531942200828,0.27604872137308123,0.38441806915989396,10,7.968454546829195,.AGTGCTCATT,4.0
ets1,1k79,MA0098.2.jaspar,2,1k79_state_009_MA0098.2.jaspar.npz,state,9.0,10,0.5872196803487084,0.17693024103309654,0.20205846632447205,10,0.3976154257533487,0.22685326089413138,0.3059343422670863,10,9.184403519348368,.ACTGCTAGTC,7.0
ets1,1k79,MA0098.2.jaspar,2,1k79_state_010_MA0098.2.jaspar.npz,state,10.0,6,0.35481247716197,0.2119394622600339,0.261961774887976,6,0.30263543807514015,0.21899787123523615,0.3002678132364773,6,5.987626340415355,.....GGTATG,3.0
ets1,1k79,MA0098.2.jaspar,2,1k79_state_011_MA0098.2.jaspar.npz,state,11.0,6,0.23478796284981704,0.26710392843377423,0.3607575648904388,6,0.14262303308105584,0.29519914771231015,0.4193312901020378,6,6.428383944476554,.....GGTCTT,2.0
ets1,1k79,MA0098.2.jaspar,2,1k79_state_012_MA0098.2.jaspar.npz,state,12.0,10,0.4964882358476228,0.19453855350475352,0.23557761384286816,10,0.28280945676640196,0.2446040445945073,0.3604375679368079,10,9.635837799988629,.ACTGATAGTT,7.0
ets1,1k79,MA0098.2.jaspar,2,1k79_state_013_MA0098.2.jaspar.npz,state,13.0,10,0.2124291405085868,0.2640880759378888,0.34950239172399955,10,0.025986996912394637,0.3159985429025255,0.4592774810471093,10,8.599804075165789,.AATAACACTT,4.0
ets1,1k79,MA0098.2.jaspar,2,1k79_state_014_MA0098.2.jaspar.npz,state,14.0,10,0.5814887870161772,0.16619509620677492,0.19370206832940975,10,0.38559575219567455,0.2192617294138472,0.31378813427729735,10,10.18828156210751,.ACTGGTTGTC,7.0
ets1,1k79,MA0098.2.jaspar,2,1k79_state_015_MA0098.2.jaspar.npz,state,15.0,6,0.35584972542228366,0.24188703833548666,0.31772534988666035,6,0.2559879164817999,0.2794771918270271,0.3866412309165219,6,7.140355630848737,.....GGTCTC,2.0
ets1,1k79,MA0098.2.jaspar,2,1k79_state_016_MA0098.2.jaspar.npz,state,16.0,10,0.6990544718889997,0.17175274213468583,0.17131985734991229,10,0.45166644208005996,0.2269609220325947,0.28874120238102396,10,6.154624709662766,.ACTGTAAGTC,8.0
ets1,1k79,MA0098.2.jaspar,2,1k79_state_017_MA0098.2.jaspar.npz,state,17.0,10,0.5363331697254896,0.18634716883689179,0.2077109861712727,10,0.34483191357659254,0.23282779388773633,0.31310048733663676,10,8.721377960038836,.ACTGATAGTC,7.0
ets1,1k79,MA0098.2.jaspar,2,1k79_state_018_MA0098.2.jaspar.npz,state,18.0,10,0.6251592864615055,0.15387941570361363,0.18948057419251269,10,0.4828828737663928,0.20017630490583543,0.28091451848184623,10,11.456912420032667,.AGTGAAAGTC,7.0
ets1,1k79,MA0098.2.jaspar,2,1k79_state_019_MA0098.2.jaspar.npz,state,19.0,10,0.4699644302463474,0.18263569530490714,0.2289516083486974,10,0.29866049363938985,0.24299908730899916,0.3379755191743108,10,8.703526203920328,.ACTGCTAATT,6.0
ets1,1k79,MA0098.2.jaspar,2,1k79_state_020_MA0098.2.jaspar.npz,state,20.0,10,0.43501293381209777,0.20760339917492274,0.2458321722103248,10,0.2235569910446919,0.2563431734390633,0.3658433502972507,10,8.813436760474595,.ACTGATTGTT,6.0
ets1,1k79,MA0098.2.jaspar,2,1k79_state_021_MA0098.2.jaspar.npz,state,21.0,7,0.7537971537602829,0.12853485123339073,0.12382265636652967,7,0.669923197813754,0.1478460552732161,0.19551126085259032,7,7.559563636152731,.ACCGGGA...,5.0
ets1,1k79,MA0098.2.jaspar,2,1k79_state_022_MA0098.2.jaspar.npz,state,22.0,10,0.4776262149738941,0.21208035749541523,0.2502799431133383,10,0.28707881360710613,0.25643084219191226,0.35219978242683886,10,7.907809733992326,.AATTGTAGTC,6.0
ets1,1k79,MA0098.2.jaspar,2,1k79_state_023_MA0098.2.jaspar.npz,state,23.0,6,0.10810830890873806,0.3022273240514248,0.4006277019692616,6,0.06684368002099929,0.30195823140093125,0.4345720939237239,6,5.73076860172019,.....GGTTAT,1.0
ets1,1k79,MA0098.2.jaspar,2,1k79_state_024_MA0098.2.jaspar.npz,state,24.0,10,0.48988818937468764,0.20731088290149274,0.2443905161622189,10,0.2665852129211059,0.26244603290688245,0.3711804194355985,10,9.260414828738611,.ACTGGTTCTC,6.0
ets1,1k79,MA0098.2.jaspar,2,1k79_state_025_MA0098.2.jaspar.npz,state,25.0,6,0.36983495653662063,0.2126801004618907,0.23518115819497099,6,0.34972129976616756,0.21769158531674293,0.257336058423414,6,5.417634003243337,.....GGTATG,3.0
ets1,1k79,MA0098.2.jaspar,2,1k79_state_026_MA0098.2.jaspar.npz,state,26.0,10,0.6249715497725146,0.16684589223286822,0.17473846734427462,10,0.4234094267498174,0.21710497073108853,0.28138791444526307,10,10.022887756831826,.ACTGAATGTC,7.0
ets1,1k79,MA0098.2.jaspar,2,1k79_state_027_MA0098.2.jaspar.npz,state,27.0,6,0.35839951192738534,0.24347590914309572,0.3124401889782845,6,0.27090128947772224,0.2731203111713209,0.3706931488937861,6,7.063600713380746,.....GGTATC,2.0
ets1,1k79,MA0098.2.jaspar,2,1k79_state_028_MA0098.2.jaspar.npz,state,28.0,10,0.6275249359444613,0.15024613921441415,0.18625798853015324,10,0.43912758568183247,0.20101535390786013,0.29577211868812103,10,11.213385984057487,.ACTGATAGTC,7.0
ets1,1k79,MA0098.2.jaspar,2,1k79_state_029_MA0098.2.jaspar.npz,state,29.0,7,0.2520314723330383,0.22850797314289853,0.3196584055285779,7,0.23260782771476843,0.23762105864339642,0.3578928207701977,7,6.035694748349328,....GATTGCG,3.0
ets1,1k79,MA0098.2.jaspar,2,1k79_state_030_MA0098.2.jaspar.npz,state,30.0,6,0.3766220031811191,0.21907136303722533,0.3009568992594821,6,0.30695962704784713,0.23248386719630312,0.3511931515851881,6,7.173458342032452,.....GGTGTC,3.0
ets1,1k79,MA0098.2.jaspar,2,1k79_state_031_MA0098.2.jaspar.npz,state,31.0,10,0.7796492923485657,0.134766573395882,0.12760088495661087,10,0.6509579299971303,0.1589565806178143,0.1987832139930476,10,10.581987527009467,.AGTGGAAGTC,8.0
ets1,1k79,MA0098.2.jaspar,2,1k79_state_032_MA0098.2.jaspar.npz,state,32.0,10,0.42903625771311155,0.1892845730296358,0.2226613711241432,10,0.251374399905038,0.23474374939796688,0.3242621041042012,10,6.07325053323708,.AGTGATAGTG,7.0
ets1,1k79,MA0098.2.jaspar,2,1k79_state_033_MA0098.2.jaspar.npz,state,33.0,10,0.6209089051725256,0.1689971678449183,0.17368863872899265,10,0.44078440222213616,0.2070015536955907,0.2672520086608522,10,8.69304760232102,.ACTGCAAATC,7.0
ets1,1k79,MA0098.2.jaspar,2,1k79_state_034_MA0098.2.jaspar.npz,state,34.0,7,0.5359187976418257,0.2084574918362705,0.23967783226477948,7,0.45571963693282713,0.2418737547083895,0.30504805820950104,7,6.50167313094504,....GGTTGTC,4.0
ets1,1k79,MA0098.2.jaspar,2,1k79_state_035_MA0098.2.jaspar.npz,state,35.0,10,0.6170799853572635,0.15683966878978026,0.18824085532660595,10,0.4652957600480819,0.20068983795335954,0.27799429886362537,10,10.905495034045158,.AGTGCAAATC,6.0
ets1,1k79,MA0098.2.jaspar,2,1k79_state_036_MA0098.2.jaspar.npz,state,36.0,6,0.3124156324657322,0.2542144478255371,0.331034609481718,6,0.2275645658555344,0.28312062878345995,0.38701609775166496,6,6.966424830125343,.....GGTATC,2.0
ets1,1k79,MA0098.2.jaspar,2,1k79_state_037_MA0098.2.jaspar.npz,state,37.0,7,0.684641162301212,0.15345806984195015,0.16767613395445619,7,0.641745849766328,0.16803792860030495,0.21253595916628112,7,7.146766752675889,.AGCGGAA...,5.0
ets1,1k79,MA0098.2.jaspar,2,1k79_state_038_MA0098.2.jaspar.npz,state,38.0,6,0.5200543647545776,0.19524077905907689,0.24762057332752016,6,0.49136100520355125,0.2076032719827102,0.28386455945146544,6,6.77879711054447,.....GTAGTC,4.0
ets1,1k79,MA0098.2.jaspar,2,1k79_state_039_MA0098.2.jaspar.npz,state,39.0,10,0.7044630121994891,0.1354682009942735,0.13036085373787792,10,0.5069349549694552,0.18732649366320403,0.24455958367867478,10,9.075405650426807,.ACTGCATGTT,7.0
ets1,1k79,MA0098.2.jaspar,2,1k79_state_040_MA0098.2.jaspar.npz,state,40.0,10,0.35019048566264666,0.23612293366850282,0.28484365992530636,10,0.11399552742880056,0.285790021129651,0.41234004433680765,10,7.8255001465499525,.ACTGCTTCTC,5.0
ets1,1k79,MA0098.2.jaspar,2,1k79_state_041_MA0098.2.jaspar.npz,state,41.0,10,0.8248933163523782,0.12597970069282383,0.10280629142005973,10,0.650826378380171,0.1686170964865596,0.19837819268034296,10,7.1457795647730915,.ACTGGATGTC,8.0
ets1,1k79,MA0098.2.jaspar,2,1k79_state_042_MA0098.2.jaspar.npz,state,42.0,10,0.5894984824249933,0.17104928286780705,0.1909535344805889,10,0.40805704569427625,0.22223867759857968,0.29529706800382005,10,9.891173550177946,.AGTGAATGTC,6.0
ets1,1k79,MA0098.2.jaspar,2,1k79_state_043_MA0098.2.jaspar.npz,state,43.0,10,0.556267353657772,0.17179663774250004,0.20630621737862587,10,0.3839777683031358,0.2211972820572555,0.3172603774713797,10,9.120631732556093,.ACTGCTAGTT,7.0
ets1,1k79,MA0098.2.jaspar,2,1k79_state_044_MA0098.2.jaspar.npz,state,44.0,10,0.5858409744966482,0.19406735880438647,0.21663686324060194,10,0.35232332393142285,0.2525742938468284,0.3470406999865653,10,8.752191999498992,.ACTGGCTCTC,6.0
ets1,1k79,MA0098.2.jaspar,2,1k79_state_045_MA0098.2.jaspar.npz,state,45.0,10,0.48322234509377565,0.20284132022543416,0.2430932066665969,10,0.3574170971475654,0.24125825222090497,0.3305847674334532,10,9.86741350844919,.ACCGGGTGTT,6.0
ets1,1k79,MA0098.2.jaspar,2,1k79_state_046_MA0098.2.jaspar.npz,state,46.0,10,0.6121581750006762,0.18316039271694534,0.1915522706091688,10,0.4257552773319654,0.23195282186206895,0.2935601047807858,10,9.562066188879777,.ACTGCATATT,6.0
ets1,1k79,MA0098.2.jaspar,2,1k79_state_047_MA0098.2.jaspar.npz,state,47.0,10,0.8317397555211794,0.10982183607875413,0.09062579358609295,10,0.7031724846799565,0.13721977435125154,0.16797028654769636,10,9.645830554131084,.AATGGAAGTC,8.0
ets1,1k79,MA0098.2.jaspar,2,1k79_state_048_MA0098.2.jaspar.npz,state,48.0,10,0.5162942216654688,0.19491833284655513,0.22547408134736088,10,0.3101702427263038,0.24376814710849432,0.338071092181936,10,8.105453959033614,.ACTGGTAGTC,8.0
ets1,1k79,MA0098.2.jaspar,2,1k79_state_049_MA0098.2.jaspar.npz,state,49.0,10,0.5743001991949501,0.16750173385835296,0.19000969727009193,10,0.38225659588593613,0.21148789409999152,0.28642976436100975,10,7.190769559820163,.AGTGATAGTG,7.0
ets1,1k79,MA0098.2.jaspar,2,1k79_state_050_MA0098.2.jaspar.npz,state,50.0,6,0.3468226701948308,0.2336599688176951,0.3172604744530096,6,0.2625089229718019,0.2627602984769813,0.3755336285764718,6,7.223331013688153,.....GGTGTC,3.0
ets1,1k79,MA0098.2.jaspar,2,1k79_state_051_MA0098.2.jaspar.npz,state,51.0,10,0.5925071992191329,0.18698554384855015,0.1930690104696866,10,0.6275983163868221,0.18743377478676848,0.21286918722746279,10,6.503345749715837,.ACAGATAGTC,6.0
ets1,1k79,MA0098.2.jaspar,2,1k79_state_052_MA0098.2.jaspar.npz,state,52.0,10,0.41346623470696214,0.21361537125585528,0.24738654273828953,10,0.2045934406064936,0.24801156860776247,0.3387946418303771,10,4.680893256045145,.AGTGCTAGTG,7.0
ets1,1k79,MA0098.2.jaspar,2,1k79_state_053_MA0098.2.jaspar.npz,state,53.0,10,0.6894501034087226,0.16153988585529078,0.15895701462488504,10,0.5273306107477649,0.19491069516079734,0.24323220999364334,10,7.834292131052203,.AGTGCAAGTC,7.0
ets1,1k79,MA0098.2.jaspar,2,1k79_state_054_MA0098.2.jaspar.npz,state,54.0,6,0.2039531505436728,0.26605178881633645,0.36617580641170866,6,0.12149046364808809,0.28805097048461903,0.4255900346638941,6,6.73024384196136,.....GGTCTC,2.0
ets1,1k79,MA0098.2.jaspar,2,1k79_state_055_MA0098.2.jaspar.npz,state,55.0,6,0.5142567105317878,0.18893491323904263,0.23122452539275304,6,0.4517603708737021,0.21685895567133193,0.2804805796017681,6,6.766516066800705,.....GGTGTC,3.0
ets1,1k79,MA0098.2.jaspar,2,1k79_state_056_MA0098.2.jaspar.npz,state,56.0,10,0.8046947113395359,0.12693909964027625,0.11649748544493108,10,0.6045788266331648,0.17707943669884116,0.21999021086159626,10,8.310894671982545,.ACTGGAAGTC,9.0
ets1,1k79,MA0098.2.jaspar,2,1k79_state_057_MA0098.2.jaspar.npz,state,57.0,10,0.6436371147708033,0.16604749425123372,0.19279613922392,10,0.493121542722739,0.21808098441106266,0.2966491299332849,10,9.29432313370362,.ACTGCATGTC,7.0
ets1,1k79,MA0098.2.jaspar,2,1k79_state_058_MA0098.2.jaspar.npz,state,58.0,6,0.3400352967696613,0.23275323632767217,0.3219721369268151,6,0.26617488969546527,0.26011816167471125,0.3694496162577355,6,7.461918113621125,.....GGTATT,2.0
ets1,1k79,MA0098.2.jaspar,2,1k79_state_059_MA0098.2.jaspar.npz,state,59.0,10,0.40497457301532197,0.2203387746968474,0.2803549775867952,10,0.21301628125013727,0.27066967768842004,0.39221392213536516,10,9.34688692862475,.AGTGATACTC,5.0
ets1,1k79,MA0098.2.jaspar,2,1k79_state_060_MA0098.2.jaspar.npz,state,60.0,10,0.616095272823951,0.1512604625512722,0.17768475032527978,10,0.46573532414106156,0.1874884122647927,0.27388760358594755,10,9.528784135602207,.ACTGCAAGTC,8.0
ets1,1k79,MA0098.2.jaspar,2,1k79_state_061_MA0098.2.jaspar.npz,state,61.0,10,0.2325345492147473,0.24562333479943846,0.33031009577393433,10,0.11674741011248763,0.29630456376617076,0.4244045582217649,10,9.377879354793329,.AGCGAGTCTC,3.0
ets1,1k79,MA0098.2.jaspar,2,1k79_state_062_MA0098.2.jaspar.npz,state,62.0,10,0.6993752593449172,0.17526233623648296,0.16184500995942205,10,0.4469428697015449,0.2343170118895614,0.29531757879449866,10,7.529157211003151,.CCTGGATGTC,7.0
ets1,1k79,MA0098.2.jaspar,2,1k79_state_063_MA0098.2.jaspar.npz,state,63.0,10,0.5252620203401056,0.1846739433395669,0.19411119734415114,10,0.37132337702199164,0.2264986712951213,0.29094490086298375,10,7.234896180799067,.ACTGCTTGTC,6.0
ets1,1k79,MA0098.2.jaspar,2,1k79_state_064_MA0098.2.jaspar.npz,state,64.0,10,0.6819361018773623,0.16091776170023878,0.15939359177890133,10,0.4928105878059586,0.20890054843766848,0.25838995135799714,10,5.669717730333446,.ACTGCAAATC,7.0
ets1,1k79,MA0098.2.jaspar,2,1k79_state_065_MA0098.2.jaspar.npz,state,65.0,10,0.5760279320904759,0.1704656073397018,0.18168409918978207,10,0.4419892098598369,0.2206759819178842,0.2752912183945308,10,7.1840850299930965,.AGCGCTAGTC,5.0
ets1,1k79,MA0098.2.jaspar,2,1k79_state_066_MA0098.2.jaspar.npz,state,66.0,6,0.34528751848756334,0.23404050982703475,0.30898810832070306,6,0.2893744426904626,0.2404243300919783,0.3502564676095529,6,7.157489151737826,.....GGTGTC,3.0
ets1,1k79,MA0098.2.jaspar,2,1k79_state_067_MA0098.2.jaspar.npz,state,67.0,10,0.32634320566084324,0.24700461007114427,0.31163778784664853,10,0.19864785841060256,0.28313192700734363,0.40340489864324763,10,7.562859649986148,.AATGCGACTT,5.0
ets1,1k79,MA0098.2.jaspar,2,1k79_state_068_MA0098.2.jaspar.npz,state,68.0,6,0.33515669572376505,0.24342977404270036,0.32587052474229233,6,0.23982791806799816,0.2738119294645003,0.3924554163846612,6,7.16386810700974,.....GGTCTT,2.0
ets1,1k79,MA0098.2.jaspar,2,1k79_state_069_MA0098.2.jaspar.npz,state,69.0,7,0.1136128244130434,0.29303786399434884,0.3967506107189777,7,0.03170542356096011,0.3236286308799338,0.48505375723370786,7,6.07712589888369,.AACAGGT...,2.0
ets1,1k79,MA0098.2.jaspar,2,1k79_state_070_MA0098.2.jaspar.npz,state,70.0,10,0.4847149276720587,0.20148457737914213,0.24396471730917288,10,0.2958398319303508,0.24161774179083295,0.33945955370073777,10,7.321071735843859,.ACTTGCAGTC,7.0
ets1,1k79,MA0098.2.jaspar,2,1k79_state_071_MA0098.2.jaspar.npz,state,71.0,10,0.5246013026778249,0.19102480061510504,0.2106625959200973,10,0.31566797348430026,0.24713075884792488,0.3330601650699843,10,9.085751260881493,.ACTGATAATT,6.0
ets1,1k79,MA0098.2.jaspar,2,1k79_state_072_MA0098.2.jaspar.npz,state,72.0,10,0.7254875899422615,0.14803822422500162,0.13606564330019466,10,0.5433132451581008,0.18470289822143968,0.23400150839697198,10,8.522572089861963,.ACTGCAAATC,7.0
ets1,1k79,MA0098.2.jaspar,2,1k79_state_073_MA0098.2.jaspar.npz,state,73.0,10,0.41954306873954944,0.2174644689784145,0.2673414176836292,10,0.2336639912217412,0.2643843421799829,0.3659031779159655,10,7.69755858930119,.AGTGATAATT,5.0
ets1,1k79,MA0098.2.jaspar,2,1k79_state_074_MA0098.2.jaspar.npz,state,74.0,10,0.6669028372369308,0.1689945286568218,0.16456409233908434,10,0.5285020052840251,0.21172702394433146,0.26041182021766585,10,6.357440808820305,.TCTGCAAGTT,7.0
ets1,1k79,MA0098.2.jaspar,2,1k79_state_075_MA0098.2.jaspar.npz,state,75.0,10,0.6847057996132629,0.1536482739665189,0.15827560661413137,10,0.47911028347021917,0.20215480654878776,0.27701529087304777,10,9.310218296699446,.ACTGCACGTT,7.0
ets1,1k79,MA0098.2.jaspar,2,1k79_state_076_MA0098.2.jaspar.npz,state,76.0,10,0.4988754093405965,0.20862334310468214,0.2143662149420953,10,0.3824730701504587,0.2318646871834062,0.2991762050164624,10,5.722840940392299,.AGCGCTAGTC,5.0
ets1,1k79,MA0098.2.jaspar,2,1k79_state_077_MA0098.2.jaspar.npz,state,77.0,10,0.6282822020517611,0.1622733538405555,0.17980690202569466,10,0.47381608538635617,0.21615662497715676,0.28456177572018,10,7.821186458954063,.AGCGTATGTC,5.0
ets1,1k79,MA0098.2.jaspar,2,1k79_state_078_MA0098.2.jaspar.npz,state,78.0,10,0.6173376854123931,0.15648524305242972,0.1752158973735422,10,0.4567276827203513,0.19278782297624275,0.27144846348877266,10,8.929013660032211,.ACTGCAAGTC,8.0
ets1,1k79,MA0098.2.jaspar,2,1k79_state_079_MA0098.2.jaspar.npz,state,79.0,10,0.6442846782190833,0.14989173393173588,0.15846225694046184,10,0.46987729064489114,0.19518137006712094,0.2671061811963498,10,6.664392953964109,.ACCGATAGTG,7.0
ets1,1k79,MA0098.2.jaspar,2,1k79_state_080_MA0098.2.jaspar.npz,state,80.0,10,0.5481654897198291,0.17889677571756693,0.21311005423863053,10,0.38788803333736066,0.2225771595723927,0.3029894090747328,10,9.094806029897018,.AATGCAAGTC,7.0
ets1,1k79,MA0098.2.jaspar,2,1k79_state_081_MA0098.2.jaspar.npz,state,81.0,10,0.8506951554334544,0.11061409109124724,0.08939313715551955,10,0.6835024833141374,0.14391517649419255,0.18488254492985853,10,9.943991931026073,.ACTGGAAGTC,9.0
ets1,1k79,MA0098.2.jaspar,2,1k79_state_082_MA0098.2.jaspar.npz,state,82.0,10,0.41021665967966,0.23298228005105556,0.2550540049542044,10,0.2928296419269811,0.2623401504708454,0.3330305993213705,10,5.890307438236558,.ACCGGTAATT,6.0
ets1,1k79,MA0098.2.jaspar,2,1k79_state_083_MA0098.2.jaspar.npz,state,83.0,10,0.5126293511421863,0.1910389586798374,0.21768113853723045,10,0.3228058210854043,0.24027094128832688,0.3166168112796496,10,7.632802552413234,.AGTGATAATC,5.0
ets1,1k79,MA0098.2.jaspar,2,1k79_state_084_MA0098.2.jaspar.npz,state,84.0,10,0.34960717120084916,0.22913603878505456,0.2843152311784702,10,0.16871002091330453,0.2785295738955028,0.39435216553140157,10,8.341355557790072,.AGTGCTAATT,5.0
ets1,1k79,MA0098.2.jaspar,2,1k79_state_085_MA0098.2.jaspar.npz,state,85.0,6,0.3811319469801805,0.23135772378652555,0.3019282510632235,6,0.29298782170546606,0.2594792856071706,0.3606633665531933,6,7.245487468020723,.....GGTGTC,3.0
ets1,1k79,MA0098.2.jaspar,2,1k79_state_086_MA0098.2.jaspar.npz,state,86.0,10,0.6278752200774854,0.15779576620070657,0.16983205805838797,10,0.4737662118345694,0.2139961898821639,0.2636550691254914,10,7.028642232089131,.AGTGCAAATC,6.0
ets1,1k79,MA0098.2.jaspar,2,1k79_state_087_MA0098.2.jaspar.npz,state,87.0,10,0.605795753678176,0.1720097852415165,0.19890500977305844,10,0.5434415837679314,0.1953185025660787,0.2671104267356494,10,9.29231913670408,.ATGGCAAGTC,6.0
ets1,1k79,MA0098.2.jaspar,2,1k79_state_089_MA0098.2.jaspar.npz,state,89.0,10,0.7058787608024318,0.13101630952760387,0.14764908550239472,10,0.5350258871628668,0.1781884908072243,0.24543115373662155,10,11.155373287964608,.ACTGCAAGTT,8.0
ets1,1k79,MA0098.2.jaspar,2,1k79_state_090_MA0098.2.jaspar.npz,state,90.0,10,0.6503119224585645,0.14190948811656198,0.15800638934062877,10,0.483234283685669,0.18124594902001262,0.2529232206106923,10,9.63989970261055,.ACTGCAAATC,7.0
ets1,1k79,MA0098.2.jaspar,2,1k79_state_091_MA0098.2.jaspar.npz,state,91.0,10,0.6598198611147771,0.15509635077132772,0.15922754992012778,10,0.5200291409154042,0.207413888029987,0.25263808516639585,10,8.11596860424577,.AGTGCAAGTC,7.0
ets1,1k79,MA0098.2.jaspar,2,1k79_state_092_MA0098.2.jaspar.npz,state,92.0,10,0.49588935862731043,0.2028301448658567,0.23298370615484904,10,0.27982253620284986,0.2554868528561201,0.3556600007076173,10,8.60951864760398,.ACTGGTCATT,6.0
ets1,1k79,MA0098.2.jaspar,2,1k79_state_093_MA0098.2.jaspar.npz,state,93.0,10,0.4856346778198417,0.20483856312157514,0.23356148344630911,10,0.29607776687083065,0.2601546495454386,0.3384065296318396,10,7.752486595129929,.AGTGCAAGTT,7.0
ets1,1k79,MA0098.2.jaspar,2,1k79_state_094_MA0098.2.jaspar.npz,state,94.0,10,0.5982914572245516,0.17121987988784895,0.19465901120588208,10,0.5032255461207736,0.2052405416212423,0.27792636418996824,10,9.277756600279984,.AGCGGCACTC,5.0
ets1,1k79,MA0098.2.jaspar,2,1k79_state_095_MA0098.2.jaspar.npz,state,95.0,10,0.4688143880783597,0.20075592031598716,0.2398315876127124,10,0.311385032583966,0.23007682575116634,0.3265756047230003,10,8.878420363794344,.AGTGCTAATC,5.0
ets1,1k79,MA0098.2.jaspar,2,1k79_state_096_MA0098.2.jaspar.npz,state,96.0,10,0.5496445676602648,0.18900484011783192,0.21336159605908384,10,0.339330563022037,0.2401946173311444,0.3304076399982051,10,8.372193177371377,.ACTGGTAATT,7.0
ets1,1k79,MA0098.2.jaspar,2,1k79_state_097_MA0098.2.jaspar.npz,state,97.0,10,0.5574812787180439,0.1844024117328445,0.21390296605672304,10,0.34729261333726585,0.23876540299324917,0.3328429689952283,10,9.605627745905462,.ACTGACACTC,6.0
ets1,1k79,MA0098.2.jaspar,2,1k79_state_098_MA0098.2.jaspar.npz,state,98.0,10,0.48430447632974805,0.1900649918311501,0.21062395090738945,10,0.29398726355054366,0.21850518206483685,0.3066100012974503,10,6.89967185677607,.AGTGATAGTG,7.0
ets1,1k79,MA0098.2.jaspar,2,1k79_state_099_MA0098.2.jaspar.npz,state,99.0,6,0.29262985439787276,0.24532427809223614,0.30617710101635054,6,0.23199358222830002,0.25875426269340096,0.35633432497042844,6,6.259905663973221,.....GGTCTC,2.0
ets1,1k79,MA0098.2.jaspar,2,1k79_state_100_MA0098.2.jaspar.npz,state,100.0,10,0.4296180883696688,0.20292430969229827,0.24005185537525048,10,0.2543493309325262,0.25926143858232537,0.34634486806423465,10,8.342671230752947,.ACTGCTCATT,5.0
ets1,1k79,MA0098.2.jaspar,2,ENSEMBLE_MEAN,ensemble_mean,,10,0.7257855379697066,0.15939066694886028,0.14941814542985637,10,0.5045191109583563,0.21621990140629993,0.25693335342355555,10,5.071063550409506,.ACTGGTAGTC,8.0
ets1,1k79,MA0098.2.jaspar,3,1k79_A_MA0098.2.jaspar.npz,crystal,,10,0.9999999999999998,0.0,0.0,10,0.6867969946566755,0.1586431587464176,0.18026568027772136,10,8.65717957488821,.CCTGGAAATT,
ets1,1k79,MA0098.2.jaspar,3,1k79_state_001_MA0098.2.jaspar.npz,state,1.0,10,0.6373713001516981,0.15029304086929188,0.13378350670148123,10,0.5470934926603523,0.18868625450413673,0.2464064444026469,10,7.3408316947617305,.ACCGGTACTT,6.0
ets1,1k79,MA0098.2.jaspar,3,1k79_state_002_MA0098.2.jaspar.npz,state,2.0,6,0.6081423603352581,0.129185077540266,0.153118327552269,6,0.47962830435622295,0.19122754771766873,0.2681065822243754,6,5.906176563410127,.....GGACTT,4.0
ets1,1k79,MA0098.2.jaspar,3,1k79_state_003_MA0098.2.jaspar.npz,state,3.0,10,0.5495258278368143,0.14855303281801752,0.14633350527998248,10,0.39665444361351143,0.21983345429762266,0.2744217381860892,10,6.633098163836177,.ATCGGTACTT,5.0
ets1,1k79,MA0098.2.jaspar,3,1k79_state_004_MA0098.2.jaspar.npz,state,4.0,10,0.37301145934024804,0.15668098587775603,0.18677861577478355,10,0.08494668309598596,0.27117304685525595,0.36878268091102007,10,3.6628597362032074,.CCTGATACTT,7.0
ets1,1k79,MA0098.2.jaspar,3,1k79_state_005_MA0098.2.jaspar.npz,state,5.0,6,0.22362990006256564,0.20077902248400883,0.2614957858036598,6,0.1729204966743552,0.24875953876956677,0.3465045483324947,6,3.168925159350233,.....GGCCTT,3.0
ets1,1k79,MA0098.2.jaspar,3,1k79_state_006_MA0098.2.jaspar.npz,state,6.0,10,0.6592461138025365,0.11695867552189157,0.12449876583884731,10,0.38875486298721323,0.21863799465354533,0.3006720601173194,10,8.3979467155498,.ACTGAAAATC,7.0
ets1,1k79,MA0098.2.jaspar,3,1k79_state_007_MA0098.2.jaspar.npz,state,7.0,10,0.6622174595986146,0.12898550749523566,0.13140655157324424,10,0.4903215213995104,0.2044887990457937,0.2568479405800269,10,6.055306687932751,.ACTGAACGTC,5.0
ets1,1k79,MA0098.2.jaspar,3,1k79_state_008_MA0098.2.jaspar.npz,state,8.0,10,0.26984293395361897,0.20415922350948676,0.23107139310973018,10,0.14236122423496855,0.2826540318084881,0.37854470421233954,10,6.0791978391186285,.CTCGATTCTC,3.0
ets1,1k79,MA0098.2.jaspar,3,1k79_state_009_MA0098.2.jaspar.npz,state,9.0,10,0.6103270750722335,0.1229086377308704,0.13669618143513693,10,0.31307291269752235,0.24127694352064283,0.32428259461574827,10,6.7636139958205295,.CCTGATAATC,7.0
ets1,1k79,MA0098.2.jaspar,3,1k79_state_010_MA0098.2.jaspar.npz,state,10.0,6,0.28105048592722487,0.21220917715497004,0.2733424685501917,6,0.16660730575239113,0.2627011263005746,0.3857316519143219,6,4.504616078618694,.....GGCCTC,2.0
ets1,1k79,MA0098.2.jaspar,3,1k79_state_011_MA0098.2.jaspar.npz,state,11.0,6,0.2054326189924935,0.20658982557749064,0.2706548809526746,6,0.15339136139379936,0.25422971198956174,0.3569673001267926,6,3.227547403864807,.....GGCCTT,3.0
ets1,1k79,MA0098.2.jaspar,3,1k79_state_012_MA0098.2.jaspar.npz,state,12.0,10,0.5280592769470137,0.14150697899749504,0.15563413708185092,10,0.3895346106038856,0.2272446065908298,0.2879681953655465,10,5.206268824869154,.GCGGATAATT,6.0
ets1,1k79,MA0098.2.jaspar,3,1k79_state_013_MA0098.2.jaspar.npz,state,13.0,10,0.14380831396117824,0.20848207314265893,0.26223740092253683,10,0.06282162571586508,0.27224700411316005,0.398477727330903,10,5.822446352965765,.ACCAATACTT,4.0
ets1,1k79,MA0098.2.jaspar,3,1k79_state_014_MA0098.2.jaspar.npz,state,14.0,10,0.5857425535330968,0.15434477431699634,0.1385810675724333,10,0.41437783648630405,0.2212039977661334,0.2752839287889318,10,5.899312329782642,.GTCGGTTCTT,4.0
ets1,1k79,MA0098.2.jaspar,3,1k79_state_015_MA0098.2.jaspar.npz,state,15.0,6,0.5797118244451022,0.14338565731304698,0.16284186514871818,6,0.4663510668832071,0.1996116912147651,0.2736992930749544,6,5.268201210607534,.....GGACTT,4.0
ets1,1k79,MA0098.2.jaspar,3,1k79_state_016_MA0098.2.jaspar.npz,state,16.0,10,0.7965916500384124,0.10696547637926415,0.09467289205597237,10,0.49510946312757415,0.2033124439418316,0.2575355234063909,10,5.3968341501387505,.ACTGGAACTC,7.0
ets1,1k79,MA0098.2.jaspar,3,1k79_state_017_MA0098.2.jaspar.npz,state,17.0,10,0.7193317928491633,0.1143848609935958,0.10660171482803822,10,0.4115700270441083,0.21774674673215486,0.2816546931677821,10,6.646593890656693,.CCTGAAACTC,7.0
ets1,1k79,MA0098.2.jaspar,3,1k79_state_018_MA0098.2.jaspar.npz,state,18.0,10,0.6863713832397587,0.1298768904292956,0.11507528440706445,10,0.38529819890326417,0.22385614647064359,0.285243283137923,10,6.611089390620054,.GATGAAACTT,6.0
ets1,1k79,MA0098.2.jaspar,3,1k79_state_019_MA0098.2.jaspar.npz,state,19.0,10,0.5379816206403693,0.17778435550862923,0.16774107130039068,10,0.4072235875017337,0.2324413848342374,0.28393685610947206,10,6.643994313761211,.GTCGGATCTT,5.0
ets1,1k79,MA0098.2.jaspar,3,1k79_state_020_MA0098.2.jaspar.npz,state,20.0,10,0.6157105083856275,0.1402315228653606,0.14142666125774747,10,0.38044805730934633,0.2159783187264111,0.2914941005215486,10,6.622655870890837,.ACTGATACTC,5.0
ets1,1k79,MA0098.2.jaspar,3,1k79_state_021_MA0098.2.jaspar.npz,state,21.0,7,0.541083909266848,0.1667429880970823,0.20755028049131274,7,0.4180301923367483,0.22416273695749364,0.3369762972361639,7,6.355029402149082,.ACTGGGG...,4.0
ets1,1k79,MA0098.2.jaspar,3,1k79_state_022_MA0098.2.jaspar.npz,state,22.0,10,0.5133102300136627,0.1463644328643568,0.16039701133282175,10,0.27626374268170567,0.22412674464285373,0.31433688584606506,10,5.930043813260106,.GCTCGTACTC,5.0
ets1,1k79,MA0098.2.jaspar,3,1k79_state_023_MA0098.2.jaspar.npz,state,23.0,6,-0.13711951145371581,0.27436862840355997,0.3862160735396185,6,-0.15707737829034343,0.31727240964149434,0.4674172840279383,6,3.6464376711213893,.....TGTTTT,2.0
ets1,1k79,MA0098.2.jaspar,3,1k79_state_024_MA0098.2.jaspar.npz,state,24.0,10,0.7599392813035729,0.10787596150767058,0.09000683674804302,10,0.5000377689126367,0.2048353714053519,0.2615779703888715,10,6.640123938792619,.GTTGGTACTT,6.0
ets1,1k79,MA0098.2.jaspar,3,1k79_state_025_MA0098.2.jaspar.npz,state,25.0,6,0.6029401866209039,0.11724471982840139,0.14893051441563596,6,0.4229027547148878,0.20993784580302113,0.29412006253743134,6,5.576164042718602,.....GGAATC,4.0
ets1,1k79,MA0098.2.jaspar,3,1k79_state_026_MA0098.2.jaspar.npz,state,26.0,10,0.5831037767233552,0.12788225584081375,0.1438933190775434,10,0.2938222819561997,0.23281913622631692,0.32170712605279367,10,7.16638596220307,.GCTGATAATT,7.0
ets1,1k79,MA0098.2.jaspar,3,1k79_state_027_MA0098.2.jaspar.npz,state,27.0,6,0.1712960948363674,0.20740640932732882,0.28340169533683174,6,0.06529399701412474,0.26812032078548026,0.40416077971954545,6,3.866066376666821,.....CGACTT,3.0
ets1,1k79,MA0098.2.jaspar,3,1k79_state_028_MA0098.2.jaspar.npz,state,28.0,10,0.2557196612320947,0.16996045544510707,0.2152729145675428,10,0.181174411235041,0.25794490680564197,0.33706394761095015,10,6.0998528274599035,.GCCGATTATT,5.0
ets1,1k79,MA0098.2.jaspar,3,1k79_state_029_MA0098.2.jaspar.npz,state,29.0,7,0.42360108529728546,0.18848406164241688,0.24613581935125933,7,0.28554340120437055,0.2537060050194019,0.37196195113529956,7,6.559063288941978,....GATACTC,3.0
ets1,1k79,MA0098.2.jaspar,3,1k79_state_030_MA0098.2.jaspar.npz,state,30.0,6,0.3953891054390264,0.16962916827954663,0.20892195229225877,6,0.25812757150527466,0.23470552335493267,0.3233032710509622,6,3.798144924693689,.....TGACTT,3.0
ets1,1k79,MA0098.2.jaspar,3,1k79_state_031_MA0098.2.jaspar.npz,state,31.0,10,0.6886783866024833,0.10434977379627526,0.11568400693171646,10,0.4868835000856749,0.1865725385141559,0.2507651010402661,10,8.530045117232028,.ACTGAAAGTC,6.0
ets1,1k79,MA0098.2.jaspar,3,1k79_state_032_MA0098.2.jaspar.npz,state,32.0,10,0.577487428167197,0.13796018679859118,0.14629494255861264,10,0.3722205179417082,0.22577071303967386,0.29439087350562165,10,5.309749761938438,.ACTGACAATC,6.0
ets1,1k79,MA0098.2.jaspar,3,1k79_state_033_MA0098.2.jaspar.npz,state,33.0,10,0.7047231779851618,0.1202572341542691,0.12355113019802481,10,0.4985263522659354,0.19258721485966818,0.24762353846545038,10,6.538761364282111,.ACTGAACGTT,6.0
ets1,1k79,MA0098.2.jaspar,3,1k79_state_034_MA0098.2.jaspar.npz,state,34.0,7,0.6855509617398459,0.14054137964766206,0.14816758922675816,7,0.6177706821249095,0.18095219332358933,0.22143319002601283,7,4.494901622884793,....GGTACTT,5.0
ets1,1k79,MA0098.2.jaspar,3,1k79_state_035_MA0098.2.jaspar.npz,state,35.0,10,0.8127106698153262,0.08085815861268202,0.07697645957851437,10,0.5060139115696284,0.19748909132176778,0.25602580335608893,10,8.296811736698672,.CCTGAAAGTT,8.0
ets1,1k79,MA0098.2.jaspar,3,1k79_state_036_MA0098.2.jaspar.npz,state,36.0,6,0.05013317283161838,0.24096269859971167,0.3358197818245942,6,0.004075540528970007,0.2836365312105045,0.4190325265864787,6,4.668368735612673,.....TGACTT,3.0
ets1,1k79,MA0098.2.jaspar,3,1k79_state_037_MA0098.2.jaspar.npz,state,37.0,7,0.4987293122742512,0.19639649843364687,0.2137596559479468,7,0.48238004243753524,0.2207829716332656,0.2959310321254481,7,5.344758719284346,.ACCGGGG...,3.0
ets1,1k79,MA0098.2.jaspar,3,1k79_state_038_MA0098.2.jaspar.npz,state,38.0,6,0.019616243193108236,0.21462877801968716,0.3092435680516191,6,0.044101772136470443,0.27006611425895244,0.3601446876636156,6,3.788349023980902,.....TTTATT,3.0
ets1,1k79,MA0098.2.jaspar,3,1k79_state_039_MA0098.2.jaspar.npz,state,39.0,10,0.7979626719482527,0.10923621816909872,0.09189428335779451,10,0.5678614361552801,0.181490411242703,0.22471984994931332,10,8.293812777149768,.GTTGAAAATG,6.0
ets1,1k79,MA0098.2.jaspar,3,1k79_state_040_MA0098.2.jaspar.npz,state,40.0,10,0.48712691285649545,0.1511339579592459,0.16317210889647518,10,0.39035536111986424,0.2215500168967992,0.2817153556609123,10,5.701825608696268,.GCCGCATCTT,5.0
ets1,1k79,MA0098.2.jaspar,3,1k79_state_041_MA0098.2.jaspar.npz,state,41.0,10,0.9780236948345153,0.04077633018605411,0.018302077201958058,10,0.6829144748708519,0.15532208102522418,0.1782330830491325,10,7.732398697065029,.ACTGGAAATC,8.0
ets1,1k79,MA0098.2.jaspar,3,1k79_state_042_MA0098.2.jaspar.npz,state,42.0,10,0.6570854956785839,0.13010196991963313,0.12783889726869838,10,0.36926137668998715,0.22215719695668668,0.2996354586290599,10,6.564400850333268,.GCTGGTACTT,7.0
ets1,1k79,MA0098.2.jaspar,3,1k79_state_043_MA0098.2.jaspar.npz,state,43.0,10,0.8178144159631614,0.09983942119870334,0.08304302293983057,10,0.5105846634773569,0.1985893078497611,0.2537920174233863,10,8.964000337234706,.GTTGCAAATC,6.0
ets1,1k79,MA0098.2.jaspar,3,1k79_state_044_MA0098.2.jaspar.npz,state,44.0,10,0.6185275378355621,0.139137053739978,0.14521421572730825,10,0.38158413038436534,0.22031221541692503,0.30277060080715024,10,7.401231543465107,.ACTGAGACTT,6.0
ets1,1k79,MA0098.2.jaspar,3,1k79_state_045_MA0098.2.jaspar.npz,state,45.0,10,0.4871190103028182,0.1582096181322413,0.194781828170227,10,0.44939738545025776,0.19577294431146583,0.2641696493214111,10,9.96463910572584,.ACCGGGAATT,7.0
ets1,1k79,MA0098.2.jaspar,3,1k79_state_046_MA0098.2.jaspar.npz,state,46.0,10,0.7362251532225097,0.14817691475036554,0.12846269141413458,10,0.5309910051773002,0.17733226367854513,0.2290093391869609,10,10.352770697820592,.ACTGAAAATC,7.0
ets1,1k79,MA0098.2.jaspar,3,1k79_state_047_MA0098.2.jaspar.npz,state,47.0,10,0.9705767364888789,0.04454750887816772,0.023459315160635597,10,0.6655988212024595,0.17150886168237775,0.18822744773273936,10,6.913232335124244,.CCTGGAAATC,9.0
ets1,1k79,MA0098.2.jaspar,3,1k79_state_048_MA0098.2.jaspar.npz,state,48.0,10,0.5863866618464045,0.12912047733552753,0.14340495789631336,10,0.30381715984293933,0.24390431981300936,0.3169455805120419,10,3.7613525361260973,.CCTGATACTT,7.0
ets1,1k79,MA0098.2.jaspar,3,1k79_state_049_MA0098.2.jaspar.npz,state,49.0,10,0.5076442574698401,0.1639618900953792,0.17376015700973488,10,0.2111238459788143,0.2575112201506272,0.3497966835512699,10,5.379332738263474,.ACTGATAATC,6.0
ets1,1k79,MA0098.2.jaspar,3,1k79_state_050_MA0098.2.jaspar.npz,state,50.0,6,0.5974195645792832,0.12601173411288377,0.14979928637953271,6,0.4752330286956506,0.18067249272280606,0.24879789295258836,6,5.526097453673858,.....GGACTT,4.0
ets1,1k79,MA0098.2.jaspar,3,1k79_state_051_MA0098.2.jaspar.npz,state,51.0,10,0.7589221177394769,0.1175870678969659,0.10220455978291179,10,0.6093675520275406,0.17258343957364558,0.21129671882123952,10,8.104410771041444,.ATTGAAAATG,6.0
ets1,1k79,MA0098.2.jaspar,3,1k79_state_052_MA0098.2.jaspar.npz,state,52.0,10,0.3891490584079855,0.15732456265250222,0.19311591381805962,10,0.08255672050086059,0.2740596744697541,0.37962000062762313,10,3.950470199966252,.CCTCGTACTC,6.0
ets1,1k79,MA0098.2.jaspar,3,1k79_state_053_MA0098.2.jaspar.npz,state,53.0,10,0.44390243268367674,0.16538895134581252,0.18065813660891544,10,0.3250380100318983,0.2397543674102053,0.3074349012657819,10,4.266255721982834,.ACTCAAAATT,7.0
ets1,1k79,MA0098.2.jaspar,3,1k79_state_054_MA0098.2.jaspar.npz,state,54.0,6,0.32474455730838603,0.17535526415061517,0.24362429508913588,6,0.2763015117630219,0.22468673614397025,0.3229534760299119,6,4.11113328267622,.....GGCCTT,3.0
ets1,1k79,MA0098.2.jaspar,3,1k79_state_055_MA0098.2.jaspar.npz,state,55.0,6,0.6243964721042425,0.1091685964493081,0.143968084457844,6,0.5117964296216432,0.1842782974029736,0.24674279230917703,6,6.212346135684079,.....GGAATT,5.0
ets1,1k79,MA0098.2.jaspar,3,1k79_state_056_MA0098.2.jaspar.npz,state,56.0,10,0.7435401553339043,0.07422820456558839,0.08810931757299068,10,0.45236728528098785,0.1991116559598595,0.2679233023266377,10,8.241614210005157,.CCTGAAAATC,8.0
ets1,1k79,MA0098.2.jaspar,3,1k79_state_057_MA0098.2.jaspar.npz,state,57.0,10,0.38794489514014996,0.1848051428576582,0.2357397041785366,10,0.3552947922576538,0.22005252536473563,0.30453553767594177,10,8.766994010411324,.GTGGTATCTT,4.0
ets1,1k79,MA0098.2.jaspar,3,1k79_state_058_MA0098.2.jaspar.npz,state,58.0,6,0.6203830261055359,0.1317805892419225,0.15240750387535767,6,0.49351159641832804,0.19690788987403116,0.2671826393120803,6,6.251428476412894,.....GGACTT,4.0
ets1,1k79,MA0098.2.jaspar,3,1k79_state_059_MA0098.2.jaspar.npz,state,59.0,10,0.6497472928504899,0.12461457044119015,0.1279637744356664,10,0.3721929393907676,0.21898673842661082,0.2982524583318425,10,5.443859754928212,.ACTGATACTT,6.0
ets1,1k79,MA0098.2.jaspar,3,1k79_state_060_MA0098.2.jaspar.npz,state,60.0,10,0.9340438105167678,0.06415119303856046,0.03724218497501893,10,0.6268326946514674,0.17654745675390587,0.21172089538881056,10,7.984586263476398,.ACTGGAACTT,8.0
ets1,1k79,MA0098.2.jaspar,3,1k79_state_061_MA0098.2.jaspar.npz,state,61.0,10,0.6045427280343485,0.112970172369387,0.13290440681879434,10,0.29598157952518694,0.23623768568504602,0.328840172978715,10,7.391797382943734,.ACTGAGACTT,6.0
ets1,1k79,MA0098.2.jaspar,3,1k79_state_062_MA0098.2.jaspar.npz,state,62.0,10,0.8672828414247339,0.08145729823299916,0.06575957113044396,10,0.5531797440639838,0.18511843634041725,0.23056307251775676,10,7.2253833680405055,.CCTGGAACTC,8.0
ets1,1k79,MA0098.2.jaspar,3,1k79_state_063_MA0098.2.jaspar.npz,state,63.0,10,0.6719220049847461,0.11311491795349866,0.1290204816924867,10,0.3824084630024091,0.22730789674678817,0.2901310672269711,10,5.440692069208145,.CCTGCATATT,8.0
ets1,1k79,MA0098.2.jaspar,3,1k79_state_064_MA0098.2.jaspar.npz,state,64.0,10,0.76467928252803,0.09384672193555162,0.08649826358396082,10,0.5486863054697971,0.1908293146174401,0.2332145055620088,10,6.355297921835162,.ACTGAAAATC,7.0
ets1,1k79,MA0098.2.jaspar,3,1k79_state_065_MA0098.2.jaspar.npz,state,65.0,10,0.738165609248588,0.11674455006723292,0.10989167091185839,10,0.7476404320150507,0.16818853847798892,0.17885816904487595,10,5.22266159206087,.ATAGGACCTT,5.0
ets1,1k79,MA0098.2.jaspar,3,1k79_state_066_MA0098.2.jaspar.npz,state,66.0,6,0.6087751160852262,0.10331131639153075,0.1480692497915533,6,0.47162149817165117,0.18552244439100227,0.25982991188228166,6,5.9651840097654825,.....GGAATT,5.0
ets1,1k79,MA0098.2.jaspar,3,1k79_state_067_MA0098.2.jaspar.npz,state,67.0,10,0.3711808086619468,0.17554138972773217,0.21261142001640637,10,0.11162385651180057,0.2634570686786901,0.3961681978988195,10,7.528517363181878,.ATTAGGAATC,5.0
ets1,1k79,MA0098.2.jaspar,3,1k79_state_068_MA0098.2.jaspar.npz,state,68.0,6,0.28568647378365225,0.2116219419888997,0.285218776934621,6,0.18430969809921538,0.2735953934219045,0.4005446286797259,6,5.573366910294378,.....TGACTC,2.0
ets1,1k79,MA0098.2.jaspar,3,1k79_state_069_MA0098.2.jaspar.npz,state,69.0,7,0.06196564726780168,0.2598799207314317,0.3542056474795509,7,0.01984129356558409,0.3134132247650996,0.476109829158724,7,4.927584108891762,.ACCAGGG...,2.0
ets1,1k79,MA0098.2.jaspar,3,1k79_state_070_MA0098.2.jaspar.npz,state,70.0,10,0.7275395334436822,0.11012950673466548,0.10611797704805073,10,0.42799725269693356,0.20225952218752355,0.28342599646066224,10,8.254712816939586,.ATTGGTAATC,6.0
ets1,1k79,MA0098.2.jaspar,3,1k79_state_071_MA0098.2.jaspar.npz,state,71.0,10,0.3003171188504663,0.1852768469514558,0.22234247569471988,10,0.2606347002325677,0.24431299641437362,0.31972693497048116,10,5.747463847764493,.GCGGATACTT,5.0
ets1,1k79,MA0098.2.jaspar,3,1k79_state_072_MA0098.2.jaspar.npz,state,72.0,10,0.8284741720008081,0.08147568576387129,0.07219152785316367,10,0.5255398002953242,0.19369628747808748,0.2393365132523618,10,6.162309682991477,.ACTGAAAATT,8.0
ets1,1k79,MA0098.2.jaspar,3,1k79_state_073_MA0098.2.jaspar.npz,state,73.0,10,0.585306585981037,0.1261812029290013,0.13979041303158285,10,0.2933354141690647,0.2365316208684817,0.3266242987913825,10,6.63312524172415,.ACTGATACTT,6.0
ets1,1k79,MA0098.2.jaspar,3,1k79_state_074_MA0098.2.jaspar.npz,state,74.0,10,0.44002513752342726,0.18409742808435112,0.21833145948131624,10,0.3944619233110573,0.22290845114039257,0.2964773293203772,10,6.969689186569321,.GTGGGACCTC,4.0
ets1,1k79,MA0098.2.jaspar,3,1k79_state_075_MA0098.2.jaspar.npz,state,75.0,10,0.780679706127003,0.11244985073572025,0.09515632701471696,10,0.7066284441181881,0.16287926046643406,0.17297700001796812,10,6.348758573772635,.GCGGGATCTC,5.0
ets1,1k79,MA0098.2.jaspar,3,1k79_state_076_MA0098.2.jaspar.npz,state,76.0,10,0.6381523400496494,0.11834783136728219,0.12906711583805738,10,0.5227888996928007,0.1896450988657307,0.24353076408661903,10,7.030563620124015,.ACGGAAAATC,6.0
ets1,1k79,MA0098.2.jaspar,3,1k79_state_077_MA0098.2.jaspar.npz,state,77.0,10,0.49340202561638746,0.14804060343885794,0.17322334902159223,10,0.2695041529237342,0.24920936711132527,0.32925184077461495,10,6.538318953992304,.ACTTGATCTT,6.0
ets1,1k79,MA0098.2.jaspar,3,1k79_state_078_MA0098.2.jaspar.npz,state,78.0,10,0.8076467013590088,0.1065994652628433,0.08497824222519527,10,0.46268123317289694,0.20855316317756661,0.2743463006089133,10,6.63491143085908,.TTTGCAACTT,6.0
ets1,1k79,MA0098.2.jaspar,3,1k79_state_079_MA0098.2.jaspar.npz,state,79.0,10,0.489164352358714,0.15063733677379787,0.1696562195146799,10,0.44152641465258574,0.21076130321016534,0.2647310216009991,10,5.5706201492811065,.GCGGAAAATC,6.0
ets1,1k79,MA0098.2.jaspar,3,1k79_state_080_MA0098.2.jaspar.npz,state,80.0,10,0.5331801886214423,0.14914184630615637,0.16244689729699707,10,0.22147173195155848,0.25708858945872637,0.33987726848694017,10,4.216783661689947,.CTTCAACATT,6.0
ets1,1k79,MA0098.2.jaspar,3,1k79_state_081_MA0098.2.jaspar.npz,state,81.0,10,0.7313488607078679,0.07617830203380435,0.0930548137023167,10,0.43511204507180284,0.20609468715265394,0.27938223906028725,10,9.017477030550236,.CCTGAAAATT,9.0
ets1,1k79,MA0098.2.jaspar,3,1k79_state_082_MA0098.2.jaspar.npz,state,82.0,10,0.5513759899598298,0.15455785902740898,0.15607472431353847,10,0.4859551944681685,0.2113580157951219,0.25052830962588085,10,6.126904932671166,.CCCGTAAATT,8.0
ets1,1k79,MA0098.2.jaspar,3,1k79_state_083_MA0098.2.jaspar.npz,state,83.0,10,0.6886445869958259,0.10108455237932504,0.10687428189948214,10,0.4291554765960098,0.21681431640172377,0.27171609962419446,10,5.645394270457874,.CCTGAAAGTT,8.0
ets1,1k79,MA0098.2.jaspar,3,1k79_state_084_MA0098.2.jaspar.npz,state,84.0,10,0.47134491788102206,0.17395570557564496,0.1869194046403038,10,0.23015676450957645,0.27237951651914044,0.36468880040418206,10,5.896293031655437,.CTTGGTTCTT,6.0
ets1,1k79,MA0098.2.jaspar,3,1k79_state_085_MA0098.2.jaspar.npz,state,85.0,6,0.6101204780245317,0.13441014614848731,0.15770314320028242,6,0.4844576421300274,0.19865964374427372,0.27246270075171447,6,6.225124645740195,.....GGACTT,4.0
ets1,1k79,MA0098.2.jaspar,3,1k79_state_086_MA0098.2.jaspar.npz,state,86.0,10,0.8097280563312051,0.08087624326581136,0.07615916265759849,10,0.4877316918669039,0.19832822936587036,0.25659125739555944,10,6.778142224593818,.CCTGAAAATC,8.0
ets1,1k79,MA0098.2.jaspar,3,1k79_state_087_MA0098.2.jaspar.npz,state,87.0,10,0.4619747448871169,0.1624163314641919,0.2074515288232312,10,0.4048279686360763,0.2011541442712769,0.2844299237338347,10,8.937954705375597,.ATGGAAAATT,6.0
ets1,1k79,MA0098.2.jaspar,3,1k79_state_089_MA0098.2.jaspar.npz,state,89.0,10,0.7944475924688286,0.0951846135314554,0.08100207115215613,10,0.5508019788183416,0.1817391547258012,0.23170516501746402,10,7.8437486664432035,.ACTGAAAATT,8.0
ets1,1k79,MA0098.2.jaspar,3,1k79_state_090_MA0098.2.jaspar.npz,state,90.0,10,0.7492573521524897,0.11885963066888508,0.11607531792866857,10,0.5231760359546601,0.18666246665234212,0.24401149756947813,10,6.758542174985962,.ACTGGACCTT,7.0
ets1,1k79,MA0098.2.jaspar,3,1k79_state_091_MA0098.2.jaspar.npz,state,91.0,10,0.6793421252493341,0.1228606962133199,0.12491169689210424,10,0.5994441108572602,0.1751805581152439,0.21686451285486733,10,6.338604333868758,.ACGGAAAGTT,6.0
ets1,1k79,MA0098.2.jaspar,3,1k79_state_092_MA0098.2.jaspar.npz,state,92.0,10,0.46467587879141137,0.16015381868928671,0.1852609442423622,10,0.324753139438621,0.23559716519666835,0.3174558022280383,10,6.74735179485387,.ATTGGTTCTC,4.0
ets1,1k79,MA0098.2.jaspar,3,1k79_state_093_MA0098.2.jaspar.npz,state,93.0,10,0.6863625301439071,0.12928230714751407,0.12538594346779028,10,0.3494409727341992,0.22993082751054317,0.3141619847476962,10,6.883941264248011,.TTTGAACCTT,5.0
ets1,1k79,MA0098.2.jaspar,3,1k79_state_094_MA0098.2.jaspar.npz,state,94.0,10,0.7838604799265618,0.09571501010796055,0.08739869396252357,10,0.4484479354114602,0.21313134308438747,0.2798882647045814,10,6.527293159503437,.ACTGGTACTT,7.0
ets1,1k79,MA0098.2.jaspar,3,1k79_state_095_MA0098.2.jaspar.npz,state,95.0,10,0.7672913669613268,0.10618905502487905,0.09343068760950855,10,0.44220724152594487,0.21931644343421794,0.2778804717956541,10,7.320740474674823,.GCTGAAAATT,8.0
ets1,1k79,MA0098.2.jaspar,3,1k79_state_096_MA0098.2.jaspar.npz,state,96.0,10,0.5033181956635393,0.1497460342128761,0.16097439404921915,10,0.3799101403993037,0.22229460030794143,0.28962122837764404,10,5.516089454368124,.GTCGGTCCTT,4.0
ets1,1k79,MA0098.2.jaspar,3,1k79_state_097_MA0098.2.jaspar.npz,state,97.0,10,0.567285467170936,0.13607529119763057,0.15631462975889931,10,0.3153653419444203,0.22646327128459234,0.3244318432368235,10,7.727946695877207,.ACTGATACTT,6.0
ets1,1k79,MA0098.2.jaspar,3,1k79_state_098_MA0098.2.jaspar.npz,state,98.0,10,0.4981483301353497,0.14888963291887194,0.16782582750610436,10,0.18697435583836114,0.27071571027627217,0.3701548464356287,10,5.855788338349723,.CCTGATGCTC,5.0
ets1,1k79,MA0098.2.jaspar,3,1k79_state_099_MA0098.2.jaspar.npz,state,99.0,6,0.6184453742123068,0.12056129300617613,0.14449982480751772,6,0.4843129448137314,0.1916902684412586,0.2621441808033697,6,5.985602593582653,.....GGACTT,4.0
ets1,1k79,MA0098.2.jaspar,3,1k79_state_100_MA0098.2.jaspar.npz,state,100.0,10,0.6201873915264543,0.14237302100518717,0.13457611881858528,10,0.4868302989396058,0.2120271996827796,0.25730610420061895,10,5.9515992062003455,.ATCGGACCTT,5.0
ets1,1k79,MA0098.2.jaspar,3,ENSEMBLE_MEAN,ensemble_mean,,10,0.8332114583241047,0.11290957444259035,0.0898542764424421,10,0.5407326045109878,0.2074931086105214,0.2521456468945592,10,3.5675470565959637,.ACTGGAAATT,9.0
ets1,1k79,MA0098.2.jaspar,4,1k79_A_MA0098.2.jaspar.npz,crystal,,10,1.0,0.0,0.0,10,0.7576903255587767,0.11439023270941107,0.12976812761832504,10,11.187188488432113,.ACTGGATGTG,
ets1,1k79,MA0098.2.jaspar,4,1k79_state_001_MA0098.2.jaspar.npz,state,1.0,10,0.70486876268811,0.1351368735289725,0.1457979231773061,10,0.6024697919492737,0.18219310728673008,0.21827548590860252,10,9.420769700499303,.ACTGGCTGTA,8.0
ets1,1k79,MA0098.2.jaspar,4,1k79_state_002_MA0098.2.jaspar.npz,state,2.0,6,0.5628021044662277,0.16048204478768943,0.20340047807411651,6,0.4435593850322526,0.2139626244218865,0.2722995915800884,6,7.547050334445702,.....GGTGTA,4.0
ets1,1k79,MA0098.2.jaspar,4,1k79_state_003_MA0098.2.jaspar.npz,state,3.0,10,0.7386041639622336,0.13417431746638614,0.12098318050997188,10,0.5211304700003747,0.1951399382785894,0.2356409596483159,10,10.62056441434395,.ACTGCATATA,7.0
ets1,1k79,MA0098.2.jaspar,4,1k79_state_004_MA0098.2.jaspar.npz,state,4.0,10,0.3601015820256009,0.21197055844386342,0.24565124834183988,10,0.36145254144589556,0.21866752712521703,0.29998524224402584,10,6.695229000153606,.GGTGAAACTA,4.0
ets1,1k79,MA0098.2.jaspar,4,1k79_state_005_MA0098.2.jaspar.npz,state,5.0,6,0.17731855760383392,0.26528825729716726,0.33850570675241215,6,0.14270016171260064,0.2623748800203127,0.3702852210831569,6,5.4442228557765295,.....TGTGTA,3.0
ets1,1k79,MA0098.2.jaspar,4,1k79_state_006_MA0098.2.jaspar.npz,state,6.0,10,0.6805629803056189,0.14538888877868886,0.1549038561305062,10,0.5104520233913105,0.18879927382222378,0.2533736228611043,10,11.701813891015695,.ACCGCATGCA,6.0
ets1,1k79,MA0098.2.jaspar,4,1k79_state_007_MA0098.2.jaspar.npz,state,7.0,10,0.4475600286112716,0.21537056955130537,0.2702084228294427,10,0.40556506964611927,0.21574029384937604,0.3004153000222576,10,10.210615229405683,.ACCGCTGGTG,6.0
ets1,1k79,MA0098.2.jaspar,4,1k79_state_008_MA0098.2.jaspar.npz,state,8.0,10,0.39284410733059266,0.22203734139475273,0.26740424546821384,10,0.31506142324828235,0.259093621710781,0.33916855147296365,10,7.501535281007369,.ACTGTAGATA,6.0
ets1,1k79,MA0098.2.jaspar,4,1k79_state_009_MA0098.2.jaspar.npz,state,9.0,10,0.42353525346606835,0.21105027297890047,0.23993423619154983,10,0.35800500954472786,0.22881917579215952,0.3101699960128842,10,6.741570791141655,.ACTGCCGCTA,5.0
ets1,1k79,MA0098.2.jaspar,4,1k79_state_010_MA0098.2.jaspar.npz,state,10.0,6,0.5755886443195594,0.1662804508669069,0.1956133454866346,6,0.5025437185735042,0.18439663515406815,0.24680469680377812,6,5.838678035706147,.....GGTGTG,5.0
ets1,1k79,MA0098.2.jaspar,4,1k79_state_011_MA0098.2.jaspar.npz,state,11.0,6,0.10472911607378663,0.28441036458874197,0.38496680122446475,6,0.07820616152642494,0.28115346984850476,0.4107678113514728,6,5.828676064730445,.....TGTGTA,3.0
ets1,1k79,MA0098.2.jaspar,4,1k79_state_012_MA0098.2.jaspar.npz,state,12.0,10,0.35722668733373547,0.2230875394801842,0.30026896680999793,10,0.2501454807263454,0.25707697977341015,0.37724282702984246,10,9.352762821187845,.AAGGATTGTA,5.0
ets1,1k79,MA0098.2.jaspar,4,1k79_state_013_MA0098.2.jaspar.npz,state,13.0,10,0.5927843586923798,0.18149333024193764,0.18333255244839786,10,0.3822527756774393,0.23132054863963275,0.2957230564646476,10,6.8439574234369385,.ACTGGCCGTA,7.0
ets1,1k79,MA0098.2.jaspar,4,1k79_state_014_MA0098.2.jaspar.npz,state,14.0,10,0.869823151999012,0.09360508146055509,0.0747737934150929,10,0.5852680009751244,0.174893255783536,0.21182333983213666,10,10.548424209816131,.AGTGGATGTA,8.0
ets1,1k79,MA0098.2.jaspar,4,1k79_state_015_MA0098.2.jaspar.npz,state,15.0,6,0.5370651242169834,0.17773963181146732,0.19863924655779872,6,0.4608854239552765,0.1892340108170174,0.24197919055651865,6,5.645775151552624,.....GGTGTA,4.0
ets1,1k79,MA0098.2.jaspar,4,1k79_state_016_MA0098.2.jaspar.npz,state,16.0,10,0.4696999204030246,0.21211167019355343,0.22942428862473477,10,0.27711342501162356,0.24819081680616364,0.32854516257111827,10,6.575704203631984,.AGTGCACGTA,6.0
ets1,1k79,MA0098.2.jaspar,4,1k79_state_017_MA0098.2.jaspar.npz,state,17.0,10,0.3445252767367773,0.22162352884261055,0.25962130100424974,10,0.2436774028349756,0.25627857196886905,0.33331432092684,10,7.675423979771285,.ACTGACGAAA,4.0
ets1,1k79,MA0098.2.jaspar,4,1k79_state_018_MA0098.2.jaspar.npz,state,18.0,10,0.7880298254161576,0.12135151349793886,0.10369975418301902,10,0.5129475923711617,0.18772471014235634,0.23055191405193085,10,11.946500573043533,.AGTGAATGTA,7.0
ets1,1k79,MA0098.2.jaspar,4,1k79_state_019_MA0098.2.jaspar.npz,state,19.0,10,0.6549445267648654,0.1716114054157515,0.16131388772083857,10,0.7139887122941192,0.15456096910638734,0.16233702134171898,10,7.60622062910492,.ACCGGAAGTA,7.0
ets1,1k79,MA0098.2.jaspar,4,1k79_state_020_MA0098.2.jaspar.npz,state,20.0,10,0.6035528229990199,0.1826639891594823,0.18976192553497806,10,0.44946210346612964,0.21997022008799832,0.2762803603139884,10,8.19760040768016,.ACTGGCCCTA,6.0
ets1,1k79,MA0098.2.jaspar,4,1k79_state_021_MA0098.2.jaspar.npz,state,21.0,7,0.47504542051536375,0.18669813553112494,0.21998447841235486,7,0.35766481692997315,0.23740151953617378,0.34034331190163275,7,5.3252533507714785,.ACTGAGA...,4.0
ets1,1k79,MA0098.2.jaspar,4,1k79_state_022_MA0098.2.jaspar.npz,state,22.0,10,0.5830432911770513,0.17395166793867248,0.18166034403464182,10,0.46090256272843366,0.1972620562533848,0.24836409573142823,10,9.747236648587867,.ACCGGTTGTA,7.0
ets1,1k79,MA0098.2.jaspar,4,1k79_state_023_MA0098.2.jaspar.npz,state,23.0,6,0.12485467497509356,0.2871413496225917,0.399550791362324,6,0.05097157753220963,0.3154000439196049,0.45067582783771276,6,6.144220446696866,.....GGTTTA,3.0
ets1,1k79,MA0098.2.jaspar,4,1k79_state_024_MA0098.2.jaspar.npz,state,24.0,10,0.7352679409808942,0.1402170679764822,0.13409013821097565,10,0.5600086085829169,0.19090344108844876,0.23595908640464464,10,9.589851224024576,.AATGGCAGTA,6.0
ets1,1k79,MA0098.2.jaspar,4,1k79_state_025_MA0098.2.jaspar.npz,state,25.0,6,0.6509281925551796,0.12926881255892417,0.16292434068946812,6,0.4443797514550424,0.18553417352571464,0.26249170988870835,6,6.911896046159876,.....GGTGTG,5.0
ets1,1k79,MA0098.2.jaspar,4,1k79_state_026_MA0098.2.jaspar.npz,state,26.0,10,0.8065477605276095,0.12512171046801085,0.10383564405949512,10,0.5662591300610457,0.18928803510243597,0.2125402170537642,10,9.66414238931886,.AGTGGATGTA,8.0
ets1,1k79,MA0098.2.jaspar,4,1k79_state_027_MA0098.2.jaspar.npz,state,27.0,6,0.37902615321383315,0.21673227299470454,0.28019066733030135,6,0.25825925412811657,0.2635646539080578,0.34845343276804946,6,5.772712080542483,.....AGTGTA,3.0
ets1,1k79,MA0098.2.jaspar,4,1k79_state_028_MA0098.2.jaspar.npz,state,28.0,10,0.6764256118914943,0.15093237534019863,0.14328502074058586,10,0.4257084275268489,0.21743790918553713,0.26062699337456313,10,9.631937222914981,.ACTGATTGTA,7.0
ets1,1k79,MA0098.2.jaspar,4,1k79_state_029_MA0098.2.jaspar.npz,state,29.0,7,0.5753857820409586,0.15022498749437677,0.2119868056893782,7,0.4216577228241768,0.21255146342861866,0.3024170576098316,7,7.65447464859636,....GAATCTG,5.0
ets1,1k79,MA0098.2.jaspar,4,1k79_state_030_MA0098.2.jaspar.npz,state,30.0,6,0.6102996820594794,0.15630049710550034,0.16993801860322208,6,0.4810515967346811,0.19898300745990127,0.23087920645580198,6,6.303530375028997,.....GGTGTA,4.0
ets1,1k79,MA0098.2.jaspar,4,1k79_state_031_MA0098.2.jaspar.npz,state,31.0,10,0.6237508065619403,0.16689337290154072,0.15047768015876625,10,0.5956409305168888,0.17493367283605038,0.20072190581451835,10,7.133061847409492,.ACTGAAAGAA,6.0
ets1,1k79,MA0098.2.jaspar,4,1k79_state_032_MA0098.2.jaspar.npz,state,32.0,10,0.5895585366246058,0.16603797072166343,0.1872003802180091,10,0.40667672478669914,0.21514081065834034,0.28454693956197813,10,7.7435567191722825,.ACTGACCCTG,6.0
ets1,1k79,MA0098.2.jaspar,4,1k79_state_033_MA0098.2.jaspar.npz,state,33.0,10,0.5049215100444232,0.18194244367186913,0.20166681051327978,10,0.33282791904669146,0.23654969758208608,0.3074113222805584,10,7.285887868387487,.ACTGCCTGAA,6.0
ets1,1k79,MA0098.2.jaspar,4,1k79_state_034_MA0098.2.jaspar.npz,state,34.0,7,0.7320503633702754,0.1330911757857913,0.15643033954995808,7,0.5998766514197217,0.18695504377943248,0.23563140236600438,7,8.279087611788198,....GGCTGTA,5.0
ets1,1k79,MA0098.2.jaspar,4,1k79_state_035_MA0098.2.jaspar.npz,state,35.0,10,0.6045834303726398,0.16635244656790746,0.18380885314898684,10,0.3280310064017374,0.23480299908842425,0.3112685325210839,10,6.80193360799616,.ACTGATTGTA,7.0
ets1,1k79,MA0098.2.jaspar,4,1k79_state_036_MA0098.2.jaspar.npz,state,36.0,6,0.07822844527900186,0.3009355030080769,0.4247766645138607,6,0.05921739263923666,0.30134190334744443,0.45164726783918985,6,6.502889925911903,.....TGTGTA,3.0
ets1,1k79,MA0098.2.jaspar,4,1k79_state_037_MA0098.2.jaspar.npz,state,37.0,7,0.5268452037244935,0.17599671549604473,0.2011995293405171,7,0.5980147401183726,0.19094809083201522,0.23622226172248825,7,5.552999175009037,.AGTAGAA...,4.0
ets1,1k79,MA0098.2.jaspar,4,1k79_state_038_MA0098.2.jaspar.npz,state,38.0,6,0.2608147420791878,0.2452619576069992,0.30646987811737464,6,0.14425700331986568,0.2690571829928861,0.3577514575144191,6,4.648988130061557,.....GTTATA,3.0
ets1,1k79,MA0098.2.jaspar,4,1k79_state_039_MA0098.2.jaspar.npz,state,39.0,10,0.619524070539077,0.16836776985874166,0.18670440562451074,10,0.5881621636322116,0.17367532991629558,0.20704213253252193,10,10.779122027931985,.ACAGCATGAA,6.0
ets1,1k79,MA0098.2.jaspar,4,1k79_state_040_MA0098.2.jaspar.npz,state,40.0,10,0.7292882222207798,0.14464828470518115,0.13254800952282222,10,0.565117716297236,0.19289117781445383,0.2245200376831701,10,7.4275355946138895,.AATGCATATA,6.0
ets1,1k79,MA0098.2.jaspar,4,1k79_state_041_MA0098.2.jaspar.npz,state,41.0,10,0.7297902618957287,0.1446354743282427,0.12269745150043983,10,0.45273767103886914,0.2201784977107309,0.25377053805468663,10,8.5758697179501,.GGTGCATGCA,5.0
ets1,1k79,MA0098.2.jaspar,4,1k79_state_042_MA0098.2.jaspar.npz,state,42.0,10,0.8366088826120434,0.10720055940619204,0.08919840919884452,10,0.5876198766565962,0.17571266230515903,0.20004284185919596,10,9.479318195731556,.ACTGGATGTA,9.0
ets1,1k79,MA0098.2.jaspar,4,1k79_state_043_MA0098.2.jaspar.npz,state,43.0,10,0.44422264819910495,0.20653817010606873,0.23006654007591174,10,0.4043607690263554,0.22616750915767625,0.2773175316054828,10,7.464715401972276,.GCTGCTTATA,5.0
ets1,1k79,MA0098.2.jaspar,4,1k79_state_044_MA0098.2.jaspar.npz,state,44.0,10,0.6782332074912868,0.164770869176391,0.15701034553328028,10,0.5482622125990398,0.19260041576872028,0.24050401987078063,10,7.3657581769812435,.ACTGGCACTA,6.0
ets1,1k79,MA0098.2.jaspar,4,1k79_state_045_MA0098.2.jaspar.npz,state,45.0,10,0.5925255592170182,0.16594250732887303,0.17015527705919573,10,0.5129405738842299,0.20052241810481064,0.22065253027565931,10,9.75370044886263,.AGCGGTTATA,5.0
ets1,1k79,MA0098.2.jaspar,4,1k79_state_046_MA0098.2.jaspar.npz,state,46.0,10,0.6278419344489572,0.14966241562651703,0.16618549572568053,10,0.5074178828230806,0.1846013513917569,0.2396059592227242,10,10.224804912791418,.ACTGAAAATG,7.0
ets1,1k79,MA0098.2.jaspar,4,1k79_state_047_MA0098.2.jaspar.npz,state,47.0,10,0.7929987132930618,0.12031641992070945,0.09987384464038683,10,0.5009384056292477,0.20487038898281754,0.2453743681381786,10,9.798005022016717,.ACTGGGTGTA,8.0
ets1,1k79,MA0098.2.jaspar,4,1k79_state_048_MA0098.2.jaspar.npz,state,48.0,10,0.7430942237460753,0.1357175128054223,0.12605440901501888,10,0.5447996010721177,0.20505223922955337,0.24081445189850856,10,7.629792286420902,.AGTGGCTGTA,7.0
ets1,1k79,MA0098.2.jaspar,4,1k79_state_049_MA0098.2.jaspar.npz,state,49.0,10,0.5274997770152208,0.17529088270821375,0.20803369983350967,10,0.33113857385677964,0.2160556111455662,0.3141932355533595,10,6.924041029111974,.ACTGACGGTG,7.0
ets1,1k79,MA0098.2.jaspar,4,1k79_state_050_MA0098.2.jaspar.npz,state,50.0,6,0.5454864246518055,0.17331282897794154,0.20211782215690796,6,0.4332235950128546,0.20322329472886244,0.26601894325940234,6,6.1047267913955405,.....GGTGTA,4.0
ets1,1k79,MA0098.2.jaspar,4,1k79_state_051_MA0098.2.jaspar.npz,state,51.0,10,0.5345572532776626,0.2002537620035582,0.20540952080910477,10,0.4454244456276756,0.22722070486634038,0.2679089813412121,10,6.158627109770346,.GGTGCAAGAA,4.0
ets1,1k79,MA0098.2.jaspar,4,1k79_state_052_MA0098.2.jaspar.npz,state,52.0,10,0.6461505248984726,0.1634432887964067,0.16171303300303377,10,0.4042529096842669,0.22191671314649283,0.28219500856483776,10,5.5130770667445805,.ACTGACGGAG,6.0
ets1,1k79,MA0098.2.jaspar,4,1k79_state_053_MA0098.2.jaspar.npz,state,53.0,10,0.6103840572189281,0.16833862402272642,0.17075837338986669,10,0.3771560137667678,0.24097539752256125,0.29693712763876823,10,7.470565978122458,.AGTGGCTGAA,6.0
ets1,1k79,MA0098.2.jaspar,4,1k79_state_054_MA0098.2.jaspar.npz,state,54.0,6,0.18147052389267518,0.26179784382232657,0.3339570364197162,6,0.20195246813861623,0.24374027360924325,0.3575348049379143,6,4.985792990227999,.....TGAGTG,3.0
ets1,1k79,MA0098.2.jaspar,4,1k79_state_055_MA0098.2.jaspar.npz,state,55.0,6,0.5477349631426385,0.16639928283984773,0.21005436702169278,6,0.4520739713617462,0.2036045344915086,0.26286170593768515,6,7.292970378484712,.....GGTGTA,4.0
ets1,1k79,MA0098.2.jaspar,4,1k79_state_056_MA0098.2.jaspar.npz,state,56.0,10,0.6433426650386486,0.14514897954213665,0.1418038918022413,10,0.4631227926692706,0.20057836804771795,0.23481951880836616,10,8.30340628205714,.AGTGAATGCA,6.0
ets1,1k79,MA0098.2.jaspar,4,1k79_state_057_MA0098.2.jaspar.npz,state,57.0,10,0.33358066376170753,0.23467772903022704,0.3323535630507477,10,0.36284272442236437,0.21790769104190985,0.33276108669446136,10,12.288955341702513,.ATGGCAAATA,4.0
ets1,1k79,MA0098.2.jaspar,4,1k79_state_058_MA0098.2.jaspar.npz,state,58.0,6,0.49980861146360894,0.18441458189530144,0.2296679719281538,6,0.4137171946112654,0.2171653473681848,0.27733053808701186,6,6.839381168775498,.....GGTGTA,4.0
ets1,1k79,MA0098.2.jaspar,4,1k79_state_059_MA0098.2.jaspar.npz,state,59.0,10,0.48256854712722486,0.20721164077112916,0.23182720720014735,10,0.339172856671638,0.23032819128857226,0.3086841183221532,10,6.430742272757559,.ACTGATGCTA,5.0
ets1,1k79,MA0098.2.jaspar,4,1k79_state_060_MA0098.2.jaspar.npz,state,60.0,10,0.5716949115417382,0.15087705669429852,0.1787532352141623,10,0.42289368916430814,0.20532772192091214,0.2631861744749901,10,7.936214165755959,.AGTGCATATA,6.0
ets1,1k79,MA0098.2.jaspar,4,1k79_state_061_MA0098.2.jaspar.npz,state,61.0,10,0.6839337745384613,0.14091154282650678,0.140494814087829,10,0.4241951508364095,0.21498520777968225,0.2730066836790433,10,9.291193629697831,.ACTGAGTGTA,7.0
ets1,1k79,MA0098.2.jaspar,4,1k79_state_062_MA0098.2.jaspar.npz,state,62.0,10,0.7906584755238172,0.1273361852632661,0.11402824175565267,10,0.5739422906127549,0.19438349459596793,0.2237549479813595,10,9.219611477469375,.GATGGATGTA,7.0
ets1,1k79,MA0098.2.jaspar,4,1k79_state_063_MA0098.2.jaspar.npz,state,63.0,10,0.2829680068805019,0.24910431032476482,0.325543819346708,10,0.22076661323082553,0.268910119823704,0.37324799848053714,10,10.380757079342933,.GCCGCTTGAA,4.0
ets1,1k79,MA0098.2.jaspar,4,1k79_state_064_MA0098.2.jaspar.npz,state,64.0,10,0.49037490445799437,0.17848956958769122,0.21771742678124917,10,0.2716236990092351,0.25148999568191355,0.34195205394515926,10,8.420645213035174,.ACTGACTGAA,6.0
ets1,1k79,MA0098.2.jaspar,4,1k79_state_065_MA0098.2.jaspar.npz,state,65.0,10,0.493894490579281,0.18197754219436318,0.23018352536197878,10,0.2520583976969634,0.23795338119380177,0.3373606189647563,10,8.580109315652459,.AATGCATCTA,6.0
ets1,1k79,MA0098.2.jaspar,4,1k79_state_066_MA0098.2.jaspar.npz,state,66.0,6,0.6391603690028442,0.16640764018908763,0.16815406593162371,6,0.43300334659548423,0.22588838501057276,0.2686735782974014,6,6.7859903275296976,.....GGTGAA,3.0
ets1,1k79,MA0098.2.jaspar,4,1k79_state_067_MA0098.2.jaspar.npz,state,67.0,10,0.20509638499093172,0.2479658994197962,0.30625978190068126,10,0.12324093265632384,0.2560172266210429,0.3693638997666802,10,7.25116303627093,.GCTACGAATA,3.0
ets1,1k79,MA0098.2.jaspar,4,1k79_state_068_MA0098.2.jaspar.npz,state,68.0,6,0.2185184425755117,0.28158526471816003,0.3358813022854263,6,0.34521829976581375,0.2394554041287241,0.3132153356508527,6,5.364736439159687,.....GGAGTA,3.0
ets1,1k79,MA0098.2.jaspar,4,1k79_state_069_MA0098.2.jaspar.npz,state,69.0,7,0.21574469032958024,0.24720075453556742,0.3476411394942747,7,0.0003746474654601367,0.3258437971193676,0.5131140671065727,7,6.607341394351618,.ACTAGTG...,4.0
ets1,1k79,MA0098.2.jaspar,4,1k79_state_070_MA0098.2.jaspar.npz,state,70.0,10,0.6370116859351748,0.16869117636961165,0.17351180928645654,10,0.5236161588332355,0.19760304985102267,0.24233874766252866,10,10.697723657466138,.GCCGGCTGTA,6.0
ets1,1k79,MA0098.2.jaspar,4,1k79_state_071_MA0098.2.jaspar.npz,state,71.0,10,0.6020736685940166,0.17128206994930223,0.199366441488834,10,0.5308223735920247,0.1952095360367821,0.2496248083085363,10,9.703935092840581,.ACGGGCTGTA,7.0
ets1,1k79,MA0098.2.jaspar,4,1k79_state_072_MA0098.2.jaspar.npz,state,72.0,10,0.5999931089266849,0.16006393067218597,0.17389479961499632,10,0.3515615592822953,0.2382874777948018,0.30214999274114007,10,7.044155741836904,.ACTGACTGCA,6.0
ets1,1k79,MA0098.2.jaspar,4,1k79_state_073_MA0098.2.jaspar.npz,state,73.0,10,0.5670082808040308,0.16411608294583857,0.19092817961400782,10,0.3493184570872985,0.21852795338927536,0.2996444184799906,10,7.514356095278313,.ACTGATTGTA,7.0
ets1,1k79,MA0098.2.jaspar,4,1k79_state_074_MA0098.2.jaspar.npz,state,74.0,10,0.4167135389789618,0.2246010865390417,0.272909295185198,10,0.4531531217372993,0.21500380211509765,0.2797612548546871,10,8.64722051595102,.ACGGCTTGTA,6.0
ets1,1k79,MA0098.2.jaspar,4,1k79_state_075_MA0098.2.jaspar.npz,state,75.0,10,0.49955513574821525,0.20763654841139215,0.24203449037256686,10,0.3268525489406518,0.26172342085046696,0.3479745365941571,10,9.040348308595028,.AAGGCATGAA,5.0
ets1,1k79,MA0098.2.jaspar,4,1k79_state_076_MA0098.2.jaspar.npz,state,76.0,10,0.5003690337027266,0.19324000781198264,0.2048495937078755,10,0.46151318096583277,0.20846513144206255,0.26396733928702243,10,4.860989409755315,.AGTGACAATG,5.0
ets1,1k79,MA0098.2.jaspar,4,1k79_state_077_MA0098.2.jaspar.npz,state,77.0,10,0.8007111224382304,0.1473188320713234,0.11988362351834332,10,0.5953531213899798,0.190231960802339,0.23200531600762483,10,5.6987961849219575,.GCTGGATGTA,8.0
ets1,1k79,MA0098.2.jaspar,4,1k79_state_078_MA0098.2.jaspar.npz,state,78.0,10,0.42925574400802113,0.2147476571597508,0.24628334851961195,10,0.33155333485896005,0.238747286904254,0.31239686927065907,10,9.900731657839767,.GCCGCTTGCA,4.0
ets1,1k79,MA0098.2.jaspar,4,1k79_state_079_MA0098.2.jaspar.npz,state,79.0,10,0.4637873600631056,0.20035720339947147,0.24654006708995566,10,0.3235370678945681,0.23046703342988623,0.33027719328636485,10,7.3838406548474556,.AATGACGGTA,5.0
ets1,1k79,MA0098.2.jaspar,4,1k79_state_080_MA0098.2.jaspar.npz,state,80.0,10,0.6302971865471357,0.15555190675222547,0.15773633782174784,10,0.3517680751973028,0.2253480597399175,0.2907544863081492,10,6.785873052152562,.ACTGCTTGTA,7.0
ets1,1k79,MA0098.2.jaspar,4,1k79_state_081_MA0098.2.jaspar.npz,state,81.0,10,0.5164361185325695,0.18225116941175656,0.19317987253251245,10,0.4746045275288183,0.19761387594044208,0.24864287093047252,10,8.607192099879374,.AGTGAAAGAA,5.0
ets1,1k79,MA0098.2.jaspar,4,1k79_state_082_MA0098.2.jaspar.npz,state,82.0,10,0.6697785505259268,0.16539665953750954,0.14889657519057226,10,0.5599601353600584,0.20456410945625975,0.23478103136940706,10,7.043260830673749,.AGTGGAACTA,6.0
ets1,1k79,MA0098.2.jaspar,4,1k79_state_083_MA0098.2.jaspar.npz,state,83.0,10,0.5352475607277473,0.17717784967971967,0.1837329406041568,10,0.30658542890012147,0.2360807389995898,0.3004955147955897,10,7.082039149685119,.AGTGACTGCA,5.0
ets1,1k79,MA0098.2.jaspar,4,1k79_state_084_MA0098.2.jaspar.npz,state,84.0,10,0.5584087940865282,0.1913597244551056,0.20010592236843258,10,0.40658821757294394,0.23440871908678673,0.2946836896089948,10,8.143174696845277,.ACCGACTGTA,6.0
ets1,1k79,MA0098.2.jaspar,4,1k79_state_085_MA0098.2.jaspar.npz,state,85.0,6,0.4754034788138531,0.20005857723299414,0.24211124647565718,6,0.46836392725383685,0.1994949686146962,0.2599363715625804,6,7.047885442953238,.....GGTGTA,4.0
ets1,1k79,MA0098.2.jaspar,4,1k79_state_086_MA0098.2.jaspar.npz,state,86.0,10,0.42397094696999854,0.2160959230226581,0.2373084827608313,10,0.4660533789251084,0.21310024705016986,0.2601773945560021,10,5.452050697113496,.ACTGACAGAA,5.0
ets1,1k79,MA0098.2.jaspar,4,1k79_state_087_MA0098.2.jaspar.npz,state,87.0,10,0.3977022347079441,0.22186057061189784,0.3069099116382988,10,0.4142933743894432,0.2159302512111026,0.32132429664366313,10,10.852638110887556,.ATGGAAAGTA,5.0
ets1,1k79,MA0098.2.jaspar,4,1k79_state_089_MA0098.2.jaspar.npz,state,89.0,10,0.5287658042251346,0.19264684619702166,0.19751526655502633,10,0.4588997227356695,0.2037951037666062,0.25803526977538904,10,5.9051267347957825,.ACTGACAATA,5.0
ets1,1k79,MA0098.2.jaspar,4,1k79_state_090_MA0098.2.jaspar.npz,state,90.0,10,0.7472367286086111,0.12839211374084697,0.1155741455048264,10,0.486480003985601,0.19895460923435165,0.23617929276567645,10,10.016743689941924,.ACTGCATGTA,8.0
ets1,1k79,MA0098.2.jaspar,4,1k79_state_091_MA0098.2.jaspar.npz,state,91.0,10,0.5773321803946083,0.18610276941471965,0.18760528010572033,10,0.45440507457271156,0.22183685330674052,0.2698187316383248,10,4.941836108571154,.AGTGACTGTA,6.0
ets1,1k79,MA0098.2.jaspar,4,1k79_state_092_MA0098.2.jaspar.npz,state,92.0,10,0.7133347264297883,0.1373476570515777,0.14616489512646189,10,0.47559799427051486,0.2207557404617546,0.2729703599450804,10,9.407554026912504,.AGTGGCTGTA,7.0
ets1,1k79,MA0098.2.jaspar,4,1k79_state_093_MA0098.2.jaspar.npz,state,93.0,10,0.46405531974971626,0.20213277162984014,0.23267470023009995,10,0.3563062335228412,0.23265291100688046,0.3118985998772274,10,9.88975271963609,.GCCGCCTGTA,5.0
ets1,1k79,MA0098.2.jaspar,4,1k79_state_094_MA0098.2.jaspar.npz,state,94.0,10,0.7554472095515786,0.13281385649679578,0.1171217892907819,10,0.5687542952756414,0.17590949109217036,0.21594615049180343,10,8.415465039000674,.ACTGGCTGTA,8.0
ets1,1k79,MA0098.2.jaspar,4,1k79_state_095_MA0098.2.jaspar.npz,state,95.0,10,0.3949346776710368,0.23378251084068324,0.24793363509038588,10,0.4005392220080477,0.23222200868331128,0.2862502187938676,10,7.648397048701828,.GCCGCCGGAA,3.0
ets1,1k79,MA0098.2.jaspar,4,1k79_state_096_MA0098.2.jaspar.npz,state,96.0,10,0.5810442853830687,0.17379807515389983,0.19460178959308264,10,0.37720638597352774,0.23709026569558772,0.3081532516508114,10,7.550650275086071,.AATGACTGTA,6.0
ets1,1k79,MA0098.2.jaspar,4,1k79_state_097_MA0098.2.jaspar.npz,state,97.0,10,0.5898377672386892,0.1751665528619924,0.18036218425936115,10,0.3789872258845579,0.22856460395523753,0.2921303669904906,10,8.298136084171325,.ACTGACTGTA,7.0
ets1,1k79,MA0098.2.jaspar,4,1k79_state_098_MA0098.2.jaspar.npz,state,98.0,10,0.5126243306676883,0.1752182488286053,0.21808515779098658,10,0.29773000227079766,0.23250751747982576,0.3331067911319693,10,7.725209748052221,.ACTGACGGTG,7.0
ets1,1k79,MA0098.2.jaspar,4,1k79_state_099_MA0098.2.jaspar.npz,state,99.0,6,0.4548006815922406,0.20185847822237216,0.24772083253588698,6,0.5864063617007839,0.1534231673455603,0.21638138653805328,6,7.367977683758962,.....GGAGTA,3.0
ets1,1k79,MA0098.2.jaspar,4,1k79_state_100_MA0098.2.jaspar.npz,state,100.0,10,0.743260672066042,0.1493703613130492,0.13009205531797546,10,0.5453813046725117,0.21031216618139298,0.23380323621778692,10,7.27444286304187,.AATGGATGTA,8.0
ets1,1k79,MA0098.2.jaspar,4,ENSEMBLE_MEAN,ensemble_mean,,10,0.7782164515901647,0.14173649976876085,0.12384035508536977,10,0.5787650268128357,0.19205166411811828,0.2241509586563993,10,4.707547517036373,.ACTGGATGTA,9.0
ets1,1k79,MA0098.2.jaspar,5,1k79_A_MA0098.2.jaspar.npz,crystal,,10,1.0,0.0,0.0,10,0.7824477374947291,0.1143491653005185,0.13379028237787485,10,10.330635527436392,.ACCGGAAATG,
ets1,1k79,MA0098.2.jaspar,5,1k79_state_001_MA0098.2.jaspar.npz,state,1.0,10,0.6483397471491744,0.15305947698579986,0.16806289213085884,10,0.578838916999028,0.16695671209308785,0.2298549386533124,10,10.454309448910397,.GCTGGTACTG,6.0
ets1,1k79,MA0098.2.jaspar,5,1k79_state_002_MA0098.2.jaspar.npz,state,2.0,6,0.786426299968844,0.13306672060449878,0.09891544365653702,6,0.7825549314478458,0.13339370009877408,0.1305930019608035,6,5.416427310899273,.....GGAATG,5.0
ets1,1k79,MA0098.2.jaspar,5,1k79_state_003_MA0098.2.jaspar.npz,state,3.0,10,0.5323884661575006,0.17173930672761345,0.19813755193906588,10,0.4993196877570841,0.19088777283359376,0.26377277252877585,10,10.229100367655748,.ACTGCAACCG,6.0
ets1,1k79,MA0098.2.jaspar,5,1k79_state_004_MA0098.2.jaspar.npz,state,4.0,10,0.19614847390351603,0.2581417166191386,0.30934146348679453,10,0.08260653711086045,0.2884812308831897,0.4077972834213197,10,8.373899260784404,.ACCAATAACG,6.0
ets1,1k79,MA0098.2.jaspar,5,1k79_state_005_MA0098.2.jaspar.npz,state,5.0,6,0.7900739537972281,0.14391024434371502,0.10109054305459077,6,0.8523937623062733,0.11745672903877373,0.11114718887425336,6,4.643744785668571,.....GAAGTG,5.0
ets1,1k79,MA0098.2.jaspar,5,1k79_state_006_MA0098.2.jaspar.npz,state,6.0,10,0.5650491769124099,0.15008746600760786,0.1900696033167286,10,0.469853119746893,0.1831067568546132,0.27461510205309364,10,9.974269547433929,.ACTGCAACTG,7.0
ets1,1k79,MA0098.2.jaspar,5,1k79_state_007_MA0098.2.jaspar.npz,state,7.0,10,0.576219425085566,0.14514378362873687,0.1760854743068961,10,0.4648325293705984,0.18944521989906207,0.26434565925957854,10,9.864052394010926,.ACGGCAAATA,7.0
ets1,1k79,MA0098.2.jaspar,5,1k79_state_008_MA0098.2.jaspar.npz,state,8.0,10,0.6603184643969606,0.15208407736281515,0.14444673516643988,10,0.5834373718398334,0.1631445376915508,0.2255668618148056,10,8.288627488148409,.ACTGAAAGTG,7.0
ets1,1k79,MA0098.2.jaspar,5,1k79_state_009_MA0098.2.jaspar.npz,state,9.0,10,0.6673740571609961,0.156595120079146,0.15249324612967624,10,0.6752592531789423,0.1620770203284337,0.20988947822940732,10,8.900594022155712,.ACTGAAAGTG,7.0
ets1,1k79,MA0098.2.jaspar,5,1k79_state_010_MA0098.2.jaspar.npz,state,10.0,6,0.8055085262578191,0.11611071586351802,0.08662861721193864,6,0.7700916908283068,0.1234037412602144,0.12305549432388542,6,4.4090284290255894,.....GGAGTT,3.0
ets1,1k79,MA0098.2.jaspar,5,1k79_state_011_MA0098.2.jaspar.npz,state,11.0,6,0.6541813453622671,0.1791509580834827,0.14842734460681314,6,0.7739232848022226,0.14734414947452024,0.1439398533836398,6,4.208446663010098,.....GGAGTG,4.0
ets1,1k79,MA0098.2.jaspar,5,1k79_state_012_MA0098.2.jaspar.npz,state,12.0,10,0.6739482859395971,0.15806239976300276,0.1549875597171954,10,0.6775197396840174,0.15106085070874542,0.18478342361621092,10,9.914945255866336,.ACGGGAAGTG,8.0
ets1,1k79,MA0098.2.jaspar,5,1k79_state_013_MA0098.2.jaspar.npz,state,13.0,10,0.47474857796288394,0.17295729518737063,0.2118152259976087,10,0.3305004514874896,0.21688963678316214,0.32881627725996054,10,7.3516947204824366,.ACTAATAGTG,5.0
ets1,1k79,MA0098.2.jaspar,5,1k79_state_014_MA0098.2.jaspar.npz,state,14.0,10,0.6132565582918917,0.16178223068345687,0.17252820326903237,10,0.5691874771442558,0.17153199057793245,0.22296160963067022,10,10.470224708585663,.ACTGGTACCG,6.0
ets1,1k79,MA0098.2.jaspar,5,1k79_state_015_MA0098.2.jaspar.npz,state,15.0,6,0.8782815710663417,0.09887920157901438,0.056880619284370375,6,0.9234262734363523,0.0933550721820211,0.07157037160607638,6,5.987062771675052,.....GAAGTG,5.0
ets1,1k79,MA0098.2.jaspar,5,1k79_state_016_MA0098.2.jaspar.npz,state,16.0,10,0.5703506780789407,0.170181210969713,0.1874113438128916,10,0.41135322459356,0.2155182582906491,0.2938110246683737,10,8.978395335471385,.AATGCAGATG,6.0
ets1,1k79,MA0098.2.jaspar,5,1k79_state_017_MA0098.2.jaspar.npz,state,17.0,10,0.6310157861985582,0.15644681215344464,0.15304350250624638,10,0.6113355276261719,0.16571127566348878,0.22093230639571754,10,9.941244076581041,.ACTGAAAGTG,7.0
ets1,1k79,MA0098.2.jaspar,5,1k79_state_018_MA0098.2.jaspar.npz,state,18.0,10,0.5386074312546173,0.18022451138458565,0.19289923157373262,10,0.5142569572002996,0.18877711092936805,0.241934143550318,10,9.638084523413568,.AGTGAAAGTG,6.0
ets1,1k79,MA0098.2.jaspar,5,1k79_state_019_MA0098.2.jaspar.npz,state,19.0,10,0.503483056621036,0.18894590454292484,0.20611762870250563,10,0.4768930029173933,0.20078101026228978,0.27249587647685236,10,9.65077646039543,.ACTGCAGGTG,6.0
ets1,1k79,MA0098.2.jaspar,5,1k79_state_020_MA0098.2.jaspar.npz,state,20.0,10,0.6361524505054531,0.18210583381805917,0.17658442989584136,10,0.6797883883377953,0.1638284189044498,0.20308725114745937,10,9.652063925838734,.ACGGGAAGTG,8.0
ets1,1k79,MA0098.2.jaspar,5,1k79_state_021_MA0098.2.jaspar.npz,state,21.0,7,0.9927202909352866,0.027038559391387804,0.011504115909865673,7,0.8135704257029949,0.1093021278377689,0.1682592291686334,7,7.993910189763303,.ACCGGAA...,7.0
ets1,1k79,MA0098.2.jaspar,5,1k79_state_022_MA0098.2.jaspar.npz,state,22.0,10,0.8765839156809229,0.095419777805364,0.0664511869101598,10,0.7205994711903398,0.13892733784305164,0.17443208487629255,10,11.451417793354825,.ACTGGAAATG,9.0
ets1,1k79,MA0098.2.jaspar,5,1k79_state_023_MA0098.2.jaspar.npz,state,23.0,6,0.2972961897037523,0.2647712203222454,0.3519012000321889,6,0.267992239975694,0.2658545587626122,0.39219221991373265,6,6.188180076445557,.....GGACGT,2.0
ets1,1k79,MA0098.2.jaspar,5,1k79_state_024_MA0098.2.jaspar.npz,state,24.0,10,0.5697826492512521,0.1687207888455305,0.20698140333799175,10,0.4752047231144115,0.18789392542967107,0.28449598659801195,10,11.734914905669608,.ACTGGTACTG,7.0
ets1,1k79,MA0098.2.jaspar,5,1k79_state_025_MA0098.2.jaspar.npz,state,25.0,6,0.691866396314303,0.13701535183524052,0.11576577486236388,6,0.7254134547486033,0.12941657908959314,0.13831760865014409,6,5.297270597305895,.....GGAGTT,3.0
ets1,1k79,MA0098.2.jaspar,5,1k79_state_026_MA0098.2.jaspar.npz,state,26.0,10,0.752219768033025,0.1386038636577723,0.11786062401240524,10,0.6974289118063995,0.14141949678305538,0.1822614790257034,10,8.957903927055517,.ACTGGTAGTG,7.0
ets1,1k79,MA0098.2.jaspar,5,1k79_state_027_MA0098.2.jaspar.npz,state,27.0,6,0.7075001415285836,0.12098443238816496,0.11895847627797224,6,0.6522005536956185,0.14562268555164337,0.1676423664784125,6,6.2740693450293605,.....GGAATG,5.0
ets1,1k79,MA0098.2.jaspar,5,1k79_state_028_MA0098.2.jaspar.npz,state,28.0,10,0.6956872945855417,0.1328015065540967,0.12883849844434736,10,0.6004151371275741,0.15545096718706192,0.21641966347414981,10,10.594098947703007,.ACTGAAAGTG,7.0
ets1,1k79,MA0098.2.jaspar,5,1k79_state_029_MA0098.2.jaspar.npz,state,29.0,7,0.605507394312276,0.1432151237999538,0.20854240391972442,7,0.6056345090026698,0.16812796385160514,0.2412323420772598,7,6.590642243774457,....GAAACTG,5.0
ets1,1k79,MA0098.2.jaspar,5,1k79_state_030_MA0098.2.jaspar.npz,state,30.0,6,0.9111652531173303,0.08722220183093062,0.05321520904785004,6,0.8677022832495017,0.10463499264248337,0.08798303028605975,6,6.1910707486500165,.....GAAATG,6.0
ets1,1k79,MA0098.2.jaspar,5,1k79_state_031_MA0098.2.jaspar.npz,state,31.0,10,0.8719990586182204,0.09889214070790331,0.06910679490772909,10,0.7791785767601574,0.12513417689187917,0.14696836390065712,10,11.718908815152176,.ACTGGAAATG,9.0
ets1,1k79,MA0098.2.jaspar,5,1k79_state_032_MA0098.2.jaspar.npz,state,32.0,10,0.5054554237025742,0.17965699896376464,0.20364220943651148,10,0.5047599388521681,0.1801204648014391,0.24710496960055214,10,9.968604850503702,.ATGGAAGGTA,4.0
ets1,1k79,MA0098.2.jaspar,5,1k79_state_033_MA0098.2.jaspar.npz,state,33.0,10,0.5793841141010418,0.16168654215871356,0.1727154845146761,10,0.522769764486395,0.18234890909297974,0.2425426484175876,10,9.239793759601278,.ACTGCAAATG,8.0
ets1,1k79,MA0098.2.jaspar,5,1k79_state_034_MA0098.2.jaspar.npz,state,34.0,7,0.7246137516702634,0.15127828579508268,0.1362334240963145,7,0.7541574840014523,0.1484873157293935,0.16396636822154495,7,6.28855679214106,....GGTAGCG,4.0
ets1,1k79,MA0098.2.jaspar,5,1k79_state_035_MA0098.2.jaspar.npz,state,35.0,10,0.6478819680311968,0.15432906436199118,0.1458360927229961,10,0.5796160211096346,0.17791582861300412,0.22314600698376216,10,9.640674301708113,.GCTGCAAGTG,6.0
ets1,1k79,MA0098.2.jaspar,5,1k79_state_036_MA0098.2.jaspar.npz,state,36.0,6,0.5093347307400446,0.19539882439009185,0.19460243404267338,6,0.6396579935234461,0.15820387261919677,0.1822204253111931,6,5.36360600591936,.....GGAGTG,4.0
ets1,1k79,MA0098.2.jaspar,5,1k79_state_037_MA0098.2.jaspar.npz,state,37.0,7,0.6253374564981375,0.15007418438368145,0.18867800320314573,7,0.44938098150976646,0.2045919417754963,0.31442439506601433,7,8.604022137514285,.ACCAGAA...,6.0
ets1,1k79,MA0098.2.jaspar,5,1k79_state_038_MA0098.2.jaspar.npz,state,38.0,6,0.5514414490607757,0.18779038928308486,0.1925010153942397,6,0.4386335441967004,0.2199319685557081,0.2540252032749934,6,5.618154960997128,.....CAAATG,5.0
ets1,1k79,MA0098.2.jaspar,5,1k79_state_039_MA0098.2.jaspar.npz,state,39.0,10,0.526761938766081,0.1760634074918926,0.2212172593970398,10,0.5107280016976504,0.17829976983266532,0.2597818326912259,10,11.559547641326745,.ACGGCAAGCG,6.0
ets1,1k79,MA0098.2.jaspar,5,1k79_state_040_MA0098.2.jaspar.npz,state,40.0,10,0.6450514956704285,0.13142836062543212,0.15155526100056202,10,0.5182647756571714,0.17440747123473557,0.24522354000326274,10,10.48038796879792,.ACTGCAAATG,8.0
ets1,1k79,MA0098.2.jaspar,5,1k79_state_041_MA0098.2.jaspar.npz,state,41.0,10,0.7966746129941142,0.12053330071721576,0.09593262550889743,10,0.7285004841492075,0.14407960776006803,0.1612462046271562,10,10.100114016411919,.ATTGGAAACG,7.0
ets1,1k79,MA0098.2.jaspar,5,1k79_state_042_MA0098.2.jaspar.npz,state,42.0,10,0.6415116062170004,0.16199685253886856,0.15183663435627118,10,0.605291977202633,0.1657136348541826,0.2070479086604434,10,8.881051301781797,.ACTGAAAGCG,6.0
ets1,1k79,MA0098.2.jaspar,5,1k79_state_043_MA0098.2.jaspar.npz,state,43.0,10,0.4304109464779528,0.2102900422665698,0.25629712145694616,10,0.47870438726368136,0.19967026121448725,0.29087325064554603,10,11.464340098434127,.ATGGCAAGTG,6.0
ets1,1k79,MA0098.2.jaspar,5,1k79_state_044_MA0098.2.jaspar.npz,state,44.0,10,0.5176393300355234,0.19739853788996697,0.23244809760279228,10,0.48866696013775557,0.20046654578909512,0.2836771200309262,10,10.375140707899106,.ACGGAAACTG,7.0
ets1,1k79,MA0098.2.jaspar,5,1k79_state_045_MA0098.2.jaspar.npz,state,45.0,10,0.5119954491628171,0.17009229371542461,0.1875920813212086,10,0.420207111237537,0.20895887657534332,0.2771378389118678,10,10.684549007154017,.GCGGGGTACG,5.0
ets1,1k79,MA0098.2.jaspar,5,1k79_state_046_MA0098.2.jaspar.npz,state,46.0,10,0.6735379042034203,0.13769905833432858,0.1377711767071993,10,0.496080108903997,0.18518205704276625,0.25252495391882046,10,10.08178493217391,.ATTGCAAATG,7.0
ets1,1k79,MA0098.2.jaspar,5,1k79_state_047_MA0098.2.jaspar.npz,state,47.0,10,0.8044133846777262,0.10711669172960683,0.07508326070260556,10,0.6652562555565124,0.14529081413638778,0.1697536882252788,10,9.769136323166107,.ACTGGGAACG,7.0
ets1,1k79,MA0098.2.jaspar,5,1k79_state_048_MA0098.2.jaspar.npz,state,48.0,10,0.6253403744215658,0.15928913959869534,0.15443057287491527,10,0.5632446369515499,0.16787310602958314,0.22957191883239272,10,8.809592552699593,.ACTGAAAGTG,7.0
ets1,1k79,MA0098.2.jaspar,5,1k79_state_049_MA0098.2.jaspar.npz,state,49.0,10,0.6066441595976766,0.15325722713241702,0.14909033755247197,10,0.5364966525566848,0.17842815646436067,0.22896909314241837,10,7.67452910112245,.ACTGAAGGTG,6.0
ets1,1k79,MA0098.2.jaspar,5,1k79_state_050_MA0098.2.jaspar.npz,state,50.0,6,0.6371231010610211,0.17393680631236444,0.1557150899157873,6,0.7017873773286164,0.1494941663889525,0.15851494687417833,6,5.990854764829553,.....GGAGTG,4.0
ets1,1k79,MA0098.2.jaspar,5,1k79_state_051_MA0098.2.jaspar.npz,state,51.0,10,0.7948630169208052,0.12340594742090616,0.10375859650421737,10,0.7829078786206808,0.13909508853357694,0.15914240154876041,10,8.557003777106047,.ACGGGAGGTG,7.0
ets1,1k79,MA0098.2.jaspar,5,1k79_state_052_MA0098.2.jaspar.npz,state,52.0,10,0.2748124791511919,0.2342548990585783,0.24922835183946593,10,0.14544131745105143,0.27139108601841144,0.3572006505828956,10,4.888874405605372,.GCTTACGCTC,2.0
ets1,1k79,MA0098.2.jaspar,5,1k79_state_053_MA0098.2.jaspar.npz,state,53.0,10,0.8709415902458405,0.09653800108862924,0.0582539706468863,10,0.7494290482261355,0.13327391368511599,0.16706272076521733,10,9.490521353956431,.ACTGGAAGTG,8.0
ets1,1k79,MA0098.2.jaspar,5,1k79_state_054_MA0098.2.jaspar.npz,state,54.0,6,0.644653184643355,0.17736816720935167,0.14668455503855257,6,0.7362803077459454,0.14659250614931807,0.14454809965636098,6,4.896120079192432,.....GGAGTG,4.0
ets1,1k79,MA0098.2.jaspar,5,1k79_state_055_MA0098.2.jaspar.npz,state,55.0,6,0.7901209764496349,0.13764337163471888,0.09586311790448028,6,0.8328216780086586,0.12470659953154002,0.10938948127326147,6,5.311992867740158,.....GAAGCG,4.0
ets1,1k79,MA0098.2.jaspar,5,1k79_state_056_MA0098.2.jaspar.npz,state,56.0,10,0.5661891303531905,0.1848112699117337,0.19725353993558903,10,0.5586353531355611,0.1895335696375696,0.2443182172105601,10,9.94982031039854,.ATGGGAAGCG,6.0
ets1,1k79,MA0098.2.jaspar,5,1k79_state_057_MA0098.2.jaspar.npz,state,57.0,10,0.48926473410055454,0.18892333595176752,0.23776797935561503,10,0.44407125739110115,0.19928981532029866,0.28377218458439585,10,11.250946717022124,.ATGGCAAATG,7.0
ets1,1k79,MA0098.2.jaspar,5,1k79_state_058_MA0098.2.jaspar.npz,state,58.0,6,0.87970733566327,0.10354695948747879,0.06040230495219123,6,0.9482693095653631,0.08295229919410001,0.0692147600089713,6,5.691847182898643,.....GAAGTG,5.0
ets1,1k79,MA0098.2.jaspar,5,1k79_state_059_MA0098.2.jaspar.npz,state,59.0,10,0.5455292753190231,0.1778413193555025,0.17493353904629588,10,0.505377334154132,0.1804015728412196,0.25082131074209524,10,8.600032552397066,.ACTGAAAGTG,7.0
ets1,1k79,MA0098.2.jaspar,5,1k79_state_060_MA0098.2.jaspar.npz,state,60.0,10,0.5494512469595588,0.17596342191018266,0.22558377191808873,10,0.44332741954548727,0.19666947931846152,0.2955045450019923,10,12.608840980874932,.ATGGCAAATG,7.0
ets1,1k79,MA0098.2.jaspar,5,1k79_state_061_MA0098.2.jaspar.npz,state,61.0,10,0.6661765682483198,0.15347033030921012,0.1638295112170006,10,0.6602523536911761,0.1524073044594843,0.19260503659093434,10,9.08722740464696,.ACGGGAACTG,8.0
ets1,1k79,MA0098.2.jaspar,5,1k79_state_062_MA0098.2.jaspar.npz,state,62.0,10,0.44145838834338913,0.2212973176057858,0.2345590099144544,10,0.422972249295094,0.22718147775158287,0.28679209415833795,10,8.077262956971492,.GGGGAAAACG,5.0
ets1,1k79,MA0098.2.jaspar,5,1k79_state_063_MA0098.2.jaspar.npz,state,63.0,10,0.617571128723002,0.14715079223485644,0.1629807825006568,10,0.5870012492202576,0.16160829378325162,0.2260153468664337,10,9.755487602838175,.ACTGCAAGTG,7.0
ets1,1k79,MA0098.2.jaspar,5,1k79_state_064_MA0098.2.jaspar.npz,state,64.0,10,0.6972018725636361,0.14568376606512173,0.14415547638180065,10,0.6929193163250618,0.14387839843584516,0.17945368933275646,10,10.140562722706928,.ACGGGAAGTG,8.0
ets1,1k79,MA0098.2.jaspar,5,1k79_state_065_MA0098.2.jaspar.npz,state,65.0,10,0.4938091892373776,0.18920792584749507,0.20580066503559444,10,0.40320419658245793,0.2058426339704056,0.2952940487820331,10,8.860800715081211,.ATTGCAACCG,5.0
ets1,1k79,MA0098.2.jaspar,5,1k79_state_066_MA0098.2.jaspar.npz,state,66.0,6,0.7742416556231776,0.13793544574461217,0.10242494222322389,6,0.8811486970158012,0.10834676849966247,0.08495747364638777,6,6.231875982040271,.....GAAGCG,4.0
ets1,1k79,MA0098.2.jaspar,5,1k79_state_067_MA0098.2.jaspar.npz,state,67.0,10,0.5349075121275213,0.1623836611345723,0.19195495362204495,10,0.32496622240732703,0.22802339458567075,0.3418841255994699,10,11.225004862616514,.ACTAGGAACG,6.0
ets1,1k79,MA0098.2.jaspar,5,1k79_state_068_MA0098.2.jaspar.npz,state,68.0,6,0.8260708790014689,0.1250411544497183,0.09067559725122248,6,0.876840409304193,0.12162488867761567,0.111911418827032,6,5.413340316694535,.....GAAGTG,5.0
ets1,1k79,MA0098.2.jaspar,5,1k79_state_069_MA0098.2.jaspar.npz,state,69.0,7,0.4822839286781262,0.1889179280177424,0.23496557700518816,7,0.3148202043373869,0.23221078921778826,0.3564707726459505,7,6.745375159372083,.ACCAGTA...,5.0
ets1,1k79,MA0098.2.jaspar,5,1k79_state_070_MA0098.2.jaspar.npz,state,70.0,10,0.7750934256882502,0.12770613484899512,0.10239521953368172,10,0.6801537583978213,0.14649350130130187,0.18899151358089483,10,9.786800629451331,.ACTGGTAGTG,7.0
ets1,1k79,MA0098.2.jaspar,5,1k79_state_071_MA0098.2.jaspar.npz,state,71.0,10,0.5358384899333368,0.1931662288516236,0.19786840328138625,10,0.5846374086698333,0.1754050309304148,0.21812103469120486,10,8.925319780610605,.ACGGAAAGCG,6.0
ets1,1k79,MA0098.2.jaspar,5,1k79_state_072_MA0098.2.jaspar.npz,state,72.0,10,0.7243804506980185,0.14691393724133378,0.12595658261674783,10,0.7164290026699559,0.15508015231898753,0.18842822676135534,10,8.275682512685155,.ATGGGAAGTG,7.0
ets1,1k79,MA0098.2.jaspar,5,1k79_state_073_MA0098.2.jaspar.npz,state,73.0,10,0.34295146438799035,0.22352258444516337,0.25328307062405375,10,0.3151558440665809,0.2332520796218887,0.32025330249855116,10,7.96770502335833,.ACTGATGCCG,4.0
ets1,1k79,MA0098.2.jaspar,5,1k79_state_074_MA0098.2.jaspar.npz,state,74.0,10,0.40196040041980324,0.2130811618415464,0.25853133280593454,10,0.4046087804731665,0.2120097018618253,0.29974582180056186,10,9.905536607107608,.ACGGCAACTG,7.0
ets1,1k79,MA0098.2.jaspar,5,1k79_state_075_MA0098.2.jaspar.npz,state,75.0,10,0.4966747778053845,0.18426022624626057,0.2225889957321455,10,0.4665855092699192,0.19382361243260676,0.27650806137769124,10,10.227331802977028,.ACGGCAAACG,7.0
ets1,1k79,MA0098.2.jaspar,5,1k79_state_076_MA0098.2.jaspar.npz,state,76.0,10,0.6656974635797258,0.15764045871546842,0.15946479644958417,10,0.6776747583202819,0.14609208705369384,0.1910833438750032,10,10.339530842719135,.ATGGGAAGTG,7.0
ets1,1k79,MA0098.2.jaspar,5,1k79_state_077_MA0098.2.jaspar.npz,state,77.0,10,0.798416006411298,0.12589311608171555,0.10513929230729224,10,0.696512494688205,0.17000355726413546,0.19735359851312545,10,7.305865356898474,.ACGGGAAATG,9.0
ets1,1k79,MA0098.2.jaspar,5,1k79_state_078_MA0098.2.jaspar.npz,state,78.0,10,0.5759422576440454,0.16043138246700436,0.17578515450617233,10,0.523093720216893,0.18373169068777315,0.25837413267268156,10,9.276039427563203,.ACGGCAAGTG,7.0
ets1,1k79,MA0098.2.jaspar,5,1k79_state_079_MA0098.2.jaspar.npz,state,79.0,10,0.6843989535940588,0.14421383400258492,0.1475503055262471,10,0.6633982283177061,0.15535421154054346,0.18957835761877007,10,9.55757862456726,.ACGGGAGGTG,7.0
ets1,1k79,MA0098.2.jaspar,5,1k79_state_080_MA0098.2.jaspar.npz,state,80.0,10,0.6464547551596549,0.15181146979884944,0.14260730754678713,10,0.5380225594083858,0.17598567324967007,0.24359787022258703,10,9.475322197842711,.ACTGCAGGTG,6.0
ets1,1k79,MA0098.2.jaspar,5,1k79_state_081_MA0098.2.jaspar.npz,state,81.0,10,0.5288173292425161,0.1873765981705219,0.19763509317959488,10,0.5403828642447395,0.18786450932821025,0.23987463117430924,10,9.955240197635934,.GCGGAAAGCG,5.0
ets1,1k79,MA0098.2.jaspar,5,1k79_state_082_MA0098.2.jaspar.npz,state,82.0,10,0.6640187054392949,0.14752294805584826,0.14269380281557523,10,0.5183489225330444,0.2067144121043384,0.2532012080851219,10,7.5105119925862525,.GTTGTAGATG,5.0
ets1,1k79,MA0098.2.jaspar,5,1k79_state_083_MA0098.2.jaspar.npz,state,83.0,10,0.530707047528085,0.1823084198163997,0.1923214594968441,10,0.5366606295039078,0.1795980073598912,0.2433690014374054,10,9.177739120500545,.ACGGAAAGTG,7.0
ets1,1k79,MA0098.2.jaspar,5,1k79_state_084_MA0098.2.jaspar.npz,state,84.0,10,0.6300496818315725,0.1612946796543838,0.1530933750086602,10,0.5848632022489153,0.17026917059556582,0.23204247154926244,10,8.143036199321827,.ACTGAAAGCG,6.0
ets1,1k79,MA0098.2.jaspar,5,1k79_state_085_MA0098.2.jaspar.npz,state,85.0,6,0.8555511967598461,0.11752778571462841,0.07417333719854485,6,0.8778570824134994,0.1058648755424656,0.09509880013620599,6,5.136583684974319,.....GAAGTG,5.0
ets1,1k79,MA0098.2.jaspar,5,1k79_state_086_MA0098.2.jaspar.npz,state,86.0,10,0.8006936734052051,0.12357465740933549,0.09891177424343771,10,0.7444324447375332,0.1409628730507393,0.17519059486158792,10,8.578810865106847,.ACGGGAAGTG,8.0
ets1,1k79,MA0098.2.jaspar,5,1k79_state_087_MA0098.2.jaspar.npz,state,87.0,10,0.44496868933901196,0.21260688769834815,0.2505000668559711,10,0.42370634949559277,0.21740314915296038,0.30154761301674826,10,9.196201129130461,.GTGGCAAATG,6.0
ets1,1k79,MA0098.2.jaspar,5,1k79_state_089_MA0098.2.jaspar.npz,state,89.0,10,0.480746823899022,0.19505398443507146,0.2187270509600646,10,0.4775950201783407,0.20315919644926908,0.2646222560910079,10,10.453141401899458,.ATGGCAAGCG,5.0
ets1,1k79,MA0098.2.jaspar,5,1k79_state_090_MA0098.2.jaspar.npz,state,90.0,10,0.5779845862834164,0.15622854727062077,0.18090693244998074,10,0.5365816319456022,0.17830818774073123,0.24675640241741387,10,9.689086778503677,.ACTGCAACCG,6.0
ets1,1k79,MA0098.2.jaspar,5,1k79_state_091_MA0098.2.jaspar.npz,state,91.0,10,0.6802263937763013,0.14830958788916176,0.16404866237644167,10,0.5949650999824314,0.18207172579677716,0.22715598720372224,10,11.38581938689378,.ATGGGAAATG,8.0
ets1,1k79,MA0098.2.jaspar,5,1k79_state_092_MA0098.2.jaspar.npz,state,92.0,10,0.6648092479366562,0.15813662897780886,0.1461757691257479,10,0.6291941152222221,0.16111389334546403,0.20703548970787017,10,7.651097801721969,.ACTGTAAGCG,6.0
ets1,1k79,MA0098.2.jaspar,5,1k79_state_093_MA0098.2.jaspar.npz,state,93.0,10,0.48882537150740296,0.19195482924822044,0.2080378578414488,10,0.40984975414662583,0.22133849960757743,0.2858631488008946,10,8.868874136275467,.GATGCAAACG,5.0
ets1,1k79,MA0098.2.jaspar,5,1k79_state_094_MA0098.2.jaspar.npz,state,94.0,10,0.41096165598167705,0.218015240420209,0.27278413916730804,10,0.38230635064878965,0.2191648852371145,0.3235261500324812,10,10.78069077654894,.ACGGGTACTG,7.0
ets1,1k79,MA0098.2.jaspar,5,1k79_state_095_MA0098.2.jaspar.npz,state,95.0,10,0.7794678582364497,0.1280010271606443,0.10729748364623042,10,0.7650758076296792,0.1325151512864977,0.15648009264124982,10,10.436569345537258,.ACTGGAAGTG,8.0
ets1,1k79,MA0098.2.jaspar,5,1k79_state_096_MA0098.2.jaspar.npz,state,96.0,10,0.5907640504651662,0.17966441646203749,0.17213074248991872,10,0.5656781677035171,0.18395630299346521,0.23503708967505887,10,7.894961312976073,.ACTGTAAGCG,6.0
ets1,1k79,MA0098.2.jaspar,5,1k79_state_097_MA0098.2.jaspar.npz,state,97.0,10,0.5617811880513736,0.17494189905919483,0.18443589824671375,10,0.5120178565798074,0.18222005428979174,0.2613916225854699,10,8.64660389345126,.ACTGATAGTG,6.0
ets1,1k79,MA0098.2.jaspar,5,1k79_state_098_MA0098.2.jaspar.npz,state,98.0,10,0.4662174098924842,0.184852247894014,0.20928349099022245,10,0.4759642809811001,0.1947407380415825,0.26393194266942427,10,9.028600802048853,.ATGGAAGGTA,4.0
ets1,1k79,MA0098.2.jaspar,5,1k79_state_099_MA0098.2.jaspar.npz,state,99.0,6,0.6130538307798338,0.17304480010231296,0.15554509033630362,6,0.6665515969260375,0.1514238120871596,0.16972236188787412,6,5.294505683821154,.....GGACTG,4.0
ets1,1k79,MA0098.2.jaspar,5,1k79_state_100_MA0098.2.jaspar.npz,state,100.0,10,0.5654163388390732,0.16435071172309107,0.17523365812051667,10,0.5164603902480345,0.17702107952427468,0.24054442444030832,10,8.817207034704609,.ACTGCAAGTG,7.0
ets1,1k79,MA0098.2.jaspar,5,ENSEMBLE_MEAN,ensemble_mean,,10,0.8017158249149805,0.13995382147565055,0.1014392859031658,10,0.7254735484626396,0.15879815121738688,0.19212665894859346,10,5.880446281546075,.ACTGGAAGTG,8.0
foxa,1vtn,MA1683.1.jaspar,1,1vtn_C_MA1683.1.jaspar.npz,crystal,,7,1.0,0.0,0.0,7,0.8167378900637963,0.11278163911109525,0.09750372886043794,7,5.616262351665381,TTTAAAC..,
foxa,1vtn,MA1683.1.jaspar,1,1vtn_state_001_MA1683.1.jaspar.npz,state,1.0,7,0.5029309901383552,0.1927827129090604,0.19506237037353172,7,0.5920439615491148,0.19978891071098456,0.2021814188203345,7,6.0775991138911305,TATACAC..,5.0
foxa,1vtn,MA1683.1.jaspar,1,1vtn_state_002_MA1683.1.jaspar.npz,state,2.0,7,0.7258235387955286,0.1542682353964275,0.10879809232841996,7,0.5073509951434233,0.21602368540646108,0.23639752682187581,7,6.067285781725355,ATTGGAC..,4.0
foxa,1vtn,MA1683.1.jaspar,1,1vtn_state_003_MA1683.1.jaspar.npz,state,3.0,7,0.6319173696746694,0.15054626501764037,0.12911425894418205,7,0.3460072982776936,0.24797329986800573,0.28389498301514926,7,4.523877722869658,TTTCCCC..,4.0
foxa,1vtn,MA1683.1.jaspar,1,1vtn_state_004_MA1683.1.jaspar.npz,state,4.0,7,0.4999801627620415,0.20033936205020705,0.18682214905047934,7,0.4626547700583288,0.23448136341591766,0.2585971961160352,7,5.381914883413917,ATTGCAC..,4.0
foxa,1vtn,MA1683.1.jaspar,1,1vtn_state_008_MA1683.1.jaspar.npz,state,8.0,7,0.39377510528793075,0.2063626992000666,0.21755359381145126,7,0.3554549006807651,0.2202060357085429,0.27948581993805427,7,6.259109048358889,AGTCCGC..,2.0
foxa,1vtn,MA1683.1.jaspar,1,1vtn_state_009_MA1683.1.jaspar.npz,state,9.0,7,0.36342510720051613,0.2496372281935432,0.2820081844437152,7,0.17006770915961272,0.2861687771739006,0.39908302040179355,7,7.256268363158828,GTTCCCC..,3.0
foxa,1vtn,MA1683.1.jaspar,1,1vtn_state_014_MA1683.1.jaspar.npz,state,14.0,7,0.45551093695437533,0.24975645487899914,0.27341911771702077,7,0.38783149362492647,0.25812441877925657,0.32622178447902817,7,8.716841254947338,AATCTCC..,2.0
foxa,1vtn,MA1683.1.jaspar,1,1vtn_state_015_MA1683.1.jaspar.npz,state,15.0,7,0.7846523506873824,0.1443884945801983,0.11088752858689503,7,0.6058372079166169,0.19370136323466017,0.20551034072317045,7,7.804825667469683,ATTCAAC..,5.0
foxa,1vtn,MA1683.1.jaspar,1,1vtn_state_016_MA1683.1.jaspar.npz,state,16.0,7,0.5268739500883544,0.1964091735260029,0.2169153780184408,7,0.6713189675602902,0.16110943981246756,0.17624235105688513,7,8.853424556411067,AGTACAC..,4.0
foxa,1vtn,MA1683.1.jaspar,1,1vtn_state_017_MA1683.1.jaspar.npz,state,17.0,7,0.3597543809504948,0.20740683037521584,0.21144375474864532,7,0.3830042538053651,0.2339738674927503,0.27059516828097696,7,4.768225524274781,AGTGCCC..,2.0
foxa,1vtn,MA1683.1.jaspar,1,1vtn_state_019_MA1683.1.jaspar.npz,state,19.0,7,0.38452313602168364,0.2344742774644796,0.3024941668231829,7,0.24491246056127783,0.28619293633190473,0.40657678780836315,7,9.798742504007368,TTTCCCC..,4.0
foxa,1vtn,MA1683.1.jaspar,1,1vtn_state_020_MA1683.1.jaspar.npz,state,20.0,7,0.4030127478061036,0.21931077579834632,0.2532404629083732,7,0.21098200511288093,0.2690634530237211,0.3773081545393328,7,7.853148396190072,TTTCCCC..,4.0
foxa,1vtn,MA1683.1.jaspar,1,1vtn_state_021_MA1683.1.jaspar.npz,state,21.0,7,0.5412881472882491,0.20827835154653127,0.23030931152373288,7,0.5011462909317004,0.21286441816482693,0.2621643279757813,7,8.846929926028958,GTTACAC..,5.0
foxa,1vtn,MA1683.1.jaspar,1,1vtn_state_022_MA1683.1.jaspar.npz,state,22.0,7,0.5561090655206752,0.17747350256623967,0.18363731012926038,7,0.4053561864988929,0.22124548898344593,0.2738832108180336,7,6.739280695574692,ATTCCAC..,4.0
foxa,1vtn,MA1683.1.jaspar,1,1vtn_state_023_MA1683.1.jaspar.npz,state,23.0,7,0.4167738651153326,0.2150577070923256,0.23593378726558892,7,0.31242091709373,0.2619336959240692,0.3203789132957867,7,7.44394032334138,ATTCCAC..,4.0
foxa,1vtn,MA1683.1.jaspar,1,1vtn_state_024_MA1683.1.jaspar.npz,state,24.0,7,-0.23393094960532618,0.37319873946004617,0.525238729458409,6,-0.20773774849665957,0.39704940120130533,0.5949150904855588,6,8.170511008400968,.ACTTCAC.,0.0
foxa,1vtn,MA1683.1.jaspar,1,1vtn_state_026_MA1683.1.jaspar.npz,state,26.0,7,0.3954015026215549,0.245534118580898,0.3192184490001692,7,0.3924252621159068,0.24409170703230693,0.3465903117038941,7,10.460542762498171,TTTATCC..,5.0
foxa,1vtn,MA1683.1.jaspar,1,1vtn_state_027_MA1683.1.jaspar.npz,state,27.0,7,0.18603558914342316,0.2523781923726866,0.28488446780346355,7,0.44401177101158973,0.20941624338904927,0.25198318964638283,7,5.844701164373138,TGCACGC..,3.0
foxa,1vtn,MA1683.1.jaspar,1,1vtn_state_028_MA1683.1.jaspar.npz,state,28.0,7,0.4204785126848257,0.20573506426132684,0.21561121274400916,7,0.4043357010960613,0.2418479938558968,0.2819452906789342,7,5.119035363965086,ATTCCCC..,3.0
foxa,1vtn,MA1683.1.jaspar,1,1vtn_state_030_MA1683.1.jaspar.npz,state,30.0,7,0.4397224892811019,0.21595139244371758,0.23591575005605056,7,0.5369194549072077,0.20171784049099578,0.23167233175487406,7,7.321850736755952,ATTACAC..,5.0
foxa,1vtn,MA1683.1.jaspar,1,1vtn_state_031_MA1683.1.jaspar.npz,state,31.0,7,0.6012701854397153,0.16425758909567126,0.13131658754311956,7,0.3068272811446775,0.2626622963164534,0.2957219175260727,7,4.329878321388861,ATTCCAC..,4.0
foxa,1vtn,MA1683.1.jaspar,1,1vtn_state_033_MA1683.1.jaspar.npz,state,33.0,7,0.6619254142693949,0.19834567118362298,0.22386754433447656,7,0.4110003913535885,0.24630659832811425,0.35088580124255236,7,10.264909207310605,TTTCTAC..,5.0
foxa,1vtn,MA1683.1.jaspar,1,1vtn_state_034_MA1683.1.jaspar.npz,state,34.0,7,0.5233193478697997,0.19997320477185504,0.18998622136798746,7,0.3920654190125729,0.24049823781076288,0.27885852805749345,7,6.229120978710269,ATTCCCC..,3.0
foxa,1vtn,MA1683.1.jaspar,1,1vtn_state_036_MA1683.1.jaspar.npz,state,36.0,6,0.5022045840266693,0.22669276979286224,0.2691173900678827,6,0.6082646370490722,0.17979230165171126,0.23194401010380092,6,8.101568297363638,.GTCCAC..,3.0
foxa,1vtn,MA1683.1.jaspar,1,1vtn_state_037_MA1683.1.jaspar.npz,state,37.0,7,0.46510121226698536,0.21016018623985083,0.20046206225147506,7,0.4545809853402951,0.23716572867540112,0.2620797428157672,7,5.268967031295735,ATTTCCC..,3.0
foxa,1vtn,MA1683.1.jaspar,1,1vtn_state_038_MA1683.1.jaspar.npz,state,38.0,7,0.3416124841967136,0.25342750378019574,0.29623717733765875,7,0.5306671328942973,0.22553103388885834,0.2668204374120776,7,7.4995294619961,AGTCCCC..,2.0
foxa,1vtn,MA1683.1.jaspar,1,1vtn_state_039_MA1683.1.jaspar.npz,state,39.0,7,0.26233702125905106,0.27263290947615004,0.3628480837252049,7,0.1537970760022991,0.3060886797725938,0.44874171163305615,7,9.810456129780446,GTTCCCC..,3.0
foxa,1vtn,MA1683.1.jaspar,1,1vtn_state_040_MA1683.1.jaspar.npz,state,40.0,7,0.5301336515886338,0.1983000415202696,0.19956339841032175,7,0.580831167023849,0.2115168785302168,0.21923228483943896,7,6.696435181357096,ATTACAC..,5.0
foxa,1vtn,MA1683.1.jaspar,1,1vtn_state_041_MA1683.1.jaspar.npz,state,41.0,7,0.6142844495894253,0.16357739602348634,0.13226444538454973,7,0.5647753690202512,0.22079974389635026,0.21157508334448163,7,3.8977249171753066,ATTACAC..,5.0
foxa,1vtn,MA1683.1.jaspar,1,1vtn_state_043_MA1683.1.jaspar.npz,state,43.0,7,0.513917978013884,0.18090815639256366,0.18180393225627764,7,0.37059399467372917,0.2338805438817612,0.28514187919856393,7,6.278859381073934,ATTCCAC..,4.0
foxa,1vtn,MA1683.1.jaspar,1,1vtn_state_045_MA1683.1.jaspar.npz,state,45.0,7,0.440791476860615,0.1907581058330834,0.18382244623865468,7,0.2681875264934904,0.2504089539538005,0.30145209412781243,7,4.813736030552862,TTTCCAC..,5.0
foxa,1vtn,MA1683.1.jaspar,1,1vtn_state_046_MA1683.1.jaspar.npz,state,46.0,7,0.6764383201974354,0.15602794289588928,0.1198564866903108,7,0.3764835058624804,0.23152869138201432,0.2766247761254911,7,4.795261075036683,TTTCCAC..,5.0
foxa,1vtn,MA1683.1.jaspar,1,1vtn_state_047_MA1683.1.jaspar.npz,state,47.0,5,0.008991472771628945,0.2905690228973981,0.401334623281733,5,0.09681512980136037,0.3076216782385018,0.4503040560239368,5,4.963328950064626,..TCCCC..,2.0
foxa,1vtn,MA1683.1.jaspar,1,1vtn_state_048_MA1683.1.jaspar.npz,state,48.0,7,0.6182994267332897,0.1607493134215474,0.1728878427724574,7,0.5185618874726605,0.2072217116864132,0.24664491439298603,7,8.535580477232896,ATTCCAC..,4.0
foxa,1vtn,MA1683.1.jaspar,1,1vtn_state_049_MA1683.1.jaspar.npz,state,49.0,7,0.4191006084217501,0.2059329960112726,0.21945875936534298,7,0.48821807867357564,0.22769015356399386,0.23867965306261313,7,6.2068951455927,AATACAC..,4.0
foxa,1vtn,MA1683.1.jaspar,1,1vtn_state_050_MA1683.1.jaspar.npz,state,50.0,7,-0.08341707161955991,0.2832284476608038,0.3338620225678382,7,0.14172639024079872,0.2785608384292573,0.3502214326050437,7,4.379168508496705,CGCCCCC..,1.0
foxa,1vtn,MA1683.1.jaspar,1,1vtn_state_051_MA1683.1.jaspar.npz,state,51.0,7,0.40783106847860007,0.2101460433165942,0.2367501980169271,7,0.3211660581612502,0.2486544547136873,0.3119400823905032,7,6.583800598071009,ATTCCAC..,4.0
foxa,1vtn,MA1683.1.jaspar,1,1vtn_state_052_MA1683.1.jaspar.npz,state,52.0,7,0.3831156771704639,0.20127379149133567,0.26211019385693657,7,0.2816680182463143,0.24323728683871845,0.3422733412597029,7,7.969410290414839,TTTACCC..,5.0
foxa,1vtn,MA1683.1.jaspar,1,1vtn_state_053_MA1683.1.jaspar.npz,state,53.0,7,0.3043092398895811,0.22271582156203554,0.25592327547112137,7,0.2296340874632495,0.2539254087813398,0.3273858574861377,7,6.793926290443951,AGCCCAC..,2.0
foxa,1vtn,MA1683.1.jaspar,1,1vtn_state_054_MA1683.1.jaspar.npz,state,54.0,7,0.5068056829366708,0.19798012452832023,0.1873586590223291,7,0.35350565019574126,0.24639387401319773,0.30617477898903045,7,6.882853448795528,ATTGGAC..,4.0
foxa,1vtn,MA1683.1.jaspar,1,1vtn_state_055_MA1683.1.jaspar.npz,state,55.0,7,0.2801539168516118,0.24523256880430772,0.2717256793418605,7,0.49527136428363056,0.2193625523276361,0.2499668229901794,7,5.837680900497493,AGTCCCC..,2.0
foxa,1vtn,MA1683.1.jaspar,1,1vtn_state_058_MA1683.1.jaspar.npz,state,58.0,7,0.3333659638333824,0.257495256459606,0.31152544125514947,7,0.18207562927589163,0.2954812828379545,0.4156451106044439,7,7.200898951114855,CTTCCCC..,3.0
foxa,1vtn,MA1683.1.jaspar,1,1vtn_state_059_MA1683.1.jaspar.npz,state,59.0,7,0.5716566248360563,0.1984436888680128,0.19225704751943934,7,0.5837125224376661,0.18985403473821602,0.2071860473133702,7,7.888736692467809,AGTCCAC..,3.0
foxa,1vtn,MA1683.1.jaspar,1,1vtn_state_060_MA1683.1.jaspar.npz,state,60.0,5,0.15206889973191387,0.31686013730213747,0.4761121378364706,5,0.22759661585010402,0.28705503282108114,0.4535627604997387,5,8.419416041946487,..TTCCC..,2.0
foxa,1vtn,MA1683.1.jaspar,1,1vtn_state_061_MA1683.1.jaspar.npz,state,61.0,7,0.585062047584283,0.18180100357026927,0.14294875479052632,7,0.5905454837949767,0.19565321378675954,0.196139896033085,7,3.9690775117664847,AGTCCAC..,3.0
foxa,1vtn,MA1683.1.jaspar,1,1vtn_state_062_MA1683.1.jaspar.npz,state,62.0,7,0.39178246960050794,0.2067583768085959,0.29524869490779665,7,0.33681062819529856,0.228389815459585,0.3339367455565037,7,9.511297454260774,TATTCAC..,4.0
foxa,1vtn,MA1683.1.jaspar,1,1vtn_state_063_MA1683.1.jaspar.npz,state,63.0,7,0.39273465327727497,0.20260214619338512,0.18365253259221873,7,0.4897254953357251,0.23093893262557685,0.2235366054559758,7,3.194768729360118,AATACAC..,4.0
foxa,1vtn,MA1683.1.jaspar,1,1vtn_state_064_MA1683.1.jaspar.npz,state,64.0,7,0.7613238921979005,0.1488151866942644,0.11676069380722177,7,0.6611483100469544,0.17163947633733706,0.17636415557281102,7,7.942076654769537,AGTCAAC..,4.0
foxa,1vtn,MA1683.1.jaspar,1,1vtn_state_065_MA1683.1.jaspar.npz,state,65.0,7,0.46452174195668017,0.1779129073506088,0.18787951135569952,7,0.40934333831520353,0.23498044300192436,0.2741122343010507,7,5.69649637140666,TGTCCAC..,4.0
foxa,1vtn,MA1683.1.jaspar,1,1vtn_state_067_MA1683.1.jaspar.npz,state,67.0,7,0.4061285759798608,0.21003914283522004,0.2090814043628125,7,0.4406434736161227,0.23375050765129604,0.25255001713652936,7,4.955830461091227,AATGCCC..,2.0
foxa,1vtn,MA1683.1.jaspar,1,1vtn_state_068_MA1683.1.jaspar.npz,state,68.0,7,0.6424236802297228,0.15989460084321244,0.11810969566796801,7,0.5405843815083742,0.21729417168535292,0.21610238438575258,7,3.5898203313238697,AATCGAC..,3.0
foxa,1vtn,MA1683.1.jaspar,1,1vtn_state_069_MA1683.1.jaspar.npz,state,69.0,7,0.5154471526144713,0.1788363822519646,0.18730960479968908,7,0.5433988479272157,0.20432043091360746,0.21479531125592258,7,6.596174585066305,AGTCCAC..,3.0
foxa,1vtn,MA1683.1.jaspar,1,1vtn_state_070_MA1683.1.jaspar.npz,state,70.0,6,-0.20878334273364552,0.39278970358096144,0.6119037245989377,5,-0.037445894472667586,0.3669537553763398,0.6125639573897448,5,9.273981104895174,..AATTAG.,1.0
foxa,1vtn,MA1683.1.jaspar,1,1vtn_state_071_MA1683.1.jaspar.npz,state,71.0,7,0.5899905658714512,0.16003069452874893,0.16609986806935426,7,0.5745977618015644,0.19707228245014058,0.21368283409787803,7,7.050612948710503,TTTACAC..,6.0
foxa,1vtn,MA1683.1.jaspar,1,1vtn_state_072_MA1683.1.jaspar.npz,state,72.0,7,0.32062583310887594,0.27310561737769085,0.3468837620831237,7,0.18137462694343254,0.2992991340724984,0.44785925110948177,7,9.82025472996153,ATTGGCC..,3.0
foxa,1vtn,MA1683.1.jaspar,1,1vtn_state_073_MA1683.1.jaspar.npz,state,73.0,7,0.553472207370713,0.16513851072107041,0.15976942816346848,7,0.5376781620038769,0.19819071666071458,0.2165209362153821,7,6.367820930009616,ATTGCAC..,4.0
foxa,1vtn,MA1683.1.jaspar,1,1vtn_state_075_MA1683.1.jaspar.npz,state,75.0,7,0.33665607939889525,0.2262531700211444,0.24337851294162707,7,0.27335436342558656,0.2526978788498257,0.31798316670100385,7,6.352498295659927,ATTCCGC..,3.0
foxa,1vtn,MA1683.1.jaspar,1,1vtn_state_076_MA1683.1.jaspar.npz,state,76.0,7,0.6484168389582681,0.16627584700056883,0.193567868144841,7,0.5301178143353245,0.19532473285133684,0.2579819658171264,7,9.400865713146773,TTTACAC..,6.0
foxa,1vtn,MA1683.1.jaspar,1,1vtn_state_078_MA1683.1.jaspar.npz,state,78.0,7,0.786810669251276,0.13183002968019406,0.12759649480923035,7,0.649330445809949,0.16037508585057886,0.195227576900235,7,9.292660325934804,ATTCAAC..,5.0
foxa,1vtn,MA1683.1.jaspar,1,1vtn_state_079_MA1683.1.jaspar.npz,state,79.0,7,0.5928736431146996,0.18961146599238937,0.1699613269908023,7,0.5000463784645386,0.2274900914531567,0.25173722911261687,7,5.81628645005634,TATCCAC..,4.0
foxa,1vtn,MA1683.1.jaspar,1,1vtn_state_080_MA1683.1.jaspar.npz,state,80.0,7,0.19083737922034757,0.26026352904071764,0.29185196007618736,7,0.3598733335013653,0.24108951219490596,0.29689664646794245,7,5.91794162886663,AGTCCCC..,2.0
foxa,1vtn,MA1683.1.jaspar,1,1vtn_state_081_MA1683.1.jaspar.npz,state,81.0,7,0.42669296450622957,0.18417741458064743,0.20219015333128243,7,0.3665217952748041,0.23473749033707594,0.28044550229581217,7,5.818341049536733,ATTCCCC..,3.0
foxa,1vtn,MA1683.1.jaspar,1,1vtn_state_082_MA1683.1.jaspar.npz,state,82.0,6,0.194556298306721,0.30165331227666076,0.4391109697233542,6,0.37476576068541717,0.23634326980876116,0.37195338248258264,6,9.260805667941257,.ATATCC..,3.0
foxa,1vtn,MA1683.1.jaspar,1,1vtn_state_083_MA1683.1.jaspar.npz,state,83.0,7,0.3093590149690468,0.2318549295887351,0.28044641262471215,7,0.26998674085081015,0.25443314271979034,0.3449068233044316,7,7.143633817695614,TATCCCC..,3.0
foxa,1vtn,MA1683.1.jaspar,1,1vtn_state_084_MA1683.1.jaspar.npz,state,84.0,7,0.6285685961465739,0.14988079884954328,0.15762486943290321,7,0.508404593447963,0.19756806104643537,0.23408502930217298,7,7.7717446295059505,ATTACAC..,5.0
foxa,1vtn,MA1683.1.jaspar,1,1vtn_state_087_MA1683.1.jaspar.npz,state,87.0,7,0.7579414366041561,0.1471026427711227,0.10021330454413013,7,0.8082907559717567,0.1296560383135719,0.10365880609281533,7,6.886778215662861,AATAAAC..,5.0
foxa,1vtn,MA1683.1.jaspar,1,1vtn_state_088_MA1683.1.jaspar.npz,state,88.0,7,0.2373494054878092,0.23874808054616942,0.2352105173374571,7,0.5052263548463027,0.21124763648757444,0.225872404447619,7,4.174684025752558,GGGGAAC..,3.0
foxa,1vtn,MA1683.1.jaspar,1,1vtn_state_089_MA1683.1.jaspar.npz,state,89.0,7,0.5538312844275167,0.14462160658357398,0.1572062796496611,7,0.5925292782629561,0.18772103973398252,0.18692069165828912,7,6.018207918927328,AATACAC..,4.0
foxa,1vtn,MA1683.1.jaspar,1,1vtn_state_090_MA1683.1.jaspar.npz,state,90.0,7,0.4904195989332067,0.19859922005395805,0.21011930961893951,7,0.6835111252068882,0.14961932037424827,0.16115011052085984,7,7.646715635016685,AGTACAC..,4.0
foxa,1vtn,MA1683.1.jaspar,1,1vtn_state_092_MA1683.1.jaspar.npz,state,92.0,7,0.42207570206555206,0.20228221640822344,0.2143605407852742,7,0.40338785274043315,0.22646810018756827,0.2807021635736334,7,6.939115855607743,AGTGGAC..,3.0
foxa,1vtn,MA1683.1.jaspar,1,ENSEMBLE_MEAN,ensemble_mean,,8,0.5901868217127243,0.1575074906906111,0.1296699278179754,7,0.5450700634320199,0.20748937415621577,0.20279597488775664,7,4.7305216359875235,ATTCCACC.,4.0
foxa,1vtn,MA1683.1.jaspar,2,1vtn_C_MA1683.1.jaspar.npz,crystal,,7,1.0,0.0,0.0,7,0.9249530052823798,0.08984120143993225,0.06387721313867986,7,7.703749873964529,AGTAAAC..,
foxa,1vtn,MA1683.1.jaspar,2,1vtn_state_001_MA1683.1.jaspar.npz,state,1.0,7,0.6273250592943705,0.18977430050810135,0.1745841729015509,7,0.6406307079015464,0.16887755139863916,0.1721935810660495,7,6.474504216257053,TATGTAC..,3.0
foxa,1vtn,MA1683.1.jaspar,2,1vtn_state_002_MA1683.1.jaspar.npz,state,2.0,7,0.5676672479744441,0.1738032271969132,0.21588605975206035,7,0.6051763416391894,0.18683649045332068,0.213536040252535,7,6.932682335524721,AATATAC..,5.0
foxa,1vtn,MA1683.1.jaspar,2,1vtn_state_003_MA1683.1.jaspar.npz,state,3.0,7,0.3972740659919517,0.20477913270588033,0.24248327950299534,7,0.378236673780127,0.22539988649077713,0.2750178602768679,7,5.019695436507698,ACTGTAT..,3.0
foxa,1vtn,MA1683.1.jaspar,2,1vtn_state_004_MA1683.1.jaspar.npz,state,4.0,7,0.7926537524035582,0.12425461721224045,0.10598931838806123,7,0.6742089668236279,0.17171049334241875,0.1742439694737695,7,6.672241542073738,AGTGTAC..,5.0
foxa,1vtn,MA1683.1.jaspar,2,1vtn_state_008_MA1683.1.jaspar.npz,state,8.0,7,0.6229363426262654,0.1880071295563539,0.19066641099630152,7,0.5583204213966833,0.20501142295844538,0.24719793381039376,7,8.408856068126715,TGTGGAT..,3.0
foxa,1vtn,MA1683.1.jaspar,2,1vtn_state_009_MA1683.1.jaspar.npz,state,9.0,7,0.18981592975589087,0.2616515961292732,0.3269248406346552,7,0.14948347816818233,0.30478804425053696,0.40654504950041,7,6.8162558326703335,TTTGTGG..,1.0
foxa,1vtn,MA1683.1.jaspar,2,1vtn_state_014_MA1683.1.jaspar.npz,state,14.0,7,0.5885389517022538,0.18858721565837705,0.2513131428480871,7,0.6089456725549249,0.16512801939721353,0.2146715670687601,7,8.913191406878456,AATTAAC..,5.0
foxa,1vtn,MA1683.1.jaspar,2,1vtn_state_015_MA1683.1.jaspar.npz,state,15.0,7,0.9096939612270475,0.10681827962356952,0.07606715023465896,7,0.9048794993207617,0.08418096320279542,0.07492822606904884,7,9.59655891756654,AGTAAAC..,7.0
foxa,1vtn,MA1683.1.jaspar,2,1vtn_state_016_MA1683.1.jaspar.npz,state,16.0,7,0.8982769826871254,0.1018573011346494,0.07305582828241948,7,0.8546010788660067,0.10170727045208748,0.08332546257827059,7,7.251163087781093,AGTGAAC..,6.0
foxa,1vtn,MA1683.1.jaspar,2,1vtn_state_017_MA1683.1.jaspar.npz,state,17.0,7,0.7913081506062606,0.13417326870590582,0.11499605634080172,7,0.7677727505651895,0.14172050797580077,0.12520533014843974,7,6.179047135680589,AGTAAAT..,6.0
foxa,1vtn,MA1683.1.jaspar,2,1vtn_state_019_MA1683.1.jaspar.npz,state,19.0,7,0.301118379420964,0.24197885957671264,0.3223152456003953,7,0.31390854802613904,0.25211888550256845,0.3342865865875616,7,7.8875748175027525,GTTGTAC..,3.0
foxa,1vtn,MA1683.1.jaspar,2,1vtn_state_020_MA1683.1.jaspar.npz,state,20.0,7,0.8233391080125915,0.12362452410993033,0.1004182414655681,7,0.8840940988688092,0.09940095256232391,0.08632869635155253,7,9.687004386558248,TGTAAAT..,5.0
foxa,1vtn,MA1683.1.jaspar,2,1vtn_state_021_MA1683.1.jaspar.npz,state,21.0,7,0.31577019835588926,0.258986518734933,0.3902461334814025,7,0.5091948326803137,0.20133747071044386,0.2911708522463307,7,10.936037353627814,GATATAC..,4.0
foxa,1vtn,MA1683.1.jaspar,2,1vtn_state_022_MA1683.1.jaspar.npz,state,22.0,7,0.8870733356444012,0.08567513868495423,0.055549495946763235,7,0.7635059066027455,0.11142254414569054,0.12191906391502223,7,7.9592980719370505,AGTGAAC..,6.0
foxa,1vtn,MA1683.1.jaspar,2,1vtn_state_023_MA1683.1.jaspar.npz,state,23.0,7,0.7093028133594624,0.15920459639996157,0.14310075075789014,7,0.6211997177769913,0.17366184892099618,0.18321078620466674,7,6.891033540305355,AGTGTAC..,5.0
foxa,1vtn,MA1683.1.jaspar,2,1vtn_state_024_MA1683.1.jaspar.npz,state,24.0,7,0.08980501677773696,0.31345004851292896,0.4806088625573792,6,0.08420487729324476,0.3205409473596319,0.5062785674072974,6,8.976074149028321,.TTTTAAC.,2.0
foxa,1vtn,MA1683.1.jaspar,2,1vtn_state_026_MA1683.1.jaspar.npz,state,26.0,7,0.29984003707783113,0.25979147911753636,0.3607370687886179,7,0.42109870173801606,0.23315298059190223,0.32566897778660386,7,9.439581155492856,TATATCC..,3.0
foxa,1vtn,MA1683.1.jaspar,2,1vtn_state_027_MA1683.1.jaspar.npz,state,27.0,7,0.8031042370047701,0.12026048956821407,0.10552628249596152,7,0.8890697593488437,0.09275728759322581,0.07361661660270383,7,7.3624846961107835,AGTAGAC..,6.0
foxa,1vtn,MA1683.1.jaspar,2,1vtn_state_028_MA1683.1.jaspar.npz,state,28.0,7,0.6044777410457092,0.1695123645518574,0.18187472823679532,7,0.6048597466255188,0.17207844448941095,0.1819099362307214,7,7.07083221909239,AATGCAC..,4.0
foxa,1vtn,MA1683.1.jaspar,2,1vtn_state_030_MA1683.1.jaspar.npz,state,30.0,7,0.8487232262708237,0.14003102303831838,0.11549075359268109,7,0.8824312763371646,0.09872241482870388,0.08235579157169658,7,9.163740817026518,AGTAAAC..,7.0
foxa,1vtn,MA1683.1.jaspar,2,1vtn_state_031_MA1683.1.jaspar.npz,state,31.0,7,0.6018360183464493,0.1942537707467896,0.1844203556907318,7,0.5132377462535544,0.21688076946052856,0.23388677737581134,7,6.33510155766925,AATGTAT..,3.0
foxa,1vtn,MA1683.1.jaspar,2,1vtn_state_033_MA1683.1.jaspar.npz,state,33.0,7,0.41856210763401525,0.21467150097045565,0.28722883801795934,7,0.40178274496447863,0.21645005275110765,0.3231325816925666,7,9.620938212497718,ATTGTAC..,4.0
foxa,1vtn,MA1683.1.jaspar,2,1vtn_state_034_MA1683.1.jaspar.npz,state,34.0,7,0.8970320157294459,0.08939464396930166,0.054929837342818685,7,0.7520700488634231,0.12987634584923008,0.12868852990411342,7,7.950117391373714,AGTGAAC..,6.0
foxa,1vtn,MA1683.1.jaspar,2,1vtn_state_036_MA1683.1.jaspar.npz,state,36.0,6,0.7265104766629827,0.16310531212457136,0.18175991783600298,6,0.6415379037315689,0.16313153157625493,0.22346415507020448,6,8.650891533929299,.GTGTAC..,4.0
foxa,1vtn,MA1683.1.jaspar,2,1vtn_state_037_MA1683.1.jaspar.npz,state,37.0,7,0.8167624952118651,0.13832181514590047,0.10484424887668697,7,0.7112715855949102,0.1692069131781214,0.15560761050375677,7,5.760671401305282,AGTGAAC..,6.0
foxa,1vtn,MA1683.1.jaspar,2,1vtn_state_038_MA1683.1.jaspar.npz,state,38.0,7,0.7541552328876133,0.13338586906736186,0.13381606102161284,7,0.6430211528056111,0.1764822133908248,0.19799862686016081,7,7.698186402369036,AGTTTAC..,5.0
foxa,1vtn,MA1683.1.jaspar,2,1vtn_state_039_MA1683.1.jaspar.npz,state,39.0,7,0.4635593960652252,0.22144891863821872,0.2496384314411857,7,0.557259699456157,0.1973874083029971,0.23356391595539663,7,8.109836727929183,TTTATGC..,3.0
foxa,1vtn,MA1683.1.jaspar,2,1vtn_state_040_MA1683.1.jaspar.npz,state,40.0,7,0.9293820997624749,0.0873491167481656,0.053015815893363384,7,0.9286758974503011,0.08792190561403654,0.05947535275398974,7,8.900332637883915,AGTAAAC..,7.0
foxa,1vtn,MA1683.1.jaspar,2,1vtn_state_041_MA1683.1.jaspar.npz,state,41.0,7,0.7485975499843642,0.13770713308726304,0.12272853032087319,7,0.7566902908679026,0.14615563380980998,0.13970022025116255,7,6.448856899883431,TGTATAT..,4.0
foxa,1vtn,MA1683.1.jaspar,2,1vtn_state_043_MA1683.1.jaspar.npz,state,43.0,7,0.887458520195376,0.10376532597625296,0.0682567774867041,7,0.9165810297471564,0.08488688381164268,0.05977306417161497,7,7.547214404596266,AGTAAAC..,7.0
foxa,1vtn,MA1683.1.jaspar,2,1vtn_state_045_MA1683.1.jaspar.npz,state,45.0,7,0.8568568573239961,0.09061087434279866,0.07396439820370555,7,0.8666707998371179,0.11121867999151748,0.0926573124013133,7,8.651540015150385,TGTAAAC..,6.0
foxa,1vtn,MA1683.1.jaspar,2,1vtn_state_046_MA1683.1.jaspar.npz,state,46.0,7,0.7383919338952278,0.13863120665856904,0.1239978373089893,7,0.7783266323710236,0.14443566216920903,0.13302849201594893,7,7.388656699270818,TGTATAC..,5.0
foxa,1vtn,MA1683.1.jaspar,2,1vtn_state_047_MA1683.1.jaspar.npz,state,47.0,5,-0.09751434880072192,0.32927983023109847,0.485987736833875,5,-0.04201747382160293,0.33626328661339355,0.4988742549062809,5,4.460870407946713,..CTCCC..,1.0
foxa,1vtn,MA1683.1.jaspar,2,1vtn_state_048_MA1683.1.jaspar.npz,state,48.0,7,0.8953237887560352,0.10875238795415498,0.08214592225626295,7,0.8609865804016805,0.11031038764797683,0.09834425043444593,7,8.887974334722387,AGTAAAC..,7.0
foxa,1vtn,MA1683.1.jaspar,2,1vtn_state_049_MA1683.1.jaspar.npz,state,49.0,7,0.7521554368086575,0.14496079934594622,0.15392807990625065,7,0.6788425588222723,0.16896737196865225,0.1936997928971192,7,9.608827120853377,AGTGTAC..,5.0
foxa,1vtn,MA1683.1.jaspar,2,1vtn_state_050_MA1683.1.jaspar.npz,state,50.0,7,0.3569990623271616,0.23978454590126472,0.33721431336304597,7,0.5228241785833463,0.18789073369199677,0.274010783084252,7,10.465718746283729,TTTATAC..,4.0
foxa,1vtn,MA1683.1.jaspar,2,1vtn_state_051_MA1683.1.jaspar.npz,state,51.0,7,0.9113193706966314,0.08656993485055864,0.053445120812382584,7,0.8299351003068789,0.12033426550832312,0.10350278021625094,7,7.754916050863688,AGTGAAC..,6.0
foxa,1vtn,MA1683.1.jaspar,2,1vtn_state_052_MA1683.1.jaspar.npz,state,52.0,7,0.4221051263988305,0.2110400197042119,0.2642057135602508,7,0.5296668009261786,0.20206544200898083,0.24202276762281208,7,7.3180037605611465,TTTATAC..,4.0
foxa,1vtn,MA1683.1.jaspar,2,1vtn_state_053_MA1683.1.jaspar.npz,state,53.0,7,0.8088505873962146,0.10904019761073869,0.10754931501297901,7,0.8533691450789096,0.09749692515262202,0.08955903869093,7,7.1954768465717205,AGTATAC..,6.0
foxa,1vtn,MA1683.1.jaspar,2,1vtn_state_054_MA1683.1.jaspar.npz,state,54.0,7,0.7021900227858601,0.16430330050726688,0.14646954065877535,7,0.8383083353052393,0.1115388872234949,0.09697869207188863,7,6.517482802272326,TTTAAAC..,5.0
foxa,1vtn,MA1683.1.jaspar,2,1vtn_state_055_MA1683.1.jaspar.npz,state,55.0,7,0.5121857455571776,0.19503457698322432,0.20183039737056677,7,0.5141988595567736,0.21134650354672754,0.22145719796923366,7,3.9588322883378737,TCTGCAC..,3.0
foxa,1vtn,MA1683.1.jaspar,2,1vtn_state_058_MA1683.1.jaspar.npz,state,58.0,7,0.3202391197958406,0.2564139371315832,0.3217618684335907,7,0.256141690421956,0.27449091868662173,0.38205100805923614,7,8.220719607477983,TTTGTGC..,2.0
foxa,1vtn,MA1683.1.jaspar,2,1vtn_state_059_MA1683.1.jaspar.npz,state,59.0,7,0.9405460374679467,0.08813785664304825,0.0658847217192213,7,0.940952751631437,0.06652495798438654,0.05279788492835521,7,10.997489940602728,AGTAAAC..,7.0
foxa,1vtn,MA1683.1.jaspar,2,1vtn_state_060_MA1683.1.jaspar.npz,state,60.0,5,0.2473127807737134,0.2875828991728667,0.4447551402144027,5,0.20534873173600218,0.2921210991361477,0.48467433010690375,5,7.856155563065177,..TTTCC..,2.0
foxa,1vtn,MA1683.1.jaspar,2,1vtn_state_061_MA1683.1.jaspar.npz,state,61.0,7,0.7201763756192386,0.15096889093235535,0.1368962048821425,7,0.6696154925622931,0.1545069814310409,0.15538076097209338,7,4.609513557740234,AGTGTAC..,5.0
foxa,1vtn,MA1683.1.jaspar,2,1vtn_state_062_MA1683.1.jaspar.npz,state,62.0,7,0.3342056446910226,0.23726210989012284,0.32260002924829345,7,0.2353333201856846,0.2786270191105099,0.3827019619498388,7,8.766391105784924,AATTTGC..,3.0
foxa,1vtn,MA1683.1.jaspar,2,1vtn_state_063_MA1683.1.jaspar.npz,state,63.0,7,0.707187823206645,0.15446612929060524,0.1451505415545544,7,0.7164004776084577,0.1514951785835105,0.15677096569821827,7,7.051069375821712,AGTATAA..,5.0
foxa,1vtn,MA1683.1.jaspar,2,1vtn_state_064_MA1683.1.jaspar.npz,state,64.0,7,0.7838639279073142,0.14576519467352358,0.11517152703514595,7,0.7477076394380568,0.12213652494496532,0.1215745201172992,7,6.894105334827648,TGTGAAC..,5.0
foxa,1vtn,MA1683.1.jaspar,2,1vtn_state_065_MA1683.1.jaspar.npz,state,65.0,7,0.6188306901144919,0.17511476285705743,0.17291255024708235,7,0.5535463247451854,0.18995281194137142,0.2033721070640932,7,5.691638663125028,AATGTAC..,4.0
foxa,1vtn,MA1683.1.jaspar,2,1vtn_state_067_MA1683.1.jaspar.npz,state,67.0,7,0.7240678902737336,0.14750239387753286,0.15315525302170088,7,0.7607293267712665,0.11469931401994213,0.1305494502691603,7,8.646516118308732,AGTATAC..,6.0
foxa,1vtn,MA1683.1.jaspar,2,1vtn_state_068_MA1683.1.jaspar.npz,state,68.0,7,0.9057672769989553,0.08953501482444283,0.0566769456545568,7,0.8426035396451589,0.1270503451814875,0.09779572787639561,7,6.905483721736379,AGTAAAC..,7.0
foxa,1vtn,MA1683.1.jaspar,2,1vtn_state_069_MA1683.1.jaspar.npz,state,69.0,7,0.7172412124680958,0.1710792050705225,0.15509481848920217,7,0.7245657124351854,0.1504386718152091,0.1449343386716391,7,5.578205648256224,AGTGTAC..,5.0
foxa,1vtn,MA1683.1.jaspar,2,1vtn_state_070_MA1683.1.jaspar.npz,state,70.0,6,0.01456500379343064,0.3462827766496048,0.49192257581614757,5,0.11938567045515884,0.314641558391304,0.47957703188200174,5,7.0407793841882675,..TAGTGA.,2.0
foxa,1vtn,MA1683.1.jaspar,2,1vtn_state_071_MA1683.1.jaspar.npz,state,71.0,7,0.8679207788610254,0.11102048393721427,0.07901282291069114,7,0.8853768998519321,0.09609869295465094,0.07669873967813327,7,7.467766625540536,AGTAAAT..,6.0
foxa,1vtn,MA1683.1.jaspar,2,1vtn_state_072_MA1683.1.jaspar.npz,state,72.0,7,0.4097010572303731,0.21936614743234323,0.27176016850865625,7,0.2781523947913847,0.2682691692399593,0.36237885337872916,7,8.152635563555894,ATTGTGC..,3.0
foxa,1vtn,MA1683.1.jaspar,2,1vtn_state_073_MA1683.1.jaspar.npz,state,73.0,7,0.4570374683452553,0.2211768941862309,0.24323724235228442,7,0.4216242010124845,0.23714201524853706,0.26664848383160616,7,6.594819594684809,AATGTAT..,3.0
foxa,1vtn,MA1683.1.jaspar,2,1vtn_state_075_MA1683.1.jaspar.npz,state,75.0,7,0.8967539446432059,0.08820512364867941,0.05631078316388131,7,0.9043461562555379,0.09894884351940293,0.06693442009987335,7,7.123527351953134,TGTAAAC..,6.0
foxa,1vtn,MA1683.1.jaspar,2,1vtn_state_076_MA1683.1.jaspar.npz,state,76.0,7,0.6238783502726656,0.16701418420832073,0.21080569282200703,7,0.6866347390909603,0.15642923828896269,0.18543250493855942,7,8.65219340850507,CTTGAAC..,4.0
foxa,1vtn,MA1683.1.jaspar,2,1vtn_state_078_MA1683.1.jaspar.npz,state,78.0,7,0.9008281713752352,0.10013327840299878,0.07521004586154564,7,0.7858104924418303,0.11690137048883896,0.1273588849902182,7,9.81835508660232,AGTGAAC..,6.0
foxa,1vtn,MA1683.1.jaspar,2,1vtn_state_079_MA1683.1.jaspar.npz,state,79.0,7,0.7516865079709378,0.13993431594488875,0.12139400147042125,7,0.741436597896847,0.14519241778595773,0.14911253846250894,7,8.33937385190154,TGTGTAC..,4.0
foxa,1vtn,MA1683.1.jaspar,2,1vtn_state_080_MA1683.1.jaspar.npz,state,80.0,7,0.7650867495140673,0.15056260895133683,0.11991282476145283,7,0.721574158217072,0.14370349874453886,0.1322730816651975,7,5.146000671529423,AGTGAAC..,6.0
foxa,1vtn,MA1683.1.jaspar,2,1vtn_state_081_MA1683.1.jaspar.npz,state,81.0,7,0.8420406885706732,0.10568301823721933,0.08016881306934352,7,0.8223059572422906,0.12220266812697186,0.11200285872648695,7,8.467433521792687,TGTGAAC..,5.0
foxa,1vtn,MA1683.1.jaspar,2,1vtn_state_082_MA1683.1.jaspar.npz,state,82.0,6,0.34861064038706024,0.25044868667221937,0.33226920137736643,6,0.4689982654051618,0.23165321821094645,0.29670504606144804,6,6.3548982462313575,.ATATGC..,3.0
foxa,1vtn,MA1683.1.jaspar,2,1vtn_state_083_MA1683.1.jaspar.npz,state,83.0,7,0.49568593156080615,0.2129731334072338,0.22672713266077177,7,0.47756501352957603,0.21569621615344658,0.23850059559001605,7,6.547560017049332,AATGTAC..,4.0
foxa,1vtn,MA1683.1.jaspar,2,1vtn_state_084_MA1683.1.jaspar.npz,state,84.0,7,0.6575031185159489,0.1790899857047147,0.18778983800755292,7,0.7196652257713136,0.1512320908326988,0.159357674209252,7,8.851214531577892,AATAAAC..,6.0
foxa,1vtn,MA1683.1.jaspar,2,1vtn_state_087_MA1683.1.jaspar.npz,state,87.0,7,0.7621022060063533,0.15276499184463838,0.1343400243394121,7,0.7713041561405368,0.1327082978594782,0.13666028172900804,7,8.185578142775556,AATAAAG..,5.0
foxa,1vtn,MA1683.1.jaspar,2,1vtn_state_088_MA1683.1.jaspar.npz,state,88.0,7,0.7705592386437788,0.1498127835844311,0.12838308317153127,7,0.7413022187361697,0.16417445402060235,0.14735442288391257,7,3.198083220314877,TGTGAAC..,5.0
foxa,1vtn,MA1683.1.jaspar,2,1vtn_state_089_MA1683.1.jaspar.npz,state,89.0,7,0.7146069309687877,0.15518168307192223,0.13621990902623324,7,0.6186813687053166,0.17532251539107943,0.18283373984345058,7,6.487533233567643,AGTGTAC..,5.0
foxa,1vtn,MA1683.1.jaspar,2,1vtn_state_090_MA1683.1.jaspar.npz,state,90.0,7,0.6045486785427341,0.1795491055194621,0.18747261651215114,7,0.5395996821979254,0.20523150020744652,0.21939326138438517,7,6.014698495313501,AATGCAC..,4.0
foxa,1vtn,MA1683.1.jaspar,2,1vtn_state_092_MA1683.1.jaspar.npz,state,92.0,7,0.7427456856893462,0.14784917026242642,0.13729733911955885,7,0.6914426723248469,0.16502764292194375,0.16622703791452667,7,6.636301117321025,AGTAAAA..,6.0
foxa,1vtn,MA1683.1.jaspar,2,ENSEMBLE_MEAN,ensemble_mean,,8,0.8584599001991627,0.10697149977996775,0.0837204904931942,7,0.8437786347533152,0.13215428683866487,0.10093803774378952,7,5.015557316860196,AGTAAACA.,7.0
foxa,1vtn,MA1683.1.jaspar,3,1vtn_C_MA1683.1.jaspar.npz,crystal,,7,1.0,0.0,0.0,7,0.9671363732122326,0.05707055885743882,0.02913515635212599,7,7.372236413182353,TGTAAAC..,
foxa,1vtn,MA1683.1.jaspar,3,1vtn_state_001_MA1683.1.jaspar.npz,state,1.0,7,0.6741094076289827,0.16038016444404743,0.1493194696603328,7,0.6474643869963594,0.17652863002980926,0.17921975744371602,7,7.627970240747635,TATACAC..,5.0
foxa,1vtn,MA1683.1.jaspar,3,1vtn_state_002_MA1683.1.jaspar.npz,state,2.0,7,0.7111862846999032,0.14807195606928353,0.14920762019001524,7,0.7269412546378,0.1520909108356656,0.14715852470828053,7,5.579975596956476,TCTATAC..,5.0
foxa,1vtn,MA1683.1.jaspar,3,1vtn_state_003_MA1683.1.jaspar.npz,state,3.0,7,0.5880084755956763,0.17388248349847604,0.21700418406315464,7,0.5323271645444507,0.1998418595779055,0.25221155603216616,7,8.583018574935556,TTTACAT..,4.0
foxa,1vtn,MA1683.1.jaspar,3,1vtn_state_004_MA1683.1.jaspar.npz,state,4.0,7,0.7343898159197028,0.12859524566946284,0.13502359833025396,7,0.7649041597532386,0.13026514759154192,0.12990831183549448,7,6.400172723262203,TGTATAC..,6.0
foxa,1vtn,MA1683.1.jaspar,3,1vtn_state_008_MA1683.1.jaspar.npz,state,8.0,7,0.792962563825275,0.11381979512017486,0.10228841209681505,7,0.7234421397624902,0.15270647934604703,0.1495593313420953,7,6.930047709277699,TGTACAT..,5.0
foxa,1vtn,MA1683.1.jaspar,3,1vtn_state_009_MA1683.1.jaspar.npz,state,9.0,7,0.37043920838867755,0.24508579619941884,0.3396182885381318,7,0.3365270873191297,0.2601439150161501,0.36194334586035565,7,8.734944017582873,TTTTCAG..,3.0
foxa,1vtn,MA1683.1.jaspar,3,1vtn_state_014_MA1683.1.jaspar.npz,state,14.0,7,0.23633683742273284,0.2896579065158481,0.362967217950172,7,0.35332713712919106,0.255524692112106,0.3127599502243469,7,7.9653784873015265,AATTCCC..,2.0
foxa,1vtn,MA1683.1.jaspar,3,1vtn_state_015_MA1683.1.jaspar.npz,state,15.0,7,0.7542479895310222,0.12589444832078048,0.12483325827316774,7,0.8671866403563082,0.10273371779892061,0.07516410064890633,7,7.964439377291466,AGTACAC..,5.0
foxa,1vtn,MA1683.1.jaspar,3,1vtn_state_016_MA1683.1.jaspar.npz,state,16.0,7,0.6455490956990814,0.17064897358484035,0.17292608517301794,7,0.6845028318649586,0.15592142365806336,0.1696235429363626,7,7.815223972340547,CATACAC..,4.0
foxa,1vtn,MA1683.1.jaspar,3,1vtn_state_017_MA1683.1.jaspar.npz,state,17.0,7,0.8139641194142436,0.11391845386242494,0.09202989725795474,7,0.7691570498707576,0.141279261800394,0.13105140588086034,7,5.808632421177132,TGTACAA..,5.0
foxa,1vtn,MA1683.1.jaspar,3,1vtn_state_019_MA1683.1.jaspar.npz,state,19.0,7,0.49723960462567957,0.2161407019323503,0.2925717384676894,7,0.5413592314955388,0.1949599522943442,0.28005941272979845,7,9.902496431830025,CTTATAC..,4.0
foxa,1vtn,MA1683.1.jaspar,3,1vtn_state_020_MA1683.1.jaspar.npz,state,20.0,7,0.8246264588055858,0.10571557557809033,0.07467192973191125,7,0.7647488015826074,0.14653449151332357,0.12279507312296692,7,6.035461697731415,TATAAAC..,6.0
foxa,1vtn,MA1683.1.jaspar,3,1vtn_state_021_MA1683.1.jaspar.npz,state,21.0,7,0.5977740384181238,0.18163017160674957,0.19556506164884957,7,0.6441020221825758,0.15796961688985384,0.1903579177887627,7,8.601505342852143,GGTGCAC..,4.0
foxa,1vtn,MA1683.1.jaspar,3,1vtn_state_022_MA1683.1.jaspar.npz,state,22.0,7,0.705555667595594,0.12975801635600095,0.1268370467246685,7,0.7026499170151609,0.14453383307305298,0.15095657017723776,7,6.731651621064139,CATACAC..,4.0
foxa,1vtn,MA1683.1.jaspar,3,1vtn_state_023_MA1683.1.jaspar.npz,state,23.0,7,0.6438450514160028,0.15032751695252955,0.15959752066999375,7,0.6677661731434011,0.16387917626915233,0.1672125965740132,7,6.655765860604671,CATACAC..,4.0
foxa,1vtn,MA1683.1.jaspar,3,1vtn_state_024_MA1683.1.jaspar.npz,state,24.0,7,-0.05797593697211484,0.3421873137813236,0.5172668546720387,6,-0.04980731802445199,0.36005625050286955,0.5476724455393095,6,8.570909605990538,.ATTCCAC.,1.0
foxa,1vtn,MA1683.1.jaspar,3,1vtn_state_026_MA1683.1.jaspar.npz,state,26.0,7,0.31312112794501623,0.27133542447700165,0.4089732823931872,7,0.31181370816706727,0.2675715859056384,0.4134633440540712,7,10.995039853625814,TTTATCC..,4.0
foxa,1vtn,MA1683.1.jaspar,3,1vtn_state_027_MA1683.1.jaspar.npz,state,27.0,7,0.5858325385753025,0.1922992897785402,0.20348787445699168,7,0.5520982689795042,0.2005853177813281,0.24373959833117345,7,7.853752419852482,TATAGGC..,4.0
foxa,1vtn,MA1683.1.jaspar,3,1vtn_state_028_MA1683.1.jaspar.npz,state,28.0,7,0.6473588289235361,0.16506035705138597,0.18389013628541231,7,0.6572985641287815,0.17278908947524282,0.1879865326865104,7,7.455466285497012,TCTACAC..,5.0
foxa,1vtn,MA1683.1.jaspar,3,1vtn_state_030_MA1683.1.jaspar.npz,state,30.0,7,0.7124856328687849,0.12996700878492057,0.13923215193779814,7,0.7257345322003931,0.1490027592860445,0.14608018591310037,7,7.634977842879599,TGTACAC..,6.0
foxa,1vtn,MA1683.1.jaspar,3,1vtn_state_031_MA1683.1.jaspar.npz,state,31.0,7,0.5933077446989656,0.17150447594134935,0.18332570407274548,7,0.6620153497208221,0.16728939601619328,0.17430492648339008,7,5.125460756832737,AGTACAA..,4.0
foxa,1vtn,MA1683.1.jaspar,3,1vtn_state_033_MA1683.1.jaspar.npz,state,33.0,7,0.49284136710261445,0.2256474624924262,0.28014925891023396,7,0.49512036543869514,0.22488741902010848,0.2807523094322092,7,7.852549405265166,TGTTTAC..,5.0
foxa,1vtn,MA1683.1.jaspar,3,1vtn_state_034_MA1683.1.jaspar.npz,state,34.0,7,0.7035929773640565,0.13887039186998404,0.12990770594847975,7,0.7266971091249959,0.13284942398812355,0.13765480481192283,7,7.091304031601698,CATACAC..,4.0
foxa,1vtn,MA1683.1.jaspar,3,1vtn_state_036_MA1683.1.jaspar.npz,state,36.0,6,0.38774522044824716,0.24322013402646311,0.30301380362368097,6,0.46773643145801913,0.22596061816572424,0.276360534281417,6,6.262202395946552,.GTCTAC..,4.0
foxa,1vtn,MA1683.1.jaspar,3,1vtn_state_037_MA1683.1.jaspar.npz,state,37.0,7,0.4733406744091941,0.20486017498686643,0.22189811232452875,7,0.5079299660121684,0.19843585462409205,0.23075377223030621,7,6.1900961454409975,CATCCAC..,3.0
foxa,1vtn,MA1683.1.jaspar,3,1vtn_state_038_MA1683.1.jaspar.npz,state,38.0,7,0.5739654191096457,0.18953734559493438,0.2109179987727451,7,0.6497277711557717,0.17184522069146624,0.18763548697064006,7,7.181625381901998,GGTCCAC..,4.0
foxa,1vtn,MA1683.1.jaspar,3,1vtn_state_039_MA1683.1.jaspar.npz,state,39.0,7,0.48912338425394947,0.1968017800245434,0.23919207109962962,7,0.5134003979316544,0.1918422795965203,0.23445262817669552,7,7.220714438853541,TCTATCC..,4.0
foxa,1vtn,MA1683.1.jaspar,3,1vtn_state_040_MA1683.1.jaspar.npz,state,40.0,7,0.6842101702211439,0.15328446878369764,0.1557835295229242,7,0.7195960896913156,0.1353094587726186,0.14127080831066327,7,8.21701203755191,TATACAC..,5.0
foxa,1vtn,MA1683.1.jaspar,3,1vtn_state_041_MA1683.1.jaspar.npz,state,41.0,7,0.7244515675953603,0.1407364297940928,0.11853242978837761,7,0.6877568872021991,0.14575853472342715,0.14996223169853648,7,6.056107147550807,TATACAA..,4.0
foxa,1vtn,MA1683.1.jaspar,3,1vtn_state_043_MA1683.1.jaspar.npz,state,43.0,7,0.701905650637882,0.12514026616034762,0.13639420305506236,7,0.6976298214787116,0.1553472947395806,0.1583722100291565,7,5.321945929362758,TCTACAC..,5.0
foxa,1vtn,MA1683.1.jaspar,3,1vtn_state_045_MA1683.1.jaspar.npz,state,45.0,7,0.717847388606264,0.13276120097309882,0.1349144443310847,7,0.6583645015175038,0.16622515995654144,0.17958215419612863,7,7.447958867745509,TATACAC..,5.0
foxa,1vtn,MA1683.1.jaspar,3,1vtn_state_046_MA1683.1.jaspar.npz,state,46.0,7,0.835730639543891,0.08699666290444188,0.08851607667488862,7,0.8129555799550767,0.1173363340369958,0.10762409350287908,7,7.125832534864204,TGTACAC..,6.0
foxa,1vtn,MA1683.1.jaspar,3,1vtn_state_047_MA1683.1.jaspar.npz,state,47.0,5,-0.1515935907166292,0.38059481274103746,0.6020757041263141,5,-0.07525077455253448,0.365313571493607,0.5982761984750851,5,6.260156423587421,..CTTCC..,1.0
foxa,1vtn,MA1683.1.jaspar,3,1vtn_state_048_MA1683.1.jaspar.npz,state,48.0,7,0.6717401981157455,0.1500840403438945,0.14725464414522307,7,0.7535580285896386,0.12608479912991502,0.11552423363966516,7,7.415443966323533,AATACAC..,4.0
foxa,1vtn,MA1683.1.jaspar,3,1vtn_state_049_MA1683.1.jaspar.npz,state,49.0,7,0.51440496823652,0.20973161519006162,0.2343846326610437,7,0.6280736314317066,0.18074708313049218,0.1907244881510892,7,7.331816474387006,AATACAC..,4.0
foxa,1vtn,MA1683.1.jaspar,3,1vtn_state_050_MA1683.1.jaspar.npz,state,50.0,7,0.5012474894249455,0.2098638269983764,0.28847857378718444,7,0.4872206641760615,0.20600480406678148,0.3040132600715501,7,10.159131691476446,TTTATAC..,5.0
foxa,1vtn,MA1683.1.jaspar,3,1vtn_state_051_MA1683.1.jaspar.npz,state,51.0,7,0.6745087857018948,0.12478667570810233,0.1305784159960241,7,0.6682090216483588,0.1429801717999258,0.15005838510171943,7,7.093420384861924,TATACAC..,5.0
foxa,1vtn,MA1683.1.jaspar,3,1vtn_state_052_MA1683.1.jaspar.npz,state,52.0,7,0.2168263864547955,0.30575382106170373,0.43912919863912975,7,0.22155469422625823,0.29903471588321345,0.4375808493088816,7,9.919679748386573,TTTTTCC..,3.0
foxa,1vtn,MA1683.1.jaspar,3,1vtn_state_053_MA1683.1.jaspar.npz,state,53.0,7,0.7665147434271254,0.13820208316818544,0.10877719800370843,7,0.7509206790116411,0.14811214455819158,0.12794075166913418,7,6.274763450995939,CATAAAT..,4.0
foxa,1vtn,MA1683.1.jaspar,3,1vtn_state_054_MA1683.1.jaspar.npz,state,54.0,7,0.4481287986741641,0.22276197263480363,0.3027477379116314,7,0.4471026239333788,0.22127505823612278,0.3118298331318571,7,8.407455483971127,TTTTTAC..,4.0
foxa,1vtn,MA1683.1.jaspar,3,1vtn_state_055_MA1683.1.jaspar.npz,state,55.0,7,0.6517477767817371,0.15736316857926017,0.16664875325558826,7,0.6976720461683472,0.14796483215676354,0.16038855229124155,7,6.972093777773303,CCTACAC..,4.0
foxa,1vtn,MA1683.1.jaspar,3,1vtn_state_058_MA1683.1.jaspar.npz,state,58.0,7,0.32639978310273227,0.24247943625128496,0.34932053151717335,7,0.36642488781932137,0.2256502510302068,0.3339277945655007,7,8.536024759716572,TTTTTAC..,4.0
foxa,1vtn,MA1683.1.jaspar,3,1vtn_state_059_MA1683.1.jaspar.npz,state,59.0,7,0.8880541730166973,0.09781391088368505,0.07240745209355214,7,0.9304946615046266,0.08603844789571927,0.05467859518189244,7,7.19605243699232,TGTAAAC..,7.0
foxa,1vtn,MA1683.1.jaspar,3,1vtn_state_060_MA1683.1.jaspar.npz,state,60.0,5,-0.09804305350241212,0.3749530837172642,0.6070640322625003,5,-0.03651441610251028,0.3624048275640234,0.6127305305347892,5,7.792292721046891,..CTTCC..,1.0
foxa,1vtn,MA1683.1.jaspar,3,1vtn_state_061_MA1683.1.jaspar.npz,state,61.0,7,0.636148800655157,0.16196736708349949,0.192857359934701,7,0.6515195678248813,0.15422977199445345,0.1987931915073897,7,7.1322579869046905,TTTATAC..,5.0
foxa,1vtn,MA1683.1.jaspar,3,1vtn_state_062_MA1683.1.jaspar.npz,state,62.0,7,0.39412322283022305,0.22569164837685612,0.2932866639253289,7,0.4716228359448719,0.19734850180975627,0.267001228090125,7,7.678323389976017,CATTTAC..,3.0
foxa,1vtn,MA1683.1.jaspar,3,1vtn_state_063_MA1683.1.jaspar.npz,state,63.0,7,0.7245416964083705,0.13182979439651327,0.12404187336840836,7,0.7200443042073558,0.14869543298014573,0.14691678313379422,7,5.386356871622238,CGTATAT..,4.0
foxa,1vtn,MA1683.1.jaspar,3,1vtn_state_064_MA1683.1.jaspar.npz,state,64.0,7,0.7043132135808764,0.14879347107073823,0.15454509347205933,7,0.7352467038344267,0.15124638909972937,0.15861873106890587,7,7.057704073966363,CCTACAC..,4.0
foxa,1vtn,MA1683.1.jaspar,3,1vtn_state_065_MA1683.1.jaspar.npz,state,65.0,7,0.4499889008127895,0.20652656426786312,0.22907587840693686,7,0.36543409979402286,0.2461776956250625,0.2902867252816039,7,5.917181046019962,TATCCAA..,3.0
foxa,1vtn,MA1683.1.jaspar,3,1vtn_state_067_MA1683.1.jaspar.npz,state,67.0,7,0.6070354862305382,0.159462569896797,0.17467428889955272,7,0.628483300699071,0.16070951426601304,0.19360294935979727,7,6.606520836078689,CATATAC..,4.0
foxa,1vtn,MA1683.1.jaspar,3,1vtn_state_068_MA1683.1.jaspar.npz,state,68.0,7,0.5712744055394409,0.17298046559361474,0.18065118570902053,7,0.5362155459146952,0.19700673625006207,0.2199055090486275,7,6.14449624532573,CATACAT..,3.0
foxa,1vtn,MA1683.1.jaspar,3,1vtn_state_069_MA1683.1.jaspar.npz,state,69.0,7,0.7050648855982095,0.14461059851704963,0.1460455693781837,7,0.7350278036981592,0.1421422200676586,0.150620417071607,7,7.304648722858131,CGTACAC..,5.0
foxa,1vtn,MA1683.1.jaspar,3,1vtn_state_070_MA1683.1.jaspar.npz,state,70.0,6,-0.08986706837435428,0.33363930970299405,0.5489920325689723,5,-0.013488951572749552,0.3386755460021959,0.5412689677767965,5,7.173097980148672,..AACTCG.,2.0
foxa,1vtn,MA1683.1.jaspar,3,1vtn_state_071_MA1683.1.jaspar.npz,state,71.0,7,0.6524730568697036,0.15422025968187622,0.15737913245214294,7,0.6900878291645904,0.15875947372322635,0.1617865566537881,7,6.817570837810088,CGTACAC..,5.0
foxa,1vtn,MA1683.1.jaspar,3,1vtn_state_072_MA1683.1.jaspar.npz,state,72.0,7,0.30678901511515067,0.2644441685448068,0.3731531561954182,7,0.412493274048083,0.2237043283488934,0.319668476090835,7,8.81933932372686,ATTTTAC..,3.0
foxa,1vtn,MA1683.1.jaspar,3,1vtn_state_073_MA1683.1.jaspar.npz,state,73.0,7,0.28814878833979896,0.24460437776204863,0.3248870223266503,7,0.3891977476192923,0.23233596154438732,0.296344292356987,7,6.774581703164479,AATTTAC..,3.0
foxa,1vtn,MA1683.1.jaspar,3,1vtn_state_075_MA1683.1.jaspar.npz,state,75.0,7,0.7301201832851772,0.1282427138316312,0.12438559883854745,7,0.6899906463975249,0.15592048543372325,0.1631169543249044,7,7.3197767787385555,TATACAC..,5.0
foxa,1vtn,MA1683.1.jaspar,3,1vtn_state_076_MA1683.1.jaspar.npz,state,76.0,7,0.40637011493750924,0.2278980136782463,0.2864379852657662,7,0.4670603729868379,0.2100267649761268,0.2700399566184744,7,7.593352617598375,CTTCCAC..,3.0
foxa,1vtn,MA1683.1.jaspar,3,1vtn_state_078_MA1683.1.jaspar.npz,state,78.0,7,0.7294975096608146,0.1613163596443233,0.14422462862273125,7,0.7994953282567454,0.14423170825050743,0.12004491289399626,7,5.967513334808956,GCTAAAC..,5.0
foxa,1vtn,MA1683.1.jaspar,3,1vtn_state_079_MA1683.1.jaspar.npz,state,79.0,7,0.664534898912982,0.14713303024681018,0.16320650420083702,7,0.666445196413716,0.15361991626143987,0.17546378373816793,7,8.432114116903126,TATACAC..,5.0
foxa,1vtn,MA1683.1.jaspar,3,1vtn_state_080_MA1683.1.jaspar.npz,state,80.0,7,0.42906510442653095,0.21610686921381525,0.26857003340813185,7,0.4596294096215297,0.21086535113863647,0.2770570923413312,7,6.661695454828367,CATCTAC..,3.0
foxa,1vtn,MA1683.1.jaspar,3,1vtn_state_081_MA1683.1.jaspar.npz,state,81.0,7,0.8036046860748186,0.11475498508661985,0.09193010445248474,7,0.7414690773236654,0.1518780503621591,0.13320521476818392,7,5.698291243334133,TATACAT..,4.0
foxa,1vtn,MA1683.1.jaspar,3,1vtn_state_082_MA1683.1.jaspar.npz,state,82.0,6,0.07935675938838323,0.32555525918724015,0.49326516320500585,6,0.1676800264315812,0.3018573078055245,0.4671219521523528,6,7.3768134386086714,.TTTTCC..,2.0
foxa,1vtn,MA1683.1.jaspar,3,1vtn_state_083_MA1683.1.jaspar.npz,state,83.0,7,0.774447335045134,0.11929726996459067,0.11552530098652158,7,0.7632843704778328,0.14265249483287334,0.14137084165271666,7,6.610890318699363,TGTACAC..,6.0
foxa,1vtn,MA1683.1.jaspar,3,1vtn_state_084_MA1683.1.jaspar.npz,state,84.0,7,0.6932462169515752,0.14486970313425576,0.14344439082153637,7,0.7570926093043043,0.1362152054041092,0.12550855347776696,7,8.161057543146645,GGTACAC..,5.0
foxa,1vtn,MA1683.1.jaspar,3,1vtn_state_087_MA1683.1.jaspar.npz,state,87.0,7,0.8574934422821149,0.10892865540725845,0.06633067047892396,7,0.8404452203733146,0.12543564805361843,0.0888631512760222,7,5.720425751039183,CGTAAAT..,5.0
foxa,1vtn,MA1683.1.jaspar,3,1vtn_state_088_MA1683.1.jaspar.npz,state,88.0,7,0.5392610182651321,0.20870510433867043,0.20806952892655567,7,0.5796918222951628,0.19768448554844195,0.21620035115712627,7,5.488660506154137,CTTCAAC..,4.0
foxa,1vtn,MA1683.1.jaspar,3,1vtn_state_089_MA1683.1.jaspar.npz,state,89.0,7,0.6676583919601247,0.14631387039220758,0.14553484831859978,7,0.6565961442780864,0.15070088929496706,0.16551970075256842,7,5.986908116589754,AATACAG..,3.0
foxa,1vtn,MA1683.1.jaspar,3,1vtn_state_090_MA1683.1.jaspar.npz,state,90.0,7,0.6000462663682966,0.17558876162261836,0.1933051103397072,7,0.6482159728534667,0.17040831755314553,0.18655596869747545,7,7.714376996284805,CATACAC..,4.0
foxa,1vtn,MA1683.1.jaspar,3,1vtn_state_092_MA1683.1.jaspar.npz,state,92.0,7,0.5495659485179755,0.18081641119040018,0.20404222048902004,7,0.4944528870525106,0.21000746556092054,0.24690594940573724,7,5.84008389629512,TATATAA..,4.0
foxa,1vtn,MA1683.1.jaspar,3,ENSEMBLE_MEAN,ensemble_mean,,8,0.7343351907174847,0.14209362148528196,0.12322885244508276,7,0.7568707570153387,0.15609573649567637,0.13467426091203108,7,4.514117706920327,TATACACC.,5.0
foxa,1vtn,MA1683.1.jaspar,4,1vtn_C_MA1683.1.jaspar.npz,crystal,,7,0.9999999999999998,0.0,0.0,7,0.8719184621588478,0.0987158879828972,0.07562267837019751,7,7.490786138533079,TGTAAAT..,
foxa,1vtn,MA1683.1.jaspar,4,1vtn_state_001_MA1683.1.jaspar.npz,state,1.0,7,0.6931241939944075,0.1795466966037306,0.21023238372849334,7,0.7003940426976415,0.15866508823819458,0.18092755302017313,7,10.224799198065542,TATAAAC..,5.0
foxa,1vtn,MA1683.1.jaspar,4,1vtn_state_002_MA1683.1.jaspar.npz,state,2.0,7,0.6117944497771267,0.18569111560022325,0.21926847512180905,7,0.7307691628746609,0.14022451153557217,0.1610098439281237,7,8.757812965806957,ATTAAAC..,4.0
foxa,1vtn,MA1683.1.jaspar,4,1vtn_state_003_MA1683.1.jaspar.npz,state,3.0,7,0.8048549483137094,0.13249318650092132,0.12665953591684714,7,0.7509947995273559,0.11574638763392743,0.13658952227223675,7,9.338750234015516,TATAAAC..,5.0
foxa,1vtn,MA1683.1.jaspar,4,1vtn_state_004_MA1683.1.jaspar.npz,state,4.0,7,0.3989169526927682,0.2350915604952856,0.27954578326344215,7,0.4760396441550913,0.19459495299711957,0.2437595706544326,7,7.78092700927103,AATGCAC..,2.0
foxa,1vtn,MA1683.1.jaspar,4,1vtn_state_008_MA1683.1.jaspar.npz,state,8.0,7,0.9106902208887646,0.09194135281307224,0.06093911685650044,7,0.7073345723696892,0.1564879691743824,0.1550392805753509,7,7.172838266342859,TATAAAA..,5.0
foxa,1vtn,MA1683.1.jaspar,4,1vtn_state_009_MA1683.1.jaspar.npz,state,9.0,7,0.5912484950581252,0.1774848782889811,0.19866865165317546,7,0.4546577648136995,0.2244867854044839,0.2590531080690603,7,6.882659010622514,TATTCAT..,4.0
foxa,1vtn,MA1683.1.jaspar,4,1vtn_state_014_MA1683.1.jaspar.npz,state,14.0,7,0.5001452350332616,0.2105083655728127,0.28443134497812467,7,0.6036983082749188,0.17945975758110372,0.2274619337433175,7,10.173328099776485,AATAATC..,3.0
foxa,1vtn,MA1683.1.jaspar,4,1vtn_state_015_MA1683.1.jaspar.npz,state,15.0,7,0.6896818518643495,0.1652794175939302,0.189977405709613,7,0.8075414096179105,0.1176568697555922,0.12354004431606172,7,9.475472748434678,ATTAAAC..,4.0
foxa,1vtn,MA1683.1.jaspar,4,1vtn_state_016_MA1683.1.jaspar.npz,state,16.0,7,0.8171371231496334,0.10823678710793112,0.13031028446896564,7,0.8505418796572213,0.0980703868751464,0.10067299454210135,7,9.761827922551642,TTTAAAC..,5.0
foxa,1vtn,MA1683.1.jaspar,4,1vtn_state_017_MA1683.1.jaspar.npz,state,17.0,7,0.7741304358709935,0.12404549358013485,0.10653633129564093,7,0.6409762154538444,0.16439962964588112,0.1714439545072753,7,7.232076999233426,AATGAAT..,4.0
foxa,1vtn,MA1683.1.jaspar,4,1vtn_state_019_MA1683.1.jaspar.npz,state,19.0,7,0.10938514660899594,0.3135967098808448,0.45828840954782635,7,0.2974021327313299,0.2767077656753827,0.3822228325553502,7,7.847546421163073,CTTACCC..,2.0
foxa,1vtn,MA1683.1.jaspar,4,1vtn_state_020_MA1683.1.jaspar.npz,state,20.0,7,0.8945391274707969,0.08596855510924277,0.06117025447205966,7,0.6521813835454884,0.17034160026897943,0.19370874829553975,7,8.49392448639767,TATAAAT..,6.0
foxa,1vtn,MA1683.1.jaspar,4,1vtn_state_021_MA1683.1.jaspar.npz,state,21.0,7,0.5832249943752388,0.19711959728738293,0.2678572597016142,7,0.6792800332515331,0.15867551608659727,0.2069842844799549,7,10.534465104011677,GTTAAAC..,4.0
foxa,1vtn,MA1683.1.jaspar,4,1vtn_state_022_MA1683.1.jaspar.npz,state,22.0,7,0.8716417407369615,0.09234346819825337,0.07712678877126557,7,0.7991828825297358,0.10801896262481543,0.10936305062290662,7,9.506688451136055,TATAAAC..,5.0
foxa,1vtn,MA1683.1.jaspar,4,1vtn_state_023_MA1683.1.jaspar.npz,state,23.0,7,0.6761616568067471,0.15839346346911043,0.17318869534735762,7,0.7511269508362022,0.11452952168266554,0.11978552631305762,7,8.402682085091516,TATACAC..,4.0
foxa,1vtn,MA1683.1.jaspar,4,1vtn_state_024_MA1683.1.jaspar.npz,state,24.0,7,0.3325697136728892,0.2497557975924186,0.36098903241980856,6,0.1858078307407077,0.2941087443808404,0.4574781960938441,6,9.712715124211673,.AGTAAAC.,2.0
foxa,1vtn,MA1683.1.jaspar,4,1vtn_state_026_MA1683.1.jaspar.npz,state,26.0,7,0.25189322996364466,0.28112057630330256,0.3718773480667595,7,0.3103478456863851,0.27276237168656997,0.3531426642791517,7,8.483062372379315,TATCTCC..,2.0
foxa,1vtn,MA1683.1.jaspar,4,1vtn_state_027_MA1683.1.jaspar.npz,state,27.0,7,0.34314086194720744,0.23782939347854284,0.33182888773525454,7,0.17221027355474958,0.3004736643800113,0.445568202471503,7,9.717312479938021,TATAGGA..,3.0
foxa,1vtn,MA1683.1.jaspar,4,1vtn_state_028_MA1683.1.jaspar.npz,state,28.0,7,0.7458715612605848,0.14681589354794206,0.15152071994673993,7,0.8208395917519691,0.11100227328798999,0.09726942306982521,7,7.826314164281249,TATAAAC..,5.0
foxa,1vtn,MA1683.1.jaspar,4,1vtn_state_030_MA1683.1.jaspar.npz,state,30.0,7,0.4345841206424701,0.2265374117549592,0.2799265413701951,7,0.5554675857774973,0.1767795339453317,0.21162432330148015,7,7.638805993085585,AATACCC..,2.0
foxa,1vtn,MA1683.1.jaspar,4,1vtn_state_031_MA1683.1.jaspar.npz,state,31.0,7,0.728784315752393,0.1464303168676062,0.14072681565026832,7,0.6263231738413302,0.17963622433100163,0.19435861454986375,7,8.072404928065328,AATAAAT..,5.0
foxa,1vtn,MA1683.1.jaspar,4,1vtn_state_033_MA1683.1.jaspar.npz,state,33.0,7,0.5497063150289585,0.21606605772311532,0.29980919011528767,7,0.5721208614651074,0.1945096617980328,0.2732665597532606,7,10.908656907714988,TTTCAAC..,4.0
foxa,1vtn,MA1683.1.jaspar,4,1vtn_state_034_MA1683.1.jaspar.npz,state,34.0,7,0.8242114028324655,0.10332474240151766,0.11028006873314954,7,0.8376525536773983,0.0958936983037607,0.09368771847279478,7,9.453252398487582,TATAAAC..,5.0
foxa,1vtn,MA1683.1.jaspar,4,1vtn_state_036_MA1683.1.jaspar.npz,state,36.0,6,0.7773674414205585,0.1471095736778807,0.17367750813901908,6,0.9697959063506062,0.06600191912245161,0.04956678345401221,6,8.78802738432515,.GTAAAC..,5.0
foxa,1vtn,MA1683.1.jaspar,4,1vtn_state_037_MA1683.1.jaspar.npz,state,37.0,7,0.5419170590940474,0.20610135421572653,0.2465871542978007,7,0.6185355113047856,0.17015997961529397,0.20461990829259355,7,9.483764224580266,AATTAAC..,3.0
foxa,1vtn,MA1683.1.jaspar,4,1vtn_state_038_MA1683.1.jaspar.npz,state,38.0,7,0.675254356799119,0.17644602013336094,0.1824824965315416,7,0.8809808469415222,0.10473724323258336,0.084268655433516,7,7.884265579862586,GGTAAAC..,5.0
foxa,1vtn,MA1683.1.jaspar,4,1vtn_state_039_MA1683.1.jaspar.npz,state,39.0,7,0.039278125335584495,0.35046136805405176,0.5221568464852303,7,0.18810329781233068,0.3025008307470541,0.4477757228133781,7,10.343770016669946,GTTCTCC..,1.0
foxa,1vtn,MA1683.1.jaspar,4,1vtn_state_040_MA1683.1.jaspar.npz,state,40.0,7,0.4883811159020069,0.2114207792120786,0.2664627748612577,7,0.6084709332465221,0.1760813284615454,0.20106922167534982,7,7.645794537932245,TTTACCC..,3.0
foxa,1vtn,MA1683.1.jaspar,4,1vtn_state_041_MA1683.1.jaspar.npz,state,41.0,7,0.8725576361003012,0.09250393654136653,0.0740614539333085,7,0.7576171051234545,0.1112821624847129,0.11273979685298663,7,7.700083436102132,TATAAAC..,5.0
foxa,1vtn,MA1683.1.jaspar,4,1vtn_state_043_MA1683.1.jaspar.npz,state,43.0,7,0.8903870515860663,0.09001034581784292,0.06904965605063103,7,0.7206884175998546,0.1269031743868254,0.1339982175031254,7,8.929589111719325,TATAAAT..,6.0
foxa,1vtn,MA1683.1.jaspar,4,1vtn_state_045_MA1683.1.jaspar.npz,state,45.0,7,0.7874509051856233,0.13639349099581263,0.12128355991104536,7,0.668717204321654,0.16928628183086403,0.17052604358581938,7,7.309239201411387,TATAAAC..,5.0
foxa,1vtn,MA1683.1.jaspar,4,1vtn_state_046_MA1683.1.jaspar.npz,state,46.0,7,0.9186934672934779,0.07975911139094803,0.05572816248357223,7,0.7004798869014993,0.15394437710555003,0.1615505042460033,7,7.115192107328888,TTTAAAT..,6.0
foxa,1vtn,MA1683.1.jaspar,4,1vtn_state_047_MA1683.1.jaspar.npz,state,47.0,5,-0.11552590135169186,0.3831053202098701,0.5921942005960792,5,0.14790904815667003,0.31189340067794546,0.4584779597542858,5,5.860670591380636,..TTCCC..,1.0
foxa,1vtn,MA1683.1.jaspar,4,1vtn_state_048_MA1683.1.jaspar.npz,state,48.0,7,0.6159194778543939,0.1788389161062826,0.2089479009176725,7,0.7538253453288828,0.13557781441652747,0.13801434453238592,7,8.505730463803967,ATTAAAC..,4.0
foxa,1vtn,MA1683.1.jaspar,4,1vtn_state_049_MA1683.1.jaspar.npz,state,49.0,7,0.6809657690186457,0.16595286735797085,0.19722215802094015,7,0.7731230111059002,0.12734215913587832,0.13819909727032334,7,10.345211613946615,AATAAAC..,4.0
foxa,1vtn,MA1683.1.jaspar,4,1vtn_state_050_MA1683.1.jaspar.npz,state,50.0,7,0.2793205978876204,0.25839181246452164,0.3508690386473434,7,0.19955104209202462,0.2915188490296714,0.4040316660892588,7,8.117021424092165,CATATTT..,3.0
foxa,1vtn,MA1683.1.jaspar,4,1vtn_state_051_MA1683.1.jaspar.npz,state,51.0,7,0.7152355714638697,0.14697839701381912,0.16589915225730806,7,0.7404846571988313,0.12994802687067672,0.13419965812818288,7,8.725075145167635,TATAAAC..,5.0
foxa,1vtn,MA1683.1.jaspar,4,1vtn_state_052_MA1683.1.jaspar.npz,state,52.0,7,0.5078162063959913,0.2247064178601639,0.30728539045341446,7,0.6159690410541813,0.1782754878097746,0.2401443596070521,7,9.70838517318028,CTTAAAC..,4.0
foxa,1vtn,MA1683.1.jaspar,4,1vtn_state_053_MA1683.1.jaspar.npz,state,53.0,7,0.7482763360875437,0.11391491950572734,0.12006586428765721,7,0.6134089593453689,0.17454360028828628,0.1736393278622144,7,7.045444162099201,TATACAT..,5.0
foxa,1vtn,MA1683.1.jaspar,4,1vtn_state_054_MA1683.1.jaspar.npz,state,54.0,7,0.6555286605343108,0.17691049242940998,0.20916354140545956,7,0.6180840600542147,0.16832312700405186,0.22320065250327306,7,9.726453599465419,TATAGAC..,4.0
foxa,1vtn,MA1683.1.jaspar,4,1vtn_state_055_MA1683.1.jaspar.npz,state,55.0,7,0.6004431864296579,0.19598176865422698,0.21288676532360612,7,0.6846140172630798,0.15374085059322948,0.1588179508999829,7,8.358359437644314,AATCAAC..,3.0
foxa,1vtn,MA1683.1.jaspar,4,1vtn_state_058_MA1683.1.jaspar.npz,state,58.0,7,0.2834072368081764,0.2839589464225095,0.4184975707444872,7,0.3830424650581768,0.2539155666321936,0.3652384990444086,7,10.103527774781956,CATTCAC..,2.0
foxa,1vtn,MA1683.1.jaspar,4,1vtn_state_059_MA1683.1.jaspar.npz,state,59.0,7,0.6464446825616971,0.16881389004577482,0.22242905275595398,7,0.7731664037668625,0.12924915576669654,0.15336028266226423,7,10.430635696384948,ATTAAAC..,4.0
foxa,1vtn,MA1683.1.jaspar,4,1vtn_state_060_MA1683.1.jaspar.npz,state,60.0,5,0.006616421796319621,0.3550006706442218,0.5665565842385107,5,0.20442951617069072,0.2829166425392032,0.4561810741462991,5,7.487179052199204,..TTTCC..,1.0
foxa,1vtn,MA1683.1.jaspar,4,1vtn_state_061_MA1683.1.jaspar.npz,state,61.0,7,0.3978706707494507,0.2032314146594477,0.24528319234407228,7,0.34518721351091947,0.24106369742990605,0.2735136905638746,7,5.514237903471925,TTCACAT..,4.0
foxa,1vtn,MA1683.1.jaspar,4,1vtn_state_062_MA1683.1.jaspar.npz,state,62.0,7,0.8089934656125156,0.11629046239041989,0.09583459244326001,7,0.7526529500657066,0.13924376991677231,0.11968174709769798,7,6.4615138004669275,AGTAAAT..,6.0
foxa,1vtn,MA1683.1.jaspar,4,1vtn_state_063_MA1683.1.jaspar.npz,state,63.0,7,0.8002602988666825,0.11511427663832105,0.1061439293841702,7,0.6204945530523048,0.16178360398875416,0.17788963212841158,7,8.022316091107305,TATACAT..,5.0
foxa,1vtn,MA1683.1.jaspar,4,1vtn_state_064_MA1683.1.jaspar.npz,state,64.0,7,0.733004466413258,0.14838556003607145,0.16492453761008946,7,0.7916885048867064,0.12390331963875464,0.13287947243976078,7,8.283929181528418,TATAAAC..,5.0
foxa,1vtn,MA1683.1.jaspar,4,1vtn_state_065_MA1683.1.jaspar.npz,state,65.0,7,0.5066641630488409,0.2106187678000424,0.2441208106746339,7,0.2985299351491368,0.26292950101196766,0.345329948490879,7,8.03989553708238,TATTGAA..,3.0
foxa,1vtn,MA1683.1.jaspar,4,1vtn_state_067_MA1683.1.jaspar.npz,state,67.0,7,0.6642129696115047,0.16068391732655332,0.191941027971864,7,0.7023066081563853,0.13752191753259727,0.1633278940715955,7,9.301916681200856,TATATAC..,4.0
foxa,1vtn,MA1683.1.jaspar,4,1vtn_state_068_MA1683.1.jaspar.npz,state,68.0,7,0.803314292018035,0.11914026101502324,0.10369285325427105,7,0.7258370907123248,0.13486280300587947,0.1337706589380536,7,8.106360776230616,AATAAAT..,5.0
foxa,1vtn,MA1683.1.jaspar,4,1vtn_state_069_MA1683.1.jaspar.npz,state,69.0,7,0.780293525261276,0.12650612866647343,0.1425973859653397,7,0.8144781181951892,0.11221244618354831,0.10598016586055313,7,9.436724672229943,TATAAAC..,5.0
foxa,1vtn,MA1683.1.jaspar,4,1vtn_state_070_MA1683.1.jaspar.npz,state,70.0,6,0.1397639061605388,0.27923243955592625,0.39849883621956816,5,0.004494734997215443,0.3329352651722729,0.5022399840093412,5,5.967815194103108,..CGATGG.,1.0
foxa,1vtn,MA1683.1.jaspar,4,1vtn_state_071_MA1683.1.jaspar.npz,state,71.0,7,0.8219126206701901,0.1144341104040255,0.10700101849631587,7,0.8612585595545015,0.07868549966951832,0.0818978348802614,7,9.060617088853284,AATAAAC..,4.0
foxa,1vtn,MA1683.1.jaspar,4,1vtn_state_072_MA1683.1.jaspar.npz,state,72.0,7,0.393868748886355,0.2478759705180502,0.3408167923340598,7,0.4654742903014224,0.21823223371757194,0.30157858103023616,7,9.263006909183563,CATGAAC..,3.0
foxa,1vtn,MA1683.1.jaspar,4,1vtn_state_073_MA1683.1.jaspar.npz,state,73.0,7,0.5659245566921826,0.20781819634222692,0.23049973147627853,7,0.6342665017428185,0.1756930592070733,0.20547330550852463,7,8.714937985717558,AATAAAC..,4.0
foxa,1vtn,MA1683.1.jaspar,4,1vtn_state_075_MA1683.1.jaspar.npz,state,75.0,7,0.8273539277073572,0.12252642830467916,0.10634838751618467,7,0.5900430182762668,0.1854439909179096,0.21573112553016882,7,8.34769100904224,TATAAAT..,6.0
foxa,1vtn,MA1683.1.jaspar,4,1vtn_state_076_MA1683.1.jaspar.npz,state,76.0,7,0.7182541362541633,0.14924432805439988,0.1713004787548826,7,0.7595926753844016,0.12359896758321806,0.15582543331321477,7,8.800700149256297,CTTAAAC..,4.0
foxa,1vtn,MA1683.1.jaspar,4,1vtn_state_078_MA1683.1.jaspar.npz,state,78.0,7,0.662358858397906,0.17304559559228697,0.231285113315117,7,0.7172045485508668,0.14396928768422054,0.18454758341132269,7,10.798874202211838,CATAAAC..,4.0
foxa,1vtn,MA1683.1.jaspar,4,1vtn_state_079_MA1683.1.jaspar.npz,state,79.0,7,0.8054211037116688,0.1360894718485984,0.15150995368438844,7,0.7906562811285721,0.12147761492399566,0.1365569460521643,7,11.38609902628921,TATAAAC..,5.0
foxa,1vtn,MA1683.1.jaspar,4,1vtn_state_080_MA1683.1.jaspar.npz,state,80.0,7,0.4891433698452484,0.21186229804879986,0.27005724454205576,7,0.516210801330893,0.1994167868230891,0.25584049153843474,7,9.139949506017416,TATAGAC..,4.0
foxa,1vtn,MA1683.1.jaspar,4,1vtn_state_081_MA1683.1.jaspar.npz,state,81.0,7,0.8178585952083252,0.11630453043783616,0.10190395967890986,7,0.7701007229475122,0.11901029000208448,0.11720880168684236,7,7.589558435355769,ATTAAAT..,5.0
foxa,1vtn,MA1683.1.jaspar,4,1vtn_state_082_MA1683.1.jaspar.npz,state,82.0,6,0.17566678177244063,0.30954590024096734,0.44434505540723873,6,0.34330982891158673,0.2552926538628526,0.37146231376742983,6,8.02316051991929,.TTATCC..,2.0
foxa,1vtn,MA1683.1.jaspar,4,1vtn_state_083_MA1683.1.jaspar.npz,state,83.0,7,0.761546183261752,0.1419792661493245,0.15504852414038753,7,0.7874186200460371,0.12607557989706816,0.12593453665958174,7,8.426385639423112,TATAAAC..,5.0
foxa,1vtn,MA1683.1.jaspar,4,1vtn_state_084_MA1683.1.jaspar.npz,state,84.0,7,0.7606908918776238,0.13612454313053085,0.15382877218769098,7,0.8465766813776148,0.10107989746029489,0.0995463612657389,7,10.4004913065659,GATAAAC..,4.0
foxa,1vtn,MA1683.1.jaspar,4,1vtn_state_087_MA1683.1.jaspar.npz,state,87.0,7,0.58781750247386,0.18634631137164043,0.1978993636129686,7,0.4700392263422681,0.19424383039170476,0.2309227173468317,7,7.361609085645339,TATAACT..,5.0
foxa,1vtn,MA1683.1.jaspar,4,1vtn_state_088_MA1683.1.jaspar.npz,state,88.0,7,0.6526735449862786,0.1771014544688764,0.1815867951258086,7,0.6430719624871859,0.16878075286513194,0.18344748078671344,7,7.276609233037781,TATCAAC..,4.0
foxa,1vtn,MA1683.1.jaspar,4,1vtn_state_089_MA1683.1.jaspar.npz,state,89.0,7,0.6720176267871425,0.16504807764015691,0.1645868297353816,7,0.6174554667963174,0.1812518067475009,0.1780808714903545,7,8.585587858821508,AATACAT..,4.0
foxa,1vtn,MA1683.1.jaspar,4,1vtn_state_090_MA1683.1.jaspar.npz,state,90.0,7,0.6347053275965152,0.19152938716329768,0.21430725640797244,7,0.7260056850029571,0.14185318436440347,0.15153139569900273,7,9.784603148316153,AATAAAC..,4.0
foxa,1vtn,MA1683.1.jaspar,4,1vtn_state_092_MA1683.1.jaspar.npz,state,92.0,7,0.520194050197978,0.19028923230195818,0.2261064140915289,7,0.3107081693582857,0.24810785978999256,0.3480928128917724,7,8.579909800197308,TATGGAA..,3.0
foxa,1vtn,MA1683.1.jaspar,4,ENSEMBLE_MEAN,ensemble_mean,,8,0.8006673938669836,0.14552724568275002,0.11000222694785021,7,0.8050626029511833,0.12266658655813252,0.10658971433900455,7,5.810159285329364,TATAAACC.,5.0
foxa,1vtn,MA1683.1.jaspar,5,1vtn_C_MA1683.1.jaspar.npz,crystal,,7,1.0,0.0,0.0,7,0.6697160819292116,0.16484307311475277,0.1496416758276749,7,4.446139394292631,ATTCCAC..,
foxa,1vtn,MA1683.1.jaspar,5,1vtn_state_001_MA1683.1.jaspar.npz,state,1.0,7,0.7851126959543095,0.1301985770696774,0.10888260796636044,7,0.5661040644279423,0.19967714372822748,0.21383470834425047,7,7.049640124226997,TGTCTAC..,4.0
foxa,1vtn,MA1683.1.jaspar,5,1vtn_state_002_MA1683.1.jaspar.npz,state,2.0,7,0.7055417329297988,0.1278662311046251,0.09440348423332444,7,0.46276135971458066,0.21754861110821366,0.24579869102225183,7,5.678575783693835,CTTACAC..,5.0
foxa,1vtn,MA1683.1.jaspar,5,1vtn_state_003_MA1683.1.jaspar.npz,state,3.0,7,0.7498420614608138,0.13864496692882053,0.09428502415283567,7,0.5528178055915028,0.180893080475341,0.20890164301542247,7,6.721415336082943,TTTACAC..,5.0
foxa,1vtn,MA1683.1.jaspar,5,1vtn_state_004_MA1683.1.jaspar.npz,state,4.0,7,0.6141868929951178,0.14733413438911416,0.15460718445601213,7,0.3680454273019888,0.20294782913489534,0.2894624909708779,7,6.995737526064021,TTTGCAC..,5.0
foxa,1vtn,MA1683.1.jaspar,5,1vtn_state_008_MA1683.1.jaspar.npz,state,8.0,7,0.66833852909276,0.13309086577334842,0.1220383106162587,7,0.8632550352741897,0.10592885366142062,0.08490077838546102,7,5.934814503961443,TGTGAAC..,3.0
foxa,1vtn,MA1683.1.jaspar,5,1vtn_state_009_MA1683.1.jaspar.npz,state,9.0,7,0.8704912979203334,0.09293321708849232,0.04527653472756923,7,0.28675699254832826,0.2504362593255272,0.29630109308901076,7,4.715870360091166,ATTCCAC..,7.0
foxa,1vtn,MA1683.1.jaspar,5,1vtn_state_014_MA1683.1.jaspar.npz,state,14.0,7,0.4687809540229216,0.22944868992116035,0.2629484842213032,7,0.1943087425340693,0.2929500592290424,0.4149304665704455,7,9.023514047289536,AATCTTC..,4.0
foxa,1vtn,MA1683.1.jaspar,5,1vtn_state_015_MA1683.1.jaspar.npz,state,15.0,7,0.7902449748171909,0.11252327310752921,0.08176541145570389,7,0.573690836164365,0.2111414859287574,0.20372414687119525,7,6.140811870654307,AGTCCGC..,5.0
foxa,1vtn,MA1683.1.jaspar,5,1vtn_state_016_MA1683.1.jaspar.npz,state,16.0,7,0.6946263371678771,0.18459062616706692,0.15541684675412962,7,0.5373979924704804,0.19627213537127577,0.23924117344027937,7,8.426025662181356,TTTACAC..,5.0
foxa,1vtn,MA1683.1.jaspar,5,1vtn_state_017_MA1683.1.jaspar.npz,state,17.0,7,0.7038249104245685,0.12328802834131888,0.08235858513545487,7,0.6169859683154351,0.19103812399719441,0.17834822186245614,7,4.125720121860221,ATTAAAG..,4.0
foxa,1vtn,MA1683.1.jaspar,5,1vtn_state_019_MA1683.1.jaspar.npz,state,19.0,7,0.7020505748839085,0.16891924735474667,0.16562437464926894,7,0.24239072239153603,0.2793573869317437,0.38464881165765474,7,8.293878153881346,CTTCCAC..,6.0
foxa,1vtn,MA1683.1.jaspar,5,1vtn_state_020_MA1683.1.jaspar.npz,state,20.0,7,0.5623825229440789,0.1592327296467764,0.17784304346870042,7,0.6155832027497181,0.1722521993464657,0.19163241560866995,7,7.611202332937601,TTTGAAC..,4.0
foxa,1vtn,MA1683.1.jaspar,5,1vtn_state_021_MA1683.1.jaspar.npz,state,21.0,7,0.7016662544878607,0.1372529586910137,0.11191655178985414,7,0.41347200755465785,0.2169378876486527,0.26752452746473027,7,6.246948323288202,ATTCATC..,5.0
foxa,1vtn,MA1683.1.jaspar,5,1vtn_state_022_MA1683.1.jaspar.npz,state,22.0,7,0.6468685335851334,0.17763897161265568,0.1567080381591452,7,0.8776214176284935,0.0983616942207196,0.07468549680803391,7,7.414713782149079,TGTGAAC..,3.0
foxa,1vtn,MA1683.1.jaspar,5,1vtn_state_023_MA1683.1.jaspar.npz,state,23.0,7,0.8273975072035378,0.13116430793888867,0.08572374443438471,7,0.5187316726120721,0.19751225242258183,0.22309387530803826,7,7.377878996060984,ATTCCAC..,7.0
foxa,1vtn,MA1683.1.jaspar,5,1vtn_state_024_MA1683.1.jaspar.npz,state,24.0,7,-0.11597466944591825,0.34372281561566825,0.4840124956979451,6,-0.319108291129232,0.4349746182463908,0.7030220006222625,6,9.71847198227433,.AACTTGC.,1.0
foxa,1vtn,MA1683.1.jaspar,5,1vtn_state_026_MA1683.1.jaspar.npz,state,26.0,7,0.4999804894545602,0.22509830156507502,0.2445306060334626,7,0.493279257167353,0.2084259967336298,0.28081488320166403,7,9.380861675266289,TTTATAC..,4.0
foxa,1vtn,MA1683.1.jaspar,5,1vtn_state_027_MA1683.1.jaspar.npz,state,27.0,7,0.4255965491538611,0.21605630714579352,0.23220702950568833,7,0.4045581180866579,0.20765015509511744,0.2855397073815736,7,8.129115455710824,ATTAGGC..,4.0
foxa,1vtn,MA1683.1.jaspar,5,1vtn_state_028_MA1683.1.jaspar.npz,state,28.0,7,0.6621281095811338,0.15447427665848018,0.139270567612349,7,0.7017627923218701,0.16204040172410064,0.15304373796874873,7,5.897142253755185,AATGTAC..,4.0
foxa,1vtn,MA1683.1.jaspar,5,1vtn_state_030_MA1683.1.jaspar.npz,state,30.0,7,0.5890251518898517,0.16396460999801224,0.14996198037635558,7,0.5836211281982135,0.17000333740309412,0.1974692818805342,7,6.534979678745778,TTTACCC..,4.0
foxa,1vtn,MA1683.1.jaspar,5,1vtn_state_031_MA1683.1.jaspar.npz,state,31.0,7,0.6711519008256015,0.13479774900978164,0.10272241075988153,7,0.6673968443730768,0.1861006151552179,0.16922224488350932,7,5.032991132974184,ATTAAAG..,4.0
foxa,1vtn,MA1683.1.jaspar,5,1vtn_state_033_MA1683.1.jaspar.npz,state,33.0,7,0.8061166550435304,0.13469811356584874,0.10813421375617281,7,0.38101921054659654,0.24885422830162238,0.3098927877207056,7,7.635633243104029,ATTCTAC..,6.0
foxa,1vtn,MA1683.1.jaspar,5,1vtn_state_034_MA1683.1.jaspar.npz,state,34.0,7,0.6843960934540404,0.14239258142853423,0.11894545049469915,7,0.8053579556018458,0.12637323889482235,0.1016207918300721,7,6.191211049519303,TGTGAAC..,3.0
foxa,1vtn,MA1683.1.jaspar,5,1vtn_state_036_MA1683.1.jaspar.npz,state,36.0,6,0.6219973390450894,0.17874696639288837,0.18062046145441132,6,0.6305216687454324,0.1767089882826743,0.21965213028063268,6,6.819738803858695,.GTTTAC..,3.0
foxa,1vtn,MA1683.1.jaspar,5,1vtn_state_037_MA1683.1.jaspar.npz,state,37.0,7,0.7235602863725946,0.14270095658555096,0.11723521499614462,7,0.7844931287356756,0.12839100990510946,0.11459594773628622,7,6.746612449829537,AGTGAAC..,4.0
foxa,1vtn,MA1683.1.jaspar,5,1vtn_state_038_MA1683.1.jaspar.npz,state,38.0,7,0.6240092525332126,0.16087765288206615,0.15719875122699833,7,0.7345053785541803,0.1669731543432655,0.15072046175614287,7,6.894823742230063,TATACAC..,4.0
foxa,1vtn,MA1683.1.jaspar,5,1vtn_state_039_MA1683.1.jaspar.npz,state,39.0,7,0.7940830062457901,0.14743866811789172,0.10691124002755432,7,0.28282061866936564,0.2671840391828612,0.3466265334179088,7,7.540170057785644,GTTCCAC..,6.0
foxa,1vtn,MA1683.1.jaspar,5,1vtn_state_040_MA1683.1.jaspar.npz,state,40.0,7,0.7648350632308639,0.12109278450121305,0.09249227817966972,7,0.7127922750995189,0.16651342375137443,0.15214092391401993,7,6.4471281517423975,TTTACAC..,5.0
foxa,1vtn,MA1683.1.jaspar,5,1vtn_state_041_MA1683.1.jaspar.npz,state,41.0,7,0.6702609334096926,0.13704071440068738,0.09883360602561676,7,0.8214980849936188,0.13883853564038873,0.1093992933579387,7,4.654047947948984,TGTAAAG..,2.0
foxa,1vtn,MA1683.1.jaspar,5,1vtn_state_043_MA1683.1.jaspar.npz,state,43.0,7,0.6552851283495851,0.12580367866238312,0.11234097127684753,7,0.780520283381974,0.1503811641928873,0.12859236038293684,7,4.554365482162204,TTTGAAC..,4.0
foxa,1vtn,MA1683.1.jaspar,5,1vtn_state_045_MA1683.1.jaspar.npz,state,45.0,7,0.5686059498382341,0.17822127755997436,0.16094940141620095,7,0.5864217467366394,0.18320141712735807,0.19654983974525883,7,6.641744174443616,TTTGAAG..,3.0
foxa,1vtn,MA1683.1.jaspar,5,1vtn_state_046_MA1683.1.jaspar.npz,state,46.0,7,0.5824802411963249,0.16094306846415357,0.11893166144149077,7,0.6679105615369314,0.1892075911496899,0.16141166809324606,7,3.7503017562607432,TATACAC..,4.0
foxa,1vtn,MA1683.1.jaspar,5,1vtn_state_047_MA1683.1.jaspar.npz,state,47.0,5,0.21101182613263378,0.27306467544985935,0.35199000971819544,5,0.04093138900973359,0.3161685383762233,0.48666077499242394,5,5.349108227136505,..TTCCC..,3.0
foxa,1vtn,MA1683.1.jaspar,5,1vtn_state_048_MA1683.1.jaspar.npz,state,48.0,7,0.8115965738685519,0.12632143307876373,0.08150210570004497,7,0.7339421522235521,0.1342982267960906,0.13182473753662885,7,6.938187245301328,AGTACAC..,5.0
foxa,1vtn,MA1683.1.jaspar,5,1vtn_state_049_MA1683.1.jaspar.npz,state,49.0,7,0.5590491913493384,0.19490997737739235,0.20765244050575588,7,0.44303939876164256,0.21297171597169445,0.2698117733279209,7,7.99130224585806,AATGCAC..,5.0
foxa,1vtn,MA1683.1.jaspar,5,1vtn_state_050_MA1683.1.jaspar.npz,state,50.0,7,0.661850257608744,0.1778377214296987,0.15582330768773994,7,0.9063787507264892,0.08889526643490951,0.06546475908460425,7,8.523902177756465,AGTAAAC..,4.0
foxa,1vtn,MA1683.1.jaspar,5,1vtn_state_051_MA1683.1.jaspar.npz,state,51.0,7,0.7810124731166651,0.11812132663492646,0.08174845896539898,7,0.7487225826244565,0.14045460548784053,0.12480187293875038,7,5.62032907598269,ATTAAAC..,5.0
foxa,1vtn,MA1683.1.jaspar,5,1vtn_state_052_MA1683.1.jaspar.npz,state,52.0,7,0.53751782954247,0.19928380836998777,0.19508195980371085,7,0.2823565242337625,0.257510680006817,0.34623526445128416,7,7.478861097381565,CTTACCC..,4.0
foxa,1vtn,MA1683.1.jaspar,5,1vtn_state_053_MA1683.1.jaspar.npz,state,53.0,7,0.5871936040959626,0.16880092889602696,0.14371252892377812,7,0.6760463041546564,0.1533614576661161,0.14958704582476412,7,5.169822102955415,AGTACAC..,5.0
foxa,1vtn,MA1683.1.jaspar,5,1vtn_state_054_MA1683.1.jaspar.npz,state,54.0,7,0.5438101327777609,0.181519523512439,0.1923210151487255,7,0.3655815377487802,0.23114218122126268,0.3130403019662559,7,7.313507911505381,TTTGGAC..,4.0
foxa,1vtn,MA1683.1.jaspar,5,1vtn_state_055_MA1683.1.jaspar.npz,state,55.0,7,0.8458254573300976,0.11757406086793967,0.085509283344986,7,0.4249594630767242,0.19951215333172254,0.2636011815929689,7,7.488868483251332,ATTCCAC..,7.0
foxa,1vtn,MA1683.1.jaspar,5,1vtn_state_058_MA1683.1.jaspar.npz,state,58.0,7,0.6221330265770033,0.1470906869134134,0.14698176420963424,7,0.29910885252079944,0.24629019998662574,0.3262331259634448,7,6.699431026573389,GTTTCAC..,5.0
foxa,1vtn,MA1683.1.jaspar,5,1vtn_state_059_MA1683.1.jaspar.npz,state,59.0,7,0.8484249104919199,0.10977150985438909,0.07425039498641582,7,0.5338817247349344,0.1958369634313775,0.21938281362594747,7,7.021673677166062,ATTCAAC..,6.0
foxa,1vtn,MA1683.1.jaspar,5,1vtn_state_060_MA1683.1.jaspar.npz,state,60.0,5,0.3077355128306717,0.26014275609049947,0.3766117116911971,5,0.1983821957980771,0.28758932545315474,0.4753138035962313,5,7.497223003305409,..TTTCC..,2.0
foxa,1vtn,MA1683.1.jaspar,5,1vtn_state_061_MA1683.1.jaspar.npz,state,61.0,7,0.8244263173032256,0.10631726846830654,0.06659984474987288,7,0.45167734783148705,0.22444675212526427,0.24152501316901434,7,4.732622105356603,ACTCCAC..,6.0
foxa,1vtn,MA1683.1.jaspar,5,1vtn_state_062_MA1683.1.jaspar.npz,state,62.0,7,0.3486805664652105,0.22840107398639833,0.27548021251456806,7,0.18015350127157087,0.2935786843299866,0.40673226838718957,7,8.001815521318504,AATTCGC..,4.0
foxa,1vtn,MA1683.1.jaspar,5,1vtn_state_063_MA1683.1.jaspar.npz,state,63.0,7,0.6740829370603364,0.1290557976213417,0.08843112010382503,7,0.5566553214898528,0.19289874288785672,0.19841100599682998,7,4.208437108980421,TTTACAG..,4.0
foxa,1vtn,MA1683.1.jaspar,5,1vtn_state_064_MA1683.1.jaspar.npz,state,64.0,7,0.766185516191948,0.13835824859727705,0.1206579949569698,7,0.4976654662321947,0.2135069590128426,0.2516024961493425,7,7.509199309397917,TGTCTAC..,4.0
foxa,1vtn,MA1683.1.jaspar,5,1vtn_state_065_MA1683.1.jaspar.npz,state,65.0,7,0.4588505063470133,0.19427711299795192,0.20732666743496755,7,0.313604486065156,0.26863017022385194,0.33834429840354924,7,6.450767014655691,ACTGGAC..,4.0
foxa,1vtn,MA1683.1.jaspar,5,1vtn_state_067_MA1683.1.jaspar.npz,state,67.0,7,0.6540448048751094,0.16018945615672106,0.1411900212936323,7,0.7309340573938253,0.17187823779282294,0.1474605071549802,7,5.686628387926366,ATTAAAC..,5.0
foxa,1vtn,MA1683.1.jaspar,5,1vtn_state_068_MA1683.1.jaspar.npz,state,68.0,7,0.6670047983994027,0.14269053611704813,0.10508449520319789,7,0.8387206698280912,0.12889208543180888,0.09694638695617938,7,5.18864440075375,TGTAAAC..,3.0
foxa,1vtn,MA1683.1.jaspar,5,1vtn_state_069_MA1683.1.jaspar.npz,state,69.0,7,0.7342344282219634,0.1510966074503293,0.11302527973287038,7,0.7476514833472584,0.14617911692143284,0.13514773872035374,7,7.12032019192608,TGTACAC..,4.0
foxa,1vtn,MA1683.1.jaspar,5,1vtn_state_070_MA1683.1.jaspar.npz,state,70.0,6,-0.08529503406103754,0.3334664618130773,0.4923885716669759,5,0.34745045621687237,0.22115518967621028,0.3657834447169005,5,8.365945550283236,..AAATCG.,1.0
foxa,1vtn,MA1683.1.jaspar,5,1vtn_state_071_MA1683.1.jaspar.npz,state,71.0,7,0.7490992491871998,0.1425735142215022,0.10453843292657179,7,0.7394806247155257,0.14697175273405655,0.1325088154240611,7,7.254550377758603,TGTACAC..,4.0
foxa,1vtn,MA1683.1.jaspar,5,1vtn_state_072_MA1683.1.jaspar.npz,state,72.0,7,0.6440240716461699,0.17282323311415634,0.17438259122167912,7,0.36054016112978615,0.2309564614302612,0.3249670379072718,7,7.847412318529618,GTTGCAC..,5.0
foxa,1vtn,MA1683.1.jaspar,5,1vtn_state_073_MA1683.1.jaspar.npz,state,73.0,7,0.5739330836525016,0.167292643188765,0.1824931496016172,7,0.3338526110844589,0.23506341816391796,0.3219544561912615,7,7.296435507083316,ATTGGAC..,5.0
foxa,1vtn,MA1683.1.jaspar,5,1vtn_state_075_MA1683.1.jaspar.npz,state,75.0,7,0.6358650674014626,0.15226338800442005,0.12203131807041372,7,0.7102388145556645,0.15283292748167046,0.14685369791532268,7,5.754156105004041,TTTAAAC..,4.0
foxa,1vtn,MA1683.1.jaspar,5,1vtn_state_076_MA1683.1.jaspar.npz,state,76.0,7,0.6437281452606021,0.16330402812621156,0.15047975659301208,7,0.5743726009913002,0.16901784981434634,0.2141214482274729,7,7.623506386463112,TTTATAC..,4.0
foxa,1vtn,MA1683.1.jaspar,5,1vtn_state_078_MA1683.1.jaspar.npz,state,78.0,7,0.8176825976026388,0.14961004410205142,0.12123520983280192,7,0.7571000575781176,0.1198321919821735,0.1299589784470984,7,9.04339462217514,AGTCAAC..,5.0
foxa,1vtn,MA1683.1.jaspar,5,1vtn_state_079_MA1683.1.jaspar.npz,state,79.0,7,0.6598181881222851,0.1622014659723001,0.1450876713064606,7,0.7963905637941671,0.12680743478371628,0.11692330175760961,7,8.014060051328528,TGTACAC..,4.0
foxa,1vtn,MA1683.1.jaspar,5,1vtn_state_080_MA1683.1.jaspar.npz,state,80.0,7,0.5999797311792207,0.17335564217397145,0.16981217124725356,7,0.4904974802283063,0.19978157031748975,0.24555309688078686,7,7.0308003512681605,TTTGGAC..,4.0
foxa,1vtn,MA1683.1.jaspar,5,1vtn_state_081_MA1683.1.jaspar.npz,state,81.0,7,0.6494343557965783,0.131081129490797,0.11545161079291691,7,0.780535996082238,0.14075270368318474,0.12002989633723309,7,5.5274999015767685,TGTGAAC..,3.0
foxa,1vtn,MA1683.1.jaspar,5,1vtn_state_082_MA1683.1.jaspar.npz,state,82.0,6,0.3982093613806404,0.22713653243651302,0.27541044346947124,6,0.3436985036824433,0.2490001821909876,0.3432268733115549,6,6.872444188788568,.ATTTCC..,2.0
foxa,1vtn,MA1683.1.jaspar,5,1vtn_state_083_MA1683.1.jaspar.npz,state,83.0,7,0.5861191690852391,0.17608148268690066,0.1533829580749694,7,0.8348259171404999,0.13447455193714372,0.10605684507169943,7,5.760237993049509,TGTAAAC..,3.0
foxa,1vtn,MA1683.1.jaspar,5,1vtn_state_084_MA1683.1.jaspar.npz,state,84.0,7,0.7368362299167525,0.12294191960245371,0.09768485105535188,7,0.877334047819426,0.11614932272849339,0.08419108795155897,7,5.861942450675208,ATTAAAC..,5.0
foxa,1vtn,MA1683.1.jaspar,5,1vtn_state_087_MA1683.1.jaspar.npz,state,87.0,7,0.6063828010472461,0.1450592109135219,0.12835948282509577,7,0.7006804896070312,0.1395344947065626,0.13710131992732064,7,5.845996241646141,TATACAC..,4.0
foxa,1vtn,MA1683.1.jaspar,5,1vtn_state_088_MA1683.1.jaspar.npz,state,88.0,7,0.7934008112346714,0.11453630386053451,0.06846932469215455,7,0.7232038310865648,0.1491078202546175,0.13668768824335517,7,5.789393489995748,TTTAAAC..,4.0
foxa,1vtn,MA1683.1.jaspar,5,1vtn_state_089_MA1683.1.jaspar.npz,state,89.0,7,0.560456052890206,0.18055917501416324,0.1615989494323397,7,0.6631759572331485,0.16934907149490236,0.1732053650446023,7,7.552874149978535,TGTACAG..,3.0
foxa,1vtn,MA1683.1.jaspar,5,1vtn_state_090_MA1683.1.jaspar.npz,state,90.0,7,0.7825390785825959,0.13934704556595534,0.10162246477378264,7,0.559627000001715,0.1917736344870978,0.22312650816949872,7,7.138282557131942,TTTACAC..,5.0
foxa,1vtn,MA1683.1.jaspar,5,1vtn_state_092_MA1683.1.jaspar.npz,state,92.0,7,0.3953779927758955,0.2166475698218814,0.23985960357496364,7,0.2316553033749095,0.25937220494129826,0.3604749266606338,7,7.338929453237278,TTTGGAG..,3.0
foxa,1vtn,MA1683.1.jaspar,5,ENSEMBLE_MEAN,ensemble_mean,,8,0.8686736480688698,0.08264197520421643,0.041269646427421876,7,0.7495112733351587,0.16052334055654285,0.14043025191486042,7,4.340392620070606,TTTACACC.,5.0
hsf,5d5u,MA0486.2.jaspar,1,5d5u_duplex_MA0486.2.jaspar.npz,crystal,,9,0.9999999999999998,0.0,0.0,9,0.8439389070430874,0.14545736179570667,0.13236266473995859,9,6.763125895264258,....GTTCCCGAA,
hsf,5d5u,MA0486.2.jaspar,1,5d5u_state_001_MA0486.2.jaspar.npz,state,1.0,8,-0.33814780836644653,0.33327370446640997,0.475022218148519,5,-0.36445474857395466,0.37352133845561186,0.5829853411785524,5,6.3870516589630295,.TTGTAAAT....,0.0
hsf,5d5u,MA0486.2.jaspar,1,5d5u_state_002_MA0486.2.jaspar.npz,state,2.0,8,-0.32978134530597664,0.34051500699715687,0.5203574789935966,5,-0.34768557665406563,0.3817573637410533,0.6223240605990592,5,7.3156586861441255,.TTCTGAAT....,0.0
hsf,5d5u,MA0486.2.jaspar,1,5d5u_state_003_MA0486.2.jaspar.npz,state,3.0,9,0.9462374627402472,0.057741603335469134,0.024112400928882716,9,0.7918368621372452,0.1580182935415198,0.15848575436335208,9,6.589748766811027,....TTTCTCGAA,7.0
hsf,5d5u,MA0486.2.jaspar,1,5d5u_state_005_MA0486.2.jaspar.npz,state,5.0,9,0.4826610371526469,0.18196345294644642,0.18008274155016452,9,0.33237549290131735,0.26373780511332573,0.3314543281670854,9,7.064707641070924,....TTTTCCGGA,6.0
hsf,5d5u,MA0486.2.jaspar,1,5d5u_state_006_MA0486.2.jaspar.npz,state,6.0,9,0.16329053905853974,0.23946889183328798,0.299743184666269,9,0.40592026452363866,0.22504254392697476,0.31036711427733144,9,7.903531397416366,....GTGGGAGAA,5.0
hsf,5d5u,MA0486.2.jaspar,1,5d5u_state_007_MA0486.2.jaspar.npz,state,7.0,9,0.8507887791295707,0.08300168773793201,0.06487129363698728,9,0.6717413210875794,0.1837470602347619,0.21910183891627213,9,8.686195309085909,....TTTCAGGAA,6.0
hsf,5d5u,MA0486.2.jaspar,1,5d5u_state_008_MA0486.2.jaspar.npz,state,8.0,9,0.18272089418676235,0.22904168646911988,0.2922211167952761,9,0.38821241285271335,0.23205747327625026,0.31841051900901346,9,8.03280409375886,....ATGGGAGAA,4.0
hsf,5d5u,MA0486.2.jaspar,1,5d5u_state_009_MA0486.2.jaspar.npz,state,9.0,9,0.6392137146576077,0.1459389318091174,0.14220744930946638,9,0.650595816393397,0.17141000033653755,0.1931597200961448,9,8.593186611238355,....AGTCCCGAA,7.0
hsf,5d5u,MA0486.2.jaspar,1,5d5u_state_010_MA0486.2.jaspar.npz,state,10.0,8,-0.2453209854091536,0.29294173812959345,0.39260113834676436,5,-0.23599343179002347,0.339762648899341,0.4930404901641082,5,4.429033565669727,.TCTTGAAT....,0.0
hsf,5d5u,MA0486.2.jaspar,1,5d5u_state_011_MA0486.2.jaspar.npz,state,11.0,9,0.159126449458846,0.21660894262863117,0.3002819119404116,9,0.21400171168872678,0.2844049690595259,0.42823850504416494,9,8.8766384563921,....TTGTAAGAA,4.0
hsf,5d5u,MA0486.2.jaspar,1,5d5u_state_012_MA0486.2.jaspar.npz,state,12.0,9,0.5977168206516892,0.13971684928724748,0.12381651757551297,9,0.6024149119479798,0.21481129300405477,0.24947310903758593,9,4.950460789554827,....ATGCTTGAA,5.0
hsf,5d5u,MA0486.2.jaspar,1,5d5u_state_013_MA0486.2.jaspar.npz,state,13.0,9,0.8477366592527544,0.09940928490282709,0.08004855761874595,9,0.7047429183071128,0.16797744838630832,0.19230960062917526,9,8.709706686037194,....ATTCCTGAA,7.0
hsf,5d5u,MA0486.2.jaspar,1,5d5u_state_014_MA0486.2.jaspar.npz,state,14.0,6,0.39679987027611346,0.24623261977831135,0.31025177372026136,6,0.35383537645008667,0.24925277292156048,0.41046809977334003,6,8.060439007159765,......TCAACT.,2.0
hsf,5d5u,MA0486.2.jaspar,1,5d5u_state_015_MA0486.2.jaspar.npz,state,15.0,9,0.13736129326906088,0.2232172156186102,0.29608211267983986,9,0.3132196424384424,0.2602230637308417,0.35920733581695624,9,7.381750658772084,....GTGGGTGAA,5.0
hsf,5d5u,MA0486.2.jaspar,1,5d5u_state_016_MA0486.2.jaspar.npz,state,16.0,9,0.22509749923602532,0.23101088897480318,0.2899337051839667,9,0.29673101114838024,0.2756308894960158,0.3863591899077576,9,8.45644085297405,....TTCGGTGAA,4.0
hsf,5d5u,MA0486.2.jaspar,1,5d5u_state_017_MA0486.2.jaspar.npz,state,17.0,9,0.29227348936709535,0.2046446448787012,0.2517956415870801,9,0.41365296743965835,0.2382754070212185,0.31924070428379187,9,8.11376450523453,....TTGGGAGAA,4.0
hsf,5d5u,MA0486.2.jaspar,1,5d5u_state_018_MA0486.2.jaspar.npz,state,18.0,9,0.42356276151103306,0.1933418821103664,0.23587997706277136,9,0.6043793985029583,0.17991012128833164,0.24776633840207948,9,8.798582749030317,....ATTGAAGAA,5.0
hsf,5d5u,MA0486.2.jaspar,1,5d5u_state_019_MA0486.2.jaspar.npz,state,19.0,9,0.41041714838289894,0.15161177818663418,0.17717714109586924,9,0.5175935940226346,0.22557131627561627,0.26861751712085,9,5.293097944794603,....TGGCCAGAA,5.0
hsf,5d5u,MA0486.2.jaspar,1,5d5u_state_020_MA0486.2.jaspar.npz,state,20.0,9,0.6941377043684499,0.13887802524388665,0.1197125340478477,9,0.5854640227654518,0.21244479076509984,0.2713523303720255,9,7.4343104573791265,....TTTGATGAA,5.0
hsf,5d5u,MA0486.2.jaspar,1,5d5u_state_021_MA0486.2.jaspar.npz,state,21.0,9,0.7470457647203367,0.1298901967529673,0.12291798865662822,9,0.6777699054725299,0.1776902634753949,0.22706197743469364,9,8.35565581971618,....ATTCGTGAA,6.0
hsf,5d5u,MA0486.2.jaspar,1,5d5u_state_022_MA0486.2.jaspar.npz,state,22.0,9,0.24808906627821428,0.19834376867705336,0.2383750601051989,9,0.3015826477480635,0.25714790928112863,0.3586674322715464,9,6.964625007913013,....TTGTATGAA,4.0
hsf,5d5u,MA0486.2.jaspar,1,5d5u_state_023_MA0486.2.jaspar.npz,state,23.0,9,0.2089474158900536,0.23055857013160777,0.28932228421976053,9,0.3826555452430026,0.2269968405631112,0.3252207127969783,9,9.391442196298577,....CTGTTAAAA,3.0
hsf,5d5u,MA0486.2.jaspar,1,5d5u_state_024_MA0486.2.jaspar.npz,state,24.0,9,0.41334795575271416,0.17407972415417639,0.205905443738222,9,0.4985806472490172,0.2209523658610932,0.28288148692871623,9,7.284546920027368,....TTTGGTGAA,5.0
hsf,5d5u,MA0486.2.jaspar,1,5d5u_state_025_MA0486.2.jaspar.npz,state,25.0,9,0.7782028753100637,0.1384244577396506,0.1293563912103119,9,0.8631418981180605,0.1197397854929376,0.12539258394952396,9,10.197798610062794,....TTTCCAGAA,7.0
hsf,5d5u,MA0486.2.jaspar,1,5d5u_state_026_MA0486.2.jaspar.npz,state,26.0,9,0.4311163789634485,0.19299852185779148,0.21414025926341138,9,0.5850437718065964,0.19317358995774864,0.25398309095186544,9,8.000691192515399,....TTTGGAGAA,5.0
hsf,5d5u,MA0486.2.jaspar,1,5d5u_state_027_MA0486.2.jaspar.npz,state,27.0,8,-0.30891421714070805,0.32791159946937115,0.4783059050987471,5,-0.327001344450142,0.37202249360852874,0.579765008522954,5,6.799554263988716,.TTGTGAAT....,0.0
hsf,5d5u,MA0486.2.jaspar,1,5d5u_state_028_MA0486.2.jaspar.npz,state,28.0,9,0.43387871207717416,0.17690969200339168,0.20634397905590995,9,0.5083220848971589,0.21875031425346,0.27991036453387674,9,7.590635076196647,....TTTGGTGAA,5.0
hsf,5d5u,MA0486.2.jaspar,1,5d5u_state_029_MA0486.2.jaspar.npz,state,29.0,9,0.4232571998325694,0.17279972346861744,0.20095467156988223,9,0.4731268104029429,0.22919959472427662,0.29014874324743545,9,7.005520550185613,....TTTGGAGGA,4.0
hsf,5d5u,MA0486.2.jaspar,1,5d5u_state_030_MA0486.2.jaspar.npz,state,30.0,9,0.41030582473731786,0.1989629792385838,0.2257467312187056,9,0.5618793658989946,0.19422848376173837,0.25983504494259174,9,8.182310791376635,....TTTGGAGAA,5.0
hsf,5d5u,MA0486.2.jaspar,1,5d5u_state_031_MA0486.2.jaspar.npz,state,31.0,8,-0.27606901618243695,0.3121547500835732,0.44521056510764473,5,-0.2683301987956486,0.3526713552477304,0.5372941329985872,5,7.273026837522019,.TTGTGAAT....,0.0
hsf,5d5u,MA0486.2.jaspar,1,5d5u_state_032_MA0486.2.jaspar.npz,state,32.0,9,0.23671374140249635,0.2001462129345681,0.24359223594269228,9,0.20047537828259865,0.29060654374835493,0.4081307181204204,9,7.1829339789329065,....TTGTATAAA,3.0
hsf,5d5u,MA0486.2.jaspar,1,5d5u_state_033_MA0486.2.jaspar.npz,state,33.0,9,0.3037199919709703,0.1831499426625669,0.21791647041332732,9,0.36812563226712197,0.24911855688616116,0.33296305614622745,9,6.758173431430565,....TTGTGTGAA,4.0
hsf,5d5u,MA0486.2.jaspar,1,5d5u_state_034_MA0486.2.jaspar.npz,state,34.0,8,-0.2511353954161346,0.3164858728880063,0.4419624760825685,5,-0.23634872736080562,0.34503922328003683,0.5312439435321042,5,6.174455922435069,.TTGTGAAT....,0.0
hsf,5d5u,MA0486.2.jaspar,1,5d5u_state_035_MA0486.2.jaspar.npz,state,35.0,9,0.8551933156874171,0.10501082769931397,0.06340924980790422,9,0.7538519347083182,0.17038404067473797,0.16712386853685723,9,6.012571028620839,....GTTCCCGAA,9.0
hsf,5d5u,MA0486.2.jaspar,1,5d5u_state_036_MA0486.2.jaspar.npz,state,36.0,9,0.7765308754923651,0.09850665082275453,0.06882990686254614,9,0.6556890498805577,0.19157853102660738,0.20844448327689477,9,6.198715309392147,....ATCCCCGAA,7.0
hsf,5d5u,MA0486.2.jaspar,1,5d5u_state_038_MA0486.2.jaspar.npz,state,38.0,8,-0.2812083668873122,0.3197791909100488,0.4476710061666063,5,-0.2999130916381334,0.3628250454145018,0.5515966125512379,5,6.40732642386112,.TCCTGAAT....,0.0
hsf,5d5u,MA0486.2.jaspar,1,5d5u_state_039_MA0486.2.jaspar.npz,state,39.0,9,0.33718105305595913,0.2005989978917771,0.24045854320602983,9,0.5312323789731552,0.2148120713439615,0.27210799017577325,9,7.478628784792437,....TTTGGAGGA,4.0
hsf,5d5u,MA0486.2.jaspar,1,5d5u_state_040_MA0486.2.jaspar.npz,state,40.0,9,0.3007863472909499,0.22030033382017994,0.2582273570335396,9,0.4652562994459879,0.2301164644142975,0.29455631035545066,9,7.725118977313357,....GTTGGAGGA,5.0
hsf,5d5u,MA0486.2.jaspar,1,5d5u_state_041_MA0486.2.jaspar.npz,state,41.0,9,0.7622784345437223,0.11929413941430135,0.08708564970099728,9,0.7423805365149221,0.16037733840898405,0.16222019942591076,9,6.528915563840922,....AGTCCAAAA,5.0
hsf,5d5u,MA0486.2.jaspar,1,5d5u_state_042_MA0486.2.jaspar.npz,state,42.0,9,0.361739221483181,0.16054501613446823,0.17015620673705892,9,0.3708279541150744,0.2559709621224708,0.31483851418213293,9,4.97218761461236,....TTGTATGAA,4.0
hsf,5d5u,MA0486.2.jaspar,1,5d5u_state_043_MA0486.2.jaspar.npz,state,43.0,9,0.2947281051166781,0.1852204378357985,0.19336237227454092,9,0.32661557951314607,0.2595447248669289,0.3290563441463837,9,5.00196203104851,....TTGTAAAAA,3.0
hsf,5d5u,MA0486.2.jaspar,1,5d5u_state_044_MA0486.2.jaspar.npz,state,44.0,8,-0.20876615285861178,0.309133991249837,0.4143923369799687,5,-0.23235552827864553,0.3499630884791259,0.5226231803284244,5,6.362152182687929,.TTTTGAAT....,0.0
hsf,5d5u,MA0486.2.jaspar,1,5d5u_state_045_MA0486.2.jaspar.npz,state,45.0,9,0.7095142985927624,0.1507045942125842,0.13138961575355726,9,0.6935928703115929,0.18910565802555843,0.21080906918434605,9,7.430625752651229,....TTTCCAGGA,6.0
hsf,5d5u,MA0486.2.jaspar,1,5d5u_state_047_MA0486.2.jaspar.npz,state,47.0,9,0.756846627118025,0.1247895833156589,0.10184231739332271,9,0.6777851739205193,0.17738530787108983,0.20689444351170047,9,6.94904650328624,....GTTCCTGAA,8.0
hsf,5d5u,MA0486.2.jaspar,1,5d5u_state_048_MA0486.2.jaspar.npz,state,48.0,9,0.4010112655039856,0.18839331426554257,0.21589656409390548,9,0.4915568587651136,0.21914522354685081,0.28474653139348616,9,7.428442527345432,....TTTGGTGAA,5.0
hsf,5d5u,MA0486.2.jaspar,1,5d5u_state_049_MA0486.2.jaspar.npz,state,49.0,9,0.36155312387881117,0.18791224578550705,0.21942128241022052,9,0.5555635634684641,0.2102142196349127,0.26447955945475154,9,6.763775907434454,....TTGTGAGAA,4.0
hsf,5d5u,MA0486.2.jaspar,1,5d5u_state_050_MA0486.2.jaspar.npz,state,50.0,9,0.40774297832999923,0.19371297916061142,0.23393877465919313,9,0.5999860608378451,0.19079345032999603,0.24259050711542615,9,8.4468330406326,....TTTGGAGAA,5.0
hsf,5d5u,MA0486.2.jaspar,1,5d5u_state_051_MA0486.2.jaspar.npz,state,51.0,9,0.4834425243323561,0.17522165690186536,0.1948373765134139,9,0.6160634836038897,0.17895062716302668,0.22710656135820084,9,7.856753283492699,....TTTGGAGAA,5.0
hsf,5d5u,MA0486.2.jaspar,1,5d5u_state_052_MA0486.2.jaspar.npz,state,52.0,9,0.3136027102010957,0.2031831629186248,0.23481674324009352,9,0.39521473927898665,0.2506124859824518,0.3337170976930257,9,6.617228388771814,....TTGTGTGAA,4.0
hsf,5d5u,MA0486.2.jaspar,1,5d5u_state_053_MA0486.2.jaspar.npz,state,53.0,9,0.4714156210739974,0.14563599706161767,0.1541872051545204,9,0.603002648560742,0.2023349025435487,0.23858051096285138,9,5.240812539761128,....TTTTAAGAA,5.0
hsf,5d5u,MA0486.2.jaspar,1,5d5u_state_054_MA0486.2.jaspar.npz,state,54.0,9,0.333053821474974,0.20295578939840198,0.21543652390430548,9,0.46853194695681094,0.23155874779331498,0.28851600438443165,9,6.492833556278701,....GTGTTAAAA,4.0
hsf,5d5u,MA0486.2.jaspar,1,5d5u_state_055_MA0486.2.jaspar.npz,state,55.0,9,0.8112248032517722,0.12589004259077935,0.09596085927294205,9,0.6705619320498076,0.17848649890705323,0.21644951813786464,9,9.556786180213365,....TTTCCTGAA,7.0
hsf,5d5u,MA0486.2.jaspar,1,5d5u_state_056_MA0486.2.jaspar.npz,state,56.0,8,-0.3374320883859153,0.36981481842231007,0.5604421789796251,5,-0.252960474123076,0.3785358672088478,0.6052019265798994,5,8.085172156648028,.TTAAGAAA....,0.0
hsf,5d5u,MA0486.2.jaspar,1,5d5u_state_057_MA0486.2.jaspar.npz,state,57.0,9,0.4391181780805365,0.18495381078941542,0.1955538953122448,9,0.43550934510623607,0.24286711392859514,0.3125735611530416,9,7.374936301031354,....TTGGGTGAA,4.0
hsf,5d5u,MA0486.2.jaspar,1,5d5u_state_058_MA0486.2.jaspar.npz,state,58.0,8,-0.25550272163604876,0.3198447783710435,0.44653827728900614,5,-0.270521840330166,0.3596199201943818,0.5487447035081303,5,6.541538740198918,.GTGTGAAT....,0.0
hsf,5d5u,MA0486.2.jaspar,1,5d5u_state_059_MA0486.2.jaspar.npz,state,59.0,8,-0.24867561323114845,0.31466812568251046,0.43670777419647633,5,-0.25098370062693914,0.3508827680314425,0.534059531463926,5,5.737628265320394,.TTTTGAAT....,0.0
hsf,5d5u,MA0486.2.jaspar,1,5d5u_state_060_MA0486.2.jaspar.npz,state,60.0,9,0.26222303562143484,0.2068887797003198,0.2475590460874617,9,0.45769182783037304,0.22618858793996172,0.30402559855205663,9,5.912079902361525,....GTGGGAGAA,5.0
hsf,5d5u,MA0486.2.jaspar,1,5d5u_state_061_MA0486.2.jaspar.npz,state,61.0,9,0.5888923293103476,0.12576144196403524,0.1248612680925686,9,0.5507269175483841,0.19386019841961874,0.23954027458022364,9,6.783897765533524,....GGTCTGAAA,5.0
hsf,5d5u,MA0486.2.jaspar,1,5d5u_state_062_MA0486.2.jaspar.npz,state,62.0,9,0.922239925417637,0.06433077530366266,0.02782731197465982,9,0.7651512907278112,0.16359546561660762,0.17622921157784313,9,6.759473773276298,....TTTCACGAA,7.0
hsf,5d5u,MA0486.2.jaspar,1,5d5u_state_063_MA0486.2.jaspar.npz,state,63.0,9,0.5107944756660888,0.17035435410475153,0.19452491771393385,9,0.6351063066120822,0.1666426451508111,0.21825271070924088,9,8.684496779083583,....TTTGCAGAA,6.0
hsf,5d5u,MA0486.2.jaspar,1,5d5u_state_064_MA0486.2.jaspar.npz,state,64.0,9,0.7399234483233329,0.10155691104268448,0.07965306193157569,9,0.731602456892281,0.17772714833457334,0.1955290063956253,9,5.372871548423037,....AGTCTGGAA,5.0
hsf,5d5u,MA0486.2.jaspar,1,5d5u_state_065_MA0486.2.jaspar.npz,state,65.0,9,0.6079217269390067,0.15701612976327953,0.14870635809773958,9,0.5223635772763023,0.2195337683628572,0.2838436470160541,9,7.114320112782462,....TTTCTTAAA,5.0
hsf,5d5u,MA0486.2.jaspar,1,5d5u_state_066_MA0486.2.jaspar.npz,state,66.0,8,-0.2914360602804102,0.33147769181523473,0.46940965096256465,5,-0.3144560855405873,0.37072487059631387,0.5794494018633942,5,5.771461019852802,.TCGTGAAT....,0.0
hsf,5d5u,MA0486.2.jaspar,1,5d5u_state_067_MA0486.2.jaspar.npz,state,67.0,9,0.2715865117500535,0.19732484674184686,0.25601876692956194,9,0.45409901839589706,0.22865287954078262,0.31166921968288963,9,7.167631529925635,....TTGGGAGAA,4.0
hsf,5d5u,MA0486.2.jaspar,1,5d5u_state_068_MA0486.2.jaspar.npz,state,68.0,9,0.8403025383420262,0.08726811032587041,0.057625566325222914,9,0.7853899695351869,0.17959514936471047,0.18016962458266533,9,5.0248791229250065,....TTTCTCGAA,7.0
hsf,5d5u,MA0486.2.jaspar,1,5d5u_state_069_MA0486.2.jaspar.npz,state,69.0,9,0.8436012458025728,0.09993489637660484,0.06301997462381381,9,0.733361913293844,0.1599180454925065,0.17854336397158124,9,6.612214247770801,....ATTCTGAAA,5.0
hsf,5d5u,MA0486.2.jaspar,1,5d5u_state_070_MA0486.2.jaspar.npz,state,70.0,9,0.23785939973650846,0.2126697969183119,0.2705721331911502,9,0.3469335914982714,0.2525979933012018,0.3430669908991948,9,8.347568904407137,....TTGGGTGAA,4.0
hsf,5d5u,MA0486.2.jaspar,1,5d5u_state_071_MA0486.2.jaspar.npz,state,71.0,9,0.8987112611405931,0.08049479738757429,0.04924190546827378,9,0.7384673646674776,0.16567308174691991,0.17595627621011192,9,7.77583770394412,....TTTCTCGAA,7.0
hsf,5d5u,MA0486.2.jaspar,1,5d5u_state_072_MA0486.2.jaspar.npz,state,72.0,8,-0.33105819935287856,0.30321666507516054,0.422152477137048,5,-0.23476729047077868,0.32786760363378564,0.4872883633462707,5,4.881030291396938,.TTTAGAAT....,0.0
hsf,5d5u,MA0486.2.jaspar,1,5d5u_state_073_MA0486.2.jaspar.npz,state,73.0,8,-0.2519654861613028,0.345168167934753,0.49510695419750206,5,-0.28975162341174376,0.3784142253512982,0.6086553859535967,5,7.216372270563072,.TTCTGAAT....,0.0
hsf,5d5u,MA0486.2.jaspar,1,5d5u_state_074_MA0486.2.jaspar.npz,state,74.0,9,0.2368976516335567,0.20469029454721344,0.2863830838158488,9,0.44938102165974936,0.22974286383315404,0.3110035013316926,9,8.277248763824675,....GTGGGAGAA,5.0
hsf,5d5u,MA0486.2.jaspar,1,5d5u_state_075_MA0486.2.jaspar.npz,state,75.0,9,0.9026689854380707,0.09430942956047754,0.05260318593789032,9,0.8618514126124986,0.13070619962268715,0.11176028714043193,9,7.500648143561071,....GTTCCCGAA,9.0
hsf,5d5u,MA0486.2.jaspar,1,5d5u_state_076_MA0486.2.jaspar.npz,state,76.0,8,-0.31166984177766466,0.3482508749468252,0.5151684670227167,5,-0.34732497430643744,0.3844045412784908,0.621959177531006,5,6.727131064915584,.TTCTGAAT....,0.0
hsf,5d5u,MA0486.2.jaspar,1,5d5u_state_077_MA0486.2.jaspar.npz,state,77.0,8,-0.29464090559516587,0.30846092796418817,0.4119143049781703,5,-0.2997474808610937,0.354339604038978,0.51004395741542,5,6.064137384815986,.TCTCGAAT....,0.0
hsf,5d5u,MA0486.2.jaspar,1,5d5u_state_078_MA0486.2.jaspar.npz,state,78.0,9,0.692195710844364,0.1395765862091341,0.10678389442514558,9,0.6652293457913145,0.20712353062440847,0.22253247966692294,9,4.548145128452802,....ATCCGTGAA,5.0
hsf,5d5u,MA0486.2.jaspar,1,5d5u_state_079_MA0486.2.jaspar.npz,state,79.0,9,0.22211256938786766,0.21808209328446537,0.26899701328939163,9,0.3713438000750745,0.24690184476720686,0.3450752275646388,9,6.818921587887268,....GTGGAAGAA,5.0
hsf,5d5u,MA0486.2.jaspar,1,5d5u_state_080_MA0486.2.jaspar.npz,state,80.0,8,-0.18552479257706792,0.3159156591864303,0.43448556798644045,5,-0.20731235235593887,0.3507425567659084,0.5433390792153073,5,6.160569515787048,.TTCTGAAT....,0.0
hsf,5d5u,MA0486.2.jaspar,1,5d5u_state_081_MA0486.2.jaspar.npz,state,81.0,8,-0.33005485883734687,0.3286375433439389,0.4724911874712981,5,-0.3025948327122956,0.34948533005663196,0.5570998358463866,5,6.202108335949792,.TTTTGAAT....,0.0
hsf,5d5u,MA0486.2.jaspar,1,5d5u_state_082_MA0486.2.jaspar.npz,state,82.0,9,0.1862695060976912,0.2041203276280107,0.2730176975569015,9,0.26848943891438437,0.2705139011603832,0.37268595415726374,9,7.695781244609987,....TTGGGTGAA,4.0
hsf,5d5u,MA0486.2.jaspar,1,5d5u_state_083_MA0486.2.jaspar.npz,state,83.0,8,-0.2778045232224109,0.34733831903431567,0.4981865413166733,5,-0.3312167700599438,0.38573475476005115,0.616403020833712,5,6.775783223143048,.TTGTGAAT....,0.0
hsf,5d5u,MA0486.2.jaspar,1,5d5u_state_084_MA0486.2.jaspar.npz,state,84.0,9,0.9040616717954121,0.0658428929746151,0.03762365280401287,9,0.7269966076118252,0.16867160812317808,0.18398576446808346,9,6.753465774998256,....ATTCTCAAA,6.0
hsf,5d5u,MA0486.2.jaspar,1,5d5u_state_085_MA0486.2.jaspar.npz,state,85.0,8,-0.30420163155861507,0.3166068275691941,0.4519685269981767,5,-0.25101030633015337,0.3403701238858048,0.5255116182875562,5,6.026527074673001,.TTGAGAAT....,0.0
hsf,5d5u,MA0486.2.jaspar,1,5d5u_state_086_MA0486.2.jaspar.npz,state,86.0,9,0.8049762119468018,0.10817855864944351,0.08663387866362143,9,0.6882108659657585,0.17402338809915818,0.21655612208170233,9,8.495987171308215,....TTTCATGAA,6.0
hsf,5d5u,MA0486.2.jaspar,1,5d5u_state_087_MA0486.2.jaspar.npz,state,87.0,9,0.8495538365986062,0.09744171758130607,0.05646464200659956,9,0.7580522678981444,0.15837976334862308,0.16848822969249136,9,6.691333043824795,....GTTCTGAAA,6.0
hsf,5d5u,MA0486.2.jaspar,1,5d5u_state_088_MA0486.2.jaspar.npz,state,88.0,8,-0.3445332256968514,0.30202687757555396,0.43474384855931447,5,-0.3475467402458492,0.3590413664991502,0.537656585004907,5,4.887894158951381,.TCTCGAAT....,0.0
hsf,5d5u,MA0486.2.jaspar,1,5d5u_state_089_MA0486.2.jaspar.npz,state,89.0,9,0.2230633764001292,0.20872704986120677,0.28023380653671703,9,0.413050982217315,0.22026893005952136,0.31395594584235725,9,8.712095049503874,....GTGTGAGAA,5.0
hsf,5d5u,MA0486.2.jaspar,1,5d5u_state_090_MA0486.2.jaspar.npz,state,90.0,8,-0.2557927863792934,0.3280584289925173,0.4602255191310207,5,-0.28390580241471247,0.36580003933631816,0.5670558386248981,5,6.359088043220805,.TTCTGAAT....,0.0
hsf,5d5u,MA0486.2.jaspar,1,5d5u_state_091_MA0486.2.jaspar.npz,state,91.0,9,0.2531511642388682,0.21008130425535557,0.24965763593849535,9,0.4326291096597497,0.23980700686095385,0.30924431148689174,9,6.376233487484392,....TTGGGAGAA,4.0
hsf,5d5u,MA0486.2.jaspar,1,5d5u_state_092_MA0486.2.jaspar.npz,state,92.0,9,0.3075611278503879,0.21504186845332798,0.24438393826551533,9,0.552603623317138,0.21303376579696,0.27429850373300707,9,6.409221628207428,....GTGGAAGAA,5.0
hsf,5d5u,MA0486.2.jaspar,1,5d5u_state_093_MA0486.2.jaspar.npz,state,93.0,9,0.029210420089809137,0.2349130554874945,0.2755910633010619,9,0.2075663791381413,0.28404957054428653,0.37662728312005683,9,5.810235917436508,....AGGTTTAAA,2.0
hsf,5d5u,MA0486.2.jaspar,1,5d5u_state_094_MA0486.2.jaspar.npz,state,94.0,9,0.4894242366241653,0.16926119099500486,0.18419758222246155,9,0.6404070789477243,0.17384913993494897,0.21570536343939878,9,7.202868400510667,....GTTGCAGAA,7.0
hsf,5d5u,MA0486.2.jaspar,1,5d5u_state_095_MA0486.2.jaspar.npz,state,95.0,8,-0.3527554538293688,0.33101340823341163,0.49307532886676997,5,-0.3626673766420455,0.3768138327228371,0.5979220367440139,5,6.428028192577582,.TTCTGAAT....,0.0
hsf,5d5u,MA0486.2.jaspar,1,5d5u_state_096_MA0486.2.jaspar.npz,state,96.0,9,0.25642104662245846,0.20539378270041198,0.2582483562170367,9,0.36842023106498,0.24411133191380133,0.3259617696281778,9,7.942163857758407,....GTGGGTGAA,5.0
hsf,5d5u,MA0486.2.jaspar,1,5d5u_state_097_MA0486.2.jaspar.npz,state,97.0,8,-0.28285449166862264,0.31636966795194893,0.44901656374319615,5,-0.3108856618710035,0.36583822225802576,0.5622663171790592,5,4.279506693887059,.TTCTGAAT....,0.0
hsf,5d5u,MA0486.2.jaspar,1,5d5u_state_098_MA0486.2.jaspar.npz,state,98.0,9,0.5569792589472556,0.14607645329346675,0.1384153923815158,9,0.59053464761802,0.20451104411687185,0.246534698745726,9,5.5196586929863045,....ATTTAAGAA,5.0
hsf,5d5u,MA0486.2.jaspar,1,5d5u_state_099_MA0486.2.jaspar.npz,state,99.0,8,-0.2325915624144381,0.3195242890389636,0.44001901319701126,5,-0.25307918024575093,0.3543748414667789,0.5436581529154507,5,6.1815698897733,.TTGTGAAT....,0.0
hsf,5d5u,MA0486.2.jaspar,1,ENSEMBLE_MEAN,ensemble_mean,,12,0.6505718032367495,0.14723639038726427,0.12457187976309653,9,0.7815390747486071,0.21728689789127134,0.23035092748226274,9,4.699999065454178,.TTTTTTGGAGAA,5.0
hsf,5d5u,MA0486.2.jaspar,2,5d5u_duplex_MA0486.2.jaspar.npz,crystal,,9,1.0,0.0,0.0,9,0.8061644051665936,0.1367301159480121,0.1364781746196986,9,8.722941247945384,....GTTCCAGAA,
hsf,5d5u,MA0486.2.jaspar,2,5d5u_state_001_MA0486.2.jaspar.npz,state,1.0,8,-0.3936090048435617,0.38495529382489624,0.5411677912569539,5,-0.30073162086139504,0.37730561751523056,0.599175990121547,5,8.443820337000757,.TTGTAAAT....,0.0
hsf,5d5u,MA0486.2.jaspar,2,5d5u_state_002_MA0486.2.jaspar.npz,state,2.0,8,-0.4564101282501482,0.36777071389369664,0.5201206600164201,5,-0.39717591701952476,0.3664428507501725,0.5912189062873755,5,7.301135558672977,.TTGTAAAT....,0.0
hsf,5d5u,MA0486.2.jaspar,2,5d5u_state_003_MA0486.2.jaspar.npz,state,3.0,9,0.9538154857391444,0.057805419395056866,0.02343249026937928,9,0.7190967477000954,0.1515103848618714,0.17129560598358667,9,8.769348280013327,....GTTCCAAAA,8.0
hsf,5d5u,MA0486.2.jaspar,2,5d5u_state_005_MA0486.2.jaspar.npz,state,5.0,9,0.602024785277766,0.15004990255692974,0.17166937676158522,9,0.5452289291869263,0.20408638532131185,0.2562450709627414,9,8.01846620778115,....ATTGGAAAA,5.0
hsf,5d5u,MA0486.2.jaspar,2,5d5u_state_006_MA0486.2.jaspar.npz,state,6.0,9,0.43676129738385555,0.15582616846465194,0.20787864579529403,9,0.38939728982793637,0.23882628863793798,0.31769832553710636,9,8.205731999689922,....GTGGGAAAA,5.0
hsf,5d5u,MA0486.2.jaspar,2,5d5u_state_007_MA0486.2.jaspar.npz,state,7.0,9,0.9508349465585576,0.06421690925748812,0.029498847065918883,9,0.6974496103987247,0.1815728048839244,0.19468329502921938,9,7.545668748714725,....ATTCCAAAA,7.0
hsf,5d5u,MA0486.2.jaspar,2,5d5u_state_008_MA0486.2.jaspar.npz,state,8.0,9,0.5510488766239774,0.13767376157920808,0.1746797676983219,9,0.48613121078898186,0.21214230283254032,0.2808143709434152,9,8.974971024368312,....GTTGGAAAA,6.0
hsf,5d5u,MA0486.2.jaspar,2,5d5u_state_009_MA0486.2.jaspar.npz,state,9.0,9,0.8727851586744879,0.084796396242584,0.05497813296185652,9,0.6225924309374051,0.1815759559071416,0.21476558581274358,9,7.675834685978155,....GGTCCAAAA,7.0
hsf,5d5u,MA0486.2.jaspar,2,5d5u_state_010_MA0486.2.jaspar.npz,state,10.0,8,-0.3758006469732118,0.3430172964464873,0.47526407946964067,5,-0.2792209337251596,0.336147339042509,0.5303912875544913,5,5.750566461451499,.CGTAAAAT....,0.0
hsf,5d5u,MA0486.2.jaspar,2,5d5u_state_011_MA0486.2.jaspar.npz,state,11.0,9,0.17359708849066754,0.2425853540448265,0.3170531473692566,9,0.1553027829937624,0.2942706813822345,0.43623718877992845,9,8.20433510338776,....CTGTATAAA,3.0
hsf,5d5u,MA0486.2.jaspar,2,5d5u_state_012_MA0486.2.jaspar.npz,state,12.0,9,0.7283226714014545,0.14539772451906982,0.11585116429364985,9,0.597515297100634,0.1908692815308718,0.23648273953899362,9,6.934113194861146,....ATACAAAAA,5.0
hsf,5d5u,MA0486.2.jaspar,2,5d5u_state_013_MA0486.2.jaspar.npz,state,13.0,9,0.9393133572024661,0.07221720487965892,0.03920006739980995,9,0.69512534208121,0.16631993457041164,0.1892985052147659,9,10.401853710929226,....ATTCCAAAA,7.0
hsf,5d5u,MA0486.2.jaspar,2,5d5u_state_014_MA0486.2.jaspar.npz,state,14.0,6,0.4567355690813684,0.21508214425800057,0.2866376005597088,6,0.386872247391887,0.2661102963077913,0.3519267394280246,6,4.2610806103557515,......TCCCCA.,4.0
hsf,5d5u,MA0486.2.jaspar,2,5d5u_state_015_MA0486.2.jaspar.npz,state,15.0,9,0.4719974573664322,0.16364031339374682,0.19659075952537233,9,0.403169060857496,0.24306242263345565,0.32514541528567087,9,7.350163497163713,....CTAGAAAAA,4.0
hsf,5d5u,MA0486.2.jaspar,2,5d5u_state_016_MA0486.2.jaspar.npz,state,16.0,9,0.42600751276153803,0.1880494251122905,0.23164260574817933,9,0.36868224918959047,0.2634811754073275,0.34042071417681863,9,9.10314089528637,....ATTGGAAAA,5.0
hsf,5d5u,MA0486.2.jaspar,2,5d5u_state_017_MA0486.2.jaspar.npz,state,17.0,9,0.4052909240089908,0.1777589657706105,0.24091670637422513,9,0.3835823842685422,0.24744837763137184,0.3391990351147559,9,9.617503228058622,....ATGGGAAAA,4.0
hsf,5d5u,MA0486.2.jaspar,2,5d5u_state_018_MA0486.2.jaspar.npz,state,18.0,9,0.4987909347739512,0.17738491746907434,0.2087859404680002,9,0.378701885416008,0.2545212126796186,0.35737420759767397,9,9.611217369940187,....ATTGAAAAA,5.0
hsf,5d5u,MA0486.2.jaspar,2,5d5u_state_019_MA0486.2.jaspar.npz,state,19.0,9,0.8103584451592056,0.12014384869123912,0.08668710289172313,9,0.5885859441778498,0.2167940761395989,0.2479513712422999,9,5.6462655600993354,....CTTCAAAGA,5.0
hsf,5d5u,MA0486.2.jaspar,2,5d5u_state_020_MA0486.2.jaspar.npz,state,20.0,9,0.5896406606664886,0.14199010423746788,0.15501875418025562,9,0.418132521413865,0.22783489232662962,0.3038126176823689,9,6.586735680656364,....GTTGCAAGC,5.0
hsf,5d5u,MA0486.2.jaspar,2,5d5u_state_021_MA0486.2.jaspar.npz,state,21.0,9,0.5633680458060395,0.16579844774160948,0.19179914654997962,9,0.546637391707234,0.21466021763303111,0.2750141978584722,9,9.899262454914268,....ATTCGTAAA,5.0
hsf,5d5u,MA0486.2.jaspar,2,5d5u_state_022_MA0486.2.jaspar.npz,state,22.0,9,0.18616164908342284,0.2309940803097561,0.30663235993411553,9,0.14401496274758788,0.29365262826063876,0.4466069083053996,9,8.146012105891858,....ATGGATAAA,3.0
hsf,5d5u,MA0486.2.jaspar,2,5d5u_state_023_MA0486.2.jaspar.npz,state,23.0,9,0.5781180541506782,0.15987065208092746,0.17148291600111265,9,0.4361925728653736,0.21774627932851823,0.3116754323155586,9,8.642251959816258,....ATGCAAAAA,5.0
hsf,5d5u,MA0486.2.jaspar,2,5d5u_state_024_MA0486.2.jaspar.npz,state,24.0,9,0.5611404639676163,0.1453536211176672,0.1858936841995641,9,0.5009903455218012,0.2172773772456114,0.2823961334505416,9,10.186780902216162,....ATTGGAAAA,5.0
hsf,5d5u,MA0486.2.jaspar,2,5d5u_state_025_MA0486.2.jaspar.npz,state,25.0,9,0.6999201400437932,0.13502610229059225,0.13332509740199175,9,0.5175115676739662,0.21696279835305177,0.2700344144189819,9,8.613059829764138,....ATTCGAAGT,4.0
hsf,5d5u,MA0486.2.jaspar,2,5d5u_state_026_MA0486.2.jaspar.npz,state,26.0,9,0.5814498346601541,0.1353736009203001,0.17109500648002463,9,0.48551797709793626,0.22560830770332055,0.301658390962069,9,9.518339502551717,....GTTGAAAAA,6.0
hsf,5d5u,MA0486.2.jaspar,2,5d5u_state_027_MA0486.2.jaspar.npz,state,27.0,8,-0.427804638146966,0.37659338912926615,0.5349251100690718,5,-0.34208714967011944,0.3673199954966549,0.5930475143625678,5,8.093045430189854,.TTGTAAAT....,0.0
hsf,5d5u,MA0486.2.jaspar,2,5d5u_state_028_MA0486.2.jaspar.npz,state,28.0,9,0.5907501950055543,0.1411871505357946,0.18936427447636134,9,0.5684124714695478,0.20587679513199772,0.264675022076174,9,9.225467178729387,....ATTGGAAAA,5.0
hsf,5d5u,MA0486.2.jaspar,2,5d5u_state_029_MA0486.2.jaspar.npz,state,29.0,9,0.5851764878018005,0.14390693103066748,0.17112953839739653,9,0.4971886050511899,0.2181434826763709,0.2812170491501867,9,8.655349723733067,....ATTGGAAGA,4.0
hsf,5d5u,MA0486.2.jaspar,2,5d5u_state_030_MA0486.2.jaspar.npz,state,30.0,9,0.5833679035838748,0.12403973547690031,0.16220705874221208,9,0.4898194279880205,0.21612979437729032,0.29505685500356543,9,9.233535167829418,....ATTGAAGGA,5.0
hsf,5d5u,MA0486.2.jaspar,2,5d5u_state_031_MA0486.2.jaspar.npz,state,31.0,8,-0.4201754838542117,0.39806551053188743,0.5847530203002214,5,-0.33622708151240815,0.38967468920745885,0.6423017291352043,5,8.645661307828561,.TTGTAAAT....,0.0
hsf,5d5u,MA0486.2.jaspar,2,5d5u_state_032_MA0486.2.jaspar.npz,state,32.0,9,0.22589223385085555,0.22432025651020618,0.29701944916285217,9,0.1862491693422072,0.2841643922406042,0.42828344423899306,9,7.5990515829895084,....ATGAATAAA,3.0
hsf,5d5u,MA0486.2.jaspar,2,5d5u_state_033_MA0486.2.jaspar.npz,state,33.0,9,0.3075790226282108,0.20445852002335918,0.2375030531136479,9,0.2374162642056252,0.266921423100737,0.3725831813787925,9,6.331772008810646,....ATGGATAAA,3.0
hsf,5d5u,MA0486.2.jaspar,2,5d5u_state_034_MA0486.2.jaspar.npz,state,34.0,8,-0.43498222587534113,0.38227042988874016,0.5450400600194485,5,-0.3399348794947986,0.3726716250705067,0.6012606947682354,5,7.866756812244926,.TTGTAAAT....,0.0
hsf,5d5u,MA0486.2.jaspar,2,5d5u_state_035_MA0486.2.jaspar.npz,state,35.0,9,0.9554725649345557,0.055931199225597084,0.02608624348711959,9,0.7175909431016813,0.15295182072441094,0.17393523248274867,9,9.200889553788315,....GTTCCAAAA,8.0
hsf,5d5u,MA0486.2.jaspar,2,5d5u_state_036_MA0486.2.jaspar.npz,state,36.0,9,0.9122822232401187,0.05859752368673475,0.040314598997286594,9,0.7057636626386378,0.16665223625346293,0.18171374656253378,9,8.081674688561272,....ATGCCAAAA,6.0
hsf,5d5u,MA0486.2.jaspar,2,5d5u_state_038_MA0486.2.jaspar.npz,state,38.0,8,-0.1489397045707731,0.32699896120466293,0.4337014860617848,5,-0.28271490927513715,0.38303305102162993,0.5591915905662462,5,6.943884982656596,.TTGTAACC....,2.0
hsf,5d5u,MA0486.2.jaspar,2,5d5u_state_039_MA0486.2.jaspar.npz,state,39.0,9,0.5154109805970452,0.14630072090464333,0.19789372589024642,9,0.4946287514382282,0.22948224295072983,0.29242747889315557,9,9.251201533530079,....ATTGGAGAA,6.0
hsf,5d5u,MA0486.2.jaspar,2,5d5u_state_040_MA0486.2.jaspar.npz,state,40.0,9,0.4325813956690517,0.18791949588598478,0.22065402640523876,9,0.38034330249474907,0.2644008936509231,0.3378957145001507,9,7.367901643346965,....GTTGGAAAC,5.0
hsf,5d5u,MA0486.2.jaspar,2,5d5u_state_041_MA0486.2.jaspar.npz,state,41.0,9,0.9439874333188718,0.06242376801350878,0.03126397677376844,9,0.6812504984996941,0.1765306909769101,0.19435467638220827,9,8.208901856069296,....CTTCCAAAA,7.0
hsf,5d5u,MA0486.2.jaspar,2,5d5u_state_042_MA0486.2.jaspar.npz,state,42.0,9,0.4110979229283659,0.193248044169094,0.2268274901571209,9,0.3283306229888372,0.2603224928768921,0.36549677667978975,9,8.231602836095043,....ATGCATAAA,4.0
hsf,5d5u,MA0486.2.jaspar,2,5d5u_state_043_MA0486.2.jaspar.npz,state,43.0,9,0.5097393643255425,0.1777823979436006,0.18898374946938234,9,0.3922585453408114,0.2348913529842523,0.32147837549788805,9,7.011193692189792,....ATGCAAAAA,5.0
hsf,5d5u,MA0486.2.jaspar,2,5d5u_state_044_MA0486.2.jaspar.npz,state,44.0,8,-0.41152567085635594,0.3997583351563662,0.589480250488297,5,-0.3074407958674447,0.38617711268016136,0.6369447631483809,5,7.646037347537095,.TTGTAAAT....,0.0
hsf,5d5u,MA0486.2.jaspar,2,5d5u_state_045_MA0486.2.jaspar.npz,state,45.0,9,0.5636051542379057,0.13642705050814483,0.17312326864109961,9,0.5189606908393356,0.21037100021041827,0.2662635683219704,9,8.766613951661974,....TTTGGAAAA,5.0
hsf,5d5u,MA0486.2.jaspar,2,5d5u_state_047_MA0486.2.jaspar.npz,state,47.0,9,0.8647793278141537,0.10095066031337613,0.07520972676701677,9,0.6612837382703091,0.18599207746835114,0.21905136095823258,9,8.31383257138414,....ATTCCAAAA,7.0
hsf,5d5u,MA0486.2.jaspar,2,5d5u_state_048_MA0486.2.jaspar.npz,state,48.0,9,0.5305127545575063,0.14930679969256744,0.18988291282136532,9,0.478438059656763,0.22506975579502372,0.2875982449146247,9,9.022450847036186,....ATTGGAAAA,5.0
hsf,5d5u,MA0486.2.jaspar,2,5d5u_state_049_MA0486.2.jaspar.npz,state,49.0,9,0.5075370774881687,0.1723894865717739,0.19428074432700382,9,0.39344216343876115,0.24225197707548635,0.33847589644016807,9,8.391676363700668,....ATTGAAAAA,5.0
hsf,5d5u,MA0486.2.jaspar,2,5d5u_state_050_MA0486.2.jaspar.npz,state,50.0,9,0.5854120793340816,0.13883483147300366,0.16472886244994883,9,0.492375696367938,0.22089875719393604,0.28442817908170237,9,8.435610738158442,....ATTGGAAAA,5.0
hsf,5d5u,MA0486.2.jaspar,2,5d5u_state_051_MA0486.2.jaspar.npz,state,51.0,9,0.6060234021709797,0.14080652591332588,0.16777423533908792,9,0.48618366956891923,0.2121007376667371,0.2937670157500065,9,10.027045428852729,....ATTGAAAGA,4.0
hsf,5d5u,MA0486.2.jaspar,2,5d5u_state_052_MA0486.2.jaspar.npz,state,52.0,9,0.4062751633726299,0.17536836148550114,0.23503058930956136,9,0.3457315657303187,0.2505842303281598,0.3583675301867856,9,9.05364063287271,....ATGGAAAAA,4.0
hsf,5d5u,MA0486.2.jaspar,2,5d5u_state_053_MA0486.2.jaspar.npz,state,53.0,9,0.38354962342149435,0.1993480172370457,0.22562751912929435,9,0.3088992601296541,0.2573969607959346,0.3639731887665898,9,7.11237980070318,....GTGGATAAA,4.0
hsf,5d5u,MA0486.2.jaspar,2,5d5u_state_054_MA0486.2.jaspar.npz,state,54.0,9,0.41173550038476125,0.2019850754748202,0.22769028458986165,9,0.3039485806465209,0.2651211695532159,0.3729642334828148,9,7.837012782865651,....GTGGAAAAA,5.0
hsf,5d5u,MA0486.2.jaspar,2,5d5u_state_055_MA0486.2.jaspar.npz,state,55.0,9,0.8334087699585477,0.09062458118811871,0.085170339128198,9,0.7564226997141669,0.14896818479691218,0.16551350878939539,9,9.619680460004126,....ATTCGAAAA,6.0
hsf,5d5u,MA0486.2.jaspar,2,5d5u_state_056_MA0486.2.jaspar.npz,state,56.0,8,-0.3121553996789099,0.33517421572469175,0.4331875774935735,5,-0.33299628761552896,0.3547650675813202,0.5295453713758459,5,6.8677338091658005,.TTGAAAAT....,0.0
hsf,5d5u,MA0486.2.jaspar,2,5d5u_state_057_MA0486.2.jaspar.npz,state,57.0,9,0.55463765467043,0.15129930585519308,0.17583892222103092,9,0.4500091741978715,0.22372583787202732,0.31878384072523125,9,8.573425229803972,....ATTGAAAAA,5.0
hsf,5d5u,MA0486.2.jaspar,2,5d5u_state_058_MA0486.2.jaspar.npz,state,58.0,8,-0.4112797244175028,0.39458257183432577,0.5738776394012408,5,-0.32702313149065265,0.3871909150911961,0.6332975661280134,5,6.6112491598539105,.TCATAAAT....,0.0
hsf,5d5u,MA0486.2.jaspar,2,5d5u_state_059_MA0486.2.jaspar.npz,state,59.0,8,-0.4241529184320231,0.389243347896263,0.550494687400769,5,-0.3329668155034405,0.3808264256978873,0.609696591712368,5,8.367300210981123,.TTGTAAAT....,0.0
hsf,5d5u,MA0486.2.jaspar,2,5d5u_state_060_MA0486.2.jaspar.npz,state,60.0,9,0.4122392522626998,0.17175743345999056,0.2325202691314933,9,0.3128431988052677,0.26108300715309773,0.3703317890697101,9,7.74435903835444,....ATGTAAAAA,4.0
hsf,5d5u,MA0486.2.jaspar,2,5d5u_state_061_MA0486.2.jaspar.npz,state,61.0,9,0.9281267924538451,0.06957455445404372,0.03639536190998489,9,0.6752890911520436,0.1689530654823304,0.19509399054111246,9,8.200599891815926,....GTTCCAAAA,8.0
hsf,5d5u,MA0486.2.jaspar,2,5d5u_state_062_MA0486.2.jaspar.npz,state,62.0,9,0.803983076637875,0.09903646896903713,0.09175625124351806,9,0.7074392245061216,0.1647864182111031,0.19972515703437488,9,10.439957009094535,....GTTCAAAAA,7.0
hsf,5d5u,MA0486.2.jaspar,2,5d5u_state_063_MA0486.2.jaspar.npz,state,63.0,9,0.6278229749304522,0.12539798928062534,0.1504599943393347,9,0.5220049135245115,0.20441614561908258,0.27064563441887723,9,9.126136779228357,....ATTGGAAGA,4.0
hsf,5d5u,MA0486.2.jaspar,2,5d5u_state_064_MA0486.2.jaspar.npz,state,64.0,9,0.6717519144856179,0.13702153010914722,0.13017151456753573,9,0.5950165184153908,0.19971660595426025,0.24192540756037711,9,6.292526483427494,....GTGCAAAAA,6.0
hsf,5d5u,MA0486.2.jaspar,2,5d5u_state_065_MA0486.2.jaspar.npz,state,65.0,9,0.3545097455081827,0.1974587453555109,0.2531463926024792,9,0.33298485637636016,0.2560233460034296,0.3710286270280761,9,7.266388565520755,....ATGCATAAA,4.0
hsf,5d5u,MA0486.2.jaspar,2,5d5u_state_066_MA0486.2.jaspar.npz,state,66.0,8,-0.41292677371108144,0.3960145146586001,0.5769190867805293,5,-0.32775739239661766,0.3877738448849414,0.6353602737746219,5,6.703902330206797,.TCGTAAAT....,0.0
hsf,5d5u,MA0486.2.jaspar,2,5d5u_state_067_MA0486.2.jaspar.npz,state,67.0,9,0.3878120457305183,0.20157074585505244,0.25430873720680175,9,0.2649689449499524,0.26496334735808585,0.3958032905585458,9,9.419804309078927,....ATGGAAAAA,4.0
hsf,5d5u,MA0486.2.jaspar,2,5d5u_state_068_MA0486.2.jaspar.npz,state,68.0,9,0.850321182466286,0.10091479764216477,0.06877353820774089,9,0.7277920491814039,0.14998231112581883,0.1783546688098155,9,6.825124804448279,....ATTCTAAAA,6.0
hsf,5d5u,MA0486.2.jaspar,2,5d5u_state_069_MA0486.2.jaspar.npz,state,69.0,9,0.8702448272357773,0.09086149577180752,0.05873196964165969,9,0.6943614257760066,0.17389426479025538,0.18857009678993153,9,8.105204253690419,....ATTCCAAAA,7.0
hsf,5d5u,MA0486.2.jaspar,2,5d5u_state_070_MA0486.2.jaspar.npz,state,70.0,9,0.4605852093165318,0.1535887777378472,0.20815804191007603,9,0.35220116317522365,0.2488570967721494,0.3385957040413226,9,8.903365708890588,....ATGGCAAAA,5.0
hsf,5d5u,MA0486.2.jaspar,2,5d5u_state_071_MA0486.2.jaspar.npz,state,71.0,9,0.9459303879444534,0.06055251776706427,0.025453415161867086,9,0.661392392914352,0.18272518032527943,0.19644665528083627,9,7.759897535591865,....ATTCCAAAA,7.0
hsf,5d5u,MA0486.2.jaspar,2,5d5u_state_072_MA0486.2.jaspar.npz,state,72.0,8,-0.20567463996366084,0.34717034553177656,0.44796316988978313,5,-0.15001201782995394,0.3439191660436336,0.5114094295552414,5,5.743418797248884,.TGAAAGAT....,0.0
hsf,5d5u,MA0486.2.jaspar,2,5d5u_state_073_MA0486.2.jaspar.npz,state,73.0,8,-0.39345766176722674,0.3867797370068729,0.5449432449139067,5,-0.30499226154541553,0.37916178526938893,0.603052582636908,5,7.8947691307805945,.TTGTAAAT....,0.0
hsf,5d5u,MA0486.2.jaspar,2,5d5u_state_074_MA0486.2.jaspar.npz,state,74.0,9,0.3247220511034986,0.19791546650230885,0.28697445188851856,9,0.3054865645350686,0.26792312869737445,0.38162365769853523,9,10.405838511550467,....ATGGGAAAA,4.0
hsf,5d5u,MA0486.2.jaspar,2,5d5u_state_075_MA0486.2.jaspar.npz,state,75.0,9,0.9730979733710123,0.042935112788755864,0.012458605189490622,9,0.7643526102682903,0.14891610659025092,0.14772968030172684,9,9.569990159697168,....GTTCCAAAA,8.0
hsf,5d5u,MA0486.2.jaspar,2,5d5u_state_076_MA0486.2.jaspar.npz,state,76.0,8,-0.3618178381278135,0.37255211896263063,0.5264207822210726,5,-0.3675902014003902,0.39150561388232746,0.615686433911905,5,7.566697323775155,.TTGTAAAC....,1.0
hsf,5d5u,MA0486.2.jaspar,2,5d5u_state_077_MA0486.2.jaspar.npz,state,77.0,8,-0.2787071387580227,0.3569394348654896,0.48953169520072715,5,-0.27587532512110996,0.36528976676636377,0.5732532237728971,5,6.302333334579899,.TGCAAAAT....,0.0
hsf,5d5u,MA0486.2.jaspar,2,5d5u_state_078_MA0486.2.jaspar.npz,state,78.0,9,0.6706353066227587,0.14678472226175168,0.14229817628884478,9,0.6199799405207553,0.18815123984111576,0.232828311045113,9,8.700454105123539,....ATTCTTAAA,5.0
hsf,5d5u,MA0486.2.jaspar,2,5d5u_state_079_MA0486.2.jaspar.npz,state,79.0,9,0.3905373331047061,0.1688969760046651,0.22240565803000095,9,0.3359746129096977,0.25910943654404645,0.3593407932263467,9,8.055309268722683,....ATGGAAGAA,5.0
hsf,5d5u,MA0486.2.jaspar,2,5d5u_state_080_MA0486.2.jaspar.npz,state,80.0,8,-0.44919553975046833,0.402321452810429,0.6005036445168703,5,-0.32879627467423456,0.38825186004978607,0.6483473390213185,5,8.513256986745995,.TTGTAAAT....,0.0
hsf,5d5u,MA0486.2.jaspar,2,5d5u_state_081_MA0486.2.jaspar.npz,state,81.0,8,-0.13042682767253466,0.32724368693307043,0.4278749962756284,5,-0.23370919903710824,0.37197376629919743,0.5455847192046028,5,7.555041352706048,.TTGTAACC....,2.0
hsf,5d5u,MA0486.2.jaspar,2,5d5u_state_082_MA0486.2.jaspar.npz,state,82.0,9,0.49744398649243626,0.16468462204405418,0.19093996060893254,9,0.3743833168689768,0.24702435933351,0.34325620218412983,9,8.46981159996233,....ATGGAAAAA,4.0
hsf,5d5u,MA0486.2.jaspar,2,5d5u_state_083_MA0486.2.jaspar.npz,state,83.0,8,-0.40696897861732306,0.39405215182341635,0.5715065009487147,5,-0.322986624815786,0.38633891014032995,0.6306432133488171,5,8.797924654779273,.TTGTAAAT....,0.0
hsf,5d5u,MA0486.2.jaspar,2,5d5u_state_084_MA0486.2.jaspar.npz,state,84.0,9,0.9298592502428246,0.07073261613388443,0.03621335396595921,9,0.6859386051876546,0.14853746490229647,0.1804454726994502,9,9.070801543208962,....GTTCCAAAA,8.0
hsf,5d5u,MA0486.2.jaspar,2,5d5u_state_085_MA0486.2.jaspar.npz,state,85.0,8,-0.4359050027473927,0.3752758318092674,0.5278001594736632,5,-0.34630224359570116,0.3672956477443222,0.588840616357174,5,7.91613608679178,.TTGTAAAT....,0.0
hsf,5d5u,MA0486.2.jaspar,2,5d5u_state_086_MA0486.2.jaspar.npz,state,86.0,9,0.9493290530122076,0.06880215172552401,0.03529069507820414,9,0.7038444050719441,0.16019335480652647,0.1833290794988395,9,9.951289789591646,....ATTCCAAAA,7.0
hsf,5d5u,MA0486.2.jaspar,2,5d5u_state_087_MA0486.2.jaspar.npz,state,87.0,9,0.9449488582205966,0.057240983047651954,0.025211005374042278,9,0.6970778023691288,0.15319823747267947,0.17503188335380115,9,8.768322208263577,....GTTCCAAAA,8.0
hsf,5d5u,MA0486.2.jaspar,2,5d5u_state_088_MA0486.2.jaspar.npz,state,88.0,8,-0.3233690402998933,0.34553130022250117,0.478408877993491,5,-0.31510943643261524,0.35512779313721693,0.5625166097763737,5,6.207418351481978,.TGAAAAAT....,0.0
hsf,5d5u,MA0486.2.jaspar,2,5d5u_state_089_MA0486.2.jaspar.npz,state,89.0,9,0.3871309207700495,0.19529065366886142,0.2553788850492123,9,0.2987862085536103,0.2714198935589391,0.39012078946812534,9,9.854028411685297,....ATGGAAAAA,4.0
hsf,5d5u,MA0486.2.jaspar,2,5d5u_state_090_MA0486.2.jaspar.npz,state,90.0,8,-0.4222441363012076,0.39575933245941997,0.576919559130679,5,-0.3300886811518038,0.3860508893674705,0.6337263978700345,5,8.325720980129185,.TTGTAAAT....,0.0
hsf,5d5u,MA0486.2.jaspar,2,5d5u_state_091_MA0486.2.jaspar.npz,state,91.0,9,0.47423166591385735,0.17040578834712505,0.20164280104538052,9,0.35422832315170005,0.2533235684806843,0.34594545046055797,9,8.06136365965951,....ATGGAAAAA,4.0
hsf,5d5u,MA0486.2.jaspar,2,5d5u_state_092_MA0486.2.jaspar.npz,state,92.0,9,0.49488168670644894,0.17962948866705927,0.18804359325306866,9,0.34735580703995356,0.2662211259303149,0.3538101387714759,9,7.0539981423135405,....ATTGAAAAA,5.0
hsf,5d5u,MA0486.2.jaspar,2,5d5u_state_093_MA0486.2.jaspar.npz,state,93.0,9,0.08469427054149946,0.2591377357538376,0.331584276126227,9,-0.020710431098475784,0.3250730054601768,0.49028538761828144,9,6.195634844528524,....TGGAAAAAA,3.0
hsf,5d5u,MA0486.2.jaspar,2,5d5u_state_094_MA0486.2.jaspar.npz,state,94.0,9,0.5887567888213953,0.1452676001418796,0.1622409856065395,9,0.5144424666262664,0.2128704302109933,0.27955803186356865,9,7.5252306478216155,....GTTGGAAAA,6.0
hsf,5d5u,MA0486.2.jaspar,2,5d5u_state_095_MA0486.2.jaspar.npz,state,95.0,8,-0.4541078995891193,0.3662826822604984,0.5239407652543214,5,-0.34147328717056724,0.35451574656763113,0.5786431585767235,5,6.972193453819673,.TTGTAAAT....,0.0
hsf,5d5u,MA0486.2.jaspar,2,5d5u_state_096_MA0486.2.jaspar.npz,state,96.0,9,0.38515958082599466,0.17571160004525962,0.24541034806588716,9,0.3380290574772324,0.2560658154511152,0.3551683673177317,9,9.482555114509474,....ATGGGAAAA,4.0
hsf,5d5u,MA0486.2.jaspar,2,5d5u_state_097_MA0486.2.jaspar.npz,state,97.0,8,-0.4587122280168426,0.39684441555291416,0.5884147869485827,5,-0.4357086234823407,0.40369964764104227,0.672062835634114,5,8.263410387714924,.TTGTAAAT....,0.0
hsf,5d5u,MA0486.2.jaspar,2,5d5u_state_098_MA0486.2.jaspar.npz,state,98.0,9,0.3556247910969225,0.20706752258249456,0.23503657163817573,9,0.2503623601962042,0.2719296843376166,0.3860886428111148,9,7.165851825169412,....ATGGATAAA,3.0
hsf,5d5u,MA0486.2.jaspar,2,5d5u_state_099_MA0486.2.jaspar.npz,state,99.0,8,-0.3979215059685024,0.3895305530168116,0.5538110833734227,5,-0.28785672192258416,0.3777974772325251,0.6052034124287562,5,7.3658525592106745,.TTGTAAAT....,0.0
hsf,5d5u,MA0486.2.jaspar,2,ENSEMBLE_MEAN,ensemble_mean,,12,0.7277736048768378,0.14189096105216295,0.11954720864217887,9,0.5841793280416652,0.22267129504935657,0.25892259124050293,9,6.797990231177292,.TTGATTGAAAAA,5.0
hsf,5d5u,MA0486.2.jaspar,3,5d5u_duplex_MA0486.2.jaspar.npz,crystal,,9,1.0,0.0,0.0,9,0.6339451283919436,0.21988975343265338,0.23810363041976343,9,4.427295041356674,....TTTCCAGAA,
hsf,5d5u,MA0486.2.jaspar,3,5d5u_state_001_MA0486.2.jaspar.npz,state,1.0,8,-0.09568203527070972,0.29785912192455727,0.3465441643404445,5,-0.2960370565762819,0.37743413665448317,0.5694751601543665,5,3.3292282976728633,.TTGTAAAC....,2.0
hsf,5d5u,MA0486.2.jaspar,3,5d5u_state_002_MA0486.2.jaspar.npz,state,2.0,8,-0.10327241294802601,0.29497396191145525,0.3467342939305443,5,-0.27539546345627425,0.3786503387207631,0.5631995374230189,5,3.8102415432620615,.TTTTAAAC....,2.0
hsf,5d5u,MA0486.2.jaspar,3,5d5u_state_003_MA0486.2.jaspar.npz,state,3.0,9,0.6272495661578965,0.12323329549609399,0.09829026325570543,9,0.5488677303458019,0.2258715847630002,0.2733159537101017,9,5.253916603507234,....GTTCATGAA,6.0
hsf,5d5u,MA0486.2.jaspar,3,5d5u_state_005_MA0486.2.jaspar.npz,state,5.0,9,0.3725275983936772,0.16101980297066298,0.15470969675209914,9,0.46095746700760637,0.2547506115548054,0.3066201177312078,9,4.867024255626472,....CTTTGTTAA,4.0
hsf,5d5u,MA0486.2.jaspar,3,5d5u_state_006_MA0486.2.jaspar.npz,state,6.0,9,0.18265663425359352,0.17290311694523552,0.1862723934464194,9,0.3456161416865864,0.2671832473166028,0.34668395473424957,9,4.750703949989781,....TTTGATGAA,6.0
hsf,5d5u,MA0486.2.jaspar,3,5d5u_state_007_MA0486.2.jaspar.npz,state,7.0,9,0.8544713545958809,0.07500678657298623,0.03284167759698941,9,0.5324870356033824,0.23925697294503656,0.28218510489059445,9,3.4654953205688703,....CTACATGAA,5.0
hsf,5d5u,MA0486.2.jaspar,3,5d5u_state_008_MA0486.2.jaspar.npz,state,8.0,9,0.20650680889504142,0.18032451351448092,0.1949560166684963,9,0.30157445676549616,0.2678436648145887,0.361108824876094,9,5.53631516758708,....TTTGGTAAA,5.0
hsf,5d5u,MA0486.2.jaspar,3,5d5u_state_009_MA0486.2.jaspar.npz,state,9.0,9,0.7312890859691353,0.11028532889839779,0.0798048888690597,9,0.5943655668044591,0.2130520445474152,0.25927873414881225,9,6.321872406659164,....TTTCATCAA,6.0
hsf,5d5u,MA0486.2.jaspar,3,5d5u_state_010_MA0486.2.jaspar.npz,state,10.0,8,-0.04067431520087437,0.2662954597690259,0.293845501872093,5,-0.20395162139771733,0.35482182778068816,0.5059428369936072,5,5.445703480108305,.CCTTAAAC....,2.0
hsf,5d5u,MA0486.2.jaspar,3,5d5u_state_011_MA0486.2.jaspar.npz,state,11.0,9,0.18721280665389015,0.20467524964947692,0.19142947329342755,9,0.23221926107071172,0.29310050392976134,0.3853658191695528,9,5.139260392902146,....CTTTATAAA,4.0
hsf,5d5u,MA0486.2.jaspar,3,5d5u_state_012_MA0486.2.jaspar.npz,state,12.0,9,0.3573528693621553,0.18067911975878007,0.19407644937938529,9,0.2174747276285174,0.28533287148133646,0.40179607157985975,9,6.214792039909173,....CTGCATTTA,3.0
hsf,5d5u,MA0486.2.jaspar,3,5d5u_state_013_MA0486.2.jaspar.npz,state,13.0,9,0.682566799967364,0.11595507617797314,0.09336279413925988,9,0.4521418700999589,0.24792223344492312,0.31763637184616234,9,5.738366577416677,....TTTCCTTTG,5.0
hsf,5d5u,MA0486.2.jaspar,3,5d5u_state_014_MA0486.2.jaspar.npz,state,14.0,6,0.7889497131368273,0.13524999892130532,0.08694824034783298,6,0.5378581661142354,0.2111257783981273,0.28187755638122075,6,5.449804215198079,......TCCACA.,5.0
hsf,5d5u,MA0486.2.jaspar,3,5d5u_state_015_MA0486.2.jaspar.npz,state,15.0,9,0.17013962584052755,0.17547180772413007,0.19938497971691616,9,0.2742031402884783,0.2771713676079849,0.36657600071063423,9,5.193626510021207,....CTGGGAAAA,4.0
hsf,5d5u,MA0486.2.jaspar,3,5d5u_state_016_MA0486.2.jaspar.npz,state,16.0,9,-0.0037596706217460354,0.21891280449684322,0.25492718067276593,9,0.15312676421526156,0.3107984141905844,0.4203704133604541,9,5.5594283656441625,....CTGGGTGAA,4.0
hsf,5d5u,MA0486.2.jaspar,3,5d5u_state_017_MA0486.2.jaspar.npz,state,17.0,9,0.1746911920582825,0.18636954642796708,0.20566685561362927,9,0.2858136026474132,0.28547097792680787,0.37449949442544656,9,5.3332892301086074,....CTTGGTAAA,4.0
hsf,5d5u,MA0486.2.jaspar,3,5d5u_state_018_MA0486.2.jaspar.npz,state,18.0,9,0.16011789150517552,0.17015314469285336,0.16979561282368658,9,0.3293264652083578,0.2714379098518596,0.34181127587329224,9,3.1750571445973352,....GTTTATAAA,4.0
hsf,5d5u,MA0486.2.jaspar,3,5d5u_state_019_MA0486.2.jaspar.npz,state,19.0,9,0.3836558640254012,0.16457091380289057,0.14572423760367437,9,0.30411543298114463,0.2840350618838177,0.3687356625230929,9,4.343353666317048,....GTTCATAAA,5.0
hsf,5d5u,MA0486.2.jaspar,3,5d5u_state_020_MA0486.2.jaspar.npz,state,20.0,9,0.23132765666288746,0.18421830128661693,0.19840758593595653,9,0.23823674006512469,0.3020246889759114,0.40384068535138007,9,4.484340154195484,....TTGAGTGTA,4.0
hsf,5d5u,MA0486.2.jaspar,3,5d5u_state_021_MA0486.2.jaspar.npz,state,21.0,9,0.46965297661914446,0.16934486061169687,0.17229384546225596,9,0.45265620082897495,0.2430312752549071,0.3345670535376233,9,6.40867816751526,....ATTCGTGTA,5.0
hsf,5d5u,MA0486.2.jaspar,3,5d5u_state_022_MA0486.2.jaspar.npz,state,22.0,9,0.423117948979625,0.15321212370326975,0.16131744291458516,9,0.3672777929219978,0.268778184309162,0.35430711555738476,9,5.3873696944844625,....CTCCTTAAA,4.0
hsf,5d5u,MA0486.2.jaspar,3,5d5u_state_023_MA0486.2.jaspar.npz,state,23.0,9,0.6122253701300516,0.11658449796717225,0.1033278659023638,9,0.7385677928393062,0.19815391817893316,0.20632457910945262,9,4.743858982467119,....CTTCTTGAA,6.0
hsf,5d5u,MA0486.2.jaspar,3,5d5u_state_024_MA0486.2.jaspar.npz,state,24.0,9,0.13366710473031357,0.17410954755177954,0.19639495820610456,9,0.27623176369207225,0.280456050903821,0.3645383104344759,9,4.864564290500862,....CTTGGTAAA,4.0
hsf,5d5u,MA0486.2.jaspar,3,5d5u_state_025_MA0486.2.jaspar.npz,state,25.0,9,0.5728419823092165,0.17127913639948625,0.1342469807976412,9,0.6959388555122041,0.1855927869619336,0.21100609714985336,9,7.120746172007743,....CTTCATGAA,6.0
hsf,5d5u,MA0486.2.jaspar,3,5d5u_state_026_MA0486.2.jaspar.npz,state,26.0,9,0.20340423719442258,0.17296461985824862,0.19456322478930918,9,0.43371220280047496,0.23595691721614762,0.30862734209897763,9,5.63433983496453,....GTTGGAAAA,5.0
hsf,5d5u,MA0486.2.jaspar,3,5d5u_state_027_MA0486.2.jaspar.npz,state,27.0,8,-0.12646544881795646,0.28282719058479416,0.3240610736258703,5,-0.3038781552630687,0.3708003567124251,0.5362269257599208,5,2.864368036387639,.TTGTAAAC....,2.0
hsf,5d5u,MA0486.2.jaspar,3,5d5u_state_028_MA0486.2.jaspar.npz,state,28.0,9,0.04691933711054448,0.19919796313640997,0.23739624598216583,9,0.2408316068622302,0.2846895568945911,0.37840956262980563,9,5.6213805926835105,....GTTGGTAAA,4.0
hsf,5d5u,MA0486.2.jaspar,3,5d5u_state_029_MA0486.2.jaspar.npz,state,29.0,9,0.0705999984561221,0.1868644879796193,0.22123851304575587,9,0.18849291057885173,0.3066746286058333,0.4055985689235164,9,4.821824146161277,....TTTGGTTTA,4.0
hsf,5d5u,MA0486.2.jaspar,3,5d5u_state_030_MA0486.2.jaspar.npz,state,30.0,9,0.20131207040055452,0.171618873846051,0.17854438743440956,9,0.4666279569588504,0.23485513611942427,0.29573659615723874,9,5.084889987328037,....GTTGGAAAA,5.0
hsf,5d5u,MA0486.2.jaspar,3,5d5u_state_031_MA0486.2.jaspar.npz,state,31.0,8,-0.11897698692833286,0.2972339708547224,0.3544652854627724,5,-0.3123701510908293,0.3830794575449545,0.5779239644734327,5,3.6304567708346775,.TTGTGAAC....,2.0
hsf,5d5u,MA0486.2.jaspar,3,5d5u_state_032_MA0486.2.jaspar.npz,state,32.0,9,0.4916503487620562,0.15421386766522321,0.16528415902840432,9,0.3913348712271677,0.2603034562166108,0.3539538703412175,9,7.0478600976603945,....CTCCTTTAA,4.0
hsf,5d5u,MA0486.2.jaspar,3,5d5u_state_033_MA0486.2.jaspar.npz,state,33.0,9,0.41616641595438114,0.14624677937131814,0.15806559654896052,9,0.39779621180005714,0.26725411178065567,0.34547279793106545,9,5.129428284642957,....CTCCTTTAA,4.0
hsf,5d5u,MA0486.2.jaspar,3,5d5u_state_034_MA0486.2.jaspar.npz,state,34.0,8,-0.13640994393942463,0.2873582296029781,0.3271408323544522,5,-0.32510504295714826,0.3734613402339164,0.5491614472920954,5,2.8719647865575735,.CTCTGAAC....,2.0
hsf,5d5u,MA0486.2.jaspar,3,5d5u_state_035_MA0486.2.jaspar.npz,state,35.0,9,0.6600727445018527,0.12420105236863795,0.09549837412081662,9,0.4238144882472387,0.2539886935701361,0.3207760946989847,9,5.2446801849761995,....CTACATTAA,4.0
hsf,5d5u,MA0486.2.jaspar,3,5d5u_state_036_MA0486.2.jaspar.npz,state,36.0,9,0.7158345608434146,0.10175637235725946,0.0654449671923226,9,0.5596993796551821,0.2123494382216854,0.2519272297320158,9,4.585053181306177,....GTACAAAAA,5.0
hsf,5d5u,MA0486.2.jaspar,3,5d5u_state_038_MA0486.2.jaspar.npz,state,38.0,8,0.15678595248791974,0.2309058299244498,0.2461381946794628,5,0.06735060863974267,0.3117868412809912,0.4242389519711344,5,2.7166916416326394,.TGTTTTAC....,4.0
hsf,5d5u,MA0486.2.jaspar,3,5d5u_state_039_MA0486.2.jaspar.npz,state,39.0,9,0.04142754912572151,0.2093649449630498,0.2453878605163776,9,0.19433371220448648,0.2990268995927181,0.3987585370779995,9,5.672654767357866,....CTGGGTAAA,3.0
hsf,5d5u,MA0486.2.jaspar,3,5d5u_state_040_MA0486.2.jaspar.npz,state,40.0,9,0.09104307518554088,0.19527068097522715,0.22056866661891356,9,0.3566400176695255,0.26019747833035783,0.3405495008477841,9,5.590942583010558,....GTTGGTGAA,5.0
hsf,5d5u,MA0486.2.jaspar,3,5d5u_state_041_MA0486.2.jaspar.npz,state,41.0,9,0.6772924869414858,0.11518974048683756,0.08795619775186901,9,0.520942264001774,0.2217536585069158,0.2729628527496676,9,5.724410318419574,....TTACTTGAA,6.0
hsf,5d5u,MA0486.2.jaspar,3,5d5u_state_042_MA0486.2.jaspar.npz,state,42.0,9,0.4326897734309484,0.15774783432344622,0.17004303107838512,9,0.32277878477241584,0.2831472115584701,0.3861812874575239,9,6.107647763880989,....CTCCTTTAA,4.0
hsf,5d5u,MA0486.2.jaspar,3,5d5u_state_043_MA0486.2.jaspar.npz,state,43.0,9,0.48653535304967294,0.13478056421364373,0.1438974099655635,9,0.38615059649217265,0.26824044519970713,0.3606306909721908,9,5.0168726206993774,....CTGCTTAAA,4.0
hsf,5d5u,MA0486.2.jaspar,3,5d5u_state_044_MA0486.2.jaspar.npz,state,44.0,8,-0.10404415958702684,0.28868677340942667,0.3372625454515813,5,-0.2606396022889431,0.3723354571557138,0.5471149080817466,5,4.198905840828506,.CCATAAAC....,2.0
hsf,5d5u,MA0486.2.jaspar,3,5d5u_state_045_MA0486.2.jaspar.npz,state,45.0,9,0.207178567789487,0.16339863213054034,0.17757834830510405,9,0.27140768468100135,0.29029084039373426,0.3788565116886412,9,4.059512281070111,....CTTGGTAAA,4.0
hsf,5d5u,MA0486.2.jaspar,3,5d5u_state_047_MA0486.2.jaspar.npz,state,47.0,9,0.543247340231399,0.12057161447349547,0.12278337311867718,9,0.3551663916417285,0.2768832757234729,0.3526723155673918,9,4.24225614349613,....TTTCCTTAA,7.0
hsf,5d5u,MA0486.2.jaspar,3,5d5u_state_048_MA0486.2.jaspar.npz,state,48.0,9,0.06767814514787462,0.21062687227984295,0.24377004334054814,9,0.33159258226658034,0.25997116003741716,0.3486209088069073,9,6.468561954790454,....GTTGGTGAA,5.0
hsf,5d5u,MA0486.2.jaspar,3,5d5u_state_049_MA0486.2.jaspar.npz,state,49.0,9,-0.02704776327894461,0.20305453840814558,0.2281564692433879,9,0.017403031951688835,0.3235547193164368,0.43993090789296335,9,4.362057060252043,....CTGTATAAA,3.0
hsf,5d5u,MA0486.2.jaspar,3,5d5u_state_050_MA0486.2.jaspar.npz,state,50.0,9,0.18156693801508803,0.19364726858798853,0.20411851234808398,9,0.40823545406864603,0.23895142267186506,0.3159327574346172,9,6.005016938309943,....CTTGGAAAA,5.0
hsf,5d5u,MA0486.2.jaspar,3,5d5u_state_051_MA0486.2.jaspar.npz,state,51.0,9,0.08219087920139237,0.19589825535674915,0.20936074373528624,9,0.32267538112320526,0.26619365300090675,0.34621211411162356,9,5.200531034781465,....CTTGGTAAA,4.0
hsf,5d5u,MA0486.2.jaspar,3,5d5u_state_052_MA0486.2.jaspar.npz,state,52.0,9,0.0709750772737596,0.19853850055450392,0.21218704732351143,9,0.18109845541191708,0.29158289170138435,0.3839226630978348,9,4.103607594554557,....CTGTGTAAA,3.0
hsf,5d5u,MA0486.2.jaspar,3,5d5u_state_053_MA0486.2.jaspar.npz,state,53.0,9,0.4681077647986684,0.15220250535720778,0.1657420896220135,9,0.3733742078170747,0.26489837797190474,0.3613908183449703,9,6.353429194755854,....TTCCTTTAA,5.0
hsf,5d5u,MA0486.2.jaspar,3,5d5u_state_054_MA0486.2.jaspar.npz,state,54.0,9,0.4067958248377845,0.16910932432721085,0.19068292092952566,9,0.49016384052176765,0.24219574816460307,0.31055115918253434,9,6.954967495937682,....GTCCTTAAA,4.0
hsf,5d5u,MA0486.2.jaspar,3,5d5u_state_055_MA0486.2.jaspar.npz,state,55.0,9,0.6006091545349131,0.133273635496961,0.11252243026771475,9,0.547775896237987,0.22914622595676015,0.28554738856103523,9,5.263755075950005,....CTTCATTAA,5.0
hsf,5d5u,MA0486.2.jaspar,3,5d5u_state_056_MA0486.2.jaspar.npz,state,56.0,8,-0.2861629141659352,0.29046730333502635,0.36204098448588784,5,-0.13835940911371394,0.3407346531341318,0.47893227865679106,5,3.122506721614753,.TCGAGAAC....,1.0
hsf,5d5u,MA0486.2.jaspar,3,5d5u_state_057_MA0486.2.jaspar.npz,state,57.0,9,0.2640541153646205,0.16340705132541997,0.17833041944350259,9,0.27647981252459786,0.2893556576293324,0.37355218807149543,9,4.039505876653841,....CTGGATGAA,4.0
hsf,5d5u,MA0486.2.jaspar,3,5d5u_state_058_MA0486.2.jaspar.npz,state,58.0,8,-0.13650606199466722,0.30037588157720163,0.37138148697048246,5,-0.3025708021750297,0.38500711958040484,0.5901691578942206,5,4.34666155039059,.CTATGAAC....,2.0
hsf,5d5u,MA0486.2.jaspar,3,5d5u_state_059_MA0486.2.jaspar.npz,state,59.0,8,-0.005760900426626698,0.26050539845164167,0.2751949630336782,5,-0.18356538970398004,0.34575014110305347,0.4836313536004629,5,2.8587995553718346,.TTTTTAAC....,3.0
hsf,5d5u,MA0486.2.jaspar,3,5d5u_state_060_MA0486.2.jaspar.npz,state,60.0,9,0.07213830699440499,0.19455466931443274,0.23034321693192295,9,0.05996842335413642,0.3251224408385396,0.4498393871548562,9,5.536109334420882,....CTGTATAAA,3.0
hsf,5d5u,MA0486.2.jaspar,3,5d5u_state_061_MA0486.2.jaspar.npz,state,61.0,9,0.7910342539962987,0.0854777910612433,0.05637253008235226,9,0.615809139402062,0.21035123253629232,0.23759590171909353,9,4.448027556103581,....TTACAGGAA,6.0
hsf,5d5u,MA0486.2.jaspar,3,5d5u_state_062_MA0486.2.jaspar.npz,state,62.0,9,0.764931777878343,0.09207004692305215,0.058882276418918716,9,0.5346645620261136,0.22771822945085457,0.2762904100410651,9,5.559188807266289,....CTCCAAGAA,6.0
hsf,5d5u,MA0486.2.jaspar,3,5d5u_state_063_MA0486.2.jaspar.npz,state,63.0,9,0.17042430422236765,0.17373526176298684,0.17737225314790714,9,0.4197437238312914,0.24692585961828525,0.313164525013725,9,4.460000404130463,....GTTGATAAA,4.0
hsf,5d5u,MA0486.2.jaspar,3,5d5u_state_064_MA0486.2.jaspar.npz,state,64.0,9,0.5957176366521212,0.12395495636560049,0.10571365562713463,9,0.4745386750557608,0.2529078971225924,0.31100524891025105,9,4.933401807292546,....CTTCATTAA,5.0
hsf,5d5u,MA0486.2.jaspar,3,5d5u_state_065_MA0486.2.jaspar.npz,state,65.0,9,0.5320980721513291,0.13748030003383369,0.1514610947088886,9,0.448251184807749,0.2471813428597266,0.3263964188083186,9,7.008209421610466,....CTCCTTGAA,5.0
hsf,5d5u,MA0486.2.jaspar,3,5d5u_state_066_MA0486.2.jaspar.npz,state,66.0,8,-0.12130995933280614,0.29629025451868074,0.3512271019206121,5,-0.3182861789766115,0.3822809284378309,0.5767551930493842,5,4.186789273927229,.CTGTGAAC....,2.0
hsf,5d5u,MA0486.2.jaspar,3,5d5u_state_067_MA0486.2.jaspar.npz,state,67.0,9,0.11854573771830194,0.1827417849538809,0.21247971955180256,9,0.2014795556922017,0.2934319523725814,0.3887590935306648,9,4.993910843590728,....CTGTATAAA,3.0
hsf,5d5u,MA0486.2.jaspar,3,5d5u_state_068_MA0486.2.jaspar.npz,state,68.0,9,0.42862082954238834,0.15368952503599254,0.15347605676024856,9,0.39846054796970903,0.2633249183127191,0.3377709198797401,9,5.384566239101951,....CTGCTTTAA,4.0
hsf,5d5u,MA0486.2.jaspar,3,5d5u_state_069_MA0486.2.jaspar.npz,state,69.0,9,0.6677241344165638,0.13039252029476403,0.09336868329158203,9,0.47983086611755643,0.2305859473805564,0.2913250640523355,9,4.639580569684451,....ATACTGTAA,4.0
hsf,5d5u,MA0486.2.jaspar,3,5d5u_state_070_MA0486.2.jaspar.npz,state,70.0,9,0.10277111125215248,0.18817555697185323,0.21685108209147289,9,0.2320141887272632,0.2914196287327084,0.3807626506809546,9,5.052936129502326,....CTGGGTGAA,4.0
hsf,5d5u,MA0486.2.jaspar,3,5d5u_state_071_MA0486.2.jaspar.npz,state,71.0,9,0.5355067172458461,0.15037187138012895,0.1374565958849219,9,0.34106540509722433,0.25185411340175456,0.3452211571510313,9,6.380036948819721,....GTACATCAA,4.0
hsf,5d5u,MA0486.2.jaspar,3,5d5u_state_072_MA0486.2.jaspar.npz,state,72.0,8,-0.11232174151141165,0.25841994517977585,0.2883971128660793,5,-0.23000342241001256,0.34949420984485186,0.4921941155732542,5,4.141623406356416,.CCATAAAC....,2.0
hsf,5d5u,MA0486.2.jaspar,3,5d5u_state_073_MA0486.2.jaspar.npz,state,73.0,8,-0.10947364308319281,0.29456128503225043,0.34705669275897105,5,-0.30346204875563304,0.38035090354387646,0.5691093633458152,5,3.890106713582003,.CTGTGAAC....,2.0
hsf,5d5u,MA0486.2.jaspar,3,5d5u_state_074_MA0486.2.jaspar.npz,state,74.0,9,0.2509152611297027,0.17292499650648097,0.19663124775879617,9,0.2369545627443753,0.29953300382152925,0.3876938877113787,9,4.952042345651149,....CTGCGTAAA,4.0
hsf,5d5u,MA0486.2.jaspar,3,5d5u_state_075_MA0486.2.jaspar.npz,state,75.0,9,0.7151415637797204,0.10771830037265318,0.07174086871303634,9,0.65883277776249,0.20275937261370322,0.22993482797826792,9,4.562321480259124,....ATTCATAAA,5.0
hsf,5d5u,MA0486.2.jaspar,3,5d5u_state_076_MA0486.2.jaspar.npz,state,76.0,8,-0.09115622606095888,0.2975929494903539,0.35173660420739,5,-0.2749087538302006,0.37931440347456374,0.5683582873272646,5,4.314163789958054,.TTGTAAAC....,2.0
hsf,5d5u,MA0486.2.jaspar,3,5d5u_state_077_MA0486.2.jaspar.npz,state,77.0,8,-0.32459068721779805,0.24342578732903347,0.2867091534020139,5,-0.19482119155459077,0.31510193418362176,0.42606272841562376,5,3.505519658437717,.TCATGAAC....,2.0
hsf,5d5u,MA0486.2.jaspar,3,5d5u_state_078_MA0486.2.jaspar.npz,state,78.0,9,0.2162041452560316,0.17495988816194263,0.16219193190953177,9,0.1574534556625278,0.300227981199795,0.3950118699992516,9,3.3295736277733976,....CTAAATGAA,4.0
hsf,5d5u,MA0486.2.jaspar,3,5d5u_state_079_MA0486.2.jaspar.npz,state,79.0,9,0.11899876051076397,0.1833847394809709,0.20799301877750767,9,0.14034278143633006,0.30539547500342856,0.4069402932125079,9,4.419554917691914,....TTGTGTAAA,4.0
hsf,5d5u,MA0486.2.jaspar,3,5d5u_state_080_MA0486.2.jaspar.npz,state,80.0,8,-0.09334270450718343,0.2856279985702713,0.3396710931054626,5,-0.2694458185601972,0.3746656984381843,0.5607150318241663,5,4.034291981131224,.TTGTGAAC....,2.0
hsf,5d5u,MA0486.2.jaspar,3,5d5u_state_081_MA0486.2.jaspar.npz,state,81.0,8,-0.0705065256852719,0.2749756633260404,0.3159258971965723,5,-0.19887066939409853,0.3583671433443669,0.5110628436311465,5,2.831075615867152,.CGTTGAAC....,2.0
hsf,5d5u,MA0486.2.jaspar,3,5d5u_state_082_MA0486.2.jaspar.npz,state,82.0,9,0.07351100925975784,0.18013274040761948,0.23874510062954787,9,0.13187874108431433,0.31270811971626244,0.429287992421168,9,5.733091843795538,....CTGGGTAAA,3.0
hsf,5d5u,MA0486.2.jaspar,3,5d5u_state_083_MA0486.2.jaspar.npz,state,83.0,8,-0.049775291404160184,0.2709086922070128,0.32568887931953433,5,-0.1657614343359005,0.35915493403445,0.5268742120477905,5,3.81339014200891,.TTGTGTAC....,3.0
hsf,5d5u,MA0486.2.jaspar,3,5d5u_state_084_MA0486.2.jaspar.npz,state,84.0,9,0.6535907829198984,0.12371749919596671,0.09397175546271702,9,0.5066615695194083,0.22961418999087377,0.2816341374331688,9,5.0109122122310055,....GTACATGTA,4.0
hsf,5d5u,MA0486.2.jaspar,3,5d5u_state_085_MA0486.2.jaspar.npz,state,85.0,8,-0.14098709965753392,0.2866877737411414,0.33378106030083987,5,-0.30773658476949234,0.37449329062947073,0.5501972394798467,5,3.7749859828488974,.CTGTAAAC....,2.0
hsf,5d5u,MA0486.2.jaspar,3,5d5u_state_086_MA0486.2.jaspar.npz,state,86.0,9,0.6726240326460449,0.10152728967902173,0.09210302571130151,9,0.5281875019643595,0.23875767688150518,0.2935750847665646,9,5.301641628903381,....CTTCCTGAA,7.0
hsf,5d5u,MA0486.2.jaspar,3,5d5u_state_087_MA0486.2.jaspar.npz,state,87.0,9,0.639163026769277,0.12186284362865586,0.09239447950222049,9,0.5195309276489108,0.21292931124238143,0.2624456981657643,9,5.092390174236533,....GTACTTTAA,4.0
hsf,5d5u,MA0486.2.jaspar,3,5d5u_state_088_MA0486.2.jaspar.npz,state,88.0,8,-0.21147310254470145,0.26287377932603706,0.29902204849818925,5,-0.3373089795375033,0.354466929245973,0.5041743404575868,5,3.9327040562681974,.TCATAAAC....,2.0
hsf,5d5u,MA0486.2.jaspar,3,5d5u_state_089_MA0486.2.jaspar.npz,state,89.0,9,0.3030200257667399,0.1667286286416735,0.18621090009489874,9,0.23687723437092953,0.29130037582621704,0.3837235454582888,9,5.423745463604858,....CTGCATAAA,4.0
hsf,5d5u,MA0486.2.jaspar,3,5d5u_state_090_MA0486.2.jaspar.npz,state,90.0,8,-0.11452715355040063,0.29419564059498954,0.35064036902550505,5,-0.29140149752345146,0.37871431895182467,0.5692941609337728,5,3.7181178546030518,.CTGTGAAC....,2.0
hsf,5d5u,MA0486.2.jaspar,3,5d5u_state_091_MA0486.2.jaspar.npz,state,91.0,9,0.041294613001632896,0.2088305193182249,0.24546359186046363,9,0.17040876398275712,0.3058625999676426,0.40761428300167823,9,5.094252136059871,....CTGTGTGAA,4.0
hsf,5d5u,MA0486.2.jaspar,3,5d5u_state_092_MA0486.2.jaspar.npz,state,92.0,9,-0.01166895996558656,0.19703435385357201,0.23262166296335332,9,0.056000791453780514,0.3201198009612401,0.4305382173371647,9,4.5286016382837095,....TTGTGTAAA,4.0
hsf,5d5u,MA0486.2.jaspar,3,5d5u_state_093_MA0486.2.jaspar.npz,state,93.0,9,-0.1252162980983744,0.22188019871262238,0.2541802027979114,9,0.17785144045697465,0.29057322202910046,0.3997735699210187,9,4.872395480798172,....CGTTTTAAA,3.0
hsf,5d5u,MA0486.2.jaspar,3,5d5u_state_094_MA0486.2.jaspar.npz,state,94.0,9,0.27430194227125687,0.15875728660951913,0.15959368651452874,9,0.4867587065837053,0.23057791082020332,0.2900312554630794,9,4.723648687700141,....GTTGGAAAA,5.0
hsf,5d5u,MA0486.2.jaspar,3,5d5u_state_095_MA0486.2.jaspar.npz,state,95.0,8,-0.11958000982633006,0.2903043909886037,0.3383061096788354,5,-0.29934923485594855,0.3755063449556474,0.5543027436876857,5,3.1237703917761093,.TTATAAAT....,1.0
hsf,5d5u,MA0486.2.jaspar,3,5d5u_state_096_MA0486.2.jaspar.npz,state,96.0,9,0.13921004058241165,0.16634488679846982,0.21466340161733677,9,0.23767274564874483,0.29677024275103275,0.39676114448363164,9,5.2655549669137205,....TTGGGTGAA,5.0
hsf,5d5u,MA0486.2.jaspar,3,5d5u_state_097_MA0486.2.jaspar.npz,state,97.0,8,-0.1369242808155845,0.2679113733538543,0.3082162358344718,5,-0.22811247122082454,0.3517958307231311,0.4938754569592674,5,2.940017970211472,.TTGTAAAC....,2.0
hsf,5d5u,MA0486.2.jaspar,3,5d5u_state_098_MA0486.2.jaspar.npz,state,98.0,9,0.41528218301708136,0.1609363992570757,0.1653948267596489,9,0.40252393022046146,0.25513736679567955,0.3374677689462596,9,5.421315091273105,....GTCCTTTTA,3.0
hsf,5d5u,MA0486.2.jaspar,3,5d5u_state_099_MA0486.2.jaspar.npz,state,99.0,8,-0.10566357470802344,0.28991425225540296,0.3414068042562781,5,-0.3169989683015865,0.3811365227040369,0.5735575005259007,5,3.77986400839497,.TTGTGAAC....,2.0
hsf,5d5u,MA0486.2.jaspar,3,ENSEMBLE_MEAN,ensemble_mean,,12,0.42531922177324316,0.1398568624854179,0.11458331105767064,9,0.44207718700375603,0.2711434387080723,0.32191773485776587,9,2.5420508270131315,.TTGTTTCTTAAA,6.0
hsf,5d5u,MA0486.2.jaspar,4,5d5u_duplex_MA0486.2.jaspar.npz,crystal,,9,0.9999999999999998,0.0,0.0,9,0.5135316523745062,0.2051924127857395,0.27922855338057695,9,8.197122965589143,....GTCCAAAAA,
hsf,5d5u,MA0486.2.jaspar,4,5d5u_state_001_MA0486.2.jaspar.npz,state,1.0,8,-0.372726442271924,0.38764331148267955,0.5425447946721345,5,-0.3258305825527759,0.41271186075755395,0.6201421023886766,5,7.965872647342577,.TCGTAAAC....,0.0
hsf,5d5u,MA0486.2.jaspar,4,5d5u_state_002_MA0486.2.jaspar.npz,state,2.0,8,-0.38204083353640544,0.35161915918142767,0.4653820777856986,5,-0.2884957664216842,0.37843543342896735,0.5464711039800428,5,5.852256282676518,.TCCTCGAC....,0.0
hsf,5d5u,MA0486.2.jaspar,4,5d5u_state_003_MA0486.2.jaspar.npz,state,3.0,9,0.900244555134022,0.08143363778152787,0.046387236670830015,9,0.5737452651423658,0.1866267352824151,0.26324288392783834,9,8.655137985923472,....GTTCATAAA,7.0
hsf,5d5u,MA0486.2.jaspar,4,5d5u_state_005_MA0486.2.jaspar.npz,state,5.0,9,0.6701548756627885,0.15078692383071435,0.14643899265083837,9,0.7080377922293202,0.17164397005237536,0.21218883195164506,9,7.53956672478897,....TTTCGAAAA,6.0
hsf,5d5u,MA0486.2.jaspar,4,5d5u_state_006_MA0486.2.jaspar.npz,state,6.0,9,0.5221517677983479,0.1736581117333521,0.18930600313062895,9,0.34516322999701743,0.25297702941881856,0.37977299855932295,9,8.35319605926333,....CCTGAAAAA,5.0
hsf,5d5u,MA0486.2.jaspar,4,5d5u_state_007_MA0486.2.jaspar.npz,state,7.0,9,0.8995548966250736,0.09128221171300134,0.04890996188082237,9,0.42761898504357987,0.2399866539789299,0.32973862678495347,9,7.6137430335650516,....GTCCAAAAA,9.0
hsf,5d5u,MA0486.2.jaspar,4,5d5u_state_008_MA0486.2.jaspar.npz,state,8.0,9,0.5185778910126734,0.16491063666520253,0.19865874602657774,9,0.35216622032468353,0.25119034267845564,0.3735747220829335,9,8.575608833414954,....TTTGGAAAA,5.0
hsf,5d5u,MA0486.2.jaspar,4,5d5u_state_009_MA0486.2.jaspar.npz,state,9.0,9,0.6371582601041867,0.1513774367770869,0.13217907208706767,9,0.31244964044743345,0.2736621803792837,0.37133016780301975,9,5.601256713280533,....TTCCAACGG,5.0
hsf,5d5u,MA0486.2.jaspar,4,5d5u_state_010_MA0486.2.jaspar.npz,state,10.0,8,-0.3427765639661106,0.3505626628713799,0.4830814513928582,5,-0.3675137745425791,0.4091838181775529,0.6172786005836166,5,7.720203380186778,.CCATCCGC....,1.0
hsf,5d5u,MA0486.2.jaspar,4,5d5u_state_011_MA0486.2.jaspar.npz,state,11.0,9,0.3741265804323844,0.21969375238485453,0.242143472094252,9,0.027975680016354885,0.3435341926750779,0.47802240820238356,9,6.067448021099838,....TTGTACAAA,5.0
hsf,5d5u,MA0486.2.jaspar,4,5d5u_state_012_MA0486.2.jaspar.npz,state,12.0,9,0.553514596790313,0.186297888418873,0.1803223769329666,9,0.30855229726038,0.25842665123895536,0.36361331543882175,9,4.930494496217791,....GTCCATCCG,5.0
hsf,5d5u,MA0486.2.jaspar,4,5d5u_state_013_MA0486.2.jaspar.npz,state,13.0,9,0.24154223259261004,0.23384292675877483,0.27250200022760795,9,0.23742806485828738,0.30112168079520213,0.4240099704784843,9,7.2860984017024535,....CTTCCTTGG,2.0
hsf,5d5u,MA0486.2.jaspar,4,5d5u_state_014_MA0486.2.jaspar.npz,state,14.0,6,0.44426455541456045,0.22077601050235293,0.26276035954895544,6,0.21838579304668992,0.28051268535637064,0.4379959184138995,6,6.925065173584274,......CCAACG.,4.0
hsf,5d5u,MA0486.2.jaspar,4,5d5u_state_015_MA0486.2.jaspar.npz,state,15.0,9,0.3579762711538468,0.2042217583633222,0.26171029970125687,9,0.18970729775613382,0.2870154838035685,0.4386147800533255,9,9.563892132170807,....CCTGGAAAA,4.0
hsf,5d5u,MA0486.2.jaspar,4,5d5u_state_016_MA0486.2.jaspar.npz,state,16.0,9,0.4519420367067871,0.17497038411238464,0.20974663287913273,9,0.25786357984363967,0.27276428340054637,0.3993533254087519,9,7.9535408538635535,....GTCGGAAAA,7.0
hsf,5d5u,MA0486.2.jaspar,4,5d5u_state_017_MA0486.2.jaspar.npz,state,17.0,9,0.5228808171382723,0.16037593271418396,0.19454526498107022,9,0.35197045625166895,0.25125435344913666,0.37631435773670086,9,8.282405123704827,....TTTGGAAAA,5.0
hsf,5d5u,MA0486.2.jaspar,4,5d5u_state_018_MA0486.2.jaspar.npz,state,18.0,9,0.3403478665091839,0.19606374150235853,0.22347248053996183,9,0.22813362182215316,0.2723293973411071,0.39202223355815824,9,6.083867492692766,....GTTGAACAA,6.0
hsf,5d5u,MA0486.2.jaspar,4,5d5u_state_019_MA0486.2.jaspar.npz,state,19.0,9,0.8709507225692313,0.10416600956119106,0.08050646702045888,9,0.5605074323519463,0.20715981014331597,0.2932425036730455,9,8.734899050997369,....TTTCAAAAA,7.0
hsf,5d5u,MA0486.2.jaspar,4,5d5u_state_020_MA0486.2.jaspar.npz,state,20.0,9,0.41192511486505157,0.23876668415565896,0.24909590472921705,9,0.24126532961894626,0.28895515744483824,0.4190631496319518,9,6.732407392556577,....TTGCCTAAA,5.0
hsf,5d5u,MA0486.2.jaspar,4,5d5u_state_021_MA0486.2.jaspar.npz,state,21.0,9,0.22209422068462006,0.24637964138997226,0.31266531220223576,9,0.297609945948881,0.2758476711977791,0.408989313301632,9,8.953143226530479,....CTTCGTCCG,2.0
hsf,5d5u,MA0486.2.jaspar,4,5d5u_state_022_MA0486.2.jaspar.npz,state,22.0,9,0.2930592433340925,0.22954577665869794,0.26648416006417946,9,0.1967855069657875,0.28232526639153044,0.409718178983536,9,5.9579175097262365,....GTCCGTCGG,4.0
hsf,5d5u,MA0486.2.jaspar,4,5d5u_state_023_MA0486.2.jaspar.npz,state,23.0,9,0.6003336044358311,0.18628011875827927,0.17633199209707726,9,0.2843362958163589,0.27560414043707876,0.38025575159959807,9,6.915261823468948,....CTGCAAAAG,6.0
hsf,5d5u,MA0486.2.jaspar,4,5d5u_state_024_MA0486.2.jaspar.npz,state,24.0,9,0.6228855806988983,0.12623494545712471,0.1575942685730706,9,0.3797486206566789,0.2266675852103314,0.35362585044683725,9,9.057589735394936,....TTTGAAAAA,6.0
hsf,5d5u,MA0486.2.jaspar,4,5d5u_state_025_MA0486.2.jaspar.npz,state,25.0,9,0.8702911360109644,0.09856646272318256,0.06509390321390884,9,0.5226305862447048,0.2188557742790888,0.30204293276851446,9,7.569669384679007,....CTTCAAAAA,7.0
hsf,5d5u,MA0486.2.jaspar,4,5d5u_state_026_MA0486.2.jaspar.npz,state,26.0,9,0.5032631921649457,0.18350625672367946,0.21845705047421218,9,0.3000993679588719,0.2574044869559455,0.41159525539707503,9,10.21699550651687,....TCTGAAAAA,5.0
hsf,5d5u,MA0486.2.jaspar,4,5d5u_state_027_MA0486.2.jaspar.npz,state,27.0,8,-0.41654414012817265,0.34426787098200295,0.4512605298253531,5,-0.22909229345400228,0.35954801287152804,0.4977385206134105,5,5.061833649796039,.TCGAAAAC....,0.0
hsf,5d5u,MA0486.2.jaspar,4,5d5u_state_028_MA0486.2.jaspar.npz,state,28.0,9,0.49280702583790115,0.1673611647929647,0.19452577980440913,9,0.357982597732782,0.258953446764887,0.3488503229122396,9,6.375540401544624,....TTTGGTAAA,4.0
hsf,5d5u,MA0486.2.jaspar,4,5d5u_state_029_MA0486.2.jaspar.npz,state,29.0,9,0.2984061836928204,0.21214274290266782,0.2695591033760599,9,0.3120429496873689,0.27511575120540027,0.39234657267487105,9,7.496711142558002,....TTTGGTAAA,4.0
hsf,5d5u,MA0486.2.jaspar,4,5d5u_state_030_MA0486.2.jaspar.npz,state,30.0,9,0.5446185047880266,0.16918739039182482,0.20144297824299617,9,0.26106034861418864,0.26611433031697135,0.4270841134183875,9,10.43411530671159,....TCTGAAAAA,5.0
hsf,5d5u,MA0486.2.jaspar,4,5d5u_state_031_MA0486.2.jaspar.npz,state,31.0,8,-0.3135936461380969,0.35627525386662456,0.4813492829446518,5,-0.2810920449599962,0.40143502778955736,0.5884040806890221,5,7.117834859515231,.TCGTAGGC....,0.0
hsf,5d5u,MA0486.2.jaspar,4,5d5u_state_032_MA0486.2.jaspar.npz,state,32.0,9,0.382029960914856,0.22153758929360062,0.25586427573860415,9,0.1962776062090691,0.27800121128287475,0.4221618057501526,9,7.358302963788407,....GTCCATCGG,5.0
hsf,5d5u,MA0486.2.jaspar,4,5d5u_state_033_MA0486.2.jaspar.npz,state,33.0,9,0.570107700624978,0.18210725684588802,0.1764838104339189,9,0.16152317695255242,0.3007845603181825,0.4457446869423104,9,6.89289201150256,....GTCCATCGG,5.0
hsf,5d5u,MA0486.2.jaspar,4,5d5u_state_034_MA0486.2.jaspar.npz,state,34.0,8,-0.3731749641894957,0.341260193225753,0.443366986962684,5,-0.23634607126049698,0.36101284805336037,0.5085388424682693,5,6.225802658898732,.TCCTAGGC....,0.0
hsf,5d5u,MA0486.2.jaspar,4,5d5u_state_035_MA0486.2.jaspar.npz,state,35.0,9,0.6142484102866888,0.15626233314995058,0.1462617215652645,9,0.44141181792223133,0.2340166798918896,0.326571428128809,9,6.796031793038662,....GTTCAATGG,5.0
hsf,5d5u,MA0486.2.jaspar,4,5d5u_state_036_MA0486.2.jaspar.npz,state,36.0,9,0.9486251623444812,0.05461526933342813,0.024273173379763462,9,0.39491099104703115,0.237060976521914,0.33955671831163997,9,9.036885400363563,....TTCCAAAAA,8.0
hsf,5d5u,MA0486.2.jaspar,4,5d5u_state_038_MA0486.2.jaspar.npz,state,38.0,8,-0.2739972717477135,0.3383335199978319,0.44361894639402316,5,-0.23716702426980377,0.3773682533821557,0.5346236164224198,5,6.557582118326225,.TCCTCGAC....,0.0
hsf,5d5u,MA0486.2.jaspar,4,5d5u_state_039_MA0486.2.jaspar.npz,state,39.0,9,0.6236423537235455,0.14871609174507386,0.15555649085503434,9,0.3503990092371705,0.25882362022336264,0.36952820080211757,9,6.719945732881519,....CTTGAAAAA,6.0
hsf,5d5u,MA0486.2.jaspar,4,5d5u_state_040_MA0486.2.jaspar.npz,state,40.0,9,0.5517843406554742,0.1720070059891441,0.16993101612196598,9,0.31030260566950174,0.2688891297148075,0.38227035906470236,9,5.894459839474375,....TTTGAAAAA,6.0
hsf,5d5u,MA0486.2.jaspar,4,5d5u_state_041_MA0486.2.jaspar.npz,state,41.0,9,0.8625182674410361,0.10699853655448048,0.0641283341857718,9,0.43802443905203226,0.24300292764807332,0.33459637682843213,9,7.467442844625758,....CTTCAAAAA,7.0
hsf,5d5u,MA0486.2.jaspar,4,5d5u_state_042_MA0486.2.jaspar.npz,state,42.0,9,0.5472274104860071,0.19107909592841882,0.1874332904485709,9,0.35697824709792697,0.25647897993460195,0.3546391919977846,9,5.585583435472994,....GTTCATCGG,4.0
hsf,5d5u,MA0486.2.jaspar,4,5d5u_state_043_MA0486.2.jaspar.npz,state,43.0,9,0.3997666755549628,0.22509432339979363,0.22891360642733938,9,0.25332421839047836,0.2823449486135764,0.3913908342228946,9,5.482157150086062,....GTGCGTCGG,3.0
hsf,5d5u,MA0486.2.jaspar,4,5d5u_state_044_MA0486.2.jaspar.npz,state,44.0,8,-0.29920863800499725,0.3502419182404992,0.48944189973004804,5,-0.29019227360860333,0.4092096566746477,0.6067943164966573,5,6.483078798348661,.TCCTACGC....,1.0
hsf,5d5u,MA0486.2.jaspar,4,5d5u_state_045_MA0486.2.jaspar.npz,state,45.0,9,0.5200562140651144,0.20354255497497636,0.20383254005550258,9,0.2809781295383136,0.28433578806450693,0.397838610890247,9,7.08281414024057,....CCTCGTAAA,4.0
hsf,5d5u,MA0486.2.jaspar,4,5d5u_state_047_MA0486.2.jaspar.npz,state,47.0,9,0.18345969460121847,0.24316362816494397,0.2864841047034232,9,0.1554765293771102,0.31048206414885093,0.4351591297495853,9,5.773346389179879,....CTTCCTCGG,2.0
hsf,5d5u,MA0486.2.jaspar,4,5d5u_state_048_MA0486.2.jaspar.npz,state,48.0,9,0.4265392723794013,0.16643853810657877,0.21056433536393468,9,0.4393610422250275,0.2302760034379187,0.3114093712208108,9,7.5758327297670816,....TTTGGAAAA,5.0
hsf,5d5u,MA0486.2.jaspar,4,5d5u_state_049_MA0486.2.jaspar.npz,state,49.0,9,0.41293071333101733,0.1872197498814785,0.19498230674785116,9,0.056575258830319934,0.3127780244394671,0.4421511904095999,9,4.201979675707377,....GCTGAAAAA,6.0
hsf,5d5u,MA0486.2.jaspar,4,5d5u_state_050_MA0486.2.jaspar.npz,state,50.0,9,0.5616534916117923,0.16600841377334696,0.189037875121907,9,0.30521345601594885,0.25540943766827695,0.4016534663040704,9,9.334354064399784,....CCTGAAAAA,5.0
hsf,5d5u,MA0486.2.jaspar,4,5d5u_state_051_MA0486.2.jaspar.npz,state,51.0,9,0.5535216441469953,0.16221891558719412,0.18383533522351211,9,0.4071178156081612,0.23111863351207124,0.35562897370279284,9,8.25802603735978,....TTTGAAAAA,6.0
hsf,5d5u,MA0486.2.jaspar,4,5d5u_state_052_MA0486.2.jaspar.npz,state,52.0,9,0.6808741295563653,0.12156607675408143,0.13754264990368284,9,0.3498369737446551,0.244946817101057,0.3676869738563746,9,8.411801455720125,....TTTGAAAAA,6.0
hsf,5d5u,MA0486.2.jaspar,4,5d5u_state_053_MA0486.2.jaspar.npz,state,53.0,9,0.4547083182317262,0.20279046389057637,0.1955207031071882,9,0.3157908162615848,0.26329132324382143,0.3491359091759411,9,5.336879862855509,....TTCCACCGG,4.0
hsf,5d5u,MA0486.2.jaspar,4,5d5u_state_054_MA0486.2.jaspar.npz,state,54.0,9,0.5810081327482738,0.1943940582544504,0.17455827323744333,9,0.12266342890952674,0.3217147967823419,0.4473870504066395,9,7.016429062959,....GACCACAGG,5.0
hsf,5d5u,MA0486.2.jaspar,4,5d5u_state_055_MA0486.2.jaspar.npz,state,55.0,9,0.6195478320367185,0.17002050657902146,0.16568465292289994,9,0.5852175085616885,0.19799532302487124,0.2775651763433507,9,9.213965277253296,....TTTCCTAAA,5.0
hsf,5d5u,MA0486.2.jaspar,4,5d5u_state_056_MA0486.2.jaspar.npz,state,56.0,8,-0.3313593368825569,0.3286771956205484,0.43700150488243894,5,-0.0547975399270016,0.32836239464231765,0.4477543445972857,5,5.639272357964341,.TCCATAAC....,1.0
hsf,5d5u,MA0486.2.jaspar,4,5d5u_state_057_MA0486.2.jaspar.npz,state,57.0,9,0.22919821681269487,0.24736441956176553,0.30207804142223843,9,0.04363560000319726,0.3321545786489474,0.492325948241927,9,7.297756709136454,....CTGCATCGG,3.0
hsf,5d5u,MA0486.2.jaspar,4,5d5u_state_058_MA0486.2.jaspar.npz,state,58.0,8,-0.34362253379012986,0.34561470312328313,0.4471045088483546,5,-0.3294861342685246,0.39294539350667035,0.5638494876953488,5,6.441358463268149,.TCGTCAAC....,0.0
hsf,5d5u,MA0486.2.jaspar,4,5d5u_state_059_MA0486.2.jaspar.npz,state,59.0,8,-0.2822596156663177,0.36065364576206776,0.4815657300316147,5,-0.27559571791348525,0.395350408233935,0.5760466365339452,5,7.036692461309353,.TCGTCGGC....,0.0
hsf,5d5u,MA0486.2.jaspar,4,5d5u_state_060_MA0486.2.jaspar.npz,state,60.0,9,0.48661172546515385,0.1902020950324691,0.2254565692277082,9,0.1808204996995948,0.2949657748265761,0.4504633288756883,9,8.396811771345728,....TCGGAAAAA,5.0
hsf,5d5u,MA0486.2.jaspar,4,5d5u_state_061_MA0486.2.jaspar.npz,state,61.0,9,0.713643099036445,0.15200348835343094,0.11616901733753864,9,0.3134064438928165,0.26490674489994287,0.3585489544582108,9,4.749239821319923,....GCGCAAAGG,5.0
hsf,5d5u,MA0486.2.jaspar,4,5d5u_state_062_MA0486.2.jaspar.npz,state,62.0,9,0.9115308381118671,0.09056583912347883,0.053913552044472436,9,0.42185518623623464,0.22927774926776895,0.3472068218862919,9,10.19592792791898,....GTCCATAAA,8.0
hsf,5d5u,MA0486.2.jaspar,4,5d5u_state_063_MA0486.2.jaspar.npz,state,63.0,9,0.5709448703732453,0.1532722254770407,0.17692021544227682,9,0.24987689776232075,0.2648404522333294,0.41244730667828555,9,8.913934494134866,....TCTGAAAAA,5.0
hsf,5d5u,MA0486.2.jaspar,4,5d5u_state_064_MA0486.2.jaspar.npz,state,64.0,9,0.9037326549120456,0.08643325597141585,0.05366998451850896,9,0.5278778568913605,0.22754918467964874,0.30001742367966827,9,7.170318217461286,....TTTCAAAAA,7.0
hsf,5d5u,MA0486.2.jaspar,4,5d5u_state_065_MA0486.2.jaspar.npz,state,65.0,9,0.4943763321338029,0.1943162778406986,0.19421426896379834,9,0.31192845519222956,0.27033108662645744,0.3824462983182847,9,7.288236206215672,....CTCCTTACG,4.0
hsf,5d5u,MA0486.2.jaspar,4,5d5u_state_066_MA0486.2.jaspar.npz,state,66.0,8,-0.30734603510979724,0.36336574482993456,0.49544035410659487,5,-0.31343268253134693,0.4117232686432544,0.616332178892752,5,6.372572879280921,.TCATCAGC....,0.0
hsf,5d5u,MA0486.2.jaspar,4,5d5u_state_067_MA0486.2.jaspar.npz,state,67.0,9,0.10560670979227145,0.25540400181732065,0.2802432891126076,9,-0.13128458378064223,0.34964164854480057,0.5034313104287315,9,4.376373442416792,....GCCGATCGG,3.0
hsf,5d5u,MA0486.2.jaspar,4,5d5u_state_068_MA0486.2.jaspar.npz,state,68.0,9,0.26900133886482924,0.24211391349591496,0.2577640505856463,9,0.2526006785135399,0.28479766281897256,0.37384306186753946,9,6.3385381599593185,....AACCTCAGG,3.0
hsf,5d5u,MA0486.2.jaspar,4,5d5u_state_069_MA0486.2.jaspar.npz,state,69.0,9,0.7676163064624876,0.12645084921667957,0.10218061866270761,9,0.3424691311177573,0.2606207935161567,0.3441263453315931,9,5.5258806799118725,....ATCCAAAGG,6.0
hsf,5d5u,MA0486.2.jaspar,4,5d5u_state_070_MA0486.2.jaspar.npz,state,70.0,9,0.3158667290467494,0.212279554428177,0.2740938763421573,9,0.19110105655302953,0.2924828203297996,0.4314928838270145,9,8.764739542255196,....CTGGGAAAA,5.0
hsf,5d5u,MA0486.2.jaspar,4,5d5u_state_071_MA0486.2.jaspar.npz,state,71.0,9,0.6747766490672843,0.14293645133633012,0.12504142409040275,9,0.3130702554754854,0.2785854835698653,0.36189184186689505,9,5.596724404977671,....GTCCACCGG,5.0
hsf,5d5u,MA0486.2.jaspar,4,5d5u_state_072_MA0486.2.jaspar.npz,state,72.0,8,-0.3861124207557656,0.3411512482751277,0.4619331253900588,5,-0.3087618796833013,0.38231734792352656,0.5526260689787773,5,7.503182677308617,.CCATACAC....,1.0
hsf,5d5u,MA0486.2.jaspar,4,5d5u_state_073_MA0486.2.jaspar.npz,state,73.0,8,-0.3106127785128732,0.35852238161751304,0.48106037866488177,5,-0.2853459326935243,0.40220705457613803,0.588784710936775,5,6.279479294203744,.TCGTAGGC....,0.0
hsf,5d5u,MA0486.2.jaspar,4,5d5u_state_074_MA0486.2.jaspar.npz,state,74.0,9,0.4608282094513478,0.18915282781704768,0.20649293113833006,9,0.30636223638635013,0.2593747325526137,0.3752039857785469,9,6.112996846785378,....ATTGAAAAA,6.0
hsf,5d5u,MA0486.2.jaspar,4,5d5u_state_075_MA0486.2.jaspar.npz,state,75.0,9,0.8188663068936736,0.11342762167906686,0.07974734879278023,9,0.5614976456679244,0.20686065303541706,0.2703098824350948,9,7.222975771081716,....GTTCAAAGA,7.0
hsf,5d5u,MA0486.2.jaspar,4,5d5u_state_076_MA0486.2.jaspar.npz,state,76.0,8,-0.3888201433331343,0.3754154929963988,0.515937685442148,5,-0.366357975007102,0.39723700027097947,0.6164480170807731,5,6.447068121410682,.TCCTAAAC....,0.0
hsf,5d5u,MA0486.2.jaspar,4,5d5u_state_077_MA0486.2.jaspar.npz,state,77.0,8,-0.4037317605488234,0.3572688283704338,0.49370011679502934,5,-0.27552589032546265,0.3519451417552773,0.5305027869003645,5,7.3949915619542725,.CCAAAAAC....,0.0
hsf,5d5u,MA0486.2.jaspar,4,5d5u_state_078_MA0486.2.jaspar.npz,state,78.0,9,0.38840955606403876,0.18768491451515323,0.20050591084048577,9,0.34013253055971626,0.27012126274187015,0.3593546470974635,9,5.550156461776992,....GTTCGTTGG,3.0
hsf,5d5u,MA0486.2.jaspar,4,5d5u_state_079_MA0486.2.jaspar.npz,state,79.0,9,0.6682530607735383,0.13161354424745594,0.1419785025556389,9,0.21325781062190816,0.29286360655290383,0.4295851235642334,9,6.955137432030316,....CCTGAAAAA,5.0
hsf,5d5u,MA0486.2.jaspar,4,5d5u_state_080_MA0486.2.jaspar.npz,state,80.0,8,-0.3563856780489018,0.370706297417928,0.5174054772750143,5,-0.33235614434918603,0.4168915826652665,0.6287563508117395,5,7.16387483626205,.TCCTAGGC....,0.0
hsf,5d5u,MA0486.2.jaspar,4,5d5u_state_081_MA0486.2.jaspar.npz,state,81.0,8,-0.2772171824249021,0.32625704955571566,0.42224829601515346,5,-0.203531801014676,0.3661476201436017,0.5069977731593653,5,6.499874145812181,.TCCTACGC....,1.0
hsf,5d5u,MA0486.2.jaspar,4,5d5u_state_082_MA0486.2.jaspar.npz,state,82.0,9,0.10344599255800335,0.26194472053207896,0.3283065684797657,9,-0.10122223039025277,0.366802779288264,0.5412351514352616,9,7.102897699580687,....TTGGGTAAG,3.0
hsf,5d5u,MA0486.2.jaspar,4,5d5u_state_083_MA0486.2.jaspar.npz,state,83.0,8,-0.3354128515168066,0.38781849758961473,0.5493456935129523,5,-0.31067707058759386,0.4192867664678488,0.637740988456938,5,8.739200494492216,.TCGTAAAC....,0.0
hsf,5d5u,MA0486.2.jaspar,4,5d5u_state_084_MA0486.2.jaspar.npz,state,84.0,9,0.7591342518469191,0.12413335644588289,0.09684329294596211,9,0.4016972826810315,0.24924226509352188,0.34064722317445145,9,6.2979069004053745,....GTTCAAAGG,6.0
hsf,5d5u,MA0486.2.jaspar,4,5d5u_state_085_MA0486.2.jaspar.npz,state,85.0,8,-0.37295944722951463,0.363606119978067,0.5058921048708356,5,-0.3460736107718721,0.40998362592072224,0.6139712279275569,5,6.978774215926102,.TCCTAGAC....,0.0
hsf,5d5u,MA0486.2.jaspar,4,5d5u_state_086_MA0486.2.jaspar.npz,state,86.0,9,0.2615459382528932,0.23290900778536322,0.28712026676778285,9,0.20995104936883488,0.30667746575798244,0.43900224270826094,9,8.614954656784489,....CTCCCTCGG,3.0
hsf,5d5u,MA0486.2.jaspar,4,5d5u_state_087_MA0486.2.jaspar.npz,state,87.0,9,0.6779572158651604,0.15624069314314207,0.12892637890947922,9,0.4123482857142048,0.252619652039559,0.3224618765461535,9,5.244117300790668,....GTTCACAGG,5.0
hsf,5d5u,MA0486.2.jaspar,4,5d5u_state_088_MA0486.2.jaspar.npz,state,88.0,8,-0.41860683343580185,0.3751196986369905,0.5253152493332688,5,-0.27970496745791756,0.3555362508224789,0.5526084041831897,5,7.709946338599824,.CCAAAAAC....,0.0
hsf,5d5u,MA0486.2.jaspar,4,5d5u_state_089_MA0486.2.jaspar.npz,state,89.0,9,0.6547832496504692,0.16102912937721056,0.15023032530765082,9,0.29953661232101203,0.2735115789012828,0.3711038042986222,9,5.805404293917485,....CTGGAAAAA,6.0
hsf,5d5u,MA0486.2.jaspar,4,5d5u_state_090_MA0486.2.jaspar.npz,state,90.0,8,-0.32052834945932035,0.36609226875734746,0.5103425147393494,5,-0.27883249922695236,0.40763623065431603,0.6051875065350738,5,7.956677713431909,.TCCTAGAC....,0.0
hsf,5d5u,MA0486.2.jaspar,4,5d5u_state_091_MA0486.2.jaspar.npz,state,91.0,9,0.62730986342426,0.13877742884101785,0.15621325932210198,9,0.294197061441227,0.27204427628506284,0.3921914952597957,9,6.704602149446507,....TTTGAAAAA,6.0
hsf,5d5u,MA0486.2.jaspar,4,5d5u_state_092_MA0486.2.jaspar.npz,state,92.0,9,0.670381057097319,0.1228423976095251,0.13048879746393993,9,0.3514263240121033,0.25492396235090886,0.36533728936752635,9,6.999683279152036,....CTTGAAAAA,6.0
hsf,5d5u,MA0486.2.jaspar,4,5d5u_state_093_MA0486.2.jaspar.npz,state,93.0,9,0.014169016334490544,0.27444521484317697,0.3044753473682668,9,-0.20606572108976057,0.35098414090397356,0.5061374949312637,9,4.83144489618701,....CCCTACCCG,2.0
hsf,5d5u,MA0486.2.jaspar,4,5d5u_state_094_MA0486.2.jaspar.npz,state,94.0,9,0.37032762604395564,0.1955992166743575,0.2246856959110001,9,0.31320628348254864,0.26343787982477807,0.35151906596534244,9,6.551855247432394,....GCTGGGAAA,4.0
hsf,5d5u,MA0486.2.jaspar,4,5d5u_state_095_MA0486.2.jaspar.npz,state,95.0,8,-0.4184998038720464,0.36695343300962124,0.5027245664221457,5,-0.3784409744437768,0.39756397596211174,0.6067040578155956,5,6.613442449191929,.TCGTAAAC....,0.0
hsf,5d5u,MA0486.2.jaspar,4,5d5u_state_096_MA0486.2.jaspar.npz,state,96.0,9,0.4183683595418055,0.18380406688164738,0.22265209448786516,9,0.2627180801066827,0.2816495554385862,0.4014152771031164,9,7.256452523024775,....CTGGGTAAA,4.0
hsf,5d5u,MA0486.2.jaspar,4,5d5u_state_097_MA0486.2.jaspar.npz,state,97.0,8,-0.30282585695062564,0.3448134917140123,0.47033930690117776,5,-0.0512264721896248,0.31414737268933096,0.4584988932362313,5,6.751841594404295,.TCCATAAC....,1.0
hsf,5d5u,MA0486.2.jaspar,4,5d5u_state_098_MA0486.2.jaspar.npz,state,98.0,9,0.6254311654119962,0.1675774272985614,0.15023445037185693,9,0.26551354258974796,0.2727546558631325,0.3740834675289457,9,5.6383242567089455,....ATCCACCGG,4.0
hsf,5d5u,MA0486.2.jaspar,4,5d5u_state_099_MA0486.2.jaspar.npz,state,99.0,8,-0.3415878179788013,0.36936797369999114,0.5173576225557469,5,-0.31632923710421124,0.41560441072215326,0.6250176046938677,5,7.526045132795333,.TCGTAAAC....,0.0
hsf,5d5u,MA0486.2.jaspar,4,ENSEMBLE_MEAN,ensemble_mean,,12,0.7727094678264019,0.16369780484361726,0.12661379586832833,9,0.41505572863637985,0.2708964516685717,0.3337675483316225,9,5.0774606575782935,.TCGTTTCAAAAA,7.0
hsf,5d5u,MA0486.2.jaspar,5,5d5u_duplex_MA0486.2.jaspar.npz,crystal,,9,1.0,0.0,0.0,9,0.7448385101905196,0.1770859992021643,0.1949964916703331,9,5.952221022578439,....CTTCATGAA,
hsf,5d5u,MA0486.2.jaspar,5,5d5u_state_001_MA0486.2.jaspar.npz,state,1.0,8,-0.28269432562730523,0.34675665830727664,0.4857755823925275,5,-0.2634641692525246,0.38685871081543155,0.608092633457838,5,7.676060477463911,.TTGTAAAA....,1.0
hsf,5d5u,MA0486.2.jaspar,5,5d5u_state_002_MA0486.2.jaspar.npz,state,2.0,8,-0.3520815903961812,0.3713651763711823,0.5627165987772209,5,-0.3472696367385717,0.41240731575817335,0.6908569422747056,5,8.159266289157525,.TTGTAAAA....,1.0
hsf,5d5u,MA0486.2.jaspar,5,5d5u_state_003_MA0486.2.jaspar.npz,state,3.0,9,0.7187795591793411,0.12107442691275436,0.08523568408293697,9,0.3720480537480247,0.260736404209941,0.3481229936225768,9,6.94593069941002,....CTGCATTAA,7.0
hsf,5d5u,MA0486.2.jaspar,5,5d5u_state_005_MA0486.2.jaspar.npz,state,5.0,9,0.6129543994124655,0.14653026681238165,0.12936030522039518,9,0.565630803813297,0.21878975210387985,0.2605417554981619,9,7.122749606152783,....CTTTGGGAA,6.0
hsf,5d5u,MA0486.2.jaspar,5,5d5u_state_006_MA0486.2.jaspar.npz,state,6.0,9,0.39987864698787867,0.17673891214912552,0.18372482326979656,9,0.35842838479949357,0.259733261045767,0.342615790879482,9,7.397854160092499,....CGTGGGGAA,5.0
hsf,5d5u,MA0486.2.jaspar,5,5d5u_state_007_MA0486.2.jaspar.npz,state,7.0,9,0.2581511640816079,0.19755860866927025,0.23788158703648582,9,0.18477509671651163,0.3017028507795961,0.42965256434305726,9,8.44950422102601,....CTGGGTGAA,6.0
hsf,5d5u,MA0486.2.jaspar,5,5d5u_state_008_MA0486.2.jaspar.npz,state,8.0,9,0.27769230230703185,0.21122009684849116,0.2460145257068264,9,0.26050158118201144,0.26925076441774665,0.3938653333621656,9,9.14148627845101,....GTGGGGAAA,3.0
hsf,5d5u,MA0486.2.jaspar,5,5d5u_state_009_MA0486.2.jaspar.npz,state,9.0,9,0.5306629558202178,0.16458714140268663,0.14338462241259484,9,0.3785174802722061,0.24640495312956368,0.3348566672345097,9,6.403106917109817,....TGGCAACAA,4.0
hsf,5d5u,MA0486.2.jaspar,5,5d5u_state_010_MA0486.2.jaspar.npz,state,10.0,8,-0.3277913029189873,0.34634847003035246,0.45940300852660576,5,-0.3046700885464883,0.38493492506095206,0.5901239141274404,5,6.908970119601017,.TGTTAAAT....,0.0
hsf,5d5u,MA0486.2.jaspar,5,5d5u_state_011_MA0486.2.jaspar.npz,state,11.0,9,0.2886533527291968,0.1990781502164383,0.23926578925438907,9,0.14147152444964164,0.2917766726168338,0.44791811205382864,9,8.601624232363555,....GTGTATAAA,5.0
hsf,5d5u,MA0486.2.jaspar,5,5d5u_state_012_MA0486.2.jaspar.npz,state,12.0,9,0.23975518165885654,0.1984803600805915,0.1916264526272907,9,0.06603983431377577,0.3168283798052774,0.44100139845522557,9,5.021380834728479,....CTGGGTAAA,5.0
hsf,5d5u,MA0486.2.jaspar,5,5d5u_state_013_MA0486.2.jaspar.npz,state,13.0,9,0.7572322636080951,0.11907983326818794,0.12259444109620306,9,0.5416248494241268,0.21260878504189248,0.2893263513876359,9,9.042109251830338,....CTTCCTTAA,7.0
hsf,5d5u,MA0486.2.jaspar,5,5d5u_state_014_MA0486.2.jaspar.npz,state,14.0,6,0.08639072837282202,0.27650949547751225,0.39226604018312533,6,0.05717307983814837,0.328752884875333,0.5692123548968214,6,7.888296995522664,......TGAATG.,2.0
hsf,5d5u,MA0486.2.jaspar,5,5d5u_state_015_MA0486.2.jaspar.npz,state,15.0,9,0.1325964151501686,0.23916779840753102,0.282839724407041,9,0.09954379730598249,0.3078417791241211,0.4523441052453211,9,8.774536689654187,....CCGGGAAAA,3.0
hsf,5d5u,MA0486.2.jaspar,5,5d5u_state_016_MA0486.2.jaspar.npz,state,16.0,9,0.26989290409550837,0.21795288210786465,0.2557242673888196,9,0.20048592268961157,0.29083989945744787,0.438985214304141,9,8.901465890567513,....GTGGGTAAA,4.0
hsf,5d5u,MA0486.2.jaspar,5,5d5u_state_017_MA0486.2.jaspar.npz,state,17.0,9,0.2525111217971065,0.19690505695891464,0.24443882548503815,9,0.21914069796599897,0.2871878829027992,0.414262966306407,9,8.477754275609081,....CTGGGAAAA,4.0
hsf,5d5u,MA0486.2.jaspar,5,5d5u_state_018_MA0486.2.jaspar.npz,state,18.0,9,0.33643787305492684,0.1779769714921713,0.18831389685393052,9,0.23336596256525205,0.27686690938490854,0.38839763198334587,9,6.984115973369777,....CTGGGTAAA,5.0
hsf,5d5u,MA0486.2.jaspar,5,5d5u_state_019_MA0486.2.jaspar.npz,state,19.0,9,0.31692372677009817,0.1889786821169158,0.19527213751250627,9,0.20384472488585273,0.28128492683107553,0.4017179114129598,9,6.104444078072141,....GGGTATGAA,5.0
hsf,5d5u,MA0486.2.jaspar,5,5d5u_state_020_MA0486.2.jaspar.npz,state,20.0,9,0.3069084601469769,0.2044422847344928,0.24001345638714236,9,0.20612577394317272,0.2946475750989824,0.4342148357045489,9,8.48157092478338,....GTGGGTGAA,5.0
hsf,5d5u,MA0486.2.jaspar,5,5d5u_state_021_MA0486.2.jaspar.npz,state,21.0,9,0.625489738282625,0.15916069937197286,0.13577407927535967,9,0.42265513373660785,0.258353516352751,0.3505568038757941,9,6.91320112049166,....GTTCGTTAA,6.0
hsf,5d5u,MA0486.2.jaspar,5,5d5u_state_022_MA0486.2.jaspar.npz,state,22.0,9,0.23264701950118002,0.21463888666282097,0.24856790563476874,9,0.14716755945327603,0.31730892241143416,0.4681054899463958,9,8.15492999513412,....CTGGTTAAA,5.0
hsf,5d5u,MA0486.2.jaspar,5,5d5u_state_023_MA0486.2.jaspar.npz,state,23.0,9,0.3086560439675591,0.1680355280049197,0.20554828062411945,9,0.23462010829875396,0.2658482027408253,0.3901273757369472,9,7.018805817204338,....TTGTGTCAA,4.0
hsf,5d5u,MA0486.2.jaspar,5,5d5u_state_024_MA0486.2.jaspar.npz,state,24.0,9,0.2689200399991868,0.1847842117616286,0.2085542068996315,9,0.16377709314614694,0.3025197838271399,0.4182349078058601,9,7.173189687739136,....CTGGGTAAA,5.0
hsf,5d5u,MA0486.2.jaspar,5,5d5u_state_025_MA0486.2.jaspar.npz,state,25.0,9,0.3843435467422327,0.20285590080311522,0.22701274181885975,9,0.30010811568718077,0.27131995137379916,0.3978080583143373,9,9.191006407079403,....GTGGGTGAA,5.0
hsf,5d5u,MA0486.2.jaspar,5,5d5u_state_026_MA0486.2.jaspar.npz,state,26.0,9,0.4345384209420505,0.17540622726341504,0.16952485562190076,9,0.41138354701131746,0.24256069898385452,0.3079904772147188,9,7.32382918198506,....GTTGGGAAA,4.0
hsf,5d5u,MA0486.2.jaspar,5,5d5u_state_027_MA0486.2.jaspar.npz,state,27.0,8,-0.3348632071401591,0.3610577855375595,0.5257226525158174,5,-0.3348120417175905,0.4052557997580152,0.6594774209424549,5,8.012519979966061,.TTGTAAAA....,1.0
hsf,5d5u,MA0486.2.jaspar,5,5d5u_state_028_MA0486.2.jaspar.npz,state,28.0,9,0.43539543199067016,0.1772010543694099,0.17675166881157653,9,0.2906130419392818,0.2812512384100248,0.38200267464278637,9,7.469861688023825,....CTTGGTAAA,6.0
hsf,5d5u,MA0486.2.jaspar,5,5d5u_state_029_MA0486.2.jaspar.npz,state,29.0,9,0.311188234206661,0.19360530738615328,0.22041339845484642,9,0.21905742163878245,0.2924069587445249,0.4202080362802677,9,8.272525060509125,....CTGGGTGAA,6.0
hsf,5d5u,MA0486.2.jaspar,5,5d5u_state_030_MA0486.2.jaspar.npz,state,30.0,9,0.33036337397123194,0.18542435238810462,0.18268793478323794,9,0.2638434227984822,0.280777238797681,0.37123980779279836,9,6.275674707879302,....CTGGGGAAA,4.0
hsf,5d5u,MA0486.2.jaspar,5,5d5u_state_031_MA0486.2.jaspar.npz,state,31.0,8,-0.2793540609733712,0.3430215552682057,0.47278492986292553,5,-0.2675640540782418,0.38556747607071884,0.6023849783996182,5,6.7279378818014335,.TTGTAAAA....,1.0
hsf,5d5u,MA0486.2.jaspar,5,5d5u_state_032_MA0486.2.jaspar.npz,state,32.0,9,0.29048406517632736,0.20063913944047979,0.25094593948861355,9,0.25087904909889736,0.2892497522892275,0.4349792182046171,9,8.497987274120906,....CTCGTTTAA,5.0
hsf,5d5u,MA0486.2.jaspar,5,5d5u_state_033_MA0486.2.jaspar.npz,state,33.0,9,0.28321035767776725,0.18946525270843673,0.19795350754359453,9,0.10970200390656047,0.3165885506346563,0.44440962512245213,9,5.5619921921753015,....CTGGGTAAA,5.0
hsf,5d5u,MA0486.2.jaspar,5,5d5u_state_034_MA0486.2.jaspar.npz,state,34.0,8,-0.2571967042991395,0.3401663342432585,0.4683735991691417,5,-0.23839987175322447,0.3799798063933849,0.5944381787191536,5,7.131745213789641,.TTGTCAAA....,1.0
hsf,5d5u,MA0486.2.jaspar,5,5d5u_state_035_MA0486.2.jaspar.npz,state,35.0,9,0.4901873001247947,0.15693482495326963,0.13874709667510687,9,0.21764483188263645,0.2872149661642551,0.39614901732798374,9,6.419777543607049,....CTGGATTAA,6.0
hsf,5d5u,MA0486.2.jaspar,5,5d5u_state_036_MA0486.2.jaspar.npz,state,36.0,9,0.5918679612697991,0.1193030188894934,0.10926664534588779,9,0.4247011551722343,0.24183744679450886,0.3237948776390822,9,5.991457188553104,....CTGCATGAA,8.0
hsf,5d5u,MA0486.2.jaspar,5,5d5u_state_038_MA0486.2.jaspar.npz,state,38.0,8,-0.21365217758951655,0.3263758427463472,0.4328653515588428,5,-0.1865976332089162,0.3673196216172073,0.5571822581952242,5,6.4010501304544976,.TTGTTAAT....,1.0
hsf,5d5u,MA0486.2.jaspar,5,5d5u_state_039_MA0486.2.jaspar.npz,state,39.0,9,0.28353211767145325,0.2210093052773219,0.23914513448539942,9,0.3870788905849805,0.24288146169015412,0.34126389172175103,9,8.353905773106368,....CTGGGAGAA,5.0
hsf,5d5u,MA0486.2.jaspar,5,5d5u_state_040_MA0486.2.jaspar.npz,state,40.0,9,0.26564470942595225,0.20184022718523112,0.21544798985586514,9,0.16292877515349558,0.3058567167511986,0.4264558390594806,9,7.5602883139034205,....CAAGGTGAA,5.0
hsf,5d5u,MA0486.2.jaspar,5,5d5u_state_041_MA0486.2.jaspar.npz,state,41.0,9,0.29919565228026235,0.20364765421901312,0.19483990755922811,9,0.10657860508449805,0.3168247115843567,0.44882766264241725,9,6.531638258075725,....CAGGATAAA,5.0
hsf,5d5u,MA0486.2.jaspar,5,5d5u_state_042_MA0486.2.jaspar.npz,state,42.0,9,0.3938051424941252,0.17175722745661107,0.17340433542588288,9,0.07240809870269849,0.31984643579602967,0.467695961347827,9,5.637369488965074,....CTGGATTAA,6.0
hsf,5d5u,MA0486.2.jaspar,5,5d5u_state_043_MA0486.2.jaspar.npz,state,43.0,9,0.3164577983383715,0.20011948281899095,0.21964303034649013,9,0.12948227099430762,0.3118348643798122,0.4743746776985706,9,7.19822100583481,....CTGGTTAAA,5.0
hsf,5d5u,MA0486.2.jaspar,5,5d5u_state_044_MA0486.2.jaspar.npz,state,44.0,8,-0.3001704295686823,0.3449120210803812,0.46802115389943494,5,-0.28428260686676565,0.38648430112807547,0.6023095547012781,5,6.461879797908021,.TTGTAAAT....,0.0
hsf,5d5u,MA0486.2.jaspar,5,5d5u_state_045_MA0486.2.jaspar.npz,state,45.0,9,0.35102486939599187,0.21827788750589308,0.22916319541298882,9,0.2691165393300529,0.28915365606533466,0.4187712365009866,9,8.52148961567862,....CTGGGTGAA,6.0
hsf,5d5u,MA0486.2.jaspar,5,5d5u_state_047_MA0486.2.jaspar.npz,state,47.0,9,0.6291400434832749,0.1560962207246727,0.1463641884859167,9,0.37567577007449143,0.26308329256587765,0.36381792787365064,9,7.48928623988812,....CTTCGTTAA,7.0
hsf,5d5u,MA0486.2.jaspar,5,5d5u_state_048_MA0486.2.jaspar.npz,state,48.0,9,0.5510380056500137,0.14793692108166093,0.1475075969181155,9,0.4116542235187402,0.2426315722113941,0.32708995903788757,9,8.246890997312342,....CTTGGTGAA,7.0
hsf,5d5u,MA0486.2.jaspar,5,5d5u_state_049_MA0486.2.jaspar.npz,state,49.0,9,0.2542142230238148,0.19538522448338982,0.23139886908849291,9,0.13846245686641134,0.3057397077629705,0.4472460024284972,9,8.117631498192337,....CTGGGTAAA,5.0
hsf,5d5u,MA0486.2.jaspar,5,5d5u_state_050_MA0486.2.jaspar.npz,state,50.0,9,0.4002857888973425,0.18403592568615246,0.18458500005822465,9,0.34486681035175215,0.2656536611773643,0.344753678504811,9,7.024686876238855,....CTTGGGAAA,5.0
hsf,5d5u,MA0486.2.jaspar,5,5d5u_state_051_MA0486.2.jaspar.npz,state,51.0,9,0.40397573757529753,0.181423333628724,0.17789416457939866,9,0.31970241947186356,0.27483003592674826,0.35580035817727046,9,6.61755358882729,....CTTGGGAAA,5.0
hsf,5d5u,MA0486.2.jaspar,5,5d5u_state_052_MA0486.2.jaspar.npz,state,52.0,9,0.07986739799303982,0.22962561019489336,0.2789585142103104,9,0.022280709034789715,0.3310767973921934,0.47903405411591987,9,7.750958156561156,....CGGGGGAAA,3.0
hsf,5d5u,MA0486.2.jaspar,5,5d5u_state_053_MA0486.2.jaspar.npz,state,53.0,9,0.33567592971437044,0.1844054409561472,0.19607351986360225,9,0.22972525301004046,0.27192159264490734,0.4058592295255661,9,7.399096473873014,....GTGGTTCAA,4.0
hsf,5d5u,MA0486.2.jaspar,5,5d5u_state_054_MA0486.2.jaspar.npz,state,54.0,9,0.33469248758040077,0.2089983807462785,0.21305331326744462,9,0.33387994848345387,0.25769176469637184,0.37536567181274133,9,7.546256483144486,....GTGGTTAAA,4.0
hsf,5d5u,MA0486.2.jaspar,5,5d5u_state_055_MA0486.2.jaspar.npz,state,55.0,9,0.8019545895959507,0.12747208439072388,0.11111768809750336,9,0.66339643894452,0.17100810179060014,0.22798483400661107,9,9.23925181137874,....GTTCGTTAA,6.0
hsf,5d5u,MA0486.2.jaspar,5,5d5u_state_056_MA0486.2.jaspar.npz,state,56.0,8,-0.21522389499966377,0.3233400340366643,0.4328225590368045,5,-0.1649908645524093,0.3505401063943282,0.5156308695578931,5,6.552730394637946,.TTGTTAAA....,2.0
hsf,5d5u,MA0486.2.jaspar,5,5d5u_state_057_MA0486.2.jaspar.npz,state,57.0,9,0.25315433352081007,0.2086031555922495,0.25666077550286925,9,0.08818554631515318,0.3272920822200831,0.4962005778909637,9,8.823248501450193,....CTGGGTTAA,5.0
hsf,5d5u,MA0486.2.jaspar,5,5d5u_state_058_MA0486.2.jaspar.npz,state,58.0,8,-0.3027309521092901,0.34503950004000217,0.4741639311029184,5,-0.28980963918619773,0.3880628093436826,0.6073032346583558,5,6.127430287379968,.TTGTCAAA....,1.0
hsf,5d5u,MA0486.2.jaspar,5,5d5u_state_059_MA0486.2.jaspar.npz,state,59.0,8,-0.18721926154038573,0.3217317834496498,0.4308247119280263,5,-0.16677468702071588,0.3643584786041174,0.5554431995881576,5,6.6580559972828555,.TTGTTAAA....,2.0
hsf,5d5u,MA0486.2.jaspar,5,5d5u_state_060_MA0486.2.jaspar.npz,state,60.0,9,0.4233101841394024,0.143412036769506,0.17157674898778366,9,0.17897008833056638,0.2909645711220542,0.4401419861308444,9,7.777548604664792,....CTGGATGAA,7.0
hsf,5d5u,MA0486.2.jaspar,5,5d5u_state_061_MA0486.2.jaspar.npz,state,61.0,9,0.2874225858776099,0.17391690221201214,0.1744337512973676,9,0.11565174590241127,0.3020709075596339,0.4185495555473859,9,5.417476508658539,....GAGGATAAA,4.0
hsf,5d5u,MA0486.2.jaspar,5,5d5u_state_062_MA0486.2.jaspar.npz,state,62.0,9,0.6876731048476414,0.12869167677126825,0.09535788476898545,9,0.47697342723596187,0.23535689140812288,0.3094473264647332,9,6.234737374332261,....CTCCATGAA,8.0
hsf,5d5u,MA0486.2.jaspar,5,5d5u_state_063_MA0486.2.jaspar.npz,state,63.0,9,0.26133164136987164,0.1941757930908352,0.20896353052455283,9,0.2207366916554381,0.29499289151216446,0.3925088286155785,9,6.506240305640389,....CTGGGGGAA,5.0
hsf,5d5u,MA0486.2.jaspar,5,5d5u_state_064_MA0486.2.jaspar.npz,state,64.0,9,0.2612324719957153,0.17899502521484262,0.18517847919908412,9,0.08224296744169236,0.31086346857288544,0.44111547751898933,9,5.4693191499811435,....CGGGGTTAA,4.0
hsf,5d5u,MA0486.2.jaspar,5,5d5u_state_065_MA0486.2.jaspar.npz,state,65.0,9,0.4292025922554135,0.1933662066759199,0.20920537587010768,9,0.33225301631891613,0.284402476437309,0.4018759270120176,9,7.659982510743487,....CTTGTTCAA,6.0
hsf,5d5u,MA0486.2.jaspar,5,5d5u_state_066_MA0486.2.jaspar.npz,state,66.0,8,-0.3248851064468617,0.34921812114771456,0.48401415990738544,5,-0.3095523017913425,0.3922672068525571,0.6170802964232267,5,6.494789920048326,.TTGTAAAA....,1.0
hsf,5d5u,MA0486.2.jaspar,5,5d5u_state_067_MA0486.2.jaspar.npz,state,67.0,9,0.254485577448766,0.1834611893993699,0.20411629298446626,9,0.16152307802085306,0.28770180412296514,0.42151151332676173,9,6.532570080542662,....CTGGTTAAA,5.0
hsf,5d5u,MA0486.2.jaspar,5,5d5u_state_068_MA0486.2.jaspar.npz,state,68.0,9,0.3073974759756519,0.18740840142385828,0.19066970965790697,9,0.15006554034024472,0.3018158803170081,0.4256108041082687,9,6.337580611996696,....CATGTTAAA,5.0
hsf,5d5u,MA0486.2.jaspar,5,5d5u_state_069_MA0486.2.jaspar.npz,state,69.0,9,0.3345522890275471,0.16609955876548257,0.14698606222801186,9,0.06991825482732078,0.3174055877704329,0.4225755084270491,9,4.714811814153547,....CAGGATCAA,5.0
hsf,5d5u,MA0486.2.jaspar,5,5d5u_state_070_MA0486.2.jaspar.npz,state,70.0,9,0.240454132292574,0.193718133882309,0.24149843124296919,9,0.1520047465101418,0.3039509674838175,0.4429090650816454,9,8.20664779760972,....CTGGGGAAA,4.0
hsf,5d5u,MA0486.2.jaspar,5,5d5u_state_071_MA0486.2.jaspar.npz,state,71.0,9,0.7751025895375675,0.12224011975599246,0.07732511860668488,9,0.42568821182760413,0.25815658744411646,0.33059246564886824,9,6.090162868115739,....CTGCATTAA,7.0
hsf,5d5u,MA0486.2.jaspar,5,5d5u_state_072_MA0486.2.jaspar.npz,state,72.0,8,-0.35474783969897444,0.3352822936605662,0.4334783373980904,5,-0.33752312269581075,0.37042436800547873,0.5574685591394747,5,5.065456470570836,.TGGTAAAC....,0.0
hsf,5d5u,MA0486.2.jaspar,5,5d5u_state_073_MA0486.2.jaspar.npz,state,73.0,8,-0.14934463676561832,0.31824585219437723,0.44201602395130946,5,-0.13095367057524426,0.36035332681785803,0.5584850688152979,5,6.826151530643723,.TTGTTAAA....,2.0
hsf,5d5u,MA0486.2.jaspar,5,5d5u_state_074_MA0486.2.jaspar.npz,state,74.0,9,0.2954704053411172,0.21681204867329346,0.270385373150489,9,0.1790539678769632,0.29787129660447437,0.4592524237607939,9,10.623080677088634,....CTGGGTAAA,5.0
hsf,5d5u,MA0486.2.jaspar,5,5d5u_state_075_MA0486.2.jaspar.npz,state,75.0,9,0.5563758785134174,0.17791316803130838,0.15332243152214572,9,0.41157027642690663,0.2359224487607005,0.33090327046322143,9,7.7141628155380095,....GGGCATGAA,6.0
hsf,5d5u,MA0486.2.jaspar,5,5d5u_state_076_MA0486.2.jaspar.npz,state,76.0,8,-0.31743922368721866,0.3594334145600442,0.5241195411518238,5,-0.31416117204227173,0.40266974276164547,0.654108659746718,5,8.176746514128824,.TTGTAAAA....,1.0
hsf,5d5u,MA0486.2.jaspar,5,5d5u_state_077_MA0486.2.jaspar.npz,state,77.0,8,-0.3481503337155587,0.3194063813891262,0.4046135526984642,5,-0.3498636747854426,0.363506347645307,0.5365994912347289,5,5.357778115764483,.TGTTAAAA....,1.0
hsf,5d5u,MA0486.2.jaspar,5,5d5u_state_078_MA0486.2.jaspar.npz,state,78.0,9,0.40815294727057516,0.1967044164274638,0.18496950937289683,9,0.25588943626458066,0.29598390176963424,0.4046161457356313,9,6.13789169722884,....GTACGTTAA,5.0
hsf,5d5u,MA0486.2.jaspar,5,5d5u_state_079_MA0486.2.jaspar.npz,state,79.0,9,0.19020698562874058,0.22229144980923998,0.24543368523178602,9,0.09567541310731098,0.32486010943992166,0.45929128335834335,9,7.679672371330446,....CTGGGGAAA,4.0
hsf,5d5u,MA0486.2.jaspar,5,5d5u_state_080_MA0486.2.jaspar.npz,state,80.0,8,-0.17811210413162087,0.31893908828205897,0.41665308663342315,5,-0.14579511650337176,0.3586536807968514,0.5395443722079648,5,7.0318897896374475,.TTGTTAAT....,1.0
hsf,5d5u,MA0486.2.jaspar,5,5d5u_state_081_MA0486.2.jaspar.npz,state,81.0,8,-0.22524301900147511,0.32571408951771447,0.413688704778311,5,-0.20321901869308645,0.36650113797513767,0.5470815393355626,5,5.367154138099453,.TTGTAAAT....,0.0
hsf,5d5u,MA0486.2.jaspar,5,5d5u_state_082_MA0486.2.jaspar.npz,state,82.0,9,0.28188230611503723,0.21159028223094842,0.2519938783423718,9,0.09951546808917007,0.32866986994566916,0.4978417641626412,9,9.315461305903952,....CTGGGTAAA,5.0
hsf,5d5u,MA0486.2.jaspar,5,5d5u_state_083_MA0486.2.jaspar.npz,state,83.0,8,-0.2896216682823095,0.34321049151476474,0.46954344964109584,5,-0.28042310922827346,0.38645535649848173,0.6029034895973492,5,6.630062789949715,.TTGTAAAA....,1.0
hsf,5d5u,MA0486.2.jaspar,5,5d5u_state_084_MA0486.2.jaspar.npz,state,84.0,9,0.5668045753315685,0.13898785892201382,0.12430498883769964,9,0.24929511203095558,0.2838128511761574,0.3892867054033699,9,5.913944767548408,....CTGCATTAA,7.0
hsf,5d5u,MA0486.2.jaspar,5,5d5u_state_085_MA0486.2.jaspar.npz,state,85.0,8,-0.3233240940854955,0.35302252004039475,0.4972836023776094,5,-0.3175970349171995,0.3970170061918907,0.6324062293244583,5,7.086520493092397,.TTGTAAAA....,1.0
hsf,5d5u,MA0486.2.jaspar,5,5d5u_state_086_MA0486.2.jaspar.npz,state,86.0,9,0.7553835773053044,0.11901085645917596,0.11026342440363555,9,0.49887702099469483,0.23538588278784622,0.3184648060166868,9,8.548890150599776,....CTTCGTTAA,7.0
hsf,5d5u,MA0486.2.jaspar,5,5d5u_state_087_MA0486.2.jaspar.npz,state,87.0,9,0.2394101464051792,0.19411059042128423,0.17194942375562763,9,0.09793360654636386,0.3040325197539965,0.4081754601773244,9,4.489733573575332,....GTGGATAAA,5.0
hsf,5d5u,MA0486.2.jaspar,5,5d5u_state_088_MA0486.2.jaspar.npz,state,88.0,8,-0.39014071503142816,0.31434028330259023,0.4248468896013463,5,-0.3889834765975599,0.3595665672386531,0.5541404800014278,5,5.446394902652201,.TGATGAAA....,1.0
hsf,5d5u,MA0486.2.jaspar,5,5d5u_state_089_MA0486.2.jaspar.npz,state,89.0,9,0.30021364356478447,0.1851832384385893,0.2442803063423814,9,0.24615611725988723,0.2728834174631629,0.40999243096241167,9,9.484839155252752,....GTGGGTAAA,4.0
hsf,5d5u,MA0486.2.jaspar,5,5d5u_state_090_MA0486.2.jaspar.npz,state,90.0,8,-0.20836236447140005,0.3288520380505361,0.46221916678891917,5,-0.19501607666009962,0.3733681780926418,0.5862288020186928,5,6.940823576781905,.TTGTTAAA....,2.0
hsf,5d5u,MA0486.2.jaspar,5,5d5u_state_091_MA0486.2.jaspar.npz,state,91.0,9,0.2425470774540617,0.1829676733015933,0.2316766147923962,9,0.17835827606813262,0.2905647008026588,0.4250371461117734,9,7.909736375768248,....CTGGGTAAA,5.0
hsf,5d5u,MA0486.2.jaspar,5,5d5u_state_092_MA0486.2.jaspar.npz,state,92.0,9,0.3987584245819765,0.1685998554651936,0.1680073768091552,9,0.27241400126650694,0.2779266074293345,0.38114815835772076,9,6.2899267477958025,....CTGGGTAAA,5.0
hsf,5d5u,MA0486.2.jaspar,5,5d5u_state_093_MA0486.2.jaspar.npz,state,93.0,9,-0.019939275518816454,0.24443582181508341,0.3040385480189214,9,0.048521621069121564,0.3077057177918808,0.4684496690946752,9,7.314200039939671,....GGGTTTAAA,3.0
hsf,5d5u,MA0486.2.jaspar,5,5d5u_state_094_MA0486.2.jaspar.npz,state,94.0,9,0.5220046741100459,0.16285531566892233,0.15608018646197738,9,0.5510885436326094,0.2079029304020676,0.24730701851793807,9,7.932358573942407,....GTTGGGGAA,5.0
hsf,5d5u,MA0486.2.jaspar,5,5d5u_state_095_MA0486.2.jaspar.npz,state,95.0,8,-0.2989452223844798,0.34931299145973754,0.49183150231685335,5,-0.27099608934270386,0.38709430285089186,0.6164235986218186,5,7.121102182801325,.TTGTAAAT....,0.0
hsf,5d5u,MA0486.2.jaspar,5,5d5u_state_096_MA0486.2.jaspar.npz,state,96.0,9,0.30196513145503506,0.19222428868266028,0.24407499610058256,9,0.17401664660602809,0.2986704122191036,0.45495649311013836,9,9.646840564753775,....CTGGGTAAA,5.0
hsf,5d5u,MA0486.2.jaspar,5,5d5u_state_097_MA0486.2.jaspar.npz,state,97.0,8,-0.2811312958526032,0.32086667749099435,0.42055991829393957,5,-0.26086183985093303,0.36683823257335463,0.5390869109360537,5,5.44400431753683,.TTGTAAAA....,1.0
hsf,5d5u,MA0486.2.jaspar,5,5d5u_state_098_MA0486.2.jaspar.npz,state,98.0,9,0.30478374372102585,0.18239136689549518,0.1799406164328371,9,0.13802067409890992,0.3070663410180714,0.41639300624160597,9,5.565646473452354,....CTGGGTAAA,5.0
hsf,5d5u,MA0486.2.jaspar,5,5d5u_state_099_MA0486.2.jaspar.npz,state,99.0,8,-0.287250120129958,0.3421047910989728,0.4641206896901203,5,-0.27052951880701664,0.38406031485646963,0.5955181277331696,5,6.88251904770836,.TTGTAAAA....,1.0
hsf,5d5u,MA0486.2.jaspar,5,ENSEMBLE_MEAN,ensemble_mean,,12,0.44977128753684137,0.1637439627541487,0.13101111607593371,9,0.31518311576630076,0.2809686201568402,0.35229077744215825,9,5.55233902209606,.TTGCTGGGTAAA,5.0
irf,1if1,IRF1_MOUSE.H11MO.0.A,1,1if1_A_IRF1_MOUSE.H11MO.0.A.npz,crystal,,10,1.0,0.0,0.0,10,0.5758983672042077,0.18829802497202763,0.2309135199741777,10,9.58648168362447,TGTTCCACAT.......,
irf,1if1,IRF1_MOUSE.H11MO.0.A,1,1if1_state_017_IRF1_MOUSE.H11MO.0.A.npz,state,17.0,10,0.5265437600311953,0.2084012795778108,0.24185840425258406,10,0.6240743671746884,0.1870955798542127,0.24832321962913517,10,12.577556114590244,TTTTTCATTT.......,6.0
irf,1if1,IRF1_MOUSE.H11MO.0.A,1,1if1_state_021_IRF1_MOUSE.H11MO.0.A.npz,state,21.0,10,0.5735192556591102,0.19029653295149201,0.19560755765499813,10,0.643844035111664,0.18719724816039546,0.2334636371091079,10,10.2374415087572,TTTTTCATTT.......,6.0
irf,1if1,IRF1_MOUSE.H11MO.0.A,1,1if1_state_039_IRF1_MOUSE.H11MO.0.A.npz,state,39.0,10,0.34902383955207655,0.25083255604105315,0.31682003463498737,10,0.6586698334867762,0.1737830541474187,0.22395344045544782,10,11.614781600988463,CTTTTCATTT.......,5.0
irf,1if1,IRF1_MOUSE.H11MO.0.A,1,1if1_state_087_IRF1_MOUSE.H11MO.0.A.npz,state,87.0,10,0.38495946296024325,0.24256793352553246,0.2797272127442702,10,0.665810751012595,0.18285268019982936,0.220875222848462,10,9.873127858447477,CTTTTCATTT.......,5.0
irf,1if1,IRF1_MOUSE.H11MO.0.A,1,1if1_state_092_IRF1_MOUSE.H11MO.0.A.npz,state,92.0,10,0.4940127150732201,0.2191439394979046,0.23569802593290054,10,0.701336084201337,0.17318038650645243,0.19763020172166895,10,9.906278583236832,TTTTTCATTT.......,6.0
irf,1if1,IRF1_MOUSE.H11MO.0.A,1,ENSEMBLE_MEAN,ensemble_mean,,10,0.4827097596630939,0.2195340305429947,0.24045726016500754,10,0.6818135499840784,0.17926865953618887,0.20808291523671177,10,10.002469055652348,TTTTTCATTT.......,6.0
irf,1if1,IRF1_MOUSE.H11MO.0.A,2,1if1_A_IRF1_MOUSE.H11MO.0.A.npz,crystal,,10,1.0,0.0,0.0,10,0.6226474250498354,0.19328409726877,0.21171605199253157,10,9.104602962959026,TGTTCCATTT.......,
irf,1if1,IRF1_MOUSE.H11MO.0.A,2,1if1_state_017_IRF1_MOUSE.H11MO.0.A.npz,state,17.0,10,0.517007533368055,0.1871416798516293,0.18144688301164105,10,0.7084168819228625,0.17033257990260608,0.18064301454665246,10,7.111961009837974,TGTTTTACTT.......,7.0
irf,1if1,IRF1_MOUSE.H11MO.0.A,2,1if1_state_021_IRF1_MOUSE.H11MO.0.A.npz,state,21.0,10,0.44367374770724294,0.19733732628665165,0.2182386934268486,10,0.6922671092085425,0.16959967858274466,0.18192061370059928,10,8.25949535400748,TTTTTTACTT.......,6.0
irf,1if1,IRF1_MOUSE.H11MO.0.A,2,1if1_state_039_IRF1_MOUSE.H11MO.0.A.npz,state,39.0,10,0.36243570948880693,0.22235970459441887,0.2588491236375079,10,0.6703449755407762,0.17262703893356957,0.1968006111583908,10,8.912978783546965,GTTTTTACTT.......,5.0
irf,1if1,IRF1_MOUSE.H11MO.0.A,2,1if1_state_087_IRF1_MOUSE.H11MO.0.A.npz,state,87.0,10,0.3632180390952914,0.22849991612165468,0.27687306926611305,10,0.675591654577763,0.16404583005351014,0.19314581731057473,10,10.272853679160509,GTTTTTAGTT.......,5.0
irf,1if1,IRF1_MOUSE.H11MO.0.A,2,1if1_state_092_IRF1_MOUSE.H11MO.0.A.npz,state,92.0,10,0.36231202557293074,0.2290808043049765,0.2788730389175647,10,0.675076604603291,0.16543343027005902,0.19267864790793748,10,10.298743548711714,GTTTTTACTT.......,5.0
irf,1if1,IRF1_MOUSE.H11MO.0.A,2,ENSEMBLE_MEAN,ensemble_mean,,10,0.43355855787976266,0.19721886058993282,0.212982420661608,10,0.7304481512084958,0.15903179179557742,0.16577083111463883,10,7.889866357061401,GTTTTTACTT.......,5.0
irf,1if1,IRF1_MOUSE.H11MO.0.A,3,1if1_A_IRF1_MOUSE.H11MO.0.A.npz,crystal,,10,1.0,0.0,0.0,10,0.8142061332319452,0.1415739992793533,0.13815388097596557,10,8.460817863175578,TGTTTCACTT.......,
irf,1if1,IRF1_MOUSE.H11MO.0.A,3,1if1_state_017_IRF1_MOUSE.H11MO.0.A.npz,state,17.0,10,0.739063186505922,0.15185312954563415,0.1256916309226431,10,0.5572733190717654,0.2271783347183373,0.2532381591136579,10,6.653067936390739,TGTTTCATTT.......,9.0
irf,1if1,IRF1_MOUSE.H11MO.0.A,3,1if1_state_021_IRF1_MOUSE.H11MO.0.A.npz,state,21.0,10,0.7580409023679282,0.14135618646250805,0.11146174923935508,10,0.629843734841971,0.20520884430152364,0.22504539907858642,10,6.356160488249593,TGTTTCACTT.......,10.0
irf,1if1,IRF1_MOUSE.H11MO.0.A,3,1if1_state_039_IRF1_MOUSE.H11MO.0.A.npz,state,39.0,10,0.5148049185278151,0.19170057731535053,0.19183402335535232,10,0.5732597087840278,0.20959732178016566,0.2512327379017251,10,6.601968156555906,CTTTCCATTT.......,6.0
irf,1if1,IRF1_MOUSE.H11MO.0.A,3,1if1_state_087_IRF1_MOUSE.H11MO.0.A.npz,state,87.0,10,0.5904058639759594,0.17779631776356836,0.17954604238496388,10,0.6607064213581981,0.18982292020809838,0.21319263163906962,10,7.951324277662752,GTTTTCACTT.......,8.0
irf,1if1,IRF1_MOUSE.H11MO.0.A,3,1if1_state_092_IRF1_MOUSE.H11MO.0.A.npz,state,92.0,10,0.5502517997424025,0.186526345803577,0.19795615939352368,10,0.6264790472090623,0.1972363182925619,0.2266834277276742,10,8.858563262602296,GTTTTCACTT.......,8.0
irf,1if1,IRF1_MOUSE.H11MO.0.A,3,ENSEMBLE_MEAN,ensemble_mean,,10,0.7276318985441308,0.1491447779155472,0.116413647074125,10,0.7090889364783927,0.1908080446841275,0.20052248012792573,10,5.534197203055985,TTTTTCACTT.......,9.0
irf,1if1,IRF1_MOUSE.H11MO.0.A,4,1if1_A_IRF1_MOUSE.H11MO.0.A.npz,crystal,,10,0.9999999999999998,0.0,0.0,10,0.8625170599667232,0.12455641327251214,0.10914100531992614,10,8.738285075676838,CCTTTCACTT.......,
irf,1if1,IRF1_MOUSE.H11MO.0.A,4,1if1_state_017_IRF1_MOUSE.H11MO.0.A.npz,state,17.0,10,0.664371506234278,0.1777842970957863,0.14669804911960566,10,0.6193016169942054,0.19261639618925983,0.2154575639307023,10,8.668471045279833,TCTTCCATTT.......,7.0
irf,1if1,IRF1_MOUSE.H11MO.0.A,4,1if1_state_021_IRF1_MOUSE.H11MO.0.A.npz,state,21.0,10,0.6262863285504549,0.18610333669930695,0.1691541145933238,10,0.5905556487347687,0.19456119298411068,0.23530355068850023,10,9.851009261951093,TTTTCCATTT.......,6.0
irf,1if1,IRF1_MOUSE.H11MO.0.A,4,1if1_state_039_IRF1_MOUSE.H11MO.0.A.npz,state,39.0,10,0.5973886417684917,0.18753417490588617,0.16403594970406368,10,0.6199989659079662,0.18749857671573408,0.20907525766903295,10,8.127022566305449,ATTTCCATTT.......,6.0
irf,1if1,IRF1_MOUSE.H11MO.0.A,4,1if1_state_087_IRF1_MOUSE.H11MO.0.A.npz,state,87.0,10,0.6300159522635882,0.17585126762933215,0.1578161501500388,10,0.6555377370166405,0.1725449466764985,0.1921335743499561,10,9.243476773970444,ATTTCCATTT.......,6.0
irf,1if1,IRF1_MOUSE.H11MO.0.A,4,1if1_state_092_IRF1_MOUSE.H11MO.0.A.npz,state,92.0,10,0.5773141582706983,0.1964989798652823,0.18932034722033442,10,0.625470189566182,0.18334132324816893,0.2044790590909688,10,10.093134686135498,GTTTCCATTT.......,6.0
irf,1if1,IRF1_MOUSE.H11MO.0.A,4,ENSEMBLE_MEAN,ensemble_mean,,10,0.661383137636983,0.1726081456814499,0.1367867377447777,10,0.6649114138815749,0.17709687258070478,0.18616500721023022,10,8.066541673818776,TTTTCCATTT.......,6.0
irf,1if1,IRF1_MOUSE.H11MO.0.A,5,1if1_A_IRF1_MOUSE.H11MO.0.A.npz,crystal,,10,1.0,0.0,0.0,10,0.7385428990417228,0.16070273836376145,0.18529657613235145,10,12.631160354405662,TGTTTCATTT.......,
irf,1if1,IRF1_MOUSE.H11MO.0.A,5,1if1_state_017_IRF1_MOUSE.H11MO.0.A.npz,state,17.0,10,0.6699020938601952,0.16551505333627575,0.18140209871796092,10,0.5903607188237248,0.1972883746784646,0.23820880790022714,10,10.29231122850675,TTTTTTATTT.......,8.0
irf,1if1,IRF1_MOUSE.H11MO.0.A,5,1if1_state_021_IRF1_MOUSE.H11MO.0.A.npz,state,21.0,10,0.7089653956237734,0.1525861436035484,0.1698856076330752,10,0.6695738267625195,0.16893876540707425,0.2032713474173325,10,11.325545592907197,TTTTTTATTT.......,8.0
irf,1if1,IRF1_MOUSE.H11MO.0.A,5,1if1_state_039_IRF1_MOUSE.H11MO.0.A.npz,state,39.0,10,0.4540520998921742,0.2196188066387549,0.28613820348350544,10,0.6849053159425311,0.16907554147765042,0.19559681280266586,10,10.68950735467557,ATTTTTATTT.......,7.0
irf,1if1,IRF1_MOUSE.H11MO.0.A,5,1if1_state_087_IRF1_MOUSE.H11MO.0.A.npz,state,87.0,10,0.4460968686808291,0.220893821932259,0.302606588339955,10,0.6553984268173484,0.16709614265419076,0.20586450479651314,10,12.37220195546214,ATTTTTATTT.......,7.0
irf,1if1,IRF1_MOUSE.H11MO.0.A,5,1if1_state_092_IRF1_MOUSE.H11MO.0.A.npz,state,92.0,10,0.4613662332627013,0.21808916711597703,0.2987422692802547,10,0.6793549206794166,0.16084239233168773,0.19425000343163426,10,12.23360598442167,ATTTTTATTT.......,7.0
irf,1if1,IRF1_MOUSE.H11MO.0.A,5,ENSEMBLE_MEAN,ensemble_mean,,10,0.5770543819143502,0.19421195143107067,0.22395202575398337,10,0.6940145953487952,0.15801046115579015,0.18296740508605597,10,10.350712863534115,ATTTTTATTT.......,7.0
lef1,2lef,LEF1_MOUSE.H11MO.0.B,1,2lef_A_LEF1_MOUSE.H11MO.0.B.npz,crystal,,9,1.0,0.0,0.0,9,0.5660476492310149,0.1718772253435519,0.16098486992470548,9,7.661679462609867,CCTTTAGAA...,
lef1,2lef,LEF1_MOUSE.H11MO.0.B,1,2lef_state_009_LEF1_MOUSE.H11MO.0.B.npz,state,9.0,12,0.19145841882587766,0.22431012318055663,0.2753875674979771,9,0.39453936249943855,0.19245790723814732,0.22477780561402902,9,8.925227759483533,CCCTTTTGTATC,4.0
lef1,2lef,LEF1_MOUSE.H11MO.0.B,1,2lef_state_018_LEF1_MOUSE.H11MO.0.B.npz,state,18.0,8,0.3604756552322747,0.21547905838815495,0.24270862141634103,8,0.37886277507889277,0.2224356716615148,0.2643041124574995,8,6.965610063818329,.CATGTAAA...,4.0
lef1,2lef,LEF1_MOUSE.H11MO.0.B,1,2lef_state_021_LEF1_MOUSE.H11MO.0.B.npz,state,21.0,6,0.43085210858316864,0.17307250395727655,0.17650051747172488,6,0.767477464403164,0.10763060068711638,0.09809251129735351,6,4.63518338225888,CCCGTT......,3.0
lef1,2lef,LEF1_MOUSE.H11MO.0.B,1,2lef_state_034_LEF1_MOUSE.H11MO.0.B.npz,state,34.0,7,0.28948189108148914,0.21471493629672164,0.23359338946228775,7,-0.20449426404835083,0.3056363116983058,0.40581381912358333,7,5.182285445266057,CTTCGAT.....,3.0
lef1,2lef,LEF1_MOUSE.H11MO.0.B,1,2lef_state_038_LEF1_MOUSE.H11MO.0.B.npz,state,38.0,5,0.06265414244971419,0.31805178890936076,0.4506667477889499,5,0.33707706451065206,0.23411938645876945,0.3504510995126663,5,6.018917339133639,...TATAT....,1.0
lef1,2lef,LEF1_MOUSE.H11MO.0.B,1,2lef_state_048_LEF1_MOUSE.H11MO.0.B.npz,state,48.0,12,-0.005004004725971799,0.2788520444236282,0.3444635067863189,9,0.08759141576834055,0.26072798459790647,0.306470655560449,9,8.815817818427917,CCTAGTTTTATC,3.0
lef1,2lef,LEF1_MOUSE.H11MO.0.B,1,2lef_state_055_LEF1_MOUSE.H11MO.0.B.npz,state,55.0,12,0.3943929940543629,0.196918701824163,0.24121667631867774,9,0.20059152953631137,0.24523076830923352,0.28931026719509534,9,11.073820628869267,CTTTGAGTTATC,5.0
lef1,2lef,LEF1_MOUSE.H11MO.0.B,1,2lef_state_063_LEF1_MOUSE.H11MO.0.B.npz,state,63.0,9,0.4732276123560307,0.19483030127917622,0.20587669916738915,9,0.05957091680673457,0.2765890435516162,0.33467449655005344,9,9.221465836711541,CTTCCAGAT...,5.0
lef1,2lef,LEF1_MOUSE.H11MO.0.B,1,2lef_state_067_LEF1_MOUSE.H11MO.0.B.npz,state,67.0,8,0.5950755521431789,0.13229594554763935,0.17590518087217238,8,0.2718378841977518,0.2266563363421028,0.2909629271882949,8,8.715021275557906,.CTTGACAA...,6.0
lef1,2lef,LEF1_MOUSE.H11MO.0.B,1,2lef_state_069_LEF1_MOUSE.H11MO.0.B.npz,state,69.0,9,0.17405523706455756,0.2222837512914945,0.2998308001762015,9,-0.012605444188512647,0.25654416940233205,0.33781022928421117,9,7.743545028691399,CCTGGGCAT...,4.0
lef1,2lef,LEF1_MOUSE.H11MO.0.B,1,2lef_state_073_LEF1_MOUSE.H11MO.0.B.npz,state,73.0,7,0.535330242765116,0.18685985416440026,0.21257007399392971,7,0.09742457437668536,0.26677040566158083,0.38889665752285507,7,8.106848134425395,CCTTGAT.....,5.0
lef1,2lef,LEF1_MOUSE.H11MO.0.B,1,2lef_state_084_LEF1_MOUSE.H11MO.0.B.npz,state,84.0,11,0.12664482423767728,0.26852626538294544,0.34336688968615997,8,0.3305962550053165,0.21287057250430053,0.2737840112111334,8,8.810716552112115,.CCTGTTTATTC,3.0
lef1,2lef,LEF1_MOUSE.H11MO.0.B,1,ENSEMBLE_MEAN,ensemble_mean,,12,0.5632711199734034,0.17052809688442208,0.13653427974157173,9,0.40088849108090596,0.18120987951813688,0.16790042127911223,9,4.486059882455773,CCTTGATATATC,6.0
lef1,2lef,LEF1_MOUSE.H11MO.0.B,3,2lef_A_LEF1_MOUSE.H11MO.0.B.npz,crystal,,9,1.0,0.0,0.0,9,0.18313262506097236,0.23555365267869396,0.341698544814877,9,10.57033764578708,TCAATAGAT...,
lef1,2lef,LEF1_MOUSE.H11MO.0.B,3,2lef_state_009_LEF1_MOUSE.H11MO.0.B.npz,state,9.0,12,0.2078622463881624,0.25387643419708184,0.3698868455295959,9,-0.29181517830560694,0.33716855422022085,0.5100416623235443,9,11.298484359297587,GCAACCTGTAGC,4.0
lef1,2lef,LEF1_MOUSE.H11MO.0.B,3,2lef_state_018_LEF1_MOUSE.H11MO.0.B.npz,state,18.0,8,0.39429584204874035,0.24407385879254662,0.34325442399109096,8,-0.161940449702221,0.33179204608183,0.4936306765423015,8,9.545173296431157,.GAACAGGG...,4.0
lef1,2lef,LEF1_MOUSE.H11MO.0.B,3,2lef_state_021_LEF1_MOUSE.H11MO.0.B.npz,state,21.0,6,0.06467392904813068,0.29987511918019055,0.4586743523291952,6,-0.38818768109433355,0.4028580624611398,0.6507104422721716,6,7.347410259966582,GAACCG......,1.0
lef1,2lef,LEF1_MOUSE.H11MO.0.B,3,2lef_state_034_LEF1_MOUSE.H11MO.0.B.npz,state,34.0,7,0.8902552189445363,0.09888750284439343,0.07987570732592933,7,0.060372332468370246,0.2767227815022904,0.38182153421165455,7,7.380200137492124,GGAATAG.....,5.0
lef1,2lef,LEF1_MOUSE.H11MO.0.B,3,2lef_state_038_LEF1_MOUSE.H11MO.0.B.npz,state,38.0,5,-0.04599109613713875,0.3703573948686426,0.6434642456274844,5,0.09267806544046647,0.32446830935487014,0.48668237330429037,5,7.24391453929572,...CATGT....,1.0
lef1,2lef,LEF1_MOUSE.H11MO.0.B,3,2lef_state_048_LEF1_MOUSE.H11MO.0.B.npz,state,48.0,12,0.573850598761487,0.19401641367383288,0.21893184726575532,9,-0.12924865959070003,0.3306672892564772,0.47683858078712166,9,11.872966215755977,AAAATCGGGATC,4.0
lef1,2lef,LEF1_MOUSE.H11MO.0.B,3,2lef_state_055_LEF1_MOUSE.H11MO.0.B.npz,state,55.0,12,0.6528551453096282,0.14529163156137453,0.16796603307712352,9,0.11083943932589381,0.23802372658838067,0.33058973512973694,9,11.275828974358172,GCAATCGTAACC,5.0
lef1,2lef,LEF1_MOUSE.H11MO.0.B,3,2lef_state_063_LEF1_MOUSE.H11MO.0.B.npz,state,63.0,9,0.7521505043922331,0.13812553998609978,0.13066337304982462,9,0.008273159880748056,0.31393471094310776,0.4271119079524109,9,11.593732038384154,GAAACAGAT...,6.0
lef1,2lef,LEF1_MOUSE.H11MO.0.B,3,2lef_state_067_LEF1_MOUSE.H11MO.0.B.npz,state,67.0,8,0.288488256841232,0.27887770800202816,0.3588467151670719,8,0.01481660689495398,0.30745775769150896,0.4037612141254479,8,9.752498081711227,.CAACCGTA...,4.0
lef1,2lef,LEF1_MOUSE.H11MO.0.B,3,2lef_state_069_LEF1_MOUSE.H11MO.0.B.npz,state,69.0,9,0.3858675125754327,0.23906316615628181,0.2923818887340644,9,-0.14460944861755018,0.30549362336751074,0.40236452717740634,9,7.007496989757899,GCAATCAGA...,4.0
lef1,2lef,LEF1_MOUSE.H11MO.0.B,3,2lef_state_073_LEF1_MOUSE.H11MO.0.B.npz,state,73.0,7,0.325301930790295,0.2471822478595251,0.29987268504141884,7,-0.20523759323514665,0.3366892224820991,0.47016882296395607,7,6.674915074451814,GCAACCA.....,3.0
lef1,2lef,LEF1_MOUSE.H11MO.0.B,3,2lef_state_084_LEF1_MOUSE.H11MO.0.B.npz,state,84.0,11,-0.08932265793428136,0.37367006651311385,0.5699833407990373,8,-0.18153347595982247,0.3714793040553559,0.5359622261322105,8,12.455881476251028,.GACCCATAGTT,1.0
lef1,2lef,LEF1_MOUSE.H11MO.0.B,3,ENSEMBLE_MEAN,ensemble_mean,,12,0.5590065752399397,0.2220853971269937,0.212505440600972,9,-0.1457019192805615,0.26895952651131716,0.3276848548742132,9,5.588208338966857,GAAACCGTAATC,3.0
lef1,2lef,LEF1_MOUSE.H11MO.0.B,4,2lef_A_LEF1_MOUSE.H11MO.0.B.npz,crystal,,9,1.0,0.0,0.0,9,0.3195711223406564,0.2278594638802234,0.28631198242973466,9,9.4934289314128,ACATTGGTA...,
lef1,2lef,LEF1_MOUSE.H11MO.0.B,4,2lef_state_009_LEF1_MOUSE.H11MO.0.B.npz,state,9.0,12,0.47795728649325514,0.19827256417475939,0.24028311320101844,9,0.5219502877718084,0.21444249678623034,0.2214026101369672,9,11.806385129878116,ACTTTTGTTATC,6.0
lef1,2lef,LEF1_MOUSE.H11MO.0.B,4,2lef_state_018_LEF1_MOUSE.H11MO.0.B.npz,state,18.0,8,-0.017458579874936167,0.31634145471389274,0.4133217082037267,8,0.334221396772725,0.22060644608791335,0.24219232496797558,8,6.584293941529769,.ACACTGTT...,2.0
lef1,2lef,LEF1_MOUSE.H11MO.0.B,4,2lef_state_021_LEF1_MOUSE.H11MO.0.B.npz,state,21.0,6,0.8875030583418592,0.10158489753848698,0.07636192679415242,6,0.5688225866455078,0.18983129306676952,0.21865562214535952,6,6.603676650372698,ACCTTG......,5.0
lef1,2lef,LEF1_MOUSE.H11MO.0.B,4,2lef_state_034_LEF1_MOUSE.H11MO.0.B.npz,state,34.0,7,0.5579104159456026,0.17780706696534512,0.21403235382827557,7,0.5923963234365696,0.15486703434726223,0.18568502047737018,7,7.311463955267229,TCCTTAG.....,4.0
lef1,2lef,LEF1_MOUSE.H11MO.0.B,4,2lef_state_038_LEF1_MOUSE.H11MO.0.B.npz,state,38.0,5,0.5093670673328294,0.17101235187146813,0.20577763725869141,5,-0.038088290251471285,0.29785071103833616,0.43582937684668754,5,4.6839542289646054,...CTGTT....,3.0
lef1,2lef,LEF1_MOUSE.H11MO.0.B,4,2lef_state_048_LEF1_MOUSE.H11MO.0.B.npz,state,48.0,12,0.6008860843464457,0.16108867408224292,0.18239554643061962,9,0.1240349390483292,0.2683345510005084,0.34147684974189035,9,10.940624206715805,ACACTGTTTATC,6.0
lef1,2lef,LEF1_MOUSE.H11MO.0.B,4,2lef_state_055_LEF1_MOUSE.H11MO.0.B.npz,state,55.0,12,0.6634712093935164,0.1691178870076126,0.15438334294336548,9,0.6104556492517902,0.16900650986806592,0.1482422969994167,9,8.487646177117462,TCATTGGTTATC,7.0
lef1,2lef,LEF1_MOUSE.H11MO.0.B,4,2lef_state_063_LEF1_MOUSE.H11MO.0.B.npz,state,63.0,9,0.49306183661987146,0.21330428684975938,0.25473437424420214,9,0.6037041917471954,0.1529219418557154,0.1681009306911803,9,9.311555336195973,TCCTTGGAT...,5.0
lef1,2lef,LEF1_MOUSE.H11MO.0.B,4,2lef_state_067_LEF1_MOUSE.H11MO.0.B.npz,state,67.0,8,0.09598354871885739,0.3080437709445505,0.4096820728710119,8,0.4228266888390497,0.21870569333259482,0.2125665434786474,8,7.539213578678451,.TCATCGAA...,3.0
lef1,2lef,LEF1_MOUSE.H11MO.0.B,4,2lef_state_069_LEF1_MOUSE.H11MO.0.B.npz,state,69.0,9,0.6184508947053785,0.1703976420988814,0.20351117761764842,9,0.2912585097300054,0.21622991623007692,0.29730295553804653,9,9.832509377167892,TCATTGTAT...,5.0
lef1,2lef,LEF1_MOUSE.H11MO.0.B,4,2lef_state_073_LEF1_MOUSE.H11MO.0.B.npz,state,73.0,7,0.3918437869251804,0.22421479050275853,0.281680408376198,7,0.3164818784472225,0.2362500981752029,0.2912197091796755,7,7.65187853415384,ACTTTAC.....,4.0
lef1,2lef,LEF1_MOUSE.H11MO.0.B,4,2lef_state_084_LEF1_MOUSE.H11MO.0.B.npz,state,84.0,11,0.13450059385770016,0.3000620920442998,0.43078363305007106,8,0.6147939046646868,0.19787921179522527,0.20473362280856255,8,11.514280140225836,.ACCTTGTTTTC,3.0
lef1,2lef,LEF1_MOUSE.H11MO.0.B,4,ENSEMBLE_MEAN,ensemble_mean,,12,0.6530911689227687,0.1763300007186804,0.15427910178173632,9,0.6464266966628861,0.1385140352614893,0.1259694636217728,9,5.4610804499597085,ACCTTGGATATC,6.0
lef1,2lef,LEF1_MOUSE.H11MO.0.B,5,2lef_A_LEF1_MOUSE.H11MO.0.B.npz,crystal,,9,1.0,0.0,0.0,9,0.22582490629120602,0.27596423690404964,0.3833337071650751,9,12.999434951648333,CCCTGAAAA...,
lef1,2lef,LEF1_MOUSE.H11MO.0.B,5,2lef_state_009_LEF1_MOUSE.H11MO.0.B.npz,state,9.0,12,0.03215650353099799,0.33330253028068707,0.4980659860051932,9,0.2916693611651082,0.21634060910825306,0.2720667901576355,9,10.03661880242227,CCCATGTGTAGT,3.0
lef1,2lef,LEF1_MOUSE.H11MO.0.B,5,2lef_state_018_LEF1_MOUSE.H11MO.0.B.npz,state,18.0,8,0.412416785127939,0.21759077563740448,0.36486236877184747,8,0.32998700621984606,0.2593728228494001,0.35527530645689387,8,11.845650516641618,.CTTTCAAA...,5.0
lef1,2lef,LEF1_MOUSE.H11MO.0.B,5,2lef_state_021_LEF1_MOUSE.H11MO.0.B.npz,state,21.0,6,-0.0632222522732826,0.3656136846525442,0.5844894661237582,6,0.2787842388589891,0.23223074719620249,0.3117310004184885,6,6.3246136265408746,GCCATC......,2.0
lef1,2lef,LEF1_MOUSE.H11MO.0.B,5,2lef_state_034_LEF1_MOUSE.H11MO.0.B.npz,state,34.0,7,0.32024177614926164,0.25788612178764325,0.35086716595240286,7,0.13606820113820375,0.2316526855117575,0.30087988696240436,7,5.387594775784842,CCCATAC.....,4.0
lef1,2lef,LEF1_MOUSE.H11MO.0.B,5,2lef_state_038_LEF1_MOUSE.H11MO.0.B.npz,state,38.0,5,-0.11912963620428078,0.38173945080070554,0.6737685571556161,5,-0.3327873208775206,0.4068449317957857,0.6784209339778101,5,7.056400024713418,...CACAT....,1.0
lef1,2lef,LEF1_MOUSE.H11MO.0.B,5,2lef_state_048_LEF1_MOUSE.H11MO.0.B.npz,state,48.0,12,0.4483454437841947,0.21440083740623056,0.31526108080960025,9,-0.1726226989432653,0.34304962870197603,0.5359171833090196,9,13.102546637791525,AACAGATGAAGT,4.0
lef1,2lef,LEF1_MOUSE.H11MO.0.B,5,2lef_state_055_LEF1_MOUSE.H11MO.0.B.npz,state,55.0,12,0.04881374944622118,0.3317074851221251,0.48422092214411094,9,0.33071756863928686,0.20128125023782356,0.24214131220137258,9,8.919135521616244,GCCATGCTTACC,2.0
lef1,2lef,LEF1_MOUSE.H11MO.0.B,5,2lef_state_063_LEF1_MOUSE.H11MO.0.B.npz,state,63.0,9,0.038575372914622985,0.31526630225168145,0.4944394613424199,9,0.35464717587626565,0.22304122475907207,0.2584913645237297,9,9.976881575302945,ACCATGGAT...,3.0
lef1,2lef,LEF1_MOUSE.H11MO.0.B,5,2lef_state_067_LEF1_MOUSE.H11MO.0.B.npz,state,67.0,8,0.3958577388640859,0.2379792106022478,0.3344612620477604,8,0.23654687235204047,0.24926447868347168,0.27376198082315784,8,6.431669627709653,.CGAGTCAA...,4.0
lef1,2lef,LEF1_MOUSE.H11MO.0.B,5,2lef_state_069_LEF1_MOUSE.H11MO.0.B.npz,state,69.0,9,0.6470785963497209,0.16369853142380938,0.20016729597162874,9,0.17461408981082582,0.2607172602503043,0.3541283889652014,9,9.987415071823772,GCCTGGTAA...,6.0
lef1,2lef,LEF1_MOUSE.H11MO.0.B,5,2lef_state_073_LEF1_MOUSE.H11MO.0.B.npz,state,73.0,7,0.6540020783896978,0.15939499306265018,0.20241942335070323,7,0.026066379804525436,0.2980239202033267,0.4737764967088897,7,9.119584932074957,AGCTGAT.....,4.0
lef1,2lef,LEF1_MOUSE.H11MO.0.B,5,2lef_state_084_LEF1_MOUSE.H11MO.0.B.npz,state,84.0,11,0.4921508001532466,0.2071433257025319,0.2815207026027274,8,0.5188436208924311,0.1814498746098252,0.20131609425520375,8,9.717872412085173,.GTTGTCAATTC,4.0
lef1,2lef,LEF1_MOUSE.H11MO.0.B,5,ENSEMBLE_MEAN,ensemble_mean,,12,0.6023753312358711,0.23642436993694244,0.2538491842166509,9,0.37841960709873,0.1837120069800432,0.1791357090055612,9,3.4677185066612486,ACCAGATAAATC,6.0
nfat,1a66,NFAC1_HUMAN.H11MO.0.B,1,1a66_A_NFAC1_HUMAN.H11MO.0.B.npz,crystal,,7,1.0,0.0,0.0,7,0.44118405272535116,0.222664517965833,0.2958564567641134,7,8.0383363433302,.GGGATTT,
nfat,1a66,NFAC1_HUMAN.H11MO.0.B,1,1a66_state_002_NFAC1_HUMAN.H11MO.0.B.npz,state,2.0,7,-0.14178696654770523,0.3305566449998878,0.5023003526871376,7,-0.2729947040706077,0.36025963313711273,0.5637503185982735,7,6.693077138433394,.CCTTATT,2.0
nfat,1a66,NFAC1_HUMAN.H11MO.0.B,1,1a66_state_007_NFAC1_HUMAN.H11MO.0.B.npz,state,7.0,5,0.29258765832193623,0.2515811903285794,0.2841296820842701,5,-0.3067739287838133,0.3873223075992428,0.5785389961314673,5,5.010487460181863,...TGTTT,3.0
nfat,1a66,NFAC1_HUMAN.H11MO.0.B,1,1a66_state_011_NFAC1_HUMAN.H11MO.0.B.npz,state,11.0,7,0.7109352579919056,0.137311813762478,0.15962889117746423,7,0.6716592502314588,0.16421238288915316,0.1630891549046802,7,7.572091564672105,.GGGAGTA,5.0
nfat,1a66,NFAC1_HUMAN.H11MO.0.B,1,1a66_state_012_NFAC1_HUMAN.H11MO.0.B.npz,state,12.0,5,0.6608932989325805,0.1765355099225417,0.19158048112181958,5,-0.1012906153862495,0.36773650569375604,0.5657689433277229,5,5.874848679985389,...CATTT,4.0
nfat,1a66,NFAC1_HUMAN.H11MO.0.B,1,1a66_state_013_NFAC1_HUMAN.H11MO.0.B.npz,state,13.0,5,-0.1700373419539809,0.31054381690919397,0.4033071220328332,5,0.3524486970064134,0.22141723879612982,0.27791400879602446,5,3.2890033792793814,...CTATA,1.0
nfat,1a66,NFAC1_HUMAN.H11MO.0.B,1,1a66_state_017_NFAC1_HUMAN.H11MO.0.B.npz,state,17.0,7,0.6942074392070274,0.1385570946565297,0.16859006754359027,7,0.11153649049484929,0.29795374121749774,0.4616521744958163,7,8.755356205700625,.GGGTTTT,6.0
nfat,1a66,NFAC1_HUMAN.H11MO.0.B,1,1a66_state_019_NFAC1_HUMAN.H11MO.0.B.npz,state,19.0,4,0.8604372190276001,0.08619344759790692,0.07975719352633148,4,0.5482584140776576,0.20714663776743691,0.2751071549744203,4,5.834811157920619,.GGGG...,3.0
nfat,1a66,NFAC1_HUMAN.H11MO.0.B,1,1a66_state_026_NFAC1_HUMAN.H11MO.0.B.npz,state,26.0,7,0.1596057516968926,0.2551683726321374,0.3540111849372231,7,-0.26387072548820817,0.3697122674867777,0.5566222824658256,7,6.979538314147671,.GCTGTAT,3.0
nfat,1a66,NFAC1_HUMAN.H11MO.0.B,1,1a66_state_031_NFAC1_HUMAN.H11MO.0.B.npz,state,31.0,7,0.7284019458870304,0.14986359332604998,0.15843656784317456,7,0.6241205851766696,0.163269115408184,0.21638956215489785,7,9.274492093752677,.GGGATAA,5.0
nfat,1a66,NFAC1_HUMAN.H11MO.0.B,1,1a66_state_032_NFAC1_HUMAN.H11MO.0.B.npz,state,32.0,6,0.021047301841545143,0.3377307274665024,0.5064686278537701,6,-0.3714736801022461,0.4182815595389305,0.6872760952069085,6,7.112878744234975,.CTCTTT.,2.0
nfat,1a66,NFAC1_HUMAN.H11MO.0.B,1,1a66_state_033_NFAC1_HUMAN.H11MO.0.B.npz,state,33.0,7,0.45965705116593686,0.2125837961378108,0.27492222330776184,7,0.45262879340506457,0.20279712140161013,0.27148060357372433,7,8.148071630810376,.GGTAGAA,3.0
nfat,1a66,NFAC1_HUMAN.H11MO.0.B,1,1a66_state_048_NFAC1_HUMAN.H11MO.0.B.npz,state,48.0,7,0.6569277158473693,0.16046397136441165,0.17527900988223788,7,0.0619345341140029,0.3038252336264122,0.47214148076739365,7,8.654845673313504,.GGGGTTA,5.0
nfat,1a66,NFAC1_HUMAN.H11MO.0.B,1,1a66_state_051_NFAC1_HUMAN.H11MO.0.B.npz,state,51.0,5,0.6837851082821276,0.17672148387646303,0.20274912860998925,5,-0.024576977844919818,0.35723027827916665,0.5691219567744991,5,6.879568103968744,...TATTT,4.0
nfat,1a66,NFAC1_HUMAN.H11MO.0.B,1,1a66_state_067_NFAC1_HUMAN.H11MO.0.B.npz,state,67.0,6,-0.07642015442771538,0.3468713779875543,0.47125602056577026,6,0.3224085324768872,0.24998777230697064,0.32957412046803874,6,5.323539095473999,.CTCAAA.,1.0
nfat,1a66,NFAC1_HUMAN.H11MO.0.B,1,1a66_state_073_NFAC1_HUMAN.H11MO.0.B.npz,state,73.0,5,0.16796056586571062,0.2881007686781231,0.3798232725717729,5,0.5553415816783323,0.18938698666752316,0.20560680689074512,5,6.292096862290477,...GGGAA,1.0
nfat,1a66,NFAC1_HUMAN.H11MO.0.B,1,1a66_state_079_NFAC1_HUMAN.H11MO.0.B.npz,state,79.0,5,0.2298067672978069,0.2476523230667226,0.3011003217874964,5,-0.2886546127895957,0.3752664019702934,0.5478341836098966,5,4.118991697087317,...TCTCT,2.0
nfat,1a66,NFAC1_HUMAN.H11MO.0.B,1,1a66_state_087_NFAC1_HUMAN.H11MO.0.B.npz,state,87.0,4,0.10206316844340552,0.25490721536334604,0.21865942939974867,4,0.07535703787073368,0.27544652292272076,0.3125282175677999,4,1.599493686318851,....GCAC,0.0
nfat,1a66,NFAC1_HUMAN.H11MO.0.B,1,ENSEMBLE_MEAN,ensemble_mean,,7,0.7988197990309721,0.17362960017829066,0.14291514199570118,7,0.2674197987856211,0.2611755103055436,0.28502117467628524,7,2.470865309178266,.GGTATTT,6.0
nfat,1a66,NFAC1_HUMAN.H11MO.0.B,2,1a66_A_NFAC1_HUMAN.H11MO.0.B.npz,crystal,,7,1.0,0.0,0.0,7,0.6021072750347879,0.17887832629328063,0.23100352497443202,7,9.050631360340985,.CGGAATT,
nfat,1a66,NFAC1_HUMAN.H11MO.0.B,2,1a66_state_002_NFAC1_HUMAN.H11MO.0.B.npz,state,2.0,7,-0.04250393210334484,0.3655750824244543,0.5645789097172663,7,-0.25517925957011345,0.41229332760537674,0.6835931052690037,7,10.583670303380904,.CCTTTCA,1.0
nfat,1a66,NFAC1_HUMAN.H11MO.0.B,2,1a66_state_007_NFAC1_HUMAN.H11MO.0.B.npz,state,7.0,5,-0.061051322860057586,0.3115817402096582,0.46339252878951953,5,-0.22493785827793997,0.3675094155783881,0.5405712397682303,5,5.057434268994015,...CGTTT,2.0
nfat,1a66,NFAC1_HUMAN.H11MO.0.B,2,1a66_state_011_NFAC1_HUMAN.H11MO.0.B.npz,state,11.0,7,0.440702274985488,0.22544447434899798,0.29056415588350354,7,0.4413254288977397,0.23080205260443368,0.28822649531550126,7,8.383936289897145,.CGGGGAA,3.0
nfat,1a66,NFAC1_HUMAN.H11MO.0.B,2,1a66_state_012_NFAC1_HUMAN.H11MO.0.B.npz,state,12.0,5,0.2852165970868071,0.23973400998220312,0.3042630868957944,5,0.19198031692945505,0.27559587416762954,0.38703618715076343,5,5.4279540218692075,...TATAT,2.0
nfat,1a66,NFAC1_HUMAN.H11MO.0.B,2,1a66_state_013_NFAC1_HUMAN.H11MO.0.B.npz,state,13.0,5,0.11071692784400318,0.2880516197066754,0.3929285024740735,5,0.26765884900222425,0.2646220523980446,0.37898088956924136,5,4.817926606653192,...CCAAA,1.0
nfat,1a66,NFAC1_HUMAN.H11MO.0.B,2,1a66_state_017_NFAC1_HUMAN.H11MO.0.B.npz,state,17.0,7,0.46330959283605627,0.21132165966472322,0.2712361666434193,7,0.14044218794207644,0.28239707291608546,0.43046089738464427,7,7.3836665181459455,.CGCTAAT,4.0
nfat,1a66,NFAC1_HUMAN.H11MO.0.B,2,1a66_state_019_NFAC1_HUMAN.H11MO.0.B.npz,state,19.0,4,0.33248015074265036,0.2575739495223388,0.40823586785757654,4,0.42528174745493336,0.2087376440031221,0.30606183814217636,4,4.843472507111766,.GGGG...,2.0
nfat,1a66,NFAC1_HUMAN.H11MO.0.B,2,1a66_state_026_NFAC1_HUMAN.H11MO.0.B.npz,state,26.0,7,-0.1909039626938929,0.391386768468822,0.5605200898910405,7,0.006702908369512764,0.31573697182466276,0.48606486229624746,7,7.922239918941033,.ACATTAA,0.0
nfat,1a66,NFAC1_HUMAN.H11MO.0.B,2,1a66_state_031_NFAC1_HUMAN.H11MO.0.B.npz,state,31.0,7,0.3856672222315,0.239120068165773,0.31123232452965627,7,0.4944981108306701,0.20888400281962408,0.28385349989689285,7,8.869662675597635,.AGAATAT,3.0
nfat,1a66,NFAC1_HUMAN.H11MO.0.B,2,1a66_state_032_NFAC1_HUMAN.H11MO.0.B.npz,state,32.0,6,-0.0600580121527132,0.3463630212645512,0.5414646898944813,6,-0.28577346890076577,0.3995686470492122,0.6630596617916372,6,7.393859936121628,.CCTTTA.,1.0
nfat,1a66,NFAC1_HUMAN.H11MO.0.B,2,1a66_state_033_NFAC1_HUMAN.H11MO.0.B.npz,state,33.0,7,-0.09335893001548877,0.3701569898569557,0.5520973052195763,7,0.13047855690437668,0.27744199538470377,0.41396499521208086,7,8.55192021387925,.GGTGGAA,1.0
nfat,1a66,NFAC1_HUMAN.H11MO.0.B,2,1a66_state_048_NFAC1_HUMAN.H11MO.0.B.npz,state,48.0,7,0.40046303616761914,0.23347324563032348,0.28889573446338535,7,-0.0781287595228451,0.3388528574245616,0.5034101161447732,7,7.689316986211906,.CCGGATA,4.0
nfat,1a66,NFAC1_HUMAN.H11MO.0.B,2,1a66_state_051_NFAC1_HUMAN.H11MO.0.B.npz,state,51.0,5,0.12994921292730618,0.2942389690491837,0.4388584896594871,5,0.30771308938999575,0.23696327654761262,0.3682634984178555,5,6.908356273469549,...CATAA,1.0
nfat,1a66,NFAC1_HUMAN.H11MO.0.B,2,1a66_state_067_NFAC1_HUMAN.H11MO.0.B.npz,state,67.0,6,0.5171854011084634,0.20392005435617952,0.25417244157305247,6,0.411779612326419,0.23298708749158928,0.31464976666747574,6,6.995817899262747,.CGGGAA.,4.0
nfat,1a66,NFAC1_HUMAN.H11MO.0.B,2,1a66_state_073_NFAC1_HUMAN.H11MO.0.B.npz,state,73.0,5,0.029201897566988485,0.31279180732817624,0.45167801233497434,5,0.22146978306640427,0.26027149294532137,0.3648572763066459,5,5.842940895749793,...GGGGA,1.0
nfat,1a66,NFAC1_HUMAN.H11MO.0.B,2,1a66_state_079_NFAC1_HUMAN.H11MO.0.B.npz,state,79.0,5,0.4161030650626398,0.1928824199392693,0.2636303943950345,5,0.05313784176210517,0.31904876887856515,0.4679719389674699,5,6.260666099331433,...GTTTT,3.0
nfat,1a66,NFAC1_HUMAN.H11MO.0.B,2,1a66_state_087_NFAC1_HUMAN.H11MO.0.B.npz,state,87.0,4,-0.21572875024686533,0.3779834041779395,0.5322375372043184,4,0.12160853668000586,0.2543612353329081,0.39041763986435035,4,4.624574546278268,....GTAA,0.0
nfat,1a66,NFAC1_HUMAN.H11MO.0.B,2,ENSEMBLE_MEAN,ensemble_mean,,7,0.3926067514563018,0.25471382763909484,0.2508197792308698,7,0.23790166360651943,0.2602233342744304,0.29826849227582286,7,3.0316306835610907,.CGTGTAA,2.0
nfat,1a66,NFAC1_HUMAN.H11MO.0.B,3,1a66_A_NFAC1_HUMAN.H11MO.0.B.npz,crystal,,7,0.9999999999999999,0.0,0.0,7,0.5177910746755165,0.1977817860765429,0.2864698028434476,7,9.435456453370511,.GGGATAT,
nfat,1a66,NFAC1_HUMAN.H11MO.0.B,3,1a66_state_002_NFAC1_HUMAN.H11MO.0.B.npz,state,2.0,7,-0.031620914101242195,0.3444458119892196,0.5549802349248691,7,-0.24554102314671922,0.387503399914879,0.643348180111989,7,9.078048613637439,.GCTTAGT,2.0
nfat,1a66,NFAC1_HUMAN.H11MO.0.B,3,1a66_state_007_NFAC1_HUMAN.H11MO.0.B.npz,state,7.0,5,0.5318708121288734,0.20169431463362458,0.22791917749564433,5,0.36846610494040966,0.24953004843335408,0.32002411719788393,5,5.727938511906894,...GAGTT,3.0
nfat,1a66,NFAC1_HUMAN.H11MO.0.B,3,1a66_state_011_NFAC1_HUMAN.H11MO.0.B.npz,state,11.0,7,0.3866600833145746,0.25069322735819405,0.35399224122494866,7,0.276972106785234,0.27400813705928123,0.35138295027848365,7,8.722935380654945,.GGCAGGA,3.0
nfat,1a66,NFAC1_HUMAN.H11MO.0.B,3,1a66_state_012_NFAC1_HUMAN.H11MO.0.B.npz,state,12.0,5,0.9461909808274483,0.08120667127659545,0.054769897428721195,5,0.44961400875662744,0.2138639805605635,0.2965704128765033,5,6.124349946855823,...GATAT,5.0
nfat,1a66,NFAC1_HUMAN.H11MO.0.B,3,1a66_state_013_NFAC1_HUMAN.H11MO.0.B.npz,state,13.0,5,0.6340973512531151,0.1553571930657199,0.1875756582783765,5,0.6528991537870673,0.16700198360849755,0.162589473957082,5,4.627634596717133,...GAGAT,4.0
nfat,1a66,NFAC1_HUMAN.H11MO.0.B,3,1a66_state_017_NFAC1_HUMAN.H11MO.0.B.npz,state,17.0,7,0.22805403355897422,0.2723504595209891,0.4491568224072507,7,0.04392573029321159,0.32407133080830264,0.5344078072894872,7,10.66525091882394,.GGTTATT,3.0
nfat,1a66,NFAC1_HUMAN.H11MO.0.B,3,1a66_state_019_NFAC1_HUMAN.H11MO.0.B.npz,state,19.0,4,0.7359358045434812,0.11780076511635684,0.1672429504799934,4,0.4276658502756499,0.24515486626276584,0.38956379516719286,4,7.391792281872572,.GGGG...,3.0
nfat,1a66,NFAC1_HUMAN.H11MO.0.B,3,1a66_state_026_NFAC1_HUMAN.H11MO.0.B.npz,state,26.0,7,0.20948153318505333,0.28785964531909614,0.42806326882007445,7,0.1337646127258243,0.272554013041307,0.43584784344242566,7,8.992759672991635,.GGTTCAG,3.0
nfat,1a66,NFAC1_HUMAN.H11MO.0.B,3,1a66_state_031_NFAC1_HUMAN.H11MO.0.B.npz,state,31.0,7,0.9630630766697217,0.06263686548332512,0.05166915688155035,7,0.6083386299960003,0.17851436497880968,0.24963340925172162,7,10.246526886135962,.GGGATAT,7.0
nfat,1a66,NFAC1_HUMAN.H11MO.0.B,3,1a66_state_032_NFAC1_HUMAN.H11MO.0.B.npz,state,32.0,6,0.649031919826062,0.15740505682358238,0.23689959629588173,6,0.1577057584774728,0.31341890930281124,0.5302991645695915,6,9.852406281511922,.GGGTTT.,4.0
nfat,1a66,NFAC1_HUMAN.H11MO.0.B,3,1a66_state_033_NFAC1_HUMAN.H11MO.0.B.npz,state,33.0,7,0.16521825529248352,0.31125022455233065,0.5067752982417754,7,-0.011274585926549561,0.3533632788333177,0.56510515287533,7,11.438264783147758,.GGTTGGA,2.0
nfat,1a66,NFAC1_HUMAN.H11MO.0.B,3,1a66_state_048_NFAC1_HUMAN.H11MO.0.B.npz,state,48.0,7,0.33384834930947604,0.23117152409456918,0.3309131524585058,7,-0.08358584720434106,0.3375536822727554,0.5089731971224576,7,7.341911295917097,.GGTGGTT,3.0
nfat,1a66,NFAC1_HUMAN.H11MO.0.B,3,1a66_state_051_NFAC1_HUMAN.H11MO.0.B.npz,state,51.0,5,0.7361436602378437,0.1408118572076537,0.15369578185011995,5,0.29990644437687014,0.2643442174060956,0.3892828472070161,5,7.10574591376388,...GTTAT,4.0
nfat,1a66,NFAC1_HUMAN.H11MO.0.B,3,1a66_state_067_NFAC1_HUMAN.H11MO.0.B.npz,state,67.0,6,0.6611231521671367,0.16503721936688484,0.19252389931615413,6,0.5600464107620937,0.19102867120454903,0.2535297588977445,6,7.192074845644544,.GGGGAT.,3.0
nfat,1a66,NFAC1_HUMAN.H11MO.0.B,3,1a66_state_073_NFAC1_HUMAN.H11MO.0.B.npz,state,73.0,5,0.3115224108145978,0.27376106366551844,0.4134063285919498,5,0.10988431155538969,0.3225397574742268,0.5168134151870258,5,8.73272423565536,...GGTGA,2.0
nfat,1a66,NFAC1_HUMAN.H11MO.0.B,3,1a66_state_079_NFAC1_HUMAN.H11MO.0.B.npz,state,79.0,5,-0.0005710702472656319,0.2857468741131015,0.4416799790099474,5,-0.3782256447463032,0.396057817293331,0.6061869976467251,5,4.701639254644941,...TTTCT,2.0
nfat,1a66,NFAC1_HUMAN.H11MO.0.B,3,1a66_state_087_NFAC1_HUMAN.H11MO.0.B.npz,state,87.0,4,0.49961965282849286,0.15758961194660515,0.22048365795657948,4,-0.06405230938184198,0.31038619665196165,0.49900537534487394,4,4.501438175509873,....TTAT,3.0
nfat,1a66,NFAC1_HUMAN.H11MO.0.B,3,ENSEMBLE_MEAN,ensemble_mean,,7,0.7885108053524763,0.1612662717142436,0.14832442788634315,7,0.3149050579717616,0.2489681972302406,0.29003767010861203,7,4.436175112284508,.GGGTTAT,6.0
nfat,1a66,NFAC1_HUMAN.H11MO.0.B,4,1a66_A_NFAC1_HUMAN.H11MO.0.B.npz,crystal,,7,1.0,0.0,0.0,7,0.7854641786403724,0.12366663923525525,0.15238139653530272,7,10.01840214787897,.GGGAAAA,
nfat,1a66,NFAC1_HUMAN.H11MO.0.B,4,1a66_state_002_NFAC1_HUMAN.H11MO.0.B.npz,state,2.0,7,0.2633595099134575,0.29356911217499665,0.38752460117438986,7,-0.14314274765730156,0.34730487228703816,0.4659845223714224,7,4.406825297041117,.GGAGGGT,2.0
nfat,1a66,NFAC1_HUMAN.H11MO.0.B,4,1a66_state_007_NFAC1_HUMAN.H11MO.0.B.npz,state,7.0,5,0.09628563945353238,0.3203662035186426,0.4677919690493149,5,0.03424154422367839,0.3250586737776757,0.4940224390713885,5,6.752307037523838,...GGTTT,1.0
nfat,1a66,NFAC1_HUMAN.H11MO.0.B,4,1a66_state_011_NFAC1_HUMAN.H11MO.0.B.npz,state,11.0,7,0.6182822846669278,0.17652287822238577,0.21837480907465281,7,0.3202107034047225,0.2710968937733144,0.36318401442605497,7,9.703051684524775,.GGGGGGA,4.0
nfat,1a66,NFAC1_HUMAN.H11MO.0.B,4,1a66_state_012_NFAC1_HUMAN.H11MO.0.B.npz,state,12.0,5,0.12443958921595498,0.295030445093289,0.41702991312340804,5,0.043031513782568344,0.29861070392653344,0.450356970892188,5,6.010427307969157,...GGTTT,1.0
nfat,1a66,NFAC1_HUMAN.H11MO.0.B,4,1a66_state_013_NFAC1_HUMAN.H11MO.0.B.npz,state,13.0,5,0.6899523946890223,0.17323932146828155,0.16444253350307517,5,0.6979126550112575,0.16257144366099965,0.1499878549349476,5,5.5622242106001085,...GGGAA,3.0
nfat,1a66,NFAC1_HUMAN.H11MO.0.B,4,1a66_state_017_NFAC1_HUMAN.H11MO.0.B.npz,state,17.0,7,0.318428803711397,0.2606398495697379,0.3513140462385773,7,-0.030717898144187697,0.3268091988434857,0.4619709117438961,7,6.3623028497985015,.GGTTTTT,2.0
nfat,1a66,NFAC1_HUMAN.H11MO.0.B,4,1a66_state_019_NFAC1_HUMAN.H11MO.0.B.npz,state,19.0,4,0.9895016978251368,0.03512326963527812,0.026490776409073696,4,0.725236334754635,0.15463572377029777,0.20996433062914693,4,6.305010303807218,.GGGA...,4.0
nfat,1a66,NFAC1_HUMAN.H11MO.0.B,4,1a66_state_026_NFAC1_HUMAN.H11MO.0.B.npz,state,26.0,7,0.4369374631249779,0.23904496022285976,0.31432098556886784,7,0.4963633924135141,0.20126160970669713,0.260090478553275,7,7.641930663626964,.AGGTCAT,3.0
nfat,1a66,NFAC1_HUMAN.H11MO.0.B,4,1a66_state_031_NFAC1_HUMAN.H11MO.0.B.npz,state,31.0,7,0.4860064070568905,0.2057725375652808,0.27094403773601033,7,0.25005922246298695,0.25588231376449194,0.3523678706818287,7,7.098385579280014,.GGAATTG,3.0
nfat,1a66,NFAC1_HUMAN.H11MO.0.B,4,1a66_state_032_NFAC1_HUMAN.H11MO.0.B.npz,state,32.0,6,0.5558109779405991,0.17282476063185945,0.24510806886983036,6,0.24951674648627709,0.2845240880057342,0.438428444807991,6,8.674365618478253,.GGGTTT.,3.0
nfat,1a66,NFAC1_HUMAN.H11MO.0.B,4,1a66_state_033_NFAC1_HUMAN.H11MO.0.B.npz,state,33.0,7,0.4073350430226308,0.23612327938904595,0.3428883314179532,7,0.14750503623376557,0.30989691151938004,0.4381175406670728,7,9.022913043545087,.GGTTGGA,3.0
nfat,1a66,NFAC1_HUMAN.H11MO.0.B,4,1a66_state_048_NFAC1_HUMAN.H11MO.0.B.npz,state,48.0,7,0.3653125643721171,0.2507445325237703,0.3389431811464423,7,0.02166145017923765,0.31132249311173965,0.4552902794124356,7,7.135911785369855,.GGGGCTT,3.0
nfat,1a66,NFAC1_HUMAN.H11MO.0.B,4,1a66_state_051_NFAC1_HUMAN.H11MO.0.B.npz,state,51.0,5,0.6848049318384294,0.17103063587783254,0.1689647796997586,5,0.5922688608586918,0.17856474961372443,0.20618798029765745,5,4.875295654361178,...GAATT,3.0
nfat,1a66,NFAC1_HUMAN.H11MO.0.B,4,1a66_state_067_NFAC1_HUMAN.H11MO.0.B.npz,state,67.0,6,0.9259278223373755,0.07535725335825798,0.05998435933317279,6,0.7031920803783461,0.15999398594097633,0.1938874427465864,6,7.815833292968639,.GGGAAA.,6.0
nfat,1a66,NFAC1_HUMAN.H11MO.0.B,4,1a66_state_073_NFAC1_HUMAN.H11MO.0.B.npz,state,73.0,5,0.33923290086915187,0.23713540485514387,0.382383908642698,5,0.34727131312165893,0.25082722454717443,0.37845430825850646,5,8.473208504460324,...GGGAA,3.0
nfat,1a66,NFAC1_HUMAN.H11MO.0.B,4,1a66_state_079_NFAC1_HUMAN.H11MO.0.B.npz,state,79.0,5,-0.2543286880169142,0.3520592391723767,0.4817017637762427,5,-0.2544361038974483,0.3424590873066336,0.4592937374296918,5,3.4777053650457614,...CTGTT,0.0
nfat,1a66,NFAC1_HUMAN.H11MO.0.B,4,1a66_state_087_NFAC1_HUMAN.H11MO.0.B.npz,state,87.0,4,-0.28235269176947364,0.36859230013214983,0.48805828742200175,4,-0.3435917961591873,0.3664696871419437,0.5061578487701583,4,2.7051347966896007,....TTTT,0.0
nfat,1a66,NFAC1_HUMAN.H11MO.0.B,4,ENSEMBLE_MEAN,ensemble_mean,,7,0.7171697012531411,0.18388693464342684,0.18497857940051982,7,0.37940193041695014,0.23692921524368069,0.2691358535009449,7,4.324110395200297,.GGGGTTA,4.0
nfat,1a66,NFAC1_HUMAN.H11MO.0.B,5,1a66_A_NFAC1_HUMAN.H11MO.0.B.npz,crystal,,7,0.9999999999999999,0.0,0.0,7,0.7732147148322922,0.12365317092709509,0.1520490005666931,7,9.769481986208142,.GGGAAAG,
nfat,1a66,NFAC1_HUMAN.H11MO.0.B,5,1a66_state_002_NFAC1_HUMAN.H11MO.0.B.npz,state,2.0,7,-0.11352116773239807,0.36757916932668067,0.6057709769314493,7,-0.40557017709926013,0.42103844957201936,0.6935791635245392,7,8.24628750054894,.GCTTTTT,1.0
nfat,1a66,NFAC1_HUMAN.H11MO.0.B,5,1a66_state_007_NFAC1_HUMAN.H11MO.0.B.npz,state,7.0,5,-0.18039905296470615,0.3682177459821105,0.5339103911446305,5,-0.20353988722482663,0.35574145750142633,0.5342018911272893,5,4.881535833526557,...TGTAT,1.0
nfat,1a66,NFAC1_HUMAN.H11MO.0.B,5,1a66_state_011_NFAC1_HUMAN.H11MO.0.B.npz,state,11.0,7,0.5561869753717682,0.1950704410389465,0.2295141291063371,7,0.6537796010282414,0.16562971437815577,0.18243228636034262,7,7.468709866472313,.TGGATTA,3.0
nfat,1a66,NFAC1_HUMAN.H11MO.0.B,5,1a66_state_012_NFAC1_HUMAN.H11MO.0.B.npz,state,12.0,5,0.087570227208968,0.3146546080475673,0.45903966359614784,5,0.09469688918568203,0.3135124350199476,0.4727633589408409,5,6.590424138404876,...TGTAT,1.0
nfat,1a66,NFAC1_HUMAN.H11MO.0.B,5,1a66_state_013_NFAC1_HUMAN.H11MO.0.B.npz,state,13.0,5,0.4275556565332059,0.232363094156608,0.3051539502882106,5,0.5277622853674501,0.2079735953360796,0.26121418821401415,5,6.806653350488726,...GGAAA,3.0
nfat,1a66,NFAC1_HUMAN.H11MO.0.B,5,1a66_state_017_NFAC1_HUMAN.H11MO.0.B.npz,state,17.0,7,0.5088954960223518,0.21168658432751336,0.28786331525917497,7,0.4689095433625447,0.21250000025845242,0.28347861219025433,7,7.764228899693509,.CGGTATT,3.0
nfat,1a66,NFAC1_HUMAN.H11MO.0.B,5,1a66_state_019_NFAC1_HUMAN.H11MO.0.B.npz,state,19.0,4,0.7813748011090559,0.10764793245471083,0.15393879370899163,4,0.43082636624494225,0.24275859947374556,0.3772712453783842,4,5.9941293386159415,.GGGG...,3.0
nfat,1a66,NFAC1_HUMAN.H11MO.0.B,5,1a66_state_026_NFAC1_HUMAN.H11MO.0.B.npz,state,26.0,7,-0.11185998284755884,0.3512514058716728,0.5316590447443534,7,-0.04410707999733839,0.3115195679378563,0.45656875163032895,7,6.3106031364788615,.CCTACCA,1.0
nfat,1a66,NFAC1_HUMAN.H11MO.0.B,5,1a66_state_031_NFAC1_HUMAN.H11MO.0.B.npz,state,31.0,7,0.6107119197669433,0.18243347506670812,0.2250057459192792,7,0.5613213739151575,0.19703198003116995,0.2502655708013272,7,8.823843737617544,.GGGATAA,5.0
nfat,1a66,NFAC1_HUMAN.H11MO.0.B,5,1a66_state_032_NFAC1_HUMAN.H11MO.0.B.npz,state,32.0,6,0.1189792611205469,0.3194116530818671,0.49057925354505433,6,0.10769572324392274,0.2975778353647911,0.45032057605963405,6,6.640963754510185,.CGCTTA.,2.0
nfat,1a66,NFAC1_HUMAN.H11MO.0.B,5,1a66_state_033_NFAC1_HUMAN.H11MO.0.B.npz,state,33.0,7,0.40593028210324794,0.22975506203614973,0.31232576006698204,7,0.3072721067243598,0.2522334972828893,0.3390831016868682,7,8.014637779345591,.GGTAGAA,4.0
nfat,1a66,NFAC1_HUMAN.H11MO.0.B,5,1a66_state_048_NFAC1_HUMAN.H11MO.0.B.npz,state,48.0,7,-0.09664710093845469,0.35633043441755163,0.5276896497125632,7,-0.30891916309316253,0.3851727591494897,0.5871401629543128,7,6.700497921297401,.GCTGTTT,1.0
nfat,1a66,NFAC1_HUMAN.H11MO.0.B,5,1a66_state_051_NFAC1_HUMAN.H11MO.0.B.npz,state,51.0,5,0.4390804534712964,0.22989679025049553,0.32591511276785107,5,0.4602711595967677,0.22393093579012202,0.3243300479097145,5,6.907540077996116,...GATAT,3.0
nfat,1a66,NFAC1_HUMAN.H11MO.0.B,5,1a66_state_067_NFAC1_HUMAN.H11MO.0.B.npz,state,67.0,6,0.19892137675477192,0.2869283278414514,0.42280070126322095,6,0.23504836851917307,0.25135515451741713,0.3631876600107042,6,5.972465056209927,.TGCTTA.,2.0
nfat,1a66,NFAC1_HUMAN.H11MO.0.B,5,1a66_state_073_NFAC1_HUMAN.H11MO.0.B.npz,state,73.0,5,0.20974652265587848,0.2830137880402617,0.394542425382416,5,0.24522364097016297,0.26819190274691207,0.3931608338980505,5,7.124911532800787,...GGTAA,2.0
nfat,1a66,NFAC1_HUMAN.H11MO.0.B,5,1a66_state_079_NFAC1_HUMAN.H11MO.0.B.npz,state,79.0,5,0.18649840008184831,0.2778081212636607,0.4472446268485106,5,0.1663109457388471,0.2740188908741402,0.44909327235453167,5,6.453722062601754,...GTTAT,2.0
nfat,1a66,NFAC1_HUMAN.H11MO.0.B,5,1a66_state_087_NFAC1_HUMAN.H11MO.0.B.npz,state,87.0,4,0.017986981315500892,0.32909115568827474,0.5188149661440102,4,-0.007714601498779681,0.3237487572091595,0.5205072702477376,4,5.580302049657275,....GTAT,1.0
nfat,1a66,NFAC1_HUMAN.H11MO.0.B,5,ENSEMBLE_MEAN,ensemble_mean,,7,0.4676128060997684,0.2509784647559576,0.2706992203525993,7,0.35351277832393724,0.23816061314553952,0.2680641339857001,7,3.3466879850529345,.GGGGTAA,4.0
runx,1hjc,RUNX1_MOUSE.H11MO.0.A,1,1hjc_A_RUNX1_MOUSE.H11MO.0.A.npz,crystal,,9,1.0,0.0,0.0,9,0.5409760451943392,0.1726948659440192,0.2222089049782573,9,8.14268578113254,CCGGGGGGT.,
runx,1hjc,RUNX1_MOUSE.H11MO.0.A,1,1hjc_state_003_RUNX1_MOUSE.H11MO.0.A.npz,state,3.0,8,-0.13476693390975605,0.268038320929918,0.330626423463471,8,0.045726166818313305,0.2847620786196785,0.36413502902993755,8,3.3933386830035586,CCTGAACC..,3.0
runx,1hjc,RUNX1_MOUSE.H11MO.0.A,1,1hjc_state_004_RUNX1_MOUSE.H11MO.0.A.npz,state,4.0,9,0.1317645326435173,0.2236543964374707,0.2825917726313055,9,0.3017068597156268,0.23536180491403988,0.307949178369127,9,5.412591531146705,CCTGAAAAT.,4.0
runx,1hjc,RUNX1_MOUSE.H11MO.0.A,1,1hjc_state_009_RUNX1_MOUSE.H11MO.0.A.npz,state,9.0,8,-0.07468067923790266,0.2704592502923333,0.3608442576046761,8,0.1302112415528113,0.27890750355436467,0.36809743900909253,8,5.136568646453969,CCTGAACC..,3.0
runx,1hjc,RUNX1_MOUSE.H11MO.0.A,1,1hjc_state_011_RUNX1_MOUSE.H11MO.0.A.npz,state,11.0,9,0.06282011434442762,0.23124413551219428,0.2658783263733723,9,0.37316074033669233,0.23100381591615993,0.2659270824541312,9,3.0583665373961715,CCTGAAACT.,4.0
runx,1hjc,RUNX1_MOUSE.H11MO.0.A,1,1hjc_state_012_RUNX1_MOUSE.H11MO.0.A.npz,state,12.0,9,0.17941287055243957,0.2336622344317018,0.2619447078483674,9,0.27808193210670795,0.25424922447806847,0.30109434071698754,9,4.899721238846922,CTTAAGGCC.,3.0
runx,1hjc,RUNX1_MOUSE.H11MO.0.A,1,1hjc_state_014_RUNX1_MOUSE.H11MO.0.A.npz,state,14.0,9,0.8232947334575765,0.10162819165917528,0.07658131723128508,9,0.6606592839304835,0.16156271991268215,0.18275530083496955,9,5.706828923171404,CCTGGGGCT.,7.0
runx,1hjc,RUNX1_MOUSE.H11MO.0.A,1,1hjc_state_018_RUNX1_MOUSE.H11MO.0.A.npz,state,18.0,9,0.41935013745792316,0.1770607109582569,0.19122872802370464,9,0.3157644137245591,0.23808947183553958,0.29105390611132526,9,4.864076769032497,CCTGGACCC.,4.0
runx,1hjc,RUNX1_MOUSE.H11MO.0.A,1,1hjc_state_023_RUNX1_MOUSE.H11MO.0.A.npz,state,23.0,9,0.8015337827254173,0.113232788856193,0.07913225829131498,9,0.5519942321075768,0.19138085928797308,0.21697448808706313,9,6.497262227999842,CCTGGGGCC.,6.0
runx,1hjc,RUNX1_MOUSE.H11MO.0.A,1,1hjc_state_024_RUNX1_MOUSE.H11MO.0.A.npz,state,24.0,9,0.030848054105340736,0.24436053837416694,0.296803318961381,9,0.013312618831739226,0.29185190780036563,0.3762343289521893,9,4.1203273262392575,CCCAGGCCC.,4.0
runx,1hjc,RUNX1_MOUSE.H11MO.0.A,1,1hjc_state_026_RUNX1_MOUSE.H11MO.0.A.npz,state,26.0,9,0.04956641642111064,0.2531635090126656,0.32662512693934587,9,-0.06254721972563228,0.315996355855734,0.44769764565785436,9,6.504010137724608,CGGGAACCC.,3.0
runx,1hjc,RUNX1_MOUSE.H11MO.0.A,1,1hjc_state_029_RUNX1_MOUSE.H11MO.0.A.npz,state,29.0,9,0.3424893633788402,0.2153104263965765,0.2192546846066672,9,0.33761662658174396,0.2528791490605929,0.2875944853637663,9,4.076454419833491,CCTAAGGCC.,4.0
runx,1hjc,RUNX1_MOUSE.H11MO.0.A,1,1hjc_state_030_RUNX1_MOUSE.H11MO.0.A.npz,state,30.0,9,0.7927493774528678,0.12830775222715196,0.08684367022799219,9,0.7122694105916885,0.1679229329003849,0.1775875365282143,9,6.066954655447979,CGTGGGGAT.,6.0
runx,1hjc,RUNX1_MOUSE.H11MO.0.A,1,1hjc_state_032_RUNX1_MOUSE.H11MO.0.A.npz,state,32.0,8,0.24641559188260367,0.21422779639874534,0.31117160459827625,8,0.300794157572608,0.24135253061035655,0.34169167224703834,8,8.38573226967393,CGTGAAGC..,3.0
runx,1hjc,RUNX1_MOUSE.H11MO.0.A,1,1hjc_state_034_RUNX1_MOUSE.H11MO.0.A.npz,state,34.0,9,0.23308136042267877,0.20736836519790813,0.22818155619530245,9,0.08566895318069248,0.2818717509896184,0.3453585453419004,9,3.3524150208768857,CCCAGCGCT.,5.0
runx,1hjc,RUNX1_MOUSE.H11MO.0.A,1,1hjc_state_039_RUNX1_MOUSE.H11MO.0.A.npz,state,39.0,9,0.19935108402253923,0.21545473089726228,0.2684384944808299,9,-0.03981572983282399,0.2988762328685779,0.43157738109570254,9,5.909697716768129,CCGGGCCCG.,5.0
runx,1hjc,RUNX1_MOUSE.H11MO.0.A,1,1hjc_state_041_RUNX1_MOUSE.H11MO.0.A.npz,state,41.0,9,-0.19996982033342722,0.2776181895686831,0.3754650412083303,9,-0.13348776515189487,0.31062815725130755,0.43340276583690357,9,4.537040174701209,CTCAATCCT.,2.0
runx,1hjc,RUNX1_MOUSE.H11MO.0.A,1,1hjc_state_042_RUNX1_MOUSE.H11MO.0.A.npz,state,42.0,8,-0.06315045012153905,0.282320268706826,0.3751452574845347,8,0.09110869854884769,0.2895545344072161,0.4037920489673106,8,5.095424434709823,CGCAATGT..,2.0
runx,1hjc,RUNX1_MOUSE.H11MO.0.A,1,1hjc_state_047_RUNX1_MOUSE.H11MO.0.A.npz,state,47.0,9,0.34794723483603507,0.18654780715264174,0.2091539639661911,9,0.41780327451703153,0.23321834409661177,0.25727635115953595,9,3.282309465094711,CCGGCAATT.,5.0
runx,1hjc,RUNX1_MOUSE.H11MO.0.A,1,1hjc_state_048_RUNX1_MOUSE.H11MO.0.A.npz,state,48.0,9,-0.14208908513928478,0.268469551726917,0.36667669352964827,9,0.12273025463870955,0.26259384512539125,0.3523264702355331,9,5.254576782264297,CCTATAACT.,3.0
runx,1hjc,RUNX1_MOUSE.H11MO.0.A,1,1hjc_state_051_RUNX1_MOUSE.H11MO.0.A.npz,state,51.0,9,0.10074317042001256,0.2370180930205,0.2839033429304427,9,0.3052047148903411,0.24181584774568263,0.2845505002173415,9,4.756049926367961,CCTGAAACC.,3.0
runx,1hjc,RUNX1_MOUSE.H11MO.0.A,1,1hjc_state_055_RUNX1_MOUSE.H11MO.0.A.npz,state,55.0,9,0.8639785694731659,0.09349657549238247,0.05689533024210015,9,0.7424796525905485,0.151637312102442,0.15324114789393684,9,5.970784960464885,CCTGGGGCT.,7.0
runx,1hjc,RUNX1_MOUSE.H11MO.0.A,1,1hjc_state_056_RUNX1_MOUSE.H11MO.0.A.npz,state,56.0,9,0.7024729615826253,0.14488422458655098,0.11644086166516288,9,0.6984471289121132,0.18316536949067894,0.1811484903011936,9,4.280309464528287,CCTGAGGCC.,5.0
runx,1hjc,RUNX1_MOUSE.H11MO.0.A,1,1hjc_state_060_RUNX1_MOUSE.H11MO.0.A.npz,state,60.0,9,0.5951830641037564,0.16177591460938048,0.15072308732120365,9,0.28478396644458187,0.2511373509834003,0.30724520372956887,9,5.683495085399047,CTGGGGGCC.,6.0
runx,1hjc,RUNX1_MOUSE.H11MO.0.A,1,1hjc_state_064_RUNX1_MOUSE.H11MO.0.A.npz,state,64.0,9,0.2845947691254948,0.20266363326744694,0.21967237955866198,9,0.4113401938352334,0.23034911585919973,0.25961250243908646,9,3.915384034242961,CCTGAAGGC.,5.0
runx,1hjc,RUNX1_MOUSE.H11MO.0.A,1,1hjc_state_066_RUNX1_MOUSE.H11MO.0.A.npz,state,66.0,9,0.752581967172173,0.10580236453744066,0.08965386136498689,9,0.42186175069996806,0.2220454145119422,0.27348094841450543,9,5.163066184489653,CCGAGGGGT.,8.0
runx,1hjc,RUNX1_MOUSE.H11MO.0.A,1,1hjc_state_071_RUNX1_MOUSE.H11MO.0.A.npz,state,71.0,9,0.8017580375297635,0.12126431370335114,0.09423030289597939,9,0.47234927720250197,0.21175362380583668,0.26305165999622987,9,5.805447216203545,CCTGGGGAT.,7.0
runx,1hjc,RUNX1_MOUSE.H11MO.0.A,1,1hjc_state_074_RUNX1_MOUSE.H11MO.0.A.npz,state,74.0,9,0.09637754241078146,0.2278858165243744,0.25598710253826545,9,0.17091053175800702,0.26968342064517653,0.32354716075243295,9,2.7190185811060776,CCTAAGCCC.,3.0
runx,1hjc,RUNX1_MOUSE.H11MO.0.A,1,1hjc_state_079_RUNX1_MOUSE.H11MO.0.A.npz,state,79.0,8,0.2822403683022118,0.21723422626018873,0.2622147187766818,8,0.5116101467217781,0.20897760658772313,0.24979162491102083,8,5.712225434584711,CGTGACGT..,3.0
runx,1hjc,RUNX1_MOUSE.H11MO.0.A,1,1hjc_state_080_RUNX1_MOUSE.H11MO.0.A.npz,state,80.0,9,0.43473182583722186,0.18602821750230053,0.18361891800838,9,0.38361167491877596,0.24222613202356216,0.275099751249522,9,3.164547882900032,CGCGAGGCG.,4.0
runx,1hjc,RUNX1_MOUSE.H11MO.0.A,1,1hjc_state_084_RUNX1_MOUSE.H11MO.0.A.npz,state,84.0,9,0.050332448039310605,0.24588608547087965,0.31240372745448425,9,0.21840637401991816,0.25553668749570435,0.3421611865330853,9,5.915464638350707,CCTGAAACG.,3.0
runx,1hjc,RUNX1_MOUSE.H11MO.0.A,1,1hjc_state_085_RUNX1_MOUSE.H11MO.0.A.npz,state,85.0,9,0.4140977967801759,0.20110256340639251,0.23115233619010095,9,0.49133211991353526,0.20535099148077685,0.2422931846044541,9,8.20770240912936,CTTGAGGCC.,4.0
runx,1hjc,RUNX1_MOUSE.H11MO.0.A,1,1hjc_state_086_RUNX1_MOUSE.H11MO.0.A.npz,state,86.0,9,0.17164741909341852,0.25291658501373604,0.27312769525333824,8,0.3635233131236646,0.2632204618494143,0.324181292994411,8,4.085224607077226,.GCCTGGAAT,2.0
runx,1hjc,RUNX1_MOUSE.H11MO.0.A,1,1hjc_state_090_RUNX1_MOUSE.H11MO.0.A.npz,state,90.0,9,0.176899575423828,0.23404548893449828,0.2752193335854529,9,0.2456685390370331,0.26260280814797926,0.33817147884356275,9,5.266374165926589,CGTGACGAT.,4.0
runx,1hjc,RUNX1_MOUSE.H11MO.0.A,1,1hjc_state_093_RUNX1_MOUSE.H11MO.0.A.npz,state,93.0,8,0.028744497516665787,0.24456556473160163,0.310662776780871,8,0.196496374609417,0.26387659835017985,0.3333891809429912,8,3.6319295706472614,CCTAAAGT..,3.0
runx,1hjc,RUNX1_MOUSE.H11MO.0.A,1,1hjc_state_097_RUNX1_MOUSE.H11MO.0.A.npz,state,97.0,9,0.33424143757852415,0.19904951199552873,0.24956965552708738,9,0.09605119481293929,0.2778740156726498,0.4142478147868268,9,7.455287703184217,CCCAGGAAT.,5.0
runx,1hjc,RUNX1_MOUSE.H11MO.0.A,1,ENSEMBLE_MEAN,ensemble_mean,,10,0.5341004155473471,0.1864228978818515,0.16793321173141995,9,0.5392307141010063,0.23644366557197227,0.2514035593758279,9,2.5093650099352907,CCTGAGGCTT,6.0
runx,1hjc,RUNX1_MOUSE.H11MO.0.A,2,1hjc_A_RUNX1_MOUSE.H11MO.0.A.npz,crystal,,9,0.9999999999999998,0.0,0.0,9,0.8370935452524034,0.11852106700340907,0.10263094990694155,9,7.508945830948014,CTTGAGGTT.,
runx,1hjc,RUNX1_MOUSE.H11MO.0.A,2,1hjc_state_003_RUNX1_MOUSE.H11MO.0.A.npz,state,3.0,8,0.12367881383263475,0.22021084160951432,0.2501570315293076,8,0.09418062722936764,0.28035453088523354,0.3719609153289716,8,3.8119287683284346,CCTGGACC..,3.0
runx,1hjc,RUNX1_MOUSE.H11MO.0.A,2,1hjc_state_004_RUNX1_MOUSE.H11MO.0.A.npz,state,4.0,9,0.32038837459091096,0.22165768853220572,0.2703597058123898,9,0.20608126946203972,0.24869348144663186,0.37910880284493564,9,9.232407741369416,TGTGAAAAT.,4.0
runx,1hjc,RUNX1_MOUSE.H11MO.0.A,2,1hjc_state_009_RUNX1_MOUSE.H11MO.0.A.npz,state,9.0,8,0.5027320322654736,0.17118889607081655,0.1900672266334716,8,0.4039465328909794,0.21427273705194239,0.2881570263584395,8,6.841721604321443,CCTGAAGG..,5.0
runx,1hjc,RUNX1_MOUSE.H11MO.0.A,2,1hjc_state_011_RUNX1_MOUSE.H11MO.0.A.npz,state,11.0,9,0.6836504506607638,0.1483466651989147,0.1171224815875339,9,0.43399444931455694,0.2269792244122881,0.2714788665578109,9,4.4346956813636975,CCGAAGGCT.,5.0
runx,1hjc,RUNX1_MOUSE.H11MO.0.A,2,1hjc_state_012_RUNX1_MOUSE.H11MO.0.A.npz,state,12.0,9,0.48544384443033284,0.19132313570783785,0.19010821838973033,9,0.4254494679525805,0.22716990831152847,0.2614728928277452,9,6.025972073798068,CCTGAGACC.,5.0
runx,1hjc,RUNX1_MOUSE.H11MO.0.A,2,1hjc_state_014_RUNX1_MOUSE.H11MO.0.A.npz,state,14.0,9,0.8139395028374659,0.11779391759126964,0.0823446967950961,9,0.7248714503632878,0.1547195701730541,0.16385521389851765,9,6.218205380961402,CCTGGGGCT.,6.0
runx,1hjc,RUNX1_MOUSE.H11MO.0.A,2,1hjc_state_018_RUNX1_MOUSE.H11MO.0.A.npz,state,18.0,9,0.5485046306749816,0.15972167065936244,0.166786305868761,9,0.5003075384654501,0.18966291962553644,0.2338823213724631,9,7.185799219850084,CCTGGGCCT.,5.0
runx,1hjc,RUNX1_MOUSE.H11MO.0.A,2,1hjc_state_023_RUNX1_MOUSE.H11MO.0.A.npz,state,23.0,9,0.2699670499101292,0.22364322746741688,0.22777539713743034,9,0.17719444359563727,0.27087947404167306,0.3399586822599851,9,3.8185631995341405,CCTGGTTCC.,3.0
runx,1hjc,RUNX1_MOUSE.H11MO.0.A,2,1hjc_state_024_RUNX1_MOUSE.H11MO.0.A.npz,state,24.0,9,0.015070609404342935,0.2542981724707513,0.34100124439088864,9,0.1788297680803484,0.25022680716614965,0.36790732872727416,9,6.551516250250886,CCTATTCCT.,3.0
runx,1hjc,RUNX1_MOUSE.H11MO.0.A,2,1hjc_state_026_RUNX1_MOUSE.H11MO.0.A.npz,state,26.0,9,0.5573036284094436,0.14973408147731485,0.18540047216390432,9,0.48899974619108766,0.18541150657498898,0.2535581562452182,9,8.58618586359763,CCTGAGCCT.,6.0
runx,1hjc,RUNX1_MOUSE.H11MO.0.A,2,1hjc_state_029_RUNX1_MOUSE.H11MO.0.A.npz,state,29.0,9,0.31710252260519733,0.2106170266116452,0.21489530488989775,9,0.2571696052837585,0.26314012218628907,0.31826097223289296,9,4.1546806557904725,CCTGGGGCC.,5.0
runx,1hjc,RUNX1_MOUSE.H11MO.0.A,2,1hjc_state_030_RUNX1_MOUSE.H11MO.0.A.npz,state,30.0,9,0.6290392038819519,0.17469157109088781,0.16854467981771812,9,0.47260938646290834,0.20323649974953797,0.2651014436024729,9,8.227177952647974,CGTGATGCT.,6.0
runx,1hjc,RUNX1_MOUSE.H11MO.0.A,2,1hjc_state_032_RUNX1_MOUSE.H11MO.0.A.npz,state,32.0,8,0.4555513864686477,0.18677775276501052,0.21506016952934115,8,0.24369914270656132,0.25445290890547767,0.38019584259650996,8,7.935483678599423,TGGGAAGG..,3.0
runx,1hjc,RUNX1_MOUSE.H11MO.0.A,2,1hjc_state_034_RUNX1_MOUSE.H11MO.0.A.npz,state,34.0,9,-0.07747205559309812,0.268425604719798,0.370756903848039,9,0.07518267928659164,0.26960353654511793,0.40267808234749225,9,7.554001059917939,CCTATCCCT.,3.0
runx,1hjc,RUNX1_MOUSE.H11MO.0.A,2,1hjc_state_039_RUNX1_MOUSE.H11MO.0.A.npz,state,39.0,9,0.38312682975701945,0.18732614990828247,0.21249591769446366,9,0.310523764433352,0.2309282860337084,0.3093854794351559,9,7.683529316154949,CTTGACCAG.,5.0
runx,1hjc,RUNX1_MOUSE.H11MO.0.A,2,1hjc_state_041_RUNX1_MOUSE.H11MO.0.A.npz,state,41.0,9,0.06404800322820574,0.2696582860759615,0.3496479842395968,9,0.227173617015488,0.24181774828078537,0.3504084846644362,9,7.791676607997076,CTTATTACT.,4.0
runx,1hjc,RUNX1_MOUSE.H11MO.0.A,2,1hjc_state_042_RUNX1_MOUSE.H11MO.0.A.npz,state,42.0,8,0.6999576772153957,0.16503712642588653,0.1353251251401295,8,0.6638125258335896,0.166806872250163,0.1962886067436944,8,6.921560568711054,TATGAAGT..,5.0
runx,1hjc,RUNX1_MOUSE.H11MO.0.A,2,1hjc_state_047_RUNX1_MOUSE.H11MO.0.A.npz,state,47.0,9,0.7014134324812531,0.12005483496856566,0.11319494428544158,9,0.7088992476279713,0.15917606203584,0.1672448836809935,9,5.665642068212825,CCTGAAGTT.,7.0
runx,1hjc,RUNX1_MOUSE.H11MO.0.A,2,1hjc_state_048_RUNX1_MOUSE.H11MO.0.A.npz,state,48.0,9,0.36526624765468146,0.21628064875646183,0.24718961034899323,9,0.5081575067687937,0.19274336990848598,0.23277434593146737,9,8.791896163922367,CTTATGACT.,5.0
runx,1hjc,RUNX1_MOUSE.H11MO.0.A,2,1hjc_state_051_RUNX1_MOUSE.H11MO.0.A.npz,state,51.0,9,0.6987902711285378,0.14688482822384685,0.12450085363304018,9,0.673732186523586,0.16191387026467258,0.16619710488371112,9,7.098426281686662,CTTGTGGCC.,6.0
runx,1hjc,RUNX1_MOUSE.H11MO.0.A,2,1hjc_state_055_RUNX1_MOUSE.H11MO.0.A.npz,state,55.0,9,0.8794837750433391,0.08880337357469317,0.05266643024997849,9,0.8108764373174395,0.1264303989786034,0.11880569794954443,9,6.952984078171333,CGTGGGGTT.,7.0
runx,1hjc,RUNX1_MOUSE.H11MO.0.A,2,1hjc_state_056_RUNX1_MOUSE.H11MO.0.A.npz,state,56.0,9,0.8093007461415773,0.11025895844472365,0.07646306300298147,9,0.7268376938745963,0.1486182279445024,0.14858786553402153,9,6.630030100296194,CCTGGGGCT.,6.0
runx,1hjc,RUNX1_MOUSE.H11MO.0.A,2,1hjc_state_060_RUNX1_MOUSE.H11MO.0.A.npz,state,60.0,9,0.5915109416791349,0.16437175732830334,0.1572247903519897,9,0.5489011240004751,0.19927371156194973,0.22269492313305653,9,7.274172533676637,CGTGAGGCC.,6.0
runx,1hjc,RUNX1_MOUSE.H11MO.0.A,2,1hjc_state_064_RUNX1_MOUSE.H11MO.0.A.npz,state,64.0,9,0.6771681875442385,0.11381377336995986,0.10464480401706744,9,0.6338582725744037,0.1651001742219604,0.17758420085103313,9,6.983816082641391,CGTGAAGTT.,7.0
runx,1hjc,RUNX1_MOUSE.H11MO.0.A,2,1hjc_state_066_RUNX1_MOUSE.H11MO.0.A.npz,state,66.0,9,0.8001176552801043,0.1181691590981144,0.07627856726418562,9,0.6270135241727297,0.18060387910291967,0.20037027538855265,9,5.831731435067115,CCGGGGGTT.,6.0
runx,1hjc,RUNX1_MOUSE.H11MO.0.A,2,1hjc_state_071_RUNX1_MOUSE.H11MO.0.A.npz,state,71.0,9,0.5851211757978283,0.1594689377104967,0.1576299515548142,9,0.4826916052336626,0.19321400014450774,0.25603248066776274,9,8.048411820191454,CGTGGGAAT.,5.0
runx,1hjc,RUNX1_MOUSE.H11MO.0.A,2,1hjc_state_074_RUNX1_MOUSE.H11MO.0.A.npz,state,74.0,9,0.14448719980474148,0.24127193259644425,0.258192671747889,9,0.34761215829569275,0.2327958327692209,0.2874569624729665,9,4.029672879659659,CCTGTTCCT.,4.0
runx,1hjc,RUNX1_MOUSE.H11MO.0.A,2,1hjc_state_079_RUNX1_MOUSE.H11MO.0.A.npz,state,79.0,8,0.6334704881807341,0.18003260940895416,0.1539219350656412,8,0.4959005040765521,0.20415712319663726,0.26190467708916676,8,6.80265844786847,TGGGAGAT..,4.0
runx,1hjc,RUNX1_MOUSE.H11MO.0.A,2,1hjc_state_080_RUNX1_MOUSE.H11MO.0.A.npz,state,80.0,9,0.6672793719319673,0.16301550466515538,0.12956308976455347,9,0.4855689075568341,0.21604994227851015,0.25651996108873176,9,5.429593625499713,AGGGGGGCT.,4.0
runx,1hjc,RUNX1_MOUSE.H11MO.0.A,2,1hjc_state_084_RUNX1_MOUSE.H11MO.0.A.npz,state,84.0,9,0.6607499421515118,0.14035509264148358,0.12197591453978004,9,0.5443151076853263,0.18725067445646143,0.2150177203751306,9,6.980006941891173,CGTGAAGTT.,7.0
runx,1hjc,RUNX1_MOUSE.H11MO.0.A,2,1hjc_state_085_RUNX1_MOUSE.H11MO.0.A.npz,state,85.0,9,0.6116853905574249,0.1734455352028211,0.16950364345504287,9,0.42988617376769456,0.22914346046228376,0.2776981877857831,9,8.778300575814086,CTTGAGGCC.,7.0
runx,1hjc,RUNX1_MOUSE.H11MO.0.A,2,1hjc_state_086_RUNX1_MOUSE.H11MO.0.A.npz,state,86.0,9,0.6646540631190976,0.15373767088385648,0.14103293670292127,8,0.5033783089909497,0.21710112539130932,0.2758267480707979,8,6.854822030747884,.TTGGGGAAT,5.0
runx,1hjc,RUNX1_MOUSE.H11MO.0.A,2,1hjc_state_090_RUNX1_MOUSE.H11MO.0.A.npz,state,90.0,9,0.7662366995876181,0.13186108517564005,0.09394204965731166,9,0.5246604293854286,0.20223181495546466,0.23881029900343348,9,5.685437238248309,AAGGAGGCT.,5.0
runx,1hjc,RUNX1_MOUSE.H11MO.0.A,2,1hjc_state_093_RUNX1_MOUSE.H11MO.0.A.npz,state,93.0,8,0.23135629417107118,0.2202295384122408,0.28548164237480417,8,0.05564713620934692,0.301307267822267,0.43160792744831833,8,6.794971697922023,CTTAAAGG..,5.0
runx,1hjc,RUNX1_MOUSE.H11MO.0.A,2,1hjc_state_097_RUNX1_MOUSE.H11MO.0.A.npz,state,97.0,9,0.38221709350500993,0.19501818688068953,0.2339818329561193,9,0.25725327238274387,0.24415549648822182,0.3554213664652719,9,8.25360723237656,CCTGGGAAT.,5.0
runx,1hjc,RUNX1_MOUSE.H11MO.0.A,2,ENSEMBLE_MEAN,ensemble_mean,,10,0.7983239709751291,0.13115625082950444,0.09566317147626119,9,0.6924704380004002,0.20167685257231913,0.2019227616080671,9,3.860867876164578,CCTGAGGCTT,7.0
runx,1hjc,RUNX1_MOUSE.H11MO.0.A,3,1hjc_A_RUNX1_MOUSE.H11MO.0.A.npz,crystal,,9,1.0,0.0,0.0,9,0.715519922080406,0.14038254286747864,0.1476617062496161,9,8.871794467262806,CTTGAGGTT.,
runx,1hjc,RUNX1_MOUSE.H11MO.0.A,3,1hjc_state_003_RUNX1_MOUSE.H11MO.0.A.npz,state,3.0,8,0.1819149673550674,0.2232530861729174,0.29979080008080267,8,-0.04495633160368425,0.3090863665129291,0.444792063956918,8,6.316674856121145,CTTGAACC..,5.0
runx,1hjc,RUNX1_MOUSE.H11MO.0.A,3,1hjc_state_004_RUNX1_MOUSE.H11MO.0.A.npz,state,4.0,9,0.4854475541474927,0.1657165529904887,0.2020961178912237,9,0.35483310501248255,0.21502174378191638,0.29651292100771887,9,6.769467914684377,TTTGATAGT.,5.0
runx,1hjc,RUNX1_MOUSE.H11MO.0.A,3,1hjc_state_009_RUNX1_MOUSE.H11MO.0.A.npz,state,9.0,8,0.49129264379891047,0.1770728451447212,0.21018807342120224,8,0.3758633790837756,0.21498991546104662,0.30319376389859176,8,7.188536711359367,TTTGAAGT..,6.0
runx,1hjc,RUNX1_MOUSE.H11MO.0.A,3,1hjc_state_011_RUNX1_MOUSE.H11MO.0.A.npz,state,11.0,9,0.2698378224606517,0.20147622536428067,0.24712506003483542,9,0.2065177729026781,0.2597247756526081,0.343090932121932,9,4.8095302183541175,CTGAGTGCT.,4.0
runx,1hjc,RUNX1_MOUSE.H11MO.0.A,3,1hjc_state_012_RUNX1_MOUSE.H11MO.0.A.npz,state,12.0,9,0.4062707463921591,0.21622314179290292,0.23596929613489387,9,0.2484480239757435,0.26197707095545614,0.3258316729281275,9,6.3992656045310605,CTGATGGCC.,4.0
runx,1hjc,RUNX1_MOUSE.H11MO.0.A,3,1hjc_state_014_RUNX1_MOUSE.H11MO.0.A.npz,state,14.0,9,0.7046683061661452,0.12774037556502865,0.12585851342079957,9,0.6524838647348028,0.137664698429742,0.18069756300451373,9,9.095450631839018,CCTGGGGCT.,6.0
runx,1hjc,RUNX1_MOUSE.H11MO.0.A,3,1hjc_state_018_RUNX1_MOUSE.H11MO.0.A.npz,state,18.0,9,0.3793452596569015,0.20785290507612647,0.2333253889454562,9,0.3874019545191043,0.22075967007872854,0.2728764282895939,9,6.903251374020876,CCTGGGCCC.,4.0
runx,1hjc,RUNX1_MOUSE.H11MO.0.A,3,1hjc_state_023_RUNX1_MOUSE.H11MO.0.A.npz,state,23.0,9,0.40597899474799504,0.20303961331309336,0.23351479943981296,9,0.37521554751058134,0.2284075289628365,0.29696232475506157,9,7.771240284550181,CCTGGGGCC.,5.0
runx,1hjc,RUNX1_MOUSE.H11MO.0.A,3,1hjc_state_024_RUNX1_MOUSE.H11MO.0.A.npz,state,24.0,9,0.2897574404754125,0.2263916573396677,0.29570998037798923,9,0.21847901400821568,0.26609310487078297,0.36403047634331576,9,7.904350519435808,CTGAGGCCT.,4.0
runx,1hjc,RUNX1_MOUSE.H11MO.0.A,3,1hjc_state_026_RUNX1_MOUSE.H11MO.0.A.npz,state,26.0,9,0.6784191953615479,0.14031139398381734,0.14910688243959552,9,0.40596643163596485,0.2205301600948183,0.280351278747556,9,7.1682313604099495,CTTGAGACT.,7.0
runx,1hjc,RUNX1_MOUSE.H11MO.0.A,3,1hjc_state_029_RUNX1_MOUSE.H11MO.0.A.npz,state,29.0,9,0.5304079357118415,0.18681422074506474,0.18749840679584612,9,0.4095899608635569,0.22872359707899806,0.27367274228762517,9,6.288910046788186,TTTGAGGCC.,6.0
runx,1hjc,RUNX1_MOUSE.H11MO.0.A,3,1hjc_state_030_RUNX1_MOUSE.H11MO.0.A.npz,state,30.0,9,0.8362390688997795,0.1007500867805599,0.09572903143777284,9,0.5831824896021732,0.1893046714734131,0.22044979380140173,9,9.54036579190078,CGTGAGGCT.,7.0
runx,1hjc,RUNX1_MOUSE.H11MO.0.A,3,1hjc_state_032_RUNX1_MOUSE.H11MO.0.A.npz,state,32.0,8,0.5644196293310262,0.1533533575493493,0.19265806530412774,8,0.44420554455001976,0.20279181299702032,0.28669935544238634,8,8.200041167784658,TTTGAAGT..,6.0
runx,1hjc,RUNX1_MOUSE.H11MO.0.A,3,1hjc_state_034_RUNX1_MOUSE.H11MO.0.A.npz,state,34.0,9,0.33032084776044895,0.2151018236957801,0.22086253971008268,9,0.4164074080537471,0.2298784381063241,0.2521369279929405,9,3.772574006394583,CTGATCGCC.,3.0
runx,1hjc,RUNX1_MOUSE.H11MO.0.A,3,1hjc_state_039_RUNX1_MOUSE.H11MO.0.A.npz,state,39.0,9,0.2443250801724346,0.21320998636979815,0.2748099114063996,9,0.27729921405579105,0.2384097975704612,0.31972379480284835,9,6.391310349773202,CGGGTGCGT.,4.0
runx,1hjc,RUNX1_MOUSE.H11MO.0.A,3,1hjc_state_041_RUNX1_MOUSE.H11MO.0.A.npz,state,41.0,9,-0.02569793124197508,0.2699788060854189,0.38012194925527804,9,0.14475702868287016,0.2702666910546314,0.3726556014030617,9,6.412189300668059,CTGATTACT.,3.0
runx,1hjc,RUNX1_MOUSE.H11MO.0.A,3,1hjc_state_042_RUNX1_MOUSE.H11MO.0.A.npz,state,42.0,8,0.5837072547851159,0.19766496243209986,0.20482315352026084,8,0.46642208071796004,0.22528968383085157,0.2987369135172162,8,6.696893572494443,TATGATGT..,5.0
runx,1hjc,RUNX1_MOUSE.H11MO.0.A,3,1hjc_state_047_RUNX1_MOUSE.H11MO.0.A.npz,state,47.0,9,0.6981903375306616,0.14461186310573895,0.13399400760130648,9,0.7556874071979343,0.16020102841947745,0.15200637054181426,9,5.98882960934306,CCTGTGACT.,5.0
runx,1hjc,RUNX1_MOUSE.H11MO.0.A,3,1hjc_state_048_RUNX1_MOUSE.H11MO.0.A.npz,state,48.0,9,0.24399956713601495,0.2440703341465754,0.31474811906131256,9,0.12864434611593303,0.2810035847360268,0.389536375151873,9,8.194546048238431,TTTAATACT.,4.0
runx,1hjc,RUNX1_MOUSE.H11MO.0.A,3,1hjc_state_051_RUNX1_MOUSE.H11MO.0.A.npz,state,51.0,9,0.5824569296689126,0.17622471419033697,0.18654716195478868,9,0.4576438537975442,0.21633981060909313,0.2500359852933685,9,7.540191076387906,CTTGAGGCC.,7.0
runx,1hjc,RUNX1_MOUSE.H11MO.0.A,3,1hjc_state_055_RUNX1_MOUSE.H11MO.0.A.npz,state,55.0,9,0.8621647083115068,0.09165552536433097,0.06129319631900206,9,0.8170142002441834,0.10977571255352814,0.12122028204369727,9,7.965263667315712,TTTGGGGTT.,7.0
runx,1hjc,RUNX1_MOUSE.H11MO.0.A,3,1hjc_state_056_RUNX1_MOUSE.H11MO.0.A.npz,state,56.0,9,0.5965797793221651,0.15451419027198832,0.1599585855123361,9,0.47021349349118446,0.19994942070722269,0.2567619571330918,9,6.802781840563109,TTGGGGGCT.,5.0
runx,1hjc,RUNX1_MOUSE.H11MO.0.A,3,1hjc_state_060_RUNX1_MOUSE.H11MO.0.A.npz,state,60.0,9,0.6156849956940191,0.14484850847576228,0.15035541460400323,9,0.6223479801703491,0.17923405055706906,0.18652537059664398,9,7.701227093928757,CTGGTGGCC.,5.0
runx,1hjc,RUNX1_MOUSE.H11MO.0.A,3,1hjc_state_064_RUNX1_MOUSE.H11MO.0.A.npz,state,64.0,9,0.7263614394591669,0.13714005708202925,0.12872475413669354,9,0.5719047935566224,0.18924020308380327,0.20976310805777462,9,5.44680130696214,CCTGATGGT.,6.0
runx,1hjc,RUNX1_MOUSE.H11MO.0.A,3,1hjc_state_066_RUNX1_MOUSE.H11MO.0.A.npz,state,66.0,9,0.7725688431382671,0.11835937105691603,0.09012175636109504,9,0.6390997109967146,0.1551581792971572,0.18423425334256766,9,7.231021387165464,TTGAAGGTT.,6.0
runx,1hjc,RUNX1_MOUSE.H11MO.0.A,3,1hjc_state_071_RUNX1_MOUSE.H11MO.0.A.npz,state,71.0,9,0.5941858897374928,0.15658649154486032,0.19157409003459788,9,0.5207262088527238,0.20169380616021548,0.2693545625940864,9,9.355745051203856,CGTGGGAGT.,5.0
runx,1hjc,RUNX1_MOUSE.H11MO.0.A,3,1hjc_state_074_RUNX1_MOUSE.H11MO.0.A.npz,state,74.0,9,0.19001638673477828,0.22961467408135328,0.26238307834968233,9,0.17065802164628924,0.25669052874824655,0.32628795316312814,9,4.258316087146206,TTGAGGCCT.,3.0
runx,1hjc,RUNX1_MOUSE.H11MO.0.A,3,1hjc_state_079_RUNX1_MOUSE.H11MO.0.A.npz,state,79.0,8,0.3491637872813465,0.22156711992647615,0.2921349059079374,8,0.21407068791054829,0.27434680745136575,0.4076205560634888,8,9.366746184944166,TGAAAGTT..,3.0
runx,1hjc,RUNX1_MOUSE.H11MO.0.A,3,1hjc_state_080_RUNX1_MOUSE.H11MO.0.A.npz,state,80.0,9,0.7040613129458863,0.13718556974264276,0.11142195233741961,9,0.5246173766175112,0.21390553852284533,0.23519653774037932,9,5.819111259900734,TGTAAGGGC.,4.0
runx,1hjc,RUNX1_MOUSE.H11MO.0.A,3,1hjc_state_084_RUNX1_MOUSE.H11MO.0.A.npz,state,84.0,9,0.6309678334192459,0.14105508952505058,0.15294219203741635,9,0.46218503068776434,0.2024017409227478,0.2484938882119766,9,7.146356797417958,CCTGAAGTT.,7.0
runx,1hjc,RUNX1_MOUSE.H11MO.0.A,3,1hjc_state_085_RUNX1_MOUSE.H11MO.0.A.npz,state,85.0,9,0.6258664656997723,0.15592612443853998,0.17791975843623417,9,0.2841408674451542,0.2561732836960194,0.34975291354682064,9,10.41633311545969,CGGGAGGCC.,5.0
runx,1hjc,RUNX1_MOUSE.H11MO.0.A,3,1hjc_state_086_RUNX1_MOUSE.H11MO.0.A.npz,state,86.0,9,0.6375711920539284,0.159359861615485,0.17971958721120013,8,0.6521902079382339,0.18154389038045338,0.21285067568424557,8,6.194034900254479,.CTGAGGTGC,6.0
runx,1hjc,RUNX1_MOUSE.H11MO.0.A,3,1hjc_state_090_RUNX1_MOUSE.H11MO.0.A.npz,state,90.0,9,0.5414480855630119,0.1742612505849037,0.18225647377185222,9,0.23484341128678632,0.26730290026171133,0.341040441584972,9,6.158962426759398,TGAAAGGCT.,4.0
runx,1hjc,RUNX1_MOUSE.H11MO.0.A,3,1hjc_state_093_RUNX1_MOUSE.H11MO.0.A.npz,state,93.0,8,0.13677160542664696,0.2268085495379637,0.2752248349691235,8,0.07411031606162684,0.27977274129807483,0.384473479069794,8,3.832956948308995,TTGGGAGC..,3.0
runx,1hjc,RUNX1_MOUSE.H11MO.0.A,3,1hjc_state_097_RUNX1_MOUSE.H11MO.0.A.npz,state,97.0,9,0.3420142138957151,0.19637792859834413,0.24203468279620888,9,0.28497848384805835,0.24322455365068485,0.3278850025908084,9,7.709670782395939,TTTAGGACT.,4.0
runx,1hjc,RUNX1_MOUSE.H11MO.0.A,3,ENSEMBLE_MEAN,ensemble_mean,,10,0.8171003872640292,0.1457776339392631,0.11885080493623693,9,0.6537966881269411,0.20624089690115854,0.21160582616647605,9,3.341283009912027,TTTGAGGCTC,7.0
runx,1hjc,RUNX1_MOUSE.H11MO.0.A,4,1hjc_A_RUNX1_MOUSE.H11MO.0.A.npz,crystal,,9,0.9999999999999998,0.0,0.0,9,0.7957963990513612,0.13365808081450975,0.12395580309510487,9,7.427860014352296,CCTGGGGCT.,
runx,1hjc,RUNX1_MOUSE.H11MO.0.A,4,1hjc_state_003_RUNX1_MOUSE.H11MO.0.A.npz,state,3.0,8,0.2665612220145022,0.1917523358906692,0.26201590239251943,8,0.08266497091969462,0.2916474386047412,0.42035699052702474,8,6.066598023655948,CCTGGACC..,6.0
runx,1hjc,RUNX1_MOUSE.H11MO.0.A,4,1hjc_state_004_RUNX1_MOUSE.H11MO.0.A.npz,state,4.0,9,0.5464703491298095,0.1498037249451348,0.14947174093464322,9,0.5894148172731164,0.17284598376459648,0.21009790167909664,9,7.212136655058529,CCTGTGAAT.,6.0
runx,1hjc,RUNX1_MOUSE.H11MO.0.A,4,1hjc_state_009_RUNX1_MOUSE.H11MO.0.A.npz,state,9.0,8,0.15735822206690817,0.21957915349776158,0.29657091524068985,8,0.41651746724565086,0.1974221612981637,0.2721881389721855,8,7.048778649691491,CCTGTACT..,4.0
runx,1hjc,RUNX1_MOUSE.H11MO.0.A,4,1hjc_state_011_RUNX1_MOUSE.H11MO.0.A.npz,state,11.0,9,0.5106428146668526,0.14815810871207052,0.15458716265365713,9,0.3306896036447619,0.23465815128292888,0.2834793236911006,9,3.8763696274899484,CCCGGTACT.,6.0
runx,1hjc,RUNX1_MOUSE.H11MO.0.A,4,1hjc_state_012_RUNX1_MOUSE.H11MO.0.A.npz,state,12.0,9,0.6061606685670445,0.16433948233477874,0.16981816712660497,9,0.4654676719037572,0.19446694833135958,0.25503925647898745,9,8.318987964174548,CCGGTGGCC.,6.0
runx,1hjc,RUNX1_MOUSE.H11MO.0.A,4,1hjc_state_014_RUNX1_MOUSE.H11MO.0.A.npz,state,14.0,9,0.894854210184117,0.07964076047452788,0.06460185629439441,9,0.5985115128452155,0.15778467029384854,0.2139833542634726,9,9.435697639715146,CCTGGGGCT.,9.0
runx,1hjc,RUNX1_MOUSE.H11MO.0.A,4,1hjc_state_018_RUNX1_MOUSE.H11MO.0.A.npz,state,18.0,9,0.6093280819448881,0.15089689726786068,0.1342208438573854,9,0.5940257668695682,0.18092146955637467,0.1905349964451171,9,6.578222506358445,CCTGTAGCC.,6.0
runx,1hjc,RUNX1_MOUSE.H11MO.0.A,4,1hjc_state_023_RUNX1_MOUSE.H11MO.0.A.npz,state,23.0,9,0.8700269137682258,0.08615244001460572,0.059075324844006225,9,0.5291573396531863,0.1883814391395491,0.2324065558568908,9,8.04407587729608,CCGGGGGCT.,8.0
runx,1hjc,RUNX1_MOUSE.H11MO.0.A,4,1hjc_state_024_RUNX1_MOUSE.H11MO.0.A.npz,state,24.0,9,0.3334076952523256,0.20038761373143643,0.2325390420045987,9,0.3438809636329519,0.21557738186998499,0.29915157936768366,9,7.555634902872965,CCCGTTCCT.,5.0
runx,1hjc,RUNX1_MOUSE.H11MO.0.A,4,1hjc_state_026_RUNX1_MOUSE.H11MO.0.A.npz,state,26.0,9,0.595526158244263,0.1482611615218856,0.16626122627523685,9,0.5888260541446709,0.17442178311062484,0.19998292264041198,9,7.629844618140696,CCTGTGCCC.,6.0
runx,1hjc,RUNX1_MOUSE.H11MO.0.A,4,1hjc_state_029_RUNX1_MOUSE.H11MO.0.A.npz,state,29.0,9,0.2771135703783964,0.2116626782953972,0.2523161954498106,9,0.1208466086867183,0.2828507636845138,0.371584119847251,9,6.582116263198043,CCCGCTACC.,4.0
runx,1hjc,RUNX1_MOUSE.H11MO.0.A,4,1hjc_state_030_RUNX1_MOUSE.H11MO.0.A.npz,state,30.0,9,0.6584284705319304,0.15134367296155282,0.1539253604483618,9,0.4699775125494469,0.1900814697906349,0.257194881431025,9,9.210971395396903,CCGGAGGCT.,7.0
runx,1hjc,RUNX1_MOUSE.H11MO.0.A,4,1hjc_state_032_RUNX1_MOUSE.H11MO.0.A.npz,state,32.0,8,0.14815921051521896,0.22660069162679974,0.3199137972678614,8,0.2280211960912758,0.2503158698743846,0.3712102854732559,8,7.610641232638239,GCTGCACC..,4.0
runx,1hjc,RUNX1_MOUSE.H11MO.0.A,4,1hjc_state_034_RUNX1_MOUSE.H11MO.0.A.npz,state,34.0,9,0.252255241553293,0.1915895882634181,0.2172735191074927,9,0.44362813327105777,0.20340379231533412,0.24267135347431823,9,5.015575575117795,CCTGTACTT.,5.0
runx,1hjc,RUNX1_MOUSE.H11MO.0.A,4,1hjc_state_039_RUNX1_MOUSE.H11MO.0.A.npz,state,39.0,9,0.24595031169929693,0.20919631186310048,0.26281430021893015,9,0.3103557079255451,0.21878249091645963,0.3036452728533329,9,7.911754503096589,CCGGTTCCT.,5.0
runx,1hjc,RUNX1_MOUSE.H11MO.0.A,4,1hjc_state_041_RUNX1_MOUSE.H11MO.0.A.npz,state,41.0,9,0.2351862241941203,0.22618762983701243,0.2700717626664656,9,-0.06998376228045265,0.31278574610769283,0.45023102045046026,9,6.189151066834459,CCGTGTTCT.,5.0
runx,1hjc,RUNX1_MOUSE.H11MO.0.A,4,1hjc_state_042_RUNX1_MOUSE.H11MO.0.A.npz,state,42.0,8,0.09009446147086,0.23654538631308242,0.3125993424760571,8,0.12965584858614845,0.28014229478503694,0.4010701040170561,8,5.691106089160254,GACGCTCT..,1.0
runx,1hjc,RUNX1_MOUSE.H11MO.0.A,4,1hjc_state_047_RUNX1_MOUSE.H11MO.0.A.npz,state,47.0,9,0.33530501990826356,0.20851595993089075,0.2530122720216012,9,0.5881043097398465,0.15531674974610926,0.1971461423447802,9,7.886432535746353,CCTGTATTT.,5.0
runx,1hjc,RUNX1_MOUSE.H11MO.0.A,4,1hjc_state_048_RUNX1_MOUSE.H11MO.0.A.npz,state,48.0,9,0.42906651291877324,0.20718887699897298,0.22270789607563757,9,0.5038392926890349,0.2004956864273279,0.24329496841232176,9,7.4292493320775534,CCTATGACT.,6.0
runx,1hjc,RUNX1_MOUSE.H11MO.0.A,4,1hjc_state_051_RUNX1_MOUSE.H11MO.0.A.npz,state,51.0,9,0.5540578500600992,0.1711229343070752,0.19572344939861594,9,0.5971260304336374,0.16424204770009965,0.20391300695988987,9,9.299193409470726,CCTGTGTCC.,6.0
runx,1hjc,RUNX1_MOUSE.H11MO.0.A,4,1hjc_state_055_RUNX1_MOUSE.H11MO.0.A.npz,state,55.0,9,0.9508015833554586,0.06399184768088162,0.03043545159901783,9,0.7987627526614715,0.1200103409614207,0.11943842148883167,9,7.998131690919802,CCTGGGGTT.,8.0
runx,1hjc,RUNX1_MOUSE.H11MO.0.A,4,1hjc_state_056_RUNX1_MOUSE.H11MO.0.A.npz,state,56.0,9,0.7895911387407503,0.10940246560817792,0.08960835691407407,9,0.40732364674808974,0.21101928068997544,0.28016100261452254,9,7.636363387600717,CCGGGGGCT.,8.0
runx,1hjc,RUNX1_MOUSE.H11MO.0.A,4,1hjc_state_060_RUNX1_MOUSE.H11MO.0.A.npz,state,60.0,9,0.7700849653880906,0.12237773783918884,0.09474389865114964,9,0.6912787820723293,0.15118496222162825,0.15316199763185245,9,7.230637367310619,CCCGTGGCC.,6.0
runx,1hjc,RUNX1_MOUSE.H11MO.0.A,4,1hjc_state_064_RUNX1_MOUSE.H11MO.0.A.npz,state,64.0,9,0.7729960215084419,0.1256064917348946,0.0948208254912321,9,0.7957846685106497,0.13837571897440487,0.12583080194676052,9,6.5343247934791835,CCTGTGGCC.,7.0
runx,1hjc,RUNX1_MOUSE.H11MO.0.A,4,1hjc_state_066_RUNX1_MOUSE.H11MO.0.A.npz,state,66.0,9,0.8666199939286393,0.08610968142359827,0.06987931192787945,9,0.667020783079424,0.16538078407110232,0.19487144528973713,9,6.620282110810613,CCGGGGGTT.,7.0
runx,1hjc,RUNX1_MOUSE.H11MO.0.A,4,1hjc_state_071_RUNX1_MOUSE.H11MO.0.A.npz,state,71.0,9,0.7977807170907425,0.12694854586799112,0.109180266498989,9,0.5821203167857492,0.15685015183407813,0.22641347927181346,9,9.476376508320145,GCTGGGGAT.,7.0
runx,1hjc,RUNX1_MOUSE.H11MO.0.A,4,1hjc_state_074_RUNX1_MOUSE.H11MO.0.A.npz,state,74.0,9,0.016959003986306127,0.2290664372073176,0.30131108832887876,9,-0.08014867358976006,0.3080721230750593,0.4360509426431151,9,6.242568521281972,CCCCATCCT.,4.0
runx,1hjc,RUNX1_MOUSE.H11MO.0.A,4,1hjc_state_079_RUNX1_MOUSE.H11MO.0.A.npz,state,79.0,8,0.12926837172087693,0.2424846412631041,0.3420350634326233,8,0.16378489906951602,0.2700518581460756,0.40900071024844814,8,8.57434006218145,GCTGACTC..,4.0
runx,1hjc,RUNX1_MOUSE.H11MO.0.A,4,1hjc_state_080_RUNX1_MOUSE.H11MO.0.A.npz,state,80.0,9,0.6107303668574008,0.12550153101781486,0.13039886525984878,9,0.4439885977541963,0.22205006640676098,0.2617055373786996,9,5.140811563076239,GCGGTGCCT.,5.0
runx,1hjc,RUNX1_MOUSE.H11MO.0.A,4,1hjc_state_084_RUNX1_MOUSE.H11MO.0.A.npz,state,84.0,9,0.6810540734233455,0.13369354610848758,0.117997867961837,9,0.6668810461438154,0.16955659619998187,0.1863991534006642,9,6.631948373410435,CCTGTGCCT.,7.0
runx,1hjc,RUNX1_MOUSE.H11MO.0.A,4,1hjc_state_085_RUNX1_MOUSE.H11MO.0.A.npz,state,85.0,9,0.5184345841303288,0.18084996682591736,0.20064277337173225,9,0.38582527239185016,0.20963893901918912,0.287640529987095,9,9.448437771003478,CCGGTGACC.,5.0
runx,1hjc,RUNX1_MOUSE.H11MO.0.A,4,1hjc_state_086_RUNX1_MOUSE.H11MO.0.A.npz,state,86.0,9,0.5389461031121152,0.18092315183457686,0.20983929069930451,8,0.5197517565620553,0.21559753761539469,0.2768686590908018,8,8.130956417194152,.CGCTGGGCT,3.0
runx,1hjc,RUNX1_MOUSE.H11MO.0.A,4,1hjc_state_090_RUNX1_MOUSE.H11MO.0.A.npz,state,90.0,9,0.18281828651524942,0.24175986478844103,0.2984751313633031,9,0.3145662401042508,0.23842118060929351,0.33000590546309766,9,8.343600291003066,GCTGATCTT.,4.0
runx,1hjc,RUNX1_MOUSE.H11MO.0.A,4,1hjc_state_093_RUNX1_MOUSE.H11MO.0.A.npz,state,93.0,8,0.04703412915975492,0.22895060563314473,0.30192432940532765,8,-0.09479708008417899,0.31871678905008594,0.4658081471236507,8,5.786947567331859,CCGGAAAC..,4.0
runx,1hjc,RUNX1_MOUSE.H11MO.0.A,4,1hjc_state_097_RUNX1_MOUSE.H11MO.0.A.npz,state,97.0,9,0.37035417979465624,0.20528174749051686,0.27848614536963434,9,0.11538647102556382,0.2768217587775628,0.44558307253682394,9,9.434090029746365,CCCGGGAAT.,6.0
runx,1hjc,RUNX1_MOUSE.H11MO.0.A,4,ENSEMBLE_MEAN,ensemble_mean,,10,0.7730464359119585,0.12176049361307172,0.0990738425273842,9,0.6593134925345163,0.19880274469257855,0.20530169156526637,9,4.079721713739142,CCTGTGGCTT,8.0
runx,1hjc,RUNX1_MOUSE.H11MO.0.A,5,1hjc_A_RUNX1_MOUSE.H11MO.0.A.npz,crystal,,9,0.9999999999999998,0.0,0.0,9,0.7746714143919408,0.12661738873511139,0.1319143501895088,9,7.200927820155933,CTTGTGGGT.,
runx,1hjc,RUNX1_MOUSE.H11MO.0.A,5,1hjc_state_003_RUNX1_MOUSE.H11MO.0.A.npz,state,3.0,8,0.12049899709518333,0.2227527640061453,0.25780609806162225,8,0.3244217289214351,0.2347161123616388,0.28931058568438467,8,4.1901485633166535,TCTGCGCC..,3.0
runx,1hjc,RUNX1_MOUSE.H11MO.0.A,5,1hjc_state_004_RUNX1_MOUSE.H11MO.0.A.npz,state,4.0,9,0.26831332632300536,0.22136049420158896,0.2898311199312978,9,0.32354082874530077,0.2167309298205914,0.32628579208529856,9,9.13432066203545,TCTGATAAT.,3.0
runx,1hjc,RUNX1_MOUSE.H11MO.0.A,5,1hjc_state_009_RUNX1_MOUSE.H11MO.0.A.npz,state,9.0,8,0.37621197973150056,0.19620913779363036,0.2516650269291054,8,0.6849996175973598,0.13898883950605523,0.17360956655216864,8,8.019676346150662,TCTGTAGT..,4.0
runx,1hjc,RUNX1_MOUSE.H11MO.0.A,5,1hjc_state_011_RUNX1_MOUSE.H11MO.0.A.npz,state,11.0,9,0.3804153446807379,0.17924941767058852,0.18369534311775265,9,0.3217804126947637,0.23405463696043524,0.2880337103042277,9,3.610056386567951,TTTGCTGGT.,6.0
runx,1hjc,RUNX1_MOUSE.H11MO.0.A,5,1hjc_state_012_RUNX1_MOUSE.H11MO.0.A.npz,state,12.0,9,0.4473239292973838,0.21984049595711339,0.2253076480661158,9,0.3978607618953269,0.22875305568514806,0.28824291377029504,9,8.709659153991284,CTGATGGCC.,5.0
runx,1hjc,RUNX1_MOUSE.H11MO.0.A,5,1hjc_state_014_RUNX1_MOUSE.H11MO.0.A.npz,state,14.0,9,0.8333797656219727,0.08847249887831923,0.06520653399404203,9,0.7017197584021404,0.1301770226046857,0.15714861595094146,9,8.271109626041682,TCTGGGGGT.,6.0
runx,1hjc,RUNX1_MOUSE.H11MO.0.A,5,1hjc_state_018_RUNX1_MOUSE.H11MO.0.A.npz,state,18.0,9,0.5745313506849544,0.1543130490851278,0.16959880952891768,9,0.6156718611213786,0.14758542557764384,0.1825727418430544,9,8.830965947161909,TCTGTGCCT.,5.0
runx,1hjc,RUNX1_MOUSE.H11MO.0.A,5,1hjc_state_023_RUNX1_MOUSE.H11MO.0.A.npz,state,23.0,9,0.6797420571653939,0.14262254862114787,0.12643722750733322,9,0.7089221097521993,0.14179625138381702,0.15696372586469257,9,6.9294807446467175,TCTGTGGCT.,6.0
runx,1hjc,RUNX1_MOUSE.H11MO.0.A,5,1hjc_state_024_RUNX1_MOUSE.H11MO.0.A.npz,state,24.0,9,0.15787197997501007,0.23284797905944288,0.2740371283452375,9,0.343908429712992,0.22696190370091548,0.2818737740132017,9,5.755508468837909,CCCTTTATT.,3.0
runx,1hjc,RUNX1_MOUSE.H11MO.0.A,5,1hjc_state_026_RUNX1_MOUSE.H11MO.0.A.npz,state,26.0,9,0.5641534160675358,0.17746839479595009,0.1838939341944993,9,0.6742238301354115,0.14255404480112097,0.17266241008558836,9,8.327799509313,TTTGTGGCT.,7.0
runx,1hjc,RUNX1_MOUSE.H11MO.0.A,5,1hjc_state_029_RUNX1_MOUSE.H11MO.0.A.npz,state,29.0,9,0.4523779475990932,0.17963541555218399,0.1924159355352767,9,0.4815899879936272,0.1999274083128613,0.23750643015745737,9,6.765411345204681,TCCGTGGCC.,4.0
runx,1hjc,RUNX1_MOUSE.H11MO.0.A,5,1hjc_state_030_RUNX1_MOUSE.H11MO.0.A.npz,state,30.0,9,0.5151802206596141,0.17924357583332393,0.17592862309663315,9,0.44146204469009864,0.19946446961775008,0.2574305643436189,9,7.674610345157944,TTGATGGCT.,5.0
runx,1hjc,RUNX1_MOUSE.H11MO.0.A,5,1hjc_state_032_RUNX1_MOUSE.H11MO.0.A.npz,state,32.0,8,0.36428928117657006,0.1957744899264071,0.25925257539372976,8,0.5746502971762738,0.17363181803375483,0.23909945642871905,8,8.459106548289114,TGTGGAGT..,3.0
runx,1hjc,RUNX1_MOUSE.H11MO.0.A,5,1hjc_state_034_RUNX1_MOUSE.H11MO.0.A.npz,state,34.0,9,-0.05503375802064939,0.2595260872039944,0.354125744333462,9,0.11023636108474075,0.25802668009418994,0.3647466222182191,9,6.451507436351037,TCCTCCCTT.,1.0
runx,1hjc,RUNX1_MOUSE.H11MO.0.A,5,1hjc_state_039_RUNX1_MOUSE.H11MO.0.A.npz,state,39.0,9,-0.09638731078765839,0.2778104020722417,0.38068528975247956,9,0.12734479385509087,0.2667533945188754,0.40013204013179643,9,7.126832161835365,TTGATCCTG.,2.0
runx,1hjc,RUNX1_MOUSE.H11MO.0.A,5,1hjc_state_041_RUNX1_MOUSE.H11MO.0.A.npz,state,41.0,9,0.03490189469778623,0.2683251237548474,0.32664101429411585,9,0.17455280346639224,0.2627521639612193,0.3544701864626549,9,5.959810618846111,CTCTTTCCC.,3.0
runx,1hjc,RUNX1_MOUSE.H11MO.0.A,5,1hjc_state_042_RUNX1_MOUSE.H11MO.0.A.npz,state,42.0,8,0.31323663139981944,0.2161905738448695,0.29734073726121035,8,0.4460691526375576,0.20464234182327345,0.3000717293448618,8,9.021009373390411,TTTGGTGT..,4.0
runx,1hjc,RUNX1_MOUSE.H11MO.0.A,5,1hjc_state_047_RUNX1_MOUSE.H11MO.0.A.npz,state,47.0,9,0.3782504778763558,0.21134916464668801,0.25134441777359995,9,0.704403325851005,0.13807437542386147,0.1686413038157532,9,7.687474857485823,TTTGTTATT.,5.0
runx,1hjc,RUNX1_MOUSE.H11MO.0.A,5,1hjc_state_048_RUNX1_MOUSE.H11MO.0.A.npz,state,48.0,9,0.4761850657849256,0.20156230442484635,0.19924206160446883,9,0.5634607231405201,0.19460479009689557,0.22124662784104904,9,6.159593616392472,TCCATGGCT.,4.0
runx,1hjc,RUNX1_MOUSE.H11MO.0.A,5,1hjc_state_051_RUNX1_MOUSE.H11MO.0.A.npz,state,51.0,9,0.3996836039400823,0.21888891016391832,0.2487064442222589,9,0.5494562899727354,0.1734775138191051,0.22583601262482522,9,8.834565480340137,TTTGTTGCC.,5.0
runx,1hjc,RUNX1_MOUSE.H11MO.0.A,5,1hjc_state_055_RUNX1_MOUSE.H11MO.0.A.npz,state,55.0,9,0.7505980155629494,0.11968719219374988,0.10304987086975963,9,0.7659005246974079,0.12013763623932998,0.12132705705398392,9,8.12624513040668,TCTGGGGCC.,4.0
runx,1hjc,RUNX1_MOUSE.H11MO.0.A,5,1hjc_state_056_RUNX1_MOUSE.H11MO.0.A.npz,state,56.0,9,0.7889423647197691,0.10065103305451986,0.07962573138736556,9,0.6451019537098247,0.15028238881172407,0.17542907157375667,9,7.1501384271062065,CCTGGGGCT.,6.0
runx,1hjc,RUNX1_MOUSE.H11MO.0.A,5,1hjc_state_060_RUNX1_MOUSE.H11MO.0.A.npz,state,60.0,9,0.5614162781509092,0.16638295217934582,0.17542348830984494,9,0.49346103809474473,0.18991877980685481,0.23887317487248605,9,9.099577610434926,TTGGTGGCC.,5.0
runx,1hjc,RUNX1_MOUSE.H11MO.0.A,5,1hjc_state_064_RUNX1_MOUSE.H11MO.0.A.npz,state,64.0,9,0.43799508323094877,0.18314111156440857,0.1877592218596098,9,0.584472336702245,0.16494902731695524,0.19555957546717417,9,6.914072837663757,TGTGTAGGC.,5.0
runx,1hjc,RUNX1_MOUSE.H11MO.0.A,5,1hjc_state_066_RUNX1_MOUSE.H11MO.0.A.npz,state,66.0,9,0.6106911972357454,0.14829700119379494,0.12063144415206478,9,0.4780131089981314,0.21006458304408523,0.23569424624366261,9,5.657836864825748,TGGAAGGCC.,2.0
runx,1hjc,RUNX1_MOUSE.H11MO.0.A,5,1hjc_state_071_RUNX1_MOUSE.H11MO.0.A.npz,state,71.0,9,0.6169092911083172,0.13185174972426872,0.14415020257852149,9,0.5332264624977942,0.17052345912735392,0.22799089129953298,9,8.789287716522125,TTTGGGAGT.,6.0
runx,1hjc,RUNX1_MOUSE.H11MO.0.A,5,1hjc_state_074_RUNX1_MOUSE.H11MO.0.A.npz,state,74.0,9,-0.05626938950697889,0.2578339501697984,0.3274525079744583,9,0.0873974841483103,0.2600113612780761,0.36526530817761904,9,5.5890597346700215,CCCTTTCCC.,2.0
runx,1hjc,RUNX1_MOUSE.H11MO.0.A,5,1hjc_state_079_RUNX1_MOUSE.H11MO.0.A.npz,state,79.0,8,0.1859867059622881,0.2326271583660855,0.2991530474072322,8,0.37921672687412084,0.24564166277559707,0.3237671556790992,8,6.299006526185111,TATGAGTT..,3.0
runx,1hjc,RUNX1_MOUSE.H11MO.0.A,5,1hjc_state_080_RUNX1_MOUSE.H11MO.0.A.npz,state,80.0,9,0.691294877334766,0.1262315846979618,0.10387119306200415,9,0.6000765454206741,0.18096050903356323,0.19323742795968474,9,5.89058167846813,TGTAAGGCT.,4.0
runx,1hjc,RUNX1_MOUSE.H11MO.0.A,5,1hjc_state_084_RUNX1_MOUSE.H11MO.0.A.npz,state,84.0,9,0.49606931704641466,0.16407502602992785,0.16421625257176917,9,0.4272047715976601,0.2046276807345243,0.25664833013979416,9,7.142847991477506,TTGGTAAGT.,5.0
runx,1hjc,RUNX1_MOUSE.H11MO.0.A,5,1hjc_state_085_RUNX1_MOUSE.H11MO.0.A.npz,state,85.0,9,0.47445930178715423,0.1864311238233414,0.19697628916930401,9,0.42956559457183346,0.2167490013849197,0.2728235765437566,9,7.98936406254643,CGGGTGGCC.,5.0
runx,1hjc,RUNX1_MOUSE.H11MO.0.A,5,1hjc_state_086_RUNX1_MOUSE.H11MO.0.A.npz,state,86.0,9,0.566386695034846,0.17039408567507053,0.16646976154668464,8,0.5922587720342463,0.2162691384073696,0.23607678048812497,8,5.514394574671521,.GTTCGGTCT,3.0
runx,1hjc,RUNX1_MOUSE.H11MO.0.A,5,1hjc_state_090_RUNX1_MOUSE.H11MO.0.A.npz,state,90.0,9,0.47922221655406666,0.19067515432834625,0.19786130491710396,9,0.49341755167998275,0.2088375633660083,0.252826751282338,9,7.2353642438049555,TGTGATGCT.,4.0
runx,1hjc,RUNX1_MOUSE.H11MO.0.A,5,1hjc_state_093_RUNX1_MOUSE.H11MO.0.A.npz,state,93.0,8,-0.1407760011902059,0.25581641955068335,0.3438346201091358,8,-0.08505807103492251,0.2991588141740067,0.4555596049511953,8,5.064933875943876,CCCAGATG..,2.0
runx,1hjc,RUNX1_MOUSE.H11MO.0.A,5,1hjc_state_097_RUNX1_MOUSE.H11MO.0.A.npz,state,97.0,9,0.465361232818922,0.1729745331233264,0.19746360509683342,9,0.5060176769068813,0.18444075342914504,0.23917309901964087,9,7.149658838206026,TTCGGGATT.,4.0
runx,1hjc,RUNX1_MOUSE.H11MO.0.A,5,ENSEMBLE_MEAN,ensemble_mean,,10,0.7318982787216511,0.13955984296119658,0.11085853895324353,9,0.826688437924538,0.17712818634739014,0.17147689826216217,9,3.848895753075744,TTTGTGGCTT,7.0
tbp,1tgh,MA0343.1.jaspar,1,1tgh_A_MA0343.1.jaspar.npz,crystal,,5,1.0,0.0,0.0,5,0.16262724204525508,0.3036089418688789,0.5201964826848187,5,7.038770544331969,..TATAA....,
tbp,1tgh,MA0343.1.jaspar,1,1tgh_state_001_MA0343.1.jaspar.npz,state,1.0,5,0.8455274015708094,0.10955462418496609,0.10239657604996966,5,0.271731442658959,0.28290656723547725,0.4147803493675396,5,4.73814662257175,..TATAT....,4.0
tbp,1tgh,MA0343.1.jaspar,1,1tgh_state_002_MA0343.1.jaspar.npz,state,2.0,5,0.8025656681784732,0.15410174399148674,0.13756519606318832,5,0.21169273316289017,0.3064926651772112,0.4293877283614666,5,3.534375915825299,..TATAT....,4.0
tbp,1tgh,MA0343.1.jaspar,1,1tgh_state_003_MA0343.1.jaspar.npz,state,3.0,5,0.8230356982206827,0.13057102602906526,0.12477894203309212,5,0.13491812937891545,0.32234117852058264,0.47208415701289425,5,4.30265639532691,..TATAT....,4.0
tbp,1tgh,MA0343.1.jaspar,1,1tgh_state_004_MA0343.1.jaspar.npz,state,4.0,5,0.6096799266692841,0.1838466830085963,0.2253074061170124,5,0.08533996709373845,0.3326542850350961,0.5183651151706212,5,5.3087479754619284,..CATAT....,3.0
tbp,1tgh,MA0343.1.jaspar,1,1tgh_state_005_MA0343.1.jaspar.npz,state,5.0,5,0.9377455281783116,0.07872559190727771,0.05847995675255695,5,0.023251920992482272,0.35109182682354,0.5816016354952099,5,5.845765885045552,..TATAA....,5.0
tbp,1tgh,MA0343.1.jaspar,1,1tgh_state_006_MA0343.1.jaspar.npz,state,6.0,5,0.7836383294039713,0.12455340204760432,0.13931018138411583,5,0.22099199607625125,0.29572436495218424,0.43507998687003074,5,4.906962398656425,..TATAC....,4.0
tbp,1tgh,MA0343.1.jaspar,1,1tgh_state_007_MA0343.1.jaspar.npz,state,7.0,5,0.9050593240023995,0.114131577918306,0.08329479827528546,5,0.120210947914217,0.3243487654952332,0.4674210616666362,5,4.218492938637682,..TATAA....,5.0
tbp,1tgh,MA0343.1.jaspar,1,1tgh_state_008_MA0343.1.jaspar.npz,state,8.0,5,0.14098494851867618,0.3117909211657661,0.47784933448775524,5,0.031813704987683294,0.3508715440744254,0.5871600142573232,5,7.178163233436747,..GACGA....,2.0
tbp,1tgh,MA0343.1.jaspar,1,1tgh_state_009_MA0343.1.jaspar.npz,state,9.0,5,0.9440037222607803,0.092183851567097,0.06709422299832266,5,0.15058438056379211,0.3155927433166653,0.464560123111551,5,4.494824562285894,..TATAA....,5.0
tbp,1tgh,MA0343.1.jaspar,1,1tgh_state_010_MA0343.1.jaspar.npz,state,10.0,5,0.7416687554898171,0.14403714731743095,0.14718010430498038,5,-0.0020561021303652106,0.35595064382941927,0.5682605925084547,5,5.081450558891833,..TACAA....,4.0
tbp,1tgh,MA0343.1.jaspar,1,1tgh_state_011_MA0343.1.jaspar.npz,state,11.0,5,0.43011845548525796,0.2317506016275729,0.3952852711414018,5,-0.0775646398075164,0.3946088702228735,0.7405119905275278,5,8.474643093523419,..TGAAA....,3.0
tbp,1tgh,MA0343.1.jaspar,1,1tgh_state_012_MA0343.1.jaspar.npz,state,12.0,5,0.6821546438107516,0.16428991882130503,0.17118543979761736,5,0.18674981024595746,0.3057552457088605,0.44540696117283585,5,4.614477720729456,..CATAT....,3.0
tbp,1tgh,MA0343.1.jaspar,1,1tgh_state_013_MA0343.1.jaspar.npz,state,13.0,5,0.8583965615570662,0.1127080712467432,0.09582763415846389,5,0.09075519972205233,0.3309563802788034,0.5044890278838862,5,4.734182559523514,..TATAA....,5.0
tbp,1tgh,MA0343.1.jaspar,1,1tgh_state_014_MA0343.1.jaspar.npz,state,14.0,5,0.39131029475097545,0.2438340439228341,0.34024531273482184,5,-0.3089280877178619,0.44188532666303215,0.7313560631125675,5,5.330340009148458,..GAAAC....,2.0
tbp,1tgh,MA0343.1.jaspar,1,1tgh_state_015_MA0343.1.jaspar.npz,state,15.0,5,0.761713461011263,0.15513858553022147,0.1605168678596786,5,0.020116199710016238,0.350517590274103,0.5397909424484171,5,4.285491321953445,..TAAAA....,4.0
tbp,1tgh,MA0343.1.jaspar,1,1tgh_state_016_MA0343.1.jaspar.npz,state,16.0,5,0.6748138050853321,0.16250989625696094,0.18226099580985347,5,0.1775833957171488,0.30927751534618436,0.4563260601228806,5,4.441626689636414,..TAAAT....,3.0
tbp,1tgh,MA0343.1.jaspar,1,1tgh_state_017_MA0343.1.jaspar.npz,state,17.0,5,0.8160217999611652,0.12194283669814468,0.12021069337581802,5,0.21258064439870122,0.29689084861893206,0.4502475232922641,5,5.255810652303846,..TATAT....,4.0
tbp,1tgh,MA0343.1.jaspar,1,1tgh_state_018_MA0343.1.jaspar.npz,state,18.0,5,0.5876629220268693,0.17544686098699458,0.23039965671407883,5,0.28952591638154734,0.2767612849420402,0.4248137597225334,5,5.907665861591848,..TATTC....,3.0
tbp,1tgh,MA0343.1.jaspar,1,1tgh_state_019_MA0343.1.jaspar.npz,state,19.0,5,0.5149339456126943,0.20783440307714046,0.2802027578208001,5,0.34689405358713216,0.25853280650917443,0.3971016148538401,5,5.577758933374251,..TACAT....,3.0
tbp,1tgh,MA0343.1.jaspar,1,1tgh_state_020_MA0343.1.jaspar.npz,state,20.0,5,0.8891351447975632,0.10549304774031043,0.07437987530488502,5,0.16256697578462262,0.3119438132504001,0.4602498531019242,5,4.961317420663002,..CATAA....,4.0
tbp,1tgh,MA0343.1.jaspar,1,1tgh_state_021_MA0343.1.jaspar.npz,state,21.0,5,0.9312967318539332,0.08399936731439084,0.05027260870327873,5,-0.0009610301786148681,0.35432848781347276,0.565435011761039,5,5.440408315911466,..CATAA....,4.0
tbp,1tgh,MA0343.1.jaspar,1,1tgh_state_022_MA0343.1.jaspar.npz,state,22.0,5,0.838089927509732,0.12849077609134837,0.11353078515240378,5,0.04415752027786437,0.3443999237031676,0.5103274681928074,5,4.11081206636591,..TACAA....,4.0
tbp,1tgh,MA0343.1.jaspar,1,1tgh_state_024_MA0343.1.jaspar.npz,state,24.0,5,0.8588510078513681,0.13932345693465323,0.10488005228960551,5,-0.008641322877109734,0.3560769386123866,0.531842870079539,5,4.19039066596393,..CATAA....,4.0
tbp,1tgh,MA0343.1.jaspar,1,1tgh_state_025_MA0343.1.jaspar.npz,state,25.0,5,0.5023795676341786,0.21162415270227938,0.2723903489396893,5,0.10814132062080731,0.32571976468898356,0.5080736741263395,5,5.1037528941817065,..TAAAT....,3.0
tbp,1tgh,MA0343.1.jaspar,1,1tgh_state_026_MA0343.1.jaspar.npz,state,26.0,5,0.36341953982156494,0.2486358758778806,0.32299335206815105,5,0.3436985115489724,0.2596139011457126,0.39957368172497815,5,5.584583806547716,..TACGT....,2.0
tbp,1tgh,MA0343.1.jaspar,1,1tgh_state_028_MA0343.1.jaspar.npz,state,28.0,5,0.9884067698325139,0.047323139780201015,0.01962893268123094,5,0.1335849205564757,0.3144106137566268,0.5071375482233271,5,5.7696235806472504,..TATAA....,5.0
tbp,1tgh,MA0343.1.jaspar,1,1tgh_state_029_MA0343.1.jaspar.npz,state,29.0,5,0.9812198078779453,0.0448329322040081,0.025185137773376092,5,0.2093241363338991,0.2918619444826618,0.46252234674455633,5,6.096371043957092,..TATAA....,5.0
tbp,1tgh,MA0343.1.jaspar,1,1tgh_state_030_MA0343.1.jaspar.npz,state,30.0,5,0.7932694704939883,0.11775772925466299,0.1242099359860892,5,0.266423102931613,0.28167869395110756,0.42121762996872947,5,5.062510089317097,..TATAT....,4.0
tbp,1tgh,MA0343.1.jaspar,1,1tgh_state_031_MA0343.1.jaspar.npz,state,31.0,5,0.8673766002822925,0.08616094719618558,0.0801849496831651,5,0.3817909062724489,0.24442138795275242,0.36624341082460043,5,5.487199727655819,..TATAT....,4.0
tbp,1tgh,MA0343.1.jaspar,1,1tgh_state_032_MA0343.1.jaspar.npz,state,32.0,5,0.6833066055343838,0.16690756699535997,0.18326608618768364,5,0.10562145182947086,0.32834797678515315,0.48527681415874885,5,4.580664191318855,..TATAT....,4.0
tbp,1tgh,MA0343.1.jaspar,1,1tgh_state_033_MA0343.1.jaspar.npz,state,33.0,5,0.5225167731908928,0.2085570622002706,0.24993719288678026,5,0.2836437434785325,0.2842923435382545,0.4198210258672349,5,4.410200195360012,..TAAAT....,3.0
tbp,1tgh,MA0343.1.jaspar,1,1tgh_state_034_MA0343.1.jaspar.npz,state,34.0,5,0.6799326639028053,0.14419448566623033,0.17623904104935906,5,0.029404852413158874,0.34590446890797466,0.5444192639709907,5,5.674146869061809,..TAAAA....,4.0
tbp,1tgh,MA0343.1.jaspar,1,1tgh_state_035_MA0343.1.jaspar.npz,state,35.0,5,0.7310786514880677,0.15501979019027204,0.15921929378550748,5,0.04892282928814867,0.34242643592879174,0.5159811400844304,5,4.755389919643633,..TACAT....,3.0
tbp,1tgh,MA0343.1.jaspar,1,1tgh_state_036_MA0343.1.jaspar.npz,state,36.0,5,0.9601929432653641,0.06477761589922011,0.03843096063342994,5,0.1264285940531262,0.318337512598373,0.5315405475920955,5,6.50514711850561,..TATAA....,5.0
tbp,1tgh,MA0343.1.jaspar,1,1tgh_state_037_MA0343.1.jaspar.npz,state,37.0,5,0.9063477530948998,0.08712647173088044,0.06934887680825486,5,0.2234402864273399,0.29218883318826555,0.44673559775402294,5,5.34226485518194,..TATAT....,4.0
tbp,1tgh,MA0343.1.jaspar,1,1tgh_state_038_MA0343.1.jaspar.npz,state,38.0,5,0.81064434361151,0.1268286189995706,0.12192146313013988,5,0.09023118864888033,0.33122744124848397,0.502244844307147,5,4.767829719667853,..TATAC....,4.0
tbp,1tgh,MA0343.1.jaspar,1,1tgh_state_039_MA0343.1.jaspar.npz,state,39.0,5,0.562312192995664,0.18452443326823414,0.241395123882105,5,0.05379813402478599,0.34021467322017995,0.5106109814059339,5,4.536230598862729,..TAAAT....,3.0
tbp,1tgh,MA0343.1.jaspar,1,1tgh_state_040_MA0343.1.jaspar.npz,state,40.0,5,0.90796333404574,0.10020827106200159,0.07296494738099606,5,0.11124686515581493,0.324943041219376,0.4950498508497524,5,5.0636198994284385,..TATAA....,5.0
tbp,1tgh,MA0343.1.jaspar,1,1tgh_state_041_MA0343.1.jaspar.npz,state,41.0,5,0.7873798425156308,0.11112932760734111,0.13088726986303062,5,-0.1212751419598288,0.391607319470495,0.6432752187682709,5,5.639718401491252,..TACAA....,4.0
tbp,1tgh,MA0343.1.jaspar,1,1tgh_state_042_MA0343.1.jaspar.npz,state,42.0,5,0.5665658230690027,0.21072750072926283,0.223804715455797,5,0.39305560524301025,0.27304996878374366,0.3661793943010644,5,2.856722139384283,..TGTAT....,3.0
tbp,1tgh,MA0343.1.jaspar,1,1tgh_state_043_MA0343.1.jaspar.npz,state,43.0,5,0.5596021921203563,0.19553945460356773,0.25476524165278885,5,-0.15415081359518004,0.3923855207627639,0.6260876686231005,5,4.441352384773444,..TACAC....,3.0
tbp,1tgh,MA0343.1.jaspar,1,1tgh_state_044_MA0343.1.jaspar.npz,state,44.0,5,0.8179066497717307,0.11416838429868222,0.11185175202227163,5,0.19059204747729952,0.30332763514015826,0.45259694048635735,5,4.869368211261096,..TATAT....,4.0
tbp,1tgh,MA0343.1.jaspar,1,1tgh_state_045_MA0343.1.jaspar.npz,state,45.0,5,0.8306812332684861,0.13477375372312964,0.12243909962652613,5,-0.0658732980537146,0.3681909569306299,0.562719554090829,5,3.7151344990022266,..TACAA....,4.0
tbp,1tgh,MA0343.1.jaspar,1,1tgh_state_046_MA0343.1.jaspar.npz,state,46.0,5,0.6107193595231762,0.18568013894837349,0.22256531970686014,5,-0.00364517602964968,0.3560862754937261,0.5427865840112581,5,4.305906599741897,..TAAAT....,3.0
tbp,1tgh,MA0343.1.jaspar,1,1tgh_state_047_MA0343.1.jaspar.npz,state,47.0,5,0.7826811346016493,0.14449258814565838,0.1334729696918838,5,0.06422456626714601,0.33801025452557953,0.4935329871963526,5,4.211685538041878,..TATAT....,4.0
tbp,1tgh,MA0343.1.jaspar,1,1tgh_state_048_MA0343.1.jaspar.npz,state,48.0,5,0.7668557209538351,0.17251278958283364,0.15743634724383004,5,0.003857130309722767,0.35361694523598997,0.5050241634781505,5,2.990094615095854,..TACAA....,4.0
tbp,1tgh,MA0343.1.jaspar,1,1tgh_state_049_MA0343.1.jaspar.npz,state,49.0,8,0.14531707188264698,0.29190397904021664,0.44301302210529814,5,0.0397974670195144,0.35135018249275163,0.5680094458258844,5,8.096774449723625,.CGTAAAAA..,2.0
tbp,1tgh,MA0343.1.jaspar,1,1tgh_state_050_MA0343.1.jaspar.npz,state,50.0,8,-0.06181012322963551,0.3571771494462155,0.5944636590191423,5,-0.04328623929352675,0.3756588611402549,0.6586096801431871,5,10.279421220413418,.CGTATAAG..,1.0
tbp,1tgh,MA0343.1.jaspar,1,1tgh_state_051_MA0343.1.jaspar.npz,state,51.0,5,0.904236592340745,0.08909306784626096,0.0710238868299772,5,0.2047613374297793,0.29785407870076597,0.4575513863982419,5,5.393651575214612,..TATAA....,5.0
tbp,1tgh,MA0343.1.jaspar,1,1tgh_state_052_MA0343.1.jaspar.npz,state,52.0,5,0.4780135148197398,0.20422347048297523,0.28477807137213124,5,0.06125014665601475,0.3388746986398473,0.5201127335038246,5,4.31049212271483,..TAAAT....,3.0
tbp,1tgh,MA0343.1.jaspar,1,1tgh_state_053_MA0343.1.jaspar.npz,state,53.0,5,0.6504695150002969,0.16798472125083208,0.19427690430724684,5,-0.03353017240651886,0.3627640136750415,0.5499183955541103,5,4.6260608601249595,..TAAAC....,3.0
tbp,1tgh,MA0343.1.jaspar,1,1tgh_state_054_MA0343.1.jaspar.npz,state,54.0,5,0.36629393247617026,0.23410640724468976,0.3152668006293676,5,0.05824696158815042,0.33884070636704566,0.5203566845239886,5,4.435217418230182,..TAAAT....,3.0
tbp,1tgh,MA0343.1.jaspar,1,1tgh_state_055_MA0343.1.jaspar.npz,state,55.0,5,0.8245634162687239,0.12339622778818012,0.11816033321740271,5,0.1778267703579861,0.3061027052113786,0.4690195703115534,5,5.694058561332072,..TAAAA....,4.0
tbp,1tgh,MA0343.1.jaspar,1,1tgh_state_056_MA0343.1.jaspar.npz,state,56.0,5,0.7427293938796589,0.13915857058018447,0.15120468955213445,5,0.2610567727331965,0.286416609515436,0.41430688433514773,5,4.45062054200187,..TATAT....,4.0
tbp,1tgh,MA0343.1.jaspar,1,1tgh_state_057_MA0343.1.jaspar.npz,state,57.0,5,0.36076907681967696,0.23651756329927592,0.32801322023696466,5,0.02430999065678124,0.3485315817408264,0.5405926202247489,5,4.5305488194956265,..TGAAA....,3.0
tbp,1tgh,MA0343.1.jaspar,1,1tgh_state_058_MA0343.1.jaspar.npz,state,58.0,5,0.9136153828905343,0.12767868884839118,0.09711181796645714,5,0.11332342545268996,0.3288929680129513,0.4657546575918884,5,3.4657960329654096,..TATAA....,5.0
tbp,1tgh,MA0343.1.jaspar,1,1tgh_state_059_MA0343.1.jaspar.npz,state,59.0,5,0.8430952039498779,0.11025797366164625,0.10052550837508348,5,0.12955310653157676,0.31980400837492196,0.48229647288746114,5,4.85923111381717,..TATAA....,5.0
tbp,1tgh,MA0343.1.jaspar,1,1tgh_state_060_MA0343.1.jaspar.npz,state,60.0,5,0.6248496359862138,0.17178795421496035,0.2141038355205974,5,0.15679771905543693,0.3142508975462988,0.4610427408336217,5,4.393993461189557,..TACAT....,3.0
tbp,1tgh,MA0343.1.jaspar,1,1tgh_state_061_MA0343.1.jaspar.npz,state,61.0,5,0.7729167017789769,0.16702975197695197,0.15568252113797604,5,0.22588295060876812,0.30730840906035156,0.42895781454737003,5,2.9955076042147653,..TCTAT....,3.0
tbp,1tgh,MA0343.1.jaspar,1,1tgh_state_062_MA0343.1.jaspar.npz,state,62.0,5,0.7637657086996746,0.13471462945453822,0.1420254834546625,5,0.26069156695095663,0.28310032698791476,0.42259206775573366,5,5.1027670624377235,..TATAT....,4.0
tbp,1tgh,MA0343.1.jaspar,1,1tgh_state_063_MA0343.1.jaspar.npz,state,63.0,5,0.7110510527847238,0.1150107738096267,0.15348160628710944,5,-0.06660893373156729,0.3774613526416942,0.6083612675810055,5,5.946826693345338,..TAAAA....,4.0
tbp,1tgh,MA0343.1.jaspar,1,1tgh_state_064_MA0343.1.jaspar.npz,state,64.0,5,0.8050028981137863,0.1069660165347159,0.12200418548929201,5,0.3331333938136613,0.25791176736820487,0.39311140073756645,5,5.578313944662006,..TATAT....,4.0
tbp,1tgh,MA0343.1.jaspar,1,1tgh_state_065_MA0343.1.jaspar.npz,state,65.0,5,0.6663153217936253,0.16163271493278444,0.1843467207253132,5,0.12698878164607325,0.32240915873553605,0.4746445310690305,5,4.674075981645995,..TAAAT....,3.0
tbp,1tgh,MA0343.1.jaspar,1,1tgh_state_066_MA0343.1.jaspar.npz,state,66.0,5,0.7361538143621383,0.1436111758928746,0.1628312051520822,5,0.055762886316207294,0.34187577830161897,0.517658712129885,5,4.616689270102956,..TATAC....,4.0
tbp,1tgh,MA0343.1.jaspar,1,1tgh_state_067_MA0343.1.jaspar.npz,state,67.0,5,0.9546245503620344,0.07438991665840149,0.05203778847628556,5,0.07951422745682617,0.3338332950370386,0.5284212886139349,5,5.108321560533193,..TATAA....,5.0
tbp,1tgh,MA0343.1.jaspar,1,1tgh_state_068_MA0343.1.jaspar.npz,state,68.0,5,0.6210197908390419,0.17436459518503397,0.2121612782426797,5,-0.025492570283649662,0.3632825188804418,0.5767883657172606,5,4.961017538905251,..TACAC....,3.0
tbp,1tgh,MA0343.1.jaspar,1,1tgh_state_069_MA0343.1.jaspar.npz,state,69.0,5,0.6022272290159251,0.1735878489445895,0.21983607102043407,5,-0.021834252269557118,0.3620086713461205,0.551843006417424,5,4.874308026945721,..TACAC....,3.0
tbp,1tgh,MA0343.1.jaspar,1,1tgh_state_070_MA0343.1.jaspar.npz,state,70.0,5,0.9824141422828304,0.05945481972303242,0.030018764116140472,5,0.1266158095853228,0.31858273283578453,0.506236711534963,5,5.730287008560036,..TATAA....,5.0
tbp,1tgh,MA0343.1.jaspar,1,1tgh_state_071_MA0343.1.jaspar.npz,state,71.0,5,0.7688176935566239,0.11258599599823356,0.1382874567223182,5,0.3766054497322755,0.24475276509765537,0.37177494915758524,5,5.785763636766969,..TATAT....,4.0
tbp,1tgh,MA0343.1.jaspar,1,1tgh_state_072_MA0343.1.jaspar.npz,state,72.0,5,0.7574664609044256,0.13365959911607206,0.1570312835698217,5,0.18012740835785365,0.30827272988390175,0.4568594407957317,5,4.5856538196802274,..TATAC....,4.0
tbp,1tgh,MA0343.1.jaspar,1,1tgh_state_073_MA0343.1.jaspar.npz,state,73.0,5,0.7129107196030361,0.15805101478472353,0.16407929152270406,5,-0.031053865077221885,0.36094746927265076,0.5369052608615756,5,3.792677243145775,..TACAA....,4.0
tbp,1tgh,MA0343.1.jaspar,1,1tgh_state_074_MA0343.1.jaspar.npz,state,74.0,5,0.44587599367561637,0.21615550766000524,0.3552136986785489,5,-0.0033660336660889943,0.36369295575423166,0.607683849552221,5,6.893278713901713,..TGAAA....,3.0
tbp,1tgh,MA0343.1.jaspar,1,1tgh_state_075_MA0343.1.jaspar.npz,state,75.0,5,0.1395897545985187,0.2950829407200217,0.4411669172033821,5,0.05567525948744429,0.33956447036471216,0.5415347288273673,5,5.092963692959645,..TGGGA....,2.0
tbp,1tgh,MA0343.1.jaspar,1,1tgh_state_076_MA0343.1.jaspar.npz,state,76.0,5,0.5753975948527026,0.1930449577048421,0.22591410613344257,5,-0.11209181602804588,0.3854809697950259,0.6021333766730178,5,4.779270906563523,..AACAT....,2.0
tbp,1tgh,MA0343.1.jaspar,1,1tgh_state_077_MA0343.1.jaspar.npz,state,77.0,5,0.7616807142494494,0.12633657143451274,0.1440461832392829,5,0.22736347690221526,0.2923670585034415,0.4419147095466808,5,5.222396759516932,..TATAT....,4.0
tbp,1tgh,MA0343.1.jaspar,1,1tgh_state_078_MA0343.1.jaspar.npz,state,78.0,5,0.9286634658966627,0.10829472539480775,0.07362196870681725,5,-0.031493085707878093,0.3620495612733066,0.5489405251725433,5,4.13306794701712,..TATAA....,5.0
tbp,1tgh,MA0343.1.jaspar,1,1tgh_state_079_MA0343.1.jaspar.npz,state,79.0,5,0.9773311494312595,0.06164268418215215,0.03572649525753787,5,0.11963009561286243,0.32104376011993735,0.4909852309818544,5,4.926860740852676,..TATAA....,5.0
tbp,1tgh,MA0343.1.jaspar,1,1tgh_state_080_MA0343.1.jaspar.npz,state,80.0,5,0.7197169057220961,0.12829182273708284,0.15496920752549734,5,0.0400808441241122,0.3439133390551433,0.5403686595397093,5,5.84849367152514,..TAAAA....,4.0
tbp,1tgh,MA0343.1.jaspar,1,1tgh_state_081_MA0343.1.jaspar.npz,state,81.0,5,0.42272011212454585,0.21821415475569667,0.3258414418368873,5,-0.042242090937614475,0.3694589935010299,0.5961590548710778,5,5.514483205147309,..TAAAC....,3.0
tbp,1tgh,MA0343.1.jaspar,1,1tgh_state_082_MA0343.1.jaspar.npz,state,82.0,5,0.5091981089167484,0.21113981101661922,0.2513431305371429,5,0.2784537978707047,0.2832203226862475,0.41982880630204444,5,4.998311858719122,..TAAAT....,3.0
tbp,1tgh,MA0343.1.jaspar,1,1tgh_state_083_MA0343.1.jaspar.npz,state,83.0,5,0.9081238119406865,0.11342369364574552,0.09361540566268554,5,0.17946760027459788,0.3113766476744786,0.45438669620719213,5,4.018690599902902,..TATAA....,5.0
tbp,1tgh,MA0343.1.jaspar,1,1tgh_state_084_MA0343.1.jaspar.npz,state,84.0,5,0.8823946707983642,0.09705062077846378,0.07606560769459655,5,0.19218783078358392,0.3012473051436245,0.4578348776234552,5,5.3987438645846115,..TATAT....,4.0
tbp,1tgh,MA0343.1.jaspar,1,1tgh_state_086_MA0343.1.jaspar.npz,state,86.0,5,0.6271939056124186,0.18904566909186543,0.2133574615058662,5,0.14094018547275128,0.3227467389544472,0.4684228437811644,5,3.531796280943412,..TAAAT....,3.0
tbp,1tgh,MA0343.1.jaspar,1,1tgh_state_087_MA0343.1.jaspar.npz,state,87.0,5,0.4067352302707623,0.2457017377503689,0.3037882236424662,5,0.40390685644344554,0.2535978709599476,0.3514791469481433,5,4.789426368882961,..TACGT....,2.0
tbp,1tgh,MA0343.1.jaspar,1,1tgh_state_088_MA0343.1.jaspar.npz,state,88.0,5,0.7391281714123717,0.1437569863628596,0.14713514344236547,5,0.21451359496810515,0.2970112776616588,0.44151988409579185,5,4.939600307822165,..TATAT....,4.0
tbp,1tgh,MA0343.1.jaspar,1,1tgh_state_089_MA0343.1.jaspar.npz,state,89.0,5,0.5947344975685939,0.1819294442422688,0.2351984024224719,5,0.009182315705306724,0.35317187814507633,0.545885074298355,5,4.421378315370776,..TAAAC....,3.0
tbp,1tgh,MA0343.1.jaspar,1,1tgh_state_090_MA0343.1.jaspar.npz,state,90.0,8,-0.09534740192185753,0.3750476845889352,0.665285493302381,5,-0.05782227409366776,0.38109796528005974,0.6915649120487063,5,9.028777984377863,.AGTATAAG..,1.0
tbp,1tgh,MA0343.1.jaspar,1,1tgh_state_091_MA0343.1.jaspar.npz,state,91.0,5,0.7760803157380644,0.13732052659615873,0.1407327941619275,5,0.016263630040173536,0.35146421219687907,0.5613005211952332,5,5.411748983518445,..TACAA....,4.0
tbp,1tgh,MA0343.1.jaspar,1,1tgh_state_092_MA0343.1.jaspar.npz,state,92.0,5,0.8890418238404745,0.08472729385830462,0.06584895303579988,5,-0.05134462006142336,0.3698726416332647,0.6037827997513296,5,5.769473125650725,..CATAA....,4.0
tbp,1tgh,MA0343.1.jaspar,1,1tgh_state_093_MA0343.1.jaspar.npz,state,93.0,5,0.8761321842828989,0.1044353641103953,0.09272932020595112,5,0.2244374705286665,0.29613683230709287,0.43964109425010856,5,4.875425527331629,..TATAA....,5.0
tbp,1tgh,MA0343.1.jaspar,1,1tgh_state_094_MA0343.1.jaspar.npz,state,94.0,5,0.6852965167738244,0.18197414106689394,0.19649766685112782,5,0.04573907309267219,0.34417061486747114,0.528607213647978,5,4.075776166184319,..TAAAA....,4.0
tbp,1tgh,MA0343.1.jaspar,1,1tgh_state_095_MA0343.1.jaspar.npz,state,95.0,5,0.7276194163522988,0.16780865504406392,0.17404740325307264,5,-0.030448765766240882,0.36114354513119906,0.5371714225776814,5,3.244363529737487,..TACAC....,3.0
tbp,1tgh,MA0343.1.jaspar,1,1tgh_state_096_MA0343.1.jaspar.npz,state,96.0,5,0.9105587288349796,0.09093566313385963,0.060140254743209276,5,0.05632627093142323,0.3395186570705846,0.5212210811059246,5,5.081357397159149,..CATAA....,4.0
tbp,1tgh,MA0343.1.jaspar,1,1tgh_state_097_MA0343.1.jaspar.npz,state,97.0,5,0.7698215094251417,0.13021164955862333,0.14498730866732396,5,0.011040677010314743,0.35282504509959833,0.5573673190127135,5,5.427652544632397,..TACAA....,4.0
tbp,1tgh,MA0343.1.jaspar,1,ENSEMBLE_MEAN,ensemble_mean,,8,0.8535490560031596,0.1397215291931882,0.1196929027874706,5,0.12792212879150283,0.325120721355414,0.4512016182678672,5,5.298088313218216,.CTATAAAG..,5.0
tbp,1tgh,MA0343.1.jaspar,2,1tgh_A_MA0343.1.jaspar.npz,crystal,,5,0.9999999999999999,0.0,0.0,5,0.3956075842852809,0.23002556389083112,0.3869967839969102,5,7.505997665886676,..TATAT....,
tbp,1tgh,MA0343.1.jaspar,2,1tgh_state_001_MA0343.1.jaspar.npz,state,1.0,5,0.9338784607349291,0.05739441592131698,0.0402710081671389,5,0.2556372857331148,0.2718556700274348,0.46283120481670287,5,7.239133523615012,..TATAA....,4.0
tbp,1tgh,MA0343.1.jaspar,2,1tgh_state_002_MA0343.1.jaspar.npz,state,2.0,5,0.8948550303612492,0.07215659205221528,0.06483731951677954,5,0.22204722457225412,0.28380144683178515,0.49471135376083986,5,7.6231186197973315,..TATAA....,4.0
tbp,1tgh,MA0343.1.jaspar,2,1tgh_state_003_MA0343.1.jaspar.npz,state,3.0,5,0.9974546968788939,0.02036554055639499,0.011128754225454732,5,0.4135321612873984,0.22314600890967995,0.37465640597150446,5,6.955072855942171,..TATAT....,5.0
tbp,1tgh,MA0343.1.jaspar,2,1tgh_state_004_MA0343.1.jaspar.npz,state,4.0,5,0.9988738439929379,0.012587506738509547,0.008306509490950287,5,0.3960188578718284,0.22961227567284367,0.3825560737241417,5,7.083514275512723,..TATAT....,5.0
tbp,1tgh,MA0343.1.jaspar,2,1tgh_state_005_MA0343.1.jaspar.npz,state,5.0,5,0.8868795069114745,0.07241734868266576,0.06945475469722542,5,0.20296038524202167,0.2882705501979217,0.4952136036453572,5,7.466812456753516,..TATAA....,4.0
tbp,1tgh,MA0343.1.jaspar,2,1tgh_state_006_MA0343.1.jaspar.npz,state,6.0,5,0.9979323681967573,0.019186563267157907,0.013385330208627876,5,0.3964355382951845,0.22995554720982908,0.3842397579220448,5,6.861896357122246,..TATAT....,5.0
tbp,1tgh,MA0343.1.jaspar,2,1tgh_state_007_MA0343.1.jaspar.npz,state,7.0,5,0.952580416274428,0.05062322517742359,0.030735181446283878,5,0.2873000707593568,0.26361088627018037,0.44366367142685015,5,7.088600385405728,..TATAA....,4.0
tbp,1tgh,MA0343.1.jaspar,2,1tgh_state_008_MA0343.1.jaspar.npz,state,8.0,5,0.9976565275588449,0.017386811323831353,0.012684968663283747,5,0.39837832563436987,0.2318101398734143,0.38775813114248103,5,7.164897846812646,..TATAT....,5.0
tbp,1tgh,MA0343.1.jaspar,2,1tgh_state_009_MA0343.1.jaspar.npz,state,9.0,5,0.9974606969230687,0.020429137711198565,0.01155126719637404,5,0.3726337705598102,0.23639291753061115,0.39652587531310923,5,6.8495596774458765,..TATAT....,5.0
tbp,1tgh,MA0343.1.jaspar,2,1tgh_state_010_MA0343.1.jaspar.npz,state,10.0,5,0.88768400376428,0.07267414975331121,0.07011968850933784,5,0.1964837136337408,0.2897387505276129,0.5044835095267808,5,7.32939820001425,..TATAA....,4.0
tbp,1tgh,MA0343.1.jaspar,2,1tgh_state_011_MA0343.1.jaspar.npz,state,11.0,5,0.7586704066581417,0.1400103075558036,0.14954099977160223,5,0.28700049405758166,0.27219159172382207,0.4264719619248056,5,5.909254468734026,..TGTAA....,3.0
tbp,1tgh,MA0343.1.jaspar,2,1tgh_state_012_MA0343.1.jaspar.npz,state,12.0,5,0.9464842002408375,0.0495470358536295,0.030897389299103663,5,0.27584248509100634,0.2661481038085185,0.44906349590875394,5,7.158654055801442,..TATAA....,4.0
tbp,1tgh,MA0343.1.jaspar,2,1tgh_state_013_MA0343.1.jaspar.npz,state,13.0,5,0.935686549743992,0.05902543823585802,0.04118421158717776,5,0.26247377512841125,0.2712421586504206,0.4629337135172037,5,7.156878466035571,..TATAA....,4.0
tbp,1tgh,MA0343.1.jaspar,2,1tgh_state_014_MA0343.1.jaspar.npz,state,14.0,5,0.9967704871443145,0.021781799198379304,0.009206122460231949,5,0.37770774893933906,0.23756189075065776,0.39424148052169994,5,7.181650701393101,..TATAT....,5.0
tbp,1tgh,MA0343.1.jaspar,2,1tgh_state_015_MA0343.1.jaspar.npz,state,15.0,5,0.9609547861362931,0.054333171866619526,0.0423836073727063,5,0.46437315695297704,0.21612115523312242,0.35099844906045885,5,6.209360318968865,..TATAT....,5.0
tbp,1tgh,MA0343.1.jaspar,2,1tgh_state_016_MA0343.1.jaspar.npz,state,16.0,5,0.8974287593340137,0.07501485574875914,0.0644270736408559,5,0.2235755011245807,0.28334919549524784,0.48385946035313926,5,7.166549249519819,..TATAA....,4.0
tbp,1tgh,MA0343.1.jaspar,2,1tgh_state_017_MA0343.1.jaspar.npz,state,17.0,5,0.9815049331199059,0.03847789260444188,0.02337990123130087,5,0.4523121260141663,0.20469986652024091,0.3511948581315031,5,7.331559484913021,..TATAT....,5.0
tbp,1tgh,MA0343.1.jaspar,2,1tgh_state_018_MA0343.1.jaspar.npz,state,18.0,5,0.9361012589643752,0.05953118516017639,0.0398079510379721,5,0.27383260477147814,0.2698986068600789,0.455565554465835,5,7.4545492268932545,..TATAA....,4.0
tbp,1tgh,MA0343.1.jaspar,2,1tgh_state_019_MA0343.1.jaspar.npz,state,19.0,5,0.8959248624675932,0.09168640828111166,0.09239725366356537,5,0.5062456433412531,0.1969204541062936,0.3321853259401372,5,6.815004367108068,..TATAT....,5.0
tbp,1tgh,MA0343.1.jaspar,2,1tgh_state_020_MA0343.1.jaspar.npz,state,20.0,5,0.9455331764959342,0.04641647966864184,0.02783189742815507,5,0.28352426631340166,0.2673474792816705,0.4517045463037929,5,7.678593073018858,..TATAA....,4.0
tbp,1tgh,MA0343.1.jaspar,2,1tgh_state_021_MA0343.1.jaspar.npz,state,21.0,5,0.9918156110517884,0.031066004432523185,0.016526155749943268,5,0.3530080883439842,0.24421939274761825,0.4046938037748948,5,6.6912902367672356,..TATAT....,5.0
tbp,1tgh,MA0343.1.jaspar,2,1tgh_state_022_MA0343.1.jaspar.npz,state,22.0,5,0.8847871889348448,0.07625952424832576,0.07393007927160908,5,0.21268367221418977,0.28631207619328053,0.5046517162658206,5,7.622603165879335,..TATAA....,4.0
tbp,1tgh,MA0343.1.jaspar,2,1tgh_state_024_MA0343.1.jaspar.npz,state,24.0,5,0.937453779490138,0.05243734741061416,0.03617134283636003,5,0.2658357816276037,0.2706209607742494,0.4635001514417601,5,7.30393639381607,..TATAA....,4.0
tbp,1tgh,MA0343.1.jaspar,2,1tgh_state_025_MA0343.1.jaspar.npz,state,25.0,5,0.9524649662161628,0.06457440346830481,0.04822671187450837,5,0.5233734569248386,0.19831794726196678,0.3040341014558178,5,6.15634035587768,..TATAT....,5.0
tbp,1tgh,MA0343.1.jaspar,2,1tgh_state_026_MA0343.1.jaspar.npz,state,26.0,5,0.9976847048096231,0.018658863789187307,0.009000477803720704,5,0.3763724787170822,0.23566788975149394,0.3885264890033369,5,6.85176458038419,..TATAT....,5.0
tbp,1tgh,MA0343.1.jaspar,2,1tgh_state_028_MA0343.1.jaspar.npz,state,28.0,5,0.9904652741056839,0.028750554624730286,0.012476456959973169,5,0.3552341053225231,0.2434334388235584,0.40371830720751867,5,6.957165764261418,..TATAT....,5.0
tbp,1tgh,MA0343.1.jaspar,2,1tgh_state_029_MA0343.1.jaspar.npz,state,29.0,5,0.99516171020569,0.023661150353746052,0.011897127708737512,5,0.3625814482958175,0.24023643424734473,0.4038527420294916,5,6.9044652205819546,..TATAT....,5.0
tbp,1tgh,MA0343.1.jaspar,2,1tgh_state_030_MA0343.1.jaspar.npz,state,30.0,5,0.9496308489850317,0.05360412654817992,0.03374630850042956,5,0.281945785514831,0.2660542923724279,0.4480343984777585,5,7.094499046529047,..TATAA....,4.0
tbp,1tgh,MA0343.1.jaspar,2,1tgh_state_031_MA0343.1.jaspar.npz,state,31.0,5,0.9902031238924953,0.026618935576425428,0.012125247712585913,5,0.34402287637908713,0.24580832300707697,0.4114693702252484,5,6.962666357018467,..TATAT....,5.0
tbp,1tgh,MA0343.1.jaspar,2,1tgh_state_032_MA0343.1.jaspar.npz,state,32.0,5,0.9951520453679663,0.023030271999323303,0.010211840964062571,5,0.36723742086637695,0.23889130225870758,0.3951472824842051,5,6.882444858048437,..TATAT....,5.0
tbp,1tgh,MA0343.1.jaspar,2,1tgh_state_033_MA0343.1.jaspar.npz,state,33.0,5,0.8783789730314138,0.09906238190715158,0.0985944275440478,5,0.5877306321090202,0.17567592654377223,0.26586011082004196,5,6.298682503681013,..TATAT....,5.0
tbp,1tgh,MA0343.1.jaspar,2,1tgh_state_034_MA0343.1.jaspar.npz,state,34.0,5,0.9744388533879896,0.04218511399931231,0.02999044823830645,5,0.4621547348314468,0.20000510438112543,0.34905448133295447,5,7.631596099209084,..TATAT....,5.0
tbp,1tgh,MA0343.1.jaspar,2,1tgh_state_035_MA0343.1.jaspar.npz,state,35.0,5,0.9947992969415009,0.025866798207880494,0.014412277356456643,5,0.4114829997962408,0.22230245545506477,0.3765071518490288,5,7.060177703576867,..TATAT....,5.0
tbp,1tgh,MA0343.1.jaspar,2,1tgh_state_036_MA0343.1.jaspar.npz,state,36.0,5,0.9604531308854711,0.06270304807812863,0.04568618826614827,5,0.39120395436281874,0.2418812077259645,0.3779040809923532,5,5.771194975618356,..TATAA....,4.0
tbp,1tgh,MA0343.1.jaspar,2,1tgh_state_037_MA0343.1.jaspar.npz,state,37.0,5,0.9983510894865326,0.016589295911853697,0.009816551548809815,5,0.39232461057305323,0.23122054551495239,0.38857215560687297,5,6.9586919118580415,..TATAT....,5.0
tbp,1tgh,MA0343.1.jaspar,2,1tgh_state_038_MA0343.1.jaspar.npz,state,38.0,5,0.9813340122069386,0.03904305122678124,0.02443901489744175,5,0.4487619793368557,0.20744278645142913,0.3591845566617541,5,7.305474963867143,..TATAT....,5.0
tbp,1tgh,MA0343.1.jaspar,2,1tgh_state_039_MA0343.1.jaspar.npz,state,39.0,5,0.9989573133843906,0.015163561045210373,0.008330284859838447,5,0.3937790458920169,0.23089958545169792,0.3831630373201616,5,6.9278957865347985,..TATAT....,5.0
tbp,1tgh,MA0343.1.jaspar,2,1tgh_state_040_MA0343.1.jaspar.npz,state,40.0,5,0.959130734846438,0.05569079759416127,0.03533136185689395,5,0.29825661877965043,0.26226191292516887,0.43649507520501396,5,6.578470348152705,..TATAA....,4.0
tbp,1tgh,MA0343.1.jaspar,2,1tgh_state_041_MA0343.1.jaspar.npz,state,41.0,5,0.8946614905435377,0.07174185681042218,0.06477006909391436,5,0.22009704784901743,0.2834790247958153,0.4940893854752305,5,7.499414020964369,..TATAA....,4.0
tbp,1tgh,MA0343.1.jaspar,2,1tgh_state_042_MA0343.1.jaspar.npz,state,42.0,5,0.9865664879729034,0.03712867585827553,0.030217490874859865,5,0.37496300762326346,0.23809154159389437,0.3877729177365944,5,6.535225935426011,..TATAT....,5.0
tbp,1tgh,MA0343.1.jaspar,2,1tgh_state_043_MA0343.1.jaspar.npz,state,43.0,5,0.9701383233676537,0.042691159296100525,0.02310106718492984,5,0.3165313547911729,0.25695076150586826,0.433805694526593,5,7.303264416858656,..TATAA....,4.0
tbp,1tgh,MA0343.1.jaspar,2,1tgh_state_044_MA0343.1.jaspar.npz,state,44.0,5,0.9017270998006826,0.06654293941510332,0.05688314737152452,5,0.23885340974667157,0.2815413220756454,0.4876755621127652,5,7.599156657504469,..TATAA....,4.0
tbp,1tgh,MA0343.1.jaspar,2,1tgh_state_045_MA0343.1.jaspar.npz,state,45.0,5,0.8932406593572565,0.07278945673142516,0.06656949011276422,5,0.2154808911746652,0.28468593759462235,0.49595599196780116,5,7.38504822600464,..TATAA....,4.0
tbp,1tgh,MA0343.1.jaspar,2,1tgh_state_046_MA0343.1.jaspar.npz,state,46.0,5,0.9977110856948288,0.018327300868713793,0.009264317927323726,5,0.4141807968969016,0.22271170581225305,0.3751423780363384,5,7.051753283851769,..TATAT....,5.0
tbp,1tgh,MA0343.1.jaspar,2,1tgh_state_047_MA0343.1.jaspar.npz,state,47.0,5,0.949242670395995,0.05018697468449318,0.03145764448884863,5,0.27882654449847916,0.2655977156944573,0.44928309741129835,5,7.1538666937731765,..TATAA....,4.0
tbp,1tgh,MA0343.1.jaspar,2,1tgh_state_048_MA0343.1.jaspar.npz,state,48.0,5,0.8909859830161183,0.0695316005044333,0.06644481329817961,5,0.20864514521669503,0.2860372186056338,0.5030059875482162,5,7.653376596684534,..TATAA....,4.0
tbp,1tgh,MA0343.1.jaspar,2,1tgh_state_049_MA0343.1.jaspar.npz,state,49.0,8,-0.27335489547436315,0.4383251487594862,0.7528895735891835,5,-0.04835168110870856,0.3759749934033607,0.6560556369968118,5,11.4367568174327,.TATGTATA..,0.0
tbp,1tgh,MA0343.1.jaspar,2,1tgh_state_050_MA0343.1.jaspar.npz,state,50.0,8,-0.2902233821785902,0.4477179223799794,0.7910012864756076,5,-0.06936039187455201,0.38485003092791886,0.6928294325710771,5,11.533383112486941,.TATATATA..,0.0
tbp,1tgh,MA0343.1.jaspar,2,1tgh_state_051_MA0343.1.jaspar.npz,state,51.0,5,0.9971854239168625,0.01932616458625489,0.008935626866207885,5,0.4151196125441219,0.2210488114738837,0.3761824495285287,5,7.214408768181106,..TATAT....,5.0
tbp,1tgh,MA0343.1.jaspar,2,1tgh_state_052_MA0343.1.jaspar.npz,state,52.0,5,0.9859307949392808,0.0368170012149676,0.021839728552136034,5,0.44400126861119227,0.21266051018610596,0.3575773876925532,5,6.8150458598969355,..TATAT....,5.0
tbp,1tgh,MA0343.1.jaspar,2,1tgh_state_053_MA0343.1.jaspar.npz,state,53.0,5,0.9858925361346011,0.03147735906650269,0.01813845541547826,5,0.43330726498435057,0.21060158917680383,0.3609862342268369,5,7.265511032125048,..TATAT....,5.0
tbp,1tgh,MA0343.1.jaspar,2,1tgh_state_054_MA0343.1.jaspar.npz,state,54.0,5,0.9979255084093342,0.018326695904852384,0.009764710108118151,5,0.37990925416223326,0.2350511861499399,0.3915569690659328,5,6.846098931833782,..TATAT....,5.0
tbp,1tgh,MA0343.1.jaspar,2,1tgh_state_055_MA0343.1.jaspar.npz,state,55.0,5,0.9986590504896053,0.013864279807330604,0.007808139003975703,5,0.40181228885203013,0.22630225801840426,0.3853007571809859,5,7.111104909267048,..TATAT....,5.0
tbp,1tgh,MA0343.1.jaspar,2,1tgh_state_056_MA0343.1.jaspar.npz,state,56.0,5,0.9649244911927372,0.054320288439066645,0.043246177098923165,5,0.4777177797554165,0.19723474704660476,0.3379397303324002,5,7.25365008695775,..TATAT....,5.0
tbp,1tgh,MA0343.1.jaspar,2,1tgh_state_057_MA0343.1.jaspar.npz,state,57.0,5,0.9847133028706366,0.03489513093491041,0.017196519243610674,5,0.34755592232936905,0.24690055712126197,0.4096806960826771,5,6.817400311528578,..TATAA....,4.0
tbp,1tgh,MA0343.1.jaspar,2,1tgh_state_058_MA0343.1.jaspar.npz,state,58.0,5,0.9991552284040746,0.013605058450502838,0.00795286193742018,5,0.3904472266859045,0.23008560138987377,0.38624478238460436,5,6.988573712521385,..TATAT....,5.0
tbp,1tgh,MA0343.1.jaspar,2,1tgh_state_059_MA0343.1.jaspar.npz,state,59.0,5,0.9982777500091601,0.017673883530096645,0.00949939332030885,5,0.4084779625816003,0.22458502566441893,0.37811462365359483,5,7.110067543935097,..TATAT....,5.0
tbp,1tgh,MA0343.1.jaspar,2,1tgh_state_060_MA0343.1.jaspar.npz,state,60.0,5,0.9956027969863818,0.01708438678006132,0.005226259277253664,5,0.37155841806507367,0.24047484692709986,0.40190677682178855,5,7.257363791967798,..TATAT....,5.0
tbp,1tgh,MA0343.1.jaspar,2,1tgh_state_061_MA0343.1.jaspar.npz,state,61.0,5,0.757325208763946,0.12539206385090437,0.1370310484954716,5,0.3031955129009365,0.2664156000450021,0.4260802414875716,5,6.372643204402484,..TGTAA....,3.0
tbp,1tgh,MA0343.1.jaspar,2,1tgh_state_062_MA0343.1.jaspar.npz,state,62.0,5,0.979456593708902,0.036410082516977124,0.01732813880811096,5,0.3291585720017924,0.2514261629199609,0.4204504925034098,5,7.046070682772299,..TATAA....,4.0
tbp,1tgh,MA0343.1.jaspar,2,1tgh_state_063_MA0343.1.jaspar.npz,state,63.0,5,0.925224593981958,0.07065170345713341,0.05142158593656578,5,0.24799430523724258,0.27783084772527217,0.45205949218696756,5,6.594628339278694,..TATAA....,4.0
tbp,1tgh,MA0343.1.jaspar,2,1tgh_state_064_MA0343.1.jaspar.npz,state,64.0,5,0.9988738273860154,0.014141451719933685,0.008292585507528141,5,0.3823222870371201,0.2321006668964401,0.3882862291912248,5,6.988945587092241,..TATAT....,5.0
tbp,1tgh,MA0343.1.jaspar,2,1tgh_state_065_MA0343.1.jaspar.npz,state,65.0,5,0.9866176158860196,0.04499648237951988,0.03414671101008336,5,0.36417864554237644,0.2480381259927526,0.3942429264896466,5,5.851217707610484,..TATAT....,5.0
tbp,1tgh,MA0343.1.jaspar,2,1tgh_state_066_MA0343.1.jaspar.npz,state,66.0,5,0.9969440502088955,0.018089310767845746,0.007476688338547926,5,0.4170059110654785,0.21968962149694563,0.3741166343044907,5,7.2791949276541095,..TATAT....,5.0
tbp,1tgh,MA0343.1.jaspar,2,1tgh_state_067_MA0343.1.jaspar.npz,state,67.0,5,0.9505625483147347,0.05432680175990754,0.03342134656753058,5,0.29009317313850697,0.26308184002991764,0.44036015619911373,5,6.981139110247049,..TATAA....,4.0
tbp,1tgh,MA0343.1.jaspar,2,1tgh_state_068_MA0343.1.jaspar.npz,state,68.0,5,0.9709102887124615,0.04313860418160402,0.023946274358837998,5,0.3033608738550145,0.25924162212759255,0.42963876603476336,5,6.839203583660694,..TATAA....,4.0
tbp,1tgh,MA0343.1.jaspar,2,1tgh_state_069_MA0343.1.jaspar.npz,state,69.0,5,0.9980937019704269,0.01738605059335896,0.01107142134299205,5,0.396363381084526,0.2304938202840276,0.386533850802518,5,6.915878659971978,..TATAT....,5.0
tbp,1tgh,MA0343.1.jaspar,2,1tgh_state_070_MA0343.1.jaspar.npz,state,70.0,5,0.9488436265944904,0.05094817009639883,0.03217522807213376,5,0.2707152623198031,0.26775692142546176,0.452332703376732,5,7.207407252772856,..TATAA....,4.0
tbp,1tgh,MA0343.1.jaspar,2,1tgh_state_071_MA0343.1.jaspar.npz,state,71.0,5,0.9839831312837739,0.03747414840736383,0.020436828032279964,5,0.4526598148426568,0.20726306170690806,0.34705898277574476,5,7.092278822877036,..TATAT....,5.0
tbp,1tgh,MA0343.1.jaspar,2,1tgh_state_072_MA0343.1.jaspar.npz,state,72.0,5,0.9707939619068725,0.043082920660981475,0.023582927141088374,5,0.30699022470000437,0.25965219622012226,0.43290365871655434,5,7.004599211871082,..TATAA....,4.0
tbp,1tgh,MA0343.1.jaspar,2,1tgh_state_073_MA0343.1.jaspar.npz,state,73.0,5,0.8623714578478735,0.08148468306872018,0.09554298668130563,5,0.1793549840499533,0.2967590371496044,0.5359038498343276,5,7.931316948945216,..TATAA....,4.0
tbp,1tgh,MA0343.1.jaspar,2,1tgh_state_074_MA0343.1.jaspar.npz,state,74.0,5,0.9212845083915253,0.06293746828569055,0.045981843263889585,5,0.26229921758525515,0.27198130459873937,0.45647042759756573,5,7.1390730333266035,..TATAA....,4.0
tbp,1tgh,MA0343.1.jaspar,2,1tgh_state_075_MA0343.1.jaspar.npz,state,75.0,5,0.998034188185408,0.016762527885748568,0.009182516083147489,5,0.40803827497725975,0.22514341806236188,0.3806958729288432,5,7.0623270709946055,..TATAT....,5.0
tbp,1tgh,MA0343.1.jaspar,2,1tgh_state_076_MA0343.1.jaspar.npz,state,76.0,5,0.9321167827241532,0.0573788405524283,0.04130955264838024,5,0.2519631456664769,0.2731041396735236,0.4658509997034943,5,7.216680562987573,..TATAA....,4.0
tbp,1tgh,MA0343.1.jaspar,2,1tgh_state_077_MA0343.1.jaspar.npz,state,77.0,5,0.9800383462835961,0.037488296186802474,0.01971649605022032,5,0.329761546796307,0.25244225180940705,0.4264981095742429,5,7.178952483036335,..TATAA....,4.0
tbp,1tgh,MA0343.1.jaspar,2,1tgh_state_078_MA0343.1.jaspar.npz,state,78.0,5,0.9111619500885351,0.08461055249326818,0.0782438040861854,5,0.5224594677241614,0.19258581672329456,0.3107127417275119,5,6.381668336717004,..TATAT....,5.0
tbp,1tgh,MA0343.1.jaspar,2,1tgh_state_079_MA0343.1.jaspar.npz,state,79.0,5,0.9679617067685525,0.04681496566745409,0.040645763841749435,5,0.45832273234474585,0.20047863268991933,0.3586388094771349,5,7.979024690425337,..TATAT....,5.0
tbp,1tgh,MA0343.1.jaspar,2,1tgh_state_080_MA0343.1.jaspar.npz,state,80.0,5,0.8948614617553541,0.07401554238867902,0.06622508165738124,5,0.20881038373639219,0.2870287005789578,0.5004361945484875,5,7.412651566935131,..TATAA....,4.0
tbp,1tgh,MA0343.1.jaspar,2,1tgh_state_081_MA0343.1.jaspar.npz,state,81.0,5,0.9778796067567436,0.038691904036113556,0.026223253766919835,5,0.4483915703551224,0.2035392830846831,0.35024118419660166,5,7.454959849547905,..TATAT....,5.0
tbp,1tgh,MA0343.1.jaspar,2,1tgh_state_082_MA0343.1.jaspar.npz,state,82.0,5,0.9750024888054517,0.0448151010449692,0.02756538437085122,5,0.3068354779283368,0.2603474642150104,0.433482989372202,5,6.7068506634617,..TATAA....,4.0
tbp,1tgh,MA0343.1.jaspar,2,1tgh_state_083_MA0343.1.jaspar.npz,state,83.0,5,0.9900835683669057,0.026662531903730267,0.013078084167962212,5,0.4319035882673685,0.2125420961994678,0.36897308503569815,5,7.405381000036964,..TATAT....,5.0
tbp,1tgh,MA0343.1.jaspar,2,1tgh_state_084_MA0343.1.jaspar.npz,state,84.0,5,0.9585232074020378,0.04993881798700386,0.029207108069262005,5,0.2981963180821812,0.26064401452895253,0.4365664936016912,5,6.973436419464678,..TATAA....,4.0
tbp,1tgh,MA0343.1.jaspar,2,1tgh_state_086_MA0343.1.jaspar.npz,state,86.0,5,0.9373726727236276,0.05653698217474812,0.03875271841541854,5,0.26119988560565843,0.2707057187566534,0.45603197087789216,5,7.124947355103775,..TATAA....,4.0
tbp,1tgh,MA0343.1.jaspar,2,1tgh_state_087_MA0343.1.jaspar.npz,state,87.0,5,0.9519158936245742,0.05183203615133607,0.031158023397912828,5,0.2870232043362157,0.26349383788183334,0.44113459906735086,5,7.10704770865728,..TATAA....,4.0
tbp,1tgh,MA0343.1.jaspar,2,1tgh_state_088_MA0343.1.jaspar.npz,state,88.0,5,0.9761714799465818,0.03999872763060921,0.020570322831470877,5,0.31874581442985717,0.254570753662847,0.42689152214479575,5,7.099984779908513,..TATAA....,4.0
tbp,1tgh,MA0343.1.jaspar,2,1tgh_state_089_MA0343.1.jaspar.npz,state,89.0,5,0.9757923421706526,0.04478118434899443,0.03135005703305195,5,0.4587473877881831,0.20288933257106692,0.35059895535233676,5,7.377349717314848,..TATAT....,5.0
tbp,1tgh,MA0343.1.jaspar,2,1tgh_state_090_MA0343.1.jaspar.npz,state,90.0,8,-0.2881807480741238,0.4474984946323275,0.7916198991255559,5,-0.06990623167977787,0.3851501340279356,0.698673714898777,5,12.862899303112506,.TATATAAA..,0.0
tbp,1tgh,MA0343.1.jaspar,2,1tgh_state_091_MA0343.1.jaspar.npz,state,91.0,5,0.9714930961001353,0.048237796559715204,0.036990600766670115,5,0.4564172770849376,0.20269374737981707,0.354190147242683,5,7.408333028379267,..TATAT....,5.0
tbp,1tgh,MA0343.1.jaspar,2,1tgh_state_092_MA0343.1.jaspar.npz,state,92.0,5,0.8916513483723743,0.07995195404628248,0.07326305838066716,5,0.22235259433270058,0.28473507606540804,0.49447044108852634,5,7.0997723635172285,..TATAA....,4.0
tbp,1tgh,MA0343.1.jaspar,2,1tgh_state_093_MA0343.1.jaspar.npz,state,93.0,5,0.9795479353366229,0.03356698240504556,0.015512069101111484,5,0.32568182440362753,0.25139228587504475,0.41390770509490843,5,7.066375240785906,..TATAA....,4.0
tbp,1tgh,MA0343.1.jaspar,2,1tgh_state_094_MA0343.1.jaspar.npz,state,94.0,5,0.9944575998537829,0.027886544762895937,0.01752745788019649,5,0.3852089127859706,0.23605044540017844,0.3904160595603202,5,6.54346104393655,..TATAT....,5.0
tbp,1tgh,MA0343.1.jaspar,2,1tgh_state_095_MA0343.1.jaspar.npz,state,95.0,5,0.9912253746001048,0.027824241657526727,0.014615013189549438,5,0.4228725270783798,0.21615019808523356,0.3675222381323981,5,7.113369067957551,..TATAT....,5.0
tbp,1tgh,MA0343.1.jaspar,2,1tgh_state_096_MA0343.1.jaspar.npz,state,96.0,5,0.9973415598142464,0.021337621741713518,0.010821960338707012,5,0.38260650566574567,0.23479048530571162,0.392023263190277,5,6.965056886617448,..TATAT....,5.0
tbp,1tgh,MA0343.1.jaspar,2,1tgh_state_097_MA0343.1.jaspar.npz,state,97.0,5,0.9984855029996539,0.017404583249026474,0.010760811406926715,5,0.3911278496531842,0.23135671115014703,0.38697765432457804,5,6.988867339508386,..TATAT....,5.0
tbp,1tgh,MA0343.1.jaspar,2,ENSEMBLE_MEAN,ensemble_mean,,8,0.9873094694909879,0.04440948500435078,0.02346806725208358,5,0.3609956349645603,0.24371092663220545,0.38426403509473267,5,9.67640967269962,.TTATAATA..,4.0
tbp,1tgh,MA0343.1.jaspar,3,1tgh_A_MA0343.1.jaspar.npz,crystal,,5,1.0,0.0,0.0,5,-0.0014342390801391517,0.3528858843492344,0.5305993708665744,5,3.6385463972527834,..TATAG....,
tbp,1tgh,MA0343.1.jaspar,3,1tgh_state_001_MA0343.1.jaspar.npz,state,1.0,5,0.8750399872067692,0.08808953324332833,0.041963039455610064,5,-0.02059475132473132,0.35720662551466376,0.5462020251509336,5,4.201727118101399,..TACAA....,3.0
tbp,1tgh,MA0343.1.jaspar,3,1tgh_state_002_MA0343.1.jaspar.npz,state,2.0,5,0.7935824140617671,0.1246524937916547,0.08315226774557676,5,0.006408538723406816,0.3505479607498273,0.541478570524395,5,4.7738134767687646,..TACAT....,3.0
tbp,1tgh,MA0343.1.jaspar,3,1tgh_state_003_MA0343.1.jaspar.npz,state,3.0,5,0.7700159382269374,0.1298957853578031,0.09105088248536919,5,0.14457094318190886,0.313638510578312,0.46346941521812324,5,4.614385635460567,..TACAT....,3.0
tbp,1tgh,MA0343.1.jaspar,3,1tgh_state_004_MA0343.1.jaspar.npz,state,4.0,5,0.8018130469298379,0.13020110395736992,0.08929435620156616,5,0.059872316996754785,0.334617181844078,0.525846446222417,5,5.313043166059669,..TACAT....,3.0
tbp,1tgh,MA0343.1.jaspar,3,1tgh_state_005_MA0343.1.jaspar.npz,state,5.0,5,0.8651156527335515,0.09310982464812696,0.056128867298446926,5,0.08154248879444617,0.3315490363864228,0.5184919480521182,5,4.673579551262163,..TACAA....,3.0
tbp,1tgh,MA0343.1.jaspar,3,1tgh_state_006_MA0343.1.jaspar.npz,state,6.0,5,0.6867057576721523,0.15456739971414207,0.14563935356863092,5,-0.056454509277643054,0.36930086940992624,0.6050633217353364,5,5.87458074874246,..CACAT....,2.0
tbp,1tgh,MA0343.1.jaspar,3,1tgh_state_007_MA0343.1.jaspar.npz,state,7.0,5,0.9132064148103368,0.08260426414199173,0.03706199287921318,5,0.1340810769830617,0.31755626869853587,0.4848790918432221,5,4.517820814686061,..TACAT....,3.0
tbp,1tgh,MA0343.1.jaspar,3,1tgh_state_008_MA0343.1.jaspar.npz,state,8.0,5,0.745164376126681,0.14915722655132413,0.11888233318498923,5,0.11961532263375697,0.31627973879221827,0.49685759881979175,5,5.605965632485745,..TACAT....,3.0
tbp,1tgh,MA0343.1.jaspar,3,1tgh_state_009_MA0343.1.jaspar.npz,state,9.0,5,0.8227352785878762,0.11273809727281332,0.07544083169126262,5,0.18914790379857052,0.30081939448136835,0.4616004527368244,5,4.945501200437721,..TACAT....,3.0
tbp,1tgh,MA0343.1.jaspar,3,1tgh_state_010_MA0343.1.jaspar.npz,state,10.0,5,0.8972539591274376,0.08424869887530803,0.03858270173368473,5,0.03585888708665354,0.34320530083496126,0.5211221062131562,5,4.144064806298166,..TACAG....,4.0
tbp,1tgh,MA0343.1.jaspar,3,1tgh_state_011_MA0343.1.jaspar.npz,state,11.0,5,0.7618899453738223,0.13852124172262847,0.10115419154974878,5,0.07972096072482983,0.3292039678199217,0.5201427938246826,5,5.266852505347561,..TACAT....,3.0
tbp,1tgh,MA0343.1.jaspar,3,1tgh_state_012_MA0343.1.jaspar.npz,state,12.0,5,0.7651548689319475,0.1308175542857498,0.09982405027866621,5,0.1241806525347599,0.31648511725943534,0.4919239915982286,5,5.193438849952587,..TACAT....,3.0
tbp,1tgh,MA0343.1.jaspar,3,1tgh_state_013_MA0343.1.jaspar.npz,state,13.0,5,0.8828450215392571,0.10306279575452208,0.04962254567847359,5,0.0953078283843284,0.32736516746226696,0.4966655287687095,5,4.611972204653873,..TACAT....,3.0
tbp,1tgh,MA0343.1.jaspar,3,1tgh_state_014_MA0343.1.jaspar.npz,state,14.0,5,0.6495095253419713,0.14922192692756653,0.1570170653868867,5,0.10354754896627073,0.3224011141108349,0.5079702202356674,5,5.494517669354799,..TACAT....,3.0
tbp,1tgh,MA0343.1.jaspar,3,1tgh_state_015_MA0343.1.jaspar.npz,state,15.0,5,0.6795545255031852,0.16889627515338362,0.1595767064751354,5,0.13003701076413662,0.3121600862359628,0.5130708229544932,5,6.05127211254931,..TACAT....,3.0
tbp,1tgh,MA0343.1.jaspar,3,1tgh_state_016_MA0343.1.jaspar.npz,state,16.0,5,0.919701348924411,0.0703576141037047,0.029981048772421054,5,0.08536600535920848,0.33113901859614997,0.4943488459115636,5,4.0427701014568145,..TACAG....,4.0
tbp,1tgh,MA0343.1.jaspar,3,1tgh_state_017_MA0343.1.jaspar.npz,state,17.0,5,0.7384825487965796,0.1455493197310716,0.11448567389120531,5,0.19837596270849744,0.29499341079499575,0.4515600168611892,5,5.289125361639101,..TACAT....,3.0
tbp,1tgh,MA0343.1.jaspar,3,1tgh_state_018_MA0343.1.jaspar.npz,state,18.0,5,0.746883275790976,0.12983652255497874,0.10636135425400295,5,-0.009974937964676285,0.35463908908423036,0.5524176548817656,5,4.9332948519862505,..TACAA....,3.0
tbp,1tgh,MA0343.1.jaspar,3,1tgh_state_019_MA0343.1.jaspar.npz,state,19.0,5,0.7264023579948771,0.1449433329049498,0.12391887347770858,5,0.08178125173794965,0.33340139032807203,0.518467334142682,5,4.914360051250143,..TACAC....,3.0
tbp,1tgh,MA0343.1.jaspar,3,1tgh_state_020_MA0343.1.jaspar.npz,state,20.0,5,0.8653411285696094,0.10682264999486506,0.057456145364951174,5,0.06828748575823372,0.33369245508220047,0.5141694810939295,5,4.806117051645048,..TACAT....,3.0
tbp,1tgh,MA0343.1.jaspar,3,1tgh_state_021_MA0343.1.jaspar.npz,state,21.0,5,0.682766612655949,0.15470488127321005,0.13408093735647936,5,0.16806265412041957,0.30374836523551496,0.46740882116703786,5,5.244518784914339,..TACAT....,3.0
tbp,1tgh,MA0343.1.jaspar,3,1tgh_state_022_MA0343.1.jaspar.npz,state,22.0,5,0.7855084511062965,0.12490960396826267,0.07484647978356716,5,-0.16915971972268032,0.3977913415292278,0.6239946282794959,5,4.7149834359985,..CACAT....,2.0
tbp,1tgh,MA0343.1.jaspar,3,1tgh_state_024_MA0343.1.jaspar.npz,state,24.0,5,0.9089885029211718,0.08085089651867747,0.03404530313432652,5,0.026813507581825057,0.3457951774122193,0.5321516832370348,5,4.2313417468293775,..TACAG....,4.0
tbp,1tgh,MA0343.1.jaspar,3,1tgh_state_025_MA0343.1.jaspar.npz,state,25.0,5,0.660394475112596,0.16777678015641867,0.1642281975642384,5,0.15666431294871805,0.3037282674340531,0.49604046263120105,5,5.995354166284356,..TACAT....,3.0
tbp,1tgh,MA0343.1.jaspar,3,1tgh_state_026_MA0343.1.jaspar.npz,state,26.0,5,0.7635892714731184,0.12749162456020713,0.08428029827599845,5,0.0687235146687714,0.3342873610788956,0.4980865257602418,5,4.28607945155901,..TACAT....,3.0
tbp,1tgh,MA0343.1.jaspar,3,1tgh_state_028_MA0343.1.jaspar.npz,state,28.0,5,0.6982975435677592,0.1462340812664479,0.12147955524555028,5,0.05742847087341093,0.3369081874145195,0.5216316747064831,5,4.7845960592521255,..TACAT....,3.0
tbp,1tgh,MA0343.1.jaspar,3,1tgh_state_029_MA0343.1.jaspar.npz,state,29.0,5,0.869881666279796,0.0875837342813611,0.04657394600248837,5,0.011743198218956783,0.3487027787836269,0.5449606972090908,5,4.511533702607321,..TACAG....,4.0
tbp,1tgh,MA0343.1.jaspar,3,1tgh_state_030_MA0343.1.jaspar.npz,state,30.0,5,0.7455744268420964,0.12531077712774277,0.11130144952844978,5,-0.034851471393094344,0.36194087073672565,0.5838770175444838,5,5.383980425649268,..TACAT....,3.0
tbp,1tgh,MA0343.1.jaspar,3,1tgh_state_031_MA0343.1.jaspar.npz,state,31.0,5,0.8516883558860097,0.09492422887124122,0.0560422011469912,5,-0.02084279986937609,0.35755468958523123,0.5450108096848957,5,4.200228918755774,..TACAG....,4.0
tbp,1tgh,MA0343.1.jaspar,3,1tgh_state_032_MA0343.1.jaspar.npz,state,32.0,5,0.7685683761737876,0.1477337448624894,0.11460549409609078,5,0.15421942597974714,0.3099409501533955,0.48827179394114884,5,5.688197164976298,..TACAT....,3.0
tbp,1tgh,MA0343.1.jaspar,3,1tgh_state_033_MA0343.1.jaspar.npz,state,33.0,5,0.6774255357533591,0.1634681577794254,0.15385823801063792,5,0.21756033094474628,0.2845890297787264,0.4686684787528234,5,6.108922268315773,..TACAT....,3.0
tbp,1tgh,MA0343.1.jaspar,3,1tgh_state_034_MA0343.1.jaspar.npz,state,34.0,5,0.6642480192900408,0.16753320139832795,0.17996448519820393,5,0.12351925942959749,0.3138690725201741,0.5335601363207518,5,6.5388946975465,..TACAT....,3.0
tbp,1tgh,MA0343.1.jaspar,3,1tgh_state_035_MA0343.1.jaspar.npz,state,35.0,5,0.7728661310149169,0.13449349915608763,0.09460739266336249,5,0.11723120661100764,0.31964669341687113,0.4897345161676826,5,5.002107656542536,..TACAT....,3.0
tbp,1tgh,MA0343.1.jaspar,3,1tgh_state_036_MA0343.1.jaspar.npz,state,36.0,5,0.8580551438414104,0.10544533468782902,0.060005611550907355,5,0.07899176382925562,0.3323447976494208,0.5166792852391002,5,4.554555814779094,..TACAC....,3.0
tbp,1tgh,MA0343.1.jaspar,3,1tgh_state_037_MA0343.1.jaspar.npz,state,37.0,5,0.8362375905336179,0.09510834100656211,0.055406113258081466,5,-0.01711503729198931,0.35615058250259607,0.5474106144148936,5,4.338449967728377,..TACAA....,3.0
tbp,1tgh,MA0343.1.jaspar,3,1tgh_state_038_MA0343.1.jaspar.npz,state,38.0,5,0.706467478360089,0.15948403533548117,0.13805998939305283,5,0.11373970659086689,0.3179034359985963,0.5083607554150265,5,5.77356282098407,..TACAT....,3.0
tbp,1tgh,MA0343.1.jaspar,3,1tgh_state_039_MA0343.1.jaspar.npz,state,39.0,5,0.6938717797776873,0.14844103381037713,0.13805498897477128,5,0.09241209442442046,0.32552410059142856,0.5169013368899938,5,5.4447413927007995,..TACAT....,3.0
tbp,1tgh,MA0343.1.jaspar,3,1tgh_state_040_MA0343.1.jaspar.npz,state,40.0,5,0.9062602445218303,0.07813083757646382,0.032286025468839026,5,0.012570074994171019,0.349208996235393,0.536303219741921,5,3.995259643434843,..TACAG....,4.0
tbp,1tgh,MA0343.1.jaspar,3,1tgh_state_041_MA0343.1.jaspar.npz,state,41.0,5,0.7557805719960309,0.1412141197361052,0.11294764412366218,5,-0.04337789395536375,0.36512313710991295,0.590779078992158,5,5.426055891098342,..TACAT....,3.0
tbp,1tgh,MA0343.1.jaspar,3,1tgh_state_042_MA0343.1.jaspar.npz,state,42.0,5,0.6733594761313795,0.17172077666036784,0.13559845924957686,5,0.4750770158152038,0.24017717845272274,0.31573608059942304,5,4.029483254589836,..TATAT....,4.0
tbp,1tgh,MA0343.1.jaspar,3,1tgh_state_043_MA0343.1.jaspar.npz,state,43.0,5,0.7752579752319125,0.09760167831555008,0.0841153876700248,5,-0.08492851653159818,0.3740674359956756,0.5792608773921943,5,4.5717877595358205,..TACAT....,3.0
tbp,1tgh,MA0343.1.jaspar,3,1tgh_state_044_MA0343.1.jaspar.npz,state,44.0,5,0.8389436664698381,0.10947906710207463,0.06297114806115973,5,0.1303639424309461,0.31942813724745067,0.48580745162589223,5,4.2758417252428575,..TACAT....,3.0
tbp,1tgh,MA0343.1.jaspar,3,1tgh_state_045_MA0343.1.jaspar.npz,state,45.0,5,0.8386724477387418,0.10432984107173979,0.059757162983323606,5,-0.052899374420906156,0.36601889652665703,0.5636617906951338,5,4.4476531018667265,..TACAT....,3.0
tbp,1tgh,MA0343.1.jaspar,3,1tgh_state_046_MA0343.1.jaspar.npz,state,46.0,5,0.7647057003898605,0.12543766936287284,0.09377028127945301,5,0.20547081528145295,0.2965058425674215,0.4410579673932321,5,4.753505284338312,..TACAT....,3.0
tbp,1tgh,MA0343.1.jaspar,3,1tgh_state_047_MA0343.1.jaspar.npz,state,47.0,5,0.7798979934043615,0.11965217627584934,0.09374388198839397,5,-0.005747064955687353,0.3533053706632927,0.5735392059914901,5,5.28882279182477,..TACAG....,4.0
tbp,1tgh,MA0343.1.jaspar,3,1tgh_state_048_MA0343.1.jaspar.npz,state,48.0,5,0.8170827282856381,0.11740826801396906,0.07100332122731014,5,0.04541048664572598,0.3392878619721159,0.5257169117549705,5,4.834716205380199,..TACAT....,3.0
tbp,1tgh,MA0343.1.jaspar,3,1tgh_state_049_MA0343.1.jaspar.npz,state,49.0,8,-0.08916433041859671,0.31608470058999955,0.40055885312240463,5,0.0427809335631803,0.346029514237307,0.5485335447186064,5,7.160581667122777,.GTTACATA..,1.0
tbp,1tgh,MA0343.1.jaspar,3,1tgh_state_050_MA0343.1.jaspar.npz,state,50.0,8,-0.3023160806019813,0.38807083072606474,0.5583541038386206,5,-0.039016846797815544,0.37195038255304097,0.6302887652088647,5,9.227765156185114,.TATACATG..,0.0
tbp,1tgh,MA0343.1.jaspar,3,1tgh_state_051_MA0343.1.jaspar.npz,state,51.0,5,0.7034568973435092,0.1352775037055835,0.13775048448491173,5,0.004508148807238188,0.3514195024967194,0.5691399479999582,5,5.6322130630378435,..TACAT....,3.0
tbp,1tgh,MA0343.1.jaspar,3,1tgh_state_052_MA0343.1.jaspar.npz,state,52.0,5,0.7201572549729465,0.1487213304731995,0.12145941073382124,5,0.24759601703978504,0.2826246650656685,0.4327947565538365,5,5.211204105233293,..TACAT....,3.0
tbp,1tgh,MA0343.1.jaspar,3,1tgh_state_053_MA0343.1.jaspar.npz,state,53.0,5,0.6529357050651113,0.15994095746427775,0.1521659071377189,5,0.1389170302749538,0.3107333130436018,0.49987011781336416,5,5.58334638549943,..TACAT....,3.0
tbp,1tgh,MA0343.1.jaspar,3,1tgh_state_054_MA0343.1.jaspar.npz,state,54.0,5,0.6726078769698327,0.1524674344807863,0.14946392624244362,5,0.1286921746117564,0.31291082438547163,0.5050631879127828,5,5.761482535674223,..TACAT....,3.0
tbp,1tgh,MA0343.1.jaspar,3,1tgh_state_055_MA0343.1.jaspar.npz,state,55.0,5,0.831789732701377,0.10911543755792082,0.06532982115964234,5,0.016208746790760557,0.3472720312653109,0.5478303514696082,5,4.882154230003454,..TACAT....,3.0
tbp,1tgh,MA0343.1.jaspar,3,1tgh_state_056_MA0343.1.jaspar.npz,state,56.0,5,0.7045033010684462,0.1465269073843956,0.13235923267362532,5,0.1952602330932886,0.29611907557118683,0.4547010767389022,5,5.293350018502535,..TACAT....,3.0
tbp,1tgh,MA0343.1.jaspar,3,1tgh_state_057_MA0343.1.jaspar.npz,state,57.0,5,0.6664552518488953,0.16126157636754215,0.15227636154885946,5,0.13155678197133652,0.31352198652457447,0.49160404394785007,5,5.526529147700326,..TACAT....,3.0
tbp,1tgh,MA0343.1.jaspar,3,1tgh_state_058_MA0343.1.jaspar.npz,state,58.0,5,0.7758817427318853,0.11359927412122488,0.08317846659807782,5,0.026821282102034497,0.34489867456723006,0.5237586519395535,5,4.531929240963942,..TACAT....,3.0
tbp,1tgh,MA0343.1.jaspar,3,1tgh_state_059_MA0343.1.jaspar.npz,state,59.0,5,0.8025646696297042,0.11657287455163896,0.07612986019390067,5,0.08980669120028989,0.3278618528274819,0.49334054773721847,5,4.618026290097129,..TACAT....,3.0
tbp,1tgh,MA0343.1.jaspar,3,1tgh_state_060_MA0343.1.jaspar.npz,state,60.0,5,0.7372990489107514,0.1403006006963551,0.11420655215589433,5,0.09026409948380207,0.32530888507608324,0.5173816023410927,5,5.422102300954083,..TACAT....,3.0
tbp,1tgh,MA0343.1.jaspar,3,1tgh_state_061_MA0343.1.jaspar.npz,state,61.0,5,0.8175924659592546,0.10716064623557031,0.0659154064078928,5,-0.007181295838270458,0.3537157316459343,0.5386329478857089,5,4.345825689644357,..TACAT....,3.0
tbp,1tgh,MA0343.1.jaspar,3,1tgh_state_062_MA0343.1.jaspar.npz,state,62.0,5,0.7459489817839543,0.13860530578531324,0.11105332454349755,5,0.14988420886523823,0.3097800567513332,0.478056326244907,5,5.243265113828903,..TACAT....,3.0
tbp,1tgh,MA0343.1.jaspar,3,1tgh_state_063_MA0343.1.jaspar.npz,state,63.0,5,0.9343501341551684,0.07062855903059244,0.027438993068850327,5,0.09422964370734951,0.3287776367040351,0.5014742560482992,5,4.264302629715937,..TACAG....,4.0
tbp,1tgh,MA0343.1.jaspar,3,1tgh_state_064_MA0343.1.jaspar.npz,state,64.0,5,0.7214799683667148,0.14154488299973308,0.12742471978200615,5,0.07427392959582386,0.3301856921752915,0.5296979633107476,5,5.5377170531338695,..TACAT....,3.0
tbp,1tgh,MA0343.1.jaspar,3,1tgh_state_065_MA0343.1.jaspar.npz,state,65.0,5,0.7236239535017657,0.12038456364534796,0.09433742420600254,5,0.09741646176102087,0.3281757841585204,0.4723942626114116,5,3.984953516866492,..TACAT....,3.0
tbp,1tgh,MA0343.1.jaspar,3,1tgh_state_066_MA0343.1.jaspar.npz,state,66.0,5,0.6184098534628537,0.1638958846218884,0.16144676060296625,5,0.154159870612916,0.30819882845971736,0.47280593689321754,5,5.157266406225417,..TACAT....,3.0
tbp,1tgh,MA0343.1.jaspar,3,1tgh_state_067_MA0343.1.jaspar.npz,state,67.0,5,0.715139823425113,0.14833507100120186,0.11772756392071111,5,0.1595254148254271,0.3084414370590821,0.46187934983892565,5,4.8458775043053155,..TACAT....,3.0
tbp,1tgh,MA0343.1.jaspar,3,1tgh_state_068_MA0343.1.jaspar.npz,state,68.0,5,0.6311782003095092,0.15330192865803838,0.11981336713519215,5,0.08562188935477043,0.3319776602322236,0.4745542576598548,5,3.7506339509705526,..TACAT....,3.0
tbp,1tgh,MA0343.1.jaspar,3,1tgh_state_069_MA0343.1.jaspar.npz,state,69.0,5,0.833202969499015,0.10393243501894175,0.06582377088499311,5,0.24602904898867745,0.2926828521071002,0.4156306060000657,5,3.9996788025787,..TACAT....,3.0
tbp,1tgh,MA0343.1.jaspar,3,1tgh_state_070_MA0343.1.jaspar.npz,state,70.0,5,0.9229249571214934,0.08155236053280532,0.03595482918737162,5,0.08567122145282936,0.332017318229191,0.49576514785780307,5,4.231412944831344,..TATAT....,4.0
tbp,1tgh,MA0343.1.jaspar,3,1tgh_state_071_MA0343.1.jaspar.npz,state,71.0,5,0.7131058229984276,0.15663842298090458,0.1348203734548159,5,0.1674279520748149,0.30227264410350474,0.47708615555690537,5,5.667177116417726,..TACAT....,3.0
tbp,1tgh,MA0343.1.jaspar,3,1tgh_state_072_MA0343.1.jaspar.npz,state,72.0,5,0.8645883322637751,0.09408316747285425,0.05286281469843892,5,-0.050504238390791455,0.36480340713169424,0.5551829681286187,5,4.36087815479832,..TACAG....,4.0
tbp,1tgh,MA0343.1.jaspar,3,1tgh_state_073_MA0343.1.jaspar.npz,state,73.0,5,0.7934589909700797,0.1136483053676784,0.08143561053370543,5,0.22934002590160862,0.29424025157932193,0.41886390746435237,5,4.227195206262129,..TACAT....,3.0
tbp,1tgh,MA0343.1.jaspar,3,1tgh_state_074_MA0343.1.jaspar.npz,state,74.0,5,0.6919179199275067,0.13518051132559777,0.11872378795433709,5,0.007018146654876175,0.35007993180770425,0.5299637237450303,5,4.707662205219263,..CACAT....,2.0
tbp,1tgh,MA0343.1.jaspar,3,1tgh_state_075_MA0343.1.jaspar.npz,state,75.0,5,0.6646926454078185,0.164132292708382,0.16696009652198934,5,0.1290020817233381,0.3120918428292498,0.5166642504754757,5,6.212687731952354,..TACAT....,3.0
tbp,1tgh,MA0343.1.jaspar,3,1tgh_state_076_MA0343.1.jaspar.npz,state,76.0,5,0.7846043199234343,0.1295860187150538,0.08969166947468887,5,0.15129116880901186,0.30965761954430493,0.48220837686733675,5,5.042730410715411,..TACAT....,3.0
tbp,1tgh,MA0343.1.jaspar,3,1tgh_state_077_MA0343.1.jaspar.npz,state,77.0,5,0.8494419867971431,0.09556862185709178,0.05398142851095119,5,-0.028445786523846484,0.35942615268286315,0.5600080130342244,5,4.527630219166482,..TACAT....,3.0
tbp,1tgh,MA0343.1.jaspar,3,1tgh_state_078_MA0343.1.jaspar.npz,state,78.0,5,0.7675077819309271,0.13585636857897043,0.10230222732828335,5,0.14397432002852623,0.31188044215086846,0.4850548579627465,5,5.082862249429078,..TACAT....,3.0
tbp,1tgh,MA0343.1.jaspar,3,1tgh_state_079_MA0343.1.jaspar.npz,state,79.0,5,0.7276005839798588,0.145477235596627,0.11701446227939896,5,0.14918968112131953,0.30762663336936386,0.48831644445541256,5,5.550453315964085,..TACAT....,3.0
tbp,1tgh,MA0343.1.jaspar,3,1tgh_state_080_MA0343.1.jaspar.npz,state,80.0,5,0.9046275876860693,0.07463364256545901,0.032400647844662046,5,-0.12812764929909465,0.3841540195280686,0.5907472221860586,5,4.162228379395667,..TACAA....,3.0
tbp,1tgh,MA0343.1.jaspar,3,1tgh_state_081_MA0343.1.jaspar.npz,state,81.0,5,0.7917359920930398,0.11263343025930225,0.0858261964458604,5,0.26444666589096,0.28335031715687364,0.40661119996466183,5,4.516478845286176,..TACAT....,3.0
tbp,1tgh,MA0343.1.jaspar,3,1tgh_state_082_MA0343.1.jaspar.npz,state,82.0,5,0.9674206713564828,0.05322010293602943,0.01619629960492363,5,0.14045328969452942,0.3189042897196487,0.4763746524362452,5,4.080956591250747,..TATAG....,5.0
tbp,1tgh,MA0343.1.jaspar,3,1tgh_state_083_MA0343.1.jaspar.npz,state,83.0,5,0.8034126420700407,0.11094162110239267,0.07406234694163041,5,0.029011987366812323,0.34394601576495915,0.5323564774079911,5,4.675124283520338,..TACAA....,3.0
tbp,1tgh,MA0343.1.jaspar,3,1tgh_state_084_MA0343.1.jaspar.npz,state,84.0,5,0.7882321538797562,0.11672379625961185,0.08196057699598747,5,0.02248989219592091,0.34551842662040144,0.532901367026696,5,4.797757182116508,..TACAT....,3.0
tbp,1tgh,MA0343.1.jaspar,3,1tgh_state_086_MA0343.1.jaspar.npz,state,86.0,5,0.7310363473622535,0.13729666392318904,0.11007806746860042,5,0.18011613569566443,0.30230771272908896,0.45199392742517297,5,4.894201070568169,..TACAT....,3.0
tbp,1tgh,MA0343.1.jaspar,3,1tgh_state_087_MA0343.1.jaspar.npz,state,87.0,5,0.7818480286356236,0.11640682085417212,0.08841706475116175,5,-0.04379544562352155,0.3635457625379786,0.5690034349270672,5,4.9071172794502065,..TACAT....,3.0
tbp,1tgh,MA0343.1.jaspar,3,1tgh_state_088_MA0343.1.jaspar.npz,state,88.0,5,0.8077625752671258,0.11944312090054154,0.09369413883751157,5,0.283166045299013,0.27300386189017445,0.4132534150504224,5,5.2399098674216145,..TATAT....,4.0
tbp,1tgh,MA0343.1.jaspar,3,1tgh_state_089_MA0343.1.jaspar.npz,state,89.0,5,0.6950571239319965,0.15817896635271608,0.13931922784072692,5,0.1231164374155378,0.31538956935983153,0.49614977233893665,5,5.563058792731378,..TACAT....,3.0
tbp,1tgh,MA0343.1.jaspar,3,1tgh_state_090_MA0343.1.jaspar.npz,state,90.0,8,-0.28733227421584034,0.38363278065808115,0.5130971357979286,5,-0.07065252244689439,0.3783603441668674,0.6224872870586721,5,8.194017312268628,.TGTATAGG..,0.0
tbp,1tgh,MA0343.1.jaspar,3,1tgh_state_091_MA0343.1.jaspar.npz,state,91.0,5,0.649468330455509,0.17800922663882374,0.18225721568415842,5,0.18263062845235226,0.2947429560357705,0.4931145350983182,5,6.493725758495184,..TACAT....,3.0
tbp,1tgh,MA0343.1.jaspar,3,1tgh_state_092_MA0343.1.jaspar.npz,state,92.0,5,0.9840136615787501,0.03402604856528342,0.009155634365932351,5,0.05143264601864407,0.3407111705979332,0.517983740640818,5,4.0730596517788245,..TATAG....,5.0
tbp,1tgh,MA0343.1.jaspar,3,1tgh_state_093_MA0343.1.jaspar.npz,state,93.0,5,0.8322800633867544,0.10193705521523952,0.0600816802813829,5,-0.014947151490674179,0.355924437684007,0.5296302273055893,5,4.196909644869389,..TACAT....,3.0
tbp,1tgh,MA0343.1.jaspar,3,1tgh_state_094_MA0343.1.jaspar.npz,state,94.0,5,0.7793479470152919,0.12928332039155066,0.0914382787789923,5,0.04304991139336377,0.3396689276909456,0.5360960283723817,5,5.114199983444966,..TACAT....,3.0
tbp,1tgh,MA0343.1.jaspar,3,1tgh_state_095_MA0343.1.jaspar.npz,state,95.0,5,0.6639136549441585,0.15898226867429913,0.15591486488478856,5,0.14899280645303647,0.30674143105279655,0.49047654602742047,5,5.787778997215097,..TACAT....,3.0
tbp,1tgh,MA0343.1.jaspar,3,1tgh_state_096_MA0343.1.jaspar.npz,state,96.0,5,0.8804188323845689,0.09105099556036293,0.053045415768477454,5,0.24331343748385625,0.2915603138273582,0.41727679597859924,5,4.21847207356119,..TATAT....,4.0
tbp,1tgh,MA0343.1.jaspar,3,1tgh_state_097_MA0343.1.jaspar.npz,state,97.0,5,0.7658363906900207,0.12812378201633692,0.08640818560626802,5,0.1779094362304374,0.3070918728830293,0.4503721917141711,5,4.223835797398301,..TACAT....,3.0
tbp,1tgh,MA0343.1.jaspar,3,ENSEMBLE_MEAN,ensemble_mean,,8,0.8058412198103129,0.11094466327568575,0.06804622491985113,5,0.09626484501498017,0.3278852008179029,0.48223942620669835,5,6.018179481413432,.TTACATTG..,3.0
tbp,1tgh,MA0343.1.jaspar,4,1tgh_A_MA0343.1.jaspar.npz,crystal,,5,1.0,0.0,0.0,5,-0.2938206011979587,0.4584731948183617,0.7818229278619866,5,7.256151246378081,..CACAC....,
tbp,1tgh,MA0343.1.jaspar,4,1tgh_state_001_MA0343.1.jaspar.npz,state,1.0,5,0.9392604699703204,0.08285454923461658,0.04327357673987202,5,-0.12003904036676977,0.3930393353453837,0.6005618992290584,5,5.333255643009489,..CACAC....,5.0
tbp,1tgh,MA0343.1.jaspar,4,1tgh_state_002_MA0343.1.jaspar.npz,state,2.0,5,0.935395242313726,0.07054739510640502,0.04495096669830069,5,-0.2695777897362816,0.4404543501645094,0.7076767184958243,5,5.966492830019956,..CCCAC....,4.0
tbp,1tgh,MA0343.1.jaspar,4,1tgh_state_003_MA0343.1.jaspar.npz,state,3.0,5,0.9657029020670741,0.06479088998312363,0.032537228545003995,5,-0.2770710073649315,0.44504218298679915,0.7278999406809447,5,6.279271408202696,..CACAC....,5.0
tbp,1tgh,MA0343.1.jaspar,4,1tgh_state_004_MA0343.1.jaspar.npz,state,4.0,5,0.7650808206601984,0.12573650315753185,0.13346826239772952,5,-0.049072584648623754,0.3717436208942672,0.6006079246278369,5,6.370073081360619,..CACAT....,4.0
tbp,1tgh,MA0343.1.jaspar,4,1tgh_state_005_MA0343.1.jaspar.npz,state,5.0,5,0.5653715163554297,0.20303620142803994,0.20360768313434421,5,0.15118877454271407,0.3203870181925595,0.45570442142074497,5,4.493188757679648,..TCTAC....,2.0
tbp,1tgh,MA0343.1.jaspar,4,1tgh_state_006_MA0343.1.jaspar.npz,state,6.0,5,0.9580084666086239,0.07063866554453853,0.04223799464023128,5,-0.2710531729064393,0.44310362156466,0.7395441178638699,5,6.434852171052002,..CACAC....,5.0
tbp,1tgh,MA0343.1.jaspar,4,1tgh_state_007_MA0343.1.jaspar.npz,state,7.0,5,0.9023261276699885,0.08477449786150829,0.06304138299453985,5,-0.28125094227848524,0.44578720367571806,0.7233862334910084,5,6.146194725443046,..CGCAC....,4.0
tbp,1tgh,MA0343.1.jaspar,4,1tgh_state_008_MA0343.1.jaspar.npz,state,8.0,5,0.9258400600019305,0.06454858804063406,0.05307193063006586,5,-0.19281311953400676,0.41876188629539685,0.6808528265797964,5,6.649383980153006,..CACAC....,5.0
tbp,1tgh,MA0343.1.jaspar,4,1tgh_state_009_MA0343.1.jaspar.npz,state,9.0,5,0.9620356668781759,0.057994626069194054,0.03241998453344611,5,-0.270175965939992,0.44154413827309325,0.7224223610504191,5,6.147200648095686,..CACAC....,5.0
tbp,1tgh,MA0343.1.jaspar,4,1tgh_state_010_MA0343.1.jaspar.npz,state,10.0,5,0.9374499065215539,0.09036526745476295,0.04662091885360882,5,-0.11960063635751589,0.39228611293365245,0.5864478565774194,5,5.096560154311371,..CACAC....,5.0
tbp,1tgh,MA0343.1.jaspar,4,1tgh_state_011_MA0343.1.jaspar.npz,state,11.0,5,0.8850270033759324,0.12362604903464672,0.08197098495104216,5,-0.03636801197340869,0.367239397787489,0.5323621867635795,5,4.518316099921604,..CACAC....,5.0
tbp,1tgh,MA0343.1.jaspar,4,1tgh_state_012_MA0343.1.jaspar.npz,state,12.0,5,0.7960833722536272,0.11769331691029947,0.12256067540854887,5,-0.07853599403114929,0.38055719583062453,0.6198616558771928,5,6.287674950888499,..CACAT....,4.0
tbp,1tgh,MA0343.1.jaspar,4,1tgh_state_013_MA0343.1.jaspar.npz,state,13.0,5,0.8624541449524944,0.08173819416224433,0.07848265187751481,5,-0.10609789157985441,0.38989718264747353,0.6318751696739617,5,6.27190220031021,..CACAT....,4.0
tbp,1tgh,MA0343.1.jaspar,4,1tgh_state_014_MA0343.1.jaspar.npz,state,14.0,5,0.978592814870121,0.0508647621885757,0.033021636852844254,5,-0.2654511149486487,0.4458608821456437,0.7402488798626258,5,7.040860343364393,..CACAC....,5.0
tbp,1tgh,MA0343.1.jaspar,4,1tgh_state_015_MA0343.1.jaspar.npz,state,15.0,5,0.8749500902527108,0.10354018872458255,0.0873774756174266,5,-0.28827842190070607,0.4518196429606178,0.7676031605794671,5,6.706416234370069,..CCCAC....,4.0
tbp,1tgh,MA0343.1.jaspar,4,1tgh_state_016_MA0343.1.jaspar.npz,state,16.0,5,0.8629539605993507,0.09462368317763321,0.07615404886004573,5,-0.04303305911496066,0.37048319638415705,0.5782584495291642,5,5.590699626334417,..CATAC....,4.0
tbp,1tgh,MA0343.1.jaspar,4,1tgh_state_017_MA0343.1.jaspar.npz,state,17.0,5,0.9889569382850514,0.03326692081172951,0.020625039314736617,5,-0.30227081247668464,0.46299437873240096,0.7965307886999924,5,7.531586377672565,..CACAC....,5.0
tbp,1tgh,MA0343.1.jaspar,4,1tgh_state_018_MA0343.1.jaspar.npz,state,18.0,5,0.7819913938034232,0.1259912845765939,0.12334783188890637,5,0.041479344236229794,0.3456850898684934,0.506223888510785,5,5.314676155670201,..TACAT....,3.0
tbp,1tgh,MA0343.1.jaspar,4,1tgh_state_019_MA0343.1.jaspar.npz,state,19.0,5,0.8856786109308694,0.08759659999486757,0.07804090744675574,5,-0.3263735517887124,0.469573275851144,0.8247029457290145,5,7.2717228212195595,..CGCAC....,4.0
tbp,1tgh,MA0343.1.jaspar,4,1tgh_state_020_MA0343.1.jaspar.npz,state,20.0,5,0.9709761632714345,0.05272726417206286,0.03700974917676532,5,-0.2700925011970624,0.44794583144575884,0.7624163349998496,5,7.205628257585643,..CACAC....,5.0
tbp,1tgh,MA0343.1.jaspar,4,1tgh_state_021_MA0343.1.jaspar.npz,state,21.0,5,0.9929612507610508,0.02763769396406133,0.008152794537109525,5,-0.28208301694834653,0.4498573441815097,0.7410008918957354,5,6.5940917184704215,..CACAC....,5.0
tbp,1tgh,MA0343.1.jaspar,4,1tgh_state_022_MA0343.1.jaspar.npz,state,22.0,5,0.9306352850929265,0.0838391513128954,0.05465788688309239,5,-0.26510223336293115,0.4386629448332314,0.7164858481711885,5,6.047047194749678,..CACAC....,5.0
tbp,1tgh,MA0343.1.jaspar,4,1tgh_state_024_MA0343.1.jaspar.npz,state,24.0,5,0.9204662899350569,0.08603938464148086,0.05886487576676917,5,-0.21604361761792812,0.4199254350074625,0.6668830290245127,5,5.5625092231943025,..CACAC....,5.0
tbp,1tgh,MA0343.1.jaspar,4,1tgh_state_025_MA0343.1.jaspar.npz,state,25.0,5,0.9510987851762795,0.07472462143232406,0.047596503327268926,5,-0.29150753306645294,0.4518059232901578,0.7586581190375175,5,6.568314079262362,..CACAC....,5.0
tbp,1tgh,MA0343.1.jaspar,4,1tgh_state_026_MA0343.1.jaspar.npz,state,26.0,5,0.9519277848351703,0.07973057947820053,0.04657967841685447,5,-0.25872921120764625,0.43577232263342014,0.6983454838486963,5,5.903389251842732,..CACAC....,5.0
tbp,1tgh,MA0343.1.jaspar,4,1tgh_state_028_MA0343.1.jaspar.npz,state,28.0,5,0.9689229949977171,0.05856706415652298,0.037160175774976656,5,-0.2390150991319741,0.4353898350585951,0.7074209322043992,5,6.78044293659781,..CACAC....,5.0
tbp,1tgh,MA0343.1.jaspar,4,1tgh_state_029_MA0343.1.jaspar.npz,state,29.0,5,0.9125594429195183,0.09288945189618972,0.06588521568808868,5,-0.06535272596192206,0.37626606891863046,0.5687300262616166,5,5.450968309498487,..CATAC....,4.0
tbp,1tgh,MA0343.1.jaspar,4,1tgh_state_030_MA0343.1.jaspar.npz,state,30.0,5,0.9885182015172791,0.03820230870624073,0.016735443334257173,5,-0.30237676205438796,0.4595064130466199,0.7833364360020243,5,7.102168153554535,..CACAC....,5.0
tbp,1tgh,MA0343.1.jaspar,4,1tgh_state_031_MA0343.1.jaspar.npz,state,31.0,5,0.9718223501281358,0.04928304670320358,0.030834061836872484,5,-0.20280664096497494,0.42014688472263517,0.65587998298056,5,6.217326052909941,..CACAC....,5.0
tbp,1tgh,MA0343.1.jaspar,4,1tgh_state_032_MA0343.1.jaspar.npz,state,32.0,5,0.8746161849279399,0.10315423271385953,0.0875901057479264,5,-0.12876827236922891,0.39807141677301844,0.6380804047259796,5,6.507490695565384,..TACAC....,4.0
tbp,1tgh,MA0343.1.jaspar,4,1tgh_state_033_MA0343.1.jaspar.npz,state,33.0,5,0.9199836582625087,0.08828698135039303,0.05888362400085989,5,-0.28671243773750094,0.4493359023181256,0.7490364814715287,5,6.374720307634,..CCCAC....,4.0
tbp,1tgh,MA0343.1.jaspar,4,1tgh_state_034_MA0343.1.jaspar.npz,state,34.0,5,0.9707079671923875,0.059855296368482414,0.0392464801552142,5,-0.3019483862095589,0.45876833498653014,0.7890831370995869,5,7.127576853229029,..CACAC....,5.0
tbp,1tgh,MA0343.1.jaspar,4,1tgh_state_035_MA0343.1.jaspar.npz,state,35.0,5,0.9854546912567713,0.03839531905468903,0.021230150988320463,5,-0.27123720324592987,0.44903395729415935,0.7515783202955016,5,7.1806360523200095,..CACAC....,5.0
tbp,1tgh,MA0343.1.jaspar,4,1tgh_state_036_MA0343.1.jaspar.npz,state,36.0,5,0.8853968759643712,0.09153651340748184,0.07241107704958225,5,-0.2918708070963037,0.4523874829668785,0.7536457517279938,5,6.480890640372961,..CGCAC....,4.0
tbp,1tgh,MA0343.1.jaspar,4,1tgh_state_037_MA0343.1.jaspar.npz,state,37.0,5,0.9726743730521151,0.05433788883383386,0.03499792265151114,5,-0.24687629221367324,0.4360583414876601,0.7075893730956815,5,6.580501817914036,..CACAC....,5.0
tbp,1tgh,MA0343.1.jaspar,4,1tgh_state_038_MA0343.1.jaspar.npz,state,38.0,5,0.9890038445493586,0.03565448067674879,0.02190939990967906,5,-0.23223615458269498,0.43129044998786414,0.6848549576211517,5,6.409515548526612,..CACAC....,5.0
tbp,1tgh,MA0343.1.jaspar,4,1tgh_state_039_MA0343.1.jaspar.npz,state,39.0,5,0.9457837367538344,0.08617248872833443,0.06081942306879976,5,-0.19570770343562777,0.41616020960864264,0.6574743536191539,5,6.048366493818721,..CACAC....,5.0
tbp,1tgh,MA0343.1.jaspar,4,1tgh_state_040_MA0343.1.jaspar.npz,state,40.0,5,0.9323407120177704,0.07069168666785117,0.04986250086196911,5,-0.13118268029651317,0.39542533482890574,0.6161089149308945,5,5.702274185233175,..CACAC....,5.0
tbp,1tgh,MA0343.1.jaspar,4,1tgh_state_041_MA0343.1.jaspar.npz,state,41.0,5,0.9911416919803764,0.03345650339247186,0.01749533173425471,5,-0.3038906649748981,0.4647648900332115,0.8076171005960756,5,7.6523555547834805,..CACAC....,5.0
tbp,1tgh,MA0343.1.jaspar,4,1tgh_state_042_MA0343.1.jaspar.npz,state,42.0,5,0.9737082222924981,0.05718940350052435,0.03521803069699873,5,-0.19413143394893115,0.41959638380794784,0.6529097371992133,5,6.151287336907193,..CACAC....,5.0
tbp,1tgh,MA0343.1.jaspar,4,1tgh_state_043_MA0343.1.jaspar.npz,state,43.0,5,0.9108476441046528,0.07508670252500452,0.07089875976431133,5,-0.22297415002800383,0.43146718915595555,0.7497205975661515,5,7.278245948429241,..CACAC....,5.0
tbp,1tgh,MA0343.1.jaspar,4,1tgh_state_044_MA0343.1.jaspar.npz,state,44.0,5,0.5861679354981756,0.1778300072386628,0.1851429612760626,5,0.2649719163394175,0.288745121168904,0.41664905945151115,5,4.679854810365369,..TATAT....,2.0
tbp,1tgh,MA0343.1.jaspar,4,1tgh_state_045_MA0343.1.jaspar.npz,state,45.0,5,0.936289449115528,0.08932592249184382,0.05612366191644204,5,-0.18643630488137594,0.4080257744411938,0.614668512943682,5,5.009562343014643,..CACAC....,5.0
tbp,1tgh,MA0343.1.jaspar,4,1tgh_state_046_MA0343.1.jaspar.npz,state,46.0,5,0.9693632772704845,0.061634307189342506,0.038921687768457336,5,-0.2922211885662145,0.45398394879939585,0.7714963796880597,5,6.883612281803668,..CACAC....,5.0
tbp,1tgh,MA0343.1.jaspar,4,1tgh_state_047_MA0343.1.jaspar.npz,state,47.0,5,0.9796242863465716,0.0488204151566606,0.02790674892817252,5,-0.2599644129307791,0.4423096448503202,0.7249892141048602,5,6.764401641142618,..CACAC....,5.0
tbp,1tgh,MA0343.1.jaspar,4,1tgh_state_048_MA0343.1.jaspar.npz,state,48.0,5,0.9934617797749133,0.03478311808139552,0.012790901147161382,5,-0.2564369225199238,0.43987050222349355,0.7050453658213293,5,6.3821310160309475,..CACAC....,5.0
tbp,1tgh,MA0343.1.jaspar,4,1tgh_state_049_MA0343.1.jaspar.npz,state,49.0,8,-0.20213879279864813,0.40575728414296464,0.6579142970539948,5,-0.18040584582620925,0.4080015827599709,0.7108782923395367,5,11.1900217769401,.CTCGCACA..,0.0
tbp,1tgh,MA0343.1.jaspar,4,1tgh_state_050_MA0343.1.jaspar.npz,state,50.0,8,-0.13431633684677163,0.38331085741956483,0.6397680836699104,5,-0.22905519669935664,0.41950306295912015,0.7107292727531409,5,9.624716870217737,.CCTACACA..,1.0
tbp,1tgh,MA0343.1.jaspar,4,1tgh_state_051_MA0343.1.jaspar.npz,state,51.0,5,0.9895983445427636,0.03387867413384811,0.024995371880851693,5,-0.31782173349709364,0.47187238588212493,0.8423946468466201,5,8.018220630058188,..CACAC....,5.0
tbp,1tgh,MA0343.1.jaspar,4,1tgh_state_052_MA0343.1.jaspar.npz,state,52.0,5,0.9880780671539605,0.03813159541605273,0.01954584264383242,5,-0.2864812463381078,0.456389709636278,0.77207987201563,5,7.339161716455198,..CACAC....,5.0
tbp,1tgh,MA0343.1.jaspar,4,1tgh_state_053_MA0343.1.jaspar.npz,state,53.0,5,0.9875127218547857,0.0431458024213498,0.025587840495928375,5,-0.2970324371570793,0.46684897207233006,0.8209119412501831,5,8.262474378313478,..CACAC....,5.0
tbp,1tgh,MA0343.1.jaspar,4,1tgh_state_054_MA0343.1.jaspar.npz,state,54.0,5,0.8769205126124033,0.10601435204243899,0.08988417397714236,5,-0.2780794965436558,0.4457897338879775,0.750681946358575,5,6.490648765016481,..CCCAC....,4.0
tbp,1tgh,MA0343.1.jaspar,4,1tgh_state_055_MA0343.1.jaspar.npz,state,55.0,5,0.9422264961097211,0.07168905117432586,0.04398802390295105,5,-0.2943227153410651,0.44969485625333616,0.7471597201820651,5,6.281375369227026,..CACAC....,5.0
tbp,1tgh,MA0343.1.jaspar,4,1tgh_state_056_MA0343.1.jaspar.npz,state,56.0,5,0.9567207762952848,0.07128212394118236,0.04857712871281116,5,-0.26735547509480956,0.44605964022439365,0.758163283219399,5,6.808418555562355,..CACAC....,5.0
tbp,1tgh,MA0343.1.jaspar,4,1tgh_state_057_MA0343.1.jaspar.npz,state,57.0,5,0.8758370622433423,0.11950763775093946,0.0880811656676463,5,-0.11531678756219757,0.38835376990609805,0.5830138215668923,5,4.985583671980691,..CACAC....,5.0
tbp,1tgh,MA0343.1.jaspar,4,1tgh_state_058_MA0343.1.jaspar.npz,state,58.0,5,0.962153052159294,0.06419406141212676,0.03593214846141352,5,-0.30288658228380283,0.45635824626660904,0.7687052286737074,5,6.652025804166966,..CACAC....,5.0
tbp,1tgh,MA0343.1.jaspar,4,1tgh_state_059_MA0343.1.jaspar.npz,state,59.0,5,0.9763138701081516,0.04941088964988012,0.02850368903776186,5,-0.2463837968012306,0.43965724579175003,0.7185025863721264,5,6.981166355007119,..CACAC....,5.0
tbp,1tgh,MA0343.1.jaspar,4,1tgh_state_060_MA0343.1.jaspar.npz,state,60.0,5,0.9580775077444854,0.057198115217033774,0.04270649359212429,5,-0.24165913168143519,0.43539353473170195,0.7184047151270494,5,6.756974719315235,..CACAC....,5.0
tbp,1tgh,MA0343.1.jaspar,4,1tgh_state_061_MA0343.1.jaspar.npz,state,61.0,5,0.8093732785315205,0.12398936295357998,0.11838516017393533,5,-0.1639414544965635,0.40279206349514424,0.6080131136273018,5,5.183308204180748,..CCCAC....,4.0
tbp,1tgh,MA0343.1.jaspar,4,1tgh_state_062_MA0343.1.jaspar.npz,state,62.0,5,0.9918972766320611,0.027545294786978047,0.015283830846365403,5,-0.31014838661615474,0.4678998773175408,0.8167320141585135,5,7.777138331601871,..CACAC....,5.0
tbp,1tgh,MA0343.1.jaspar,4,1tgh_state_063_MA0343.1.jaspar.npz,state,63.0,5,0.93205948380037,0.08253307684208266,0.0526411200973244,5,-0.1612861382471026,0.40366672170057427,0.6326645066122654,5,5.567189211349848,..CACAC....,5.0
tbp,1tgh,MA0343.1.jaspar,4,1tgh_state_064_MA0343.1.jaspar.npz,state,64.0,5,0.9730999630605296,0.062131326404050925,0.033569344066680835,5,-0.25027774515633777,0.43745860135531983,0.7080733841653725,5,6.433636429704938,..CACAC....,5.0
tbp,1tgh,MA0343.1.jaspar,4,1tgh_state_065_MA0343.1.jaspar.npz,state,65.0,5,0.9898086724579699,0.0361196851648856,0.015163336309505327,5,-0.25721110470773256,0.4386319210374495,0.7068982828678548,5,6.2658283882531505,..CACAC....,5.0
tbp,1tgh,MA0343.1.jaspar,4,1tgh_state_066_MA0343.1.jaspar.npz,state,66.0,5,0.9861036130032502,0.040748190239537505,0.02136776868079122,5,-0.27995670837521086,0.4526932601031149,0.7602488175648673,5,7.17154725270906,..CACAC....,5.0
tbp,1tgh,MA0343.1.jaspar,4,1tgh_state_067_MA0343.1.jaspar.npz,state,67.0,5,0.9605917346937297,0.06770105075411266,0.04472491603682841,5,-0.2230221393117233,0.43081297362368787,0.697666650596011,5,6.8773551416102725,..CACAC....,5.0
tbp,1tgh,MA0343.1.jaspar,4,1tgh_state_068_MA0343.1.jaspar.npz,state,68.0,5,0.9874602231747689,0.04081623355741613,0.019008622657700328,5,-0.26090323986737296,0.44752694575872737,0.7355525700568734,5,7.30330055067211,..CACAC....,5.0
tbp,1tgh,MA0343.1.jaspar,4,1tgh_state_069_MA0343.1.jaspar.npz,state,69.0,5,0.9773485695804375,0.05033206325024366,0.02559984154095315,5,-0.18840384267706362,0.416579546322464,0.659595849528406,5,6.2239716148787405,..CACAC....,5.0
tbp,1tgh,MA0343.1.jaspar,4,1tgh_state_070_MA0343.1.jaspar.npz,state,70.0,5,0.9334109673359251,0.07712429651001003,0.043534721970997586,5,-0.13677628635921882,0.39885168423643336,0.6314688524110548,5,5.725874597854068,..CATAC....,4.0
tbp,1tgh,MA0343.1.jaspar,4,1tgh_state_071_MA0343.1.jaspar.npz,state,71.0,5,0.9786006149308526,0.04746172319282778,0.026004027742597136,5,-0.24358909676750734,0.438911523311981,0.7126714313222857,5,6.997417281943145,..CACAC....,5.0
tbp,1tgh,MA0343.1.jaspar,4,1tgh_state_072_MA0343.1.jaspar.npz,state,72.0,5,0.9385758770925885,0.07154844544547814,0.0628430077155769,5,-0.23767898138429264,0.4350201694947827,0.7395715717264219,5,6.948227229926619,..CACAC....,5.0
tbp,1tgh,MA0343.1.jaspar,4,1tgh_state_073_MA0343.1.jaspar.npz,state,73.0,5,0.9857099429286948,0.036081577726872635,0.015758604877618352,5,-0.26232386604814406,0.4421111671050312,0.7185378878745353,5,6.49045203603972,..CACAC....,5.0
tbp,1tgh,MA0343.1.jaspar,4,1tgh_state_074_MA0343.1.jaspar.npz,state,74.0,5,0.6870115184932811,0.1432986500032712,0.15732331420224965,5,-0.033361711100050435,0.36772746936476325,0.5907470462931647,5,5.678909292754506,..CACAT....,4.0
tbp,1tgh,MA0343.1.jaspar,4,1tgh_state_075_MA0343.1.jaspar.npz,state,75.0,5,0.9863064865536729,0.04224512429500464,0.023403347541552898,5,-0.2804933062219535,0.45152124390588144,0.7518395253236403,5,7.041502921072925,..CACAC....,5.0
tbp,1tgh,MA0343.1.jaspar,4,1tgh_state_076_MA0343.1.jaspar.npz,state,76.0,5,0.9846558545477133,0.05257414255465846,0.02341313359645688,5,-0.2097213911653823,0.42230917391134426,0.6648017877396735,5,6.096014505040668,..CACAC....,5.0
tbp,1tgh,MA0343.1.jaspar,4,1tgh_state_077_MA0343.1.jaspar.npz,state,77.0,5,0.9013059551332684,0.06648379413381918,0.06465509716956881,5,-0.16199147290721796,0.40830592364800394,0.6745143646374454,5,6.6194826606043415,..CACAT....,4.0
tbp,1tgh,MA0343.1.jaspar,4,1tgh_state_078_MA0343.1.jaspar.npz,state,78.0,5,0.9135958444069635,0.07041327123297378,0.05113394122492963,5,-0.2613014574207982,0.4389268848783104,0.7028630473531947,5,5.9878513707815255,..CGCAC....,4.0
tbp,1tgh,MA0343.1.jaspar,4,1tgh_state_079_MA0343.1.jaspar.npz,state,79.0,5,0.9821374491555859,0.034590696600207596,0.021887705979730943,5,-0.23577615396452106,0.4313442987055168,0.6950070108619216,5,6.30987892423651,..CACAC....,5.0
tbp,1tgh,MA0343.1.jaspar,4,1tgh_state_080_MA0343.1.jaspar.npz,state,80.0,5,0.8308774560116395,0.11510498359275516,0.09726988971892743,5,-0.10607253337264007,0.38568720251787453,0.5851412935198332,5,4.942060862961152,..CACAT....,4.0
tbp,1tgh,MA0343.1.jaspar,4,1tgh_state_081_MA0343.1.jaspar.npz,state,81.0,5,0.900878078195784,0.10001633201227378,0.07711370304835882,5,-0.28132893453853386,0.4476480680217719,0.7514683288882846,5,6.504109152947164,..CCCAC....,4.0
tbp,1tgh,MA0343.1.jaspar,4,1tgh_state_082_MA0343.1.jaspar.npz,state,82.0,5,0.7662790076587072,0.11994131137835211,0.12204689038557359,5,0.022471809310060993,0.3535682301786437,0.5688854295493407,5,6.187327400529881,..CATAC....,4.0
tbp,1tgh,MA0343.1.jaspar,4,1tgh_state_083_MA0343.1.jaspar.npz,state,83.0,5,0.9902081063831247,0.03614767309190938,0.01497526297573063,5,-0.29265438446959463,0.45639691279939143,0.7659439386609431,5,7.056449291238067,..CACAC....,5.0
tbp,1tgh,MA0343.1.jaspar,4,1tgh_state_084_MA0343.1.jaspar.npz,state,84.0,5,0.9637847877964569,0.058833027140644846,0.040504460780264866,5,-0.2649242349652382,0.4431228594170534,0.741019312276628,5,6.712681738599267,..CACAC....,5.0
tbp,1tgh,MA0343.1.jaspar,4,1tgh_state_086_MA0343.1.jaspar.npz,state,86.0,5,0.6569123955252766,0.13478930629498792,0.1695942463528494,5,0.03125685879027992,0.3474168530316092,0.5434843708188095,5,5.574198870526266,..CACAT....,4.0
tbp,1tgh,MA0343.1.jaspar,4,1tgh_state_087_MA0343.1.jaspar.npz,state,87.0,5,0.9885548619697166,0.03661553806014126,0.0221463472088786,5,-0.3042809050571352,0.46380774767749244,0.8022851678728051,5,7.588984761163175,..CACAC....,5.0
tbp,1tgh,MA0343.1.jaspar,4,1tgh_state_088_MA0343.1.jaspar.npz,state,88.0,5,0.7066669862382242,0.14135511517233681,0.139218933351428,5,0.11779859177805058,0.32502246090443804,0.4901376019240904,5,5.366948271508736,..CATAT....,3.0
tbp,1tgh,MA0343.1.jaspar,4,1tgh_state_089_MA0343.1.jaspar.npz,state,89.0,5,0.9876214121930288,0.03620679415944324,0.021780720765372415,5,-0.31097303281940203,0.4670721777412837,0.8206359140327658,5,7.623314352194326,..CACAC....,5.0
tbp,1tgh,MA0343.1.jaspar,4,1tgh_state_090_MA0343.1.jaspar.npz,state,90.0,8,-0.29598703289128153,0.4280208922531529,0.706313722641806,5,-0.25883863788039874,0.4272801591536336,0.7383296136366803,5,9.221948057035409,.CTCACACC..,0.0
tbp,1tgh,MA0343.1.jaspar,4,1tgh_state_091_MA0343.1.jaspar.npz,state,91.0,5,0.9595567259979653,0.06564483492111321,0.04633195763170877,5,-0.15172950081533196,0.40113475050311537,0.609242480073906,5,5.673861225590423,..CACAC....,5.0
tbp,1tgh,MA0343.1.jaspar,4,1tgh_state_092_MA0343.1.jaspar.npz,state,92.0,5,0.7125759936570093,0.1406659261789173,0.14295224137072832,5,0.05495597582416473,0.3434268182405503,0.5537365298455386,5,5.835155724387849,..CATAC....,4.0
tbp,1tgh,MA0343.1.jaspar,4,1tgh_state_093_MA0343.1.jaspar.npz,state,93.0,5,0.9872969212332801,0.037007538792386184,0.021161789967050114,5,-0.29162706171199554,0.45904379906860415,0.7835795401176701,5,7.525727811529344,..CACAC....,5.0
tbp,1tgh,MA0343.1.jaspar,4,1tgh_state_094_MA0343.1.jaspar.npz,state,94.0,5,0.9728443254311246,0.05438303261762485,0.027631377872084455,5,-0.26156636283945883,0.43801922345592176,0.704298668587927,5,6.0507734032236815,..CACAC....,5.0
tbp,1tgh,MA0343.1.jaspar,4,1tgh_state_095_MA0343.1.jaspar.npz,state,95.0,5,0.9779807779918854,0.055795767533709295,0.028173790840695368,5,-0.26907723443038617,0.44435383134405126,0.7246249218344464,5,6.457713307896925,..CACAC....,5.0
tbp,1tgh,MA0343.1.jaspar,4,1tgh_state_096_MA0343.1.jaspar.npz,state,96.0,5,0.9891502603615268,0.03825930085440632,0.01927088955994576,5,-0.28365266153760454,0.45296694309217855,0.753867460293561,5,7.054230631326778,..CACAC....,5.0
tbp,1tgh,MA0343.1.jaspar,4,1tgh_state_097_MA0343.1.jaspar.npz,state,97.0,5,0.9624311774999124,0.06195396957627963,0.04015596770158067,5,-0.1539421726058945,0.40378014157759023,0.6128579518357952,5,5.887904614331992,..CACAC....,5.0
tbp,1tgh,MA0343.1.jaspar,4,ENSEMBLE_MEAN,ensemble_mean,,8,0.9800878122859457,0.060355471720013654,0.033949805139268985,5,-0.23163467065709437,0.4213379396016562,0.6496294950062722,5,9.264226418631832,.CCACACCA..,5.0
tbp,1tgh,MA0343.1.jaspar,5,1tgh_A_MA0343.1.jaspar.npz,crystal,,5,0.9999999999999998,0.0,0.0,5,0.3745720591188835,0.24877606225199997,0.37803017241526016,5,5.2658290255280455,..TGTAG....,
tbp,1tgh,MA0343.1.jaspar,5,1tgh_state_001_MA0343.1.jaspar.npz,state,1.0,5,0.9575059705953896,0.06474754989612848,0.03209895612460571,5,0.28810344099418,0.2671418200712651,0.4334972960539932,5,6.676720710409239,..TGTAG....,5.0
tbp,1tgh,MA0343.1.jaspar,5,1tgh_state_002_MA0343.1.jaspar.npz,state,2.0,5,0.9857272497069436,0.03544657552847639,0.008761394940445517,5,0.3240439304465857,0.2590537458541803,0.4114050823183735,5,5.7332223915785985,..TATAG....,4.0
tbp,1tgh,MA0343.1.jaspar,5,1tgh_state_003_MA0343.1.jaspar.npz,state,3.0,5,0.888732541459598,0.09622031137114391,0.07228748247971416,5,0.15202504469189806,0.31404430934926497,0.49593064146258986,5,5.030465751478932,..TGTAG....,5.0
tbp,1tgh,MA0343.1.jaspar,5,1tgh_state_004_MA0343.1.jaspar.npz,state,4.0,5,0.89803888469771,0.08251949928235262,0.05852363897990263,5,0.37324412638811694,0.24126640488393605,0.39645544650357173,5,6.406749158153023,..TATAT....,3.0
tbp,1tgh,MA0343.1.jaspar,5,1tgh_state_005_MA0343.1.jaspar.npz,state,5.0,5,0.5943672671277944,0.17637241932097822,0.1972892853048061,5,0.14737595193606054,0.31637758505530655,0.4869142596461017,5,4.81536185494004,..TGAAT....,3.0
tbp,1tgh,MA0343.1.jaspar,5,1tgh_state_006_MA0343.1.jaspar.npz,state,6.0,5,0.7621746803156201,0.13501826132414863,0.11753208032884843,5,0.02251270183412647,0.346417389146518,0.5365566763056533,5,4.213814449252859,..TATAG....,4.0
tbp,1tgh,MA0343.1.jaspar,5,1tgh_state_007_MA0343.1.jaspar.npz,state,7.0,5,0.9304035182301462,0.06216649990528822,0.03406427280100771,5,0.4626450862672247,0.22300628467928618,0.3385014121582784,5,5.487573258934319,..TGTAT....,4.0
tbp,1tgh,MA0343.1.jaspar,5,1tgh_state_008_MA0343.1.jaspar.npz,state,8.0,5,0.9370911082054287,0.07394998684758321,0.0495051825843839,5,0.24976291211181437,0.2773158348747529,0.4784821480452205,5,7.015513991124468,..TATAG....,4.0
tbp,1tgh,MA0343.1.jaspar,5,1tgh_state_009_MA0343.1.jaspar.npz,state,9.0,5,0.8337764166988068,0.10907007738715038,0.09149659319608427,5,0.4369632538603483,0.2227727784193121,0.3524592348064553,5,6.1923519203145565,..TATAT....,3.0
tbp,1tgh,MA0343.1.jaspar,5,1tgh_state_010_MA0343.1.jaspar.npz,state,10.0,5,0.8507668679867368,0.09968517412198707,0.07045258360470448,5,0.25454669226016313,0.28585955359740184,0.42441468360156726,5,5.293084419801875,..CTTAG....,3.0
tbp,1tgh,MA0343.1.jaspar,5,1tgh_state_011_MA0343.1.jaspar.npz,state,11.0,5,0.9156170002645735,0.07413943556603045,0.05710369832501835,5,0.28265909810700124,0.2695413797162473,0.4296957622837203,5,6.222487612083056,..TGTAG....,5.0
tbp,1tgh,MA0343.1.jaspar,5,1tgh_state_012_MA0343.1.jaspar.npz,state,12.0,5,0.981116669018089,0.0433463454595767,0.017610557849816365,5,0.33274915718144554,0.26125978658674287,0.4090443719661234,5,5.4108839518491045,..TGTAG....,5.0
tbp,1tgh,MA0343.1.jaspar,5,1tgh_state_013_MA0343.1.jaspar.npz,state,13.0,5,0.9204944302395888,0.08369072491768748,0.05532906618773974,5,0.2395780263416149,0.2791520701255649,0.48184534371098364,5,7.150372075462242,..TATAG....,4.0
tbp,1tgh,MA0343.1.jaspar,5,1tgh_state_014_MA0343.1.jaspar.npz,state,14.0,5,0.9106169799603334,0.08292651827214285,0.058603629264193005,5,0.23630314256962576,0.29707705572945997,0.4437097355768483,5,4.248641483356826,..TATAG....,4.0
tbp,1tgh,MA0343.1.jaspar,5,1tgh_state_015_MA0343.1.jaspar.npz,state,15.0,5,0.8693269380416544,0.08653536330675707,0.07527212937024427,5,0.4651570903493779,0.21517366986954584,0.3403364889550693,5,5.995640759256417,..TGTAT....,4.0
tbp,1tgh,MA0343.1.jaspar,5,1tgh_state_016_MA0343.1.jaspar.npz,state,16.0,5,0.9610537513132246,0.06214975856710225,0.03407703411194111,5,0.2875582281655493,0.2792568392585963,0.42646817760198247,5,4.836401253582141,..TGTAG....,5.0
tbp,1tgh,MA0343.1.jaspar,5,1tgh_state_017_MA0343.1.jaspar.npz,state,17.0,5,0.8900573219120698,0.08870922193164006,0.06101868808191522,5,0.4171366638896583,0.2327420437359251,0.370275894486357,5,5.92368636651372,..TATAT....,3.0
tbp,1tgh,MA0343.1.jaspar,5,1tgh_state_018_MA0343.1.jaspar.npz,state,18.0,5,0.9664310294802856,0.058153043827041985,0.03879780533115025,5,0.3025265860709206,0.26508173218462616,0.43729382161781744,5,6.347820499340042,..TATAG....,4.0
tbp,1tgh,MA0343.1.jaspar,5,1tgh_state_019_MA0343.1.jaspar.npz,state,19.0,5,0.5280480801793052,0.19943495356710628,0.24906810105878838,5,0.2046946886543905,0.2967789166024886,0.4633752065812434,5,5.7582102224371905,..TGAAT....,3.0
tbp,1tgh,MA0343.1.jaspar,5,1tgh_state_020_MA0343.1.jaspar.npz,state,20.0,5,0.8088517906461933,0.11818966753198765,0.09787393750794618,5,0.11964736093926985,0.3234572847315576,0.48874258634371354,5,4.067981154644036,..TATAG....,4.0
tbp,1tgh,MA0343.1.jaspar,5,1tgh_state_021_MA0343.1.jaspar.npz,state,21.0,5,0.9808689220589167,0.045990048220846805,0.017437637541328235,5,0.27404275255503985,0.2785933176171966,0.4280589337300098,5,4.970227231065272,..TGTAG....,5.0
tbp,1tgh,MA0343.1.jaspar,5,1tgh_state_022_MA0343.1.jaspar.npz,state,22.0,5,0.8893550504068948,0.09532977283233776,0.06497007911791651,5,0.13360185126516633,0.3198915477260016,0.49223338279692125,5,4.670307440296561,..TATAG....,4.0
tbp,1tgh,MA0343.1.jaspar,5,1tgh_state_024_MA0343.1.jaspar.npz,state,24.0,5,0.718120034261368,0.11603937273612246,0.12106289492966613,5,0.11082472934765102,0.32558503752807155,0.49262555225034815,5,4.1012088204113235,..TGGAG....,4.0
tbp,1tgh,MA0343.1.jaspar,5,1tgh_state_025_MA0343.1.jaspar.npz,state,25.0,5,0.8595850008506374,0.0870202032616362,0.07945137658250526,5,0.4779852564059647,0.21532003183383494,0.33008148395584086,5,5.6569894557464995,..TGTAT....,4.0
tbp,1tgh,MA0343.1.jaspar,5,1tgh_state_026_MA0343.1.jaspar.npz,state,26.0,5,0.7312484497272692,0.1250501411734149,0.13689400574066712,5,0.03700553486135004,0.34517087042331696,0.5504759093732975,5,4.801274807541294,..TGGAG....,4.0
tbp,1tgh,MA0343.1.jaspar,5,1tgh_state_028_MA0343.1.jaspar.npz,state,28.0,5,0.9453795438348267,0.06472474534530193,0.032954979386600615,5,0.3560904760296423,0.25321738733910026,0.3998094845314526,5,5.66418356677025,..TATAG....,4.0
tbp,1tgh,MA0343.1.jaspar,5,1tgh_state_029_MA0343.1.jaspar.npz,state,29.0,5,0.9603499081024193,0.045604098471812904,0.024906564652434238,5,0.3350516572217106,0.2541944345459342,0.40133539028165793,5,6.20977940453176,..TGTAG....,5.0
tbp,1tgh,MA0343.1.jaspar,5,1tgh_state_030_MA0343.1.jaspar.npz,state,30.0,5,0.9488242562690746,0.07129484477918595,0.039803305778487674,5,0.24726871216365082,0.2810643335804343,0.47016019252071467,5,6.504223591216085,..TATAG....,4.0
tbp,1tgh,MA0343.1.jaspar,5,1tgh_state_031_MA0343.1.jaspar.npz,state,31.0,5,0.9896134029778899,0.027733952715061606,0.006496528822098021,5,0.36837771378223927,0.2505836127093062,0.3867573074605438,5,5.324837638146681,..TGTAG....,5.0
tbp,1tgh,MA0343.1.jaspar,5,1tgh_state_032_MA0343.1.jaspar.npz,state,32.0,5,0.6388714839319773,0.15707429567119108,0.16428234325645708,5,0.20608608073468826,0.2990502757369541,0.4690114364724572,5,5.1382636976557725,..TACAT....,2.0
tbp,1tgh,MA0343.1.jaspar,5,1tgh_state_033_MA0343.1.jaspar.npz,state,33.0,5,0.6847544955137025,0.13835268418770283,0.14548082933294282,5,0.354274497063492,0.26158890915103256,0.3734024421488752,5,4.75365566595809,..TGCAT....,3.0
tbp,1tgh,MA0343.1.jaspar,5,1tgh_state_034_MA0343.1.jaspar.npz,state,34.0,5,0.5366449838068759,0.17833703708602117,0.224288821553078,5,0.22802382957610634,0.28826468345941975,0.45806405356544583,5,6.003321006103857,..TGCAT....,3.0
tbp,1tgh,MA0343.1.jaspar,5,1tgh_state_035_MA0343.1.jaspar.npz,state,35.0,5,0.8811993481683483,0.1013999255374074,0.07212443442635523,5,0.26485451748749755,0.2831175445346162,0.44220797029636777,5,5.108575601996648,..TATAG....,4.0
tbp,1tgh,MA0343.1.jaspar,5,1tgh_state_036_MA0343.1.jaspar.npz,state,36.0,5,0.852841658217895,0.11730560676660388,0.08189491119598906,5,0.303322463621653,0.2733117577619851,0.4080980912167346,5,4.940201414859118,..TGTAT....,4.0
tbp,1tgh,MA0343.1.jaspar,5,1tgh_state_037_MA0343.1.jaspar.npz,state,37.0,5,0.9823067410081857,0.039726273715496065,0.018126791043735564,5,0.31594945841451355,0.2630833662347868,0.42128989960484997,5,5.90468531259488,..TGTAG....,5.0
tbp,1tgh,MA0343.1.jaspar,5,1tgh_state_038_MA0343.1.jaspar.npz,state,38.0,5,0.9184300233781839,0.07211407229769976,0.04474352917615538,5,0.4113635887014507,0.23656625773292034,0.36462162792870567,5,5.476162702571125,..TGTAT....,4.0
tbp,1tgh,MA0343.1.jaspar,5,1tgh_state_039_MA0343.1.jaspar.npz,state,39.0,5,0.853753521713175,0.0860077835037373,0.07446155843603748,5,0.5211614724784939,0.19487108121393248,0.31554263198432475,5,6.472594831810757,..TATAT....,3.0
tbp,1tgh,MA0343.1.jaspar,5,1tgh_state_040_MA0343.1.jaspar.npz,state,40.0,5,0.9316225622178123,0.07123019153950735,0.044970723097928704,5,0.27383969180989626,0.28011166349751876,0.42278257420089654,5,5.10610058937127,..TGTAG....,5.0
tbp,1tgh,MA0343.1.jaspar,5,1tgh_state_041_MA0343.1.jaspar.npz,state,41.0,5,0.7042721471188407,0.11833170554600655,0.13407481500396037,5,0.0805679910792753,0.33344185655005276,0.5134431442817942,5,3.975461371651475,..TAGAG....,3.0
tbp,1tgh,MA0343.1.jaspar,5,1tgh_state_042_MA0343.1.jaspar.npz,state,42.0,5,0.8358813681415023,0.1129114655777812,0.08942652296562806,5,0.35704224472631846,0.2513767465716228,0.38877048586977736,5,5.507673617589219,..TATAC....,3.0
tbp,1tgh,MA0343.1.jaspar,5,1tgh_state_043_MA0343.1.jaspar.npz,state,43.0,5,0.8701462239463281,0.11180860318709165,0.095962373645434,5,0.19215051595539526,0.2958796755876392,0.508667548856355,5,7.2109842760553144,..TATAG....,4.0
tbp,1tgh,MA0343.1.jaspar,5,1tgh_state_044_MA0343.1.jaspar.npz,state,44.0,5,0.9451286872638877,0.07446874316083267,0.042179447007831175,5,0.2648274823014115,0.27298884416231883,0.45217444255959316,5,6.973189002605787,..TGTAG....,5.0
tbp,1tgh,MA0343.1.jaspar,5,1tgh_state_045_MA0343.1.jaspar.npz,state,45.0,5,0.8768925693335401,0.10443664063932374,0.06883764100916927,5,0.24077488601749342,0.29507510002003984,0.4213025941573232,5,3.825187074107587,..TGTAG....,5.0
tbp,1tgh,MA0343.1.jaspar,5,1tgh_state_046_MA0343.1.jaspar.npz,state,46.0,5,0.9476090874658293,0.06350190055090935,0.03900791279448111,5,0.31402533580622416,0.26668437528423966,0.4224361442774088,5,5.520650924255626,..TATAG....,4.0
tbp,1tgh,MA0343.1.jaspar,5,1tgh_state_047_MA0343.1.jaspar.npz,state,47.0,5,0.7823196148039736,0.11825982754817232,0.11549227814126155,5,0.1038136128297441,0.3273253904073499,0.5078225945392891,5,4.796055418926192,..TGGAG....,4.0
tbp,1tgh,MA0343.1.jaspar,5,1tgh_state_048_MA0343.1.jaspar.npz,state,48.0,5,0.7576222164651537,0.1214986216276884,0.12320339250603148,5,0.03248952724444703,0.34684370681643484,0.5510164373021901,5,4.894794265351107,..TGGAG....,4.0
tbp,1tgh,MA0343.1.jaspar,5,1tgh_state_049_MA0343.1.jaspar.npz,state,49.0,8,-0.22248245928882912,0.3997143218410201,0.5737794969367513,5,0.06142087646376843,0.342886263912078,0.5508045246922588,5,9.049886414799033,.CGTGTATA..,0.0
tbp,1tgh,MA0343.1.jaspar,5,1tgh_state_050_MA0343.1.jaspar.npz,state,50.0,8,-0.2853464124618503,0.4286025259527378,0.6645813979159442,5,-0.012806572597893428,0.3667570327525027,0.6275725393360546,5,9.836280525296468,.CATATATA..,0.0
tbp,1tgh,MA0343.1.jaspar,5,1tgh_state_051_MA0343.1.jaspar.npz,state,51.0,5,0.7680423342060182,0.14444297397276387,0.12079549313671172,5,0.2937898921674084,0.27440470004221423,0.42249207811277323,5,5.1544258197751,..TATAT....,3.0
tbp,1tgh,MA0343.1.jaspar,5,1tgh_state_052_MA0343.1.jaspar.npz,state,52.0,5,0.6298779042259928,0.1609582442091778,0.17580307301815873,5,0.2073976985454047,0.30170413251034917,0.46369778636621345,5,4.534222422778457,..TGAAT....,3.0
tbp,1tgh,MA0343.1.jaspar,5,1tgh_state_053_MA0343.1.jaspar.npz,state,53.0,5,0.6164879532245632,0.17816751709906384,0.18370996225312242,5,0.16981503964402114,0.3129560468136333,0.47190086696655664,5,3.7150498851584857,..TAGAT....,2.0
tbp,1tgh,MA0343.1.jaspar,5,1tgh_state_054_MA0343.1.jaspar.npz,state,54.0,5,0.557744980066124,0.16291972174076363,0.1969138835231188,5,0.2346942032211998,0.2868542313459329,0.4488355284634058,5,5.537225409557539,..TACAT....,2.0
tbp,1tgh,MA0343.1.jaspar,5,1tgh_state_055_MA0343.1.jaspar.npz,state,55.0,5,0.6500998175054042,0.15352686916012317,0.16061982478929887,5,0.15921886344031597,0.31460027894936504,0.48116664519377383,5,4.404931450245744,..TGGAT....,3.0
tbp,1tgh,MA0343.1.jaspar,5,1tgh_state_056_MA0343.1.jaspar.npz,state,56.0,5,0.6350169637230753,0.14396027132170275,0.16010384790854157,5,0.24797581516471728,0.2919268348370679,0.434393207522625,5,3.9406309983378893,..TAAAT....,2.0
tbp,1tgh,MA0343.1.jaspar,5,1tgh_state_057_MA0343.1.jaspar.npz,state,57.0,5,0.9405187790876836,0.0672189574688673,0.034043807415755196,5,0.4004921622015149,0.24270072628278286,0.37113505725194385,5,5.498400306930819,..TATAT....,3.0
tbp,1tgh,MA0343.1.jaspar,5,1tgh_state_058_MA0343.1.jaspar.npz,state,58.0,5,0.9240391984267045,0.08873141420772299,0.0521873805603128,5,0.21541929620515624,0.29610046906163917,0.458788104588721,5,5.4010439033574995,..TGTAG....,5.0
tbp,1tgh,MA0343.1.jaspar,5,1tgh_state_059_MA0343.1.jaspar.npz,state,59.0,5,0.9360929338539131,0.07585228981915862,0.04952250814794788,5,0.30428441609078183,0.2731707428116351,0.4275092096182805,5,5.120117661097883,..TATAG....,4.0
tbp,1tgh,MA0343.1.jaspar,5,1tgh_state_060_MA0343.1.jaspar.npz,state,60.0,5,0.7297163037926335,0.14162794353906066,0.14460969467393123,5,0.005981580382350939,0.35602886262349787,0.5870081298453871,5,5.592401000274129,..TGGAG....,4.0
tbp,1tgh,MA0343.1.jaspar,5,1tgh_state_061_MA0343.1.jaspar.npz,state,61.0,5,0.8506856520975671,0.11576891022268683,0.07744704655362697,5,0.17960585802314852,0.31109433583915236,0.43679235539847355,5,3.7649293124964207,..TGTAG....,5.0
tbp,1tgh,MA0343.1.jaspar,5,1tgh_state_062_MA0343.1.jaspar.npz,state,62.0,5,0.8991579340877028,0.0830048426054418,0.05413226379516413,5,0.43179072955549413,0.22950730489101262,0.3622613274803053,5,5.827154399139361,..TATAT....,3.0
tbp,1tgh,MA0343.1.jaspar,5,1tgh_state_063_MA0343.1.jaspar.npz,state,63.0,5,0.6278191370411574,0.15393899426562713,0.18258790581969422,5,0.0421166922675932,0.34319945665774865,0.5508750415882011,5,5.252821456734376,..TGGAG....,4.0
tbp,1tgh,MA0343.1.jaspar,5,1tgh_state_064_MA0343.1.jaspar.npz,state,64.0,5,0.9333585458228723,0.07238888158462942,0.036992823061112914,5,0.42598817968877645,0.23941723892930894,0.35717435751135407,5,5.072182504493631,..TGTAT....,4.0
tbp,1tgh,MA0343.1.jaspar,5,1tgh_state_065_MA0343.1.jaspar.npz,state,65.0,5,0.949805293158403,0.07306097188265995,0.035198972235947076,5,0.21905413302635957,0.29165669839130715,0.45745346101935686,5,5.346028505058539,..TGTAG....,5.0
tbp,1tgh,MA0343.1.jaspar,5,1tgh_state_066_MA0343.1.jaspar.npz,state,66.0,5,0.9249209753999169,0.08801002162508667,0.058725682887880784,5,0.17913321077118682,0.30406636679545046,0.49838417386669087,5,5.797699369463231,..TATAG....,4.0
tbp,1tgh,MA0343.1.jaspar,5,1tgh_state_067_MA0343.1.jaspar.npz,state,67.0,5,0.9462441289699571,0.06787701272405684,0.033840493592711705,5,0.3583587935783822,0.25522972161415963,0.3977609467281777,5,5.399001758380337,..TATAT....,3.0
tbp,1tgh,MA0343.1.jaspar,5,1tgh_state_068_MA0343.1.jaspar.npz,state,68.0,5,0.9686680663743813,0.05698929476784542,0.02749082175940345,5,0.2565735166043002,0.2763323437073268,0.4635686486032438,5,6.511148367031335,..TGTAG....,5.0
tbp,1tgh,MA0343.1.jaspar,5,1tgh_state_069_MA0343.1.jaspar.npz,state,69.0,5,0.9446832688710561,0.07800668686395511,0.04602817824737573,5,0.21614271720427217,0.2932577444589697,0.47938727333976255,5,6.1164811566290975,..TGTAG....,5.0
tbp,1tgh,MA0343.1.jaspar,5,1tgh_state_070_MA0343.1.jaspar.npz,state,70.0,5,0.9782858926822265,0.030691206094343216,0.014385383268880409,5,0.3310098657614546,0.25863437756197527,0.411829349685566,5,5.598788038897211,..TATAG....,4.0
tbp,1tgh,MA0343.1.jaspar,5,1tgh_state_071_MA0343.1.jaspar.npz,state,71.0,5,0.9246064830663316,0.07139304718002677,0.0412319368673154,5,0.4094119732499319,0.2337932279566303,0.37429145274034925,5,6.076102461951303,..TATAT....,3.0
tbp,1tgh,MA0343.1.jaspar,5,1tgh_state_072_MA0343.1.jaspar.npz,state,72.0,5,0.8843602711615143,0.07917495255824178,0.062277642737731356,5,0.2374372802181799,0.284239493124187,0.45696172293718507,5,5.803280968173981,..TATAG....,4.0
tbp,1tgh,MA0343.1.jaspar,5,1tgh_state_073_MA0343.1.jaspar.npz,state,73.0,5,0.9380066296641923,0.07303254914004356,0.04720345806896546,5,0.26929889975772847,0.2855704564601183,0.4327395217222649,5,4.653634294990594,..TGTAG....,5.0
tbp,1tgh,MA0343.1.jaspar,5,1tgh_state_074_MA0343.1.jaspar.npz,state,74.0,5,0.8249319518760507,0.11554519420024008,0.09593358604884619,5,0.06253065587879619,0.33812053301371636,0.5300184897386963,5,4.660978194197411,..TATAG....,4.0
tbp,1tgh,MA0343.1.jaspar,5,1tgh_state_075_MA0343.1.jaspar.npz,state,75.0,5,0.9532600352054162,0.06522157524013891,0.031630889587911576,5,0.3396433815331526,0.26262849076883865,0.3929912521078568,5,5.099605256986604,..TGTAG....,5.0
tbp,1tgh,MA0343.1.jaspar,5,1tgh_state_076_MA0343.1.jaspar.npz,state,76.0,5,0.9764459601404479,0.037466505367774516,0.016159945707307433,5,0.34045018273648253,0.2553026781999506,0.4011828079613406,5,5.913088458976385,..TGTAG....,5.0
tbp,1tgh,MA0343.1.jaspar,5,1tgh_state_077_MA0343.1.jaspar.npz,state,77.0,5,0.9291290407658105,0.06201492709806189,0.04236931095711523,5,0.296854399979961,0.26643380461027844,0.432353457616171,5,6.114139618516125,..TATAG....,4.0
tbp,1tgh,MA0343.1.jaspar,5,1tgh_state_078_MA0343.1.jaspar.npz,state,78.0,5,0.8618273099044573,0.08767350856214762,0.08163062959043199,5,0.5100194171148618,0.20084130119066684,0.3039003246408323,5,6.278381111313888,..TGTAT....,4.0
tbp,1tgh,MA0343.1.jaspar,5,1tgh_state_079_MA0343.1.jaspar.npz,state,79.0,5,0.9240413271263345,0.06877343866508454,0.03931027653331637,5,0.4382356852171238,0.23073620449285953,0.3471701168880325,5,5.318281238851797,..TGTAT....,4.0
tbp,1tgh,MA0343.1.jaspar,5,1tgh_state_080_MA0343.1.jaspar.npz,state,80.0,5,0.7142609649940327,0.11410614515189081,0.13420597825065428,5,0.09465724802980219,0.3295434939209372,0.5078297656363189,5,4.187028637263717,..TGAAG....,4.0
tbp,1tgh,MA0343.1.jaspar,5,1tgh_state_081_MA0343.1.jaspar.npz,state,81.0,5,0.6262914881310044,0.17477769627002998,0.19120227473942217,5,0.24144107753000205,0.292884127504658,0.445929502008545,5,4.6409008987550155,..TACAT....,2.0
tbp,1tgh,MA0343.1.jaspar,5,1tgh_state_082_MA0343.1.jaspar.npz,state,82.0,5,0.9663759338799102,0.053528735996223986,0.02096083363487452,5,0.37613726892590993,0.2514837195398286,0.37973711174498054,5,5.042740579094784,..TGTAG....,5.0
tbp,1tgh,MA0343.1.jaspar,5,1tgh_state_083_MA0343.1.jaspar.npz,state,83.0,5,0.9093774814943688,0.07986366646364332,0.05574091805121245,5,0.27934286569557903,0.28816416235640646,0.41369669051285385,5,3.6951015321876355,..TGTAG....,5.0
tbp,1tgh,MA0343.1.jaspar,5,1tgh_state_084_MA0343.1.jaspar.npz,state,84.0,5,0.8869003944914653,0.09819327400764451,0.06561777213724643,5,0.3473291658336078,0.25885378535604103,0.40282225365773083,5,5.348879403210915,..TATAT....,3.0
tbp,1tgh,MA0343.1.jaspar,5,1tgh_state_086_MA0343.1.jaspar.npz,state,86.0,5,0.7124216762181332,0.13634963165968655,0.13011647340109844,5,0.22109658196256948,0.29766011505853385,0.4519678829887955,5,4.599365937625799,..TGCAT....,3.0
tbp,1tgh,MA0343.1.jaspar,5,1tgh_state_087_MA0343.1.jaspar.npz,state,87.0,5,0.9008990160616259,0.09452516827732324,0.06307771127478701,5,0.19688546319214228,0.2996616671560332,0.4777677593825607,5,5.496859391336946,..TATAG....,4.0
tbp,1tgh,MA0343.1.jaspar,5,1tgh_state_088_MA0343.1.jaspar.npz,state,88.0,5,0.9534300707123167,0.0679358841618523,0.0361294031769388,5,0.2567841963659427,0.27742181504145264,0.4689373540236371,5,6.779838685521313,..TATAG....,4.0
tbp,1tgh,MA0343.1.jaspar,5,1tgh_state_089_MA0343.1.jaspar.npz,state,89.0,5,0.8612146479875241,0.10595221775583923,0.07440180344900452,5,0.39571060965077637,0.2403104516910389,0.3757618240115073,5,5.709077647903156,..TATAT....,3.0
tbp,1tgh,MA0343.1.jaspar,5,1tgh_state_090_MA0343.1.jaspar.npz,state,90.0,8,-0.30727023918866925,0.43015240400563926,0.6728759211331239,5,-0.030420986030737885,0.36903425147756935,0.6370372659570871,5,8.032972911541728,.CGTGTAGC..,0.0
tbp,1tgh,MA0343.1.jaspar,5,1tgh_state_091_MA0343.1.jaspar.npz,state,91.0,5,0.6056478561033528,0.18462909758090973,0.20331914774963183,5,0.22575325175636282,0.2899717489955947,0.457030982077424,5,5.601262453086822,..TGCAT....,3.0
tbp,1tgh,MA0343.1.jaspar,5,1tgh_state_092_MA0343.1.jaspar.npz,state,92.0,5,0.956808317801384,0.05827661617659032,0.025971904051158002,5,0.40210708336921436,0.24446983134839684,0.36616732269134267,5,5.214757996591152,..TGTAT....,4.0
tbp,1tgh,MA0343.1.jaspar,5,1tgh_state_093_MA0343.1.jaspar.npz,state,93.0,5,0.9070862190560132,0.09176749720936642,0.053310028060152795,5,0.3317454427994074,0.26602962309261785,0.40318457698372534,5,4.6972118884505285,..TATAT....,3.0
tbp,1tgh,MA0343.1.jaspar,5,1tgh_state_094_MA0343.1.jaspar.npz,state,94.0,5,0.7326609327786296,0.13660192738752813,0.13035277580565158,5,0.12462519057996559,0.32237070947885516,0.493942127999732,5,4.611527494365255,..TGGAG....,4.0
tbp,1tgh,MA0343.1.jaspar,5,1tgh_state_095_MA0343.1.jaspar.npz,state,95.0,5,0.7689870331331908,0.13922816447447986,0.12029486029650356,5,0.27178504332310405,0.28960101059637966,0.42005698556128657,5,4.027111976911625,..TGTAT....,4.0
tbp,1tgh,MA0343.1.jaspar,5,1tgh_state_096_MA0343.1.jaspar.npz,state,96.0,5,0.8731664618796905,0.08954242912586778,0.07555930883968613,5,0.4432770691916663,0.223734517255798,0.35940413256648707,5,6.092292899626416,..TATAT....,3.0
tbp,1tgh,MA0343.1.jaspar,5,1tgh_state_097_MA0343.1.jaspar.npz,state,97.0,5,0.9823788121690709,0.03777534333057701,0.01457064955124598,5,0.3166822000160556,0.26057470820378514,0.42098515735910125,5,6.1525080624029185,..TGTAG....,5.0
tbp,1tgh,MA0343.1.jaspar,5,ENSEMBLE_MEAN,ensemble_mean,,8,0.9482376010213092,0.0737280492825482,0.04210214905005738,5,0.309215056583897,0.277541671709144,0.4043537417220531,5,5.973520877849127,.CTGTAGTA..,5.0
