tf,cond,state,bend_uu,bend_pp,shortening,minor_w,major_w,inclin,tip,xdisp,ydisp,minor_w_cp,major_w_cp
dux4,crystal,crystal,9.4996,13.7655,2.0062,6.3576,11.2184,5.9535,-0.9093,-0.9226,-0.0314,6.3873,11.3185
dux4,frozen,001,71.4513,67.9264,49.0485,7.1096,12.0261,4.3509,28.639,-0.1502,0.1088,6.6747,10.8067
dux4,frozen,002,9.5872,15.6454,11.0732,5.76,12.0291,7.668,6.5544,-0.8689,-0.6837,5.9365,12.2525
dux4,frozen,003,35.855,41.5034,29.0267,7.4775,11.7525,11.5248,-3.4981,-1.3521,0.174,6.3218,11.8257
dux4,frozen,004,52.5046,94.9402,27.7291,7.6598,12.1983,4.5696,-6.2858,-0.6028,0.758,6.0938,11.8393
dux4,frozen,005,33.2194,33.8677,11.1456,6.3435,10.5896,2.7965,0.2595,0.2759,-0.2704,6.4533,10.8621
dux4,frozen,006,22.5039,22.5611,24.8611,6.2276,12.6641,7.3534,4.0684,-0.7841,-0.4345,6.0186,13.4521
dux4,frozen,007,15.2233,19.9666,33.1524,6.0148,13.5088,4.0776,-0.8511,-0.1087,0.7469,5.8268,13.0515
dux4,frozen,008,26.9184,34.5376,11.2932,6.6465,11.3823,-0.4048,-17.4518,0.1587,0.1708,6.7,11.0831
dux4,frozen,009,44.2533,48.2548,49.252,8.3218,12.3198,10.7127,4.4513,-0.8606,-0.543,6.1114,12.322
dux4,frozen,010,25.3534,28.5438,23.6654,7.0337,12.2405,6.7079,9.6756,-0.4856,-0.4817,6.3033,12.2906
dux4,frozen,011,10.5243,7.9634,33.8901,5.8008,12.5225,6.3291,0.4153,-0.6695,-0.6664,4.6405,12.5012
dux4,frozen,012,50.2824,55.3241,29.2997,7.3819,11.9989,6.3205,-6.901,-0.7215,0.3785,6.1183,11.7928
dux4,frozen,013,25.1946,31.1813,28.7198,5.9041,12.1674,13.4847,18.4669,-0.7157,-0.5128,5.9314,11.9475
dux4,frozen,014,10.1966,8.1997,1.6137,6.1271,11.6348,6.5841,-0.9656,-1.0118,-0.1315,6.1667,11.7446
dux4,frozen,015,20.1995,12.0449,23.8431,8.0173,12.038,4.6032,0.081,-0.175,0.4299,9.1089,10.8973
dux4,frozen,016,156.6162,104.6584,49.0082,5.8085,11.3509,9.5722,12.2001,-0.6572,0.1835,5.8389,11.8775
dux4,frozen,017,25.3196,35.6963,7.0218,6.0794,11.3093,11.2139,1.4223,-1.0774,-0.8117,6.06,11.25
dux4,frozen,018,34.8784,40.1715,18.0898,6.316,11.5456,4.8582,0.8625,-0.5576,-0.0187,6.1919,11.9779
dux4,frozen,019,43.959,37.8881,45.2639,7.7537,11.7397,6.7372,1.1809,-0.2286,-0.4905,6.7531,13.1706
dux4,frozen,020,4.5901,10.5755,26.9433,6.3535,12.4266,6.4142,-2.1421,0.0043,0.2491,6.4556,11.1073
dux4,frozen,021,35.0339,39.9229,25.0149,5.3973,11.858,10.4894,11.6286,-0.7684,0.2167,6.0761,12.3505
dux4,frozen,022,7.3066,12.4051,33.5474,5.9987,10.6884,6.0498,0.5837,0.4851,1.0049,6.1937,10.7509
dux4,frozen,023,35.5271,48.7965,14.2456,5.7433,11.8613,9.34,-1.1051,-0.1588,-0.4909,6.0681,11.6275
dux4,frozen,024,29.6806,32.54,36.0713,6.3368,11.2665,9.2208,12.5517,-0.5722,0.1333,7.0778,10.4955
dux4,frozen,025,33.1428,55.7302,5.9793,6.6008,11.2656,11.2806,0.2628,-0.5366,-0.2699,6.5613,11.2092
dux4,frozen,026,10.9499,11.5543,20.1039,6.7672,12.8505,6.3787,4.4834,-0.5616,-0.4365,7.5812,12.2846
dux4,frozen,027,17.6829,19.5224,27.262,6.4401,12.2046,8.048,2.7696,-0.529,-0.5277,6.3153,11.7236
dux4,frozen,029,74.2078,82.5264,42.6812,6.1252,12.1835,-1.5477,-1.3226,0.1074,-0.7346,6.2858,11.8778
dux4,frozen,030,2.8485,7.1188,2.2892,6.6754,10.894,10.475,-0.2734,-1.2508,-0.2626,6.604,11.0677
dux4,frozen,031,9.0608,8.3212,49.3616,6.6463,12.6701,7.2887,9.5114,-1.3433,1.4026,6.0978,12.1211
dux4,frozen,032,20.7458,25.2435,10.8783,6.2898,11.1067,5.3589,4.4804,-0.7692,-0.3264,6.2462,11.2893
dux4,frozen,033,20.0776,21.1503,4.271,5.9163,11.352,7.2657,4.5094,-1.2183,-0.2695,5.9207,11.5754
dux4,frozen,034,76.2692,94.0267,47.5291,6.6149,10.7202,9.6859,-2.3804,0.454,1.1527,6.045,11.4555
dux4,frozen,035,47.984,51.0639,18.3987,6.5819,12.4931,0.5036,2.4125,0.3483,-0.0548,6.7417,11.5653
dux4,frozen,036,125.3653,130.0086,41.9939,5.7572,13.5889,5.0594,3.9827,-0.0908,-0.0902,6.1445,13.9533
dux4,frozen,037,23.6693,33.0553,33.7669,7.1229,12.4273,0.1359,-2.012,0.6908,0.0315,5.8752,12.0813
dux4,frozen,038,44.767,52.9201,19.0361,7.0141,11.7587,5.8657,-0.2239,-0.6165,0.2537,5.866,11.346
dux4,frozen,039,31.3655,37.0408,30.1871,7.6227,11.0751,6.9219,6.0918,-0.2787,0.0971,7.1742,11.1683
dux4,frozen,040,101.3002,106.4164,43.374,6.5908,12.2743,7.6393,-6.5117,-0.3365,-0.1939,5.3918,12.2645
dux4,frozen,041,109.5988,100.9964,27.4504,5.8917,11.8211,7.8096,9.7682,-0.8586,0.4954,6.1321,11.8029
dux4,frozen,042,26.6378,27.7788,7.4578,6.2742,11.4475,7.7326,-3.027,-0.3665,0.1435,6.3333,11.1277
dux4,frozen,043,52.2995,61.578,17.962,5.9768,11.3672,9.5405,9.7364,-0.9062,-0.0829,5.8012,11.4485
dux4,frozen,044,26.9024,24.189,8.144,6.8194,10.5793,9.9135,3.6579,-1.2449,-0.3063,6.9736,10.0464
dux4,frozen,045,164.3686,18.5056,52.0141,6.5198,11.7317,10.8477,-2.1754,-0.3115,0.2766,6.7088,11.5929
dux4,frozen,046,49.389,45.2979,27.4506,6.8184,13.0027,1.8026,1.1478,0.4504,0.7398,6.6896,12.3031
dux4,frozen,047,15.7234,39.1226,4.9205,6.7298,11.2133,9.7562,-1.7262,-1.3781,0.1852,6.82,11.4233
dux4,frozen,048,31.6779,38.9603,29.2751,6.009,11.0834,-9.5532,-45.0507,0.6316,-0.8978,5.9768,11.37
dux4,frozen,049,21.0641,13.4438,35.7234,4.8432,11.8968,2.4254,12.1378,-0.1772,0.3805,4.6674,11.8393
dux4,frozen,050,140.2877,45.4895,32.7226,6.2348,10.1067,2.7171,20.9558,0.9448,-0.2878,5.464,12.1382
dux4,frozen,051,5.618,11.1089,37.5009,7.2508,11.6957,5.8642,0.6439,-0.4654,-0.2871,6.406,11.6262
dux4,frozen,052,30.9633,39.8887,9.3523,7.1655,10.466,15.7055,-2.6367,-1.1073,-0.4905,7.0373,10.974
dux4,frozen,053,31.4632,33.8895,42.8512,6.9509,12.5063,13.0863,1.7475,-0.9297,-0.1912,6.0487,12.0567
dux4,frozen,054,8.8106,16.4348,17.0261,6.2983,10.9437,8.8998,2.9491,-0.9632,0.397,6.5626,11.32
dux4,frozen,055,4.3425,15.2743,44.1428,6.4912,13.3941,5.2481,15.9954,-0.9978,-0.1543,6.5623,11.8195
dux4,frozen,056,150.6854,21.6675,33.786,7.0757,12.2679,8.1668,-3.196,-0.1123,0.8071,5.5873,12.3286
dux4,frozen,057,36.8628,25.2085,17.3645,6.5586,11.5323,8.487,3.2141,-0.7479,-0.1548,6.4205,11.4718
dux4,frozen,058,28.8356,27.8948,20.6172,8.369,13.2043,-0.1563,0.5259,0.4731,0.0081,5.3427,12.2363
dux4,frozen,059,36.0031,30.8614,12.8838,6.6835,11.4867,9.933,6.459,-0.8848,-0.7671,6.3967,11.5446
dux4,frozen,060,37.3897,50.6712,8.3629,5.9398,11.7031,11.7743,-1.6865,-1.5395,-0.3439,6.1893,11.5146
dux4,frozen,061,20.9531,26.4811,28.8491,5.5992,12.8347,7.6155,-12.3702,-1.4079,-0.3756,5.3284,11.5
dux4,frozen,062,10.4713,24.1878,29.6323,6.5514,13.3831,9.1808,-0.1482,-0.6978,0.0569,6.5833,11.6116
dux4,frozen,063,10.3439,12.0047,3.8211,6.1054,11.7912,8.6508,-0.2924,-0.8764,-0.2088,6.4088,11.902
dux4,frozen,064,4.1776,1.8883,11.3767,5.6294,11.9477,6.3936,6.5795,-0.1643,-0.7852,5.0822,11.8086
dux4,frozen,065,16.0105,19.8161,6.4711,6.6474,10.978,7.5849,-3.3085,-0.6961,0.1932,6.3013,11.3831
dux4,frozen,066,69.2795,62.6872,35.7467,5.9104,12.0713,13.7769,-4.9962,-1.0688,-0.1502,5.7527,11.27
dux4,frozen,067,40.95,58.1474,42.104,5.6745,12.9104,6.911,-0.893,-0.2777,-0.0895,6.3258,12.6181
dux4,frozen,068,19.8541,12.3615,18.9703,5.6889,13.1386,9.3158,-0.5805,-0.789,-0.4601,5.78,12.1592
dux4,frozen,069,44.3328,53.0245,18.11,5.5266,11.9151,7.5414,4.4398,-0.1474,-0.0682,5.6454,12.2183
dux4,frozen,070,18.3988,9.7917,12.4997,7.1945,11.0579,10.9013,-0.2804,-0.9111,0.1093,6.482,10.9667
dux4,frozen,071,19.3598,17.7814,38.6238,9.8397,13.1172,3.5841,-1.9981,-0.1019,0.0233,7.2166,12.1184
dux4,frozen,072,19.7521,23.247,9.0971,9.17,11.2814,16.2525,3.5111,-1.3697,-0.9515,8.545,13.4033
dux4,frozen,073,37.4749,42.018,30.547,6.7243,12.11,10.5265,1.641,-0.4671,0.1567,7.6273,12.7376
dux4,frozen,074,15.3775,16.1949,9.3953,6.8559,12.074,7.5034,9.9835,-1.5898,-0.5863,6.505,11.4031
dux4,frozen,075,37.3816,45.7785,25.5256,6.5027,12.3175,1.0959,19.2167,-0.1309,0.404,6.3332,11.5
dux4,frozen,076,15.2087,30.0251,11.5467,6.5395,10.5275,3.6729,-0.5544,0.4246,0.0806,6.4038,10.54
dux4,frozen,077,19.7163,30.7481,5.6694,6.2088,11.219,8.635,-2.0019,-0.8871,0.4146,5.9775,11.3871
dux4,frozen,078,84.139,86.291,23.5312,6.133,11.6069,-0.5879,-14.8317,-0.1856,0.7861,6.6813,11.7613
dux4,frozen,079,148.4744,27.3006,39.8227,6.41,11.0624,7.5577,-4.6217,-0.5674,-0.1444,6.636,11.4229
dux4,frozen,080,93.4041,87.09,44.7027,7.2911,12.1809,-0.9752,18.4908,-0.2701,-0.156,6.4456,11.8427
dux4,frozen,081,28.3575,36.5997,9.4038,6.9381,10.5188,11.3735,2.1701,0.0858,-0.4614,6.9055,10.7008
dux4,frozen,082,22.8213,24.3177,26.4745,6.7485,13.4734,8.4493,0.6907,-0.4417,0.0948,5.735,12.3982
dux4,frozen,083,28.8575,39.2761,7.8963,5.6212,11.7029,7.7667,-2.2601,-0.5538,0.6958,5.73,11.71
dux4,frozen,084,34.934,52.3015,27.0374,7.3456,11.4265,5.1965,3.7639,-0.5218,-0.4048,6.6506,11.59
dux4,frozen,085,17.2383,18.6892,21.335,5.4956,12.7159,10.5825,-0.571,0.0996,0.2378,5.3356,11.9831
dux4,frozen,086,26.849,38.4142,40.2035,8.7546,15.335,8.3863,5.8001,-0.2752,0.0361,7.5405,10.2492
dux4,frozen,087,66.0876,85.6967,32.0742,7.6482,11.1003,9.3368,2.6888,-0.3039,0.0635,7.1052,12.2905
dux4,frozen,088,22.468,28.6976,35.8965,6.664,11.5149,4.2995,1.5205,-0.4592,-0.4665,6.0795,12.2108
dux4,frozen,089,18.5664,26.3667,11.2841,6.0823,11.4125,15.8205,-2.9314,-1.1987,0.3347,5.9757,10.9867
dux4,frozen,090,37.5709,33.9993,28.0959,6.8162,12.2127,3.7408,-11.514,-0.1878,-0.3494,6.4959,12.5518
dux4,frozen,092,28.7983,44.3778,27.3423,5.9296,11.7955,10.376,1.3375,-0.4738,-0.2592,5.7427,11.21
dux4,frozen,093,10.344,17.896,7.1481,6.7055,11.9329,-2.4314,-12.4965,0.8205,-0.7884,6.5521,11.2708
dux4,frozen,094,4.4355,6.7497,6.1192,6.1641,11.0862,9.764,-0.9759,-0.3517,-0.0277,6.1006,10.9615
dux4,relaxed,001,161.6687,29.1577,34.4537,6.5657,11.9195,0.2244,0.1846,0.3666,-0.6818,6.5438,11.1429
dux4,relaxed,002,20.7645,23.6363,45.8398,7.5732,12.0224,4.2643,-7.2262,-0.1278,0.8089,6.6053,10.3925
dux4,relaxed,003,33.9733,22.3254,34.1657,6.6162,13.1219,4.5451,3.6182,-0.449,0.185,6.887,11.95
dux4,relaxed,004,15.99,17.0879,9.5783,4.9691,10.17,5.7717,5.326,-1.4787,-0.1767,5.4623,10.2127
dux4,relaxed,005,48.6755,54.2317,51.4695,9.8747,10.5158,4.2553,12.761,0.1481,-0.1065,7.1453,10.3086
dux4,relaxed,006,8.8333,8.9014,23.455,6.1981,13.9283,7.9672,-7.2378,-0.8101,-0.4925,5.721,14.234
dux4,relaxed,008,31.5383,38.8004,32.0664,7.9309,11.618,9.3057,-2.463,-0.9688,-0.1649,7.1185,11.627
dux4,relaxed,009,31.4114,41.6553,42.0608,6.9846,11.8659,0.6683,2.0096,0.6474,-0.8738,6.689,13.1086
dux4,relaxed,010,30.5621,38.9826,29.6789,6.8764,12.6522,1.8066,7.2804,-0.0486,0.1783,6.9892,12.1331
dux4,relaxed,011,7.5718,7.9852,40.1982,6.5464,12.8322,3.4835,9.1471,-1.0413,-0.716,4.3289,13.1459
dux4,relaxed,012,146.852,37.9046,40.2418,7.3091,12.7862,1.507,10.319,0.0409,0.3674,6.0411,11.5355
dux4,relaxed,013,9.3555,3.781,58.3521,9.4907,10.721,-1.1323,24.1467,0.2671,-0.0056,7.4896,14.2117
dux4,relaxed,014,11.6993,13.3652,1.4704,5.9144,11.8129,6.2839,-0.8445,-1.0367,-0.0788,5.9807,11.9162
dux4,relaxed,015,72.3226,113.9575,62.8385,4.9059,10.0483,4.3681,-4.3914,-0.2126,0.1827,5.075,10.7933
dux4,relaxed,016,118.1313,45.2543,56.432,8.021,12.9411,4.911,-3.8539,-0.3086,-0.3189,7.3115,11.685
dux4,relaxed,017,20.9934,16.7333,39.3866,4.8759,12.9685,9.4058,13.4133,-0.2625,-0.0235,6.0362,13.5506
dux4,relaxed,018,23.1398,32.8484,40.0179,7.2914,12.7766,8.9416,0.3699,-1.1711,-0.5026,7.036,16.9337
dux4,relaxed,019,40.8386,43.1225,15.2407,6.4445,11.8955,8.6561,-1.1686,0.3208,-0.2641,6.7313,12.3254
dux4,relaxed,020,32.5165,31.7039,42.1493,5.8966,13.8938,4.903,3.0137,-0.029,-0.0462,6.4433,14.8178
dux4,relaxed,021,57.712,61.3471,27.9211,5.7079,11.8896,5.0748,-13.3229,-0.876,-0.979,5.6937,12.2607
dux4,relaxed,024,147.1851,121.5267,60.2793,7.4422,11.8061,3.6731,19.7254,-0.1273,0.0478,6.0789,11.01
dux4,relaxed,025,17.8331,20.437,2.2788,6.5725,10.9582,8.3349,1.1375,-1.0419,-0.2159,6.5813,10.9862
dux4,relaxed,026,15.7526,19.1211,23.9173,6.3024,14.513,3.3092,-4.0639,-0.8335,-0.5351,6.1117,14.1042
dux4,relaxed,028,19.7657,24.9961,17.0983,6.1923,12.0598,10.4516,-1.8611,-0.8022,-0.4359,6.8222,10.7585
dux4,relaxed,029,67.2354,59.2069,33.922,6.6254,11.9982,11.0935,0.5813,0.0822,-0.4827,5.9287,12.8611
dux4,relaxed,030,28.2163,36.158,14.0837,6.7403,9.9916,13.3581,-6.1305,-0.9196,0.6406,6.6073,10.6057
dux4,relaxed,031,127.5252,56.3994,43.406,7.6596,13.0371,9.6912,1.664,-0.5177,0.1053,5.875,12.6581
dux4,relaxed,032,7.234,7.4125,9.7893,6.9402,11.0776,8.2187,9.1154,-0.3794,-0.4286,6.8921,10.6593
dux4,relaxed,033,16.4104,27.5532,18.9752,6.7332,11.6623,8.3788,8.9462,-1.1245,-0.3104,6.7868,11.5953
dux4,relaxed,034,51.9744,66.2801,42.024,5.3316,13.4978,7.6315,-6.4682,0.4919,0.1483,4.9815,13.47
dux4,relaxed,035,19.4545,18.3353,31.5276,10.207,14.3774,15.7028,-0.9413,-0.9313,-0.5006,7.664,14.019
dux4,relaxed,036,11.4063,14.1519,12.3757,12.9251,14.5096,8.5199,3.3647,-0.7932,-0.01,8.636,15.6038
dux4,relaxed,037,5.2384,7.0191,36.5506,7.2825,12.1583,11.9465,-0.4678,-0.4425,-0.485,8.7114,12.6471
dux4,relaxed,038,61.3381,63.8619,24.2007,6.4997,12.3494,6.4902,-5.4135,-1.3689,0.3374,6.5088,12.0254
dux4,relaxed,039,36.6599,34.9251,35.9333,8.3162,10.9723,12.7275,0.149,0.3735,-0.234,7.3929,11.0105
dux4,relaxed,040,143.0218,39.4811,35.6428,5.6933,12.7576,6.7977,-10.0095,-0.214,0.2089,5.7053,12.0242
dux4,relaxed,041,119.7567,67.2604,39.372,7.0991,12.1641,7.9834,1.2791,-0.667,0.0379,6.2805,11.9811
dux4,relaxed,042,9.7022,16.6682,5.1734,6.5925,10.7963,12.5075,-0.6682,-1.0712,-0.617,6.4873,10.7977
dux4,relaxed,045,28.0342,26.8019,11.4008,7.6327,10.8392,8.6366,0.3254,-1.0316,-0.4999,6.5117,10.5655
dux4,relaxed,047,14.7125,6.0312,4.6685,6.644,11.7933,13.5759,-0.4152,-1.6585,-0.5608,6.5633,11.6408
dux4,relaxed,048,11.4493,14.6816,33.9583,6.6649,11.5287,7.8622,-14.8741,0.0725,-0.4475,4.9121,12.0341
dux4,relaxed,049,71.2238,80.6391,26.0201,6.5741,9.4151,7.9265,-2.3926,-1.6922,1.2155,5.3121,11.4192
dux4,relaxed,051,145.2491,30.924,44.8891,6.1267,11.738,7.8801,-1.568,0.3123,-0.0286,6.7544,11.7691
dux4,relaxed,053,137.3822,49.7293,53.6818,6.1114,12.5619,13.358,-1.3653,-0.5196,0.4279,7.1148,12.8223
dux4,relaxed,054,25.5234,12.763,47.992,6.509,11.9807,-0.1151,-1.3421,-0.3081,-0.9718,10.2361,11.941
dux4,relaxed,055,27.8833,39.8797,29.7805,7.4611,11.1497,10.153,15.1936,-0.7862,-0.565,6.6107,10.4567
dux4,relaxed,056,11.7152,9.8079,2.4008,7.2183,12.3678,9.1391,0.7808,-1.0116,0.4543,7.6873,13.65
dux4,relaxed,057,6.142,15.1844,28.9566,5.3171,11.4904,10.4026,-0.0867,-1.4251,-0.5222,5.95,11.9175
dux4,relaxed,058,21.1104,7.1554,50.2145,11.2006,12.4371,-5.3353,-12.0137,0.7336,-0.8198,7.5943,10.8464
dux4,relaxed,059,6.1959,23.2825,25.6167,5.277,11.6738,3.6885,-10.8799,-0.4444,-0.4355,5.7985,10.795
dux4,relaxed,060,50.0819,62.225,14.992,6.3344,11.3433,11.6288,-0.206,-1.4222,-0.1475,6.2871,11.2623
dux4,relaxed,061,27.4909,34.9398,43.125,7.9267,12.0317,4.256,-14.6783,-0.8679,0.4012,5.4774,12.3539
dux4,relaxed,062,32.4128,22.088,38.4054,8.0624,11.7142,7.5642,17.0431,-0.3293,-0.7786,7.5473,12.6526
dux4,relaxed,063,20.6106,17.899,12.6511,6.7213,13.1087,7.8847,-0.8676,-0.714,0.1426,6.96,12.3771
dux4,relaxed,064,14.448,10.8729,2.5227,5.5136,11.8128,-5.2079,13.1838,0.4848,0.4644,5.4133,11.5367
dux4,relaxed,065,48.4832,47.5644,37.4613,7.3757,13.3302,9.6961,1.7288,-0.5801,0.2346,6.1322,12.72
dux4,relaxed,067,48.7544,65.5429,56.5528,8.1603,13.3218,4.5434,-5.189,0.0436,0.5941,7.1418,13.5615
dux4,relaxed,068,47.7193,47.9741,11.5195,5.9593,12.0468,6.6035,2.3948,-1.2694,-0.0533,5.992,12.1714
dux4,relaxed,069,30.9188,39.3988,34.7444,7.6483,12.3917,7.934,4.276,-0.2855,-1.2377,6.5676,11.26
dux4,relaxed,071,67.4838,117.4249,52.1303,6.5442,10.3967,8.1588,-1.5005,-0.1213,-0.0978,6.597,10.6075
dux4,relaxed,072,26.781,28.6814,18.7505,12.2723,10.8097,12.0203,2.3945,-0.855,-0.7663,11.5638,9.3471
dux4,relaxed,073,148.8724,113.1583,50.905,7.2734,11.0273,9.1974,11.7877,-1.0663,0.3368,5.7178,12.4167
dux4,relaxed,074,34.5453,20.1677,56.7523,6.1658,14.0561,6.0138,4.5365,-0.5592,-0.4819,6.9524,13.08
dux4,relaxed,075,47.2969,57.52,26.4975,7.6431,11.3022,9.7273,2.188,-1.442,-0.0224,7.7943,10.7
dux4,relaxed,076,7.0841,10.1496,33.3684,7.6994,13.6133,6.6208,-8.8667,-1.0681,1.1108,7.9282,11.26
dux4,relaxed,077,16.1563,24.5893,7.6862,6.2715,11.1129,14.1154,6.8777,-0.1974,0.0522,6.2731,10.85
dux4,relaxed,078,16.1314,18.0023,52.1742,5.3115,13.1336,3.9988,9.9776,-0.605,0.957,5.328,11.8654
dux4,relaxed,080,46.3594,49.1031,42.0844,6.6211,11.6989,8.3591,-2.7795,-0.9683,-0.815,6.9283,14.2894
dux4,relaxed,081,2.0759,15.5967,43.2509,8.4451,11.3184,15.9707,1.127,-0.9702,-0.0409,6.3078,10.4725
dux4,relaxed,082,41.8448,43.4823,25.9072,5.2161,12.8318,11.2374,-0.1824,-0.7866,-0.2218,5.3375,13.8377
dux4,relaxed,083,144.1279,23.7717,40.1559,6.1655,12.2439,-3.8109,-13.4375,0.5312,-0.524,6.043,12.2985
dux4,relaxed,084,7.8797,3.5782,31.1764,8.6397,12.4594,6.8481,4.1072,-0.2657,-0.1295,7.2821,10.705
dux4,relaxed,085,8.3486,18.1836,27.417,6.5568,13.257,12.3452,-0.2572,-1.2861,0.154,4.7717,12.555
dux4,relaxed,088,18.666,28.0435,9.8983,6.7657,11.5452,9.1285,3.7964,-1.085,-0.5555,6.085,14.126
dux4,relaxed,089,18.6574,24.714,31.568,6.9406,12.4974,4.1028,5.6799,0.1995,-0.5851,6.8121,14.0388
dux4,relaxed,091,126.2622,51.0442,61.6812,6.0731,13.5673,-7.6677,-0.8738,1.3528,-0.9153,2.9344,14.3483
dux4,relaxed,092,49.888,54.5925,39.2214,6.069,12.785,8.5395,2.0136,-0.3291,-0.6591,5.9019,13.4378
dux4,relaxed,093,6.9579,10.7261,7.1996,5.451,12.0958,7.0837,1.1389,-0.9009,-0.9508,5.5,12.3436
dux4,relaxed,094,28.21,26.9673,32.6849,6.9714,12.0414,6.1855,0.8689,0.2125,0.0891,5.455,11.98
egr1,crystal,crystal,3.8727,12.48,1.1434,8.4822,11.3033,8.749,1.5163,-1.2503,0.1333,7.8583,11.874
egr1,frozen,001,7.0108,11.5639,0.9422,7.9316,11.6685,8.2764,2.0822,-1.6854,0.1864,7.7117,12.11
egr1,frozen,002,4.2329,10.4198,1.0153,8.1623,12.2617,8.6338,1.3552,-1.5308,0.1385,7.515,11.74
egr1,frozen,003,15.7386,10.696,3.9648,7.487,12.5959,9.368,3.8642,-1.5415,-0.3576,7.57,12.232
egr1,frozen,004,11.6995,12.136,1.097,7.9748,11.404,9.2463,3.6015,-1.2777,0.195,7.7433,12.0375
egr1,frozen,005,13.6122,12.4921,1.2669,7.585,11.6546,7.2214,0.3775,-1.4943,0.1858,7.3583,11.3725
egr1,frozen,006,12.3056,16.4984,1.256,7.4127,11.6192,5.5409,-1.1179,-1.2994,0.0951,7.4617,11.616
egr1,frozen,007,9.492,14.6751,1.3024,7.9396,11.5858,7.0049,0.9029,-1.5608,0.1509,7.4817,11.836
egr1,frozen,008,3.243,12.4817,0.9792,7.5948,11.5445,9.0773,1.8937,-1.602,0.12,7.6217,12.094
egr1,frozen,009,5.5559,10.701,0.7546,7.7643,11.695,7.7292,0.2833,-1.3685,0.083,7.8033,12.106
egr1,frozen,010,5.2654,13.4945,0.8399,7.7915,11.73,9.6491,1.7733,-1.4534,0.1377,7.8383,11.7
egr1,frozen,011,19.9132,20.698,1.4632,8.2446,11.8546,6.2121,0.5428,-1.3691,0.1945,7.485,11.695
egr1,frozen,012,11.4059,10.3476,0.7496,7.5804,11.7892,8.3842,-0.4235,-1.5739,0.0617,7.1017,10.88
egr1,frozen,013,14.7434,16.6713,1.5406,7.5168,11.7008,5.9708,1.7799,-1.2904,0.1993,6.91,12.2233
egr1,frozen,014,9.929,15.5062,1.1199,7.5639,11.9031,7.6291,0.906,-1.5328,0.1761,7.61,11.854
egr1,frozen,015,9.9927,16.3218,1.136,7.8,11.6945,8.8558,1.0231,-1.3601,0.1317,7.8133,11.7125
egr1,frozen,016,15.3563,14.2414,1.9897,7.6433,12.0538,6.6816,-0.3464,-1.4135,0.2446,7.302,11.74
egr1,frozen,017,11.8901,5.5504,2.1586,7.8913,11.6067,10.2687,-1.5008,-1.2611,0.0771,7.595,11.778
egr1,frozen,018,4.293,13.247,1.1585,8.4626,11.3292,8.7337,1.4344,-1.2777,0.1391,7.8317,11.866
egr1,frozen,019,7.5134,14.1604,1.0995,7.6543,11.1545,9.288,1.9761,-1.6522,0.165,7.6917,11.06
egr1,frozen,020,7.6781,15.9733,1.051,8.6008,11.7192,8.5182,1.6785,-1.3715,0.0803,7.665,12.214
egr1,frozen,021,9.0583,7.4597,1.0663,8.3886,11.69,7.6612,1.2312,-1.4155,0.1778,7.7767,10.5567
egr1,frozen,022,4.3919,10.134,0.8577,8.0904,11.3927,8.9676,-0.403,-1.2917,0.1443,7.59,10.63
egr1,frozen,023,10.499,18.6642,1.4028,7.4027,11.7255,7.9486,2.3856,-1.6095,0.1035,7.45,12.272
egr1,frozen,024,6.0728,15.0218,1.0609,7.5518,11.405,7.63,0.0883,-1.5721,0.1405,7.6233,11.606
egr1,frozen,025,9.6539,17.2037,1.3717,7.7609,12.0283,9.3004,0.613,-1.5695,0.1131,7.8,11.34
egr1,frozen,026,16.9418,23.5288,1.8256,7.4935,11.5417,7.1378,1.0916,-1.4645,0.1891,7.5217,11.876
egr1,frozen,027,20.1725,25.9926,2.2086,6.8646,11.8108,7.6496,2.3258,-1.5592,0.3793,6.985,11.64
egr1,frozen,028,11.1753,14.2278,1.0527,7.8915,11.1767,7.2203,0.6032,-1.501,0.2275,7.542,11.446
egr1,frozen,029,8.0941,13.9051,0.9853,7.7648,11.7869,8.9394,0.6848,-1.5854,0.1397,7.7567,11.57
egr1,frozen,030,31.4622,39.6016,4.5412,7.4271,11.7831,10.2249,0.4532,-1.5989,0.3643,7.4383,11.505
egr1,frozen,031,4.0089,12.6155,1.1487,8.2359,11.3117,8.8875,1.6433,-1.2453,0.1282,7.8633,11.884
egr1,frozen,032,9.3482,14.2971,1.2869,7.705,12.42,8.6501,1.6124,-1.489,0.1828,7.745,11.105
egr1,frozen,033,6.5916,11.7512,0.8817,7.6486,11.8064,9.4656,1.5403,-1.5007,0.0899,7.6717,11.844
egr1,frozen,034,8.5105,17.8808,1.4574,8.3038,11.7194,8.6071,2.4958,-1.3308,0.0691,7.87,11.824
egr1,frozen,035,8.2381,14.4539,1.5076,8.1596,11.2827,10.2424,3.0205,-1.4197,0.0524,7.76,11.7475
egr1,frozen,036,12.0987,18.8673,1.327,7.4787,11.4225,7.2218,0.6118,-1.5274,0.1484,7.4867,11.66
egr1,frozen,037,3.9739,11.6864,1.139,8.1025,11.2242,8.7639,0.9658,-1.2307,0.1607,7.905,11.3925
egr1,frozen,038,5.0849,13.1811,1.2537,7.8396,11.4062,7.5528,0.148,-1.5451,-0.0144,8.0629,11.3833
egr1,frozen,039,7.3248,12.6833,1.0105,7.4143,11.8091,7.5551,2.5307,-1.4726,0.1254,7.4733,11.7
egr1,frozen,040,5.9858,12.126,1.005,8.0008,12.3526,8.8809,1.3811,-1.6401,0.0741,7.805,11.74
egr1,frozen,041,10.7774,11.2123,1.2147,8.093,11.7567,6.9129,1.4023,-1.0793,0.3429,7.3017,11.5375
egr1,frozen,042,7.8975,13.7684,1.1669,7.6348,11.3573,8.9058,-0.6101,-1.5203,0.083,7.695,11.552
egr1,frozen,043,5.084,13.4153,0.9998,8.2319,11.42,9.3238,1.0142,-1.5633,0.2131,7.7183,11.69
egr1,frozen,044,9.428,13.7897,1.285,7.7468,11.675,9.786,-3.5082,-1.3237,0.1394,7.75,12.2933
egr1,frozen,045,28.4593,21.1934,4.6521,7.6485,12.1533,7.5365,2.0978,-0.7581,-0.8143,7.695,11.67
egr1,frozen,046,7.2358,10.2426,0.7002,8.4642,11.4273,9.4587,1.3604,-1.3031,0.2075,7.7283,12.058
egr1,frozen,047,11.4234,12.373,0.7789,8.1977,11.8142,6.9857,1.2021,-1.382,0.1862,7.765,10.9467
egr1,frozen,048,15.7514,20.2505,1.9269,7.2596,11.4407,8.9251,1.8253,-1.7319,0.1663,7.365,11.7875
egr1,frozen,049,3.57,11.2342,0.5801,7.745,11.4882,6.549,1.1977,-1.3963,0.3401,6.996,11.09
egr1,frozen,050,8.9136,16.7337,0.9773,8.4689,11.9283,8.2909,0.6005,-1.6504,0.0844,7.5383,12.114
egr1,frozen,051,17.2922,19.0816,1.2004,8.2197,11.7885,5.3635,1.2638,-1.3494,0.2113,7.458,11.7375
egr1,frozen,052,6.7945,10.2774,0.9112,7.3224,11.501,7.9305,0.723,-1.7924,0.1899,7.3467,11.805
egr1,frozen,053,8.6387,11.419,0.9898,7.9446,12.115,7.328,0.3188,-1.5367,0.2932,7.328,10.8233
egr1,frozen,054,8.8676,14.0459,1.1503,7.6185,11.5755,7.9178,1.3823,-1.3871,0.1753,7.6717,11.67
egr1,frozen,055,7.4214,12.5122,0.8913,7.5933,11.6008,7.5459,0.4226,-1.4313,0.108,7.6333,11.616
egr1,frozen,056,2.7811,11.6179,1.2496,7.7004,11.515,9.6031,0.1076,-1.5044,0.032,7.715,11.898
egr1,frozen,057,13.0716,13.3722,1.8359,7.3525,11.3827,4.7247,0.255,-1.4187,0.2707,7.05,10.9033
egr1,frozen,058,4.7247,9.2085,0.5939,8.2504,11.8992,8.5395,0.8303,-1.4642,0.2025,7.7233,11.644
egr1,frozen,059,3.0737,6.5519,1.1217,7.4555,11.2545,9.5904,1.5626,-1.5876,0.0345,7.495,11.578
egr1,frozen,060,17.6141,23.1777,1.9864,7.0368,12.2538,5.4789,-1.9889,-1.0374,0.3627,7.1,12.0525
egr1,frozen,061,26.5509,33.501,2.9786,7.2755,11.225,7.8768,-3.0581,-1.9157,0.1484,7.325,11.815
egr1,frozen,062,10.2432,21.1657,1.8468,8.3396,11.9283,8.8413,1.5111,-1.4763,0.0285,7.85,11.525
egr1,frozen,063,15.7476,17.5327,1.4195,7.6355,12.3189,7.8533,0.5452,-1.459,0.3064,7.6483,10.7567
egr1,frozen,064,7.5621,12.2892,0.6987,7.658,11.7733,9.7559,0.9396,-1.472,0.1367,7.71,10.9433
egr1,frozen,065,7.5278,14.2987,1.411,7.4752,11.0033,7.5298,-0.0161,-1.1981,0.1948,7.5583,11.24
egr1,frozen,066,12.0617,16.4203,1.0413,8.3737,11.5818,8.2337,2.2024,-1.4988,0.237,7.77,11.6825
egr1,frozen,067,10.8815,16.7158,1.0348,7.5741,11.9867,7.2325,0.6909,-1.4758,0.1414,7.6217,11.516
egr1,frozen,068,2.5534,7.2328,0.8607,7.773,11.805,8.5718,0.86,-1.4247,0.1922,7.5317,10.97
egr1,frozen,069,15.3047,21.0066,1.9193,8.72,,4.2206,10.9831,0.6312,-1.9942,8.86,
egr1,frozen,070,13.4498,23.4402,1.5452,8.2014,11.3836,9.1948,3.347,-1.1854,-0.1606,7.6617,10.75
egr1,frozen,071,6.6741,10.2414,0.8462,7.6873,11.6867,8.2605,0.759,-1.5029,0.179,7.7167,11.648
egr1,frozen,072,7.8812,20.1517,2.0457,7.5283,13.76,6.7603,3.4682,-1.2657,0.5048,7.5067,12.8933
egr1,frozen,073,6.1277,16.4218,1.2323,8.477,10.9218,8.4963,1.714,-1.2978,0.0924,7.8667,11.225
egr1,frozen,074,12.9267,17.7733,0.8805,7.7073,11.3733,7.2733,-0.4296,-1.2962,0.2472,7.7567,11.97
egr1,frozen,075,7.4666,12.6348,1.0607,8.5165,11.5245,9.0994,1.0442,-1.3759,0.1885,7.915,12.014
egr1,frozen,076,10.0424,17.0554,1.261,7.3267,11.7975,7.5083,2.0231,-1.2534,0.0296,7.3833,11.884
egr1,frozen,077,6.9903,11.8339,1.1776,8.1648,11.9369,8.2729,1.7473,-1.6238,0.1362,7.5567,11.68
egr1,frozen,078,12.0156,9.2223,1.0584,8.2254,11.685,8.5573,-0.4551,-1.6086,0.1531,7.5817,11.586
egr1,frozen,079,16.9264,31.1423,2.5898,7.9079,11.222,11.7477,2.3866,-1.7712,1.0306,6.972,10.86
egr1,frozen,080,13.0462,14.8326,1.2417,7.795,11.6083,8.5331,1.7871,-1.4519,0.2512,7.8033,11.08
egr1,frozen,081,11.8032,15.7571,0.9748,7.5067,11.5636,6.8608,1.6106,-1.3259,0.2083,7.5717,12.114
egr1,frozen,082,65.1413,42.9588,17.8973,10.2216,13.7933,4.9044,-30.2152,-0.846,0.184,8.9667,14.34
egr1,frozen,083,4.9358,12.9059,1.0112,7.8667,12.2883,9.885,1.6008,-1.5763,0.3115,7.93,12.3275
egr1,frozen,084,11.8784,17.6029,1.3193,7.6777,12.0772,8.1873,1.0406,-1.2558,0.2104,7.7267,10.8167
egr1,frozen,085,12.9167,16.4149,1.2407,7.9637,12.1033,6.1762,0.1061,-1.4618,0.0604,7.346,11.496
egr1,frozen,086,3.2953,4.0493,0.5481,8.1464,11.6309,8.3047,0.789,-1.5537,0.1525,7.5667,12.3867
egr1,frozen,087,6.7883,11.3131,1.1521,7.6432,12.0192,9.0315,0.2121,-1.6968,0.0583,7.6717,11.818
egr1,frozen,088,10.8564,15.501,1.1508,8.3831,11.7925,8.3939,2.3147,-1.3637,0.0737,7.6833,11.75
egr1,frozen,089,7.3125,12.7896,1.0109,7.7359,12.4044,9.4704,0.6862,-1.3823,0.1303,7.7717,11.6725
egr1,frozen,090,7.899,8.9273,0.6847,8.2919,11.411,6.0676,0.1704,-1.291,0.2151,7.5133,11.6675
egr1,frozen,091,11.8672,11.7374,1.0746,8.2472,11.825,8.8975,-0.0365,-1.4889,-0.0649,7.615,11.648
egr1,frozen,092,4.7991,13.6756,1.1845,8.3419,11.6192,8.6668,1.5652,-1.2752,0.1349,7.85,11.4525
egr1,frozen,093,10.4564,12.9223,1.0215,7.6882,12.129,8.9804,1.3129,-1.6471,0.1457,7.7333,11.1375
egr1,frozen,094,8.48,13.7713,1.3689,7.3935,11.6364,6.7807,1.061,-1.3321,0.1488,7.4533,10.72
egr1,frozen,095,10.2372,14.6847,1.1389,8.2208,12.2783,7.3823,0.5962,-1.2811,0.1651,7.8033,11.72
egr1,frozen,096,10.6742,12.2829,1.0571,7.9391,11.5992,7.9744,1.572,-1.3777,0.1819,7.725,10.5133
egr1,frozen,097,36.3871,34.808,4.8477,7.6428,11.8218,11.9008,-0.097,-1.53,-0.33,7.7117,11.5
egr1,frozen,098,11.7253,17.4045,1.5774,7.4319,11.43,7.4291,2.5197,-1.4471,0.2478,7.47,12.0167
egr1,relaxed,001,6.7804,12.443,0.6968,7.2736,11.6685,8.6042,0.6062,-1.8618,0.265,7.2783,11.3067
egr1,relaxed,002,4.6757,13.4609,1.2107,7.5715,11.9411,7.5465,-0.0505,-1.6262,0.1655,7.055,11.988
egr1,relaxed,003,10.6366,15.4967,0.9096,7.4118,11.6964,7.9687,1.8304,-1.1056,-0.0823,7.47,11.0383
egr1,relaxed,004,15.8694,13.7857,2.3161,7.4543,13.0436,8.7708,2.7016,-1.4465,0.4558,8.22,13.0317
egr1,relaxed,005,15.0504,8.9029,1.5212,7.3731,11.8946,4.2765,-1.357,-1.5873,0.0635,6.708,11.968
egr1,relaxed,006,10.7955,15.5617,1.2597,6.9841,12.2917,4.4932,-1.0613,-1.3618,0.0741,7.0567,11.932
egr1,relaxed,007,14.3667,18.8144,1.8395,6.8282,11.8967,4.5825,1.7409,-1.5092,0.0126,6.832,12.478
egr1,relaxed,008,7.018,15.0431,1.1513,8.1927,12.1208,8.9028,1.5131,-1.7153,0.141,7.3917,12.4
egr1,relaxed,009,4.5437,9.7944,0.9443,8.0236,11.9569,8.8967,0.0281,-1.539,0.1105,7.525,11.8617
egr1,relaxed,010,5.3458,14.71,0.9891,8.2419,12.2475,9.9617,1.5738,-1.5779,0.239,7.6983,13.132
egr1,relaxed,011,6.8765,14.7105,1.2374,7.7852,11.2675,8.7974,1.7393,-1.3372,0.1243,7.82,11.0
egr1,relaxed,012,10.6622,17.7939,1.1519,6.1677,11.421,7.5146,-2.03,-1.7793,0.1481,6.305,11.14
egr1,relaxed,013,17.0642,20.109,1.6559,6.1673,11.7727,5.9976,2.2292,-1.637,0.155,6.09,11.5967
egr1,relaxed,014,1.2497,7.284,0.7348,7.1914,12.6622,6.5867,0.0442,-1.7814,0.2476,7.21,12.336
egr1,relaxed,015,10.3543,13.4636,1.0748,7.7835,11.8545,8.7588,1.5725,-1.5094,0.198,7.7917,11.6175
egr1,relaxed,016,10.4689,10.6242,1.6311,7.0475,12.21,5.4086,-0.6502,-1.6373,0.227,6.644,11.0967
egr1,relaxed,017,6.9457,9.3789,1.3171,7.0995,12.36,8.5402,-2.0813,-1.3682,0.0922,7.1433,12.68
egr1,relaxed,018,7.855,8.0735,0.6965,7.7796,11.1575,8.1185,0.3048,-1.76,0.176,7.5467,11.122
egr1,relaxed,019,6.7417,12.9095,1.0803,8.0496,12.488,7.8414,2.0535,-1.6931,0.1637,7.3183,12.0825
egr1,relaxed,020,5.0759,13.5751,0.7086,8.1188,11.3455,8.4878,0.9059,-1.5433,0.0313,7.4317,12.266
egr1,relaxed,021,7.4278,8.648,0.9774,7.4959,11.512,7.6471,1.0296,-1.5269,0.1885,7.6167,11.79
egr1,relaxed,022,4.5134,13.4745,0.887,7.0686,11.7942,8.5803,-1.042,-1.4169,0.0977,7.1183,11.9475
egr1,relaxed,023,8.4927,18.2899,1.4619,7.8093,11.7367,6.4662,1.7142,-1.6222,0.0867,7.0083,12.0825
egr1,relaxed,024,7.1297,16.2748,1.1371,7.1832,12.1839,5.6768,-0.375,-1.5828,0.2274,7.2917,11.908
egr1,relaxed,025,9.8754,11.2535,1.1181,7.5118,11.9242,8.0393,0.892,-1.735,0.3417,7.5433,11.52
egr1,relaxed,026,12.6082,16.6798,1.5609,6.9441,12.485,5.4823,0.9485,-1.4139,0.0987,6.9883,11.842
egr1,relaxed,027,17.3788,21.6667,1.7739,6.1208,11.5573,6.2274,1.7543,-1.6929,0.3607,5.982,11.22
egr1,relaxed,028,9.5675,15.4744,1.3364,7.3471,11.9706,6.0764,0.3919,-1.5714,0.2578,7.322,11.616
egr1,relaxed,029,4.5497,12.1902,0.8251,8.0131,12.3727,8.6154,-0.2137,-1.7718,0.1823,7.3217,12.112
egr1,relaxed,030,49.2698,54.9883,8.624,6.9727,12.5744,5.2366,4.1669,-1.3029,-0.3492,8.286,12.1633
egr1,relaxed,031,8.8088,13.0159,1.3126,7.8811,11.2793,6.7267,0.9607,-1.3527,0.0143,7.1833,11.335
egr1,relaxed,032,8.7415,11.3478,1.3482,8.0059,12.49,7.4252,1.7508,-1.6392,0.3158,7.2217,11.575
egr1,relaxed,033,8.4994,14.95,0.9932,7.4515,12.1618,9.5406,2.1325,-1.4572,0.1123,7.5367,12.232
egr1,relaxed,034,10.8915,17.601,1.3197,6.5308,12.0483,5.3067,0.2067,-1.7382,0.3745,6.725,11.6067
egr1,relaxed,035,10.9033,19.8438,2.1922,7.6596,11.6909,8.5798,1.347,-1.5171,-0.0455,7.7183,11.9725
egr1,relaxed,037,14.6864,20.3387,1.4618,7.1174,12.1283,5.3447,-1.5963,-1.2218,0.2184,7.25,12.0425
egr1,relaxed,038,8.9621,15.7657,1.5132,6.8733,11.4718,5.9084,-0.3422,-1.6327,0.1571,7.6171,11.6767
egr1,relaxed,039,10.4011,15.7345,1.2653,6.9971,11.9411,6.4383,2.6299,-1.5791,0.0902,7.1017,12.0475
egr1,relaxed,040,37.4592,44.299,5.8671,7.1877,12.025,3.9113,-2.9479,-0.9924,0.1192,7.038,11.485
egr1,relaxed,041,23.0272,29.8488,2.8258,6.2552,11.9475,7.6047,-2.0878,-1.5336,1.0204,6.128,11.3925
egr1,relaxed,042,7.645,14.3743,1.1496,7.2191,11.1345,7.9473,-0.4226,-1.6459,0.0834,7.32,11.758
egr1,relaxed,043,5.3499,14.0042,1.0935,7.7892,11.8273,8.296,0.2766,-1.7539,0.3272,7.1567,11.906
egr1,relaxed,044,8.621,19.0158,1.3592,7.8323,11.8542,7.9316,1.7753,-1.5319,-0.0347,7.9714,12.5967
egr1,relaxed,046,6.4689,9.9448,0.6272,7.8883,11.5783,9.2898,1.1574,-1.4693,0.2387,7.63,12.042
egr1,relaxed,047,17.2006,16.8278,0.9654,7.3886,12.0554,5.3017,1.2411,-1.4917,0.3189,7.4667,12.348
egr1,relaxed,048,19.4879,23.7278,2.1338,6.6688,11.5162,6.7535,2.2113,-1.9083,0.0438,6.7667,11.675
egr1,relaxed,052,8.8165,10.5911,1.1446,6.6365,12.2357,5.4814,-0.5316,-1.9378,0.3557,6.7317,11.87
egr1,relaxed,053,17.4337,22.4034,1.2988,6.7182,11.3246,5.5073,-2.7838,-1.5344,0.1258,6.83,11.6967
egr1,relaxed,054,9.5,15.2766,1.2345,7.9004,12.7471,7.3896,1.5905,-1.4521,0.0992,7.4333,11.7025
egr1,relaxed,055,3.9755,10.6328,0.6921,8.1846,12.5533,6.2963,0.137,-1.5631,0.081,7.3767,12.23
egr1,relaxed,056,3.65,12.8648,1.3249,7.45,11.4973,9.0289,1.3026,-1.7812,0.1513,7.4583,12.146
egr1,relaxed,057,11.1504,5.0319,0.9612,6.4123,12.3356,3.1689,-1.3939,-1.566,0.2945,6.364,11.3567
egr1,relaxed,058,11.2564,17.2505,0.7403,7.3124,12.0658,7.2499,1.121,-1.7307,0.1754,7.3833,12.07
egr1,relaxed,059,7.1866,8.0849,1.2319,6.8962,12.4353,8.128,0.9959,-1.7509,0.1139,7.0383,12.138
egr1,relaxed,060,18.3147,19.9474,1.9085,6.5427,12.5633,2.9121,-1.2512,-1.4402,-0.1271,6.6217,12.3775
egr1,relaxed,061,28.2928,38.6333,2.9921,6.8304,12.3333,5.3187,-3.2763,-2.0156,0.3621,6.91,12.34
egr1,relaxed,062,4.6822,10.7978,0.8933,7.6931,12.6654,7.6821,0.3702,-1.7564,0.2532,7.1517,13.238
egr1,relaxed,063,8.4191,13.3994,0.8533,7.5604,12.0925,7.4458,0.149,-1.439,0.192,7.33,11.6175
egr1,relaxed,064,11.6957,23.7227,1.1181,7.5829,10.999,10.1614,1.0218,-1.6992,0.2232,7.635,11.8775
egr1,relaxed,065,8.4675,12.077,0.7947,8.4011,10.7118,8.2046,0.7848,-1.4893,0.0927,7.335,11.025
egr1,relaxed,066,9.5028,14.5308,1.0021,7.3095,12.5311,7.7528,2.2642,-1.7557,0.1636,7.4067,12.0675
egr1,relaxed,067,13.4266,17.22,1.0845,7.3257,11.9075,7.4818,-0.6649,-1.6483,0.3168,7.222,11.734
egr1,relaxed,068,4.8448,6.2056,0.866,6.49,12.6383,6.9819,0.1804,-1.8807,0.1076,6.7167,12.346
egr1,relaxed,069,64.9205,63.7297,8.8698,6.1594,11.155,-6.1991,9.746,0.4774,-1.4329,6.3467,9.58
egr1,relaxed,070,15.9245,25.275,2.0811,7.5313,11.3857,9.0147,1.2447,-1.1259,-0.486,7.5017,11.488
egr1,relaxed,071,5.3695,12.0473,0.8318,7.2355,11.8242,7.1122,0.3695,-1.5565,0.2196,7.2833,11.766
egr1,relaxed,072,12.4171,16.6532,2.6981,7.2948,15.7844,11.5515,3.5216,-3.0179,-0.1683,7.2683,15.192
egr1,relaxed,073,4.0741,10.6644,0.942,7.1985,11.85,7.6117,-0.5948,-1.6322,0.0721,7.024,11.424
egr1,relaxed,074,9.4873,10.1138,0.6675,7.2871,12.7376,7.2804,-2.0223,-1.3408,0.0851,7.3767,12.45
egr1,relaxed,075,7.2387,14.0112,1.2102,8.4104,12.1175,9.0233,1.6942,-1.383,0.117,7.8867,12.1325
egr1,relaxed,077,5.4374,14.5147,1.2194,8.3115,11.3625,8.4703,1.8609,-1.199,0.1085,7.8117,11.896
egr1,relaxed,078,9.9523,9.4707,1.0301,7.5,11.6158,8.1779,0.624,-1.7425,0.119,7.26,11.798
egr1,relaxed,079,21.3181,34.939,3.3502,7.3168,11.8025,11.5736,0.4878,-2.1528,1.1801,6.53,11.2967
egr1,relaxed,080,9.0823,7.1118,0.9731,7.5248,12.7267,8.7346,1.0638,-1.6923,0.317,7.6333,11.6925
egr1,relaxed,082,35.0114,21.3312,53.0975,11.6073,11.938,2.6506,12.2056,-0.6195,0.0397,10.1288,13.8467
egr1,relaxed,083,5.2377,14.0697,1.0269,7.7605,12.8253,9.059,1.4392,-1.6858,0.1936,7.82,13.585
egr1,relaxed,084,14.9391,21.2397,1.5183,7.4933,11.7658,7.5774,0.7455,-1.3395,0.2164,7.5867,11.66
egr1,relaxed,085,19.4282,22.4418,1.6479,7.256,11.4093,4.4318,-0.0663,-1.707,0.3992,6.93,11.414
egr1,relaxed,086,5.4973,6.7405,0.6963,7.339,12.2808,7.7397,1.0185,-1.7165,0.2139,7.3933,12.315
egr1,relaxed,087,6.3511,9.6136,1.378,7.25,12.2467,10.0435,0.1323,-1.9263,0.2014,7.3233,12.69
egr1,relaxed,088,8.6423,14.9709,1.0828,7.5457,12.0546,8.5483,2.435,-1.533,-0.0363,7.5867,11.946
egr1,relaxed,089,7.1527,12.1273,0.895,7.6359,12.1709,9.3419,0.9011,-1.4049,0.1067,7.68,12.476
egr1,relaxed,090,6.5918,10.5677,1.1819,7.8062,12.0922,4.8579,0.3954,-1.4589,-0.0211,7.1167,12.2525
egr1,relaxed,091,11.563,10.4481,1.0683,7.045,11.7764,7.9643,-0.5919,-1.6305,-0.0233,7.2083,12.142
egr1,relaxed,092,11.723,7.8603,0.8623,7.5978,11.4755,6.7293,1.2303,-1.5099,0.2502,7.3767,11.595
egr1,relaxed,093,7.2244,11.8771,0.7279,7.5829,12.4621,7.6333,1.1833,-1.5794,0.1024,7.6533,11.4275
egr1,relaxed,094,11.366,16.2884,1.4146,7.053,11.569,5.6481,0.3472,-1.4292,0.1565,7.1517,11.02
egr1,relaxed,095,11.6106,13.9235,1.3092,7.2722,12.9022,6.5413,-0.3235,-1.3919,0.1823,7.3533,12.3525
egr1,relaxed,096,18.3232,23.0173,1.9341,6.8718,11.8761,7.2642,1.8379,-1.5538,0.4958,6.846,11.716
egr1,relaxed,098,16.795,19.2766,1.8238,7.304,11.3942,4.7762,1.8917,-1.3394,0.2495,6.686,10.905
engrailed,crystal,crystal,8.1173,12.2866,1.1733,7.006,11.636,7.1364,-0.5316,-0.772,0.026,7.0269,11.735
engrailed,frozen,001,7.1144,11.5454,1.1346,6.9797,11.7992,8.9028,0.434,-0.7502,-0.1025,7.0606,11.9225
engrailed,frozen,002,9.1452,13.3058,1.2416,6.9348,11.77,8.4086,-0.6647,-0.8202,-0.1807,7.03,11.9162
engrailed,frozen,003,22.0076,28.5071,3.5466,7.4919,11.7846,7.2716,2.3373,-0.7311,-0.0653,7.1338,11.8012
engrailed,frozen,004,10.9668,14.768,1.4421,6.9731,11.8582,8.3323,-0.1097,-0.7207,-0.0851,7.0187,11.9725
engrailed,frozen,005,20.4827,19.8701,19.582,8.0888,12.4086,7.9303,0.3128,-0.4444,-0.2943,7.0129,11.9924
engrailed,frozen,006,10.6148,14.8094,1.241,7.0477,11.7874,8.7619,-1.1459,-0.6874,-0.1062,7.0669,11.9
engrailed,frozen,007,9.2723,14.3656,1.3892,7.0959,11.722,9.0843,0.2123,-0.7487,-0.1061,7.095,11.8644
engrailed,frozen,008,8.8643,13.9499,1.1207,6.8803,11.8,9.0752,0.8766,-0.7577,-0.1167,6.9506,11.9925
engrailed,frozen,009,11.172,15.4524,1.4292,7.1135,11.7049,8.3192,-0.8884,-0.8079,-0.1065,7.1456,11.8381
engrailed,frozen,010,8.1245,13.7285,0.98,6.9883,11.8141,9.6888,-3.6019,-0.8708,-0.2452,7.0431,11.9331
engrailed,frozen,011,7.6154,13.0776,1.1286,6.9523,11.8962,8.2289,-0.0809,-0.7503,-0.1029,6.9881,12.0106
engrailed,frozen,012,10.7227,14.4959,1.3237,7.0182,11.7978,8.4461,-0.0661,-0.7535,-0.0776,7.09,11.9031
engrailed,frozen,013,6.5234,10.9538,1.1245,7.0888,11.7724,8.7941,0.1602,-0.7667,-0.1066,7.1044,11.9031
engrailed,frozen,014,17.4684,21.6408,1.8436,6.7534,11.9525,8.3696,-0.9226,-0.4395,-0.2709,6.7981,12.0494
engrailed,frozen,015,10.7336,14.4476,1.3432,7.1186,11.7512,8.7062,-0.1286,-0.7084,-0.0949,7.1162,11.8837
engrailed,frozen,016,8.4829,14.2588,1.318,7.0834,11.7104,8.8643,0.1411,-0.7851,-0.1074,7.1288,11.8381
engrailed,frozen,017,7.3464,12.048,1.0647,7.0584,11.7502,10.3216,0.6971,-0.7262,-0.1874,7.0812,11.8963
engrailed,frozen,018,7.7996,12.3142,1.1362,7.0469,11.821,8.8192,-0.2754,-0.7926,-0.0782,7.0775,11.9087
engrailed,frozen,019,8.1887,13.6617,1.3793,6.7774,11.9124,8.9193,0.1441,-0.7895,-0.1334,6.8519,12.0081
engrailed,frozen,020,9.5683,14.299,2.4006,6.96,11.8179,8.5018,0.3385,-0.647,-0.1053,6.9813,11.9425
engrailed,frozen,021,10.4639,14.7168,1.409,6.9633,11.8475,8.5418,-0.33,-0.7343,-0.1237,7.0331,11.9844
engrailed,frozen,022,11.1657,16.9966,1.3994,7.1236,11.5806,9.441,-0.4049,-0.6553,-0.0389,7.1644,11.75
engrailed,frozen,023,10.4937,13.5915,1.1632,7.0174,11.7588,9.2805,-0.7732,-0.7051,-0.0489,7.1013,11.8806
engrailed,frozen,024,9.0374,15.0652,1.556,7.0317,11.7385,7.0561,0.4322,-0.9878,-0.1394,7.11,11.87
engrailed,frozen,025,10.092,12.9502,1.1086,7.1843,11.6974,9.3241,-0.8327,-0.6679,-0.1135,7.1956,11.7725
engrailed,frozen,026,9.6779,11.8228,1.0437,7.0245,11.8376,8.5063,-0.5674,-0.7628,-0.0913,7.0575,11.9506
engrailed,frozen,027,10.8262,14.8939,1.1869,6.9,11.8175,8.5949,0.0105,-0.7052,-0.1206,7.0231,11.9337
engrailed,frozen,028,10.2488,14.0193,1.1697,6.9384,11.9018,8.9252,-0.0545,-0.7091,-0.034,6.9931,11.9931
engrailed,frozen,029,8.4967,14.1956,1.1619,6.9174,11.8116,8.6064,0.5451,-0.7674,-0.0873,6.9875,11.9238
engrailed,frozen,030,16.2017,17.853,2.6143,7.03,11.8276,10.3447,0.1603,-1.0741,-0.5745,7.0938,11.7825
engrailed,frozen,031,9.4369,12.7685,0.9734,7.1194,11.6139,8.9052,-1.0587,-0.728,-0.1416,7.1556,11.7438
engrailed,frozen,032,10.9984,14.072,1.2096,7.0526,11.8118,8.5972,-0.4468,-0.7,-0.0768,7.0906,11.9288
engrailed,frozen,033,10.5958,15.2284,1.3543,7.047,11.6506,9.9211,-1.298,-0.7633,-0.1897,7.1188,11.7819
engrailed,frozen,034,8.3173,12.2146,1.3278,7.0963,11.7624,8.6746,0.4151,-0.7723,-0.0912,7.1063,11.9056
engrailed,frozen,035,11.2658,15.3294,1.2986,7.0689,11.6856,8.9563,-0.1989,-0.7477,-0.1299,7.1087,11.8387
engrailed,frozen,036,9.5902,13.3863,1.344,7.0616,11.8186,8.8316,-0.5316,-0.6682,-0.1214,7.0719,11.9556
engrailed,frozen,037,10.6839,14.8159,1.3429,7.0084,11.859,8.4689,-0.2724,-0.7709,-0.1132,7.04,11.9637
engrailed,frozen,038,10.0198,13.5356,1.1629,7.0336,11.7462,8.3899,-0.3009,-0.7408,-0.1023,7.095,11.8788
engrailed,frozen,039,8.4784,13.7601,1.1838,6.9984,11.8171,9.026,0.3991,-0.7875,-0.1073,7.0369,11.9475
engrailed,frozen,040,9.4452,13.1405,1.0915,7.1526,11.5792,9.0928,-0.7642,-0.7469,-0.1013,7.2194,11.74
engrailed,frozen,041,11.9455,16.7378,1.4533,6.9056,11.8631,9.7808,0.4115,-0.7548,-0.1799,6.9625,11.9375
engrailed,frozen,042,10.0203,13.6766,1.1613,6.9394,11.8006,8.8109,-1.1648,-0.7006,-0.2155,7.0144,11.9044
engrailed,frozen,043,13.1009,17.552,1.7087,6.5158,12.2641,8.8313,-1.9532,-0.6923,-0.0815,6.6325,12.3106
engrailed,frozen,044,10.5764,15.0008,1.2576,7.0831,11.6755,8.5897,-0.3344,-0.7429,-0.1001,7.11,11.8
engrailed,frozen,045,6.9223,11.4644,1.0969,7.023,11.7831,8.7143,0.4275,-0.7691,-0.0985,7.0581,11.895
engrailed,frozen,046,10.9607,15.3258,1.4928,7.0018,11.784,8.4321,-0.4927,-0.7886,-0.0506,7.0412,11.8819
engrailed,frozen,047,7.4761,11.882,1.1479,6.8633,11.9926,9.2012,1.0559,-0.7493,-0.0653,6.8937,12.0831
engrailed,frozen,048,11.2885,15.7712,1.5433,7.0198,11.7937,8.5791,-0.3639,-0.7309,-0.1116,7.05,11.91
engrailed,frozen,049,13.1678,16.7447,1.4968,6.7584,12.1145,8.5283,2.0159,-0.8283,-0.0934,6.7938,12.385
engrailed,frozen,050,7.8307,13.0551,1.3426,6.9351,11.9232,9.057,-0.0006,-0.7523,-0.1066,6.9869,12.0194
engrailed,frozen,051,12.3789,16.48,1.3182,6.8921,11.9006,9.3812,-1.0461,-0.6753,-0.1401,6.9225,12.0062
engrailed,frozen,053,10.4791,14.5744,1.3299,7.0823,11.6741,8.7789,-0.3005,-0.7063,-0.0928,7.1244,11.8356
engrailed,frozen,054,7.8323,13.1011,1.2643,7.0326,11.7422,9.0025,0.4329,-0.7445,-0.1352,7.1006,11.8887
engrailed,frozen,055,8.7418,13.9215,1.608,7.0335,11.8378,8.9454,0.5314,-0.8204,-0.1049,7.0569,11.9369
engrailed,frozen,056,7.6372,11.2658,1.0362,6.9324,11.8676,10.2929,-2.6274,-0.743,-0.1685,6.9869,11.955
engrailed,frozen,057,10.5519,14.6179,1.3666,7.1325,11.6534,8.7595,-0.6806,-0.705,-0.134,7.1569,11.8138
engrailed,frozen,058,12.3438,16.6353,1.5704,6.9416,11.8796,8.2736,-0.811,-0.7866,-0.1115,6.9744,11.9906
engrailed,frozen,059,9.8737,14.5891,1.3896,6.9698,11.9415,8.8317,-0.3686,-0.8188,-0.0638,7.0094,11.9838
engrailed,frozen,060,11.5888,16.0823,1.611,6.9889,11.7764,9.6441,-0.6996,-0.6548,-0.0985,7.0,11.9125
engrailed,frozen,062,8.2191,13.7734,1.2082,7.0966,11.7282,9.052,-0.0898,-0.7949,-0.1013,7.1281,11.8656
engrailed,frozen,063,11.7891,9.5898,1.4954,7.1613,11.8284,6.6583,3.2022,-0.6971,0.026,7.2044,11.8269
engrailed,frozen,064,9.5129,13.5364,1.2842,6.9737,11.7871,8.8557,-0.7437,-0.7415,-0.0778,7.0263,11.9131
engrailed,frozen,065,9.2054,12.4617,1.1672,6.9533,11.874,9.4467,-1.0075,-0.7359,-0.1938,7.0225,11.9425
engrailed,frozen,066,8.5801,13.8163,1.1098,7.0463,11.5917,9.4841,-1.9422,-0.8201,-0.0806,7.1469,11.7194
engrailed,frozen,067,30.5117,34.1102,6.809,7.0696,11.7117,8.9296,-1.3167,-0.7055,-0.1418,7.1156,11.8
engrailed,frozen,068,11.4941,14.7567,1.4255,7.0323,11.786,8.4151,-0.4068,-0.7744,-0.1263,7.0888,11.88
engrailed,frozen,069,8.7972,12.8333,1.1863,7.0806,11.8037,8.4992,-0.4525,-0.7422,-0.1155,7.0844,11.9206
engrailed,frozen,070,10.7792,13.8561,1.2353,7.015,11.8196,8.4575,-0.6644,-0.7099,-0.1185,7.0587,11.9425
engrailed,frozen,071,7.4651,11.907,1.274,6.8683,12.0656,8.3844,0.438,-0.767,-0.0996,6.9062,12.0669
engrailed,frozen,072,9.0092,14.3412,1.2304,7.0353,11.7884,9.4304,-0.8161,-0.7546,-0.1156,7.08,11.8281
engrailed,frozen,073,7.6678,13.4457,1.2358,6.9492,11.8063,8.712,-0.4543,-0.7782,-0.0831,6.9775,11.9125
engrailed,frozen,074,8.1652,12.7221,1.1273,6.9581,11.8937,8.6131,-0.2996,-0.7665,-0.1593,7.0187,12.005
engrailed,frozen,075,10.6217,15.0208,1.3675,6.9958,11.8733,8.6499,-0.2786,-0.7309,-0.0926,7.0256,11.9913
engrailed,frozen,076,8.0414,13.0783,1.1886,7.0326,11.773,8.8516,0.4743,-0.7704,-0.1118,7.0944,11.9031
engrailed,frozen,077,10.6466,14.5248,1.2931,7.0034,11.794,8.7989,-0.4508,-0.6914,-0.0918,7.0856,11.89
engrailed,frozen,078,9.6606,15.3036,1.4248,6.9492,11.862,8.7684,-0.5718,-0.814,-0.152,6.9837,11.9669
engrailed,frozen,079,7.491,11.0831,1.142,6.9368,11.959,8.9573,0.1445,-0.7611,-0.067,6.9769,12.0288
engrailed,frozen,080,7.4549,12.8041,1.0745,7.1039,11.6766,9.3448,-0.4637,-0.7594,-0.1782,7.1344,11.8269
engrailed,frozen,081,8.7394,14.3944,1.2608,7.0769,11.7166,9.102,-0.2472,-0.7757,-0.1164,7.1106,11.8544
engrailed,frozen,082,7.2542,12.0542,1.1732,6.9971,11.7553,9.5942,-1.0259,-0.8373,-0.1918,7.0919,12.0162
engrailed,frozen,083,9.7672,13.8373,1.2025,7.0154,11.7268,8.5922,-0.3801,-0.7442,-0.0736,7.0794,11.885
engrailed,frozen,084,17.4156,24.2763,4.1433,7.183,11.6341,10.0417,-0.7915,-0.6037,0.0704,7.2031,11.6875
engrailed,frozen,085,10.9993,15.7125,1.4933,7.0772,11.7817,8.7723,0.1746,-0.7384,-0.0522,7.0881,11.8719
engrailed,frozen,086,8.8369,14.2847,1.1831,7.0215,11.8008,8.4905,0.0797,-0.788,-0.1114,7.06,11.9194
engrailed,frozen,087,10.8844,15.2765,1.3478,7.0211,11.7773,8.626,-0.4804,-0.7222,-0.1047,7.0606,11.9087
engrailed,frozen,088,7.7819,12.8986,1.1256,6.9847,11.8049,9.2865,0.4281,-0.7218,-0.1189,7.0344,11.9319
engrailed,frozen,089,9.7816,14.0148,1.2114,7.0744,11.61,9.2904,0.183,-0.6658,-0.0924,7.125,11.7444
engrailed,frozen,090,7.9898,13.5804,1.3208,6.9458,11.8308,9.1327,-0.0812,-0.7132,-0.117,7.0125,11.9313
engrailed,frozen,091,10.2291,16.5653,1.6489,6.8735,11.9435,8.0742,0.0481,-0.7794,-0.0935,6.9081,12.0419
engrailed,frozen,092,10.2376,14.0457,1.2642,7.0419,11.7725,8.7993,-0.0952,-0.7291,-0.047,7.0838,11.8706
engrailed,frozen,093,8.4113,12.9641,1.0872,7.0397,11.7368,9.3288,-0.3158,-0.7855,-0.1118,7.1113,11.8763
engrailed,frozen,094,7.5329,13.304,1.1542,6.9367,11.7431,9.1542,-0.1758,-0.753,-0.0603,6.9787,11.9025
engrailed,frozen,095,10.7896,14.6216,1.1078,6.9556,11.8444,7.8143,-0.2087,-0.7189,-0.0442,6.9981,11.9738
engrailed,frozen,096,10.3277,15.7363,1.4939,6.9933,11.8082,8.5191,-0.2169,-0.8152,-0.0968,7.055,11.9087
engrailed,frozen,097,8.9578,12.5818,1.1564,7.0059,11.8196,8.7304,0.215,-0.7306,-0.0896,7.0475,11.9375
engrailed,relaxed,001,5.7254,10.7999,1.1692,6.9047,11.9396,8.4627,0.5019,-0.8514,-0.1066,6.9612,12.0769
engrailed,relaxed,002,3.7526,9.5843,1.5065,6.7403,12.1057,8.5051,-0.0361,-1.0204,-0.1651,6.8013,12.1394
engrailed,relaxed,003,11.8576,6.3293,4.2841,6.574,12.239,10.4335,-2.1115,-1.0066,-0.1777,6.5673,12.2675
engrailed,relaxed,004,8.7054,11.9219,1.4983,6.7721,12.1454,7.3211,-0.079,-0.8877,-0.0712,6.7988,12.2494
engrailed,relaxed,005,6.8174,12.869,3.6233,6.603,12.332,9.3656,-0.7212,-1.1591,0.0948,6.5881,12.2356
engrailed,relaxed,006,7.51,13.8319,1.389,6.8768,12.012,8.4805,-0.0409,-0.8936,-0.1243,6.9031,12.0319
engrailed,relaxed,007,4.5132,8.3486,1.5534,6.8083,12.113,8.3868,0.3077,-0.9995,-0.1692,6.8413,12.1331
engrailed,relaxed,008,9.2432,12.1204,1.0954,6.599,12.2131,8.0086,0.9707,-0.9585,-0.0878,6.6431,12.3394
engrailed,relaxed,009,4.3325,9.2503,1.5233,6.8745,11.8976,8.8121,-0.2501,-1.0033,-0.0847,6.915,12.0669
engrailed,relaxed,010,8.3573,10.6124,1.2485,6.801,12.0048,8.9709,-2.2595,-0.8235,-0.2784,6.8438,12.1394
engrailed,relaxed,011,8.6355,11.3029,1.0669,6.7713,12.1104,6.9449,-0.2186,-0.8543,-0.045,6.8356,12.25
engrailed,relaxed,012,11.1163,15.0265,1.592,6.8652,12.1511,7.3393,-0.4488,-0.8748,-0.0548,6.8838,12.1781
engrailed,relaxed,013,4.5894,9.6096,1.2783,6.9295,12.0251,7.9905,-0.1165,-0.8814,-0.1155,6.9569,12.1006
engrailed,relaxed,014,5.9118,9.2403,1.6323,6.8002,12.0013,9.4416,-0.7458,-0.8194,-0.1889,6.8344,12.1831
engrailed,relaxed,015,4.9628,10.2988,1.4203,6.8894,12.0473,8.8252,-0.0047,-0.881,-0.1568,6.8894,12.175
engrailed,relaxed,016,9.3973,13.8347,1.8203,6.9916,11.9891,8.1029,-0.1038,-0.9407,-0.0466,7.0244,12.0744
engrailed,relaxed,017,3.7086,5.7989,1.0921,6.736,11.8867,10.4363,2.3882,-0.8203,-0.1771,6.84,12.1119
engrailed,relaxed,018,4.653,9.457,1.1354,6.9081,11.9531,8.3831,-0.1114,-0.9874,-0.0741,6.9488,12.0894
engrailed,relaxed,019,6.2623,12.7236,1.7418,6.9273,11.8756,10.2229,-0.5634,-0.8872,-0.1381,6.9688,11.8413
engrailed,relaxed,020,5.6412,11.3733,1.8496,6.9298,11.953,9.5355,0.0045,-0.9196,0.0133,6.9119,12.0806
engrailed,relaxed,021,4.7163,9.6822,1.3876,6.7268,12.3091,8.0749,0.2899,-0.9273,-0.184,6.7825,12.3187
engrailed,relaxed,022,9.9777,13.8487,1.3498,6.8111,11.9169,8.731,0.101,-0.7683,-0.1124,6.85,12.1294
engrailed,relaxed,023,5.5877,10.4287,1.1152,6.8326,12.0159,9.0849,-0.6922,-0.8404,-0.0974,6.87,12.1113
engrailed,relaxed,024,13.0536,15.4913,1.6998,6.6242,12.3493,7.0916,2.2438,-1.1955,-0.1707,6.675,12.4413
engrailed,relaxed,025,8.47,10.9927,1.1546,7.1169,11.6341,8.5943,-0.8113,-0.805,-0.1278,7.1562,11.8506
engrailed,relaxed,026,9.832,9.7052,1.2571,6.8273,11.9637,7.4518,-0.6251,-0.8819,-0.0483,6.8819,12.1856
engrailed,relaxed,027,9.146,13.454,1.2065,6.6171,12.2184,7.7036,-0.5031,-0.8428,-0.1413,6.7713,12.2969
engrailed,relaxed,028,5.3413,9.7804,1.1803,6.8076,12.1198,8.1968,0.5102,-0.8474,-0.045,6.8169,12.185
engrailed,relaxed,029,6.8207,12.4356,1.294,6.6552,12.0971,7.6817,0.4116,-0.9128,-0.1073,6.6769,12.165
engrailed,relaxed,030,3.4494,8.3106,1.627,6.9515,11.9263,9.8769,-1.746,-0.9347,-0.0578,6.9519,11.9437
engrailed,relaxed,031,3.2705,8.3429,1.1697,6.9121,11.7488,8.8911,-0.4298,-0.9103,-0.1531,6.9669,11.8581
engrailed,relaxed,032,11.0767,14.2314,1.3771,6.9303,12.1047,7.5332,-0.7088,-0.8874,-0.0919,6.9588,12.1525
engrailed,relaxed,033,8.6004,11.3834,1.2813,6.8946,11.6418,7.8539,-1.1649,-0.8868,-0.2512,6.9912,11.8613
engrailed,relaxed,034,4.8166,8.1656,1.4971,6.9037,11.9521,8.3053,0.6448,-0.9413,-0.1261,6.9494,12.13
engrailed,relaxed,035,6.2005,10.7563,1.3305,6.9375,11.9035,8.929,0.9291,-1.0299,-0.177,6.9981,12.0044
engrailed,relaxed,036,2.4068,7.5921,1.4769,6.8656,12.1368,8.9023,0.1361,-0.8782,-0.1437,6.8725,12.2225
engrailed,relaxed,037,8.0306,10.8522,1.2812,6.9471,11.9686,7.7453,-0.1651,-0.9112,-0.0847,6.9488,12.0856
engrailed,relaxed,038,9.2625,12.7064,1.2547,6.9305,11.87,7.7139,-0.3846,-0.9043,-0.1043,6.98,12.0856
engrailed,relaxed,039,6.1513,10.7966,1.0723,6.839,12.1226,8.3553,-0.0136,-0.8746,-0.1233,6.875,12.2338
engrailed,relaxed,040,9.6897,13.2827,1.4448,6.9844,11.8026,8.8204,-0.9519,-0.8428,-0.1624,7.1137,11.8744
engrailed,relaxed,041,10.8209,15.0985,1.4645,6.6595,12.1081,8.557,0.0982,-0.9226,-0.1363,6.7194,12.135
engrailed,relaxed,042,4.86,9.0622,1.2714,6.7479,11.9484,8.5,-0.5967,-0.9422,-0.2196,6.825,12.1013
engrailed,relaxed,043,8.5471,11.1367,1.4929,6.6708,12.1961,8.404,-1.587,-0.8563,-0.11,6.7069,12.185
engrailed,relaxed,044,7.7301,8.7451,1.2018,6.7485,12.0718,8.2428,-0.7849,-0.8781,-0.1349,6.815,12.0919
engrailed,relaxed,045,5.7972,9.6465,1.38,6.7532,12.0635,8.5967,0.8474,-0.8366,-0.0626,6.8037,12.1325
engrailed,relaxed,046,6.486,12.2784,1.7187,6.8145,12.127,8.2543,0.042,-1.0067,-0.0706,6.8269,12.1619
engrailed,relaxed,047,10.4162,14.6278,1.4682,6.583,12.2953,8.8665,0.7495,-0.8392,0.0095,6.5819,12.3569
engrailed,relaxed,048,9.9881,14.0941,1.6139,6.758,12.1998,7.2566,-0.4333,-0.8817,-0.1261,6.76,12.2163
engrailed,relaxed,049,8.413,11.5722,1.3473,6.391,12.4441,7.963,2.1234,-0.9718,-0.0375,6.4325,12.565
engrailed,relaxed,050,6.9974,11.5572,1.2727,6.7528,12.2198,8.041,-0.0621,-0.8442,-0.0881,6.7444,12.4794
engrailed,relaxed,051,10.7412,13.4394,1.8185,6.5906,12.2908,8.5882,-0.8714,-0.798,-0.1388,6.5987,12.4113
engrailed,relaxed,052,6.9984,11.0153,1.3882,6.6084,12.3934,7.5808,0.4034,-0.8139,-0.1669,6.705,12.4038
engrailed,relaxed,053,8.0901,12.3877,1.4914,6.8898,11.8391,8.1646,-0.2546,-0.8952,-0.0861,6.9894,11.9875
engrailed,relaxed,054,4.5383,11.1729,1.6018,6.8405,12.0036,9.1284,0.4167,-0.8833,-0.1465,6.8981,12.0319
engrailed,relaxed,055,4.5292,10.1311,1.6465,6.5829,12.4815,8.7846,0.137,-0.9551,-0.0998,6.6181,12.4212
engrailed,relaxed,056,6.7494,9.6963,1.2722,6.6513,12.2316,9.1013,-2.5203,-0.8738,-0.1564,6.69,12.2969
engrailed,relaxed,057,9.6769,13.2591,1.494,6.8839,12.0094,7.8546,-0.1919,-0.8159,-0.1383,6.9294,12.0931
engrailed,relaxed,058,10.5532,13.9142,1.7981,6.6347,12.2892,7.2128,-0.8142,-0.9045,-0.1277,6.6681,12.3375
engrailed,relaxed,059,7.7555,11.9301,1.4265,6.71,12.3682,8.129,1.2764,-1.0204,0.0049,6.7206,12.3931
engrailed,relaxed,060,8.8673,10.5614,1.2064,6.8952,11.7784,8.3466,-0.8787,-0.9706,-0.0732,6.9638,12.0025
engrailed,relaxed,061,6.4479,12.1073,1.4643,6.9153,11.7753,9.5928,0.3,-0.8606,-0.109,6.9437,11.8781
engrailed,relaxed,062,5.8675,11.1304,1.0947,6.9075,12.0116,8.4347,-0.1651,-0.8766,-0.1136,6.96,12.1019
engrailed,relaxed,063,15.8931,23.8839,3.7989,7.7318,11.6427,7.8984,12.6494,-0.9791,-0.0416,7.2438,11.655
engrailed,relaxed,064,7.1237,11.7006,1.5553,6.8264,11.9367,9.3842,-0.258,-0.8626,-0.0813,6.8462,12.0481
engrailed,relaxed,065,9.5106,13.4376,1.4273,6.7393,12.0694,7.4861,-0.7625,-0.8079,-0.1506,6.82,12.1775
engrailed,relaxed,066,7.0526,11.1935,1.2245,6.9295,11.8484,8.9866,-1.5304,-0.9654,-0.0271,6.9769,11.915
engrailed,relaxed,067,3.2718,5.3761,1.3579,6.9617,11.7398,9.653,-1.3115,-0.9136,-0.1528,6.9706,11.9238
engrailed,relaxed,068,8.3912,9.2469,1.3325,6.7698,12.1408,7.3587,-0.1148,-0.9051,-0.1728,6.8181,12.2406
engrailed,relaxed,069,7.9954,12.804,1.2066,6.9149,12.0465,7.9397,-0.5896,-0.8656,-0.1279,6.9538,12.1244
engrailed,relaxed,070,7.2079,7.4607,1.1525,6.7835,12.0632,7.1445,-0.3801,-0.8826,-0.0923,6.84,12.2475
engrailed,relaxed,071,6.6037,12.8634,1.6183,6.611,12.2918,7.5636,0.2269,-0.9223,-0.0766,6.6519,12.2781
engrailed,relaxed,072,4.1014,10.9875,1.873,7.0164,11.7904,8.9069,0.3994,-0.8787,-0.1684,7.0362,11.8544
engrailed,relaxed,073,6.0,11.259,1.3728,6.5714,12.3455,7.5147,0.4464,-0.9099,-0.0819,6.5987,12.3125
engrailed,relaxed,074,8.6806,13.5393,1.1918,6.8006,12.2143,8.0334,-0.6017,-0.8678,-0.1665,6.8525,12.2469
engrailed,relaxed,075,10.0887,14.2584,1.7722,6.8452,12.1237,8.2396,-0.3048,-0.9472,-0.0717,6.8812,12.1069
engrailed,relaxed,076,5.0816,9.6249,1.3406,6.9026,11.9578,7.9011,0.2633,-0.9716,-0.0612,6.9337,12.08
engrailed,relaxed,077,9.9186,12.1285,1.5415,6.82,12.0302,8.1243,-0.0344,-0.8591,-0.0815,6.8706,12.0813
engrailed,relaxed,079,3.3597,6.944,1.4205,6.7419,12.2173,8.656,0.0505,-0.9749,-0.0357,6.7556,12.2806
engrailed,relaxed,080,5.9271,11.5827,1.2698,6.9881,11.9035,9.1297,0.1848,-0.9713,-0.1287,7.0488,11.9781
engrailed,relaxed,081,3.1248,9.3505,1.4972,6.931,11.9182,9.93,-0.3352,-0.9358,-0.1047,6.9675,12.0488
engrailed,relaxed,082,6.6793,9.1261,1.3494,7.0613,11.846,8.5891,-0.6986,-0.8456,-0.2363,7.0819,11.9712
engrailed,relaxed,083,2.906,6.8948,1.189,7.0266,11.7166,9.4119,0.5133,-0.9407,-0.0935,7.1087,11.95
engrailed,relaxed,084,5.0077,10.5351,1.4035,7.1155,11.7125,9.4367,0.0116,-0.7421,-0.1766,7.1431,11.7444
engrailed,relaxed,085,11.3462,14.9674,1.552,6.8956,11.9914,7.3095,-0.2503,-0.931,-0.0233,6.9363,12.1506
engrailed,relaxed,086,6.5771,12.1886,1.2894,6.7758,12.136,7.9143,0.3686,-0.9167,-0.1275,6.7912,12.2244
engrailed,relaxed,087,9.8598,12.4415,1.2043,6.8184,12.0782,7.1982,-0.3275,-0.8892,-0.089,6.8694,12.2044
engrailed,relaxed,088,2.9812,7.2318,1.157,6.6644,12.097,8.7153,0.3317,-0.8472,-0.1572,6.7056,12.3006
engrailed,relaxed,089,8.3255,12.0774,1.4822,6.8375,11.8851,9.2151,-0.8753,-0.7558,-0.0929,6.8487,11.9463
engrailed,relaxed,090,5.7229,12.4711,1.737,6.7056,12.1079,8.8704,0.1827,-0.8543,-0.1032,6.7456,12.1756
engrailed,relaxed,091,10.3812,16.5926,1.9355,6.6024,12.453,7.3747,-1.1913,-0.9547,-0.1644,6.6231,12.3681
engrailed,relaxed,092,5.3398,9.6856,1.2904,6.859,11.9237,8.5553,0.4744,-0.9541,-0.0528,6.8869,12.0544
engrailed,relaxed,093,7.8165,10.1631,1.3713,7.0413,11.6158,8.6515,-0.6001,-0.911,-0.1331,7.0844,11.9069
engrailed,relaxed,094,8.2743,11.9157,3.2137,6.9718,12.5757,9.7141,-0.2631,-1.3676,-0.0368,7.1153,12.2494
engrailed,relaxed,095,10.2961,14.3513,1.1032,6.7178,12.2143,7.0292,-0.9067,-0.8588,-0.0291,6.7775,12.24
engrailed,relaxed,096,8.9545,12.4563,1.5328,6.6527,12.2441,7.1849,-0.6229,-0.8516,0.0123,6.6569,12.2788
engrailed,relaxed,097,9.3436,12.9663,1.1957,6.8789,11.985,8.2613,0.0412,-0.8242,-0.0987,6.93,12.1181
ets1,crystal,crystal,19.2163,18.2353,1.6474,7.1339,11.2909,11.7612,1.4097,-1.3213,0.095,7.2475,11.4833
ets1,frozen,001,13.5352,12.2039,2.3474,7.1923,11.2857,11.4703,0.5508,-1.0805,0.1236,7.3163,11.7033
ets1,frozen,002,24.9759,29.4826,4.3987,7.0358,11.099,9.5537,3.5176,-0.8224,0.21,7.2313,11.5811
ets1,frozen,003,18.0961,19.642,1.9338,7.1006,12.0407,11.47,-0.7939,-1.3765,0.3161,7.2713,11.8478
ets1,frozen,004,19.9292,21.9367,2.6445,7.0568,11.5777,11.9036,3.3258,-1.325,0.2376,7.1212,11.8178
ets1,frozen,005,20.6208,22.2403,2.0118,6.948,11.4114,11.8378,-0.9271,-1.3147,0.0716,7.1387,11.7611
ets1,frozen,006,19.2001,21.8314,2.8433,7.0897,11.46,9.1402,0.2672,-1.4878,0.1552,7.2512,11.8022
ets1,frozen,007,21.4202,23.7904,3.2262,7.1647,11.2,9.8624,0.9872,-1.2368,0.216,7.1757,11.58
ets1,frozen,008,15.9232,16.135,1.2995,6.999,11.779,12.6954,0.5294,-1.3209,0.2733,7.185,11.8278
ets1,frozen,009,19.1961,19.9683,1.7072,7.1617,11.5048,12.0905,1.967,-1.268,0.1244,7.3,11.7267
ets1,frozen,010,20.1249,22.406,1.9539,6.9952,11.5076,12.4194,-0.0239,-1.3915,0.1116,7.1325,11.8867
ets1,frozen,011,20.9966,22.5356,3.7228,7.134,11.8863,11.9442,0.3889,-1.3557,0.2733,7.2038,11.8511
ets1,frozen,012,25.7149,30.7044,4.7511,7.1285,11.3571,9.9571,2.3843,-1.2042,0.273,7.2025,11.63
ets1,frozen,013,19.3097,20.2326,2.2957,6.9663,11.8636,12.7006,2.6754,-1.2414,0.1707,7.155,11.7633
ets1,frozen,014,17.1062,18.5992,1.6368,6.9813,11.58,12.3848,0.6407,-1.3931,0.0833,7.2637,11.7989
ets1,frozen,015,20.254,22.0121,2.1164,7.1073,11.4533,12.4389,3.27,-1.2245,-0.1477,7.2475,11.7244
ets1,frozen,016,17.6343,18.969,1.5296,7.2503,11.1927,11.9246,-1.2329,-1.2334,0.217,7.3825,11.4644
ets1,frozen,017,18.2342,19.0094,1.5482,7.0217,11.395,11.0077,2.5468,-1.325,0.2319,7.2225,11.5967
ets1,frozen,018,17.4993,18.031,1.5437,7.1862,11.135,11.4488,1.7878,-1.3249,0.1305,7.3637,11.5
ets1,frozen,019,19.4157,20.4553,2.1914,7.1125,11.3265,11.5258,-1.7506,-1.4429,0.2025,7.2663,11.5856
ets1,frozen,020,20.1566,21.6811,3.1365,7.2263,11.4546,10.3218,3.3367,-1.028,-0.0573,7.4112,12.07
ets1,frozen,021,18.7344,18.4998,2.3724,7.1319,11.3496,13.4209,1.8997,-1.3423,0.4684,7.14,11.7744
ets1,frozen,022,16.265,16.7223,1.2871,7.1752,11.4124,11.9459,1.4631,-1.3348,0.1363,7.3338,11.6611
ets1,frozen,023,11.9088,6.208,2.2023,7.1113,11.0363,11.7999,3.9128,-1.4293,0.014,7.1229,11.2662
ets1,frozen,024,19.7167,21.6701,2.0597,7.091,12.06,12.5792,-0.2884,-1.4101,0.0965,7.2725,11.7933
ets1,frozen,025,18.718,19.7936,2.0157,7.0806,11.2645,13.0077,1.6601,-1.3996,0.2304,7.165,11.5456
ets1,frozen,026,18.7355,19.7369,2.754,7.1447,11.2643,10.9269,2.154,-1.1352,0.0755,7.3357,11.6456
ets1,frozen,027,19.266,20.8444,1.9009,7.01,11.3664,11.8889,1.314,-1.1432,0.0912,7.1437,11.6933
ets1,frozen,028,17.7426,18.4886,1.707,7.1506,11.4948,12.0372,-0.8924,-1.3159,0.1723,7.3163,11.7056
ets1,frozen,029,17.0391,19.0823,1.1806,6.936,11.5423,11.3498,1.7061,-1.2802,0.3305,7.0962,11.7144
ets1,frozen,030,19.5821,21.0939,1.7169,7.0926,11.3264,11.9755,0.7271,-1.1072,0.077,7.235,11.7456
ets1,frozen,031,20.0784,21.1019,1.8048,7.111,11.301,11.8322,0.6342,-1.3325,0.2185,7.2538,11.6567
ets1,frozen,032,18.1152,19.1511,1.5859,7.0377,11.4281,11.0282,2.1657,-1.2914,0.29,7.21,11.7233
ets1,frozen,033,20.5345,20.8614,1.8894,7.1753,11.1,10.7669,0.5383,-1.3609,0.1648,7.2514,11.5778
ets1,frozen,034,23.7165,27.4215,4.8448,7.2182,11.18,9.8093,2.7873,-1.0174,0.334,7.2388,11.54
ets1,frozen,035,16.0056,15.5769,1.3531,7.0145,11.3448,12.3905,1.7084,-1.3853,0.2441,7.3075,11.6644
ets1,frozen,036,16.2817,15.3094,1.8469,6.7842,12.2214,11.5437,1.6726,-1.362,0.2041,7.0,12.0089
ets1,frozen,037,14.7928,13.9335,2.6122,7.0387,11.4767,9.7684,0.7104,-0.9756,0.8387,7.2575,11.6089
ets1,frozen,038,20.4569,21.1484,2.1601,7.1352,11.6614,10.7691,0.497,-1.2881,0.2825,7.2488,11.8133
ets1,frozen,039,22.8825,26.216,3.8855,7.0874,11.5986,9.6796,1.5615,-1.3274,0.283,7.2713,11.8011
ets1,frozen,040,18.3572,19.8405,1.8507,7.0742,11.753,11.6896,-2.1274,-1.386,0.346,7.1975,11.7489
ets1,frozen,041,20.5339,21.3727,2.0054,7.2626,11.0777,10.6748,0.2604,-1.459,0.2488,7.3825,11.5133
ets1,frozen,042,17.7812,18.1532,2.3514,7.0174,11.3214,11.5944,2.3401,-1.1047,0.0969,7.3075,11.64
ets1,frozen,043,23.0342,24.4973,2.4041,7.2216,11.4259,10.6396,0.0289,-1.3697,0.3163,7.2975,11.7522
ets1,frozen,044,19.3287,21.5455,2.9986,7.1879,11.435,9.9134,2.3194,-1.188,0.0477,7.28,11.7233
ets1,frozen,045,22.3001,25.3594,2.9898,7.1471,11.5735,11.2408,-2.6208,-1.3918,0.337,7.1837,11.8444
ets1,frozen,046,21.527,22.0765,2.064,7.15,11.2782,11.0661,0.872,-1.3517,0.2174,7.2725,11.6122
ets1,frozen,047,19.8825,22.4482,2.0591,7.1379,11.6896,10.9622,0.3569,-1.4709,0.3023,7.22,11.9311
ets1,frozen,048,16.2648,17.8175,1.2406,6.9553,11.6026,12.5438,-0.1427,-1.4069,0.2156,7.1575,11.7044
ets1,frozen,049,19.6366,20.8509,1.987,7.1553,11.19,11.5822,1.9667,-1.261,0.2197,7.2862,11.3722
ets1,frozen,050,22.125,24.2148,2.5528,7.1907,11.3233,11.6691,1.1657,-1.169,-0.08,7.2325,11.73
ets1,frozen,051,16.4788,16.0866,2.2939,7.2728,11.3345,10.7262,2.103,-1.0209,0.4907,7.4262,11.7211
ets1,frozen,052,17.6743,19.2318,1.4242,7.0006,11.5314,12.1574,1.4864,-1.3399,0.1757,7.1175,11.6878
ets1,frozen,053,19.8002,21.3265,2.0475,7.017,11.4255,10.9375,0.846,-1.2898,0.1663,7.1475,11.7544
ets1,frozen,054,20.3066,22.6907,1.8584,7.0224,11.381,12.1017,-0.1255,-1.3266,0.1822,7.1675,11.7667
ets1,frozen,055,24.9345,29.2185,4.1164,7.0959,11.5091,10.3587,2.5595,-1.0163,0.1382,7.2188,11.82
ets1,frozen,056,19.9858,21.4423,1.8966,7.1967,11.2736,11.1495,0.5285,-1.3349,0.0835,7.355,11.6344
ets1,frozen,057,24.265,28.4776,3.8445,7.0706,11.3574,9.763,3.1904,-1.0864,0.3355,7.1887,11.6489
ets1,frozen,058,18.9127,20.6652,1.834,7.1193,11.0777,11.4258,2.1806,-1.1993,0.1114,7.3063,11.5667
ets1,frozen,059,19.1036,21.3602,2.0327,7.0953,11.5513,11.3139,2.9784,-1.2558,0.2137,7.1762,11.7111
ets1,frozen,060,20.0758,21.5917,1.9466,7.1763,11.5532,10.7647,1.551,-1.2964,0.3,7.26,11.6822
ets1,frozen,061,16.4916,18.0422,1.7397,6.9874,12.0514,11.3934,3.4131,-1.3089,0.2741,7.1375,11.8656
ets1,frozen,062,15.9076,16.2009,1.2759,7.0965,11.595,12.7302,-1.6565,-1.2467,0.1054,7.2438,11.8267
ets1,frozen,063,16.9818,17.4489,1.7942,7.2197,11.4017,11.6452,0.3998,-1.3261,0.369,7.3113,11.7111
ets1,frozen,064,17.5779,18.9549,1.4971,6.9793,11.4867,11.0217,1.5633,-1.3137,0.2334,7.1875,11.7689
ets1,frozen,065,17.2103,17.4621,1.5306,6.923,11.3914,11.9923,0.0293,-1.3351,0.2817,7.0225,11.6967
ets1,frozen,066,20.9083,23.207,2.2172,7.0776,11.2457,11.6979,0.5311,-1.1243,0.0083,7.255,11.6522
ets1,frozen,067,20.0774,21.4692,2.0327,7.3713,11.3362,12.3323,0.6195,-1.3841,0.3732,7.4638,11.4322
ets1,frozen,068,19.0729,20.7568,1.5868,6.959,11.2557,12.2813,0.8652,-1.1653,0.1876,7.1325,11.6889
ets1,frozen,069,19.5108,21.4915,2.6223,7.1575,11.4741,11.7032,0.0809,-1.345,0.1576,7.2763,11.7311
ets1,frozen,070,19.4508,20.9804,1.861,7.1363,11.6181,11.4017,0.2142,-1.3192,0.0944,7.2086,11.7633
ets1,frozen,071,23.2212,27.3301,3.923,7.0491,11.5152,10.4442,4.5277,-1.2097,0.204,7.2263,11.67
ets1,frozen,072,20.0106,20.4303,1.9561,7.2394,11.1009,11.0387,0.403,-1.3731,0.2319,7.3029,11.4511
ets1,frozen,073,19.4986,19.8872,1.7195,7.0687,11.6104,11.8732,2.1983,-1.3088,0.1375,7.1143,11.7478
ets1,frozen,074,25.4317,29.7942,4.6941,7.1312,11.2796,9.1404,1.4467,-1.1691,0.2539,7.2188,11.6378
ets1,frozen,075,24.4433,28.4053,3.8808,7.0182,11.8665,10.4446,1.8818,-1.2894,0.1945,7.1275,11.9078
ets1,frozen,076,19.121,19.9383,1.7415,7.0493,11.2971,10.9243,1.7808,-1.3306,0.2891,7.2243,11.6467
ets1,frozen,077,20.3271,18.9742,4.1353,7.2133,11.6448,10.9607,0.0829,-0.6832,0.2858,7.4275,11.73
ets1,frozen,078,17.2971,17.6037,1.9533,7.2382,11.1975,12.0064,0.8707,-1.3577,0.2369,7.3225,11.5633
ets1,frozen,079,25.1891,29.8898,4.9061,7.0282,11.707,8.5169,1.467,-1.3491,0.2813,7.1537,11.7389
ets1,frozen,080,17.3991,18.7265,1.6139,7.0627,11.6176,11.1444,0.7306,-1.4413,0.2837,7.2313,11.8878
ets1,frozen,081,18.9516,19.7128,2.173,7.1777,11.2805,11.1136,0.9306,-1.4901,0.2171,7.31,11.7033
ets1,frozen,082,20.3622,20.6995,1.7747,7.1419,11.4662,12.1157,-1.4726,-1.332,0.1516,7.2925,11.7811
ets1,frozen,083,16.3595,17.158,1.326,7.0655,11.4495,11.6461,2.613,-1.2605,0.1705,7.23,11.7056
ets1,frozen,084,16.1157,17.081,1.1865,6.9793,11.7395,12.7204,0.3385,-1.3993,0.2034,7.1913,11.7811
ets1,frozen,085,27.2484,32.4618,6.6212,7.1376,11.4835,9.8902,2.1689,-1.1669,0.1533,7.2112,11.7178
ets1,frozen,086,16.5899,16.7065,1.4075,7.0353,11.4143,10.9787,1.3312,-1.3397,0.1811,7.2725,11.6856
ets1,frozen,087,24.3486,28.973,4.1206,7.16,11.24,8.9618,2.9246,-1.1828,0.3197,7.2775,11.6611
ets1,frozen,088,17.1279,17.3169,2.2349,6.9329,11.9503,10.8489,1.9028,-1.2355,0.0116,7.0537,11.8456
ets1,frozen,089,22.0168,23.3352,2.3096,7.3027,11.2145,10.7659,-0.3241,-1.3955,0.1753,7.4213,11.5767
ets1,frozen,090,19.5095,20.8952,2.4939,7.1278,11.3029,10.5569,0.3104,-1.3684,0.2333,7.2088,11.6656
ets1,frozen,091,18.9515,18.8555,1.8446,7.181,11.3238,10.6303,1.721,-1.3366,0.3234,7.3262,11.6811
ets1,frozen,092,16.6752,17.676,1.1906,7.0397,11.5938,13.2686,0.1534,-1.2908,0.1047,7.1863,11.7533
ets1,frozen,093,16.7852,18.2215,1.4943,7.0768,11.5541,12.3695,-1.0978,-1.3743,0.3831,7.1375,11.72
ets1,frozen,094,19.921,21.7476,2.1541,7.0903,11.3573,12.2033,1.8335,-1.2184,0.13,7.2175,11.6989
ets1,frozen,095,18.5257,19.6848,1.5981,7.1117,11.56,11.4513,1.308,-1.2977,0.1896,7.3238,11.7278
ets1,frozen,096,16.5294,16.9904,1.3169,7.0734,11.3913,13.012,0.157,-1.2935,0.1874,7.23,11.6889
ets1,frozen,097,16.3081,16.923,2.6195,7.0432,11.6291,10.4473,1.7754,-1.0023,0.0963,7.3125,11.8111
ets1,frozen,098,17.9945,19.4454,1.4363,7.152,11.37,11.886,2.2538,-1.3274,0.2048,7.275,11.6222
ets1,frozen,099,24.8614,28.9666,4.4676,7.0619,11.1335,10.9323,4.4404,-1.0448,0.2275,7.2163,11.5589
ets1,frozen,100,19.0914,19.9021,2.0284,7.048,11.5314,11.6032,-1.1004,-1.4079,0.2917,7.26,11.6722
ets1,relaxed,001,21.311,22.4176,2.9943,6.8636,12.3937,11.9669,0.8001,-1.3621,0.0346,7.0838,11.9712
ets1,relaxed,002,27.423,32.1252,5.6638,6.7934,11.856,9.3082,2.4514,-1.0595,0.1751,6.9157,11.9133
ets1,relaxed,003,24.2677,26.6233,3.5888,6.581,13.2188,10.6838,0.4372,-1.5638,0.1139,6.7625,12.6263
ets1,relaxed,004,17.118,20.0735,2.5216,6.6503,12.1629,11.5455,2.9946,-1.3592,0.2118,6.945,12.3767
ets1,relaxed,005,19.6683,21.4915,2.103,6.7281,12.1987,11.6765,-0.4758,-1.552,0.0373,6.9038,12.4411
ets1,relaxed,006,19.0456,21.929,2.6222,6.7797,12.0314,9.2792,2.1213,-1.4312,0.2544,6.87,12.1267
ets1,relaxed,007,22.0206,22.021,2.7054,7.0625,11.863,10.383,0.0686,-1.2745,0.2447,7.2412,11.64
ets1,relaxed,008,15.0661,17.1665,1.5514,6.5083,12.2745,10.7042,-0.3443,-1.3895,0.2657,6.7313,12.3389
ets1,relaxed,009,20.1468,22.4384,1.9557,6.6735,12.1273,10.9165,0.9325,-1.3056,0.149,6.86,12.2244
ets1,relaxed,010,19.4091,23.0001,3.01,6.8684,11.66,9.7884,0.8447,-0.6313,-0.0583,7.2737,12.2578
ets1,relaxed,011,23.424,25.6258,3.0035,6.8397,12.6773,12.1381,0.4313,-1.44,0.1817,6.8738,12.3912
ets1,relaxed,012,21.3462,23.0968,1.7993,6.6747,11.7129,9.2098,-0.5239,-1.2865,0.2335,6.9488,11.9633
ets1,relaxed,013,20.6685,23.1748,2.4655,6.8487,11.6895,10.8873,1.3572,-1.3895,0.1855,6.87,12.0611
ets1,relaxed,014,18.0307,20.0405,1.6042,6.6416,12.1777,11.5491,0.4506,-1.4671,-0.0222,6.9525,12.27
ets1,relaxed,015,18.1939,19.9006,2.224,6.7993,12.4133,11.3274,3.4168,-1.2279,-0.1731,7.0963,12.2711
ets1,relaxed,016,19.3283,22.0104,2.0073,7.0577,11.7907,10.9324,-2.1108,-1.2918,0.1047,7.2737,11.84
ets1,relaxed,017,19.9701,20.9438,2.0928,6.9162,11.6214,9.9033,-0.4327,-1.2946,0.2206,7.0888,11.8378
ets1,relaxed,018,18.7776,20.2991,2.2988,7.0813,11.8152,11.5936,1.7597,-1.3623,-0.052,7.24,11.9544
ets1,relaxed,019,21.5614,21.8296,2.4614,6.7877,12.0815,10.501,-1.8812,-1.5102,0.1154,6.9543,11.9678
ets1,relaxed,020,20.4553,22.5489,3.3818,6.8903,11.8754,10.0594,2.4588,-1.9068,0.7094,6.6329,12.3333
ets1,relaxed,021,20.0423,20.354,2.709,6.7947,11.9165,12.9844,2.1543,-1.487,0.4271,6.7888,12.3078
ets1,relaxed,022,21.4987,23.7228,2.5738,6.7035,12.301,11.633,-1.9528,-1.4404,0.2719,6.8167,12.39
ets1,relaxed,023,12.6522,26.0296,7.9833,7.0014,10.673,12.2067,-0.471,-1.3186,-0.4276,6.68,11.6744
ets1,relaxed,024,22.3157,25.1271,2.1547,6.8894,12.3889,12.04,0.0697,-1.4704,0.1944,7.0088,11.985
ets1,relaxed,025,19.3634,19.6663,1.831,6.9462,11.2681,11.859,2.3914,-1.241,0.2558,7.1113,11.7511
ets1,relaxed,026,20.2241,21.3323,2.6525,6.9109,12.3283,10.6943,2.7138,-1.4718,-0.0033,7.1113,12.3511
ets1,relaxed,027,23.433,23.4119,2.3407,6.6311,11.74,10.6082,1.4136,-1.1454,0.3384,6.7778,12.123
ets1,relaxed,028,19.2665,19.1507,1.8141,7.125,11.1243,11.3128,1.5746,-1.2616,0.1015,7.2612,11.4911
ets1,relaxed,029,18.5075,22.144,1.5785,6.7962,12.095,10.5103,1.9663,-1.178,0.3281,6.91,11.9378
ets1,relaxed,030,20.1302,22.4642,2.22,6.9337,11.8404,10.8688,-0.1671,-1.3228,0.1911,7.0288,12.2433
ets1,relaxed,031,12.9121,14.551,2.3486,6.9171,11.7419,11.202,-1.5369,-1.6009,0.7855,6.975,11.8511
ets1,relaxed,032,19.1034,21.2571,1.7834,6.6021,12.308,11.0478,1.6759,-1.3957,0.1948,6.8675,12.4256
ets1,relaxed,033,19.5199,20.8804,1.807,6.5953,11.5004,10.0697,-0.5941,-1.3814,0.2255,6.7114,11.8889
ets1,relaxed,034,24.8099,26.6053,3.1574,7.0091,11.195,10.5665,1.0462,-0.9624,0.152,7.0857,11.6678
ets1,relaxed,035,16.6699,17.7595,1.7402,6.7246,12.0711,11.601,1.8178,-1.418,0.3189,7.0263,12.2544
ets1,relaxed,036,20.521,21.4467,2.6281,6.6931,12.3804,10.3086,1.749,-1.3293,0.0662,6.895,12.3133
ets1,relaxed,037,17.7166,16.7582,3.9412,6.5809,11.8421,9.2264,0.2807,-0.7426,0.7417,6.75,12.0289
ets1,relaxed,038,25.9157,28.0514,3.3488,6.7203,12.5665,9.6514,-0.0223,-1.436,0.2984,6.92,12.5538
ets1,relaxed,039,20.5743,20.0229,3.419,6.7953,12.2776,10.5462,1.718,-1.4917,0.1819,6.9143,12.3056
ets1,relaxed,040,18.563,20.4564,1.8173,6.761,11.9439,10.8413,-1.8826,-1.4552,0.3593,6.8537,12.1311
ets1,relaxed,041,24.2232,23.5474,2.711,6.8398,11.435,9.4057,-1.2499,-1.4853,0.2557,6.9789,11.684
ets1,relaxed,042,22.0255,22.8645,3.06,6.7871,11.8482,10.5304,1.8999,-1.2036,0.0395,7.0888,11.9278
ets1,relaxed,043,20.3083,21.3166,1.7564,6.7283,12.1559,10.6499,1.4872,-1.4179,0.2861,6.8987,12.4133
ets1,relaxed,044,27.8181,25.6431,3.9891,6.4332,11.8954,8.8013,0.8463,-1.4778,0.2589,6.668,12.326
ets1,relaxed,045,18.9245,20.6629,2.1916,6.7216,11.8505,11.3672,0.4388,-1.3874,0.2926,6.8862,11.9878
ets1,relaxed,046,22.1607,24.5449,2.1872,6.6276,11.6318,9.9625,1.2976,-1.2377,0.1314,6.87,11.7422
ets1,relaxed,047,20.2035,24.6368,2.2917,6.7376,12.2504,9.9564,-0.5609,-1.4353,0.3158,7.04,12.4489
ets1,relaxed,048,15.339,17.2429,1.2462,6.6737,11.9565,11.9012,-0.1193,-1.4808,0.2002,6.9125,11.9856
ets1,relaxed,049,28.2413,32.463,5.0908,7.0347,11.8404,9.8679,2.3842,-1.1781,0.1811,7.0529,11.5578
ets1,relaxed,050,23.9734,27.1459,3.0516,7.044,11.6964,10.6391,1.1015,-1.2433,0.0098,7.0514,12.1711
ets1,relaxed,051,16.773,18.6864,2.022,6.9181,11.5967,10.8438,1.8082,-0.8617,0.3638,7.3025,11.7011
ets1,relaxed,052,18.0169,19.968,1.6125,6.5619,11.9865,11.0612,1.9849,-1.3976,0.2014,6.76,12.1011
ets1,relaxed,053,20.9465,23.1073,2.1824,6.5657,12.0455,9.8876,-0.1204,-1.2733,0.1242,6.7687,12.3389
ets1,relaxed,054,23.1939,27.1164,2.731,6.604,12.086,11.4396,-0.0094,-1.4349,0.0355,6.7112,11.8275
ets1,relaxed,055,24.7052,28.6914,3.7415,6.8203,12.4754,9.7066,1.5006,-1.1015,0.1715,6.8286,12.2689
ets1,relaxed,056,20.1127,22.3706,1.9656,6.7328,12.2104,10.3142,0.246,-1.4016,0.0384,7.0162,12.2244
ets1,relaxed,057,27.8755,33.9382,5.1748,6.7143,11.8465,8.9501,2.2277,-1.0134,0.4194,6.8987,12.1167
ets1,relaxed,058,18.1317,19.1972,2.5673,6.9028,11.9495,11.9336,2.9788,-1.5584,0.219,7.2475,12.2811
ets1,relaxed,059,20.3793,22.7896,2.1752,6.82,11.7696,10.2391,3.3094,-1.2118,0.0847,6.9814,12.1356
ets1,relaxed,060,20.4997,22.0526,2.2015,6.8412,11.7875,8.4957,0.416,-1.339,0.5885,7.0357,12.0822
ets1,relaxed,061,13.2413,14.9929,1.5485,7.0027,11.8948,11.7161,1.9365,-1.3177,0.4174,7.2025,12.24
ets1,relaxed,062,17.9961,18.9585,1.7498,6.8371,12.057,12.2829,-1.5153,-1.2738,0.0625,6.995,12.2356
ets1,relaxed,063,20.1437,19.1559,1.7904,6.8077,11.7386,9.9542,0.9814,-1.2939,0.0883,6.9029,12.19
ets1,relaxed,064,18.7651,21.364,1.8824,6.7033,11.851,10.8181,-0.0756,-1.3728,0.2366,7.0412,12.1678
ets1,relaxed,065,21.3108,21.7318,1.893,6.871,12.1404,11.3446,0.9127,-1.2833,0.1523,6.9538,12.0511
ets1,relaxed,066,23.5855,26.5547,2.7354,6.9253,11.9882,10.7682,0.5985,-1.1648,-0.0116,7.0637,12.2933
ets1,relaxed,067,21.0725,22.5789,2.2545,6.8642,11.3513,10.8926,0.6225,-1.4349,0.3841,7.0112,11.5025
ets1,relaxed,068,19.3333,22.2293,2.0115,6.7226,11.5232,11.0857,1.2019,-1.1609,0.3987,6.87,11.9
ets1,relaxed,069,18.0257,19.2208,1.7572,6.8139,11.9483,11.9318,2.3321,-1.3901,0.1893,6.8943,11.75
ets1,relaxed,070,19.7914,21.8372,2.0727,6.921,12.2564,10.5466,-0.1666,-1.4425,0.1534,7.0375,12.2944
ets1,relaxed,071,19.6898,21.6849,2.7659,6.6665,12.1922,10.5029,2.7738,-1.2429,0.0788,6.9437,12.0622
ets1,relaxed,072,22.6165,23.3412,2.188,6.961,11.3855,10.0297,-0.1256,-1.4056,0.138,7.12,11.8333
ets1,relaxed,073,20.8968,23.4581,2.181,6.8956,11.7627,11.2777,2.6772,-1.3243,0.1351,6.9929,11.97
ets1,relaxed,074,25.5618,30.0809,4.7778,6.8018,11.8946,8.4116,1.1971,-1.2566,0.3194,6.97,12.1011
ets1,relaxed,075,22.6125,25.0167,2.6555,6.5742,12.3618,9.5658,0.561,-1.289,0.1878,6.715,12.4933
ets1,relaxed,077,27.2895,29.6722,3.847,6.635,11.9763,9.2616,-1.0805,-1.1079,0.4924,6.861,12.127
ets1,relaxed,078,17.7102,17.1142,2.2831,6.8781,11.9718,11.8032,2.3629,-1.4844,0.2549,7.0943,11.5925
ets1,relaxed,079,19.2283,20.605,2.1402,6.9287,11.7638,10.2245,1.0644,-1.4259,0.1883,7.1437,12.1033
ets1,relaxed,080,16.3532,17.4223,1.6971,6.7347,12.3304,11.0917,0.358,-1.4371,0.2884,7.0012,12.2611
ets1,relaxed,081,20.1179,22.3824,2.4317,6.9186,11.8262,10.6103,0.571,-1.6462,0.2019,7.075,12.2244
ets1,relaxed,082,18.8937,18.3155,1.6275,7.1712,11.2696,11.6955,0.9829,-1.3106,0.1055,7.2625,11.4956
ets1,relaxed,083,15.5074,16.3608,1.2275,6.7907,12.0336,10.2032,2.1468,-1.427,0.062,7.0214,12.2578
ets1,relaxed,084,19.0748,21.2546,1.4809,6.5837,12.4018,11.8358,-0.5077,-1.5352,0.1272,6.8262,12.3956
ets1,relaxed,085,31.5855,38.5085,6.7511,7.2424,12.0568,9.3141,3.1517,-0.9035,0.2724,7.2025,12.0089
ets1,relaxed,086,16.5348,18.0266,1.4992,6.7462,11.9118,10.7986,1.29,-1.385,0.3678,6.87,12.0233
ets1,relaxed,087,23.6982,25.9428,2.4528,6.5831,12.3095,8.9353,0.8168,-1.3646,0.3399,6.7914,12.4556
ets1,relaxed,088,20.1217,22.4969,2.5371,6.6616,12.3493,10.3238,3.0321,-1.3103,0.2598,6.8662,12.1433
ets1,relaxed,089,20.4914,23.5696,2.5612,6.9243,11.635,10.9512,1.356,-1.3972,0.2585,6.9414,11.8133
ets1,relaxed,090,20.3831,21.0824,2.2267,6.7924,11.5886,9.4625,1.5936,-1.3512,0.1029,7.0637,11.9711
ets1,relaxed,091,19.791,20.4122,2.2341,6.5181,12.0352,10.7828,1.2647,-1.286,0.2838,6.9938,12.1725
ets1,relaxed,092,18.6547,21.7252,1.5728,6.6329,12.4348,12.6878,-1.3818,-1.4842,0.0827,6.7829,12.3567
ets1,relaxed,094,19.7479,21.3288,2.3709,6.6809,11.816,10.1432,-0.674,-1.4947,0.1534,6.935,12.1411
ets1,relaxed,095,21.684,24.6854,2.3467,7.1353,12.073,10.0915,-0.3309,-1.5471,0.2199,7.2886,11.8837
ets1,relaxed,096,21.5528,22.4694,2.1257,6.6178,11.8948,10.8528,-0.2005,-1.4236,0.4392,6.625,12.154
ets1,relaxed,097,14.3937,14.5138,2.4612,6.8797,12.4678,10.8317,0.9257,-1.763,0.4799,7.9612,12.3422
ets1,relaxed,098,21.7246,22.3445,2.1945,7.0303,11.7371,11.2825,2.0028,-1.3483,0.1742,7.18,11.9467
ets1,relaxed,099,28.7994,33.6274,6.0992,6.6918,12.3909,10.0039,2.9435,-1.0657,0.2641,6.8775,12.1678
ets1,relaxed,100,19.859,21.5626,1.7782,6.7519,12.0314,10.9398,-1.1015,-1.4222,0.181,6.9988,12.0689
foxa,crystal,crystal,15.7659,22.9323,2.073,6.3057,12.2126,4.6435,0.9372,-0.6298,-0.3631,6.4689,12.3471
foxa,frozen,001,22.9886,32.0856,2.8582,6.0471,12.4728,6.6223,1.441,-0.4484,-0.5189,6.3762,12.5271
foxa,frozen,002,22.3447,28.7315,2.6539,6.4047,12.3075,6.5712,-0.1637,-0.6362,-0.3911,6.5522,12.2014
foxa,frozen,003,24.3962,31.8656,2.7694,6.0497,12.7396,4.5429,0.8741,-0.6316,-0.3391,6.2822,12.57
foxa,frozen,004,23.8851,29.3402,3.0534,6.2646,12.3678,5.2771,0.2203,-0.5549,-0.2325,6.41,12.5414
foxa,frozen,005,20.2555,23.8641,2.2473,6.8442,12.7088,8.172,1.2843,-0.3508,-0.4086,7.131,12.99
foxa,frozen,006,34.6034,41.5419,7.5606,6.0917,13.3463,2.2388,2.5427,-0.1675,0.2175,6.3611,13.2062
foxa,frozen,007,22.9177,27.3368,3.232,6.1614,12.6224,6.5916,3.9085,-0.6043,-0.1558,6.3411,13.0388
foxa,frozen,008,14.6525,17.9097,3.1435,5.8358,12.9656,7.7532,-1.6097,-1.1368,-0.4541,6.5012,13.2229
foxa,frozen,009,23.2349,29.3186,3.332,5.7006,12.8268,5.2151,-4.5038,-0.63,-0.3906,6.1822,12.5671
foxa,frozen,010,164.0454,19.8117,44.4572,6.6889,15.1856,-1.5201,14.8017,0.1925,0.7631,7.1433,14.4945
foxa,frozen,011,50.088,54.0432,39.3245,6.8298,12.9691,8.8151,1.7889,0.9877,0.4598,7.08,12.4418
foxa,frozen,012,18.6682,27.1461,4.2091,6.2128,13.0533,8.494,3.7175,-0.8549,0.0139,6.2512,12.7233
foxa,frozen,013,36.1167,50.9584,14.4936,6.4083,13.7674,8.706,3.0194,-0.9334,-0.0848,6.76,13.4943
foxa,frozen,014,12.8945,14.9145,3.726,6.1803,12.2542,8.1765,-1.8057,0.0615,-1.072,6.879,12.1175
foxa,frozen,015,23.083,30.3981,2.8546,6.7903,12.2242,5.0941,1.0445,-0.3377,-0.4751,6.59,12.39
foxa,frozen,016,21.5537,27.9151,2.7831,6.3146,12.2404,5.1309,2.3289,-0.3789,-0.4119,6.5456,12.3071
foxa,frozen,017,19.5633,29.7184,2.5516,6.2109,12.483,5.3899,1.6431,-0.4115,-0.2779,6.4267,13.0437
foxa,frozen,018,26.3974,40.2801,19.1843,6.0724,14.5851,2.1258,7.3942,-0.4044,-0.8047,6.2182,13.72
foxa,frozen,019,13.4078,12.7202,7.5953,5.335,13.2191,-0.8432,7.0155,-0.5612,-0.515,8.3325,13.4211
foxa,frozen,020,21.1299,27.9823,3.2699,6.0803,13.2876,6.0127,1.9211,-0.559,-0.4799,6.4711,13.3613
foxa,frozen,021,21.8365,28.6572,2.7104,6.29,12.1409,6.6457,-2.6526,-0.6634,-0.3355,6.5056,12.3057
foxa,frozen,022,22.327,29.1739,2.4463,6.1988,12.7124,5.0948,0.8648,-0.5062,-0.3193,6.44,13.0787
foxa,frozen,023,31.4187,32.207,6.8194,6.9974,11.9804,5.1429,-1.1898,-0.4388,0.1633,6.8478,12.1211
foxa,frozen,024,20.9152,26.5794,3.2504,5.6206,13.2137,6.4323,-1.9612,-0.2851,-0.292,5.8637,12.9062
foxa,frozen,025,16.0857,15.19,3.0393,6.0329,12.5707,6.1639,0.1386,0.5773,-0.2349,6.1578,12.2511
foxa,frozen,026,22.8574,28.79,4.0686,5.1989,13.8235,5.3888,-4.4521,-0.6161,-0.5439,5.305,13.5663
foxa,frozen,027,21.5455,24.8475,3.0292,6.4518,13.0285,2.9762,3.6745,-0.5686,-0.1912,6.5767,12.9343
foxa,frozen,028,22.18,28.3618,2.5878,6.0682,12.8165,4.7823,1.5969,-0.458,-0.4192,6.2162,12.8886
foxa,frozen,029,21.3012,25.9097,2.3334,6.1885,12.4517,4.1274,0.3867,-0.5136,-0.4429,6.42,12.52
foxa,frozen,030,24.2425,32.7117,3.4255,6.162,12.4342,5.2923,3.42,-0.7557,-0.5368,6.3967,12.31
foxa,frozen,031,20.7323,32.561,2.5969,6.2526,12.6937,6.1964,1.3567,-0.6417,-0.452,6.4856,12.4457
foxa,frozen,032,12.5655,17.1354,2.6229,6.3716,13.2073,6.6173,4.3035,-0.7757,-0.8226,6.6344,13.0422
foxa,frozen,033,20.8359,24.7746,2.5387,5.59,12.993,4.9652,-4.1334,-0.5965,-0.2281,5.8863,12.9763
foxa,frozen,034,22.2341,28.3122,2.6744,6.3464,11.9186,5.7471,2.7729,-0.5592,-0.4261,6.5267,12.2371
foxa,frozen,035,11.8561,16.007,4.7948,6.61,13.4765,1.5999,11.2119,0.4044,-0.9183,7.28,13.8
foxa,frozen,036,26.961,35.6873,49.0675,6.3423,13.5838,-12.6579,6.5667,0.8736,-2.4956,5.8606,12.13
foxa,frozen,037,24.3814,32.2003,3.7681,6.1824,12.75,6.3928,2.989,-0.5796,-0.3105,6.3167,12.8571
foxa,frozen,038,26.8163,32.3222,4.199,6.5686,11.7618,3.3948,2.7784,-0.2919,-0.0234,6.78,11.7788
foxa,frozen,039,30.0886,36.105,23.9989,5.4874,12.6451,6.2488,0.7562,-0.7876,-0.4596,5.6944,12.8856
foxa,frozen,040,22.9059,28.7421,2.4727,6.2534,12.2778,5.7544,1.154,-0.5863,-0.3456,6.4478,12.4186
foxa,frozen,041,24.7526,32.7444,2.9065,6.3746,12.5427,5.9963,2.0993,-0.6975,-0.3642,6.5822,12.44
foxa,frozen,042,14.2086,20.7398,3.361,6.1463,13.2628,7.8652,5.6183,-0.9543,0.0011,6.1443,13.15
foxa,frozen,043,22.9031,28.1586,3.1482,6.3209,12.6976,5.5761,2.1845,-0.4623,-0.3768,6.4538,12.6571
foxa,frozen,044,34.1904,40.4078,6.7015,5.9551,13.6343,3.5908,4.8727,-0.774,-0.2088,6.1433,13.5712
foxa,frozen,045,24.3363,34.0909,3.6237,6.2236,12.5523,5.4252,2.5247,-0.5836,-0.5041,6.4889,12.6743
foxa,frozen,046,17.7027,17.8208,3.1579,6.3766,12.1117,6.13,4.7044,-0.6699,-0.4519,6.5356,12.8925
foxa,frozen,047,19.0432,27.0722,34.174,7.2503,13.6517,-2.7811,12.9414,-0.0229,0.7292,5.8083,11.5867
foxa,frozen,048,24.6234,29.5827,2.9666,6.2126,12.1717,6.4122,0.8559,-0.4414,-0.4286,6.4656,12.725
foxa,frozen,049,44.8153,44.5922,11.9099,6.5233,12.2504,7.7942,1.207,-0.7426,-0.1513,6.856,12.2937
foxa,frozen,050,18.7028,26.5169,3.1865,6.4319,13.1188,7.5089,0.9855,-1.0116,-0.8208,6.7944,13.3114
foxa,frozen,051,24.1276,30.053,2.5251,6.2889,12.5846,5.2126,1.5352,-0.8057,-0.3358,6.39,12.6586
foxa,frozen,052,21.6952,25.2845,2.5206,5.9035,12.9048,3.8186,0.2706,-0.6057,-0.3484,6.1787,12.7875
foxa,frozen,053,15.078,23.2629,7.039,6.109,12.8632,3.281,-5.6251,0.0101,0.0214,6.3889,12.9537
foxa,frozen,054,23.9984,30.7115,2.9226,6.1203,12.78,5.4936,0.8546,-0.5721,-0.4589,6.3878,12.6271
foxa,frozen,055,24.7779,31.9966,2.8557,6.3131,12.202,5.0168,0.9253,-0.6365,-0.4124,6.5089,12.2829
foxa,frozen,056,11.0902,18.3506,3.4747,6.2678,13.0196,12.7349,2.9659,-1.8808,0.2347,6.2843,13.1486
foxa,frozen,057,35.8893,41.4882,13.9323,6.7137,12.3138,6.4499,11.1254,-0.5796,0.3119,6.948,12.6886
foxa,frozen,058,18.4974,22.9697,2.3866,5.9775,12.8124,7.4105,-2.676,-0.9714,-0.4147,6.3744,12.94
foxa,frozen,059,24.1691,30.6103,2.8856,6.0668,12.8758,4.379,1.1184,-0.5212,-0.4607,6.21,12.6686
foxa,frozen,060,1.5869,14.9842,37.3725,6.3791,12.7142,9.0491,-5.8491,-0.2252,-0.4798,5.4883,12.715
foxa,frozen,061,23.2155,28.0712,2.8112,6.4637,11.8268,3.709,4.4425,-0.7058,-0.0063,6.9167,11.9275
foxa,frozen,062,31.6193,37.01,18.9314,5.8938,13.2706,4.911,0.2176,0.4827,0.0051,5.865,12.1233
foxa,frozen,063,23.3877,29.7519,2.8022,6.6903,12.4263,6.016,1.0536,-0.5137,-0.3613,6.7789,12.3086
foxa,frozen,064,23.8451,31.0655,3.0959,5.8523,13.0255,5.2388,0.7844,-0.6368,-0.4444,6.0378,13.0286
foxa,frozen,065,23.6642,29.3925,3.0107,6.4721,12.7862,6.422,1.3176,-0.6262,-0.3973,6.5789,12.9525
foxa,frozen,066,17.3478,19.1362,3.1118,5.0486,12.9968,4.3374,0.4032,-0.3775,-0.1783,5.745,12.99
foxa,frozen,067,23.6043,30.1653,2.8604,6.2363,12.5171,5.4399,3.0153,-0.6495,-0.4394,6.3287,12.6357
foxa,frozen,068,24.496,30.7307,2.8046,6.2741,12.1883,6.1522,2.8853,-0.582,-0.3262,6.5356,12.8075
foxa,frozen,069,23.0349,29.758,2.6316,6.3497,12.2017,5.2965,1.0799,-0.6051,-0.3351,6.4175,12.2686
foxa,frozen,070,21.0709,40.6257,9.2092,5.5197,13.9132,6.9263,-0.0959,-0.5446,-0.1178,5.525,13.7078
foxa,frozen,071,22.0676,28.213,3.0304,6.1127,12.3122,7.2803,-0.5658,-0.6717,-0.386,6.3556,12.3514
foxa,frozen,072,10.6966,13.9721,3.5824,5.6429,13.2676,6.5555,-3.1971,-0.8273,-0.3352,6.0312,13.1429
foxa,frozen,073,25.0829,31.3882,3.1971,6.1556,12.5119,6.2724,1.7323,-0.5627,-0.4011,6.4267,12.3386
foxa,frozen,075,22.5918,28.4758,2.6214,6.1915,12.5235,5.2326,1.5244,-0.5505,-0.3839,6.4411,13.1
foxa,frozen,076,22.0615,24.2967,2.4238,6.1417,12.505,3.4779,1.9558,-0.4174,-0.5419,6.4144,12.955
foxa,frozen,077,7.938,6.048,18.8897,6.2379,12.7065,6.266,-0.9342,-0.4295,-0.2693,5.6271,13.048
foxa,frozen,078,4.0303,16.9812,25.1005,5.6646,12.9708,9.3587,-5.405,-0.9001,0.9481,5.0607,13.3175
foxa,frozen,079,23.0195,30.7683,2.9994,6.1206,12.6956,6.2524,0.5171,-0.5226,-0.4009,6.3633,12.5857
foxa,frozen,080,24.1811,33.5187,2.7626,6.3806,12.1636,5.2882,1.165,-0.619,-0.383,6.5867,12.3857
foxa,frozen,081,23.3246,31.9464,2.6484,6.2046,12.5361,5.2265,1.1655,-0.6048,-0.4332,6.4289,12.7257
foxa,frozen,082,11.2165,20.2708,20.8679,5.0212,12.9692,6.8225,-1.5629,0.2445,-1.298,5.232,13.415
foxa,frozen,083,25.9899,31.3036,3.8567,6.6247,12.0017,4.9395,3.1059,-0.3196,-0.186,6.5625,11.9986
foxa,frozen,084,22.5376,30.3325,2.6532,6.1644,12.223,5.4974,0.6016,-0.5505,-0.3836,6.2588,12.3286
foxa,frozen,085,23.0669,30.3764,3.1742,6.0403,12.92,4.0405,1.0993,-0.6769,-0.4586,6.2644,12.8157
foxa,frozen,086,35.5979,41.8164,14.222,6.7216,12.7944,5.3672,2.8089,0.6346,-0.4404,6.962,12.8313
foxa,frozen,087,22.0032,29.2513,2.5043,5.9071,12.7813,5.087,2.0637,-0.514,-0.2304,6.0488,12.735
foxa,frozen,088,16.6558,23.0646,2.1168,6.3556,12.2637,4.4826,0.6892,-0.6353,-0.3458,6.4744,12.3357
foxa,frozen,089,25.2012,32.754,2.9717,6.0735,12.7217,5.7,1.1452,-0.406,-0.3883,6.3444,12.7071
foxa,frozen,090,25.6512,33.0405,3.2458,6.1486,11.95,5.7608,0.8785,-0.5487,-0.4717,6.4122,12.1057
foxa,frozen,091,24.7901,33.2911,4.7666,6.0108,13.6497,5.7976,2.214,-0.0571,-0.0414,5.965,13.4686
foxa,frozen,092,25.144,31.1054,2.7077,6.416,12.345,5.3627,1.767,-0.7426,-0.3072,6.5911,12.2357
foxa,relaxed,001,26.0501,36.7293,3.6344,5.8136,12.7375,6.1952,1.5451,-0.5478,-0.7228,6.2875,13.0838
foxa,relaxed,002,21.9798,30.4071,2.9056,6.1006,12.8905,5.5314,-0.4536,-0.7686,-0.2961,6.185,12.9357
foxa,relaxed,003,24.1251,34.2356,2.9392,5.7059,12.8789,4.4394,1.5499,-0.7092,-0.448,5.905,12.74
foxa,relaxed,004,24.5785,31.032,3.2903,6.1814,12.4735,5.6258,0.4732,-0.6081,-0.2103,6.3022,12.6857
foxa,relaxed,005,27.9785,37.523,5.4096,6.3605,13.57,7.9625,-0.7784,-0.0334,-0.5282,7.055,13.0786
foxa,relaxed,006,30.9457,45.2056,6.794,5.5404,13.7246,-1.6364,2.547,-0.1535,-0.2117,6.2462,13.66
foxa,relaxed,007,20.2444,26.9554,3.0653,6.0553,12.7883,6.1849,4.3345,-0.666,-0.2185,6.2256,13.3238
foxa,relaxed,008,21.5228,29.0765,2.688,5.67,13.5462,3.727,1.0636,-0.5967,-0.4994,5.9588,13.3529
foxa,relaxed,009,26.4737,37.2045,3.7581,5.4846,13.2262,4.6552,-3.173,-0.9049,-0.661,5.7511,13.0971
foxa,relaxed,010,37.2949,34.8415,51.1441,9.8821,15.0512,6.6706,0.7317,-0.6659,-1.5939,7.2483,15.5831
foxa,relaxed,011,40.5812,43.5212,7.1064,5.9674,13.6322,5.9234,-4.4228,-0.5836,-0.1265,6.4929,13.4943
foxa,relaxed,012,14.6273,22.7869,3.5108,6.0749,13.5756,6.4621,2.2863,-0.9099,0.1379,6.18,13.4644
foxa,relaxed,013,44.577,54.555,10.7347,6.3208,14.5139,6.9484,2.0985,-0.1075,-0.3303,6.57,13.6512
foxa,relaxed,014,21.2809,32.5969,18.6285,7.993,11.9163,11.501,0.5119,-0.5141,-1.7652,5.9013,11.78
foxa,relaxed,015,25.5871,33.529,3.3217,6.5129,12.1892,6.0871,1.3015,-0.534,-0.6618,6.7767,12.2729
foxa,relaxed,017,18.1339,30.9242,2.3452,6.4457,12.8135,5.629,1.7225,-0.5896,-0.4355,6.5767,12.8157
foxa,relaxed,018,131.5175,52.1217,29.6951,6.065,15.9674,7.375,-1.5878,-0.9492,1.487,8.1283,15.516
foxa,relaxed,020,20.9873,28.8208,3.4778,6.2439,13.2582,4.2112,3.218,-0.5836,-0.6774,6.7944,13.1186
foxa,relaxed,021,26.8365,34.7763,5.0806,5.5947,13.1133,6.5489,-2.4001,-0.5154,-0.4593,5.7163,13.2429
foxa,relaxed,022,20.0946,28.5156,2.3443,5.5336,13.4,3.5459,0.0286,-0.4908,-0.4004,5.7637,13.2843
foxa,relaxed,023,27.7421,25.7105,5.0001,7.0927,12.1086,6.2032,3.7072,-0.4484,-0.8994,7.3411,11.8737
foxa,relaxed,024,15.7773,20.7346,3.0072,5.2224,14.8063,7.6159,-2.1602,-0.8108,-0.0787,5.6725,14.7163
foxa,relaxed,025,16.4895,20.1229,2.9033,6.0508,12.5559,7.8344,-0.4771,0.3147,0.1906,6.3156,12.3789
foxa,relaxed,026,30.3096,39.1488,5.0341,4.6235,14.95,2.0505,-2.3982,-0.6684,-0.5461,5.0875,14.9029
foxa,relaxed,028,23.0621,30.7987,3.1403,5.6418,13.525,5.6531,1.9414,-0.6775,-0.5669,5.9263,13.4986
foxa,relaxed,029,20.0732,27.1204,2.3328,6.1388,12.8396,2.4626,1.0302,-0.5619,-0.463,6.2263,12.8686
foxa,relaxed,030,21.3131,30.5697,2.9846,5.8066,12.3386,5.5883,4.1759,-0.8083,-0.5277,6.1289,12.8586
foxa,relaxed,031,21.7,34.8977,2.8635,6.3327,12.463,6.8549,1.3177,-0.63,-0.4819,6.3978,12.34
foxa,relaxed,032,10.5557,14.5664,2.8809,6.4728,14.0668,8.1248,6.9238,-0.8675,-1.1616,6.7767,13.81
foxa,relaxed,033,20.1417,27.7978,2.682,4.9674,14.4178,4.3849,-4.122,-0.7046,-0.2436,5.5113,13.9125
foxa,relaxed,034,20.7603,26.4403,3.3953,6.4732,11.759,7.5945,2.5565,-0.7126,-0.4567,6.6211,11.7283
foxa,relaxed,035,57.0906,62.4625,14.7799,7.242,10.33,7.6385,-4.079,-1.0277,-0.9086,6.348,12.1467
foxa,relaxed,036,143.922,35.4245,12.8784,9.1997,13.764,0.9373,-3.2409,0.3679,0.3145,9.4489,15.5633
foxa,relaxed,037,21.4546,31.2145,3.5578,6.3624,12.3543,7.0548,3.567,-0.6421,-0.4358,6.5356,13.1913
foxa,relaxed,038,21.6465,30.9567,3.1707,6.6506,11.48,4.4925,1.1121,-0.4207,-0.4458,6.7889,11.6283
foxa,relaxed,039,18.5272,24.5385,7.5587,5.9959,12.5547,4.0976,1.6737,-0.3657,-0.6059,6.3433,12.74
foxa,relaxed,041,26.7061,35.2411,3.4358,6.7697,11.7696,6.3596,1.6306,-0.8315,-0.2211,6.88,12.055
foxa,relaxed,042,18.504,25.7641,4.1569,5.9766,14.3011,5.9077,3.8227,-1.169,-0.3554,6.1443,14.0471
foxa,relaxed,043,21.7441,28.9543,3.9505,6.2663,13.4296,8.1743,4.3744,-0.7714,-0.3494,6.38,13.6375
foxa,relaxed,044,26.9298,33.7489,4.0941,5.7311,14.1879,3.341,4.9935,-1.1052,-0.2558,6.0244,13.044
foxa,relaxed,045,24.2568,36.3615,3.7802,6.2483,12.8316,4.7111,2.4234,-0.6062,-0.6264,6.3487,13.0129
foxa,relaxed,047,40.7076,28.7454,42.5341,7.3698,12.6108,8.2615,3.1962,-0.0537,0.2806,6.8785,12.2617
foxa,relaxed,048,23.8835,31.5691,2.8639,6.2206,11.4683,7.0253,0.8242,-0.5533,-0.3836,6.5633,11.825
foxa,relaxed,049,29.3399,36.0022,26.3218,5.8203,14.0856,0.9245,4.4904,0.2043,-1.2117,6.4844,13.9787
foxa,relaxed,050,11.7382,15.7118,14.0327,6.6797,13.6603,10.9022,-0.8237,-0.5946,-0.4188,7.166,13.4233
foxa,relaxed,051,23.6474,29.8425,2.4981,5.9433,12.6732,3.5638,1.4498,-0.7219,-0.3976,6.2211,13.0171
foxa,relaxed,052,20.7119,27.8637,2.5782,4.7349,14.3535,2.3803,-0.0662,-0.7501,-0.4419,5.4188,14.6029
foxa,relaxed,053,15.7631,22.8504,2.0521,6.3508,12.213,4.6595,0.9554,-0.6257,-0.3639,6.4656,12.3457
foxa,relaxed,054,28.367,35.867,3.9109,5.8824,13.1319,5.4206,0.9967,-0.8183,-0.6943,5.9663,13.0057
foxa,relaxed,055,27.558,36.0186,3.8656,6.3214,11.8052,5.7798,1.6044,-0.6733,-0.6106,6.6522,12.0113
foxa,relaxed,056,4.5689,6.426,4.9039,6.1456,14.7144,12.2876,1.2079,-1.8451,0.749,6.4,14.6943
foxa,relaxed,057,20.3134,12.3282,32.6315,8.9186,12.9013,8.711,10.3841,-0.0784,0.4645,7.07,12.5788
foxa,relaxed,061,20.0358,24.9047,2.935,5.7748,12.9563,5.9669,0.9348,-0.5718,-0.4043,6.0025,13.0414
foxa,relaxed,062,32.453,37.935,5.2529,6.4214,12.146,11.0801,-0.2523,-0.4702,-0.6063,6.6378,12.48
foxa,relaxed,063,24.4322,30.5435,3.5245,6.7869,12.4831,7.1077,0.9916,-0.537,-0.4615,6.9322,12.5114
foxa,relaxed,064,24.7013,35.5076,3.4529,5.1638,13.6888,4.494,0.2063,-0.6987,-0.4746,5.49,13.6271
foxa,relaxed,065,25.2196,33.9401,3.5499,6.7255,11.76,7.8798,1.643,-1.1466,-0.9226,6.8913,12.3757
foxa,relaxed,066,19.8177,23.9101,3.7997,4.5674,13.5163,3.7384,0.0799,-0.3764,-0.0063,5.2663,13.3022
foxa,relaxed,067,24.4602,31.3538,3.0136,6.02,12.7842,4.9026,2.7732,-0.7155,-0.5542,6.14,12.9329
foxa,relaxed,068,25.8331,35.8669,3.0209,6.2997,12.027,6.767,3.3153,-0.6292,-0.4381,6.4413,12.2786
foxa,relaxed,071,23.236,30.4823,4.1101,5.9741,12.2087,7.773,-0.5859,-0.8339,-0.3935,6.1667,12.7443
foxa,relaxed,072,21.6783,31.2352,2.7892,5.4328,14.1356,6.2387,-2.01,-0.8429,-0.4838,5.6513,14.0129
foxa,relaxed,073,27.6995,36.4716,4.1297,6.0274,12.613,6.4522,2.168,-0.7485,-0.4652,6.2456,12.63
foxa,relaxed,074,18.1273,17.9099,14.7248,7.7408,13.7838,3.666,-2.3923,-0.2703,-1.0085,6.6787,12.9087
foxa,relaxed,075,22.221,25.9786,2.547,6.7359,13.4726,5.246,2.8462,-0.5905,-0.3652,6.2488,13.22
foxa,relaxed,076,26.3379,24.0425,4.7008,5.9582,13.7121,4.7521,3.5409,-0.9522,-0.007,6.1922,13.695
foxa,relaxed,077,32.3102,38.1457,6.6484,5.9011,13.6508,7.2629,-1.5283,-0.79,-0.6149,6.3478,13.9029
foxa,relaxed,078,11.3687,15.3686,14.8779,5.7208,13.5241,8.7129,-6.6115,-0.5553,0.5951,5.5722,13.9267
foxa,relaxed,079,26.1256,34.8441,4.3802,6.3656,12.2011,4.8232,1.3321,-0.4675,-0.1643,6.6722,12.0638
foxa,relaxed,080,25.8662,37.6316,3.0935,6.0348,12.9642,5.7712,1.3613,-0.8179,-0.5036,6.1913,12.7838
foxa,relaxed,082,31.905,27.6766,5.654,4.6397,14.5669,6.8976,-13.4039,-1.3778,0.5237,4.735,14.13
foxa,relaxed,083,24.442,26.5567,3.1776,6.5938,11.6723,4.3806,3.1842,-0.2175,-0.5857,6.6978,11.7714
foxa,relaxed,084,23.8685,34.6381,2.959,5.9824,12.0968,5.092,0.5585,-0.6735,-0.4984,6.2144,12.6463
foxa,relaxed,085,24.1088,32.7903,3.8138,5.9497,13.2707,3.4526,1.0189,-0.743,-0.613,6.2878,13.0087
foxa,relaxed,086,34.053,43.3486,16.9649,6.7251,12.77,5.1761,3.0647,0.1671,-1.2819,7.4056,13.1111
foxa,relaxed,087,21.8726,31.2922,2.4166,5.8036,12.9467,3.7366,1.3806,-0.6435,-0.441,6.0689,12.7267
foxa,relaxed,088,22.7974,29.8383,2.6687,5.9909,12.5586,4.752,0.3347,-0.7193,-0.2782,6.2422,12.4771
foxa,relaxed,089,26.8005,33.4036,4.1177,5.7432,13.0337,5.9559,2.1328,-0.4118,-0.5033,6.0756,13.1625
foxa,relaxed,090,28.2426,37.9967,4.2162,5.957,13.1608,6.7259,2.8332,-1.3893,-0.5333,6.2263,13.0657
foxa,relaxed,091,29.0568,39.9122,6.0929,6.1449,13.6814,7.7936,2.0784,-0.7073,-0.265,6.3262,13.7043
foxa,relaxed,092,15.8201,22.9355,2.0754,6.3083,12.2061,4.6376,0.9076,-0.6314,-0.3631,6.47,12.3371
lef1,crystal,crystal,67.8707,67.931,11.1024,8.3374,9.5847,11.6523,-1.77,-1.3794,-0.224,8.193,9.25
lef1,frozen,002,71.1335,64.3376,10.9935,8.7398,9.1006,14.9017,-0.7482,-1.1985,0.1403,8.441,9.4373
lef1,frozen,003,69.387,64.2715,11.9175,8.2998,10.3739,17.3897,0.336,-1.151,-0.0677,8.194,9.43
lef1,frozen,004,55.9767,55.8189,32.7034,7.8187,13.2855,14.3043,4.9353,-1.7338,-0.1306,7.7429,11.8457
lef1,frozen,005,69.0419,67.2493,35.4345,9.899,15.8867,15.6445,2.2965,-1.1702,-0.975,9.0745,9.883
lef1,frozen,006,70.4794,67.2494,13.5001,8.4627,10.1895,14.2754,-1.7076,-1.0776,-0.0573,8.374,9.4764
lef1,frozen,007,41.8405,72.2862,35.1565,8.1324,10.0239,15.7489,-7.9332,-1.0324,-0.9711,11.9138,9.7157
lef1,frozen,008,52.034,45.3558,10.6881,7.9925,10.2403,16.5225,-2.236,-0.9504,0.4396,8.7511,9.8673
lef1,frozen,009,72.1621,68.271,12.012,8.7692,9.4868,16.2241,-0.6922,-1.718,0.0409,8.9778,9.2409
lef1,frozen,010,72.8389,71.2606,20.8361,9.9188,12.8573,12.2126,3.7944,-0.7094,-1.3244,10.45,11.738
lef1,frozen,011,71.1772,67.2098,12.6661,8.5335,10.1177,14.1571,-2.7705,-0.9976,0.0412,8.308,9.6155
lef1,frozen,012,68.8635,67.3784,11.7275,8.82,10.4603,14.0162,-1.0698,-1.1934,-0.1803,8.482,9.2209
lef1,frozen,015,52.0936,121.3571,83.9753,7.43,13.54,14.7517,3.9096,-0.8564,-0.6573,8.72,
lef1,frozen,016,48.305,47.1842,51.1853,10.9815,19.9971,23.6618,1.214,-1.0257,0.1929,11.2533,6.27
lef1,frozen,017,61.9188,62.4165,40.7142,9.2781,11.6894,10.1807,-4.5245,-0.8212,-0.259,10.4592,9.11
lef1,frozen,018,73.0728,69.0409,12.0456,8.5986,9.7427,14.2765,-0.6118,-1.0322,-0.4856,7.8133,10.389
lef1,frozen,019,60.3931,50.8482,12.4594,9.1643,9.6711,15.7003,16.4797,-1.5244,0.5704,9.0978,9.229
lef1,frozen,020,72.2424,70.378,12.425,8.5379,10.4003,13.5962,1.648,-1.1847,-0.1513,8.317,9.7845
lef1,frozen,021,72.417,72.1162,15.2382,9.0215,11.4683,13.3427,1.9277,-1.1969,0.0132,8.406,9.3764
lef1,frozen,022,62.1697,61.8812,12.613,8.2722,9.9873,15.8714,0.424,-1.5323,-0.0294,8.9244,8.9589
lef1,frozen,023,104.7021,66.4982,41.3376,7.3781,11.2398,17.7228,4.2788,-0.7564,-0.3454,6.2663,10.25
lef1,frozen,024,59.8392,55.0394,27.4071,9.3627,9.7825,17.8297,9.9875,-1.0636,0.8234,9.8344,9.6473
lef1,frozen,025,71.2766,69.5051,12.4309,8.5588,9.6656,13.0603,0.0083,-1.0462,-0.0916,8.559,9.4718
lef1,frozen,026,105.7862,73.0109,45.9854,10.8686,13.796,20.2787,5.3054,-0.6467,0.3383,10.94,12.4
lef1,frozen,027,75.7316,71.7303,27.5688,9.768,10.2305,17.8192,3.5286,-0.8662,-0.5964,8.25,9.71
lef1,frozen,028,74.1068,70.9338,12.4386,8.323,9.4766,13.307,-0.8103,-1.3757,-0.2434,7.999,9.4545
lef1,frozen,029,75.2106,68.4308,15.16,8.3481,10.2568,20.7307,1.9453,-0.8107,-0.3203,8.5878,9.019
lef1,frozen,030,74.2799,73.7202,19.2285,8.1843,11.6327,14.9784,1.563,-0.7623,-0.146,7.835,10.0455
lef1,frozen,031,63.4801,62.6281,14.5758,8.9817,9.7954,10.5376,4.0903,-0.9489,-0.4109,9.2238,10.0056
lef1,frozen,032,79.9951,77.2788,19.5227,8.8867,11.0479,20.2078,10.2576,-0.918,-0.8429,10.108,9.1856
lef1,frozen,033,49.8194,59.1861,47.9366,10.3511,15.8107,6.9769,0.4845,0.1819,-1.1074,10.8082,15.1271
lef1,frozen,034,67.8129,62.5816,14.9562,8.2315,11.2505,16.3814,2.0479,-1.3378,-0.141,8.086,9.8627
lef1,frozen,035,110.493,106.2975,43.701,8.2633,9.9445,19.1201,-13.6776,-1.2877,-0.1549,9.9357,9.3685
lef1,frozen,036,77.1999,72.9406,13.9405,8.7332,9.0218,14.6572,-2.0923,-0.8672,-0.3063,8.15,9.3264
lef1,frozen,037,67.6694,63.7096,11.7402,8.5574,9.4903,13.9721,-3.0557,-0.9959,0.0039,8.707,9.4627
lef1,frozen,038,75.097,75.6503,34.9035,10.947,12.181,10.5342,8.0228,-0.5079,-0.4833,10.0177,12.285
lef1,frozen,039,61.9212,58.5154,12.7415,8.2782,9.6089,11.1791,-0.9938,-1.1817,0.1067,8.65,9.1909
lef1,frozen,040,66.1183,60.4327,11.2379,8.6942,9.3381,16.9716,-1.2885,-0.9557,0.2719,8.785,9.17
lef1,frozen,041,72.7652,69.7584,12.6032,8.5992,10.2548,14.9055,0.5866,-1.1464,-0.0793,8.297,9.8573
lef1,frozen,042,102.1494,86.3055,43.6438,9.9965,10.224,23.3645,3.3869,-0.8632,0.2608,10.57,9.645
lef1,frozen,043,69.3959,68.2529,11.552,8.3561,10.3034,12.6386,-0.7479,-1.207,-0.2392,8.207,9.6545
lef1,frozen,044,114.3492,127.4913,73.6533,,,27.1171,-64.9002,-0.0962,-0.2025,,
lef1,frozen,045,101.2165,80.6866,57.4966,10.082,11.5454,6.5224,23.9203,-1.0276,0.293,10.0718,11.7371
lef1,frozen,046,53.0729,49.1676,11.0976,8.705,9.5592,13.4518,0.3388,-0.9829,0.303,8.9367,8.5778
lef1,frozen,047,74.7421,90.4547,18.8918,9.1084,11.8613,6.2089,13.1243,-0.2587,0.2992,7.99,11.0756
lef1,frozen,048,69.2693,68.1735,13.8454,8.8056,9.1471,15.3954,4.109,-0.9442,-0.6926,8.426,8.878
lef1,frozen,049,70.2889,65.3454,12.0,8.2813,10.0652,13.0542,-0.3548,-1.143,-0.296,8.191,9.6591
lef1,frozen,051,59.7111,60.6967,42.7047,10.8033,10.3547,7.0811,-4.0168,-0.1523,0.3248,9.381,10.9056
lef1,frozen,052,67.5297,64.6833,13.0337,8.5043,8.3584,12.7662,3.577,-1.3466,-0.2353,8.236,9.2209
lef1,frozen,054,76.0215,71.6752,13.6191,8.8871,9.6941,14.5805,-1.8973,-0.8258,-0.0956,9.243,9.1609
lef1,frozen,055,57.0905,55.0427,22.8527,9.0947,12.1681,17.1668,0.6792,-1.2437,-0.3071,8.931,13.079
lef1,frozen,056,70.9146,70.666,12.2323,8.4229,10.0237,13.1571,-0.791,-1.2663,-0.1593,8.171,9.6345
lef1,frozen,057,69.1845,61.6685,10.3361,8.2377,9.694,14.0762,-1.0837,-1.1793,0.0794,8.09,9.9082
lef1,frozen,058,72.3177,69.1463,16.5822,8.4691,9.89,15.9185,3.8517,-1.2237,-0.1209,7.944,9.4136
lef1,frozen,059,76.2468,73.551,40.5744,9.5913,9.7479,11.4779,0.1008,-0.5013,0.7518,9.2235,10.7467
lef1,frozen,061,120.3106,57.9856,26.6453,11.2875,13.679,19.8898,3.0454,-1.4851,0.1808,10.7711,10.31
lef1,frozen,062,51.6059,47.2155,31.3614,9.7358,12.4922,11.6231,1.0921,-0.3987,-0.9237,10.1644,10.824
lef1,frozen,063,70.5698,68.5184,11.4378,8.1517,10.2573,13.4296,0.67,-1.0178,-0.2219,8.11,9.6927
lef1,frozen,064,83.1426,85.8376,34.5362,10.454,12.282,11.7333,-5.5354,-0.2584,-0.2746,10.7814,11.017
lef1,frozen,065,129.2304,59.471,36.0208,8.7533,12.1395,16.9156,2.7125,-1.4873,0.2653,8.4493,12.02
lef1,frozen,066,54.0625,51.5281,34.7884,10.3668,9.7732,13.9049,-2.0932,-0.9627,0.1209,8.3617,12.5771
lef1,frozen,067,68.9076,68.779,11.2723,8.1505,10.0509,12.6861,-0.5063,-1.1155,-0.2101,8.023,9.4736
lef1,frozen,068,71.399,68.0876,11.5232,8.5053,10.0134,13.3164,-0.4956,-1.1353,-0.304,8.38,9.2773
lef1,frozen,069,67.854,66.8832,11.6269,8.4057,9.9787,12.713,0.8474,-1.1882,-0.2598,8.153,9.2318
lef1,frozen,070,96.5698,77.7234,33.4823,9.1433,11.5183,16.9089,-1.7078,-1.0452,0.326,9.4182,10.52
lef1,frozen,071,64.3753,59.0658,14.146,8.3065,9.9109,14.8279,-6.5687,-1.3811,0.2621,9.262,10.0555
lef1,frozen,072,66.5267,62.001,26.0686,10.1627,13.1158,11.2268,6.3466,-0.4178,-1.3304,9.4091,11.595
lef1,frozen,073,109.2931,92.833,20.7134,9.6319,10.5917,9.5453,1.7433,-0.189,0.4761,7.8111,9.8964
lef1,frozen,074,69.8169,69.6754,12.0579,8.7263,9.5768,14.1248,1.3062,-1.0485,-0.091,8.547,9.3345
lef1,frozen,075,68.3447,67.0294,10.7847,8.0495,10.1647,13.7821,0.7557,-1.1416,-0.0625,8.018,9.8345
lef1,frozen,076,69.1923,67.018,11.586,8.269,10.2294,12.9146,-0.49,-1.2025,-0.262,8.202,9.7009
lef1,frozen,077,72.4208,71.5891,16.9981,8.287,11.5386,12.1427,1.1935,-1.2181,0.072,8.263,9.2355
lef1,frozen,078,58.7853,51.3449,49.901,8.6125,12.2241,12.8847,-5.2375,-0.9321,0.2074,7.2125,12.2505
lef1,frozen,079,57.564,57.0833,13.5505,7.8072,8.3865,17.735,2.9353,-1.3499,0.0989,8.019,9.1864
lef1,frozen,080,69.2491,68.5596,11.4152,8.4608,10.1082,12.6908,-0.2882,-1.1651,-0.1809,8.276,9.595
lef1,frozen,081,66.6515,64.7088,10.8243,7.7503,9.4347,10.8834,0.6164,-0.9973,-0.0926,7.5733,9.476
lef1,frozen,082,90.0515,83.8205,24.2016,8.8846,11.5811,15.2922,-0.4876,-1.0391,-0.6341,8.81,9.2336
lef1,frozen,083,84.9847,86.6996,39.8667,9.0686,10.9434,20.2411,12.5388,-0.9001,0.9562,9.1875,8.991
lef1,frozen,084,68.9031,65.9875,10.5147,8.5338,8.3691,12.0353,-1.7528,-1.1252,-0.1275,8.0538,9.5214
lef1,frozen,085,69.4964,67.9793,11.507,8.2438,9.8333,13.4437,0.7904,-1.1956,-0.149,7.99,10.0327
lef1,frozen,086,67.5984,61.2296,11.734,8.376,9.8705,14.5312,0.9398,-1.1055,-0.2401,8.7456,9.3218
lef1,frozen,087,56.069,47.5646,22.8056,8.7307,11.8782,14.7578,-1.2102,-0.8641,0.2185,8.3792,11.9391
lef1,frozen,088,59.863,55.8043,12.3719,8.8451,9.7521,16.8672,-2.1496,-1.3774,0.0451,8.9122,9.9773
lef1,frozen,089,76.7683,76.6575,16.4096,8.4993,10.7867,17.947,1.5077,-1.2719,-0.1807,8.576,9.7836
lef1,relaxed,001,70.8253,65.8698,17.6994,9.6355,8.9778,16.119,3.37,-1.0658,-0.567,9.1789,8.1288
lef1,relaxed,002,72.5192,65.8625,12.4306,8.9753,8.8612,16.2624,-1.5854,-1.2275,-0.1406,9.05,8.9827
lef1,relaxed,003,67.0168,61.2972,14.5398,8.9465,9.8578,19.9198,0.249,-1.0259,-0.1103,8.817,9.2109
lef1,relaxed,004,36.8097,137.6548,46.6444,8.9378,14.8136,-0.2953,9.642,-2.6795,0.1647,8.66,12.84
lef1,relaxed,006,65.5139,61.2651,12.1062,8.4386,9.3486,14.6619,2.4152,-1.0048,0.3763,8.466,9.7309
lef1,relaxed,007,96.0811,93.4104,15.9508,10.919,7.9257,14.0134,9.4168,-0.7096,0.2079,10.2575,8.47
lef1,relaxed,008,41.7667,36.3127,13.2972,8.4124,10.2534,17.0071,0.9399,-0.128,0.6838,7.4582,9.7636
lef1,relaxed,009,69.8119,67.231,14.5486,9.2195,9.8903,16.4105,2.6881,-1.5543,0.0539,9.3533,9.011
lef1,relaxed,011,72.7119,66.3487,26.0062,8.6361,11.3723,15.071,7.6464,-0.8157,0.3583,8.4146,10.4057
lef1,relaxed,012,70.2032,66.3372,12.9381,8.833,9.9706,14.5448,0.5495,-0.7448,-0.4491,8.843,9.387
lef1,relaxed,013,69.0471,74.6442,15.521,9.6965,9.8003,16.6827,-3.5736,-0.7944,-0.5256,9.7722,8.916
lef1,relaxed,014,74.3777,69.0869,15.2264,8.3955,10.3725,13.4048,-3.5922,-0.7802,0.3091,8.305,10.1344
lef1,relaxed,015,134.5687,53.119,89.6604,,,-4.9579,14.1875,0.536,-0.8642,,
lef1,relaxed,016,122.9388,50.3452,41.3386,10.412,13.1386,16.5879,5.9237,-0.0221,0.0696,9.37,13.2879
lef1,relaxed,017,69.9155,68.5795,11.7198,8.2792,9.5877,11.5355,-1.7085,-1.4456,-0.3167,8.3,9.1273
lef1,relaxed,018,72.8984,68.3794,12.7005,8.9412,9.5546,16.1693,-1.6186,-1.0291,-0.2174,8.717,9.4555
lef1,relaxed,019,56.5844,56.8845,36.9083,10.3672,12.8643,19.595,4.9276,-0.711,0.6833,10.8038,10.21
lef1,relaxed,020,70.8527,66.8086,11.8419,8.7984,11.1844,15.3788,0.8987,-1.1233,-0.1833,8.555,9.88
lef1,relaxed,021,68.2118,66.4923,16.8725,9.6698,10.8454,17.5787,3.0962,-1.5139,0.1758,9.5789,10.0273
lef1,relaxed,022,63.5954,64.918,13.8786,9.3209,9.6182,17.9935,1.2074,-1.2292,0.471,9.117,9.7064
lef1,relaxed,023,125.5466,108.2633,62.0109,10.0203,9.5026,17.1405,2.1165,-0.8347,-0.6968,10.2237,9.94
lef1,relaxed,024,76.8644,74.0441,12.9917,9.3191,8.9462,19.2127,-0.8143,-1.6911,0.9723,9.542,10.076
lef1,relaxed,025,73.559,69.8236,13.1735,8.6233,9.5194,15.672,-0.5401,-0.9497,0.0008,8.582,9.2827
lef1,relaxed,026,132.7627,110.5716,51.0492,11.1581,13.1023,20.9643,-3.5186,-1.6481,1.1416,12.03,11.1264
lef1,relaxed,027,118.5967,68.433,52.4883,10.3872,13.53,24.6609,2.2746,-0.8962,0.5016,10.6748,13.216
lef1,relaxed,028,70.4231,70.4821,15.1281,8.3083,10.0997,16.863,-2.667,-1.3702,0.1022,8.3044,9.925
lef1,relaxed,029,72.9269,73.4759,13.8759,8.6288,10.6376,17.7081,5.4694,-1.0817,-0.7,9.5213,9.3044
lef1,relaxed,030,73.2647,69.7902,15.0947,8.8929,10.2183,18.1365,0.2346,-1.2822,-0.1689,8.612,9.897
lef1,relaxed,031,63.3902,63.6047,13.8127,8.828,9.3162,12.8249,4.1639,-0.7718,-0.2362,8.503,9.0509
lef1,relaxed,032,48.7013,47.1119,44.9614,9.0824,11.3554,19.7406,10.9661,-1.1057,-0.2792,8.9588,10.53
lef1,relaxed,033,147.3443,49.2483,73.6799,3.61,12.74,10.7371,-11.5182,0.5213,0.2588,2.65,12.88
lef1,relaxed,034,71.0661,64.8327,14.7415,8.2532,11.0279,15.6257,0.8233,-1.3242,0.0203,8.04,10.99
lef1,relaxed,035,60.7494,55.4711,14.6997,8.7525,9.6397,15.0465,-0.8042,-0.912,0.1334,8.423,9.8782
lef1,relaxed,036,67.7437,61.7006,15.448,8.1027,10.1606,14.8799,-1.6065,-0.9181,0.178,8.8633,9.524
lef1,relaxed,037,68.9277,65.2782,12.9669,8.8761,10.9974,12.61,-3.4046,-0.9794,0.0433,9.17,9.878
lef1,relaxed,038,68.0135,69.9283,21.8324,8.4057,12.0885,3.7447,6.7236,-0.1737,-0.9357,9.14,11.948
lef1,relaxed,039,74.3262,74.6942,14.4956,8.3317,8.6152,9.7875,5.0915,-1.151,0.4182,8.8122,9.4036
lef1,relaxed,040,46.6129,33.2156,28.9248,8.5458,12.3393,17.0645,-6.9042,-0.9099,0.8323,9.318,12.411
lef1,relaxed,041,72.7576,70.623,12.8966,8.8773,9.3788,16.2302,1.0404,-0.9509,-0.0158,8.576,9.499
lef1,relaxed,042,61.0322,53.9829,35.212,10.3624,14.2914,19.9315,1.7335,-1.0526,-0.0364,10.2964,12.4264
lef1,relaxed,043,70.1364,67.7809,11.9116,8.2973,10.7497,12.7479,-0.7082,-1.1781,-0.2267,8.252,9.8264
lef1,relaxed,044,95.4804,89.0168,74.502,,,-2.7418,-6.6473,-1.4583,0.2983,,
lef1,relaxed,045,49.0883,41.3407,25.0235,10.9029,10.8871,5.1967,10.0774,-0.6824,-0.839,10.1111,9.1886
lef1,relaxed,046,73.1751,67.5421,13.8054,9.7919,8.91,17.3577,1.3343,-0.8791,0.8151,9.643,8.7382
lef1,relaxed,047,50.4138,53.7996,45.309,10.9071,11.9502,9.529,-12.1507,-0.3984,-0.2313,8.3254,11.4656
lef1,relaxed,048,65.7894,62.9524,13.5402,9.4648,8.6516,15.0042,3.4687,-0.4723,-0.4032,9.175,8.03
lef1,relaxed,049,62.4857,55.9737,12.3005,7.8697,10.1163,14.7401,-0.542,-1.0588,-0.2059,7.913,9.7973
lef1,relaxed,050,24.0408,30.5706,33.6297,11.2757,13.691,9.1074,8.1242,-1.2902,-0.6315,13.342,11.2057
lef1,relaxed,051,79.1934,82.3228,13.6108,8.6914,8.873,13.355,3.6777,-0.976,0.7539,9.0611,11.09
lef1,relaxed,052,51.9914,49.9633,15.4608,10.7057,11.6062,17.6159,7.5359,-1.5181,-0.2915,11.2111,11.8027
lef1,relaxed,053,77.6043,71.2285,52.0883,10.8951,15.3453,24.601,5.8219,-0.7745,0.3546,10.5679,13.0233
lef1,relaxed,054,82.8571,87.8965,16.2067,9.4134,10.0654,15.301,-2.247,-0.8323,0.3611,9.38,10.5218
lef1,relaxed,055,56.0407,53.4494,24.7501,9.4247,10.6302,18.9762,-1.2592,-1.0857,-0.2243,9.47,10.1133
lef1,relaxed,056,72.26,73.7792,12.9322,8.2134,10.4733,13.1467,-0.9922,-1.2768,-0.0744,8.3467,9.7345
lef1,relaxed,057,68.4488,59.6128,15.7844,8.7612,10.2729,17.2276,0.4515,-1.0326,0.062,9.2333,9.75
lef1,relaxed,058,66.5457,66.9622,18.1056,9.007,10.5311,15.3122,2.6143,-1.3401,-0.0828,9.178,10.114
lef1,relaxed,059,77.6761,73.5367,16.2365,8.6798,10.8103,18.5002,1.444,-1.3374,0.5078,8.27,9.936
lef1,relaxed,060,68.1881,65.9289,12.9168,8.5507,10.7326,16.8678,1.0851,-1.0849,0.346,8.128,10.563
lef1,relaxed,061,75.1851,67.6848,20.4191,9.0478,10.6355,20.4208,1.9129,-1.1931,0.6417,9.2671,10.4812
lef1,relaxed,062,73.9906,83.5386,56.8767,10.499,13.0615,7.0893,-18.0446,-0.9674,-0.4891,11.6828,13.8245
lef1,relaxed,063,67.6213,62.8488,11.2446,8.3216,10.1362,14.1433,-1.0538,-0.9169,0.1578,7.772,9.8882
lef1,relaxed,064,32.8488,34.8169,18.7098,10.2302,11.3027,8.1812,19.2568,0.7165,-1.1147,7.824,11.4989
lef1,relaxed,065,133.7622,121.5861,66.5068,10.9692,15.2096,18.4174,-0.261,-1.8497,-0.1584,10.8662,10.906
lef1,relaxed,066,60.6678,63.2659,58.6026,8.6545,13.948,-9.6942,4.5147,0.0726,0.7715,8.7944,14.8067
lef1,relaxed,067,68.3677,69.5598,11.8859,7.8103,9.8836,14.7579,-0.0888,-1.0425,-0.119,7.749,9.6745
lef1,relaxed,068,71.7259,68.4155,11.6551,8.5231,9.6031,13.6863,-0.6335,-1.1262,-0.293,8.488,9.2273
lef1,relaxed,069,67.3881,64.1858,12.0918,8.4118,9.9856,13.8634,0.9705,-1.1222,-0.3601,8.25,9.5764
lef1,relaxed,070,86.4402,80.9046,14.4844,7.9747,11.317,17.3505,-4.3033,-1.201,0.9574,7.909,10.5245
lef1,relaxed,071,70.3985,63.1026,14.9906,9.2129,11.6044,20.1435,1.489,-1.4577,-0.1309,9.336,9.4337
lef1,relaxed,072,27.7786,37.9273,53.17,12.3084,10.7215,13.3561,22.4548,-1.5581,0.0021,12.4139,8.867
lef1,relaxed,073,71.3957,72.3048,15.0175,8.2055,10.8044,15.8872,2.1254,-0.6029,-0.0384,7.984,10.444
lef1,relaxed,074,70.0141,71.1153,13.8537,9.2353,9.8991,16.9905,0.3736,-0.9606,0.119,9.118,9.1136
lef1,relaxed,075,67.6375,66.4082,12.0948,7.9324,10.6332,15.0091,-0.6384,-0.9417,0.5206,7.774,10.1673
lef1,relaxed,077,52.9462,49.6908,57.3886,11.6953,11.0447,17.2846,-6.5642,-1.1032,-0.4444,12.7253,15.5325
lef1,relaxed,078,135.9979,55.0892,58.7981,8.5644,13.6859,15.2012,-1.1665,-0.2703,0.3682,8.1515,13.6827
lef1,relaxed,079,50.9505,53.2337,11.847,8.5458,11.0839,18.4793,-13.5438,-1.232,-0.0191,8.4389,10.7189
lef1,relaxed,080,69.1941,68.8272,11.4698,8.5017,9.8964,13.7131,-0.473,-1.2041,-0.2029,8.419,9.6064
lef1,relaxed,081,68.0878,66.8473,17.8075,7.7727,10.7357,10.8708,0.8316,-1.0424,0.2435,7.2367,9.293
lef1,relaxed,082,91.7134,82.5712,23.6932,9.645,9.7573,17.6593,-0.6574,-1.1732,-0.5765,9.691,8.8318
lef1,relaxed,083,64.0071,65.3757,38.1023,10.6724,11.5056,13.0767,11.3807,-0.5779,0.6965,9.2136,10.1692
lef1,relaxed,085,68.8764,65.7117,12.1076,8.3767,9.9926,14.8977,0.5225,-1.2353,-0.144,8.183,10.0391
lef1,relaxed,086,71.3332,64.7069,13.9947,8.8948,9.2374,18.5417,0.2514,-1.6665,0.0775,8.491,9.6718
lef1,relaxed,087,127.3281,147.3084,55.2169,9.8048,12.0741,20.6381,-6.0925,-0.7317,0.6822,10.1717,10.2487
lef1,relaxed,088,85.8886,82.1079,27.7267,9.1946,9.41,18.7608,-0.4803,-1.7278,-0.1021,9.134,9.775
lef1,relaxed,089,75.891,75.5055,13.7101,9.0435,10.3133,17.9562,-0.7358,-1.6907,0.1703,9.409,10.296
tbp,crystal,crystal,79.6608,72.1919,13.0499,11.5095,12.4091,39.8356,-1.7308,-2.3538,0.6385,11.6644,9.97
tbp,frozen,001,84.4965,73.8217,15.5205,11.813,15.4325,39.457,0.1035,-2.6452,-0.047,11.8544,15.38
tbp,frozen,002,81.5494,68.0148,14.2655,11.8973,15.28,38.9676,0.8771,-2.9183,-0.1326,11.8844,
tbp,frozen,003,84.3426,71.9959,15.0583,11.8819,14.7311,37.6602,1.4727,-2.6424,0.0854,11.8044,
tbp,frozen,004,62.1868,49.6817,7.2836,11.7616,12.56,39.6301,0.4576,-2.6741,-0.0907,11.8413,
tbp,frozen,005,75.1055,61.2101,12.9461,12.0286,13.3429,41.2688,0.2225,-2.6381,0.2339,12.1111,5.36
tbp,frozen,006,67.3407,51.581,7.6533,11.9979,15.1075,36.7428,0.8105,-2.6334,0.1319,11.9122,
tbp,frozen,007,77.4076,65.8899,12.7902,11.6779,11.9082,38.7603,1.0603,-2.5025,-0.3146,11.68,
tbp,frozen,008,64.0263,52.037,7.4261,11.8691,14.38,40.1712,1.0464,-2.7106,-0.1744,11.8887,
tbp,frozen,009,71.8278,56.0842,9.2649,11.9188,12.198,38.0999,1.1876,-2.4307,-0.1547,11.8856,
tbp,frozen,010,77.0666,63.7112,12.5341,11.8418,14.16,38.3555,0.9392,-2.6365,-0.0275,11.7867,
tbp,frozen,011,73.6806,58.0214,9.9638,11.9055,12.2363,36.9853,0.8301,-2.6971,0.0525,11.97,36.47
tbp,frozen,012,67.4929,54.4176,8.7301,11.8363,14.74,38.6021,0.9858,-2.4645,-0.0304,11.7811,14.26
tbp,frozen,013,77.1196,64.7457,11.9147,11.8226,13.429,36.5705,3.3025,-2.0166,-0.531,11.8511,17.0867
tbp,frozen,014,71.4584,57.0749,9.4256,11.7844,10.9362,38.0927,0.465,-2.7171,-0.2129,11.7737,15.238
tbp,frozen,015,85.4247,71.2718,15.0039,12.2386,13.6333,39.0174,1.7458,-2.7017,-0.0091,12.24,14.49
tbp,frozen,016,64.0296,50.3978,7.3433,11.8517,14.36,40.2659,0.8983,-2.7653,0.2224,11.7956,
tbp,frozen,017,81.5715,65.7413,13.7688,11.9672,13.86,37.9166,1.8848,-2.5183,-0.0136,12.0133,35.34
tbp,frozen,018,84.1939,72.4716,16.351,11.7192,11.6138,38.0484,0.4108,-2.114,0.422,11.7911,10.55
tbp,frozen,019,86.3574,75.7946,17.0461,12.0772,13.405,39.618,-2.4802,-2.3511,0.3483,12.0889,9.8
tbp,frozen,020,78.8987,65.5686,13.1139,11.8126,9.67,36.2862,-0.0735,-2.2104,-0.1708,11.7911,15.2
tbp,frozen,021,60.7955,43.8126,5.5344,11.9984,,37.8456,0.8684,-2.5607,0.2952,11.9056,
tbp,frozen,022,64.5593,54.0093,7.8552,11.9435,11.5233,38.9301,-1.0144,-2.7124,0.0654,11.8256,5.37
tbp,frozen,024,64.5183,52.6322,8.3893,11.8521,,39.6946,0.4508,-2.6447,0.0148,11.7722,
tbp,frozen,025,85.8432,70.7905,15.1493,11.7854,12.5943,36.343,1.5526,-2.5203,-0.151,11.8033,13.8
tbp,frozen,026,67.2143,52.3532,7.4111,11.9355,15.72,37.6488,0.1876,-2.4672,0.0416,12.0075,
tbp,frozen,028,65.9835,49.1943,6.9519,11.8823,,38.2893,1.2331,-2.6745,-0.0593,11.8678,14.22
tbp,frozen,029,89.6465,74.2211,17.2963,11.7782,13.67,37.5135,0.5056,-2.4721,0.0201,11.8622,
tbp,frozen,030,68.3148,52.7057,7.6783,11.9052,12.611,37.4845,0.336,-2.5926,0.1765,11.97,
tbp,frozen,031,67.7785,51.5151,8.2942,11.9137,,37.7947,-0.2212,-2.4539,-0.0077,11.8067,
tbp,frozen,032,76.5529,63.8462,12.3943,11.9132,13.2253,37.4379,2.0333,-2.2699,-0.122,11.9044,14.46
tbp,frozen,033,78.5275,61.4794,11.0067,11.8388,17.2522,36.81,1.8503,-2.4491,0.0427,11.8933,
tbp,frozen,034,74.1485,60.1409,11.3953,12.02,10.9717,38.1576,0.7487,-2.6252,0.0271,12.0833,
tbp,frozen,035,59.4353,45.0704,5.6275,11.905,,38.6069,1.3679,-2.6584,0.1488,11.9537,16.26
tbp,frozen,036,82.6374,69.5303,15.5722,11.9392,20.5856,38.0848,0.4903,-2.6127,0.0093,11.9844,
tbp,frozen,037,72.3221,56.7286,9.6191,11.8744,14.342,38.0254,1.2522,-2.746,-0.077,11.9,
tbp,frozen,038,76.335,60.8148,10.5118,11.8509,12.7,37.1316,3.153,-2.5265,-0.2281,11.9022,
tbp,frozen,039,76.725,62.9284,12.5894,11.9368,11.3411,38.3087,2.901,-2.752,-0.4579,11.92,
tbp,frozen,040,73.7676,58.8846,10.9901,12.0342,11.9883,39.0989,0.3788,-2.3992,0.0871,12.02,16.426
tbp,frozen,041,85.7384,70.6549,15.5259,11.8053,13.4844,36.4125,-1.1623,-2.4666,0.2594,11.8467,
tbp,frozen,042,72.2065,54.5461,12.3674,12.4657,20.43,35.3192,0.3021,-1.5508,0.554,12.4556,15.7
tbp,frozen,043,65.2599,51.171,7.4702,11.8635,14.43,38.6447,0.3679,-2.6468,0.0401,11.9062,
tbp,frozen,044,85.745,76.8042,17.3998,11.7443,14.4417,39.54,1.7766,-2.6247,-0.0284,11.88,
tbp,frozen,045,68.5826,52.4594,7.7014,11.9247,14.81,36.9575,0.7959,-2.4436,-0.0535,11.8711,
tbp,frozen,046,79.5954,63.8914,12.1338,11.8755,12.3927,37.6215,1.927,-2.5896,-0.0333,11.8422,
tbp,frozen,047,70.0187,54.7328,8.8546,11.8848,14.65,38.2806,0.739,-2.5506,-0.1294,11.8567,14.56
tbp,frozen,048,82.9129,69.0768,14.0995,11.8231,11.31,38.0605,1.4458,-2.5702,-0.2571,11.81,14.28
tbp,frozen,049,55.0526,44.3691,8.4209,12.1169,36.05,42.6316,5.1648,-3.0854,-0.7322,12.3012,
tbp,frozen,050,57.8297,39.491,9.9067,11.9362,13.5587,41.0356,2.6007,-2.4616,-0.6415,11.9467,
tbp,frozen,051,79.4638,65.064,12.9918,11.8254,13.6987,38.053,1.343,-2.7144,-0.1863,11.975,14.64
tbp,frozen,052,78.122,65.2321,12.4782,11.8214,15.0725,39.4978,2.7421,-2.4198,0.0587,11.9089,
tbp,frozen,053,67.8101,49.7021,7.4513,11.8775,13.73,37.242,1.4151,-2.7447,-0.1708,11.9189,
tbp,frozen,054,66.5464,52.2183,7.8963,12.0163,13.95,38.1397,1.8504,-2.646,-0.1336,11.9211,
tbp,frozen,055,69.7578,57.7636,9.7629,11.9142,14.26,38.8819,-0.3901,-2.3454,-0.0095,11.9011,
tbp,frozen,056,77.861,62.1211,11.7133,11.9497,14.3386,37.7652,0.3307,-2.6482,-0.0705,11.9267,
tbp,frozen,057,82.9232,72.5731,15.6645,11.8986,13.8895,38.2519,3.1246,-2.8225,-0.4309,11.89,
tbp,frozen,058,73.2893,57.1307,9.3658,11.8425,,37.2578,1.3414,-2.6409,-0.0122,11.8189,
tbp,frozen,059,81.7164,67.3844,13.5481,11.8879,14.1723,38.3672,1.8101,-2.6522,0.0712,11.8656,36.36
tbp,frozen,060,83.6534,69.5315,14.6271,11.7705,13.2415,38.1307,1.3648,-2.713,-0.1247,11.81,15.26
tbp,frozen,061,68.9483,52.9791,8.6166,12.0503,12.4563,37.4784,2.1627,-2.7448,-0.2395,12.0537,
tbp,frozen,062,75.7561,58.0893,9.5191,11.856,19.59,37.8756,1.5955,-2.625,0.0709,11.9644,15.84
tbp,frozen,063,67.921,54.9142,8.8408,11.9369,13.855,39.6632,0.1846,-2.4953,0.4372,11.9578,14.03
tbp,frozen,064,72.9408,60.2432,10.6859,11.8212,9.785,38.0929,1.019,-2.4996,-0.2882,11.7844,14.61
tbp,frozen,065,62.7843,46.0313,5.782,11.9883,,37.4441,1.7769,-2.7645,-0.0845,11.995,
tbp,frozen,066,76.5137,60.6997,10.4576,11.8961,12.153,37.343,1.3346,-2.6115,-0.0489,12.0113,5.27
tbp,frozen,067,96.6917,81.1285,20.3557,12.061,14.0811,39.1046,2.4863,-2.618,0.3303,12.1189,36.95
tbp,frozen,068,68.2939,53.426,7.8563,12.0013,13.11,38.7516,0.9821,-2.79,-0.1809,11.94,
tbp,frozen,069,76.9654,65.5517,12.1222,11.7959,12.98,38.803,1.62,-2.7733,-0.006,11.7644,
tbp,frozen,070,71.1767,58.57,9.9932,11.8058,16.48,38.3077,0.6888,-2.4399,0.0906,11.8133,
tbp,frozen,071,78.2293,61.3967,11.8895,11.8963,18.4225,37.3186,0.9815,-2.6718,0.1227,11.9556,36.41
tbp,frozen,072,71.1167,53.6686,9.1666,11.9452,11.8733,34.765,1.2344,-1.9946,-0.0063,11.9356,10.2125
tbp,frozen,073,70.4495,53.4958,8.4055,11.9397,35.21,38.6949,1.8237,-2.8079,-0.1009,11.8844,36.31
tbp,frozen,074,67.9062,52.2213,8.0487,11.9642,15.3,38.1821,1.5029,-2.9288,-0.1403,12.03,
tbp,frozen,075,76.1216,60.4051,11.3491,11.9359,,38.2001,2.4938,-2.6115,-0.3073,11.9256,
tbp,frozen,076,87.8905,73.9965,16.729,11.8038,16.17,38.293,1.9553,-2.8191,-0.15,11.9011,
tbp,frozen,077,63.7965,52.8908,7.8025,11.9003,14.37,39.8434,-0.4889,-2.7464,-0.0702,11.7933,15.16
tbp,frozen,078,85.6824,70.0364,14.9793,12.0695,21.2245,37.8064,1.296,-2.5862,0.3511,12.0644,5.09
tbp,frozen,079,76.4709,59.9254,10.443,11.8612,12.5714,38.2071,0.8775,-2.6987,0.1129,12.0225,
tbp,frozen,080,62.3052,43.7846,5.7162,11.8603,,37.311,0.9346,-2.3411,0.0658,11.7711,
tbp,frozen,081,83.9341,69.1745,15.3664,11.9119,16.788,38.389,2.6568,-2.5867,-0.1199,11.9422,
tbp,frozen,082,66.4877,50.8649,7.2816,11.8535,14.215,37.6357,0.3796,-2.3983,0.2644,11.8144,
tbp,frozen,083,82.9843,68.8073,14.9418,11.8966,12.5715,37.8073,1.6021,-2.4667,0.0108,11.9867,14.72
tbp,frozen,084,65.1468,50.9219,7.5565,11.9087,16.56,38.0412,1.8374,-2.6442,0.0911,11.9512,
tbp,frozen,086,61.7871,43.1931,5.5021,11.9059,11.685,37.667,2.1342,-2.3698,0.0661,11.8233,
tbp,frozen,087,66.4014,50.479,7.1945,11.9331,14.55,37.7342,1.1465,-2.6594,0.0712,11.9378,
tbp,frozen,088,78.7797,65.7138,12.1489,11.805,12.418,39.0374,1.777,-2.7449,-0.1359,11.7911,
tbp,frozen,089,78.9774,66.233,12.9833,11.8261,17.4945,38.3124,0.6795,-2.5849,0.0034,11.9,
tbp,frozen,090,77.1688,63.438,12.2662,11.7398,14.19,40.1107,3.9877,-2.4126,-0.1926,11.773,
tbp,frozen,091,90.2043,78.8808,19.347,11.9715,16.3739,37.5391,5.1778,-1.9886,-0.9178,11.9589,13.305
tbp,frozen,092,65.13,50.0507,8.0454,11.8045,,39.916,0.826,-2.8465,0.101,11.81,
tbp,frozen,093,75.4713,61.7007,10.5677,11.8588,10.6042,38.6363,0.256,-2.6899,0.1573,11.9238,5.38
tbp,frozen,094,79.9125,64.1581,11.9916,11.8015,14.27,35.9664,0.575,-2.293,0.0784,11.8533,
tbp,frozen,095,74.0867,56.5061,9.84,11.9534,11.2983,36.7624,1.7177,-2.4702,-0.1777,11.9444,
tbp,frozen,096,76.7621,64.1271,12.6592,11.8497,20.9333,39.8297,1.3087,-2.6664,0.2847,11.9322,15.13
tbp,frozen,097,70.1362,53.4246,8.9828,11.859,,37.5533,2.473,-2.5291,-0.1408,11.9337,
tbp,relaxed,001,75.907,65.2773,12.0535,11.6486,18.3075,38.0748,3.3809,-2.5277,-0.2026,11.77,23.2925
tbp,relaxed,002,86.7106,73.5297,16.2054,11.9215,15.3908,38.63,1.003,-3.1046,-0.1837,11.9122,
tbp,relaxed,003,72.0705,61.9423,11.2698,11.5603,,35.4385,3.8202,-2.0191,-0.2992,11.6411,14.8967
tbp,relaxed,004,71.2577,56.0609,9.5832,11.6794,13.3,38.0344,-1.5592,-2.6388,0.7811,11.8588,5.81
tbp,relaxed,005,81.0767,66.597,15.4866,12.1363,17.185,42.6193,3.0416,-2.707,0.5561,12.1067,15.384
tbp,relaxed,006,63.8521,45.813,7.1486,11.792,12.338,36.9798,3.2107,-2.4675,-0.1346,11.7375,11.0267
tbp,relaxed,007,71.9639,57.968,9.6044,11.7218,14.0175,37.6251,1.4064,-2.5656,-0.2235,11.7788,13.93
tbp,relaxed,008,62.8093,53.9606,7.6908,11.5966,5.63,38.2266,3.2045,-2.7562,-0.2216,11.5137,
tbp,relaxed,009,71.7988,55.5563,9.8554,12.0109,,37.8314,3.2287,-2.657,-0.3777,11.9844,
tbp,relaxed,010,74.482,63.0179,10.8021,11.7433,14.7514,37.18,-0.8963,-2.543,0.3861,11.7888,
tbp,relaxed,011,68.9137,55.475,9.7967,11.8032,19.01,37.612,2.0934,-2.7651,-0.0009,11.9062,15.818
tbp,relaxed,012,73.792,61.2199,11.0516,11.8442,20.575,37.9133,0.3879,-2.5961,-0.0362,11.905,36.29
tbp,relaxed,013,67.0472,56.2829,8.7518,11.7434,21.9067,38.0651,1.9873,-2.719,0.0413,11.6889,36.89
tbp,relaxed,014,69.8592,53.8051,8.9302,11.7891,11.3867,36.388,0.9924,-2.5588,-0.2585,11.775,
tbp,relaxed,015,76.2779,66.6325,13.7529,12.7982,17.9736,40.0666,3.5351,-2.6915,-0.272,12.3722,6.25
tbp,relaxed,016,67.5689,58.0542,9.1813,11.6503,13.731,40.8085,0.8647,-2.4802,0.1619,11.6889,
tbp,relaxed,017,70.7909,54.9894,9.2635,11.9577,12.1625,37.7156,1.589,-2.4637,0.0116,12.0233,36.13
tbp,relaxed,018,66.8629,57.8352,8.6357,11.6633,5.52,38.7665,0.1234,-2.5929,-0.0762,11.655,15.01
tbp,relaxed,019,80.2348,72.6431,15.6643,12.0203,13.7362,40.236,-1.416,-2.8258,0.3337,12.02,8.1833
tbp,relaxed,020,60.7791,46.1258,7.0334,11.8441,,38.4143,0.8773,-2.377,0.1924,11.7725,
tbp,relaxed,021,76.602,60.4066,11.1298,11.9144,14.67,37.5087,1.2507,-2.8738,0.1699,11.9688,
tbp,relaxed,022,72.2611,64.4896,11.6249,11.885,13.1357,37.3143,1.5335,-2.5239,-0.1368,11.915,12.12
tbp,relaxed,023,70.0088,56.1707,9.6364,12.0448,13.52,37.71,2.7107,-2.6732,-0.1282,11.9789,36.55
tbp,relaxed,024,72.4814,58.5611,9.6802,11.6497,14.24,37.9197,2.1451,-2.6017,-0.1323,11.7662,
tbp,relaxed,025,72.3528,59.7937,10.8403,11.7642,13.779,36.9429,3.5891,-2.3193,-0.2645,11.8244,
tbp,relaxed,026,70.7936,56.4535,9.2926,11.9853,12.7782,37.0397,0.7394,-2.5008,-0.0451,12.0288,14.62
tbp,relaxed,027,75.6283,66.6383,17.3478,12.0306,13.795,36.3889,-0.7175,-1.7142,-0.1292,12.1578,13.5267
tbp,relaxed,028,70.4178,56.3931,9.609,11.8969,15.27,38.4069,1.6282,-2.6791,-0.0042,11.9033,36.71
tbp,relaxed,029,90.916,78.4407,19.1949,11.7837,15.3375,37.9271,0.2842,-2.6221,0.0434,11.9,
tbp,relaxed,030,72.6468,57.2134,10.0515,11.9403,14.009,37.4074,1.2612,-2.8738,0.0694,12.0512,16.13
tbp,relaxed,031,68.16,53.5757,8.667,11.7713,14.0567,37.7506,2.2237,-2.3017,-0.3445,11.875,
tbp,relaxed,033,81.9057,68.8402,14.5647,11.8718,18.65,36.8928,3.002,-2.3663,-0.1136,11.9467,10.155
tbp,relaxed,034,79.527,68.5658,16.3781,12.1269,12.4129,35.2454,0.3819,-1.7897,-0.1035,13.8589,11.2225
tbp,relaxed,035,87.887,74.8338,16.4532,11.7068,14.4276,37.7522,1.1444,-2.5833,-0.1043,11.7589,5.64
tbp,relaxed,036,69.4006,58.9569,10.9541,11.6897,25.025,39.1599,0.3648,-2.6346,0.0406,11.8067,14.72
tbp,relaxed,037,68.6824,57.6612,9.9915,11.8079,17.12,37.7995,2.0395,-2.8558,-0.1098,11.7911,
tbp,relaxed,038,70.6146,55.785,9.1061,11.9709,14.85,36.5744,3.3502,-2.6053,-0.1707,11.9867,
tbp,relaxed,039,77.411,66.04,15.5326,12.0566,18.7525,38.4139,2.9961,-3.169,-0.6622,12.0778,36.15
tbp,relaxed,040,68.7735,55.242,9.0321,12.0,13.72,39.4497,0.7154,-2.8782,0.0083,11.9722,
tbp,relaxed,041,74.4953,65.86,14.1267,11.9543,13.8183,39.4235,-0.4159,-2.7673,0.0464,12.0089,14.53
tbp,relaxed,042,88.6939,80.5922,23.344,12.9865,11.6786,34.6072,6.9605,-2.2926,-0.1093,12.1667,14.888
tbp,relaxed,043,66.9715,57.6951,8.7908,11.6678,15.47,38.1455,0.9167,-2.7336,0.0012,11.7112,14.63
tbp,relaxed,044,69.7098,59.7321,9.9979,11.8303,14.9411,38.0626,0.1213,-2.4868,-0.025,11.8078,14.39
tbp,relaxed,045,69.5154,55.4348,8.222,11.9991,,35.9467,1.8441,-2.56,-0.2111,12.025,14.46
tbp,relaxed,046,75.1256,62.8184,11.7272,11.8315,12.6544,38.1884,1.3372,-2.6477,-0.0108,11.8222,14.04
tbp,relaxed,047,77.2593,64.3927,12.0872,11.9006,14.42,39.2424,1.1193,-2.9701,-0.332,11.9178,14.3
tbp,relaxed,048,74.6073,62.0724,11.5336,11.7912,13.8473,37.4173,2.4457,-2.66,-0.2516,11.7478,
tbp,relaxed,049,49.2206,70.6764,21.9332,12.0273,9.322,44.0512,1.3341,-3.1765,0.3864,12.0589,11.0267
tbp,relaxed,050,51.5507,47.0607,29.8653,12.4428,14.7129,41.6501,5.164,-3.1592,-2.1136,12.635,12.92
tbp,relaxed,051,74.0236,63.5058,12.3451,11.7697,13.77,37.7348,1.8356,-2.4107,-0.0565,11.8189,13.3075
tbp,relaxed,052,88.9697,75.9998,17.3972,11.7992,20.79,38.3971,2.9665,-2.7032,0.029,11.7267,
tbp,relaxed,053,67.2394,51.7109,8.4739,11.954,19.2225,38.35,1.3439,-2.937,-0.243,12.0178,15.7
tbp,relaxed,054,65.7144,56.1088,8.7824,11.9322,10.01,39.1858,1.9113,-2.7439,-0.3162,11.8711,13.91
tbp,relaxed,055,80.6212,70.0662,14.6249,11.8263,11.79,37.7796,0.5164,-2.1054,-0.2739,11.8667,10.6333
tbp,relaxed,056,71.1668,62.6272,13.1472,12.0141,12.81,38.8691,0.7562,-2.5741,-0.1174,11.9578,
tbp,relaxed,057,76.4926,66.694,15.3064,11.8875,13.8789,38.9042,3.0085,-3.0132,-0.6196,11.9744,
tbp,relaxed,058,79.2549,66.3462,13.3524,11.8391,15.03,38.1261,2.4185,-2.924,-0.0926,11.7867,
tbp,relaxed,059,66.9051,56.6955,9.0513,11.9162,13.57,39.2698,1.8381,-2.751,0.0471,11.8633,15.942
tbp,relaxed,060,71.7033,61.2345,10.9866,11.6858,14.83,38.3695,2.9701,-2.4716,-0.1818,11.7089,
tbp,relaxed,061,70.1982,57.8725,10.5948,12.1155,15.88,39.1505,1.6454,-3.0043,-0.1455,12.1713,
tbp,relaxed,062,71.2405,58.6482,10.3641,11.9746,16.488,39.4317,1.9146,-2.9238,0.0494,12.0478,17.19
tbp,relaxed,063,81.8773,69.6469,14.66,11.9559,14.9186,35.3118,1.474,-1.9355,-0.1451,12.1211,14.37
tbp,relaxed,064,66.6399,56.0665,9.0314,11.7897,5.64,36.883,1.9525,-2.2947,-0.4162,11.8056,36.58
tbp,relaxed,065,69.7616,61.9983,11.1766,11.6822,,36.9471,2.3955,-2.7183,-0.094,11.7212,11.8367
tbp,relaxed,066,77.5232,65.892,12.3852,11.7403,12.268,34.9619,1.3453,-1.8737,-0.204,11.7367,11.8729
tbp,relaxed,067,76.4798,61.9139,13.4475,11.8614,17.54,39.8419,0.4077,-2.4529,0.203,11.8744,4.76
tbp,relaxed,068,67.3752,51.639,7.7646,11.9837,,37.6693,0.7954,-2.8713,0.0574,11.9712,
tbp,relaxed,069,68.7231,59.7567,9.8641,11.607,17.135,39.0451,0.907,-2.8148,0.0858,11.57,18.042
tbp,relaxed,070,76.0956,62.6099,11.5192,11.8621,16.4457,38.6765,0.9606,-2.7582,0.024,11.9122,14.07
tbp,relaxed,071,68.773,52.1691,8.6325,12.1897,11.4557,38.0052,0.852,-2.8116,0.0273,12.24,36.6
tbp,relaxed,072,70.7781,63.3966,10.3437,11.7803,14.714,39.6883,1.0582,-2.8348,-0.1464,11.8011,13.66
tbp,relaxed,073,65.6017,49.5101,7.1866,11.6897,15.76,38.2061,2.2105,-2.5134,0.044,11.6456,36.43
tbp,relaxed,074,69.7605,59.2204,9.1678,11.8182,,36.9571,0.6627,-2.6374,0.118,11.83,13.28
tbp,relaxed,075,64.925,51.2792,8.0755,11.8115,11.4075,38.1153,1.9585,-2.5621,-0.5173,11.8544,36.97
tbp,relaxed,076,66.8269,55.5654,9.2252,11.8858,14.02,39.2319,2.3198,-2.8599,-0.065,11.8789,
tbp,relaxed,077,84.1948,77.5509,15.5196,11.5882,12.5967,39.7776,-1.6685,-2.3529,0.6407,11.7178,8.4475
tbp,relaxed,078,79.9344,65.4235,13.484,12.063,13.715,38.4206,1.3092,-2.53,0.375,12.1489,20.25
tbp,relaxed,079,74.9604,60.5923,10.3447,11.8982,19.405,38.6762,1.502,-2.697,0.2514,12.0237,
tbp,relaxed,080,81.3235,67.9394,14.0081,11.7647,23.818,36.8662,2.0367,-2.7579,-0.2341,11.8425,
tbp,relaxed,081,73.0624,60.3759,11.4687,11.8554,15.63,38.0918,2.6629,-2.4874,-0.1259,11.9522,
tbp,relaxed,082,77.4538,68.2829,13.3275,11.6864,11.895,36.118,0.7003,-2.2739,0.0869,11.6133,11.905
tbp,relaxed,083,81.1868,66.4061,13.458,12.013,16.1913,37.9021,1.762,-2.5181,-0.0121,12.1767,15.13
tbp,relaxed,084,74.0857,58.5795,10.265,12.043,15.9414,37.4151,1.9081,-2.4834,-0.0799,12.08,18.204
tbp,relaxed,085,64.307,46.6303,6.3413,12.0152,19.7475,36.4857,0.4145,-2.6188,0.0846,11.8733,
tbp,relaxed,086,61.6588,51.5475,7.5111,11.8688,10.285,38.5245,-0.2059,-2.5181,0.0378,11.86,15.09
tbp,relaxed,087,67.5831,53.5163,8.6022,11.9379,12.8993,37.2839,0.9207,-2.7627,0.0605,12.1137,14.48
tbp,relaxed,088,82.5197,71.6968,14.566,11.8486,13.7995,38.6372,0.3636,-2.5095,-0.2812,11.7933,
tbp,relaxed,089,89.7484,75.6285,16.9889,12.0151,13.7923,38.5465,1.2148,-2.9021,-0.0087,12.0389,
tbp,relaxed,090,71.4987,59.2936,11.423,11.8953,12.0045,40.7818,3.8209,-2.5901,-0.395,11.794,11.0383
tbp,relaxed,091,80.771,66.5824,13.4098,12.2094,13.2945,38.7688,1.6531,-2.7016,0.0623,12.27,15.03
tbp,relaxed,092,76.166,63.058,12.7685,11.6571,11.9127,37.2358,4.1247,-2.1998,-0.5177,11.7233,14.17
tbp,relaxed,093,76.9282,65.7733,11.7956,11.7516,12.67,38.1121,1.0654,-2.7451,0.2202,11.875,10.3675
tbp,relaxed,094,72.9905,56.2744,9.9893,11.7556,14.8067,37.8675,1.0236,-2.3184,-0.0048,11.72,
tbp,relaxed,095,83.6843,69.1578,14.0791,12.0862,18.504,37.1312,1.096,-2.5553,-0.1943,12.0878,12.73
tbp,relaxed,096,79.4907,65.3416,14.5016,11.7292,15.4177,39.9383,0.19,-2.7232,0.2043,11.74,14.98
tbp,relaxed,097,73.1024,59.039,9.6819,11.8133,20.89,38.022,0.742,-2.1003,0.1357,11.8663,21.2033
