Ensembl ID,HGNC symbol,DBD,Is TF?,TF assessment,Binding mode,Motif status,Final Notes,Final Comments,Interpro ID(s),EntrezGene ID,EntrezGene Description,PDB ID,TF tested by HT-SELEX?,TF tested by PBM?,Conditional Binding Requirements ,Original Comments,Vaquerizas 2009 classification,CisBP considers it a TF?,TFCat classification,Is a GO TF?,Initial assessment ,Curator 1,Curator 2,TFclass considers it a TF? ,Go Evidence,Pfam Domains (By ENSP ID),Is C2H2 ZF(KRAB)?
ENSG00000170345,FOS,bZIP,Yes,Known motif,Monomer or homomultimer,High-throughput in vitro,None,None,IPR000837;IPR004827,2353,"Fos proto-oncogene, AP-1 transcription factor subunit [Source:HGNC Symbol;Acc:HGNC:3796]",1A02,DBD and Full,Yes,None,"Structure has NFATC2, FOS and JUN bound to a site that has good match to NFATC but a bad one to a CRE-type bZIP site proteins are doing a massive protein-protein interaction interface;Prefers heterodimers with JUN, JUND and JUNB over homodimer, PMID:",a,Yes,TF Gene_DNA-Binding: sequence-specific_DNA Binding_PMIDS:8798512;11925568;15073183;2243767,Yes,"1a1, Direct HQ evidence",Matt Weirauch,Laura Campitelli,Yes,$#ENSG00000170345#GO:0000982#RNA polymerase II core promoter proximal region sequence-specific DNA binding transcription factor a#IBA - GO_REF:0000033$#ENSG00000170345#GO:0001077#RNA polymerase II core promoter proximal region sequence-specific DNA binding transcription factor a#IEA - GO_REF:0000019$#ENSG00000170345#GO:0003700#sequence-specific DNA binding transcription factor activity#IDA - PMID:9732876$#ENSG00000170345#GO:0051090#regulation of sequence-specific DNA binding transcription factor activity#TAS - Reactome:R-HSA-450341,"$#ENSP00000306245#ENSG00000170345#ENST00000303562#bZIP#$#ENSP00000442268#ENSG00000170345#ENST00000535987#bZIP#$#ENSP00000450519#ENSG00000170345#ENST00000554617#bZIP#$#ENSP00000452386#ENSG00000170345#ENST00000555242#bZIP#$#ENSP00000450886#ENSG00000170345#ENST00000555347#bZIP#$#ENSP00000452440#ENSG00000170345#ENST00000555672#bZIP#DUF3450, IFT20$#ENSP00000452590#ENSG00000170345#ENST00000555686#bZIP#",FALSE
ENSG00000101096,NFATC2,Rel,Yes,Known motif,Monomer or homomultimer,High-throughput in vitro,None,"PDB:1A02 has NFAT, Fos and Jun trimeric complex with non-consensus bZIP target site",IPR002909;IPR008366;IPR008967;IPR011539;IPR014756;,4773,nuclear factor of activated T-cells 2 [Source:HGNC Symbol;Acc:HGNC:7776],1A02,DBD,Yes,None,None,a,Yes,TF Gene_DNA-Binding: sequence-specific_DNA Binding_PMIDS:10692237;11786533;8313907;8397339;15684054;12453415;14688323,Yes,"1a1, Direct HQ evidence",Matt Weirauch,Yimeng Yin,Yes,$#ENSG00000101096#GO:0001077#RNA polymerase II core promoter proximal region sequence-specific DNA binding transcription factor a#IEA - GO_REF:0000019$#ENSG00000101096#GO:0001078#RNA polymerase II core promoter proximal region sequence-specific DNA binding transcription factor a#IEA - GO_REF:0000019$#ENSG00000101096#GO:0003700#sequence-specific DNA binding transcription factor activity#TAS - PMID:8668213,"$#ENSP00000360619#ENSG00000101096#ENST00000371564#RHD#RHD_dimer, TIG$#ENSP00000379330#ENSG00000101096#ENST00000396009#RHD#RHD_dimer, TIG$#ENSP00000396471#ENSG00000101096#ENST00000414705#RHD#RHD_dimer, TIG$#ENSP00000477342#ENSG00000101096#ENST00000609507#RHD#RHD_dimer, TIG$#ENSP00000477370#ENSG00000101096#ENST00000609943#RHD#RHD_dimer, TIG$#ENSP00000477142#ENSG00000101096#ENST00000610033#RHD#RHD_dimer, TIG",FALSE
ENSG00000120738,EGR1,C2H2 ZF,Yes,Known motif,Monomer or homomultimer,High-throughput in vitro,None,None,IPR007087;IPR015880;IPR021839;IPR021849,1958,early growth response 1 [Source:HGNC Symbol;Acc:HGNC:3238],1A1F,DBD and Full,Yes,None,None,a,Yes,TF Gene_DNA-Binding: sequence-specific_DNA Binding; Transactivation_PMIDS:8336701;9858508;10049687,Yes,"1a1, Direct HQ evidence",Jussi Taipale,Arttu Jolma,Yes,$#ENSG00000120738#GO:0001077#RNA polymerase II core promoter proximal region sequence-specific DNA binding transcription factor a#IEA - GO_REF:0000019$#ENSG00000120738#GO:0003700#sequence-specific DNA binding transcription factor activity#IDA - PMID:12560508,"$#ENSP00000239938#ENSG00000120738#ENST00000239938#C2H2 ZF Containing Proteins#Cornifin, DUF3432, DUF3446",FALSE
ENSG00000077150,NFKB2,Rel,Yes,Known motif,Monomer or homomultimer,High-throughput in vitro,None,None,IPR000451;IPR000488;IPR002110;IPR002909;IPR008967;IPR011029;IPR011539;IPR014756;IPR020683;IPR030492,4791,nuclear factor kappa B subunit 2 [Source:HGNC Symbol;Acc:HGNC:7795],1A3Q,DBD,not tested,None,None,a,Yes,TF Gene_DNA-Binding: sequence-specific_DNA Binding_PMIDS:8360178,Yes,"1a1, Direct HQ evidence",Jussi Taipale,Tim Hughes,Yes,"$#ENSG00000077150#GO:0001077#RNA polymerase II core promoter proximal region sequence-specific DNA binding transcription factor a#IDA - PMID:12835724$#ENSG00000077150#GO:0003700#sequence-specific DNA binding transcription factor activity#TAS - PMID:1760839, PMID:1876189$#ENSG00000077150#GO:0051092#positive regulation of NF-kappaB transcription factor activity#TAS - Reactome:R-HSA-445989","$#ENSP00000189444#ENSG00000077150#ENST00000189444#RHD#Ank, Ank_2, Ank_3, Ank_4, Ank_5, Death, RHD_dimer$#ENSP00000358983#ENSG00000077150#ENST00000369966#RHD#Ank, Ank_2, Ank_3, Ank_4, Ank_5, Death, RHD_dimer$#ENSP00000410256#ENSG00000077150#ENST00000428099#RHD#Ank, Ank_2, Ank_3, Ank_4, Ank_5, Death, RHD_dimer$#ENSP00000471586#ENSG00000077150#ENST00000471698#RHD#",FALSE
ENSG00000131196,NFATC1,Rel,Yes,Known motif,Monomer or homomultimer,High-throughput in vitro,None,None,IPR002909;IPR008366;IPR008967;IPR011539;IPR014756;,4772,nuclear factor of activated T-cells 1 [Source:HGNC Symbol;Acc:HGNC:7775],1A66,DBD and Full,not tested,None,None,a,Yes,TF Gene_DNA-Binding: sequence-specific_DNA Binding; TF PPI; Transactivation_PMIDS:15117818;16109714,Yes,"1a1, Direct HQ evidence",Arttu Jolma,Yimeng Yin,Yes,"$#ENSG00000131196#GO:0001205#RNA polymerase II distal enhancer sequence-specific DNA binding transcription factor activity involv#ISS - GO_REF:0000024$#ENSG00000131196#GO:0003700#sequence-specific DNA binding transcription factor activity#TAS - PMID:10821850, PMID:9506523$#ENSG00000131196#GO:0003705#RNA polymerase II distal enhancer sequence-specific DNA binding transcription factor activity#ISS - GO_REF:0000024","$#ENSP00000253506#ENSG00000131196#ENST00000253506#RHD#RHD_dimer, TIG$#ENSP00000316553#ENSG00000131196#ENST00000318065#RHD#RHD_dimer, TIG$#ENSP00000327850#ENSG00000131196#ENST00000329101#RHD#RHD_dimer, TIG$#ENSP00000380892#ENSG00000131196#ENST00000397790#RHD#RHD_dimer, TIG$#ENSP00000389377#ENSG00000131196#ENST00000427363#RHD#RHD_dimer, TIG$#ENSP00000442435#ENSG00000131196#ENST00000542384#RHD#RHD_dimer, TIG$#ENSP00000466489#ENSG00000131196#ENST00000586434#RHD#RHD_dimer, TIG$#ENSP00000468111#ENSG00000131196#ENST00000587635#RHD#$#ENSP00000466194#ENSG00000131196#ENST00000591814#RHD#RHD_dimer, TIG$#ENSP00000467181#ENSG00000131196#ENST00000592223#RHD#RHD_dimer, TIG$#ENSP00000439992#ENSG00000131196#ENST00000545796#RHD#RHD_dimer, TIG",FALSE
ENSG00000126368,NR1D1,Nuclear receptor,Yes,Known motif,Monomer or homomultimer,High-throughput in vitro,None,None,IPR000536;IPR001628;IPR001723;IPR008946,9572,nuclear receptor subfamily 1 group D member 1 [Source:HGNC Symbol;Acc:HGNC:7962],1A6Y,DBD and Full,Yes,None,Structure is homodimer,a,Yes,TF Gene_DNA-Binding: sequence-specific_DNA Binding_PMIDS:12021280;12150932,Yes,"1a1, Direct HQ evidence",Tim Hughes,Matt Weirauch,Yes,$#ENSG00000126368#GO:0001078#RNA polymerase II core promoter proximal region sequence-specific DNA binding transcription factor a#IDA - PMID:8622974$#ENSG00000126368#GO:0004879#ligand-activated sequence-specific DNA binding RNA polymerase II transcription factor activity#TAS - PMID:8622974,$#ENSP00000246672#ENSG00000126368#ENST00000246672#Nuclear Hormone Receptor#Hormone_recep,FALSE
ENSG00000072310,SREBF1,bHLH,Yes,Known motif,Monomer or homomultimer,High-throughput in vitro,None,None,IPR011598;,6720,sterol regulatory element binding transcription factor 1 [Source:HGNC Symbol;Acc:HGNC:11289],1AM9,DBD,Yes,None,Structure is homodimer with the non E-box site ,a,Yes,TF Gene_DNA-Binding: sequence-specific_DNA Binding_PMIDS:11829742,Yes,"1a1, Direct HQ evidence",Jussi Taipale,Matt Weirauch,Yes,$#ENSG00000072310#GO:0001077#RNA polymerase II core promoter proximal region sequence-specific DNA binding transcription factor a#IEA - GO_REF:0000019$#ENSG00000072310#GO:0003700#sequence-specific DNA binding transcription factor activity#IDA - PMID:16407292,$#ENSP00000261646#ENSG00000072310#ENST00000261646#bHLH#$#ENSP00000348069#ENSG00000072310#ENST00000355815#bHLH#$#ENSP00000379106#ENSG00000072310#ENST00000395757#bHLH#$#ENSP00000411516#ENSG00000072310#ENST00000423161#bHLH#$#ENSP00000466453#ENSG00000072310#ENST00000486311#bHLH#,FALSE
ENSG00000125952,MAX,bHLH,Yes,Known motif,Monomer or homomultimer,High-throughput in vitro,None,None,IPR011598;,4149,MYC associated factor X [Source:HGNC Symbol;Acc:HGNC:6913],1AN2,DBD and Full,Yes,None,Structure is a homodimer,a,Yes,TF Gene_DNA-Binding: sequence-specific_DNA Binding_PMIDS:8265351,Yes,"1a1, Direct HQ evidence",Pratyush Das,Jussi Taipale,Yes,$#ENSG00000125952#GO:0003700#sequence-specific DNA binding transcription factor activity#IEA - GO_REF:0000019,$#ENSP00000246163#ENSG00000125952#ENST00000246163#bHLH#$#ENSP00000284165#ENSG00000125952#ENST00000284165#bHLH#$#ENSP00000351175#ENSG00000125952#ENST00000358402#bHLH#$#ENSP00000351490#ENSG00000125952#ENST00000358664#bHLH#$#ENSP00000452286#ENSG00000125952#ENST00000555667#bHLH#$#ENSP00000480127#ENSG00000125952#ENST00000618858#bHLH#$#ENSP00000342482#ENSG00000125952#ENST00000341653#bHLH#$#ENSP00000450818#ENSG00000125952#ENST00000556443#bHLH#$#ENSP00000452378#ENSG00000125952#ENST00000556979#bHLH#$#ENSP00000450955#ENSG00000125952#ENST00000557277#bHLH#,FALSE
ENSG00000158773,USF1,bHLH,Yes,Known motif,Monomer or homomultimer,High-throughput in vitro,None,None,IPR011598;,7391,upstream transcription factor 1 [Source:HGNC Symbol;Acc:HGNC:12593],1AN4,DBD and Full,Yes,None,Structure is a homodimer,a,Yes,TF Gene_DNA-Binding: sequence-specific_DNA Binding; Transactivation_PMIDS:9677331,Yes,"1a1, Direct HQ evidence",Laura Campitelli,Arttu Jolma,Yes,"$#ENSG00000158773#GO:0003705#RNA polymerase II distal enhancer sequence-specific DNA binding transcription factor activity#IDA - PMID:2249772 | IMP - PMID:18234320, PMID:857",$#ENSP00000356999#ENSG00000158773#ENST00000368020#bHLH#$#ENSP00000357000#ENSG00000158773#ENST00000368021#bHLH#$#ENSP00000433041#ENSG00000158773#ENST00000528768#bHLH#,FALSE
ENSG00000064835,POU1F1,Homeodomain; POU,Yes,Known motif,Monomer or homomultimer,High-throughput in vitro,None,None,IPR000327;IPR001356;IPR009057;IPR010982;IPR013847;IPR017970,5449,POU class 1 homeobox 1 [Source:HGNC Symbol;Acc:HGNC:9210],1AU7,DBD,Yes,None,None,a,Yes,No,Yes,"1a1, Direct HQ evidence",Arttu Jolma,Yimeng Yin,Yes,"$#ENSG00000064835#GO:0000981#sequence-specific DNA binding RNA polymerase II transcription factor activity#IDA - PMID:26612202$#ENSG00000064835#GO:0001077#RNA polymerase II core promoter proximal region sequence-specific DNA binding transcription factor a#IEA - GO_REF:0000019$#ENSG00000064835#GO:0003700#sequence-specific DNA binding transcription factor activity#IDA - PMID:11301317, PMID:9482665","$#ENSP00000263781#ENSG00000064835#ENST00000350375#Homeodomain,POU#$#ENSP00000342931#ENSG00000064835#ENST00000344265#Homeodomain,POU#$#ENSP00000452610#ENSG00000064835#ENST00000560656#Homeodomain,POU#$#ENSP00000454072#ENSG00000064835#ENST00000561167#Homeodomain,POU#",FALSE
ENSG00000154727,GABPA,Ets,Yes,Known motif,Monomer or homomultimer,High-throughput in vitro,None,None,IPR000418;IPR003118;IPR013761;IPR016312;IPR024668;IPR029071,2551,GA binding protein transcription factor alpha subunit [Source:HGNC Symbol;Acc:HGNC:4071],1AWC,DBD,Yes,None,None,a,Yes,TF Gene_DNA-Binding: sequence-specific_DNA Binding; Transactivation_PMIDS:10773883;15361867,Yes,"1a1, Direct HQ evidence",Arttu Jolma,Yimeng Yin,Yes,"$#ENSG00000154727#GO:0001077#RNA polymerase II core promoter proximal region sequence-specific DNA binding transcription factor a#IDA - PMID:12750007$#ENSG00000154727#GO:0001228#RNA polymerase II transcription regulatory region sequence-specific DNA binding transcription factor#IDA - PMID:22306510$#ENSG00000154727#GO:0003700#sequence-specific DNA binding transcription factor activity#TAS - PMID:7590737, PMID:8441384","$#ENSP00000346886#ENSG00000154727#ENST00000354828#ETS#GABP-alpha, SAM_PNT$#ENSP00000382948#ENSG00000154727#ENST00000400075#ETS#GABP-alpha, SAM_PNT",FALSE
ENSG00000120094,HOXB1,Homeodomain,Yes,Known motif,Monomer or homomultimer,High-throughput in vitro,None,None,IPR001356;IPR009057;IPR017970;IPR020479,3211,homeobox B1 [Source:HGNC Symbol;Acc:HGNC:5111],1B72,DBD and Full,not tested,None,Structure is a heterodimer of HOXB1 and PBX1,a,Yes,TF Gene_DNA-Binding: sequence-specific_DNA Binding_PMIDS:7911971;9242495,No,"1a1, Direct HQ evidence",Yimeng Yin,Arttu Jolma,Yes,None,$#ENSP00000355140#ENSG00000120094#ENST00000239174#Homeodomain#$#ENSP00000459066#ENSG00000120094#ENST00000577092#Homeodomain#,FALSE
ENSG00000158711,ELK4,Ets,Yes,Known motif,Monomer or homomultimer,High-throughput in vitro,None,None,IPR000418;,2005,"ELK4, ETS transcription factor [Source:HGNC Symbol;Acc:HGNC:3326]",1BC7,DBD and Full,Yes,None,None,a,Yes,TF Gene_DNA-Binding: sequence-specific_DNA Binding_PMIDS:8524663,Yes,"1a1, Direct HQ evidence",Sam Lambert,Arttu Jolma,Yes,$#ENSG00000158711#GO:0000981#sequence-specific DNA binding RNA polymerase II transcription factor activity#IBA - GO_REF:0000033$#ENSG00000158711#GO:0003700#sequence-specific DNA binding transcription factor activity#NAS - PMID:7851904,$#ENSP00000289703#ENSG00000158711#ENST00000289703#ETS#$#ENSP00000350681#ENSG00000158711#ENST00000357992#ETS#$#ENSP00000484946#ENSG00000158711#ENST00000468523#ETS#,FALSE
ENSG00000115415,STAT1,STAT,Yes,Known motif,Monomer or homomultimer,In vivo/Misc source,None,Structure PDB:1BF5 is Tyrosine phosphorylated,IPR000980;IPR008967;IPR013799;IPR013800;IPR013801;IPR015988;IPR022752;,6772,signal transducer and activator of transcription 1 [Source:HGNC Symbol;Acc:HGNC:11362],1BF5,DBD and Full,not tested,Requires_Phosphorylation,None,a,Yes,TF Gene_DNA-Binding: sequence-specific_Transactivation_PMIDS:10820245;12859963,Yes,"1a1, Direct HQ evidence",Tim Hughes,Jussi Taipale,Yes,$#ENSG00000115415#GO:0000983#RNA polymerase II core promoter sequence-specific DNA binding transcription factor activity#IDA - PMID:21268089$#ENSG00000115415#GO:0003700#sequence-specific DNA binding transcription factor activity#IDA - PMID:10973496,"$#ENSP00000354394#ENSG00000115415#ENST00000361099#STAT#SH2, STAT1_TAZ2bind, STAT_alpha, STAT_int$#ENSP00000376136#ENSG00000115415#ENST00000392322#STAT#SH2, STAT_alpha, STAT_int$#ENSP00000386244#ENSG00000115415#ENST00000409465#STAT#SH2, STAT1_TAZ2bind, STAT_alpha, STAT_int$#ENSP00000376137#ENSG00000115415#ENST00000392323#STAT#SH2, STAT_alpha, STAT_int$#ENSP00000402548#ENSG00000115415#ENST00000424722#STAT#STAT_alpha, STAT_int",FALSE
ENSG00000168610,STAT3,STAT,Yes,Known motif,Monomer or homomultimer,In vivo/Misc source,None,None,IPR000980;IPR008967;IPR013799;IPR013800;IPR013801;IPR015988,6774,signal transducer and activator of transcription 3 [Source:HGNC Symbol;Acc:HGNC:11364],1BG1,DBD and Full,not tested,Requires_Phosphorylation,None,a,Yes,TF Gene_DNA-Binding: sequence-specific_DNA Binding_PMIDS:8530402;10458605,Yes,"1a1, Direct HQ evidence",Arttu Jolma,Pratyush Das,Yes,$#ENSG00000168610#GO:0001077#RNA polymerase II core promoter proximal region sequence-specific DNA binding transcription factor a#IMP - PMID:16946298$#ENSG00000168610#GO:0001228#RNA polymerase II transcription regulatory region sequence-specific DNA binding transcription factor#IDA - PMID:16835372$#ENSG00000168610#GO:0003700#sequence-specific DNA binding transcription factor activity#IDA - PMID:17344214$#ENSG00000168610#GO:0004879#ligand-activated sequence-specific DNA binding RNA polymerase II transcription factor activity#IDA - PMID:17324931,"$#ENSP00000264657#ENSG00000168610#ENST00000264657#STAT#SH2, STAT_alpha, STAT_int$#ENSP00000384943#ENSG00000168610#ENST00000404395#STAT#SH2, STAT_alpha, STAT_int$#ENSP00000467985#ENSG00000168610#ENST00000588969#STAT#SH2, STAT_alpha, STAT_int$#ENSP00000373923#ENSG00000168610#ENST00000389272#STAT#SH2, STAT_alpha",FALSE
ENSG00000186350,RXRA,Nuclear receptor,Yes,Known motif,Monomer or homomultimer,High-throughput in vitro,None,None,IPR000003;IPR000536;IPR001628;IPR001723;IPR008946;IPR021780,6256,retinoid X receptor alpha [Source:HGNC Symbol;Acc:HGNC:10477],1BY4,DBD and Full,Yes,None,None,a,Yes,TF Gene_Transcription Factor Binding: tf co-factor binding; DNA-Binding: sequence-specific_DNA Binding; TF PPI_PMIDS:7838715;15544927,Yes,"1a1, Direct HQ evidence",Pratyush Das,Arttu Jolma,Yes,"$#ENSG00000186350#GO:0003700#sequence-specific DNA binding transcription factor activity#IDA - PMID:12037571, PMID:17426122, PMID:20219900$#ENSG00000186350#GO:0003708#retinoic acid receptor activity#TAS - PMID:19374686$#ENSG00000186350#GO:0004879#ligand-activated sequence-specific DNA binding RNA polymerase II transcription factor activity#IDA - PMID:7990953$#ENSG00000186350#GO:0004886#9-cis retinoic acid receptor activity#IEA - GO_REF:0000019","$#ENSP00000419692#ENSG00000186350#ENST00000481739#Nuclear Hormone Receptor#Hormone_recep, Nuc_recep-AF1",FALSE
ENSG00000068305,MEF2A,MADS box,Yes,Known motif,Monomer or homomultimer,High-throughput in vitro,None,None,IPR002100;IPR022102,4205,Myocyte enhancer factor 2A [Source:HGNC Symbol;Acc:HGNC:6993],1C7U,DBD and Full,not tested,None,None,a,Yes,No,No,"1a1, Direct HQ evidence",Tim Hughes,Jussi Taipale,Yes,"$#ENSG00000068305#GO:0000981#sequence-specific DNA binding RNA polymerase II transcription factor activity#IDA - PMID:10748098, PMID:16484498, PMID:20590529$#ENSG00000068305#GO:0001077#RNA polymerase II core promoter proximal region sequence-specific DNA binding transcription factor a#IDA - PMID:7760790$#ENSG00000068305#GO:0003700#sequence-specific DNA binding transcription factor activity#IDA - PMID:16043483$#ENSG00000068305#GO:0003705#RNA polymerase II distal enhancer sequence-specific DNA binding transcription factor activity#IEA - GO_REF:0000019",$#ENSP00000346389#ENSG00000068305#ENST00000354410#MADS box#HJURP_C$#ENSP00000337202#ENSG00000068305#ENST00000338042#MADS box#HJURP_C$#ENSP00000454120#ENSG00000068305#ENST00000558812#MADS box#HJURP_C$#ENSP00000452989#ENSG00000068305#ENST00000559903#MADS box#,FALSE
ENSG00000112592,TBP,TBP,Yes,Known motif,Monomer or homomultimer,100 perc ID - in vitro,None,Binds DNA in the pre-initiation complex,IPR000814;IPR030491,6908,TATA-box binding protein [Source:HGNC Symbol;Acc:HGNC:11588],1CDW,not tested,Yes,None,None,No,Yes,No,No,"1a1, Direct HQ evidence",Arttu Jolma,Sam Lambert,Yes,$#ENSG00000112592#GO:0001034#sequence-specific DNA binding RNA polymerase III transcription factor activity#IMP - PMID:26638071,"$#ENSP00000230354#ENSG00000112592#ENST00000230354#TBP#DDHD, DUF4746, EPL1, MMR1, Presenilin$#ENSP00000375942#ENSG00000112592#ENST00000392092#TBP#DDHD, DUF4746, EPL1, MMR1, Presenilin$#ENSP00000400008#ENSG00000112592#ENST00000421512#TBP#DDHD, DUF4746, EPL1, MMR1, Presenilin, SpoIIP, TFI$#ENSP00000442132#ENSG00000112592#ENST00000540980#TBP#DDHD, EPL1, MMR1, Presenilin$#ENSP00000416482#ENSG00000112592#ENST00000423353#TBP#DUF4746, SpoIIP, TFIIA",FALSE
ENSG00000205250,E2F4,E2F,Yes,Known motif,Monomer or homomultimer,High-throughput in vitro,None,None,IPR003316;,1874,E2F transcription factor 4 [Source:HGNC Symbol;Acc:HGNC:3118],1CF7,DBD,Yes,None,Prefers heterodimer with TFDP proteins over homodimer,a,Yes,TF Gene_DNA-Binding: sequence-specific; Transcription Factor Binding: tf co-factor binding_DNA Binding; Transactivation_PMIDS:12110166,Yes,"1a1, Direct HQ evidence",Pratyush Das,Sam Lambert,Yes,$#ENSG00000205250#GO:0001077#RNA polymerase II core promoter proximal region sequence-specific DNA binding transcription factor a#IC - GO_REF:0000036$#ENSG00000205250#GO:0003700#sequence-specific DNA binding transcription factor activity#IDA - PMID:11418595,$#ENSP00000368686#ENSG00000205250#ENST00000379378#E2F#E2F_CC-MB$#ENSP00000458706#ENSG00000205250#ENST00000565226#E2F#,FALSE
ENSG00000123358,NR4A1,Nuclear receptor,Yes,Known motif,Monomer or homomultimer,High-throughput in vitro,None,None,IPR000536;IPR001628;IPR001723;IPR003070;IPR003071;IPR008946,3164,nuclear receptor subfamily 4 group A member 1 [Source:HGNC Symbol;Acc:HGNC:7980],1CIT,DBD and Full,not tested,None,None,a,Yes,TF Gene_DNA-Binding: sequence-specific_DNA Binding_PMIDS:16237153,Yes,"1a1, Direct HQ evidence",Jussi Taipale,Laura Campitelli,Yes,$#ENSG00000123358#GO:0001077#RNA polymerase II core promoter proximal region sequence-specific DNA binding transcription factor a#ISS - GO_REF:0000024$#ENSG00000123358#GO:0004879#ligand-activated sequence-specific DNA binding RNA polymerase II transcription factor activity#IEA - GO_REF:0000002,$#ENSP00000243050#ENSG00000123358#ENST00000243050#Nuclear Hormone Receptor#Hormone_recep$#ENSP00000378302#ENSG00000123358#ENST00000394825#Nuclear Hormone Receptor#Hormone_recep$#ENSP00000449587#ENSG00000123358#ENST00000548232#Nuclear Hormone Receptor#$#ENSP00000353427#ENSG00000123358#ENST00000360284#Nuclear Hormone Receptor#Hormone_recep$#ENSP00000440864#ENSG00000123358#ENST00000545748#Nuclear Hormone Receptor#Hormone_recep$#ENSP00000457070#ENSG00000123358#ENST00000546842#Nuclear Hormone Receptor#$#ENSP00000456633#ENSG00000123358#ENST00000548977#Nuclear Hormone Receptor#$#ENSP00000456776#ENSG00000123358#ENST00000553200#Nuclear Hormone Receptor#$#ENSP00000455399#ENSG00000123358#ENST00000562373#Nuclear Hormone Receptor#,FALSE
ENSG00000118260,CREB1,bZIP,Yes,Known motif,Monomer or homomultimer,High-throughput in vitro,None,None,IPR001630;IPR003102;IPR004827;,1385,cAMP responsive element binding protein 1 [Source:HGNC Symbol;Acc:HGNC:2345],1DH3,DBD and Full,Yes,None,Structure is a homodimer,a,Yes,TF Gene_DNA-Binding: sequence-specific_DNA Binding; Transactivation_PMIDS:14593102;15054091,Yes,"1a1, Direct HQ evidence",Pratyush Das,Tim Hughes,Yes,$#ENSG00000118260#GO:0001077#RNA polymerase II core promoter proximal region sequence-specific DNA binding transcription factor a#IC - GO_REF:0000036$#ENSG00000118260#GO:0003700#sequence-specific DNA binding transcription factor activity#IDA - PMID:8798441$#ENSG00000118260#GO:0003705#RNA polymerase II distal enhancer sequence-specific DNA binding transcription factor activity#IDA - PMID:19861239,$#ENSP00000236995#ENSG00000118260#ENST00000353267#bZIP#pKID$#ENSP00000387699#ENSG00000118260#ENST00000432329#bZIP#pKID$#ENSP00000401803#ENSG00000118260#ENST00000455757#bZIP#$#ENSP00000391125#ENSG00000118260#ENST00000457101#bZIP#pKID,FALSE
ENSG00000132005,RFX1,RFX,Yes,Known motif,Monomer or homomultimer,High-throughput in vitro,None,None,IPR003150;IPR007668,5989,regulatory factor X1 [Source:HGNC Symbol;Acc:HGNC:9982],1DP7,DBD,Yes,None,None,a,Yes,TF Gene_DNA-Binding: sequence-specific_Co-activation; DNA Binding_PMIDS:11986307;16464847,Yes,"1a1, Direct HQ evidence",Arttu Jolma,Laura Campitelli,Yes,$#ENSG00000132005#GO:0003705#RNA polymerase II distal enhancer sequence-specific DNA binding transcription factor activity#TAS - PMID:8289803,$#ENSP00000254325#ENSG00000132005#ENST00000254325#RFX#RFX1_trans_act$#ENSP00000464960#ENSG00000132005#ENST00000588885#RFX#,FALSE
ENSG00000131759,RARA,Nuclear receptor,Yes,Known motif,Monomer or homomultimer,High-throughput in vitro,None,None,IPR000536;IPR001628;IPR001723;IPR003078;IPR008946;,5914,retinoic acid receptor alpha [Source:HGNC Symbol;Acc:HGNC:9864],1DSZ,DBD and Full,Yes,None,None,a,Yes,TF Gene_DNA-Binding: sequence-specific_DNA Binding_PMIDS:1312934,Yes,"1a1, Direct HQ evidence",Sam Lambert,Jussi Taipale,Yes,"$#ENSG00000131759#GO:0003700#sequence-specific DNA binding transcription factor activity#IDA - PMID:18922886, PMID:20413580$#ENSG00000131759#GO:0003708#retinoic acid receptor activity#IDA - PMID:2825025",$#ENSP00000254066#ENSG00000131759#ENST00000254066#Nuclear Hormone Receptor#Hormone_recep$#ENSP00000377643#ENSG00000131759#ENST00000394081#Nuclear Hormone Receptor#Hormone_recep$#ENSP00000389993#ENSG00000131759#ENST00000425707#Nuclear Hormone Receptor#Hormone_recep$#ENSP00000377648#ENSG00000131759#ENST00000394086#Nuclear Hormone Receptor#Hormone_recep$#ENSP00000377649#ENSG00000131759#ENST00000394089#Nuclear Hormone Receptor#Hormone_recep,FALSE
ENSG00000126767,ELK1,Ets,Yes,Known motif,Monomer or homomultimer,High-throughput in vitro,None,None,IPR000418;,2002,"ELK1, ETS transcription factor [Source:HGNC Symbol;Acc:HGNC:3321]",1DUX,DBD and Full,Yes,None,None,a,Yes,TF Gene_DNA-Binding: sequence-specific_Transactivation_PMIDS:11151091;15808854,Yes,"1a1, Direct HQ evidence",Laura Campitelli,Matt Weirauch,Yes,$#ENSG00000126767#GO:0001077#RNA polymerase II core promoter proximal region sequence-specific DNA binding transcription factor a#IDA - PMID:12750007$#ENSG00000126767#GO:0003700#sequence-specific DNA binding transcription factor activity#IDA - PMID:14970218,$#ENSP00000247161#ENSG00000126767#ENST00000247161#ETS#$#ENSP00000345585#ENSG00000126767#ENST00000343894#ETS#$#ENSP00000366182#ENSG00000126767#ENST00000376983#ETS#,FALSE
ENSG00000143190,POU2F1,Homeodomain; POU,Yes,Known motif,Monomer or homomultimer,High-throughput in vitro,None,None,IPR000327;IPR000972;IPR001356;IPR009057;IPR010982;IPR013847;IPR017970;,5451,POU class 2 homeobox 1 [Source:HGNC Symbol;Acc:HGNC:9212],1E3O,DBD and Full,Yes,None,None,a,Yes,TF Gene_DNA-Binding: sequence-specific_DNA Binding_PMIDS:1980478,Yes,"1a1, Direct HQ evidence",Laura Campitelli,Sam Lambert,Yes,$#ENSG00000143190#GO:0003700#sequence-specific DNA binding transcription factor activity#IEA - GO_REF:0000002,"$#ENSP00000356836#ENSG00000143190#ENST00000367862#Homeodomain,POU#$#ENSP00000356840#ENSG00000143190#ENST00000367866#Homeodomain,POU#$#ENSP00000415993#ENSG00000143190#ENST00000443275#Homeodomain,POU#$#ENSP00000441285#ENSG00000143190#ENST00000541643#Homeodomain,POU#$#ENSP00000401217#ENSG00000143190#ENST00000429375#Homeodomain,POU#",FALSE
ENSG00000102145,GATA1,GATA,Yes,Known motif,Monomer or homomultimer,High-throughput in vitro,None,None,IPR000679;IPR016374,2623,GATA binding protein 1 [Source:HGNC Symbol;Acc:HGNC:4170],1GAT,DBD and Full,not tested,None,None,a,Yes,TF Gene_DNA-Binding: sequence-specific_Transactivation_PMIDS:1650452;2725678,Yes,"1a1, Direct HQ evidence",Tim Hughes,Yimeng Yin,Yes,$#ENSG00000102145#GO:0001077#RNA polymerase II core promoter proximal region sequence-specific DNA binding transcription factor a#IEA - GO_REF:0000019$#ENSG00000102145#GO:0001078#RNA polymerase II core promoter proximal region sequence-specific DNA binding transcription factor a#IDA - PMID:15920471$#ENSG00000102145#GO:0001228#RNA polymerase II transcription regulatory region sequence-specific DNA binding transcription factor#IBA - GO_REF:0000033$#ENSG00000102145#GO:0003700#sequence-specific DNA binding transcription factor activity#IDA - PMID:2467208,$#ENSP00000365858#ENSG00000102145#ENST00000376670#GATA#$#ENSP00000365853#ENSG00000102145#ENST00000376665#GATA#,FALSE
ENSG00000162924,REL,Rel,Yes,Known motif,Monomer or homomultimer,In vivo/Misc source,None,None,IPR000451;IPR002909;IPR008967;IPR011539;IPR014756;IPR030492,5966,"REL proto-oncogene, NF-kB subunit [Source:HGNC Symbol;Acc:HGNC:9954]",1GJI,DBD and Full,not tested,None,None,a,Yes,TF Gene_DNA-Binding: sequence-specific_DNA Binding_PMIDS:1406630,Yes,"1a1, Direct HQ evidence",Laura Campitelli,Yimeng Yin,Yes,$#ENSG00000162924#GO:0001205#RNA polymerase II distal enhancer sequence-specific DNA binding transcription factor activity involv#IDA - PMID:1406630$#ENSG00000162924#GO:0003700#sequence-specific DNA binding transcription factor activity#NAS - PMID:8423996,$#ENSP00000295025#ENSG00000162924#ENST00000295025#RHD#RHD_dimer$#ENSP00000377989#ENSG00000162924#ENST00000394479#RHD#RHD_dimer,FALSE
ENSG00000113580,NR3C1,Nuclear receptor,Yes,Known motif,Monomer or homomultimer,High-throughput in vitro,None,None,IPR000536;IPR001409;IPR001628;IPR001723;IPR008946;,2908,nuclear receptor subfamily 3 group C member 1 [Source:HGNC Symbol;Acc:HGNC:7978],1GLU,DBD and Full,not tested,None,None,a,Yes,TF Gene_DNA-Binding: sequence-specific_DNA Binding_PMIDS:16728402;67253380;15563547,Yes,"1a1, Direct HQ evidence",Jussi Taipale,Sam Lambert,Yes,"$#ENSG00000113580#GO:0001077#RNA polymerase II core promoter proximal region sequence-specific DNA binding transcription factor a#IDA - PMID:16728402, PMID:23823477$#ENSG00000113580#GO:0003700#sequence-specific DNA binding transcription factor activity#IDA - PMID:15769988, PMID:17635946","$#ENSP00000231509#ENSG00000113580#ENST00000231509#Nuclear Hormone Receptor#GCR, Hormone_recep$#ENSP00000377977#ENSG00000113580#ENST00000394464#Nuclear Hormone Receptor#GCR, Hormone_recep$#ENSP00000387672#ENSG00000113580#ENST00000415690#Nuclear Hormone Receptor#GCR, Hormone_recep$#ENSP00000405282#ENSG00000113580#ENST00000424646#Nuclear Hormone Receptor#GCR, Hormone_recep$#ENSP00000420856#ENSG00000113580#ENST00000502892#Nuclear Hormone Receptor#GCR$#ENSP00000427672#ENSG00000113580#ENST00000503201#Nuclear Hormone Receptor#GCR, Hormone_recep$#ENSP00000422518#ENSG00000113580#ENST00000504572#Nuclear Hormone Receptor#GCR, Hormone_recep$#ENSP00000425313#ENSG00000113580#ENST00000508760#Nuclear Hormone Receptor#GCR$#ENSP00000424747#ENSG00000113580#ENST00000510170#Nuclear Hormone Receptor#GCR$#ENSP00000426478#ENSG00000113580#ENST00000514699#Nuclear Hormone Receptor#GCR",FALSE
ENSG00000181449,SOX2,HMG/Sox,Yes,Known motif,Monomer or homomultimer,High-throughput in vitro,None,None,IPR009071;IPR022097,6657,SRY-box 2 [Source:HGNC Symbol;Acc:HGNC:11195],1GT0,DBD and Full,not tested,None,Structure is POU2F1 SOX2 heterodimer,a,Yes,TF Gene_DNA-Binding: sequence-specific_DNA Binding; Transactivation_PMIDS:15860457,Yes,"1a1, Direct HQ evidence",Pratyush Das,Sam Lambert,Yes,"$#ENSG00000181449#GO:0001077#RNA polymerase II core promoter proximal region sequence-specific DNA binding transcription factor a#IEA - GO_REF:0000019$#ENSG00000181449#GO:0003700#sequence-specific DNA binding transcription factor activity#IDA - PMID:16153702, PMID:18027866 | NAS - PMID:78",$#ENSP00000323588#ENSG00000181449#ENST00000325404#HMG#SOXp,FALSE
ENSG00000172216,CEBPB,bZIP,Yes,Known motif,Monomer or homomultimer,High-throughput in vitro,None,None,IPR004827;IPR016468,1051,CCAAT/enhancer binding protein beta [Source:HGNC Symbol;Acc:HGNC:1834],1GTW,DBD,Yes,None,Structure is a homodimer,a,Yes,TF Gene_DNA-Binding: sequence-specific; Transcription Factor Binding: tf co-factor binding_Co-activation; DNA Binding; TF PPI; Transactivation_PMIDS:15308669;15713650,Yes,"1a1, Direct HQ evidence",Jussi Taipale,Yimeng Yin,Yes,$#ENSG00000172216#GO:0001077#RNA polymerase II core promoter proximal region sequence-specific DNA binding transcription factor a#IEA - GO_REF:0000019$#ENSG00000172216#GO:0003700#sequence-specific DNA binding transcription factor activity#NAS - PMID:10821850$#ENSG00000172216#GO:0003705#RNA polymerase II distal enhancer sequence-specific DNA binding transcription factor activity#ISS - GO_REF:0000024,$#ENSP00000305422#ENSG00000172216#ENST00000303004#bZIP#,FALSE
ENSG00000135111,TBX3,T-box,Yes,Known motif,Monomer or homomultimer,High-throughput in vitro,None,None,IPR001699;IPR002070;IPR008967;IPR018186;IPR022582;,6926,T-box 3 [Source:HGNC Symbol;Acc:HGNC:11602],1H6F,DBD and Full,Yes,None,None,a,Yes,TF Gene_DNA-Binding: sequence-specific_DNA Binding_PMIDS:11689487;12005433,Yes,"1a1, Direct HQ evidence",Arttu Jolma,Sam Lambert,Yes,$#ENSG00000135111#GO:0001078#RNA polymerase II core promoter proximal region sequence-specific DNA binding transcription factor a#IDA - PMID:11689487,$#ENSP00000257566#ENSG00000135111#ENST00000257566#T-box#TBX$#ENSP00000257567#ENSG00000135111#ENST00000349155#T-box#TBX,FALSE
ENSG00000091831,ESR1,Nuclear receptor,Yes,Known motif,Monomer or homomultimer,High-throughput in vitro,None,None,IPR000536;IPR001292;IPR001628;IPR001723;IPR008946;IPR024178;IPR024736;,2099,estrogen receptor 1 [Source:HGNC Symbol;Acc:HGNC:3467],1HCQ,DBD and Full,Yes,None,None,a,Yes,TF Gene_DNA-Binding: sequence-specific_DNA Binding_PMIDS:10908317;16636675,Yes,"1a1, Direct HQ evidence",Yimeng Yin,Pratyush Das,Yes,"$#ENSG00000091831#GO:0001077#RNA polymerase II core promoter proximal region sequence-specific DNA binding transcription factor a#IDA - PMID:12047722$#ENSG00000091831#GO:0003700#sequence-specific DNA binding transcription factor activity#NAS - PMID:12552091$#ENSG00000091831#GO:0038052#estrogen-activated sequence-specific DNA binding RNA polymerase II transcription factor activity#IDA - PMID:15831516 | IGI - PMID:18722177$#ENSG00000091831#GO:0043433#negative regulation of sequence-specific DNA binding transcription factor activity#IDA - PMID:10816575$#ENSG00000091831#GO:0051091#positive regulation of sequence-specific DNA binding transcription factor activity#IDA - PMID:10681512, PMID:9328340","$#ENSP00000206249#ENSG00000091831#ENST00000206249#Nuclear Hormone Receptor#ESR1_C, Hormone_recep, Oest_recep$#ENSP00000385373#ENSG00000091831#ENST00000404742#Nuclear Hormone Receptor#Oest_recep$#ENSP00000384064#ENSG00000091831#ENST00000406599#Nuclear Hormone Receptor#ESR1_C, Hormone_recep, Oest_recep$#ENSP00000401995#ENSG00000091831#ENST00000415488#Nuclear Hormone Receptor#Hormone_recep$#ENSP00000394721#ENSG00000091831#ENST00000427531#Nuclear Hormone Receptor#Hormone_recep$#ENSP00000411105#ENSG00000091831#ENST00000446550#Nuclear Hormone Receptor#Oest_recep$#ENSP00000415934#ENSG00000091831#ENST00000456483#Nuclear Hormone Receptor#Oest_recep",FALSE
ENSG00000159216,RUNX1,Runt,Yes,Known motif,Monomer or homomultimer,In vivo/Misc source,Only known motifs are from Transfac or HocoMoco - origin is uncertain,None,IPR000040;IPR008967;IPR013524;IPR013711;IPR016554;,100506403,runt related transcription factor 1 [Source:HGNC Symbol;Acc:HGNC:10471],1HJC,DBD and Full,not tested,None,None,a,Yes,TF Gene_DNA-Binding: sequence-specific_Transactivation_PMIDS:7609063;8035830,Yes,"1a1, Direct HQ evidence",Matt Weirauch,Arttu Jolma,Yes,$#ENSG00000159216#GO:0001228#RNA polymerase II transcription regulatory region sequence-specific DNA binding transcription factor#IDA - PMID:9199349 | IMP - PMID:9199349,$#ENSP00000300305#ENSG00000159216#ENST00000300305#RUNX#RunxI$#ENSP00000340690#ENSG00000159216#ENST00000344691#RUNX#RunxI$#ENSP00000351123#ENSG00000159216#ENST00000358356#RUNX#$#ENSP00000405158#ENSG00000159216#ENST00000416754#RUNX#$#ENSP00000382184#ENSG00000159216#ENST00000399240#RUNX#RunxI$#ENSP00000388189#ENSG00000159216#ENST00000455571#RUNX#,FALSE
ENSG00000125817,CENPB,CENPB,Yes,Known motif,Monomer or homomultimer,High-throughput in vitro,None,None,IPR004875;IPR006600;IPR007889;IPR009057;IPR015115;,1059,centromere protein B [Source:HGNC Symbol;Acc:HGNC:1852],1HLV,Full,not tested,None,"Structure has many contacts between the AA-residues and the DNA-bases in the major groove, could well be sequence-specific",x,Yes,No,No,"1a1, Direct HQ evidence",Sam Lambert,Matt Weirauch,No,None,"$#ENSP00000369075#ENSG00000125817#ENST00000379751#CENP-B N-terminal DNA-binding domain#CENP-B_dimeris, DDE_1, HTH_Tnp_Tc5",FALSE
ENSG00000184895,SRY,HMG/Sox,Yes,Known motif,Monomer or homomultimer,High-throughput in vitro,None,None,IPR009071;IPR017253,6736,sex determining region Y [Source:HGNC Symbol;Acc:HGNC:11311],1HRY,DBD,Yes,None,None,a,Yes,TF Gene Candidate__DNA Binding_PMIDS:7813448;8190643,Yes,"1a1, Direct HQ evidence",Arttu Jolma,Pratyush Das,Yes,$#ENSG00000184895#GO:0003705#RNA polymerase II distal enhancer sequence-specific DNA binding transcription factor activity#IDA - PMID:21412441,$#ENSP00000372547#ENSG00000184895#ENST00000383070#HMG#,FALSE
ENSG00000135100,HNF1A,Homeodomain,Yes,Known motif,Monomer or homomultimer,High-throughput in vitro,None,None,IPR001356;IPR006897;IPR006898;IPR006899;IPR009057;IPR010982;IPR023219;,6927,HNF1 homeobox A [Source:HGNC Symbol;Acc:HGNC:11621],1IC8,DBD and Full,not tested,None,"Structure has two HNF1A proteins, both of which have two homeodomains",a,Yes,TF Gene_DNA-Binding: sequence-specific_DNA Binding_PMIDS:8373770;16603721;9047360,No,"1a1, Direct HQ evidence",Laura Campitelli,Yimeng Yin,Yes,$#ENSG00000135100#GO:0001077#RNA polymerase II core promoter proximal region sequence-specific DNA binding transcription factor a#ISS - GO_REF:0000024$#ENSG00000135100#GO:0003700#sequence-specific DNA binding transcription factor activity#IDA - PMID:11980910,"$#ENSP00000257555#ENSG00000135100#ENST00000257555#Homeodomain#HNF-1A_C, HNF-1B_C, HNF-1_N, Telethonin$#ENSP00000443112#ENSG00000135100#ENST00000541395#Homeodomain#HNF-1A_C, HNF-1B_C, HNF-1_N, Telethonin$#ENSP00000438804#ENSG00000135100#ENST00000544413#Homeodomain#HNF-1A_C, HNF-1B_C, HNF-1_N, Telethonin$#ENSP00000481967#ENSG00000135100#ENST00000617366#Homeodomain#HNF-1_N, Telethonin$#ENSP00000476181#ENSG00000135100#ENST00000400024#Homeodomain#HNF-1B_C, HNF-1_N, Telethonin",FALSE
ENSG00000125347,IRF1,IRF,Yes,Known motif,Monomer or homomultimer,In vivo/Misc source,None,None,IPR001346;IPR017431;IPR019817;,3659,interferon regulatory factor 1 [Source:HGNC Symbol;Acc:HGNC:6116],1IF1,DBD,Yes,None,Requires phosphorylation for proper dimeric function; Jaspar model binds similar sites than the other homologs,a,Yes,TF Gene_DNA-Binding: sequence-specific_DNA Binding; Transactivation_PMIDS:3409321;12517966,Yes,"1a1, Direct HQ evidence",Laura Campitelli,Arttu Jolma,Yes,$#ENSG00000125347#GO:0001077#RNA polymerase II core promoter proximal region sequence-specific DNA binding transcription factor a#IMP - PMID:15509808,$#ENSP00000245414#ENSG00000125347#ENST00000245414#Interferon regulatory factor (IRF)#$#ENSP00000480887#ENSG00000125347#ENST00000613424#Interferon regulatory factor (IRF)#$#ENSP00000473661#ENSG00000125347#ENST00000476613#Interferon regulatory factor (IRF)#$#ENSP00000405655#ENSG00000125347#ENST00000437654#Interferon regulatory factor (IRF)#,FALSE
ENSG00000163132,MSX1,Homeodomain,Yes,Known motif,Monomer or homomultimer,High-throughput in vitro,None,None,IPR001356;IPR009057;IPR017970;IPR020479,4487,msh homeobox 1 [Source:HGNC Symbol;Acc:HGNC:7391],1IG7,DBD and Full,Yes,None,None,a,Yes,TF Gene_DNA-Binding: sequence-specific_DNA Binding_PMIDS:15192231;17030628,No,"1a1, Direct HQ evidence",Laura Campitelli,Yimeng Yin,Yes,$#ENSG00000163132#GO:0000982#RNA polymerase II core promoter proximal region sequence-specific DNA binding transcription factor a#IEA - GO_REF:0000019$#ENSG00000163132#GO:0001227#RNA polymerase II transcription regulatory region sequence-specific DNA binding transcription factor#IEA - GO_REF:0000019$#ENSG00000163132#GO:0001228#RNA polymerase II transcription regulatory region sequence-specific DNA binding transcription factor#IEA - GO_REF:0000019,$#ENSP00000372170#ENSG00000163132#ENST00000382723#Homeodomain#,FALSE
ENSG00000102908,NFAT5,Rel,Yes,Known motif,Monomer or homomultimer,High-throughput in vitro,None,None,IPR002909;IPR008366;IPR008967;IPR011539;IPR014756;,10725,"nuclear factor of activated T-cells 5, tonicity-responsive [Source:HGNC Symbol;Acc:HGNC:7774]",1IMH,DBD and Full,not tested,None,None,a,Yes,TF Gene_DNA-Binding: sequence-specific_DNA Binding_PMIDS:10377394;11485737;16027109,Yes,"1a1, Direct HQ evidence",Matt Weirauch,Yimeng Yin,Yes,$#ENSG00000102908#GO:0001077#RNA polymerase II core promoter proximal region sequence-specific DNA binding transcription factor a#IDA - PMID:11485737$#ENSG00000102908#GO:0003700#sequence-specific DNA binding transcription factor activity#TAS - PMID:10051678,$#ENSP00000338806#ENSG00000102908#ENST00000349945#RHD#RHD_dimer$#ENSP00000346420#ENSG00000102908#ENST00000354436#RHD#RHD_dimer$#ENSP00000377343#ENSG00000102908#ENST00000393742#RHD#RHD_dimer$#ENSP00000455628#ENSG00000102908#ENST00000566899#RHD#RHD_dimer$#ENSP00000457593#ENSG00000102908#ENST00000567239#RHD#RHD_dimer$#ENSP00000463214#ENSG00000102908#ENST00000565301#RHD#$#ENSP00000486610#ENSG00000102908#ENST00000627621#RHD#RHD_dimer,FALSE
ENSG00000177606,JUN,bZIP,Yes,Known motif,Monomer or homomultimer,High-throughput in vitro,None,None,IPR002112;IPR004827;IPR005643;IPR008917,3725,"Jun proto-oncogene, AP-1 transcription factor subunit [Source:HGNC Symbol;Acc:HGNC:6204]",1JNM,DBD and Full,Yes,None,"The structure is a homodimer; Prefers heterodimers with FOS, FOSB, FOSL1 and FOSL2 over homodimer, PMID:12805554",a,Yes,TF Gene_DNA-Binding: sequence-specific_DNA Binding; Transactivation_PMIDS:12215258;15494506,Yes,"1a1, Direct HQ evidence",Sam Lambert,Yimeng Yin,Yes,$#ENSG00000177606#GO:0000981#sequence-specific DNA binding RNA polymerase II transcription factor activity#IC - PMID:21113145$#ENSG00000177606#GO:0000982#RNA polymerase II core promoter proximal region sequence-specific DNA binding transcription factor a#IMP - PMID:19962668$#ENSG00000177606#GO:0001077#RNA polymerase II core promoter proximal region sequence-specific DNA binding transcription factor a#IEA - GO_REF:0000019$#ENSG00000177606#GO:0003700#sequence-specific DNA binding transcription factor activity#IDA - PMID:9732876$#ENSG00000177606#GO:0003705#RNA polymerase II distal enhancer sequence-specific DNA binding transcription factor activity#IC - PMID:19861239 | IDA - PMID:2833704$#ENSG00000177606#GO:0051090#regulation of sequence-specific DNA binding transcription factor activity#TAS - Reactome:R-HSA-450341,$#ENSP00000360266#ENSG00000177606#ENST00000371222#bZIP#Jun,FALSE
ENSG00000134954,ETS1,Ets,Yes,Known motif,Monomer or homomultimer,High-throughput in vitro,None,None,IPR000418;IPR003118;IPR013761;IPR016311,2113,"ETS proto-oncogene 1, transcription factor [Source:HGNC Symbol;Acc:HGNC:3488]",1K78,DBD and Full,Yes,None,None,a,Yes,TF Gene_DNA-Binding: non-sequence-specific_DNA Binding; Transactivation_PMIDS:12119294,Yes,"1a1, Direct HQ evidence",Arttu Jolma,Matt Weirauch,Yes,"$#ENSG00000134954#GO:0000981#sequence-specific DNA binding RNA polymerase II transcription factor activity#IBA - GO_REF:0000033$#ENSG00000134954#GO:0000982#RNA polymerase II core promoter proximal region sequence-specific DNA binding transcription factor a#IDA - PMID:21711453$#ENSG00000134954#GO:0003700#sequence-specific DNA binding transcription factor activity#IDA - PMID:11909962, PMID:15247905",$#ENSP00000324578#ENSG00000134954#ENST00000319397#ETS#SAM_PNT$#ENSP00000376436#ENSG00000134954#ENST00000392668#ETS#SAM_PNT$#ENSP00000435666#ENSG00000134954#ENST00000531611#ETS#SAM_PNT$#ENSP00000441430#ENSG00000134954#ENST00000535549#ETS#,FALSE
ENSG00000196092,PAX5,Paired box,Yes,Known motif,Monomer or homomultimer,High-throughput in vitro,None,PDB:1K78 is a PAX5:ETS1 heterodimer,IPR001523;IPR009057;IPR022130;,5079,paired box 5 [Source:HGNC Symbol;Acc:HGNC:8619],1K78,DBD,not tested,None,None,a,Yes,TF Gene_DNA-Binding: sequence-specific_DNA Binding_PMIDS:8406007,No,"1a1, Direct HQ evidence",Sam Lambert,Arttu Jolma,Yes,$#ENSG00000196092#GO:0001077#RNA polymerase II core promoter proximal region sequence-specific DNA binding transcription factor a#IEA - GO_REF:0000019,$#ENSP00000350844#ENSG00000196092#ENST00000358127#Paired Box#Pax2_C$#ENSP00000367078#ENSG00000196092#ENST00000377847#Paired Box#Pax2_C$#ENSP00000367083#ENSG00000196092#ENST00000377852#Paired Box#Pax2_C$#ENSP00000367084#ENSG00000196092#ENST00000377853#Paired Box#Pax2_C$#ENSP00000412188#ENSG00000196092#ENST00000414447#Paired Box#Pax2_C$#ENSP00000404687#ENSG00000196092#ENST00000446742#Paired Box#Pax2_C$#ENSP00000429291#ENSG00000196092#ENST00000520154#Paired Box#$#ENSP00000430773#ENSG00000196092#ENST00000520281#Paired Box#Pax2_C$#ENSP00000429359#ENSG00000196092#ENST00000522003#Paired Box#Pax2_C$#ENSP00000428670#ENSG00000196092#ENST00000522932#Paired Box#Pax2_C$#ENSP00000429197#ENSG00000196092#ENST00000523145#Paired Box#Pax2_C$#ENSP00000429637#ENSG00000196092#ENST00000523241#Paired Box#$#ENSP00000429404#ENSG00000196092#ENST00000524340#Paired Box#Pax2_C,FALSE
ENSG00000111424,VDR,Nuclear receptor,Yes,Known motif,Monomer or homomultimer,High-throughput in vitro,None,None,IPR000324;IPR000536;IPR001628;IPR001723;IPR008946;,7421,"vitamin D (1,25- dihydroxyvitamin D3) receptor [Source:HGNC Symbol;Acc:HGNC:12679]",1KB2,DBD and Full,Yes,None,None,a,Yes,TF Gene Candidate_DNA-Binding: sequence-specific; Transcription Factor Binding: tf co-factor binding_Co-activation; DNA Binding_PMIDS:16750418;8674817,Yes,"1a1, Direct HQ evidence",Laura Campitelli,Tim Hughes,Yes,"$#ENSG00000111424#GO:0003700#sequence-specific DNA binding transcription factor activity#IDA - PMID:17426122$#ENSG00000111424#GO:0008434#vitamin D3 receptor activity#IDA - PMID:12016314, PMID:16549446, PMID:17082781",$#ENSP00000449573#ENSG00000111424#ENST00000549336#Nuclear Hormone Receptor#Hormone_recep$#ENSP00000447173#ENSG00000111424#ENST00000550325#Nuclear Hormone Receptor#Hormone_recep$#ENSP00000449561#ENSG00000111424#ENST00000550314#Nuclear Hormone Receptor#,FALSE
ENSG00000109320,NFKB1,Rel,Yes,Known motif,Monomer or homomultimer,High-throughput in vitro,None,None,IPR000451;IPR000488;IPR002110;IPR002909;IPR008967;IPR011029;IPR011539;IPR014756;IPR020683;IPR030492,4790,nuclear factor kappa B subunit 1 [Source:HGNC Symbol;Acc:HGNC:7794],1LE5,DBD and Full,Yes,None,None,a,Yes,TF Gene_DNA-Binding: sequence-specific_DNA Binding; Transactivation_PMIDS:1406630,Yes,"1a1, Direct HQ evidence",Matt Weirauch,Laura Campitelli,Yes,$#ENSG00000109320#GO:0001205#RNA polymerase II distal enhancer sequence-specific DNA binding transcription factor activity involv#IDA - PMID:1406630$#ENSG00000109320#GO:0001227#RNA polymerase II transcription regulatory region sequence-specific DNA binding transcription factor#IDA - PMID:24434510$#ENSG00000109320#GO:0003700#sequence-specific DNA binding transcription factor activity#IDA - PMID:17426251$#ENSG00000109320#GO:0051092#positive regulation of NF-kappaB transcription factor activity#TAS - Reactome:R-HSA-445989,"$#ENSP00000226574#ENSG00000109320#ENST00000226574#RHD#Ank, Ank_2, Ank_3, Ank_4, Ank_5, Death, RHD_dimer$#ENSP00000378297#ENSG00000109320#ENST00000394820#RHD#Ank, Ank_2, Ank_3, Ank_4, Ank_5, Death, RHD_dimer$#ENSP00000424790#ENSG00000109320#ENST00000505458#RHD#Ank, Ank_2, Ank_3, Ank_4, Ank_5, Death, RHD_dimer$#ENSP00000469340#ENSG00000109320#ENST00000600343#RHD#Ank, Ank_2, Ank_3, Ank_4, Ank_5, Death, RHD_dimer$#ENSP00000424815#ENSG00000109320#ENST00000508584#RHD#RHD_dimer",FALSE
ENSG00000185630,PBX1,Homeodomain,Yes,Known motif,Monomer or homomultimer,High-throughput in vitro,None,None,IPR001356;IPR005542;IPR009057;IPR017970,5087,PBX homeobox 1 [Source:HGNC Symbol;Acc:HGNC:8632],1LFU,DBD and Full,Yes,Obligate_Multimer,Can bind weakly as a homodimer or monomer (structure is an NMR-model of monomer) but prefers heterodimers with HOX-proteins,a,Yes,TF Gene_DNA-Binding: sequence-specific_DNA Binding_PMIDS:8183558;9315626;12529389,Yes,"1a1, Direct HQ evidence",Laura Campitelli,Sam Lambert,Yes,$#ENSG00000185630#GO:0001077#RNA polymerase II core promoter proximal region sequence-specific DNA binding transcription factor a#IEA - GO_REF:0000019$#ENSG00000185630#GO:0003700#sequence-specific DNA binding transcription factor activity#NAS - PMID:10500199,$#ENSP00000356872#ENSG00000185630#ENST00000367897#Homeodomain#PBC$#ENSP00000405890#ENSG00000185630#ENST00000420696#Homeodomain#PBC$#ENSP00000439943#ENSG00000185630#ENST00000540236#Homeodomain#PBC$#ENSP00000473998#ENSG00000185630#ENST00000485769#Homeodomain#PBC$#ENSP00000485692#ENSG00000185630#ENST00000627490#Homeodomain#PBC,FALSE
ENSG00000119715,ESRRB,Nuclear receptor,Yes,Known motif,Monomer or homomultimer,High-throughput in vitro,None,None,IPR000536;IPR001628;IPR001723;IPR008946;IPR024178;IPR027289,2103,estrogen related receptor beta [Source:HGNC Symbol;Acc:HGNC:3473],1LO1,DBD,Yes,None,None,a,Yes,TF Gene_DNA-Binding: sequence-specific_Co-activation_PMIDS:8626619;15766247,Yes,"1a1, Direct HQ evidence",Matt Weirauch,Jussi Taipale,Yes,$#ENSG00000119715#GO:0004879#ligand-activated sequence-specific DNA binding RNA polymerase II transcription factor activity#TAS - PMID:9344655,$#ENSP00000422488#ENSG00000119715#ENST00000509242#Nuclear Hormone Receptor#Hormone_recep$#ENSP00000451658#ENSG00000119715#ENST00000556177#Nuclear Hormone Receptor#Hormone_recep$#ENSP00000370270#ENSG00000119715#ENST00000380887#Nuclear Hormone Receptor#Hormone_recep$#ENSP00000424992#ENSG00000119715#ENST00000512784#Nuclear Hormone Receptor#Hormone_recep,FALSE
ENSG00000129152,MYOD1,bHLH,Yes,Known motif,Monomer or homomultimer,High-throughput in vitro,None,None,IPR002546;IPR011598;IPR022032;,4654,myogenic differentiation 1 [Source:HGNC Symbol;Acc:HGNC:7611],1MDY,DBD and Full,Yes,None,Structure is MYOD1 homodimer,a,Yes,TF Gene_DNA-Binding: sequence-specific_DNA Binding_PMIDS:12242286,Yes,"1a1, Direct HQ evidence",Yimeng Yin,Matt Weirauch,Yes,$#ENSG00000129152#GO:0001228#RNA polymerase II transcription regulatory region sequence-specific DNA binding transcription factor#IDA - PMID:11076940$#ENSG00000129152#GO:0003705#RNA polymerase II distal enhancer sequence-specific DNA binding transcription factor activity#TAS - PMID:1846704,"$#ENSP00000250003#ENSG00000129152#ENST00000250003#bHLH#Basic, Myf5",FALSE
ENSG00000166949,SMAD3,SMAD,Yes,Known motif,Monomer or homomultimer,High-throughput in vitro,None,None,IPR001132;IPR003619;IPR008984;IPR013019,4088,SMAD family member 3 [Source:HGNC Symbol;Acc:HGNC:6769],1MHD,DBD and Full,Yes,None,None,a,Yes,TF Gene Candidate_DNA-Binding: sequence-specific_DNA Binding_PMIDS:9660945,Yes,"1a1, Direct HQ evidence",Matt Weirauch,Arttu Jolma,Yes,"$#ENSG00000166949#GO:0000983#RNA polymerase II core promoter sequence-specific DNA binding transcription factor activity#IDA - PMID:21947082 | IMP - PMID:26311719$#ENSG00000166949#GO:0003700#sequence-specific DNA binding transcription factor activity#IDA - PMID:10823886, PMID:21947082, PMID:9111321, ","$#ENSP00000332973#ENSG00000166949#ENST00000327367#MH1 Family DBDs#IRF-3, MH2$#ENSP00000401133#ENSG00000166949#ENST00000439724#MH1 Family DBDs#IRF-3, MH2$#ENSP00000445348#ENSG00000166949#ENST00000537194#MH1 Family DBDs#IRF-3, MH2$#ENSP00000437757#ENSG00000166949#ENST00000540846#MH1 Family DBDs#IRF-3, MH2$#ENSP00000453684#ENSG00000166949#ENST00000558739#MH1 Family DBDs#$#ENSP00000455540#ENSG00000166949#ENST00000560424#MH1 Family DBDs#MH2",FALSE
ENSG00000118513,MYB,Myb/SANT,Yes,Known motif,Monomer or homomultimer,In vivo/Misc source,Only known motifs are from Transfac or HocoMoco - origin is uncertain,Contains 3 Myb DBDs,IPR001005;IPR009057;IPR012642;IPR015395;IPR017877;IPR017930,4602,"MYB proto-oncogene, transcription factor [Source:HGNC Symbol;Acc:HGNC:7545]",1MSE,DBD and Full,Yes,None,None,a,Yes,TF Gene Candidate_DNA-Binding: sequence-specific_DNA Binding_PMIDS:12244173;15691758,Yes,"1a1, Direct HQ evidence",Yimeng Yin,Laura Campitelli,Yes,$#ENSG00000118513#GO:0000981#sequence-specific DNA binding RNA polymerase II transcription factor activity#IBA - GO_REF:0000033$#ENSG00000118513#GO:0001077#RNA polymerase II core promoter proximal region sequence-specific DNA binding transcription factor a#IC - GO_REF:0000036,"$#ENSP00000339992#ENSG00000118513#ENST00000341911#Myb, Myb-Like, and SANT Domain Containing Genes#Cmyb_C, LMSTEN$#ENSP00000356788#ENSG00000118513#ENST00000367814#Myb, Myb-Like, and SANT Domain Containing Genes#Cmyb_C, LMSTEN$#ENSP00000410825#ENSG00000118513#ENST00000442647#Myb, Myb-Like, and SANT Domain Containing Genes#Cmyb_C, LMSTEN$#ENSP00000435938#ENSG00000118513#ENST00000525369#Myb, Myb-Like, and SANT Domain Containing Genes#Cmyb_C, LMSTEN$#ENSP00000434723#ENSG00000118513#ENST00000528774#Myb, Myb-Like, and SANT Domain Containing Genes#Cmyb_C, LMSTEN$#ENSP00000436605#ENSG00000118513#ENST00000533624#Myb, Myb-Like, and SANT Domain Containing Genes#Cmyb_C$#ENSP00000435055#ENSG00000118513#ENST00000534044#Myb, Myb-Like, and SANT Domain Containing Genes#Cmyb_C, LMSTEN$#ENSP00000432851#ENSG00000118513#ENST00000534121#Myb, Myb-Like, and SANT Domain Containing Genes#Cmyb_C, LMSTEN",FALSE
ENSG00000213999,MEF2B,MADS box,Yes,Known motif,Monomer or homomultimer,High-throughput in vitro,None,None,IPR002100;,100271849,myocyte enhancer factor 2B [Source:HGNC Symbol;Acc:HGNC:6995],1N6J,DBD,not tested,None,None,a,Yes,No,Yes,"1a1, Direct HQ evidence",Sam Lambert,Laura Campitelli,Yes,$#ENSG00000213999#GO:0001077#RNA polymerase II core promoter proximal region sequence-specific DNA binding transcription factor a#IDA - PMID:7760790$#ENSG00000213999#GO:0003700#sequence-specific DNA binding transcription factor activity#NAS - PMID:8575763,$#ENSP00000386480#ENSG00000213999#ENST00000409224#MADS box#$#ENSP00000386784#ENSG00000213999#ENST00000409447#MADS box#$#ENSP00000386374#ENSG00000213999#ENST00000410050#MADS box#$#ENSP00000402154#ENSG00000213999#ENST00000424583#MADS box#,FALSE
ENSG00000245848,CEBPA,bZIP,Yes,Known motif,Monomer or homomultimer,100 perc ID - in vitro,None,None,IPR004827;IPR016468,1050,CCAAT/enhancer binding protein alpha [Source:HGNC Symbol;Acc:HGNC:1833],1NWQ,not tested,Yes,None,Structure is a homodimer,No,Yes,TF Gene_DNA-Binding: sequence-specific_Transactivation_PMIDS:2227417;8632009,Yes,"1a1, Direct HQ evidence",Yimeng Yin,Pratyush Das,Yes,"$#ENSG00000245848#GO:0001077#RNA polymerase II core promoter proximal region sequence-specific DNA binding transcription factor a#IEA - GO_REF:0000019$#ENSG00000245848#GO:0001228#RNA polymerase II transcription regulatory region sequence-specific DNA binding transcription factor#IMP - PMID:16946298$#ENSG00000245848#GO:0003700#sequence-specific DNA binding transcription factor activity#IDA - PMID:11242107, PMID:12695546, PMID:15664994$#ENSG00000245848#GO:0003705#RNA polymerase II distal enhancer sequence-specific DNA binding transcription factor activity#NAS - PMID:7575576",$#ENSP00000427514#ENSG00000245848#ENST00000498907#bZIP#,FALSE
ENSG00000137270,GCM1,GCM,Yes,Known motif,Monomer or homomultimer,High-throughput in vitro,None,None,IPR003902;,8521,glial cells missing homolog 1 [Source:HGNC Symbol;Acc:HGNC:4197],1ODH,DBD and Full,Yes,None,None,a,Yes,TF Gene_DNA-Binding: sequence-specific_DNA Binding_PMIDS:12682016;15385555,Yes,"1a1, Direct HQ evidence",Arttu Jolma,Pratyush Das,Yes,$#ENSG00000137270#GO:0000981#sequence-specific DNA binding RNA polymerase II transcription factor activity#IDA - PMID:23867755$#ENSG00000137270#GO:0001077#RNA polymerase II core promoter proximal region sequence-specific DNA binding transcription factor a#IDA - PMID:15385555$#ENSG00000137270#GO:0003700#sequence-specific DNA binding transcription factor activity#IDA - PMID:15385555,$#ENSP00000259803#ENSG00000137270#ENST00000259803#GCM#,FALSE
ENSG00000066336,SPI1,Ets,Yes,Known motif,Monomer or homomultimer,High-throughput in vitro,None,None,IPR000418;,6688,Spi-1 proto-oncogene [Source:HGNC Symbol;Acc:HGNC:11241],1PUE,DBD and Full,not tested,None,None,a,Yes,TF Gene_DNA-Binding: sequence-specific_DNA Binding; Transactivation_PMIDS:9211934;10523830;7624145,Yes,"1a1, Direct HQ evidence",Matt Weirauch,Pratyush Das,Yes,$#ENSG00000066336#GO:0000981#sequence-specific DNA binding RNA polymerase II transcription factor activity#IBA - GO_REF:0000033$#ENSG00000066336#GO:0001077#RNA polymerase II core promoter proximal region sequence-specific DNA binding transcription factor a#IEA - GO_REF:0000019$#ENSG00000066336#GO:0001078#RNA polymerase II core promoter proximal region sequence-specific DNA binding transcription factor a#IEA - GO_REF:0000019$#ENSG00000066336#GO:0001205#RNA polymerase II distal enhancer sequence-specific DNA binding transcription factor activity involv#IEA - GO_REF:0000019$#ENSG00000066336#GO:0003700#sequence-specific DNA binding transcription factor activity#IDA - PMID:12833137$#ENSG00000066336#GO:0003705#RNA polymerase II distal enhancer sequence-specific DNA binding transcription factor activity#ISS - GO_REF:0000024,$#ENSP00000367799#ENSG00000066336#ENST00000378538#ETS#$#ENSP00000438846#ENSG00000066336#ENST00000533968#ETS#$#ENSP00000227163#ENSG00000066336#ENST00000227163#ETS#p47_phox_C$#ENSP00000443865#ENSG00000066336#ENST00000533030#ETS#,FALSE
ENSG00000078399,HOXA9,Homeodomain,Yes,Known motif,Monomer or homomultimer,High-throughput in vitro,None,None,IPR001356;IPR006711;IPR009057;IPR017112;IPR017970;IPR020479,442920,homeobox A9 [Source:HGNC Symbol;Acc:HGNC:5109],1PUF,DBD and Full,Yes,None,Structure is a heterodimer of HoxA9 and Pbx1,a,Yes,TF Gene_DNA-Binding: sequence-specific_DNA Binding; Transactivation_PMIDS:11042172,No,"1a1, Direct HQ evidence",Arttu Jolma,Jussi Taipale,Yes,None,$#ENSP00000343619#ENSG00000078399#ENST00000343483#Homeodomain#Hox9_act$#ENSP00000379634#ENSG00000078399#ENST00000396345#Homeodomain#Hox9_act,FALSE
ENSG00000169083,AR,Nuclear receptor,Yes,Known motif,Monomer or homomultimer,High-throughput in vitro,None,None,IPR000536;IPR001103;IPR001628;IPR001723;IPR008946;,367,androgen receptor [Source:HGNC Symbol;Acc:HGNC:644],1R4I,DBD and Full,Yes,None,None,a,Yes,TF Gene_DNA-Binding: sequence-specific_DNA Binding_PMIDS:7685765;9211894,No,"1a1, Direct HQ evidence",Yimeng Yin,Matt Weirauch,Yes,"$#ENSG00000169083#GO:0001077#RNA polymerase II core promoter proximal region sequence-specific DNA binding transcription factor a#IDA - PMID:16728402$#ENSG00000169083#GO:0003700#sequence-specific DNA binding transcription factor activity#IDA - PMID:11477070, PMID:15572661 | TAS - PMID:20$#ENSG00000169083#GO:0004879#ligand-activated sequence-specific DNA binding RNA polymerase II transcription factor activity#IDA - PMID:17277772$#ENSG00000169083#GO:0004882#androgen receptor activity#IDA - PMID:12799378, PMID:19886863, PMID:20048160,$#ENSG00000169083#GO:0051092#positive regulation of NF-kappaB transcription factor activity#IMP - PMID:21310825","$#ENSP00000363822#ENSG00000169083#ENST00000374690#Nuclear Hormone Receptor#Androgen_recep, Hormone_recep$#ENSP00000379358#ENSG00000169083#ENST00000396043#Nuclear Hormone Receptor#Hormone_recep$#ENSP00000379359#ENSG00000169083#ENST00000396044#Nuclear Hormone Receptor#Androgen_recep$#ENSP00000421155#ENSG00000169083#ENST00000504326#Nuclear Hormone Receptor#Androgen_recep$#ENSP00000479013#ENSG00000169083#ENST00000613054#Nuclear Hormone Receptor#Androgen_recep",FALSE
ENSG00000112658,SRF,MADS box,Yes,Known motif,Monomer or homomultimer,High-throughput in vitro,None,None,IPR002100;,6722,serum response factor [Source:HGNC Symbol;Acc:HGNC:11291],1SRS,DBD and Full,Yes,None,None,a,Yes,TF Gene_DNA-Binding: sequence-specific_DNA Binding_PMIDS:11278806;15728583;16170155,Yes,"1a1, Direct HQ evidence",Yimeng Yin,Jussi Taipale,Yes,$#ENSG00000112658#GO:0000983#RNA polymerase II core promoter sequence-specific DNA binding transcription factor activity#IMP - PMID:18296735$#ENSG00000112658#GO:0001077#RNA polymerase II core promoter proximal region sequence-specific DNA binding transcription factor a#IDA - PMID:20808827$#ENSG00000112658#GO:0001228#RNA polymerase II transcription regulatory region sequence-specific DNA binding transcription factor#ISS - GO_REF:0000024$#ENSG00000112658#GO:0003700#sequence-specific DNA binding transcription factor activity#IDA - PMID:3203386$#ENSG00000112658#GO:0003705#RNA polymerase II distal enhancer sequence-specific DNA binding transcription factor activity#IEA - GO_REF:0000019$#ENSG00000112658#GO:0051091#positive regulation of sequence-specific DNA binding transcription factor activity#IDA - PMID:19098903,$#ENSP00000265354#ENSG00000112658#ENST00000265354#MADS box#,FALSE
ENSG00000115966,ATF2,bZIP,Yes,Known motif,Monomer or homomultimer,High-throughput in vitro,None,None,IPR004827;IPR007087;IPR016378;,1386,activating transcription factor 2 [Source:HGNC Symbol;Acc:HGNC:784],1T2K,DBD and Full,Yes,None,Structure has IRF3;ATF2;JUN,a,Yes,TF Gene_DNA-Binding: sequence-specific_Transactivation_PMIDS:1658708;2529117;9139739;10909971,Yes,"1a1, Direct HQ evidence",Pratyush Das,Jussi Taipale,Yes,$#ENSG00000115966#GO:0001077#RNA polymerase II core promoter proximal region sequence-specific DNA binding transcription factor a#IEA - GO_REF:0000019$#ENSG00000115966#GO:0001228#RNA polymerase II transcription regulatory region sequence-specific DNA binding transcription factor#IC - GO_REF:0000036$#ENSG00000115966#GO:0003700#sequence-specific DNA binding transcription factor activity#IDA - PMID:8798441$#ENSG00000115966#GO:0003705#RNA polymerase II distal enhancer sequence-specific DNA binding transcription factor activity#IC - PMID:19861239$#ENSG00000115966#GO:0051090#regulation of sequence-specific DNA binding transcription factor activity#TAS - Reactome:R-HSA-450341$#ENSG00000115966#GO:0051091#positive regulation of sequence-specific DNA binding transcription factor activity#IMP - PMID:10821277,$#ENSP00000264110#ENSG00000115966#ENST00000264110#bZIP#$#ENSP00000340576#ENSG00000115966#ENST00000345739#bZIP#$#ENSP00000376327#ENSG00000115966#ENST00000392544#bZIP#$#ENSP00000386282#ENSG00000115966#ENST00000409499#bZIP#$#ENSP00000386526#ENSG00000115966#ENST00000409833#bZIP#$#ENSP00000407911#ENSG00000115966#ENST00000426833#bZIP#,FALSE
ENSG00000122034,GTF3A,C2H2 ZF,Yes,Known motif,Monomer or homomultimer,High-throughput in vitro,ChIP-seq motif is consistent with recognition code (RCADE),None,IPR007087;IPR015880,2971,General transcription factor IIIA [Source:HGNC Symbol;Acc:HGNC:4662] ,1TF3,not tested,Yes,None,3 ZNF NMR structure,x,Yes,No,No,"1a1, Direct HQ evidence",Pratyush Das,Jussi Taipale,Yes,None,$#ENSP00000370532#ENSG00000122034#ENST00000381140#C2H2 ZF Containing Proteins#,FALSE
ENSG00000141510,TP53,p53,Yes,Known motif,Monomer or homomultimer,In vivo/Misc source,None,None,IPR002117;IPR008967;IPR010991;IPR011615;IPR013872;,7157,tumor protein p53 [Source:HGNC Symbol;Acc:HGNC:11998],1TSR,DBD and Full,not tested,None,None,a,Yes,TF Gene_DNA-Binding: sequence-specific_DNA Binding; Transactivation_PMIDS:12082536,Yes,"1a1, Direct HQ evidence",Matt Weirauch,Yimeng Yin,Yes,"$#ENSG00000141510#GO:0000981#sequence-specific DNA binding RNA polymerase II transcription factor activity#IDA - PMID:24652652$#ENSG00000141510#GO:0001228#RNA polymerase II transcription regulatory region sequence-specific DNA binding transcription factor#IDA - PMID:17146433$#ENSG00000141510#GO:0003700#sequence-specific DNA binding transcription factor activity#IDA - PMID:18549481, PMID:7587074","$#ENSP00000269305#ENSG00000141510#ENST00000269305#p53#P53_TAD, P53_tetramer$#ENSP00000352610#ENSG00000141510#ENST00000359597#p53#P53_TAD$#ENSP00000410739#ENSG00000141510#ENST00000413465#p53#P53_TAD$#ENSP00000391127#ENSG00000141510#ENST00000420246#p53#P53_TAD$#ENSP00000391478#ENSG00000141510#ENST00000445888#p53#P53_TAD, P53_tetramer$#ENSP00000398846#ENSG00000141510#ENST00000455263#p53#P53_TAD$#ENSP00000484409#ENSG00000141510#ENST00000504290#p53#$#ENSP00000481179#ENSG00000141510#ENST00000504937#p53#P53_tetramer$#ENSP00000478499#ENSG00000141510#ENST00000510385#p53#$#ENSP00000423862#ENSG00000141510#ENST00000514944#p53#P53_TAD$#ENSP00000458393#ENSG00000141510#ENST00000576024#p53#$#ENSP00000478219#ENSG00000141510#ENST00000610292#p53#P53_tetramer$#ENSP00000480868#ENSG00000141510#ENST00000610538#p53#$#ENSP00000477531#ENSG00000141510#ENST00000610623#p53#$#ENSP00000482258#ENSG00000141510#ENST00000617185#p53#P53_TAD$#ENSP00000481401#ENSG00000141510#ENST00000618944#p53#$#ENSP00000484375#ENSG00000141510#ENST00000619186#p53#P53_tetramer$#ENSP00000482537#ENSG00000141510#ENST00000619485#p53#P53_tetramer$#ENSP00000481638#ENSG00000141510#ENST00000620739#p53#P53_tetramer$#ENSP00000482222#ENSG00000141510#ENST00000622645#p53#",FALSE
ENSG00000100811,YY1,C2H2 ZF,Yes,Known motif,Monomer or homomultimer,High-throughput in vitro,None,None,IPR007087;IPR015880;IPR017114;,102466730,YY1 transcription factor [Source:HGNC Symbol;Acc:HGNC:12856],1UBD,DBD and Full,Yes,None,None,a,Yes,TF Gene_DNA-Binding: sequence-specific_DNA Binding_PMIDS:12584314;7501456;9141463;10452940;7565750;15316102;1655281;1720509,Yes,"1a1, Direct HQ evidence",Pratyush Das,Jussi Taipale,Yes,$#ENSG00000100811#GO:0001078#RNA polymerase II core promoter proximal region sequence-specific DNA binding transcription factor a#ISS - GO_REF:0000024$#ENSG00000100811#GO:0003700#sequence-specific DNA binding transcription factor activity#TAS - PMID:1946405,$#ENSP00000262238#ENSG00000100811#ENST00000262238#C2H2 ZF Containing Proteins#$#ENSP00000452140#ENSG00000100811#ENST00000553625#C2H2 ZF Containing Proteins#$#ENSP00000451329#ENSG00000100811#ENST00000554371#C2H2 ZF Containing Proteins#$#ENSP00000452225#ENSG00000100811#ENST00000554804#C2H2 ZF Containing Proteins#,FALSE
ENSG00000132604,TERF2,Myb/SANT,Yes,Inferred motif,Monomer or homomultimer,High-throughput in vitro,None,"The sequence in the crystal structure (PDB:1VFC), GTTAGGGTTAGGG, matches the inferred mouse motif.",IPR001005;IPR009057;IPR013867;IPR017357;IPR017930;,7014,telomeric repeat binding factor 2 [Source:HGNC Symbol;Acc:HGNC:11729],1VFC,Full,not tested,None,None,c,Yes,No,No,"1a1, Direct HQ evidence",Sam Lambert,Arttu Jolma,No,None,"$#ENSP00000254942#ENSG00000132604#ENST00000254942#Myb, Myb-Like, and SANT Domain Containing Genes#TERF2_RBM, TRF$#ENSP00000454955#ENSG00000132604#ENST00000567296#Myb, Myb-Like, and SANT Domain Containing Genes#PCI, TRF$#ENSP00000456022#ENSG00000132604#ENST00000566750#Myb, Myb-Like, and SANT Domain Containing Genes#PCI, TERF2_RBM, TRF$#ENSP00000475507#ENSG00000132604#ENST00000569584#Myb, Myb-Like, and SANT Domain Containing Genes#TERF2_RBM, TRF$#ENSP00000463079#ENSG00000132604#ENST00000566051#Myb, Myb-Like, and SANT Domain Containing Genes#",FALSE
ENSG00000170608,FOXA3,Forkhead,Yes,Known motif,Monomer or homomultimer,High-throughput in vitro,None,None,IPR001766;IPR013638;IPR018122;IPR018533,3171,forkhead box A3 [Source:HGNC Symbol;Acc:HGNC:5023],1VTN,DBD and Full,Yes,None,None,a,Yes,No,Yes,"1a1, Direct HQ evidence",Sam Lambert,Yimeng Yin,Yes,$#ENSG00000170608#GO:0000981#sequence-specific DNA binding RNA polymerase II transcription factor activity#IBA - GO_REF:0000033$#ENSG00000170608#GO:0003700#sequence-specific DNA binding transcription factor activity#IDA - PMID:12695546 | TAS - PMID:9369482,"$#ENSP00000304004#ENSG00000170608#ENST00000302177#Forkhead#Forkhead_N, HNF_C$#ENSP00000470816#ENSG00000170608#ENST00000594297#Forkhead#Forkhead_N",FALSE
ENSG00000164458,T,T-box,Yes,Known motif,Monomer or homomultimer,High-throughput in vitro,None,None,IPR001699;IPR002070;IPR008967;IPR018186,6862,T brachyury transcription factor [Source:HGNC Symbol;Acc:HGNC:11515],1XBR,DBD and Full,not tested,None,None,a,Yes,TF Gene_DNA-Binding: sequence-specific_Transactivation_PMIDS:7588606;8344258,Yes,"1a1, Direct HQ evidence",Pratyush Das,Arttu Jolma,Yes,$#ENSG00000164458#GO:0003700#sequence-specific DNA binding transcription factor activity#NAS - PMID:8963900$#ENSG00000164458#GO:0003705#RNA polymerase II distal enhancer sequence-specific DNA binding transcription factor activity#IDA - PMID:21632880,$#ENSP00000355836#ENSG00000164458#ENST00000366871#T-box#$#ENSP00000355841#ENSG00000164458#ENST00000366876#T-box#$#ENSP00000296946#ENSG00000164458#ENST00000296946#T-box#$#ENSP00000453512#ENSG00000164458#ENST00000461348#T-box#,FALSE
ENSG00000124664,SPDEF,Ets,Yes,Known motif,Monomer or homomultimer,High-throughput in vitro,None,None,IPR000418;IPR003118;IPR013761;,25803,SAM pointed domain containing ETS transcription factor [Source:HGNC Symbol;Acc:HGNC:17257],1YO5,DBD and Full,Yes,None,None,a,Yes,TF Gene_DNA-Binding: sequence-specific; Transcription Factor Binding: tf co-factor binding_DNA Binding; Transactivation_PMIDS:10625666,Yes,"1a1, Direct HQ evidence",Laura Campitelli,Pratyush Das,Yes,$#ENSG00000124664#GO:0000981#sequence-specific DNA binding RNA polymerase II transcription factor activity#IBA - GO_REF:0000033,$#ENSP00000363149#ENSG00000124664#ENST00000374037#ETS#SAM_PNT$#ENSP00000442715#ENSG00000124664#ENST00000544425#ETS#SAM_PNT,FALSE
ENSG00000128573,FOXP2,Forkhead,Yes,Known motif,Monomer or homomultimer,High-throughput in vitro,None,None,IPR001766;,93986,forkhead box P2 [Source:HGNC Symbol;Acc:HGNC:13875],2A07,DBD and Full,Yes,None,None,a,Yes,TF Gene_DNA-Binding: sequence-specific_Transactivation_PMIDS:11358962;14701752;11358962;14701752,Yes,"1a1, Direct HQ evidence",Jussi Taipale,Matt Weirauch,Yes,$#ENSG00000128573#GO:0000981#sequence-specific DNA binding RNA polymerase II transcription factor activity#IBA - GO_REF:0000033$#ENSG00000128573#GO:0001078#RNA polymerase II core promoter proximal region sequence-specific DNA binding transcription factor a#IEA - GO_REF:0000019$#ENSG00000128573#GO:0003700#sequence-specific DNA binding transcription factor activity#IDA - PMID:18987363,"$#ENSP00000265436#ENSG00000128573#ENST00000350908#Forkhead#FOXP-CC$#ENSP00000353367#ENSG00000128573#ENST00000360232#Forkhead#FOXP-CC$#ENSP00000367482#ENSG00000128573#ENST00000378237#Forkhead#CDC45, FOXP-CC$#ENSP00000375084#ENSG00000128573#ENST00000390668#Forkhead#CDC45, FOXP-CC$#ENSP00000377129#ENSG00000128573#ENST00000393489#Forkhead#CDC45, FOXP-CC$#ENSP00000386200#ENSG00000128573#ENST00000408937#Forkhead#CDC45, FOXP-CC$#ENSP00000418100#ENSG00000128573#ENST00000462331#Forkhead#$#ENSP00000385069#ENSG00000128573#ENST00000403559#Forkhead#CDC45, FOXP-CC",FALSE
ENSG00000116833,NR5A2,Nuclear receptor,Yes,Known motif,Monomer or homomultimer,High-throughput in vitro,None,None,IPR000536;IPR001628;IPR001723;IPR008946;IPR016355;,2494,nuclear receptor subfamily 5 group A member 2 [Source:HGNC Symbol;Acc:HGNC:7984],2A66,DBD and Full,Yes,None,None,a,Yes,TF Gene_DNA-Binding: sequence-specific_DNA Binding; Transactivation_PMIDS:12456679;15014077,Yes,"1a1, Direct HQ evidence",Pratyush Das,Matt Weirauch,Yes,"$#ENSG00000116833#GO:0001077#RNA polymerase II core promoter proximal region sequence-specific DNA binding transcription factor a#IEA - GO_REF:0000019$#ENSG00000116833#GO:0003700#sequence-specific DNA binding transcription factor activity#IDA - PMID:15205472, PMID:15723037, PMID:16289203$#ENSG00000116833#GO:0003705#RNA polymerase II distal enhancer sequence-specific DNA binding transcription factor activity#TAS - PMID:9786908$#ENSG00000116833#GO:0004879#ligand-activated sequence-specific DNA binding RNA polymerase II transcription factor activity#TAS - PMID:16271724",$#ENSP00000236914#ENSG00000116833#ENST00000236914#Nuclear Hormone Receptor#Hormone_recep$#ENSP00000356326#ENSG00000116833#ENST00000367357#Nuclear Hormone Receptor#$#ENSP00000356331#ENSG00000116833#ENST00000367362#Nuclear Hormone Receptor#Hormone_recep$#ENSP00000414888#ENSG00000116833#ENST00000447034#Nuclear Hormone Receptor#$#ENSP00000439116#ENSG00000116833#ENST00000544748#Nuclear Hormone Receptor#Hormone_recep,FALSE
ENSG00000141568,FOXK2,Forkhead,Yes,Inferred motif,Monomer or homomultimer,High-throughput in vitro,None,None,IPR000253;IPR001766;IPR008984;IPR018122,3607,forkhead box K2 [Source:HGNC Symbol;Acc:HGNC:6036],2C6Y,DBD,not tested,None,The crystal is an interesting through-DNA homodimer,a,Yes,No,Yes,"1a1, Direct HQ evidence",Arttu Jolma,Laura Campitelli,Yes,$#ENSG00000141568#GO:0001077#RNA polymerase II core promoter proximal region sequence-specific DNA binding transcription factor a#IDA - PMID:9065434$#ENSG00000141568#GO:0003700#sequence-specific DNA binding transcription factor activity#NAS - PMID:12402362,$#ENSP00000335677#ENSG00000141568#ENST00000335255#Forkhead#FHA$#ENSP00000461540#ENSG00000141568#ENST00000575578#Forkhead#$#ENSP00000433167#ENSG00000141568#ENST00000531030#Forkhead#$#ENSP00000432663#ENSG00000141568#ENST00000526383#Forkhead#,FALSE
ENSG00000082175,PGR,Nuclear receptor,Yes,Known motif,Monomer or homomultimer,High-throughput in vitro,None,None,IPR000128;IPR000536;IPR001628;IPR001723;IPR008946;,5241,progesterone receptor [Source:HGNC Symbol;Acc:HGNC:8910],2C7A,DBD,Yes,None,None,a,Yes,TF Gene_DNA-Binding: sequence-specific_DNA Binding_PMIDS:5579944;12114521,Yes,"1a1, Direct HQ evidence",Matt Weirauch,Jussi Taipale,Yes,$#ENSG00000082175#GO:0001077#RNA polymerase II core promoter proximal region sequence-specific DNA binding transcription factor a#IDA - PMID:17785366,"$#ENSP00000263463#ENSG00000082175#ENST00000263463#Nuclear Hormone Receptor#Hormone_recep, Prog_receptor$#ENSP00000325120#ENSG00000082175#ENST00000325455#Nuclear Hormone Receptor#Hormone_recep, Prog_receptor$#ENSP00000436561#ENSG00000082175#ENST00000534013#Nuclear Hormone Receptor#Hormone_recep$#ENSP00000487607#ENSG00000082175#ENST00000632634#Nuclear Hormone Receptor#Prog_receptor",FALSE
ENSG00000169856,ONECUT1,CUT; Homeodomain,Yes,Known motif,Monomer or homomultimer,High-throughput in vitro,None,None,IPR001356;IPR003350;IPR009057;IPR010982,3175,one cut homeobox 1 [Source:HGNC Symbol;Acc:HGNC:8138],2D5V,DBD and Full,not tested,None,The structure has both the CUT and homeodomain,a,Yes,TF Gene_DNA-Binding: sequence-specific_DNA Binding_PMIDS:15581617;16618419,Yes,"1a1, Direct HQ evidence",Jussi Taipale,Laura Campitelli,Yes,$#ENSG00000169856#GO:0001077#RNA polymerase II core promoter proximal region sequence-specific DNA binding transcription factor a#IBA - GO_REF:0000033 | ISS - GO_REF:0000024,"$#ENSP00000302630#ENSG00000169856#ENST00000305901#CUT, Homeodomain#$#ENSP00000453718#ENSG00000169856#ENST00000560699#CUT, Homeodomain#",FALSE
ENSG00000137309,HMGA1,AT hook,Yes,Known motif,Monomer or homomultimer,In vivo/Misc source,Only known motifs are from Transfac or HocoMoco - origin is uncertain,None,IPR000116;IPR000637;IPR017956;IPR020478,3159,high mobility group AT-hook 1 [Source:HGNC Symbol;Acc:HGNC:5010],2EZD,not tested,not tested,None,Pmid:9253416 Architectural HMG,c,Yes,TF Gene_DNA-Binding: non-sequence-specific; Transcription Factor Binding: tf co-factor binding_DNA Binding_PMIDS:9199299;12907668,Yes,"3a, decent circumstantial evidence for its role as",Yimeng Yin,Arttu Jolma,Yes,$#ENSG00000137309#GO:0001205#RNA polymerase II distal enhancer sequence-specific DNA binding transcription factor activity involv#ISS - GO_REF:0000024$#ENSG00000137309#GO:0003700#sequence-specific DNA binding transcription factor activity#IBA - GO_REF:0000033,$#ENSP00000308227#ENSG00000137309#ENST00000311487#AT hook#$#ENSP00000288245#ENSG00000137309#ENST00000347617#AT hook#$#ENSP00000363230#ENSG00000137309#ENST00000374116#AT hook#$#ENSP00000385693#ENSG00000137309#ENST00000401473#AT hook#$#ENSP00000399888#ENSG00000137309#ENST00000447654#AT hook#,FALSE
ENSG00000168214,RBPJ,CSL,Yes,Known motif,Monomer or homomultimer,High-throughput in vitro,None,None,IPR002909;IPR008967;IPR014756;IPR015350;IPR015351;,3516,recombination signal binding protein for immunoglobulin kappa J region [Source:HGNC Symbol;Acc:HGNC:,2F8X,DBD and Full,Yes,None,"RBPJ contacts DNA in the structure 2F8X, structure has also MAML1, but that does not contact the DNA",a,Yes,TF Gene_DNA-Binding: sequence-specific_DNA Binding_PMIDS:8152928;8625826,Yes,"1a1, Direct HQ evidence",Jussi Taipale,Sam Lambert,Yes,$#ENSG00000168214#GO:0001077#RNA polymerase II core promoter proximal region sequence-specific DNA binding transcription factor a#IDA - PMID:18663143$#ENSG00000168214#GO:0003700#sequence-specific DNA binding transcription factor activity#TAS - PMID:9874765,"$#ENSP00000340124#ENSG00000168214#ENST00000342320#LAG1, DNA binding#BTD, TIG$#ENSP00000305815#ENSG00000168214#ENST00000345843#LAG1, DNA binding#BTD, TIG$#ENSP00000339699#ENSG00000168214#ENST00000348160#LAG1, DNA binding#BTD, TIG$#ENSP00000347659#ENSG00000168214#ENST00000355476#LAG1, DNA binding#BTD, TIG$#ENSP00000354528#ENSG00000168214#ENST00000361572#LAG1, DNA binding#BTD, TIG$#ENSP00000423907#ENSG00000168214#ENST00000507561#LAG1, DNA binding#BTD, TIG$#ENSP00000424804#ENSG00000168214#ENST00000509158#LAG1, DNA binding#$#ENSP00000423644#ENSG00000168214#ENST00000512671#LAG1, DNA binding#$#ENSP00000424459#ENSG00000168214#ENST00000504938#LAG1, DNA binding#$#ENSP00000424989#ENSG00000168214#ENST00000514807#LAG1, DNA binding#",FALSE
ENSG00000136931,NR5A1,Nuclear receptor,Yes,Known motif,Monomer or homomultimer,High-throughput in vitro,None,None,IPR000536;IPR001628;IPR001723;IPR008946;IPR016355;,2516,nuclear receptor subfamily 5 group A member 1 [Source:HGNC Symbol;Acc:HGNC:7983],2FF0,DBD and Full,Yes,None,None,a,Yes,TF Gene_DNA-Binding: sequence-specific_Other_PMIDS:8463279;10913126,Yes,"1a1, Direct HQ evidence",Yimeng Yin,Matt Weirauch,Yes,$#ENSG00000136931#GO:0003705#RNA polymerase II distal enhancer sequence-specific DNA binding transcription factor activity#IDA - PMID:21412441$#ENSG00000136931#GO:0004879#ligand-activated sequence-specific DNA binding RNA polymerase II transcription factor activity#TAS - PMID:8205615,$#ENSP00000362690#ENSG00000136931#ENST00000373588#Nuclear Hormone Receptor#Hormone_recep$#ENSP00000362689#ENSG00000136931#ENST00000373587#Nuclear Hormone Receptor#Hormone_recep$#ENSP00000393245#ENSG00000136931#ENST00000455734#Nuclear Hormone Receptor#$#ENSP00000483309#ENSG00000136931#ENST00000620110#Nuclear Hormone Receptor#Hormone_recep,FALSE
ENSG00000111087,GLI1,C2H2 ZF,Yes,Known motif,Monomer or homomultimer,In vivo/Misc source,None,None,IPR007087;IPR015880,2735,GLI family zinc finger 1 [Source:HGNC Symbol;Acc:HGNC:4317],2GLI,DBD and Full,Yes,None,None,a,Yes,TF Gene_DNA-Binding: sequence-specific_DNA Binding; Transactivation_PMIDS:10559945;11719506;15087129,No,"1a1, Direct HQ evidence",Yimeng Yin,Tim Hughes,Yes,$#ENSG00000111087#GO:0003705#RNA polymerase II distal enhancer sequence-specific DNA binding transcription factor activity#IEA - GO_REF:0000019,$#ENSP00000228682#ENSG00000111087#ENST00000228682#C2H2 ZF Containing Proteins#$#ENSP00000434408#ENSG00000111087#ENST00000528467#C2H2 ZF Containing Proteins#$#ENSP00000434421#ENSG00000111087#ENST00000528432#C2H2 ZF Containing Proteins#$#ENSP00000436671#ENSG00000111087#ENST00000532291#C2H2 ZF Containing Proteins#,FALSE
ENSG00000139515,PDX1,Homeodomain,Yes,Known motif,Monomer or homomultimer,High-throughput in vitro,None,None,IPR001356;IPR009057;IPR017970;IPR017995;IPR020479;,3651,pancreatic and duodenal homeobox 1 [Source:HGNC Symbol;Acc:HGNC:6107],2H1K,DBD,not tested,None,None,a,Yes,TF Gene_DNA-Binding: sequence-specific_DNA Binding; Transactivation_PMIDS:14704343,Yes,"1a1, Direct HQ evidence",Arttu Jolma,Pratyush Das,Yes,$#ENSG00000139515#GO:0003700#sequence-specific DNA binding transcription factor activity#TAS - PMID:17941991$#ENSG00000139515#GO:0003705#RNA polymerase II distal enhancer sequence-specific DNA binding transcription factor activity#IEA - GO_REF:0000019,$#ENSP00000370421#ENSG00000139515#ENST00000381033#Homeodomain#,FALSE
ENSG00000275410,HNF1B,Homeodomain,Yes,Known motif,Monomer or homomultimer,High-throughput in vitro,None,None,IPR001356;IPR006897;IPR006899;IPR009057;IPR010982;IPR023219,6928,HNF1 homeobox B [Source:HGNC Symbol;Acc:HGNC:11630],2H8R,DBD and Full,not tested,None,"Structure has two HNF1A proteins, both of which have two homeodomains",a,Yes,TF Gene_DNA-Binding: sequence-specific_DNA Binding_PMIDS:9774468,Yes,"1a1, Direct HQ evidence",Pratyush Das,Laura Campitelli,Yes,$#ENSG00000275410#GO:0003700#sequence-specific DNA binding transcription factor activity#IDA - PMID:16297991$#ENSG00000275410#GO:0003705#RNA polymerase II distal enhancer sequence-specific DNA binding transcription factor activity#IEA - GO_REF:0000019,"$#ENSP00000477524#ENSG00000275410#ENST00000613727#Homeodomain#HNF-1B_C, HNF-1_N$#ENSP00000478682#ENSG00000275410#ENST00000617272#Homeodomain#HNF-1B_C, HNF-1_N$#ENSP00000480291#ENSG00000275410#ENST00000617811#Homeodomain#HNF-1B_C, HNF-1_N$#ENSP00000482711#ENSG00000275410#ENST00000621123#Homeodomain#HNF-1B_C, HNF-1_N",FALSE
ENSG00000187140,FOXD3,Forkhead,Yes,Known motif,Monomer or homomultimer,High-throughput in vitro,None,None,IPR001766;IPR018122,27022,forkhead box D3 [Source:HGNC Symbol;Acc:HGNC:3804],2HDC,DBD,Yes,None,None,a,Yes,TF Gene_DNA-Binding: sequence-specific_DNA Binding_PMIDS:8139574,Yes,"1a1, Direct HQ evidence",Pratyush Das,Yimeng Yin,Yes,$#ENSG00000187140#GO:0001227#RNA polymerase II transcription regulatory region sequence-specific DNA binding transcription factor#IDA - PMID:22306510$#ENSG00000187140#GO:0003700#sequence-specific DNA binding transcription factor activity#ISS - GO_REF:0000024,$#ENSP00000360157#ENSG00000187140#ENST00000371116#Forkhead#,FALSE
ENSG00000168310,IRF2,IRF,Yes,Known motif,Monomer or homomultimer,High-throughput in vitro,None,None,IPR001346;IPR017431;IPR019817;,3660,interferon regulatory factor 2 [Source:HGNC Symbol;Acc:HGNC:6117],2IRF,DBD and Full,Yes,None,Requires phosphorylation for proper dimeric function,a,Yes,TF Gene_DNA-Binding: sequence-specific_DNA Binding_PMIDS:8798551;7687740,Yes,"1a1, Direct HQ evidence",Arttu Jolma,Matt Weirauch,Yes,$#ENSG00000168310#GO:0001228#RNA polymerase II transcription regulatory region sequence-specific DNA binding transcription factor#IMP - PMID:9540062$#ENSG00000168310#GO:0003700#sequence-specific DNA binding transcription factor activity#IMP - PMID:9540062,$#ENSP00000377218#ENSG00000168310#ENST00000393593#Interferon regulatory factor (IRF)#$#ENSP00000422860#ENSG00000168310#ENST00000506230#Interferon regulatory factor (IRF)#$#ENSP00000423074#ENSG00000168310#ENST00000502750#Interferon regulatory factor (IRF)#$#ENSP00000421927#ENSG00000168310#ENST00000505067#Interferon regulatory factor (IRF)#,FALSE
ENSG00000184937,WT1,C2H2 ZF,Yes,Known motif,Monomer or homomultimer,High-throughput in vitro,None,"Crystal structure (PDB:2JP9) is with dsDNA GCGCAGACGCCCCCGCG, which is consistent with the PWMs",IPR000976;IPR007087;IPR015880;IPR017987,7490,Wilms tumor 1 [Source:HGNC Symbol;Acc:HGNC:12796],2JP9,DBD and Full,Yes,None,Crystal seems fine,a,Yes,No,No,"1a1, Direct HQ evidence",Yimeng Yin,Arttu Jolma,Yes,"$#ENSG00000184937#GO:0001077#RNA polymerase II core promoter proximal region sequence-specific DNA binding transcription factor a#ISS - GO_REF:0000024$#ENSG00000184937#GO:0003700#sequence-specific DNA binding transcription factor activity#ISS - GO_REF:0000024 | NAS - PMID:7862533, PMID:83",$#ENSP00000331327#ENSG00000184937#ENST00000332351#C2H2 ZF Containing Proteins#WT1$#ENSP00000368370#ENSG00000184937#ENST00000379079#C2H2 ZF Containing Proteins#WT1$#ENSP00000415516#ENSG00000184937#ENST00000452863#C2H2 ZF Containing Proteins#WT1$#ENSP00000413452#ENSG00000184937#ENST00000448076#C2H2 ZF Containing Proteins#WT1$#ENSP00000435307#ENSG00000184937#ENST00000530998#C2H2 ZF Containing Proteins#WT1,FALSE
ENSG00000162676,GFI1,C2H2 ZF,Yes,Known motif,Monomer or homomultimer,High-throughput in vitro,None,None,IPR007087;IPR015880,2672,growth factor independent 1 transcriptional repressor [Source:HGNC Symbol;Acc:HGNC:4237],2KMK,DBD,not tested,None,3 znf NMR structure,b,Yes,TF Gene_DNA-Binding: sequence-specific_DNA Binding_PMIDS:8754800,Yes,"1a1, Direct HQ evidence",Jussi Taipale,Pratyush Das,Yes,$#ENSG00000162676#GO:0001078#RNA polymerase II core promoter proximal region sequence-specific DNA binding transcription factor a#IDA - PMID:19506020$#ENSG00000162676#GO:0032088#negative regulation of NF-kappaB transcription factor activity#ISS - GO_REF:0000024,$#ENSP00000359357#ENSG00000162676#ENST00000370332#C2H2 ZF Containing Proteins#$#ENSP00000399719#ENSG00000162676#ENST00000427103#C2H2 ZF Containing Proteins#$#ENSP00000294702#ENSG00000162676#ENST00000294702#C2H2 ZF Containing Proteins#,FALSE
ENSG00000131931,THAP1,THAP finger,Yes,Known motif,Monomer or homomultimer,In vivo/Misc source,None,Likely binds as a homodimer ,IPR006612;,55145,THAP domain containing 1 [Source:HGNC Symbol;Acc:HGNC:20856],2KO0,not tested,not tested,None,None,c,Yes,No,No,"1a1, Direct HQ evidence",Sam Lambert,Yimeng Yin,Yes,None,"$#ENSP00000254250#ENSG00000131931#ENST00000254250#THAP#ADIP, APG6, ATG16, CENP-Q, Cep57_CLD, DUF4391, MPS$#ENSP00000344966#ENSG00000131931#ENST00000345117#THAP#$#ENSP00000433912#ENSG00000131931#ENST00000529779#THAP#",FALSE
ENSG00000106031,HOXA13,Homeodomain,Yes,Known motif,Monomer or homomultimer,High-throughput in vitro,None,None,IPR001356;IPR009057;IPR017970;IPR022067,3209,homeobox A13 [Source:HGNC Symbol;Acc:HGNC:5102],2LD5,DBD and Full,Yes,None,NMR structure with a moderate affinity sequence,a,Yes,No,No,"1a1, Direct HQ evidence",Sam Lambert,Arttu Jolma,Yes,None,$#ENSP00000222753#ENSG00000106031#ENST00000222753#Homeodomain#HoxA13_N,FALSE
ENSG00000138795,LEF1,HMG/Sox,Yes,Known motif,Monomer or homomultimer,High-throughput in vitro,None,None,IPR009071;IPR013558,51176,lymphoid enhancer binding factor 1 [Source:HGNC Symbol;Acc:HGNC:6551],2LEF,DBD and Full,Yes,None,None,a,Yes,TF Gene_DNA-Binding: sequence-specific_TF PPI_PMIDS:10958684;11696550;14579381,Yes,"1a1, Direct HQ evidence",Yimeng Yin,Pratyush Das,Yes,$#ENSG00000138795#GO:0001077#RNA polymerase II core promoter proximal region sequence-specific DNA binding transcription factor a#IEA - GO_REF:0000019$#ENSG00000138795#GO:0001228#RNA polymerase II transcription regulatory region sequence-specific DNA binding transcription factor#IMP - PMID:23001182$#ENSG00000138795#GO:0003700#sequence-specific DNA binding transcription factor activity#IDA - PMID:11751639$#ENSG00000138795#GO:0003705#RNA polymerase II distal enhancer sequence-specific DNA binding transcription factor activity#IBA - GO_REF:0000033,$#ENSP00000265165#ENSG00000138795#ENST00000265165#HMG#CTNNB1_binding$#ENSP00000369284#ENSG00000138795#ENST00000379951#HMG#CTNNB1_binding$#ENSP00000406176#ENSG00000138795#ENST00000438313#HMG#CTNNB1_binding$#ENSP00000422840#ENSG00000138795#ENST00000510624#HMG#CTNNB1_binding$#ENSP00000427365#ENSG00000138795#ENST00000512172#HMG#CTNNB1_binding$#ENSP00000422801#ENSG00000138795#ENST00000515500#HMG#CTNNB1_binding,FALSE
ENSG00000164093,PITX2,Homeodomain,Yes,Known motif,Monomer or homomultimer,High-throughput in vitro,None,None,IPR001356;IPR003654;IPR009057;IPR016233;IPR017970;IPR020479,5308,paired like homeodomain 2 [Source:HGNC Symbol;Acc:HGNC:9005],2LKX,DBD and Full,Yes,None,None,a,Yes,TF Gene_Transcription Factor Binding: tf co-factor binding_DNA Binding; Transactivation_PMIDS:15728254,Yes,"1a1, Direct HQ evidence",Pratyush Das,Arttu Jolma,Yes,$#ENSG00000164093#GO:0001077#RNA polymerase II core promoter proximal region sequence-specific DNA binding transcription factor a#IEA - GO_REF:0000019$#ENSG00000164093#GO:0003700#sequence-specific DNA binding transcription factor activity#IDA - PMID:15385555,$#ENSP00000304169#ENSG00000164093#ENST00000306732#Homeodomain#OAR$#ENSP00000347192#ENSG00000164093#ENST00000355080#Homeodomain#OAR$#ENSP00000378097#ENSG00000164093#ENST00000394598#Homeodomain#OAR$#ENSP00000347004#ENSG00000164093#ENST00000354925#Homeodomain#OAR$#ENSP00000475617#ENSG00000164093#ENST00000557119#Homeodomain#$#ENSP00000424142#ENSG00000164093#ENST00000511990#Homeodomain#,FALSE
ENSG00000177485,ZBTB33,C2H2 ZF,Yes,Known motif,Monomer or homomultimer,In vivo/Misc source,None,None,IPR000210;IPR007087;IPR011333;IPR013069;IPR015880;,10009,zinc finger and BTB domain containing 33 [Source:HGNC Symbol;Acc:HGNC:16682],2LT7,DBD,not tested,None,"Also known as Kaiso, crystal structure is nice",a,Yes,TF Gene_DNA-Binding: sequence-specific_DNA Binding; Transactivation_PMIDS:11445535;14527417,No,"1a1, Direct HQ evidence",Pratyush Das,Arttu Jolma,Yes,None,"$#ENSP00000314153#ENSG00000177485#ENST00000326624#C2H2 ZF Containing Proteins#BTB, zf-C2H2_4, zf-H2C2_2$#ENSP00000450969#ENSG00000177485#ENST00000557385#C2H2 ZF Containing Proteins#BTB, zf-C2H2_4, zf-H2C2_2",FALSE
ENSG00000164900,GBX1,Homeodomain,Yes,Known motif,Monomer or homomultimer,High-throughput in vitro,None,None,IPR001356;IPR009057;IPR017970;IPR020479,2636,gastrulation brain homeobox 1 [Source:HGNC Symbol;Acc:HGNC:4185],2ME6,DBD,Yes,None,NMR structure of monomer,b,Yes,Indeterminate - There is no evidence for or against this genes role as a TF___PMIDS:0,No,"1a1, Direct HQ evidence",Yimeng Yin,Jussi Taipale,Yes,None,$#ENSP00000297537#ENSG00000164900#ENST00000297537#Homeodomain#,FALSE
ENSG00000126456,IRF3,IRF,Yes,Known motif,Monomer or homomultimer,High-throughput in vitro,None,None,IPR001346;IPR008984;IPR019471;IPR019817,3661,interferon regulatory factor 3 [Source:HGNC Symbol;Acc:HGNC:6118],2O6G,DBD and Full,Yes,None,Requires phosphorylation for proper dimeric function,a,Yes,TF Gene_DNA-Binding: sequence-specific_DNA Binding; Transactivation_PMIDS:9660935,No,"1a1, Direct HQ evidence",Matt Weirauch,Yimeng Yin,Yes,$#ENSG00000126456#GO:0003700#sequence-specific DNA binding transcription factor activity#IEA - GO_REF:0000002,$#ENSP00000310127#ENSG00000126456#ENST00000309877#Interferon regulatory factor (IRF)#IRF-3$#ENSP00000366339#ENSG00000126456#ENST00000377135#Interferon regulatory factor (IRF)#IRF-3$#ENSP00000366344#ENSG00000126456#ENST00000377139#Interferon regulatory factor (IRF)#IRF-3$#ENSP00000400378#ENSG00000126456#ENST00000442265#Interferon regulatory factor (IRF)#$#ENSP00000472601#ENSG00000126456#ENST00000593922#Interferon regulatory factor (IRF)#IRF-3$#ENSP00000470512#ENSG00000126456#ENST00000596765#Interferon regulatory factor (IRF)#IRF-3$#ENSP00000470069#ENSG00000126456#ENST00000599144#Interferon regulatory factor (IRF)#IRF-3$#ENSP00000471358#ENSG00000126456#ENST00000599223#Interferon regulatory factor (IRF)#IRF-3$#ENSP00000472700#ENSG00000126456#ENST00000600022#Interferon regulatory factor (IRF)#IRF-3$#ENSP00000471896#ENSG00000126456#ENST00000601291#Interferon regulatory factor (IRF)#IRF-3$#ENSP00000471517#ENSG00000126456#ENST00000593818#Interferon regulatory factor (IRF)#IRF-3$#ENSP00000469113#ENSG00000126456#ENST00000597198#Interferon regulatory factor (IRF)#IRF-3$#ENSP00000471402#ENSG00000126456#ENST00000601373#Interferon regulatory factor (IRF)#IRF-3$#ENSP00000470140#ENSG00000126456#ENST00000601809#Interferon regulatory factor (IRF)#$#ENSP00000473176#ENSG00000126456#ENST00000593337#Interferon regulatory factor (IRF)#$#ENSP00000469067#ENSG00000126456#ENST00000595034#Interferon regulatory factor (IRF)#IRF-3$#ENSP00000468911#ENSG00000126456#ENST00000596822#Interferon regulatory factor (IRF)#$#ENSP00000472223#ENSG00000126456#ENST00000598108#Interferon regulatory factor (IRF)#IRF-3$#ENSP00000470905#ENSG00000126456#ENST00000600453#Interferon regulatory factor (IRF)#,FALSE
ENSG00000150347,ARID5B,ARID/BRIGHT,Yes,Known motif,Monomer or homomultimer,100 perc ID - in vitro,Has a putative AT-hook,None,IPR001606;,84159,AT-rich interaction domain 5B [Source:HGNC Symbol;Acc:HGNC:17362],2OEH,not tested,Yes,None,None,other,Yes,TF Gene Candidate_DNA-Binding: sequence-specific_DNA Binding; Transactivation_PMIDS:8649988;10329386,Yes,"1a1, Direct HQ evidence",Arttu Jolma,Yimeng Yin,Yes,$#ENSG00000150347#GO:0001227#RNA polymerase II transcription regulatory region sequence-specific DNA binding transcription factor#IDA - PMID:8649988$#ENSG00000150347#GO:0051091#positive regulation of sequence-specific DNA binding transcription factor activity#IDA - PMID:21532585,$#ENSP00000279873#ENSG00000150347#ENST00000279873#ARID/BRIGHT#$#ENSP00000308862#ENSG00000150347#ENST00000309334#ARID/BRIGHT#,FALSE
ENSG00000162992,NEUROD1,bHLH,Yes,Known motif,Monomer or homomultimer,High-throughput in vitro,None,None,IPR011598;IPR016637;IPR022575;,4760,neuronal differentiation 1 [Source:HGNC Symbol;Acc:HGNC:7762],2QL2,DBD and Full,Yes,None,Structure is heterodimer NEUROD1 - TCF3,a,Yes,TF Gene_DNA-Binding: sequence-specific_DNA Binding; Transactivation_PMIDS:9111329;9343431,Yes,"1a1, Direct HQ evidence",Jussi Taipale,Pratyush Das,Yes,$#ENSG00000162992#GO:0001077#RNA polymerase II core promoter proximal region sequence-specific DNA binding transcription factor a#IEA - GO_REF:0000019$#ENSG00000162992#GO:0003700#sequence-specific DNA binding transcription factor activity#IDA - PMID:10545951$#ENSG00000162992#GO:0051091#positive regulation of sequence-specific DNA binding transcription factor activity#IDA - PMID:14752053,"$#ENSP00000295108#ENSG00000162992#ENST00000295108#bHLH#DNA_pol_phi, Neuro_bHLH",FALSE
ENSG00000071564,TCF3,bHLH,Yes,Known motif,Monomer or homomultimer,High-throughput in vitro,None,None,IPR011598;,6929,transcription factor 3 [Source:HGNC Symbol;Acc:HGNC:11633],2QL2,DBD and Full,Yes,None,Structure is heterodimer NEUROD1 - TCF3,a,Yes,TF Gene_DNA-Binding: sequence-specific_DNA Binding; Transactivation_PMIDS:14627819,Yes,"1a1, Direct HQ evidence",Tim Hughes,Matt Weirauch,Yes,$#ENSG00000071564#GO:0001078#RNA polymerase II core promoter proximal region sequence-specific DNA binding transcription factor a#IDA - PMID:14576336$#ENSG00000071564#GO:0003700#sequence-specific DNA binding transcription factor activity#IDA - PMID:2105528 | NAS - PMID:2493990$#ENSG00000071564#GO:0051091#positive regulation of sequence-specific DNA binding transcription factor activity#IDA - PMID:14752053,$#ENSP00000262965#ENSG00000071564#ENST00000262965#bHLH#$#ENSP00000480564#ENSG00000071564#ENST00000611869#bHLH#$#ENSP00000465510#ENSG00000071564#ENST00000585731#bHLH#$#ENSP00000467508#ENSG00000071564#ENST00000587425#bHLH#$#ENSP00000468487#ENSG00000071564#ENST00000588136#bHLH#$#ENSP00000468481#ENSG00000071564#ENST00000593064#bHLH#$#ENSP00000466954#ENSG00000071564#ENST00000586318#bHLH#$#ENSP00000466565#ENSG00000071564#ENST00000590684#bHLH#,FALSE
ENSG00000118689,FOXO3,Forkhead,Yes,Known motif,Monomer or homomultimer,High-throughput in vitro,None,None,IPR001766;,2309,forkhead box O3 [Source:HGNC Symbol;Acc:HGNC:3821],2UZK,DBD and Full,Yes,None,None,b,Yes,TF Gene_DNA-Binding: sequence-specific_DNA Binding; Transactivation_PMIDS:10102273,Yes,"1a1, Direct HQ evidence",Pratyush Das,Tim Hughes,Yes,$#ENSG00000118689#GO:0001227#RNA polymerase II transcription regulatory region sequence-specific DNA binding transcription factor#IDA - PMID:20371612$#ENSG00000118689#GO:0001228#RNA polymerase II transcription regulatory region sequence-specific DNA binding transcription factor#IEA - GO_REF:0000019$#ENSG00000118689#GO:0003700#sequence-specific DNA binding transcription factor activity#IDA - PMID:14734530,"$#ENSP00000339527#ENSG00000118689#ENST00000343882#Forkhead#FOXO-TAD, FOXO_KIX_bdg$#ENSP00000385824#ENSG00000118689#ENST00000406360#Forkhead#FOXO-TAD, FOXO_KIX_bdg$#ENSP00000446316#ENSG00000118689#ENST00000540898#Forkhead#FOXO-TAD, FOXO_KIX_bdg",FALSE
ENSG00000136826,KLF4,C2H2 ZF,Yes,Known motif,Monomer or homomultimer,High-throughput in vitro,None,None,IPR007087;IPR015880,9314,Kruppel like factor 4 [Source:HGNC Symbol;Acc:HGNC:6348],2WBS,DBD and Full,not tested,None,Structure is crystalized with too short DNA and only one of the domains contact DNA properly,a,Yes,No,No,"1a1, Direct HQ evidence",Pratyush Das,Jussi Taipale,Yes,$#ENSG00000136826#GO:0001010#sequence-specific DNA binding transcription factor recruiting transcription factor activity#ISS - GO_REF:0000024$#ENSG00000136826#GO:0001077#RNA polymerase II core promoter proximal region sequence-specific DNA binding transcription factor a#IMP - PMID:21539536$#ENSG00000136826#GO:0003700#sequence-specific DNA binding transcription factor activity#NAS - PMID:9422764$#ENSG00000136826#GO:0032088#negative regulation of NF-kappaB transcription factor activity#IDA - PMID:20551324,$#ENSP00000363804#ENSG00000136826#ENST00000374672#C2H2 ZF Containing Proteins#$#ENSP00000399921#ENSG00000136826#ENST00000411706#C2H2 ZF Containing Proteins#$#ENSP00000404922#ENSG00000136826#ENST00000420475#C2H2 ZF Containing Proteins#$#ENSP00000483629#ENSG00000136826#ENST00000610832#C2H2 ZF Containing Proteins#,FALSE
ENSG00000204103,MAFB,bZIP,Yes,Known motif,Monomer or homomultimer,100 perc ID - in vitro,None,PDB:2WTY is a homodimer crystallised with TAATTGCTGACTCAGCAAAT sequence ,IPR004826;IPR004827;IPR008917;IPR013592,9935,MAF bZIP transcription factor B [Source:HGNC Symbol;Acc:HGNC:6408],2WTY,DBD and Full,Yes,None,Structure is a homodimer,a,Yes,TF Gene_Transcription Factor Binding: tf co-factor binding_TF PPI_PMIDS:17158225;9571165,Yes,"1a1, Direct HQ evidence",Arttu Jolma,Pratyush Das,Yes,$#ENSG00000204103#GO:0001077#RNA polymerase II core promoter proximal region sequence-specific DNA binding transcription factor a#IEA - GO_REF:0000019$#ENSG00000204103#GO:0001228#RNA polymerase II transcription regulatory region sequence-specific DNA binding transcription factor#IBA - GO_REF:0000033,$#ENSP00000362410#ENSG00000204103#ENST00000373313#bZIP#Maf_N,FALSE
ENSG00000089225,TBX5,T-box,Yes,Known motif,Monomer or homomultimer,High-throughput in vitro,None,None,IPR001699;IPR008967;IPR018186;,6910,T-box 5 [Source:HGNC Symbol;Acc:HGNC:11604],2X6V,DBD,Yes,None,None,a,Yes,TF Gene_DNA-Binding: sequence-specific_DNA Binding_PMIDS:11555635,Yes,"1a1, Direct HQ evidence",Sam Lambert,Matt Weirauch,Yes,"$#ENSG00000089225#GO:0001228#RNA polymerase II transcription regulatory region sequence-specific DNA binding transcription factor#IEA - GO_REF:0000019$#ENSG00000089225#GO:0003700#sequence-specific DNA binding transcription factor activity#IDA - PMID:11431700, PMID:12499378, PMID:16332960 ",$#ENSP00000309913#ENSG00000089225#ENST00000310346#T-box#$#ENSP00000337723#ENSG00000089225#ENST00000349716#T-box#$#ENSP00000384152#ENSG00000089225#ENST00000405440#T-box#$#ENSP00000433292#ENSG00000089225#ENST00000526441#T-box#,FALSE
ENSG00000185668,POU3F1,Homeodomain; POU,Yes,Known motif,Monomer or homomultimer,High-throughput in vitro,None,None,IPR000327;IPR001356;IPR009057;IPR010982;IPR013847;IPR016362;IPR017970;,5453,POU class 3 homeobox 1 [Source:HGNC Symbol;Acc:HGNC:9214],2XSD,DBD,Yes,None,None,a,Yes,TF Gene_DNA-Binding: sequence-specific_DNA Binding; Transactivation_PMIDS:1705013;1979677,Yes,"1a1, Direct HQ evidence",Laura Campitelli,Pratyush Das,Yes,$#ENSG00000185668#GO:0003700#sequence-specific DNA binding transcription factor activity#IEA - GO_REF:0000002,"$#ENSP00000362103#ENSG00000185668#ENST00000373012#Homeodomain,POU#",FALSE
ENSG00000197063,MAFG,bZIP,Yes,Known motif,Monomer or homomultimer,High-throughput in vitro,None,None,IPR004826;IPR004827;IPR008917;,4097,MAF bZIP transcription factor G [Source:HGNC Symbol;Acc:HGNC:6781],3A5T,DBD and Full,Yes,None,Structure is a homodimer,a,Yes,TF Gene_DNA-Binding: sequence-specific_DNA Binding; Other_PMIDS:9421508;15574414,Yes,"1a1, Direct HQ evidence",Pratyush Das,Yimeng Yin,Yes,$#ENSG00000197063#GO:0001228#RNA polymerase II transcription regulatory region sequence-specific DNA binding transcription factor#IBA - GO_REF:0000033$#ENSG00000197063#GO:0003700#sequence-specific DNA binding transcription factor activity#NAS - PMID:9286713,$#ENSP00000350369#ENSG00000197063#ENST00000357736#bZIP#$#ENSP00000376173#ENSG00000197063#ENST00000392366#bZIP#$#ENSP00000459634#ENSG00000197063#ENST00000574686#bZIP#,FALSE
ENSG00000101076,HNF4A,Nuclear receptor,Yes,Known motif,Monomer or homomultimer,High-throughput in vitro,None,None,IPR000003;IPR000536;IPR001628;IPR001723;IPR003068;IPR008946,3172,hepatocyte nuclear factor 4 alpha [Source:HGNC Symbol;Acc:HGNC:5024],3CBB,DBD and Full,Yes,None,None,a,Yes,TF Gene_DNA-Binding: sequence-specific_DNA Binding_PMIDS:15581617,Yes,"1a1, Direct HQ evidence",Arttu Jolma,Pratyush Das,Yes,"$#ENSG00000101076#GO:0001077#RNA polymerase II core promoter proximal region sequence-specific DNA binding transcription factor a#ISS - GO_REF:0000024$#ENSG00000101076#GO:0003700#sequence-specific DNA binding transcription factor activity#IDA - PMID:10330009, PMID:12911579, PMID:16488887,$#ENSG00000101076#GO:0003705#RNA polymerase II distal enhancer sequence-specific DNA binding transcription factor activity#IEA - GO_REF:0000019$#ENSG00000101076#GO:0004879#ligand-activated sequence-specific DNA binding RNA polymerase II transcription factor activity#IEA - GO_REF:0000002",$#ENSP00000312987#ENSG00000101076#ENST00000316099#Nuclear Hormone Receptor#Hormone_recep$#ENSP00000315180#ENSG00000101076#ENST00000316673#Nuclear Hormone Receptor#Hormone_recep$#ENSP00000412111#ENSG00000101076#ENST00000415691#Nuclear Hormone Receptor#Hormone_recep$#ENSP00000410911#ENSG00000101076#ENST00000443598#Nuclear Hormone Receptor#Hormone_recep$#ENSP00000396216#ENSG00000101076#ENST00000457232#Nuclear Hormone Receptor#Hormone_recep$#ENSP00000476310#ENSG00000101076#ENST00000609262#Nuclear Hormone Receptor#$#ENSP00000476609#ENSG00000101076#ENST00000609795#Nuclear Hormone Receptor#Hormone_recep,FALSE
ENSG00000135903,PAX3,Homeodomain; Paired box,Yes,Known motif,Monomer or homomultimer,High-throughput in vitro,None,None,IPR001356;IPR001523;IPR009057;IPR017970;IPR022106;,5077,paired box 3 [Source:HGNC Symbol;Acc:HGNC:8617],3CMY,DBD and Full,not tested,None,None,a,Yes,TF Gene_Transcription Factor Binding: tf co-factor binding_TF PPI_PMIDS:16945326,Yes,"1a1, Direct HQ evidence",Yimeng Yin,Arttu Jolma,Yes,$#ENSG00000135903#GO:0003700#sequence-specific DNA binding transcription factor activity#IEA - GO_REF:0000002,"$#ENSP00000258387#ENSG00000135903#ENST00000258387#Homeodomain,Paired box#$#ENSP00000338767#ENSG00000135903#ENST00000336840#Homeodomain,Paired box#Pax7$#ENSP00000342092#ENSG00000135903#ENST00000344493#Homeodomain,Paired box#Pax7$#ENSP00000375922#ENSG00000135903#ENST00000392070#Homeodomain,Paired box#Pax7$#ENSP00000386750#ENSG00000135903#ENST00000409551#Homeodomain,Paired box#Pax7$#ENSP00000386817#ENSG00000135903#ENST00000409828#Homeodomain,Paired box#",FALSE
ENSG00000150907,FOXO1,Forkhead,Yes,Known motif,Monomer or homomultimer,High-throughput in vitro,None,None,IPR001766;,2308,forkhead box O1 [Source:HGNC Symbol;Acc:HGNC:3819],3CO6,DBD and Full,Yes,None,None,b,Yes,TF Gene_DNA-Binding: sequence-specific_DNA Binding; Transactivation_PMIDS:10385407,Yes,"1a1, Direct HQ evidence",Sam Lambert,Yimeng Yin,Yes,$#ENSG00000150907#GO:0000981#sequence-specific DNA binding RNA polymerase II transcription factor activity#IBA - GO_REF:0000033$#ENSG00000150907#GO:0001078#RNA polymerase II core promoter proximal region sequence-specific DNA binding transcription factor a#IEA - GO_REF:0000019,"$#ENSP00000368880#ENSG00000150907#ENST00000379561#Forkhead#FOXO-TAD, FOXO_KIX_bdg",FALSE
ENSG00000184271,POU6F1,Homeodomain; POU,Yes,Known motif,Monomer or homomultimer,High-throughput in vitro,None,None,IPR000327;IPR001356;IPR009057;IPR010982;IPR013847;,5463,POU class 6 homeobox 1 [Source:HGNC Symbol;Acc:HGNC:9224],3D1N,DBD and Full,Yes,None,None,a,Yes,TF Gene_DNA-Binding: sequence-specific_DNA Binding; Other_PMIDS:8645295,Yes,"1a1, Direct HQ evidence",Jussi Taipale,Arttu Jolma,Yes,$#ENSG00000184271#GO:0003700#sequence-specific DNA binding transcription factor activity#IEA - GO_REF:0000002,"$#ENSP00000330190#ENSG00000184271#ENST00000333640#Homeodomain,POU#$#ENSP00000448389#ENSG00000184271#ENST00000550824#Homeodomain,POU#$#ENSP00000373895#ENSG00000184271#ENST00000389243#Homeodomain,POU#$#ENSP00000490559#ENSG00000184271#ENST00000552305#Homeodomain,POU#",FALSE
ENSG00000107485,GATA3,GATA,Yes,Known motif,Monomer or homomultimer,High-throughput in vitro,None,None,IPR000679;IPR016374,2625,GATA binding protein 3 [Source:HGNC Symbol;Acc:HGNC:4172],3DFV,DBD and Full,Yes,None,None,a,Yes,TF Gene_DNA-Binding: sequence-specific_DNA Binding_PMIDS:8332492,Yes,"1a1, Direct HQ evidence",Sam Lambert,Yimeng Yin,Yes,"$#ENSG00000107485#GO:0001077#RNA polymerase II core promoter proximal region sequence-specific DNA binding transcription factor a#IEA - GO_REF:0000019$#ENSG00000107485#GO:0001078#RNA polymerase II core promoter proximal region sequence-specific DNA binding transcription factor a#IMP - PMID:19674970$#ENSG00000107485#GO:0001228#RNA polymerase II transcription regulatory region sequence-specific DNA binding transcription factor#IBA - GO_REF:0000033$#ENSG00000107485#GO:0003700#sequence-specific DNA binding transcription factor activity#TAS - PMID:2050118, PMID:8088776",$#ENSP00000341619#ENSG00000107485#ENST00000346208#GATA#$#ENSP00000368632#ENSG00000107485#ENST00000379328#GATA#,FALSE
ENSG00000132170,PPARG,Nuclear receptor,Yes,Known motif,Monomer or homomultimer,100 perc ID - in vitro,None,Also heterodimerizes.,IPR000536;IPR001628;IPR001723;IPR003074;IPR003077;IPR008946;IPR022590;,5468,peroxisome proliferator activated receptor gamma [Source:HGNC Symbol;Acc:HGNC:9236],3DZU,DBD and Full,Yes,Obligate_Multimer,Heterodimerizes with RXR TFs; crystal is PPARG-RXRA heterodimer; jaspar model is heterodimer of PPARG with  RXRA,a,Yes,TF Gene_DNA-Binding: sequence-specific_Transactivation_PMIDS:14744933;15681609,Yes,"1a1, Direct HQ evidence",Jussi Taipale,Pratyush Das,Yes,$#ENSG00000132170#GO:0003700#sequence-specific DNA binding transcription factor activity#IDA - PMID:9568715 | ISS - GO_REF:0000024$#ENSG00000132170#GO:0004879#ligand-activated sequence-specific DNA binding RNA polymerase II transcription factor activity#IDA - PMID:10622252$#ENSG00000132170#GO:0051091#positive regulation of sequence-specific DNA binding transcription factor activity#IDA - PMID:18293083,"$#ENSP00000287820#ENSG00000132170#ENST00000287820#Nuclear Hormone Receptor#Hormone_recep, PPARgamma_N$#ENSP00000380196#ENSG00000132170#ENST00000397000#Nuclear Hormone Receptor#PPARgamma_N$#ENSP00000380205#ENSG00000132170#ENST00000397010#Nuclear Hormone Receptor#Hormone_recep, PPARgamma_N$#ENSP00000380207#ENSG00000132170#ENST00000397012#Nuclear Hormone Receptor#Hormone_recep, PPARgamma_N$#ENSP00000380210#ENSG00000132170#ENST00000397015#Nuclear Hormone Receptor#Hormone_recep, PPARgamma_N$#ENSP00000411931#ENSG00000132170#ENST00000455517#Nuclear Hormone Receptor#PPARgamma_N$#ENSP00000312472#ENSG00000132170#ENST00000309576#Nuclear Hormone Receptor#Hormone_recep, PPARgamma_N$#ENSP00000380224#ENSG00000132170#ENST00000397029#Nuclear Hormone Receptor#PPARgamma_N$#ENSP00000392285#ENSG00000132170#ENST00000438682#Nuclear Hormone Receptor#PPARgamma_N",FALSE
ENSG00000164736,SOX17,HMG/Sox,Yes,Known motif,Monomer or homomultimer,High-throughput in vitro,None,None,IPR009071;IPR021934,64321,SRY-box 17 [Source:HGNC Symbol;Acc:HGNC:18122],3F27,DBD and Full,Yes,None,None,a,Yes,TF Gene_DNA-Binding: sequence-specific_Transactivation_PMIDS:15163629;15220343;15220343,Yes,"1a1, Direct HQ evidence",Laura Campitelli,Arttu Jolma,Yes,$#ENSG00000164736#GO:0001228#RNA polymerase II transcription regulatory region sequence-specific DNA binding transcription factor#IEA - GO_REF:0000019$#ENSG00000164736#GO:0003705#RNA polymerase II distal enhancer sequence-specific DNA binding transcription factor activity#ISS - GO_REF:0000024,$#ENSP00000297316#ENSG00000164736#ENST00000297316#HMG#Sox17_18_mid,FALSE
ENSG00000111206,FOXM1,Forkhead,Yes,Known motif,Monomer or homomultimer,100 perc ID - in vitro,None,None,IPR001766;IPR018122,2305,forkhead box M1 [Source:HGNC Symbol;Acc:HGNC:3818],3G73,DBD and Full,Yes,None,None,a,Yes,TF Gene_Transcription Regulatory Activity: heterochromatin interaction/binding; DNA-Binding: sequence-specific_DNA Binding; Transactivation_PMIDS:9108152;9242644,Yes,"1a1, Direct HQ evidence",Sam Lambert,Yimeng Yin,Yes,$#ENSG00000111206#GO:0000981#sequence-specific DNA binding RNA polymerase II transcription factor activity#IBA - GO_REF:0000033,$#ENSP00000342307#ENSG00000111206#ENST00000342628#Forkhead#$#ENSP00000352901#ENSG00000111206#ENST00000359843#Forkhead#$#ENSP00000354492#ENSG00000111206#ENST00000361953#Forkhead#$#ENSP00000486536#ENSG00000111206#ENST00000627656#Forkhead#$#ENSP00000442309#ENSG00000111206#ENST00000535350#Forkhead#,FALSE
ENSG00000173039,RELA,Rel,Yes,Known motif,Monomer or homomultimer,In vivo/Misc source,None,"Can bind as a homodimer or heterodimer (PMID: 22101729). pmid:19683540 forms heterodimer with NFKB1, citation is a crystal structure",IPR000451;IPR002909;IPR008967;IPR011539;IPR014756;IPR030492,5970,"RELA proto-oncogene, NF-kB subunit [Source:HGNC Symbol;Acc:HGNC:9955]",3GUT,DBD and Full,not tested,None,None,a,Yes,TF Gene_DNA-Binding: sequence-specific_DNA Binding; Transactivation_PMIDS:1935902;15485852;15857826,Yes,"1a1, Direct HQ evidence",Sam Lambert,Jussi Taipale,Yes,$#ENSG00000173039#GO:0000983#RNA polymerase II core promoter sequence-specific DNA binding transcription factor activity#IMP - PMID:26268439$#ENSG00000173039#GO:0001077#RNA polymerase II core promoter proximal region sequence-specific DNA binding transcription factor a#IDA - PMID:17350185$#ENSG00000173039#GO:0001078#RNA polymerase II core promoter proximal region sequence-specific DNA binding transcription factor a#IDA - PMID:17350185$#ENSG00000173039#GO:0001205#RNA polymerase II distal enhancer sequence-specific DNA binding transcription factor activity involv#IDA - PMID:1406630$#ENSG00000173039#GO:0003700#sequence-specific DNA binding transcription factor activity#IDA - PMID:12048232$#ENSG00000173039#GO:0003705#RNA polymerase II distal enhancer sequence-specific DNA binding transcription factor activity#IDA - PMID:3091258$#ENSG00000173039#GO:0051092#positive regulation of NF-kappaB transcription factor activity#IDA - PMID:15790681 | TAS - Reactome:R-HSA-445989,$#ENSP00000311508#ENSG00000173039#ENST00000308639#RHD#RHD_dimer$#ENSP00000384273#ENSG00000173039#ENST00000406246#RHD#RHD_dimer$#ENSP00000432537#ENSG00000173039#ENST00000525693#RHD#RHD_dimer$#ENSP00000431304#ENSG00000173039#ENST00000526257#RHD#$#ENSP00000483705#ENSG00000173039#ENST00000612991#RHD#RHD_dimer$#ENSP00000434098#ENSG00000173039#ENST00000533187#RHD#,FALSE
ENSG00000163435,ELF3,Ets; AT hook,Yes,Known motif,Monomer or homomultimer,High-throughput in vitro,None,None,IPR000418;IPR003118;IPR013761;,1999,E74 like ETS transcription factor 3 [Source:HGNC Symbol;Acc:HGNC:3318],3JTG,DBD and Full,Yes,None,None,a,Yes,TF Gene_DNA-Binding: sequence-specific_DNA Binding; Transactivation_PMIDS:11893733,Yes,"1a1, Direct HQ evidence",Sam Lambert,Pratyush Das,Yes,$#ENSG00000163435#GO:0000981#sequence-specific DNA binding RNA polymerase II transcription factor activity#IBA - GO_REF:0000033$#ENSG00000163435#GO:0001077#RNA polymerase II core promoter proximal region sequence-specific DNA binding transcription factor a#IEA - GO_REF:0000019$#ENSG00000163435#GO:0003700#sequence-specific DNA binding transcription factor activity#NAS - PMID:9234700,$#ENSP00000352673#ENSG00000163435#ENST00000359651#ETS#SAM_PNT$#ENSP00000356252#ENSG00000163435#ENST00000367283#ETS#SAM_PNT$#ENSP00000356253#ENSG00000163435#ENST00000367284#ETS#SAM_PNT$#ENSP00000405162#ENSG00000163435#ENST00000446188#ETS#SAM_PNT,FALSE
ENSG00000204531,POU5F1,Homeodomain; POU,Yes,Known motif,Monomer or homomultimer,High-throughput in vitro,None,None,IPR000327;IPR001356;IPR009057;IPR010982;IPR013847;IPR017970,5460,POU class 5 homeobox 1 [Source:HGNC Symbol;Acc:HGNC:9221],3L1P,DBD and Full,not tested,None,None,a,Yes,TF Gene_DNA-Binding: sequence-specific_DNA Binding_PMIDS:12615074,No,"1a1, Direct HQ evidence",Pratyush Das,Arttu Jolma,Yes,$#ENSG00000204531#GO:0000981#sequence-specific DNA binding RNA polymerase II transcription factor activity#ISS - GO_REF:0000024$#ENSG00000204531#GO:0001227#RNA polymerase II transcription regulatory region sequence-specific DNA binding transcription factor#IDA - PMID:19409607$#ENSG00000204531#GO:0003700#sequence-specific DNA binding transcription factor activity#IDA - PMID:16153702,"$#ENSP00000259915#ENSG00000204531#ENST00000259915#Homeodomain,POU#$#ENSP00000389359#ENSG00000204531#ENST00000441888#Homeodomain,POU#$#ENSP00000425083#ENSG00000204531#ENST00000471529#Homeodomain,POU#$#ENSP00000425479#ENSG00000204531#ENST00000512818#Homeodomain,POU#$#ENSP00000475512#ENSG00000204531#ENST00000513407#Homeodomain,POU#$#ENSP00000475880#ENSG00000204531#ENST00000606567#Homeodomain,POU#$#ENSP00000484778#ENSG00000204531#ENST00000620031#Homeodomain,POU#",FALSE
ENSG00000184481,FOXO4,Forkhead,Yes,Known motif,Monomer or homomultimer,High-throughput in vitro,None,None,IPR001766;,4303,forkhead box O4 [Source:HGNC Symbol;Acc:HGNC:7139],3L2C,DBD and Full,Yes,None,None,a,Yes,TF Gene Candidate_DNA-Binding: sequence-specific_DNA Binding; Transactivation_PMIDS:11777915,Yes,"1a1, Direct HQ evidence",Laura Campitelli,Arttu Jolma,Yes,$#ENSG00000184481#GO:0000981#sequence-specific DNA binding RNA polymerase II transcription factor activity#IBA - GO_REF:0000033$#ENSG00000184481#GO:0003700#sequence-specific DNA binding transcription factor activity#IDA - PMID:10783894,"$#ENSP00000363377#ENSG00000184481#ENST00000374259#Forkhead#FOXO-TAD, FOXO_KIX_bdg$#ENSP00000342209#ENSG00000184481#ENST00000341558#Forkhead#FOXO-TAD, FOXO_KIX_bdg",FALSE
ENSG00000164330,EBF1,EBF1,Yes,Known motif,Monomer or homomultimer,High-throughput in vitro,None,None,IPR002909;IPR014756;IPR018350;,1879,early B-cell factor 1 [Source:HGNC Symbol;Acc:HGNC:3126],3MLN,DBD and Full,Yes,None,None,a,Yes,TF Gene Candidate_DNA-Binding: non-sequence-specific_Non-specific DNA_PMIDS:12446773,Yes,"1a1, Direct HQ evidence",Sam Lambert,Yimeng Yin,Yes,$#ENSG00000164330#GO:0001077#RNA polymerase II core promoter proximal region sequence-specific DNA binding transcription factor a#IBA - GO_REF:0000033,"$#ENSP00000322898#ENSG00000164330#ENST00000313708#COE1 DBD#COE1_HLH, TIG$#ENSP00000370029#ENSG00000164330#ENST00000380654#COE1 DBD#COE1_HLH, TIG$#ENSP00000428020#ENSG00000164330#ENST00000517373#COE1 DBD#COE1_HLH, TIG$#ENSP00000477809#ENSG00000164330#ENST00000622875#COE1 DBD#COE1_HLH, TIG",FALSE
ENSG00000127989,MTERF1,mTERF,Yes,Known motif,Monomer or homomultimer,In vivo/Misc source,Only known motifs are from Transfac or HocoMoco - origin is uncertain,The structure (PDB: 3MVA) shows a large protein DNA-interaction interface.,IPR003690,7978,mitochondrial transcription termination factor 1 [Source:HGNC Symbol;Acc:HGNC:21463],3MVA,not tested,not tested,None,Structure has really big protein DNA-interaction interface,No,Yes,No,No,"1a1, Direct HQ evidence",Laura Campitelli,Arttu Jolma,No,None,$#ENSP00000248643#ENSG00000127989#ENST00000351870#mTERF#$#ENSP00000414116#ENSG00000127989#ENST00000419292#mTERF#$#ENSP00000400966#ENSG00000127989#ENST00000425936#mTERF#$#ENSP00000384986#ENSG00000127989#ENST00000406735#mTERF#,FALSE
ENSG00000154832,CXXC1,CxxC,Yes,Known motif,Monomer or homomultimer,High-throughput in vitro,None,X-ray structure (PDB:3QMI) indicates sequence specific binding through base contacts (PMID: 21407193).,IPR001965;IPR002857;IPR011011;IPR019786;IPR019787;IPR022056,30827,CXXC finger protein 1 [Source:HGNC Symbol;Acc:HGNC:24343],3QMI,not tested,not tested,None,"Structure has many contacts between the AA-residues and the DNA-bases in the major groove, could well be sequence-specific",other,Yes,No,No,"1a1, Direct HQ evidence",Sam Lambert,Arttu Jolma,Yes,None,"$#ENSP00000285106#ENSG00000154832#ENST00000285106#CxxC#PHD, zf-CpG_bind_C$#ENSP00000390475#ENSG00000154832#ENST00000412036#CxxC#PHD, zf-CpG_bind_C$#ENSP00000467634#ENSG00000154832#ENST00000589940#CxxC#PHD, zf-CpG_bind_C$#ENSP00000468038#ENSG00000154832#ENST00000589548#CxxC#PHD, PHD_2$#ENSP00000465849#ENSG00000154832#ENST00000591474#CxxC#",FALSE
ENSG00000049768,FOXP3,Forkhead,Yes,Known motif,Monomer or homomultimer,High-throughput in vitro,None,None,IPR001766;IPR007087,50943,forkhead box P3 [Source:HGNC Symbol;Acc:HGNC:6106],3QRF,DBD and Full,not tested,None,None,b,Yes,TF Gene_DNA-Binding: sequence-specific_DNA Binding_PMIDS:17028180,Yes,"1a1, Direct HQ evidence",Sam Lambert,Pratyush Das,Yes,$#ENSG00000049768#GO:0000981#sequence-specific DNA binding RNA polymerase II transcription factor activity#IBA - GO_REF:0000033$#ENSG00000049768#GO:0003700#sequence-specific DNA binding transcription factor activity#IDA - PMID:11483607 | NAS - PMID:11138001$#ENSG00000049768#GO:0003705#RNA polymerase II distal enhancer sequence-specific DNA binding transcription factor activity#IEA - GO_REF:0000019$#ENSG00000049768#GO:0032088#negative regulation of NF-kappaB transcription factor activity#IDA - PMID:16652169$#ENSG00000049768#GO:0032792#negative regulation of CREB transcription factor activity#IDA - PMID:16652169$#ENSG00000049768#GO:0043433#negative regulation of sequence-specific DNA binding transcription factor activity#IDA - PMID:16873067,$#ENSP00000365380#ENSG00000049768#ENST00000376207#Forkhead#FOXP-CC$#ENSP00000428952#ENSG00000049768#ENST00000518685#Forkhead#FOXP-CC$#ENSP00000365372#ENSG00000049768#ENST00000376199#Forkhead#FOXP-CC$#ENSP00000451208#ENSG00000049768#ENST00000557224#Forkhead#FOXP-CC,FALSE
ENSG00000141646,SMAD4,SMAD,Yes,Known motif,Monomer or homomultimer,100 perc ID - in vitro,None,None,IPR001132;IPR003619;IPR008984;IPR013019,4089,SMAD family member 4 [Source:HGNC Symbol;Acc:HGNC:6770],3QSV,DBD and Full,Yes,None,3QSV is a homodimeric complex,a,Yes,No,Yes,"1a1, Direct HQ evidence",Yimeng Yin,Matt Weirauch,Yes,"$#ENSG00000141646#GO:0001077#RNA polymerase II core promoter proximal region sequence-specific DNA binding transcription factor a#IDA - PMID:9389648$#ENSG00000141646#GO:0003700#sequence-specific DNA binding transcription factor activity#IDA - PMID:10823886, PMID:17438144",$#ENSP00000465874#ENSG00000141646#ENST00000589941#MH1 Family DBDs#$#ENSP00000466941#ENSG00000141646#ENST00000591914#MH1 Family DBDs#$#ENSP00000466118#ENSG00000141646#ENST00000593223#MH1 Family DBDs#MH2,FALSE
ENSG00000073282,TP63,p53,Yes,Known motif,Monomer or homomultimer,High-throughput in vitro,None,None,IPR001660;IPR002117;IPR008967;IPR010991;IPR011510;IPR011615;IPR013761;,8626,tumor protein p63 [Source:HGNC Symbol;Acc:HGNC:15979],3QYM,DBD and Full,not tested,None,None,a,Yes,TF Gene Candidate__Transactivation_PMIDS:9774969,Yes,"1a1, Direct HQ evidence",Matt Weirauch,Jussi Taipale,Yes,$#ENSG00000073282#GO:0001077#RNA polymerase II core promoter proximal region sequence-specific DNA binding transcription factor a#IEA - GO_REF:0000019$#ENSG00000073282#GO:0003700#sequence-specific DNA binding transcription factor activity#IBA - GO_REF:0000033,"$#ENSP00000264731#ENSG00000073282#ENST00000264731#p53#P53_tetramer, SAM_2$#ENSP00000317510#ENSG00000073282#ENST00000320472#p53#P53_tetramer$#ENSP00000346614#ENSG00000073282#ENST00000354600#p53#P53_tetramer, SAM_2$#ENSP00000376254#ENSG00000073282#ENST00000392461#p53#P53_tetramer$#ENSP00000376256#ENSG00000073282#ENST00000392463#p53#P53_tetramer$#ENSP00000407144#ENSG00000073282#ENST00000418709#p53#P53_tetramer$#ENSP00000392488#ENSG00000073282#ENST00000437221#p53#P53_tetramer$#ENSP00000387839#ENSG00000073282#ENST00000449992#p53#P53_tetramer, SAM_2",FALSE
ENSG00000183072,NKX2-5,Homeodomain,Yes,Known motif,Monomer or homomultimer,High-throughput in vitro,None,None,IPR001356;IPR009057;IPR017970;IPR020479,1482,NK2 homeobox 5 [Source:HGNC Symbol;Acc:HGNC:2488],3RKQ,DBD and Full,Yes,None,None,a,Yes,TF Gene_DNA-Binding: sequence-specific_DNA Binding; TF PPI; Transactivation_PMIDS:9584181;10318839,Yes,"1a1, Direct HQ evidence",Sam Lambert,Arttu Jolma,Yes,"$#ENSG00000183072#GO:0001077#RNA polymerase II core promoter proximal region sequence-specific DNA binding transcription factor a#IMP - PMID:15649947$#ENSG00000183072#GO:0001228#RNA polymerase II transcription regulatory region sequence-specific DNA binding transcription factor#IDA - PMID:19578358$#ENSG00000183072#GO:0003700#sequence-specific DNA binding transcription factor activity#IDA - PMID:10948187, PMID:11431700, PMID:9312027, $#ENSG00000183072#GO:0003705#RNA polymerase II distal enhancer sequence-specific DNA binding transcription factor activity#IEA - GO_REF:0000019",$#ENSP00000327758#ENSG00000183072#ENST00000329198#Homeodomain#$#ENSP00000395378#ENSG00000183072#ENST00000424406#Homeodomain#$#ENSP00000427906#ENSG00000183072#ENST00000521848#Homeodomain#$#ENSP00000429905#ENSG00000183072#ENST00000517440#Homeodomain#,FALSE
ENSG00000124766,SOX4,HMG/Sox,Yes,Known motif,Monomer or homomultimer,High-throughput in vitro,None,Also binds ssDNA loops.,IPR009071;,6659,SRY-box 4 [Source:HGNC Symbol;Acc:HGNC:11200],3U2B,DBD,Yes,None,None,a,Yes,TF Gene Candidate_DNA-Binding: sequence-specific_DNA Binding; Transactivation_PMIDS:7706298,Yes,"1a1, Direct HQ evidence",Pratyush Das,Jussi Taipale,Yes,"$#ENSG00000124766#GO:0001077#RNA polymerase II core promoter proximal region sequence-specific DNA binding transcription factor a#IDA - PMID:19147588$#ENSG00000124766#GO:0003700#sequence-specific DNA binding transcription factor activity#IDA - PMID:16631117, PMID:7706298",$#ENSP00000244745#ENSG00000124766#ENST00000244745#HMG#,FALSE
ENSG00000171940,ZNF217,C2H2 ZF,Yes,Known motif,Monomer or homomultimer,In vivo/Misc source,Only known motifs are from Transfac or HocoMoco - origin is uncertain,Based on (PDB: 3UK3) this protein has at least two DNA binding znf domains. In vitro evidence for DNA binding (PMID:17130829).,IPR007087;IPR015880,7764,zinc finger protein 217 [Source:HGNC Symbol;Acc:HGNC:13009],3UK3,DBD and Full,not tested,None,Crystal has two single znfC2H2 domains,b,Yes,No,Yes,"1a1, Direct HQ evidence",Sam Lambert,Pratyush Das,Yes,$#ENSG00000171940#GO:0001078#RNA polymerase II core promoter proximal region sequence-specific DNA binding transcription factor a#IDA - PMID:17130829$#ENSG00000171940#GO:0003700#sequence-specific DNA binding transcription factor activity#TAS - PMID:9671742,$#ENSP00000304308#ENSG00000171940#ENST00000302342#C2H2 ZF Containing Proteins#$#ENSP00000394010#ENSG00000171940#ENST00000437222#C2H2 ZF Containing Proteins#$#ENSP00000360526#ENSG00000171940#ENST00000371471#C2H2 ZF Containing Proteins#$#ENSP00000399672#ENSG00000171940#ENST00000431687#C2H2 ZF Containing Proteins#,FALSE
ENSG00000078900,TP73,p53,Yes,Known motif,Monomer or homomultimer,In vivo/Misc source,None,None,IPR001660;IPR002117;IPR008967;IPR010991;IPR011510;IPR011615;IPR013761;,7161,tumor protein p73 [Source:HGNC Symbol;Acc:HGNC:12003],3VD0,DBD and Full,not tested,None,None,a,Yes,Indeterminate - There is no evidence for or against this genes role as a TF___PMIDS:0,Yes,"1a1, Direct HQ evidence",Matt Weirauch,Pratyush Das,Yes,$#ENSG00000078900#GO:0000981#sequence-specific DNA binding RNA polymerase II transcription factor activity#IDA - PMID:24652652$#ENSG00000078900#GO:0001077#RNA polymerase II core promoter proximal region sequence-specific DNA binding transcription factor a#IDA - PMID:16343436$#ENSG00000078900#GO:0003700#sequence-specific DNA binding transcription factor activity#IDA - PMID:15678106,"$#ENSP00000367529#ENSG00000078900#ENST00000378280#p53#P53_tetramer$#ENSP00000367534#ENSG00000078900#ENST00000378285#p53#P53_tetramer$#ENSP00000367537#ENSG00000078900#ENST00000378288#p53#P53_tetramer, SAM_1, SAM_2$#ENSP00000367545#ENSG00000078900#ENST00000378295#p53#P53_tetramer, SAM_1, SAM_2$#ENSP00000367539#ENSG00000078900#ENST00000378290#p53#P53_tetramer, SAM_1, SAM_2",FALSE
ENSG00000163497,FEV,Ets,Yes,Known motif,Monomer or homomultimer,High-throughput in vitro,None,None,IPR000418;,54738,"FEV, ETS transcription factor [Source:HGNC Symbol;Acc:HGNC:18562]",3ZP5,DBD,not tested,None,None,a,Yes,TF Gene_DNA-Binding: sequence-specific_DNA Binding; Transactivation_PMIDS:9468386,Yes,"1a1, Direct HQ evidence",Yimeng Yin,Jussi Taipale,Yes,$#ENSG00000163497#GO:0000981#sequence-specific DNA binding RNA polymerase II transcription factor activity#IBA - GO_REF:0000033$#ENSG00000163497#GO:0003700#sequence-specific DNA binding transcription factor activity#TAS - PMID:9121764,$#ENSP00000295727#ENSG00000163497#ENST00000295727#ETS#,FALSE
ENSG00000184058,TBX1,T-box,Yes,Known motif,Monomer or homomultimer,High-throughput in vitro,None,None,IPR001699;IPR008967;IPR018186;,6899,T-box 1 [Source:HGNC Symbol;Acc:HGNC:11592],4A04,DBD,Yes,None,None,a,Yes,TF Gene_DNA-Binding: sequence-specific_DNA Binding_PMIDS:11111039;15736267,No,"1a1, Direct HQ evidence",Jussi Taipale,Laura Campitelli,Yes,$#ENSG00000184058#GO:0003700#sequence-specific DNA binding transcription factor activity#IDA - PMID:11111039,$#ENSP00000331176#ENSG00000184058#ENST00000329705#T-box#$#ENSP00000331791#ENSG00000184058#ENST00000332710#T-box#$#ENSP00000352483#ENSG00000184058#ENST00000359500#T-box#$#ENSP00000477982#ENSG00000184058#ENST00000621939#T-box#,FALSE
ENSG00000187772,LIN28B,CSD,Yes,Known motif,Monomer or homomultimer,High-throughput in vitro,None,Structure (PDB: 4A75) is with single stranded DNA.,IPR001878;IPR002059;IPR011129;IPR012340,389421,lin-28 homolog B [Source:HGNC Symbol;Acc:HGNC:32207],4A75,Full,not tested,None,Structure is with single stranded DNA,x,Yes,No,No,"1a1, Direct HQ evidence",Pratyush Das,Arttu Jolma,No,None,"$#ENSP00000344401#ENSG00000187772#ENST00000345080#Cold-shock protein, DNA-binding#zf-CCHC$#ENSP00000489735#ENSG00000187772#ENST00000635857#Cold-shock protein, DNA-binding#zf-CCHC$#ENSP00000490468#ENSG00000187772#ENST00000637759#Cold-shock protein, DNA-binding#zf-CCHC",FALSE
ENSG00000187098,MITF,bHLH,Yes,Known motif,Monomer or homomultimer,100 perc ID - in vitro,None,Binds DNA both as homo- and heterodimers (PMID: 23207919). The structure 4ATI is a homodimer with DNA GTTAGCACATGACCCT.,IPR011598;IPR021802,4286,melanogenesis associated transcription factor [Source:HGNC Symbol;Acc:HGNC:7105],4ATI,DBD and Full,Yes,None,"Based on pmid:23207919, it binds DNA both as homo- and heterodimers, The structure 4ATI is homodimer with DNA GTTAGCACATGACCCT",a,Yes,TF Gene_DNA-Binding: sequence-specific_DNA Binding; Transactivation_PMIDS:14737107;15716956,Yes,"1a1, Direct HQ evidence",Pratyush Das,Arttu Jolma,Yes,"$#ENSG00000187098#GO:0001077#RNA polymerase II core promoter proximal region sequence-specific DNA binding transcription factor a#IDA - PMID:14737107, PMID:20530484 | IMP - PMID:14$#ENSG00000187098#GO:0001227#RNA polymerase II transcription regulatory region sequence-specific DNA binding transcription factor#NAS - PMID:24769727","$#ENSP00000324246#ENSG00000187098#ENST00000314557#bHLH#DUF3371, MITF_TFEB_C_3_N$#ENSP00000295600#ENSG00000187098#ENST00000352241#bHLH#DUF3371, MITF_TFEB_C_3_N$#ENSP00000481286#ENSG00000187098#ENST00000394348#bHLH#MITF_TFEB_C_3_N$#ENSP00000377880#ENSG00000187098#ENST00000394351#bHLH#DUF3371, MITF_TFEB_C_3_N$#ENSP00000391276#ENSG00000187098#ENST00000457080#bHLH#MITF_TFEB_C_3_N$#ENSP00000435909#ENSG00000187098#ENST00000531774#bHLH#DUF3371, MITF_TFEB_C_3_N$#ENSP00000324443#ENSG00000187098#ENST00000314589#bHLH#DUF3371, MITF_TFEB_C_3_N$#ENSP00000418845#ENSG00000187098#ENST00000472437#bHLH#DUF3371, MITF_TFEB_C_3_N$#ENSP00000411389#ENSG00000187098#ENST00000433517#bHLH#MITF_TFEB_C_3_N",FALSE
ENSG00000006468,ETV1,Ets,Yes,Known motif,Monomer or homomultimer,High-throughput in vitro,None,None,IPR000418;IPR006715,2115,ETS variant 1 [Source:HGNC Symbol;Acc:HGNC:3490],4BNC,DBD and Full,Yes,None,None,a,Yes,TF Gene_DNA-Binding: sequence-specific_DNA Binding_PMIDS:12750007,Yes,"1a1, Direct HQ evidence",Arttu Jolma,Sam Lambert,Yes,$#ENSG00000006468#GO:0001077#RNA polymerase II core promoter proximal region sequence-specific DNA binding transcription factor a#IDA - PMID:12750007$#ENSG00000006468#GO:0003700#sequence-specific DNA binding transcription factor activity#TAS - PMID:7700648,$#ENSP00000384138#ENSG00000006468#ENST00000403527#ETS#ETS_PEA3_N$#ENSP00000385686#ENSG00000006468#ENST00000403685#ETS#ETS_PEA3_N$#ENSP00000385381#ENSG00000006468#ENST00000405192#ETS#ETS_PEA3_N$#ENSP00000405327#ENSG00000006468#ENST00000430479#ETS#ETS_PEA3_N$#ENSP00000393078#ENSG00000006468#ENST00000438956#ETS#ETS_PEA3_N$#ENSP00000382293#ENSG00000006468#ENST00000399357#ETS#ETS_PEA3_N$#ENSP00000411626#ENSG00000006468#ENST00000420159#ETS#ETS_PEA3_N,FALSE
ENSG00000157557,ETS2,Ets,Yes,Known motif,Monomer or homomultimer,High-throughput in vitro,None,None,IPR000418;IPR003118;IPR013761;IPR016311;IPR027276;,2114,"ETS proto-oncogene 2, transcription factor [Source:HGNC Symbol;Acc:HGNC:3489]",4BQA,DBD and Full,not tested,None,None,a,Yes,TF Gene_DNA-Binding: sequence-specific_DNA Binding_PMIDS:12637547;12928043,Yes,"1a1, Direct HQ evidence",Sam Lambert,Arttu Jolma,Yes,$#ENSG00000157557#GO:0001078#RNA polymerase II core promoter proximal region sequence-specific DNA binding transcription factor a#IDA - PMID:12637547$#ENSG00000157557#GO:0003700#sequence-specific DNA binding transcription factor activity#IDA - PMID:11909962,$#ENSP00000354194#ENSG00000157557#ENST00000360938#ETS#SAM_PNT$#ENSP00000353344#ENSG00000157557#ENST00000360214#ETS#SAM_PNT$#ENSP00000411086#ENSG00000157557#ENST00000456966#ETS#SAM_PNT$#ENSP00000401273#ENSG00000157557#ENST00000432278#ETS#SAM_PNT,FALSE
ENSG00000130816,DNMT1,CxxC,Yes,Known motif,Monomer or homomultimer,High-throughput in vitro,None,None,IPR001025;IPR001525;IPR002857;IPR010506;IPR017198;IPR018117;IPR022702;IPR029063,1786,DNA (cytosine-5-)-methyltransferase 1 [Source:HGNC Symbol;Acc:HGNC:2976],4DA4,not tested,Yes,None,TFs that are in CisBP but not in Vaquerizas set,No,Yes,No,No,"1a1, Direct HQ evidence",Jussi Taipale,Laura Campitelli,Yes,None,"$#ENSP00000345739#ENSG00000130816#ENST00000340748#CxxC#BAH, DMAP_binding, DNA_methylase, DNMT1-RFD$#ENSP00000352516#ENSG00000130816#ENST00000359526#CxxC#BAH, DMAP_binding, DNA_methylase, DNMT1-RFD$#ENSP00000468062#ENSG00000130816#ENST00000590619#CxxC#$#ENSP00000465555#ENSG00000130816#ENST00000586800#CxxC#$#ENSP00000465993#ENSG00000130816#ENST00000592342#CxxC#",FALSE
ENSG00000182759,MAFA,bZIP,Yes,Known motif,Monomer or homomultimer,High-throughput in vitro,None,None,IPR004826;IPR004827;IPR008917;IPR013592,389692,MAF bZIP transcription factor A [Source:HGNC Symbol;Acc:HGNC:23145],4EOT,DBD,Yes,None,Structure is a homodimer,a,Yes,TF Gene_DNA-Binding: sequence-specific_DNA Binding; Transactivation_PMIDS:15665000,Yes,"1a1, Direct HQ evidence",Pratyush Das,Sam Lambert,Yes,"$#ENSG00000182759#GO:0001077#RNA polymerase II core promoter proximal region sequence-specific DNA binding transcription factor a#IEA - GO_REF:0000019$#ENSG00000182759#GO:0001228#RNA polymerase II transcription regulatory region sequence-specific DNA binding transcription factor#IBA - GO_REF:0000033$#ENSG00000182759#GO:0003700#sequence-specific DNA binding transcription factor activity#TAS - PMID:12368292, PMID:17941991",$#ENSP00000328364#ENSG00000182759#ENST00000333480#bZIP#Maf_N,FALSE
ENSG00000125398,SOX9,HMG/Sox,Yes,Known motif,Monomer or homomultimer,High-throughput in vitro,None,Also binds ssDNA loops.,IPR009071;IPR022151,6662,SRY-box 9 [Source:HGNC Symbol;Acc:HGNC:11204],4EUW,DBD and Full,not tested,None,None,a,Yes,TF Gene_DNA-Binding: sequence-specific_DNA Binding_PMIDS:15590666,Yes,"1a1, Direct HQ evidence",Yimeng Yin,Jussi Taipale,Yes,"$#ENSG00000125398#GO:0001077#RNA polymerase II core promoter proximal region sequence-specific DNA binding transcription factor a#IDA - PMID:20484372, PMID:20530484, PMID:21367821$#ENSG00000125398#GO:0003700#sequence-specific DNA binding transcription factor activity#IDA - PMID:10805756 | IMP - PMID:8640233$#ENSG00000125398#GO:0003705#RNA polymerase II distal enhancer sequence-specific DNA binding transcription factor activity#IDA - PMID:20484372, PMID:21412441",$#ENSP00000245479#ENSG00000125398#ENST00000245479#HMG#Sox_N,FALSE
ENSG00000204644,ZFP57,C2H2 ZF,Yes,Known motif,Monomer or homomultimer,In vivo/Misc source,Motif obtained from MEME - not supported by recognition code (RCADE) and may be inaccurate or indirect,Recognizes CpG methylated  ACTGCGGCAAT site based on structure 4GZN,IPR001909;IPR007087;IPR015880;,346171,ZFP57 zinc finger protein [Source:HGNC Symbol;Acc:HGNC:18791],4GZN,not tested,not tested,None,None,b,Yes,Indeterminate - There is no evidence for or against this genes role as a TF___PMIDS:0,No,"1a1, Direct HQ evidence",Laura Campitelli,Arttu Jolma,Yes,None,$#ENSP00000418259#ENSG00000204644#ENST00000488757#C2H2 ZF Containing Proteins#KRAB$#ENSP00000366078#ENSG00000204644#ENST00000376881#C2H2 ZF Containing Proteins#KRAB$#ENSP00000366080#ENSG00000204644#ENST00000376883#C2H2 ZF Containing Proteins#KRAB,TRUE
ENSG00000133794,ARNTL,bHLH,Yes,Known motif,Monomer or homomultimer,High-throughput in vitro,None,None,IPR000014;IPR001067;IPR001610;IPR011598;IPR013767;,406,aryl hydrocarbon receptor nuclear translocator like [Source:HGNC Symbol;Acc:HGNC:701],4H10,DBD and Full,Yes,None,Structure is ARNTL-CLOCK heterodimer,a,Yes,TF Gene_DNA-Binding: sequence-specific_DNA Binding; TF PPI_PMIDS:9576906;9616112,Yes,"1a1, Direct HQ evidence",Yimeng Yin,Arttu Jolma,Yes,$#ENSG00000133794#GO:0000982#RNA polymerase II core promoter proximal region sequence-specific DNA binding transcription factor a#ISS - GO_REF:0000024,"$#ENSP00000374357#ENSG00000133794#ENST00000389707#bHLH#PAS, PAS_11, PAS_3, PAS_4, PAS_9$#ENSP00000385915#ENSG00000133794#ENST00000401424#bHLH#PAS, PAS_11, PAS_3, PAS_4, PAS_9$#ENSP00000384517#ENSG00000133794#ENST00000403290#bHLH#PAS, PAS_11, PAS_3, PAS_4, PAS_9$#ENSP00000385897#ENSG00000133794#ENST00000403482#bHLH#PAS, PAS_11, PAS_3, PAS_4, PAS_9$#ENSP00000385581#ENSG00000133794#ENST00000403510#bHLH#PAS, PAS_11, PAS_3, PAS_4, PAS_9$#ENSP00000436721#ENSG00000133794#ENST00000482049#bHLH#",FALSE
ENSG00000134852,CLOCK,bHLH,Yes,Known motif,Monomer or homomultimer,High-throughput in vitro,None,Can also bind as heterodimer with ARNTL.,IPR000014;IPR001067;IPR001610;IPR011598;IPR013767;,9575,clock circadian regulator [Source:HGNC Symbol;Acc:HGNC:2082],4H10,DBD and Full,Yes,None,Structure is ARNTL-CLOCK heterodimer,a,Yes,TF Gene_DNA-Binding: sequence-specific_DNA Binding_PMIDS:9616112;15147242;15500444,Yes,"1a1, Direct HQ evidence",Arttu Jolma,Laura Campitelli,Yes,$#ENSG00000134852#GO:0000982#RNA polymerase II core promoter proximal region sequence-specific DNA binding transcription factor a#ISS - GO_REF:0000024$#ENSG00000134852#GO:0003700#sequence-specific DNA binding transcription factor activity#ISS - GO_REF:0000024$#ENSG00000134852#GO:0051092#positive regulation of NF-kappaB transcription factor activity#ISS - GO_REF:0000024,"$#ENSP00000308741#ENSG00000134852#ENST00000309964#bHLH#PAS, PAS_11, PAS_3, PAS_9$#ENSP00000370723#ENSG00000134852#ENST00000381322#bHLH#PAS, PAS_11, PAS_3, PAS_9$#ENSP00000426983#ENSG00000134852#ENST00000513440#bHLH#PAS, PAS_11, PAS_3, PAS_9$#ENSP00000396649#ENSG00000134852#ENST00000435527#bHLH#PAS, PAS_9",FALSE
ENSG00000157554,ERG,Ets,Yes,Known motif,Monomer or homomultimer,High-throughput in vitro,None,None,IPR000418;IPR003118;IPR013761;,2078,"ERG, ETS transcription factor [Source:HGNC Symbol;Acc:HGNC:3446]",4IRI,DBD and Full,Yes,None,None,a,Yes,No,Yes,"1a1, Direct HQ evidence",Laura Campitelli,Yimeng Yin,Yes,$#ENSG00000157554#GO:0000981#sequence-specific DNA binding RNA polymerase II transcription factor activity#IBA - GO_REF:0000033,$#ENSP00000288319#ENSG00000157554#ENST00000288319#ETS#SAM_PNT$#ENSP00000381871#ENSG00000157554#ENST00000398897#ETS#SAM_PNT$#ENSP00000381877#ENSG00000157554#ENST00000398905#ETS#SAM_PNT$#ENSP00000381891#ENSG00000157554#ENST00000398919#ETS#SAM_PNT$#ENSP00000414150#ENSG00000157554#ENST00000417133#ETS#SAM_PNT$#ENSP00000396268#ENSG00000157554#ENST00000453032#ETS#SAM_PNT,FALSE
ENSG00000147421,HMBOX1,Homeodomain,Yes,Known motif,Monomer or homomultimer,High-throughput in vitro,None,None,IPR001356;IPR006899;IPR009057;IPR010982,79618,homeobox containing 1 [Source:HGNC Symbol;Acc:HGNC:26137],4J19,DBD and Full,Yes,None,Structure is a homodimer,b,Yes,No,No,"1a1, Direct HQ evidence",Matt Weirauch,Laura Campitelli,Yes,None,"$#ENSP00000287701#ENSG00000147421#ENST00000287701#Homeodomain#HNF-1_N, HTH_19, HTH_3, HTH_37$#ENSP00000380516#ENSG00000147421#ENST00000397358#Homeodomain#HNF-1_N, HTH_19, HTH_3, HTH_37$#ENSP00000452827#ENSG00000147421#ENST00000523613#Homeodomain#HNF-1_N, HTH_19, HTH_3, HTH_37$#ENSP00000430110#ENSG00000147421#ENST00000524238#Homeodomain#HNF-1_N, HTH_19, HTH_3, HTH_37",FALSE
ENSG00000139083,ETV6,Ets,Yes,Known motif,Monomer or homomultimer,High-throughput in vitro,None,None,IPR000418;IPR003118;IPR013761;,2120,ETS variant 6 [Source:HGNC Symbol;Acc:HGNC:3495],4MHG,DBD and Full,Yes,None,None,a,Yes,No,Yes,"1a1, Direct HQ evidence",Matt Weirauch,Arttu Jolma,Yes,$#ENSG00000139083#GO:0000981#sequence-specific DNA binding RNA polymerase II transcription factor activity#IBA - GO_REF:0000033$#ENSG00000139083#GO:0001077#RNA polymerase II core promoter proximal region sequence-specific DNA binding transcription factor a#IEA - GO_REF:0000019$#ENSG00000139083#GO:0001227#RNA polymerase II transcription regulatory region sequence-specific DNA binding transcription factor#IC - GO_REF:0000036$#ENSG00000139083#GO:0003700#sequence-specific DNA binding transcription factor activity#TAS - PMID:7761424,$#ENSP00000379658#ENSG00000139083#ENST00000396373#ETS#SAM_PNT$#ENSP00000266427#ENSG00000139083#ENST00000266427#ETS#$#ENSP00000441463#ENSG00000139083#ENST00000545027#ETS#SAM_PNT,FALSE
ENSG00000255192,NANOGP8,Homeodomain,Yes,Known motif,Monomer or homomultimer,100 perc ID - in vitro,None,"Listed as a pseudogene, but it encodes two protein products",IPR001356;IPR009057;IPR017970,None,Nanog homeobox pseudogene 8 [Source:HGNC Symbol;Acc:HGNC:23106],4RBO,Full,not tested,None,Crystal structure shows strong protein-protein interaction between the monomers,No,Yes,TF Gene_DNA-Binding: sequence-specific_DNA Binding_PMIDS:12787504;15502159;15502159;16153702,No,"1a1, Direct HQ evidence",Pratyush Das,Jussi Taipale,Yes,None,$##ENSG00000255192##Other#,FALSE
ENSG00000105880,DLX5,Homeodomain,Yes,Known motif,Monomer or homomultimer,High-throughput in vitro,None,None,IPR000047;IPR001356;IPR009057;IPR017970;IPR020479;IPR022135,1749,distal-less homeobox 5 [Source:HGNC Symbol;Acc:HGNC:2918],4RDU,DBD and Full,Yes,None,"Monomer, makes a protein protein interaction on packing",a,Yes,TF Gene_DNA-Binding: sequence-specific_DNA Binding_PMIDS:15383550,Yes,"1a1, Direct HQ evidence",Jussi Taipale,Tim Hughes,Yes,$#ENSG00000105880#GO:0001077#RNA polymerase II core promoter proximal region sequence-specific DNA binding transcription factor a#ISS - GO_REF:0000024,$#ENSP00000222598#ENSG00000105880#ENST00000222598#Homeodomain#DLL_N$#ENSP00000475008#ENSG00000105880#ENST00000486603#Homeodomain#DLL_N,FALSE
ENSG00000151623,NR3C2,Nuclear receptor,Yes,Known motif,Monomer or homomultimer,High-throughput in vitro,None,None,IPR000536;IPR001628;IPR008946;,4306,nuclear receptor subfamily 3 group C member 2 [Source:HGNC Symbol;Acc:HGNC:7979],4TNT,DBD and Full,Yes,None,None,a,Yes,TF Gene_DNA-Binding: sequence-specific_Transactivation_PMIDS:3037703;8389140,No,"1a1, Direct HQ evidence",Arttu Jolma,Matt Weirauch,Yes,$#ENSG00000151623#GO:0003700#sequence-specific DNA binding transcription factor activity#IEA - GO_REF:0000002,$#ENSP00000350815#ENSG00000151623#ENST00000358102#Nuclear Hormone Receptor#Hormone_recep$#ENSP00000423510#ENSG00000151623#ENST00000512865#Nuclear Hormone Receptor#,FALSE
ENSG00000244405,ETV5,Ets,Yes,Known motif,Monomer or homomultimer,High-throughput in vitro,None,None,IPR000418;IPR006715,2119,ETS variant 5 [Source:HGNC Symbol;Acc:HGNC:3494],4UNO,DBD and Full,Yes,None,None,a,Yes,TF Gene_DNA-Binding: sequence-specific_DNA Binding_PMIDS:15138262;15466854;15857832,Yes,"1a1, Direct HQ evidence",Pratyush Das,Sam Lambert,Yes,$#ENSG00000244405#GO:0001228#RNA polymerase II transcription regulatory region sequence-specific DNA binding transcription factor#IMP - PMID:15857832$#ENSG00000244405#GO:0003700#sequence-specific DNA binding transcription factor activity#IDA - PMID:19443906,$#ENSP00000306894#ENSG00000244405#ENST00000306376#ETS#ETS_PEA3_N$#ENSP00000413755#ENSG00000244405#ENST00000434744#ETS#ETS_PEA3_N$#ENSP00000412171#ENSG00000244405#ENST00000421809#ETS#ETS_PEA3_N,FALSE
ENSG00000175832,ETV4,Ets,Yes,Known motif,Monomer or homomultimer,High-throughput in vitro,None,None,IPR000418;IPR006715,2118,ETS variant 4 [Source:HGNC Symbol;Acc:HGNC:3493],4UUV,DBD,Yes,None,None,a,Yes,TF Gene_DNA-Binding: sequence-specific; Transcription Factor Binding: tf co-factor binding_DNA Binding_PMIDS:15138262;15466854,Yes,"1a1, Direct HQ evidence",Pratyush Das,Jussi Taipale,Yes,$#ENSG00000175832#GO:0000981#sequence-specific DNA binding RNA polymerase II transcription factor activity#IBA - GO_REF:0000033$#ENSG00000175832#GO:0001077#RNA polymerase II core promoter proximal region sequence-specific DNA binding transcription factor a#IC - GO_REF:0000036,$#ENSP00000321835#ENSG00000175832#ENST00000319349#ETS#ETS_PEA3_N$#ENSP00000377273#ENSG00000175832#ENST00000393664#ETS#ETS_PEA3_N$#ENSP00000468636#ENSG00000175832#ENST00000586826#ETS#ETS_PEA3_N$#ENSP00000465718#ENSG00000175832#ENST00000591713#ETS#ETS_PEA3_N$#ENSP00000443846#ENSG00000175832#ENST00000538265#ETS#ETS_PEA3_N$#ENSP00000441749#ENSG00000175832#ENST00000545089#ETS#ETS_PEA3_N$#ENSP00000440023#ENSG00000175832#ENST00000545954#ETS#ETS_PEA3_N$#ENSP00000466673#ENSG00000175832#ENST00000586764#ETS#ETS_PEA3_N,FALSE
ENSG00000143995,MEIS1,Homeodomain,Yes,Known motif,Monomer or homomultimer,High-throughput in vitro,None,None,IPR001356;IPR008422;IPR009057;,4211,Meis homeobox 1 [Source:HGNC Symbol;Acc:HGNC:7000],4XRM,DBD,Yes,None,MEIS1 homodimer,a,Yes,TF Gene_Transcription Factor Binding: tf co-factor binding_Co-activation_PMIDS:12609849;16648484,No,"1a1, Direct HQ evidence",Laura Campitelli,Arttu Jolma,Yes,$#ENSG00000143995#GO:0001077#RNA polymerase II core promoter proximal region sequence-specific DNA binding transcription factor a#IEA - GO_REF:0000019$#ENSG00000143995#GO:0003705#RNA polymerase II distal enhancer sequence-specific DNA binding transcription factor activity#IEA - GO_REF:0000019,$#ENSP00000272369#ENSG00000143995#ENST00000272369#Homeodomain#Meis_PKNOX_N$#ENSP00000475161#ENSG00000143995#ENST00000488550#Homeodomain#Meis_PKNOX_N$#ENSP00000440571#ENSG00000143995#ENST00000495021#Homeodomain#Meis_PKNOX_N,FALSE
ENSG00000064195,DLX3,Homeodomain,Yes,Known motif,Monomer or homomultimer,High-throughput in vitro,None,None,IPR000047;IPR001356;IPR009057;IPR017970;IPR020479;IPR022135,1747,distal-less homeobox 3 [Source:HGNC Symbol;Acc:HGNC:2916],4XRS,DBD and Full,Yes,None,Heterodimer with MEIS1-DLX3,a,Yes,TF Gene_DNA-Binding: sequence-specific_DNA Binding; TF PPI_PMIDS:16687405,Yes,"1a1, Direct HQ evidence",Matt Weirauch,Arttu Jolma,Yes,$#ENSG00000064195#GO:0001077#RNA polymerase II core promoter proximal region sequence-specific DNA binding transcription factor a#IEA - GO_REF:0000019$#ENSG00000064195#GO:0003700#sequence-specific DNA binding transcription factor activity#TAS - PMID:9467018,$#ENSP00000389870#ENSG00000064195#ENST00000434704#Homeodomain#DLL_N$#ENSP00000449976#ENSG00000064195#ENST00000512495#Homeodomain#,FALSE
ENSG00000166888,STAT6,STAT,Yes,Known motif,Monomer or homomultimer,In vivo/Misc source,Only known motifs are from Transfac or HocoMoco - origin is uncertain,None,IPR000980;IPR008967;IPR013799;IPR013800;IPR013801;IPR015988;IPR028187;,6778,signal transducer and activator of transcription 6 [Source:HGNC Symbol;Acc:HGNC:11368],4Y5W,DBD and Full,not tested,Requires_Phosphorylation,Requires phosphorylation,a,Yes,TF Gene_DNA-Binding: sequence-specific_DNA Binding_PMIDS:7760829;8810328,Yes,"1a1, Direct HQ evidence",Pratyush Das,Jussi Taipale,Yes,$#ENSG00000166888#GO:0003700#sequence-specific DNA binding transcription factor activity#IEA - GO_REF:0000019,"$#ENSP00000300134#ENSG00000166888#ENST00000300134#STAT#SH2, STAT6_C, STAT_alpha$#ENSP00000451742#ENSG00000166888#ENST00000556155#STAT#SH2, STAT6_C, STAT_alpha$#ENSP00000401486#ENSG00000166888#ENST00000454075#STAT#SH2, STAT6_C, STAT_alpha$#ENSP00000444530#ENSG00000166888#ENST00000537215#STAT#SH2, STAT6_C, STAT_alpha$#ENSP00000445409#ENSG00000166888#ENST00000538913#STAT#SH2, STAT6_C, STAT_alpha$#ENSP00000438451#ENSG00000166888#ENST00000543873#STAT#SH2, STAT6_C, STAT_alpha$#ENSP00000450732#ENSG00000166888#ENST00000553275#STAT#STAT_int$#ENSP00000451546#ENSG00000166888#ENST00000553533#STAT#SH2$#ENSP00000450428#ENSG00000166888#ENST00000555318#STAT#STAT6_C$#ENSP00000450921#ENSG00000166888#ENST00000555375#STAT#SH2$#ENSP00000452373#ENSG00000166888#ENST00000556259#STAT#STAT_int",FALSE
ENSG00000203883,SOX18,HMG/Sox,Yes,Known motif,Monomer or homomultimer,High-throughput in vitro,None,None,IPR009071;IPR021934,54345,SRY-box 18 [Source:HGNC Symbol;Acc:HGNC:11194],4Y60,DBD and Full,Yes,None,None,a,Yes,TF Gene_DNA-Binding: sequence-specific_DNA Binding_PMIDS:12446692,Yes,"1a1, Direct HQ evidence",Jussi Taipale,Laura Campitelli,Yes,$#ENSG00000203883#GO:0001077#RNA polymerase II core promoter proximal region sequence-specific DNA binding transcription factor a#IDA - PMID:22292085,$#ENSP00000341815#ENSG00000203883#ENST00000340356#HMG#Sox17_18_mid,FALSE
ENSG00000137090,DMRT1,DM,Yes,Known motif,Monomer or homomultimer,High-throughput in vitro,None,None,IPR001275;IPR022114,1761,doublesex and mab-3 related transcription factor 1 [Source:HGNC Symbol;Acc:HGNC:2934],4YJ0,DBD and Full,Yes,None,None,a,Yes,Indeterminate - There is no evidence for or against this genes role as a TF___PMIDS:0,Yes,"1a1, Direct HQ evidence",Jussi Taipale,Arttu Jolma,Yes,$#ENSG00000137090#GO:0001228#RNA polymerase II transcription regulatory region sequence-specific DNA binding transcription factor#IEA - GO_REF:0000019$#ENSG00000137090#GO:0003700#sequence-specific DNA binding transcription factor activity#IBA - GO_REF:0000033,$#ENSP00000371711#ENSG00000137090#ENST00000382276#DM#Dmrt1$#ENSP00000454701#ENSG00000137090#ENST00000569227#DM#Dmrt1,FALSE
ENSG00000129173,E2F8,E2F,Yes,Known motif,Monomer or homomultimer,High-throughput in vitro,None,None,IPR003316;,79733,E2F transcription factor 8 [Source:HGNC Symbol;Acc:HGNC:24727],4YO2,DBD and Full,not tested,None,None,c,Yes,No,Yes,"1a1, Direct HQ evidence",Pratyush Das,Tim Hughes,Yes,$#ENSG00000129173#GO:0001078#RNA polymerase II core promoter proximal region sequence-specific DNA binding transcription factor a#IDA - PMID:16179649$#ENSG00000129173#GO:0003700#sequence-specific DNA binding transcription factor activity#IMP - PMID:22903062,$#ENSP00000250024#ENSG00000129173#ENST00000250024#E2F#$#ENSP00000437326#ENSG00000129173#ENST00000532666#E2F#$#ENSP00000434199#ENSG00000129173#ENST00000527884#E2F#$#ENSP00000481103#ENSG00000129173#ENST00000620009#E2F#,FALSE
ENSG00000113658,SMAD5,SMAD,Yes,Known motif,Monomer or homomultimer,High-throughput in vitro,None,None,IPR001132;IPR003619;IPR008984;IPR013019,4090,SMAD family member 5 [Source:HGNC Symbol;Acc:HGNC:6771],4ZKG,DBD and Full,not tested,None,None,a,Yes,TF Gene Candidate_DNA-Binding: sequence-specific_DNA Binding_PMIDS:11527422,No,"1a1, Direct HQ evidence",Arttu Jolma,Laura Campitelli,Yes,$#ENSG00000113658#GO:0003700#sequence-specific DNA binding transcription factor activity#IEA - GO_REF:0000002,"$#ENSP00000425749#ENSG00000113658#ENST00000507118#MH1 Family DBDs#$#ENSP00000426696#ENSG00000113658#ENST00000509297#MH1 Family DBDs#$#ENSP00000424279#ENSG00000113658#ENST00000511116#MH1 Family DBDs#$#ENSP00000427330#ENSG00000113658#ENST00000515005#MH1 Family DBDs#$#ENSP00000441954#ENSG00000113658#ENST00000545279#MH1 Family DBDs#IRF-3, MH2$#ENSP00000427474#ENSG00000113658#ENST00000507637#MH1 Family DBDs#MH2",FALSE
ENSG00000116016,EPAS1,bHLH,Yes,Known motif,Monomer or homomultimer,In vivo/Misc source,Only known motifs are from Transfac or HocoMoco - origin is uncertain,None,IPR000014;IPR001067;IPR001610;IPR011598;IPR013767;IPR014887;IPR021537;,2034,endothelial PAS domain protein 1 [Source:HGNC Symbol;Acc:HGNC:3374],4ZPK,DBD and Full,Yes,Obligate_Multimer,"4ZPK is EPAS1 -  ARNT heterodimer; Heterodimerizes with ARNT, PMID: 26245371 for the crystal structure; ",a,Yes,TF Gene_Transcription Factor Binding: tf co-factor binding; DNA-Binding: sequence-specific_Co-activation; DNA Binding_PMIDS:15190133,Yes,"1a1, Direct HQ evidence",Tim Hughes,Sam Lambert,Yes,$#ENSG00000116016#GO:0000981#sequence-specific DNA binding RNA polymerase II transcription factor activity#IBA - GO_REF:0000033$#ENSG00000116016#GO:0001077#RNA polymerase II core promoter proximal region sequence-specific DNA binding transcription factor a#IEA - GO_REF:0000019,"$#ENSP00000263734#ENSG00000116016#ENST00000263734#bHLH#HIF-1, HIF-1a_CTAD, PAS, PAS_11, PAS_3, PAS_4, PAS$#ENSP00000406137#ENSG00000116016#ENST00000449347#bHLH#PAS, PAS_11, PAS_3, PAS_4, PAS_9",FALSE
ENSG00000143437,ARNT,bHLH,Yes,Known motif,Monomer or homomultimer,100 perc ID - in vitro,None,None,IPR000014;IPR001067;IPR001610;IPR011598;IPR013767;,405,aryl hydrocarbon receptor nuclear translocator [Source:HGNC Symbol;Acc:HGNC:700],4ZPR,DBD and Full,Yes,"Obligate_Multimer, the structure4ZPR is a HIF1A-AR","Structure has HIF1A -  ARNT heterodimer; Heterodimerizes with ARNT, PMID:7539918, PubMed: 26245371 for the crystal structure",a,Yes,TF Gene_DNA-Binding: sequence-specific_DNA Binding_PMIDS:7592839,Yes,"1a1, Direct HQ evidence",Yimeng Yin,Jussi Taipale,Yes,"$#ENSG00000143437#GO:0003700#sequence-specific DNA binding transcription factor activity#TAS - PMID:10777486, PMID:1317062$#ENSG00000143437#GO:0003705#RNA polymerase II distal enhancer sequence-specific DNA binding transcription factor activity#IDA - PMID:7539918, PMID:8756616","$#ENSP00000346372#ENSG00000143437#ENST00000354396#bHLH#PAS, PAS_11, PAS_3, PAS_4, PAS_9$#ENSP00000351407#ENSG00000143437#ENST00000358595#bHLH#PAS, PAS_11, PAS_3, PAS_4, PAS_9$#ENSP00000423851#ENSG00000143437#ENST00000515192#bHLH#PAS, PAS_11, PAS_3, PAS_4, PAS_9$#ENSP00000427571#ENSG00000143437#ENST00000505755#bHLH#PAS, PAS_11, PAS_3, PAS_4, PAS_9",FALSE
ENSG00000185122,HSF1,HSF,Yes,Known motif,Monomer or homomultimer,High-throughput in vitro,None,None,IPR000232;IPR010542,3297,heat shock transcription factor 1 [Source:HGNC Symbol;Acc:HGNC:5224],5D5U,DBD and Full,not tested,None,None,a,Yes,TF Gene_DNA-Binding: sequence-specific_DNA Binding_PMIDS:9545528,Yes,"1a1, Direct HQ evidence",Laura Campitelli,Arttu Jolma,Yes,"$#ENSG00000185122#GO:0001078#RNA polymerase II core promoter proximal region sequence-specific DNA binding transcription factor a#IDA - PMID:8926278$#ENSG00000185122#GO:0003700#sequence-specific DNA binding transcription factor activity#TAS - PMID:10821850, PMID:1871105","$#ENSP00000431512#ENSG00000185122#ENST00000528838#HSF#Vert_HS_TF$#ENSP00000383590#ENSG00000185122#ENST00000400780#HSF#Vert_HS_TF$#ENSP00000436616#ENSG00000185122#ENST00000533240#HSF#HMMR_C, ZapB",FALSE
ENSG00000025156,HSF2,HSF,Yes,Known motif,Monomer or homomultimer,High-throughput in vitro,None,None,IPR000232;IPR010542,3298,heat shock transcription factor 2 [Source:HGNC Symbol;Acc:HGNC:5225],5D8K,DBD and Full,not tested,None,None,a,Yes,No,Yes,"1a1, Direct HQ evidence",Tim Hughes,Laura Campitelli,Yes,$#ENSG00000025156#GO:0001228#RNA polymerase II transcription regulatory region sequence-specific DNA binding transcription factor#IDA - PMID:10561509$#ENSG00000025156#GO:0003700#sequence-specific DNA binding transcription factor activity#TAS - PMID:1871106,$#ENSP00000357440#ENSG00000025156#ENST00000368455#HSF#Vert_HS_TF$#ENSP00000400380#ENSG00000025156#ENST00000452194#HSF#Vert_HS_TF$#ENSP00000477405#ENSG00000025156#ENST00000465214#HSF#Vert_HS_TF,FALSE
ENSG00000151702,FLI1,Ets,Yes,Known motif,Monomer or homomultimer,High-throughput in vitro,None,None,IPR000418;IPR003118;IPR013761;,2313,"Fli-1 proto-oncogene, ETS transcription factor [Source:HGNC Symbol;Acc:HGNC:3749]",5E8I,DBD and Full,Yes,None,None,a,Yes,TF Gene_DNA-Binding: sequence-specific_Transactivation_PMIDS:1445800;1522903;8449942;8502483;12065417;14570912,Yes,"1a1, Direct HQ evidence",Pratyush Das,Arttu Jolma,Yes,$#ENSG00000151702#GO:0000981#sequence-specific DNA binding RNA polymerase II transcription factor activity#IBA - GO_REF:0000033$#ENSG00000151702#GO:0001077#RNA polymerase II core promoter proximal region sequence-specific DNA binding transcription factor a#IEA - GO_REF:0000019$#ENSG00000151702#GO:0003700#sequence-specific DNA binding transcription factor activity#TAS - PMID:10891501,$#ENSP00000281428#ENSG00000151702#ENST00000281428#ETS#SAM_PNT$#ENSP00000433488#ENSG00000151702#ENST00000527786#ETS#SAM_PNT$#ENSP00000339627#ENSG00000151702#ENST00000344954#ETS#$#ENSP00000432950#ENSG00000151702#ENST00000534087#ETS#SAM_PNT,FALSE
ENSG00000164256,PRDM9,C2H2 ZF,Yes,Known motif,Monomer or homomultimer,High-throughput in vitro,ChIP-seq motif is consistent with recognition code (RCADE),None,IPR001214;IPR001909;IPR003655;IPR007087;IPR015880;IPR019041,56979,PR domain 9 [Source:HGNC Symbol;Acc:HGNC:13994],5EGB,not tested,not tested,None,Structure is fine,b,Yes,No,No,"1a1, Direct HQ evidence",Laura Campitelli,Yimeng Yin,Yes,None,"$#ENSP00000296682#ENSG00000164256#ENST00000296682#C2H2 ZF Containing Proteins#KRAB, SET, SSXRD, zf-C2H2_4$#ENSP00000425471#ENSG00000164256#ENST00000502755#C2H2 ZF Containing Proteins#KRAB, Phage_F$#ENSP00000489227#ENSG00000164256#ENST00000635252#C2H2 ZF Containing Proteins#SET, SSXRD",TRUE
ENSG00000189308,LIN54,TCR/CxC,Yes,Inferred motif,Monomer or homomultimer,High-throughput in vitro,None,"In the structure (PDB: 5FD3), the protein contacts DNA, although it only contacts the backbone except for one tyrosine residue",IPR005172;,132660,lin-54 DREAM MuvB core complex component [Source:HGNC Symbol;Acc:HGNC:25397],5FD3,not tested,not tested,None,"Structure appears to contact essentially only the backbone except for one tyrosine residue, presumably non- or low specificity interaction",No,Yes,No,No,"3a, decent circumstantial evidence for its role as",Pratyush Das,Arttu Jolma,No,None,$#ENSP00000341947#ENSG00000189308#ENST00000340417#CxC#$#ENSP00000398265#ENSG00000189308#ENST00000442461#CxC#$#ENSP00000407139#ENSG00000189308#ENST00000446851#CxC#$#ENSP00000423475#ENSG00000189308#ENST00000506560#CxC#$#ENSP00000421045#ENSG00000189308#ENST00000510557#CxC#,FALSE
ENSG00000007372,PAX6,Homeodomain; Paired box,Yes,Known motif,Monomer or homomultimer,High-throughput in vitro,None,None,IPR001356;IPR001523;IPR009057;IPR017970,5080,paired box 6 [Source:HGNC Symbol;Acc:HGNC:8620],6PAX,DBD and Full,Yes,None,None,a,Yes,TF Gene_DNA-Binding: sequence-specific_Transactivation_PMIDS:7753864;7841787;8132558;9710641;12756174,Yes,"1a1, Direct HQ evidence",Jussi Taipale,Yimeng Yin,Yes,"$#ENSG00000007372#GO:0000981#sequence-specific DNA binding RNA polymerase II transcription factor activity#IDA - PMID:20592023$#ENSG00000007372#GO:0001077#RNA polymerase II core promoter proximal region sequence-specific DNA binding transcription factor a#IEA - GO_REF:0000019$#ENSG00000007372#GO:0001227#RNA polymerase II transcription regulatory region sequence-specific DNA binding transcription factor#IEA - GO_REF:0000019$#ENSG00000007372#GO:0003700#sequence-specific DNA binding transcription factor activity#TAS - PMID:10441571, PMID:10747901","$#ENSP00000241001#ENSG00000007372#ENST00000241001#Homeodomain,Paired box#$#ENSP00000368406#ENSG00000007372#ENST00000379111#Homeodomain,Paired box#$#ENSP00000368410#ENSG00000007372#ENST00000379115#Homeodomain,Paired box#$#ENSP00000368418#ENSG00000007372#ENST00000379123#Homeodomain,Paired box#$#ENSP00000404100#ENSG00000007372#ENST00000419022#Homeodomain,Paired box#$#ENSP00000480026#ENSG00000007372#ENST00000606377#Homeodomain,Paired box#$#ENSP00000368403#ENSG00000007372#ENST00000379109#Homeodomain,Paired box#$#ENSP00000404356#ENSG00000007372#ENST00000438681#Homeodomain,Paired box#$#ENSP00000388132#ENSG00000007372#ENST00000423822#Homeodomain,Paired box#$#ENSP00000436365#ENSG00000007372#ENST00000525535#Homeodomain,Paired box#",FALSE
