pilot,source,pairwise_ca_rmsd
ets1,bioemu,2.534
ets1,bioemu,1.9406
ets1,bioemu,2.857
ets1,bioemu,2.3781
ets1,bioemu,1.7754
ets1,bioemu,3.6035
ets1,bioemu,1.9858
ets1,bioemu,1.5535
ets1,bioemu,1.6573
ets1,bioemu,1.9662
ets1,bioemu,1.9202
ets1,bioemu,1.8226
ets1,bioemu,2.141
ets1,bioemu,1.7766
ets1,bioemu,1.9852
ets1,bioemu,1.9859
ets1,bioemu,1.7087
ets1,bioemu,1.6764
ets1,bioemu,2.1798
ets1,bioemu,1.9822
ets1,bioemu,2.181
ets1,bioemu,2.6331
ets1,bioemu,1.8882
ets1,bioemu,2.3678
ets1,bioemu,1.9127
ets1,bioemu,1.814
ets1,bioemu,2.0652
ets1,bioemu,2.6205
ets1,bioemu,1.9262
ets1,bioemu,2.1926
ets1,bioemu,1.9454
ets1,bioemu,1.9203
ets1,bioemu,3.9391
ets1,bioemu,2.0264
ets1,bioemu,2.7552
ets1,bioemu,2.086
ets1,bioemu,2.421
ets1,bioemu,3.4551
ets1,bioemu,1.8151
ets1,bioemu,1.8127
ets1,bioemu,1.9739
ets1,bioemu,2.2012
ets1,bioemu,1.9748
ets1,bioemu,2.4026
ets1,bioemu,2.1327
ets1,bioemu,2.2487
ets1,bioemu,1.8197
ets1,bioemu,2.0606
ets1,bioemu,1.9486
ets1,bioemu,2.3146
ets1,bioemu,2.0521
ets1,bioemu,2.0809
ets1,bioemu,2.0057
ets1,bioemu,2.6012
ets1,bioemu,1.7635
ets1,bioemu,1.8353
ets1,bioemu,2.0833
ets1,bioemu,2.1828
ets1,bioemu,2.2668
ets1,bioemu,2.4321
ets1,bioemu,1.9771
ets1,bioemu,2.2059
ets1,bioemu,1.5737
ets1,bioemu,1.5374
ets1,bioemu,1.6709
ets1,bioemu,2.6379
ets1,bioemu,2.1227
ets1,bioemu,2.1052
ets1,bioemu,1.9883
ets1,bioemu,1.9005
ets1,bioemu,2.2543
ets1,bioemu,1.858
ets1,bioemu,2.044
ets1,bioemu,1.9047
ets1,bioemu,2.4499
ets1,bioemu,2.0865
ets1,bioemu,2.1021
ets1,bioemu,2.6492
ets1,bioemu,1.5643
ets1,bioemu,2.2116
ets1,bioemu,1.9735
ets1,bioemu,1.7742
ets1,bioemu,1.9365
ets1,bioemu,2.2656
ets1,bioemu,1.9011
ets1,bioemu,1.864
ets1,bioemu,1.9481
ets1,bioemu,1.8011
ets1,bioemu,1.8868
ets1,bioemu,1.9799
ets1,bioemu,1.9943
ets1,bioemu,2.0406
ets1,bioemu,1.8211
ets1,bioemu,2.0834
ets1,bioemu,2.0786
ets1,bioemu,1.7979
ets1,bioemu,2.0836
ets1,bioemu,1.7778
ets1,bioemu,2.1171
ets1,bioemu,1.7662
ets1,bioemu,2.9375
ets1,bioemu,1.8717
ets1,bioemu,1.9868
ets1,bioemu,4.2756
ets1,bioemu,1.7898
ets1,bioemu,1.8857
ets1,bioemu,1.8052
ets1,bioemu,1.7338
ets1,bioemu,2.0111
ets1,bioemu,1.7481
ets1,bioemu,1.7717
ets1,bioemu,1.9066
ets1,bioemu,1.6866
ets1,bioemu,1.8656
ets1,bioemu,1.7427
ets1,bioemu,1.8845
ets1,bioemu,2.2394
ets1,bioemu,1.9952
ets1,bioemu,1.7306
ets1,bioemu,2.5983
ets1,bioemu,1.7377
ets1,bioemu,1.8116
ets1,bioemu,2.1712
ets1,bioemu,1.756
ets1,bioemu,1.8848
ets1,bioemu,1.9634
ets1,bioemu,1.6293
ets1,bioemu,1.6298
ets1,bioemu,1.8452
ets1,bioemu,1.4853
ets1,bioemu,3.4391
ets1,bioemu,1.5527
ets1,bioemu,1.9044
ets1,bioemu,1.897
ets1,bioemu,1.7336
ets1,bioemu,2.6826
ets1,bioemu,1.9176
ets1,bioemu,1.6924
ets1,bioemu,1.777
ets1,bioemu,2.1954
ets1,bioemu,2.0755
ets1,bioemu,1.854
ets1,bioemu,2.0948
ets1,bioemu,1.6798
ets1,bioemu,1.7533
ets1,bioemu,1.6495
ets1,bioemu,1.674
ets1,bioemu,2.0231
ets1,bioemu,1.8974
ets1,bioemu,1.6942
ets1,bioemu,1.7811
ets1,bioemu,2.0356
ets1,bioemu,2.5465
ets1,bioemu,1.909
ets1,bioemu,1.6984
ets1,bioemu,1.888
ets1,bioemu,1.5192
ets1,bioemu,1.7302
ets1,bioemu,1.7018
ets1,bioemu,1.7557
ets1,bioemu,2.0346
ets1,bioemu,1.8982
ets1,bioemu,2.1489
ets1,bioemu,1.9605
ets1,bioemu,1.6638
ets1,bioemu,2.1853
ets1,bioemu,1.7238
ets1,bioemu,1.8429
ets1,bioemu,1.7359
ets1,bioemu,1.848
ets1,bioemu,1.939
ets1,bioemu,1.4989
ets1,bioemu,2.5244
ets1,bioemu,1.5771
ets1,bioemu,1.6211
ets1,bioemu,2.0426
ets1,bioemu,1.6552
ets1,bioemu,1.8274
ets1,bioemu,1.9951
ets1,bioemu,1.7618
ets1,bioemu,1.6563
ets1,bioemu,2.1226
ets1,bioemu,1.9745
ets1,bioemu,1.8092
ets1,bioemu,1.8846
ets1,bioemu,2.147
ets1,bioemu,1.6653
ets1,bioemu,1.9999
ets1,bioemu,1.7981
ets1,bioemu,1.8151
ets1,bioemu,1.6563
ets1,bioemu,1.8258
ets1,bioemu,1.9686
ets1,bioemu,1.8038
ets1,bioemu,1.7503
ets1,bioemu,1.7931
ets1,bioemu,1.6999
ets1,bioemu,2.8908
ets1,bioemu,1.3897
ets1,bioemu,1.6405
ets1,bioemu,3.8146
ets1,bioemu,1.4074
ets1,bioemu,1.3349
ets1,bioemu,1.0522
ets1,bioemu,1.4946
ets1,bioemu,1.5152
ets1,bioemu,1.1652
ets1,bioemu,1.4249
ets1,bioemu,1.2817
ets1,bioemu,1.0671
ets1,bioemu,1.3976
ets1,bioemu,1.6506
ets1,bioemu,1.2646
ets1,bioemu,2.2664
ets1,bioemu,1.5421
ets1,bioemu,1.694
ets1,bioemu,2.3356
ets1,bioemu,1.149
ets1,bioemu,1.4871
ets1,bioemu,1.7471
ets1,bioemu,1.2806
ets1,bioemu,1.7144
ets1,bioemu,1.6861
ets1,bioemu,1.1952
ets1,bioemu,1.2869
ets1,bioemu,1.7344
ets1,bioemu,1.206
ets1,bioemu,3.0605
ets1,bioemu,1.1413
ets1,bioemu,2.199
ets1,bioemu,1.5274
ets1,bioemu,1.4105
ets1,bioemu,2.7274
ets1,bioemu,1.6939
ets1,bioemu,1.3013
ets1,bioemu,1.3291
ets1,bioemu,1.6158
ets1,bioemu,1.6611
ets1,bioemu,1.7687
ets1,bioemu,1.9211
ets1,bioemu,1.8028
ets1,bioemu,1.4397
ets1,bioemu,1.6263
ets1,bioemu,1.3598
ets1,bioemu,1.6526
ets1,bioemu,1.5622
ets1,bioemu,1.2367
ets1,bioemu,1.2476
ets1,bioemu,1.9636
ets1,bioemu,1.9508
ets1,bioemu,1.5953
ets1,bioemu,1.4878
ets1,bioemu,1.6858
ets1,bioemu,1.6681
ets1,bioemu,2.0087
ets1,bioemu,1.43
ets1,bioemu,1.7046
ets1,bioemu,1.2434
ets1,bioemu,1.1293
ets1,bioemu,1.9232
ets1,bioemu,2.0057
ets1,bioemu,1.5573
ets1,bioemu,1.7919
ets1,bioemu,1.3943
ets1,bioemu,1.6368
ets1,bioemu,1.4594
ets1,bioemu,1.6789
ets1,bioemu,1.6037
ets1,bioemu,1.3509
ets1,bioemu,2.5961
ets1,bioemu,1.2898
ets1,bioemu,1.27
ets1,bioemu,2.0622
ets1,bioemu,1.1554
ets1,bioemu,1.6889
ets1,bioemu,1.5505
ets1,bioemu,1.4555
ets1,bioemu,1.2457
ets1,bioemu,1.7225
ets1,bioemu,1.572
ets1,bioemu,1.7161
ets1,bioemu,1.3986
ets1,bioemu,1.31
ets1,bioemu,1.2497
ets1,bioemu,1.5287
ets1,bioemu,1.4734
ets1,bioemu,1.8081
ets1,bioemu,1.237
ets1,bioemu,1.6389
ets1,bioemu,1.663
ets1,bioemu,1.2705
ets1,bioemu,1.4857
ets1,bioemu,1.3643
ets1,bioemu,1.5281
ets1,bioemu,3.1387
ets1,bioemu,2.7706
ets1,bioemu,4.9008
ets1,bioemu,2.7921
ets1,bioemu,2.7758
ets1,bioemu,2.7859
ets1,bioemu,2.6859
ets1,bioemu,3.026
ets1,bioemu,2.7032
ets1,bioemu,2.8178
ets1,bioemu,2.6336
ets1,bioemu,2.7348
ets1,bioemu,2.5409
ets1,bioemu,2.6935
ets1,bioemu,2.7708
ets1,bioemu,2.7862
ets1,bioemu,2.626
ets1,bioemu,2.6218
ets1,bioemu,3.4514
ets1,bioemu,2.7094
ets1,bioemu,3.0833
ets1,bioemu,2.8928
ets1,bioemu,2.9888
ets1,bioemu,2.8541
ets1,bioemu,2.5105
ets1,bioemu,2.7213
ets1,bioemu,2.8176
ets1,bioemu,2.3742
ets1,bioemu,2.6411
ets1,bioemu,4.632
ets1,bioemu,2.6254
ets1,bioemu,2.73
ets1,bioemu,2.8084
ets1,bioemu,3.2199
ets1,bioemu,3.3927
ets1,bioemu,2.3927
ets1,bioemu,2.8554
ets1,bioemu,2.8729
ets1,bioemu,3.1304
ets1,bioemu,2.6292
ets1,bioemu,2.7341
ets1,bioemu,2.5549
ets1,bioemu,2.5385
ets1,bioemu,2.7381
ets1,bioemu,2.5177
ets1,bioemu,2.9175
ets1,bioemu,3.1244
ets1,bioemu,2.457
ets1,bioemu,2.6863
ets1,bioemu,2.8166
ets1,bioemu,3.3966
ets1,bioemu,2.6802
ets1,bioemu,2.8345
ets1,bioemu,2.7765
ets1,bioemu,2.312
ets1,bioemu,2.7978
ets1,bioemu,2.2992
ets1,bioemu,2.5929
ets1,bioemu,2.7364
ets1,bioemu,2.8172
ets1,bioemu,2.8706
ets1,bioemu,2.5125
ets1,bioemu,2.8343
ets1,bioemu,2.552
ets1,bioemu,3.1971
ets1,bioemu,2.6071
ets1,bioemu,2.9415
ets1,bioemu,2.6672
ets1,bioemu,2.4539
ets1,bioemu,2.7915
ets1,bioemu,2.7099
ets1,bioemu,2.5634
ets1,bioemu,2.8161
ets1,bioemu,2.832
ets1,bioemu,3.026
ets1,bioemu,2.67
ets1,bioemu,2.886
ets1,bioemu,2.6987
ets1,bioemu,2.4784
ets1,bioemu,2.8682
ets1,bioemu,3.0093
ets1,bioemu,2.531
ets1,bioemu,2.5353
ets1,bioemu,2.6444
ets1,bioemu,2.8933
ets1,bioemu,2.7862
ets1,bioemu,2.9476
ets1,bioemu,2.8159
ets1,bioemu,2.5126
ets1,bioemu,2.5041
ets1,bioemu,2.3943
ets1,bioemu,3.0905
ets1,bioemu,2.6401
ets1,bioemu,2.8913
ets1,bioemu,2.6608
ets1,bioemu,2.6665
ets1,bioemu,1.8944
ets1,bioemu,3.6646
ets1,bioemu,1.6464
ets1,bioemu,1.9084
ets1,bioemu,1.5702
ets1,bioemu,1.7407
ets1,bioemu,1.4891
ets1,bioemu,1.5792
ets1,bioemu,1.5247
ets1,bioemu,1.6931
ets1,bioemu,1.5884
ets1,bioemu,1.737
ets1,bioemu,1.699
ets1,bioemu,1.8049
ets1,bioemu,2.3304
ets1,bioemu,1.8641
ets1,bioemu,1.9044
ets1,bioemu,2.5323
ets1,bioemu,1.4894
ets1,bioemu,1.9036
ets1,bioemu,1.885
ets1,bioemu,1.6041
ets1,bioemu,1.5767
ets1,bioemu,1.8669
ets1,bioemu,1.5044
ets1,bioemu,1.5253
ets1,bioemu,1.9013
ets1,bioemu,1.5345
ets1,bioemu,3.1649
ets1,bioemu,1.4488
ets1,bioemu,2.2329
ets1,bioemu,1.6983
ets1,bioemu,1.6017
ets1,bioemu,2.7505
ets1,bioemu,1.9377
ets1,bioemu,1.4408
ets1,bioemu,1.6883
ets1,bioemu,1.7929
ets1,bioemu,1.9165
ets1,bioemu,1.9504
ets1,bioemu,2.0132
ets1,bioemu,1.8807
ets1,bioemu,1.7811
ets1,bioemu,1.8599
ets1,bioemu,1.6761
ets1,bioemu,1.9447
ets1,bioemu,1.7803
ets1,bioemu,1.3043
ets1,bioemu,1.6033
ets1,bioemu,1.9997
ets1,bioemu,2.4873
ets1,bioemu,1.8755
ets1,bioemu,1.9409
ets1,bioemu,1.9605
ets1,bioemu,1.8605
ets1,bioemu,2.0757
ets1,bioemu,1.5445
ets1,bioemu,1.8981
ets1,bioemu,1.9185
ets1,bioemu,1.6591
ets1,bioemu,2.1738
ets1,bioemu,2.0684
ets1,bioemu,1.6655
ets1,bioemu,2.0678
ets1,bioemu,1.552
ets1,bioemu,1.8522
ets1,bioemu,1.7263
ets1,bioemu,1.952
ets1,bioemu,1.8951
ets1,bioemu,1.5576
ets1,bioemu,2.4768
ets1,bioemu,1.5696
ets1,bioemu,1.4519
ets1,bioemu,1.9391
ets1,bioemu,1.4613
ets1,bioemu,1.8206
ets1,bioemu,2.0243
ets1,bioemu,1.6503
ets1,bioemu,1.5057
ets1,bioemu,1.9825
ets1,bioemu,1.8712
ets1,bioemu,1.951
ets1,bioemu,1.6905
ets1,bioemu,1.9247
ets1,bioemu,1.4264
ets1,bioemu,1.7663
ets1,bioemu,1.7171
ets1,bioemu,1.8741
ets1,bioemu,1.5657
ets1,bioemu,1.8291
ets1,bioemu,1.9721
ets1,bioemu,1.7509
ets1,bioemu,1.7802
ets1,bioemu,1.6088
ets1,bioemu,1.5208
ets1,bioemu,3.6979
ets1,bioemu,1.7229
ets1,bioemu,1.5047
ets1,bioemu,1.2525
ets1,bioemu,1.2767
ets1,bioemu,1.6765
ets1,bioemu,1.2949
ets1,bioemu,1.4942
ets1,bioemu,1.4501
ets1,bioemu,1.5802
ets1,bioemu,1.2912
ets1,bioemu,1.3744
ets1,bioemu,1.3629
ets1,bioemu,1.3278
ets1,bioemu,1.6436
ets1,bioemu,1.1812
ets1,bioemu,2.3196
ets1,bioemu,1.3378
ets1,bioemu,1.8734
ets1,bioemu,1.3301
ets1,bioemu,1.7012
ets1,bioemu,1.7246
ets1,bioemu,2.174
ets1,bioemu,1.3006
ets1,bioemu,1.5125
ets1,bioemu,1.5826
ets1,bioemu,1.3256
ets1,bioemu,3.8471
ets1,bioemu,1.5149
ets1,bioemu,2.1208
ets1,bioemu,1.408
ets1,bioemu,1.8337
ets1,bioemu,2.2947
ets1,bioemu,1.4323
ets1,bioemu,1.6554
ets1,bioemu,1.1799
ets1,bioemu,1.7764
ets1,bioemu,1.4337
ets1,bioemu,1.3694
ets1,bioemu,1.8614
ets1,bioemu,1.7116
ets1,bioemu,1.2503
ets1,bioemu,1.458
ets1,bioemu,1.4849
ets1,bioemu,1.5871
ets1,bioemu,1.2809
ets1,bioemu,1.7312
ets1,bioemu,1.3823
ets1,bioemu,1.6132
ets1,bioemu,1.5659
ets1,bioemu,1.553
ets1,bioemu,1.3256
ets1,bioemu,1.6043
ets1,bioemu,1.7463
ets1,bioemu,1.6576
ets1,bioemu,1.566
ets1,bioemu,1.3045
ets1,bioemu,1.3101
ets1,bioemu,1.588
ets1,bioemu,1.3755
ets1,bioemu,2.0579
ets1,bioemu,1.5471
ets1,bioemu,1.4791
ets1,bioemu,1.4316
ets1,bioemu,1.3432
ets1,bioemu,1.3654
ets1,bioemu,1.4496
ets1,bioemu,1.0344
ets1,bioemu,1.2814
ets1,bioemu,2.5004
ets1,bioemu,1.5194
ets1,bioemu,1.5206
ets1,bioemu,1.9497
ets1,bioemu,1.2155
ets1,bioemu,1.2887
ets1,bioemu,1.4676
ets1,bioemu,1.4973
ets1,bioemu,1.4269
ets1,bioemu,1.3963
ets1,bioemu,1.4902
ets1,bioemu,1.1553
ets1,bioemu,1.6869
ets1,bioemu,1.7687
ets1,bioemu,1.3603
ets1,bioemu,1.9138
ets1,bioemu,1.0035
ets1,bioemu,1.3243
ets1,bioemu,1.4662
ets1,bioemu,1.6414
ets1,bioemu,1.4037
ets1,bioemu,1.4239
ets1,bioemu,1.3206
ets1,bioemu,1.3476
ets1,bioemu,1.3995
ets1,bioemu,3.8286
ets1,bioemu,4.0348
ets1,bioemu,3.6838
ets1,bioemu,3.6275
ets1,bioemu,3.6822
ets1,bioemu,3.8995
ets1,bioemu,3.8191
ets1,bioemu,3.8897
ets1,bioemu,3.8466
ets1,bioemu,3.7039
ets1,bioemu,3.5593
ets1,bioemu,3.8979
ets1,bioemu,3.7435
ets1,bioemu,4.022
ets1,bioemu,3.8682
ets1,bioemu,4.4019
ets1,bioemu,3.6691
ets1,bioemu,4.056
ets1,bioemu,3.5189
ets1,bioemu,3.638
ets1,bioemu,3.7717
ets1,bioemu,4.3278
ets1,bioemu,3.8408
ets1,bioemu,3.9229
ets1,bioemu,4.1534
ets1,bioemu,3.9766
ets1,bioemu,4.377
ets1,bioemu,3.5779
ets1,bioemu,4.7473
ets1,bioemu,3.8258
ets1,bioemu,3.7347
ets1,bioemu,4.9321
ets1,bioemu,3.8568
ets1,bioemu,3.549
ets1,bioemu,4.0586
ets1,bioemu,3.8389
ets1,bioemu,3.8892
ets1,bioemu,4.0694
ets1,bioemu,3.9174
ets1,bioemu,3.9252
ets1,bioemu,3.7695
ets1,bioemu,3.808
ets1,bioemu,3.9553
ets1,bioemu,3.9474
ets1,bioemu,3.8779
ets1,bioemu,3.7433
ets1,bioemu,4.0687
ets1,bioemu,3.9163
ets1,bioemu,4.0604
ets1,bioemu,3.9958
ets1,bioemu,3.9662
ets1,bioemu,3.8992
ets1,bioemu,3.7936
ets1,bioemu,4.4141
ets1,bioemu,3.7342
ets1,bioemu,3.8721
ets1,bioemu,3.7107
ets1,bioemu,3.5646
ets1,bioemu,4.0087
ets1,bioemu,3.9361
ets1,bioemu,3.72
ets1,bioemu,3.364
ets1,bioemu,3.8778
ets1,bioemu,3.9739
ets1,bioemu,4.0783
ets1,bioemu,4.1577
ets1,bioemu,3.8486
ets1,bioemu,3.907
ets1,bioemu,4.5097
ets1,bioemu,3.8055
ets1,bioemu,3.6268
ets1,bioemu,4.48
ets1,bioemu,3.5235
ets1,bioemu,4.2662
ets1,bioemu,3.9251
ets1,bioemu,3.7903
ets1,bioemu,3.6189
ets1,bioemu,3.9093
ets1,bioemu,4.0908
ets1,bioemu,4.0593
ets1,bioemu,3.618
ets1,bioemu,4.1961
ets1,bioemu,3.8748
ets1,bioemu,3.5211
ets1,bioemu,3.7796
ets1,bioemu,4.0252
ets1,bioemu,3.8883
ets1,bioemu,3.7386
ets1,bioemu,4.0878
ets1,bioemu,3.933
ets1,bioemu,3.8672
ets1,bioemu,3.5356
ets1,bioemu,3.7147
ets1,bioemu,1.5038
ets1,bioemu,1.334
ets1,bioemu,1.5486
ets1,bioemu,1.4316
ets1,bioemu,1.4016
ets1,bioemu,1.3955
ets1,bioemu,1.352
ets1,bioemu,1.2522
ets1,bioemu,1.6002
ets1,bioemu,1.4794
ets1,bioemu,1.5221
ets1,bioemu,2.0815
ets1,bioemu,1.5365
ets1,bioemu,1.5434
ets1,bioemu,2.4247
ets1,bioemu,1.5349
ets1,bioemu,1.416
ets1,bioemu,2.0587
ets1,bioemu,1.3447
ets1,bioemu,1.3531
ets1,bioemu,1.7444
ets1,bioemu,1.2813
ets1,bioemu,1.4294
ets1,bioemu,1.6672
ets1,bioemu,1.3319
ets1,bioemu,3.1713
ets1,bioemu,1.4107
ets1,bioemu,1.9731
ets1,bioemu,1.5802
ets1,bioemu,1.5375
ets1,bioemu,2.7473
ets1,bioemu,1.5698
ets1,bioemu,1.5047
ets1,bioemu,1.4886
ets1,bioemu,1.3856
ets1,bioemu,1.8894
ets1,bioemu,1.7036
ets1,bioemu,1.8395
ets1,bioemu,1.5173
ets1,bioemu,1.4869
ets1,bioemu,1.4618
ets1,bioemu,1.3118
ets1,bioemu,1.8372
ets1,bioemu,1.6287
ets1,bioemu,1.5565
ets1,bioemu,1.4265
ets1,bioemu,2.0467
ets1,bioemu,2.1729
ets1,bioemu,1.4333
ets1,bioemu,1.5011
ets1,bioemu,1.543
ets1,bioemu,1.5139
ets1,bioemu,1.7705
ets1,bioemu,1.3147
ets1,bioemu,1.6177
ets1,bioemu,1.612
ets1,bioemu,1.4923
ets1,bioemu,1.7478
ets1,bioemu,2.0353
ets1,bioemu,1.4835
ets1,bioemu,2.0562
ets1,bioemu,1.4101
ets1,bioemu,1.5243
ets1,bioemu,1.6698
ets1,bioemu,1.7912
ets1,bioemu,1.6862
ets1,bioemu,1.1497
ets1,bioemu,2.1499
ets1,bioemu,1.4468
ets1,bioemu,1.4235
ets1,bioemu,1.8217
ets1,bioemu,1.3144
ets1,bioemu,1.6776
ets1,bioemu,1.7388
ets1,bioemu,1.2039
ets1,bioemu,1.2476
ets1,bioemu,1.7912
ets1,bioemu,1.6377
ets1,bioemu,1.5985
ets1,bioemu,1.5661
ets1,bioemu,1.6302
ets1,bioemu,1.3977
ets1,bioemu,1.3718
ets1,bioemu,1.5915
ets1,bioemu,1.6502
ets1,bioemu,1.2915
ets1,bioemu,1.3889
ets1,bioemu,1.5645
ets1,bioemu,1.3238
ets1,bioemu,1.5674
ets1,bioemu,1.4589
ets1,bioemu,1.5345
ets1,bioemu,1.2461
ets1,bioemu,1.4943
ets1,bioemu,1.625
ets1,bioemu,1.2428
ets1,bioemu,1.4679
ets1,bioemu,1.213
ets1,bioemu,1.4872
ets1,bioemu,1.4545
ets1,bioemu,1.6242
ets1,bioemu,1.2599
ets1,bioemu,1.8886
ets1,bioemu,1.4484
ets1,bioemu,1.6988
ets1,bioemu,2.2293
ets1,bioemu,1.3433
ets1,bioemu,1.7145
ets1,bioemu,1.8055
ets1,bioemu,1.494
ets1,bioemu,1.7133
ets1,bioemu,2.0967
ets1,bioemu,1.274
ets1,bioemu,1.4457
ets1,bioemu,1.4678
ets1,bioemu,1.2869
ets1,bioemu,3.5158
ets1,bioemu,1.5186
ets1,bioemu,2.099
ets1,bioemu,1.6539
ets1,bioemu,1.8589
ets1,bioemu,2.6883
ets1,bioemu,1.6935
ets1,bioemu,1.5383
ets1,bioemu,1.2328
ets1,bioemu,1.5999
ets1,bioemu,1.4809
ets1,bioemu,1.7046
ets1,bioemu,1.8459
ets1,bioemu,1.9146
ets1,bioemu,1.4367
ets1,bioemu,1.7185
ets1,bioemu,1.5278
ets1,bioemu,1.7204
ets1,bioemu,1.5299
ets1,bioemu,1.5335
ets1,bioemu,1.301
ets1,bioemu,2.0259
ets1,bioemu,1.783
ets1,bioemu,1.4973
ets1,bioemu,1.5821
ets1,bioemu,1.696
ets1,bioemu,1.8976
ets1,bioemu,1.978
ets1,bioemu,1.4728
ets1,bioemu,1.7793
ets1,bioemu,1.2192
ets1,bioemu,1.2742
ets1,bioemu,1.3123
ets1,bioemu,2.1369
ets1,bioemu,1.7243
ets1,bioemu,1.9157
ets1,bioemu,1.3348
ets1,bioemu,1.3909
ets1,bioemu,1.487
ets1,bioemu,1.3473
ets1,bioemu,1.5841
ets1,bioemu,1.4164
ets1,bioemu,2.3132
ets1,bioemu,1.4663
ets1,bioemu,1.5288
ets1,bioemu,1.9032
ets1,bioemu,1.2629
ets1,bioemu,1.7117
ets1,bioemu,1.5913
ets1,bioemu,1.3493
ets1,bioemu,1.4601
ets1,bioemu,1.7611
ets1,bioemu,1.4571
ets1,bioemu,1.6149
ets1,bioemu,1.6588
ets1,bioemu,1.2518
ets1,bioemu,1.3619
ets1,bioemu,1.7312
ets1,bioemu,1.5161
ets1,bioemu,1.7632
ets1,bioemu,1.3267
ets1,bioemu,1.7286
ets1,bioemu,1.6676
ets1,bioemu,1.252
ets1,bioemu,1.4491
ets1,bioemu,1.4333
ets1,bioemu,1.54
ets1,bioemu,1.4115
ets1,bioemu,1.3853
ets1,bioemu,0.8981
ets1,bioemu,1.2014
ets1,bioemu,1.2104
ets1,bioemu,1.2733
ets1,bioemu,1.1852
ets1,bioemu,1.3176
ets1,bioemu,1.0197
ets1,bioemu,1.9164
ets1,bioemu,1.4752
ets1,bioemu,1.4188
ets1,bioemu,2.0442
ets1,bioemu,1.0308
ets1,bioemu,1.5243
ets1,bioemu,1.5316
ets1,bioemu,1.3388
ets1,bioemu,1.5737
ets1,bioemu,1.7668
ets1,bioemu,1.0399
ets1,bioemu,1.1368
ets1,bioemu,1.6039
ets1,bioemu,1.101
ets1,bioemu,3.2388
ets1,bioemu,1.2343
ets1,bioemu,2.0359
ets1,bioemu,1.2641
ets1,bioemu,1.4162
ets1,bioemu,2.7152
ets1,bioemu,1.5311
ets1,bioemu,1.3064
ets1,bioemu,1.2794
ets1,bioemu,1.5349
ets1,bioemu,1.4109
ets1,bioemu,1.6196
ets1,bioemu,1.8289
ets1,bioemu,1.6729
ets1,bioemu,1.319
ets1,bioemu,1.4214
ets1,bioemu,1.3684
ets1,bioemu,1.561
ets1,bioemu,1.2638
ets1,bioemu,1.2816
ets1,bioemu,1.1336
ets1,bioemu,1.8121
ets1,bioemu,1.7381
ets1,bioemu,1.5411
ets1,bioemu,1.2661
ets1,bioemu,1.5261
ets1,bioemu,1.7048
ets1,bioemu,1.8503
ets1,bioemu,1.3041
ets1,bioemu,1.3141
ets1,bioemu,1.2296
ets1,bioemu,1.2102
ets1,bioemu,1.6458
ets1,bioemu,1.7873
ets1,bioemu,1.3339
ets1,bioemu,1.4273
ets1,bioemu,1.0162
ets1,bioemu,1.3135
ets1,bioemu,1.1853
ets1,bioemu,1.3676
ets1,bioemu,1.2527
ets1,bioemu,1.1365
ets1,bioemu,2.3511
ets1,bioemu,1.1782
ets1,bioemu,1.1572
ets1,bioemu,1.9589
ets1,bioemu,1.0586
ets1,bioemu,1.4959
ets1,bioemu,1.248
ets1,bioemu,1.301
ets1,bioemu,1.0999
ets1,bioemu,1.4445
ets1,bioemu,1.1854
ets1,bioemu,1.4366
ets1,bioemu,1.1569
ets1,bioemu,1.1984
ets1,bioemu,1.1477
ets1,bioemu,1.5323
ets1,bioemu,1.1795
ets1,bioemu,1.6344
ets1,bioemu,1.2855
ets1,bioemu,1.4535
ets1,bioemu,1.5543
ets1,bioemu,1.1269
ets1,bioemu,1.3206
ets1,bioemu,1.1605
ets1,bioemu,1.5355
ets1,bioemu,1.7287
ets1,bioemu,1.3563
ets1,bioemu,1.3602
ets1,bioemu,1.1575
ets1,bioemu,1.1593
ets1,bioemu,1.2063
ets1,bioemu,1.2983
ets1,bioemu,1.3869
ets1,bioemu,1.5642
ets1,bioemu,1.4783
ets1,bioemu,1.3009
ets1,bioemu,2.7746
ets1,bioemu,1.1953
ets1,bioemu,1.9244
ets1,bioemu,1.5137
ets1,bioemu,1.2723
ets1,bioemu,1.636
ets1,bioemu,2.1051
ets1,bioemu,1.1356
ets1,bioemu,1.2797
ets1,bioemu,1.3179
ets1,bioemu,1.348
ets1,bioemu,3.381
ets1,bioemu,1.0756
ets1,bioemu,2.1199
ets1,bioemu,1.2885
ets1,bioemu,1.5022
ets1,bioemu,2.4419
ets1,bioemu,1.5123
ets1,bioemu,1.3679
ets1,bioemu,1.3433
ets1,bioemu,1.8712
ets1,bioemu,1.3419
ets1,bioemu,1.1903
ets1,bioemu,1.6304
ets1,bioemu,1.4733
ets1,bioemu,0.858
ets1,bioemu,1.1708
ets1,bioemu,1.3169
ets1,bioemu,1.3874
ets1,bioemu,1.4055
ets1,bioemu,1.4432
ets1,bioemu,1.2552
ets1,bioemu,1.8539
ets1,bioemu,1.6513
ets1,bioemu,1.2823
ets1,bioemu,1.3191
ets1,bioemu,1.1466
ets1,bioemu,1.2386
ets1,bioemu,1.4968
ets1,bioemu,1.2579
ets1,bioemu,1.3912
ets1,bioemu,1.1499
ets1,bioemu,1.5176
ets1,bioemu,1.4182
ets1,bioemu,1.9974
ets1,bioemu,1.3805
ets1,bioemu,1.6558
ets1,bioemu,1.4059
ets1,bioemu,1.6372
ets1,bioemu,1.3858
ets1,bioemu,1.5643
ets1,bioemu,1.2889
ets1,bioemu,1.1701
ets1,bioemu,2.4118
ets1,bioemu,1.2621
ets1,bioemu,1.3343
ets1,bioemu,1.9508
ets1,bioemu,1.0744
ets1,bioemu,1.7554
ets1,bioemu,1.5282
ets1,bioemu,1.3602
ets1,bioemu,1.241
ets1,bioemu,1.4289
ets1,bioemu,1.7067
ets1,bioemu,1.3602
ets1,bioemu,1.7708
ets1,bioemu,1.9083
ets1,bioemu,1.3372
ets1,bioemu,1.582
ets1,bioemu,1.2128
ets1,bioemu,1.2497
ets1,bioemu,1.0513
ets1,bioemu,1.3933
ets1,bioemu,1.5499
ets1,bioemu,1.4262
ets1,bioemu,1.06
ets1,bioemu,1.0718
ets1,bioemu,1.2608
ets1,bioemu,1.3671
ets1,bioemu,1.5118
ets1,bioemu,1.5499
ets1,bioemu,1.549
ets1,bioemu,1.7496
ets1,bioemu,1.4849
ets1,bioemu,1.6423
ets1,bioemu,2.1387
ets1,bioemu,1.855
ets1,bioemu,1.5972
ets1,bioemu,2.288
ets1,bioemu,1.4928
ets1,bioemu,1.8203
ets1,bioemu,1.9009
ets1,bioemu,1.4387
ets1,bioemu,1.4336
ets1,bioemu,1.9713
ets1,bioemu,1.5604
ets1,bioemu,1.4864
ets1,bioemu,1.7589
ets1,bioemu,1.2652
ets1,bioemu,3.3772
ets1,bioemu,1.4899
ets1,bioemu,2.1159
ets1,bioemu,1.5054
ets1,bioemu,1.7564
ets1,bioemu,2.7016
ets1,bioemu,1.6256
ets1,bioemu,1.5144
ets1,bioemu,1.4862
ets1,bioemu,1.8265
ets1,bioemu,1.8149
ets1,bioemu,1.7803
ets1,bioemu,1.956
ets1,bioemu,1.7845
ets1,bioemu,1.5255
ets1,bioemu,1.6897
ets1,bioemu,1.5848
ets1,bioemu,1.8364
ets1,bioemu,1.7342
ets1,bioemu,1.6021
ets1,bioemu,1.5492
ets1,bioemu,1.8078
ets1,bioemu,2.1463
ets1,bioemu,1.7331
ets1,bioemu,1.6823
ets1,bioemu,1.8433
ets1,bioemu,1.8287
ets1,bioemu,1.937
ets1,bioemu,1.4003
ets1,bioemu,1.6503
ets1,bioemu,1.7814
ets1,bioemu,1.6272
ets1,bioemu,1.9324
ets1,bioemu,2.1099
ets1,bioemu,1.5739
ets1,bioemu,1.81
ets1,bioemu,1.4699
ets1,bioemu,1.4499
ets1,bioemu,1.6219
ets1,bioemu,1.662
ets1,bioemu,1.6823
ets1,bioemu,1.2463
ets1,bioemu,2.2453
ets1,bioemu,1.5989
ets1,bioemu,1.6564
ets1,bioemu,1.7464
ets1,bioemu,1.4012
ets1,bioemu,1.6828
ets1,bioemu,1.742
ets1,bioemu,1.4657
ets1,bioemu,1.3356
ets1,bioemu,1.7658
ets1,bioemu,1.4394
ets1,bioemu,1.6674
ets1,bioemu,1.6274
ets1,bioemu,1.6569
ets1,bioemu,1.2747
ets1,bioemu,2.0022
ets1,bioemu,1.4578
ets1,bioemu,1.5837
ets1,bioemu,1.4226
ets1,bioemu,1.8367
ets1,bioemu,1.4924
ets1,bioemu,1.5465
ets1,bioemu,1.6142
ets1,bioemu,1.5216
ets1,bioemu,1.5519
ets1,bioemu,1.2093
ets1,bioemu,1.1827
ets1,bioemu,1.1726
ets1,bioemu,1.1275
ets1,bioemu,1.378
ets1,bioemu,1.0588
ets1,bioemu,1.9133
ets1,bioemu,1.4684
ets1,bioemu,1.4165
ets1,bioemu,2.1032
ets1,bioemu,1.0974
ets1,bioemu,1.5885
ets1,bioemu,1.5127
ets1,bioemu,1.3344
ets1,bioemu,1.5944
ets1,bioemu,1.7572
ets1,bioemu,1.1051
ets1,bioemu,1.0704
ets1,bioemu,1.6167
ets1,bioemu,1.0369
ets1,bioemu,3.3311
ets1,bioemu,1.28
ets1,bioemu,1.999
ets1,bioemu,1.0743
ets1,bioemu,1.5444
ets1,bioemu,2.4608
ets1,bioemu,1.5435
ets1,bioemu,1.5207
ets1,bioemu,1.0438
ets1,bioemu,1.5218
ets1,bioemu,1.3048
ets1,bioemu,1.4493
ets1,bioemu,1.9327
ets1,bioemu,1.7444
ets1,bioemu,1.2377
ets1,bioemu,1.4488
ets1,bioemu,1.288
ets1,bioemu,1.4945
ets1,bioemu,1.2638
ets1,bioemu,1.3406
ets1,bioemu,0.9283
ets1,bioemu,1.6929
ets1,bioemu,1.5798
ets1,bioemu,1.3655
ets1,bioemu,1.1923
ets1,bioemu,1.5695
ets1,bioemu,1.7536
ets1,bioemu,1.7418
ets1,bioemu,1.3046
ets1,bioemu,1.3902
ets1,bioemu,1.2524
ets1,bioemu,1.292
ets1,bioemu,1.6625
ets1,bioemu,1.9302
ets1,bioemu,1.4549
ets1,bioemu,1.5221
ets1,bioemu,1.0688
ets1,bioemu,1.3587
ets1,bioemu,1.2204
ets1,bioemu,1.2885
ets1,bioemu,1.2185
ets1,bioemu,1.1973
ets1,bioemu,2.435
ets1,bioemu,1.1926
ets1,bioemu,1.3795
ets1,bioemu,1.9295
ets1,bioemu,1.1515
ets1,bioemu,1.381
ets1,bioemu,1.1185
ets1,bioemu,1.3833
ets1,bioemu,1.1555
ets1,bioemu,1.2734
ets1,bioemu,1.2117
ets1,bioemu,1.3963
ets1,bioemu,1.4216
ets1,bioemu,1.189
ets1,bioemu,1.1098
ets1,bioemu,1.6586
ets1,bioemu,1.1768
ets1,bioemu,1.5622
ets1,bioemu,1.1814
ets1,bioemu,1.5516
ets1,bioemu,1.3981
ets1,bioemu,1.1933
ets1,bioemu,1.2798
ets1,bioemu,1.263
ets1,bioemu,1.5179
ets1,bioemu,1.399
ets1,bioemu,1.4363
ets1,bioemu,1.147
ets1,bioemu,1.4355
ets1,bioemu,1.2406
ets1,bioemu,1.9628
ets1,bioemu,1.6508
ets1,bioemu,1.3303
ets1,bioemu,2.3093
ets1,bioemu,1.2098
ets1,bioemu,1.591
ets1,bioemu,1.7881
ets1,bioemu,1.5713
ets1,bioemu,1.5798
ets1,bioemu,1.6143
ets1,bioemu,1.1024
ets1,bioemu,1.0549
ets1,bioemu,1.6195
ets1,bioemu,1.2676
ets1,bioemu,3.175
ets1,bioemu,1.2916
ets1,bioemu,1.9155
ets1,bioemu,1.2136
ets1,bioemu,1.4898
ets1,bioemu,2.4903
ets1,bioemu,1.7214
ets1,bioemu,1.5164
ets1,bioemu,1.4165
ets1,bioemu,1.787
ets1,bioemu,1.496
ets1,bioemu,1.3534
ets1,bioemu,2.0126
ets1,bioemu,1.3886
ets1,bioemu,1.3019
ets1,bioemu,1.3209
ets1,bioemu,1.4755
ets1,bioemu,1.5164
ets1,bioemu,1.2074
ets1,bioemu,1.5136
ets1,bioemu,1.23
ets1,bioemu,1.8275
ets1,bioemu,1.9818
ets1,bioemu,1.6398
ets1,bioemu,1.2649
ets1,bioemu,1.4588
ets1,bioemu,1.6289
ets1,bioemu,1.657
ets1,bioemu,1.3956
ets1,bioemu,1.2641
ets1,bioemu,1.5494
ets1,bioemu,1.6745
ets1,bioemu,1.7888
ets1,bioemu,1.6603
ets1,bioemu,1.4373
ets1,bioemu,1.7167
ets1,bioemu,1.0866
ets1,bioemu,1.5577
ets1,bioemu,1.1981
ets1,bioemu,1.5663
ets1,bioemu,1.4174
ets1,bioemu,1.146
ets1,bioemu,2.3367
ets1,bioemu,1.3171
ets1,bioemu,1.2624
ets1,bioemu,1.9328
ets1,bioemu,1.3909
ets1,bioemu,1.6793
ets1,bioemu,1.4471
ets1,bioemu,1.3981
ets1,bioemu,1.2818
ets1,bioemu,1.327
ets1,bioemu,1.3998
ets1,bioemu,1.5448
ets1,bioemu,1.3577
ets1,bioemu,1.5644
ets1,bioemu,1.3163
ets1,bioemu,1.7704
ets1,bioemu,1.1981
ets1,bioemu,1.5903
ets1,bioemu,1.2885
ets1,bioemu,1.5572
ets1,bioemu,1.6444
ets1,bioemu,1.4139
ets1,bioemu,1.1719
ets1,bioemu,1.3288
ets1,bioemu,1.4048
ets1,bioemu,1.151
ets1,bioemu,1.3209
ets1,bioemu,1.5328
ets1,bioemu,1.2595
ets1,bioemu,1.9897
ets1,bioemu,1.2109
ets1,bioemu,1.595
ets1,bioemu,2.5706
ets1,bioemu,1.2929
ets1,bioemu,1.7685
ets1,bioemu,1.7446
ets1,bioemu,1.1911
ets1,bioemu,1.4048
ets1,bioemu,1.9923
ets1,bioemu,1.1926
ets1,bioemu,1.3286
ets1,bioemu,1.3819
ets1,bioemu,1.3563
ets1,bioemu,3.3026
ets1,bioemu,1.2161
ets1,bioemu,2.1043
ets1,bioemu,1.2527
ets1,bioemu,1.5458
ets1,bioemu,2.5496
ets1,bioemu,1.4875
ets1,bioemu,1.5269
ets1,bioemu,1.2158
ets1,bioemu,1.5918
ets1,bioemu,1.2882
ets1,bioemu,1.4148
ets1,bioemu,1.5532
ets1,bioemu,1.6311
ets1,bioemu,1.1439
ets1,bioemu,1.3498
ets1,bioemu,1.1289
ets1,bioemu,1.5184
ets1,bioemu,1.5317
ets1,bioemu,1.5571
ets1,bioemu,1.0016
ets1,bioemu,2.0151
ets1,bioemu,1.5537
ets1,bioemu,1.1169
ets1,bioemu,1.5155
ets1,bioemu,1.3063
ets1,bioemu,1.6681
ets1,bioemu,1.6611
ets1,bioemu,1.2494
ets1,bioemu,1.701
ets1,bioemu,1.0647
ets1,bioemu,1.3074
ets1,bioemu,1.3398
ets1,bioemu,2.0517
ets1,bioemu,1.547
ets1,bioemu,1.8794
ets1,bioemu,1.2225
ets1,bioemu,1.5074
ets1,bioemu,1.3889
ets1,bioemu,1.5195
ets1,bioemu,1.3061
ets1,bioemu,1.2206
ets1,bioemu,2.1461
ets1,bioemu,1.4292
ets1,bioemu,1.5025
ets1,bioemu,1.872
ets1,bioemu,1.017
ets1,bioemu,1.6497
ets1,bioemu,1.4883
ets1,bioemu,1.17
ets1,bioemu,1.2514
ets1,bioemu,1.5249
ets1,bioemu,1.5889
ets1,bioemu,1.4693
ets1,bioemu,1.6399
ets1,bioemu,1.4946
ets1,bioemu,1.0826
ets1,bioemu,1.5002
ets1,bioemu,1.3934
ets1,bioemu,1.5412
ets1,bioemu,1.1294
ets1,bioemu,1.4751
ets1,bioemu,1.4745
ets1,bioemu,1.3352
ets1,bioemu,1.3647
ets1,bioemu,1.0133
ets1,bioemu,1.4892
ets1,bioemu,1.3216
ets1,bioemu,1.4535
ets1,bioemu,1.3995
ets1,bioemu,2.0257
ets1,bioemu,1.4073
ets1,bioemu,1.5273
ets1,bioemu,2.711
ets1,bioemu,1.2075
ets1,bioemu,1.5435
ets1,bioemu,1.7594
ets1,bioemu,1.1462
ets1,bioemu,1.4951
ets1,bioemu,1.8845
ets1,bioemu,1.1103
ets1,bioemu,1.284
ets1,bioemu,1.5734
ets1,bioemu,1.2246
ets1,bioemu,3.1717
ets1,bioemu,0.9946
ets1,bioemu,2.0793
ets1,bioemu,1.3722
ets1,bioemu,1.4174
ets1,bioemu,2.6039
ets1,bioemu,1.5633
ets1,bioemu,1.4095
ets1,bioemu,1.2806
ets1,bioemu,1.5063
ets1,bioemu,1.5084
ets1,bioemu,1.5176
ets1,bioemu,1.6
ets1,bioemu,1.6072
ets1,bioemu,1.1773
ets1,bioemu,1.2875
ets1,bioemu,1.1848
ets1,bioemu,1.4906
ets1,bioemu,1.6134
ets1,bioemu,1.3607
ets1,bioemu,1.2058
ets1,bioemu,1.9686
ets1,bioemu,1.847
ets1,bioemu,1.2991
ets1,bioemu,1.3113
ets1,bioemu,1.3874
ets1,bioemu,1.3715
ets1,bioemu,1.7321
ets1,bioemu,1.3229
ets1,bioemu,1.5526
ets1,bioemu,1.1876
ets1,bioemu,1.2453
ets1,bioemu,1.6845
ets1,bioemu,2.0147
ets1,bioemu,1.4599
ets1,bioemu,1.8346
ets1,bioemu,1.4389
ets1,bioemu,1.6489
ets1,bioemu,1.4601
ets1,bioemu,1.658
ets1,bioemu,1.572
ets1,bioemu,1.1626
ets1,bioemu,2.471
ets1,bioemu,1.2913
ets1,bioemu,1.3788
ets1,bioemu,1.9757
ets1,bioemu,1.0907
ets1,bioemu,1.7425
ets1,bioemu,1.4743
ets1,bioemu,1.3071
ets1,bioemu,1.1496
ets1,bioemu,1.6254
ets1,bioemu,1.607
ets1,bioemu,1.5883
ets1,bioemu,1.6208
ets1,bioemu,1.6076
ets1,bioemu,1.2451
ets1,bioemu,1.4463
ets1,bioemu,1.3493
ets1,bioemu,1.513
ets1,bioemu,0.9601
ets1,bioemu,1.4144
ets1,bioemu,1.4779
ets1,bioemu,1.272
ets1,bioemu,1.3227
ets1,bioemu,1.1247
ets1,bioemu,1.4943
ets1,bioemu,1.4934
ets1,bioemu,1.2693
ets1,bioemu,1.6305
ets1,bioemu,1.451
ets1,bioemu,1.3563
ets1,bioemu,2.3917
ets1,bioemu,1.09
ets1,bioemu,1.659
ets1,bioemu,1.3845
ets1,bioemu,1.6435
ets1,bioemu,1.7604
ets1,bioemu,1.8039
ets1,bioemu,1.0213
ets1,bioemu,1.2017
ets1,bioemu,1.6089
ets1,bioemu,1.3369
ets1,bioemu,3.4278
ets1,bioemu,1.1093
ets1,bioemu,2.162
ets1,bioemu,1.3447
ets1,bioemu,1.7654
ets1,bioemu,2.5941
ets1,bioemu,1.6248
ets1,bioemu,1.6208
ets1,bioemu,1.418
ets1,bioemu,1.7519
ets1,bioemu,1.2975
ets1,bioemu,1.3669
ets1,bioemu,1.8342
ets1,bioemu,1.5885
ets1,bioemu,1.3158
ets1,bioemu,1.3635
ets1,bioemu,1.5956
ets1,bioemu,1.6855
ets1,bioemu,1.0058
ets1,bioemu,1.4281
ets1,bioemu,1.3059
ets1,bioemu,2.0246
ets1,bioemu,1.7388
ets1,bioemu,1.54
ets1,bioemu,1.2987
ets1,bioemu,1.2871
ets1,bioemu,1.6619
ets1,bioemu,1.7504
ets1,bioemu,1.4132
ets1,bioemu,1.349
ets1,bioemu,1.389
ets1,bioemu,1.5389
ets1,bioemu,1.5698
ets1,bioemu,1.7617
ets1,bioemu,1.4155
ets1,bioemu,1.5626
ets1,bioemu,1.0911
ets1,bioemu,1.6974
ets1,bioemu,1.2113
ets1,bioemu,1.3968
ets1,bioemu,1.2923
ets1,bioemu,1.3098
ets1,bioemu,2.4818
ets1,bioemu,1.3975
ets1,bioemu,1.3768
ets1,bioemu,2.0826
ets1,bioemu,1.2388
ets1,bioemu,1.7568
ets1,bioemu,1.2849
ets1,bioemu,1.3465
ets1,bioemu,1.3543
ets1,bioemu,1.5053
ets1,bioemu,1.3191
ets1,bioemu,1.4892
ets1,bioemu,1.3529
ets1,bioemu,1.6769
ets1,bioemu,1.3961
ets1,bioemu,1.6886
ets1,bioemu,1.2347
ets1,bioemu,1.572
ets1,bioemu,1.1485
ets1,bioemu,1.413
ets1,bioemu,1.9009
ets1,bioemu,1.2499
ets1,bioemu,1.2514
ets1,bioemu,1.1543
ets1,bioemu,1.3406
ets1,bioemu,1.5201
ets1,bioemu,1.7249
ets1,bioemu,1.7003
ets1,bioemu,1.3839
ets1,bioemu,2.4851
ets1,bioemu,1.251
ets1,bioemu,2.0553
ets1,bioemu,1.623
ets1,bioemu,1.4699
ets1,bioemu,1.6466
ets1,bioemu,2.0388
ets1,bioemu,1.3098
ets1,bioemu,1.3737
ets1,bioemu,1.4299
ets1,bioemu,1.3391
ets1,bioemu,3.5709
ets1,bioemu,1.3091
ets1,bioemu,1.9465
ets1,bioemu,1.4684
ets1,bioemu,1.7559
ets1,bioemu,2.8182
ets1,bioemu,1.4264
ets1,bioemu,1.3054
ets1,bioemu,1.5317
ets1,bioemu,1.9871
ets1,bioemu,1.5101
ets1,bioemu,1.7114
ets1,bioemu,1.8559
ets1,bioemu,1.5684
ets1,bioemu,1.0902
ets1,bioemu,1.3918
ets1,bioemu,1.5436
ets1,bioemu,1.7275
ets1,bioemu,1.475
ets1,bioemu,1.4963
ets1,bioemu,1.5361
ets1,bioemu,1.9866
ets1,bioemu,1.782
ets1,bioemu,1.4878
ets1,bioemu,1.4742
ets1,bioemu,1.5725
ets1,bioemu,1.5242
ets1,bioemu,1.6053
ets1,bioemu,1.3059
ets1,bioemu,1.3277
ets1,bioemu,1.6054
ets1,bioemu,1.4876
ets1,bioemu,1.6141
ets1,bioemu,1.9769
ets1,bioemu,1.4707
ets1,bioemu,1.7902
ets1,bioemu,1.4894
ets1,bioemu,1.4537
ets1,bioemu,1.5748
ets1,bioemu,1.6039
ets1,bioemu,1.5231
ets1,bioemu,1.1585
ets1,bioemu,2.0892
ets1,bioemu,1.327
ets1,bioemu,1.4572
ets1,bioemu,2.1195
ets1,bioemu,1.2861
ets1,bioemu,1.6785
ets1,bioemu,1.5449
ets1,bioemu,1.2773
ets1,bioemu,1.3285
ets1,bioemu,1.6142
ets1,bioemu,1.5617
ets1,bioemu,1.3254
ets1,bioemu,1.4829
ets1,bioemu,1.6531
ets1,bioemu,1.3616
ets1,bioemu,1.6839
ets1,bioemu,1.3147
ets1,bioemu,1.2888
ets1,bioemu,1.269
ets1,bioemu,1.4907
ets1,bioemu,1.6989
ets1,bioemu,1.449
ets1,bioemu,1.4389
ets1,bioemu,1.2251
ets1,bioemu,1.4856
ets1,bioemu,2.0704
ets1,bioemu,1.7112
ets1,bioemu,1.6324
ets1,bioemu,2.2596
ets1,bioemu,1.2879
ets1,bioemu,1.6491
ets1,bioemu,1.5473
ets1,bioemu,1.3556
ets1,bioemu,1.7893
ets1,bioemu,1.8722
ets1,bioemu,1.2474
ets1,bioemu,1.3259
ets1,bioemu,1.8044
ets1,bioemu,1.3656
ets1,bioemu,3.3056
ets1,bioemu,1.4645
ets1,bioemu,2.1942
ets1,bioemu,1.2771
ets1,bioemu,1.5766
ets1,bioemu,2.6411
ets1,bioemu,1.6805
ets1,bioemu,1.4558
ets1,bioemu,1.39
ets1,bioemu,1.7999
ets1,bioemu,1.5204
ets1,bioemu,1.6347
ets1,bioemu,2.1072
ets1,bioemu,1.7328
ets1,bioemu,1.2929
ets1,bioemu,1.5776
ets1,bioemu,1.3443
ets1,bioemu,1.5285
ets1,bioemu,1.3197
ets1,bioemu,1.581
ets1,bioemu,1.0313
ets1,bioemu,1.8574
ets1,bioemu,1.6329
ets1,bioemu,1.491
ets1,bioemu,1.3214
ets1,bioemu,1.6319
ets1,bioemu,1.7471
ets1,bioemu,1.8117
ets1,bioemu,1.633
ets1,bioemu,1.5566
ets1,bioemu,1.2512
ets1,bioemu,1.3138
ets1,bioemu,1.7066
ets1,bioemu,2.0178
ets1,bioemu,1.5527
ets1,bioemu,1.4469
ets1,bioemu,1.2689
ets1,bioemu,1.5831
ets1,bioemu,1.3092
ets1,bioemu,1.515
ets1,bioemu,1.3107
ets1,bioemu,1.3644
ets1,bioemu,2.5516
ets1,bioemu,1.3726
ets1,bioemu,1.3134
ets1,bioemu,2.1996
ets1,bioemu,1.2563
ets1,bioemu,1.6258
ets1,bioemu,1.3483
ets1,bioemu,1.4881
ets1,bioemu,1.3903
ets1,bioemu,1.4043
ets1,bioemu,1.4093
ets1,bioemu,1.4399
ets1,bioemu,1.5189
ets1,bioemu,1.3704
ets1,bioemu,1.3512
ets1,bioemu,1.7575
ets1,bioemu,1.3981
ets1,bioemu,1.6232
ets1,bioemu,1.3683
ets1,bioemu,1.6923
ets1,bioemu,1.613
ets1,bioemu,1.2301
ets1,bioemu,1.3478
ets1,bioemu,1.4855
ets1,bioemu,1.7089
ets1,bioemu,1.7826
ets1,bioemu,1.4433
ets1,bioemu,2.6164
ets1,bioemu,1.7204
ets1,bioemu,2.2728
ets1,bioemu,1.7984
ets1,bioemu,2.2049
ets1,bioemu,2.0577
ets1,bioemu,2.6294
ets1,bioemu,1.722
ets1,bioemu,2.0054
ets1,bioemu,1.7274
ets1,bioemu,1.7384
ets1,bioemu,4.234
ets1,bioemu,1.8474
ets1,bioemu,2.2093
ets1,bioemu,1.9838
ets1,bioemu,2.4572
ets1,bioemu,2.634
ets1,bioemu,1.7857
ets1,bioemu,2.0348
ets1,bioemu,1.7595
ets1,bioemu,2.1517
ets1,bioemu,1.8873
ets1,bioemu,1.6472
ets1,bioemu,1.8204
ets1,bioemu,1.8893
ets1,bioemu,1.7202
ets1,bioemu,1.8353
ets1,bioemu,2.083
ets1,bioemu,2.2359
ets1,bioemu,1.604
ets1,bioemu,1.9691
ets1,bioemu,2.044
ets1,bioemu,2.0912
ets1,bioemu,2.1641
ets1,bioemu,1.935
ets1,bioemu,1.8488
ets1,bioemu,1.7728
ets1,bioemu,1.8704
ets1,bioemu,1.8761
ets1,bioemu,1.7316
ets1,bioemu,1.6604
ets1,bioemu,1.9118
ets1,bioemu,2.0494
ets1,bioemu,1.4333
ets1,bioemu,2.312
ets1,bioemu,1.706
ets1,bioemu,2.0428
ets1,bioemu,1.8721
ets1,bioemu,1.8271
ets1,bioemu,1.8511
ets1,bioemu,1.634
ets1,bioemu,1.7057
ets1,bioemu,1.7378
ets1,bioemu,2.4144
ets1,bioemu,2.0129
ets1,bioemu,2.0114
ets1,bioemu,1.9905
ets1,bioemu,1.7087
ets1,bioemu,1.9504
ets1,bioemu,2.0451
ets1,bioemu,1.7296
ets1,bioemu,1.8933
ets1,bioemu,2.0128
ets1,bioemu,1.8408
ets1,bioemu,1.6462
ets1,bioemu,2.0855
ets1,bioemu,2.3138
ets1,bioemu,1.8707
ets1,bioemu,2.2443
ets1,bioemu,1.6566
ets1,bioemu,1.6685
ets1,bioemu,1.7331
ets1,bioemu,1.7583
ets1,bioemu,2.1118
ets1,bioemu,1.8787
ets1,bioemu,1.8128
ets1,bioemu,1.7562
ets1,bioemu,1.5955
ets1,bioemu,1.6572
ets1,bioemu,2.5205
ets1,bioemu,1.4781
ets1,bioemu,1.8633
ets1,bioemu,1.9683
ets1,bioemu,1.5805
ets1,bioemu,1.6147
ets1,bioemu,2.1751
ets1,bioemu,1.3596
ets1,bioemu,1.6305
ets1,bioemu,1.3786
ets1,bioemu,1.5512
ets1,bioemu,3.6779
ets1,bioemu,1.4643
ets1,bioemu,2.0747
ets1,bioemu,1.5903
ets1,bioemu,2.0183
ets1,bioemu,2.6545
ets1,bioemu,1.4299
ets1,bioemu,1.7596
ets1,bioemu,1.465
ets1,bioemu,1.6605
ets1,bioemu,1.6725
ets1,bioemu,1.6378
ets1,bioemu,1.2854
ets1,bioemu,1.5629
ets1,bioemu,1.556
ets1,bioemu,1.6275
ets1,bioemu,1.458
ets1,bioemu,2.0555
ets1,bioemu,1.675
ets1,bioemu,1.7113
ets1,bioemu,1.4244
ets1,bioemu,2.3104
ets1,bioemu,1.9493
ets1,bioemu,1.3227
ets1,bioemu,1.6555
ets1,bioemu,1.3271
ets1,bioemu,1.7249
ets1,bioemu,1.76
ets1,bioemu,1.372
ets1,bioemu,1.8849
ets1,bioemu,1.4099
ets1,bioemu,1.5839
ets1,bioemu,1.3979
ets1,bioemu,2.0853
ets1,bioemu,1.5719
ets1,bioemu,2.2229
ets1,bioemu,1.4467
ets1,bioemu,1.6992
ets1,bioemu,1.7461
ets1,bioemu,1.5496
ets1,bioemu,1.6501
ets1,bioemu,1.4559
ets1,bioemu,1.9466
ets1,bioemu,1.7163
ets1,bioemu,1.8522
ets1,bioemu,1.8472
ets1,bioemu,1.3076
ets1,bioemu,1.8081
ets1,bioemu,1.8334
ets1,bioemu,1.322
ets1,bioemu,1.528
ets1,bioemu,1.8728
ets1,bioemu,1.7452
ets1,bioemu,1.6206
ets1,bioemu,1.873
ets1,bioemu,1.6795
ets1,bioemu,1.3571
ets1,bioemu,1.5733
ets1,bioemu,1.6901
ets1,bioemu,1.8012
ets1,bioemu,1.3752
ets1,bioemu,1.2549
ets1,bioemu,1.8416
ets1,bioemu,1.5641
ets1,bioemu,1.6401
ets1,bioemu,1.3152
ets1,bioemu,1.4988
ets1,bioemu,2.3237
ets1,bioemu,1.3885
ets1,bioemu,1.7436
ets1,bioemu,1.7945
ets1,bioemu,1.7387
ets1,bioemu,1.5498
ets1,bioemu,1.881
ets1,bioemu,1.3237
ets1,bioemu,1.3361
ets1,bioemu,1.4406
ets1,bioemu,1.0738
ets1,bioemu,3.5364
ets1,bioemu,1.306
ets1,bioemu,1.7871
ets1,bioemu,1.3695
ets1,bioemu,1.7517
ets1,bioemu,2.2494
ets1,bioemu,1.4125
ets1,bioemu,1.6032
ets1,bioemu,1.3354
ets1,bioemu,1.9334
ets1,bioemu,1.6798
ets1,bioemu,1.1595
ets1,bioemu,1.777
ets1,bioemu,1.2924
ets1,bioemu,1.2832
ets1,bioemu,1.1949
ets1,bioemu,1.5579
ets1,bioemu,1.6033
ets1,bioemu,1.229
ets1,bioemu,1.731
ets1,bioemu,1.5511
ets1,bioemu,1.5867
ets1,bioemu,1.9958
ets1,bioemu,1.6894
ets1,bioemu,1.1514
ets1,bioemu,1.2996
ets1,bioemu,1.3702
ets1,bioemu,1.3002
ets1,bioemu,1.4371
ets1,bioemu,0.9284
ets1,bioemu,1.6503
ets1,bioemu,1.8218
ets1,bioemu,1.6258
ets1,bioemu,1.6933
ets1,bioemu,1.162
ets1,bioemu,1.7582
ets1,bioemu,1.4412
ets1,bioemu,1.4475
ets1,bioemu,1.2912
ets1,bioemu,1.4611
ets1,bioemu,1.332
ets1,bioemu,1.2037
ets1,bioemu,2.2864
ets1,bioemu,1.3959
ets1,bioemu,1.4853
ets1,bioemu,1.7882
ets1,bioemu,1.4546
ets1,bioemu,1.4723
ets1,bioemu,1.5422
ets1,bioemu,1.4938
ets1,bioemu,1.4145
ets1,bioemu,1.4038
ets1,bioemu,1.5366
ets1,bioemu,1.3631
ets1,bioemu,1.5563
ets1,bioemu,1.8636
ets1,bioemu,1.4695
ets1,bioemu,1.983
ets1,bioemu,1.014
ets1,bioemu,1.3143
ets1,bioemu,1.3755
ets1,bioemu,1.4141
ets1,bioemu,1.5063
ets1,bioemu,1.4802
ets1,bioemu,1.2827
ets1,bioemu,1.3803
ets1,bioemu,1.2659
ets1,bioemu,2.2305
ets1,bioemu,2.3293
ets1,bioemu,2.4474
ets1,bioemu,2.7005
ets1,bioemu,2.6396
ets1,bioemu,2.608
ets1,bioemu,2.3461
ets1,bioemu,2.3508
ets1,bioemu,2.7425
ets1,bioemu,2.0534
ets1,bioemu,3.9353
ets1,bioemu,2.5596
ets1,bioemu,2.7622
ets1,bioemu,2.5416
ets1,bioemu,2.696
ets1,bioemu,3.3572
ets1,bioemu,2.4786
ets1,bioemu,2.5032
ets1,bioemu,2.2538
ets1,bioemu,2.541
ets1,bioemu,2.5435
ets1,bioemu,2.6521
ets1,bioemu,2.9472
ets1,bioemu,2.6776
ets1,bioemu,2.5972
ets1,bioemu,2.6978
ets1,bioemu,2.5415
ets1,bioemu,2.9037
ets1,bioemu,2.0527
ets1,bioemu,2.4177
ets1,bioemu,2.4291
ets1,bioemu,2.4997
ets1,bioemu,3.0055
ets1,bioemu,2.6944
ets1,bioemu,2.3425
ets1,bioemu,2.7409
ets1,bioemu,2.6989
ets1,bioemu,2.733
ets1,bioemu,2.4709
ets1,bioemu,2.2915
ets1,bioemu,2.6525
ets1,bioemu,2.377
ets1,bioemu,2.7431
ets1,bioemu,2.4687
ets1,bioemu,2.2238
ets1,bioemu,2.3392
ets1,bioemu,2.1091
ets1,bioemu,2.2644
ets1,bioemu,2.2242
ets1,bioemu,2.2725
ets1,bioemu,2.3599
ets1,bioemu,2.353
ets1,bioemu,2.9506
ets1,bioemu,2.2784
ets1,bioemu,2.3287
ets1,bioemu,2.6321
ets1,bioemu,2.4327
ets1,bioemu,2.2829
ets1,bioemu,2.5197
ets1,bioemu,2.5381
ets1,bioemu,2.3891
ets1,bioemu,2.4872
ets1,bioemu,2.1489
ets1,bioemu,2.413
ets1,bioemu,2.1242
ets1,bioemu,1.9955
ets1,bioemu,2.2852
ets1,bioemu,2.7658
ets1,bioemu,2.4046
ets1,bioemu,2.7143
ets1,bioemu,2.5523
ets1,bioemu,2.5443
ets1,bioemu,2.6542
ets1,bioemu,2.2308
ets1,bioemu,2.6226
ets1,bioemu,2.6264
ets1,bioemu,2.4316
ets1,bioemu,1.6969
ets1,bioemu,1.4104
ets1,bioemu,1.4559
ets1,bioemu,1.6798
ets1,bioemu,1.7735
ets1,bioemu,0.9776
ets1,bioemu,1.177
ets1,bioemu,1.4419
ets1,bioemu,1.0931
ets1,bioemu,3.3522
ets1,bioemu,1.0638
ets1,bioemu,1.9639
ets1,bioemu,1.4106
ets1,bioemu,1.5844
ets1,bioemu,2.6951
ets1,bioemu,1.4786
ets1,bioemu,1.2087
ets1,bioemu,1.2994
ets1,bioemu,1.7277
ets1,bioemu,1.3629
ets1,bioemu,1.5794
ets1,bioemu,1.7475
ets1,bioemu,1.6106
ets1,bioemu,1.1169
ets1,bioemu,1.4615
ets1,bioemu,1.398
ets1,bioemu,1.6347
ets1,bioemu,1.1653
ets1,bioemu,1.1482
ets1,bioemu,1.2964
ets1,bioemu,1.7965
ets1,bioemu,1.7855
ets1,bioemu,1.4671
ets1,bioemu,1.3785
ets1,bioemu,1.4481
ets1,bioemu,1.4748
ets1,bioemu,1.7
ets1,bioemu,1.1792
ets1,bioemu,1.289
ets1,bioemu,1.2833
ets1,bioemu,1.1927
ets1,bioemu,1.6099
ets1,bioemu,1.796
ets1,bioemu,1.3078
ets1,bioemu,1.6146
ets1,bioemu,1.1979
ets1,bioemu,1.533
ets1,bioemu,1.2184
ets1,bioemu,1.3911
ets1,bioemu,1.4126
ets1,bioemu,1.1518
ets1,bioemu,2.2982
ets1,bioemu,1.1588
ets1,bioemu,1.1316
ets1,bioemu,1.9845
ets1,bioemu,1.141
ets1,bioemu,1.6346
ets1,bioemu,1.4407
ets1,bioemu,1.2744
ets1,bioemu,1.1387
ets1,bioemu,1.5145
ets1,bioemu,1.3296
ets1,bioemu,1.3771
ets1,bioemu,1.1834
ets1,bioemu,1.4101
ets1,bioemu,1.2785
ets1,bioemu,1.6136
ets1,bioemu,1.1985
ets1,bioemu,1.4719
ets1,bioemu,1.0864
ets1,bioemu,1.4551
ets1,bioemu,1.7384
ets1,bioemu,1.2552
ets1,bioemu,1.2145
ets1,bioemu,1.0623
ets1,bioemu,1.4042
ets1,bioemu,2.1239
ets1,bioemu,1.7979
ets1,bioemu,1.9132
ets1,bioemu,1.7669
ets1,bioemu,1.4397
ets1,bioemu,1.6036
ets1,bioemu,2.1926
ets1,bioemu,1.4879
ets1,bioemu,3.1853
ets1,bioemu,1.628
ets1,bioemu,2.1979
ets1,bioemu,1.8322
ets1,bioemu,1.6836
ets1,bioemu,2.5147
ets1,bioemu,2.0264
ets1,bioemu,1.9667
ets1,bioemu,1.6912
ets1,bioemu,1.4464
ets1,bioemu,2.1367
ets1,bioemu,1.7154
ets1,bioemu,2.1603
ets1,bioemu,1.6987
ets1,bioemu,1.9373
ets1,bioemu,1.7546
ets1,bioemu,1.5648
ets1,bioemu,1.9439
ets1,bioemu,1.7344
ets1,bioemu,1.8294
ets1,bioemu,1.6464
ets1,bioemu,1.9499
ets1,bioemu,2.5084
ets1,bioemu,1.9508
ets1,bioemu,1.6097
ets1,bioemu,1.8363
ets1,bioemu,1.755
ets1,bioemu,2.1254
ets1,bioemu,1.8898
ets1,bioemu,1.7372
ets1,bioemu,1.7802
ets1,bioemu,1.7259
ets1,bioemu,2.0942
ets1,bioemu,2.0055
ets1,bioemu,1.6008
ets1,bioemu,1.945
ets1,bioemu,1.6353
ets1,bioemu,1.7835
ets1,bioemu,1.6045
ets1,bioemu,1.9073
ets1,bioemu,1.8052
ets1,bioemu,1.5499
ets1,bioemu,2.789
ets1,bioemu,1.8675
ets1,bioemu,1.4482
ets1,bioemu,2.0666
ets1,bioemu,1.6974
ets1,bioemu,1.795
ets1,bioemu,1.8119
ets1,bioemu,1.6487
ets1,bioemu,1.5073
ets1,bioemu,1.9476
ets1,bioemu,1.6188
ets1,bioemu,2.0092
ets1,bioemu,1.7743
ets1,bioemu,1.8847
ets1,bioemu,1.7219
ets1,bioemu,2.0005
ets1,bioemu,1.7511
ets1,bioemu,2.0535
ets1,bioemu,1.663
ets1,bioemu,1.7333
ets1,bioemu,1.8039
ets1,bioemu,1.4117
ets1,bioemu,1.6798
ets1,bioemu,1.8223
ets1,bioemu,1.8567
ets1,bioemu,1.9062
ets1,bioemu,2.1717
ets1,bioemu,2.3186
ets1,bioemu,1.5706
ets1,bioemu,1.6923
ets1,bioemu,1.9935
ets1,bioemu,1.6432
ets1,bioemu,3.7362
ets1,bioemu,1.6052
ets1,bioemu,2.7063
ets1,bioemu,1.8266
ets1,bioemu,1.9912
ets1,bioemu,2.8051
ets1,bioemu,1.704
ets1,bioemu,1.7202
ets1,bioemu,1.685
ets1,bioemu,2.1382
ets1,bioemu,1.5913
ets1,bioemu,1.8652
ets1,bioemu,2.1516
ets1,bioemu,2.0647
ets1,bioemu,1.4895
ets1,bioemu,1.768
ets1,bioemu,1.7971
ets1,bioemu,1.911
ets1,bioemu,1.341
ets1,bioemu,1.6757
ets1,bioemu,1.7369
ets1,bioemu,2.0761
ets1,bioemu,1.8442
ets1,bioemu,1.9351
ets1,bioemu,1.7588
ets1,bioemu,1.9233
ets1,bioemu,1.9241
ets1,bioemu,2.0489
ets1,bioemu,1.9342
ets1,bioemu,1.6321
ets1,bioemu,1.67
ets1,bioemu,1.5798
ets1,bioemu,1.942
ets1,bioemu,2.2168
ets1,bioemu,1.6937
ets1,bioemu,1.2547
ets1,bioemu,1.6668
ets1,bioemu,2.002
ets1,bioemu,1.7019
ets1,bioemu,1.8721
ets1,bioemu,1.6003
ets1,bioemu,1.7121
ets1,bioemu,2.8894
ets1,bioemu,1.7232
ets1,bioemu,1.6247
ets1,bioemu,2.4265
ets1,bioemu,1.4557
ets1,bioemu,1.9874
ets1,bioemu,1.6854
ets1,bioemu,1.933
ets1,bioemu,1.6293
ets1,bioemu,1.7786
ets1,bioemu,1.7125
ets1,bioemu,1.5642
ets1,bioemu,1.7046
ets1,bioemu,2.0305
ets1,bioemu,1.7333
ets1,bioemu,2.0779
ets1,bioemu,1.4695
ets1,bioemu,1.6468
ets1,bioemu,1.5894
ets1,bioemu,1.9066
ets1,bioemu,2.0299
ets1,bioemu,1.578
ets1,bioemu,1.6283
ets1,bioemu,1.674
ets1,bioemu,1.6777
ets1,bioemu,1.4261
ets1,bioemu,2.1295
ets1,bioemu,1.434
ets1,bioemu,1.4412
ets1,bioemu,1.5979
ets1,bioemu,1.4031
ets1,bioemu,3.146
ets1,bioemu,1.2282
ets1,bioemu,2.2074
ets1,bioemu,1.4048
ets1,bioemu,1.4427
ets1,bioemu,2.7486
ets1,bioemu,1.5156
ets1,bioemu,1.2988
ets1,bioemu,1.4438
ets1,bioemu,1.7038
ets1,bioemu,1.7487
ets1,bioemu,1.6848
ets1,bioemu,1.819
ets1,bioemu,1.6394
ets1,bioemu,1.3176
ets1,bioemu,1.5557
ets1,bioemu,1.0946
ets1,bioemu,1.5299
ets1,bioemu,1.8712
ets1,bioemu,1.5667
ets1,bioemu,1.2604
ets1,bioemu,1.9284
ets1,bioemu,1.9245
ets1,bioemu,1.135
ets1,bioemu,1.5825
ets1,bioemu,1.5786
ets1,bioemu,1.4402
ets1,bioemu,1.7845
ets1,bioemu,1.3121
ets1,bioemu,1.7949
ets1,bioemu,1.2408
ets1,bioemu,1.264
ets1,bioemu,1.738
ets1,bioemu,2.2219
ets1,bioemu,1.4793
ets1,bioemu,1.8602
ets1,bioemu,1.5112
ets1,bioemu,1.6088
ets1,bioemu,1.7505
ets1,bioemu,1.6995
ets1,bioemu,1.6158
ets1,bioemu,1.294
ets1,bioemu,2.4427
ets1,bioemu,1.4317
ets1,bioemu,1.4672
ets1,bioemu,2.0084
ets1,bioemu,1.0456
ets1,bioemu,1.7753
ets1,bioemu,1.6926
ets1,bioemu,1.3555
ets1,bioemu,1.2005
ets1,bioemu,1.7814
ets1,bioemu,1.8479
ets1,bioemu,1.6435
ets1,bioemu,1.7841
ets1,bioemu,1.7267
ets1,bioemu,1.2779
ets1,bioemu,1.3864
ets1,bioemu,1.5602
ets1,bioemu,1.6188
ets1,bioemu,1.2568
ets1,bioemu,1.6141
ets1,bioemu,1.4149
ets1,bioemu,1.547
ets1,bioemu,1.3994
ets1,bioemu,1.2893
ets1,bioemu,1.6167
ets1,bioemu,2.1138
ets1,bioemu,1.5407
ets1,bioemu,1.651
ets1,bioemu,1.5212
ets1,bioemu,1.5123
ets1,bioemu,3.4844
ets1,bioemu,1.4644
ets1,bioemu,1.9721
ets1,bioemu,1.5102
ets1,bioemu,1.7527
ets1,bioemu,2.6534
ets1,bioemu,1.554
ets1,bioemu,1.574
ets1,bioemu,1.5709
ets1,bioemu,1.6035
ets1,bioemu,1.8164
ets1,bioemu,1.7365
ets1,bioemu,1.5819
ets1,bioemu,1.5827
ets1,bioemu,1.6397
ets1,bioemu,1.5914
ets1,bioemu,1.4455
ets1,bioemu,1.8002
ets1,bioemu,1.8847
ets1,bioemu,1.7952
ets1,bioemu,1.6037
ets1,bioemu,1.9859
ets1,bioemu,2.2749
ets1,bioemu,1.5076
ets1,bioemu,1.7033
ets1,bioemu,1.6522
ets1,bioemu,1.6912
ets1,bioemu,1.7306
ets1,bioemu,1.3607
ets1,bioemu,1.8332
ets1,bioemu,1.6967
ets1,bioemu,1.6844
ets1,bioemu,1.6794
ets1,bioemu,2.0757
ets1,bioemu,1.5823
ets1,bioemu,2.2664
ets1,bioemu,1.5068
ets1,bioemu,1.5046
ets1,bioemu,1.7042
ets1,bioemu,1.7232
ets1,bioemu,1.7028
ets1,bioemu,1.3251
ets1,bioemu,1.997
ets1,bioemu,1.6287
ets1,bioemu,1.7431
ets1,bioemu,1.646
ets1,bioemu,1.3098
ets1,bioemu,1.6213
ets1,bioemu,1.9805
ets1,bioemu,1.2903
ets1,bioemu,1.5072
ets1,bioemu,1.9752
ets1,bioemu,1.905
ets1,bioemu,1.751
ets1,bioemu,1.7509
ets1,bioemu,1.9763
ets1,bioemu,1.2474
ets1,bioemu,1.5996
ets1,bioemu,1.5746
ets1,bioemu,1.6645
ets1,bioemu,1.4212
ets1,bioemu,1.5974
ets1,bioemu,1.6438
ets1,bioemu,1.7713
ets1,bioemu,1.7207
ets1,bioemu,1.3708
ets1,bioemu,1.4559
ets1,bioemu,1.6414
ets1,bioemu,1.7139
ets1,bioemu,2.1416
ets1,bioemu,1.7164
ets1,bioemu,3.2771
ets1,bioemu,1.7907
ets1,bioemu,2.1151
ets1,bioemu,1.8795
ets1,bioemu,1.8077
ets1,bioemu,2.6851
ets1,bioemu,2.0059
ets1,bioemu,1.9801
ets1,bioemu,1.9956
ets1,bioemu,2.2412
ets1,bioemu,2.2641
ets1,bioemu,1.9695
ets1,bioemu,2.4583
ets1,bioemu,1.7734
ets1,bioemu,2.0907
ets1,bioemu,1.9378
ets1,bioemu,1.953
ets1,bioemu,2.096
ets1,bioemu,1.7631
ets1,bioemu,1.7118
ets1,bioemu,1.8135
ets1,bioemu,2.3335
ets1,bioemu,2.4371
ets1,bioemu,2.1812
ets1,bioemu,1.818
ets1,bioemu,1.8788
ets1,bioemu,2.0416
ets1,bioemu,1.9431
ets1,bioemu,1.8956
ets1,bioemu,1.8475
ets1,bioemu,2.2177
ets1,bioemu,2.1607
ets1,bioemu,2.3724
ets1,bioemu,1.9538
ets1,bioemu,1.8727
ets1,bioemu,2.2886
ets1,bioemu,1.7058
ets1,bioemu,2.1229
ets1,bioemu,1.7307
ets1,bioemu,2.066
ets1,bioemu,1.9656
ets1,bioemu,1.74
ets1,bioemu,2.4949
ets1,bioemu,1.797
ets1,bioemu,1.7099
ets1,bioemu,2.3583
ets1,bioemu,2.0035
ets1,bioemu,2.0644
ets1,bioemu,1.8688
ets1,bioemu,1.845
ets1,bioemu,1.8219
ets1,bioemu,2.1013
ets1,bioemu,1.7291
ets1,bioemu,1.9282
ets1,bioemu,1.6447
ets1,bioemu,2.0239
ets1,bioemu,1.9185
ets1,bioemu,2.2197
ets1,bioemu,1.9612
ets1,bioemu,1.9736
ets1,bioemu,1.6989
ets1,bioemu,1.8649
ets1,bioemu,2.2241
ets1,bioemu,1.7912
ets1,bioemu,1.8239
ets1,bioemu,1.9831
ets1,bioemu,1.9634
ets1,bioemu,1.0701
ets1,bioemu,1.4432
ets1,bioemu,1.0791
ets1,bioemu,3.2928
ets1,bioemu,1.1106
ets1,bioemu,1.8405
ets1,bioemu,1.2921
ets1,bioemu,1.4223
ets1,bioemu,2.4739
ets1,bioemu,1.5842
ets1,bioemu,1.4386
ets1,bioemu,1.2135
ets1,bioemu,1.5357
ets1,bioemu,1.3812
ets1,bioemu,1.3033
ets1,bioemu,1.7203
ets1,bioemu,1.4832
ets1,bioemu,1.1524
ets1,bioemu,1.3338
ets1,bioemu,1.2514
ets1,bioemu,1.5077
ets1,bioemu,1.2331
ets1,bioemu,1.2416
ets1,bioemu,1.0992
ets1,bioemu,1.8436
ets1,bioemu,1.7428
ets1,bioemu,1.2748
ets1,bioemu,1.2784
ets1,bioemu,1.286
ets1,bioemu,1.4812
ets1,bioemu,1.6139
ets1,bioemu,1.2313
ets1,bioemu,1.3083
ets1,bioemu,1.2665
ets1,bioemu,1.4023
ets1,bioemu,1.4272
ets1,bioemu,1.8738
ets1,bioemu,1.4143
ets1,bioemu,1.7348
ets1,bioemu,1.1523
ets1,bioemu,1.4135
ets1,bioemu,1.0774
ets1,bioemu,1.4831
ets1,bioemu,1.2204
ets1,bioemu,0.958
ets1,bioemu,2.287
ets1,bioemu,1.1591
ets1,bioemu,1.1882
ets1,bioemu,1.8426
ets1,bioemu,1.1574
ets1,bioemu,1.5517
ets1,bioemu,1.3452
ets1,bioemu,1.1423
ets1,bioemu,1.1452
ets1,bioemu,1.4057
ets1,bioemu,1.3545
ets1,bioemu,1.363
ets1,bioemu,1.392
ets1,bioemu,1.4758
ets1,bioemu,1.2369
ets1,bioemu,1.5934
ets1,bioemu,1.1691
ets1,bioemu,1.429
ets1,bioemu,0.9459
ets1,bioemu,1.2919
ets1,bioemu,1.568
ets1,bioemu,1.182
ets1,bioemu,1.044
ets1,bioemu,1.0134
ets1,bioemu,1.3462
ets1,bioemu,1.5605
ets1,bioemu,1.0489
ets1,bioemu,3.1412
ets1,bioemu,1.1522
ets1,bioemu,1.9075
ets1,bioemu,1.1842
ets1,bioemu,1.4142
ets1,bioemu,2.346
ets1,bioemu,1.7065
ets1,bioemu,1.5209
ets1,bioemu,1.2392
ets1,bioemu,1.7827
ets1,bioemu,1.3175
ets1,bioemu,1.3618
ets1,bioemu,1.9427
ets1,bioemu,1.6076
ets1,bioemu,1.1913
ets1,bioemu,1.2384
ets1,bioemu,1.4703
ets1,bioemu,1.3833
ets1,bioemu,1.2942
ets1,bioemu,1.3359
ets1,bioemu,1.1667
ets1,bioemu,1.7657
ets1,bioemu,1.8707
ets1,bioemu,1.6633
ets1,bioemu,1.295
ets1,bioemu,1.4376
ets1,bioemu,1.6105
ets1,bioemu,1.6421
ets1,bioemu,1.3792
ets1,bioemu,1.2379
ets1,bioemu,1.458
ets1,bioemu,1.59
ets1,bioemu,1.8188
ets1,bioemu,1.6862
ets1,bioemu,1.4222
ets1,bioemu,1.6543
ets1,bioemu,1.1237
ets1,bioemu,1.4487
ets1,bioemu,1.1054
ets1,bioemu,1.5481
ets1,bioemu,1.3172
ets1,bioemu,1.144
ets1,bioemu,2.4812
ets1,bioemu,1.1272
ets1,bioemu,1.1088
ets1,bioemu,1.8323
ets1,bioemu,1.3183
ets1,bioemu,1.5468
ets1,bioemu,1.2645
ets1,bioemu,1.4471
ets1,bioemu,1.1384
ets1,bioemu,1.2955
ets1,bioemu,1.402
ets1,bioemu,1.5921
ets1,bioemu,1.4258
ets1,bioemu,1.5043
ets1,bioemu,1.2715
ets1,bioemu,1.8063
ets1,bioemu,1.1345
ets1,bioemu,1.5701
ets1,bioemu,1.2551
ets1,bioemu,1.5117
ets1,bioemu,1.5377
ets1,bioemu,1.2839
ets1,bioemu,1.1415
ets1,bioemu,1.2417
ets1,bioemu,1.4399
ets1,bioemu,1.3784
ets1,bioemu,3.8138
ets1,bioemu,1.506
ets1,bioemu,1.6775
ets1,bioemu,1.6685
ets1,bioemu,2.07
ets1,bioemu,2.6076
ets1,bioemu,1.3925
ets1,bioemu,1.4555
ets1,bioemu,1.4756
ets1,bioemu,1.9912
ets1,bioemu,1.5769
ets1,bioemu,1.5836
ets1,bioemu,1.5147
ets1,bioemu,1.5835
ets1,bioemu,1.341
ets1,bioemu,1.4952
ets1,bioemu,1.5841
ets1,bioemu,1.8771
ets1,bioemu,1.7077
ets1,bioemu,1.6181
ets1,bioemu,1.599
ets1,bioemu,2.1331
ets1,bioemu,1.8632
ets1,bioemu,1.4694
ets1,bioemu,1.6871
ets1,bioemu,1.4381
ets1,bioemu,1.6401
ets1,bioemu,1.4481
ets1,bioemu,1.217
ets1,bioemu,1.6627
ets1,bioemu,1.5266
ets1,bioemu,1.7459
ets1,bioemu,1.2883
ets1,bioemu,2.1691
ets1,bioemu,1.6098
ets1,bioemu,2.3415
ets1,bioemu,1.4876
ets1,bioemu,1.5769
ets1,bioemu,1.6561
ets1,bioemu,1.3016
ets1,bioemu,1.6893
ets1,bioemu,1.239
ets1,bioemu,1.8381
ets1,bioemu,1.563
ets1,bioemu,1.7665
ets1,bioemu,1.6829
ets1,bioemu,1.309
ets1,bioemu,1.6433
ets1,bioemu,1.8544
ets1,bioemu,1.3169
ets1,bioemu,1.518
ets1,bioemu,1.8899
ets1,bioemu,1.711
ets1,bioemu,1.4304
ets1,bioemu,1.7997
ets1,bioemu,1.8665
ets1,bioemu,1.4147
ets1,bioemu,1.81
ets1,bioemu,1.5399
ets1,bioemu,1.4178
ets1,bioemu,1.296
ets1,bioemu,1.5568
ets1,bioemu,1.753
ets1,bioemu,1.7026
ets1,bioemu,1.4838
ets1,bioemu,1.2884
ets1,bioemu,1.3288
ets1,bioemu,3.3472
ets1,bioemu,1.1778
ets1,bioemu,1.7193
ets1,bioemu,1.3424
ets1,bioemu,1.5777
ets1,bioemu,2.4016
ets1,bioemu,1.4352
ets1,bioemu,1.3162
ets1,bioemu,1.052
ets1,bioemu,1.6359
ets1,bioemu,1.4415
ets1,bioemu,1.3893
ets1,bioemu,1.7351
ets1,bioemu,1.5468
ets1,bioemu,1.2299
ets1,bioemu,1.2847
ets1,bioemu,1.3607
ets1,bioemu,1.6164
ets1,bioemu,1.2009
ets1,bioemu,1.2967
ets1,bioemu,1.2515
ets1,bioemu,1.5975
ets1,bioemu,1.8772
ets1,bioemu,1.539
ets1,bioemu,1.2564
ets1,bioemu,1.4937
ets1,bioemu,1.4657
ets1,bioemu,1.4878
ets1,bioemu,1.2073
ets1,bioemu,1.1738
ets1,bioemu,1.4402
ets1,bioemu,1.3751
ets1,bioemu,1.5877
ets1,bioemu,1.83
ets1,bioemu,1.1922
ets1,bioemu,1.6988
ets1,bioemu,1.1424
ets1,bioemu,1.2417
ets1,bioemu,1.1372
ets1,bioemu,1.2139
ets1,bioemu,1.3447
ets1,bioemu,1.0164
ets1,bioemu,2.2663
ets1,bioemu,1.1031
ets1,bioemu,1.2377
ets1,bioemu,1.5787
ets1,bioemu,1.1066
ets1,bioemu,1.254
ets1,bioemu,1.3806
ets1,bioemu,1.3217
ets1,bioemu,1.1381
ets1,bioemu,1.4826
ets1,bioemu,1.2215
ets1,bioemu,1.3486
ets1,bioemu,1.3194
ets1,bioemu,1.3892
ets1,bioemu,1.1256
ets1,bioemu,1.7888
ets1,bioemu,1.107
ets1,bioemu,1.3866
ets1,bioemu,1.1379
ets1,bioemu,1.4987
ets1,bioemu,1.3708
ets1,bioemu,1.1486
ets1,bioemu,1.3078
ets1,bioemu,1.2621
ets1,bioemu,1.2122
ets1,bioemu,3.0837
ets1,bioemu,4.0865
ets1,bioemu,3.3641
ets1,bioemu,2.6805
ets1,bioemu,4.3192
ets1,bioemu,3.8087
ets1,bioemu,3.19
ets1,bioemu,3.5456
ets1,bioemu,3.2747
ets1,bioemu,3.628
ets1,bioemu,3.4957
ets1,bioemu,3.9075
ets1,bioemu,3.4825
ets1,bioemu,3.4383
ets1,bioemu,3.3659
ets1,bioemu,3.2444
ets1,bioemu,3.2855
ets1,bioemu,3.5311
ets1,bioemu,3.2278
ets1,bioemu,3.3452
ets1,bioemu,3.6555
ets1,bioemu,4.0332
ets1,bioemu,3.5579
ets1,bioemu,3.3741
ets1,bioemu,3.5007
ets1,bioemu,3.2969
ets1,bioemu,3.8787
ets1,bioemu,3.4409
ets1,bioemu,3.4738
ets1,bioemu,3.419
ets1,bioemu,3.2982
ets1,bioemu,3.9991
ets1,bioemu,3.3856
ets1,bioemu,3.2766
ets1,bioemu,3.4482
ets1,bioemu,3.3214
ets1,bioemu,3.6803
ets1,bioemu,3.4138
ets1,bioemu,3.8229
ets1,bioemu,3.5751
ets1,bioemu,3.4569
ets1,bioemu,4.269
ets1,bioemu,3.1284
ets1,bioemu,2.9711
ets1,bioemu,3.8394
ets1,bioemu,3.3491
ets1,bioemu,3.8755
ets1,bioemu,3.4774
ets1,bioemu,3.5682
ets1,bioemu,3.2005
ets1,bioemu,3.4001
ets1,bioemu,3.6935
ets1,bioemu,3.9011
ets1,bioemu,3.2856
ets1,bioemu,3.519
ets1,bioemu,3.3983
ets1,bioemu,3.2071
ets1,bioemu,3.551
ets1,bioemu,3.939
ets1,bioemu,3.3438
ets1,bioemu,3.5282
ets1,bioemu,3.6532
ets1,bioemu,3.3439
ets1,bioemu,3.335
ets1,bioemu,3.3767
ets1,bioemu,3.5802
ets1,bioemu,1.9828
ets1,bioemu,1.3909
ets1,bioemu,1.3865
ets1,bioemu,2.5965
ets1,bioemu,1.4824
ets1,bioemu,1.2805
ets1,bioemu,1.4177
ets1,bioemu,1.7326
ets1,bioemu,1.4531
ets1,bioemu,1.4059
ets1,bioemu,1.5588
ets1,bioemu,1.3755
ets1,bioemu,1.1686
ets1,bioemu,1.145
ets1,bioemu,1.3257
ets1,bioemu,1.5812
ets1,bioemu,1.3668
ets1,bioemu,1.3008
ets1,bioemu,1.3819
ets1,bioemu,1.9026
ets1,bioemu,1.9395
ets1,bioemu,1.4517
ets1,bioemu,1.3305
ets1,bioemu,1.2006
ets1,bioemu,1.2558
ets1,bioemu,1.5984
ets1,bioemu,1.2048
ets1,bioemu,1.3697
ets1,bioemu,1.3595
ets1,bioemu,1.2935
ets1,bioemu,1.6851
ets1,bioemu,1.6721
ets1,bioemu,1.1226
ets1,bioemu,1.7048
ets1,bioemu,1.3374
ets1,bioemu,1.571
ets1,bioemu,1.3003
ets1,bioemu,1.589
ets1,bioemu,1.4647
ets1,bioemu,1.1696
ets1,bioemu,2.3321
ets1,bioemu,1.2402
ets1,bioemu,1.1638
ets1,bioemu,1.9145
ets1,bioemu,1.0368
ets1,bioemu,1.8072
ets1,bioemu,1.4897
ets1,bioemu,1.197
ets1,bioemu,1.1545
ets1,bioemu,1.6383
ets1,bioemu,1.5575
ets1,bioemu,1.5708
ets1,bioemu,1.3499
ets1,bioemu,1.7297
ets1,bioemu,1.1932
ets1,bioemu,1.4928
ets1,bioemu,1.234
ets1,bioemu,1.4569
ets1,bioemu,0.9612
ets1,bioemu,1.323
ets1,bioemu,1.7067
ets1,bioemu,1.2568
ets1,bioemu,1.3026
ets1,bioemu,0.9045
ets1,bioemu,1.3091
ets1,bioemu,2.0035
ets1,bioemu,2.394
ets1,bioemu,2.5079
ets1,bioemu,2.1766
ets1,bioemu,2.1464
ets1,bioemu,1.9125
ets1,bioemu,2.265
ets1,bioemu,2.2099
ets1,bioemu,1.9075
ets1,bioemu,2.1559
ets1,bioemu,1.9118
ets1,bioemu,2.0108
ets1,bioemu,2.003
ets1,bioemu,2.0867
ets1,bioemu,2.3267
ets1,bioemu,2.1496
ets1,bioemu,2.1395
ets1,bioemu,1.9848
ets1,bioemu,2.1625
ets1,bioemu,2.5498
ets1,bioemu,2.1076
ets1,bioemu,2.0146
ets1,bioemu,1.983
ets1,bioemu,2.1078
ets1,bioemu,1.7021
ets1,bioemu,1.8071
ets1,bioemu,1.9501
ets1,bioemu,2.3496
ets1,bioemu,2.4146
ets1,bioemu,2.018
ets1,bioemu,2.3626
ets1,bioemu,1.9771
ets1,bioemu,2.7524
ets1,bioemu,1.9742
ets1,bioemu,1.8121
ets1,bioemu,1.7768
ets1,bioemu,1.8035
ets1,bioemu,2.0704
ets1,bioemu,1.6652
ets1,bioemu,2.1284
ets1,bioemu,2.0093
ets1,bioemu,2.0817
ets1,bioemu,1.7585
ets1,bioemu,2.1107
ets1,bioemu,1.7664
ets1,bioemu,2.2052
ets1,bioemu,1.7035
ets1,bioemu,2.0107
ets1,bioemu,2.1972
ets1,bioemu,1.8717
ets1,bioemu,1.9237
ets1,bioemu,2.1909
ets1,bioemu,2.1023
ets1,bioemu,1.875
ets1,bioemu,2.4509
ets1,bioemu,2.0074
ets1,bioemu,1.9081
ets1,bioemu,1.9348
ets1,bioemu,1.9985
ets1,bioemu,2.0706
ets1,bioemu,2.0647
ets1,bioemu,2.0153
ets1,bioemu,1.9895
ets1,bioemu,2.0336
ets1,bioemu,1.5209
ets1,bioemu,2.3052
ets1,bioemu,1.6891
ets1,bioemu,1.6456
ets1,bioemu,1.249
ets1,bioemu,1.8041
ets1,bioemu,1.4136
ets1,bioemu,1.2619
ets1,bioemu,1.968
ets1,bioemu,1.6362
ets1,bioemu,1.2699
ets1,bioemu,1.3979
ets1,bioemu,1.3927
ets1,bioemu,1.4604
ets1,bioemu,1.4819
ets1,bioemu,1.706
ets1,bioemu,1.0678
ets1,bioemu,1.7085
ets1,bioemu,1.6884
ets1,bioemu,1.4576
ets1,bioemu,1.3148
ets1,bioemu,1.501
ets1,bioemu,1.7532
ets1,bioemu,1.6587
ets1,bioemu,1.4447
ets1,bioemu,1.537
ets1,bioemu,1.4799
ets1,bioemu,1.6563
ets1,bioemu,1.7073
ets1,bioemu,2.0162
ets1,bioemu,1.528
ets1,bioemu,1.682
ets1,bioemu,1.2941
ets1,bioemu,1.4825
ets1,bioemu,1.2975
ets1,bioemu,1.5151
ets1,bioemu,1.1581
ets1,bioemu,1.2564
ets1,bioemu,2.4338
ets1,bioemu,1.3131
ets1,bioemu,1.5406
ets1,bioemu,1.9114
ets1,bioemu,1.3243
ets1,bioemu,1.4815
ets1,bioemu,1.3395
ets1,bioemu,1.4489
ets1,bioemu,1.3536
ets1,bioemu,1.1919
ets1,bioemu,1.5764
ets1,bioemu,1.436
ets1,bioemu,1.7263
ets1,bioemu,1.6651
ets1,bioemu,1.1383
ets1,bioemu,1.8084
ets1,bioemu,1.2314
ets1,bioemu,1.5583
ets1,bioemu,1.3598
ets1,bioemu,1.6838
ets1,bioemu,1.4461
ets1,bioemu,1.5603
ets1,bioemu,1.3116
ets1,bioemu,1.2862
ets1,bioemu,1.5271
ets1,bioemu,2.6014
ets1,bioemu,1.8792
ets1,bioemu,1.5321
ets1,bioemu,1.6946
ets1,bioemu,1.8283
ets1,bioemu,1.9547
ets1,bioemu,1.673
ets1,bioemu,2.1815
ets1,bioemu,1.7292
ets1,bioemu,1.6151
ets1,bioemu,1.5981
ets1,bioemu,1.3903
ets1,bioemu,1.4437
ets1,bioemu,1.8107
ets1,bioemu,1.5505
ets1,bioemu,1.5005
ets1,bioemu,1.882
ets1,bioemu,2.3341
ets1,bioemu,1.8229
ets1,bioemu,1.5102
ets1,bioemu,1.7156
ets1,bioemu,1.5628
ets1,bioemu,1.9831
ets1,bioemu,1.7242
ets1,bioemu,1.6409
ets1,bioemu,1.6735
ets1,bioemu,1.6816
ets1,bioemu,2.2099
ets1,bioemu,1.9638
ets1,bioemu,1.5532
ets1,bioemu,1.7402
ets1,bioemu,1.5768
ets1,bioemu,1.7937
ets1,bioemu,1.5604
ets1,bioemu,2.1372
ets1,bioemu,1.689
ets1,bioemu,1.5118
ets1,bioemu,2.7784
ets1,bioemu,1.2869
ets1,bioemu,1.233
ets1,bioemu,2.1873
ets1,bioemu,1.4906
ets1,bioemu,1.889
ets1,bioemu,1.806
ets1,bioemu,1.8103
ets1,bioemu,1.3047
ets1,bioemu,1.7323
ets1,bioemu,1.9535
ets1,bioemu,1.9194
ets1,bioemu,1.8154
ets1,bioemu,2.0107
ets1,bioemu,1.5387
ets1,bioemu,1.6482
ets1,bioemu,1.5834
ets1,bioemu,1.8512
ets1,bioemu,1.5465
ets1,bioemu,1.7517
ets1,bioemu,1.6963
ets1,bioemu,1.6066
ets1,bioemu,1.3911
ets1,bioemu,1.5732
ets1,bioemu,1.7817
ets1,bioemu,2.5898
ets1,bioemu,2.9969
ets1,bioemu,2.1489
ets1,bioemu,2.6836
ets1,bioemu,2.5721
ets1,bioemu,1.8263
ets1,bioemu,2.7816
ets1,bioemu,2.4372
ets1,bioemu,2.5225
ets1,bioemu,2.4884
ets1,bioemu,2.4345
ets1,bioemu,2.1309
ets1,bioemu,2.5601
ets1,bioemu,2.7943
ets1,bioemu,2.3139
ets1,bioemu,1.9273
ets1,bioemu,2.651
ets1,bioemu,2.6939
ets1,bioemu,2.3448
ets1,bioemu,2.4002
ets1,bioemu,2.6732
ets1,bioemu,2.2025
ets1,bioemu,2.7294
ets1,bioemu,2.4036
ets1,bioemu,2.6333
ets1,bioemu,3.026
ets1,bioemu,2.5525
ets1,bioemu,2.7782
ets1,bioemu,2.5559
ets1,bioemu,2.6828
ets1,bioemu,2.6091
ets1,bioemu,2.3943
ets1,bioemu,2.2573
ets1,bioemu,2.5757
ets1,bioemu,2.1635
ets1,bioemu,2.4193
ets1,bioemu,3.3312
ets1,bioemu,2.7006
ets1,bioemu,2.6303
ets1,bioemu,2.4042
ets1,bioemu,2.6684
ets1,bioemu,2.1229
ets1,bioemu,2.5202
ets1,bioemu,2.6914
ets1,bioemu,2.6036
ets1,bioemu,2.25
ets1,bioemu,2.5149
ets1,bioemu,2.5097
ets1,bioemu,3.1461
ets1,bioemu,2.9516
ets1,bioemu,2.4724
ets1,bioemu,3.2068
ets1,bioemu,2.2075
ets1,bioemu,2.2512
ets1,bioemu,2.5571
ets1,bioemu,2.5909
ets1,bioemu,2.1167
ets1,bioemu,2.6154
ets1,bioemu,2.23
ets1,bioemu,2.6635
ets1,bioemu,2.5019
ets1,bioemu,1.5275
ets1,bioemu,1.5811
ets1,bioemu,1.9728
ets1,bioemu,1.8627
ets1,bioemu,1.7302
ets1,bioemu,1.587
ets1,bioemu,1.3539
ets1,bioemu,1.4542
ets1,bioemu,1.5767
ets1,bioemu,1.3958
ets1,bioemu,1.905
ets1,bioemu,1.5357
ets1,bioemu,1.6965
ets1,bioemu,1.6651
ets1,bioemu,2.0736
ets1,bioemu,1.8951
ets1,bioemu,1.4754
ets1,bioemu,1.6006
ets1,bioemu,1.3717
ets1,bioemu,1.4793
ets1,bioemu,1.3095
ets1,bioemu,1.4355
ets1,bioemu,1.5691
ets1,bioemu,1.58
ets1,bioemu,1.5522
ets1,bioemu,1.5855
ets1,bioemu,2.0204
ets1,bioemu,1.321
ets1,bioemu,1.9327
ets1,bioemu,1.5465
ets1,bioemu,1.6539
ets1,bioemu,1.7731
ets1,bioemu,1.5594
ets1,bioemu,1.683
ets1,bioemu,1.3602
ets1,bioemu,1.9819
ets1,bioemu,1.6408
ets1,bioemu,1.7364
ets1,bioemu,1.9563
ets1,bioemu,1.2802
ets1,bioemu,1.6022
ets1,bioemu,1.8357
ets1,bioemu,1.424
ets1,bioemu,1.4662
ets1,bioemu,1.9689
ets1,bioemu,1.6834
ets1,bioemu,1.2486
ets1,bioemu,1.6705
ets1,bioemu,1.9052
ets1,bioemu,1.5057
ets1,bioemu,1.7608
ets1,bioemu,1.4876
ets1,bioemu,1.2593
ets1,bioemu,1.3727
ets1,bioemu,1.3364
ets1,bioemu,1.6396
ets1,bioemu,1.6187
ets1,bioemu,1.5603
ets1,bioemu,1.4796
ets1,bioemu,1.4511
ets1,bioemu,1.661
ets1,bioemu,1.898
ets1,bioemu,1.7597
ets1,bioemu,1.9053
ets1,bioemu,1.8137
ets1,bioemu,1.5896
ets1,bioemu,1.3791
ets1,bioemu,1.6253
ets1,bioemu,1.5088
ets1,bioemu,1.7445
ets1,bioemu,1.5829
ets1,bioemu,1.2568
ets1,bioemu,1.6056
ets1,bioemu,2.0181
ets1,bioemu,2.1474
ets1,bioemu,1.6642
ets1,bioemu,1.6708
ets1,bioemu,1.6991
ets1,bioemu,1.4405
ets1,bioemu,1.8288
ets1,bioemu,1.3209
ets1,bioemu,1.6449
ets1,bioemu,1.5243
ets1,bioemu,1.2257
ets1,bioemu,1.784
ets1,bioemu,1.9684
ets1,bioemu,1.3981
ets1,bioemu,1.8671
ets1,bioemu,1.4494
ets1,bioemu,1.6657
ets1,bioemu,1.6528
ets1,bioemu,1.5914
ets1,bioemu,1.7833
ets1,bioemu,1.3804
ets1,bioemu,2.2703
ets1,bioemu,1.2392
ets1,bioemu,1.2649
ets1,bioemu,2.002
ets1,bioemu,1.0981
ets1,bioemu,1.8073
ets1,bioemu,1.8659
ets1,bioemu,1.436
ets1,bioemu,1.3102
ets1,bioemu,1.906
ets1,bioemu,1.7707
ets1,bioemu,1.6274
ets1,bioemu,1.4545
ets1,bioemu,1.7743
ets1,bioemu,1.3445
ets1,bioemu,1.499
ets1,bioemu,1.5578
ets1,bioemu,1.6544
ets1,bioemu,1.3314
ets1,bioemu,1.6453
ets1,bioemu,1.8679
ets1,bioemu,1.5047
ets1,bioemu,1.5433
ets1,bioemu,1.3906
ets1,bioemu,1.3558
ets1,bioemu,1.5553
ets1,bioemu,1.3918
ets1,bioemu,1.2878
ets1,bioemu,1.9666
ets1,bioemu,1.8207
ets1,bioemu,1.1985
ets1,bioemu,1.4546
ets1,bioemu,1.254
ets1,bioemu,1.52
ets1,bioemu,1.4956
ets1,bioemu,1.5863
ets1,bioemu,1.0829
ets1,bioemu,1.5441
ets1,bioemu,1.6941
ets1,bioemu,1.3838
ets1,bioemu,1.2596
ets1,bioemu,1.6841
ets1,bioemu,1.7552
ets1,bioemu,1.6875
ets1,bioemu,1.4511
ets1,bioemu,1.5196
ets1,bioemu,1.323
ets1,bioemu,1.5168
ets1,bioemu,1.4916
ets1,bioemu,2.143
ets1,bioemu,1.6073
ets1,bioemu,1.7919
ets1,bioemu,1.3629
ets1,bioemu,1.2476
ets1,bioemu,1.3608
ets1,bioemu,1.4049
ets1,bioemu,1.1495
ets1,bioemu,1.1844
ets1,bioemu,2.4903
ets1,bioemu,1.3381
ets1,bioemu,1.5741
ets1,bioemu,1.7042
ets1,bioemu,1.2107
ets1,bioemu,1.2217
ets1,bioemu,1.4687
ets1,bioemu,1.4854
ets1,bioemu,1.2782
ets1,bioemu,1.4292
ets1,bioemu,1.517
ets1,bioemu,1.2733
ets1,bioemu,1.7766
ets1,bioemu,1.4229
ets1,bioemu,1.0837
ets1,bioemu,1.7831
ets1,bioemu,1.183
ets1,bioemu,1.4868
ets1,bioemu,1.3071
ets1,bioemu,1.7595
ets1,bioemu,1.1875
ets1,bioemu,1.3297
ets1,bioemu,1.292
ets1,bioemu,1.3711
ets1,bioemu,1.3891
ets1,bioemu,1.9755
ets1,bioemu,1.8916
ets1,bioemu,1.9819
ets1,bioemu,2.0282
ets1,bioemu,1.9263
ets1,bioemu,1.9745
ets1,bioemu,1.5884
ets1,bioemu,1.9561
ets1,bioemu,1.9295
ets1,bioemu,1.8041
ets1,bioemu,1.6182
ets1,bioemu,2.0863
ets1,bioemu,2.3638
ets1,bioemu,1.7422
ets1,bioemu,1.8163
ets1,bioemu,1.9751
ets1,bioemu,2.0256
ets1,bioemu,2.2867
ets1,bioemu,1.7241
ets1,bioemu,2.0168
ets1,bioemu,1.6408
ets1,bioemu,1.5476
ets1,bioemu,1.8224
ets1,bioemu,2.3465
ets1,bioemu,1.8217
ets1,bioemu,2.2221
ets1,bioemu,1.6673
ets1,bioemu,1.7293
ets1,bioemu,1.8188
ets1,bioemu,1.8701
ets1,bioemu,1.8772
ets1,bioemu,1.671
ets1,bioemu,2.669
ets1,bioemu,1.8266
ets1,bioemu,1.6825
ets1,bioemu,1.92
ets1,bioemu,1.5167
ets1,bioemu,1.6997
ets1,bioemu,1.9489
ets1,bioemu,1.6063
ets1,bioemu,1.5432
ets1,bioemu,2.0177
ets1,bioemu,1.8926
ets1,bioemu,2.0444
ets1,bioemu,1.9371
ets1,bioemu,1.8431
ets1,bioemu,1.6064
ets1,bioemu,1.6384
ets1,bioemu,1.8275
ets1,bioemu,2.1537
ets1,bioemu,1.6775
ets1,bioemu,1.8245
ets1,bioemu,1.7915
ets1,bioemu,1.5533
ets1,bioemu,1.821
ets1,bioemu,1.7169
ets1,bioemu,1.7762
ets1,bioemu,1.6171
ets1,bioemu,1.8195
ets1,bioemu,1.9997
ets1,bioemu,1.2947
ets1,bioemu,1.4539
ets1,bioemu,1.7173
ets1,bioemu,1.7067
ets1,bioemu,1.4554
ets1,bioemu,1.6641
ets1,bioemu,1.3918
ets1,bioemu,2.0342
ets1,bioemu,1.5144
ets1,bioemu,1.6739
ets1,bioemu,1.5999
ets1,bioemu,1.6289
ets1,bioemu,2.0406
ets1,bioemu,1.9104
ets1,bioemu,1.5122
ets1,bioemu,1.6825
ets1,bioemu,1.4356
ets1,bioemu,1.6574
ets1,bioemu,1.4999
ets1,bioemu,2.0933
ets1,bioemu,1.8023
ets1,bioemu,1.8078
ets1,bioemu,1.3777
ets1,bioemu,1.5963
ets1,bioemu,1.3433
ets1,bioemu,1.5358
ets1,bioemu,1.3288
ets1,bioemu,1.4637
ets1,bioemu,2.409
ets1,bioemu,1.505
ets1,bioemu,1.6663
ets1,bioemu,2.0772
ets1,bioemu,1.3556
ets1,bioemu,1.7655
ets1,bioemu,1.4789
ets1,bioemu,1.5108
ets1,bioemu,1.5641
ets1,bioemu,1.5178
ets1,bioemu,1.5199
ets1,bioemu,1.6597
ets1,bioemu,1.7491
ets1,bioemu,1.6543
ets1,bioemu,1.3165
ets1,bioemu,1.9095
ets1,bioemu,1.3741
ets1,bioemu,1.7119
ets1,bioemu,1.4807
ets1,bioemu,1.7411
ets1,bioemu,1.8143
ets1,bioemu,1.5346
ets1,bioemu,1.5889
ets1,bioemu,1.1929
ets1,bioemu,1.6228
ets1,bioemu,1.9226
ets1,bioemu,1.4531
ets1,bioemu,1.3505
ets1,bioemu,1.2964
ets1,bioemu,1.4509
ets1,bioemu,1.3943
ets1,bioemu,1.5014
ets1,bioemu,1.8069
ets1,bioemu,1.349
ets1,bioemu,1.6345
ets1,bioemu,1.8467
ets1,bioemu,1.5863
ets1,bioemu,1.3112
ets1,bioemu,1.2546
ets1,bioemu,1.565
ets1,bioemu,1.457
ets1,bioemu,1.5734
ets1,bioemu,1.3796
ets1,bioemu,1.5644
ets1,bioemu,1.9922
ets1,bioemu,1.5741
ets1,bioemu,1.9755
ets1,bioemu,1.4425
ets1,bioemu,1.8308
ets1,bioemu,1.4333
ets1,bioemu,1.5683
ets1,bioemu,1.2851
ets1,bioemu,1.6013
ets1,bioemu,1.1387
ets1,bioemu,1.3031
ets1,bioemu,2.4962
ets1,bioemu,1.6137
ets1,bioemu,1.6443
ets1,bioemu,1.7596
ets1,bioemu,1.5213
ets1,bioemu,1.6345
ets1,bioemu,1.5522
ets1,bioemu,1.5757
ets1,bioemu,1.4264
ets1,bioemu,1.3441
ets1,bioemu,1.6385
ets1,bioemu,1.5242
ets1,bioemu,2.0267
ets1,bioemu,2.0561
ets1,bioemu,1.4297
ets1,bioemu,2.066
ets1,bioemu,1.213
ets1,bioemu,1.3989
ets1,bioemu,1.2974
ets1,bioemu,1.6138
ets1,bioemu,1.4945
ets1,bioemu,1.6163
ets1,bioemu,1.1428
ets1,bioemu,1.4631
ets1,bioemu,1.4289
ets1,bioemu,1.5737
ets1,bioemu,1.7725
ets1,bioemu,1.6816
ets1,bioemu,1.8379
ets1,bioemu,2.1826
ets1,bioemu,1.9551
ets1,bioemu,1.8576
ets1,bioemu,1.8968
ets1,bioemu,2.4
ets1,bioemu,2.2225
ets1,bioemu,1.7435
ets1,bioemu,2.0259
ets1,bioemu,1.3465
ets1,bioemu,1.6898
ets1,bioemu,1.7819
ets1,bioemu,1.5689
ets1,bioemu,1.9649
ets1,bioemu,1.6986
ets1,bioemu,1.7979
ets1,bioemu,1.527
ets1,bioemu,2.0799
ets1,bioemu,1.6223
ets1,bioemu,2.4136
ets1,bioemu,1.8378
ets1,bioemu,1.8994
ets1,bioemu,1.8842
ets1,bioemu,1.8392
ets1,bioemu,2.0535
ets1,bioemu,1.6939
ets1,bioemu,1.8718
ets1,bioemu,2.0017
ets1,bioemu,1.9486
ets1,bioemu,1.9067
ets1,bioemu,1.5107
ets1,bioemu,2.0499
ets1,bioemu,2.1464
ets1,bioemu,1.392
ets1,bioemu,1.8011
ets1,bioemu,2.2083
ets1,bioemu,1.9451
ets1,bioemu,1.9676
ets1,bioemu,2.019
ets1,bioemu,2.1519
ets1,bioemu,1.6856
ets1,bioemu,1.9386
ets1,bioemu,1.8295
ets1,bioemu,1.7792
ets1,bioemu,1.6039
ets1,bioemu,1.2602
ets1,bioemu,1.989
ets1,bioemu,1.8638
ets1,bioemu,1.9499
ets1,bioemu,1.4058
ets1,bioemu,1.6772
ets1,bioemu,1.5739
ets1,bioemu,1.3011
ets1,bioemu,1.4338
ets1,bioemu,1.7836
ets1,bioemu,1.5955
ets1,bioemu,1.8089
ets1,bioemu,1.6735
ets1,bioemu,1.9952
ets1,bioemu,2.2504
ets1,bioemu,1.6391
ets1,bioemu,1.4896
ets1,bioemu,1.1226
ets1,bioemu,1.1535
ets1,bioemu,1.2637
ets1,bioemu,1.5503
ets1,bioemu,1.4186
ets1,bioemu,1.77
ets1,bioemu,1.8957
ets1,bioemu,1.7708
ets1,bioemu,1.6267
ets1,bioemu,1.2185
ets1,bioemu,2.0839
ets1,bioemu,1.5716
ets1,bioemu,1.7678
ets1,bioemu,1.6496
ets1,bioemu,1.7659
ets1,bioemu,1.7135
ets1,bioemu,1.3504
ets1,bioemu,1.9938
ets1,bioemu,1.7358
ets1,bioemu,1.5657
ets1,bioemu,1.9722
ets1,bioemu,1.5374
ets1,bioemu,1.8426
ets1,bioemu,1.8646
ets1,bioemu,1.4304
ets1,bioemu,1.5131
ets1,bioemu,1.8184
ets1,bioemu,1.7373
ets1,bioemu,1.6241
ets1,bioemu,1.7661
ets1,bioemu,2.1099
ets1,bioemu,1.6054
ets1,bioemu,1.8935
ets1,bioemu,1.5206
ets1,bioemu,1.4669
ets1,bioemu,1.4259
ets1,bioemu,1.1777
ets1,bioemu,1.7415
ets1,bioemu,1.6799
ets1,bioemu,1.4353
ets1,bioemu,1.5116
ets1,bioemu,1.5299
ets1,bioemu,1.1251
ets1,bioemu,1.2832
ets1,bioemu,1.4131
ets1,bioemu,1.3915
ets1,bioemu,1.5622
ets1,bioemu,1.273
ets1,bioemu,1.8379
ets1,bioemu,1.4894
ets1,bioemu,1.3372
ets1,bioemu,1.3234
ets1,bioemu,1.3655
ets1,bioemu,1.3886
ets1,bioemu,1.4732
ets1,bioemu,1.2937
ets1,bioemu,1.3354
ets1,bioemu,1.2315
ets1,bioemu,1.4866
ets1,bioemu,1.5049
ets1,bioemu,2.0134
ets1,bioemu,1.4771
ets1,bioemu,1.6491
ets1,bioemu,1.4512
ets1,bioemu,1.4802
ets1,bioemu,1.3617
ets1,bioemu,1.5973
ets1,bioemu,1.2663
ets1,bioemu,1.1184
ets1,bioemu,2.359
ets1,bioemu,1.2691
ets1,bioemu,1.4182
ets1,bioemu,2.0277
ets1,bioemu,1.1745
ets1,bioemu,1.6151
ets1,bioemu,1.4505
ets1,bioemu,1.3527
ets1,bioemu,1.1927
ets1,bioemu,1.3809
ets1,bioemu,1.6058
ets1,bioemu,1.1833
ets1,bioemu,1.6154
ets1,bioemu,1.5827
ets1,bioemu,1.2912
ets1,bioemu,1.6913
ets1,bioemu,1.0893
ets1,bioemu,1.18
ets1,bioemu,1.091
ets1,bioemu,1.5409
ets1,bioemu,1.3594
ets1,bioemu,1.3237
ets1,bioemu,1.1412
ets1,bioemu,1.121
ets1,bioemu,1.4376
ets1,bioemu,1.3938
ets1,bioemu,1.5766
ets1,bioemu,1.4936
ets1,bioemu,1.6746
ets1,bioemu,1.4955
ets1,bioemu,1.9418
ets1,bioemu,1.8622
ets1,bioemu,1.6665
ets1,bioemu,1.2612
ets1,bioemu,1.2635
ets1,bioemu,1.4144
ets1,bioemu,1.52
ets1,bioemu,1.4604
ets1,bioemu,1.2698
ets1,bioemu,1.4744
ets1,bioemu,1.769
ets1,bioemu,1.7151
ets1,bioemu,1.6715
ets1,bioemu,1.3667
ets1,bioemu,1.7568
ets1,bioemu,1.4249
ets1,bioemu,1.5325
ets1,bioemu,1.4221
ets1,bioemu,1.6877
ets1,bioemu,1.3619
ets1,bioemu,1.2173
ets1,bioemu,2.3389
ets1,bioemu,1.4835
ets1,bioemu,1.4268
ets1,bioemu,1.9554
ets1,bioemu,1.2594
ets1,bioemu,1.78
ets1,bioemu,1.4124
ets1,bioemu,1.4784
ets1,bioemu,1.2644
ets1,bioemu,1.5458
ets1,bioemu,1.6165
ets1,bioemu,1.4916
ets1,bioemu,1.6246
ets1,bioemu,1.9494
ets1,bioemu,1.3917
ets1,bioemu,1.7847
ets1,bioemu,1.1558
ets1,bioemu,1.398
ets1,bioemu,1.3184
ets1,bioemu,1.4412
ets1,bioemu,1.4938
ets1,bioemu,1.4276
ets1,bioemu,1.326
ets1,bioemu,1.1553
ets1,bioemu,1.4581
ets1,bioemu,1.5683
ets1,bioemu,1.776
ets1,bioemu,1.728
ets1,bioemu,1.1831
ets1,bioemu,1.8018
ets1,bioemu,1.886
ets1,bioemu,1.07
ets1,bioemu,1.3599
ets1,bioemu,1.5147
ets1,bioemu,1.4054
ets1,bioemu,1.6211
ets1,bioemu,1.5061
ets1,bioemu,1.6856
ets1,bioemu,1.2301
ets1,bioemu,1.3663
ets1,bioemu,1.6398
ets1,bioemu,2.1513
ets1,bioemu,1.5232
ets1,bioemu,1.9026
ets1,bioemu,1.495
ets1,bioemu,1.4921
ets1,bioemu,1.6191
ets1,bioemu,1.7189
ets1,bioemu,1.3923
ets1,bioemu,1.1573
ets1,bioemu,2.3817
ets1,bioemu,1.5288
ets1,bioemu,1.5186
ets1,bioemu,1.8791
ets1,bioemu,1.1207
ets1,bioemu,1.505
ets1,bioemu,1.717
ets1,bioemu,1.4294
ets1,bioemu,1.2032
ets1,bioemu,1.6405
ets1,bioemu,1.787
ets1,bioemu,1.3781
ets1,bioemu,1.8258
ets1,bioemu,1.7466
ets1,bioemu,1.2009
ets1,bioemu,1.5704
ets1,bioemu,1.4178
ets1,bioemu,1.5367
ets1,bioemu,1.2552
ets1,bioemu,1.5679
ets1,bioemu,1.271
ets1,bioemu,1.4541
ets1,bioemu,1.2744
ets1,bioemu,1.3144
ets1,bioemu,1.5645
ets1,bioemu,1.7958
ets1,bioemu,1.7692
ets1,bioemu,1.4051
ets1,bioemu,1.6356
ets1,bioemu,1.779
ets1,bioemu,1.7819
ets1,bioemu,1.4571
ets1,bioemu,1.6422
ets1,bioemu,1.7525
ets1,bioemu,1.8061
ets1,bioemu,1.8503
ets1,bioemu,1.5027
ets1,bioemu,1.4543
ets1,bioemu,1.9064
ets1,bioemu,1.8822
ets1,bioemu,2.0464
ets1,bioemu,1.7583
ets1,bioemu,1.72
ets1,bioemu,1.7152
ets1,bioemu,1.7417
ets1,bioemu,1.4717
ets1,bioemu,1.8967
ets1,bioemu,1.5097
ets1,bioemu,1.568
ets1,bioemu,2.8671
ets1,bioemu,1.5954
ets1,bioemu,1.5184
ets1,bioemu,2.2369
ets1,bioemu,1.6258
ets1,bioemu,1.8623
ets1,bioemu,1.5094
ets1,bioemu,1.8604
ets1,bioemu,1.5394
ets1,bioemu,1.5265
ets1,bioemu,1.8437
ets1,bioemu,1.9043
ets1,bioemu,2.0628
ets1,bioemu,2.0225
ets1,bioemu,1.6796
ets1,bioemu,2.0669
ets1,bioemu,1.2871
ets1,bioemu,1.6056
ets1,bioemu,1.4923
ets1,bioemu,1.8142
ets1,bioemu,1.4952
ets1,bioemu,1.6952
ets1,bioemu,1.0867
ets1,bioemu,1.6233
ets1,bioemu,1.8192
ets1,bioemu,1.4866
ets1,bioemu,1.4515
ets1,bioemu,1.9495
ets1,bioemu,1.9215
ets1,bioemu,1.7965
ets1,bioemu,1.3813
ets1,bioemu,1.4798
ets1,bioemu,1.6738
ets1,bioemu,1.5667
ets1,bioemu,1.512
ets1,bioemu,1.1291
ets1,bioemu,1.6961
ets1,bioemu,1.6018
ets1,bioemu,1.6989
ets1,bioemu,1.6857
ets1,bioemu,1.2232
ets1,bioemu,1.5188
ets1,bioemu,1.1569
ets1,bioemu,1.6527
ets1,bioemu,1.135
ets1,bioemu,1.4295
ets1,bioemu,1.431
ets1,bioemu,1.4092
ets1,bioemu,2.3972
ets1,bioemu,1.3325
ets1,bioemu,1.2902
ets1,bioemu,2.0316
ets1,bioemu,1.408
ets1,bioemu,1.6701
ets1,bioemu,1.4813
ets1,bioemu,1.503
ets1,bioemu,1.5049
ets1,bioemu,1.4879
ets1,bioemu,1.273
ets1,bioemu,1.3955
ets1,bioemu,1.2141
ets1,bioemu,1.6382
ets1,bioemu,1.4765
ets1,bioemu,1.9457
ets1,bioemu,1.2674
ets1,bioemu,1.4527
ets1,bioemu,1.3303
ets1,bioemu,1.5124
ets1,bioemu,1.9292
ets1,bioemu,1.2486
ets1,bioemu,1.4309
ets1,bioemu,1.4829
ets1,bioemu,1.3391
ets1,bioemu,1.566
ets1,bioemu,2.0421
ets1,bioemu,2.0836
ets1,bioemu,1.8177
ets1,bioemu,1.7272
ets1,bioemu,1.6921
ets1,bioemu,1.7003
ets1,bioemu,1.9395
ets1,bioemu,1.2673
ets1,bioemu,1.6079
ets1,bioemu,1.6141
ets1,bioemu,1.4356
ets1,bioemu,1.8537
ets1,bioemu,1.9216
ets1,bioemu,1.5086
ets1,bioemu,1.8024
ets1,bioemu,1.3554
ets1,bioemu,1.7815
ets1,bioemu,1.4715
ets1,bioemu,1.5139
ets1,bioemu,1.761
ets1,bioemu,1.3875
ets1,bioemu,2.334
ets1,bioemu,1.2794
ets1,bioemu,1.2583
ets1,bioemu,1.9632
ets1,bioemu,1.3016
ets1,bioemu,1.8191
ets1,bioemu,1.6353
ets1,bioemu,1.4875
ets1,bioemu,1.3202
ets1,bioemu,1.9075
ets1,bioemu,1.4769
ets1,bioemu,1.7725
ets1,bioemu,1.486
ets1,bioemu,1.6952
ets1,bioemu,1.44
ets1,bioemu,1.6713
ets1,bioemu,1.6195
ets1,bioemu,1.6988
ets1,bioemu,1.2692
ets1,bioemu,1.5244
ets1,bioemu,1.9847
ets1,bioemu,1.419
ets1,bioemu,1.5613
ets1,bioemu,1.4663
ets1,bioemu,1.4733
ets1,bioemu,1.7511
ets1,bioemu,1.6102
ets1,bioemu,1.185
ets1,bioemu,1.3385
ets1,bioemu,1.4593
ets1,bioemu,1.7268
ets1,bioemu,1.6244
ets1,bioemu,1.359
ets1,bioemu,1.5981
ets1,bioemu,1.2696
ets1,bioemu,1.4791
ets1,bioemu,1.5932
ets1,bioemu,2.0752
ets1,bioemu,1.637
ets1,bioemu,1.7432
ets1,bioemu,1.1757
ets1,bioemu,1.4321
ets1,bioemu,1.2073
ets1,bioemu,1.5385
ets1,bioemu,1.1655
ets1,bioemu,1.1749
ets1,bioemu,2.418
ets1,bioemu,1.325
ets1,bioemu,1.4751
ets1,bioemu,1.8193
ets1,bioemu,1.1929
ets1,bioemu,1.4277
ets1,bioemu,1.3121
ets1,bioemu,1.383
ets1,bioemu,1.2854
ets1,bioemu,1.2655
ets1,bioemu,1.4932
ets1,bioemu,1.4319
ets1,bioemu,1.6868
ets1,bioemu,1.4246
ets1,bioemu,1.058
ets1,bioemu,1.7639
ets1,bioemu,1.3548
ets1,bioemu,1.5306
ets1,bioemu,1.2299
ets1,bioemu,1.5778
ets1,bioemu,1.4019
ets1,bioemu,1.343
ets1,bioemu,1.2088
ets1,bioemu,1.2859
ets1,bioemu,1.5464
ets1,bioemu,2.3006
ets1,bioemu,2.0979
ets1,bioemu,1.731
ets1,bioemu,2.0642
ets1,bioemu,1.9441
ets1,bioemu,1.9839
ets1,bioemu,1.983
ets1,bioemu,1.6485
ets1,bioemu,2.0073
ets1,bioemu,2.0931
ets1,bioemu,2.1719
ets1,bioemu,2.2242
ets1,bioemu,1.794
ets1,bioemu,1.7949
ets1,bioemu,1.94
ets1,bioemu,1.7417
ets1,bioemu,1.6954
ets1,bioemu,1.989
ets1,bioemu,1.6015
ets1,bioemu,1.6942
ets1,bioemu,2.952
ets1,bioemu,1.8059
ets1,bioemu,1.809
ets1,bioemu,2.0813
ets1,bioemu,1.9122
ets1,bioemu,1.6252
ets1,bioemu,1.885
ets1,bioemu,2.0845
ets1,bioemu,1.8179
ets1,bioemu,1.6139
ets1,bioemu,1.8726
ets1,bioemu,1.9728
ets1,bioemu,2.2219
ets1,bioemu,2.1731
ets1,bioemu,1.7815
ets1,bioemu,2.4701
ets1,bioemu,1.4983
ets1,bioemu,1.7926
ets1,bioemu,1.9511
ets1,bioemu,2.1371
ets1,bioemu,1.5194
ets1,bioemu,2.0091
ets1,bioemu,1.6565
ets1,bioemu,1.965
ets1,bioemu,1.9846
ets1,bioemu,1.7122
ets1,bioemu,1.8811
ets1,bioemu,1.8824
ets1,bioemu,2.3456
ets1,bioemu,2.0577
ets1,bioemu,1.9313
ets1,bioemu,2.0087
ets1,bioemu,1.4259
ets1,bioemu,1.9255
ets1,bioemu,1.607
ets1,bioemu,2.5961
ets1,bioemu,2.2594
ets1,bioemu,2.0143
ets1,bioemu,1.9733
ets1,bioemu,1.9221
ets1,bioemu,1.9163
ets1,bioemu,1.8545
ets1,bioemu,1.5246
ets1,bioemu,1.8397
ets1,bioemu,2.6718
ets1,bioemu,2.0144
ets1,bioemu,2.185
ets1,bioemu,2.6392
ets1,bioemu,1.7354
ets1,bioemu,1.9999
ets1,bioemu,1.5227
ets1,bioemu,1.8682
ets1,bioemu,1.9507
ets1,bioemu,1.7073
ets1,bioemu,1.8652
ets1,bioemu,1.7176
ets1,bioemu,2.2186
ets1,bioemu,1.8688
ets1,bioemu,1.8674
ets1,bioemu,2.2962
ets1,bioemu,1.6765
ets1,bioemu,1.7616
ets1,bioemu,1.7177
ets1,bioemu,2.0329
ets1,bioemu,1.7815
ets1,bioemu,1.8514
ets1,bioemu,1.7209
ets1,bioemu,1.6191
ets1,bioemu,2.1414
ets1,bioemu,1.6114
ets1,bioemu,1.477
ets1,bioemu,1.5479
ets1,bioemu,1.6392
ets1,bioemu,1.2776
ets1,bioemu,1.855
ets1,bioemu,1.3235
ets1,bioemu,1.4522
ets1,bioemu,1.3925
ets1,bioemu,2.4243
ets1,bioemu,1.6937
ets1,bioemu,2.1787
ets1,bioemu,1.562
ets1,bioemu,1.6023
ets1,bioemu,1.755
ets1,bioemu,1.6783
ets1,bioemu,1.4801
ets1,bioemu,1.2448
ets1,bioemu,2.1403
ets1,bioemu,1.597
ets1,bioemu,1.8123
ets1,bioemu,2.0072
ets1,bioemu,1.2295
ets1,bioemu,1.7003
ets1,bioemu,1.7606
ets1,bioemu,1.2377
ets1,bioemu,1.4742
ets1,bioemu,1.7272
ets1,bioemu,1.8856
ets1,bioemu,1.4067
ets1,bioemu,1.8929
ets1,bioemu,1.7285
ets1,bioemu,1.3052
ets1,bioemu,1.5068
ets1,bioemu,1.6096
ets1,bioemu,1.5383
ets1,bioemu,1.1631
ets1,bioemu,1.5545
ets1,bioemu,1.5476
ets1,bioemu,1.6579
ets1,bioemu,1.4649
ets1,bioemu,1.2153
ets1,bioemu,1.6506
ets1,bioemu,1.4565
ets1,bioemu,1.4735
ets1,bioemu,1.6334
ets1,bioemu,1.6282
ets1,bioemu,1.1263
ets1,bioemu,1.4481
ets1,bioemu,1.6765
ets1,bioemu,1.7447
ets1,bioemu,1.8503
ets1,bioemu,1.4004
ets1,bioemu,1.6134
ets1,bioemu,1.4501
ets1,bioemu,1.4651
ets1,bioemu,1.3467
ets1,bioemu,1.5579
ets1,bioemu,1.3404
ets1,bioemu,1.2614
ets1,bioemu,2.5264
ets1,bioemu,1.2666
ets1,bioemu,1.434
ets1,bioemu,2.0258
ets1,bioemu,1.3529
ets1,bioemu,1.5997
ets1,bioemu,1.4097
ets1,bioemu,1.5836
ets1,bioemu,1.3087
ets1,bioemu,1.4031
ets1,bioemu,1.4776
ets1,bioemu,1.3907
ets1,bioemu,1.6779
ets1,bioemu,1.7269
ets1,bioemu,1.4008
ets1,bioemu,1.7921
ets1,bioemu,1.1686
ets1,bioemu,1.4629
ets1,bioemu,1.3298
ets1,bioemu,1.4803
ets1,bioemu,1.4899
ets1,bioemu,1.324
ets1,bioemu,1.1925
ets1,bioemu,1.4272
ets1,bioemu,1.4774
ets1,bioemu,1.304
ets1,bioemu,1.3141
ets1,bioemu,1.3917
ets1,bioemu,1.4329
ets1,bioemu,1.4627
ets1,bioemu,1.8149
ets1,bioemu,1.5086
ets1,bioemu,1.7224
ets1,bioemu,1.2453
ets1,bioemu,1.9698
ets1,bioemu,1.4206
ets1,bioemu,1.7748
ets1,bioemu,1.4183
ets1,bioemu,1.685
ets1,bioemu,1.5332
ets1,bioemu,1.3548
ets1,bioemu,2.0626
ets1,bioemu,1.5842
ets1,bioemu,1.5317
ets1,bioemu,1.9771
ets1,bioemu,1.4262
ets1,bioemu,1.9395
ets1,bioemu,1.6457
ets1,bioemu,1.2803
ets1,bioemu,1.4555
ets1,bioemu,1.6402
ets1,bioemu,1.656
ets1,bioemu,1.6112
ets1,bioemu,1.765
ets1,bioemu,1.963
ets1,bioemu,1.5931
ets1,bioemu,1.8102
ets1,bioemu,1.4293
ets1,bioemu,1.3858
ets1,bioemu,1.2291
ets1,bioemu,0.9403
ets1,bioemu,1.7708
ets1,bioemu,1.5379
ets1,bioemu,1.3387
ets1,bioemu,1.2096
ets1,bioemu,1.5104
ets1,bioemu,1.4147
ets1,bioemu,1.5098
ets1,bioemu,1.3839
ets1,bioemu,1.6942
ets1,bioemu,1.6675
ets1,bioemu,1.9219
ets1,bioemu,1.9111
ets1,bioemu,1.109
ets1,bioemu,1.9738
ets1,bioemu,1.7318
ets1,bioemu,1.8921
ets1,bioemu,1.7236
ets1,bioemu,1.9379
ets1,bioemu,1.8278
ets1,bioemu,1.3401
ets1,bioemu,2.3736
ets1,bioemu,1.4826
ets1,bioemu,1.3762
ets1,bioemu,2.0956
ets1,bioemu,1.4462
ets1,bioemu,1.9517
ets1,bioemu,1.9299
ets1,bioemu,1.5966
ets1,bioemu,1.4375
ets1,bioemu,1.8837
ets1,bioemu,1.9138
ets1,bioemu,1.6382
ets1,bioemu,1.7667
ets1,bioemu,2.1377
ets1,bioemu,1.6527
ets1,bioemu,1.7105
ets1,bioemu,1.5244
ets1,bioemu,1.4155
ets1,bioemu,1.2937
ets1,bioemu,1.3396
ets1,bioemu,1.7625
ets1,bioemu,1.6467
ets1,bioemu,1.4083
ets1,bioemu,1.5297
ets1,bioemu,1.551
ets1,bioemu,1.6044
ets1,bioemu,1.4051
ets1,bioemu,1.9261
ets1,bioemu,2.1079
ets1,bioemu,1.7511
ets1,bioemu,1.9946
ets1,bioemu,1.4044
ets1,bioemu,2.2131
ets1,bioemu,1.7173
ets1,bioemu,1.8144
ets1,bioemu,1.5541
ets1,bioemu,1.7273
ets1,bioemu,1.7135
ets1,bioemu,1.3962
ets1,bioemu,2.061
ets1,bioemu,1.6971
ets1,bioemu,1.7941
ets1,bioemu,1.9057
ets1,bioemu,1.6876
ets1,bioemu,1.6729
ets1,bioemu,1.8695
ets1,bioemu,1.6104
ets1,bioemu,1.7481
ets1,bioemu,1.8289
ets1,bioemu,1.7818
ets1,bioemu,1.3851
ets1,bioemu,1.9448
ets1,bioemu,2.1311
ets1,bioemu,1.6917
ets1,bioemu,2.1947
ets1,bioemu,1.5524
ets1,bioemu,1.1132
ets1,bioemu,1.4626
ets1,bioemu,1.4286
ets1,bioemu,1.7051
ets1,bioemu,1.8148
ets1,bioemu,1.5284
ets1,bioemu,1.6947
ets1,bioemu,1.6059
ets1,bioemu,1.5986
ets1,bioemu,1.5254
ets1,bioemu,1.462
ets1,bioemu,1.5093
ets1,bioemu,2.0128
ets1,bioemu,1.437
ets1,bioemu,2.0478
ets1,bioemu,1.2483
ets1,bioemu,1.468
ets1,bioemu,1.4839
ets1,bioemu,1.4069
ets1,bioemu,1.4918
ets1,bioemu,1.0551
ets1,bioemu,1.8705
ets1,bioemu,1.2726
ets1,bioemu,1.4898
ets1,bioemu,1.695
ets1,bioemu,1.1269
ets1,bioemu,1.6048
ets1,bioemu,1.6704
ets1,bioemu,1.0413
ets1,bioemu,1.2048
ets1,bioemu,1.7364
ets1,bioemu,1.5656
ets1,bioemu,1.4347
ets1,bioemu,1.4193
ets1,bioemu,1.6604
ets1,bioemu,1.1466
ets1,bioemu,1.4903
ets1,bioemu,1.5108
ets1,bioemu,1.4897
ets1,bioemu,1.1467
ets1,bioemu,1.4032
ets1,bioemu,1.7193
ets1,bioemu,1.5281
ets1,bioemu,1.5291
ets1,bioemu,1.0569
ets1,bioemu,1.3246
ets1,bioemu,1.7344
ets1,bioemu,1.836
ets1,bioemu,1.8587
ets1,bioemu,1.578
ets1,bioemu,1.1293
ets1,bioemu,1.551
ets1,bioemu,1.4501
ets1,bioemu,1.5983
ets1,bioemu,1.2153
ets1,bioemu,1.629
ets1,bioemu,1.5029
ets1,bioemu,1.2285
ets1,bioemu,2.4412
ets1,bioemu,1.3429
ets1,bioemu,1.2599
ets1,bioemu,2.0857
ets1,bioemu,1.5655
ets1,bioemu,1.6978
ets1,bioemu,1.4226
ets1,bioemu,1.6282
ets1,bioemu,1.4416
ets1,bioemu,1.3815
ets1,bioemu,1.3323
ets1,bioemu,1.4905
ets1,bioemu,1.4592
ets1,bioemu,1.8398
ets1,bioemu,1.6528
ets1,bioemu,2.0415
ets1,bioemu,1.0265
ets1,bioemu,1.2852
ets1,bioemu,1.4044
ets1,bioemu,1.4483
ets1,bioemu,1.613
ets1,bioemu,1.4409
ets1,bioemu,1.2108
ets1,bioemu,1.4668
ets1,bioemu,1.5321
ets1,bioemu,1.2003
ets1,bioemu,1.396
ets1,bioemu,2.1811
ets1,bioemu,1.7014
ets1,bioemu,1.7665
ets1,bioemu,1.5104
ets1,bioemu,1.6178
ets1,bioemu,1.5931
ets1,bioemu,1.5636
ets1,bioemu,1.3878
ets1,bioemu,1.4147
ets1,bioemu,2.5597
ets1,bioemu,1.5511
ets1,bioemu,1.4891
ets1,bioemu,2.1733
ets1,bioemu,1.0219
ets1,bioemu,1.7418
ets1,bioemu,1.4886
ets1,bioemu,1.4513
ets1,bioemu,1.2849
ets1,bioemu,1.5617
ets1,bioemu,1.7286
ets1,bioemu,1.6026
ets1,bioemu,1.8076
ets1,bioemu,1.6136
ets1,bioemu,1.4279
ets1,bioemu,1.591
ets1,bioemu,1.3504
ets1,bioemu,1.7002
ets1,bioemu,1.2874
ets1,bioemu,1.5718
ets1,bioemu,1.447
ets1,bioemu,1.3923
ets1,bioemu,1.3172
ets1,bioemu,1.184
ets1,bioemu,1.6183
ets1,bioemu,1.676
ets1,bioemu,2.2313
ets1,bioemu,1.5665
ets1,bioemu,1.802
ets1,bioemu,1.548
ets1,bioemu,1.6773
ets1,bioemu,1.73
ets1,bioemu,1.6544
ets1,bioemu,1.7388
ets1,bioemu,1.4942
ets1,bioemu,2.4877
ets1,bioemu,1.4479
ets1,bioemu,1.3629
ets1,bioemu,2.1875
ets1,bioemu,1.0291
ets1,bioemu,1.7908
ets1,bioemu,1.7278
ets1,bioemu,1.4021
ets1,bioemu,1.3528
ets1,bioemu,1.8496
ets1,bioemu,1.7274
ets1,bioemu,1.633
ets1,bioemu,1.4314
ets1,bioemu,1.487
ets1,bioemu,1.3616
ets1,bioemu,1.4542
ets1,bioemu,1.6044
ets1,bioemu,1.8218
ets1,bioemu,1.3228
ets1,bioemu,1.7268
ets1,bioemu,1.7808
ets1,bioemu,1.3129
ets1,bioemu,1.715
ets1,bioemu,1.3277
ets1,bioemu,1.6251
ets1,bioemu,2.3858
ets1,bioemu,1.7867
ets1,bioemu,2.187
ets1,bioemu,1.6323
ets1,bioemu,1.5294
ets1,bioemu,1.6735
ets1,bioemu,1.3189
ets1,bioemu,1.5339
ets1,bioemu,1.4792
ets1,bioemu,1.9956
ets1,bioemu,1.8705
ets1,bioemu,1.9133
ets1,bioemu,1.8429
ets1,bioemu,1.3489
ets1,bioemu,1.7254
ets1,bioemu,1.9013
ets1,bioemu,1.2207
ets1,bioemu,1.7047
ets1,bioemu,1.9472
ets1,bioemu,1.7165
ets1,bioemu,1.4783
ets1,bioemu,2.0149
ets1,bioemu,1.9112
ets1,bioemu,1.5208
ets1,bioemu,1.9109
ets1,bioemu,1.6639
ets1,bioemu,1.572
ets1,bioemu,1.405
ets1,bioemu,1.6022
ets1,bioemu,1.7931
ets1,bioemu,1.5744
ets1,bioemu,1.606
ets1,bioemu,1.3477
ets1,bioemu,1.5251
ets1,bioemu,1.5658
ets1,bioemu,2.0325
ets1,bioemu,1.6781
ets1,bioemu,2.1357
ets1,bioemu,1.7512
ets1,bioemu,2.1067
ets1,bioemu,2.0445
ets1,bioemu,1.9024
ets1,bioemu,2.5164
ets1,bioemu,1.926
ets1,bioemu,1.676
ets1,bioemu,2.4618
ets1,bioemu,2.0218
ets1,bioemu,2.2887
ets1,bioemu,1.9087
ets1,bioemu,2.0247
ets1,bioemu,1.8972
ets1,bioemu,2.0251
ets1,bioemu,1.8252
ets1,bioemu,2.2627
ets1,bioemu,1.7656
ets1,bioemu,2.1775
ets1,bioemu,1.9998
ets1,bioemu,2.2733
ets1,bioemu,1.7356
ets1,bioemu,2.1175
ets1,bioemu,1.9721
ets1,bioemu,1.6914
ets1,bioemu,2.2784
ets1,bioemu,1.8879
ets1,bioemu,1.85
ets1,bioemu,1.8578
ets1,bioemu,1.9767
ets1,bioemu,1.6696
ets1,bioemu,1.3387
ets1,bioemu,1.6438
ets1,bioemu,1.4179
ets1,bioemu,1.5286
ets1,bioemu,1.64
ets1,bioemu,1.3175
ets1,bioemu,2.1997
ets1,bioemu,1.415
ets1,bioemu,1.2121
ets1,bioemu,1.8566
ets1,bioemu,1.3517
ets1,bioemu,1.7656
ets1,bioemu,1.7116
ets1,bioemu,1.4294
ets1,bioemu,1.3606
ets1,bioemu,1.7149
ets1,bioemu,1.498
ets1,bioemu,1.5879
ets1,bioemu,1.4452
ets1,bioemu,1.8738
ets1,bioemu,1.4637
ets1,bioemu,1.7027
ets1,bioemu,1.3379
ets1,bioemu,1.466
ets1,bioemu,1.3002
ets1,bioemu,1.2532
ets1,bioemu,1.7796
ets1,bioemu,1.4243
ets1,bioemu,1.4359
ets1,bioemu,1.4205
ets1,bioemu,1.4022
ets1,bioemu,1.7082
ets1,bioemu,1.9526
ets1,bioemu,1.652
ets1,bioemu,1.9533
ets1,bioemu,1.5301
ets1,bioemu,1.7674
ets1,bioemu,3.1036
ets1,bioemu,1.7561
ets1,bioemu,1.5272
ets1,bioemu,2.4842
ets1,bioemu,1.6496
ets1,bioemu,2.0594
ets1,bioemu,1.545
ets1,bioemu,2.0789
ets1,bioemu,1.6183
ets1,bioemu,1.6545
ets1,bioemu,1.6545
ets1,bioemu,1.813
ets1,bioemu,1.8343
ets1,bioemu,2.0829
ets1,bioemu,1.8349
ets1,bioemu,2.2459
ets1,bioemu,1.4619
ets1,bioemu,1.8363
ets1,bioemu,1.8427
ets1,bioemu,2.0029
ets1,bioemu,1.9117
ets1,bioemu,1.5868
ets1,bioemu,1.5778
ets1,bioemu,1.8454
ets1,bioemu,1.9466
ets1,bioemu,1.4383
ets1,bioemu,1.1509
ets1,bioemu,1.273
ets1,bioemu,1.2923
ets1,bioemu,1.1561
ets1,bioemu,2.2144
ets1,bioemu,1.243
ets1,bioemu,1.3369
ets1,bioemu,1.7064
ets1,bioemu,1.1809
ets1,bioemu,1.5393
ets1,bioemu,1.4449
ets1,bioemu,1.3208
ets1,bioemu,1.2179
ets1,bioemu,1.5542
ets1,bioemu,1.2684
ets1,bioemu,1.4771
ets1,bioemu,1.3111
ets1,bioemu,1.5128
ets1,bioemu,1.1064
ets1,bioemu,1.637
ets1,bioemu,1.3411
ets1,bioemu,1.6295
ets1,bioemu,1.2537
ets1,bioemu,1.5138
ets1,bioemu,1.7401
ets1,bioemu,1.3028
ets1,bioemu,1.3507
ets1,bioemu,1.2943
ets1,bioemu,1.2984
ets1,bioemu,1.469
ets1,bioemu,1.4893
ets1,bioemu,1.3707
ets1,bioemu,1.2938
ets1,bioemu,2.2606
ets1,bioemu,1.5578
ets1,bioemu,1.6406
ets1,bioemu,1.5841
ets1,bioemu,1.3305
ets1,bioemu,1.2816
ets1,bioemu,1.7032
ets1,bioemu,1.3598
ets1,bioemu,1.4738
ets1,bioemu,1.6797
ets1,bioemu,1.5327
ets1,bioemu,1.4738
ets1,bioemu,1.7695
ets1,bioemu,1.5861
ets1,bioemu,1.2341
ets1,bioemu,1.9268
ets1,bioemu,1.344
ets1,bioemu,1.5884
ets1,bioemu,1.5261
ets1,bioemu,1.7512
ets1,bioemu,1.3985
ets1,bioemu,1.4568
ets1,bioemu,1.5314
ets1,bioemu,1.3883
ets1,bioemu,1.5089
ets1,bioemu,1.4501
ets1,bioemu,1.2525
ets1,bioemu,1.2142
ets1,bioemu,2.4282
ets1,bioemu,1.2587
ets1,bioemu,1.2761
ets1,bioemu,1.7614
ets1,bioemu,1.4175
ets1,bioemu,1.4733
ets1,bioemu,1.4266
ets1,bioemu,1.4295
ets1,bioemu,1.4156
ets1,bioemu,1.4127
ets1,bioemu,1.3005
ets1,bioemu,1.5321
ets1,bioemu,1.4534
ets1,bioemu,1.6065
ets1,bioemu,1.2743
ets1,bioemu,2.0536
ets1,bioemu,1.2462
ets1,bioemu,1.4673
ets1,bioemu,1.3081
ets1,bioemu,1.5583
ets1,bioemu,1.6796
ets1,bioemu,1.2888
ets1,bioemu,1.2768
ets1,bioemu,1.3475
ets1,bioemu,1.4484
ets1,bioemu,1.5538
ets1,bioemu,1.3679
ets1,bioemu,2.1378
ets1,bioemu,1.6262
ets1,bioemu,1.7156
ets1,bioemu,1.657
ets1,bioemu,1.3487
ets1,bioemu,1.5105
ets1,bioemu,1.6091
ets1,bioemu,1.3545
ets1,bioemu,1.5443
ets1,bioemu,1.883
ets1,bioemu,1.2847
ets1,bioemu,1.4979
ets1,bioemu,1.6806
ets1,bioemu,1.6616
ets1,bioemu,1.377
ets1,bioemu,2.0094
ets1,bioemu,1.5458
ets1,bioemu,1.673
ets1,bioemu,1.4436
ets1,bioemu,1.7201
ets1,bioemu,1.8704
ets1,bioemu,1.5139
ets1,bioemu,1.5837
ets1,bioemu,1.5395
ets1,bioemu,1.4089
ets1,bioemu,1.2061
ets1,bioemu,2.5068
ets1,bioemu,1.4837
ets1,bioemu,1.5937
ets1,bioemu,1.9364
ets1,bioemu,1.3158
ets1,bioemu,1.4002
ets1,bioemu,1.3277
ets1,bioemu,1.5365
ets1,bioemu,1.3986
ets1,bioemu,1.2531
ets1,bioemu,1.5665
ets1,bioemu,1.3087
ets1,bioemu,1.7778
ets1,bioemu,1.7871
ets1,bioemu,1.2107
ets1,bioemu,1.9322
ets1,bioemu,1.1495
ets1,bioemu,1.519
ets1,bioemu,1.4197
ets1,bioemu,1.7308
ets1,bioemu,1.4558
ets1,bioemu,1.4847
ets1,bioemu,1.3006
ets1,bioemu,1.3112
ets1,bioemu,1.5778
ets1,bioemu,2.0502
ets1,bioemu,1.2134
ets1,bioemu,1.32
ets1,bioemu,1.578
ets1,bioemu,1.0968
ets1,bioemu,1.3424
ets1,bioemu,1.4187
ets1,bioemu,1.0986
ets1,bioemu,1.0912
ets1,bioemu,1.4444
ets1,bioemu,1.3109
ets1,bioemu,1.1931
ets1,bioemu,1.4581
ets1,bioemu,1.5979
ets1,bioemu,1.0439
ets1,bioemu,1.6429
ets1,bioemu,1.1575
ets1,bioemu,1.1921
ets1,bioemu,1.0252
ets1,bioemu,1.4015
ets1,bioemu,1.335
ets1,bioemu,1.3204
ets1,bioemu,1.1687
ets1,bioemu,1.0993
ets1,bioemu,1.2902
ets1,bioemu,2.4571
ets1,bioemu,2.6035
ets1,bioemu,2.2449
ets1,bioemu,2.2615
ets1,bioemu,2.4162
ets1,bioemu,2.6958
ets1,bioemu,1.7481
ets1,bioemu,2.3311
ets1,bioemu,2.7051
ets1,bioemu,2.2139
ets1,bioemu,2.242
ets1,bioemu,2.3396
ets1,bioemu,2.3732
ets1,bioemu,2.0921
ets1,bioemu,2.3492
ets1,bioemu,2.5213
ets1,bioemu,2.2071
ets1,bioemu,2.1392
ets1,bioemu,1.9361
ets1,bioemu,2.6351
ets1,bioemu,2.4367
ets1,bioemu,2.5586
ets1,bioemu,2.1017
ets1,bioemu,2.2634
ets1,bioemu,1.1495
ets1,bioemu,2.009
ets1,bioemu,1.2261
ets1,bioemu,1.6257
ets1,bioemu,1.5074
ets1,bioemu,1.51
ets1,bioemu,1.2527
ets1,bioemu,1.4645
ets1,bioemu,1.618
ets1,bioemu,1.5034
ets1,bioemu,1.4092
ets1,bioemu,1.5723
ets1,bioemu,1.2691
ets1,bioemu,1.553
ets1,bioemu,1.3538
ets1,bioemu,1.5574
ets1,bioemu,1.2846
ets1,bioemu,1.576
ets1,bioemu,1.7092
ets1,bioemu,1.3925
ets1,bioemu,1.352
ets1,bioemu,1.3016
ets1,bioemu,1.4065
ets1,bioemu,2.0359
ets1,bioemu,1.2952
ets1,bioemu,1.7489
ets1,bioemu,1.5654
ets1,bioemu,1.4642
ets1,bioemu,1.2301
ets1,bioemu,1.5755
ets1,bioemu,1.5159
ets1,bioemu,1.6574
ets1,bioemu,1.2996
ets1,bioemu,1.733
ets1,bioemu,1.5511
ets1,bioemu,1.6731
ets1,bioemu,1.3319
ets1,bioemu,1.6464
ets1,bioemu,1.4172
ets1,bioemu,1.5194
ets1,bioemu,1.7537
ets1,bioemu,1.2035
ets1,bioemu,1.3216
ets1,bioemu,1.3751
ets1,bioemu,1.5359
ets1,bioemu,1.7453
ets1,bioemu,1.6502
ets1,bioemu,2.3067
ets1,bioemu,1.695
ets1,bioemu,1.8195
ets1,bioemu,2.2694
ets1,bioemu,1.9392
ets1,bioemu,1.887
ets1,bioemu,2.2474
ets1,bioemu,2.2358
ets1,bioemu,1.5259
ets1,bioemu,2.3621
ets1,bioemu,1.9448
ets1,bioemu,1.9076
ets1,bioemu,1.8028
ets1,bioemu,2.0468
ets1,bioemu,1.9279
ets1,bioemu,1.9081
ets1,bioemu,1.9352
ets1,bioemu,1.9415
ets1,bioemu,1.5693
ets1,bioemu,1.4832
ets1,bioemu,1.5441
ets1,bioemu,1.157
ets1,bioemu,1.0607
ets1,bioemu,1.6696
ets1,bioemu,1.5426
ets1,bioemu,1.2868
ets1,bioemu,1.4106
ets1,bioemu,1.6462
ets1,bioemu,0.9384
ets1,bioemu,1.3201
ets1,bioemu,1.2847
ets1,bioemu,1.4203
ets1,bioemu,1.0537
ets1,bioemu,1.4052
ets1,bioemu,1.491
ets1,bioemu,1.2501
ets1,bioemu,1.3623
ets1,bioemu,0.9594
ets1,bioemu,1.1264
ets1,bioemu,1.8145
ets1,bioemu,1.6022
ets1,bioemu,1.5105
ets1,bioemu,1.7286
ets1,bioemu,1.6555
ets1,bioemu,1.4109
ets1,bioemu,1.8701
ets1,bioemu,1.7266
ets1,bioemu,1.3093
ets1,bioemu,2.0252
ets1,bioemu,1.4587
ets1,bioemu,1.5945
ets1,bioemu,1.718
ets1,bioemu,1.8784
ets1,bioemu,1.3643
ets1,bioemu,1.6333
ets1,bioemu,1.66
ets1,bioemu,1.6804
ets1,bioemu,1.5665
ets1,bioemu,1.7195
ets1,bioemu,1.5147
ets1,bioemu,1.3405
ets1,bioemu,1.341
ets1,bioemu,1.7101
ets1,bioemu,1.6551
ets1,bioemu,1.6268
ets1,bioemu,1.5671
ets1,bioemu,2.0594
ets1,bioemu,1.2266
ets1,bioemu,1.665
ets1,bioemu,1.4574
ets1,bioemu,1.7467
ets1,bioemu,1.6491
ets1,bioemu,1.5044
ets1,bioemu,1.3723
ets1,bioemu,1.4776
ets1,bioemu,1.861
ets1,bioemu,1.3334
ets1,bioemu,1.8179
ets1,bioemu,1.4213
ets1,bioemu,1.4396
ets1,bioemu,1.4553
ets1,bioemu,1.5823
ets1,bioemu,1.2162
ets1,bioemu,1.5184
ets1,bioemu,1.5286
ets1,bioemu,1.4709
ets1,bioemu,1.1334
ets1,bioemu,1.2553
ets1,bioemu,1.6969
ets1,bioemu,1.3828
ets1,bioemu,1.5166
ets1,bioemu,1.0472
ets1,bioemu,1.3688
ets1,bioemu,1.5675
ets1,bioemu,1.4723
ets1,bioemu,1.4387
ets1,bioemu,1.4604
ets1,bioemu,1.6665
ets1,bioemu,1.1815
ets1,bioemu,1.4208
ets1,bioemu,1.2965
ets1,bioemu,1.5352
ets1,bioemu,1.1811
ets1,bioemu,1.4533
ets1,bioemu,1.4852
ets1,bioemu,1.2891
ets1,bioemu,1.2125
ets1,bioemu,1.1958
ets1,bioemu,1.3642
ets1,bioemu,1.6868
ets1,bioemu,1.6939
ets1,bioemu,1.8814
ets1,bioemu,1.7516
ets1,bioemu,1.5755
ets1,bioemu,2.1533
ets1,bioemu,1.203
ets1,bioemu,1.6947
ets1,bioemu,1.6385
ets1,bioemu,1.8198
ets1,bioemu,1.4907
ets1,bioemu,1.6678
ets1,bioemu,1.3702
ets1,bioemu,1.506
ets1,bioemu,1.7845
ets1,bioemu,1.5813
ets1,bioemu,1.4955
ets1,bioemu,1.4732
ets1,bioemu,1.485
ets1,bioemu,2.0838
ets1,bioemu,1.3869
ets1,bioemu,1.5441
ets1,bioemu,1.4251
ets1,bioemu,1.6005
ets1,bioemu,1.7718
ets1,bioemu,1.277
ets1,bioemu,1.4967
ets1,bioemu,1.5599
ets1,bioemu,1.7277
ets1,bioemu,1.6472
ets1,bioemu,1.7906
ets1,bioemu,1.3976
ets1,bioemu,1.9077
ets1,bioemu,1.3515
ets1,bioemu,1.0939
ets1,bioemu,1.3366
ets1,bioemu,1.6963
ets1,bioemu,1.5277
ets1,bioemu,1.446
ets1,bioemu,1.4652
ets1,bioemu,1.4705
ets1,bioemu,1.4291
ets1,bioemu,1.5698
ets1,bioemu,1.541
ets1,bioemu,1.7713
ets1,bioemu,1.5564
ets1,bioemu,1.8024
ets1,bioemu,1.4668
ets1,bioemu,1.6602
ets1,bioemu,2.0997
ets1,bioemu,1.4727
ets1,bioemu,1.7398
ets1,bioemu,1.4104
ets1,bioemu,1.6173
ets1,bioemu,1.5299
ets1,bioemu,1.8993
ets1,bioemu,1.6962
ets1,bioemu,1.9978
ets1,bioemu,1.6241
ets1,bioemu,1.8699
ets1,bioemu,1.7663
ets1,bioemu,1.4351
ets1,bioemu,1.7955
ets1,bioemu,1.6527
ets1,bioemu,1.9611
ets1,bioemu,1.58
ets1,bioemu,1.3422
ets1,bioemu,1.5089
ets1,bioemu,1.1333
ets1,bioemu,1.6272
ets1,bioemu,1.4866
ets1,bioemu,1.3847
ets1,bioemu,1.4633
ets1,bioemu,1.1601
ets1,bioemu,1.2496
ets1,bioemu,1.9052
ets1,bioemu,2.0689
ets1,bioemu,1.5714
ets1,bioemu,1.6271
ets1,bioemu,2.0775
ets1,bioemu,1.7652
ets1,bioemu,1.8492
ets1,bioemu,1.4508
ets1,bioemu,1.7436
ets1,bioemu,1.2294
ets1,bioemu,1.2581
ets1,bioemu,1.589
ets1,bioemu,1.2176
ets1,bioemu,1.3874
ets1,bioemu,1.0559
ets1,bioemu,1.2091
ets1,bioemu,1.4068
ets1,bioemu,1.1513
ets1,bioemu,1.5388
ets1,bioemu,1.4424
ets1,bioemu,1.5619
ets1,bioemu,1.3317
ets1,bioemu,1.4684
ets1,bioemu,1.4564
ets1,bioemu,1.347
ets1,bioemu,1.5971
ets1,bioemu,1.2306
ets1,bioemu,1.1663
ets1,bioemu,1.1013
ets1,bioemu,1.2669
ets1,bioemu,1.876
ets1,bioemu,1.5348
ets1,bioemu,1.5169
ets1,bioemu,1.3143
ets1,bioemu,1.5258
ets1,bioemu,1.6266
ets1,bioemu,1.3986
ets1,bioemu,1.592
ets1,bioemu,1.7724
ets1,bioemu,1.3788
ets1,bioemu,1.3604
ets1,bioemu,1.479
ets1,bioemu,1.2855
ets1,bioemu,1.4396
ets1,bioemu,1.3758
ets1,af3,0.2005
ets1,af3,0.2009
ets1,af3,0.1247
ets1,af3,0.1824
ets1,af3,0.2066
ets1,af3,0.1274
ets1,af3,0.1715
ets1,af3,0.1431
ets1,af3,0.1227
ets1,af3,0.1098
ets1,af3,0.1467
ets1,af3,0.0792
ets1,af3,0.0679
ets1,af3,0.1472
ets1,af3,0.1106
ets1,af3,0.142
ets1,af3,0.133
ets1,af3,0.1405
ets1,af3,0.0967
ets1,af3,0.0799
ets1,af3,0.1195
ets1,af3,0.079
ets1,af3,0.1312
ets1,af3,0.1364
ets1,af3,0.1074
ets1,af3,0.1379
ets1,af3,0.1224
ets1,af3,0.1003
ets1,af3,0.0859
ets1,af3,0.1061
ets1,af3,0.0679
ets1,af3,0.1409
ets1,af3,0.0839
ets1,af3,0.118
ets1,af3,0.1188
ets1,af3,0.1359
ets1,af3,0.0853
ets1,af3,0.1275
ets1,af3,0.1393
ets1,af3,0.114
ets1,af3,0.1096
ets1,af3,0.1089
ets1,af3,0.1074
ets1,af3,0.1115
ets1,af3,0.1073
tbp,bioemu,0.8742
tbp,bioemu,0.7379
tbp,bioemu,1.1806
tbp,bioemu,1.7522
tbp,bioemu,1.5649
tbp,bioemu,1.058
tbp,bioemu,1.9828
tbp,bioemu,0.831
tbp,bioemu,1.5357
tbp,bioemu,1.4411
tbp,bioemu,1.1343
tbp,bioemu,1.2066
tbp,bioemu,1.4867
tbp,bioemu,1.7767
tbp,bioemu,1.2841
tbp,bioemu,0.873
tbp,bioemu,1.4377
tbp,bioemu,2.2748
tbp,bioemu,1.003
tbp,bioemu,1.0155
tbp,bioemu,1.6647
tbp,bioemu,0.9615
tbp,bioemu,0.9951
tbp,bioemu,0.8339
tbp,bioemu,1.0832
tbp,bioemu,2.0568
tbp,bioemu,0.682
tbp,bioemu,0.867
tbp,bioemu,1.509
tbp,bioemu,0.856
tbp,bioemu,1.0175
tbp,bioemu,1.3002
tbp,bioemu,1.0558
tbp,bioemu,1.1649
tbp,bioemu,1.2102
tbp,bioemu,0.9527
tbp,bioemu,1.8462
tbp,bioemu,0.9772
tbp,bioemu,1.2612
tbp,bioemu,0.9386
tbp,bioemu,2.1011
tbp,bioemu,1.2694
tbp,bioemu,1.6419
tbp,bioemu,0.9706
tbp,bioemu,0.8438
tbp,bioemu,0.8796
tbp,bioemu,1.3683
tbp,bioemu,1.8192
tbp,bioemu,1.3275
tbp,bioemu,0.8343
tbp,bioemu,1.6165
tbp,bioemu,1.4834
tbp,bioemu,0.8638
tbp,bioemu,1.2521
tbp,bioemu,1.7399
tbp,bioemu,0.7601
tbp,bioemu,1.3298
tbp,bioemu,0.7294
tbp,bioemu,0.9184
tbp,bioemu,1.4348
tbp,bioemu,1.4719
tbp,bioemu,1.5548
tbp,bioemu,0.8495
tbp,bioemu,1.76
tbp,bioemu,1.1558
tbp,bioemu,1.6512
tbp,bioemu,1.452
tbp,bioemu,0.7775
tbp,bioemu,1.0392
tbp,bioemu,1.0768
tbp,bioemu,1.3633
tbp,bioemu,1.2093
tbp,bioemu,0.9851
tbp,bioemu,1.4383
tbp,bioemu,0.7754
tbp,bioemu,0.8342
tbp,bioemu,1.2807
tbp,bioemu,1.9822
tbp,bioemu,0.992
tbp,bioemu,1.3053
tbp,bioemu,2.4751
tbp,bioemu,1.3578
tbp,bioemu,0.7622
tbp,bioemu,1.0639
tbp,bioemu,0.7493
tbp,bioemu,0.8074
tbp,bioemu,1.2677
tbp,bioemu,1.1134
tbp,bioemu,1.4632
tbp,bioemu,1.7137
tbp,bioemu,1.894
tbp,bioemu,1.4572
tbp,bioemu,1.1829
tbp,bioemu,1.1462
tbp,bioemu,1.3654
tbp,bioemu,0.8995
tbp,bioemu,1.0199
tbp,bioemu,1.2299
tbp,bioemu,1.9324
tbp,bioemu,1.4946
tbp,bioemu,1.0889
tbp,bioemu,1.9409
tbp,bioemu,0.9927
tbp,bioemu,1.4596
tbp,bioemu,1.5456
tbp,bioemu,1.1188
tbp,bioemu,1.0875
tbp,bioemu,1.3457
tbp,bioemu,1.8116
tbp,bioemu,1.2183
tbp,bioemu,1.1229
tbp,bioemu,1.4372
tbp,bioemu,2.3949
tbp,bioemu,1.2303
tbp,bioemu,1.1143
tbp,bioemu,1.5829
tbp,bioemu,1.1262
tbp,bioemu,1.0632
tbp,bioemu,1.0609
tbp,bioemu,1.0987
tbp,bioemu,2.1599
tbp,bioemu,0.8434
tbp,bioemu,1.1133
tbp,bioemu,1.5176
tbp,bioemu,1.0426
tbp,bioemu,1.0462
tbp,bioemu,1.4672
tbp,bioemu,1.1589
tbp,bioemu,1.2928
tbp,bioemu,1.2215
tbp,bioemu,0.9998
tbp,bioemu,1.8384
tbp,bioemu,0.9929
tbp,bioemu,1.3675
tbp,bioemu,1.1272
tbp,bioemu,2.2547
tbp,bioemu,1.2237
tbp,bioemu,1.709
tbp,bioemu,0.6834
tbp,bioemu,0.9426
tbp,bioemu,1.1094
tbp,bioemu,1.2514
tbp,bioemu,2.0468
tbp,bioemu,1.5166
tbp,bioemu,0.9171
tbp,bioemu,1.7248
tbp,bioemu,1.4994
tbp,bioemu,0.997
tbp,bioemu,1.3651
tbp,bioemu,1.8939
tbp,bioemu,0.9254
tbp,bioemu,1.3082
tbp,bioemu,1.0019
tbp,bioemu,0.9659
tbp,bioemu,1.3283
tbp,bioemu,1.5883
tbp,bioemu,1.7406
tbp,bioemu,1.0014
tbp,bioemu,1.6175
tbp,bioemu,1.1732
tbp,bioemu,1.9172
tbp,bioemu,1.3428
tbp,bioemu,0.7966
tbp,bioemu,0.8557
tbp,bioemu,1.3667
tbp,bioemu,1.3614
tbp,bioemu,1.2389
tbp,bioemu,0.9821
tbp,bioemu,1.4995
tbp,bioemu,0.9342
tbp,bioemu,0.9399
tbp,bioemu,1.4926
tbp,bioemu,1.9837
tbp,bioemu,0.9247
tbp,bioemu,1.4507
tbp,bioemu,2.3813
tbp,bioemu,1.5388
tbp,bioemu,0.9414
tbp,bioemu,1.3037
tbp,bioemu,0.9059
tbp,bioemu,0.9798
tbp,bioemu,1.0218
tbp,bioemu,1.2986
tbp,bioemu,1.6646
tbp,bioemu,1.8786
tbp,bioemu,1.8829
tbp,bioemu,1.4318
tbp,bioemu,0.9877
tbp,bioemu,1.3462
tbp,bioemu,1.4149
tbp,bioemu,0.9433
tbp,bioemu,1.3912
tbp,bioemu,1.8941
tbp,bioemu,1.3907
tbp,bioemu,1.2387
tbp,bioemu,2.1246
tbp,bioemu,0.6353
tbp,bioemu,1.5674
tbp,bioemu,1.552
tbp,bioemu,1.3116
tbp,bioemu,1.099
tbp,bioemu,1.629
tbp,bioemu,1.6098
tbp,bioemu,1.2993
tbp,bioemu,0.7169
tbp,bioemu,1.6522
tbp,bioemu,2.0564
tbp,bioemu,1.1423
tbp,bioemu,1.0879
tbp,bioemu,1.6481
tbp,bioemu,0.9312
tbp,bioemu,0.8887
tbp,bioemu,0.5719
tbp,bioemu,1.159
tbp,bioemu,1.7124
tbp,bioemu,0.5878
tbp,bioemu,0.7254
tbp,bioemu,1.3968
tbp,bioemu,0.9106
tbp,bioemu,1.1235
tbp,bioemu,1.108
tbp,bioemu,0.8298
tbp,bioemu,0.9941
tbp,bioemu,1.1324
tbp,bioemu,1.0458
tbp,bioemu,1.5195
tbp,bioemu,1.0142
tbp,bioemu,1.124
tbp,bioemu,0.816
tbp,bioemu,1.9222
tbp,bioemu,1.3164
tbp,bioemu,1.5859
tbp,bioemu,1.066
tbp,bioemu,0.7504
tbp,bioemu,1.0498
tbp,bioemu,1.4207
tbp,bioemu,1.5539
tbp,bioemu,1.2466
tbp,bioemu,0.7715
tbp,bioemu,1.3941
tbp,bioemu,1.1714
tbp,bioemu,0.7583
tbp,bioemu,0.9457
tbp,bioemu,1.3579
tbp,bioemu,0.6755
tbp,bioemu,1.3268
tbp,bioemu,0.6036
tbp,bioemu,0.7518
tbp,bioemu,1.4119
tbp,bioemu,1.6269
tbp,bioemu,1.6641
tbp,bioemu,0.8345
tbp,bioemu,1.7258
tbp,bioemu,1.1913
tbp,bioemu,1.3541
tbp,bioemu,1.5421
tbp,bioemu,0.7361
tbp,bioemu,0.9313
tbp,bioemu,1.0209
tbp,bioemu,1.3775
tbp,bioemu,1.2394
tbp,bioemu,0.9843
tbp,bioemu,1.4104
tbp,bioemu,0.8166
tbp,bioemu,0.8305
tbp,bioemu,1.1064
tbp,bioemu,1.9033
tbp,bioemu,1.187
tbp,bioemu,1.0567
tbp,bioemu,2.3095
tbp,bioemu,1.1026
tbp,bioemu,0.9422
tbp,bioemu,0.9475
tbp,bioemu,0.6672
tbp,bioemu,0.8758
tbp,bioemu,1.2735
tbp,bioemu,0.845
tbp,bioemu,1.4157
tbp,bioemu,1.3428
tbp,bioemu,2.1043
tbp,bioemu,1.2957
tbp,bioemu,1.1388
tbp,bioemu,0.8499
tbp,bioemu,1.3273
tbp,bioemu,1.0955
tbp,bioemu,1.8256
tbp,bioemu,2.0767
tbp,bioemu,1.0025
tbp,bioemu,1.6401
tbp,bioemu,1.4644
tbp,bioemu,1.6199
tbp,bioemu,1.6454
tbp,bioemu,0.7666
tbp,bioemu,1.5596
tbp,bioemu,1.6034
tbp,bioemu,2.4633
tbp,bioemu,1.7779
tbp,bioemu,1.5436
tbp,bioemu,1.1876
tbp,bioemu,2.7512
tbp,bioemu,1.5546
tbp,bioemu,1.4936
tbp,bioemu,1.5565
tbp,bioemu,1.3227
tbp,bioemu,1.553
tbp,bioemu,1.4717
tbp,bioemu,1.3433
tbp,bioemu,2.693
tbp,bioemu,1.3317
tbp,bioemu,1.2035
tbp,bioemu,2.0452
tbp,bioemu,0.9999
tbp,bioemu,1.4179
tbp,bioemu,2.0033
tbp,bioemu,1.7096
tbp,bioemu,1.8719
tbp,bioemu,1.6518
tbp,bioemu,1.1367
tbp,bioemu,2.4815
tbp,bioemu,1.0336
tbp,bioemu,1.7594
tbp,bioemu,1.6318
tbp,bioemu,2.716
tbp,bioemu,1.0809
tbp,bioemu,1.9565
tbp,bioemu,1.1651
tbp,bioemu,1.3298
tbp,bioemu,1.034
tbp,bioemu,1.3809
tbp,bioemu,2.6539
tbp,bioemu,1.8409
tbp,bioemu,1.4998
tbp,bioemu,2.3726
tbp,bioemu,2.2716
tbp,bioemu,1.3055
tbp,bioemu,1.8544
tbp,bioemu,2.4345
tbp,bioemu,1.1652
tbp,bioemu,1.6225
tbp,bioemu,1.4874
tbp,bioemu,1.3252
tbp,bioemu,1.8006
tbp,bioemu,1.4984
tbp,bioemu,1.759
tbp,bioemu,0.9805
tbp,bioemu,2.1129
tbp,bioemu,1.5272
tbp,bioemu,2.4436
tbp,bioemu,1.7491
tbp,bioemu,1.3037
tbp,bioemu,1.4983
tbp,bioemu,1.5958
tbp,bioemu,1.5687
tbp,bioemu,1.6491
tbp,bioemu,1.2258
tbp,bioemu,1.5828
tbp,bioemu,1.0275
tbp,bioemu,1.083
tbp,bioemu,1.9376
tbp,bioemu,2.4221
tbp,bioemu,0.9957
tbp,bioemu,2.0939
tbp,bioemu,3.0096
tbp,bioemu,1.9935
tbp,bioemu,1.0014
tbp,bioemu,1.7541
tbp,bioemu,1.2595
tbp,bioemu,1.2464
tbp,bioemu,1.2446
tbp,bioemu,1.8655
tbp,bioemu,1.742
tbp,bioemu,2.4584
tbp,bioemu,1.3404
tbp,bioemu,1.9581
tbp,bioemu,1.786
tbp,bioemu,1.9462
tbp,bioemu,1.709
tbp,bioemu,1.0771
tbp,bioemu,2.966
tbp,bioemu,1.6958
tbp,bioemu,3.1338
tbp,bioemu,1.9151
tbp,bioemu,2.8264
tbp,bioemu,1.6981
tbp,bioemu,1.9189
tbp,bioemu,2.4835
tbp,bioemu,2.6485
tbp,bioemu,2.2366
tbp,bioemu,2.1391
tbp,bioemu,1.6153
tbp,bioemu,2.4664
tbp,bioemu,2.5258
tbp,bioemu,1.9018
tbp,bioemu,2.0432
tbp,bioemu,2.8962
tbp,bioemu,1.5756
tbp,bioemu,2.2612
tbp,bioemu,1.9323
tbp,bioemu,2.2816
tbp,bioemu,3.065
tbp,bioemu,1.9302
tbp,bioemu,1.7297
tbp,bioemu,2.6585
tbp,bioemu,1.8187
tbp,bioemu,1.8536
tbp,bioemu,1.8242
tbp,bioemu,1.8991
tbp,bioemu,2.3164
tbp,bioemu,2.122
tbp,bioemu,2.0681
tbp,bioemu,3.128
tbp,bioemu,1.5766
tbp,bioemu,1.9688
tbp,bioemu,2.0397
tbp,bioemu,2.0478
tbp,bioemu,2.466
tbp,bioemu,2.5417
tbp,bioemu,2.0239
tbp,bioemu,1.8597
tbp,bioemu,1.8934
tbp,bioemu,2.4214
tbp,bioemu,2.3066
tbp,bioemu,2.0195
tbp,bioemu,1.8873
tbp,bioemu,2.4077
tbp,bioemu,2.4523
tbp,bioemu,2.105
tbp,bioemu,2.4623
tbp,bioemu,2.6137
tbp,bioemu,1.9548
tbp,bioemu,2.3658
tbp,bioemu,1.8155
tbp,bioemu,2.1309
tbp,bioemu,2.8049
tbp,bioemu,1.2811
tbp,bioemu,1.7422
tbp,bioemu,1.9888
tbp,bioemu,3.0232
tbp,bioemu,2.3995
tbp,bioemu,2.1455
tbp,bioemu,2.6224
tbp,bioemu,1.8578
tbp,bioemu,2.1562
tbp,bioemu,1.5135
tbp,bioemu,2.5708
tbp,bioemu,1.8618
tbp,bioemu,2.2597
tbp,bioemu,2.0234
tbp,bioemu,1.6518
tbp,bioemu,2.0163
tbp,bioemu,1.7636
tbp,bioemu,2.9935
tbp,bioemu,2.1066
tbp,bioemu,2.0627
tbp,bioemu,3.8286
tbp,bioemu,2.0802
tbp,bioemu,1.5215
tbp,bioemu,1.7107
tbp,bioemu,1.8511
tbp,bioemu,1.9543
tbp,bioemu,2.2694
tbp,bioemu,2.2951
tbp,bioemu,2.1814
tbp,bioemu,2.619
tbp,bioemu,2.3304
tbp,bioemu,2.5807
tbp,bioemu,2.3008
tbp,bioemu,2.1292
tbp,bioemu,1.672
tbp,bioemu,1.4119
tbp,bioemu,1.9926
tbp,bioemu,1.9227
tbp,bioemu,1.5501
tbp,bioemu,1.4263
tbp,bioemu,2.1827
tbp,bioemu,1.9568
tbp,bioemu,1.2011
tbp,bioemu,1.4117
tbp,bioemu,2.2241
tbp,bioemu,1.4692
tbp,bioemu,1.7619
tbp,bioemu,1.8968
tbp,bioemu,2.9255
tbp,bioemu,1.6328
tbp,bioemu,1.5143
tbp,bioemu,1.4626
tbp,bioemu,1.982
tbp,bioemu,1.0971
tbp,bioemu,1.5297
tbp,bioemu,1.2007
tbp,bioemu,2.0025
tbp,bioemu,1.3095
tbp,bioemu,1.7972
tbp,bioemu,1.1773
tbp,bioemu,1.6568
tbp,bioemu,1.6491
tbp,bioemu,1.9481
tbp,bioemu,1.7263
tbp,bioemu,1.152
tbp,bioemu,1.6763
tbp,bioemu,1.3926
tbp,bioemu,1.2589
tbp,bioemu,1.9189
tbp,bioemu,1.6934
tbp,bioemu,1.4126
tbp,bioemu,2.8653
tbp,bioemu,1.528
tbp,bioemu,1.8337
tbp,bioemu,1.4955
tbp,bioemu,1.5227
tbp,bioemu,1.774
tbp,bioemu,1.7375
tbp,bioemu,2.2133
tbp,bioemu,2.0676
tbp,bioemu,1.4867
tbp,bioemu,1.6521
tbp,bioemu,1.533
tbp,bioemu,1.4533
tbp,bioemu,1.2896
tbp,bioemu,1.8597
tbp,bioemu,1.4625
tbp,bioemu,1.7897
tbp,bioemu,1.3915
tbp,bioemu,1.4172
tbp,bioemu,1.0523
tbp,bioemu,2.6429
tbp,bioemu,2.3705
tbp,bioemu,1.613
tbp,bioemu,1.0928
tbp,bioemu,1.1324
tbp,bioemu,2.1654
tbp,bioemu,1.2975
tbp,bioemu,1.3863
tbp,bioemu,1.4071
tbp,bioemu,2.1406
tbp,bioemu,1.5743
tbp,bioemu,1.8299
tbp,bioemu,1.3664
tbp,bioemu,2.263
tbp,bioemu,1.7292
tbp,bioemu,1.4599
tbp,bioemu,2.0435
tbp,bioemu,1.8957
tbp,bioemu,1.5047
tbp,bioemu,1.7445
tbp,bioemu,1.4113
tbp,bioemu,1.9645
tbp,bioemu,1.8147
tbp,bioemu,1.7066
tbp,bioemu,1.4563
tbp,bioemu,1.4124
tbp,bioemu,1.6725
tbp,bioemu,1.3056
tbp,bioemu,2.1761
tbp,bioemu,1.7281
tbp,bioemu,2.4589
tbp,bioemu,1.3482
tbp,bioemu,1.3366
tbp,bioemu,1.468
tbp,bioemu,2.2761
tbp,bioemu,1.9362
tbp,bioemu,1.9775
tbp,bioemu,1.2592
tbp,bioemu,1.7889
tbp,bioemu,1.5642
tbp,bioemu,0.9827
tbp,bioemu,1.441
tbp,bioemu,1.5918
tbp,bioemu,2.1427
tbp,bioemu,1.5952
tbp,bioemu,1.2513
tbp,bioemu,1.244
tbp,bioemu,2.5384
tbp,bioemu,1.426
tbp,bioemu,1.2811
tbp,bioemu,1.7564
tbp,bioemu,1.1614
tbp,bioemu,1.352
tbp,bioemu,1.2909
tbp,bioemu,1.3877
tbp,bioemu,2.5067
tbp,bioemu,1.1372
tbp,bioemu,1.0777
tbp,bioemu,1.8575
tbp,bioemu,1.0803
tbp,bioemu,1.2883
tbp,bioemu,1.7234
tbp,bioemu,1.5334
tbp,bioemu,1.6283
tbp,bioemu,1.4241
tbp,bioemu,1.1318
tbp,bioemu,2.2925
tbp,bioemu,0.9689
tbp,bioemu,1.6308
tbp,bioemu,1.4299
tbp,bioemu,2.4148
tbp,bioemu,1.3154
tbp,bioemu,1.8799
tbp,bioemu,1.0961
tbp,bioemu,1.0708
tbp,bioemu,1.036
tbp,bioemu,1.5148
tbp,bioemu,2.331
tbp,bioemu,1.5999
tbp,bioemu,1.2229
tbp,bioemu,2.0817
tbp,bioemu,1.9901
tbp,bioemu,1.262
tbp,bioemu,1.8174
tbp,bioemu,2.2528
tbp,bioemu,1.0492
tbp,bioemu,1.4487
tbp,bioemu,1.3024
tbp,bioemu,1.2668
tbp,bioemu,1.7791
tbp,bioemu,1.3269
tbp,bioemu,1.6736
tbp,bioemu,1.042
tbp,bioemu,2.1308
tbp,bioemu,1.4566
tbp,bioemu,2.1688
tbp,bioemu,1.7251
tbp,bioemu,1.1229
tbp,bioemu,1.2951
tbp,bioemu,1.3436
tbp,bioemu,1.5678
tbp,bioemu,1.3422
tbp,bioemu,1.1688
tbp,bioemu,1.5196
tbp,bioemu,0.8825
tbp,bioemu,1.0253
tbp,bioemu,1.6112
tbp,bioemu,2.3345
tbp,bioemu,1.0065
tbp,bioemu,1.7256
tbp,bioemu,2.872
tbp,bioemu,1.754
tbp,bioemu,0.8341
tbp,bioemu,1.4682
tbp,bioemu,1.1077
tbp,bioemu,1.168
tbp,bioemu,1.2097
tbp,bioemu,1.5773
tbp,bioemu,1.6648
tbp,bioemu,2.2145
tbp,bioemu,1.4776
tbp,bioemu,1.8146
tbp,bioemu,1.5934
tbp,bioemu,1.7098
tbp,bioemu,1.3546
tbp,bioemu,0.8276
tbp,bioemu,2.2885
tbp,bioemu,1.3433
tbp,bioemu,2.4624
tbp,bioemu,1.6087
tbp,bioemu,1.8036
tbp,bioemu,1.3756
tbp,bioemu,3.2529
tbp,bioemu,2.1631
tbp,bioemu,2.4729
tbp,bioemu,1.3568
tbp,bioemu,3.7696
tbp,bioemu,2.117
tbp,bioemu,2.0309
tbp,bioemu,1.0963
tbp,bioemu,2.4356
tbp,bioemu,1.8922
tbp,bioemu,2.255
tbp,bioemu,1.403
tbp,bioemu,3.1984
tbp,bioemu,1.9581
tbp,bioemu,2.1896
tbp,bioemu,2.0587
tbp,bioemu,1.7939
tbp,bioemu,2.0489
tbp,bioemu,2.9289
tbp,bioemu,2.5737
tbp,bioemu,2.2664
tbp,bioemu,2.2949
tbp,bioemu,1.5161
tbp,bioemu,2.6046
tbp,bioemu,2.0841
tbp,bioemu,2.3836
tbp,bioemu,2.2113
tbp,bioemu,3.8421
tbp,bioemu,1.2448
tbp,bioemu,2.3021
tbp,bioemu,1.7925
tbp,bioemu,2.1577
tbp,bioemu,1.7302
tbp,bioemu,1.7424
tbp,bioemu,3.4705
tbp,bioemu,2.7177
tbp,bioemu,2.2691
tbp,bioemu,2.9301
tbp,bioemu,2.8795
tbp,bioemu,1.987
tbp,bioemu,2.331
tbp,bioemu,3.085
tbp,bioemu,1.892
tbp,bioemu,2.2307
tbp,bioemu,2.1708
tbp,bioemu,1.9476
tbp,bioemu,1.5857
tbp,bioemu,2.7618
tbp,bioemu,2.6194
tbp,bioemu,1.7406
tbp,bioemu,1.7217
tbp,bioemu,1.5969
tbp,bioemu,3.3431
tbp,bioemu,1.5918
tbp,bioemu,1.9999
tbp,bioemu,2.1465
tbp,bioemu,2.7193
tbp,bioemu,1.8183
tbp,bioemu,2.3735
tbp,bioemu,1.6317
tbp,bioemu,2.5208
tbp,bioemu,1.9756
tbp,bioemu,1.7563
tbp,bioemu,2.9076
tbp,bioemu,2.6128
tbp,bioemu,1.4235
tbp,bioemu,2.8884
tbp,bioemu,2.5715
tbp,bioemu,2.8997
tbp,bioemu,1.9155
tbp,bioemu,2.5739
tbp,bioemu,1.9833
tbp,bioemu,1.7521
tbp,bioemu,1.8597
tbp,bioemu,2.3748
tbp,bioemu,2.5758
tbp,bioemu,3.0308
tbp,bioemu,1.785
tbp,bioemu,2.1939
tbp,bioemu,2.3112
tbp,bioemu,2.6084
tbp,bioemu,2.8668
tbp,bioemu,2.1545
tbp,bioemu,1.6505
tbp,bioemu,1.6242
tbp,bioemu,1.381
tbp,bioemu,1.0608
tbp,bioemu,1.807
tbp,bioemu,1.5027
tbp,bioemu,1.5015
tbp,bioemu,0.6873
tbp,bioemu,1.691
tbp,bioemu,1.7821
tbp,bioemu,1.345
tbp,bioemu,1.2113
tbp,bioemu,1.7631
tbp,bioemu,0.7985
tbp,bioemu,1.0324
tbp,bioemu,0.5053
tbp,bioemu,1.4082
tbp,bioemu,1.5619
tbp,bioemu,0.7128
tbp,bioemu,0.713
tbp,bioemu,1.5721
tbp,bioemu,1.0087
tbp,bioemu,1.2545
tbp,bioemu,1.0213
tbp,bioemu,0.7185
tbp,bioemu,1.1668
tbp,bioemu,1.1033
tbp,bioemu,1.2364
tbp,bioemu,1.4744
tbp,bioemu,1.0061
tbp,bioemu,1.3067
tbp,bioemu,0.9365
tbp,bioemu,1.7224
tbp,bioemu,1.3742
tbp,bioemu,1.7343
tbp,bioemu,1.0229
tbp,bioemu,0.7523
tbp,bioemu,1.1969
tbp,bioemu,1.4371
tbp,bioemu,1.4983
tbp,bioemu,1.0861
tbp,bioemu,0.715
tbp,bioemu,1.4993
tbp,bioemu,1.0949
tbp,bioemu,0.6913
tbp,bioemu,0.8635
tbp,bioemu,1.2095
tbp,bioemu,0.7567
tbp,bioemu,1.1566
tbp,bioemu,0.7707
tbp,bioemu,0.7285
tbp,bioemu,1.5035
tbp,bioemu,1.5824
tbp,bioemu,1.7689
tbp,bioemu,0.8514
tbp,bioemu,1.9223
tbp,bioemu,1.407
tbp,bioemu,1.2836
tbp,bioemu,1.7777
tbp,bioemu,0.8685
tbp,bioemu,0.8739
tbp,bioemu,0.9082
tbp,bioemu,1.3181
tbp,bioemu,1.2977
tbp,bioemu,1.011
tbp,bioemu,1.2431
tbp,bioemu,0.8964
tbp,bioemu,0.9117
tbp,bioemu,0.9724
tbp,bioemu,1.8813
tbp,bioemu,1.2755
tbp,bioemu,0.9517
tbp,bioemu,2.4022
tbp,bioemu,0.9447
tbp,bioemu,1.0481
tbp,bioemu,1.1096
tbp,bioemu,0.7487
tbp,bioemu,1.022
tbp,bioemu,1.1938
tbp,bioemu,0.8062
tbp,bioemu,1.2737
tbp,bioemu,1.3293
tbp,bioemu,2.1945
tbp,bioemu,1.3576
tbp,bioemu,1.0232
tbp,bioemu,0.8457
tbp,bioemu,1.1547
tbp,bioemu,1.1446
tbp,bioemu,2.2984
tbp,bioemu,1.4736
tbp,bioemu,1.198
tbp,bioemu,1.3539
tbp,bioemu,2.509
tbp,bioemu,1.8858
tbp,bioemu,1.887
tbp,bioemu,1.3992
tbp,bioemu,2.9154
tbp,bioemu,1.7714
tbp,bioemu,1.7442
tbp,bioemu,1.1926
tbp,bioemu,1.8947
tbp,bioemu,1.472
tbp,bioemu,1.6126
tbp,bioemu,1.2252
tbp,bioemu,2.3613
tbp,bioemu,1.4064
tbp,bioemu,1.6452
tbp,bioemu,1.7382
tbp,bioemu,1.3952
tbp,bioemu,1.7228
tbp,bioemu,2.3199
tbp,bioemu,1.8599
tbp,bioemu,1.6434
tbp,bioemu,1.8167
tbp,bioemu,1.3609
tbp,bioemu,1.8425
tbp,bioemu,1.6478
tbp,bioemu,1.8334
tbp,bioemu,1.7002
tbp,bioemu,3.0761
tbp,bioemu,1.066
tbp,bioemu,2.0277
tbp,bioemu,1.3049
tbp,bioemu,1.6642
tbp,bioemu,1.3361
tbp,bioemu,1.5187
tbp,bioemu,2.7777
tbp,bioemu,2.0811
tbp,bioemu,1.6897
tbp,bioemu,2.38
tbp,bioemu,2.0404
tbp,bioemu,1.3559
tbp,bioemu,1.5251
tbp,bioemu,2.2862
tbp,bioemu,1.3434
tbp,bioemu,1.6848
tbp,bioemu,1.6427
tbp,bioemu,1.3207
tbp,bioemu,1.2497
tbp,bioemu,2.351
tbp,bioemu,2.4991
tbp,bioemu,1.2515
tbp,bioemu,1.6046
tbp,bioemu,1.3464
tbp,bioemu,2.5883
tbp,bioemu,1.4917
tbp,bioemu,1.4677
tbp,bioemu,1.4819
tbp,bioemu,2.1526
tbp,bioemu,1.408
tbp,bioemu,2.0058
tbp,bioemu,1.1496
tbp,bioemu,2.0321
tbp,bioemu,1.5455
tbp,bioemu,1.3742
tbp,bioemu,2.266
tbp,bioemu,2.1767
tbp,bioemu,1.3377
tbp,bioemu,2.1985
tbp,bioemu,2.0817
tbp,bioemu,2.1473
tbp,bioemu,1.6107
tbp,bioemu,2.1052
tbp,bioemu,1.5041
tbp,bioemu,1.4333
tbp,bioemu,1.4318
tbp,bioemu,1.683
tbp,bioemu,1.9202
tbp,bioemu,2.2784
tbp,bioemu,2.1672
tbp,bioemu,1.7062
tbp,bioemu,1.6055
tbp,bioemu,1.9454
tbp,bioemu,2.2438
tbp,bioemu,1.8444
tbp,bioemu,1.7183
tbp,bioemu,1.9097
tbp,bioemu,2.0285
tbp,bioemu,1.9283
tbp,bioemu,1.4138
tbp,bioemu,1.493
tbp,bioemu,2.0424
tbp,bioemu,2.8937
tbp,bioemu,1.4461
tbp,bioemu,1.4491
tbp,bioemu,2.1387
tbp,bioemu,1.6018
tbp,bioemu,1.6884
tbp,bioemu,1.5322
tbp,bioemu,1.645
tbp,bioemu,2.8191
tbp,bioemu,1.4436
tbp,bioemu,1.625
tbp,bioemu,1.826
tbp,bioemu,1.5064
tbp,bioemu,1.296
tbp,bioemu,1.5411
tbp,bioemu,1.7062
tbp,bioemu,1.813
tbp,bioemu,1.6544
tbp,bioemu,1.3815
tbp,bioemu,2.5435
tbp,bioemu,1.5677
tbp,bioemu,1.5639
tbp,bioemu,1.3389
tbp,bioemu,2.5401
tbp,bioemu,1.899
tbp,bioemu,2.0614
tbp,bioemu,1.6001
tbp,bioemu,1.5772
tbp,bioemu,1.7599
tbp,bioemu,1.7952
tbp,bioemu,2.0507
tbp,bioemu,1.9187
tbp,bioemu,1.5015
tbp,bioemu,1.752
tbp,bioemu,2.1116
tbp,bioemu,1.7494
tbp,bioemu,2.0297
tbp,bioemu,2.2714
tbp,bioemu,1.6708
tbp,bioemu,1.8872
tbp,bioemu,1.4073
tbp,bioemu,1.6902
tbp,bioemu,2.0296
tbp,bioemu,1.7357
tbp,bioemu,1.5651
tbp,bioemu,1.7551
tbp,bioemu,2.1069
tbp,bioemu,1.6657
tbp,bioemu,2.0234
tbp,bioemu,1.8899
tbp,bioemu,1.5446
tbp,bioemu,1.8461
tbp,bioemu,1.602
tbp,bioemu,2.0333
tbp,bioemu,1.3668
tbp,bioemu,1.713
tbp,bioemu,2.0343
tbp,bioemu,1.4361
tbp,bioemu,1.6564
tbp,bioemu,1.731
tbp,bioemu,2.3009
tbp,bioemu,1.5777
tbp,bioemu,1.7846
tbp,bioemu,3.1298
tbp,bioemu,1.9228
tbp,bioemu,1.3011
tbp,bioemu,1.2851
tbp,bioemu,1.3863
tbp,bioemu,1.3089
tbp,bioemu,1.9006
tbp,bioemu,1.8387
tbp,bioemu,2.1102
tbp,bioemu,2.3151
tbp,bioemu,1.8078
tbp,bioemu,1.8924
tbp,bioemu,1.6604
tbp,bioemu,1.6342
tbp,bioemu,1.9281
tbp,bioemu,1.4022
tbp,bioemu,1.4433
tbp,bioemu,1.4736
tbp,bioemu,2.359
tbp,bioemu,1.702
tbp,bioemu,1.4715
tbp,bioemu,1.1766
tbp,bioemu,2.6724
tbp,bioemu,1.5448
tbp,bioemu,1.4239
tbp,bioemu,1.4946
tbp,bioemu,1.2843
tbp,bioemu,1.4538
tbp,bioemu,1.3543
tbp,bioemu,1.2384
tbp,bioemu,2.5724
tbp,bioemu,1.2034
tbp,bioemu,1.1574
tbp,bioemu,1.9798
tbp,bioemu,0.9428
tbp,bioemu,1.4374
tbp,bioemu,1.9577
tbp,bioemu,1.6294
tbp,bioemu,1.7808
tbp,bioemu,1.6546
tbp,bioemu,1.0482
tbp,bioemu,2.318
tbp,bioemu,0.9905
tbp,bioemu,1.6552
tbp,bioemu,1.5809
tbp,bioemu,2.6499
tbp,bioemu,0.9725
tbp,bioemu,1.8773
tbp,bioemu,1.043
tbp,bioemu,1.2389
tbp,bioemu,0.8629
tbp,bioemu,1.3707
tbp,bioemu,2.6177
tbp,bioemu,1.7356
tbp,bioemu,1.4026
tbp,bioemu,2.2997
tbp,bioemu,2.135
tbp,bioemu,1.2006
tbp,bioemu,1.7666
tbp,bioemu,2.3574
tbp,bioemu,1.0129
tbp,bioemu,1.5894
tbp,bioemu,1.427
tbp,bioemu,1.167
tbp,bioemu,1.71
tbp,bioemu,1.54
tbp,bioemu,1.9107
tbp,bioemu,0.8889
tbp,bioemu,2.0407
tbp,bioemu,1.4493
tbp,bioemu,2.3784
tbp,bioemu,1.6166
tbp,bioemu,1.1561
tbp,bioemu,1.3232
tbp,bioemu,1.5595
tbp,bioemu,1.4321
tbp,bioemu,1.6284
tbp,bioemu,1.0697
tbp,bioemu,1.6224
tbp,bioemu,0.9403
tbp,bioemu,0.9859
tbp,bioemu,1.8574
tbp,bioemu,2.4155
tbp,bioemu,0.9621
tbp,bioemu,2.0101
tbp,bioemu,2.8492
tbp,bioemu,1.9022
tbp,bioemu,0.9344
tbp,bioemu,1.7288
tbp,bioemu,1.2065
tbp,bioemu,1.2348
tbp,bioemu,1.1636
tbp,bioemu,1.7459
tbp,bioemu,1.675
tbp,bioemu,2.392
tbp,bioemu,1.4376
tbp,bioemu,1.8404
tbp,bioemu,1.6795
tbp,bioemu,1.8893
tbp,bioemu,1.6866
tbp,bioemu,1.0713
tbp,bioemu,1.4431
tbp,bioemu,1.9915
tbp,bioemu,1.6284
tbp,bioemu,1.3817
tbp,bioemu,1.4029
tbp,bioemu,2.3784
tbp,bioemu,1.567
tbp,bioemu,1.4117
tbp,bioemu,1.3723
tbp,bioemu,1.4021
tbp,bioemu,1.1079
tbp,bioemu,1.0781
tbp,bioemu,1.2528
tbp,bioemu,1.8251
tbp,bioemu,1.0161
tbp,bioemu,1.2401
tbp,bioemu,1.5465
tbp,bioemu,1.2825
tbp,bioemu,1.4457
tbp,bioemu,1.7289
tbp,bioemu,1.2881
tbp,bioemu,1.3561
tbp,bioemu,1.2354
tbp,bioemu,1.2369
tbp,bioemu,1.4636
tbp,bioemu,1.2806
tbp,bioemu,1.6546
tbp,bioemu,1.2595
tbp,bioemu,2.4778
tbp,bioemu,1.083
tbp,bioemu,1.7972
tbp,bioemu,1.0278
tbp,bioemu,1.1907
tbp,bioemu,1.3314
tbp,bioemu,1.1917
tbp,bioemu,2.1361
tbp,bioemu,1.6023
tbp,bioemu,1.1889
tbp,bioemu,1.8604
tbp,bioemu,1.4703
tbp,bioemu,0.9914
tbp,bioemu,1.1596
tbp,bioemu,1.6786
tbp,bioemu,1.042
tbp,bioemu,1.1598
tbp,bioemu,1.2174
tbp,bioemu,0.9843
tbp,bioemu,0.9649
tbp,bioemu,2.0989
tbp,bioemu,2.021
tbp,bioemu,1.0656
tbp,bioemu,1.5465
tbp,bioemu,1.1907
tbp,bioemu,2.0096
tbp,bioemu,1.6221
tbp,bioemu,1.1433
tbp,bioemu,0.9676
tbp,bioemu,1.619
tbp,bioemu,1.1524
tbp,bioemu,1.4489
tbp,bioemu,0.9271
tbp,bioemu,1.4564
tbp,bioemu,1.2445
tbp,bioemu,1.1074
tbp,bioemu,1.6288
tbp,bioemu,1.639
tbp,bioemu,1.1798
tbp,bioemu,1.5775
tbp,bioemu,1.9822
tbp,bioemu,1.6037
tbp,bioemu,1.3633
tbp,bioemu,1.6408
tbp,bioemu,1.1226
tbp,bioemu,1.0728
tbp,bioemu,1.0326
tbp,bioemu,1.1481
tbp,bioemu,1.5851
tbp,bioemu,1.7641
tbp,bioemu,2.1054
tbp,bioemu,1.4055
tbp,bioemu,1.1785
tbp,bioemu,1.4052
tbp,bioemu,1.6825
tbp,bioemu,1.5114
tbp,bioemu,2.6215
tbp,bioemu,1.4839
tbp,bioemu,1.9393
tbp,bioemu,1.2671
tbp,bioemu,3.2987
tbp,bioemu,1.5195
tbp,bioemu,1.3997
tbp,bioemu,1.2915
tbp,bioemu,2.041
tbp,bioemu,1.2387
tbp,bioemu,1.7876
tbp,bioemu,0.8072
tbp,bioemu,2.787
tbp,bioemu,1.379
tbp,bioemu,1.8452
tbp,bioemu,1.4352
tbp,bioemu,1.4757
tbp,bioemu,1.4798
tbp,bioemu,2.3271
tbp,bioemu,2.0867
tbp,bioemu,1.5052
tbp,bioemu,1.739
tbp,bioemu,1.1427
tbp,bioemu,2.1159
tbp,bioemu,1.7013
tbp,bioemu,1.8022
tbp,bioemu,1.7064
tbp,bioemu,3.1761
tbp,bioemu,1.2897
tbp,bioemu,1.8915
tbp,bioemu,1.2971
tbp,bioemu,1.6432
tbp,bioemu,1.4068
tbp,bioemu,1.5219
tbp,bioemu,2.7859
tbp,bioemu,2.2202
tbp,bioemu,1.6162
tbp,bioemu,2.2304
tbp,bioemu,2.2013
tbp,bioemu,1.637
tbp,bioemu,1.8879
tbp,bioemu,2.6071
tbp,bioemu,1.443
tbp,bioemu,1.8031
tbp,bioemu,1.5532
tbp,bioemu,1.5629
tbp,bioemu,1.1973
tbp,bioemu,2.3664
tbp,bioemu,2.1341
tbp,bioemu,1.5191
tbp,bioemu,1.3802
tbp,bioemu,0.8309
tbp,bioemu,2.7024
tbp,bioemu,1.0175
tbp,bioemu,1.3991
tbp,bioemu,1.6304
tbp,bioemu,2.2068
tbp,bioemu,1.5967
tbp,bioemu,1.6751
tbp,bioemu,1.202
tbp,bioemu,2.3008
tbp,bioemu,1.5474
tbp,bioemu,1.4536
tbp,bioemu,2.277
tbp,bioemu,2.2105
tbp,bioemu,1.083
tbp,bioemu,2.1485
tbp,bioemu,2.1871
tbp,bioemu,2.3357
tbp,bioemu,1.446
tbp,bioemu,1.8674
tbp,bioemu,1.5006
tbp,bioemu,1.2997
tbp,bioemu,1.5974
tbp,bioemu,1.8064
tbp,bioemu,2.2982
tbp,bioemu,2.5009
tbp,bioemu,1.8229
tbp,bioemu,1.6575
tbp,bioemu,1.6822
tbp,bioemu,2.0067
tbp,bioemu,2.2474
tbp,bioemu,1.6881
tbp,bioemu,1.8236
tbp,bioemu,1.3023
tbp,bioemu,2.7265
tbp,bioemu,2.0846
tbp,bioemu,1.8915
tbp,bioemu,1.8044
tbp,bioemu,2.6848
tbp,bioemu,1.6193
tbp,bioemu,1.9292
tbp,bioemu,1.438
tbp,bioemu,2.2307
tbp,bioemu,2.1052
tbp,bioemu,1.5995
tbp,bioemu,1.6705
tbp,bioemu,2.0421
tbp,bioemu,1.8631
tbp,bioemu,1.794
tbp,bioemu,1.0474
tbp,bioemu,1.3374
tbp,bioemu,1.7535
tbp,bioemu,1.7365
tbp,bioemu,2.0247
tbp,bioemu,2.0613
tbp,bioemu,1.9369
tbp,bioemu,1.5866
tbp,bioemu,1.4188
tbp,bioemu,1.6845
tbp,bioemu,2.4246
tbp,bioemu,2.3354
tbp,bioemu,1.8905
tbp,bioemu,1.7151
tbp,bioemu,2.1325
tbp,bioemu,2.3082
tbp,bioemu,1.2245
tbp,bioemu,1.4358
tbp,bioemu,1.5895
tbp,bioemu,1.3304
tbp,bioemu,1.3357
tbp,bioemu,1.7968
tbp,bioemu,1.7019
tbp,bioemu,1.4876
tbp,bioemu,1.8483
tbp,bioemu,1.9263
tbp,bioemu,1.5056
tbp,bioemu,1.739
tbp,bioemu,2.3355
tbp,bioemu,1.9087
tbp,bioemu,2.2702
tbp,bioemu,1.9922
tbp,bioemu,2.5032
tbp,bioemu,2.1788
tbp,bioemu,1.1642
tbp,bioemu,2.3907
tbp,bioemu,1.7034
tbp,bioemu,1.7672
tbp,bioemu,1.4907
tbp,bioemu,2.2281
tbp,bioemu,1.8162
tbp,bioemu,2.0342
tbp,bioemu,2.1376
tbp,bioemu,1.7529
tbp,bioemu,2.0086
tbp,bioemu,1.3248
tbp,bioemu,2.3714
tbp,bioemu,2.2176
tbp,bioemu,1.2456
tbp,bioemu,2.9966
tbp,bioemu,1.2349
tbp,bioemu,1.8835
tbp,bioemu,1.3744
tbp,bioemu,1.5938
tbp,bioemu,1.8193
tbp,bioemu,2.2104
tbp,bioemu,1.5292
tbp,bioemu,1.8223
tbp,bioemu,1.698
tbp,bioemu,2.9896
tbp,bioemu,1.9004
tbp,bioemu,1.3917
tbp,bioemu,1.2163
tbp,bioemu,1.7569
tbp,bioemu,1.866
tbp,bioemu,1.4072
tbp,bioemu,1.9156
tbp,bioemu,2.9703
tbp,bioemu,1.0501
tbp,bioemu,1.1567
tbp,bioemu,1.8095
tbp,bioemu,1.7244
tbp,bioemu,1.1475
tbp,bioemu,1.4467
tbp,bioemu,1.0636
tbp,bioemu,2.5946
tbp,bioemu,1.1314
tbp,bioemu,1.6141
tbp,bioemu,1.2316
tbp,bioemu,1.3303
tbp,bioemu,1.0928
tbp,bioemu,1.5273
tbp,bioemu,1.5931
tbp,bioemu,1.2291
tbp,bioemu,1.5909
tbp,bioemu,1.082
tbp,bioemu,2.0703
tbp,bioemu,1.6084
tbp,bioemu,1.1811
tbp,bioemu,1.0698
tbp,bioemu,2.5782
tbp,bioemu,1.7283
tbp,bioemu,1.795
tbp,bioemu,1.336
tbp,bioemu,1.3669
tbp,bioemu,1.5763
tbp,bioemu,1.7579
tbp,bioemu,1.9741
tbp,bioemu,1.9137
tbp,bioemu,1.303
tbp,bioemu,1.3513
tbp,bioemu,1.7001
tbp,bioemu,1.5457
tbp,bioemu,1.7401
tbp,bioemu,2.1502
tbp,bioemu,1.4377
tbp,bioemu,1.8775
tbp,bioemu,1.1089
tbp,bioemu,1.4817
tbp,bioemu,1.5765
tbp,bioemu,1.9387
tbp,bioemu,1.7573
tbp,bioemu,1.6116
tbp,bioemu,1.4091
tbp,bioemu,1.1404
tbp,bioemu,1.9747
tbp,bioemu,1.0755
tbp,bioemu,1.1316
tbp,bioemu,1.5236
tbp,bioemu,1.7613
tbp,bioemu,1.8876
tbp,bioemu,1.3698
tbp,bioemu,1.4797
tbp,bioemu,2.2225
tbp,bioemu,1.3914
tbp,bioemu,1.4159
tbp,bioemu,1.7821
tbp,bioemu,2.2179
tbp,bioemu,1.3259
tbp,bioemu,1.5743
tbp,bioemu,2.3949
tbp,bioemu,1.8311
tbp,bioemu,1.2491
tbp,bioemu,1.0696
tbp,bioemu,1.1388
tbp,bioemu,1.122
tbp,bioemu,1.7788
tbp,bioemu,1.522
tbp,bioemu,2.1788
tbp,bioemu,1.9373
tbp,bioemu,2.0929
tbp,bioemu,1.4505
tbp,bioemu,1.2389
tbp,bioemu,1.3782
tbp,bioemu,2.0159
tbp,bioemu,1.3287
tbp,bioemu,1.8911
tbp,bioemu,1.8615
tbp,bioemu,1.2506
tbp,bioemu,1.1671
tbp,bioemu,1.9969
tbp,bioemu,0.8037
tbp,bioemu,1.1564
tbp,bioemu,0.6867
tbp,bioemu,1.4751
tbp,bioemu,1.8392
tbp,bioemu,0.8073
tbp,bioemu,0.751
tbp,bioemu,1.6127
tbp,bioemu,1.0321
tbp,bioemu,1.2098
tbp,bioemu,0.7851
tbp,bioemu,0.7847
tbp,bioemu,1.1823
tbp,bioemu,1.2185
tbp,bioemu,1.2456
tbp,bioemu,1.7596
tbp,bioemu,1.0748
tbp,bioemu,1.1181
tbp,bioemu,0.92
tbp,bioemu,1.5825
tbp,bioemu,1.6424
tbp,bioemu,1.791
tbp,bioemu,1.2205
tbp,bioemu,0.8324
tbp,bioemu,1.2319
tbp,bioemu,1.7191
tbp,bioemu,1.3598
tbp,bioemu,1.0574
tbp,bioemu,0.8185
tbp,bioemu,1.3926
tbp,bioemu,1.1741
tbp,bioemu,0.957
tbp,bioemu,1.178
tbp,bioemu,1.3447
tbp,bioemu,0.9339
tbp,bioemu,1.3998
tbp,bioemu,0.7249
tbp,bioemu,0.9686
tbp,bioemu,1.769
tbp,bioemu,1.3538
tbp,bioemu,1.6603
tbp,bioemu,1.0405
tbp,bioemu,2.0702
tbp,bioemu,1.5278
tbp,bioemu,1.1344
tbp,bioemu,1.8065
tbp,bioemu,0.8415
tbp,bioemu,1.0693
tbp,bioemu,0.8037
tbp,bioemu,1.5909
tbp,bioemu,1.2664
tbp,bioemu,1.2723
tbp,bioemu,1.4783
tbp,bioemu,0.8542
tbp,bioemu,1.1015
tbp,bioemu,0.8394
tbp,bioemu,2.0799
tbp,bioemu,1.3996
tbp,bioemu,0.8677
tbp,bioemu,2.604
tbp,bioemu,0.9813
tbp,bioemu,0.9689
tbp,bioemu,0.8737
tbp,bioemu,0.8019
tbp,bioemu,1.0861
tbp,bioemu,1.4883
tbp,bioemu,0.9474
tbp,bioemu,1.3246
tbp,bioemu,1.431
tbp,bioemu,2.1996
tbp,bioemu,1.4614
tbp,bioemu,1.1552
tbp,bioemu,0.816
tbp,bioemu,1.0903
tbp,bioemu,1.0142
tbp,bioemu,3.023
tbp,bioemu,1.7717
tbp,bioemu,1.6292
tbp,bioemu,1.3436
tbp,bioemu,1.7631
tbp,bioemu,1.4739
tbp,bioemu,1.708
tbp,bioemu,1.279
tbp,bioemu,2.7003
tbp,bioemu,1.447
tbp,bioemu,1.5689
tbp,bioemu,1.883
tbp,bioemu,1.4221
tbp,bioemu,1.627
tbp,bioemu,2.3532
tbp,bioemu,2.0468
tbp,bioemu,1.885
tbp,bioemu,1.6992
tbp,bioemu,1.2847
tbp,bioemu,2.3433
tbp,bioemu,1.4543
tbp,bioemu,2.1224
tbp,bioemu,1.8334
tbp,bioemu,3.1016
tbp,bioemu,1.0454
tbp,bioemu,2.0131
tbp,bioemu,1.2894
tbp,bioemu,1.5646
tbp,bioemu,1.2832
tbp,bioemu,1.359
tbp,bioemu,2.9319
tbp,bioemu,2.1479
tbp,bioemu,1.607
tbp,bioemu,2.5131
tbp,bioemu,2.3968
tbp,bioemu,1.4529
tbp,bioemu,1.9477
tbp,bioemu,2.6102
tbp,bioemu,1.3626
tbp,bioemu,1.4876
tbp,bioemu,1.6956
tbp,bioemu,1.4905
tbp,bioemu,1.5065
tbp,bioemu,2.0788
tbp,bioemu,2.0855
tbp,bioemu,1.2471
tbp,bioemu,1.9922
tbp,bioemu,1.318
tbp,bioemu,2.7503
tbp,bioemu,1.6429
tbp,bioemu,1.5576
tbp,bioemu,1.6455
tbp,bioemu,2.0164
tbp,bioemu,1.5151
tbp,bioemu,1.6929
tbp,bioemu,1.1418
tbp,bioemu,1.8308
tbp,bioemu,1.4107
tbp,bioemu,1.3267
tbp,bioemu,2.2325
tbp,bioemu,2.2121
tbp,bioemu,1.0027
tbp,bioemu,2.2395
tbp,bioemu,2.5977
tbp,bioemu,2.2384
tbp,bioemu,1.3586
tbp,bioemu,2.0614
tbp,bioemu,1.489
tbp,bioemu,1.3667
tbp,bioemu,1.341
tbp,bioemu,1.8861
tbp,bioemu,2.0433
tbp,bioemu,2.5972
tbp,bioemu,1.4938
tbp,bioemu,1.9312
tbp,bioemu,1.8814
tbp,bioemu,2.1371
tbp,bioemu,2.0074
tbp,bioemu,1.573
tbp,bioemu,2.7335
tbp,bioemu,2.6757
tbp,bioemu,3.2456
tbp,bioemu,1.7656
tbp,bioemu,2.5076
tbp,bioemu,1.8782
tbp,bioemu,2.9598
tbp,bioemu,1.6987
tbp,bioemu,2.2191
tbp,bioemu,1.8959
tbp,bioemu,3.0247
tbp,bioemu,2.4195
tbp,bioemu,2.6582
tbp,bioemu,1.9089
tbp,bioemu,1.7061
tbp,bioemu,2.4432
tbp,bioemu,2.2248
tbp,bioemu,2.8091
tbp,bioemu,2.353
tbp,bioemu,2.1755
tbp,bioemu,2.5045
tbp,bioemu,2.4066
tbp,bioemu,1.2495
tbp,bioemu,2.7879
tbp,bioemu,2.932
tbp,bioemu,2.421
tbp,bioemu,2.1063
tbp,bioemu,2.5069
tbp,bioemu,2.7536
tbp,bioemu,1.9509
tbp,bioemu,1.8654
tbp,bioemu,2.0478
tbp,bioemu,2.5657
tbp,bioemu,1.854
tbp,bioemu,2.0584
tbp,bioemu,1.9315
tbp,bioemu,1.6393
tbp,bioemu,2.1666
tbp,bioemu,2.1834
tbp,bioemu,2.1984
tbp,bioemu,2.0725
tbp,bioemu,2.9358
tbp,bioemu,2.3335
tbp,bioemu,2.848
tbp,bioemu,2.1838
tbp,bioemu,3.4085
tbp,bioemu,2.9273
tbp,bioemu,1.6046
tbp,bioemu,3.3416
tbp,bioemu,2.2928
tbp,bioemu,2.0615
tbp,bioemu,1.7295
tbp,bioemu,2.5791
tbp,bioemu,2.4801
tbp,bioemu,2.4603
tbp,bioemu,1.899
tbp,bioemu,2.2664
tbp,bioemu,2.383
tbp,bioemu,1.6093
tbp,bioemu,2.7906
tbp,bioemu,2.8123
tbp,bioemu,1.7837
tbp,bioemu,3.421
tbp,bioemu,1.5785
tbp,bioemu,2.4441
tbp,bioemu,2.3405
tbp,bioemu,2.251
tbp,bioemu,2.5542
tbp,bioemu,2.3987
tbp,bioemu,1.9951
tbp,bioemu,1.9317
tbp,bioemu,1.9638
tbp,bioemu,3.5084
tbp,bioemu,2.6486
tbp,bioemu,2.2952
tbp,bioemu,2.0133
tbp,bioemu,1.6294
tbp,bioemu,2.4203
tbp,bioemu,1.134
tbp,bioemu,1.8885
tbp,bioemu,1.506
tbp,bioemu,1.2266
tbp,bioemu,1.3151
tbp,bioemu,1.0673
tbp,bioemu,2.4687
tbp,bioemu,1.0458
tbp,bioemu,1.3946
tbp,bioemu,1.4497
tbp,bioemu,1.207
tbp,bioemu,0.9948
tbp,bioemu,1.4984
tbp,bioemu,1.4459
tbp,bioemu,1.2208
tbp,bioemu,1.5166
tbp,bioemu,1.1399
tbp,bioemu,2.1102
tbp,bioemu,1.4294
tbp,bioemu,1.2264
tbp,bioemu,1.0586
tbp,bioemu,2.4263
tbp,bioemu,1.6213
tbp,bioemu,1.7998
tbp,bioemu,1.3091
tbp,bioemu,1.2518
tbp,bioemu,1.2927
tbp,bioemu,1.6646
tbp,bioemu,1.9231
tbp,bioemu,1.7617
tbp,bioemu,1.247
tbp,bioemu,1.532
tbp,bioemu,1.7051
tbp,bioemu,1.4118
tbp,bioemu,1.6371
tbp,bioemu,2.0659
tbp,bioemu,1.2383
tbp,bioemu,1.7418
tbp,bioemu,0.9678
tbp,bioemu,1.3639
tbp,bioemu,1.5862
tbp,bioemu,1.7122
tbp,bioemu,1.5901
tbp,bioemu,1.3976
tbp,bioemu,1.6961
tbp,bioemu,1.1996
tbp,bioemu,1.8852
tbp,bioemu,1.3534
tbp,bioemu,1.1256
tbp,bioemu,1.4661
tbp,bioemu,1.4837
tbp,bioemu,1.6948
tbp,bioemu,1.3498
tbp,bioemu,1.3686
tbp,bioemu,1.9345
tbp,bioemu,1.2029
tbp,bioemu,1.2519
tbp,bioemu,1.6582
tbp,bioemu,2.1429
tbp,bioemu,1.3079
tbp,bioemu,1.541
tbp,bioemu,2.4922
tbp,bioemu,1.7025
tbp,bioemu,1.066
tbp,bioemu,1.0505
tbp,bioemu,1.1118
tbp,bioemu,1.0063
tbp,bioemu,1.7071
tbp,bioemu,1.4412
tbp,bioemu,1.8796
tbp,bioemu,1.9027
tbp,bioemu,2.0362
tbp,bioemu,1.5236
tbp,bioemu,1.3453
tbp,bioemu,1.3511
tbp,bioemu,1.8259
tbp,bioemu,1.2242
tbp,bioemu,1.5996
tbp,bioemu,1.3937
tbp,bioemu,1.0123
tbp,bioemu,1.1701
tbp,bioemu,1.0552
tbp,bioemu,2.3369
tbp,bioemu,0.9026
tbp,bioemu,1.3254
tbp,bioemu,1.2789
tbp,bioemu,1.1401
tbp,bioemu,1.137
tbp,bioemu,1.4018
tbp,bioemu,1.4646
tbp,bioemu,1.15
tbp,bioemu,1.3378
tbp,bioemu,0.9649
tbp,bioemu,1.86
tbp,bioemu,1.3531
tbp,bioemu,1.367
tbp,bioemu,1.0837
tbp,bioemu,2.3781
tbp,bioemu,1.4351
tbp,bioemu,1.7246
tbp,bioemu,1.1583
tbp,bioemu,1.0876
tbp,bioemu,1.2918
tbp,bioemu,1.5255
tbp,bioemu,1.9275
tbp,bioemu,1.5636
tbp,bioemu,1.0605
tbp,bioemu,1.5336
tbp,bioemu,1.614
tbp,bioemu,1.272
tbp,bioemu,1.5204
tbp,bioemu,1.9277
tbp,bioemu,1.1491
tbp,bioemu,1.4942
tbp,bioemu,0.9793
tbp,bioemu,1.2364
tbp,bioemu,1.4936
tbp,bioemu,1.7544
tbp,bioemu,1.6609
tbp,bioemu,1.2279
tbp,bioemu,1.66
tbp,bioemu,1.1016
tbp,bioemu,1.8383
tbp,bioemu,1.282
tbp,bioemu,1.0405
tbp,bioemu,1.327
tbp,bioemu,1.5225
tbp,bioemu,1.4302
tbp,bioemu,1.3201
tbp,bioemu,1.1685
tbp,bioemu,1.9397
tbp,bioemu,1.0523
tbp,bioemu,1.1347
tbp,bioemu,1.4743
tbp,bioemu,2.0195
tbp,bioemu,1.0987
tbp,bioemu,1.4009
tbp,bioemu,2.3962
tbp,bioemu,1.6029
tbp,bioemu,1.0785
tbp,bioemu,1.0816
tbp,bioemu,0.9731
tbp,bioemu,1.0123
tbp,bioemu,1.498
tbp,bioemu,1.2142
tbp,bioemu,1.7738
tbp,bioemu,1.8539
tbp,bioemu,1.8381
tbp,bioemu,1.3684
tbp,bioemu,1.2107
tbp,bioemu,1.2765
tbp,bioemu,1.6626
tbp,bioemu,1.1831
tbp,bioemu,2.0304
tbp,bioemu,1.3968
tbp,bioemu,1.7208
tbp,bioemu,1.1989
tbp,bioemu,2.6264
tbp,bioemu,1.4874
tbp,bioemu,1.7951
tbp,bioemu,1.5608
tbp,bioemu,1.4616
tbp,bioemu,1.7171
tbp,bioemu,2.3522
tbp,bioemu,2.1202
tbp,bioemu,1.7763
tbp,bioemu,1.8071
tbp,bioemu,1.2195
tbp,bioemu,1.9331
tbp,bioemu,1.764
tbp,bioemu,1.9397
tbp,bioemu,1.7433
tbp,bioemu,3.3042
tbp,bioemu,0.9535
tbp,bioemu,1.9677
tbp,bioemu,1.4338
tbp,bioemu,1.6736
tbp,bioemu,1.5727
tbp,bioemu,1.5032
tbp,bioemu,2.8935
tbp,bioemu,2.2088
tbp,bioemu,1.7601
tbp,bioemu,2.4
tbp,bioemu,2.2626
tbp,bioemu,1.511
tbp,bioemu,1.7343
tbp,bioemu,2.4225
tbp,bioemu,1.483
tbp,bioemu,1.7355
tbp,bioemu,1.7486
tbp,bioemu,1.454
tbp,bioemu,1.3099
tbp,bioemu,2.4913
tbp,bioemu,2.4233
tbp,bioemu,1.3571
tbp,bioemu,1.4876
tbp,bioemu,1.2836
tbp,bioemu,2.7534
tbp,bioemu,1.3839
tbp,bioemu,1.6037
tbp,bioemu,1.7237
tbp,bioemu,2.3013
tbp,bioemu,1.3433
tbp,bioemu,2.0335
tbp,bioemu,1.2324
tbp,bioemu,2.2643
tbp,bioemu,1.6039
tbp,bioemu,1.3793
tbp,bioemu,2.3672
tbp,bioemu,2.2364
tbp,bioemu,1.1655
tbp,bioemu,2.2941
tbp,bioemu,2.2087
tbp,bioemu,2.2846
tbp,bioemu,1.6707
tbp,bioemu,2.1162
tbp,bioemu,1.4893
tbp,bioemu,1.4455
tbp,bioemu,1.5029
tbp,bioemu,1.7841
tbp,bioemu,2.1536
tbp,bioemu,2.4097
tbp,bioemu,1.7762
tbp,bioemu,1.6543
tbp,bioemu,1.7828
tbp,bioemu,2.0177
tbp,bioemu,2.4271
tbp,bioemu,1.8803
tbp,bioemu,1.4196
tbp,bioemu,0.8627
tbp,bioemu,1.6336
tbp,bioemu,1.8995
tbp,bioemu,1.0161
tbp,bioemu,0.6442
tbp,bioemu,1.9703
tbp,bioemu,1.094
tbp,bioemu,1.3921
tbp,bioemu,1.1673
tbp,bioemu,0.8932
tbp,bioemu,1.5622
tbp,bioemu,1.2574
tbp,bioemu,1.368
tbp,bioemu,2.0057
tbp,bioemu,0.8666
tbp,bioemu,1.5102
tbp,bioemu,1.2464
tbp,bioemu,1.6806
tbp,bioemu,1.531
tbp,bioemu,1.8962
tbp,bioemu,1.137
tbp,bioemu,0.9206
tbp,bioemu,1.2332
tbp,bioemu,1.541
tbp,bioemu,1.7305
tbp,bioemu,1.1727
tbp,bioemu,0.9938
tbp,bioemu,1.7401
tbp,bioemu,1.5222
tbp,bioemu,0.99
tbp,bioemu,1.3154
tbp,bioemu,1.5777
tbp,bioemu,0.9896
tbp,bioemu,1.2957
tbp,bioemu,1.0376
tbp,bioemu,1.0393
tbp,bioemu,1.8413
tbp,bioemu,1.2834
tbp,bioemu,1.6278
tbp,bioemu,0.9664
tbp,bioemu,2.2352
tbp,bioemu,1.6746
tbp,bioemu,1.4558
tbp,bioemu,2.0662
tbp,bioemu,1.0316
tbp,bioemu,1.0726
tbp,bioemu,0.7211
tbp,bioemu,1.5151
tbp,bioemu,1.3028
tbp,bioemu,1.2997
tbp,bioemu,1.1044
tbp,bioemu,0.9075
tbp,bioemu,1.1204
tbp,bioemu,1.0269
tbp,bioemu,2.0341
tbp,bioemu,1.3806
tbp,bioemu,1.2613
tbp,bioemu,2.8404
tbp,bioemu,1.1464
tbp,bioemu,1.025
tbp,bioemu,1.2518
tbp,bioemu,1.0344
tbp,bioemu,1.1903
tbp,bioemu,1.2418
tbp,bioemu,1.2533
tbp,bioemu,1.2786
tbp,bioemu,1.717
tbp,bioemu,2.0582
tbp,bioemu,1.7853
tbp,bioemu,1.4005
tbp,bioemu,1.2368
tbp,bioemu,0.9907
tbp,bioemu,1.0085
tbp,bioemu,1.0159
tbp,bioemu,0.9128
tbp,bioemu,1.978
tbp,bioemu,0.7259
tbp,bioemu,1.218
tbp,bioemu,1.0725
tbp,bioemu,1.1244
tbp,bioemu,1.1737
tbp,bioemu,1.4718
tbp,bioemu,1.3355
tbp,bioemu,0.8661
tbp,bioemu,1.2147
tbp,bioemu,0.9573
tbp,bioemu,1.432
tbp,bioemu,1.3516
tbp,bioemu,1.3129
tbp,bioemu,1.0704
tbp,bioemu,2.3616
tbp,bioemu,1.2629
tbp,bioemu,1.5863
tbp,bioemu,1.0744
tbp,bioemu,0.9477
tbp,bioemu,1.2398
tbp,bioemu,1.4832
tbp,bioemu,1.9023
tbp,bioemu,1.6133
tbp,bioemu,0.8518
tbp,bioemu,1.5314
tbp,bioemu,1.3697
tbp,bioemu,1.0066
tbp,bioemu,1.15
tbp,bioemu,1.7106
tbp,bioemu,0.9187
tbp,bioemu,1.3783
tbp,bioemu,0.8601
tbp,bioemu,0.9942
tbp,bioemu,1.1905
tbp,bioemu,1.9911
tbp,bioemu,1.8387
tbp,bioemu,1.1032
tbp,bioemu,1.4209
tbp,bioemu,0.8538
tbp,bioemu,1.7851
tbp,bioemu,1.1652
tbp,bioemu,0.8801
tbp,bioemu,1.1149
tbp,bioemu,1.542
tbp,bioemu,1.3771
tbp,bioemu,1.3106
tbp,bioemu,0.95
tbp,bioemu,1.8447
tbp,bioemu,1.1281
tbp,bioemu,1.0027
tbp,bioemu,1.4885
tbp,bioemu,1.901
tbp,bioemu,1.0274
tbp,bioemu,1.2521
tbp,bioemu,1.9767
tbp,bioemu,1.5158
tbp,bioemu,1.1252
tbp,bioemu,1.1732
tbp,bioemu,0.8489
tbp,bioemu,0.9434
tbp,bioemu,1.365
tbp,bioemu,0.9471
tbp,bioemu,1.7906
tbp,bioemu,1.5886
tbp,bioemu,2.0124
tbp,bioemu,1.1636
tbp,bioemu,1.131
tbp,bioemu,1.1255
tbp,bioemu,1.6613
tbp,bioemu,1.3272
tbp,bioemu,1.3615
tbp,bioemu,1.5988
tbp,bioemu,0.6596
tbp,bioemu,0.7202
tbp,bioemu,1.5459
tbp,bioemu,0.9554
tbp,bioemu,1.251
tbp,bioemu,1.0085
tbp,bioemu,0.7911
tbp,bioemu,1.1107
tbp,bioemu,1.1631
tbp,bioemu,1.184
tbp,bioemu,1.457
tbp,bioemu,1.0539
tbp,bioemu,1.2332
tbp,bioemu,0.8665
tbp,bioemu,1.7872
tbp,bioemu,1.3253
tbp,bioemu,1.6882
tbp,bioemu,1.0771
tbp,bioemu,0.8231
tbp,bioemu,1.1369
tbp,bioemu,1.4453
tbp,bioemu,1.501
tbp,bioemu,1.114
tbp,bioemu,0.7469
tbp,bioemu,1.452
tbp,bioemu,1.0785
tbp,bioemu,0.6696
tbp,bioemu,0.906
tbp,bioemu,1.2058
tbp,bioemu,0.7236
tbp,bioemu,1.2049
tbp,bioemu,0.756
tbp,bioemu,0.7133
tbp,bioemu,1.5076
tbp,bioemu,1.5559
tbp,bioemu,1.7841
tbp,bioemu,0.87
tbp,bioemu,1.8897
tbp,bioemu,1.365
tbp,bioemu,1.2394
tbp,bioemu,1.7253
tbp,bioemu,0.8681
tbp,bioemu,0.9242
tbp,bioemu,0.9237
tbp,bioemu,1.2979
tbp,bioemu,1.3226
tbp,bioemu,0.9736
tbp,bioemu,1.352
tbp,bioemu,0.8743
tbp,bioemu,0.887
tbp,bioemu,0.9689
tbp,bioemu,1.932
tbp,bioemu,1.2992
tbp,bioemu,0.9714
tbp,bioemu,2.423
tbp,bioemu,0.9086
tbp,bioemu,1.0393
tbp,bioemu,1.042
tbp,bioemu,0.7222
tbp,bioemu,1.0185
tbp,bioemu,1.2602
tbp,bioemu,0.8229
tbp,bioemu,1.2381
tbp,bioemu,1.3321
tbp,bioemu,2.1543
tbp,bioemu,1.321
tbp,bioemu,1.034
tbp,bioemu,0.808
tbp,bioemu,1.2238
tbp,bioemu,1.1674
tbp,bioemu,2.4794
tbp,bioemu,0.9557
tbp,bioemu,1.4241
tbp,bioemu,1.1672
tbp,bioemu,1.0262
tbp,bioemu,1.102
tbp,bioemu,1.8616
tbp,bioemu,1.6526
tbp,bioemu,1.1321
tbp,bioemu,1.4668
tbp,bioemu,0.6892
tbp,bioemu,1.9018
tbp,bioemu,1.3833
tbp,bioemu,1.3817
tbp,bioemu,1.222
tbp,bioemu,2.7986
tbp,bioemu,1.0811
tbp,bioemu,1.6714
tbp,bioemu,1.0283
tbp,bioemu,1.2757
tbp,bioemu,1.1088
tbp,bioemu,1.3423
tbp,bioemu,2.3459
tbp,bioemu,1.895
tbp,bioemu,1.2517
tbp,bioemu,1.7999
tbp,bioemu,1.8639
tbp,bioemu,1.2591
tbp,bioemu,1.5191
tbp,bioemu,2.2112
tbp,bioemu,1.096
tbp,bioemu,1.6094
tbp,bioemu,1.0519
tbp,bioemu,1.1957
tbp,bioemu,1.0822
tbp,bioemu,2.0254
tbp,bioemu,1.7654
tbp,bioemu,1.1651
tbp,bioemu,1.1866
tbp,bioemu,0.6169
tbp,bioemu,2.2461
tbp,bioemu,0.8332
tbp,bioemu,1.0043
tbp,bioemu,1.3442
tbp,bioemu,1.8016
tbp,bioemu,1.4214
tbp,bioemu,1.376
tbp,bioemu,0.9932
tbp,bioemu,1.9882
tbp,bioemu,1.1595
tbp,bioemu,1.0875
tbp,bioemu,1.892
tbp,bioemu,1.9877
tbp,bioemu,0.8349
tbp,bioemu,1.7706
tbp,bioemu,2.1133
tbp,bioemu,1.9454
tbp,bioemu,1.047
tbp,bioemu,1.382
tbp,bioemu,1.0236
tbp,bioemu,0.8299
tbp,bioemu,1.4043
tbp,bioemu,1.4283
tbp,bioemu,1.9534
tbp,bioemu,2.0834
tbp,bioemu,1.7338
tbp,bioemu,1.3746
tbp,bioemu,1.3574
tbp,bioemu,1.5488
tbp,bioemu,2.0053
tbp,bioemu,1.3191
tbp,bioemu,1.8833
tbp,bioemu,1.8909
tbp,bioemu,2.3768
tbp,bioemu,2.2711
tbp,bioemu,2.4712
tbp,bioemu,1.845
tbp,bioemu,1.595
tbp,bioemu,1.8545
tbp,bioemu,2.0667
tbp,bioemu,2.455
tbp,bioemu,1.2753
tbp,bioemu,2.2361
tbp,bioemu,2.3307
tbp,bioemu,1.9828
tbp,bioemu,2.0057
tbp,bioemu,2.3802
tbp,bioemu,2.5372
tbp,bioemu,2.1957
tbp,bioemu,1.8875
tbp,bioemu,2.3564
tbp,bioemu,2.3948
tbp,bioemu,1.8396
tbp,bioemu,1.9434
tbp,bioemu,1.7536
tbp,bioemu,2.0622
tbp,bioemu,1.3073
tbp,bioemu,1.6414
tbp,bioemu,1.3096
tbp,bioemu,1.1029
tbp,bioemu,1.8972
tbp,bioemu,1.9791
tbp,bioemu,1.9231
tbp,bioemu,1.7559
tbp,bioemu,2.2114
tbp,bioemu,2.7694
tbp,bioemu,2.8829
tbp,bioemu,2.0005
tbp,bioemu,2.6067
tbp,bioemu,2.4086
tbp,bioemu,1.5773
tbp,bioemu,2.7279
tbp,bioemu,2.0321
tbp,bioemu,1.6779
tbp,bioemu,1.9752
tbp,bioemu,2.1057
tbp,bioemu,2.3941
tbp,bioemu,2.0539
tbp,bioemu,2.011
tbp,bioemu,2.2067
tbp,bioemu,2.006
tbp,bioemu,1.8113
tbp,bioemu,2.2593
tbp,bioemu,2.4879
tbp,bioemu,1.5719
tbp,bioemu,2.304
tbp,bioemu,1.5531
tbp,bioemu,2.4188
tbp,bioemu,2.1537
tbp,bioemu,2.0189
tbp,bioemu,2.2428
tbp,bioemu,2.1267
tbp,bioemu,1.4999
tbp,bioemu,1.978
tbp,bioemu,1.2344
tbp,bioemu,3.3822
tbp,bioemu,2.1242
tbp,bioemu,1.92
tbp,bioemu,1.5823
tbp,bioemu,2.0457
tbp,bioemu,2.4442
tbp,bioemu,0.8331
tbp,bioemu,1.2244
tbp,bioemu,0.8192
tbp,bioemu,0.9926
tbp,bioemu,1.18
tbp,bioemu,0.9977
tbp,bioemu,0.9082
tbp,bioemu,1.0772
tbp,bioemu,0.8565
tbp,bioemu,1.5215
tbp,bioemu,1.0327
tbp,bioemu,1.0887
tbp,bioemu,0.7975
tbp,bioemu,2.0784
tbp,bioemu,1.1704
tbp,bioemu,1.5805
tbp,bioemu,0.8383
tbp,bioemu,0.7417
tbp,bioemu,0.9867
tbp,bioemu,1.3398
tbp,bioemu,1.7065
tbp,bioemu,1.3109
tbp,bioemu,0.6531
tbp,bioemu,1.428
tbp,bioemu,1.26
tbp,bioemu,0.7441
tbp,bioemu,0.9985
tbp,bioemu,1.5092
tbp,bioemu,0.6868
tbp,bioemu,1.1892
tbp,bioemu,0.5606
tbp,bioemu,0.675
tbp,bioemu,1.2788
tbp,bioemu,1.6035
tbp,bioemu,1.6769
tbp,bioemu,0.7971
tbp,bioemu,1.5776
tbp,bioemu,0.9639
tbp,bioemu,1.5228
tbp,bioemu,1.3222
tbp,bioemu,0.6596
tbp,bioemu,0.9018
tbp,bioemu,1.1391
tbp,bioemu,1.2631
tbp,bioemu,1.1643
tbp,bioemu,0.7821
tbp,bioemu,1.531
tbp,bioemu,0.7603
tbp,bioemu,0.7992
tbp,bioemu,1.1925
tbp,bioemu,1.849
tbp,bioemu,0.9826
tbp,bioemu,1.0735
tbp,bioemu,2.2222
tbp,bioemu,1.2203
tbp,bioemu,0.8077
tbp,bioemu,0.9446
tbp,bioemu,0.5613
tbp,bioemu,0.7287
tbp,bioemu,1.2085
tbp,bioemu,0.8236
tbp,bioemu,1.4696
tbp,bioemu,1.4973
tbp,bioemu,1.9279
tbp,bioemu,1.1821
tbp,bioemu,0.9559
tbp,bioemu,0.8995
tbp,bioemu,1.3875
tbp,bioemu,1.031
tbp,bioemu,1.767
tbp,bioemu,0.862
tbp,bioemu,1.3046
tbp,bioemu,1.2596
tbp,bioemu,0.9016
tbp,bioemu,1.3825
tbp,bioemu,1.1853
tbp,bioemu,1.1818
tbp,bioemu,1.8664
tbp,bioemu,0.85
tbp,bioemu,1.3588
tbp,bioemu,1.1181
tbp,bioemu,1.8878
tbp,bioemu,1.3137
tbp,bioemu,1.75
tbp,bioemu,1.0913
tbp,bioemu,0.823
tbp,bioemu,1.0016
tbp,bioemu,1.439
tbp,bioemu,1.7962
tbp,bioemu,1.1702
tbp,bioemu,0.9427
tbp,bioemu,1.7365
tbp,bioemu,1.4884
tbp,bioemu,0.7958
tbp,bioemu,1.1908
tbp,bioemu,1.5654
tbp,bioemu,0.7582
tbp,bioemu,1.2656
tbp,bioemu,0.9128
tbp,bioemu,0.8052
tbp,bioemu,1.6752
tbp,bioemu,1.3224
tbp,bioemu,1.6932
tbp,bioemu,0.7227
tbp,bioemu,2.0849
tbp,bioemu,1.4709
tbp,bioemu,1.5199
tbp,bioemu,1.8669
tbp,bioemu,0.8991
tbp,bioemu,1.0363
tbp,bioemu,0.8247
tbp,bioemu,1.4429
tbp,bioemu,1.3018
tbp,bioemu,1.0686
tbp,bioemu,1.18
tbp,bioemu,0.7466
tbp,bioemu,0.9332
tbp,bioemu,1.1189
tbp,bioemu,2.0628
tbp,bioemu,1.2293
tbp,bioemu,1.2773
tbp,bioemu,2.6958
tbp,bioemu,1.1618
tbp,bioemu,0.9034
tbp,bioemu,1.2231
tbp,bioemu,0.8245
tbp,bioemu,1.0352
tbp,bioemu,1.187
tbp,bioemu,1.1269
tbp,bioemu,1.2494
tbp,bioemu,1.6771
tbp,bioemu,1.992
tbp,bioemu,1.6167
tbp,bioemu,1.345
tbp,bioemu,1.1756
tbp,bioemu,1.1349
tbp,bioemu,1.0111
tbp,bioemu,1.5579
tbp,bioemu,1.3033
tbp,bioemu,1.733
tbp,bioemu,1.7941
tbp,bioemu,1.1126
tbp,bioemu,1.4514
tbp,bioemu,1.2795
tbp,bioemu,1.6131
tbp,bioemu,1.8805
tbp,bioemu,1.4942
tbp,bioemu,1.2774
tbp,bioemu,2.7894
tbp,bioemu,1.7069
tbp,bioemu,1.8253
tbp,bioemu,1.5206
tbp,bioemu,1.4996
tbp,bioemu,1.7681
tbp,bioemu,1.8283
tbp,bioemu,2.0617
tbp,bioemu,2.0325
tbp,bioemu,1.3969
tbp,bioemu,1.5146
tbp,bioemu,1.7194
tbp,bioemu,1.5623
tbp,bioemu,1.5134
tbp,bioemu,2.0246
tbp,bioemu,1.5455
tbp,bioemu,1.7644
tbp,bioemu,1.236
tbp,bioemu,1.4827
tbp,bioemu,1.3828
tbp,bioemu,2.4317
tbp,bioemu,2.1174
tbp,bioemu,1.6615
tbp,bioemu,1.3488
tbp,bioemu,1.0144
tbp,bioemu,2.0814
tbp,bioemu,1.2208
tbp,bioemu,1.3968
tbp,bioemu,1.6554
tbp,bioemu,2.0379
tbp,bioemu,1.7723
tbp,bioemu,1.6363
tbp,bioemu,1.3953
tbp,bioemu,2.3621
tbp,bioemu,1.6012
tbp,bioemu,1.5598
tbp,bioemu,1.9654
tbp,bioemu,2.0046
tbp,bioemu,1.4503
tbp,bioemu,1.6029
tbp,bioemu,1.9653
tbp,bioemu,1.9343
tbp,bioemu,1.5982
tbp,bioemu,1.4197
tbp,bioemu,1.2805
tbp,bioemu,1.2615
tbp,bioemu,1.8532
tbp,bioemu,1.3581
tbp,bioemu,2.2651
tbp,bioemu,1.864
tbp,bioemu,2.3067
tbp,bioemu,1.2275
tbp,bioemu,1.3287
tbp,bioemu,1.3924
tbp,bioemu,2.2355
tbp,bioemu,1.8106
tbp,bioemu,1.1315
tbp,bioemu,1.4807
tbp,bioemu,1.2476
tbp,bioemu,1.3167
tbp,bioemu,1.352
tbp,bioemu,0.8109
tbp,bioemu,1.9556
tbp,bioemu,0.9198
tbp,bioemu,1.1419
tbp,bioemu,1.1343
tbp,bioemu,2.2868
tbp,bioemu,1.0803
tbp,bioemu,1.7009
tbp,bioemu,0.9324
tbp,bioemu,0.9855
tbp,bioemu,0.8012
tbp,bioemu,1.3561
tbp,bioemu,2.0857
tbp,bioemu,1.3655
tbp,bioemu,1.0744
tbp,bioemu,1.8277
tbp,bioemu,1.6942
tbp,bioemu,0.9149
tbp,bioemu,1.3207
tbp,bioemu,1.9243
tbp,bioemu,0.7893
tbp,bioemu,1.4698
tbp,bioemu,0.9409
tbp,bioemu,0.8986
tbp,bioemu,1.547
tbp,bioemu,1.4192
tbp,bioemu,1.6949
tbp,bioemu,0.7193
tbp,bioemu,1.7867
tbp,bioemu,1.2137
tbp,bioemu,1.8657
tbp,bioemu,1.4627
tbp,bioemu,0.8261
tbp,bioemu,1.1807
tbp,bioemu,1.2681
tbp,bioemu,1.3817
tbp,bioemu,1.4123
tbp,bioemu,0.9125
tbp,bioemu,1.5688
tbp,bioemu,0.6722
tbp,bioemu,0.8532
tbp,bioemu,1.4917
tbp,bioemu,2.1898
tbp,bioemu,0.9821
tbp,bioemu,1.5546
tbp,bioemu,2.6516
tbp,bioemu,1.4883
tbp,bioemu,0.7146
tbp,bioemu,1.2431
tbp,bioemu,0.6992
tbp,bioemu,0.8762
tbp,bioemu,1.2437
tbp,bioemu,1.3083
tbp,bioemu,1.3913
tbp,bioemu,1.9305
tbp,bioemu,1.7415
tbp,bioemu,1.4965
tbp,bioemu,1.2699
tbp,bioemu,1.364
tbp,bioemu,1.5434
tbp,bioemu,0.9177
tbp,bioemu,1.4215
tbp,bioemu,1.3948
tbp,bioemu,1.3557
tbp,bioemu,1.2081
tbp,bioemu,1.0226
tbp,bioemu,2.0882
tbp,bioemu,1.2331
tbp,bioemu,1.2239
tbp,bioemu,1.0497
tbp,bioemu,2.4068
tbp,bioemu,1.4956
tbp,bioemu,1.7278
tbp,bioemu,1.1511
tbp,bioemu,1.1727
tbp,bioemu,1.3189
tbp,bioemu,1.5128
tbp,bioemu,1.9523
tbp,bioemu,1.7053
tbp,bioemu,1.1356
tbp,bioemu,1.5808
tbp,bioemu,1.7342
tbp,bioemu,1.3509
tbp,bioemu,1.5498
tbp,bioemu,2.0239
tbp,bioemu,1.2211
tbp,bioemu,1.517
tbp,bioemu,0.9576
tbp,bioemu,1.2933
tbp,bioemu,1.5475
tbp,bioemu,1.6787
tbp,bioemu,1.5996
tbp,bioemu,1.3192
tbp,bioemu,1.6946
tbp,bioemu,1.1507
tbp,bioemu,1.9079
tbp,bioemu,1.3978
tbp,bioemu,1.0969
tbp,bioemu,1.431
tbp,bioemu,1.423
tbp,bioemu,1.6571
tbp,bioemu,1.2335
tbp,bioemu,1.2814
tbp,bioemu,1.8247
tbp,bioemu,1.1209
tbp,bioemu,1.2821
tbp,bioemu,1.5731
tbp,bioemu,2.0234
tbp,bioemu,1.141
tbp,bioemu,1.5409
tbp,bioemu,2.5752
tbp,bioemu,1.664
tbp,bioemu,0.9905
tbp,bioemu,1.1003
tbp,bioemu,0.9698
tbp,bioemu,0.9225
tbp,bioemu,1.5488
tbp,bioemu,1.4119
tbp,bioemu,1.9253
tbp,bioemu,1.9913
tbp,bioemu,1.9255
tbp,bioemu,1.4419
tbp,bioemu,1.2412
tbp,bioemu,1.3577
tbp,bioemu,1.7148
tbp,bioemu,1.1639
tbp,bioemu,0.9631
tbp,bioemu,1.4111
tbp,bioemu,1.4064
tbp,bioemu,1.6302
tbp,bioemu,1.8281
tbp,bioemu,1.5321
tbp,bioemu,1.297
tbp,bioemu,1.0663
tbp,bioemu,1.4448
tbp,bioemu,2.06
tbp,bioemu,2.031
tbp,bioemu,1.6169
tbp,bioemu,1.173
tbp,bioemu,1.7863
tbp,bioemu,2.0203
tbp,bioemu,0.9817
tbp,bioemu,1.2686
tbp,bioemu,1.0555
tbp,bioemu,1.1276
tbp,bioemu,1.1302
tbp,bioemu,1.3298
tbp,bioemu,1.3663
tbp,bioemu,1.2043
tbp,bioemu,1.4377
tbp,bioemu,1.6691
tbp,bioemu,1.0494
tbp,bioemu,1.3687
tbp,bioemu,2.0887
tbp,bioemu,1.6574
tbp,bioemu,1.8311
tbp,bioemu,1.5696
tbp,bioemu,2.2621
tbp,bioemu,1.8497
tbp,bioemu,0.8431
tbp,bioemu,2.0855
tbp,bioemu,1.2856
tbp,bioemu,1.4042
tbp,bioemu,1.0527
tbp,bioemu,1.9426
tbp,bioemu,1.4884
tbp,bioemu,1.6895
tbp,bioemu,1.8058
tbp,bioemu,1.3438
tbp,bioemu,1.5396
tbp,bioemu,0.9405
tbp,bioemu,2.1339
tbp,bioemu,1.8206
tbp,bioemu,0.7802
tbp,bioemu,2.76
tbp,bioemu,0.9554
tbp,bioemu,1.4606
tbp,bioemu,0.9074
tbp,bioemu,1.1796
tbp,bioemu,1.4524
tbp,bioemu,1.8583
tbp,bioemu,1.1349
tbp,bioemu,1.643
tbp,bioemu,1.3522
tbp,bioemu,2.5607
tbp,bioemu,1.6121
tbp,bioemu,1.2015
tbp,bioemu,0.7803
tbp,bioemu,1.3857
tbp,bioemu,1.4256
tbp,bioemu,1.3604
tbp,bioemu,1.2764
tbp,bioemu,1.4727
tbp,bioemu,1.6892
tbp,bioemu,1.1545
tbp,bioemu,1.3207
tbp,bioemu,1.0628
tbp,bioemu,1.5728
tbp,bioemu,1.7236
tbp,bioemu,1.8824
tbp,bioemu,1.2667
tbp,bioemu,0.9747
tbp,bioemu,1.4351
tbp,bioemu,1.6699
tbp,bioemu,1.364
tbp,bioemu,1.1695
tbp,bioemu,1.0052
tbp,bioemu,1.427
tbp,bioemu,1.0576
tbp,bioemu,0.9869
tbp,bioemu,1.0425
tbp,bioemu,1.2352
tbp,bioemu,1.0989
tbp,bioemu,1.5064
tbp,bioemu,0.9194
tbp,bioemu,1.0318
tbp,bioemu,1.7248
tbp,bioemu,1.6289
tbp,bioemu,1.8813
tbp,bioemu,1.1721
tbp,bioemu,2.0657
tbp,bioemu,1.6875
tbp,bioemu,1.1575
tbp,bioemu,1.9483
tbp,bioemu,0.9643
tbp,bioemu,1.0132
tbp,bioemu,0.9625
tbp,bioemu,1.6435
tbp,bioemu,1.4442
tbp,bioemu,1.3688
tbp,bioemu,1.3429
tbp,bioemu,1.1323
tbp,bioemu,1.2349
tbp,bioemu,1.0219
tbp,bioemu,1.9974
tbp,bioemu,1.5733
tbp,bioemu,1.0422
tbp,bioemu,2.5621
tbp,bioemu,1.0508
tbp,bioemu,1.2463
tbp,bioemu,1.17
tbp,bioemu,1.0191
tbp,bioemu,1.2166
tbp,bioemu,1.4147
tbp,bioemu,1.022
tbp,bioemu,1.3814
tbp,bioemu,1.3562
tbp,bioemu,2.4809
tbp,bioemu,1.5785
tbp,bioemu,1.1209
tbp,bioemu,0.93
tbp,bioemu,1.2527
tbp,bioemu,1.2558
tbp,bioemu,1.3776
tbp,bioemu,1.2531
tbp,bioemu,1.3484
tbp,bioemu,1.5831
tbp,bioemu,1.2784
tbp,bioemu,1.058
tbp,bioemu,2.2161
tbp,bioemu,1.6149
tbp,bioemu,1.7726
tbp,bioemu,1.3036
tbp,bioemu,1.1968
tbp,bioemu,1.4468
tbp,bioemu,1.7643
tbp,bioemu,1.656
tbp,bioemu,1.623
tbp,bioemu,0.9988
tbp,bioemu,1.3414
tbp,bioemu,1.1906
tbp,bioemu,1.2034
tbp,bioemu,1.1534
tbp,bioemu,1.5816
tbp,bioemu,1.1469
tbp,bioemu,1.5913
tbp,bioemu,0.8937
tbp,bioemu,1.1604
tbp,bioemu,1.3992
tbp,bioemu,2.0843
tbp,bioemu,1.9507
tbp,bioemu,1.3714
tbp,bioemu,1.5541
tbp,bioemu,1.0806
tbp,bioemu,1.5641
tbp,bioemu,1.3577
tbp,bioemu,1.0282
tbp,bioemu,1.203
tbp,bioemu,1.5834
tbp,bioemu,1.6194
tbp,bioemu,1.4288
tbp,bioemu,1.1996
tbp,bioemu,2.0018
tbp,bioemu,1.3257
tbp,bioemu,1.2544
tbp,bioemu,1.4617
tbp,bioemu,1.9896
tbp,bioemu,1.4247
tbp,bioemu,1.0778
tbp,bioemu,1.9333
tbp,bioemu,1.4574
tbp,bioemu,1.3567
tbp,bioemu,1.0675
tbp,bioemu,1.0528
tbp,bioemu,1.1661
tbp,bioemu,1.6209
tbp,bioemu,0.9595
tbp,bioemu,1.7927
tbp,bioemu,1.3752
tbp,bioemu,2.3572
tbp,bioemu,1.2082
tbp,bioemu,1.1116
tbp,bioemu,0.9834
tbp,bioemu,1.7329
tbp,bioemu,1.5033
tbp,bioemu,1.3117
tbp,bioemu,1.8199
tbp,bioemu,1.2805
tbp,bioemu,1.593
tbp,bioemu,1.2785
tbp,bioemu,2.1888
tbp,bioemu,1.5596
tbp,bioemu,1.8059
tbp,bioemu,1.1848
tbp,bioemu,1.1406
tbp,bioemu,1.5347
tbp,bioemu,1.3552
tbp,bioemu,1.8204
tbp,bioemu,1.4526
tbp,bioemu,1.1149
tbp,bioemu,1.6809
tbp,bioemu,1.6076
tbp,bioemu,1.2474
tbp,bioemu,1.3558
tbp,bioemu,1.7551
tbp,bioemu,1.2462
tbp,bioemu,1.1745
tbp,bioemu,1.1153
tbp,bioemu,1.2162
tbp,bioemu,1.489
tbp,bioemu,1.8687
tbp,bioemu,1.6889
tbp,bioemu,1.2852
tbp,bioemu,1.9213
tbp,bioemu,1.3133
tbp,bioemu,1.7296
tbp,bioemu,1.84
tbp,bioemu,1.2781
tbp,bioemu,1.3363
tbp,bioemu,1.3313
tbp,bioemu,1.5466
tbp,bioemu,1.0871
tbp,bioemu,1.2709
tbp,bioemu,1.5303
tbp,bioemu,1.2652
tbp,bioemu,1.4015
tbp,bioemu,1.4068
tbp,bioemu,1.6602
tbp,bioemu,1.3242
tbp,bioemu,1.346
tbp,bioemu,2.5513
tbp,bioemu,1.378
tbp,bioemu,1.3106
tbp,bioemu,1.3569
tbp,bioemu,1.0399
tbp,bioemu,1.0468
tbp,bioemu,1.3625
tbp,bioemu,1.209
tbp,bioemu,1.7216
tbp,bioemu,1.7984
tbp,bioemu,2.1907
tbp,bioemu,1.4663
tbp,bioemu,1.256
tbp,bioemu,1.3096
tbp,bioemu,1.4921
tbp,bioemu,1.4528
tbp,bioemu,1.9734
tbp,bioemu,1.1743
tbp,bioemu,1.2869
tbp,bioemu,1.0707
tbp,bioemu,2.6358
tbp,bioemu,0.9792
tbp,bioemu,1.5608
tbp,bioemu,0.9326
tbp,bioemu,1.068
tbp,bioemu,1.0177
tbp,bioemu,1.2457
tbp,bioemu,2.2149
tbp,bioemu,1.6147
tbp,bioemu,1.1252
tbp,bioemu,1.7288
tbp,bioemu,1.8344
tbp,bioemu,1.1256
tbp,bioemu,1.5054
tbp,bioemu,2.093
tbp,bioemu,0.9499
tbp,bioemu,1.4757
tbp,bioemu,0.9988
tbp,bioemu,1.1003
tbp,bioemu,1.2427
tbp,bioemu,1.7598
tbp,bioemu,1.6227
tbp,bioemu,0.9842
tbp,bioemu,1.4086
tbp,bioemu,0.89
tbp,bioemu,2.1004
tbp,bioemu,1.0397
tbp,bioemu,0.9024
tbp,bioemu,1.2702
tbp,bioemu,1.5421
tbp,bioemu,1.3696
tbp,bioemu,1.2298
tbp,bioemu,0.9454
tbp,bioemu,1.8072
tbp,bioemu,0.9291
tbp,bioemu,0.9517
tbp,bioemu,1.681
tbp,bioemu,1.996
tbp,bioemu,0.6496
tbp,bioemu,1.6599
tbp,bioemu,2.4061
tbp,bioemu,1.7488
tbp,bioemu,0.828
tbp,bioemu,1.2724
tbp,bioemu,0.8183
tbp,bioemu,0.6974
tbp,bioemu,1.2794
tbp,bioemu,1.3717
tbp,bioemu,1.7422
tbp,bioemu,2.0635
tbp,bioemu,1.5373
tbp,bioemu,1.3783
tbp,bioemu,1.2512
tbp,bioemu,1.4445
tbp,bioemu,1.7892
tbp,bioemu,1.0555
tbp,bioemu,2.1579
tbp,bioemu,1.9116
tbp,bioemu,1.6848
tbp,bioemu,2.4451
tbp,bioemu,1.9321
tbp,bioemu,2.1691
tbp,bioemu,1.8483
tbp,bioemu,1.6734
tbp,bioemu,2.0901
tbp,bioemu,2.1129
tbp,bioemu,1.9469
tbp,bioemu,1.9438
tbp,bioemu,1.5464
tbp,bioemu,1.846
tbp,bioemu,1.1746
tbp,bioemu,1.4898
tbp,bioemu,1.0612
tbp,bioemu,1.292
tbp,bioemu,1.6281
tbp,bioemu,1.7837
tbp,bioemu,1.6222
tbp,bioemu,1.4579
tbp,bioemu,1.6662
tbp,bioemu,2.7786
tbp,bioemu,2.7524
tbp,bioemu,1.7709
tbp,bioemu,1.912
tbp,bioemu,1.783
tbp,bioemu,1.8109
tbp,bioemu,2.0247
tbp,bioemu,1.7071
tbp,bioemu,1.4903
tbp,bioemu,2.1252
tbp,bioemu,1.7517
tbp,bioemu,2.178
tbp,bioemu,1.6181
tbp,bioemu,2.2664
tbp,bioemu,1.9627
tbp,bioemu,1.7056
tbp,bioemu,1.8793
tbp,bioemu,2.0728
tbp,bioemu,2.0546
tbp,bioemu,1.4923
tbp,bioemu,1.6072
tbp,bioemu,1.6444
tbp,bioemu,2.153
tbp,bioemu,1.9349
tbp,bioemu,1.6599
tbp,bioemu,1.8805
tbp,bioemu,1.913
tbp,bioemu,1.1869
tbp,bioemu,2.0288
tbp,bioemu,1.29
tbp,bioemu,2.9778
tbp,bioemu,1.5091
tbp,bioemu,1.4753
tbp,bioemu,1.3796
tbp,bioemu,2.1657
tbp,bioemu,2.2566
tbp,bioemu,1.4802
tbp,bioemu,1.3039
tbp,bioemu,2.0938
tbp,bioemu,1.2957
tbp,bioemu,1.858
tbp,bioemu,0.9652
tbp,bioemu,1.0012
tbp,bioemu,0.993
tbp,bioemu,1.3949
tbp,bioemu,2.0878
tbp,bioemu,1.3978
tbp,bioemu,1.1152
tbp,bioemu,1.9602
tbp,bioemu,1.7658
tbp,bioemu,1.0697
tbp,bioemu,1.512
tbp,bioemu,1.9498
tbp,bioemu,0.9234
tbp,bioemu,1.4055
tbp,bioemu,1.1284
tbp,bioemu,1.096
tbp,bioemu,1.6848
tbp,bioemu,1.3341
tbp,bioemu,1.6725
tbp,bioemu,0.8562
tbp,bioemu,2.0914
tbp,bioemu,1.489
tbp,bioemu,1.8879
tbp,bioemu,1.8382
tbp,bioemu,0.9516
tbp,bioemu,1.1647
tbp,bioemu,1.0761
tbp,bioemu,1.439
tbp,bioemu,1.3081
tbp,bioemu,1.1527
tbp,bioemu,1.2449
tbp,bioemu,0.8398
tbp,bioemu,1.0228
tbp,bioemu,1.3495
tbp,bioemu,2.1612
tbp,bioemu,1.1233
tbp,bioemu,1.5887
tbp,bioemu,2.8524
tbp,bioemu,1.487
tbp,bioemu,0.8341
tbp,bioemu,1.3843
tbp,bioemu,1.0013
tbp,bioemu,1.0776
tbp,bioemu,1.0873
tbp,bioemu,1.4199
tbp,bioemu,1.4612
tbp,bioemu,1.9823
tbp,bioemu,1.8127
tbp,bioemu,1.7641
tbp,bioemu,1.4637
tbp,bioemu,1.5278
tbp,bioemu,1.1894
tbp,bioemu,0.8994
tbp,bioemu,1.1595
tbp,bioemu,2.1991
tbp,bioemu,1.7658
tbp,bioemu,1.9237
tbp,bioemu,1.4362
tbp,bioemu,1.2981
tbp,bioemu,1.4048
tbp,bioemu,1.909
tbp,bioemu,1.7641
tbp,bioemu,1.5498
tbp,bioemu,1.3051
tbp,bioemu,1.5154
tbp,bioemu,1.4847
tbp,bioemu,1.3831
tbp,bioemu,1.4516
tbp,bioemu,1.8111
tbp,bioemu,1.2833
tbp,bioemu,1.8566
tbp,bioemu,1.0639
tbp,bioemu,1.2329
tbp,bioemu,1.849
tbp,bioemu,1.7728
tbp,bioemu,1.9645
tbp,bioemu,1.3967
tbp,bioemu,1.8655
tbp,bioemu,1.5039
tbp,bioemu,1.6283
tbp,bioemu,1.5409
tbp,bioemu,1.014
tbp,bioemu,1.3946
tbp,bioemu,1.5163
tbp,bioemu,1.873
tbp,bioemu,1.6146
tbp,bioemu,1.4436
tbp,bioemu,2.0688
tbp,bioemu,1.2302
tbp,bioemu,1.3818
tbp,bioemu,1.5418
tbp,bioemu,2.3765
tbp,bioemu,1.5654
tbp,bioemu,1.4212
tbp,bioemu,2.5996
tbp,bioemu,1.5275
tbp,bioemu,1.2372
tbp,bioemu,1.1259
tbp,bioemu,1.0642
tbp,bioemu,1.2597
tbp,bioemu,1.7902
tbp,bioemu,1.3464
tbp,bioemu,1.7702
tbp,bioemu,1.7339
tbp,bioemu,2.2998
tbp,bioemu,1.5039
tbp,bioemu,1.2834
tbp,bioemu,1.2115
tbp,bioemu,1.758
tbp,bioemu,1.3512
tbp,bioemu,2.1577
tbp,bioemu,1.5099
tbp,bioemu,1.7166
tbp,bioemu,1.1992
tbp,bioemu,1.0995
tbp,bioemu,1.3365
tbp,bioemu,1.5363
tbp,bioemu,1.4747
tbp,bioemu,1.4129
tbp,bioemu,0.9581
tbp,bioemu,1.1016
tbp,bioemu,1.2829
tbp,bioemu,1.0601
tbp,bioemu,1.2244
tbp,bioemu,1.4934
tbp,bioemu,1.0648
tbp,bioemu,1.4563
tbp,bioemu,0.7445
tbp,bioemu,1.0744
tbp,bioemu,1.4239
tbp,bioemu,1.7664
tbp,bioemu,1.6953
tbp,bioemu,1.2482
tbp,bioemu,1.5753
tbp,bioemu,1.2312
tbp,bioemu,1.4405
tbp,bioemu,1.4682
tbp,bioemu,0.9724
tbp,bioemu,1.1963
tbp,bioemu,1.2275
tbp,bioemu,1.548
tbp,bioemu,1.2617
tbp,bioemu,1.2266
tbp,bioemu,1.6946
tbp,bioemu,1.0833
tbp,bioemu,1.1273
tbp,bioemu,1.2938
tbp,bioemu,1.9039
tbp,bioemu,1.2934
tbp,bioemu,1.1536
tbp,bioemu,2.3163
tbp,bioemu,1.2962
tbp,bioemu,1.104
tbp,bioemu,0.8683
tbp,bioemu,0.8585
tbp,bioemu,0.8775
tbp,bioemu,1.5212
tbp,bioemu,1.0161
tbp,bioemu,1.6087
tbp,bioemu,1.501
tbp,bioemu,2.1781
tbp,bioemu,1.2883
tbp,bioemu,1.008
tbp,bioemu,0.8163
tbp,bioemu,1.6542
tbp,bioemu,1.2538
tbp,bioemu,2.8719
tbp,bioemu,2.7769
tbp,bioemu,2.353
tbp,bioemu,1.9515
tbp,bioemu,2.4517
tbp,bioemu,2.8141
tbp,bioemu,1.4401
tbp,bioemu,1.7397
tbp,bioemu,1.8753
tbp,bioemu,2.1237
tbp,bioemu,1.6686
tbp,bioemu,2.0888
tbp,bioemu,2.0223
tbp,bioemu,1.6239
tbp,bioemu,2.1332
tbp,bioemu,2.3076
tbp,bioemu,1.9376
tbp,bioemu,2.1259
tbp,bioemu,2.9601
tbp,bioemu,2.0561
tbp,bioemu,2.4843
tbp,bioemu,2.2506
tbp,bioemu,3.2682
tbp,bioemu,2.7811
tbp,bioemu,1.1817
tbp,bioemu,3.0978
tbp,bioemu,2.0726
tbp,bioemu,2.0519
tbp,bioemu,1.5054
tbp,bioemu,2.6783
tbp,bioemu,2.2265
tbp,bioemu,2.4774
tbp,bioemu,2.1112
tbp,bioemu,2.1122
tbp,bioemu,2.3256
tbp,bioemu,1.3156
tbp,bioemu,2.817
tbp,bioemu,2.7139
tbp,bioemu,1.4154
tbp,bioemu,3.4528
tbp,bioemu,1.43
tbp,bioemu,2.2303
tbp,bioemu,1.8722
tbp,bioemu,2.0981
tbp,bioemu,2.4065
tbp,bioemu,2.5034
tbp,bioemu,1.9273
tbp,bioemu,2.0302
tbp,bioemu,1.8117
tbp,bioemu,3.3896
tbp,bioemu,2.515
tbp,bioemu,2.1219
tbp,bioemu,1.7363
tbp,bioemu,1.499
tbp,bioemu,2.1342
tbp,bioemu,1.8266
tbp,bioemu,1.0373
tbp,bioemu,1.3561
tbp,bioemu,1.1002
tbp,bioemu,1.1749
tbp,bioemu,2.6247
tbp,bioemu,1.8474
tbp,bioemu,1.4332
tbp,bioemu,2.2611
tbp,bioemu,2.026
tbp,bioemu,1.1161
tbp,bioemu,1.5235
tbp,bioemu,2.181
tbp,bioemu,1.0246
tbp,bioemu,1.393
tbp,bioemu,1.4387
tbp,bioemu,1.079
tbp,bioemu,1.275
tbp,bioemu,2.0
tbp,bioemu,2.0753
tbp,bioemu,0.9262
tbp,bioemu,1.6474
tbp,bioemu,1.1937
tbp,bioemu,2.4419
tbp,bioemu,1.478
tbp,bioemu,1.2682
tbp,bioemu,1.3189
tbp,bioemu,1.8076
tbp,bioemu,1.1716
tbp,bioemu,1.698
tbp,bioemu,0.8372
tbp,bioemu,1.7218
tbp,bioemu,1.1936
tbp,bioemu,0.9646
tbp,bioemu,1.9704
tbp,bioemu,2.1086
tbp,bioemu,0.9112
tbp,bioemu,1.9994
tbp,bioemu,2.3781
tbp,bioemu,1.9139
tbp,bioemu,1.2497
tbp,bioemu,1.8401
tbp,bioemu,1.2091
tbp,bioemu,1.1647
tbp,bioemu,1.0659
tbp,bioemu,1.5867
tbp,bioemu,1.7387
tbp,bioemu,2.2386
tbp,bioemu,1.5575
tbp,bioemu,1.592
tbp,bioemu,1.5256
tbp,bioemu,1.7995
tbp,bioemu,1.9428
tbp,bioemu,1.4533
tbp,bioemu,1.7571
tbp,bioemu,1.5817
tbp,bioemu,1.7418
tbp,bioemu,1.9158
tbp,bioemu,2.3973
tbp,bioemu,2.0466
tbp,bioemu,1.7102
tbp,bioemu,1.9974
tbp,bioemu,2.0897
tbp,bioemu,1.7301
tbp,bioemu,1.8536
tbp,bioemu,2.2577
tbp,bioemu,1.6157
tbp,bioemu,1.9505
tbp,bioemu,1.6097
tbp,bioemu,1.7638
tbp,bioemu,1.8296
tbp,bioemu,2.2957
tbp,bioemu,2.2012
tbp,bioemu,1.7128
tbp,bioemu,2.0456
tbp,bioemu,1.6324
tbp,bioemu,2.3012
tbp,bioemu,1.8038
tbp,bioemu,1.6382
tbp,bioemu,1.8656
tbp,bioemu,1.9564
tbp,bioemu,1.9944
tbp,bioemu,1.8305
tbp,bioemu,1.6875
tbp,bioemu,2.2438
tbp,bioemu,1.7114
tbp,bioemu,1.6557
tbp,bioemu,2.0473
tbp,bioemu,2.3877
tbp,bioemu,1.6377
tbp,bioemu,1.9732
tbp,bioemu,2.6516
tbp,bioemu,2.0575
tbp,bioemu,1.7336
tbp,bioemu,1.833
tbp,bioemu,1.6062
tbp,bioemu,1.6141
tbp,bioemu,1.9206
tbp,bioemu,1.8394
tbp,bioemu,2.2478
tbp,bioemu,2.2465
tbp,bioemu,2.3713
tbp,bioemu,1.8816
tbp,bioemu,1.7981
tbp,bioemu,1.7769
tbp,bioemu,2.1692
tbp,bioemu,1.8405
tbp,bioemu,1.0245
tbp,bioemu,1.0625
tbp,bioemu,1.137
tbp,bioemu,2.1521
tbp,bioemu,1.481
tbp,bioemu,1.0359
tbp,bioemu,1.8254
tbp,bioemu,1.6288
tbp,bioemu,1.0005
tbp,bioemu,1.3283
tbp,bioemu,1.943
tbp,bioemu,0.9016
tbp,bioemu,1.182
tbp,bioemu,1.0454
tbp,bioemu,0.9265
tbp,bioemu,1.2574
tbp,bioemu,1.6387
tbp,bioemu,1.738
tbp,bioemu,0.8883
tbp,bioemu,1.6225
tbp,bioemu,1.0878
tbp,bioemu,1.9972
tbp,bioemu,1.4091
tbp,bioemu,0.8681
tbp,bioemu,0.9782
tbp,bioemu,1.3995
tbp,bioemu,1.1766
tbp,bioemu,1.2341
tbp,bioemu,0.8241
tbp,bioemu,1.4632
tbp,bioemu,0.9077
tbp,bioemu,0.9491
tbp,bioemu,1.531
tbp,bioemu,1.9112
tbp,bioemu,0.8505
tbp,bioemu,1.5379
tbp,bioemu,2.388
tbp,bioemu,1.5795
tbp,bioemu,0.9093
tbp,bioemu,1.3765
tbp,bioemu,0.8778
tbp,bioemu,0.8892
tbp,bioemu,0.964
tbp,bioemu,1.2843
tbp,bioemu,1.5621
tbp,bioemu,1.9333
tbp,bioemu,1.7526
tbp,bioemu,1.4432
tbp,bioemu,1.0805
tbp,bioemu,1.4194
tbp,bioemu,1.5001
tbp,bioemu,1.0698
tbp,bioemu,1.1618
tbp,bioemu,1.5125
tbp,bioemu,1.7552
tbp,bioemu,1.2682
tbp,bioemu,0.7795
tbp,bioemu,1.5347
tbp,bioemu,1.3615
tbp,bioemu,0.8735
tbp,bioemu,1.1864
tbp,bioemu,1.574
tbp,bioemu,0.8103
tbp,bioemu,1.2813
tbp,bioemu,0.8509
tbp,bioemu,0.9277
tbp,bioemu,1.5656
tbp,bioemu,1.5338
tbp,bioemu,1.7334
tbp,bioemu,0.8762
tbp,bioemu,1.8942
tbp,bioemu,1.2996
tbp,bioemu,1.5709
tbp,bioemu,1.5871
tbp,bioemu,0.8174
tbp,bioemu,0.9663
tbp,bioemu,1.0853
tbp,bioemu,1.4059
tbp,bioemu,1.2417
tbp,bioemu,1.0551
tbp,bioemu,1.5054
tbp,bioemu,0.8451
tbp,bioemu,0.8641
tbp,bioemu,1.1689
tbp,bioemu,1.9977
tbp,bioemu,1.1017
tbp,bioemu,1.1458
tbp,bioemu,2.4177
tbp,bioemu,1.2327
tbp,bioemu,0.9703
tbp,bioemu,1.1307
tbp,bioemu,0.8134
tbp,bioemu,1.0327
tbp,bioemu,1.2116
tbp,bioemu,0.9891
tbp,bioemu,1.4978
tbp,bioemu,1.5412
tbp,bioemu,1.9568
tbp,bioemu,1.4101
tbp,bioemu,1.1414
tbp,bioemu,1.0798
tbp,bioemu,1.2193
tbp,bioemu,0.9721
tbp,bioemu,1.4643
tbp,bioemu,2.3242
tbp,bioemu,1.5491
tbp,bioemu,1.2578
tbp,bioemu,2.0691
tbp,bioemu,1.8559
tbp,bioemu,1.0449
tbp,bioemu,1.5358
tbp,bioemu,2.1192
tbp,bioemu,0.7882
tbp,bioemu,1.539
tbp,bioemu,1.1488
tbp,bioemu,1.0577
tbp,bioemu,1.5971
tbp,bioemu,1.4895
tbp,bioemu,1.8581
tbp,bioemu,0.7874
tbp,bioemu,1.9332
tbp,bioemu,1.2964
tbp,bioemu,2.0958
tbp,bioemu,1.5084
tbp,bioemu,0.9578
tbp,bioemu,1.2176
tbp,bioemu,1.403
tbp,bioemu,1.3901
tbp,bioemu,1.5401
tbp,bioemu,0.9614
tbp,bioemu,1.5875
tbp,bioemu,0.827
tbp,bioemu,0.8699
tbp,bioemu,1.6574
tbp,bioemu,2.3545
tbp,bioemu,1.0234
tbp,bioemu,1.7652
tbp,bioemu,2.6578
tbp,bioemu,1.6867
tbp,bioemu,0.8217
tbp,bioemu,1.4786
tbp,bioemu,1.0268
tbp,bioemu,1.0977
tbp,bioemu,1.2401
tbp,bioemu,1.4645
tbp,bioemu,1.4913
tbp,bioemu,2.0752
tbp,bioemu,1.7755
tbp,bioemu,1.6946
tbp,bioemu,1.5338
tbp,bioemu,1.6064
tbp,bioemu,1.5746
tbp,bioemu,1.0233
tbp,bioemu,2.4821
tbp,bioemu,1.8574
tbp,bioemu,1.4759
tbp,bioemu,2.1616
tbp,bioemu,2.0716
tbp,bioemu,1.3683
tbp,bioemu,1.6542
tbp,bioemu,2.2431
tbp,bioemu,1.3053
tbp,bioemu,1.3445
tbp,bioemu,1.4888
tbp,bioemu,1.3498
tbp,bioemu,1.1607
tbp,bioemu,2.0819
tbp,bioemu,1.6378
tbp,bioemu,1.2883
tbp,bioemu,1.7283
tbp,bioemu,1.3068
tbp,bioemu,2.3565
tbp,bioemu,1.7435
tbp,bioemu,1.4739
tbp,bioemu,1.4312
tbp,bioemu,1.7403
tbp,bioemu,1.4328
tbp,bioemu,1.3572
tbp,bioemu,1.1729
tbp,bioemu,1.396
tbp,bioemu,1.412
tbp,bioemu,1.3282
tbp,bioemu,1.9586
tbp,bioemu,1.6515
tbp,bioemu,1.1751
tbp,bioemu,2.0043
tbp,bioemu,2.6235
tbp,bioemu,1.9185
tbp,bioemu,1.3983
tbp,bioemu,1.8335
tbp,bioemu,1.3132
tbp,bioemu,1.111
tbp,bioemu,1.2305
tbp,bioemu,1.6993
tbp,bioemu,1.876
tbp,bioemu,2.284
tbp,bioemu,1.9379
tbp,bioemu,1.7737
tbp,bioemu,1.5706
tbp,bioemu,1.8149
tbp,bioemu,1.9479
tbp,bioemu,1.5767
tbp,bioemu,1.6462
tbp,bioemu,1.6012
tbp,bioemu,1.2057
tbp,bioemu,1.2558
tbp,bioemu,1.8854
tbp,bioemu,1.6631
tbp,bioemu,1.2338
tbp,bioemu,1.9488
tbp,bioemu,2.1072
tbp,bioemu,1.4602
tbp,bioemu,1.8893
tbp,bioemu,2.3827
tbp,bioemu,2.2677
tbp,bioemu,2.1702
tbp,bioemu,2.1544
tbp,bioemu,2.5593
tbp,bioemu,2.2477
tbp,bioemu,0.727
tbp,bioemu,2.578
tbp,bioemu,1.8223
tbp,bioemu,1.8893
tbp,bioemu,1.4994
tbp,bioemu,2.4077
tbp,bioemu,1.8507
tbp,bioemu,2.2186
tbp,bioemu,2.1587
tbp,bioemu,1.9706
tbp,bioemu,2.0937
tbp,bioemu,1.1869
tbp,bioemu,2.2989
tbp,bioemu,2.422
tbp,bioemu,1.0053
tbp,bioemu,2.8777
tbp,bioemu,1.3059
tbp,bioemu,2.0431
tbp,bioemu,1.3175
tbp,bioemu,1.7482
tbp,bioemu,1.9115
tbp,bioemu,2.3948
tbp,bioemu,1.4458
tbp,bioemu,2.0584
tbp,bioemu,1.3129
tbp,bioemu,3.2229
tbp,bioemu,1.9626
tbp,bioemu,1.6612
tbp,bioemu,1.0637
tbp,bioemu,1.8295
tbp,bioemu,2.0707
tbp,bioemu,1.3038
tbp,bioemu,1.7694
tbp,bioemu,1.469
tbp,bioemu,1.3091
tbp,bioemu,1.4458
tbp,bioemu,1.5603
tbp,bioemu,1.2754
tbp,bioemu,1.4757
tbp,bioemu,1.3327
tbp,bioemu,1.3236
tbp,bioemu,2.0243
tbp,bioemu,1.6719
tbp,bioemu,2.0621
tbp,bioemu,1.3301
tbp,bioemu,2.3984
tbp,bioemu,1.9066
tbp,bioemu,1.4517
tbp,bioemu,2.1916
tbp,bioemu,1.3574
tbp,bioemu,1.3847
tbp,bioemu,1.1445
tbp,bioemu,1.661
tbp,bioemu,1.6245
tbp,bioemu,1.5593
tbp,bioemu,1.661
tbp,bioemu,1.23
tbp,bioemu,1.4607
tbp,bioemu,1.1089
tbp,bioemu,2.2179
tbp,bioemu,1.6926
tbp,bioemu,1.275
tbp,bioemu,2.901
tbp,bioemu,1.0964
tbp,bioemu,1.4475
tbp,bioemu,1.454
tbp,bioemu,1.2418
tbp,bioemu,1.4888
tbp,bioemu,1.6612
tbp,bioemu,1.3084
tbp,bioemu,1.0758
tbp,bioemu,1.7496
tbp,bioemu,2.5088
tbp,bioemu,1.8179
tbp,bioemu,1.4015
tbp,bioemu,1.3499
tbp,bioemu,1.2914
tbp,bioemu,1.4588
tbp,bioemu,1.407
tbp,bioemu,1.1636
tbp,bioemu,0.8299
tbp,bioemu,1.086
tbp,bioemu,1.4519
tbp,bioemu,0.8878
tbp,bioemu,1.1981
tbp,bioemu,0.7488
tbp,bioemu,0.8952
tbp,bioemu,1.4882
tbp,bioemu,1.6463
tbp,bioemu,1.6889
tbp,bioemu,1.0279
tbp,bioemu,1.8172
tbp,bioemu,1.2187
tbp,bioemu,1.3917
tbp,bioemu,1.5587
tbp,bioemu,0.8639
tbp,bioemu,0.9432
tbp,bioemu,1.09
tbp,bioemu,1.4208
tbp,bioemu,1.1688
tbp,bioemu,1.0244
tbp,bioemu,1.5011
tbp,bioemu,0.942
tbp,bioemu,1.0045
tbp,bioemu,1.0782
tbp,bioemu,1.8542
tbp,bioemu,1.1894
tbp,bioemu,0.9161
tbp,bioemu,2.3152
tbp,bioemu,1.126
tbp,bioemu,1.0182
tbp,bioemu,0.9864
tbp,bioemu,0.7581
tbp,bioemu,1.0143
tbp,bioemu,1.2955
tbp,bioemu,0.8721
tbp,bioemu,1.5459
tbp,bioemu,1.4717
tbp,bioemu,2.0757
tbp,bioemu,1.3197
tbp,bioemu,0.9842
tbp,bioemu,0.9216
tbp,bioemu,1.2172
tbp,bioemu,1.0848
tbp,bioemu,1.3459
tbp,bioemu,1.7078
tbp,bioemu,1.5966
tbp,bioemu,1.576
tbp,bioemu,1.7651
tbp,bioemu,1.9674
tbp,bioemu,1.2378
tbp,bioemu,1.7092
tbp,bioemu,1.9303
tbp,bioemu,2.2761
tbp,bioemu,2.035
tbp,bioemu,1.9789
tbp,bioemu,1.9437
tbp,bioemu,1.7075
tbp,bioemu,1.3271
tbp,bioemu,1.9167
tbp,bioemu,1.5124
tbp,bioemu,1.6901
tbp,bioemu,1.6557
tbp,bioemu,2.1199
tbp,bioemu,1.5786
tbp,bioemu,1.8927
tbp,bioemu,2.2545
tbp,bioemu,1.7608
tbp,bioemu,1.8045
tbp,bioemu,1.5001
tbp,bioemu,2.0903
tbp,bioemu,1.9681
tbp,bioemu,1.1623
tbp,bioemu,2.4438
tbp,bioemu,1.5508
tbp,bioemu,1.8013
tbp,bioemu,1.0537
tbp,bioemu,1.5092
tbp,bioemu,1.5504
tbp,bioemu,2.0968
tbp,bioemu,1.3518
tbp,bioemu,2.1509
tbp,bioemu,1.4903
tbp,bioemu,2.7783
tbp,bioemu,1.6773
tbp,bioemu,1.3652
tbp,bioemu,1.0171
tbp,bioemu,2.0023
tbp,bioemu,1.8256
tbp,bioemu,1.3008
tbp,bioemu,1.0627
tbp,bioemu,0.9688
tbp,bioemu,1.4041
tbp,bioemu,1.7011
tbp,bioemu,1.2358
tbp,bioemu,1.2954
tbp,bioemu,1.8452
tbp,bioemu,2.1298
tbp,bioemu,2.3167
tbp,bioemu,1.6327
tbp,bioemu,2.0591
tbp,bioemu,1.8233
tbp,bioemu,1.0994
tbp,bioemu,2.0123
tbp,bioemu,1.3137
tbp,bioemu,1.1835
tbp,bioemu,1.5255
tbp,bioemu,1.8266
tbp,bioemu,1.8066
tbp,bioemu,1.6195
tbp,bioemu,1.9356
tbp,bioemu,1.5935
tbp,bioemu,1.5177
tbp,bioemu,1.2232
tbp,bioemu,2.1266
tbp,bioemu,1.9577
tbp,bioemu,0.884
tbp,bioemu,2.1369
tbp,bioemu,1.0831
tbp,bioemu,1.779
tbp,bioemu,1.3376
tbp,bioemu,1.3537
tbp,bioemu,1.6779
tbp,bioemu,1.7849
tbp,bioemu,1.0017
tbp,bioemu,1.7164
tbp,bioemu,0.974
tbp,bioemu,2.8737
tbp,bioemu,1.502
tbp,bioemu,1.1113
tbp,bioemu,0.9005
tbp,bioemu,1.5664
tbp,bioemu,1.7473
tbp,bioemu,0.9182
tbp,bioemu,1.4526
tbp,bioemu,0.746
tbp,bioemu,1.207
tbp,bioemu,0.9451
tbp,bioemu,0.6555
tbp,bioemu,1.3951
tbp,bioemu,1.6942
tbp,bioemu,1.9337
tbp,bioemu,0.6976
tbp,bioemu,1.7941
tbp,bioemu,1.3141
tbp,bioemu,1.6204
tbp,bioemu,1.6088
tbp,bioemu,0.8686
tbp,bioemu,0.8546
tbp,bioemu,1.2014
tbp,bioemu,1.1835
tbp,bioemu,1.4773
tbp,bioemu,0.8246
tbp,bioemu,1.3577
tbp,bioemu,0.8863
tbp,bioemu,0.7864
tbp,bioemu,1.3495
tbp,bioemu,1.9521
tbp,bioemu,1.1382
tbp,bioemu,1.2675
tbp,bioemu,2.2743
tbp,bioemu,1.217
tbp,bioemu,1.0824
tbp,bioemu,1.3352
tbp,bioemu,0.8168
tbp,bioemu,1.0525
tbp,bioemu,1.0862
tbp,bioemu,0.9757
tbp,bioemu,1.3105
tbp,bioemu,1.5273
tbp,bioemu,2.0605
tbp,bioemu,1.3734
tbp,bioemu,1.1141
tbp,bioemu,1.0957
tbp,bioemu,1.413
tbp,bioemu,1.1953
tbp,bioemu,1.0615
tbp,bioemu,1.1159
tbp,bioemu,1.3991
tbp,bioemu,1.0617
tbp,bioemu,0.9095
tbp,bioemu,1.4556
tbp,bioemu,2.1459
tbp,bioemu,2.2122
tbp,bioemu,1.1589
tbp,bioemu,1.7992
tbp,bioemu,1.4703
tbp,bioemu,1.4268
tbp,bioemu,1.8447
tbp,bioemu,1.1645
tbp,bioemu,1.1092
tbp,bioemu,1.4716
tbp,bioemu,1.3976
tbp,bioemu,1.7165
tbp,bioemu,1.2022
tbp,bioemu,1.6674
tbp,bioemu,1.3548
tbp,bioemu,1.2634
tbp,bioemu,1.4003
tbp,bioemu,1.8344
tbp,bioemu,1.5928
tbp,bioemu,1.1913
tbp,bioemu,2.0394
tbp,bioemu,1.2271
tbp,bioemu,1.5391
tbp,bioemu,1.4672
tbp,bioemu,1.1115
tbp,bioemu,1.3239
tbp,bioemu,1.4822
tbp,bioemu,0.8255
tbp,bioemu,1.5012
tbp,bioemu,1.2458
tbp,bioemu,2.5513
tbp,bioemu,1.3426
tbp,bioemu,1.1609
tbp,bioemu,0.9609
tbp,bioemu,1.6888
tbp,bioemu,1.6999
tbp,bioemu,1.6583
tbp,bioemu,1.752
tbp,bioemu,1.4862
tbp,bioemu,1.4726
tbp,bioemu,2.1081
tbp,bioemu,2.3536
tbp,bioemu,2.4827
tbp,bioemu,1.7608
tbp,bioemu,2.3915
tbp,bioemu,2.1378
tbp,bioemu,1.0098
tbp,bioemu,2.4701
tbp,bioemu,1.6984
tbp,bioemu,1.5438
tbp,bioemu,1.5505
tbp,bioemu,1.972
tbp,bioemu,2.0303
tbp,bioemu,1.8585
tbp,bioemu,1.9356
tbp,bioemu,1.8253
tbp,bioemu,1.7868
tbp,bioemu,1.2844
tbp,bioemu,2.1063
tbp,bioemu,2.2326
tbp,bioemu,1.0858
tbp,bioemu,2.3874
tbp,bioemu,1.1215
tbp,bioemu,2.05
tbp,bioemu,1.6344
tbp,bioemu,1.6172
tbp,bioemu,1.884
tbp,bioemu,2.0149
tbp,bioemu,1.1338
tbp,bioemu,1.748
tbp,bioemu,1.0491
tbp,bioemu,3.0516
tbp,bioemu,1.7538
tbp,bioemu,1.5114
tbp,bioemu,0.9944
tbp,bioemu,1.761
tbp,bioemu,2.0871
tbp,bioemu,1.237
tbp,bioemu,0.8746
tbp,bioemu,0.7303
tbp,bioemu,1.3866
tbp,bioemu,1.5273
tbp,bioemu,1.7635
tbp,bioemu,0.6359
tbp,bioemu,1.7723
tbp,bioemu,1.1662
tbp,bioemu,1.7156
tbp,bioemu,1.4928
tbp,bioemu,0.7716
tbp,bioemu,0.8759
tbp,bioemu,1.1313
tbp,bioemu,1.2226
tbp,bioemu,1.3186
tbp,bioemu,0.7815
tbp,bioemu,1.3974
tbp,bioemu,0.7593
tbp,bioemu,0.6318
tbp,bioemu,1.3037
tbp,bioemu,2.0562
tbp,bioemu,0.9896
tbp,bioemu,1.3304
tbp,bioemu,2.3669
tbp,bioemu,1.2582
tbp,bioemu,0.8598
tbp,bioemu,1.2386
tbp,bioemu,0.7545
tbp,bioemu,0.9571
tbp,bioemu,1.0977
tbp,bioemu,1.0754
tbp,bioemu,1.3177
tbp,bioemu,1.6286
tbp,bioemu,1.9057
tbp,bioemu,1.3837
tbp,bioemu,1.1844
tbp,bioemu,1.2082
tbp,bioemu,1.2933
tbp,bioemu,1.0268
tbp,bioemu,1.3707
tbp,bioemu,1.1547
tbp,bioemu,1.5068
tbp,bioemu,1.9286
tbp,bioemu,1.9309
tbp,bioemu,1.2224
tbp,bioemu,2.0875
tbp,bioemu,1.4748
tbp,bioemu,1.9382
tbp,bioemu,1.9919
tbp,bioemu,1.4551
tbp,bioemu,1.327
tbp,bioemu,1.4608
tbp,bioemu,1.3442
tbp,bioemu,1.3366
tbp,bioemu,1.1635
tbp,bioemu,1.4496
tbp,bioemu,1.3327
tbp,bioemu,1.3866
tbp,bioemu,1.5131
tbp,bioemu,1.5914
tbp,bioemu,1.3699
tbp,bioemu,1.4896
tbp,bioemu,2.4423
tbp,bioemu,1.4522
tbp,bioemu,1.4505
tbp,bioemu,1.6721
tbp,bioemu,1.2464
tbp,bioemu,1.2973
tbp,bioemu,1.3437
tbp,bioemu,1.3185
tbp,bioemu,1.6001
tbp,bioemu,1.9092
tbp,bioemu,2.1236
tbp,bioemu,1.602
tbp,bioemu,1.3286
tbp,bioemu,1.4961
tbp,bioemu,1.477
tbp,bioemu,1.6047
tbp,bioemu,0.9007
tbp,bioemu,1.3858
tbp,bioemu,1.6496
tbp,bioemu,1.5158
tbp,bioemu,1.0299
tbp,bioemu,1.6455
tbp,bioemu,1.0501
tbp,bioemu,1.3536
tbp,bioemu,1.4437
tbp,bioemu,0.7427
tbp,bioemu,1.0827
tbp,bioemu,1.0938
tbp,bioemu,1.5015
tbp,bioemu,1.1049
tbp,bioemu,1.057
tbp,bioemu,1.5649
tbp,bioemu,0.8837
tbp,bioemu,0.9995
tbp,bioemu,1.0754
tbp,bioemu,1.8357
tbp,bioemu,1.1928
tbp,bioemu,0.983
tbp,bioemu,2.3046
tbp,bioemu,1.2325
tbp,bioemu,0.8658
tbp,bioemu,0.7742
tbp,bioemu,0.6658
tbp,bioemu,0.7455
tbp,bioemu,1.426
tbp,bioemu,0.8773
tbp,bioemu,1.5636
tbp,bioemu,1.442
tbp,bioemu,2.1132
tbp,bioemu,1.2246
tbp,bioemu,1.0267
tbp,bioemu,0.7765
tbp,bioemu,1.4298
tbp,bioemu,1.0728
tbp,bioemu,1.3807
tbp,bioemu,1.6781
tbp,bioemu,1.9562
tbp,bioemu,0.6967
tbp,bioemu,1.7429
tbp,bioemu,1.2275
tbp,bioemu,1.6438
tbp,bioemu,1.5637
tbp,bioemu,0.8139
tbp,bioemu,0.8409
tbp,bioemu,1.2673
tbp,bioemu,1.2285
tbp,bioemu,1.4492
tbp,bioemu,0.7602
tbp,bioemu,1.441
tbp,bioemu,0.8488
tbp,bioemu,0.8359
tbp,bioemu,1.3497
tbp,bioemu,1.9486
tbp,bioemu,1.1466
tbp,bioemu,1.2622
tbp,bioemu,2.2745
tbp,bioemu,1.2371
tbp,bioemu,1.0353
tbp,bioemu,1.3162
tbp,bioemu,0.7685
tbp,bioemu,0.9953
tbp,bioemu,1.0641
tbp,bioemu,0.9651
tbp,bioemu,1.3468
tbp,bioemu,1.5872
tbp,bioemu,2.0026
tbp,bioemu,1.309
tbp,bioemu,1.0616
tbp,bioemu,1.0981
tbp,bioemu,1.4223
tbp,bioemu,1.2311
tbp,bioemu,2.5162
tbp,bioemu,1.9949
tbp,bioemu,1.4423
tbp,bioemu,1.1014
tbp,bioemu,0.9775
tbp,bioemu,2.3578
tbp,bioemu,1.3849
tbp,bioemu,1.3949
tbp,bioemu,1.3933
tbp,bioemu,2.0145
tbp,bioemu,1.379
tbp,bioemu,1.5166
tbp,bioemu,1.1816
tbp,bioemu,1.8468
tbp,bioemu,1.6132
tbp,bioemu,1.4139
tbp,bioemu,2.0245
tbp,bioemu,1.5345
tbp,bioemu,1.2357
tbp,bioemu,1.9036
tbp,bioemu,1.828
tbp,bioemu,2.0702
tbp,bioemu,1.5765
tbp,bioemu,1.8165
tbp,bioemu,1.401
tbp,bioemu,1.0869
tbp,bioemu,1.4301
tbp,bioemu,1.4676
tbp,bioemu,2.0705
tbp,bioemu,2.0589
tbp,bioemu,2.2221
tbp,bioemu,1.4499
tbp,bioemu,1.4351
tbp,bioemu,1.6504
tbp,bioemu,2.1971
tbp,bioemu,1.8248
tbp,bioemu,1.8713
tbp,bioemu,1.5397
tbp,bioemu,2.7721
tbp,bioemu,2.1546
tbp,bioemu,2.0372
tbp,bioemu,2.3264
tbp,bioemu,1.5513
tbp,bioemu,1.7655
tbp,bioemu,1.294
tbp,bioemu,2.1447
tbp,bioemu,1.7624
tbp,bioemu,1.8199
tbp,bioemu,1.8061
tbp,bioemu,1.2541
tbp,bioemu,1.5708
tbp,bioemu,1.6311
tbp,bioemu,2.8457
tbp,bioemu,1.7801
tbp,bioemu,1.8756
tbp,bioemu,3.5259
tbp,bioemu,1.7011
tbp,bioemu,1.2857
tbp,bioemu,1.6012
tbp,bioemu,1.5106
tbp,bioemu,1.7391
tbp,bioemu,1.8589
tbp,bioemu,1.999
tbp,bioemu,1.7635
tbp,bioemu,2.3702
tbp,bioemu,2.0774
tbp,bioemu,2.2742
tbp,bioemu,1.8628
tbp,bioemu,1.8942
tbp,bioemu,1.3913
tbp,bioemu,1.0965
tbp,bioemu,1.8538
tbp,bioemu,2.2901
tbp,bioemu,1.774
tbp,bioemu,2.1608
tbp,bioemu,2.184
tbp,bioemu,1.7206
tbp,bioemu,1.9474
tbp,bioemu,1.6072
tbp,bioemu,2.2345
tbp,bioemu,1.1664
tbp,bioemu,1.9054
tbp,bioemu,1.6767
tbp,bioemu,1.6242
tbp,bioemu,1.8256
tbp,bioemu,1.7951
tbp,bioemu,2.0409
tbp,bioemu,1.7275
tbp,bioemu,1.9258
tbp,bioemu,3.2275
tbp,bioemu,2.0717
tbp,bioemu,1.4266
tbp,bioemu,1.512
tbp,bioemu,1.6072
tbp,bioemu,1.4003
tbp,bioemu,2.0033
tbp,bioemu,1.9957
tbp,bioemu,2.2093
tbp,bioemu,2.4086
tbp,bioemu,2.1359
tbp,bioemu,2.1263
tbp,bioemu,2.0124
tbp,bioemu,1.8701
tbp,bioemu,1.9077
tbp,bioemu,1.4884
tbp,bioemu,1.8838
tbp,bioemu,1.2993
tbp,bioemu,1.8897
tbp,bioemu,1.5966
tbp,bioemu,0.872
tbp,bioemu,0.9994
tbp,bioemu,1.2436
tbp,bioemu,1.173
tbp,bioemu,1.4865
tbp,bioemu,0.7706
tbp,bioemu,1.3312
tbp,bioemu,0.7119
tbp,bioemu,0.7082
tbp,bioemu,1.4497
tbp,bioemu,2.0561
tbp,bioemu,0.9494
tbp,bioemu,1.5409
tbp,bioemu,2.4871
tbp,bioemu,1.4263
tbp,bioemu,0.8672
tbp,bioemu,1.4679
tbp,bioemu,0.8013
tbp,bioemu,0.9848
tbp,bioemu,1.0163
tbp,bioemu,1.1807
tbp,bioemu,1.2774
tbp,bioemu,1.8248
tbp,bioemu,1.805
tbp,bioemu,1.4973
tbp,bioemu,1.3227
tbp,bioemu,1.3768
tbp,bioemu,1.3893
tbp,bioemu,1.0446
tbp,bioemu,1.2166
tbp,bioemu,2.591
tbp,bioemu,1.2043
tbp,bioemu,1.6278
tbp,bioemu,1.7606
tbp,bioemu,2.4241
tbp,bioemu,1.8293
tbp,bioemu,1.9279
tbp,bioemu,1.6286
tbp,bioemu,2.4709
tbp,bioemu,1.9199
tbp,bioemu,1.7076
tbp,bioemu,2.391
tbp,bioemu,1.9965
tbp,bioemu,1.5476
tbp,bioemu,2.1772
tbp,bioemu,1.8115
tbp,bioemu,2.3966
tbp,bioemu,1.8764
tbp,bioemu,1.9083
tbp,bioemu,1.6688
tbp,bioemu,1.4477
tbp,bioemu,1.8611
tbp,bioemu,1.8141
tbp,bioemu,2.4941
tbp,bioemu,2.2206
tbp,bioemu,2.3543
tbp,bioemu,1.6443
tbp,bioemu,1.6313
tbp,bioemu,1.8634
tbp,bioemu,2.6355
tbp,bioemu,2.0374
tbp,bioemu,2.1896
tbp,bioemu,1.0447
tbp,bioemu,1.1414
tbp,bioemu,1.4033
tbp,bioemu,1.8018
tbp,bioemu,1.4156
tbp,bioemu,1.2431
tbp,bioemu,0.9825
tbp,bioemu,1.9943
tbp,bioemu,1.2725
tbp,bioemu,1.2348
tbp,bioemu,1.8484
tbp,bioemu,1.8142
tbp,bioemu,0.9613
tbp,bioemu,1.6726
tbp,bioemu,2.044
tbp,bioemu,1.9028
tbp,bioemu,1.1941
tbp,bioemu,1.387
tbp,bioemu,1.0856
tbp,bioemu,0.8606
tbp,bioemu,1.4525
tbp,bioemu,1.3533
tbp,bioemu,2.0351
tbp,bioemu,2.0359
tbp,bioemu,1.8587
tbp,bioemu,1.3132
tbp,bioemu,1.3234
tbp,bioemu,1.4844
tbp,bioemu,2.0021
tbp,bioemu,1.5015
tbp,bioemu,2.5128
tbp,bioemu,1.6473
tbp,bioemu,1.6888
tbp,bioemu,1.2412
tbp,bioemu,2.2192
tbp,bioemu,1.8215
tbp,bioemu,2.0073
tbp,bioemu,1.9541
tbp,bioemu,1.7532
tbp,bioemu,1.9005
tbp,bioemu,1.0122
tbp,bioemu,2.3038
tbp,bioemu,2.2916
tbp,bioemu,0.8592
tbp,bioemu,2.8556
tbp,bioemu,0.9798
tbp,bioemu,1.8819
tbp,bioemu,1.2381
tbp,bioemu,1.5777
tbp,bioemu,1.8392
tbp,bioemu,2.207
tbp,bioemu,1.2789
tbp,bioemu,1.7834
tbp,bioemu,1.1786
tbp,bioemu,3.0648
tbp,bioemu,1.9255
tbp,bioemu,1.6056
tbp,bioemu,0.9435
tbp,bioemu,1.5672
tbp,bioemu,1.9035
tbp,bioemu,1.2922
tbp,bioemu,1.6252
tbp,bioemu,2.2158
tbp,bioemu,1.7846
tbp,bioemu,1.7979
tbp,bioemu,1.3509
tbp,bioemu,2.477
tbp,bioemu,1.545
tbp,bioemu,1.4137
tbp,bioemu,2.2394
tbp,bioemu,2.3656
tbp,bioemu,1.1754
tbp,bioemu,2.018
tbp,bioemu,2.0917
tbp,bioemu,2.2226
tbp,bioemu,1.4633
tbp,bioemu,1.6582
tbp,bioemu,1.3717
tbp,bioemu,1.3196
tbp,bioemu,1.771
tbp,bioemu,1.7498
tbp,bioemu,2.3228
tbp,bioemu,2.2616
tbp,bioemu,2.0134
tbp,bioemu,1.5193
tbp,bioemu,1.4808
tbp,bioemu,1.7954
tbp,bioemu,2.3489
tbp,bioemu,1.6041
tbp,bioemu,0.81
tbp,bioemu,1.2151
tbp,bioemu,1.3978
tbp,bioemu,1.2766
tbp,bioemu,0.9352
tbp,bioemu,1.5793
tbp,bioemu,0.774
tbp,bioemu,0.8435
tbp,bioemu,1.2812
tbp,bioemu,2.0621
tbp,bioemu,1.0084
tbp,bioemu,1.2238
tbp,bioemu,2.3278
tbp,bioemu,1.3994
tbp,bioemu,0.7877
tbp,bioemu,1.0507
tbp,bioemu,0.7389
tbp,bioemu,0.8773
tbp,bioemu,1.1472
tbp,bioemu,1.0584
tbp,bioemu,1.4926
tbp,bioemu,1.6455
tbp,bioemu,1.9212
tbp,bioemu,1.3683
tbp,bioemu,1.0604
tbp,bioemu,1.0989
tbp,bioemu,1.3564
tbp,bioemu,0.865
tbp,bioemu,1.3322
tbp,bioemu,1.3486
tbp,bioemu,1.4403
tbp,bioemu,1.0107
tbp,bioemu,1.378
tbp,bioemu,1.0623
tbp,bioemu,0.9339
tbp,bioemu,1.35
tbp,bioemu,1.9385
tbp,bioemu,1.2576
tbp,bioemu,1.2667
tbp,bioemu,2.1731
tbp,bioemu,1.34
tbp,bioemu,1.2183
tbp,bioemu,1.3845
tbp,bioemu,1.0458
tbp,bioemu,1.1998
tbp,bioemu,0.9793
tbp,bioemu,1.092
tbp,bioemu,1.427
tbp,bioemu,1.5479
tbp,bioemu,2.1516
tbp,bioemu,1.4856
tbp,bioemu,1.0381
tbp,bioemu,1.2224
tbp,bioemu,1.3022
tbp,bioemu,1.1838
tbp,bioemu,1.7718
tbp,bioemu,1.2706
tbp,bioemu,1.5101
tbp,bioemu,1.2636
tbp,bioemu,1.0876
tbp,bioemu,1.3609
tbp,bioemu,0.8977
tbp,bioemu,2.1573
tbp,bioemu,1.6039
tbp,bioemu,1.1654
tbp,bioemu,3.0197
tbp,bioemu,1.0495
tbp,bioemu,1.1579
tbp,bioemu,1.1315
tbp,bioemu,1.1656
tbp,bioemu,1.3048
tbp,bioemu,1.565
tbp,bioemu,1.3193
tbp,bioemu,1.3913
tbp,bioemu,1.7238
tbp,bioemu,2.3033
tbp,bioemu,1.8695
tbp,bioemu,1.4908
tbp,bioemu,1.1927
tbp,bioemu,1.0288
tbp,bioemu,1.1868
tbp,bioemu,1.7663
tbp,bioemu,1.1232
tbp,bioemu,1.7669
tbp,bioemu,1.381
tbp,bioemu,1.2528
tbp,bioemu,1.8385
tbp,bioemu,1.9951
tbp,bioemu,1.2889
tbp,bioemu,1.8364
tbp,bioemu,2.3053
tbp,bioemu,1.7903
tbp,bioemu,1.5005
tbp,bioemu,1.7956
tbp,bioemu,1.337
tbp,bioemu,1.3525
tbp,bioemu,1.278
tbp,bioemu,1.365
tbp,bioemu,1.5205
tbp,bioemu,1.9989
tbp,bioemu,1.9837
tbp,bioemu,1.6423
tbp,bioemu,1.5414
tbp,bioemu,1.6823
tbp,bioemu,1.8948
tbp,bioemu,1.6897
tbp,bioemu,1.4176
tbp,bioemu,1.5334
tbp,bioemu,1.2971
tbp,bioemu,1.4857
tbp,bioemu,1.39
tbp,bioemu,1.6641
tbp,bioemu,1.3166
tbp,bioemu,1.3953
tbp,bioemu,2.6697
tbp,bioemu,1.606
tbp,bioemu,1.1531
tbp,bioemu,1.1563
tbp,bioemu,1.186
tbp,bioemu,0.9784
tbp,bioemu,1.5353
tbp,bioemu,1.4462
tbp,bioemu,1.8984
tbp,bioemu,2.0224
tbp,bioemu,1.9937
tbp,bioemu,1.6991
tbp,bioemu,1.4135
tbp,bioemu,1.4156
tbp,bioemu,1.4908
tbp,bioemu,1.3142
tbp,bioemu,1.5607
tbp,bioemu,0.9359
tbp,bioemu,0.8487
tbp,bioemu,1.6326
tbp,bioemu,1.942
tbp,bioemu,0.9125
tbp,bioemu,1.5291
tbp,bioemu,2.2332
tbp,bioemu,1.5492
tbp,bioemu,0.9996
tbp,bioemu,1.4592
tbp,bioemu,0.8807
tbp,bioemu,0.9473
tbp,bioemu,1.0505
tbp,bioemu,1.1939
tbp,bioemu,1.574
tbp,bioemu,1.8624
tbp,bioemu,1.7625
tbp,bioemu,1.3067
tbp,bioemu,1.1679
tbp,bioemu,1.3868
tbp,bioemu,1.6005
tbp,bioemu,1.2612
tbp,bioemu,1.4408
tbp,bioemu,1.507
tbp,bioemu,1.5724
tbp,bioemu,1.9435
tbp,bioemu,1.7226
tbp,bioemu,1.8071
tbp,bioemu,3.0181
tbp,bioemu,1.6484
tbp,bioemu,1.4904
tbp,bioemu,1.863
tbp,bioemu,1.522
tbp,bioemu,1.4971
tbp,bioemu,1.3628
tbp,bioemu,1.679
tbp,bioemu,1.5504
tbp,bioemu,2.0917
tbp,bioemu,2.3767
tbp,bioemu,2.1309
tbp,bioemu,1.8247
tbp,bioemu,1.764
tbp,bioemu,1.4599
tbp,bioemu,1.5352
tbp,bioemu,0.8358
tbp,bioemu,1.3055
tbp,bioemu,2.1341
tbp,bioemu,0.9832
tbp,bioemu,1.3944
tbp,bioemu,2.6656
tbp,bioemu,1.3771
tbp,bioemu,0.6382
tbp,bioemu,1.1538
tbp,bioemu,0.716
tbp,bioemu,0.9227
tbp,bioemu,1.1734
tbp,bioemu,1.2285
tbp,bioemu,1.3129
tbp,bioemu,1.884
tbp,bioemu,1.7023
tbp,bioemu,1.5125
tbp,bioemu,1.2578
tbp,bioemu,1.2819
tbp,bioemu,1.2791
tbp,bioemu,0.7676
tbp,bioemu,1.4941
tbp,bioemu,2.151
tbp,bioemu,0.9607
tbp,bioemu,1.4934
tbp,bioemu,2.3361
tbp,bioemu,1.459
tbp,bioemu,0.956
tbp,bioemu,1.3448
tbp,bioemu,0.8324
tbp,bioemu,1.0423
tbp,bioemu,1.0555
tbp,bioemu,1.2227
tbp,bioemu,1.4986
tbp,bioemu,1.6869
tbp,bioemu,1.7646
tbp,bioemu,1.4646
tbp,bioemu,1.2507
tbp,bioemu,1.33
tbp,bioemu,1.4779
tbp,bioemu,0.9518
tbp,bioemu,2.1094
tbp,bioemu,1.7931
tbp,bioemu,0.8767
tbp,bioemu,2.8085
tbp,bioemu,1.0073
tbp,bioemu,1.3849
tbp,bioemu,1.1507
tbp,bioemu,1.2436
tbp,bioemu,1.4667
tbp,bioemu,1.7363
tbp,bioemu,1.169
tbp,bioemu,1.4586
tbp,bioemu,1.4513
tbp,bioemu,2.5102
tbp,bioemu,1.7494
tbp,bioemu,1.4127
tbp,bioemu,1.0442
tbp,bioemu,1.0465
tbp,bioemu,1.4089
tbp,bioemu,2.012
tbp,bioemu,2.0093
tbp,bioemu,2.3651
tbp,bioemu,2.149
tbp,bioemu,2.1608
tbp,bioemu,2.1223
tbp,bioemu,1.935
tbp,bioemu,1.7012
tbp,bioemu,2.0122
tbp,bioemu,1.808
tbp,bioemu,2.3294
tbp,bioemu,2.228
tbp,bioemu,2.7905
tbp,bioemu,2.0069
tbp,bioemu,1.8846
tbp,bioemu,1.9203
tbp,bioemu,2.322
tbp,bioemu,2.3327
tbp,bioemu,1.7952
tbp,bioemu,2.4491
tbp,bioemu,1.8593
tbp,bioemu,0.9153
tbp,bioemu,1.5034
tbp,bioemu,0.9651
tbp,bioemu,0.8573
tbp,bioemu,1.0907
tbp,bioemu,1.4848
tbp,bioemu,1.7628
tbp,bioemu,2.2061
tbp,bioemu,1.464
tbp,bioemu,1.5597
tbp,bioemu,1.366
tbp,bioemu,1.6337
tbp,bioemu,1.7417
tbp,bioemu,1.0943
tbp,bioemu,2.4077
tbp,bioemu,0.9294
tbp,bioemu,1.4989
tbp,bioemu,0.9679
tbp,bioemu,1.1821
tbp,bioemu,1.4449
tbp,bioemu,1.783
tbp,bioemu,0.9126
tbp,bioemu,1.6491
tbp,bioemu,1.1344
tbp,bioemu,2.6139
tbp,bioemu,1.4948
tbp,bioemu,1.1485
tbp,bioemu,0.6999
tbp,bioemu,1.2916
tbp,bioemu,1.5383
tbp,bioemu,2.7319
tbp,bioemu,2.7493
tbp,bioemu,2.6061
tbp,bioemu,2.4268
tbp,bioemu,2.3934
tbp,bioemu,2.4958
tbp,bioemu,2.052
tbp,bioemu,2.927
tbp,bioemu,2.1981
tbp,bioemu,3.2397
tbp,bioemu,2.0859
tbp,bioemu,2.1706
tbp,bioemu,2.2561
tbp,bioemu,3.0185
tbp,bioemu,2.8734
tbp,bioemu,1.5746
tbp,bioemu,1.2661
tbp,bioemu,1.2232
tbp,bioemu,1.5838
tbp,bioemu,1.7498
tbp,bioemu,1.1535
tbp,bioemu,1.4118
tbp,bioemu,1.268
tbp,bioemu,2.6628
tbp,bioemu,1.678
tbp,bioemu,1.2778
tbp,bioemu,1.0323
tbp,bioemu,1.2431
tbp,bioemu,1.5708
tbp,bioemu,1.1095
tbp,bioemu,0.7564
tbp,bioemu,0.7658
tbp,bioemu,1.2958
tbp,bioemu,1.3686
tbp,bioemu,1.5327
tbp,bioemu,2.0177
tbp,bioemu,1.6206
tbp,bioemu,1.5559
tbp,bioemu,1.3574
tbp,bioemu,1.3959
tbp,bioemu,1.406
tbp,bioemu,0.7097
tbp,bioemu,0.9704
tbp,bioemu,1.1072
tbp,bioemu,1.7507
tbp,bioemu,1.1601
tbp,bioemu,1.7624
tbp,bioemu,1.5327
tbp,bioemu,2.205
tbp,bioemu,1.5029
tbp,bioemu,1.2374
tbp,bioemu,0.883
tbp,bioemu,1.4981
tbp,bioemu,1.1966
tbp,bioemu,0.7358
tbp,bioemu,1.2346
tbp,bioemu,0.9939
tbp,bioemu,1.416
tbp,bioemu,1.6069
tbp,bioemu,1.8962
tbp,bioemu,1.2306
tbp,bioemu,0.9794
tbp,bioemu,1.0139
tbp,bioemu,1.4015
tbp,bioemu,0.9439
tbp,bioemu,1.2707
tbp,bioemu,1.1676
tbp,bioemu,1.6137
tbp,bioemu,1.8734
tbp,bioemu,1.7868
tbp,bioemu,1.3433
tbp,bioemu,1.1776
tbp,bioemu,1.2048
tbp,bioemu,1.664
tbp,bioemu,1.1134
tbp,bioemu,1.4746
tbp,bioemu,1.5941
tbp,bioemu,2.0669
tbp,bioemu,1.8223
tbp,bioemu,1.768
tbp,bioemu,1.4222
tbp,bioemu,1.709
tbp,bioemu,1.5624
tbp,bioemu,1.2757
tbp,bioemu,1.4869
tbp,bioemu,1.1725
tbp,bioemu,2.4029
tbp,bioemu,1.2362
tbp,bioemu,1.0881
tbp,bioemu,0.7752
tbp,bioemu,1.5181
tbp,bioemu,1.5109
tbp,bioemu,1.9146
tbp,bioemu,2.4324
tbp,bioemu,1.971
tbp,bioemu,1.6706
tbp,bioemu,1.6209
tbp,bioemu,1.5148
tbp,bioemu,1.6
tbp,bioemu,3.0495
tbp,bioemu,1.7172
tbp,bioemu,1.5762
tbp,bioemu,1.0735
tbp,bioemu,1.8696
tbp,bioemu,2.0204
tbp,bioemu,2.3867
tbp,bioemu,2.322
tbp,bioemu,2.5109
tbp,bioemu,2.3423
tbp,bioemu,1.7035
tbp,bioemu,1.202
tbp,bioemu,1.305
tbp,bioemu,2.0062
tbp,bioemu,1.7327
tbp,bioemu,1.036
tbp,bioemu,1.597
tbp,bioemu,1.3786
tbp,bioemu,1.5393
tbp,bioemu,1.5014
tbp,bioemu,1.2785
tbp,af3,0.1352
tbp,af3,0.1449
tbp,af3,0.0805
tbp,af3,0.1596
tbp,af3,0.1301
tbp,af3,0.1013
tbp,af3,0.1352
tbp,af3,0.2455
tbp,af3,0.1207
tbp,af3,0.087
tbp,af3,0.1246
tbp,af3,0.1459
tbp,af3,0.198
tbp,af3,0.1371
tbp,af3,0.1407
tbp,af3,0.1706
tbp,af3,0.1257
tbp,af3,0.1512
tbp,af3,0.115
tbp,af3,0.196
tbp,af3,0.1483
tbp,af3,0.1502
tbp,af3,0.1678
tbp,af3,0.1384
tbp,af3,0.1628
tbp,af3,0.1526
tbp,af3,0.1078
tbp,af3,0.1459
tbp,af3,0.2338
tbp,af3,0.0939
tbp,af3,0.2098
tbp,af3,0.1509
tbp,af3,0.1935
tbp,af3,0.1788
tbp,af3,0.1442
tbp,af3,0.1549
tbp,af3,0.1755
tbp,af3,0.3212
tbp,af3,0.1648
tbp,af3,0.095
tbp,af3,0.2461
tbp,af3,0.124
tbp,af3,0.269
tbp,af3,0.157
tbp,af3,0.2278
egr1,bioemu,0.8486
egr1,bioemu,7.556
egr1,bioemu,4.802
egr1,bioemu,1.6922
egr1,bioemu,0.9946
egr1,bioemu,1.4824
egr1,bioemu,0.7556
egr1,bioemu,1.3798
egr1,bioemu,1.2706
egr1,bioemu,1.0385
egr1,bioemu,1.4368
egr1,bioemu,1.4633
egr1,bioemu,0.8535
egr1,bioemu,3.1188
egr1,bioemu,1.2034
egr1,bioemu,0.8846
egr1,bioemu,0.7228
egr1,bioemu,1.1629
egr1,bioemu,0.6491
egr1,bioemu,1.4228
egr1,bioemu,1.145
egr1,bioemu,1.3864
egr1,bioemu,0.9556
egr1,bioemu,1.6292
egr1,bioemu,1.2533
egr1,bioemu,2.5666
egr1,bioemu,1.1125
egr1,bioemu,1.2615
egr1,bioemu,1.283
egr1,bioemu,1.4177
egr1,bioemu,1.0872
egr1,bioemu,2.8818
egr1,bioemu,1.5335
egr1,bioemu,7.4779
egr1,bioemu,1.0134
egr1,bioemu,0.9695
egr1,bioemu,1.1339
egr1,bioemu,1.3354
egr1,bioemu,2.7406
egr1,bioemu,1.3692
egr1,bioemu,1.4309
egr1,bioemu,1.3812
egr1,bioemu,1.3767
egr1,bioemu,3.2045
egr1,bioemu,1.2599
egr1,bioemu,1.2428
egr1,bioemu,1.9289
egr1,bioemu,2.157
egr1,bioemu,0.9938
egr1,bioemu,0.8267
egr1,bioemu,1.28
egr1,bioemu,1.0985
egr1,bioemu,0.9433
egr1,bioemu,0.7453
egr1,bioemu,3.1274
egr1,bioemu,1.5767
egr1,bioemu,0.9148
egr1,bioemu,1.9254
egr1,bioemu,2.6127
egr1,bioemu,1.8469
egr1,bioemu,0.8286
egr1,bioemu,1.176
egr1,bioemu,1.9729
egr1,bioemu,1.4468
egr1,bioemu,1.1968
egr1,bioemu,0.8454
egr1,bioemu,1.4852
egr1,bioemu,12.1196
egr1,bioemu,5.2693
egr1,bioemu,0.6213
egr1,bioemu,9.8159
egr1,bioemu,0.7364
egr1,bioemu,0.8854
egr1,bioemu,2.3679
egr1,bioemu,1.6424
egr1,bioemu,1.4071
egr1,bioemu,1.3387
egr1,bioemu,2.7584
egr1,bioemu,1.5984
egr1,bioemu,1.5691
egr1,bioemu,11.0437
egr1,bioemu,6.0343
egr1,bioemu,1.3159
egr1,bioemu,1.1415
egr1,bioemu,0.9833
egr1,bioemu,1.8037
egr1,bioemu,1.7129
egr1,bioemu,2.258
egr1,bioemu,1.6256
egr1,bioemu,1.9815
egr1,bioemu,1.8708
egr1,bioemu,0.8205
egr1,bioemu,1.0029
egr1,bioemu,1.6723
egr1,bioemu,1.4001
egr1,bioemu,1.9857
egr1,bioemu,1.5569
egr1,bioemu,7.774
egr1,bioemu,5.0233
egr1,bioemu,1.3013
egr1,bioemu,1.0516
egr1,bioemu,1.3567
egr1,bioemu,0.8878
egr1,bioemu,1.5442
egr1,bioemu,1.5684
egr1,bioemu,1.1571
egr1,bioemu,1.6085
egr1,bioemu,1.3855
egr1,bioemu,1.0323
egr1,bioemu,2.9477
egr1,bioemu,1.1554
egr1,bioemu,1.0651
egr1,bioemu,0.8245
egr1,bioemu,1.0672
egr1,bioemu,0.9849
egr1,bioemu,1.3472
egr1,bioemu,1.3638
egr1,bioemu,1.3147
egr1,bioemu,1.1357
egr1,bioemu,1.7095
egr1,bioemu,1.2818
egr1,bioemu,2.6555
egr1,bioemu,1.1272
egr1,bioemu,1.5654
egr1,bioemu,1.0733
egr1,bioemu,1.5833
egr1,bioemu,1.2549
egr1,bioemu,2.8209
egr1,bioemu,1.3643
egr1,bioemu,7.6666
egr1,bioemu,1.1765
egr1,bioemu,1.0655
egr1,bioemu,1.3938
egr1,bioemu,1.2313
egr1,bioemu,2.9327
egr1,bioemu,1.2543
egr1,bioemu,1.3858
egr1,bioemu,1.4448
egr1,bioemu,1.5878
egr1,bioemu,3.4291
egr1,bioemu,1.3726
egr1,bioemu,1.1564
egr1,bioemu,1.9602
egr1,bioemu,1.9758
egr1,bioemu,0.9628
egr1,bioemu,0.9932
egr1,bioemu,1.311
egr1,bioemu,1.3142
egr1,bioemu,1.0879
egr1,bioemu,0.9127
egr1,bioemu,3.3738
egr1,bioemu,1.5575
egr1,bioemu,1.1489
egr1,bioemu,1.7016
egr1,bioemu,2.574
egr1,bioemu,1.7595
egr1,bioemu,0.9186
egr1,bioemu,1.3259
egr1,bioemu,1.8897
egr1,bioemu,1.7592
egr1,bioemu,1.3117
egr1,bioemu,0.8987
egr1,bioemu,1.3218
egr1,bioemu,11.9845
egr1,bioemu,5.5147
egr1,bioemu,0.8547
egr1,bioemu,9.7299
egr1,bioemu,0.7552
egr1,bioemu,1.135
egr1,bioemu,2.477
egr1,bioemu,1.4169
egr1,bioemu,1.295
egr1,bioemu,1.2167
egr1,bioemu,2.8994
egr1,bioemu,1.4944
egr1,bioemu,1.552
egr1,bioemu,11.0331
egr1,bioemu,5.9823
egr1,bioemu,1.3605
egr1,bioemu,1.129
egr1,bioemu,0.9125
egr1,bioemu,1.8265
egr1,bioemu,1.9241
egr1,bioemu,2.4089
egr1,bioemu,1.4803
egr1,bioemu,1.8198
egr1,bioemu,1.8116
egr1,bioemu,1.1612
egr1,bioemu,0.9757
egr1,bioemu,1.6617
egr1,bioemu,1.5746
egr1,bioemu,1.8861
egr1,bioemu,1.632
egr1,bioemu,5.1129
egr1,bioemu,8.6721
egr1,bioemu,8.0915
egr1,bioemu,8.6969
egr1,bioemu,7.4867
egr1,bioemu,7.036
egr1,bioemu,6.6062
egr1,bioemu,7.7711
egr1,bioemu,7.7951
egr1,bioemu,8.6274
egr1,bioemu,7.8881
egr1,bioemu,7.5235
egr1,bioemu,8.4202
egr1,bioemu,7.6077
egr1,bioemu,7.8612
egr1,bioemu,8.4117
egr1,bioemu,7.4859
egr1,bioemu,8.431
egr1,bioemu,6.9786
egr1,bioemu,8.6455
egr1,bioemu,7.4044
egr1,bioemu,6.9619
egr1,bioemu,8.4583
egr1,bioemu,8.6785
egr1,bioemu,8.3064
egr1,bioemu,6.884
egr1,bioemu,8.3375
egr1,bioemu,7.5416
egr1,bioemu,7.074
egr1,bioemu,7.0115
egr1,bioemu,8.4634
egr1,bioemu,5.0984
egr1,bioemu,7.9285
egr1,bioemu,7.5898
egr1,bioemu,7.289
egr1,bioemu,8.2183
egr1,bioemu,5.7287
egr1,bioemu,8.6732
egr1,bioemu,7.5746
egr1,bioemu,6.8193
egr1,bioemu,7.7767
egr1,bioemu,6.4958
egr1,bioemu,7.5984
egr1,bioemu,8.2244
egr1,bioemu,8.4933
egr1,bioemu,8.8475
egr1,bioemu,8.2082
egr1,bioemu,7.9422
egr1,bioemu,8.4538
egr1,bioemu,7.9089
egr1,bioemu,7.0689
egr1,bioemu,7.5833
egr1,bioemu,5.3898
egr1,bioemu,8.6223
egr1,bioemu,7.1052
egr1,bioemu,8.3952
egr1,bioemu,8.1981
egr1,bioemu,8.4562
egr1,bioemu,7.5259
egr1,bioemu,7.0694
egr1,bioemu,7.5691
egr1,bioemu,7.8438
egr1,bioemu,8.0843
egr1,bioemu,7.6914
egr1,bioemu,8.6036
egr1,bioemu,14.7427
egr1,bioemu,4.302
egr1,bioemu,7.881
egr1,bioemu,11.277
egr1,bioemu,7.7727
egr1,bioemu,7.3592
egr1,bioemu,6.3297
egr1,bioemu,8.7076
egr1,bioemu,8.5306
egr1,bioemu,8.4364
egr1,bioemu,8.328
egr1,bioemu,7.6378
egr1,bioemu,7.2537
egr1,bioemu,8.6508
egr1,bioemu,6.0698
egr1,bioemu,7.3012
egr1,bioemu,8.293
egr1,bioemu,8.0358
egr1,bioemu,8.5466
egr1,bioemu,7.4981
egr1,bioemu,6.3164
egr1,bioemu,8.3486
egr1,bioemu,8.3999
egr1,bioemu,9.0719
egr1,bioemu,7.2919
egr1,bioemu,8.1247
egr1,bioemu,7.3035
egr1,bioemu,7.1007
egr1,bioemu,7.4518
egr1,bioemu,8.5772
egr1,bioemu,5.7144
egr1,bioemu,5.368
egr1,bioemu,5.7301
egr1,bioemu,4.7666
egr1,bioemu,4.5957
egr1,bioemu,3.9738
egr1,bioemu,4.8541
egr1,bioemu,5.4761
egr1,bioemu,5.928
egr1,bioemu,5.2962
egr1,bioemu,4.8833
egr1,bioemu,5.7294
egr1,bioemu,5.1276
egr1,bioemu,4.8296
egr1,bioemu,5.532
egr1,bioemu,4.5286
egr1,bioemu,5.5452
egr1,bioemu,4.626
egr1,bioemu,5.7918
egr1,bioemu,4.9371
egr1,bioemu,4.0769
egr1,bioemu,5.4534
egr1,bioemu,6.416
egr1,bioemu,5.5596
egr1,bioemu,4.3275
egr1,bioemu,5.6278
egr1,bioemu,4.2951
egr1,bioemu,4.4468
egr1,bioemu,4.0666
egr1,bioemu,5.9302
egr1,bioemu,4.2539
egr1,bioemu,5.1281
egr1,bioemu,5.0351
egr1,bioemu,4.8342
egr1,bioemu,5.4008
egr1,bioemu,4.5078
egr1,bioemu,5.8858
egr1,bioemu,4.8126
egr1,bioemu,4.4784
egr1,bioemu,5.2252
egr1,bioemu,4.6049
egr1,bioemu,4.5797
egr1,bioemu,5.436
egr1,bioemu,5.6032
egr1,bioemu,6.4431
egr1,bioemu,5.489
egr1,bioemu,5.1561
egr1,bioemu,5.594
egr1,bioemu,5.3836
egr1,bioemu,4.516
egr1,bioemu,4.9895
egr1,bioemu,3.0603
egr1,bioemu,5.934
egr1,bioemu,4.3938
egr1,bioemu,5.4815
egr1,bioemu,5.7775
egr1,bioemu,6.3039
egr1,bioemu,5.0102
egr1,bioemu,4.5749
egr1,bioemu,4.6173
egr1,bioemu,5.2296
egr1,bioemu,5.0257
egr1,bioemu,5.0672
egr1,bioemu,5.8613
egr1,bioemu,13.8914
egr1,bioemu,3.3215
egr1,bioemu,5.0261
egr1,bioemu,10.536
egr1,bioemu,5.0814
egr1,bioemu,4.7672
egr1,bioemu,3.649
egr1,bioemu,5.6767
egr1,bioemu,5.6714
egr1,bioemu,5.3934
egr1,bioemu,6.2632
egr1,bioemu,4.7042
egr1,bioemu,4.8866
egr1,bioemu,8.976
egr1,bioemu,5.0932
egr1,bioemu,4.6124
egr1,bioemu,5.3968
egr1,bioemu,5.4039
egr1,bioemu,5.4619
egr1,bioemu,3.9146
egr1,bioemu,3.7575
egr1,bioemu,5.876
egr1,bioemu,5.3684
egr1,bioemu,6.0305
egr1,bioemu,4.4678
egr1,bioemu,5.4225
egr1,bioemu,4.8022
egr1,bioemu,4.519
egr1,bioemu,5.466
egr1,bioemu,5.694
egr1,bioemu,1.5422
egr1,bioemu,1.1213
egr1,bioemu,1.8366
egr1,bioemu,2.4546
egr1,bioemu,2.5933
egr1,bioemu,1.7969
egr1,bioemu,2.2578
egr1,bioemu,1.4381
egr1,bioemu,1.7615
egr1,bioemu,3.2209
egr1,bioemu,1.416
egr1,bioemu,1.9904
egr1,bioemu,1.3371
egr1,bioemu,1.1773
egr1,bioemu,1.7759
egr1,bioemu,1.1605
egr1,bioemu,2.4636
egr1,bioemu,1.2662
egr1,bioemu,2.0244
egr1,bioemu,2.469
egr1,bioemu,1.311
egr1,bioemu,2.9916
egr1,bioemu,1.3507
egr1,bioemu,2.6049
egr1,bioemu,1.4697
egr1,bioemu,2.1168
egr1,bioemu,2.1541
egr1,bioemu,3.2166
egr1,bioemu,1.6636
egr1,bioemu,8.3297
egr1,bioemu,1.8557
egr1,bioemu,1.9044
egr1,bioemu,2.264
egr1,bioemu,1.4203
egr1,bioemu,4.0066
egr1,bioemu,1.147
egr1,bioemu,1.9092
egr1,bioemu,2.4195
egr1,bioemu,2.2762
egr1,bioemu,4.3145
egr1,bioemu,1.8664
egr1,bioemu,1.4464
egr1,bioemu,2.0204
egr1,bioemu,2.005
egr1,bioemu,1.3948
egr1,bioemu,1.6209
egr1,bioemu,1.4003
egr1,bioemu,1.9682
egr1,bioemu,2.1684
egr1,bioemu,1.8259
egr1,bioemu,4.3185
egr1,bioemu,1.671
egr1,bioemu,2.1674
egr1,bioemu,1.5625
egr1,bioemu,3.0532
egr1,bioemu,2.1466
egr1,bioemu,1.8655
egr1,bioemu,2.3117
egr1,bioemu,2.2914
egr1,bioemu,2.3839
egr1,bioemu,1.6226
egr1,bioemu,1.6733
egr1,bioemu,1.3093
egr1,bioemu,11.3392
egr1,bioemu,6.4378
egr1,bioemu,1.4153
egr1,bioemu,9.7058
egr1,bioemu,1.5978
egr1,bioemu,2.1509
egr1,bioemu,3.2279
egr1,bioemu,0.7842
egr1,bioemu,1.0849
egr1,bioemu,0.9662
egr1,bioemu,3.2493
egr1,bioemu,1.8714
egr1,bioemu,2.3256
egr1,bioemu,11.2696
egr1,bioemu,6.6737
egr1,bioemu,2.1064
egr1,bioemu,1.3576
egr1,bioemu,1.3742
egr1,bioemu,1.6141
egr1,bioemu,2.2475
egr1,bioemu,3.2986
egr1,bioemu,1.7247
egr1,bioemu,1.5087
egr1,bioemu,1.2397
egr1,bioemu,1.9806
egr1,bioemu,1.4811
egr1,bioemu,2.3884
egr1,bioemu,2.5185
egr1,bioemu,2.5896
egr1,bioemu,1.7112
egr1,bioemu,1.011
egr1,bioemu,0.8518
egr1,bioemu,1.8061
egr1,bioemu,1.8709
egr1,bioemu,0.8277
egr1,bioemu,1.3503
egr1,bioemu,0.947
egr1,bioemu,0.9201
egr1,bioemu,3.3443
egr1,bioemu,0.5593
egr1,bioemu,0.9171
egr1,bioemu,0.9496
egr1,bioemu,0.7457
egr1,bioemu,0.983
egr1,bioemu,1.4598
egr1,bioemu,1.4118
egr1,bioemu,0.9517
egr1,bioemu,1.274
egr1,bioemu,2.1369
egr1,bioemu,0.8325
egr1,bioemu,2.1376
egr1,bioemu,1.0911
egr1,bioemu,1.4701
egr1,bioemu,1.152
egr1,bioemu,1.44
egr1,bioemu,1.7034
egr1,bioemu,3.3198
egr1,bioemu,1.1313
egr1,bioemu,8.2228
egr1,bioemu,0.6259
egr1,bioemu,1.2242
egr1,bioemu,1.2741
egr1,bioemu,0.9136
egr1,bioemu,3.1375
egr1,bioemu,0.8077
egr1,bioemu,1.8369
egr1,bioemu,1.87
egr1,bioemu,1.3004
egr1,bioemu,3.1608
egr1,bioemu,1.647
egr1,bioemu,0.7983
egr1,bioemu,1.6215
egr1,bioemu,1.7771
egr1,bioemu,0.6923
egr1,bioemu,0.6385
egr1,bioemu,0.9511
egr1,bioemu,1.1381
egr1,bioemu,1.3353
egr1,bioemu,1.0085
egr1,bioemu,3.8345
egr1,bioemu,1.1494
egr1,bioemu,1.2813
egr1,bioemu,1.7867
egr1,bioemu,2.0895
egr1,bioemu,1.3729
egr1,bioemu,1.0221
egr1,bioemu,1.5898
egr1,bioemu,2.2938
egr1,bioemu,1.2921
egr1,bioemu,0.8557
egr1,bioemu,1.093
egr1,bioemu,0.9262
egr1,bioemu,12.0741
egr1,bioemu,5.5802
egr1,bioemu,1.003
egr1,bioemu,10.0982
egr1,bioemu,0.8291
egr1,bioemu,1.0055
egr1,bioemu,2.9042
egr1,bioemu,1.5918
egr1,bioemu,1.3709
egr1,bioemu,1.2394
egr1,bioemu,2.5685
egr1,bioemu,2.114
egr1,bioemu,1.8271
egr1,bioemu,11.3868
egr1,bioemu,6.5836
egr1,bioemu,1.6338
egr1,bioemu,0.602
egr1,bioemu,1.1207
egr1,bioemu,1.9687
egr1,bioemu,2.0351
egr1,bioemu,2.5553
egr1,bioemu,1.3869
egr1,bioemu,2.1573
egr1,bioemu,1.5222
egr1,bioemu,1.4755
egr1,bioemu,0.5213
egr1,bioemu,1.9292
egr1,bioemu,1.3887
egr1,bioemu,2.2885
egr1,bioemu,0.9121
egr1,bioemu,1.5324
egr1,bioemu,2.3643
egr1,bioemu,2.4914
egr1,bioemu,1.2343
egr1,bioemu,1.8288
egr1,bioemu,0.9295
egr1,bioemu,1.3914
egr1,bioemu,3.5609
egr1,bioemu,0.8552
egr1,bioemu,1.6415
egr1,bioemu,1.1496
egr1,bioemu,0.7207
egr1,bioemu,1.4416
egr1,bioemu,1.3193
egr1,bioemu,2.1699
egr1,bioemu,0.6634
egr1,bioemu,1.8136
egr1,bioemu,2.5017
egr1,bioemu,0.7149
egr1,bioemu,2.3759
egr1,bioemu,1.1063
egr1,bioemu,2.2448
egr1,bioemu,1.2506
egr1,bioemu,1.7381
egr1,bioemu,2.1512
egr1,bioemu,3.5155
egr1,bioemu,1.2669
egr1,bioemu,8.5523
egr1,bioemu,1.2277
egr1,bioemu,1.6495
egr1,bioemu,1.9087
egr1,bioemu,1.0948
egr1,bioemu,3.8578
egr1,bioemu,0.7009
egr1,bioemu,2.0565
egr1,bioemu,2.43
egr1,bioemu,1.8459
egr1,bioemu,3.8192
egr1,bioemu,1.8951
egr1,bioemu,0.8865
egr1,bioemu,1.7011
egr1,bioemu,1.7585
egr1,bioemu,0.9227
egr1,bioemu,1.128
egr1,bioemu,0.8783
egr1,bioemu,1.5549
egr1,bioemu,1.9873
egr1,bioemu,1.5703
egr1,bioemu,4.3816
egr1,bioemu,1.1141
egr1,bioemu,1.8897
egr1,bioemu,1.6068
egr1,bioemu,2.398
egr1,bioemu,1.7074
egr1,bioemu,1.6223
egr1,bioemu,2.1704
egr1,bioemu,2.453
egr1,bioemu,1.7612
egr1,bioemu,1.1023
egr1,bioemu,1.5454
egr1,bioemu,0.8241
egr1,bioemu,11.6251
egr1,bioemu,6.2324
egr1,bioemu,1.2508
egr1,bioemu,10.1391
egr1,bioemu,1.3377
egr1,bioemu,1.7542
egr1,bioemu,3.3857
egr1,bioemu,1.0838
egr1,bioemu,1.0898
egr1,bioemu,0.8876
egr1,bioemu,2.7658
egr1,bioemu,2.236
egr1,bioemu,2.3256
egr1,bioemu,11.4916
egr1,bioemu,6.8848
egr1,bioemu,2.0951
egr1,bioemu,0.7336
egr1,bioemu,1.3222
egr1,bioemu,1.6966
egr1,bioemu,2.1515
egr1,bioemu,3.1803
egr1,bioemu,1.512
egr1,bioemu,1.9081
egr1,bioemu,0.9598
egr1,bioemu,1.8758
egr1,bioemu,0.9902
egr1,bioemu,2.4038
egr1,bioemu,2.1293
egr1,bioemu,2.7032
egr1,bioemu,0.9303
egr1,bioemu,1.3468
egr1,bioemu,1.2339
egr1,bioemu,0.7958
egr1,bioemu,1.3837
egr1,bioemu,1.51
egr1,bioemu,0.9879
egr1,bioemu,3.0513
egr1,bioemu,1.1797
egr1,bioemu,0.7497
egr1,bioemu,0.9545
egr1,bioemu,1.2437
egr1,bioemu,0.6806
egr1,bioemu,1.6979
egr1,bioemu,0.868
egr1,bioemu,1.5016
egr1,bioemu,0.9602
egr1,bioemu,1.6711
egr1,bioemu,1.3513
egr1,bioemu,2.4855
egr1,bioemu,1.3467
egr1,bioemu,0.9627
egr1,bioemu,1.4046
egr1,bioemu,1.2964
egr1,bioemu,1.1891
egr1,bioemu,2.8802
egr1,bioemu,1.4597
egr1,bioemu,7.5893
egr1,bioemu,0.85
egr1,bioemu,1.0228
egr1,bioemu,0.9119
egr1,bioemu,1.1963
egr1,bioemu,2.5591
egr1,bioemu,1.4264
egr1,bioemu,1.5853
egr1,bioemu,1.3022
egr1,bioemu,1.3343
egr1,bioemu,2.8749
egr1,bioemu,1.421
egr1,bioemu,1.1907
egr1,bioemu,1.8461
egr1,bioemu,2.1501
egr1,bioemu,1.0265
egr1,bioemu,0.8709
egr1,bioemu,1.4283
egr1,bioemu,1.2647
egr1,bioemu,0.7646
egr1,bioemu,0.7918
egr1,bioemu,3.1796
egr1,bioemu,1.6496
egr1,bioemu,0.6765
egr1,bioemu,1.9431
egr1,bioemu,2.2343
egr1,bioemu,1.7464
egr1,bioemu,0.7563
egr1,bioemu,1.0395
egr1,bioemu,2.0244
egr1,bioemu,1.4372
egr1,bioemu,1.0884
egr1,bioemu,0.933
egr1,bioemu,1.4527
egr1,bioemu,12.3727
egr1,bioemu,5.0269
egr1,bioemu,0.9942
egr1,bioemu,9.9688
egr1,bioemu,0.7765
egr1,bioemu,0.6118
egr1,bioemu,2.3243
egr1,bioemu,1.8983
egr1,bioemu,1.6656
egr1,bioemu,1.5334
egr1,bioemu,2.744
egr1,bioemu,1.8298
egr1,bioemu,1.4235
egr1,bioemu,11.0911
egr1,bioemu,6.0171
egr1,bioemu,1.2592
egr1,bioemu,1.1281
egr1,bioemu,1.2389
egr1,bioemu,2.0383
egr1,bioemu,1.8157
egr1,bioemu,1.976
egr1,bioemu,1.6198
egr1,bioemu,2.2332
egr1,bioemu,2.07
egr1,bioemu,1.0909
egr1,bioemu,0.9085
egr1,bioemu,1.5983
egr1,bioemu,0.9921
egr1,bioemu,2.0327
egr1,bioemu,1.5106
egr1,bioemu,0.9255
egr1,bioemu,1.8654
egr1,bioemu,2.238
egr1,bioemu,2.4681
egr1,bioemu,1.6699
egr1,bioemu,2.2478
egr1,bioemu,1.9485
egr1,bioemu,1.5232
egr1,bioemu,1.716
egr1,bioemu,1.9015
egr1,bioemu,1.454
egr1,bioemu,1.8001
egr1,bioemu,1.218
egr1,bioemu,2.4155
egr1,bioemu,1.4238
egr1,bioemu,0.9883
egr1,bioemu,2.2707
egr1,bioemu,3.545
egr1,bioemu,1.862
egr1,bioemu,1.4317
egr1,bioemu,2.0343
egr1,bioemu,2.0868
egr1,bioemu,0.8688
egr1,bioemu,2.0767
egr1,bioemu,2.3484
egr1,bioemu,6.8525
egr1,bioemu,1.9228
egr1,bioemu,1.624
egr1,bioemu,1.6496
egr1,bioemu,1.9048
egr1,bioemu,1.9266
egr1,bioemu,2.2618
egr1,bioemu,1.0039
egr1,bioemu,1.3123
egr1,bioemu,2.2254
egr1,bioemu,3.4996
egr1,bioemu,1.1319
egr1,bioemu,1.913
egr1,bioemu,2.8276
egr1,bioemu,3.0708
egr1,bioemu,1.9179
egr1,bioemu,1.8849
egr1,bioemu,2.4314
egr1,bioemu,2.1567
egr1,bioemu,0.9153
egr1,bioemu,1.5743
egr1,bioemu,2.4121
egr1,bioemu,2.629
egr1,bioemu,1.0687
egr1,bioemu,1.8806
egr1,bioemu,3.2061
egr1,bioemu,2.4608
egr1,bioemu,1.4855
egr1,bioemu,0.9159
egr1,bioemu,1.4134
egr1,bioemu,2.5017
egr1,bioemu,1.9109
egr1,bioemu,1.0143
egr1,bioemu,2.2769
egr1,bioemu,12.7298
egr1,bioemu,5.0787
egr1,bioemu,1.4122
egr1,bioemu,9.1514
egr1,bioemu,1.2978
egr1,bioemu,1.1644
egr1,bioemu,1.652
egr1,bioemu,2.3504
egr1,bioemu,1.9884
egr1,bioemu,2.0055
egr1,bioemu,3.7231
egr1,bioemu,1.4065
egr1,bioemu,1.3845
egr1,bioemu,10.4349
egr1,bioemu,5.0932
egr1,bioemu,0.6945
egr1,bioemu,2.1585
egr1,bioemu,1.7796
egr1,bioemu,2.4709
egr1,bioemu,2.1627
egr1,bioemu,1.5694
egr1,bioemu,2.2558
egr1,bioemu,2.0789
egr1,bioemu,2.9262
egr1,bioemu,1.3766
egr1,bioemu,1.6826
egr1,bioemu,0.7601
egr1,bioemu,1.7069
egr1,bioemu,1.5347
egr1,bioemu,2.5808
egr1,bioemu,1.7012
egr1,bioemu,2.0944
egr1,bioemu,2.5451
egr1,bioemu,1.7144
egr1,bioemu,2.6232
egr1,bioemu,2.1636
egr1,bioemu,1.5066
egr1,bioemu,1.6084
egr1,bioemu,2.1092
egr1,bioemu,1.2334
egr1,bioemu,2.1704
egr1,bioemu,1.0073
egr1,bioemu,2.4743
egr1,bioemu,1.3276
egr1,bioemu,1.0808
egr1,bioemu,2.2747
egr1,bioemu,3.4024
egr1,bioemu,2.0819
egr1,bioemu,1.0221
egr1,bioemu,2.1861
egr1,bioemu,1.7459
egr1,bioemu,0.8946
egr1,bioemu,2.2549
egr1,bioemu,2.4322
egr1,bioemu,6.5676
egr1,bioemu,1.8079
egr1,bioemu,1.5434
egr1,bioemu,1.4296
egr1,bioemu,2.0496
egr1,bioemu,1.851
egr1,bioemu,2.432
egr1,bioemu,1.4564
egr1,bioemu,1.1211
egr1,bioemu,2.0427
egr1,bioemu,2.9971
egr1,bioemu,1.3828
egr1,bioemu,2.0162
egr1,bioemu,2.75
egr1,bioemu,3.1116
egr1,bioemu,1.9897
egr1,bioemu,1.8021
egr1,bioemu,2.3751
egr1,bioemu,2.0114
egr1,bioemu,0.7709
egr1,bioemu,1.4592
egr1,bioemu,2.0834
egr1,bioemu,2.612
egr1,bioemu,0.8638
egr1,bioemu,2.3367
egr1,bioemu,3.0442
egr1,bioemu,2.6607
egr1,bioemu,1.3977
egr1,bioemu,0.97
egr1,bioemu,1.7778
egr1,bioemu,2.2089
egr1,bioemu,1.9234
egr1,bioemu,1.3561
egr1,bioemu,2.4246
egr1,bioemu,12.7945
egr1,bioemu,4.4673
egr1,bioemu,1.522
egr1,bioemu,9.5316
egr1,bioemu,1.4607
egr1,bioemu,1.1493
egr1,bioemu,1.4307
egr1,bioemu,2.5571
egr1,bioemu,2.2765
egr1,bioemu,2.194
egr1,bioemu,3.449
egr1,bioemu,1.6665
egr1,bioemu,1.5403
egr1,bioemu,10.4107
egr1,bioemu,5.1594
egr1,bioemu,1.0582
egr1,bioemu,2.1288
egr1,bioemu,1.8681
egr1,bioemu,2.588
egr1,bioemu,1.8689
egr1,bioemu,1.3053
egr1,bioemu,2.3959
egr1,bioemu,2.4336
egr1,bioemu,2.9722
egr1,bioemu,1.168
egr1,bioemu,1.8381
egr1,bioemu,1.344
egr1,bioemu,1.3983
egr1,bioemu,1.9456
egr1,bioemu,2.5552
egr1,bioemu,1.4386
egr1,bioemu,1.3792
egr1,bioemu,1.1222
egr1,bioemu,3.4026
egr1,bioemu,1.143
egr1,bioemu,1.0383
egr1,bioemu,0.9354
egr1,bioemu,1.1527
egr1,bioemu,0.7026
egr1,bioemu,1.8096
egr1,bioemu,1.3279
egr1,bioemu,1.2477
egr1,bioemu,1.2944
egr1,bioemu,2.0008
egr1,bioemu,1.0541
egr1,bioemu,2.2232
egr1,bioemu,1.3899
egr1,bioemu,1.2981
egr1,bioemu,1.4025
egr1,bioemu,1.0501
egr1,bioemu,1.6535
egr1,bioemu,3.201
egr1,bioemu,1.3968
egr1,bioemu,7.8503
egr1,bioemu,0.612
egr1,bioemu,1.2024
egr1,bioemu,1.2017
egr1,bioemu,1.1004
egr1,bioemu,3.0704
egr1,bioemu,1.3222
egr1,bioemu,1.9141
egr1,bioemu,1.8121
egr1,bioemu,1.3787
egr1,bioemu,2.8202
egr1,bioemu,1.6567
egr1,bioemu,1.0702
egr1,bioemu,1.6728
egr1,bioemu,2.061
egr1,bioemu,0.9956
egr1,bioemu,0.7396
egr1,bioemu,1.1153
egr1,bioemu,1.2286
egr1,bioemu,1.3192
egr1,bioemu,1.069
egr1,bioemu,3.6042
egr1,bioemu,1.376
egr1,bioemu,1.0563
egr1,bioemu,1.9844
egr1,bioemu,1.9194
egr1,bioemu,1.8592
egr1,bioemu,1.1106
egr1,bioemu,1.5326
egr1,bioemu,2.2713
egr1,bioemu,1.1829
egr1,bioemu,0.8556
egr1,bioemu,1.3163
egr1,bioemu,1.2736
egr1,bioemu,12.1472
egr1,bioemu,5.1313
egr1,bioemu,1.1783
egr1,bioemu,10.2498
egr1,bioemu,1.0079
egr1,bioemu,1.0124
egr1,bioemu,2.7679
egr1,bioemu,1.795
egr1,bioemu,1.6659
egr1,bioemu,1.4252
egr1,bioemu,2.5862
egr1,bioemu,2.1611
egr1,bioemu,1.8406
egr1,bioemu,11.2583
egr1,bioemu,6.3248
egr1,bioemu,1.7083
egr1,bioemu,0.8233
egr1,bioemu,1.3826
egr1,bioemu,1.945
egr1,bioemu,1.7114
egr1,bioemu,2.389
egr1,bioemu,1.6666
egr1,bioemu,2.3049
egr1,bioemu,1.7517
egr1,bioemu,1.3746
egr1,bioemu,0.9177
egr1,bioemu,2.0653
egr1,bioemu,1.1639
egr1,bioemu,2.4766
egr1,bioemu,1.1124
egr1,bioemu,1.6645
egr1,bioemu,1.0666
egr1,bioemu,3.9663
egr1,bioemu,1.526
egr1,bioemu,1.1954
egr1,bioemu,1.7248
egr1,bioemu,1.8046
egr1,bioemu,1.504
egr1,bioemu,2.2733
egr1,bioemu,1.3678
egr1,bioemu,1.4535
egr1,bioemu,1.0043
egr1,bioemu,2.7208
egr1,bioemu,1.7697
egr1,bioemu,1.6467
egr1,bioemu,1.7637
egr1,bioemu,1.831
egr1,bioemu,1.6823
egr1,bioemu,2.1777
egr1,bioemu,2.027
egr1,bioemu,3.8667
egr1,bioemu,1.0525
egr1,bioemu,8.3368
egr1,bioemu,1.3161
egr1,bioemu,1.0034
egr1,bioemu,1.2048
egr1,bioemu,1.7201
egr1,bioemu,2.931
egr1,bioemu,1.6846
egr1,bioemu,2.4595
egr1,bioemu,1.9309
egr1,bioemu,1.6618
egr1,bioemu,3.0626
egr1,bioemu,2.4544
egr1,bioemu,1.4714
egr1,bioemu,2.19
egr1,bioemu,1.6159
egr1,bioemu,1.1404
egr1,bioemu,1.3094
egr1,bioemu,1.4012
egr1,bioemu,0.828
egr1,bioemu,1.6073
egr1,bioemu,1.0066
egr1,bioemu,4.0164
egr1,bioemu,1.2328
egr1,bioemu,1.7257
egr1,bioemu,2.7277
egr1,bioemu,1.9474
egr1,bioemu,1.4373
egr1,bioemu,0.9505
egr1,bioemu,1.9106
egr1,bioemu,3.0456
egr1,bioemu,1.344
egr1,bioemu,1.9598
egr1,bioemu,1.7462
egr1,bioemu,1.4156
egr1,bioemu,12.2172
egr1,bioemu,5.5005
egr1,bioemu,1.6928
egr1,bioemu,10.4653
egr1,bioemu,1.545
egr1,bioemu,1.4932
egr1,bioemu,3.1873
egr1,bioemu,2.2755
egr1,bioemu,1.9605
egr1,bioemu,2.0685
egr1,bioemu,1.7879
egr1,bioemu,2.674
egr1,bioemu,2.0566
egr1,bioemu,11.7871
egr1,bioemu,6.8451
egr1,bioemu,2.179
egr1,bioemu,1.48
egr1,bioemu,1.3497
egr1,bioemu,2.4733
egr1,bioemu,2.8136
egr1,bioemu,2.9247
egr1,bioemu,1.2596
egr1,bioemu,2.9141
egr1,bioemu,2.0823
egr1,bioemu,1.8749
egr1,bioemu,1.2715
egr1,bioemu,2.5751
egr1,bioemu,1.7688
egr1,bioemu,2.2538
egr1,bioemu,1.6701
egr1,bioemu,1.3705
egr1,bioemu,3.962
egr1,bioemu,0.8302
egr1,bioemu,1.4603
egr1,bioemu,1.3115
egr1,bioemu,0.9735
egr1,bioemu,1.6076
egr1,bioemu,1.7196
egr1,bioemu,2.105
egr1,bioemu,0.8525
egr1,bioemu,1.859
egr1,bioemu,2.7571
egr1,bioemu,0.8568
egr1,bioemu,1.9633
egr1,bioemu,1.2377
egr1,bioemu,2.1231
egr1,bioemu,1.2397
egr1,bioemu,1.8669
egr1,bioemu,2.285
egr1,bioemu,3.9162
egr1,bioemu,1.1933
egr1,bioemu,8.7606
egr1,bioemu,1.1142
egr1,bioemu,1.7326
egr1,bioemu,1.8355
egr1,bioemu,1.3199
egr1,bioemu,3.7808
egr1,bioemu,0.691
egr1,bioemu,2.361
egr1,bioemu,2.3497
egr1,bioemu,1.4822
egr1,bioemu,3.5368
egr1,bioemu,2.2131
egr1,bioemu,1.2418
egr1,bioemu,1.5347
egr1,bioemu,1.4266
egr1,bioemu,0.9337
egr1,bioemu,0.9968
egr1,bioemu,0.862
egr1,bioemu,1.3496
egr1,bioemu,1.9993
egr1,bioemu,1.5322
egr1,bioemu,4.4422
egr1,bioemu,1.0177
egr1,bioemu,1.9707
egr1,bioemu,2.1403
egr1,bioemu,2.3087
egr1,bioemu,1.3319
egr1,bioemu,1.5813
egr1,bioemu,2.2418
egr1,bioemu,2.8258
egr1,bioemu,1.3968
egr1,bioemu,1.3
egr1,bioemu,1.6535
egr1,bioemu,1.0926
egr1,bioemu,11.7234
egr1,bioemu,6.1327
egr1,bioemu,1.4282
egr1,bioemu,10.3809
egr1,bioemu,1.3976
egr1,bioemu,1.7089
egr1,bioemu,3.5854
egr1,bioemu,1.5936
egr1,bioemu,1.5552
egr1,bioemu,1.4609
egr1,bioemu,2.4215
egr1,bioemu,2.5587
egr1,bioemu,2.3516
egr1,bioemu,11.7677
egr1,bioemu,7.1208
egr1,bioemu,2.3165
egr1,bioemu,0.794
egr1,bioemu,1.4163
egr1,bioemu,2.0919
egr1,bioemu,2.4391
egr1,bioemu,3.2873
egr1,bioemu,1.5829
egr1,bioemu,2.4356
egr1,bioemu,1.2356
egr1,bioemu,1.9426
egr1,bioemu,1.1418
egr1,bioemu,2.5574
egr1,bioemu,1.9624
egr1,bioemu,2.7825
egr1,bioemu,0.7708
egr1,bioemu,3.3739
egr1,bioemu,0.9707
egr1,bioemu,0.7507
egr1,bioemu,1.0935
egr1,bioemu,1.1365
egr1,bioemu,1.0086
egr1,bioemu,1.5042
egr1,bioemu,1.1949
egr1,bioemu,1.1073
egr1,bioemu,0.8597
egr1,bioemu,2.0837
egr1,bioemu,1.257
egr1,bioemu,2.1098
egr1,bioemu,0.9904
egr1,bioemu,1.5992
egr1,bioemu,0.9346
egr1,bioemu,1.8511
egr1,bioemu,1.4885
egr1,bioemu,3.2803
egr1,bioemu,1.0192
egr1,bioemu,7.9676
egr1,bioemu,0.9591
egr1,bioemu,0.6631
egr1,bioemu,1.2408
egr1,bioemu,1.1991
egr1,bioemu,2.9346
egr1,bioemu,1.215
egr1,bioemu,1.7197
egr1,bioemu,1.7337
egr1,bioemu,1.422
egr1,bioemu,3.356
egr1,bioemu,1.6568
egr1,bioemu,1.1332
egr1,bioemu,1.9823
egr1,bioemu,1.7198
egr1,bioemu,0.7883
egr1,bioemu,0.8028
egr1,bioemu,1.0683
egr1,bioemu,0.7393
egr1,bioemu,1.2594
egr1,bioemu,0.5181
egr1,bioemu,3.6073
egr1,bioemu,1.132
egr1,bioemu,1.2995
egr1,bioemu,2.0534
egr1,bioemu,2.3184
egr1,bioemu,1.4697
egr1,bioemu,0.7418
egr1,bioemu,1.4183
egr1,bioemu,2.2887
egr1,bioemu,1.4135
egr1,bioemu,1.4552
egr1,bioemu,1.004
egr1,bioemu,1.0867
egr1,bioemu,12.0666
egr1,bioemu,5.6139
egr1,bioemu,0.8762
egr1,bioemu,9.9974
egr1,bioemu,0.7784
egr1,bioemu,1.0371
egr1,bioemu,2.8369
egr1,bioemu,1.6322
egr1,bioemu,1.2576
egr1,bioemu,1.3501
egr1,bioemu,2.5495
egr1,bioemu,1.9203
egr1,bioemu,1.6153
egr1,bioemu,11.4452
egr1,bioemu,6.3694
egr1,bioemu,1.6114
egr1,bioemu,1.0944
egr1,bioemu,0.6827
egr1,bioemu,1.8448
egr1,bioemu,2.2596
egr1,bioemu,2.6903
egr1,bioemu,1.1398
egr1,bioemu,2.1495
egr1,bioemu,1.6981
egr1,bioemu,1.3049
egr1,bioemu,0.7577
egr1,bioemu,1.9307
egr1,bioemu,1.6578
egr1,bioemu,1.8008
egr1,bioemu,1.4838
egr1,bioemu,3.4126
egr1,bioemu,3.3234
egr1,bioemu,3.0936
egr1,bioemu,3.1997
egr1,bioemu,3.0551
egr1,bioemu,2.6613
egr1,bioemu,3.0985
egr1,bioemu,3.7625
egr1,bioemu,3.1241
egr1,bioemu,1.9643
egr1,bioemu,3.6236
egr1,bioemu,5.2787
egr1,bioemu,3.2378
egr1,bioemu,3.2409
egr1,bioemu,3.4576
egr1,bioemu,3.4021
egr1,bioemu,2.4621
egr1,bioemu,1.2184
egr1,bioemu,3.8079
egr1,bioemu,6.5373
egr1,bioemu,3.6159
egr1,bioemu,3.2479
egr1,bioemu,3.3639
egr1,bioemu,3.1644
egr1,bioemu,3.2987
egr1,bioemu,3.5502
egr1,bioemu,1.9701
egr1,bioemu,2.9047
egr1,bioemu,3.9488
egr1,bioemu,5.1294
egr1,bioemu,2.1593
egr1,bioemu,3.2351
egr1,bioemu,4.1632
egr1,bioemu,4.5005
egr1,bioemu,3.4633
egr1,bioemu,3.5297
egr1,bioemu,3.8761
egr1,bioemu,3.9096
egr1,bioemu,2.7753
egr1,bioemu,3.2858
egr1,bioemu,3.1171
egr1,bioemu,4.1186
egr1,bioemu,2.8189
egr1,bioemu,2.3519
egr1,bioemu,4.6522
egr1,bioemu,4.068
egr1,bioemu,3.186
egr1,bioemu,2.6014
egr1,bioemu,1.6279
egr1,bioemu,4.3164
egr1,bioemu,3.2369
egr1,bioemu,2.6294
egr1,bioemu,3.528
egr1,bioemu,12.8818
egr1,bioemu,5.9111
egr1,bioemu,2.8947
egr1,bioemu,8.2646
egr1,bioemu,2.9333
egr1,bioemu,3.0696
egr1,bioemu,1.9569
egr1,bioemu,3.1705
egr1,bioemu,3.0124
egr1,bioemu,2.974
egr1,bioemu,5.4285
egr1,bioemu,1.9542
egr1,bioemu,2.8305
egr1,bioemu,9.7841
egr1,bioemu,4.5296
egr1,bioemu,2.0529
egr1,bioemu,3.5823
egr1,bioemu,3.2048
egr1,bioemu,3.339
egr1,bioemu,3.0814
egr1,bioemu,2.4713
egr1,bioemu,3.5388
egr1,bioemu,2.2796
egr1,bioemu,4.0222
egr1,bioemu,2.9591
egr1,bioemu,3.1726
egr1,bioemu,1.9012
egr1,bioemu,3.4537
egr1,bioemu,2.6232
egr1,bioemu,4.0638
egr1,bioemu,1.1252
egr1,bioemu,1.1247
egr1,bioemu,0.5935
egr1,bioemu,1.2869
egr1,bioemu,1.2885
egr1,bioemu,1.7041
egr1,bioemu,0.8177
egr1,bioemu,1.467
egr1,bioemu,2.3163
egr1,bioemu,0.8356
egr1,bioemu,2.186
egr1,bioemu,0.9244
egr1,bioemu,1.8469
egr1,bioemu,0.9855
egr1,bioemu,1.7971
egr1,bioemu,1.8874
egr1,bioemu,3.4538
egr1,bioemu,1.029
egr1,bioemu,8.4536
egr1,bioemu,0.9209
egr1,bioemu,1.3504
egr1,bioemu,1.58
egr1,bioemu,0.9393
egr1,bioemu,3.3922
egr1,bioemu,0.5788
egr1,bioemu,1.8672
egr1,bioemu,2.1043
egr1,bioemu,1.5155
egr1,bioemu,3.5422
egr1,bioemu,1.7397
egr1,bioemu,0.8296
egr1,bioemu,1.7497
egr1,bioemu,1.6467
egr1,bioemu,0.7088
egr1,bioemu,0.8594
egr1,bioemu,0.9455
egr1,bioemu,1.2495
egr1,bioemu,1.6084
egr1,bioemu,1.1981
egr1,bioemu,4.0855
egr1,bioemu,1.0716
egr1,bioemu,1.5911
egr1,bioemu,1.6849
egr1,bioemu,2.3063
egr1,bioemu,1.27
egr1,bioemu,1.2409
egr1,bioemu,1.7851
egr1,bioemu,2.3498
egr1,bioemu,1.5483
egr1,bioemu,1.0724
egr1,bioemu,1.1426
egr1,bioemu,0.761
egr1,bioemu,11.9411
egr1,bioemu,5.9986
egr1,bioemu,1.042
egr1,bioemu,10.0174
egr1,bioemu,0.928
egr1,bioemu,1.2882
egr1,bioemu,3.157
egr1,bioemu,1.4128
egr1,bioemu,1.1608
egr1,bioemu,1.1123
egr1,bioemu,2.6934
egr1,bioemu,2.1368
egr1,bioemu,1.9465
egr1,bioemu,11.548
egr1,bioemu,6.709
egr1,bioemu,1.7904
egr1,bioemu,0.744
egr1,bioemu,1.0727
egr1,bioemu,1.8932
egr1,bioemu,2.2823
egr1,bioemu,2.8809
egr1,bioemu,1.2966
egr1,bioemu,2.0474
egr1,bioemu,1.357
egr1,bioemu,1.68
egr1,bioemu,0.5851
egr1,bioemu,2.0286
egr1,bioemu,1.7772
egr1,bioemu,2.2714
egr1,bioemu,0.9887
egr1,bioemu,1.2026
egr1,bioemu,1.3456
egr1,bioemu,1.0093
egr1,bioemu,1.7895
egr1,bioemu,0.8746
egr1,bioemu,1.4598
egr1,bioemu,0.9565
egr1,bioemu,1.9778
egr1,bioemu,1.4635
egr1,bioemu,2.1731
egr1,bioemu,1.2552
egr1,bioemu,1.2052
egr1,bioemu,1.1825
egr1,bioemu,1.7203
egr1,bioemu,1.3826
egr1,bioemu,3.209
egr1,bioemu,1.2483
egr1,bioemu,7.817
egr1,bioemu,0.8998
egr1,bioemu,0.9151
egr1,bioemu,1.0872
egr1,bioemu,1.2772
egr1,bioemu,2.597
egr1,bioemu,1.3959
egr1,bioemu,1.7557
egr1,bioemu,1.545
egr1,bioemu,1.2706
egr1,bioemu,2.9899
egr1,bioemu,1.6796
egr1,bioemu,1.3893
egr1,bioemu,1.9819
egr1,bioemu,1.9562
egr1,bioemu,1.018
egr1,bioemu,0.833
egr1,bioemu,1.3666
egr1,bioemu,1.014
egr1,bioemu,1.0935
egr1,bioemu,0.6588
egr1,bioemu,3.3924
egr1,bioemu,1.4863
egr1,bioemu,1.0258
egr1,bioemu,2.2016
egr1,bioemu,2.2215
egr1,bioemu,1.554
egr1,bioemu,0.7501
egr1,bioemu,1.1966
egr1,bioemu,2.2349
egr1,bioemu,1.3397
egr1,bioemu,1.4008
egr1,bioemu,0.9609
egr1,bioemu,1.4144
egr1,bioemu,12.3024
egr1,bioemu,5.2153
egr1,bioemu,1.0919
egr1,bioemu,10.0652
egr1,bioemu,0.7335
egr1,bioemu,0.729
egr1,bioemu,2.6948
egr1,bioemu,1.9867
egr1,bioemu,1.6954
egr1,bioemu,1.6818
egr1,bioemu,2.6601
egr1,bioemu,2.0291
egr1,bioemu,1.4565
egr1,bioemu,11.4006
egr1,bioemu,6.1764
egr1,bioemu,1.5141
egr1,bioemu,1.2184
egr1,bioemu,1.1212
egr1,bioemu,2.0623
egr1,bioemu,2.232
egr1,bioemu,2.3885
egr1,bioemu,1.4629
egr1,bioemu,2.4128
egr1,bioemu,2.0694
egr1,bioemu,1.3178
egr1,bioemu,0.9296
egr1,bioemu,1.7516
egr1,bioemu,1.2548
egr1,bioemu,1.8359
egr1,bioemu,1.5665
egr1,bioemu,0.8899
egr1,bioemu,0.6912
egr1,bioemu,1.2612
egr1,bioemu,1.5645
egr1,bioemu,1.181
egr1,bioemu,1.3431
egr1,bioemu,1.7136
egr1,bioemu,0.8654
egr1,bioemu,2.6411
egr1,bioemu,1.0493
egr1,bioemu,1.5184
egr1,bioemu,1.2047
egr1,bioemu,1.1283
egr1,bioemu,1.386
egr1,bioemu,2.8824
egr1,bioemu,1.5648
egr1,bioemu,7.6391
egr1,bioemu,0.9918
egr1,bioemu,1.2459
egr1,bioemu,1.4331
egr1,bioemu,1.179
egr1,bioemu,3.2104
egr1,bioemu,1.1713
egr1,bioemu,1.5161
egr1,bioemu,1.7198
egr1,bioemu,1.4714
egr1,bioemu,3.3985
egr1,bioemu,1.2273
egr1,bioemu,1.0796
egr1,bioemu,1.7701
egr1,bioemu,2.1715
egr1,bioemu,0.9741
egr1,bioemu,0.7872
egr1,bioemu,1.0668
egr1,bioemu,1.3381
egr1,bioemu,1.2894
egr1,bioemu,1.0512
egr1,bioemu,3.4157
egr1,bioemu,1.4941
egr1,bioemu,1.1712
egr1,bioemu,1.6856
egr1,bioemu,2.5652
egr1,bioemu,2.0074
egr1,bioemu,1.1586
egr1,bioemu,1.5049
egr1,bioemu,1.9096
egr1,bioemu,1.5333
egr1,bioemu,0.9072
egr1,bioemu,1.0502
egr1,bioemu,1.3363
egr1,bioemu,11.8468
egr1,bioemu,5.4634
egr1,bioemu,0.6812
egr1,bioemu,9.9381
egr1,bioemu,0.8801
egr1,bioemu,1.2
egr1,bioemu,2.5569
egr1,bioemu,1.3124
egr1,bioemu,1.2553
egr1,bioemu,0.9726
egr1,bioemu,2.8983
egr1,bioemu,1.6012
egr1,bioemu,1.8594
egr1,bioemu,10.9749
egr1,bioemu,6.1919
egr1,bioemu,1.4713
egr1,bioemu,0.8411
egr1,bioemu,1.0785
egr1,bioemu,1.6805
egr1,bioemu,1.4172
egr1,bioemu,2.4484
egr1,bioemu,1.6841
egr1,bioemu,1.7506
egr1,bioemu,1.5301
egr1,bioemu,1.0191
egr1,bioemu,1.0124
egr1,bioemu,1.8308
egr1,bioemu,1.5608
egr1,bioemu,2.3325
egr1,bioemu,1.3391
egr1,bioemu,1.1942
egr1,bioemu,0.9973
egr1,bioemu,1.8544
egr1,bioemu,0.8737
egr1,bioemu,1.5878
egr1,bioemu,2.093
egr1,bioemu,0.6867
egr1,bioemu,2.5355
egr1,bioemu,0.8678
egr1,bioemu,1.9082
egr1,bioemu,1.033
egr1,bioemu,1.6191
egr1,bioemu,1.7828
egr1,bioemu,3.1909
egr1,bioemu,1.337
egr1,bioemu,8.2304
egr1,bioemu,1.049
egr1,bioemu,1.4702
egr1,bioemu,1.71
egr1,bioemu,0.9654
egr1,bioemu,3.5032
egr1,bioemu,0.6683
egr1,bioemu,1.6539
egr1,bioemu,2.1063
egr1,bioemu,1.6244
egr1,bioemu,3.6943
egr1,bioemu,1.4684
egr1,bioemu,0.8006
egr1,bioemu,1.7576
egr1,bioemu,1.9126
egr1,bioemu,0.8501
egr1,bioemu,0.9259
egr1,bioemu,1.0011
egr1,bioemu,1.4672
egr1,bioemu,1.6264
egr1,bioemu,1.3379
egr1,bioemu,3.9647
egr1,bioemu,1.2842
egr1,bioemu,1.5613
egr1,bioemu,1.3545
egr1,bioemu,2.5415
egr1,bioemu,1.6411
egr1,bioemu,1.3958
egr1,bioemu,1.7933
egr1,bioemu,2.0849
egr1,bioemu,1.7253
egr1,bioemu,0.9108
egr1,bioemu,1.1157
egr1,bioemu,0.9121
egr1,bioemu,11.7569
egr1,bioemu,6.0168
egr1,bioemu,0.8904
egr1,bioemu,9.8775
egr1,bioemu,0.9225
egr1,bioemu,1.3833
egr1,bioemu,3.0122
egr1,bioemu,1.0975
egr1,bioemu,0.9464
egr1,bioemu,0.7639
egr1,bioemu,2.9449
egr1,bioemu,1.8625
egr1,bioemu,2.0252
egr1,bioemu,11.2662
egr1,bioemu,6.5305
egr1,bioemu,1.6855
egr1,bioemu,0.7349
egr1,bioemu,1.1068
egr1,bioemu,1.7123
egr1,bioemu,1.959
egr1,bioemu,2.822
egr1,bioemu,1.4864
egr1,bioemu,1.675
egr1,bioemu,1.2422
egr1,bioemu,1.5331
egr1,bioemu,0.7443
egr1,bioemu,1.9244
egr1,bioemu,1.8625
egr1,bioemu,2.3606
egr1,bioemu,1.0811
egr1,bioemu,1.5664
egr1,bioemu,1.117
egr1,bioemu,1.4289
egr1,bioemu,1.0356
egr1,bioemu,1.5511
egr1,bioemu,1.2073
egr1,bioemu,2.5837
egr1,bioemu,1.3098
egr1,bioemu,1.1263
egr1,bioemu,1.4093
egr1,bioemu,1.057
egr1,bioemu,1.2092
egr1,bioemu,2.7794
egr1,bioemu,1.6174
egr1,bioemu,7.4045
egr1,bioemu,0.8801
egr1,bioemu,1.0069
egr1,bioemu,1.1
egr1,bioemu,1.2234
egr1,bioemu,2.7922
egr1,bioemu,1.4764
egr1,bioemu,1.5055
egr1,bioemu,1.468
egr1,bioemu,1.4367
egr1,bioemu,3.011
egr1,bioemu,1.223
egr1,bioemu,1.1545
egr1,bioemu,1.8995
egr1,bioemu,2.2847
egr1,bioemu,1.072
egr1,bioemu,0.8284
egr1,bioemu,1.3087
egr1,bioemu,1.252
egr1,bioemu,0.9451
egr1,bioemu,0.8648
egr1,bioemu,3.1264
egr1,bioemu,1.6244
egr1,bioemu,0.7765
egr1,bioemu,1.864
egr1,bioemu,2.365
egr1,bioemu,2.0449
egr1,bioemu,0.9349
egr1,bioemu,1.2051
egr1,bioemu,1.9142
egr1,bioemu,1.4287
egr1,bioemu,0.9846
egr1,bioemu,1.0301
egr1,bioemu,1.4761
egr1,bioemu,12.1711
egr1,bioemu,5.054
egr1,bioemu,0.8357
egr1,bioemu,9.9795
egr1,bioemu,0.8378
egr1,bioemu,0.8279
egr1,bioemu,2.303
egr1,bioemu,1.7075
egr1,bioemu,1.5191
egr1,bioemu,1.3126
egr1,bioemu,2.8094
egr1,bioemu,1.6958
egr1,bioemu,1.614
egr1,bioemu,10.9248
egr1,bioemu,5.986
egr1,bioemu,1.2899
egr1,bioemu,1.0708
egr1,bioemu,1.2043
egr1,bioemu,1.8458
egr1,bioemu,1.4381
egr1,bioemu,2.093
egr1,bioemu,1.7027
egr1,bioemu,2.0199
egr1,bioemu,1.8892
egr1,bioemu,0.9141
egr1,bioemu,1.0022
egr1,bioemu,1.7116
egr1,bioemu,1.2005
egr1,bioemu,2.1877
egr1,bioemu,1.4844
egr1,bioemu,2.1683
egr1,bioemu,1.4668
egr1,bioemu,1.7766
egr1,bioemu,1.8904
egr1,bioemu,1.4223
egr1,bioemu,3.2528
egr1,bioemu,1.0109
egr1,bioemu,2.3544
egr1,bioemu,1.377
egr1,bioemu,2.125
egr1,bioemu,1.6669
egr1,bioemu,2.6917
egr1,bioemu,1.8362
egr1,bioemu,7.9135
egr1,bioemu,1.8108
egr1,bioemu,1.7182
egr1,bioemu,2.1064
egr1,bioemu,1.3515
egr1,bioemu,3.5553
egr1,bioemu,1.2919
egr1,bioemu,1.2041
egr1,bioemu,2.2164
egr1,bioemu,2.2316
egr1,bioemu,4.375
egr1,bioemu,1.1916
egr1,bioemu,1.3572
egr1,bioemu,2.3336
egr1,bioemu,2.4026
egr1,bioemu,1.4206
egr1,bioemu,1.5903
egr1,bioemu,1.635
egr1,bioemu,1.977
egr1,bioemu,1.8447
egr1,bioemu,1.6724
egr1,bioemu,3.812
egr1,bioemu,1.8947
egr1,bioemu,1.8525
egr1,bioemu,1.0336
egr1,bioemu,3.2667
egr1,bioemu,2.1702
egr1,bioemu,1.7306
egr1,bioemu,1.858
egr1,bioemu,1.6358
egr1,bioemu,2.4753
egr1,bioemu,1.5376
egr1,bioemu,1.1211
egr1,bioemu,1.4076
egr1,bioemu,11.6908
egr1,bioemu,6.3557
egr1,bioemu,0.9762
egr1,bioemu,9.283
egr1,bioemu,1.2448
egr1,bioemu,1.8069
egr1,bioemu,2.8052
egr1,bioemu,0.8873
egr1,bioemu,0.6504
egr1,bioemu,0.6992
egr1,bioemu,3.5619
egr1,bioemu,1.3148
egr1,bioemu,2.0349
egr1,bioemu,10.9526
egr1,bioemu,6.1958
egr1,bioemu,1.4917
egr1,bioemu,1.5084
egr1,bioemu,1.2214
egr1,bioemu,1.5177
egr1,bioemu,2.0991
egr1,bioemu,2.9256
egr1,bioemu,1.7076
egr1,bioemu,0.9178
egr1,bioemu,1.6069
egr1,bioemu,1.6332
egr1,bioemu,1.2917
egr1,bioemu,1.7005
egr1,bioemu,2.4277
egr1,bioemu,2.0825
egr1,bioemu,1.9244
egr1,bioemu,2.0359
egr1,bioemu,0.8633
egr1,bioemu,1.7354
egr1,bioemu,2.0047
egr1,bioemu,2.6157
egr1,bioemu,1.8225
egr1,bioemu,0.8893
egr1,bioemu,1.7935
egr1,bioemu,1.8063
egr1,bioemu,1.1986
egr1,bioemu,2.9294
egr1,bioemu,1.7738
egr1,bioemu,7.3206
egr1,bioemu,1.3322
egr1,bioemu,1.0242
egr1,bioemu,0.9894
egr1,bioemu,1.7186
egr1,bioemu,1.9216
egr1,bioemu,2.0252
egr1,bioemu,1.7722
egr1,bioemu,1.2214
egr1,bioemu,1.6369
egr1,bioemu,2.6947
egr1,bioemu,1.7369
egr1,bioemu,1.6838
egr1,bioemu,2.4395
egr1,bioemu,2.4893
egr1,bioemu,1.5163
egr1,bioemu,1.3776
egr1,bioemu,1.9484
egr1,bioemu,1.4247
egr1,bioemu,0.7124
egr1,bioemu,0.9351
egr1,bioemu,2.8586
egr1,bioemu,2.0503
egr1,bioemu,0.8144
egr1,bioemu,2.4206
egr1,bioemu,2.3535
egr1,bioemu,1.9878
egr1,bioemu,0.8266
egr1,bioemu,0.965
egr1,bioemu,2.2167
egr1,bioemu,1.6989
egr1,bioemu,1.7564
egr1,bioemu,1.2169
egr1,bioemu,1.9266
egr1,bioemu,12.6894
egr1,bioemu,4.6747
egr1,bioemu,1.4484
egr1,bioemu,9.9356
egr1,bioemu,1.1488
egr1,bioemu,0.719
egr1,bioemu,2.1737
egr1,bioemu,2.4601
egr1,bioemu,2.1164
egr1,bioemu,2.1039
egr1,bioemu,2.8522
egr1,bioemu,2.0644
egr1,bioemu,1.3724
egr1,bioemu,11.0328
egr1,bioemu,5.7405
egr1,bioemu,1.3315
egr1,bioemu,1.7508
egr1,bioemu,1.5364
egr1,bioemu,2.4964
egr1,bioemu,2.2837
egr1,bioemu,1.8064
egr1,bioemu,1.8385
egr1,bioemu,2.6515
egr1,bioemu,2.6612
egr1,bioemu,1.3669
egr1,bioemu,1.3584
egr1,bioemu,1.6172
egr1,bioemu,1.0913
egr1,bioemu,1.7323
egr1,bioemu,2.1158
egr1,bioemu,1.6077
egr1,bioemu,2.6362
egr1,bioemu,0.796
egr1,bioemu,1.9754
egr1,bioemu,1.0602
egr1,bioemu,2.2132
egr1,bioemu,1.081
egr1,bioemu,1.8749
egr1,bioemu,2.1558
egr1,bioemu,3.7189
egr1,bioemu,0.9213
egr1,bioemu,8.6286
egr1,bioemu,1.1305
egr1,bioemu,1.3951
egr1,bioemu,1.7414
egr1,bioemu,1.136
egr1,bioemu,3.7873
egr1,bioemu,0.6664
egr1,bioemu,2.184
egr1,bioemu,2.3621
egr1,bioemu,1.6374
egr1,bioemu,3.7333
egr1,bioemu,2.0629
egr1,bioemu,0.9196
egr1,bioemu,1.6395
egr1,bioemu,1.3817
egr1,bioemu,0.7312
egr1,bioemu,0.977
egr1,bioemu,0.6005
egr1,bioemu,1.1643
egr1,bioemu,1.9567
egr1,bioemu,1.311
egr1,bioemu,4.4078
egr1,bioemu,0.6943
egr1,bioemu,1.9125
egr1,bioemu,1.9503
egr1,bioemu,2.245
egr1,bioemu,1.4484
egr1,bioemu,1.4095
egr1,bioemu,2.1398
egr1,bioemu,2.6728
egr1,bioemu,1.5318
egr1,bioemu,1.3278
egr1,bioemu,1.5671
egr1,bioemu,0.6343
egr1,bioemu,11.6403
egr1,bioemu,6.1987
egr1,bioemu,1.2616
egr1,bioemu,10.2827
egr1,bioemu,1.3077
egr1,bioemu,1.6994
egr1,bioemu,3.4657
egr1,bioemu,1.233
egr1,bioemu,1.1395
egr1,bioemu,1.0934
egr1,bioemu,2.4354
egr1,bioemu,2.3332
egr1,bioemu,2.2592
egr1,bioemu,11.702
egr1,bioemu,7.0224
egr1,bioemu,2.1809
egr1,bioemu,0.6833
egr1,bioemu,1.0798
egr1,bioemu,1.7732
egr1,bioemu,2.3643
egr1,bioemu,3.2781
egr1,bioemu,1.1816
egr1,bioemu,2.1369
egr1,bioemu,0.9014
egr1,bioemu,1.8281
egr1,bioemu,0.9062
egr1,bioemu,2.5182
egr1,bioemu,2.1172
egr1,bioemu,2.5606
egr1,bioemu,0.9147
egr1,bioemu,1.8803
egr1,bioemu,1.742
egr1,bioemu,2.4762
egr1,bioemu,1.4974
egr1,bioemu,1.446
egr1,bioemu,1.5047
egr1,bioemu,1.9215
egr1,bioemu,1.2221
egr1,bioemu,2.9843
egr1,bioemu,1.3455
egr1,bioemu,7.5774
egr1,bioemu,1.3167
egr1,bioemu,0.5685
egr1,bioemu,1.0102
egr1,bioemu,1.5156
egr1,bioemu,2.3983
egr1,bioemu,1.7117
egr1,bioemu,1.634
egr1,bioemu,1.3466
egr1,bioemu,1.7393
egr1,bioemu,3.226
egr1,bioemu,1.7172
egr1,bioemu,1.3221
egr1,bioemu,2.3298
egr1,bioemu,2.0857
egr1,bioemu,1.1308
egr1,bioemu,1.2545
egr1,bioemu,1.5781
egr1,bioemu,1.0792
egr1,bioemu,0.9188
egr1,bioemu,0.6554
egr1,bioemu,3.2345
egr1,bioemu,1.6249
egr1,bioemu,1.1231
egr1,bioemu,2.1881
egr1,bioemu,2.444
egr1,bioemu,1.7779
egr1,bioemu,0.5414
egr1,bioemu,1.195
egr1,bioemu,2.2391
egr1,bioemu,1.7206
egr1,bioemu,1.7486
egr1,bioemu,1.0941
egr1,bioemu,1.4883
egr1,bioemu,12.3029
egr1,bioemu,5.2845
egr1,bioemu,1.1722
egr1,bioemu,9.8447
egr1,bioemu,1.0532
egr1,bioemu,1.066
egr1,bioemu,2.3552
egr1,bioemu,1.9741
egr1,bioemu,1.6141
egr1,bioemu,1.7097
egr1,bioemu,2.5644
egr1,bioemu,1.8509
egr1,bioemu,1.4873
egr1,bioemu,11.2187
egr1,bioemu,6.0128
egr1,bioemu,1.3435
egr1,bioemu,1.5132
egr1,bioemu,1.0077
egr1,bioemu,2.1437
egr1,bioemu,2.3396
egr1,bioemu,2.2724
egr1,bioemu,1.3174
egr1,bioemu,2.2859
egr1,bioemu,2.1982
egr1,bioemu,1.2804
egr1,bioemu,1.0771
egr1,bioemu,1.7814
egr1,bioemu,1.5659
egr1,bioemu,1.59
egr1,bioemu,1.9284
egr1,bioemu,2.3806
egr1,bioemu,3.9703
egr1,bioemu,2.0749
egr1,bioemu,1.6914
egr1,bioemu,2.2742
egr1,bioemu,1.8993
egr1,bioemu,0.975
egr1,bioemu,1.505
egr1,bioemu,2.7547
egr1,bioemu,6.3748
egr1,bioemu,2.1982
egr1,bioemu,1.9986
egr1,bioemu,2.0029
egr1,bioemu,2.0887
egr1,bioemu,2.4007
egr1,bioemu,2.5321
egr1,bioemu,0.9419
egr1,bioemu,1.6224
egr1,bioemu,2.4729
egr1,bioemu,3.7127
egr1,bioemu,0.9141
egr1,bioemu,2.1491
egr1,bioemu,2.9415
egr1,bioemu,3.4542
egr1,bioemu,2.2564
egr1,bioemu,2.1159
egr1,bioemu,2.6293
egr1,bioemu,2.5314
egr1,bioemu,1.3564
egr1,bioemu,1.9463
egr1,bioemu,2.1763
egr1,bioemu,2.9237
egr1,bioemu,1.241
egr1,bioemu,1.8161
egr1,bioemu,3.4853
egr1,bioemu,2.9913
egr1,bioemu,1.9205
egr1,bioemu,1.2372
egr1,bioemu,0.9503
egr1,bioemu,2.7799
egr1,bioemu,1.9835
egr1,bioemu,1.3892
egr1,bioemu,2.5734
egr1,bioemu,12.5397
egr1,bioemu,4.9632
egr1,bioemu,1.5976
egr1,bioemu,9.0843
egr1,bioemu,1.6005
egr1,bioemu,1.6006
egr1,bioemu,1.4737
egr1,bioemu,2.3458
egr1,bioemu,2.147
egr1,bioemu,2.0148
egr1,bioemu,4.1066
egr1,bioemu,1.1844
egr1,bioemu,1.7405
egr1,bioemu,9.9211
egr1,bioemu,4.6598
egr1,bioemu,0.9349
egr1,bioemu,2.3271
egr1,bioemu,2.0706
egr1,bioemu,2.4101
egr1,bioemu,1.7221
egr1,bioemu,1.5797
egr1,bioemu,2.6433
egr1,bioemu,1.8636
egr1,bioemu,3.0322
egr1,bioemu,1.3806
egr1,bioemu,2.0409
egr1,bioemu,0.9535
egr1,bioemu,1.969
egr1,bioemu,2.0381
egr1,bioemu,2.8013
egr1,bioemu,2.2577
egr1,bioemu,1.0942
egr1,bioemu,1.9441
egr1,bioemu,1.1626
egr1,bioemu,1.4099
egr1,bioemu,2.0509
egr1,bioemu,3.5233
egr1,bioemu,1.4062
egr1,bioemu,8.3663
egr1,bioemu,0.9212
egr1,bioemu,1.5929
egr1,bioemu,1.7689
egr1,bioemu,1.1126
egr1,bioemu,3.7589
egr1,bioemu,0.793
egr1,bioemu,2.0658
egr1,bioemu,2.2984
egr1,bioemu,1.4848
egr1,bioemu,3.521
egr1,bioemu,1.7797
egr1,bioemu,0.9953
egr1,bioemu,1.5514
egr1,bioemu,1.8261
egr1,bioemu,0.959
egr1,bioemu,0.8021
egr1,bioemu,0.6639
egr1,bioemu,1.3539
egr1,bioemu,1.8303
egr1,bioemu,1.4027
egr1,bioemu,4.1351
egr1,bioemu,1.0734
egr1,bioemu,1.7196
egr1,bioemu,1.821
egr1,bioemu,2.3696
egr1,bioemu,1.7841
egr1,bioemu,1.5344
egr1,bioemu,2.0543
egr1,bioemu,2.4528
egr1,bioemu,1.4101
egr1,bioemu,0.8824
egr1,bioemu,1.4817
egr1,bioemu,1.0387
egr1,bioemu,11.6612
egr1,bioemu,5.9288
egr1,bioemu,1.1199
egr1,bioemu,10.2414
egr1,bioemu,1.2132
egr1,bioemu,1.556
egr1,bioemu,3.2556
egr1,bioemu,1.2871
egr1,bioemu,1.2889
egr1,bioemu,0.9894
egr1,bioemu,2.6662
egr1,bioemu,2.2199
egr1,bioemu,2.2769
egr1,bioemu,11.4242
egr1,bioemu,6.8377
egr1,bioemu,2.0475
egr1,bioemu,0.5109
egr1,bioemu,1.28
egr1,bioemu,1.7776
egr1,bioemu,1.8443
egr1,bioemu,3.0286
egr1,bioemu,1.6418
egr1,bioemu,2.0295
egr1,bioemu,0.9856
egr1,bioemu,1.6214
egr1,bioemu,1.015
egr1,bioemu,2.3398
egr1,bioemu,1.8581
egr1,bioemu,2.7607
egr1,bioemu,0.7374
egr1,bioemu,2.5478
egr1,bioemu,2.8105
egr1,bioemu,2.2934
egr1,bioemu,2.8868
egr1,bioemu,3.3438
egr1,bioemu,5.2019
egr1,bioemu,1.7477
egr1,bioemu,9.5122
egr1,bioemu,1.9648
egr1,bioemu,2.2869
egr1,bioemu,2.4153
egr1,bioemu,2.4821
egr1,bioemu,4.2016
egr1,bioemu,2.2224
egr1,bioemu,3.7017
egr1,bioemu,3.2373
egr1,bioemu,2.0913
egr1,bioemu,3.2103
egr1,bioemu,3.5756
egr1,bioemu,2.4164
egr1,bioemu,2.4388
egr1,bioemu,1.6615
egr1,bioemu,2.0679
egr1,bioemu,2.0214
egr1,bioemu,1.8298
egr1,bioemu,1.6547
egr1,bioemu,2.9207
egr1,bioemu,2.19
egr1,bioemu,5.2465
egr1,bioemu,1.5232
egr1,bioemu,2.8886
egr1,bioemu,3.6996
egr1,bioemu,1.9157
egr1,bioemu,1.8798
egr1,bioemu,2.2931
egr1,bioemu,3.1441
egr1,bioemu,4.1972
egr1,bioemu,1.541
egr1,bioemu,2.6347
egr1,bioemu,2.8945
egr1,bioemu,2.0974
egr1,bioemu,12.0175
egr1,bioemu,6.0595
egr1,bioemu,2.7408
egr1,bioemu,11.4603
egr1,bioemu,2.5527
egr1,bioemu,2.5451
egr1,bioemu,4.6037
egr1,bioemu,3.0431
egr1,bioemu,2.8919
egr1,bioemu,2.9029
egr1,bioemu,1.618
egr1,bioemu,3.9098
egr1,bioemu,3.1624
egr1,bioemu,12.6617
egr1,bioemu,8.0376
egr1,bioemu,3.5068
egr1,bioemu,2.0685
egr1,bioemu,2.4109
egr1,bioemu,3.1891
egr1,bioemu,3.6353
egr1,bioemu,4.1685
egr1,bioemu,2.1941
egr1,bioemu,3.9479
egr1,bioemu,2.3529
egr1,bioemu,2.9936
egr1,bioemu,2.2552
egr1,bioemu,3.7955
egr1,bioemu,2.6047
egr1,bioemu,3.5094
egr1,bioemu,1.8506
egr1,bioemu,2.0217
egr1,bioemu,0.8581
egr1,bioemu,1.9145
egr1,bioemu,1.6032
egr1,bioemu,3.1617
egr1,bioemu,1.3338
egr1,bioemu,8.0903
egr1,bioemu,1.3031
egr1,bioemu,1.3251
egr1,bioemu,1.6422
egr1,bioemu,1.1093
egr1,bioemu,3.4031
egr1,bioemu,0.9983
egr1,bioemu,1.5571
egr1,bioemu,2.0039
egr1,bioemu,1.579
egr1,bioemu,3.8715
egr1,bioemu,1.4856
egr1,bioemu,1.2149
egr1,bioemu,1.8888
egr1,bioemu,1.8023
egr1,bioemu,1.0076
egr1,bioemu,1.0411
egr1,bioemu,1.1414
egr1,bioemu,1.3862
egr1,bioemu,1.6924
egr1,bioemu,1.214
egr1,bioemu,3.8607
egr1,bioemu,1.34
egr1,bioemu,1.5932
egr1,bioemu,1.6188
egr1,bioemu,2.7277
egr1,bioemu,1.5902
egr1,bioemu,1.375
egr1,bioemu,1.5938
egr1,bioemu,2.0269
egr1,bioemu,1.8473
egr1,bioemu,1.3586
egr1,bioemu,1.0178
egr1,bioemu,1.1021
egr1,bioemu,11.7244
egr1,bioemu,6.0731
egr1,bioemu,0.8138
egr1,bioemu,9.7358
egr1,bioemu,0.9069
egr1,bioemu,1.45
egr1,bioemu,3.0612
egr1,bioemu,1.1675
egr1,bioemu,0.9153
egr1,bioemu,0.9249
egr1,bioemu,2.956
egr1,bioemu,1.7541
egr1,bioemu,1.8596
egr1,bioemu,11.2916
egr1,bioemu,6.3729
egr1,bioemu,1.6966
egr1,bioemu,1.1059
egr1,bioemu,0.9147
egr1,bioemu,1.4386
egr1,bioemu,2.165
egr1,bioemu,2.9796
egr1,bioemu,1.2858
egr1,bioemu,1.6757
egr1,bioemu,1.4269
egr1,bioemu,1.3436
egr1,bioemu,0.9683
egr1,bioemu,1.8908
egr1,bioemu,2.0481
egr1,bioemu,2.0463
egr1,bioemu,1.4844
egr1,bioemu,2.0656
egr1,bioemu,1.3448
egr1,bioemu,1.4187
egr1,bioemu,2.9907
egr1,bioemu,2.1908
egr1,bioemu,7.2099
egr1,bioemu,1.2807
egr1,bioemu,1.5763
egr1,bioemu,1.151
egr1,bioemu,1.8523
egr1,bioemu,2.1503
egr1,bioemu,2.1468
egr1,bioemu,1.9827
egr1,bioemu,1.3739
egr1,bioemu,1.463
egr1,bioemu,2.2986
egr1,bioemu,1.7555
egr1,bioemu,1.817
egr1,bioemu,2.3014
egr1,bioemu,2.8
egr1,bioemu,1.7667
egr1,bioemu,1.4142
egr1,bioemu,2.0713
egr1,bioemu,1.7476
egr1,bioemu,0.9256
egr1,bioemu,1.376
egr1,bioemu,2.7248
egr1,bioemu,2.2912
egr1,bioemu,0.7918
egr1,bioemu,2.5005
egr1,bioemu,2.4115
egr1,bioemu,2.2526
egr1,bioemu,1.3183
egr1,bioemu,1.1993
egr1,bioemu,2.2816
egr1,bioemu,1.5692
egr1,bioemu,1.5442
egr1,bioemu,1.4819
egr1,bioemu,2.2215
egr1,bioemu,12.7454
egr1,bioemu,4.3309
egr1,bioemu,1.6084
egr1,bioemu,10.0672
egr1,bioemu,1.3744
egr1,bioemu,0.8062
egr1,bioemu,2.1805
egr1,bioemu,2.6622
egr1,bioemu,2.4169
egr1,bioemu,2.2444
egr1,bioemu,2.9811
egr1,bioemu,2.2738
egr1,bioemu,1.7316
egr1,bioemu,10.7778
egr1,bioemu,5.7726
egr1,bioemu,1.5228
egr1,bioemu,1.7496
egr1,bioemu,1.9312
egr1,bioemu,2.715
egr1,bioemu,1.9076
egr1,bioemu,1.5514
egr1,bioemu,2.3175
egr1,bioemu,2.8263
egr1,bioemu,2.7766
egr1,bioemu,1.3475
egr1,bioemu,1.6241
egr1,bioemu,1.7348
egr1,bioemu,0.6861
egr1,bioemu,2.3922
egr1,bioemu,2.0284
egr1,bioemu,2.0235
egr1,bioemu,1.7946
egr1,bioemu,3.3867
egr1,bioemu,1.1303
egr1,bioemu,8.2217
egr1,bioemu,1.2435
egr1,bioemu,1.2688
egr1,bioemu,1.8365
egr1,bioemu,1.1813
egr1,bioemu,3.467
egr1,bioemu,1.1078
egr1,bioemu,1.7792
egr1,bioemu,2.1897
egr1,bioemu,1.6171
egr1,bioemu,3.7857
egr1,bioemu,1.7566
egr1,bioemu,1.3528
egr1,bioemu,2.0075
egr1,bioemu,1.6815
egr1,bioemu,1.0391
egr1,bioemu,1.0062
egr1,bioemu,1.0775
egr1,bioemu,1.2173
egr1,bioemu,1.7451
egr1,bioemu,1.1281
egr1,bioemu,3.9598
egr1,bioemu,1.1706
egr1,bioemu,1.701
egr1,bioemu,1.8894
egr1,bioemu,2.603
egr1,bioemu,1.6155
egr1,bioemu,1.3517
egr1,bioemu,1.7999
egr1,bioemu,2.2562
egr1,bioemu,1.7683
egr1,bioemu,1.5516
egr1,bioemu,1.1885
egr1,bioemu,1.1002
egr1,bioemu,11.6794
egr1,bioemu,6.0649
egr1,bioemu,1.0776
egr1,bioemu,9.9592
egr1,bioemu,0.9371
egr1,bioemu,1.4777
egr1,bioemu,3.2438
egr1,bioemu,1.2917
egr1,bioemu,1.1544
egr1,bioemu,1.1634
egr1,bioemu,2.9087
egr1,bioemu,1.94
egr1,bioemu,1.8767
egr1,bioemu,11.4479
egr1,bioemu,6.4217
egr1,bioemu,1.8995
egr1,bioemu,1.1403
egr1,bioemu,0.8498
egr1,bioemu,1.665
egr1,bioemu,2.3525
egr1,bioemu,3.1485
egr1,bioemu,1.3563
egr1,bioemu,1.9617
egr1,bioemu,1.4652
egr1,bioemu,1.6109
egr1,bioemu,1.0545
egr1,bioemu,2.0675
egr1,bioemu,2.0549
egr1,bioemu,2.0379
egr1,bioemu,1.5136
egr1,bioemu,1.8376
egr1,bioemu,3.0413
egr1,bioemu,2.2495
egr1,bioemu,7.4732
egr1,bioemu,1.253
egr1,bioemu,1.9005
egr1,bioemu,1.6499
egr1,bioemu,1.6497
egr1,bioemu,3.2559
egr1,bioemu,1.8933
egr1,bioemu,2.1135
egr1,bioemu,1.9928
egr1,bioemu,1.6248
egr1,bioemu,2.7819
egr1,bioemu,1.6963
egr1,bioemu,1.6189
egr1,bioemu,1.8627
egr1,bioemu,2.7607
egr1,bioemu,1.7022
egr1,bioemu,1.3097
egr1,bioemu,1.7129
egr1,bioemu,1.9409
egr1,bioemu,1.5908
egr1,bioemu,1.7171
egr1,bioemu,3.3618
egr1,bioemu,2.1027
egr1,bioemu,1.2986
egr1,bioemu,2.1728
egr1,bioemu,2.3915
egr1,bioemu,2.5429
egr1,bioemu,1.7552
egr1,bioemu,1.8421
egr1,bioemu,2.2608
egr1,bioemu,1.5917
egr1,bioemu,1.0041
egr1,bioemu,1.7496
egr1,bioemu,2.0249
egr1,bioemu,12.1862
egr1,bioemu,4.8028
egr1,bioemu,1.5747
egr1,bioemu,10.2903
egr1,bioemu,1.5646
egr1,bioemu,1.4334
egr1,bioemu,2.6494
egr1,bioemu,2.1745
egr1,bioemu,2.176
egr1,bioemu,1.7773
egr1,bioemu,3.0722
egr1,bioemu,2.3016
egr1,bioemu,2.2321
egr1,bioemu,10.6951
egr1,bioemu,6.1777
egr1,bioemu,1.8783
egr1,bioemu,1.3383
egr1,bioemu,2.0089
egr1,bioemu,2.3365
egr1,bioemu,1.0928
egr1,bioemu,2.2113
egr1,bioemu,2.4033
egr1,bioemu,2.4713
egr1,bioemu,2.1888
egr1,bioemu,1.4843
egr1,bioemu,1.6521
egr1,bioemu,2.1996
egr1,bioemu,1.284
egr1,bioemu,3.0324
egr1,bioemu,1.5675
egr1,bioemu,2.1312
egr1,bioemu,2.1415
egr1,bioemu,6.8087
egr1,bioemu,1.7706
egr1,bioemu,1.3645
egr1,bioemu,1.4315
egr1,bioemu,1.763
egr1,bioemu,2.1765
egr1,bioemu,2.1195
egr1,bioemu,0.9805
egr1,bioemu,1.2308
egr1,bioemu,1.9629
egr1,bioemu,3.5036
egr1,bioemu,1.0926
egr1,bioemu,1.788
egr1,bioemu,2.5917
egr1,bioemu,2.8345
egr1,bioemu,1.7264
egr1,bioemu,1.6382
egr1,bioemu,2.1473
egr1,bioemu,1.8983
egr1,bioemu,0.9413
egr1,bioemu,1.3028
egr1,bioemu,2.4799
egr1,bioemu,2.3763
egr1,bioemu,0.8784
egr1,bioemu,1.8881
egr1,bioemu,3.1003
egr1,bioemu,2.3717
egr1,bioemu,1.292
egr1,bioemu,0.7658
egr1,bioemu,1.4215
egr1,bioemu,2.2905
egr1,bioemu,1.8187
egr1,bioemu,0.9196
egr1,bioemu,2.1039
egr1,bioemu,12.3873
egr1,bioemu,5.0836
egr1,bioemu,1.1749
egr1,bioemu,9.3269
egr1,bioemu,1.1307
egr1,bioemu,1.1698
egr1,bioemu,1.8023
egr1,bioemu,2.0728
egr1,bioemu,1.8002
egr1,bioemu,1.7736
egr1,bioemu,3.4655
egr1,bioemu,1.2275
egr1,bioemu,1.3778
egr1,bioemu,10.4463
egr1,bioemu,5.1802
egr1,bioemu,0.8228
egr1,bioemu,1.9152
egr1,bioemu,1.4864
egr1,bioemu,2.0756
egr1,bioemu,1.9306
egr1,bioemu,1.8357
egr1,bioemu,2.0525
egr1,bioemu,1.9383
egr1,bioemu,2.6477
egr1,bioemu,0.9664
egr1,bioemu,1.5824
egr1,bioemu,1.0725
egr1,bioemu,1.6966
egr1,bioemu,1.57
egr1,bioemu,2.409
egr1,bioemu,3.8235
egr1,bioemu,5.8172
egr1,bioemu,3.4717
egr1,bioemu,3.1235
egr1,bioemu,3.1875
egr1,bioemu,3.0912
egr1,bioemu,3.0846
egr1,bioemu,3.5935
egr1,bioemu,1.7833
egr1,bioemu,2.6399
egr1,bioemu,3.766
egr1,bioemu,4.8344
egr1,bioemu,1.9217
egr1,bioemu,3.2368
egr1,bioemu,3.9887
egr1,bioemu,4.5038
egr1,bioemu,3.3938
egr1,bioemu,3.3713
egr1,bioemu,3.7743
egr1,bioemu,3.7713
egr1,bioemu,2.5739
egr1,bioemu,3.1336
egr1,bioemu,2.469
egr1,bioemu,4.0668
egr1,bioemu,2.5383
egr1,bioemu,2.4162
egr1,bioemu,4.5679
egr1,bioemu,4.1498
egr1,bioemu,3.0874
egr1,bioemu,2.4022
egr1,bioemu,1.3749
egr1,bioemu,4.1022
egr1,bioemu,3.102
egr1,bioemu,2.5334
egr1,bioemu,3.5824
egr1,bioemu,12.8518
egr1,bioemu,5.4307
egr1,bioemu,2.7512
egr1,bioemu,8.5087
egr1,bioemu,2.8291
egr1,bioemu,2.893
egr1,bioemu,1.6784
egr1,bioemu,3.1223
egr1,bioemu,3.0083
egr1,bioemu,2.9132
egr1,bioemu,5.2962
egr1,bioemu,1.762
egr1,bioemu,2.5991
egr1,bioemu,9.3596
egr1,bioemu,4.0656
egr1,bioemu,1.8994
egr1,bioemu,3.4817
egr1,bioemu,3.1408
egr1,bioemu,3.1332
egr1,bioemu,2.602
egr1,bioemu,2.2447
egr1,bioemu,3.5985
egr1,bioemu,2.2771
egr1,bioemu,3.9853
egr1,bioemu,2.6194
egr1,bioemu,3.1708
egr1,bioemu,1.8563
egr1,bioemu,3.2111
egr1,bioemu,2.7043
egr1,bioemu,3.9759
egr1,bioemu,8.6933
egr1,bioemu,1.2852
egr1,bioemu,1.1763
egr1,bioemu,1.6272
egr1,bioemu,1.3164
egr1,bioemu,3.4484
egr1,bioemu,1.0844
egr1,bioemu,2.2837
egr1,bioemu,2.2441
egr1,bioemu,1.7828
egr1,bioemu,3.6156
egr1,bioemu,2.3206
egr1,bioemu,1.1899
egr1,bioemu,1.9747
egr1,bioemu,1.1909
egr1,bioemu,0.7998
egr1,bioemu,1.2062
egr1,bioemu,1.0464
egr1,bioemu,1.045
egr1,bioemu,1.8635
egr1,bioemu,1.1656
egr1,bioemu,4.3942
egr1,bioemu,0.8071
egr1,bioemu,1.9011
egr1,bioemu,2.2556
egr1,bioemu,2.0581
egr1,bioemu,1.163
egr1,bioemu,1.177
egr1,bioemu,2.0471
egr1,bioemu,2.8397
egr1,bioemu,1.6359
egr1,bioemu,1.7611
egr1,bioemu,1.5747
egr1,bioemu,0.7456
egr1,bioemu,11.8773
egr1,bioemu,6.1024
egr1,bioemu,1.529
egr1,bioemu,10.3216
egr1,bioemu,1.3496
egr1,bioemu,1.6547
egr1,bioemu,3.4631
egr1,bioemu,1.6821
egr1,bioemu,1.4546
egr1,bioemu,1.5919
egr1,bioemu,2.2555
egr1,bioemu,2.4834
egr1,bioemu,2.0679
egr1,bioemu,11.9301
egr1,bioemu,6.9302
egr1,bioemu,2.1842
egr1,bioemu,1.153
egr1,bioemu,1.0713
egr1,bioemu,2.0693
egr1,bioemu,2.8272
egr1,bioemu,3.2512
egr1,bioemu,0.908
egr1,bioemu,2.4913
egr1,bioemu,1.5476
egr1,bioemu,2.0179
egr1,bioemu,0.9518
egr1,bioemu,2.5036
egr1,bioemu,2.0588
egr1,bioemu,2.2051
egr1,bioemu,1.3764
egr1,bioemu,8.0966
egr1,bioemu,7.7086
egr1,bioemu,7.6481
egr1,bioemu,8.1647
egr1,bioemu,6.5008
egr1,bioemu,8.6362
egr1,bioemu,6.975
egr1,bioemu,6.9642
egr1,bioemu,8.1053
egr1,bioemu,7.8891
egr1,bioemu,6.9782
egr1,bioemu,8.2483
egr1,bioemu,8.5783
egr1,bioemu,9.2202
egr1,bioemu,8.2659
egr1,bioemu,8.0286
egr1,bioemu,8.5127
egr1,bioemu,8.2006
egr1,bioemu,7.1757
egr1,bioemu,7.7221
egr1,bioemu,4.7482
egr1,bioemu,8.8413
egr1,bioemu,7.1181
egr1,bioemu,7.8333
egr1,bioemu,9.0157
egr1,bioemu,8.9671
egr1,bioemu,7.7253
egr1,bioemu,7.0071
egr1,bioemu,6.7205
egr1,bioemu,8.3254
egr1,bioemu,7.9683
egr1,bioemu,7.5187
egr1,bioemu,8.6493
egr1,bioemu,15.294
egr1,bioemu,6.0787
egr1,bioemu,7.608
egr1,bioemu,9.9198
egr1,bioemu,7.6841
egr1,bioemu,7.5023
egr1,bioemu,5.8707
egr1,bioemu,8.1981
egr1,bioemu,8.1465
egr1,bioemu,8.0205
egr1,bioemu,9.353
egr1,bioemu,6.8155
egr1,bioemu,7.2818
egr1,bioemu,8.2268
egr1,bioemu,4.3171
egr1,bioemu,6.9985
egr1,bioemu,8.3361
egr1,bioemu,7.9624
egr1,bioemu,7.9049
egr1,bioemu,6.898
egr1,bioemu,6.379
egr1,bioemu,8.5081
egr1,bioemu,7.5298
egr1,bioemu,8.8793
egr1,bioemu,7.0663
egr1,bioemu,8.164
egr1,bioemu,6.96
egr1,bioemu,7.5134
egr1,bioemu,7.3901
egr1,bioemu,8.7377
egr1,bioemu,1.2146
egr1,bioemu,1.2289
egr1,bioemu,1.1507
egr1,bioemu,3.127
egr1,bioemu,1.1632
egr1,bioemu,2.0457
egr1,bioemu,1.8801
egr1,bioemu,1.0857
egr1,bioemu,2.8241
egr1,bioemu,1.7986
egr1,bioemu,1.0715
egr1,bioemu,1.6127
egr1,bioemu,1.8666
egr1,bioemu,0.8948
egr1,bioemu,0.514
egr1,bioemu,0.9671
egr1,bioemu,1.0112
egr1,bioemu,1.3455
egr1,bioemu,0.9906
egr1,bioemu,3.7233
egr1,bioemu,1.1882
egr1,bioemu,1.2215
egr1,bioemu,2.1207
egr1,bioemu,1.9409
egr1,bioemu,1.5945
egr1,bioemu,1.0852
egr1,bioemu,1.6148
egr1,bioemu,2.4667
egr1,bioemu,0.9175
egr1,bioemu,0.9248
egr1,bioemu,1.3133
egr1,bioemu,1.2319
egr1,bioemu,12.1699
egr1,bioemu,5.3101
egr1,bioemu,1.1579
egr1,bioemu,10.3387
egr1,bioemu,0.9596
egr1,bioemu,0.945
egr1,bioemu,2.968
egr1,bioemu,1.8626
egr1,bioemu,1.6735
egr1,bioemu,1.4897
egr1,bioemu,2.4274
egr1,bioemu,2.2979
egr1,bioemu,1.9087
egr1,bioemu,11.4302
egr1,bioemu,6.5791
egr1,bioemu,1.8218
egr1,bioemu,0.7099
egr1,bioemu,1.3017
egr1,bioemu,2.0829
egr1,bioemu,1.9281
egr1,bioemu,2.5647
egr1,bioemu,1.6
egr1,bioemu,2.4488
egr1,bioemu,1.6702
egr1,bioemu,1.4189
egr1,bioemu,0.8557
egr1,bioemu,2.1353
egr1,bioemu,1.1885
egr1,bioemu,2.4934
egr1,bioemu,0.9175
egr1,bioemu,1.1179
egr1,bioemu,1.4415
egr1,bioemu,2.6883
egr1,bioemu,1.5612
egr1,bioemu,1.7014
egr1,bioemu,1.5487
egr1,bioemu,1.619
egr1,bioemu,3.2839
egr1,bioemu,1.728
egr1,bioemu,1.2647
egr1,bioemu,2.2384
egr1,bioemu,1.9013
egr1,bioemu,1.0018
egr1,bioemu,1.0995
egr1,bioemu,1.3659
egr1,bioemu,0.8871
egr1,bioemu,1.1342
egr1,bioemu,0.5295
egr1,bioemu,3.4135
egr1,bioemu,1.4016
egr1,bioemu,1.2183
egr1,bioemu,2.1796
egr1,bioemu,2.3446
egr1,bioemu,1.7053
egr1,bioemu,0.5837
egr1,bioemu,1.2941
egr1,bioemu,2.2764
egr1,bioemu,1.6001
egr1,bioemu,1.6829
egr1,bioemu,1.1367
egr1,bioemu,1.3151
egr1,bioemu,12.174
egr1,bioemu,5.3912
egr1,bioemu,1.0795
egr1,bioemu,9.9434
egr1,bioemu,0.962
egr1,bioemu,1.1063
egr1,bioemu,2.5882
egr1,bioemu,1.809
egr1,bioemu,1.4764
egr1,bioemu,1.5516
egr1,bioemu,2.5319
egr1,bioemu,1.8597
egr1,bioemu,1.5961
egr1,bioemu,11.329
egr1,bioemu,6.135
egr1,bioemu,1.5407
egr1,bioemu,1.3762
egr1,bioemu,0.8506
egr1,bioemu,1.9684
egr1,bioemu,2.3078
egr1,bioemu,2.5097
egr1,bioemu,1.1717
egr1,bioemu,2.2404
egr1,bioemu,1.9841
egr1,bioemu,1.2897
egr1,bioemu,1.0052
egr1,bioemu,1.9272
egr1,bioemu,1.6508
egr1,bioemu,1.6497
egr1,bioemu,1.794
egr1,bioemu,1.6039
egr1,bioemu,2.4096
egr1,bioemu,1.7954
egr1,bioemu,2.0006
egr1,bioemu,1.1905
egr1,bioemu,1.2823
egr1,bioemu,2.7851
egr1,bioemu,1.9044
egr1,bioemu,1.4403
egr1,bioemu,1.9893
egr1,bioemu,2.1262
egr1,bioemu,1.3147
egr1,bioemu,1.2648
egr1,bioemu,1.7132
egr1,bioemu,1.362
egr1,bioemu,1.0855
egr1,bioemu,1.0388
egr1,bioemu,3.3073
egr1,bioemu,1.7947
egr1,bioemu,1.0454
egr1,bioemu,2.3836
egr1,bioemu,2.147
egr1,bioemu,1.6976
egr1,bioemu,0.9316
egr1,bioemu,1.1065
egr1,bioemu,2.4614
egr1,bioemu,1.497
egr1,bioemu,1.5819
egr1,bioemu,1.4039
egr1,bioemu,1.7108
egr1,bioemu,12.5026
egr1,bioemu,4.9356
egr1,bioemu,1.4425
egr1,bioemu,10.1197
egr1,bioemu,1.2931
egr1,bioemu,1.023
egr1,bioemu,2.4906
egr1,bioemu,2.3218
egr1,bioemu,2.031
egr1,bioemu,1.9669
egr1,bioemu,2.3833
egr1,bioemu,2.249
egr1,bioemu,1.7168
egr1,bioemu,11.1998
egr1,bioemu,6.1818
egr1,bioemu,1.6195
egr1,bioemu,1.4926
egr1,bioemu,1.5287
egr1,bioemu,2.3891
egr1,bioemu,2.2469
egr1,bioemu,2.1064
egr1,bioemu,1.529
egr1,bioemu,2.6573
egr1,bioemu,2.3749
egr1,bioemu,1.1749
egr1,bioemu,1.2633
egr1,bioemu,1.9608
egr1,bioemu,1.2129
egr1,bioemu,2.1554
egr1,bioemu,1.7957
egr1,bioemu,3.3392
egr1,bioemu,1.0688
egr1,bioemu,1.7005
egr1,bioemu,2.0368
egr1,bioemu,1.7079
egr1,bioemu,3.542
egr1,bioemu,1.5771
egr1,bioemu,1.0669
egr1,bioemu,1.7333
egr1,bioemu,1.8899
egr1,bioemu,1.0579
egr1,bioemu,1.0797
egr1,bioemu,1.2378
egr1,bioemu,1.5444
egr1,bioemu,1.6217
egr1,bioemu,1.3089
egr1,bioemu,3.9293
egr1,bioemu,1.4023
egr1,bioemu,1.5035
egr1,bioemu,1.5633
egr1,bioemu,2.2963
egr1,bioemu,1.7334
egr1,bioemu,1.4014
egr1,bioemu,1.7014
egr1,bioemu,2.0605
egr1,bioemu,1.799
egr1,bioemu,1.1253
egr1,bioemu,1.178
egr1,bioemu,1.0466
egr1,bioemu,12.0122
egr1,bioemu,5.7797
egr1,bioemu,1.1654
egr1,bioemu,9.9163
egr1,bioemu,1.0475
egr1,bioemu,1.3397
egr1,bioemu,3.0051
egr1,bioemu,1.4499
egr1,bioemu,1.2554
egr1,bioemu,1.103
egr1,bioemu,2.9859
egr1,bioemu,2.0107
egr1,bioemu,1.5613
egr1,bioemu,11.2779
egr1,bioemu,6.3917
egr1,bioemu,1.643
egr1,bioemu,0.9651
egr1,bioemu,1.2362
egr1,bioemu,1.7546
egr1,bioemu,2.0821
egr1,bioemu,2.751
egr1,bioemu,1.4438
egr1,bioemu,1.9048
egr1,bioemu,1.5764
egr1,bioemu,1.6562
egr1,bioemu,0.8509
egr1,bioemu,1.9106
egr1,bioemu,1.7256
egr1,bioemu,2.2345
egr1,bioemu,1.332
egr1,bioemu,3.7209
egr1,bioemu,2.7305
egr1,bioemu,2.035
egr1,bioemu,3.1659
egr1,bioemu,3.251
egr1,bioemu,2.9116
egr1,bioemu,3.2855
egr1,bioemu,3.9843
egr1,bioemu,4.0843
egr1,bioemu,3.2284
egr1,bioemu,3.1718
egr1,bioemu,3.7585
egr1,bioemu,3.1599
egr1,bioemu,2.0597
egr1,bioemu,2.6965
egr1,bioemu,2.3072
egr1,bioemu,3.8239
egr1,bioemu,2.2294
egr1,bioemu,3.5876
egr1,bioemu,3.7115
egr1,bioemu,3.3681
egr1,bioemu,2.524
egr1,bioemu,2.0646
egr1,bioemu,2.9995
egr1,bioemu,3.3607
egr1,bioemu,3.3818
egr1,bioemu,2.6149
egr1,bioemu,3.6359
egr1,bioemu,13.5852
egr1,bioemu,4.2055
egr1,bioemu,3.0275
egr1,bioemu,9.5221
egr1,bioemu,2.7827
egr1,bioemu,2.3431
egr1,bioemu,2.2
egr1,bioemu,4.0136
egr1,bioemu,3.637
egr1,bioemu,3.6961
egr1,bioemu,4.1374
egr1,bioemu,3.0382
egr1,bioemu,2.3775
egr1,bioemu,10.4253
egr1,bioemu,4.8541
egr1,bioemu,2.2753
egr1,bioemu,3.5163
egr1,bioemu,3.1512
egr1,bioemu,3.9742
egr1,bioemu,3.557
egr1,bioemu,1.8466
egr1,bioemu,3.3711
egr1,bioemu,3.8381
egr1,bioemu,4.4332
egr1,bioemu,2.6944
egr1,bioemu,3.0615
egr1,bioemu,2.2798
egr1,bioemu,2.4252
egr1,bioemu,2.352
egr1,bioemu,3.8579
egr1,bioemu,2.0481
egr1,bioemu,2.2953
egr1,bioemu,1.6486
egr1,bioemu,3.7698
egr1,bioemu,1.9015
egr1,bioemu,0.9987
egr1,bioemu,1.6466
egr1,bioemu,1.5607
egr1,bioemu,0.7921
egr1,bioemu,1.0087
egr1,bioemu,0.8453
egr1,bioemu,1.396
egr1,bioemu,1.8964
egr1,bioemu,1.416
egr1,bioemu,4.3479
egr1,bioemu,1.0395
egr1,bioemu,1.8629
egr1,bioemu,1.7663
egr1,bioemu,2.4027
egr1,bioemu,1.4096
egr1,bioemu,1.4593
egr1,bioemu,2.0626
egr1,bioemu,2.5018
egr1,bioemu,1.6734
egr1,bioemu,1.1539
egr1,bioemu,1.4157
egr1,bioemu,0.7599
egr1,bioemu,11.7302
egr1,bioemu,6.2125
egr1,bioemu,1.187
egr1,bioemu,10.1215
egr1,bioemu,1.2056
egr1,bioemu,1.6203
egr1,bioemu,3.3535
egr1,bioemu,1.2338
egr1,bioemu,1.1304
egr1,bioemu,1.0774
egr1,bioemu,2.712
egr1,bioemu,2.2202
egr1,bioemu,2.1838
egr1,bioemu,11.6859
egr1,bioemu,6.9421
egr1,bioemu,2.048
egr1,bioemu,0.7475
egr1,bioemu,1.1889
egr1,bioemu,1.774
egr1,bioemu,2.3293
egr1,bioemu,3.1434
egr1,bioemu,1.3538
egr1,bioemu,2.0163
egr1,bioemu,1.0548
egr1,bioemu,1.835
egr1,bioemu,0.8548
egr1,bioemu,2.2989
egr1,bioemu,2.0389
egr1,bioemu,2.5136
egr1,bioemu,0.9457
egr1,bioemu,1.7266
egr1,bioemu,2.4147
egr1,bioemu,4.0891
egr1,bioemu,0.734
egr1,bioemu,1.8013
egr1,bioemu,2.7817
egr1,bioemu,2.9719
egr1,bioemu,1.8528
egr1,bioemu,1.8893
egr1,bioemu,2.2594
egr1,bioemu,2.2377
egr1,bioemu,1.3967
egr1,bioemu,1.6974
egr1,bioemu,2.842
egr1,bioemu,2.5017
egr1,bioemu,1.4036
egr1,bioemu,1.2994
egr1,bioemu,3.4381
egr1,bioemu,2.5812
egr1,bioemu,1.6886
egr1,bioemu,1.2912
egr1,bioemu,0.8434
egr1,bioemu,2.7125
egr1,bioemu,1.8585
egr1,bioemu,0.9481
egr1,bioemu,2.0663
egr1,bioemu,12.2284
egr1,bioemu,5.6618
egr1,bioemu,1.1936
egr1,bioemu,8.9088
egr1,bioemu,1.2547
egr1,bioemu,1.5709
egr1,bioemu,1.9602
egr1,bioemu,1.7163
egr1,bioemu,1.4666
egr1,bioemu,1.4776
egr1,bioemu,3.9204
egr1,bioemu,0.7393
egr1,bioemu,1.5735
egr1,bioemu,10.315
egr1,bioemu,5.1074
egr1,bioemu,0.7994
egr1,bioemu,2.036
egr1,bioemu,1.5476
egr1,bioemu,1.9373
egr1,bioemu,1.9902
egr1,bioemu,2.1811
egr1,bioemu,2.1353
egr1,bioemu,1.2384
egr1,bioemu,2.5355
egr1,bioemu,1.3999
egr1,bioemu,1.6468
egr1,bioemu,0.8844
egr1,bioemu,2.1749
egr1,bioemu,1.5758
egr1,bioemu,2.5269
egr1,bioemu,1.9182
egr1,bioemu,3.0975
egr1,bioemu,1.7612
egr1,bioemu,1.9794
egr1,bioemu,2.4864
egr1,bioemu,2.6854
egr1,bioemu,1.8444
egr1,bioemu,1.8333
egr1,bioemu,2.3284
egr1,bioemu,1.962
egr1,bioemu,1.0149
egr1,bioemu,1.4911
egr1,bioemu,2.6596
egr1,bioemu,2.4984
egr1,bioemu,1.2079
egr1,bioemu,2.4435
egr1,bioemu,2.9404
egr1,bioemu,2.3165
egr1,bioemu,1.3378
egr1,bioemu,1.084
egr1,bioemu,2.1542
egr1,bioemu,2.2015
egr1,bioemu,2.0432
egr1,bioemu,1.491
egr1,bioemu,2.3159
egr1,bioemu,12.6969
egr1,bioemu,4.7888
egr1,bioemu,1.6501
egr1,bioemu,9.5744
egr1,bioemu,1.5695
egr1,bioemu,1.3565
egr1,bioemu,1.8877
egr1,bioemu,2.5358
egr1,bioemu,2.2741
egr1,bioemu,2.2541
egr1,bioemu,3.0945
egr1,bioemu,1.8943
egr1,bioemu,1.5253
egr1,bioemu,10.7359
egr1,bioemu,5.5064
egr1,bioemu,1.4016
egr1,bioemu,2.1098
egr1,bioemu,1.8388
egr1,bioemu,2.6465
egr1,bioemu,2.2801
egr1,bioemu,1.7672
egr1,bioemu,2.0814
egr1,bioemu,2.5618
egr1,bioemu,2.9049
egr1,bioemu,1.2331
egr1,bioemu,1.8073
egr1,bioemu,1.6594
egr1,bioemu,1.4553
egr1,bioemu,1.9398
egr1,bioemu,2.4945
egr1,bioemu,2.8249
egr1,bioemu,2.1785
egr1,bioemu,1.7252
egr1,bioemu,1.6569
egr1,bioemu,1.9737
egr1,bioemu,1.5025
egr1,bioemu,1.0569
egr1,bioemu,1.4991
egr1,bioemu,1.3927
egr1,bioemu,1.724
egr1,bioemu,1.3847
egr1,bioemu,3.7556
egr1,bioemu,1.6381
egr1,bioemu,1.5609
egr1,bioemu,2.6182
egr1,bioemu,2.2506
egr1,bioemu,1.6707
egr1,bioemu,1.5315
egr1,bioemu,1.7078
egr1,bioemu,2.7923
egr1,bioemu,1.1403
egr1,bioemu,1.5089
egr1,bioemu,1.7151
egr1,bioemu,1.8173
egr1,bioemu,12.1717
egr1,bioemu,5.2216
egr1,bioemu,1.5963
egr1,bioemu,10.471
egr1,bioemu,1.4181
egr1,bioemu,1.3304
egr1,bioemu,3.2275
egr1,bioemu,2.3544
egr1,bioemu,2.1902
egr1,bioemu,2.0119
egr1,bioemu,2.4341
egr1,bioemu,2.6151
egr1,bioemu,2.1531
egr1,bioemu,11.449
egr1,bioemu,6.6522
egr1,bioemu,2.2128
egr1,bioemu,1.3267
egr1,bioemu,1.707
egr1,bioemu,2.3752
egr1,bioemu,2.2475
egr1,bioemu,2.804
egr1,bioemu,1.8532
egr1,bioemu,2.8771
egr1,bioemu,2.1083
egr1,bioemu,1.4358
egr1,bioemu,1.5208
egr1,bioemu,2.3781
egr1,bioemu,1.4766
egr1,bioemu,2.6915
egr1,bioemu,1.476
egr1,bioemu,3.8412
egr1,bioemu,3.4943
egr1,bioemu,3.4082
egr1,bioemu,3.8796
egr1,bioemu,3.4278
egr1,bioemu,3.0639
egr1,bioemu,3.5046
egr1,bioemu,3.1288
egr1,bioemu,2.9452
egr1,bioemu,3.1473
egr1,bioemu,4.0081
egr1,bioemu,3.5837
egr1,bioemu,2.8463
egr1,bioemu,4.4106
egr1,bioemu,2.7399
egr1,bioemu,3.5304
egr1,bioemu,3.0899
egr1,bioemu,3.2177
egr1,bioemu,4.3225
egr1,bioemu,2.4808
egr1,bioemu,3.1971
egr1,bioemu,3.5728
egr1,bioemu,3.7761
egr1,bioemu,13.3444
egr1,bioemu,3.3081
egr1,bioemu,3.6032
egr1,bioemu,11.1601
egr1,bioemu,3.3371
egr1,bioemu,2.7869
egr1,bioemu,3.8476
egr1,bioemu,4.4536
egr1,bioemu,4.2916
egr1,bioemu,4.0989
egr1,bioemu,3.2352
egr1,bioemu,4.3572
egr1,bioemu,3.4502
egr1,bioemu,11.1233
egr1,bioemu,6.8514
egr1,bioemu,3.6615
egr1,bioemu,3.3137
egr1,bioemu,3.7531
egr1,bioemu,4.4256
egr1,bioemu,3.4633
egr1,bioemu,3.0037
egr1,bioemu,3.8792
egr1,bioemu,4.8214
egr1,bioemu,4.2319
egr1,bioemu,3.3055
egr1,bioemu,3.3897
egr1,bioemu,3.8429
egr1,bioemu,2.1563
egr1,bioemu,4.2083
egr1,bioemu,3.2437
egr1,bioemu,1.7123
egr1,bioemu,2.5013
egr1,bioemu,2.9806
egr1,bioemu,1.7817
egr1,bioemu,1.6579
egr1,bioemu,2.0657
egr1,bioemu,2.1527
egr1,bioemu,1.3707
egr1,bioemu,1.6373
egr1,bioemu,2.8218
egr1,bioemu,2.4099
egr1,bioemu,1.2467
egr1,bioemu,1.3382
egr1,bioemu,3.2782
egr1,bioemu,2.6333
egr1,bioemu,1.6901
egr1,bioemu,1.2921
egr1,bioemu,0.9121
egr1,bioemu,2.4601
egr1,bioemu,1.4494
egr1,bioemu,0.9998
egr1,bioemu,2.0187
egr1,bioemu,12.2279
egr1,bioemu,5.4388
egr1,bioemu,1.0151
egr1,bioemu,9.2275
egr1,bioemu,1.1812
egr1,bioemu,1.4131
egr1,bioemu,1.9495
egr1,bioemu,1.6868
egr1,bioemu,1.4985
egr1,bioemu,1.3302
egr1,bioemu,3.855
egr1,bioemu,0.9497
egr1,bioemu,1.6719
egr1,bioemu,10.4119
egr1,bioemu,5.3486
egr1,bioemu,0.9298
egr1,bioemu,1.8094
egr1,bioemu,1.6188
egr1,bioemu,1.8004
egr1,bioemu,1.4487
egr1,bioemu,2.0511
egr1,bioemu,2.2313
egr1,bioemu,1.3022
egr1,bioemu,2.3386
egr1,bioemu,1.2018
egr1,bioemu,1.5614
egr1,bioemu,1.085
egr1,bioemu,1.9372
egr1,bioemu,2.0204
egr1,bioemu,2.2603
egr1,bioemu,1.8775
egr1,bioemu,1.8579
egr1,bioemu,0.7619
egr1,bioemu,1.0831
egr1,bioemu,1.1054
egr1,bioemu,1.3681
egr1,bioemu,1.4681
egr1,bioemu,1.2505
egr1,bioemu,3.966
egr1,bioemu,1.2259
egr1,bioemu,1.4953
egr1,bioemu,1.5344
egr1,bioemu,2.2177
egr1,bioemu,1.5258
egr1,bioemu,1.1785
egr1,bioemu,1.7579
egr1,bioemu,2.2945
egr1,bioemu,1.6755
egr1,bioemu,1.1297
egr1,bioemu,1.2618
egr1,bioemu,0.8142
egr1,bioemu,11.9685
egr1,bioemu,5.8572
egr1,bioemu,1.1359
egr1,bioemu,9.9652
egr1,bioemu,1.1169
egr1,bioemu,1.3675
egr1,bioemu,2.9042
egr1,bioemu,1.4054
egr1,bioemu,1.1576
egr1,bioemu,1.0792
egr1,bioemu,2.6025
egr1,bioemu,2.0542
egr1,bioemu,2.0334
egr1,bioemu,11.2477
egr1,bioemu,6.5516
egr1,bioemu,1.6606
egr1,bioemu,0.8295
egr1,bioemu,1.1355
egr1,bioemu,2.0478
egr1,bioemu,2.1458
egr1,bioemu,2.6537
egr1,bioemu,1.2926
egr1,bioemu,1.9535
egr1,bioemu,1.4987
egr1,bioemu,1.6123
egr1,bioemu,0.6548
egr1,bioemu,2.0297
egr1,bioemu,1.7534
egr1,bioemu,2.3129
egr1,bioemu,1.1852
egr1,bioemu,1.9969
egr1,bioemu,1.7188
egr1,bioemu,1.6071
egr1,bioemu,1.6553
egr1,bioemu,2.02
egr1,bioemu,2.3551
egr1,bioemu,2.0254
egr1,bioemu,4.4616
egr1,bioemu,1.8333
egr1,bioemu,2.1946
egr1,bioemu,2.557
egr1,bioemu,2.4201
egr1,bioemu,2.0944
egr1,bioemu,2.1249
egr1,bioemu,2.4162
egr1,bioemu,3.1022
egr1,bioemu,1.8205
egr1,bioemu,1.5941
egr1,bioemu,2.2054
egr1,bioemu,1.8514
egr1,bioemu,11.9457
egr1,bioemu,5.7923
egr1,bioemu,2.0066
egr1,bioemu,10.6095
egr1,bioemu,1.9723
egr1,bioemu,2.081
egr1,bioemu,3.6964
egr1,bioemu,2.2041
egr1,bioemu,2.2341
egr1,bioemu,2.0122
egr1,bioemu,2.8121
egr1,bioemu,2.9103
egr1,bioemu,2.4674
egr1,bioemu,11.7408
egr1,bioemu,7.1815
egr1,bioemu,2.6531
egr1,bioemu,1.4719
egr1,bioemu,2.0907
egr1,bioemu,2.3366
egr1,bioemu,2.3801
egr1,bioemu,3.3093
egr1,bioemu,2.1185
egr1,bioemu,2.8751
egr1,bioemu,1.9032
egr1,bioemu,2.1239
egr1,bioemu,1.7819
egr1,bioemu,2.9161
egr1,bioemu,2.0746
egr1,bioemu,3.2661
egr1,bioemu,1.4246
egr1,bioemu,1.5396
egr1,bioemu,1.7732
egr1,bioemu,1.4658
egr1,bioemu,1.5207
egr1,bioemu,2.5591
egr1,bioemu,1.8619
egr1,bioemu,5.0003
egr1,bioemu,1.1415
egr1,bioemu,2.6153
egr1,bioemu,2.8705
egr1,bioemu,2.3923
egr1,bioemu,1.3421
egr1,bioemu,1.9404
egr1,bioemu,2.6621
egr1,bioemu,3.52
egr1,bioemu,1.9457
egr1,bioemu,2.3226
egr1,bioemu,2.3135
egr1,bioemu,1.4114
egr1,bioemu,11.7732
egr1,bioemu,6.5272
egr1,bioemu,2.1412
egr1,bioemu,10.5859
egr1,bioemu,2.059
egr1,bioemu,2.3462
egr1,bioemu,4.1348
egr1,bioemu,2.1391
egr1,bioemu,2.0368
egr1,bioemu,2.143
egr1,bioemu,2.0275
egr1,bioemu,3.1186
egr1,bioemu,2.6315
egr1,bioemu,12.3728
egr1,bioemu,7.5352
egr1,bioemu,2.9445
egr1,bioemu,1.6895
egr1,bioemu,1.6977
egr1,bioemu,2.4778
egr1,bioemu,3.3351
egr1,bioemu,3.9385
egr1,bioemu,1.2798
egr1,bioemu,3.0335
egr1,bioemu,1.7118
egr1,bioemu,2.4729
egr1,bioemu,1.7344
egr1,bioemu,3.219
egr1,bioemu,2.6272
egr1,bioemu,2.832
egr1,bioemu,1.6975
egr1,bioemu,0.7875
egr1,bioemu,0.8204
egr1,bioemu,0.9548
egr1,bioemu,1.4232
egr1,bioemu,0.913
egr1,bioemu,3.9532
egr1,bioemu,0.9431
egr1,bioemu,1.453
egr1,bioemu,1.8526
egr1,bioemu,2.1571
egr1,bioemu,1.3044
egr1,bioemu,0.9016
egr1,bioemu,1.6908
egr1,bioemu,2.4043
egr1,bioemu,1.394
egr1,bioemu,1.2028
egr1,bioemu,1.1595
egr1,bioemu,0.7503
egr1,bioemu,11.9365
egr1,bioemu,5.8239
egr1,bioemu,0.9953
egr1,bioemu,10.1178
egr1,bioemu,0.9409
egr1,bioemu,1.2401
egr1,bioemu,3.0114
egr1,bioemu,1.3858
egr1,bioemu,1.1572
egr1,bioemu,1.1803
egr1,bioemu,2.3974
egr1,bioemu,2.0563
egr1,bioemu,1.8767
egr1,bioemu,11.4967
egr1,bioemu,6.633
egr1,bioemu,1.7376
egr1,bioemu,0.7224
egr1,bioemu,0.8815
egr1,bioemu,1.8697
egr1,bioemu,2.2356
egr1,bioemu,2.7956
egr1,bioemu,1.1057
egr1,bioemu,2.1046
egr1,bioemu,1.3945
egr1,bioemu,1.5122
egr1,bioemu,0.5715
egr1,bioemu,2.1055
egr1,bioemu,1.661
egr1,bioemu,2.1769
egr1,bioemu,1.0773
egr1,bioemu,0.7953
egr1,bioemu,0.9062
egr1,bioemu,1.3624
egr1,bioemu,0.8423
egr1,bioemu,3.7014
egr1,bioemu,1.0901
egr1,bioemu,1.2292
egr1,bioemu,2.0296
egr1,bioemu,2.1041
egr1,bioemu,1.5718
egr1,bioemu,1.0075
egr1,bioemu,1.5651
egr1,bioemu,2.3274
egr1,bioemu,1.0236
egr1,bioemu,0.954
egr1,bioemu,1.164
egr1,bioemu,1.1353
egr1,bioemu,11.9523
egr1,bioemu,5.4347
egr1,bioemu,0.9371
egr1,bioemu,10.2464
egr1,bioemu,0.8071
egr1,bioemu,0.9976
egr1,bioemu,2.947
egr1,bioemu,1.6145
egr1,bioemu,1.4587
egr1,bioemu,1.2885
egr1,bioemu,2.4807
egr1,bioemu,2.0984
egr1,bioemu,1.8454
egr1,bioemu,11.3713
egr1,bioemu,6.4921
egr1,bioemu,1.7632
egr1,bioemu,0.6339
egr1,bioemu,1.0657
egr1,bioemu,1.8168
egr1,bioemu,1.8666
egr1,bioemu,2.6613
egr1,bioemu,1.464
egr1,bioemu,2.2256
egr1,bioemu,1.4844
egr1,bioemu,1.2697
egr1,bioemu,0.8124
egr1,bioemu,2.0503
egr1,bioemu,1.3667
egr1,bioemu,2.3399
egr1,bioemu,0.9826
egr1,bioemu,0.9687
egr1,bioemu,1.9068
egr1,bioemu,1.223
egr1,bioemu,4.2854
egr1,bioemu,0.6155
egr1,bioemu,1.8444
egr1,bioemu,2.1641
egr1,bioemu,2.2131
egr1,bioemu,1.6204
egr1,bioemu,1.3787
egr1,bioemu,2.1372
egr1,bioemu,2.7281
egr1,bioemu,1.2426
egr1,bioemu,1.2749
egr1,bioemu,1.6073
egr1,bioemu,0.8783
egr1,bioemu,11.5928
egr1,bioemu,5.9699
egr1,bioemu,1.2422
egr1,bioemu,10.3993
egr1,bioemu,1.2895
egr1,bioemu,1.6518
egr1,bioemu,3.4194
egr1,bioemu,1.3847
egr1,bioemu,1.3343
egr1,bioemu,1.2141
egr1,bioemu,2.2896
egr1,bioemu,2.3812
egr1,bioemu,2.2985
egr1,bioemu,11.7241
egr1,bioemu,7.0068
egr1,bioemu,2.2325
egr1,bioemu,0.6287
egr1,bioemu,1.1068
egr1,bioemu,1.7954
egr1,bioemu,2.1999
egr1,bioemu,3.2411
egr1,bioemu,1.3736
egr1,bioemu,2.2612
egr1,bioemu,0.8965
egr1,bioemu,1.7359
egr1,bioemu,1.0267
egr1,bioemu,2.573
egr1,bioemu,1.9638
egr1,bioemu,2.6653
egr1,bioemu,0.8298
egr1,bioemu,1.5624
egr1,bioemu,0.7692
egr1,bioemu,3.8794
egr1,bioemu,0.9417
egr1,bioemu,1.6102
egr1,bioemu,2.5378
egr1,bioemu,2.1943
egr1,bioemu,1.4831
egr1,bioemu,0.9462
egr1,bioemu,1.8267
egr1,bioemu,2.8186
egr1,bioemu,1.0634
egr1,bioemu,1.6892
egr1,bioemu,1.5309
egr1,bioemu,1.2776
egr1,bioemu,11.9802
egr1,bioemu,5.5772
egr1,bioemu,1.3014
egr1,bioemu,10.3454
egr1,bioemu,1.2245
egr1,bioemu,1.3585
egr1,bioemu,3.1681
egr1,bioemu,1.916
egr1,bioemu,1.6707
egr1,bioemu,1.7207
egr1,bioemu,2.0119
egr1,bioemu,2.3959
egr1,bioemu,2.0026
egr1,bioemu,11.685
egr1,bioemu,6.7231
egr1,bioemu,2.1168
egr1,bioemu,1.1884
egr1,bioemu,1.0231
egr1,bioemu,2.1147
egr1,bioemu,2.4643
egr1,bioemu,2.9897
egr1,bioemu,1.3353
egr1,bioemu,2.6101
egr1,bioemu,1.7038
egr1,bioemu,1.5715
egr1,bioemu,1.1323
egr1,bioemu,2.463
egr1,bioemu,1.7357
egr1,bioemu,2.251
egr1,bioemu,1.4022
egr1,bioemu,1.0276
egr1,bioemu,2.6992
egr1,bioemu,2.0941
egr1,bioemu,0.6695
egr1,bioemu,2.0254
egr1,bioemu,2.6062
egr1,bioemu,2.0505
egr1,bioemu,0.8733
egr1,bioemu,0.8873
egr1,bioemu,1.8888
egr1,bioemu,1.85
egr1,bioemu,1.5484
egr1,bioemu,0.9912
egr1,bioemu,1.8792
egr1,bioemu,12.5795
egr1,bioemu,4.8665
egr1,bioemu,1.1968
egr1,bioemu,9.6783
egr1,bioemu,1.0291
egr1,bioemu,0.7349
egr1,bioemu,1.8555
egr1,bioemu,2.1735
egr1,bioemu,1.8704
egr1,bioemu,1.8283
egr1,bioemu,3.0098
egr1,bioemu,1.6727
egr1,bioemu,1.3782
egr1,bioemu,10.7075
egr1,bioemu,5.5991
egr1,bioemu,0.9731
egr1,bioemu,1.6479
egr1,bioemu,1.4325
egr1,bioemu,2.3894
egr1,bioemu,1.955
egr1,bioemu,1.5953
egr1,bioemu,1.8952
egr1,bioemu,2.2707
egr1,bioemu,2.533
egr1,bioemu,1.1085
egr1,bioemu,1.2823
egr1,bioemu,1.3401
egr1,bioemu,1.1309
egr1,bioemu,1.7869
egr1,bioemu,2.0566
egr1,bioemu,3.3593
egr1,bioemu,1.337
egr1,bioemu,1.089
egr1,bioemu,2.1755
egr1,bioemu,2.2977
egr1,bioemu,1.6245
egr1,bioemu,0.4989
egr1,bioemu,1.2435
egr1,bioemu,2.2488
egr1,bioemu,1.3935
egr1,bioemu,1.4913
egr1,bioemu,1.0171
egr1,bioemu,1.3024
egr1,bioemu,12.166
egr1,bioemu,5.2981
egr1,bioemu,0.9481
egr1,bioemu,9.9997
egr1,bioemu,0.8051
egr1,bioemu,0.913
egr1,bioemu,2.5925
egr1,bioemu,1.7879
egr1,bioemu,1.4865
egr1,bioemu,1.5107
egr1,bioemu,2.53
egr1,bioemu,1.8524
egr1,bioemu,1.4813
egr1,bioemu,11.2909
egr1,bioemu,6.1882
egr1,bioemu,1.5059
egr1,bioemu,1.1907
egr1,bioemu,0.802
egr1,bioemu,1.9333
egr1,bioemu,2.1509
egr1,bioemu,2.4448
egr1,bioemu,1.2763
egr1,bioemu,2.2465
egr1,bioemu,1.9103
egr1,bioemu,1.1553
egr1,bioemu,0.9187
egr1,bioemu,1.8622
egr1,bioemu,1.4637
egr1,bioemu,1.7615
egr1,bioemu,1.6197
egr1,bioemu,4.5648
egr1,bioemu,2.7226
egr1,bioemu,3.863
egr1,bioemu,4.8504
egr1,bioemu,4.5417
egr1,bioemu,3.3467
egr1,bioemu,2.6262
egr1,bioemu,2.8078
egr1,bioemu,4.0159
egr1,bioemu,3.7286
egr1,bioemu,3.1455
egr1,bioemu,4.3937
egr1,bioemu,13.59
egr1,bioemu,4.0336
egr1,bioemu,3.3223
egr1,bioemu,9.215
egr1,bioemu,3.3163
egr1,bioemu,3.033
egr1,bioemu,1.8023
egr1,bioemu,4.2423
egr1,bioemu,4.0405
egr1,bioemu,3.9441
egr1,bioemu,5.2178
egr1,bioemu,2.8384
egr1,bioemu,3.0214
egr1,bioemu,9.5118
egr1,bioemu,3.9081
egr1,bioemu,2.6761
egr1,bioemu,4.0624
egr1,bioemu,3.7013
egr1,bioemu,4.0849
egr1,bioemu,3.0635
egr1,bioemu,2.1124
egr1,bioemu,4.3012
egr1,bioemu,3.7787
egr1,bioemu,4.8136
egr1,bioemu,2.8072
egr1,bioemu,3.8132
egr1,bioemu,2.6424
egr1,bioemu,3.1186
egr1,bioemu,3.2352
egr1,bioemu,4.4704
egr1,bioemu,2.0777
egr1,bioemu,2.3931
egr1,bioemu,2.0867
egr1,bioemu,1.3795
egr1,bioemu,1.4631
egr1,bioemu,2.3109
egr1,bioemu,3.0227
egr1,bioemu,1.3521
egr1,bioemu,1.6605
egr1,bioemu,1.8155
egr1,bioemu,0.8172
egr1,bioemu,11.6712
egr1,bioemu,6.1772
egr1,bioemu,1.5468
egr1,bioemu,10.5039
egr1,bioemu,1.5043
egr1,bioemu,1.8293
egr1,bioemu,3.6941
egr1,bioemu,1.6418
egr1,bioemu,1.4949
egr1,bioemu,1.5187
egr1,bioemu,2.0407
egr1,bioemu,2.6754
egr1,bioemu,2.4113
egr1,bioemu,11.9847
egr1,bioemu,7.2183
egr1,bioemu,2.4594
egr1,bioemu,0.9638
egr1,bioemu,1.1897
egr1,bioemu,2.0433
egr1,bioemu,2.6713
egr1,bioemu,3.4852
egr1,bioemu,1.1853
egr1,bioemu,2.5475
egr1,bioemu,1.1104
egr1,bioemu,2.0165
egr1,bioemu,1.135
egr1,bioemu,2.7828
egr1,bioemu,2.1649
egr1,bioemu,2.6513
egr1,bioemu,1.0433
egr1,bioemu,1.9661
egr1,bioemu,2.4879
egr1,bioemu,2.1316
egr1,bioemu,1.0474
egr1,bioemu,0.7777
egr1,bioemu,1.7581
egr1,bioemu,1.7393
egr1,bioemu,1.3276
egr1,bioemu,0.9794
egr1,bioemu,1.8704
egr1,bioemu,12.483
egr1,bioemu,4.7292
egr1,bioemu,1.1614
egr1,bioemu,9.7916
egr1,bioemu,0.9367
egr1,bioemu,0.6401
egr1,bioemu,2.0028
egr1,bioemu,2.1475
egr1,bioemu,1.8964
egr1,bioemu,1.7538
egr1,bioemu,3.0888
egr1,bioemu,1.7218
egr1,bioemu,1.4056
egr1,bioemu,10.7079
egr1,bioemu,5.5171
egr1,bioemu,1.065
egr1,bioemu,1.5262
egr1,bioemu,1.5243
egr1,bioemu,2.1787
egr1,bioemu,1.6958
egr1,bioemu,1.6317
egr1,bioemu,1.9747
egr1,bioemu,2.2486
egr1,bioemu,2.4678
egr1,bioemu,0.9852
egr1,bioemu,1.2772
egr1,bioemu,1.343
egr1,bioemu,0.9979
egr1,bioemu,1.9765
egr1,bioemu,1.9301
egr1,bioemu,3.3312
egr1,bioemu,2.5016
egr1,bioemu,2.1479
egr1,bioemu,2.0279
egr1,bioemu,1.4885
egr1,bioemu,2.877
egr1,bioemu,1.6516
egr1,bioemu,1.4663
egr1,bioemu,1.7853
egr1,bioemu,11.8304
egr1,bioemu,6.3054
egr1,bioemu,1.5558
egr1,bioemu,9.1367
egr1,bioemu,1.6149
egr1,bioemu,2.028
egr1,bioemu,2.79
egr1,bioemu,1.3703
egr1,bioemu,1.2872
egr1,bioemu,1.163
egr1,bioemu,3.9773
egr1,bioemu,1.5814
egr1,bioemu,2.205
egr1,bioemu,10.5263
egr1,bioemu,5.8746
egr1,bioemu,1.5481
egr1,bioemu,1.856
egr1,bioemu,1.8467
egr1,bioemu,1.9896
egr1,bioemu,2.1594
egr1,bioemu,2.7743
egr1,bioemu,2.1803
egr1,bioemu,1.0848
egr1,bioemu,2.1522
egr1,bioemu,2.0189
egr1,bioemu,1.6217
egr1,bioemu,1.6701
egr1,bioemu,2.5103
egr1,bioemu,2.3883
egr1,bioemu,2.2165
egr1,bioemu,2.2521
egr1,bioemu,2.2556
egr1,bioemu,2.8228
egr1,bioemu,3.7504
egr1,bioemu,1.906
egr1,bioemu,2.3461
egr1,bioemu,2.7627
egr1,bioemu,2.2033
egr1,bioemu,12.4786
egr1,bioemu,5.3395
egr1,bioemu,2.786
egr1,bioemu,11.2967
egr1,bioemu,2.5086
egr1,bioemu,2.3018
egr1,bioemu,4.0412
egr1,bioemu,3.1582
egr1,bioemu,3.0007
egr1,bioemu,2.8884
egr1,bioemu,2.3943
egr1,bioemu,3.7477
egr1,bioemu,2.9227
egr1,bioemu,12.0316
egr1,bioemu,7.3486
egr1,bioemu,3.0984
egr1,bioemu,2.0691
egr1,bioemu,2.6576
egr1,bioemu,3.2416
egr1,bioemu,3.2774
egr1,bioemu,3.4118
egr1,bioemu,2.3534
egr1,bioemu,3.8077
egr1,bioemu,2.7632
egr1,bioemu,2.911
egr1,bioemu,2.1571
egr1,bioemu,3.3872
egr1,bioemu,2.1246
egr1,bioemu,3.4633
egr1,bioemu,2.0352
egr1,bioemu,1.5693
egr1,bioemu,2.1544
egr1,bioemu,3.1476
egr1,bioemu,1.8037
egr1,bioemu,2.0267
egr1,bioemu,1.8344
egr1,bioemu,1.3743
egr1,bioemu,12.1174
egr1,bioemu,6.1912
egr1,bioemu,1.8946
egr1,bioemu,10.2258
egr1,bioemu,1.6584
egr1,bioemu,1.7905
egr1,bioemu,3.7148
egr1,bioemu,2.2444
egr1,bioemu,1.9541
egr1,bioemu,2.0918
egr1,bioemu,2.223
egr1,bioemu,2.8721
egr1,bioemu,2.3131
egr1,bioemu,11.8424
egr1,bioemu,7.1009
egr1,bioemu,2.4387
egr1,bioemu,1.568
egr1,bioemu,1.6087
egr1,bioemu,2.6292
egr1,bioemu,3.2107
egr1,bioemu,3.3357
egr1,bioemu,1.3512
egr1,bioemu,2.9121
egr1,bioemu,2.0971
egr1,bioemu,2.2161
egr1,bioemu,1.3496
egr1,bioemu,2.6092
egr1,bioemu,2.1457
egr1,bioemu,2.41
egr1,bioemu,1.6205
egr1,bioemu,1.2135
egr1,bioemu,2.2617
egr1,bioemu,1.4954
egr1,bioemu,1.5269
egr1,bioemu,1.0383
egr1,bioemu,1.3392
egr1,bioemu,12.2782
egr1,bioemu,5.2544
egr1,bioemu,1.0654
egr1,bioemu,9.9597
egr1,bioemu,0.8923
egr1,bioemu,0.9098
egr1,bioemu,2.4537
egr1,bioemu,1.8869
egr1,bioemu,1.5701
egr1,bioemu,1.6212
egr1,bioemu,2.485
egr1,bioemu,1.8853
egr1,bioemu,1.5401
egr1,bioemu,11.2446
egr1,bioemu,6.1522
egr1,bioemu,1.411
egr1,bioemu,1.278
egr1,bioemu,0.9512
egr1,bioemu,2.1309
egr1,bioemu,2.2511
egr1,bioemu,2.2676
egr1,bioemu,1.2807
egr1,bioemu,2.2979
egr1,bioemu,2.056
egr1,bioemu,1.2647
egr1,bioemu,0.8895
egr1,bioemu,1.7974
egr1,bioemu,1.3808
egr1,bioemu,1.7279
egr1,bioemu,1.6879
egr1,bioemu,1.663
egr1,bioemu,2.1519
egr1,bioemu,1.7314
egr1,bioemu,1.0009
egr1,bioemu,2.0408
egr1,bioemu,12.5836
egr1,bioemu,4.9342
egr1,bioemu,1.2918
egr1,bioemu,9.535
egr1,bioemu,1.1021
egr1,bioemu,0.9533
egr1,bioemu,1.9264
egr1,bioemu,2.2633
egr1,bioemu,1.9549
egr1,bioemu,1.9024
egr1,bioemu,3.3073
egr1,bioemu,1.5848
egr1,bioemu,1.3079
egr1,bioemu,10.7205
egr1,bioemu,5.3286
egr1,bioemu,1.0013
egr1,bioemu,1.8805
egr1,bioemu,1.5781
egr1,bioemu,2.1996
egr1,bioemu,2.0718
egr1,bioemu,1.7327
egr1,bioemu,1.8913
egr1,bioemu,2.2225
egr1,bioemu,2.6935
egr1,bioemu,0.9624
egr1,bioemu,1.4767
egr1,bioemu,1.1579
egr1,bioemu,1.4622
egr1,bioemu,1.6128
egr1,bioemu,2.3133
egr1,bioemu,3.1506
egr1,bioemu,2.1074
egr1,bioemu,1.5072
egr1,bioemu,2.56
egr1,bioemu,12.3214
egr1,bioemu,5.5983
egr1,bioemu,1.7068
egr1,bioemu,8.8516
egr1,bioemu,1.7565
egr1,bioemu,1.9883
egr1,bioemu,1.9903
egr1,bioemu,2.1316
egr1,bioemu,1.9858
egr1,bioemu,1.8584
egr1,bioemu,4.4915
egr1,bioemu,1.0687
egr1,bioemu,1.9324
egr1,bioemu,10.0216
egr1,bioemu,4.7859
egr1,bioemu,1.1829
egr1,bioemu,2.4453
egr1,bioemu,2.1679
egr1,bioemu,2.1883
egr1,bioemu,1.9696
egr1,bioemu,2.2169
egr1,bioemu,2.6858
egr1,bioemu,1.4144
egr1,bioemu,2.9361
egr1,bioemu,1.815
egr1,bioemu,2.1535
egr1,bioemu,1.0489
egr1,bioemu,2.4698
egr1,bioemu,2.0869
egr1,bioemu,2.9297
egr1,bioemu,1.5572
egr1,bioemu,1.9767
egr1,bioemu,1.7531
egr1,bioemu,12.1865
egr1,bioemu,5.1477
egr1,bioemu,1.7476
egr1,bioemu,10.7568
egr1,bioemu,1.635
egr1,bioemu,1.4893
egr1,bioemu,3.4305
egr1,bioemu,2.429
egr1,bioemu,2.2786
egr1,bioemu,2.1351
egr1,bioemu,1.9204
egr1,bioemu,2.9232
egr1,bioemu,2.4063
egr1,bioemu,11.6866
egr1,bioemu,7.0074
egr1,bioemu,2.4845
egr1,bioemu,1.2405
egr1,bioemu,1.7884
egr1,bioemu,2.5734
egr1,bioemu,2.3302
egr1,bioemu,2.9784
egr1,bioemu,2.0018
egr1,bioemu,3.1129
egr1,bioemu,1.992
egr1,bioemu,1.8331
egr1,bioemu,1.543
egr1,bioemu,2.7882
egr1,bioemu,1.4407
egr1,bioemu,2.9748
egr1,bioemu,1.1818
egr1,bioemu,1.3492
egr1,bioemu,1.4109
egr1,bioemu,12.0721
egr1,bioemu,5.4363
egr1,bioemu,1.1539
egr1,bioemu,10.1527
egr1,bioemu,1.1559
egr1,bioemu,1.2466
egr1,bioemu,2.8124
egr1,bioemu,1.6499
egr1,bioemu,1.5889
egr1,bioemu,1.2286
egr1,bioemu,3.0184
egr1,bioemu,2.088
egr1,bioemu,2.0556
egr1,bioemu,11.1341
egr1,bioemu,6.4452
egr1,bioemu,1.712
egr1,bioemu,0.8494
egr1,bioemu,1.6214
egr1,bioemu,1.926
egr1,bioemu,1.4508
egr1,bioemu,2.4375
egr1,bioemu,1.9473
egr1,bioemu,2.0573
egr1,bioemu,1.6443
egr1,bioemu,1.4873
egr1,bioemu,1.0732
egr1,bioemu,1.9923
egr1,bioemu,1.4455
egr1,bioemu,2.7345
egr1,bioemu,1.0577
egr1,bioemu,1.4591
egr1,bioemu,12.1886
egr1,bioemu,5.5408
egr1,bioemu,0.7238
egr1,bioemu,9.4669
egr1,bioemu,0.5584
egr1,bioemu,0.9213
egr1,bioemu,2.3149
egr1,bioemu,1.5735
egr1,bioemu,1.228
egr1,bioemu,1.2361
egr1,bioemu,3.2299
egr1,bioemu,1.33
egr1,bioemu,1.3239
egr1,bioemu,10.9037
egr1,bioemu,5.7289
egr1,bioemu,0.8847
egr1,bioemu,1.3718
egr1,bioemu,1.0266
egr1,bioemu,1.8042
egr1,bioemu,1.9843
egr1,bioemu,2.2146
egr1,bioemu,1.5728
egr1,bioemu,1.6709
egr1,bioemu,2.0698
egr1,bioemu,1.131
egr1,bioemu,0.9421
egr1,bioemu,1.1002
egr1,bioemu,1.613
egr1,bioemu,1.5363
egr1,bioemu,1.8407
egr1,bioemu,11.753
egr1,bioemu,6.2121
egr1,bioemu,1.3095
egr1,bioemu,10.1438
egr1,bioemu,1.2469
egr1,bioemu,1.6643
egr1,bioemu,3.3485
egr1,bioemu,1.2588
egr1,bioemu,1.0451
egr1,bioemu,1.1021
egr1,bioemu,2.5481
egr1,bioemu,2.2665
egr1,bioemu,2.14
egr1,bioemu,11.7309
egr1,bioemu,6.9018
egr1,bioemu,2.0272
egr1,bioemu,0.8815
egr1,bioemu,1.0424
egr1,bioemu,1.8264
egr1,bioemu,2.5125
egr1,bioemu,3.1725
egr1,bioemu,0.9499
egr1,bioemu,2.0525
egr1,bioemu,1.1383
egr1,bioemu,1.9132
egr1,bioemu,0.7349
egr1,bioemu,2.3555
egr1,bioemu,2.1071
egr1,bioemu,2.3186
egr1,bioemu,1.1458
egr1,bioemu,14.5233
egr1,bioemu,11.9972
egr1,bioemu,15.3596
egr1,bioemu,12.083
egr1,bioemu,12.5317
egr1,bioemu,13.1796
egr1,bioemu,11.27
egr1,bioemu,11.5915
egr1,bioemu,11.5641
egr1,bioemu,12.0785
egr1,bioemu,12.0858
egr1,bioemu,12.5911
egr1,bioemu,15.1667
egr1,bioemu,14.3095
egr1,bioemu,12.5061
egr1,bioemu,11.7922
egr1,bioemu,11.7803
egr1,bioemu,11.4798
egr1,bioemu,12.1041
egr1,bioemu,13.3859
egr1,bioemu,11.8855
egr1,bioemu,11.5523
egr1,bioemu,11.2206
egr1,bioemu,12.1795
egr1,bioemu,12.0716
egr1,bioemu,12.5771
egr1,bioemu,12.6668
egr1,bioemu,12.5158
egr1,bioemu,11.8148
egr1,bioemu,5.6423
egr1,bioemu,10.9271
egr1,bioemu,5.4698
egr1,bioemu,4.9364
egr1,bioemu,4.5506
egr1,bioemu,6.5506
egr1,bioemu,6.4169
egr1,bioemu,6.1892
egr1,bioemu,6.0039
egr1,bioemu,5.7779
egr1,bioemu,5.1813
egr1,bioemu,9.8549
egr1,bioemu,6.1045
egr1,bioemu,5.268
egr1,bioemu,5.741
egr1,bioemu,5.912
egr1,bioemu,6.313
egr1,bioemu,4.9746
egr1,bioemu,4.0219
egr1,bioemu,6.1771
egr1,bioemu,6.4901
egr1,bioemu,6.6377
egr1,bioemu,5.1203
egr1,bioemu,5.7275
egr1,bioemu,5.3346
egr1,bioemu,4.4324
egr1,bioemu,5.8085
egr1,bioemu,5.8942
egr1,bioemu,9.6297
egr1,bioemu,0.6567
egr1,bioemu,1.107
egr1,bioemu,2.4677
egr1,bioemu,1.2609
egr1,bioemu,0.9949
egr1,bioemu,0.9154
egr1,bioemu,3.0322
egr1,bioemu,1.3456
egr1,bioemu,1.639
egr1,bioemu,11.0201
egr1,bioemu,6.0482
egr1,bioemu,1.2589
egr1,bioemu,1.1163
egr1,bioemu,0.844
egr1,bioemu,1.5225
egr1,bioemu,1.7153
egr1,bioemu,2.4498
egr1,bioemu,1.5309
egr1,bioemu,1.5471
egr1,bioemu,1.6464
egr1,bioemu,0.9616
egr1,bioemu,0.9182
egr1,bioemu,1.5636
egr1,bioemu,1.729
egr1,bioemu,1.9125
egr1,bioemu,1.5761
egr1,bioemu,9.7105
egr1,bioemu,9.914
egr1,bioemu,9.0785
egr1,bioemu,9.6275
egr1,bioemu,9.52
egr1,bioemu,9.6498
egr1,bioemu,11.3655
egr1,bioemu,8.8698
egr1,bioemu,9.5179
egr1,bioemu,9.0099
egr1,bioemu,8.4549
egr1,bioemu,9.2482
egr1,bioemu,10.3113
egr1,bioemu,9.7272
egr1,bioemu,9.7729
egr1,bioemu,9.9456
egr1,bioemu,9.5334
egr1,bioemu,10.0211
egr1,bioemu,8.8795
egr1,bioemu,10.3718
egr1,bioemu,9.6702
egr1,bioemu,9.959
egr1,bioemu,9.0038
egr1,bioemu,10.283
egr1,bioemu,8.9605
egr1,bioemu,10.5921
egr1,bioemu,0.7794
egr1,bioemu,2.5323
egr1,bioemu,1.5155
egr1,bioemu,1.2279
egr1,bioemu,1.1663
egr1,bioemu,2.9726
egr1,bioemu,1.5463
egr1,bioemu,1.4442
egr1,bioemu,11.0668
egr1,bioemu,5.9489
egr1,bioemu,1.1981
egr1,bioemu,1.0784
egr1,bioemu,0.8772
egr1,bioemu,1.7397
egr1,bioemu,1.9157
egr1,bioemu,2.3506
egr1,bioemu,1.4414
egr1,bioemu,1.8238
egr1,bioemu,1.8337
egr1,bioemu,1.0853
egr1,bioemu,0.733
egr1,bioemu,1.4181
egr1,bioemu,1.4459
egr1,bioemu,1.7399
egr1,bioemu,1.5252
egr1,bioemu,2.3522
egr1,bioemu,2.1234
egr1,bioemu,1.818
egr1,bioemu,1.7189
egr1,bioemu,2.9002
egr1,bioemu,1.9182
egr1,bioemu,1.3784
egr1,bioemu,10.9734
egr1,bioemu,5.88
egr1,bioemu,1.2279
egr1,bioemu,1.3504
egr1,bioemu,1.3995
egr1,bioemu,2.2147
egr1,bioemu,1.9333
egr1,bioemu,1.913
egr1,bioemu,1.7821
egr1,bioemu,2.3609
egr1,bioemu,2.3127
egr1,bioemu,1.1572
egr1,bioemu,1.0412
egr1,bioemu,1.4645
egr1,bioemu,0.9288
egr1,bioemu,1.9401
egr1,bioemu,1.6875
egr1,bioemu,3.2408
egr1,bioemu,3.0317
egr1,bioemu,2.9516
egr1,bioemu,4.482
egr1,bioemu,1.9279
egr1,bioemu,2.3893
egr1,bioemu,9.9703
egr1,bioemu,4.6128
egr1,bioemu,1.6838
egr1,bioemu,3.1604
egr1,bioemu,2.8404
egr1,bioemu,3.2891
egr1,bioemu,2.4107
egr1,bioemu,1.2241
egr1,bioemu,3.3015
egr1,bioemu,2.7416
egr1,bioemu,3.8411
egr1,bioemu,2.1593
egr1,bioemu,2.8292
egr1,bioemu,1.8437
egr1,bioemu,2.4952
egr1,bioemu,2.542
egr1,bioemu,3.6042
egr1,bioemu,0.6763
egr1,bioemu,0.6349
egr1,bioemu,3.3633
egr1,bioemu,1.6944
egr1,bioemu,2.3625
egr1,bioemu,11.1608
egr1,bioemu,6.5374
egr1,bioemu,2.0287
egr1,bioemu,1.4215
egr1,bioemu,1.251
egr1,bioemu,1.3708
egr1,bioemu,2.1854
egr1,bioemu,3.3675
egr1,bioemu,1.6908
egr1,bioemu,1.1742
egr1,bioemu,1.1611
egr1,bioemu,1.8983
egr1,bioemu,1.441
egr1,bioemu,2.3134
egr1,bioemu,2.6322
egr1,bioemu,2.4714
egr1,bioemu,1.7713
egr1,bioemu,0.6257
egr1,bioemu,3.2219
egr1,bioemu,1.573
egr1,bioemu,2.055
egr1,bioemu,11.1883
egr1,bioemu,6.418
egr1,bioemu,1.7168
egr1,bioemu,1.3458
egr1,bioemu,0.9391
egr1,bioemu,1.4494
egr1,bioemu,2.2705
egr1,bioemu,3.1244
egr1,bioemu,1.3804
egr1,bioemu,1.2026
egr1,bioemu,1.323
egr1,bioemu,1.7061
egr1,bioemu,1.118
egr1,bioemu,2.0087
egr1,bioemu,2.4297
egr1,bioemu,2.0617
egr1,bioemu,1.7433
egr1,bioemu,3.2465
egr1,bioemu,1.5724
egr1,bioemu,2.0867
egr1,bioemu,11.0679
egr1,bioemu,6.3776
egr1,bioemu,1.6863
egr1,bioemu,1.11
egr1,bioemu,1.1088
egr1,bioemu,1.3628
egr1,bioemu,1.8407
egr1,bioemu,2.973
egr1,bioemu,1.5682
egr1,bioemu,1.1761
egr1,bioemu,1.1834
egr1,bioemu,1.5608
egr1,bioemu,1.1034
egr1,bioemu,1.9769
egr1,bioemu,2.2406
egr1,bioemu,2.3371
egr1,bioemu,1.5232
egr1,bioemu,4.0935
egr1,bioemu,3.53
egr1,bioemu,12.4966
egr1,bioemu,8.0736
egr1,bioemu,3.6796
egr1,bioemu,2.4972
egr1,bioemu,2.7286
egr1,bioemu,3.6046
egr1,bioemu,3.8095
egr1,bioemu,4.134
egr1,bioemu,2.4463
egr1,bioemu,4.1855
egr1,bioemu,2.7761
egr1,bioemu,3.0392
egr1,bioemu,2.6504
egr1,bioemu,4.0522
egr1,bioemu,2.8171
egr1,bioemu,3.8005
egr1,bioemu,2.3342
egr1,bioemu,1.867
egr1,bioemu,10.3114
egr1,bioemu,5.1641
egr1,bioemu,1.1972
egr1,bioemu,2.2358
egr1,bioemu,1.6578
egr1,bioemu,1.9054
egr1,bioemu,1.9871
egr1,bioemu,2.3928
egr1,bioemu,2.3127
egr1,bioemu,1.1505
egr1,bioemu,2.573
egr1,bioemu,1.4987
egr1,bioemu,1.9366
egr1,bioemu,1.3395
egr1,bioemu,2.483
egr1,bioemu,1.7858
egr1,bioemu,2.7475
egr1,bioemu,10.8766
egr1,bioemu,5.4819
egr1,bioemu,1.4027
egr1,bioemu,2.0887
egr1,bioemu,1.7169
egr1,bioemu,2.3069
egr1,bioemu,2.4689
egr1,bioemu,2.2386
egr1,bioemu,2.0668
egr1,bioemu,2.3847
egr1,bioemu,2.7961
egr1,bioemu,1.7001
egr1,bioemu,1.7027
egr1,bioemu,1.5589
egr1,bioemu,1.7734
egr1,bioemu,1.5943
egr1,bioemu,2.4977
egr1,bioemu,8.1345
egr1,bioemu,10.4451
egr1,bioemu,11.459
egr1,bioemu,11.2911
egr1,bioemu,11.3951
egr1,bioemu,10.3261
egr1,bioemu,10.0919
egr1,bioemu,11.7721
egr1,bioemu,10.4788
egr1,bioemu,11.904
egr1,bioemu,10.7122
egr1,bioemu,11.3887
egr1,bioemu,10.2931
egr1,bioemu,10.9513
egr1,bioemu,10.9701
egr1,bioemu,11.7539
egr1,bioemu,5.259
egr1,bioemu,6.7721
egr1,bioemu,6.3041
egr1,bioemu,6.3567
egr1,bioemu,5.8421
egr1,bioemu,4.9708
egr1,bioemu,6.7665
egr1,bioemu,5.782
egr1,bioemu,7.3885
egr1,bioemu,5.6864
egr1,bioemu,6.4372
egr1,bioemu,4.9509
egr1,bioemu,6.0302
egr1,bioemu,5.3296
egr1,bioemu,7.229
egr1,bioemu,1.9225
egr1,bioemu,1.6046
egr1,bioemu,2.2355
egr1,bioemu,1.9762
egr1,bioemu,1.6682
egr1,bioemu,2.0596
egr1,bioemu,1.753
egr1,bioemu,2.6473
egr1,bioemu,1.3397
egr1,bioemu,1.4877
egr1,bioemu,0.7343
egr1,bioemu,1.7409
egr1,bioemu,1.602
egr1,bioemu,2.4021
egr1,bioemu,1.1832
egr1,bioemu,1.8535
egr1,bioemu,1.9428
egr1,bioemu,2.8685
egr1,bioemu,1.4469
egr1,bioemu,2.1545
egr1,bioemu,1.1729
egr1,bioemu,1.5689
egr1,bioemu,0.7876
egr1,bioemu,2.2522
egr1,bioemu,1.6307
egr1,bioemu,2.594
egr1,bioemu,0.6731
egr1,bioemu,1.6837
egr1,bioemu,2.3025
egr1,bioemu,2.8674
egr1,bioemu,1.0673
egr1,bioemu,1.7964
egr1,bioemu,1.5376
egr1,bioemu,1.3665
egr1,bioemu,0.911
egr1,bioemu,1.9212
egr1,bioemu,2.0033
egr1,bioemu,1.7055
egr1,bioemu,1.6541
egr1,bioemu,2.216
egr1,bioemu,3.4298
egr1,bioemu,2.0438
egr1,bioemu,1.6902
egr1,bioemu,1.702
egr1,bioemu,1.8962
egr1,bioemu,1.8444
egr1,bioemu,2.4479
egr1,bioemu,2.7281
egr1,bioemu,2.5819
egr1,bioemu,2.1563
egr1,bioemu,2.3328
egr1,bioemu,2.8758
egr1,bioemu,2.158
egr1,bioemu,2.4405
egr1,bioemu,1.5814
egr1,bioemu,2.1659
egr1,bioemu,2.2423
egr1,bioemu,1.9887
egr1,bioemu,3.2058
egr1,bioemu,2.2215
egr1,bioemu,3.2117
egr1,bioemu,3.0872
egr1,bioemu,3.7899
egr1,bioemu,2.1363
egr1,bioemu,2.5741
egr1,bioemu,1.7811
egr1,bioemu,1.825
egr1,bioemu,2.7155
egr1,bioemu,3.2102
egr1,bioemu,2.2944
egr1,bioemu,1.7001
egr1,bioemu,1.8665
egr1,bioemu,1.1136
egr1,bioemu,2.3709
egr1,bioemu,2.2751
egr1,bioemu,1.9654
egr1,bioemu,1.7629
egr1,bioemu,2.1266
egr1,bioemu,1.9983
egr1,bioemu,1.9661
egr1,bioemu,1.89
egr1,bioemu,2.9202
egr1,bioemu,2.3402
egr1,bioemu,2.5879
egr1,bioemu,2.2254
egr1,bioemu,1.5412
egr1,bioemu,2.9671
egr1,bioemu,2.676
egr1,bioemu,3.0892
egr1,bioemu,1.2263
egr1,bioemu,1.462
egr1,bioemu,1.6088
egr1,bioemu,1.5761
egr1,bioemu,2.0939
egr1,bioemu,1.9963
egr1,bioemu,1.8167
egr1,bioemu,1.5642
egr1,bioemu,2.0025
egr1,bioemu,1.1819
egr1,bioemu,1.978
egr1,bioemu,1.6054
egr1,bioemu,2.7116
egr1,bioemu,2.5824
egr1,bioemu,1.822
egr1,bioemu,3.0627
egr1,af3,0.2053
egr1,af3,0.1363
egr1,af3,0.2387
egr1,af3,0.1565
egr1,af3,0.1708
egr1,af3,0.2365
egr1,af3,0.1673
egr1,af3,0.2203
egr1,af3,0.2013
egr1,af3,0.1834
egr1,af3,0.1273
egr1,af3,0.1478
egr1,af3,0.1713
egr1,af3,0.1443
egr1,af3,0.1565
egr1,af3,0.2155
egr1,af3,0.1591
egr1,af3,0.1911
egr1,af3,0.1447
egr1,af3,0.1743
egr1,af3,0.2344
egr1,af3,0.1525
egr1,af3,0.1858
egr1,af3,0.192
egr1,af3,0.1571
egr1,af3,0.2025
egr1,af3,0.1516
egr1,af3,0.1829
egr1,af3,0.2378
egr1,af3,0.1845
egr1,af3,0.1668
egr1,af3,0.1666
egr1,af3,0.1736
egr1,af3,0.2075
egr1,af3,0.2149
egr1,af3,0.1776
egr1,af3,0.1356
egr1,af3,0.1634
egr1,af3,0.1248
egr1,af3,0.2033
egr1,af3,0.2153
egr1,af3,0.1894
egr1,af3,0.1731
egr1,af3,0.1059
egr1,af3,0.1866
engrailed,bioemu,2.2861
engrailed,bioemu,2.2211
engrailed,bioemu,2.9161
engrailed,bioemu,4.0487
engrailed,bioemu,3.576
engrailed,bioemu,3.4565
engrailed,bioemu,2.9179
engrailed,bioemu,4.136
engrailed,bioemu,3.8893
engrailed,bioemu,1.1156
engrailed,bioemu,2.877
engrailed,bioemu,2.069
engrailed,bioemu,5.9887
engrailed,bioemu,1.8532
engrailed,bioemu,2.0958
engrailed,bioemu,2.3513
engrailed,bioemu,1.5793
engrailed,bioemu,2.2619
engrailed,bioemu,1.9992
engrailed,bioemu,2.0267
engrailed,bioemu,2.4903
engrailed,bioemu,1.2424
engrailed,bioemu,3.0695
engrailed,bioemu,3.3415
engrailed,bioemu,1.8692
engrailed,bioemu,2.4346
engrailed,bioemu,2.1916
engrailed,bioemu,1.5484
engrailed,bioemu,3.3634
engrailed,bioemu,1.8618
engrailed,bioemu,2.611
engrailed,bioemu,2.4742
engrailed,bioemu,1.7561
engrailed,bioemu,1.6718
engrailed,bioemu,1.9646
engrailed,bioemu,1.5048
engrailed,bioemu,2.6493
engrailed,bioemu,3.4078
engrailed,bioemu,3.0009
engrailed,bioemu,3.9721
engrailed,bioemu,2.8836
engrailed,bioemu,2.0027
engrailed,bioemu,2.5209
engrailed,bioemu,2.4755
engrailed,bioemu,2.8703
engrailed,bioemu,2.5333
engrailed,bioemu,2.0676
engrailed,bioemu,2.6703
engrailed,bioemu,1.7681
engrailed,bioemu,2.1305
engrailed,bioemu,2.8171
engrailed,bioemu,2.9735
engrailed,bioemu,1.6991
engrailed,bioemu,2.9369
engrailed,bioemu,1.8834
engrailed,bioemu,1.6413
engrailed,bioemu,4.1554
engrailed,bioemu,2.9798
engrailed,bioemu,1.9887
engrailed,bioemu,2.1503
engrailed,bioemu,2.2834
engrailed,bioemu,1.9416
engrailed,bioemu,2.1555
engrailed,bioemu,2.256
engrailed,bioemu,2.7274
engrailed,bioemu,4.4721
engrailed,bioemu,1.8093
engrailed,bioemu,1.9334
engrailed,bioemu,2.4826
engrailed,bioemu,2.322
engrailed,bioemu,2.582
engrailed,bioemu,2.1369
engrailed,bioemu,2.2459
engrailed,bioemu,3.2749
engrailed,bioemu,1.9442
engrailed,bioemu,1.8704
engrailed,bioemu,3.3535
engrailed,bioemu,3.3766
engrailed,bioemu,2.0853
engrailed,bioemu,1.7345
engrailed,bioemu,2.9982
engrailed,bioemu,1.3503
engrailed,bioemu,3.8188
engrailed,bioemu,3.4238
engrailed,bioemu,2.8961
engrailed,bioemu,1.7282
engrailed,bioemu,1.5829
engrailed,bioemu,2.0162
engrailed,bioemu,1.7356
engrailed,bioemu,4.1252
engrailed,bioemu,2.7355
engrailed,bioemu,2.3812
engrailed,bioemu,1.872
engrailed,bioemu,1.6197
engrailed,bioemu,3.847
engrailed,bioemu,2.6869
engrailed,bioemu,3.0381
engrailed,bioemu,2.3082
engrailed,bioemu,4.0639
engrailed,bioemu,3.0022
engrailed,bioemu,3.5182
engrailed,bioemu,4.016
engrailed,bioemu,4.1556
engrailed,bioemu,3.8639
engrailed,bioemu,2.0315
engrailed,bioemu,1.8994
engrailed,bioemu,2.0331
engrailed,bioemu,5.5046
engrailed,bioemu,2.2261
engrailed,bioemu,1.3329
engrailed,bioemu,2.872
engrailed,bioemu,1.9236
engrailed,bioemu,3.2649
engrailed,bioemu,3.0112
engrailed,bioemu,1.5318
engrailed,bioemu,2.837
engrailed,bioemu,2.5535
engrailed,bioemu,3.5131
engrailed,bioemu,3.2226
engrailed,bioemu,2.6349
engrailed,bioemu,2.504
engrailed,bioemu,2.4953
engrailed,bioemu,2.2377
engrailed,bioemu,3.3315
engrailed,bioemu,2.6379
engrailed,bioemu,2.6487
engrailed,bioemu,2.9614
engrailed,bioemu,3.0344
engrailed,bioemu,2.3317
engrailed,bioemu,2.1784
engrailed,bioemu,2.0112
engrailed,bioemu,2.5324
engrailed,bioemu,3.4648
engrailed,bioemu,3.3036
engrailed,bioemu,3.7704
engrailed,bioemu,2.8588
engrailed,bioemu,1.7517
engrailed,bioemu,3.0812
engrailed,bioemu,2.9733
engrailed,bioemu,2.8896
engrailed,bioemu,3.0283
engrailed,bioemu,2.0264
engrailed,bioemu,3.6299
engrailed,bioemu,1.7243
engrailed,bioemu,2.8739
engrailed,bioemu,3.0693
engrailed,bioemu,2.9522
engrailed,bioemu,2.0529
engrailed,bioemu,2.8208
engrailed,bioemu,2.5439
engrailed,bioemu,2.3397
engrailed,bioemu,3.5355
engrailed,bioemu,3.2421
engrailed,bioemu,3.1002
engrailed,bioemu,2.8728
engrailed,bioemu,2.6419
engrailed,bioemu,2.0558
engrailed,bioemu,2.4225
engrailed,bioemu,2.5062
engrailed,bioemu,3.295
engrailed,bioemu,4.6772
engrailed,bioemu,1.7588
engrailed,bioemu,1.6815
engrailed,bioemu,2.1112
engrailed,bioemu,2.2601
engrailed,bioemu,3.1025
engrailed,bioemu,2.842
engrailed,bioemu,2.2137
engrailed,bioemu,2.5117
engrailed,bioemu,2.5669
engrailed,bioemu,2.6114
engrailed,bioemu,2.7874
engrailed,bioemu,3.4315
engrailed,bioemu,2.5897
engrailed,bioemu,2.4667
engrailed,bioemu,3.3315
engrailed,bioemu,2.6453
engrailed,bioemu,4.1619
engrailed,bioemu,3.6538
engrailed,bioemu,2.4144
engrailed,bioemu,1.861
engrailed,bioemu,2.395
engrailed,bioemu,2.4526
engrailed,bioemu,2.2779
engrailed,bioemu,3.3058
engrailed,bioemu,3.0085
engrailed,bioemu,3.2813
engrailed,bioemu,3.312
engrailed,bioemu,2.1943
engrailed,bioemu,3.617
engrailed,bioemu,2.577
engrailed,bioemu,3.0044
engrailed,bioemu,4.1093
engrailed,bioemu,3.5803
engrailed,bioemu,2.9937
engrailed,bioemu,3.5982
engrailed,bioemu,3.0852
engrailed,bioemu,3.9308
engrailed,bioemu,2.3928
engrailed,bioemu,2.841
engrailed,bioemu,2.2475
engrailed,bioemu,6.1678
engrailed,bioemu,2.7083
engrailed,bioemu,2.7515
engrailed,bioemu,2.3999
engrailed,bioemu,2.7845
engrailed,bioemu,1.8132
engrailed,bioemu,1.6871
engrailed,bioemu,2.7299
engrailed,bioemu,2.0836
engrailed,bioemu,1.5826
engrailed,bioemu,4.2253
engrailed,bioemu,3.4181
engrailed,bioemu,1.3154
engrailed,bioemu,1.6676
engrailed,bioemu,2.1023
engrailed,bioemu,2.6988
engrailed,bioemu,2.5884
engrailed,bioemu,1.9663
engrailed,bioemu,2.4299
engrailed,bioemu,1.4808
engrailed,bioemu,2.9551
engrailed,bioemu,2.2127
engrailed,bioemu,2.3374
engrailed,bioemu,2.4047
engrailed,bioemu,3.129
engrailed,bioemu,4.513
engrailed,bioemu,2.2423
engrailed,bioemu,4.1869
engrailed,bioemu,2.2534
engrailed,bioemu,2.3728
engrailed,bioemu,1.524
engrailed,bioemu,3.1945
engrailed,bioemu,1.9245
engrailed,bioemu,1.8525
engrailed,bioemu,1.7312
engrailed,bioemu,3.6026
engrailed,bioemu,2.5367
engrailed,bioemu,1.6565
engrailed,bioemu,2.7515
engrailed,bioemu,3.3571
engrailed,bioemu,2.4319
engrailed,bioemu,2.9715
engrailed,bioemu,1.8356
engrailed,bioemu,1.6229
engrailed,bioemu,4.1163
engrailed,bioemu,2.5492
engrailed,bioemu,1.5982
engrailed,bioemu,1.4445
engrailed,bioemu,2.2958
engrailed,bioemu,1.9657
engrailed,bioemu,1.9465
engrailed,bioemu,2.5589
engrailed,bioemu,2.0263
engrailed,bioemu,4.2855
engrailed,bioemu,2.1453
engrailed,bioemu,2.1219
engrailed,bioemu,2.5676
engrailed,bioemu,2.3249
engrailed,bioemu,1.3669
engrailed,bioemu,3.4478
engrailed,bioemu,2.4225
engrailed,bioemu,3.3396
engrailed,bioemu,1.5907
engrailed,bioemu,2.1156
engrailed,bioemu,3.8174
engrailed,bioemu,2.3853
engrailed,bioemu,2.9517
engrailed,bioemu,2.2215
engrailed,bioemu,2.593
engrailed,bioemu,2.852
engrailed,bioemu,4.3273
engrailed,bioemu,2.6296
engrailed,bioemu,2.9695
engrailed,bioemu,2.752
engrailed,bioemu,1.8937
engrailed,bioemu,2.827
engrailed,bioemu,2.2954
engrailed,bioemu,3.4787
engrailed,bioemu,2.4756
engrailed,bioemu,2.0087
engrailed,bioemu,2.8592
engrailed,bioemu,2.8253
engrailed,bioemu,3.046
engrailed,bioemu,2.1972
engrailed,bioemu,3.5506
engrailed,bioemu,1.6404
engrailed,bioemu,2.9712
engrailed,bioemu,3.706
engrailed,bioemu,3.6074
engrailed,bioemu,3.1028
engrailed,bioemu,2.3977
engrailed,bioemu,2.2631
engrailed,bioemu,1.8402
engrailed,bioemu,5.5677
engrailed,bioemu,2.2824
engrailed,bioemu,1.715
engrailed,bioemu,2.8057
engrailed,bioemu,2.4351
engrailed,bioemu,2.9356
engrailed,bioemu,2.5974
engrailed,bioemu,2.692
engrailed,bioemu,2.263
engrailed,bioemu,2.966
engrailed,bioemu,3.8362
engrailed,bioemu,1.8426
engrailed,bioemu,3.0545
engrailed,bioemu,2.3416
engrailed,bioemu,2.1593
engrailed,bioemu,2.5324
engrailed,bioemu,2.5748
engrailed,bioemu,2.3263
engrailed,bioemu,2.2928
engrailed,bioemu,2.803
engrailed,bioemu,4.1139
engrailed,bioemu,2.2286
engrailed,bioemu,1.7222
engrailed,bioemu,2.8364
engrailed,bioemu,1.9234
engrailed,bioemu,2.947
engrailed,bioemu,2.6385
engrailed,bioemu,5.0588
engrailed,bioemu,2.5041
engrailed,bioemu,2.0186
engrailed,bioemu,3.0493
engrailed,bioemu,2.6525
engrailed,bioemu,2.996
engrailed,bioemu,3.3758
engrailed,bioemu,2.2546
engrailed,bioemu,4.2945
engrailed,bioemu,1.8093
engrailed,bioemu,2.7626
engrailed,bioemu,2.6432
engrailed,bioemu,1.4301
engrailed,bioemu,1.8142
engrailed,bioemu,2.2974
engrailed,bioemu,2.3126
engrailed,bioemu,2.5648
engrailed,bioemu,3.7963
engrailed,bioemu,2.9879
engrailed,bioemu,3.6039
engrailed,bioemu,2.3518
engrailed,bioemu,2.452
engrailed,bioemu,1.8612
engrailed,bioemu,2.2324
engrailed,bioemu,2.0297
engrailed,bioemu,2.2988
engrailed,bioemu,4.3683
engrailed,bioemu,1.8928
engrailed,bioemu,2.0548
engrailed,bioemu,2.1314
engrailed,bioemu,2.8564
engrailed,bioemu,2.9214
engrailed,bioemu,3.4545
engrailed,bioemu,2.429
engrailed,bioemu,2.2881
engrailed,bioemu,2.8651
engrailed,bioemu,2.3043
engrailed,bioemu,3.5731
engrailed,bioemu,2.9091
engrailed,bioemu,2.1061
engrailed,bioemu,2.2047
engrailed,bioemu,3.0176
engrailed,bioemu,2.8921
engrailed,bioemu,3.1635
engrailed,bioemu,3.6137
engrailed,bioemu,1.9583
engrailed,bioemu,2.2616
engrailed,bioemu,2.406
engrailed,bioemu,2.2704
engrailed,bioemu,2.0617
engrailed,bioemu,3.047
engrailed,bioemu,3.089
engrailed,bioemu,3.6109
engrailed,bioemu,3.5993
engrailed,bioemu,2.6469
engrailed,bioemu,3.5667
engrailed,bioemu,2.447
engrailed,bioemu,2.7513
engrailed,bioemu,3.0969
engrailed,bioemu,3.6959
engrailed,bioemu,2.6943
engrailed,bioemu,1.4935
engrailed,bioemu,4.2355
engrailed,bioemu,3.6033
engrailed,bioemu,3.2947
engrailed,bioemu,3.7335
engrailed,bioemu,3.1337
engrailed,bioemu,3.3617
engrailed,bioemu,2.9056
engrailed,bioemu,3.4239
engrailed,bioemu,4.0362
engrailed,bioemu,3.6521
engrailed,bioemu,4.7622
engrailed,bioemu,2.9834
engrailed,bioemu,3.9576
engrailed,bioemu,3.0759
engrailed,bioemu,3.1175
engrailed,bioemu,4.2886
engrailed,bioemu,3.4597
engrailed,bioemu,2.956
engrailed,bioemu,3.6187
engrailed,bioemu,2.4995
engrailed,bioemu,3.6722
engrailed,bioemu,2.973
engrailed,bioemu,3.8706
engrailed,bioemu,4.8718
engrailed,bioemu,4.2113
engrailed,bioemu,3.4098
engrailed,bioemu,4.7963
engrailed,bioemu,3.1478
engrailed,bioemu,3.1871
engrailed,bioemu,3.0009
engrailed,bioemu,6.0326
engrailed,bioemu,3.0569
engrailed,bioemu,3.0796
engrailed,bioemu,3.914
engrailed,bioemu,4.5177
engrailed,bioemu,3.7424
engrailed,bioemu,4.4052
engrailed,bioemu,4.082
engrailed,bioemu,4.341
engrailed,bioemu,3.4873
engrailed,bioemu,4.081
engrailed,bioemu,5.255
engrailed,bioemu,3.0425
engrailed,bioemu,3.6121
engrailed,bioemu,2.8216
engrailed,bioemu,3.8413
engrailed,bioemu,4.2236
engrailed,bioemu,2.7537
engrailed,bioemu,5.2308
engrailed,bioemu,4.6063
engrailed,bioemu,3.974
engrailed,bioemu,4.4287
engrailed,bioemu,3.1436
engrailed,bioemu,2.9984
engrailed,bioemu,3.5337
engrailed,bioemu,3.5686
engrailed,bioemu,2.0618
engrailed,bioemu,3.514
engrailed,bioemu,3.5226
engrailed,bioemu,3.5429
engrailed,bioemu,4.1046
engrailed,bioemu,3.9478
engrailed,bioemu,4.6902
engrailed,bioemu,3.4504
engrailed,bioemu,3.3903
engrailed,bioemu,4.0654
engrailed,bioemu,4.0433
engrailed,bioemu,3.721
engrailed,bioemu,3.7363
engrailed,bioemu,3.4776
engrailed,bioemu,3.4506
engrailed,bioemu,3.1601
engrailed,bioemu,4.3728
engrailed,bioemu,2.5612
engrailed,bioemu,3.6988
engrailed,bioemu,3.0767
engrailed,bioemu,4.203
engrailed,bioemu,4.2257
engrailed,bioemu,3.2504
engrailed,bioemu,3.542
engrailed,bioemu,4.9457
engrailed,bioemu,3.8039
engrailed,bioemu,4.6662
engrailed,bioemu,4.4136
engrailed,bioemu,4.0361
engrailed,bioemu,3.5626
engrailed,bioemu,3.147
engrailed,bioemu,2.6029
engrailed,bioemu,3.7364
engrailed,bioemu,3.0866
engrailed,bioemu,2.3
engrailed,bioemu,3.2562
engrailed,bioemu,2.7609
engrailed,bioemu,2.3914
engrailed,bioemu,4.662
engrailed,bioemu,2.4867
engrailed,bioemu,2.1845
engrailed,bioemu,3.0396
engrailed,bioemu,2.9531
engrailed,bioemu,3.4499
engrailed,bioemu,3.0086
engrailed,bioemu,3.5636
engrailed,bioemu,2.4735
engrailed,bioemu,3.6081
engrailed,bioemu,3.7543
engrailed,bioemu,1.492
engrailed,bioemu,3.6335
engrailed,bioemu,2.5971
engrailed,bioemu,2.3784
engrailed,bioemu,3.1222
engrailed,bioemu,2.3862
engrailed,bioemu,2.7862
engrailed,bioemu,2.4095
engrailed,bioemu,3.1332
engrailed,bioemu,4.8237
engrailed,bioemu,3.1932
engrailed,bioemu,2.4628
engrailed,bioemu,3.8283
engrailed,bioemu,1.9791
engrailed,bioemu,2.7168
engrailed,bioemu,2.5706
engrailed,bioemu,5.5093
engrailed,bioemu,2.4359
engrailed,bioemu,2.3842
engrailed,bioemu,3.5226
engrailed,bioemu,3.3993
engrailed,bioemu,3.3891
engrailed,bioemu,3.9843
engrailed,bioemu,2.8872
engrailed,bioemu,4.6601
engrailed,bioemu,2.5375
engrailed,bioemu,3.2738
engrailed,bioemu,3.6231
engrailed,bioemu,1.5251
engrailed,bioemu,2.5684
engrailed,bioemu,2.291
engrailed,bioemu,2.9989
engrailed,bioemu,3.4175
engrailed,bioemu,3.2584
engrailed,bioemu,4.0074
engrailed,bioemu,4.3004
engrailed,bioemu,3.1167
engrailed,bioemu,3.3798
engrailed,bioemu,2.32
engrailed,bioemu,2.5789
engrailed,bioemu,2.2353
engrailed,bioemu,2.599
engrailed,bioemu,3.567
engrailed,bioemu,2.5685
engrailed,bioemu,2.5452
engrailed,bioemu,2.7406
engrailed,bioemu,3.4875
engrailed,bioemu,3.4006
engrailed,bioemu,4.1997
engrailed,bioemu,2.7661
engrailed,bioemu,2.2566
engrailed,bioemu,3.5506
engrailed,bioemu,3.1102
engrailed,bioemu,3.7287
engrailed,bioemu,2.9469
engrailed,bioemu,2.4677
engrailed,bioemu,2.8356
engrailed,bioemu,2.873
engrailed,bioemu,3.687
engrailed,bioemu,2.6054
engrailed,bioemu,3.4217
engrailed,bioemu,1.7376
engrailed,bioemu,3.1727
engrailed,bioemu,3.2303
engrailed,bioemu,2.6691
engrailed,bioemu,2.7934
engrailed,bioemu,3.7036
engrailed,bioemu,3.3349
engrailed,bioemu,4.1359
engrailed,bioemu,4.2186
engrailed,bioemu,3.4766
engrailed,bioemu,3.6086
engrailed,bioemu,2.6228
engrailed,bioemu,3.048
engrailed,bioemu,2.3396
engrailed,bioemu,2.6795
engrailed,bioemu,3.5068
engrailed,bioemu,3.3433
engrailed,bioemu,2.5337
engrailed,bioemu,5.4829
engrailed,bioemu,2.3258
engrailed,bioemu,2.8334
engrailed,bioemu,2.5096
engrailed,bioemu,3.1042
engrailed,bioemu,2.7678
engrailed,bioemu,2.5209
engrailed,bioemu,4.029
engrailed,bioemu,2.2193
engrailed,bioemu,3.2698
engrailed,bioemu,3.7674
engrailed,bioemu,2.5631
engrailed,bioemu,3.2524
engrailed,bioemu,2.7046
engrailed,bioemu,2.0634
engrailed,bioemu,3.0346
engrailed,bioemu,2.6351
engrailed,bioemu,2.5869
engrailed,bioemu,1.9277
engrailed,bioemu,2.8275
engrailed,bioemu,4.4168
engrailed,bioemu,3.1163
engrailed,bioemu,2.8168
engrailed,bioemu,3.8388
engrailed,bioemu,2.4722
engrailed,bioemu,3.4019
engrailed,bioemu,2.6928
engrailed,bioemu,4.509
engrailed,bioemu,1.8953
engrailed,bioemu,2.7759
engrailed,bioemu,3.4202
engrailed,bioemu,3.6298
engrailed,bioemu,3.5224
engrailed,bioemu,3.3632
engrailed,bioemu,3.2421
engrailed,bioemu,3.7228
engrailed,bioemu,2.8939
engrailed,bioemu,2.8115
engrailed,bioemu,3.9995
engrailed,bioemu,2.7622
engrailed,bioemu,2.9804
engrailed,bioemu,1.9121
engrailed,bioemu,2.7892
engrailed,bioemu,3.4274
engrailed,bioemu,3.6934
engrailed,bioemu,3.721
engrailed,bioemu,3.7118
engrailed,bioemu,2.9242
engrailed,bioemu,2.955
engrailed,bioemu,2.5875
engrailed,bioemu,2.3507
engrailed,bioemu,2.9377
engrailed,bioemu,2.8158
engrailed,bioemu,2.6756
engrailed,bioemu,2.6913
engrailed,bioemu,2.4694
engrailed,bioemu,3.3028
engrailed,bioemu,3.6995
engrailed,bioemu,3.3167
engrailed,bioemu,4.1159
engrailed,bioemu,1.9365
engrailed,bioemu,2.7337
engrailed,bioemu,3.3109
engrailed,bioemu,2.9548
engrailed,bioemu,4.0777
engrailed,bioemu,1.8586
engrailed,bioemu,2.8151
engrailed,bioemu,2.6442
engrailed,bioemu,1.469
engrailed,bioemu,3.7439
engrailed,bioemu,3.2096
engrailed,bioemu,2.0761
engrailed,bioemu,2.9571
engrailed,bioemu,3.7895
engrailed,bioemu,3.37
engrailed,bioemu,2.6511
engrailed,bioemu,2.9964
engrailed,bioemu,4.3555
engrailed,bioemu,1.8084
engrailed,bioemu,2.98
engrailed,bioemu,3.5873
engrailed,bioemu,3.6403
engrailed,bioemu,2.8303
engrailed,bioemu,2.9702
engrailed,bioemu,4.3077
engrailed,bioemu,3.1287
engrailed,bioemu,3.1663
engrailed,bioemu,4.5701
engrailed,bioemu,3.2035
engrailed,bioemu,6.4218
engrailed,bioemu,2.711
engrailed,bioemu,3.4138
engrailed,bioemu,2.5708
engrailed,bioemu,2.8622
engrailed,bioemu,2.713
engrailed,bioemu,2.6826
engrailed,bioemu,4.2617
engrailed,bioemu,2.8832
engrailed,bioemu,3.2951
engrailed,bioemu,2.6726
engrailed,bioemu,2.9873
engrailed,bioemu,3.8858
engrailed,bioemu,3.8241
engrailed,bioemu,2.8562
engrailed,bioemu,2.7769
engrailed,bioemu,4.0472
engrailed,bioemu,2.6118
engrailed,bioemu,2.8705
engrailed,bioemu,3.8914
engrailed,bioemu,3.4731
engrailed,bioemu,3.0954
engrailed,bioemu,3.0913
engrailed,bioemu,3.7277
engrailed,bioemu,2.8343
engrailed,bioemu,2.5706
engrailed,bioemu,3.8724
engrailed,bioemu,5.0514
engrailed,bioemu,3.2259
engrailed,bioemu,3.2329
engrailed,bioemu,4.2146
engrailed,bioemu,2.8311
engrailed,bioemu,4.5879
engrailed,bioemu,3.8551
engrailed,bioemu,3.9716
engrailed,bioemu,2.5548
engrailed,bioemu,3.2182
engrailed,bioemu,2.9773
engrailed,bioemu,3.871
engrailed,bioemu,3.1077
engrailed,bioemu,2.9716
engrailed,bioemu,3.2226
engrailed,bioemu,2.8222
engrailed,bioemu,3.5747
engrailed,bioemu,5.0023
engrailed,bioemu,3.7662
engrailed,bioemu,3.693
engrailed,bioemu,3.1621
engrailed,bioemu,2.9942
engrailed,bioemu,3.1341
engrailed,bioemu,2.9978
engrailed,bioemu,3.5607
engrailed,bioemu,3.1003
engrailed,bioemu,3.5723
engrailed,bioemu,3.0554
engrailed,bioemu,3.2927
engrailed,bioemu,3.6166
engrailed,bioemu,4.4767
engrailed,bioemu,4.0885
engrailed,bioemu,2.9843
engrailed,bioemu,2.8645
engrailed,bioemu,3.9324
engrailed,bioemu,3.9333
engrailed,bioemu,2.8931
engrailed,bioemu,4.6998
engrailed,bioemu,3.7372
engrailed,bioemu,2.4583
engrailed,bioemu,2.6286
engrailed,bioemu,2.5256
engrailed,bioemu,2.651
engrailed,bioemu,2.4755
engrailed,bioemu,3.7885
engrailed,bioemu,3.8732
engrailed,bioemu,3.5207
engrailed,bioemu,3.295
engrailed,bioemu,2.3435
engrailed,bioemu,2.9856
engrailed,bioemu,5.7371
engrailed,bioemu,2.8171
engrailed,bioemu,3.5025
engrailed,bioemu,2.4176
engrailed,bioemu,3.0374
engrailed,bioemu,4.5691
engrailed,bioemu,4.1084
engrailed,bioemu,2.766
engrailed,bioemu,4.2853
engrailed,bioemu,3.4337
engrailed,bioemu,3.2826
engrailed,bioemu,4.7485
engrailed,bioemu,3.4437
engrailed,bioemu,3.6048
engrailed,bioemu,3.1278
engrailed,bioemu,3.9015
engrailed,bioemu,3.5617
engrailed,bioemu,3.207
engrailed,bioemu,4.5495
engrailed,bioemu,2.7567
engrailed,bioemu,3.6079
engrailed,bioemu,4.4959
engrailed,bioemu,3.4427
engrailed,bioemu,3.4656
engrailed,bioemu,2.7569
engrailed,bioemu,2.708
engrailed,bioemu,4.0212
engrailed,bioemu,1.8539
engrailed,bioemu,3.5329
engrailed,bioemu,2.6485
engrailed,bioemu,2.9164
engrailed,bioemu,5.0349
engrailed,bioemu,3.9933
engrailed,bioemu,3.5293
engrailed,bioemu,4.5295
engrailed,bioemu,3.5578
engrailed,bioemu,4.5305
engrailed,bioemu,2.4919
engrailed,bioemu,5.2363
engrailed,bioemu,2.3928
engrailed,bioemu,3.1448
engrailed,bioemu,2.9928
engrailed,bioemu,4.7631
engrailed,bioemu,2.8423
engrailed,bioemu,3.4
engrailed,bioemu,3.5025
engrailed,bioemu,4.8453
engrailed,bioemu,3.6929
engrailed,bioemu,3.3923
engrailed,bioemu,4.8575
engrailed,bioemu,3.5727
engrailed,bioemu,3.7377
engrailed,bioemu,2.6135
engrailed,bioemu,3.5275
engrailed,bioemu,3.824
engrailed,bioemu,3.0867
engrailed,bioemu,4.5594
engrailed,bioemu,3.955
engrailed,bioemu,3.3614
engrailed,bioemu,3.9738
engrailed,bioemu,3.0862
engrailed,bioemu,2.8044
engrailed,bioemu,3.451
engrailed,bioemu,3.0575
engrailed,bioemu,2.3847
engrailed,bioemu,3.458
engrailed,bioemu,3.2927
engrailed,bioemu,3.65
engrailed,bioemu,3.6361
engrailed,bioemu,2.9374
engrailed,bioemu,5.1604
engrailed,bioemu,3.1781
engrailed,bioemu,3.1932
engrailed,bioemu,3.4033
engrailed,bioemu,3.8657
engrailed,bioemu,4.0491
engrailed,bioemu,2.2371
engrailed,bioemu,3.9648
engrailed,bioemu,3.5284
engrailed,bioemu,2.5326
engrailed,bioemu,4.7767
engrailed,bioemu,3.9442
engrailed,bioemu,2.3446
engrailed,bioemu,3.1821
engrailed,bioemu,4.4938
engrailed,bioemu,3.9679
engrailed,bioemu,3.654
engrailed,bioemu,3.7139
engrailed,bioemu,4.1951
engrailed,bioemu,3.0756
engrailed,bioemu,3.7756
engrailed,bioemu,4.5963
engrailed,bioemu,4.4982
engrailed,bioemu,2.4821
engrailed,bioemu,2.5761
engrailed,bioemu,3.9528
engrailed,bioemu,3.5942
engrailed,bioemu,2.9807
engrailed,bioemu,4.343
engrailed,bioemu,2.8367
engrailed,bioemu,3.0312
engrailed,bioemu,2.6409
engrailed,bioemu,3.2178
engrailed,bioemu,3.6736
engrailed,bioemu,3.3165
engrailed,bioemu,4.5528
engrailed,bioemu,2.6078
engrailed,bioemu,3.9063
engrailed,bioemu,2.9761
engrailed,bioemu,2.2951
engrailed,bioemu,4.1937
engrailed,bioemu,3.2842
engrailed,bioemu,2.5585
engrailed,bioemu,3.4499
engrailed,bioemu,2.4698
engrailed,bioemu,3.2972
engrailed,bioemu,2.4859
engrailed,bioemu,3.7484
engrailed,bioemu,4.8394
engrailed,bioemu,3.8451
engrailed,bioemu,3.0571
engrailed,bioemu,4.5696
engrailed,bioemu,2.5492
engrailed,bioemu,2.6583
engrailed,bioemu,3.0455
engrailed,bioemu,5.9461
engrailed,bioemu,2.7038
engrailed,bioemu,2.8182
engrailed,bioemu,4.0035
engrailed,bioemu,3.9491
engrailed,bioemu,3.8136
engrailed,bioemu,4.2707
engrailed,bioemu,3.8967
engrailed,bioemu,4.263
engrailed,bioemu,3.2302
engrailed,bioemu,3.7252
engrailed,bioemu,4.7179
engrailed,bioemu,2.5224
engrailed,bioemu,3.2443
engrailed,bioemu,2.4557
engrailed,bioemu,3.4784
engrailed,bioemu,4.0656
engrailed,bioemu,3.213
engrailed,bioemu,4.7058
engrailed,bioemu,4.537
engrailed,bioemu,3.5709
engrailed,bioemu,3.9355
engrailed,bioemu,2.8798
engrailed,bioemu,2.7412
engrailed,bioemu,3.269
engrailed,bioemu,3.0337
engrailed,bioemu,2.2277
engrailed,bioemu,3.175
engrailed,bioemu,3.2978
engrailed,bioemu,3.3178
engrailed,bioemu,4.2086
engrailed,bioemu,3.8803
engrailed,bioemu,4.4337
engrailed,bioemu,3.1022
engrailed,bioemu,3.0065
engrailed,bioemu,4.0142
engrailed,bioemu,3.6114
engrailed,bioemu,3.9575
engrailed,bioemu,3.3249
engrailed,bioemu,3.0194
engrailed,bioemu,3.111
engrailed,bioemu,2.7257
engrailed,bioemu,4.0798
engrailed,bioemu,1.8712
engrailed,bioemu,3.5657
engrailed,bioemu,2.8389
engrailed,bioemu,3.9427
engrailed,bioemu,3.9259
engrailed,bioemu,2.7217
engrailed,bioemu,3.2135
engrailed,bioemu,4.7756
engrailed,bioemu,3.4383
engrailed,bioemu,4.5042
engrailed,bioemu,4.2002
engrailed,bioemu,3.8144
engrailed,bioemu,3.5889
engrailed,bioemu,3.1637
engrailed,bioemu,2.7773
engrailed,bioemu,1.8634
engrailed,bioemu,6.192
engrailed,bioemu,1.9095
engrailed,bioemu,1.7798
engrailed,bioemu,2.4776
engrailed,bioemu,1.6457
engrailed,bioemu,2.2435
engrailed,bioemu,1.9666
engrailed,bioemu,1.7371
engrailed,bioemu,2.3589
engrailed,bioemu,1.7044
engrailed,bioemu,3.3568
engrailed,bioemu,3.0082
engrailed,bioemu,2.1142
engrailed,bioemu,2.4414
engrailed,bioemu,2.1544
engrailed,bioemu,1.6124
engrailed,bioemu,3.3697
engrailed,bioemu,1.6589
engrailed,bioemu,2.576
engrailed,bioemu,2.4388
engrailed,bioemu,2.2667
engrailed,bioemu,1.2374
engrailed,bioemu,1.6107
engrailed,bioemu,1.4699
engrailed,bioemu,2.468
engrailed,bioemu,3.301
engrailed,bioemu,2.9945
engrailed,bioemu,4.2851
engrailed,bioemu,2.807
engrailed,bioemu,1.8855
engrailed,bioemu,2.7202
engrailed,bioemu,2.1106
engrailed,bioemu,2.9682
engrailed,bioemu,2.841
engrailed,bioemu,1.9032
engrailed,bioemu,3.0807
engrailed,bioemu,1.4553
engrailed,bioemu,2.017
engrailed,bioemu,2.2275
engrailed,bioemu,2.5656
engrailed,bioemu,1.2782
engrailed,bioemu,3.036
engrailed,bioemu,1.6679
engrailed,bioemu,1.5589
engrailed,bioemu,4.3909
engrailed,bioemu,2.6094
engrailed,bioemu,2.2292
engrailed,bioemu,1.9911
engrailed,bioemu,1.9927
engrailed,bioemu,1.7817
engrailed,bioemu,2.156
engrailed,bioemu,2.0227
engrailed,bioemu,2.4852
engrailed,bioemu,4.7897
engrailed,bioemu,1.6361
engrailed,bioemu,1.8443
engrailed,bioemu,2.3774
engrailed,bioemu,2.3183
engrailed,bioemu,2.5688
engrailed,bioemu,2.047
engrailed,bioemu,2.3218
engrailed,bioemu,3.2321
engrailed,bioemu,2.1336
engrailed,bioemu,1.5723
engrailed,bioemu,3.6553
engrailed,bioemu,3.4046
engrailed,bioemu,1.7161
engrailed,bioemu,1.6136
engrailed,bioemu,3.0806
engrailed,bioemu,1.3173
engrailed,bioemu,3.7276
engrailed,bioemu,3.7182
engrailed,bioemu,2.6832
engrailed,bioemu,1.1019
engrailed,bioemu,1.1648
engrailed,bioemu,1.8785
engrailed,bioemu,1.4109
engrailed,bioemu,3.8227
engrailed,bioemu,2.9017
engrailed,bioemu,2.6863
engrailed,bioemu,2.0703
engrailed,bioemu,1.4538
engrailed,bioemu,3.9405
engrailed,bioemu,2.807
engrailed,bioemu,2.113
engrailed,bioemu,4.9272
engrailed,bioemu,2.5354
engrailed,bioemu,1.8826
engrailed,bioemu,3.0656
engrailed,bioemu,2.5898
engrailed,bioemu,3.4913
engrailed,bioemu,3.2295
engrailed,bioemu,2.3075
engrailed,bioemu,2.8223
engrailed,bioemu,2.6025
engrailed,bioemu,4.039
engrailed,bioemu,3.2808
engrailed,bioemu,2.4545
engrailed,bioemu,1.9661
engrailed,bioemu,2.578
engrailed,bioemu,2.8008
engrailed,bioemu,2.4481
engrailed,bioemu,3.0627
engrailed,bioemu,2.641
engrailed,bioemu,2.6122
engrailed,bioemu,3.6905
engrailed,bioemu,2.8262
engrailed,bioemu,2.4262
engrailed,bioemu,2.7104
engrailed,bioemu,2.7646
engrailed,bioemu,3.9752
engrailed,bioemu,2.5758
engrailed,bioemu,4.3848
engrailed,bioemu,2.8447
engrailed,bioemu,2.219
engrailed,bioemu,2.5018
engrailed,bioemu,3.6811
engrailed,bioemu,1.9828
engrailed,bioemu,2.7543
engrailed,bioemu,1.9851
engrailed,bioemu,4.3011
engrailed,bioemu,2.2023
engrailed,bioemu,3.2453
engrailed,bioemu,3.5355
engrailed,bioemu,3.0113
engrailed,bioemu,2.5934
engrailed,bioemu,2.4613
engrailed,bioemu,2.997
engrailed,bioemu,2.5529
engrailed,bioemu,2.8338
engrailed,bioemu,3.5546
engrailed,bioemu,3.2567
engrailed,bioemu,2.8552
engrailed,bioemu,3.0121
engrailed,bioemu,2.2049
engrailed,bioemu,2.4822
engrailed,bioemu,2.5683
engrailed,bioemu,3.1909
engrailed,bioemu,4.3491
engrailed,bioemu,2.2147
engrailed,bioemu,2.0081
engrailed,bioemu,2.0856
engrailed,bioemu,2.0161
engrailed,bioemu,2.6447
engrailed,bioemu,3.9053
engrailed,bioemu,2.4907
engrailed,bioemu,2.1478
engrailed,bioemu,2.2257
engrailed,bioemu,3.0495
engrailed,bioemu,2.536
engrailed,bioemu,3.0442
engrailed,bioemu,3.1399
engrailed,bioemu,2.805
engrailed,bioemu,3.5423
engrailed,bioemu,3.4309
engrailed,bioemu,4.4
engrailed,bioemu,3.2911
engrailed,bioemu,2.2314
engrailed,bioemu,2.5837
engrailed,bioemu,2.824
engrailed,bioemu,3.0226
engrailed,bioemu,2.5985
engrailed,bioemu,2.5122
engrailed,bioemu,3.2605
engrailed,bioemu,3.4094
engrailed,bioemu,3.9758
engrailed,bioemu,2.9349
engrailed,bioemu,2.812
engrailed,bioemu,1.7186
engrailed,bioemu,5.4504
engrailed,bioemu,1.5326
engrailed,bioemu,1.2833
engrailed,bioemu,1.8368
engrailed,bioemu,1.7649
engrailed,bioemu,2.2305
engrailed,bioemu,1.7839
engrailed,bioemu,2.4547
engrailed,bioemu,1.317
engrailed,bioemu,2.068
engrailed,bioemu,3.1515
engrailed,bioemu,2.2686
engrailed,bioemu,2.2087
engrailed,bioemu,1.8351
engrailed,bioemu,1.1326
engrailed,bioemu,1.7087
engrailed,bioemu,2.3966
engrailed,bioemu,1.5361
engrailed,bioemu,1.3327
engrailed,bioemu,2.0288
engrailed,bioemu,3.1578
engrailed,bioemu,1.6377
engrailed,bioemu,1.146
engrailed,bioemu,2.2674
engrailed,bioemu,1.7148
engrailed,bioemu,2.9339
engrailed,bioemu,2.238
engrailed,bioemu,4.5575
engrailed,bioemu,1.9935
engrailed,bioemu,1.5256
engrailed,bioemu,2.5308
engrailed,bioemu,2.5108
engrailed,bioemu,2.5198
engrailed,bioemu,2.8113
engrailed,bioemu,1.9051
engrailed,bioemu,3.3322
engrailed,bioemu,1.3234
engrailed,bioemu,2.1561
engrailed,bioemu,2.7428
engrailed,bioemu,2.0438
engrailed,bioemu,1.4242
engrailed,bioemu,2.0525
engrailed,bioemu,1.6922
engrailed,bioemu,1.8373
engrailed,bioemu,3.5423
engrailed,bioemu,2.7198
engrailed,bioemu,2.6637
engrailed,bioemu,1.8139
engrailed,bioemu,2.0211
engrailed,bioemu,0.988
engrailed,bioemu,1.2495
engrailed,bioemu,1.8149
engrailed,bioemu,2.1784
engrailed,bioemu,3.8877
engrailed,bioemu,1.1255
engrailed,bioemu,1.1251
engrailed,bioemu,1.9703
engrailed,bioemu,2.3544
engrailed,bioemu,2.3173
engrailed,bioemu,2.8286
engrailed,bioemu,1.5254
engrailed,bioemu,2.425
engrailed,bioemu,2.0439
engrailed,bioemu,1.5044
engrailed,bioemu,3.3403
engrailed,bioemu,2.4732
engrailed,bioemu,1.7709
engrailed,bioemu,1.3863
engrailed,bioemu,2.3709
engrailed,bioemu,2.2346
engrailed,bioemu,3.1831
engrailed,bioemu,2.9795
engrailed,bioemu,2.1503
engrailed,bioemu,1.9458
engrailed,bioemu,1.7603
engrailed,bioemu,1.6294
engrailed,bioemu,1.1811
engrailed,bioemu,3.2901
engrailed,bioemu,2.2149
engrailed,bioemu,2.6411
engrailed,bioemu,2.5978
engrailed,bioemu,1.9504
engrailed,bioemu,3.1293
engrailed,bioemu,2.1392
engrailed,bioemu,5.3227
engrailed,bioemu,5.1665
engrailed,bioemu,5.5712
engrailed,bioemu,5.5625
engrailed,bioemu,6.5616
engrailed,bioemu,6.075
engrailed,bioemu,6.0456
engrailed,bioemu,5.5992
engrailed,bioemu,5.9255
engrailed,bioemu,5.5023
engrailed,bioemu,5.4999
engrailed,bioemu,5.9511
engrailed,bioemu,5.2912
engrailed,bioemu,5.4434
engrailed,bioemu,5.7771
engrailed,bioemu,4.6771
engrailed,bioemu,6.0986
engrailed,bioemu,5.3496
engrailed,bioemu,5.6212
engrailed,bioemu,6.8111
engrailed,bioemu,6.4018
engrailed,bioemu,5.6817
engrailed,bioemu,6.4782
engrailed,bioemu,5.4739
engrailed,bioemu,5.4608
engrailed,bioemu,4.969
engrailed,bioemu,7.0206
engrailed,bioemu,5.3359
engrailed,bioemu,5.1858
engrailed,bioemu,5.5659
engrailed,bioemu,6.8676
engrailed,bioemu,5.1329
engrailed,bioemu,6.3331
engrailed,bioemu,5.6249
engrailed,bioemu,6.7419
engrailed,bioemu,5.5028
engrailed,bioemu,6.2572
engrailed,bioemu,7.3348
engrailed,bioemu,5.3427
engrailed,bioemu,5.779
engrailed,bioemu,5.1014
engrailed,bioemu,6.2976
engrailed,bioemu,6.1446
engrailed,bioemu,3.1334
engrailed,bioemu,7.5942
engrailed,bioemu,6.5703
engrailed,bioemu,6.2449
engrailed,bioemu,6.7477
engrailed,bioemu,5.3987
engrailed,bioemu,5.4793
engrailed,bioemu,5.0559
engrailed,bioemu,5.8653
engrailed,bioemu,4.4643
engrailed,bioemu,5.7468
engrailed,bioemu,5.4523
engrailed,bioemu,5.4954
engrailed,bioemu,5.4604
engrailed,bioemu,5.7205
engrailed,bioemu,6.9827
engrailed,bioemu,5.6482
engrailed,bioemu,4.8198
engrailed,bioemu,5.7078
engrailed,bioemu,6.4048
engrailed,bioemu,4.5528
engrailed,bioemu,5.5911
engrailed,bioemu,5.8606
engrailed,bioemu,5.9681
engrailed,bioemu,5.7
engrailed,bioemu,6.5876
engrailed,bioemu,5.2863
engrailed,bioemu,5.3203
engrailed,bioemu,4.5531
engrailed,bioemu,6.0157
engrailed,bioemu,6.2674
engrailed,bioemu,5.7273
engrailed,bioemu,5.8087
engrailed,bioemu,5.7384
engrailed,bioemu,6.107
engrailed,bioemu,6.5407
engrailed,bioemu,6.9256
engrailed,bioemu,6.2453
engrailed,bioemu,5.1769
engrailed,bioemu,4.8763
engrailed,bioemu,1.5374
engrailed,bioemu,1.956
engrailed,bioemu,1.2237
engrailed,bioemu,2.4904
engrailed,bioemu,2.1347
engrailed,bioemu,2.7637
engrailed,bioemu,1.9791
engrailed,bioemu,2.1566
engrailed,bioemu,2.6202
engrailed,bioemu,2.4237
engrailed,bioemu,2.5117
engrailed,bioemu,2.2887
engrailed,bioemu,1.6137
engrailed,bioemu,1.2777
engrailed,bioemu,2.7305
engrailed,bioemu,1.7284
engrailed,bioemu,1.846
engrailed,bioemu,2.5976
engrailed,bioemu,2.9501
engrailed,bioemu,2.0012
engrailed,bioemu,1.5128
engrailed,bioemu,2.4921
engrailed,bioemu,1.6505
engrailed,bioemu,2.5507
engrailed,bioemu,2.5297
engrailed,bioemu,4.2895
engrailed,bioemu,2.1334
engrailed,bioemu,1.7597
engrailed,bioemu,2.9516
engrailed,bioemu,2.6223
engrailed,bioemu,3.1156
engrailed,bioemu,3.0055
engrailed,bioemu,2.3991
engrailed,bioemu,2.8302
engrailed,bioemu,1.3363
engrailed,bioemu,2.3323
engrailed,bioemu,3.2006
engrailed,bioemu,2.1063
engrailed,bioemu,1.522
engrailed,bioemu,1.8935
engrailed,bioemu,1.9493
engrailed,bioemu,2.3634
engrailed,bioemu,3.5119
engrailed,bioemu,3.2488
engrailed,bioemu,2.9312
engrailed,bioemu,2.3802
engrailed,bioemu,2.3086
engrailed,bioemu,1.5561
engrailed,bioemu,1.7666
engrailed,bioemu,2.059
engrailed,bioemu,2.6472
engrailed,bioemu,3.5604
engrailed,bioemu,1.5555
engrailed,bioemu,1.4764
engrailed,bioemu,2.4307
engrailed,bioemu,2.7703
engrailed,bioemu,3.0076
engrailed,bioemu,2.6533
engrailed,bioemu,1.548
engrailed,bioemu,2.5534
engrailed,bioemu,2.4788
engrailed,bioemu,1.991
engrailed,bioemu,3.2932
engrailed,bioemu,2.8228
engrailed,bioemu,1.4365
engrailed,bioemu,1.3834
engrailed,bioemu,2.2604
engrailed,bioemu,2.115
engrailed,bioemu,2.8801
engrailed,bioemu,3.0393
engrailed,bioemu,2.3773
engrailed,bioemu,2.1914
engrailed,bioemu,2.2078
engrailed,bioemu,1.4567
engrailed,bioemu,1.5819
engrailed,bioemu,4.0026
engrailed,bioemu,2.1802
engrailed,bioemu,2.7373
engrailed,bioemu,2.3863
engrailed,bioemu,1.926
engrailed,bioemu,3.2801
engrailed,bioemu,2.6087
engrailed,bioemu,2.2357
engrailed,bioemu,1.597
engrailed,bioemu,2.7598
engrailed,bioemu,2.3557
engrailed,bioemu,2.0425
engrailed,bioemu,2.0396
engrailed,bioemu,2.3457
engrailed,bioemu,3.0849
engrailed,bioemu,2.3555
engrailed,bioemu,2.5171
engrailed,bioemu,2.0841
engrailed,bioemu,1.7143
engrailed,bioemu,1.7323
engrailed,bioemu,2.6557
engrailed,bioemu,2.0095
engrailed,bioemu,1.9394
engrailed,bioemu,2.5168
engrailed,bioemu,3.1612
engrailed,bioemu,2.0271
engrailed,bioemu,1.4629
engrailed,bioemu,2.2676
engrailed,bioemu,1.7939
engrailed,bioemu,2.7571
engrailed,bioemu,2.6704
engrailed,bioemu,4.3423
engrailed,bioemu,2.1981
engrailed,bioemu,1.3015
engrailed,bioemu,2.8978
engrailed,bioemu,2.577
engrailed,bioemu,2.7558
engrailed,bioemu,3.0621
engrailed,bioemu,1.9289
engrailed,bioemu,3.5109
engrailed,bioemu,1.1108
engrailed,bioemu,2.4845
engrailed,bioemu,2.8893
engrailed,bioemu,2.0314
engrailed,bioemu,1.4205
engrailed,bioemu,2.2265
engrailed,bioemu,2.0712
engrailed,bioemu,2.1628
engrailed,bioemu,3.3384
engrailed,bioemu,3.124
engrailed,bioemu,3.0228
engrailed,bioemu,2.4268
engrailed,bioemu,2.3994
engrailed,bioemu,1.3249
engrailed,bioemu,1.7444
engrailed,bioemu,1.818
engrailed,bioemu,2.6141
engrailed,bioemu,4.067
engrailed,bioemu,1.2247
engrailed,bioemu,1.2903
engrailed,bioemu,1.9107
engrailed,bioemu,2.3809
engrailed,bioemu,2.7708
engrailed,bioemu,2.8241
engrailed,bioemu,1.7912
engrailed,bioemu,2.2476
engrailed,bioemu,2.4628
engrailed,bioemu,2.0859
engrailed,bioemu,3.0662
engrailed,bioemu,2.9427
engrailed,bioemu,1.8098
engrailed,bioemu,1.844
engrailed,bioemu,2.7009
engrailed,bioemu,2.3483
engrailed,bioemu,3.2407
engrailed,bioemu,3.2667
engrailed,bioemu,1.852
engrailed,bioemu,1.7501
engrailed,bioemu,2.0655
engrailed,bioemu,1.7983
engrailed,bioemu,1.6373
engrailed,bioemu,3.3018
engrailed,bioemu,2.6345
engrailed,bioemu,3.1095
engrailed,bioemu,2.9809
engrailed,bioemu,1.9605
engrailed,bioemu,3.3734
engrailed,bioemu,2.2214
engrailed,bioemu,2.0059
engrailed,bioemu,1.9548
engrailed,bioemu,1.8596
engrailed,bioemu,3.2922
engrailed,bioemu,1.5188
engrailed,bioemu,2.2377
engrailed,bioemu,2.8827
engrailed,bioemu,2.7477
engrailed,bioemu,2.64
engrailed,bioemu,2.3431
engrailed,bioemu,1.5196
engrailed,bioemu,1.9142
engrailed,bioemu,2.4776
engrailed,bioemu,1.7767
engrailed,bioemu,1.8353
engrailed,bioemu,2.529
engrailed,bioemu,3.0357
engrailed,bioemu,2.2876
engrailed,bioemu,1.826
engrailed,bioemu,3.0815
engrailed,bioemu,2.3844
engrailed,bioemu,3.1331
engrailed,bioemu,2.4617
engrailed,bioemu,4.8132
engrailed,bioemu,1.8488
engrailed,bioemu,1.9114
engrailed,bioemu,2.8306
engrailed,bioemu,2.8917
engrailed,bioemu,2.9544
engrailed,bioemu,3.0246
engrailed,bioemu,2.7161
engrailed,bioemu,2.9162
engrailed,bioemu,2.1176
engrailed,bioemu,2.231
engrailed,bioemu,3.3629
engrailed,bioemu,2.6588
engrailed,bioemu,1.9727
engrailed,bioemu,2.5081
engrailed,bioemu,1.9025
engrailed,bioemu,2.3407
engrailed,bioemu,3.9308
engrailed,bioemu,3.1475
engrailed,bioemu,2.5717
engrailed,bioemu,2.0692
engrailed,bioemu,2.4734
engrailed,bioemu,1.6943
engrailed,bioemu,1.2633
engrailed,bioemu,2.6981
engrailed,bioemu,2.3582
engrailed,bioemu,3.3452
engrailed,bioemu,1.9406
engrailed,bioemu,2.0546
engrailed,bioemu,2.6928
engrailed,bioemu,3.0938
engrailed,bioemu,2.6167
engrailed,bioemu,3.0529
engrailed,bioemu,2.0387
engrailed,bioemu,3.2982
engrailed,bioemu,2.679
engrailed,bioemu,2.0815
engrailed,bioemu,3.8083
engrailed,bioemu,2.834
engrailed,bioemu,2.0441
engrailed,bioemu,1.5244
engrailed,bioemu,1.9411
engrailed,bioemu,2.5747
engrailed,bioemu,2.8276
engrailed,bioemu,3.1323
engrailed,bioemu,2.9234
engrailed,bioemu,2.5675
engrailed,bioemu,2.3413
engrailed,bioemu,1.6267
engrailed,bioemu,1.7635
engrailed,bioemu,4.1751
engrailed,bioemu,2.2814
engrailed,bioemu,3.0221
engrailed,bioemu,2.4787
engrailed,bioemu,2.0938
engrailed,bioemu,3.1604
engrailed,bioemu,2.6427
engrailed,bioemu,2.6585
engrailed,bioemu,2.3546
engrailed,bioemu,2.4881
engrailed,bioemu,2.2817
engrailed,bioemu,2.0062
engrailed,bioemu,2.5015
engrailed,bioemu,2.8862
engrailed,bioemu,2.5485
engrailed,bioemu,2.5642
engrailed,bioemu,1.99
engrailed,bioemu,1.0865
engrailed,bioemu,3.0469
engrailed,bioemu,1.9905
engrailed,bioemu,2.2181
engrailed,bioemu,2.9073
engrailed,bioemu,2.411
engrailed,bioemu,1.9209
engrailed,bioemu,1.5864
engrailed,bioemu,2.1706
engrailed,bioemu,2.064
engrailed,bioemu,2.7163
engrailed,bioemu,2.949
engrailed,bioemu,4.1989
engrailed,bioemu,2.4876
engrailed,bioemu,1.6042
engrailed,bioemu,2.9984
engrailed,bioemu,2.4932
engrailed,bioemu,3.0819
engrailed,bioemu,2.9597
engrailed,bioemu,2.4033
engrailed,bioemu,2.7175
engrailed,bioemu,1.2852
engrailed,bioemu,2.3444
engrailed,bioemu,3.1482
engrailed,bioemu,2.4336
engrailed,bioemu,1.5142
engrailed,bioemu,2.307
engrailed,bioemu,1.9133
engrailed,bioemu,2.1622
engrailed,bioemu,3.6894
engrailed,bioemu,3.1835
engrailed,bioemu,2.7147
engrailed,bioemu,2.4421
engrailed,bioemu,2.3485
engrailed,bioemu,1.6209
engrailed,bioemu,1.9181
engrailed,bioemu,2.3741
engrailed,bioemu,2.885
engrailed,bioemu,3.9972
engrailed,bioemu,1.5049
engrailed,bioemu,1.7027
engrailed,bioemu,2.3031
engrailed,bioemu,2.6782
engrailed,bioemu,3.0673
engrailed,bioemu,2.2056
engrailed,bioemu,1.9294
engrailed,bioemu,2.8672
engrailed,bioemu,2.4805
engrailed,bioemu,2.048
engrailed,bioemu,3.1054
engrailed,bioemu,3.3437
engrailed,bioemu,1.6308
engrailed,bioemu,1.4799
engrailed,bioemu,2.7127
engrailed,bioemu,1.7138
engrailed,bioemu,3.1751
engrailed,bioemu,3.543
engrailed,bioemu,2.6757
engrailed,bioemu,1.7448
engrailed,bioemu,2.1093
engrailed,bioemu,1.5234
engrailed,bioemu,1.5382
engrailed,bioemu,4.0829
engrailed,bioemu,2.5601
engrailed,bioemu,2.9872
engrailed,bioemu,2.2081
engrailed,bioemu,1.3918
engrailed,bioemu,3.6248
engrailed,bioemu,2.7356
engrailed,bioemu,1.1352
engrailed,bioemu,3.098
engrailed,bioemu,1.686
engrailed,bioemu,2.0723
engrailed,bioemu,3.8461
engrailed,bioemu,2.9689
engrailed,bioemu,2.2406
engrailed,bioemu,2.3588
engrailed,bioemu,1.9136
engrailed,bioemu,2.4084
engrailed,bioemu,3.099
engrailed,bioemu,1.3083
engrailed,bioemu,2.32
engrailed,bioemu,2.0464
engrailed,bioemu,2.9901
engrailed,bioemu,1.8591
engrailed,bioemu,1.9997
engrailed,bioemu,2.7029
engrailed,bioemu,2.8402
engrailed,bioemu,3.8554
engrailed,bioemu,2.488
engrailed,bioemu,4.6789
engrailed,bioemu,2.1564
engrailed,bioemu,2.4775
engrailed,bioemu,2.6036
engrailed,bioemu,2.749
engrailed,bioemu,3.0348
engrailed,bioemu,2.7505
engrailed,bioemu,2.4053
engrailed,bioemu,3.2217
engrailed,bioemu,2.3795
engrailed,bioemu,1.3986
engrailed,bioemu,2.4616
engrailed,bioemu,2.9369
engrailed,bioemu,2.0387
engrailed,bioemu,3.1569
engrailed,bioemu,1.3599
engrailed,bioemu,1.7763
engrailed,bioemu,4.8234
engrailed,bioemu,2.2009
engrailed,bioemu,2.0438
engrailed,bioemu,1.3427
engrailed,bioemu,1.994
engrailed,bioemu,2.103
engrailed,bioemu,1.8198
engrailed,bioemu,2.6485
engrailed,bioemu,1.8815
engrailed,bioemu,4.2392
engrailed,bioemu,2.2409
engrailed,bioemu,2.3705
engrailed,bioemu,2.9628
engrailed,bioemu,3.0436
engrailed,bioemu,2.1444
engrailed,bioemu,2.8776
engrailed,bioemu,2.4525
engrailed,bioemu,3.748
engrailed,bioemu,2.4948
engrailed,bioemu,1.514
engrailed,bioemu,4.5522
engrailed,bioemu,2.6042
engrailed,bioemu,2.1843
engrailed,bioemu,1.6492
engrailed,bioemu,2.1343
engrailed,bioemu,2.3823
engrailed,bioemu,3.5602
engrailed,bioemu,3.1158
engrailed,bioemu,3.236
engrailed,bioemu,2.592
engrailed,bioemu,1.7123
engrailed,bioemu,2.0919
engrailed,bioemu,1.82
engrailed,bioemu,4.1223
engrailed,bioemu,2.42
engrailed,bioemu,2.3967
engrailed,bioemu,2.2965
engrailed,bioemu,2.3615
engrailed,bioemu,3.5096
engrailed,bioemu,2.96
engrailed,bioemu,2.887
engrailed,bioemu,1.3747
engrailed,bioemu,1.9229
engrailed,bioemu,3.6158
engrailed,bioemu,2.5535
engrailed,bioemu,2.0924
engrailed,bioemu,2.1689
engrailed,bioemu,1.471
engrailed,bioemu,2.1477
engrailed,bioemu,2.7759
engrailed,bioemu,1.0865
engrailed,bioemu,1.877
engrailed,bioemu,1.7255
engrailed,bioemu,3.0845
engrailed,bioemu,1.5701
engrailed,bioemu,1.6433
engrailed,bioemu,2.4584
engrailed,bioemu,2.5093
engrailed,bioemu,3.4875
engrailed,bioemu,2.2583
engrailed,bioemu,4.6175
engrailed,bioemu,1.8828
engrailed,bioemu,2.0394
engrailed,bioemu,2.4203
engrailed,bioemu,2.5151
engrailed,bioemu,2.8137
engrailed,bioemu,2.7344
engrailed,bioemu,2.1132
engrailed,bioemu,3.28
engrailed,bioemu,1.978
engrailed,bioemu,1.3141
engrailed,bioemu,2.6042
engrailed,bioemu,2.4446
engrailed,bioemu,1.6557
engrailed,bioemu,2.6993
engrailed,bioemu,1.1865
engrailed,bioemu,1.663
engrailed,bioemu,4.3069
engrailed,bioemu,2.4576
engrailed,bioemu,2.142
engrailed,bioemu,1.3309
engrailed,bioemu,2.0476
engrailed,bioemu,1.6163
engrailed,bioemu,1.4704
engrailed,bioemu,2.0332
engrailed,bioemu,1.6482
engrailed,bioemu,3.9765
engrailed,bioemu,1.8618
engrailed,bioemu,1.9746
engrailed,bioemu,2.6717
engrailed,bioemu,2.7687
engrailed,bioemu,1.9788
engrailed,bioemu,2.827
engrailed,bioemu,2.1079
engrailed,bioemu,3.3036
engrailed,bioemu,2.1759
engrailed,bioemu,1.2783
engrailed,bioemu,4.1564
engrailed,bioemu,2.3416
engrailed,bioemu,1.9688
engrailed,bioemu,1.4138
engrailed,bioemu,1.9339
engrailed,bioemu,2.2105
engrailed,bioemu,3.2333
engrailed,bioemu,2.8575
engrailed,bioemu,2.7289
engrailed,bioemu,2.3755
engrailed,bioemu,1.536
engrailed,bioemu,1.8582
engrailed,bioemu,1.567
engrailed,bioemu,3.9548
engrailed,bioemu,2.188
engrailed,bioemu,2.2157
engrailed,bioemu,2.2385
engrailed,bioemu,2.3669
engrailed,bioemu,3.4694
engrailed,bioemu,2.6476
engrailed,bioemu,3.1743
engrailed,bioemu,2.2731
engrailed,bioemu,4.1959
engrailed,bioemu,3.641
engrailed,bioemu,2.1977
engrailed,bioemu,2.5287
engrailed,bioemu,2.9021
engrailed,bioemu,2.64
engrailed,bioemu,3.7027
engrailed,bioemu,2.7035
engrailed,bioemu,3.1872
engrailed,bioemu,2.683
engrailed,bioemu,2.7855
engrailed,bioemu,2.1805
engrailed,bioemu,2.4914
engrailed,bioemu,1.4326
engrailed,bioemu,3.1381
engrailed,bioemu,4.1483
engrailed,bioemu,3.3748
engrailed,bioemu,3.7468
engrailed,bioemu,3.3052
engrailed,bioemu,2.292
engrailed,bioemu,2.7885
engrailed,bioemu,3.0004
engrailed,bioemu,2.7442
engrailed,bioemu,2.8071
engrailed,bioemu,1.6131
engrailed,bioemu,3.951
engrailed,bioemu,2.1615
engrailed,bioemu,2.7562
engrailed,bioemu,2.6437
engrailed,bioemu,3.3507
engrailed,bioemu,2.2417
engrailed,bioemu,3.498
engrailed,bioemu,2.5702
engrailed,bioemu,1.9542
engrailed,bioemu,4.1501
engrailed,bioemu,2.9838
engrailed,bioemu,2.6506
engrailed,bioemu,2.6739
engrailed,bioemu,2.6706
engrailed,bioemu,2.415
engrailed,bioemu,2.8254
engrailed,bioemu,2.3965
engrailed,bioemu,3.161
engrailed,bioemu,5.3459
engrailed,bioemu,2.234
engrailed,bioemu,2.1545
engrailed,bioemu,2.436
engrailed,bioemu,1.9795
engrailed,bioemu,2.7312
engrailed,bioemu,2.9556
engrailed,bioemu,2.7872
engrailed,bioemu,3.0319
engrailed,bioemu,2.2007
engrailed,bioemu,2.5786
engrailed,bioemu,3.2279
engrailed,bioemu,3.5698
engrailed,bioemu,2.9079
engrailed,bioemu,2.729
engrailed,bioemu,3.7419
engrailed,bioemu,2.5018
engrailed,bioemu,4.7502
engrailed,bioemu,3.7599
engrailed,bioemu,2.6657
engrailed,bioemu,1.7733
engrailed,bioemu,2.0146
engrailed,bioemu,2.918
engrailed,bioemu,2.4341
engrailed,bioemu,3.3183
engrailed,bioemu,3.3892
engrailed,bioemu,2.978
engrailed,bioemu,3.265
engrailed,bioemu,2.4374
engrailed,bioemu,3.9924
engrailed,bioemu,2.6889
engrailed,bioemu,2.3579
engrailed,bioemu,3.2873
engrailed,bioemu,2.1428
engrailed,bioemu,2.5036
engrailed,bioemu,1.9457
engrailed,bioemu,0.9757
engrailed,bioemu,2.2414
engrailed,bioemu,2.1519
engrailed,bioemu,1.3401
engrailed,bioemu,1.2968
engrailed,bioemu,2.0151
engrailed,bioemu,3.5055
engrailed,bioemu,2.0534
engrailed,bioemu,1.5113
engrailed,bioemu,2.9754
engrailed,bioemu,1.9521
engrailed,bioemu,3.1549
engrailed,bioemu,2.0774
engrailed,bioemu,5.019
engrailed,bioemu,1.5245
engrailed,bioemu,1.7236
engrailed,bioemu,2.6373
engrailed,bioemu,2.8384
engrailed,bioemu,2.7149
engrailed,bioemu,2.9519
engrailed,bioemu,2.3582
engrailed,bioemu,3.465
engrailed,bioemu,1.9161
engrailed,bioemu,1.8665
engrailed,bioemu,2.9134
engrailed,bioemu,2.0845
engrailed,bioemu,1.7645
engrailed,bioemu,2.2959
engrailed,bioemu,1.5286
engrailed,bioemu,2.1508
engrailed,bioemu,3.8849
engrailed,bioemu,2.7854
engrailed,bioemu,2.736
engrailed,bioemu,1.6529
engrailed,bioemu,2.2323
engrailed,bioemu,1.2871
engrailed,bioemu,1.0015
engrailed,bioemu,2.1756
engrailed,bioemu,1.7602
engrailed,bioemu,3.4416
engrailed,bioemu,1.709
engrailed,bioemu,1.824
engrailed,bioemu,2.4759
engrailed,bioemu,2.9041
engrailed,bioemu,2.2026
engrailed,bioemu,3.1505
engrailed,bioemu,1.9273
engrailed,bioemu,2.994
engrailed,bioemu,2.5055
engrailed,bioemu,1.5629
engrailed,bioemu,4.0267
engrailed,bioemu,2.2333
engrailed,bioemu,1.8643
engrailed,bioemu,1.4632
engrailed,bioemu,1.7687
engrailed,bioemu,2.6637
engrailed,bioemu,2.7825
engrailed,bioemu,2.8765
engrailed,bioemu,2.4868
engrailed,bioemu,2.5408
engrailed,bioemu,1.9686
engrailed,bioemu,1.6711
engrailed,bioemu,1.5126
engrailed,bioemu,3.7153
engrailed,bioemu,2.225
engrailed,bioemu,2.8397
engrailed,bioemu,2.7046
engrailed,bioemu,2.4163
engrailed,bioemu,3.0406
engrailed,bioemu,2.3475
engrailed,bioemu,3.5792
engrailed,bioemu,3.5078
engrailed,bioemu,1.2195
engrailed,bioemu,1.9067
engrailed,bioemu,2.0713
engrailed,bioemu,1.8999
engrailed,bioemu,2.8068
engrailed,bioemu,1.9881
engrailed,bioemu,2.4526
engrailed,bioemu,1.9167
engrailed,bioemu,2.049
engrailed,bioemu,1.8594
engrailed,bioemu,2.0706
engrailed,bioemu,1.8156
engrailed,bioemu,2.9685
engrailed,bioemu,3.9856
engrailed,bioemu,2.4829
engrailed,bioemu,3.9433
engrailed,bioemu,2.6079
engrailed,bioemu,2.1691
engrailed,bioemu,1.6648
engrailed,bioemu,2.8591
engrailed,bioemu,2.0753
engrailed,bioemu,1.9396
engrailed,bioemu,1.7801
engrailed,bioemu,3.0441
engrailed,bioemu,2.0732
engrailed,bioemu,1.9911
engrailed,bioemu,2.875
engrailed,bioemu,3.2006
engrailed,bioemu,2.0407
engrailed,bioemu,2.8113
engrailed,bioemu,1.9749
engrailed,bioemu,1.3109
engrailed,bioemu,3.9525
engrailed,bioemu,2.7911
engrailed,bioemu,1.3699
engrailed,bioemu,1.7595
engrailed,bioemu,2.2724
engrailed,bioemu,1.8744
engrailed,bioemu,1.9698
engrailed,bioemu,2.4075
engrailed,bioemu,2.4114
engrailed,bioemu,4.3148
engrailed,bioemu,1.9086
engrailed,bioemu,1.9252
engrailed,bioemu,2.3872
engrailed,bioemu,1.97
engrailed,bioemu,1.7946
engrailed,bioemu,2.8049
engrailed,bioemu,2.2952
engrailed,bioemu,3.168
engrailed,bioemu,1.2825
engrailed,bioemu,2.0837
engrailed,bioemu,3.2841
engrailed,bioemu,2.9674
engrailed,bioemu,2.5292
engrailed,bioemu,1.8582
engrailed,bioemu,2.889
engrailed,bioemu,2.026
engrailed,bioemu,4.1342
engrailed,bioemu,2.9953
engrailed,bioemu,2.9271
engrailed,bioemu,2.065
engrailed,bioemu,1.6407
engrailed,bioemu,2.3885
engrailed,bioemu,1.9086
engrailed,bioemu,3.64
engrailed,bioemu,2.6293
engrailed,bioemu,2.2414
engrailed,bioemu,2.3097
engrailed,bioemu,2.0237
engrailed,bioemu,3.2465
engrailed,bioemu,2.1214
engrailed,bioemu,3.4416
engrailed,bioemu,4.2052
engrailed,bioemu,3.9237
engrailed,bioemu,3.0412
engrailed,bioemu,2.7448
engrailed,bioemu,4.006
engrailed,bioemu,3.3128
engrailed,bioemu,3.2222
engrailed,bioemu,4.4038
engrailed,bioemu,3.2677
engrailed,bioemu,3.601
engrailed,bioemu,3.2513
engrailed,bioemu,3.9242
engrailed,bioemu,2.6674
engrailed,bioemu,2.1936
engrailed,bioemu,4.1404
engrailed,bioemu,5.4343
engrailed,bioemu,3.7432
engrailed,bioemu,2.9656
engrailed,bioemu,4.5197
engrailed,bioemu,3.386
engrailed,bioemu,4.5015
engrailed,bioemu,4.201
engrailed,bioemu,4.1709
engrailed,bioemu,2.5174
engrailed,bioemu,3.123
engrailed,bioemu,3.957
engrailed,bioemu,4.5779
engrailed,bioemu,3.3742
engrailed,bioemu,3.2096
engrailed,bioemu,3.1554
engrailed,bioemu,3.4367
engrailed,bioemu,3.9604
engrailed,bioemu,4.166
engrailed,bioemu,4.6406
engrailed,bioemu,4.2233
engrailed,bioemu,3.9825
engrailed,bioemu,3.8017
engrailed,bioemu,3.0782
engrailed,bioemu,3.1327
engrailed,bioemu,3.8504
engrailed,bioemu,4.0041
engrailed,bioemu,3.5742
engrailed,bioemu,2.9857
engrailed,bioemu,3.2754
engrailed,bioemu,3.1843
engrailed,bioemu,4.3376
engrailed,bioemu,4.5411
engrailed,bioemu,2.8482
engrailed,bioemu,3.0756
engrailed,bioemu,3.7471
engrailed,bioemu,4.1554
engrailed,bioemu,3.5223
engrailed,bioemu,3.86
engrailed,bioemu,4.5307
engrailed,bioemu,2.9074
engrailed,bioemu,2.9892
engrailed,bioemu,3.493
engrailed,bioemu,3.0422
engrailed,bioemu,2.8002
engrailed,bioemu,4.4018
engrailed,bioemu,3.7606
engrailed,bioemu,3.5556
engrailed,bioemu,3.7935
engrailed,bioemu,2.6478
engrailed,bioemu,3.1583
engrailed,bioemu,5.7875
engrailed,bioemu,3.5191
engrailed,bioemu,4.2925
engrailed,bioemu,2.8619
engrailed,bioemu,2.9077
engrailed,bioemu,4.6939
engrailed,bioemu,3.9634
engrailed,bioemu,3.6178
engrailed,bioemu,2.7866
engrailed,bioemu,2.1599
engrailed,bioemu,2.9309
engrailed,bioemu,2.796
engrailed,bioemu,2.3333
engrailed,bioemu,2.209
engrailed,bioemu,3.1268
engrailed,bioemu,4.5342
engrailed,bioemu,2.7728
engrailed,bioemu,2.2545
engrailed,bioemu,3.6754
engrailed,bioemu,1.6072
engrailed,bioemu,2.3105
engrailed,bioemu,2.8142
engrailed,bioemu,5.6145
engrailed,bioemu,2.4594
engrailed,bioemu,2.4745
engrailed,bioemu,3.7249
engrailed,bioemu,2.6929
engrailed,bioemu,3.7206
engrailed,bioemu,3.8958
engrailed,bioemu,3.0357
engrailed,bioemu,4.1821
engrailed,bioemu,2.5312
engrailed,bioemu,3.0152
engrailed,bioemu,3.1173
engrailed,bioemu,1.3473
engrailed,bioemu,2.3233
engrailed,bioemu,2.4065
engrailed,bioemu,2.6289
engrailed,bioemu,3.2782
engrailed,bioemu,4.0224
engrailed,bioemu,3.4344
engrailed,bioemu,4.1007
engrailed,bioemu,2.7515
engrailed,bioemu,2.8975
engrailed,bioemu,2.2435
engrailed,bioemu,2.3777
engrailed,bioemu,2.3104
engrailed,bioemu,2.1893
engrailed,bioemu,3.7145
engrailed,bioemu,2.4706
engrailed,bioemu,2.5613
engrailed,bioemu,2.693
engrailed,bioemu,3.7493
engrailed,bioemu,3.4439
engrailed,bioemu,3.6782
engrailed,bioemu,2.6242
engrailed,bioemu,2.6229
engrailed,bioemu,3.5641
engrailed,bioemu,2.5787
engrailed,bioemu,4.1846
engrailed,bioemu,2.9259
engrailed,bioemu,2.0689
engrailed,bioemu,2.4623
engrailed,bioemu,2.6392
engrailed,bioemu,3.2142
engrailed,bioemu,2.0958
engrailed,bioemu,3.5735
engrailed,bioemu,2.2648
engrailed,bioemu,3.048
engrailed,bioemu,2.8879
engrailed,bioemu,2.2655
engrailed,bioemu,2.4961
engrailed,bioemu,4.036
engrailed,bioemu,3.0596
engrailed,bioemu,3.8775
engrailed,bioemu,3.6431
engrailed,bioemu,3.1964
engrailed,bioemu,3.9093
engrailed,bioemu,3.0425
engrailed,bioemu,1.5832
engrailed,bioemu,2.3054
engrailed,bioemu,2.4255
engrailed,bioemu,2.8225
engrailed,bioemu,2.1704
engrailed,bioemu,2.6507
engrailed,bioemu,1.4284
engrailed,bioemu,2.6234
engrailed,bioemu,2.0796
engrailed,bioemu,2.3885
engrailed,bioemu,2.0126
engrailed,bioemu,3.175
engrailed,bioemu,4.477
engrailed,bioemu,2.2964
engrailed,bioemu,3.8512
engrailed,bioemu,2.5807
engrailed,bioemu,2.4234
engrailed,bioemu,1.4559
engrailed,bioemu,3.2564
engrailed,bioemu,1.7578
engrailed,bioemu,1.8299
engrailed,bioemu,1.3397
engrailed,bioemu,3.5233
engrailed,bioemu,2.3779
engrailed,bioemu,2.0282
engrailed,bioemu,2.8021
engrailed,bioemu,3.4844
engrailed,bioemu,2.3905
engrailed,bioemu,3.0194
engrailed,bioemu,2.2148
engrailed,bioemu,1.4897
engrailed,bioemu,3.898
engrailed,bioemu,2.7216
engrailed,bioemu,1.507
engrailed,bioemu,1.8469
engrailed,bioemu,2.3952
engrailed,bioemu,2.0834
engrailed,bioemu,2.1652
engrailed,bioemu,2.4559
engrailed,bioemu,2.4881
engrailed,bioemu,4.5226
engrailed,bioemu,2.1803
engrailed,bioemu,1.8745
engrailed,bioemu,2.4998
engrailed,bioemu,1.7616
engrailed,bioemu,1.498
engrailed,bioemu,3.3428
engrailed,bioemu,2.3676
engrailed,bioemu,3.12
engrailed,bioemu,1.2255
engrailed,bioemu,2.3086
engrailed,bioemu,3.3448
engrailed,bioemu,2.6376
engrailed,bioemu,2.9428
engrailed,bioemu,2.3317
engrailed,bioemu,3.0309
engrailed,bioemu,2.6871
engrailed,bioemu,4.6276
engrailed,bioemu,2.7519
engrailed,bioemu,2.8337
engrailed,bioemu,2.4148
engrailed,bioemu,1.7979
engrailed,bioemu,2.9123
engrailed,bioemu,2.2977
engrailed,bioemu,3.2265
engrailed,bioemu,2.6248
engrailed,bioemu,1.9628
engrailed,bioemu,2.9005
engrailed,bioemu,2.6045
engrailed,bioemu,3.0446
engrailed,bioemu,2.0475
engrailed,bioemu,1.7997
engrailed,bioemu,2.5599
engrailed,bioemu,1.8159
engrailed,bioemu,2.0598
engrailed,bioemu,2.132
engrailed,bioemu,1.527
engrailed,bioemu,3.4017
engrailed,bioemu,2.463
engrailed,bioemu,2.0683
engrailed,bioemu,2.7207
engrailed,bioemu,2.4614
engrailed,bioemu,3.9974
engrailed,bioemu,1.6899
engrailed,bioemu,4.5141
engrailed,bioemu,1.9437
engrailed,bioemu,1.9399
engrailed,bioemu,1.7297
engrailed,bioemu,3.3002
engrailed,bioemu,1.5696
engrailed,bioemu,2.3217
engrailed,bioemu,1.4478
engrailed,bioemu,3.9248
engrailed,bioemu,2.2175
engrailed,bioemu,2.2617
engrailed,bioemu,2.8435
engrailed,bioemu,2.7816
engrailed,bioemu,2.2297
engrailed,bioemu,2.4688
engrailed,bioemu,2.2286
engrailed,bioemu,1.9929
engrailed,bioemu,3.4186
engrailed,bioemu,3.0075
engrailed,bioemu,2.4991
engrailed,bioemu,1.8534
engrailed,bioemu,2.5992
engrailed,bioemu,1.5839
engrailed,bioemu,1.7155
engrailed,bioemu,2.0967
engrailed,bioemu,1.977
engrailed,bioemu,3.8812
engrailed,bioemu,1.9336
engrailed,bioemu,1.7148
engrailed,bioemu,2.0798
engrailed,bioemu,2.196
engrailed,bioemu,1.5743
engrailed,bioemu,3.7376
engrailed,bioemu,2.2439
engrailed,bioemu,2.5373
engrailed,bioemu,1.9
engrailed,bioemu,2.4355
engrailed,bioemu,3.3362
engrailed,bioemu,2.2302
engrailed,bioemu,2.6343
engrailed,bioemu,2.2412
engrailed,bioemu,2.6304
engrailed,bioemu,3.1084
engrailed,bioemu,3.888
engrailed,bioemu,2.559
engrailed,bioemu,2.1269
engrailed,bioemu,2.5687
engrailed,bioemu,2.1186
engrailed,bioemu,2.6366
engrailed,bioemu,2.1879
engrailed,bioemu,2.9331
engrailed,bioemu,2.6617
engrailed,bioemu,2.743
engrailed,bioemu,3.3842
engrailed,bioemu,2.7691
engrailed,bioemu,2.6849
engrailed,bioemu,1.369
engrailed,bioemu,2.0026
engrailed,bioemu,2.0711
engrailed,bioemu,1.4519
engrailed,bioemu,1.0982
engrailed,bioemu,2.0417
engrailed,bioemu,3.2514
engrailed,bioemu,1.8923
engrailed,bioemu,1.4594
engrailed,bioemu,2.6761
engrailed,bioemu,1.7697
engrailed,bioemu,2.9797
engrailed,bioemu,2.2189
engrailed,bioemu,4.6779
engrailed,bioemu,1.5387
engrailed,bioemu,1.4191
engrailed,bioemu,2.5174
engrailed,bioemu,2.6548
engrailed,bioemu,2.5638
engrailed,bioemu,2.7305
engrailed,bioemu,2.2117
engrailed,bioemu,3.3008
engrailed,bioemu,1.7303
engrailed,bioemu,1.9605
engrailed,bioemu,2.9694
engrailed,bioemu,2.0883
engrailed,bioemu,1.657
engrailed,bioemu,1.8795
engrailed,bioemu,1.6116
engrailed,bioemu,2.069
engrailed,bioemu,3.6235
engrailed,bioemu,2.856
engrailed,bioemu,2.64
engrailed,bioemu,1.7911
engrailed,bioemu,2.1928
engrailed,bioemu,1.0602
engrailed,bioemu,0.9243
engrailed,bioemu,1.985
engrailed,bioemu,1.9081
engrailed,bioemu,3.3682
engrailed,bioemu,1.3333
engrailed,bioemu,1.5579
engrailed,bioemu,2.2398
engrailed,bioemu,2.6971
engrailed,bioemu,2.2416
engrailed,bioemu,2.9767
engrailed,bioemu,1.573
engrailed,bioemu,2.6159
engrailed,bioemu,2.2576
engrailed,bioemu,1.6604
engrailed,bioemu,3.6079
engrailed,bioemu,2.1994
engrailed,bioemu,1.831
engrailed,bioemu,1.3819
engrailed,bioemu,1.7523
engrailed,bioemu,2.5226
engrailed,bioemu,2.8554
engrailed,bioemu,2.6717
engrailed,bioemu,2.3059
engrailed,bioemu,2.4316
engrailed,bioemu,1.9916
engrailed,bioemu,1.4479
engrailed,bioemu,1.5287
engrailed,bioemu,3.6502
engrailed,bioemu,1.9778
engrailed,bioemu,2.7184
engrailed,bioemu,2.6025
engrailed,bioemu,2.3265
engrailed,bioemu,2.9619
engrailed,bioemu,2.0411
engrailed,bioemu,3.1344
engrailed,bioemu,1.7798
engrailed,bioemu,2.267
engrailed,bioemu,2.6773
engrailed,bioemu,2.3997
engrailed,bioemu,1.793
engrailed,bioemu,1.449
engrailed,bioemu,2.2198
engrailed,bioemu,2.2188
engrailed,bioemu,2.8139
engrailed,bioemu,2.7955
engrailed,bioemu,4.2986
engrailed,bioemu,2.4581
engrailed,bioemu,1.989
engrailed,bioemu,2.9153
engrailed,bioemu,2.4681
engrailed,bioemu,3.1844
engrailed,bioemu,3.0523
engrailed,bioemu,2.4265
engrailed,bioemu,2.5523
engrailed,bioemu,1.3218
engrailed,bioemu,2.2875
engrailed,bioemu,3.0068
engrailed,bioemu,2.4936
engrailed,bioemu,1.4212
engrailed,bioemu,2.5507
engrailed,bioemu,1.9215
engrailed,bioemu,2.0326
engrailed,bioemu,3.9647
engrailed,bioemu,3.0864
engrailed,bioemu,2.586
engrailed,bioemu,2.3145
engrailed,bioemu,2.191
engrailed,bioemu,1.6977
engrailed,bioemu,1.8786
engrailed,bioemu,2.3629
engrailed,bioemu,2.8164
engrailed,bioemu,4.1228
engrailed,bioemu,1.6234
engrailed,bioemu,1.6491
engrailed,bioemu,2.4571
engrailed,bioemu,2.716
engrailed,bioemu,2.9664
engrailed,bioemu,2.2548
engrailed,bioemu,1.903
engrailed,bioemu,3.1042
engrailed,bioemu,2.4446
engrailed,bioemu,1.8681
engrailed,bioemu,3.4338
engrailed,bioemu,3.2762
engrailed,bioemu,1.5489
engrailed,bioemu,1.3581
engrailed,bioemu,2.7035
engrailed,bioemu,1.5512
engrailed,bioemu,3.2259
engrailed,bioemu,3.5321
engrailed,bioemu,2.8767
engrailed,bioemu,1.775
engrailed,bioemu,1.9507
engrailed,bioemu,1.6691
engrailed,bioemu,1.4428
engrailed,bioemu,4.0732
engrailed,bioemu,2.4794
engrailed,bioemu,2.7131
engrailed,bioemu,1.9572
engrailed,bioemu,1.282
engrailed,bioemu,3.6967
engrailed,bioemu,2.8944
engrailed,bioemu,2.8752
engrailed,bioemu,2.2687
engrailed,bioemu,2.3682
engrailed,bioemu,4.3002
engrailed,bioemu,3.2834
engrailed,bioemu,2.5015
engrailed,bioemu,3.7963
engrailed,bioemu,2.7934
engrailed,bioemu,3.9571
engrailed,bioemu,1.7642
engrailed,bioemu,5.3434
engrailed,bioemu,2.0129
engrailed,bioemu,2.3804
engrailed,bioemu,2.2632
engrailed,bioemu,3.9928
engrailed,bioemu,1.9762
engrailed,bioemu,2.99
engrailed,bioemu,2.688
engrailed,bioemu,4.5445
engrailed,bioemu,2.7833
engrailed,bioemu,2.9679
engrailed,bioemu,3.8929
engrailed,bioemu,2.7236
engrailed,bioemu,2.8172
engrailed,bioemu,2.3252
engrailed,bioemu,2.9042
engrailed,bioemu,2.9691
engrailed,bioemu,2.9993
engrailed,bioemu,3.8729
engrailed,bioemu,3.3582
engrailed,bioemu,2.5952
engrailed,bioemu,3.3632
engrailed,bioemu,2.1619
engrailed,bioemu,2.112
engrailed,bioemu,2.6932
engrailed,bioemu,2.2835
engrailed,bioemu,3.0733
engrailed,bioemu,2.6477
engrailed,bioemu,2.6134
engrailed,bioemu,2.6634
engrailed,bioemu,2.8574
engrailed,bioemu,2.2542
engrailed,bioemu,4.4691
engrailed,bioemu,2.8763
engrailed,bioemu,2.7158
engrailed,bioemu,2.7194
engrailed,bioemu,3.1454
engrailed,bioemu,3.5747
engrailed,bioemu,2.4802
engrailed,bioemu,3.0776
engrailed,bioemu,2.7319
engrailed,bioemu,2.7245
engrailed,bioemu,3.8848
engrailed,bioemu,3.4374
engrailed,bioemu,2.8757
engrailed,bioemu,2.3893
engrailed,bioemu,3.4062
engrailed,bioemu,3.0956
engrailed,bioemu,2.9305
engrailed,bioemu,2.7311
engrailed,bioemu,3.246
engrailed,bioemu,3.1839
engrailed,bioemu,3.7027
engrailed,bioemu,4.0554
engrailed,bioemu,3.484
engrailed,bioemu,2.4305
engrailed,bioemu,1.5404
engrailed,bioemu,1.914
engrailed,bioemu,1.953
engrailed,bioemu,2.9532
engrailed,bioemu,1.4544
engrailed,bioemu,1.3658
engrailed,bioemu,2.3592
engrailed,bioemu,2.1126
engrailed,bioemu,3.1783
engrailed,bioemu,2.2795
engrailed,bioemu,4.6022
engrailed,bioemu,1.9417
engrailed,bioemu,1.8976
engrailed,bioemu,2.5918
engrailed,bioemu,2.1981
engrailed,bioemu,3.0023
engrailed,bioemu,2.8577
engrailed,bioemu,2.0764
engrailed,bioemu,3.0454
engrailed,bioemu,1.6748
engrailed,bioemu,1.4496
engrailed,bioemu,2.2898
engrailed,bioemu,2.2253
engrailed,bioemu,1.3252
engrailed,bioemu,2.6807
engrailed,bioemu,1.0869
engrailed,bioemu,1.7016
engrailed,bioemu,4.3339
engrailed,bioemu,2.4146
engrailed,bioemu,2.3019
engrailed,bioemu,1.4538
engrailed,bioemu,1.7744
engrailed,bioemu,1.4286
engrailed,bioemu,1.4029
engrailed,bioemu,1.9893
engrailed,bioemu,1.7985
engrailed,bioemu,4.0767
engrailed,bioemu,1.5953
engrailed,bioemu,1.6262
engrailed,bioemu,2.5162
engrailed,bioemu,2.7633
engrailed,bioemu,2.295
engrailed,bioemu,2.5483
engrailed,bioemu,1.9224
engrailed,bioemu,3.2318
engrailed,bioemu,2.308
engrailed,bioemu,1.1045
engrailed,bioemu,4.0274
engrailed,bioemu,2.6515
engrailed,bioemu,1.449
engrailed,bioemu,1.1521
engrailed,bioemu,2.0897
engrailed,bioemu,1.9509
engrailed,bioemu,3.0478
engrailed,bioemu,3.1037
engrailed,bioemu,2.6157
engrailed,bioemu,1.9827
engrailed,bioemu,1.3654
engrailed,bioemu,1.6113
engrailed,bioemu,1.2874
engrailed,bioemu,3.9286
engrailed,bioemu,2.2148
engrailed,bioemu,2.4009
engrailed,bioemu,2.0591
engrailed,bioemu,1.8996
engrailed,bioemu,3.563
engrailed,bioemu,2.7309
engrailed,bioemu,2.3302
engrailed,bioemu,3.6649
engrailed,bioemu,2.2116
engrailed,bioemu,1.7903
engrailed,bioemu,2.9144
engrailed,bioemu,1.9161
engrailed,bioemu,2.9703
engrailed,bioemu,2.4191
engrailed,bioemu,4.573
engrailed,bioemu,1.6451
engrailed,bioemu,1.8518
engrailed,bioemu,2.7977
engrailed,bioemu,2.8916
engrailed,bioemu,2.7795
engrailed,bioemu,2.8564
engrailed,bioemu,2.4977
engrailed,bioemu,3.4514
engrailed,bioemu,1.9855
engrailed,bioemu,2.1366
engrailed,bioemu,3.3222
engrailed,bioemu,2.2058
engrailed,bioemu,2.0284
engrailed,bioemu,1.6692
engrailed,bioemu,2.0024
engrailed,bioemu,2.4693
engrailed,bioemu,3.4843
engrailed,bioemu,3.0379
engrailed,bioemu,3.0165
engrailed,bioemu,2.0807
engrailed,bioemu,2.2416
engrailed,bioemu,1.527
engrailed,bioemu,1.4093
engrailed,bioemu,2.2275
engrailed,bioemu,2.1704
engrailed,bioemu,3.1486
engrailed,bioemu,1.67
engrailed,bioemu,1.7367
engrailed,bioemu,2.4323
engrailed,bioemu,2.9352
engrailed,bioemu,2.5473
engrailed,bioemu,3.319
engrailed,bioemu,1.4976
engrailed,bioemu,2.412
engrailed,bioemu,2.4706
engrailed,bioemu,2.0115
engrailed,bioemu,3.6185
engrailed,bioemu,1.9368
engrailed,bioemu,2.113
engrailed,bioemu,1.7735
engrailed,bioemu,1.7028
engrailed,bioemu,2.8357
engrailed,bioemu,2.919
engrailed,bioemu,2.5039
engrailed,bioemu,2.4051
engrailed,bioemu,2.7535
engrailed,bioemu,2.3736
engrailed,bioemu,1.7076
engrailed,bioemu,1.9017
engrailed,bioemu,3.723
engrailed,bioemu,1.8423
engrailed,bioemu,2.7713
engrailed,bioemu,2.9254
engrailed,bioemu,2.6826
engrailed,bioemu,2.8799
engrailed,bioemu,2.3148
engrailed,bioemu,3.4693
engrailed,bioemu,2.2076
engrailed,bioemu,2.1491
engrailed,bioemu,2.6453
engrailed,bioemu,3.0587
engrailed,bioemu,4.3742
engrailed,bioemu,1.6544
engrailed,bioemu,4.4731
engrailed,bioemu,2.0429
engrailed,bioemu,2.4564
engrailed,bioemu,1.6104
engrailed,bioemu,3.3634
engrailed,bioemu,1.913
engrailed,bioemu,2.4668
engrailed,bioemu,1.5782
engrailed,bioemu,4.0134
engrailed,bioemu,2.4135
engrailed,bioemu,1.9118
engrailed,bioemu,2.8903
engrailed,bioemu,3.0873
engrailed,bioemu,2.3051
engrailed,bioemu,2.9773
engrailed,bioemu,2.1884
engrailed,bioemu,1.7302
engrailed,bioemu,3.791
engrailed,bioemu,2.8848
engrailed,bioemu,2.1186
engrailed,bioemu,1.6341
engrailed,bioemu,2.5476
engrailed,bioemu,1.983
engrailed,bioemu,1.9955
engrailed,bioemu,2.0683
engrailed,bioemu,1.9877
engrailed,bioemu,4.1923
engrailed,bioemu,2.3489
engrailed,bioemu,1.9411
engrailed,bioemu,2.6254
engrailed,bioemu,2.0669
engrailed,bioemu,1.1451
engrailed,bioemu,3.7485
engrailed,bioemu,2.4747
engrailed,bioemu,3.0542
engrailed,bioemu,1.5926
engrailed,bioemu,2.2087
engrailed,bioemu,3.7896
engrailed,bioemu,2.1595
engrailed,bioemu,2.7956
engrailed,bioemu,2.3422
engrailed,bioemu,2.6829
engrailed,bioemu,3.0273
engrailed,bioemu,4.1926
engrailed,bioemu,2.5654
engrailed,bioemu,2.4342
engrailed,bioemu,2.643
engrailed,bioemu,1.7978
engrailed,bioemu,2.8822
engrailed,bioemu,2.1904
engrailed,bioemu,3.121
engrailed,bioemu,2.6977
engrailed,bioemu,2.1964
engrailed,bioemu,3.2375
engrailed,bioemu,2.991
engrailed,bioemu,2.9796
engrailed,bioemu,2.0576
engrailed,bioemu,2.7324
engrailed,bioemu,3.0641
engrailed,bioemu,2.2945
engrailed,bioemu,3.6989
engrailed,bioemu,4.2332
engrailed,bioemu,3.9867
engrailed,bioemu,4.0494
engrailed,bioemu,3.7571
engrailed,bioemu,3.0138
engrailed,bioemu,3.2812
engrailed,bioemu,3.1931
engrailed,bioemu,3.513
engrailed,bioemu,2.8084
engrailed,bioemu,3.0724
engrailed,bioemu,2.3794
engrailed,bioemu,2.8779
engrailed,bioemu,2.9589
engrailed,bioemu,3.4205
engrailed,bioemu,4.2985
engrailed,bioemu,2.9125
engrailed,bioemu,3.9869
engrailed,bioemu,2.759
engrailed,bioemu,2.4156
engrailed,bioemu,4.9517
engrailed,bioemu,3.3616
engrailed,bioemu,2.1496
engrailed,bioemu,3.0822
engrailed,bioemu,2.9933
engrailed,bioemu,3.0015
engrailed,bioemu,3.0992
engrailed,bioemu,3.6591
engrailed,bioemu,3.7834
engrailed,bioemu,5.1512
engrailed,bioemu,2.7463
engrailed,bioemu,2.9632
engrailed,bioemu,3.1409
engrailed,bioemu,3.1541
engrailed,bioemu,3.3792
engrailed,bioemu,2.0749
engrailed,bioemu,3.2045
engrailed,bioemu,4.3007
engrailed,bioemu,2.8369
engrailed,bioemu,2.8901
engrailed,bioemu,3.9585
engrailed,bioemu,4.3984
engrailed,bioemu,3.1559
engrailed,bioemu,2.749
engrailed,bioemu,3.8501
engrailed,bioemu,2.0625
engrailed,bioemu,4.7447
engrailed,bioemu,4.2603
engrailed,bioemu,4.1532
engrailed,bioemu,2.6444
engrailed,bioemu,2.6451
engrailed,bioemu,3.0078
engrailed,bioemu,2.7731
engrailed,bioemu,4.8821
engrailed,bioemu,3.4823
engrailed,bioemu,3.0417
engrailed,bioemu,1.9876
engrailed,bioemu,2.1192
engrailed,bioemu,4.4234
engrailed,bioemu,3.5987
engrailed,bioemu,1.4859
engrailed,bioemu,1.6185
engrailed,bioemu,2.43
engrailed,bioemu,3.3518
engrailed,bioemu,2.8028
engrailed,bioemu,4.3255
engrailed,bioemu,2.5913
engrailed,bioemu,2.0405
engrailed,bioemu,2.6488
engrailed,bioemu,1.9811
engrailed,bioemu,2.9374
engrailed,bioemu,2.6848
engrailed,bioemu,1.9473
engrailed,bioemu,3.1305
engrailed,bioemu,1.5644
engrailed,bioemu,1.8123
engrailed,bioemu,2.1619
engrailed,bioemu,2.4462
engrailed,bioemu,1.3687
engrailed,bioemu,2.7293
engrailed,bioemu,1.4353
engrailed,bioemu,1.4378
engrailed,bioemu,4.446
engrailed,bioemu,2.0296
engrailed,bioemu,2.168
engrailed,bioemu,1.5484
engrailed,bioemu,1.4951
engrailed,bioemu,1.774
engrailed,bioemu,1.88
engrailed,bioemu,2.1403
engrailed,bioemu,2.2615
engrailed,bioemu,4.6677
engrailed,bioemu,1.6279
engrailed,bioemu,1.7233
engrailed,bioemu,2.4145
engrailed,bioemu,2.3764
engrailed,bioemu,2.4003
engrailed,bioemu,2.224
engrailed,bioemu,2.0075
engrailed,bioemu,3.104
engrailed,bioemu,1.9476
engrailed,bioemu,1.0439
engrailed,bioemu,3.7636
engrailed,bioemu,2.8902
engrailed,bioemu,1.8539
engrailed,bioemu,1.3874
engrailed,bioemu,2.7488
engrailed,bioemu,1.6336
engrailed,bioemu,3.7098
engrailed,bioemu,3.4601
engrailed,bioemu,2.8107
engrailed,bioemu,1.5501
engrailed,bioemu,1.2038
engrailed,bioemu,1.8037
engrailed,bioemu,1.3068
engrailed,bioemu,3.5757
engrailed,bioemu,2.43
engrailed,bioemu,2.3461
engrailed,bioemu,2.0953
engrailed,bioemu,1.7814
engrailed,bioemu,3.6428
engrailed,bioemu,2.8277
engrailed,bioemu,2.2666
engrailed,bioemu,1.9418
engrailed,bioemu,2.9839
engrailed,bioemu,2.2281
engrailed,bioemu,4.7768
engrailed,bioemu,1.9194
engrailed,bioemu,1.5658
engrailed,bioemu,2.6008
engrailed,bioemu,2.3619
engrailed,bioemu,2.7323
engrailed,bioemu,3.0177
engrailed,bioemu,1.9954
engrailed,bioemu,3.4164
engrailed,bioemu,1.0073
engrailed,bioemu,1.8971
engrailed,bioemu,2.5116
engrailed,bioemu,1.8742
engrailed,bioemu,0.8209
engrailed,bioemu,2.3775
engrailed,bioemu,1.3409
engrailed,bioemu,1.6478
engrailed,bioemu,3.917
engrailed,bioemu,2.6167
engrailed,bioemu,2.6506
engrailed,bioemu,1.6352
engrailed,bioemu,1.956
engrailed,bioemu,1.1494
engrailed,bioemu,1.3614
engrailed,bioemu,1.7826
engrailed,bioemu,2.0202
engrailed,bioemu,4.1322
engrailed,bioemu,1.3275
engrailed,bioemu,1.565
engrailed,bioemu,2.16
engrailed,bioemu,2.4912
engrailed,bioemu,2.3758
engrailed,bioemu,2.6221
engrailed,bioemu,2.0288
engrailed,bioemu,2.8763
engrailed,bioemu,2.2159
engrailed,bioemu,1.3098
engrailed,bioemu,3.6831
engrailed,bioemu,2.7674
engrailed,bioemu,1.3333
engrailed,bioemu,0.9844
engrailed,bioemu,2.4647
engrailed,bioemu,1.9605
engrailed,bioemu,2.9794
engrailed,bioemu,3.4217
engrailed,bioemu,2.3248
engrailed,bioemu,1.6675
engrailed,bioemu,1.5415
engrailed,bioemu,1.3523
engrailed,bioemu,0.7287
engrailed,bioemu,3.394
engrailed,bioemu,2.6137
engrailed,bioemu,2.8721
engrailed,bioemu,2.475
engrailed,bioemu,1.6121
engrailed,bioemu,3.3971
engrailed,bioemu,2.4316
engrailed,bioemu,3.1375
engrailed,bioemu,3.9907
engrailed,bioemu,3.3991
engrailed,bioemu,3.4508
engrailed,bioemu,3.2461
engrailed,bioemu,2.3872
engrailed,bioemu,2.6098
engrailed,bioemu,2.6061
engrailed,bioemu,2.8942
engrailed,bioemu,2.4561
engrailed,bioemu,1.8576
engrailed,bioemu,3.3246
engrailed,bioemu,2.0006
engrailed,bioemu,2.3216
engrailed,bioemu,2.5919
engrailed,bioemu,3.3352
engrailed,bioemu,2.0116
engrailed,bioemu,3.2515
engrailed,bioemu,2.1083
engrailed,bioemu,1.5498
engrailed,bioemu,4.3756
engrailed,bioemu,2.5476
engrailed,bioemu,2.1202
engrailed,bioemu,2.3206
engrailed,bioemu,2.166
engrailed,bioemu,2.328
engrailed,bioemu,2.6435
engrailed,bioemu,2.5273
engrailed,bioemu,3.0436
engrailed,bioemu,5.1842
engrailed,bioemu,1.9849
engrailed,bioemu,2.0111
engrailed,bioemu,2.4663
engrailed,bioemu,2.0989
engrailed,bioemu,2.6797
engrailed,bioemu,2.3448
engrailed,bioemu,2.4289
engrailed,bioemu,3.1863
engrailed,bioemu,1.7986
engrailed,bioemu,2.0547
engrailed,bioemu,3.3325
engrailed,bioemu,3.3963
engrailed,bioemu,2.7182
engrailed,bioemu,2.2606
engrailed,bioemu,3.4449
engrailed,bioemu,1.8553
engrailed,bioemu,4.5959
engrailed,bioemu,3.5642
engrailed,bioemu,3.0699
engrailed,bioemu,1.7962
engrailed,bioemu,1.8056
engrailed,bioemu,2.5979
engrailed,bioemu,2.1353
engrailed,bioemu,3.6612
engrailed,bioemu,2.8557
engrailed,bioemu,2.3208
engrailed,bioemu,2.5013
engrailed,bioemu,2.0946
engrailed,bioemu,4.0155
engrailed,bioemu,2.8731
engrailed,bioemu,2.132
engrailed,bioemu,2.9422
engrailed,bioemu,5.0565
engrailed,bioemu,2.3881
engrailed,bioemu,1.8896
engrailed,bioemu,3.5682
engrailed,bioemu,2.5724
engrailed,bioemu,3.4411
engrailed,bioemu,3.479
engrailed,bioemu,2.7697
engrailed,bioemu,3.3763
engrailed,bioemu,1.996
engrailed,bioemu,2.8554
engrailed,bioemu,3.0169
engrailed,bioemu,1.6413
engrailed,bioemu,2.0613
engrailed,bioemu,2.0142
engrailed,bioemu,2.3559
engrailed,bioemu,2.9609
engrailed,bioemu,3.7949
engrailed,bioemu,3.2934
engrailed,bioemu,3.7244
engrailed,bioemu,2.644
engrailed,bioemu,2.6066
engrailed,bioemu,1.7583
engrailed,bioemu,1.999
engrailed,bioemu,2.2462
engrailed,bioemu,2.5587
engrailed,bioemu,3.6858
engrailed,bioemu,1.8071
engrailed,bioemu,1.9549
engrailed,bioemu,2.2722
engrailed,bioemu,3.4269
engrailed,bioemu,3.4074
engrailed,bioemu,2.994
engrailed,bioemu,1.9703
engrailed,bioemu,2.3563
engrailed,bioemu,3.209
engrailed,bioemu,2.2562
engrailed,bioemu,3.706
engrailed,bioemu,2.9435
engrailed,bioemu,1.6728
engrailed,bioemu,2.0424
engrailed,bioemu,2.5071
engrailed,bioemu,2.6011
engrailed,bioemu,2.5299
engrailed,bioemu,3.4086
engrailed,bioemu,2.2648
engrailed,bioemu,2.6331
engrailed,bioemu,2.5881
engrailed,bioemu,1.7922
engrailed,bioemu,2.0674
engrailed,bioemu,4.0391
engrailed,bioemu,2.657
engrailed,bioemu,3.427
engrailed,bioemu,2.9861
engrailed,bioemu,2.5474
engrailed,bioemu,3.6722
engrailed,bioemu,2.7707
engrailed,bioemu,4.0317
engrailed,bioemu,5.6982
engrailed,bioemu,3.6155
engrailed,bioemu,3.0223
engrailed,bioemu,4.7299
engrailed,bioemu,2.9586
engrailed,bioemu,4.7616
engrailed,bioemu,4.6196
engrailed,bioemu,4.0871
engrailed,bioemu,3.5012
engrailed,bioemu,2.8874
engrailed,bioemu,3.9333
engrailed,bioemu,4.2111
engrailed,bioemu,2.2655
engrailed,bioemu,2.8931
engrailed,bioemu,2.8589
engrailed,bioemu,3.421
engrailed,bioemu,4.0451
engrailed,bioemu,4.2572
engrailed,bioemu,4.4101
engrailed,bioemu,4.7101
engrailed,bioemu,3.8718
engrailed,bioemu,3.5803
engrailed,bioemu,3.0661
engrailed,bioemu,3.197
engrailed,bioemu,3.3214
engrailed,bioemu,3.6405
engrailed,bioemu,3.8065
engrailed,bioemu,2.9557
engrailed,bioemu,3.191
engrailed,bioemu,3.3028
engrailed,bioemu,4.4704
engrailed,bioemu,4.6433
engrailed,bioemu,3.2478
engrailed,bioemu,3.0044
engrailed,bioemu,3.2092
engrailed,bioemu,4.3606
engrailed,bioemu,3.3005
engrailed,bioemu,4.1396
engrailed,bioemu,4.1962
engrailed,bioemu,2.3697
engrailed,bioemu,2.945
engrailed,bioemu,3.3821
engrailed,bioemu,3.049
engrailed,bioemu,1.9621
engrailed,bioemu,4.4195
engrailed,bioemu,3.2711
engrailed,bioemu,3.3598
engrailed,bioemu,3.7162
engrailed,bioemu,2.4125
engrailed,bioemu,3.0369
engrailed,bioemu,5.3629
engrailed,bioemu,3.5483
engrailed,bioemu,4.4834
engrailed,bioemu,3.354
engrailed,bioemu,3.0965
engrailed,bioemu,4.7866
engrailed,bioemu,4.0084
engrailed,bioemu,5.1182
engrailed,bioemu,2.0872
engrailed,bioemu,2.6138
engrailed,bioemu,1.9048
engrailed,bioemu,3.6988
engrailed,bioemu,2.0917
engrailed,bioemu,2.9261
engrailed,bioemu,2.2134
engrailed,bioemu,4.2173
engrailed,bioemu,2.5312
engrailed,bioemu,2.5044
engrailed,bioemu,3.4866
engrailed,bioemu,2.7594
engrailed,bioemu,2.482
engrailed,bioemu,2.6975
engrailed,bioemu,2.5344
engrailed,bioemu,2.4081
engrailed,bioemu,3.2989
engrailed,bioemu,3.5383
engrailed,bioemu,2.8728
engrailed,bioemu,2.1268
engrailed,bioemu,2.9784
engrailed,bioemu,2.1468
engrailed,bioemu,2.0608
engrailed,bioemu,2.3313
engrailed,bioemu,2.0465
engrailed,bioemu,3.5336
engrailed,bioemu,2.6206
engrailed,bioemu,2.318
engrailed,bioemu,2.7528
engrailed,bioemu,2.5174
engrailed,bioemu,1.8521
engrailed,bioemu,4.156
engrailed,bioemu,2.7513
engrailed,bioemu,3.0164
engrailed,bioemu,2.2811
engrailed,bioemu,2.6976
engrailed,bioemu,3.6357
engrailed,bioemu,2.3977
engrailed,bioemu,2.8137
engrailed,bioemu,2.4115
engrailed,bioemu,2.7512
engrailed,bioemu,3.4843
engrailed,bioemu,3.6229
engrailed,bioemu,2.7669
engrailed,bioemu,2.4129
engrailed,bioemu,3.025
engrailed,bioemu,2.5631
engrailed,bioemu,2.9091
engrailed,bioemu,2.3568
engrailed,bioemu,3.3363
engrailed,bioemu,3.0126
engrailed,bioemu,3.0283
engrailed,bioemu,3.6028
engrailed,bioemu,3.1211
engrailed,bioemu,2.7177
engrailed,bioemu,2.0848
engrailed,bioemu,4.5675
engrailed,bioemu,4.4099
engrailed,bioemu,4.3267
engrailed,bioemu,4.9345
engrailed,bioemu,4.5206
engrailed,bioemu,3.618
engrailed,bioemu,4.0383
engrailed,bioemu,4.3173
engrailed,bioemu,4.3277
engrailed,bioemu,4.1534
engrailed,bioemu,5.0073
engrailed,bioemu,5.4978
engrailed,bioemu,4.5718
engrailed,bioemu,4.4918
engrailed,bioemu,4.4133
engrailed,bioemu,4.1782
engrailed,bioemu,4.8693
engrailed,bioemu,4.6266
engrailed,bioemu,3.9532
engrailed,bioemu,4.6248
engrailed,bioemu,4.1887
engrailed,bioemu,4.5758
engrailed,bioemu,4.6491
engrailed,bioemu,4.7198
engrailed,bioemu,5.1359
engrailed,bioemu,5.5378
engrailed,bioemu,4.2453
engrailed,bioemu,3.8444
engrailed,bioemu,4.4768
engrailed,bioemu,4.0334
engrailed,bioemu,4.6543
engrailed,bioemu,4.4781
engrailed,bioemu,3.7637
engrailed,bioemu,4.1933
engrailed,bioemu,3.8658
engrailed,bioemu,4.6262
engrailed,bioemu,3.9429
engrailed,bioemu,4.2537
engrailed,bioemu,4.9752
engrailed,bioemu,4.5935
engrailed,bioemu,4.3847
engrailed,bioemu,4.4447
engrailed,bioemu,6.3505
engrailed,bioemu,3.7352
engrailed,bioemu,4.8876
engrailed,bioemu,4.4494
engrailed,bioemu,4.5265
engrailed,bioemu,4.758
engrailed,bioemu,4.7555
engrailed,bioemu,5.2182
engrailed,bioemu,3.6058
engrailed,bioemu,3.4111
engrailed,bioemu,4.5427
engrailed,bioemu,4.5079
engrailed,bioemu,4.6275
engrailed,bioemu,4.5632
engrailed,bioemu,1.8739
engrailed,bioemu,2.6394
engrailed,bioemu,3.3084
engrailed,bioemu,2.6585
engrailed,bioemu,2.9453
engrailed,bioemu,2.3808
engrailed,bioemu,3.7358
engrailed,bioemu,2.1737
engrailed,bioemu,1.8208
engrailed,bioemu,3.2436
engrailed,bioemu,2.5377
engrailed,bioemu,2.1389
engrailed,bioemu,2.3304
engrailed,bioemu,1.935
engrailed,bioemu,2.4342
engrailed,bioemu,3.5699
engrailed,bioemu,3.1316
engrailed,bioemu,2.9223
engrailed,bioemu,2.113
engrailed,bioemu,2.5876
engrailed,bioemu,1.6658
engrailed,bioemu,1.4687
engrailed,bioemu,2.2752
engrailed,bioemu,2.1024
engrailed,bioemu,3.2042
engrailed,bioemu,2.064
engrailed,bioemu,1.9512
engrailed,bioemu,2.6466
engrailed,bioemu,3.0422
engrailed,bioemu,2.3474
engrailed,bioemu,3.5926
engrailed,bioemu,2.0542
engrailed,bioemu,2.8575
engrailed,bioemu,2.707
engrailed,bioemu,2.2933
engrailed,bioemu,3.9405
engrailed,bioemu,1.8945
engrailed,bioemu,2.2688
engrailed,bioemu,2.0311
engrailed,bioemu,1.4886
engrailed,bioemu,3.1812
engrailed,bioemu,3.1205
engrailed,bioemu,2.4739
engrailed,bioemu,2.4592
engrailed,bioemu,2.9462
engrailed,bioemu,2.4819
engrailed,bioemu,2.1551
engrailed,bioemu,2.1686
engrailed,bioemu,3.5904
engrailed,bioemu,2.1594
engrailed,bioemu,2.8843
engrailed,bioemu,3.2714
engrailed,bioemu,2.8949
engrailed,bioemu,2.7727
engrailed,bioemu,2.3371
engrailed,bioemu,2.6677
engrailed,bioemu,2.7079
engrailed,bioemu,2.5021
engrailed,bioemu,2.8391
engrailed,bioemu,1.99
engrailed,bioemu,3.4287
engrailed,bioemu,1.3921
engrailed,bioemu,2.1722
engrailed,bioemu,3.0154
engrailed,bioemu,2.1791
engrailed,bioemu,1.525
engrailed,bioemu,2.1963
engrailed,bioemu,1.7178
engrailed,bioemu,2.0662
engrailed,bioemu,3.3562
engrailed,bioemu,3.112
engrailed,bioemu,2.8053
engrailed,bioemu,2.2153
engrailed,bioemu,2.4825
engrailed,bioemu,1.0737
engrailed,bioemu,1.359
engrailed,bioemu,1.924
engrailed,bioemu,2.3896
engrailed,bioemu,3.7604
engrailed,bioemu,1.2219
engrailed,bioemu,1.5501
engrailed,bioemu,2.0022
engrailed,bioemu,2.4829
engrailed,bioemu,2.5086
engrailed,bioemu,2.7851
engrailed,bioemu,1.8871
engrailed,bioemu,2.5274
engrailed,bioemu,2.3727
engrailed,bioemu,1.9939
engrailed,bioemu,3.1558
engrailed,bioemu,2.7723
engrailed,bioemu,1.9522
engrailed,bioemu,1.6815
engrailed,bioemu,2.3292
engrailed,bioemu,2.4522
engrailed,bioemu,3.1291
engrailed,bioemu,3.1335
engrailed,bioemu,2.0494
engrailed,bioemu,2.0017
engrailed,bioemu,2.0667
engrailed,bioemu,1.6247
engrailed,bioemu,1.6691
engrailed,bioemu,3.5176
engrailed,bioemu,2.5231
engrailed,bioemu,3.0937
engrailed,bioemu,2.8429
engrailed,bioemu,2.0777
engrailed,bioemu,3.2205
engrailed,bioemu,2.0299
engrailed,bioemu,3.7668
engrailed,bioemu,1.3118
engrailed,bioemu,1.9224
engrailed,bioemu,1.7603
engrailed,bioemu,4.1574
engrailed,bioemu,2.7237
engrailed,bioemu,2.3305
engrailed,bioemu,3.2922
engrailed,bioemu,3.5456
engrailed,bioemu,2.7004
engrailed,bioemu,3.1008
engrailed,bioemu,2.5575
engrailed,bioemu,1.822
engrailed,bioemu,3.5442
engrailed,bioemu,3.1969
engrailed,bioemu,1.8973
engrailed,bioemu,2.0015
engrailed,bioemu,2.8553
engrailed,bioemu,2.3288
engrailed,bioemu,2.3909
engrailed,bioemu,2.6575
engrailed,bioemu,2.3819
engrailed,bioemu,4.2902
engrailed,bioemu,2.5662
engrailed,bioemu,2.3881
engrailed,bioemu,2.6305
engrailed,bioemu,1.807
engrailed,bioemu,1.1303
engrailed,bioemu,3.9482
engrailed,bioemu,2.8935
engrailed,bioemu,3.1745
engrailed,bioemu,1.3647
engrailed,bioemu,2.7518
engrailed,bioemu,3.2843
engrailed,bioemu,2.7226
engrailed,bioemu,3.3343
engrailed,bioemu,2.6765
engrailed,bioemu,3.236
engrailed,bioemu,3.2632
engrailed,bioemu,4.6034
engrailed,bioemu,2.8267
engrailed,bioemu,2.8391
engrailed,bioemu,2.8406
engrailed,bioemu,2.3314
engrailed,bioemu,3.2447
engrailed,bioemu,2.628
engrailed,bioemu,3.077
engrailed,bioemu,3.1045
engrailed,bioemu,2.6431
engrailed,bioemu,3.4564
engrailed,bioemu,3.0779
engrailed,bioemu,2.8491
engrailed,bioemu,1.6954
engrailed,bioemu,4.0008
engrailed,bioemu,3.504
engrailed,bioemu,2.9992
engrailed,bioemu,3.2368
engrailed,bioemu,2.4642
engrailed,bioemu,2.7985
engrailed,bioemu,2.5469
engrailed,bioemu,2.652
engrailed,bioemu,2.1855
engrailed,bioemu,3.2032
engrailed,bioemu,2.2732
engrailed,bioemu,2.6629
engrailed,bioemu,5.061
engrailed,bioemu,2.7073
engrailed,bioemu,3.2388
engrailed,bioemu,2.6347
engrailed,bioemu,2.1447
engrailed,bioemu,2.538
engrailed,bioemu,2.6887
engrailed,bioemu,2.8236
engrailed,bioemu,2.7971
engrailed,bioemu,4.9909
engrailed,bioemu,2.2086
engrailed,bioemu,2.6014
engrailed,bioemu,2.7119
engrailed,bioemu,3.5414
engrailed,bioemu,3.563
engrailed,bioemu,2.3565
engrailed,bioemu,2.6788
engrailed,bioemu,3.5126
engrailed,bioemu,3.1947
engrailed,bioemu,2.153
engrailed,bioemu,4.2482
engrailed,bioemu,3.8264
engrailed,bioemu,2.2265
engrailed,bioemu,2.2537
engrailed,bioemu,3.3094
engrailed,bioemu,2.0206
engrailed,bioemu,3.4484
engrailed,bioemu,4.1769
engrailed,bioemu,3.3047
engrailed,bioemu,2.3411
engrailed,bioemu,2.3716
engrailed,bioemu,2.3325
engrailed,bioemu,2.3166
engrailed,bioemu,4.5006
engrailed,bioemu,3.0904
engrailed,bioemu,3.375
engrailed,bioemu,2.489
engrailed,bioemu,2.3134
engrailed,bioemu,4.546
engrailed,bioemu,3.6672
engrailed,bioemu,2.1393
engrailed,bioemu,1.819
engrailed,bioemu,4.4558
engrailed,bioemu,2.8105
engrailed,bioemu,2.7525
engrailed,bioemu,3.5098
engrailed,bioemu,3.5723
engrailed,bioemu,2.9285
engrailed,bioemu,3.0045
engrailed,bioemu,2.8828
engrailed,bioemu,2.1781
engrailed,bioemu,3.1547
engrailed,bioemu,3.4115
engrailed,bioemu,2.3849
engrailed,bioemu,2.3287
engrailed,bioemu,3.1623
engrailed,bioemu,2.3251
engrailed,bioemu,2.3921
engrailed,bioemu,2.7524
engrailed,bioemu,2.5761
engrailed,bioemu,4.2044
engrailed,bioemu,2.6043
engrailed,bioemu,2.4474
engrailed,bioemu,2.413
engrailed,bioemu,1.8972
engrailed,bioemu,1.3737
engrailed,bioemu,4.184
engrailed,bioemu,2.9873
engrailed,bioemu,2.8788
engrailed,bioemu,1.6818
engrailed,bioemu,3.068
engrailed,bioemu,3.0637
engrailed,bioemu,2.7224
engrailed,bioemu,3.5604
engrailed,bioemu,2.9468
engrailed,bioemu,3.3868
engrailed,bioemu,3.625
engrailed,bioemu,4.7022
engrailed,bioemu,2.9158
engrailed,bioemu,2.7172
engrailed,bioemu,2.9763
engrailed,bioemu,2.6538
engrailed,bioemu,3.3642
engrailed,bioemu,2.7678
engrailed,bioemu,2.6786
engrailed,bioemu,3.3337
engrailed,bioemu,3.1069
engrailed,bioemu,3.8969
engrailed,bioemu,3.2835
engrailed,bioemu,2.615
engrailed,bioemu,1.3445
engrailed,bioemu,2.2828
engrailed,bioemu,3.4721
engrailed,bioemu,2.9621
engrailed,bioemu,2.4559
engrailed,bioemu,3.1927
engrailed,bioemu,3.8839
engrailed,bioemu,3.0166
engrailed,bioemu,2.9861
engrailed,bioemu,2.6186
engrailed,bioemu,2.2941
engrailed,bioemu,4.0193
engrailed,bioemu,2.7449
engrailed,bioemu,1.9953
engrailed,bioemu,2.3666
engrailed,bioemu,2.4299
engrailed,bioemu,2.6739
engrailed,bioemu,2.6636
engrailed,bioemu,3.297
engrailed,bioemu,2.8489
engrailed,bioemu,4.3747
engrailed,bioemu,2.6071
engrailed,bioemu,2.5253
engrailed,bioemu,2.4742
engrailed,bioemu,2.3476
engrailed,bioemu,2.2119
engrailed,bioemu,3.4416
engrailed,bioemu,2.6027
engrailed,bioemu,3.0956
engrailed,bioemu,1.9094
engrailed,bioemu,2.827
engrailed,bioemu,3.3557
engrailed,bioemu,2.7778
engrailed,bioemu,3.517
engrailed,bioemu,2.8281
engrailed,bioemu,3.147
engrailed,bioemu,3.1709
engrailed,bioemu,4.8417
engrailed,bioemu,2.7417
engrailed,bioemu,3.3631
engrailed,bioemu,3.1466
engrailed,bioemu,2.65
engrailed,bioemu,3.2589
engrailed,bioemu,2.9491
engrailed,bioemu,3.5197
engrailed,bioemu,2.6355
engrailed,bioemu,2.3839
engrailed,bioemu,3.1029
engrailed,bioemu,3.1234
engrailed,bioemu,2.8151
engrailed,bioemu,2.303
engrailed,bioemu,3.9388
engrailed,bioemu,1.9429
engrailed,bioemu,2.0022
engrailed,bioemu,2.4082
engrailed,bioemu,2.9011
engrailed,bioemu,1.9724
engrailed,bioemu,2.8882
engrailed,bioemu,2.0052
engrailed,bioemu,1.3912
engrailed,bioemu,3.5868
engrailed,bioemu,2.6183
engrailed,bioemu,2.161
engrailed,bioemu,1.8513
engrailed,bioemu,2.3599
engrailed,bioemu,1.7563
engrailed,bioemu,2.0689
engrailed,bioemu,1.8274
engrailed,bioemu,2.2368
engrailed,bioemu,4.5987
engrailed,bioemu,1.8234
engrailed,bioemu,1.5516
engrailed,bioemu,1.9948
engrailed,bioemu,1.5522
engrailed,bioemu,1.6371
engrailed,bioemu,3.306
engrailed,bioemu,2.3229
engrailed,bioemu,2.6007
engrailed,bioemu,1.5757
engrailed,bioemu,2.1708
engrailed,bioemu,3.1535
engrailed,bioemu,2.6046
engrailed,bioemu,2.6242
engrailed,bioemu,2.2568
engrailed,bioemu,3.0111
engrailed,bioemu,2.6547
engrailed,bioemu,4.2976
engrailed,bioemu,2.9312
engrailed,bioemu,2.0911
engrailed,bioemu,1.9917
engrailed,bioemu,1.6461
engrailed,bioemu,2.7114
engrailed,bioemu,2.0539
engrailed,bioemu,2.7862
engrailed,bioemu,2.8263
engrailed,bioemu,2.4225
engrailed,bioemu,3.2244
engrailed,bioemu,2.5199
engrailed,bioemu,3.1824
engrailed,bioemu,1.8593
engrailed,bioemu,3.2994
engrailed,bioemu,3.3882
engrailed,bioemu,4.0709
engrailed,bioemu,4.1252
engrailed,bioemu,3.3255
engrailed,bioemu,3.6438
engrailed,bioemu,3.1391
engrailed,bioemu,3.4892
engrailed,bioemu,4.9642
engrailed,bioemu,3.8225
engrailed,bioemu,3.2566
engrailed,bioemu,3.5886
engrailed,bioemu,3.0626
engrailed,bioemu,3.3398
engrailed,bioemu,3.2388
engrailed,bioemu,4.1386
engrailed,bioemu,4.0587
engrailed,bioemu,4.1812
engrailed,bioemu,3.1042
engrailed,bioemu,3.1492
engrailed,bioemu,3.4859
engrailed,bioemu,4.0608
engrailed,bioemu,4.2344
engrailed,bioemu,2.2511
engrailed,bioemu,2.7858
engrailed,bioemu,4.2898
engrailed,bioemu,3.701
engrailed,bioemu,3.1666
engrailed,bioemu,4.2434
engrailed,bioemu,4.3222
engrailed,bioemu,3.1581
engrailed,bioemu,2.9026
engrailed,bioemu,3.3603
engrailed,bioemu,2.6105
engrailed,bioemu,4.0429
engrailed,bioemu,4.1288
engrailed,bioemu,4.4095
engrailed,bioemu,3.4426
engrailed,bioemu,3.3625
engrailed,bioemu,2.9923
engrailed,bioemu,3.1981
engrailed,bioemu,5.6257
engrailed,bioemu,2.87
engrailed,bioemu,3.1553
engrailed,bioemu,2.0077
engrailed,bioemu,2.7081
engrailed,bioemu,4.4054
engrailed,bioemu,4.2951
engrailed,bioemu,2.0753
engrailed,bioemu,2.7561
engrailed,bioemu,2.0048
engrailed,bioemu,0.9504
engrailed,bioemu,2.2977
engrailed,bioemu,1.593
engrailed,bioemu,1.7656
engrailed,bioemu,3.6607
engrailed,bioemu,2.8694
engrailed,bioemu,2.705
engrailed,bioemu,2.0703
engrailed,bioemu,2.1168
engrailed,bioemu,1.2964
engrailed,bioemu,1.6531
engrailed,bioemu,1.8069
engrailed,bioemu,2.5082
engrailed,bioemu,4.1813
engrailed,bioemu,1.2445
engrailed,bioemu,1.3811
engrailed,bioemu,2.1424
engrailed,bioemu,2.3313
engrailed,bioemu,2.6443
engrailed,bioemu,2.4726
engrailed,bioemu,1.8469
engrailed,bioemu,2.6713
engrailed,bioemu,2.2199
engrailed,bioemu,1.584
engrailed,bioemu,3.3055
engrailed,bioemu,2.9064
engrailed,bioemu,1.5128
engrailed,bioemu,1.2917
engrailed,bioemu,2.6205
engrailed,bioemu,1.9349
engrailed,bioemu,3.2326
engrailed,bioemu,3.3756
engrailed,bioemu,2.2699
engrailed,bioemu,1.4813
engrailed,bioemu,1.7654
engrailed,bioemu,1.5252
engrailed,bioemu,1.155
engrailed,bioemu,3.4447
engrailed,bioemu,2.5583
engrailed,bioemu,2.8239
engrailed,bioemu,2.5003
engrailed,bioemu,1.5283
engrailed,bioemu,3.417
engrailed,bioemu,2.4667
engrailed,bioemu,2.493
engrailed,bioemu,2.9019
engrailed,bioemu,1.8792
engrailed,bioemu,2.977
engrailed,bioemu,1.1777
engrailed,bioemu,1.63
engrailed,bioemu,4.3819
engrailed,bioemu,2.3277
engrailed,bioemu,1.9463
engrailed,bioemu,1.4665
engrailed,bioemu,1.8642
engrailed,bioemu,1.9136
engrailed,bioemu,1.9063
engrailed,bioemu,2.2969
engrailed,bioemu,1.9092
engrailed,bioemu,4.1763
engrailed,bioemu,2.0139
engrailed,bioemu,2.048
engrailed,bioemu,2.7428
engrailed,bioemu,2.7014
engrailed,bioemu,2.0166
engrailed,bioemu,2.8516
engrailed,bioemu,2.2788
engrailed,bioemu,3.4024
engrailed,bioemu,2.2181
engrailed,bioemu,1.584
engrailed,bioemu,4.1525
engrailed,bioemu,2.3541
engrailed,bioemu,2.1715
engrailed,bioemu,1.7633
engrailed,bioemu,2.0346
engrailed,bioemu,2.3854
engrailed,bioemu,3.71
engrailed,bioemu,2.8599
engrailed,bioemu,2.8829
engrailed,bioemu,2.3907
engrailed,bioemu,1.6009
engrailed,bioemu,2.1461
engrailed,bioemu,1.849
engrailed,bioemu,3.8646
engrailed,bioemu,2.2416
engrailed,bioemu,2.1434
engrailed,bioemu,2.4366
engrailed,bioemu,2.4343
engrailed,bioemu,3.3926
engrailed,bioemu,2.7722
engrailed,bioemu,3.1413
engrailed,bioemu,2.4413
engrailed,bioemu,3.9009
engrailed,bioemu,2.2948
engrailed,bioemu,2.2664
engrailed,bioemu,5.4872
engrailed,bioemu,1.7908
engrailed,bioemu,2.9225
engrailed,bioemu,2.1535
engrailed,bioemu,2.2109
engrailed,bioemu,2.6465
engrailed,bioemu,2.9233
engrailed,bioemu,2.9266
engrailed,bioemu,2.4805
engrailed,bioemu,5.7288
engrailed,bioemu,2.6064
engrailed,bioemu,2.7681
engrailed,bioemu,2.7872
engrailed,bioemu,3.2761
engrailed,bioemu,2.9392
engrailed,bioemu,2.9067
engrailed,bioemu,3.2482
engrailed,bioemu,3.8429
engrailed,bioemu,3.0785
engrailed,bioemu,2.1184
engrailed,bioemu,4.8271
engrailed,bioemu,3.6521
engrailed,bioemu,2.6105
engrailed,bioemu,2.6514
engrailed,bioemu,3.6632
engrailed,bioemu,2.5183
engrailed,bioemu,4.3796
engrailed,bioemu,4.3116
engrailed,bioemu,3.3602
engrailed,bioemu,2.3474
engrailed,bioemu,1.9062
engrailed,bioemu,2.9888
engrailed,bioemu,2.5012
engrailed,bioemu,3.5416
engrailed,bioemu,3.5674
engrailed,bioemu,3.3507
engrailed,bioemu,3.121
engrailed,bioemu,2.6871
engrailed,bioemu,4.3882
engrailed,bioemu,3.4326
engrailed,bioemu,1.8847
engrailed,bioemu,2.2763
engrailed,bioemu,2.4536
engrailed,bioemu,3.013
engrailed,bioemu,3.9064
engrailed,bioemu,3.4732
engrailed,bioemu,3.9053
engrailed,bioemu,2.652
engrailed,bioemu,2.8039
engrailed,bioemu,2.0077
engrailed,bioemu,2.2446
engrailed,bioemu,2.0537
engrailed,bioemu,2.2889
engrailed,bioemu,3.9106
engrailed,bioemu,2.2572
engrailed,bioemu,2.4174
engrailed,bioemu,2.6952
engrailed,bioemu,3.4232
engrailed,bioemu,3.3445
engrailed,bioemu,3.4379
engrailed,bioemu,2.5442
engrailed,bioemu,2.6866
engrailed,bioemu,3.2888
engrailed,bioemu,2.3217
engrailed,bioemu,3.9704
engrailed,bioemu,3.0622
engrailed,bioemu,1.7253
engrailed,bioemu,2.1193
engrailed,bioemu,2.7534
engrailed,bioemu,2.8042
engrailed,bioemu,2.2051
engrailed,bioemu,3.7043
engrailed,bioemu,2.1883
engrailed,bioemu,2.5544
engrailed,bioemu,2.6294
engrailed,bioemu,1.987
engrailed,bioemu,2.1
engrailed,bioemu,3.897
engrailed,bioemu,3.1185
engrailed,bioemu,3.8125
engrailed,bioemu,3.4204
engrailed,bioemu,2.7942
engrailed,bioemu,3.8767
engrailed,bioemu,2.9079
engrailed,bioemu,2.5231
engrailed,bioemu,1.3123
engrailed,bioemu,1.6309
engrailed,bioemu,4.042
engrailed,bioemu,2.6329
engrailed,bioemu,2.5717
engrailed,bioemu,1.7584
engrailed,bioemu,1.9191
engrailed,bioemu,1.3256
engrailed,bioemu,1.5578
engrailed,bioemu,1.768
engrailed,bioemu,2.1282
engrailed,bioemu,4.2715
engrailed,bioemu,1.3942
engrailed,bioemu,1.5986
engrailed,bioemu,2.2341
engrailed,bioemu,2.4821
engrailed,bioemu,2.4955
engrailed,bioemu,2.4151
engrailed,bioemu,2.0511
engrailed,bioemu,2.9269
engrailed,bioemu,2.2794
engrailed,bioemu,1.3267
engrailed,bioemu,3.6601
engrailed,bioemu,2.9197
engrailed,bioemu,1.3016
engrailed,bioemu,1.021
engrailed,bioemu,2.5431
engrailed,bioemu,1.7546
engrailed,bioemu,3.0225
engrailed,bioemu,3.4714
engrailed,bioemu,2.3475
engrailed,bioemu,1.4413
engrailed,bioemu,1.455
engrailed,bioemu,1.335
engrailed,bioemu,0.9626
engrailed,bioemu,3.5826
engrailed,bioemu,2.5985
engrailed,bioemu,2.8472
engrailed,bioemu,2.3584
engrailed,bioemu,1.4778
engrailed,bioemu,3.6258
engrailed,bioemu,2.5769
engrailed,bioemu,2.7089
engrailed,bioemu,3.1011
engrailed,bioemu,3.0336
engrailed,bioemu,3.6592
engrailed,bioemu,3.6039
engrailed,bioemu,2.7801
engrailed,bioemu,2.7945
engrailed,bioemu,2.135
engrailed,bioemu,2.1451
engrailed,bioemu,2.6712
engrailed,bioemu,2.8603
engrailed,bioemu,3.0116
engrailed,bioemu,2.0871
engrailed,bioemu,2.1304
engrailed,bioemu,2.5283
engrailed,bioemu,3.1662
engrailed,bioemu,3.2041
engrailed,bioemu,3.7189
engrailed,bioemu,1.7198
engrailed,bioemu,1.9715
engrailed,bioemu,2.8004
engrailed,bioemu,2.8171
engrailed,bioemu,3.0473
engrailed,bioemu,2.3411
engrailed,bioemu,2.6282
engrailed,bioemu,2.3047
engrailed,bioemu,2.3228
engrailed,bioemu,3.2842
engrailed,bioemu,3.1001
engrailed,bioemu,2.6354
engrailed,bioemu,2.5377
engrailed,bioemu,3.1978
engrailed,bioemu,3.1247
engrailed,bioemu,2.292
engrailed,bioemu,2.6136
engrailed,bioemu,3.87
engrailed,bioemu,2.1426
engrailed,bioemu,3.2121
engrailed,bioemu,3.4361
engrailed,bioemu,3.1167
engrailed,bioemu,2.8973
engrailed,bioemu,2.3572
engrailed,bioemu,1.4979
engrailed,bioemu,4.3803
engrailed,bioemu,2.1298
engrailed,bioemu,2.1364
engrailed,bioemu,1.4757
engrailed,bioemu,1.6966
engrailed,bioemu,1.4371
engrailed,bioemu,1.4588
engrailed,bioemu,2.1702
engrailed,bioemu,1.9453
engrailed,bioemu,4.2207
engrailed,bioemu,1.4549
engrailed,bioemu,1.8039
engrailed,bioemu,2.4409
engrailed,bioemu,2.6456
engrailed,bioemu,2.2855
engrailed,bioemu,2.3597
engrailed,bioemu,2.0548
engrailed,bioemu,3.2925
engrailed,bioemu,2.2801
engrailed,bioemu,1.0697
engrailed,bioemu,4.0417
engrailed,bioemu,2.6411
engrailed,bioemu,1.7436
engrailed,bioemu,1.0712
engrailed,bioemu,2.0888
engrailed,bioemu,1.9799
engrailed,bioemu,3.3385
engrailed,bioemu,3.1773
engrailed,bioemu,2.7739
engrailed,bioemu,2.0881
engrailed,bioemu,1.4869
engrailed,bioemu,1.5968
engrailed,bioemu,1.2761
engrailed,bioemu,3.8247
engrailed,bioemu,2.2339
engrailed,bioemu,2.4088
engrailed,bioemu,2.0529
engrailed,bioemu,1.8323
engrailed,bioemu,3.4625
engrailed,bioemu,2.706
engrailed,bioemu,4.1851
engrailed,bioemu,2.2004
engrailed,bioemu,1.4706
engrailed,bioemu,1.3791
engrailed,bioemu,2.0065
engrailed,bioemu,1.7196
engrailed,bioemu,1.8488
engrailed,bioemu,2.1431
engrailed,bioemu,2.2009
engrailed,bioemu,4.7475
engrailed,bioemu,1.7436
engrailed,bioemu,1.8067
engrailed,bioemu,2.2883
engrailed,bioemu,1.8921
engrailed,bioemu,1.6097
engrailed,bioemu,2.6461
engrailed,bioemu,2.4254
engrailed,bioemu,3.2624
engrailed,bioemu,1.443
engrailed,bioemu,1.5644
engrailed,bioemu,3.6105
engrailed,bioemu,2.8921
engrailed,bioemu,2.3638
engrailed,bioemu,1.7184
engrailed,bioemu,2.9379
engrailed,bioemu,1.9783
engrailed,bioemu,4.1581
engrailed,bioemu,3.2629
engrailed,bioemu,2.8031
engrailed,bioemu,1.6939
engrailed,bioemu,1.2077
engrailed,bioemu,2.2998
engrailed,bioemu,1.5241
engrailed,bioemu,3.2178
engrailed,bioemu,2.7784
engrailed,bioemu,2.3115
engrailed,bioemu,2.4827
engrailed,bioemu,1.8812
engrailed,bioemu,3.4476
engrailed,bioemu,2.3037
engrailed,bioemu,5.4669
engrailed,bioemu,4.5684
engrailed,bioemu,4.3637
engrailed,bioemu,4.643
engrailed,bioemu,3.4963
engrailed,bioemu,3.6243
engrailed,bioemu,3.5218
engrailed,bioemu,4.2182
engrailed,bioemu,3.2583
engrailed,bioemu,3.675
engrailed,bioemu,3.3139
engrailed,bioemu,3.4332
engrailed,bioemu,3.3586
engrailed,bioemu,3.8794
engrailed,bioemu,5.1748
engrailed,bioemu,3.4897
engrailed,bioemu,2.6156
engrailed,bioemu,3.5823
engrailed,bioemu,4.5615
engrailed,bioemu,2.2032
engrailed,bioemu,3.6887
engrailed,bioemu,4.3566
engrailed,bioemu,4.1724
engrailed,bioemu,4.0132
engrailed,bioemu,4.7906
engrailed,bioemu,4.4505
engrailed,bioemu,3.3542
engrailed,bioemu,3.0066
engrailed,bioemu,4.2774
engrailed,bioemu,4.4662
engrailed,bioemu,4.1628
engrailed,bioemu,4.0857
engrailed,bioemu,4.1038
engrailed,bioemu,3.9913
engrailed,bioemu,4.3915
engrailed,bioemu,5.1143
engrailed,bioemu,4.4874
engrailed,bioemu,3.3157
engrailed,bioemu,2.9077
engrailed,bioemu,2.5415
engrailed,bioemu,2.0227
engrailed,bioemu,1.8351
engrailed,bioemu,2.7616
engrailed,bioemu,2.7488
engrailed,bioemu,3.4056
engrailed,bioemu,2.6575
engrailed,bioemu,5.4762
engrailed,bioemu,2.6111
engrailed,bioemu,2.7665
engrailed,bioemu,2.9327
engrailed,bioemu,3.1897
engrailed,bioemu,2.8367
engrailed,bioemu,2.9039
engrailed,bioemu,2.9721
engrailed,bioemu,3.8255
engrailed,bioemu,2.8683
engrailed,bioemu,2.0448
engrailed,bioemu,4.8285
engrailed,bioemu,3.2438
engrailed,bioemu,2.9536
engrailed,bioemu,2.4887
engrailed,bioemu,3.3088
engrailed,bioemu,2.7169
engrailed,bioemu,4.6146
engrailed,bioemu,3.9928
engrailed,bioemu,3.773
engrailed,bioemu,2.733
engrailed,bioemu,2.1846
engrailed,bioemu,2.9468
engrailed,bioemu,2.5299
engrailed,bioemu,3.5788
engrailed,bioemu,3.0197
engrailed,bioemu,2.9446
engrailed,bioemu,2.9644
engrailed,bioemu,2.7889
engrailed,bioemu,3.8951
engrailed,bioemu,3.4415
engrailed,bioemu,1.9339
engrailed,bioemu,2.3678
engrailed,bioemu,2.5198
engrailed,bioemu,2.4296
engrailed,bioemu,3.0897
engrailed,bioemu,2.7106
engrailed,bioemu,4.7888
engrailed,bioemu,2.5513
engrailed,bioemu,2.4944
engrailed,bioemu,2.9679
engrailed,bioemu,2.2493
engrailed,bioemu,1.8559
engrailed,bioemu,2.9676
engrailed,bioemu,2.8393
engrailed,bioemu,3.9118
engrailed,bioemu,1.7123
engrailed,bioemu,2.289
engrailed,bioemu,3.9138
engrailed,bioemu,3.2429
engrailed,bioemu,3.1231
engrailed,bioemu,2.3565
engrailed,bioemu,3.1442
engrailed,bioemu,2.5201
engrailed,bioemu,4.7462
engrailed,bioemu,3.2943
engrailed,bioemu,3.6052
engrailed,bioemu,2.5189
engrailed,bioemu,1.916
engrailed,bioemu,2.9615
engrailed,bioemu,2.4007
engrailed,bioemu,3.863
engrailed,bioemu,2.8451
engrailed,bioemu,2.2202
engrailed,bioemu,2.465
engrailed,bioemu,2.4627
engrailed,bioemu,3.4462
engrailed,bioemu,2.7621
engrailed,bioemu,1.7758
engrailed,bioemu,1.761
engrailed,bioemu,1.706
engrailed,bioemu,2.2766
engrailed,bioemu,1.4518
engrailed,bioemu,4.3391
engrailed,bioemu,1.9493
engrailed,bioemu,1.9913
engrailed,bioemu,2.4142
engrailed,bioemu,2.5547
engrailed,bioemu,1.5568
engrailed,bioemu,3.0453
engrailed,bioemu,2.3633
engrailed,bioemu,3.1668
engrailed,bioemu,1.8266
engrailed,bioemu,1.4273
engrailed,bioemu,4.0232
engrailed,bioemu,2.3993
engrailed,bioemu,2.2078
engrailed,bioemu,1.6438
engrailed,bioemu,2.4866
engrailed,bioemu,2.3218
engrailed,bioemu,3.6588
engrailed,bioemu,3.0784
engrailed,bioemu,2.7711
engrailed,bioemu,2.1544
engrailed,bioemu,1.3571
engrailed,bioemu,2.1707
engrailed,bioemu,1.5813
engrailed,bioemu,3.3641
engrailed,bioemu,2.5422
engrailed,bioemu,2.4468
engrailed,bioemu,2.6067
engrailed,bioemu,2.2954
engrailed,bioemu,3.2598
engrailed,bioemu,2.3879
engrailed,bioemu,2.1761
engrailed,bioemu,2.1306
engrailed,bioemu,2.7182
engrailed,bioemu,2.3775
engrailed,bioemu,4.544
engrailed,bioemu,1.9511
engrailed,bioemu,1.9898
engrailed,bioemu,2.5481
engrailed,bioemu,2.7669
engrailed,bioemu,2.6718
engrailed,bioemu,2.5719
engrailed,bioemu,1.9723
engrailed,bioemu,3.1844
engrailed,bioemu,2.3565
engrailed,bioemu,1.5673
engrailed,bioemu,3.9832
engrailed,bioemu,2.7571
engrailed,bioemu,2.2002
engrailed,bioemu,1.7868
engrailed,bioemu,2.5964
engrailed,bioemu,2.2138
engrailed,bioemu,3.8661
engrailed,bioemu,3.3077
engrailed,bioemu,3.2381
engrailed,bioemu,2.2204
engrailed,bioemu,1.8507
engrailed,bioemu,2.1768
engrailed,bioemu,1.9268
engrailed,bioemu,3.6562
engrailed,bioemu,2.162
engrailed,bioemu,2.3679
engrailed,bioemu,2.3139
engrailed,bioemu,2.1285
engrailed,bioemu,3.3502
engrailed,bioemu,3.0554
engrailed,bioemu,0.9853
engrailed,bioemu,1.7055
engrailed,bioemu,1.9599
engrailed,bioemu,3.8059
engrailed,bioemu,0.9609
engrailed,bioemu,1.2717
engrailed,bioemu,1.8464
engrailed,bioemu,2.3889
engrailed,bioemu,2.1295
engrailed,bioemu,2.7851
engrailed,bioemu,1.7209
engrailed,bioemu,2.5617
engrailed,bioemu,2.0539
engrailed,bioemu,1.6091
engrailed,bioemu,3.3408
engrailed,bioemu,2.5388
engrailed,bioemu,1.7205
engrailed,bioemu,1.3301
engrailed,bioemu,2.2299
engrailed,bioemu,2.2445
engrailed,bioemu,3.0722
engrailed,bioemu,2.9654
engrailed,bioemu,2.043
engrailed,bioemu,1.9152
engrailed,bioemu,1.6941
engrailed,bioemu,1.6097
engrailed,bioemu,1.2776
engrailed,bioemu,3.3322
engrailed,bioemu,2.3148
engrailed,bioemu,2.7471
engrailed,bioemu,2.5939
engrailed,bioemu,1.9272
engrailed,bioemu,3.1311
engrailed,bioemu,1.9303
engrailed,bioemu,2.0853
engrailed,bioemu,1.9496
engrailed,bioemu,3.5168
engrailed,bioemu,1.356
engrailed,bioemu,1.4784
engrailed,bioemu,2.1714
engrailed,bioemu,2.5684
engrailed,bioemu,2.0914
engrailed,bioemu,2.9499
engrailed,bioemu,1.6964
engrailed,bioemu,2.8099
engrailed,bioemu,2.1918
engrailed,bioemu,1.6129
engrailed,bioemu,3.532
engrailed,bioemu,2.3112
engrailed,bioemu,1.956
engrailed,bioemu,1.2551
engrailed,bioemu,1.8777
engrailed,bioemu,2.5061
engrailed,bioemu,3.0446
engrailed,bioemu,2.786
engrailed,bioemu,2.4766
engrailed,bioemu,2.3053
engrailed,bioemu,1.9546
engrailed,bioemu,1.5886
engrailed,bioemu,1.4141
engrailed,bioemu,3.4954
engrailed,bioemu,2.0927
engrailed,bioemu,2.7054
engrailed,bioemu,2.5807
engrailed,bioemu,2.0642
engrailed,bioemu,2.8837
engrailed,bioemu,2.0762
engrailed,bioemu,2.2038
engrailed,bioemu,4.1819
engrailed,bioemu,2.0004
engrailed,bioemu,1.8722
engrailed,bioemu,2.49
engrailed,bioemu,2.5159
engrailed,bioemu,2.4505
engrailed,bioemu,3.4148
engrailed,bioemu,2.4075
engrailed,bioemu,2.5989
engrailed,bioemu,2.307
engrailed,bioemu,2.1394
engrailed,bioemu,3.5068
engrailed,bioemu,2.6685
engrailed,bioemu,2.0335
engrailed,bioemu,2.1654
engrailed,bioemu,2.7732
engrailed,bioemu,2.6237
engrailed,bioemu,3.3887
engrailed,bioemu,3.0232
engrailed,bioemu,1.7676
engrailed,bioemu,2.2194
engrailed,bioemu,2.0018
engrailed,bioemu,2.2633
engrailed,bioemu,1.9251
engrailed,bioemu,3.4242
engrailed,bioemu,2.9826
engrailed,bioemu,2.9127
engrailed,bioemu,3.2727
engrailed,bioemu,2.7158
engrailed,bioemu,3.6294
engrailed,bioemu,2.3542
engrailed,bioemu,3.9386
engrailed,bioemu,2.334
engrailed,bioemu,2.4287
engrailed,bioemu,2.4999
engrailed,bioemu,2.9338
engrailed,bioemu,1.9023
engrailed,bioemu,3.5733
engrailed,bioemu,2.7609
engrailed,bioemu,3.0314
engrailed,bioemu,2.4981
engrailed,bioemu,2.0563
engrailed,bioemu,4.1624
engrailed,bioemu,2.3789
engrailed,bioemu,2.3348
engrailed,bioemu,2.1138
engrailed,bioemu,2.4154
engrailed,bioemu,2.87
engrailed,bioemu,3.1311
engrailed,bioemu,3.0189
engrailed,bioemu,2.5021
engrailed,bioemu,2.6893
engrailed,bioemu,2.0151
engrailed,bioemu,2.3927
engrailed,bioemu,2.055
engrailed,bioemu,3.5724
engrailed,bioemu,2.9003
engrailed,bioemu,3.0608
engrailed,bioemu,3.1671
engrailed,bioemu,2.9102
engrailed,bioemu,3.381
engrailed,bioemu,2.3935
engrailed,bioemu,4.0394
engrailed,bioemu,3.9097
engrailed,bioemu,4.2014
engrailed,bioemu,4.645
engrailed,bioemu,4.327
engrailed,bioemu,5.1023
engrailed,bioemu,3.4882
engrailed,bioemu,3.6866
engrailed,bioemu,4.4372
engrailed,bioemu,4.4912
engrailed,bioemu,4.1999
engrailed,bioemu,3.3961
engrailed,bioemu,4.0761
engrailed,bioemu,3.9634
engrailed,bioemu,2.8003
engrailed,bioemu,4.888
engrailed,bioemu,3.2855
engrailed,bioemu,3.0643
engrailed,bioemu,3.9024
engrailed,bioemu,4.9834
engrailed,bioemu,4.7559
engrailed,bioemu,3.7572
engrailed,bioemu,4.2191
engrailed,bioemu,5.5982
engrailed,bioemu,3.3674
engrailed,bioemu,4.412
engrailed,bioemu,4.5699
engrailed,bioemu,4.6816
engrailed,bioemu,3.4409
engrailed,bioemu,3.7452
engrailed,bioemu,1.1766
engrailed,bioemu,1.7625
engrailed,bioemu,2.4365
engrailed,bioemu,2.4689
engrailed,bioemu,2.4695
engrailed,bioemu,1.4917
engrailed,bioemu,2.4767
engrailed,bioemu,2.1372
engrailed,bioemu,1.6382
engrailed,bioemu,3.222
engrailed,bioemu,2.7368
engrailed,bioemu,1.8219
engrailed,bioemu,1.4174
engrailed,bioemu,2.3941
engrailed,bioemu,2.0489
engrailed,bioemu,3.3272
engrailed,bioemu,3.0839
engrailed,bioemu,2.2878
engrailed,bioemu,1.8492
engrailed,bioemu,1.8453
engrailed,bioemu,1.5874
engrailed,bioemu,1.4533
engrailed,bioemu,3.5028
engrailed,bioemu,2.2054
engrailed,bioemu,2.673
engrailed,bioemu,2.4234
engrailed,bioemu,1.7783
engrailed,bioemu,3.3015
engrailed,bioemu,2.2063
engrailed,bioemu,1.8823
engrailed,bioemu,2.1412
engrailed,bioemu,2.3279
engrailed,bioemu,2.8382
engrailed,bioemu,1.2543
engrailed,bioemu,2.1658
engrailed,bioemu,1.8929
engrailed,bioemu,1.842
engrailed,bioemu,2.9333
engrailed,bioemu,2.394
engrailed,bioemu,2.0229
engrailed,bioemu,1.7046
engrailed,bioemu,2.3363
engrailed,bioemu,2.325
engrailed,bioemu,3.577
engrailed,bioemu,2.6448
engrailed,bioemu,2.1124
engrailed,bioemu,1.9543
engrailed,bioemu,1.865
engrailed,bioemu,2.0321
engrailed,bioemu,1.6597
engrailed,bioemu,3.2791
engrailed,bioemu,1.9557
engrailed,bioemu,2.2685
engrailed,bioemu,2.6642
engrailed,bioemu,2.0581
engrailed,bioemu,3.0432
engrailed,bioemu,2.1477
engrailed,bioemu,2.4945
engrailed,bioemu,2.5922
engrailed,bioemu,2.9202
engrailed,bioemu,2.3202
engrailed,bioemu,2.1652
engrailed,bioemu,2.4195
engrailed,bioemu,2.5452
engrailed,bioemu,2.8159
engrailed,bioemu,3.1048
engrailed,bioemu,2.695
engrailed,bioemu,2.4126
engrailed,bioemu,3.1988
engrailed,bioemu,2.7277
engrailed,bioemu,3.7258
engrailed,bioemu,3.3471
engrailed,bioemu,2.1878
engrailed,bioemu,2.3241
engrailed,bioemu,2.4126
engrailed,bioemu,2.6016
engrailed,bioemu,2.292
engrailed,bioemu,3.209
engrailed,bioemu,2.9575
engrailed,bioemu,3.2144
engrailed,bioemu,3.2463
engrailed,bioemu,2.5224
engrailed,bioemu,3.3944
engrailed,bioemu,2.1006
engrailed,bioemu,2.0219
engrailed,bioemu,3.5575
engrailed,bioemu,2.7547
engrailed,bioemu,2.9439
engrailed,bioemu,1.5174
engrailed,bioemu,2.6912
engrailed,bioemu,2.8412
engrailed,bioemu,3.1083
engrailed,bioemu,3.2061
engrailed,bioemu,2.6689
engrailed,bioemu,3.5498
engrailed,bioemu,3.0188
engrailed,bioemu,4.795
engrailed,bioemu,3.2668
engrailed,bioemu,2.6078
engrailed,bioemu,2.3631
engrailed,bioemu,2.1988
engrailed,bioemu,3.1644
engrailed,bioemu,2.4539
engrailed,bioemu,2.8107
engrailed,bioemu,3.2353
engrailed,bioemu,2.7352
engrailed,bioemu,3.4675
engrailed,bioemu,2.7806
engrailed,bioemu,2.955
engrailed,bioemu,2.0554
engrailed,bioemu,3.858
engrailed,bioemu,2.8747
engrailed,bioemu,3.258
engrailed,bioemu,1.5486
engrailed,bioemu,2.4327
engrailed,bioemu,3.773
engrailed,bioemu,2.4608
engrailed,bioemu,3.1166
engrailed,bioemu,2.5164
engrailed,bioemu,2.973
engrailed,bioemu,3.1843
engrailed,bioemu,4.4049
engrailed,bioemu,2.8288
engrailed,bioemu,2.7479
engrailed,bioemu,2.6939
engrailed,bioemu,1.9745
engrailed,bioemu,3.0417
engrailed,bioemu,2.3502
engrailed,bioemu,3.0328
engrailed,bioemu,3.0446
engrailed,bioemu,2.6432
engrailed,bioemu,3.3872
engrailed,bioemu,3.0236
engrailed,bioemu,2.9521
engrailed,bioemu,1.8101
engrailed,bioemu,2.9246
engrailed,bioemu,4.0823
engrailed,bioemu,3.3501
engrailed,bioemu,2.2532
engrailed,bioemu,4.3054
engrailed,bioemu,4.3455
engrailed,bioemu,2.4794
engrailed,bioemu,2.3508
engrailed,bioemu,3.57
engrailed,bioemu,1.5868
engrailed,bioemu,3.9204
engrailed,bioemu,4.5654
engrailed,bioemu,3.9035
engrailed,bioemu,2.3315
engrailed,bioemu,2.4754
engrailed,bioemu,2.3612
engrailed,bioemu,2.3754
engrailed,bioemu,4.8922
engrailed,bioemu,3.272
engrailed,bioemu,3.3389
engrailed,bioemu,1.7711
engrailed,bioemu,1.8855
engrailed,bioemu,4.6886
engrailed,bioemu,4.009
engrailed,bioemu,2.3134
engrailed,bioemu,2.3485
engrailed,bioemu,2.0664
engrailed,bioemu,3.1194
engrailed,bioemu,2.2341
engrailed,bioemu,2.2426
engrailed,bioemu,1.8181
engrailed,bioemu,1.9459
engrailed,bioemu,2.5784
engrailed,bioemu,3.4521
engrailed,bioemu,2.3919
engrailed,bioemu,2.6004
engrailed,bioemu,2.5586
engrailed,bioemu,2.4085
engrailed,bioemu,1.9389
engrailed,bioemu,2.102
engrailed,bioemu,3.8263
engrailed,bioemu,1.2138
engrailed,bioemu,2.2292
engrailed,bioemu,2.6451
engrailed,bioemu,2.4078
engrailed,bioemu,2.9701
engrailed,bioemu,2.5587
engrailed,bioemu,2.8849
engrailed,bioemu,3.3246
engrailed,bioemu,2.5061
engrailed,bioemu,2.6043
engrailed,bioemu,3.183
engrailed,bioemu,3.1319
engrailed,bioemu,3.1318
engrailed,bioemu,3.6215
engrailed,bioemu,3.8046
engrailed,bioemu,2.7314
engrailed,bioemu,2.0316
engrailed,bioemu,3.2166
engrailed,bioemu,3.3483
engrailed,bioemu,3.057
engrailed,bioemu,3.0767
engrailed,bioemu,3.3955
engrailed,bioemu,2.8798
engrailed,bioemu,3.4948
engrailed,bioemu,4.1365
engrailed,bioemu,3.5479
engrailed,bioemu,3.1987
engrailed,bioemu,2.2975
engrailed,bioemu,2.2443
engrailed,bioemu,2.994
engrailed,bioemu,2.6532
engrailed,bioemu,2.9741
engrailed,bioemu,2.2743
engrailed,bioemu,3.1186
engrailed,bioemu,2.6376
engrailed,bioemu,4.5165
engrailed,bioemu,2.7864
engrailed,bioemu,2.766
engrailed,bioemu,2.2945
engrailed,bioemu,1.8934
engrailed,bioemu,2.8092
engrailed,bioemu,2.1534
engrailed,bioemu,3.0576
engrailed,bioemu,2.6897
engrailed,bioemu,2.118
engrailed,bioemu,2.9591
engrailed,bioemu,2.6155
engrailed,bioemu,3.0072
engrailed,bioemu,1.9652
engrailed,bioemu,4.1548
engrailed,bioemu,2.7497
engrailed,bioemu,1.6627
engrailed,bioemu,1.1548
engrailed,bioemu,2.425
engrailed,bioemu,1.7393
engrailed,bioemu,3.3765
engrailed,bioemu,3.4388
engrailed,bioemu,2.8661
engrailed,bioemu,1.886
engrailed,bioemu,1.2768
engrailed,bioemu,1.6022
engrailed,bioemu,1.0946
engrailed,bioemu,3.6863
engrailed,bioemu,2.395
engrailed,bioemu,2.4522
engrailed,bioemu,2.0017
engrailed,bioemu,1.792
engrailed,bioemu,3.6171
engrailed,bioemu,2.9048
engrailed,bioemu,3.9969
engrailed,bioemu,4.1305
engrailed,bioemu,3.807
engrailed,bioemu,4.255
engrailed,bioemu,3.9788
engrailed,bioemu,4.8296
engrailed,bioemu,3.5829
engrailed,bioemu,3.1483
engrailed,bioemu,3.4807
engrailed,bioemu,3.9663
engrailed,bioemu,3.8672
engrailed,bioemu,3.7524
engrailed,bioemu,4.0684
engrailed,bioemu,3.7293
engrailed,bioemu,3.9361
engrailed,bioemu,4.4414
engrailed,bioemu,3.7126
engrailed,bioemu,3.7366
engrailed,bioemu,2.865
engrailed,bioemu,3.1949
engrailed,bioemu,2.7544
engrailed,bioemu,1.877
engrailed,bioemu,3.8316
engrailed,bioemu,4.0019
engrailed,bioemu,1.5763
engrailed,bioemu,2.8428
engrailed,bioemu,3.6809
engrailed,bioemu,3.0214
engrailed,bioemu,2.9682
engrailed,bioemu,2.9024
engrailed,bioemu,3.5651
engrailed,bioemu,1.9864
engrailed,bioemu,2.5043
engrailed,bioemu,3.8239
engrailed,bioemu,3.7528
engrailed,bioemu,2.6187
engrailed,bioemu,2.5219
engrailed,bioemu,1.3834
engrailed,bioemu,2.4329
engrailed,bioemu,1.7663
engrailed,bioemu,2.4442
engrailed,bioemu,3.7054
engrailed,bioemu,2.576
engrailed,bioemu,1.9137
engrailed,bioemu,1.8807
engrailed,bioemu,1.2424
engrailed,bioemu,1.3956
engrailed,bioemu,4.2106
engrailed,bioemu,2.7601
engrailed,bioemu,3.1965
engrailed,bioemu,2.3114
engrailed,bioemu,1.7953
engrailed,bioemu,3.9075
engrailed,bioemu,3.0371
engrailed,bioemu,2.1622
engrailed,bioemu,1.801
engrailed,bioemu,2.9552
engrailed,bioemu,3.2947
engrailed,bioemu,2.7342
engrailed,bioemu,1.8932
engrailed,bioemu,1.6352
engrailed,bioemu,1.0824
engrailed,bioemu,0.8899
engrailed,bioemu,3.8433
engrailed,bioemu,2.2136
engrailed,bioemu,2.6469
engrailed,bioemu,1.9688
engrailed,bioemu,1.4294
engrailed,bioemu,3.357
engrailed,bioemu,2.6508
engrailed,bioemu,3.255
engrailed,bioemu,2.9721
engrailed,bioemu,2.1987
engrailed,bioemu,3.0423
engrailed,bioemu,3.4293
engrailed,bioemu,2.8823
engrailed,bioemu,2.1455
engrailed,bioemu,2.5425
engrailed,bioemu,4.5052
engrailed,bioemu,1.5585
engrailed,bioemu,2.7017
engrailed,bioemu,2.9588
engrailed,bioemu,3.1535
engrailed,bioemu,3.0729
engrailed,bioemu,2.9729
engrailed,bioemu,3.5663
engrailed,bioemu,4.0815
engrailed,bioemu,3.3012
engrailed,bioemu,1.6553
engrailed,bioemu,1.7102
engrailed,bioemu,1.9747
engrailed,bioemu,1.7249
engrailed,bioemu,4.4577
engrailed,bioemu,3.0463
engrailed,bioemu,2.8647
engrailed,bioemu,1.6222
engrailed,bioemu,1.4579
engrailed,bioemu,4.4292
engrailed,bioemu,3.3732
engrailed,bioemu,4.388
engrailed,bioemu,3.3882
engrailed,bioemu,3.7874
engrailed,bioemu,3.8016
engrailed,bioemu,2.4874
engrailed,bioemu,3.1002
engrailed,bioemu,5.4637
engrailed,bioemu,3.7386
engrailed,bioemu,4.7411
engrailed,bioemu,3.7121
engrailed,bioemu,3.5246
engrailed,bioemu,4.6813
engrailed,bioemu,4.0109
engrailed,bioemu,3.1541
engrailed,bioemu,4.0711
engrailed,bioemu,3.5335
engrailed,bioemu,3.4692
engrailed,bioemu,3.489
engrailed,bioemu,4.2742
engrailed,bioemu,2.0595
engrailed,bioemu,2.4228
engrailed,bioemu,3.9492
engrailed,bioemu,4.0701
engrailed,bioemu,2.869
engrailed,bioemu,2.6534
engrailed,bioemu,2.6619
engrailed,bioemu,2.617
engrailed,bioemu,2.705
engrailed,bioemu,2.5196
engrailed,bioemu,3.3638
engrailed,bioemu,3.2505
engrailed,bioemu,3.5378
engrailed,bioemu,3.947
engrailed,bioemu,3.205
engrailed,bioemu,3.4958
engrailed,bioemu,2.0926
engrailed,bioemu,1.4708
engrailed,bioemu,2.0999
engrailed,bioemu,1.5373
engrailed,bioemu,3.5262
engrailed,bioemu,3.2532
engrailed,bioemu,3.1923
engrailed,bioemu,2.6392
engrailed,bioemu,1.4243
engrailed,bioemu,3.9844
engrailed,bioemu,2.8571
engrailed,bioemu,2.1111
engrailed,bioemu,1.3571
engrailed,bioemu,3.486
engrailed,bioemu,2.8278
engrailed,bioemu,2.4491
engrailed,bioemu,2.3006
engrailed,bioemu,1.8745
engrailed,bioemu,3.7032
engrailed,bioemu,2.6165
engrailed,bioemu,1.2828
engrailed,bioemu,4.1951
engrailed,bioemu,2.4154
engrailed,bioemu,3.1621
engrailed,bioemu,2.2624
engrailed,bioemu,1.7238
engrailed,bioemu,3.6219
engrailed,bioemu,2.8803
engrailed,bioemu,3.58
engrailed,bioemu,2.6295
engrailed,bioemu,2.7722
engrailed,bioemu,2.1747
engrailed,bioemu,1.373
engrailed,bioemu,3.4559
engrailed,bioemu,2.5963
engrailed,bioemu,4.336
engrailed,bioemu,4.2849
engrailed,bioemu,5.1143
engrailed,bioemu,4.0728
engrailed,bioemu,3.1272
engrailed,bioemu,2.8721
engrailed,bioemu,1.9833
engrailed,bioemu,2.7008
engrailed,bioemu,2.9829
engrailed,bioemu,3.0652
engrailed,bioemu,3.0239
engrailed,bioemu,2.5989
engrailed,bioemu,3.1557
engrailed,bioemu,3.5386
engrailed,bioemu,3.1931
engrailed,bioemu,1.9557
engrailed,bioemu,4.3807
engrailed,bioemu,3.7731
engrailed,bioemu,3.9288
engrailed,bioemu,3.1263
engrailed,bioemu,2.6532
engrailed,af3,0.1007
engrailed,af3,0.1029
engrailed,af3,0.1016
engrailed,af3,0.1099
engrailed,af3,0.1363
engrailed,af3,0.0939
engrailed,af3,0.14
engrailed,af3,0.1073
engrailed,af3,0.12
engrailed,af3,0.1418
engrailed,af3,0.1162
engrailed,af3,0.1277
engrailed,af3,0.1394
engrailed,af3,0.1418
engrailed,af3,0.1104
engrailed,af3,0.1046
engrailed,af3,0.1045
engrailed,af3,0.1089
engrailed,af3,0.1354
engrailed,af3,0.1165
engrailed,af3,0.1242
engrailed,af3,0.1499
engrailed,af3,0.1273
engrailed,af3,0.1316
engrailed,af3,0.1202
engrailed,af3,0.1242
engrailed,af3,0.1128
engrailed,af3,0.1595
engrailed,af3,0.0909
engrailed,af3,0.1157
engrailed,af3,0.1653
engrailed,af3,0.0938
engrailed,af3,0.1551
engrailed,af3,0.1259
engrailed,af3,0.1344
engrailed,af3,0.1661
engrailed,af3,0.1755
engrailed,af3,0.1024
engrailed,af3,0.1512
engrailed,af3,0.1606
engrailed,af3,0.1353
engrailed,af3,0.1474
engrailed,af3,0.1534
engrailed,af3,0.1628
engrailed,af3,0.1287
foxa,bioemu,4.1358
foxa,bioemu,3.4154
foxa,bioemu,2.9203
foxa,bioemu,8.8977
foxa,bioemu,7.0783
foxa,bioemu,6.3727
foxa,bioemu,3.7287
foxa,bioemu,4.2536
foxa,bioemu,11.4038
foxa,bioemu,6.6961
foxa,bioemu,7.8997
foxa,bioemu,7.0076
foxa,bioemu,5.0268
foxa,bioemu,2.8594
foxa,bioemu,3.5082
foxa,bioemu,6.2711
foxa,bioemu,9.3829
foxa,bioemu,6.5561
foxa,bioemu,4.3849
foxa,bioemu,4.2176
foxa,bioemu,4.5259
foxa,bioemu,3.6121
foxa,bioemu,5.5208
foxa,bioemu,4.5801
foxa,bioemu,5.5452
foxa,bioemu,7.7073
foxa,bioemu,3.3314
foxa,bioemu,4.6691
foxa,bioemu,3.3989
foxa,bioemu,3.1566
foxa,bioemu,6.4993
foxa,bioemu,3.7217
foxa,bioemu,2.8255
foxa,bioemu,10.2015
foxa,bioemu,6.2142
foxa,bioemu,4.2291
foxa,bioemu,5.6096
foxa,bioemu,4.2358
foxa,bioemu,3.4627
foxa,bioemu,3.902
foxa,bioemu,5.8632
foxa,bioemu,3.4233
foxa,bioemu,7.6118
foxa,bioemu,3.7942
foxa,bioemu,6.9312
foxa,bioemu,5.615
foxa,bioemu,2.4085
foxa,bioemu,3.3508
foxa,bioemu,5.9992
foxa,bioemu,3.2388
foxa,bioemu,4.9985
foxa,bioemu,4.594
foxa,bioemu,4.6818
foxa,bioemu,3.7165
foxa,bioemu,7.0709
foxa,bioemu,5.2646
foxa,bioemu,4.6696
foxa,bioemu,4.0328
foxa,bioemu,5.6767
foxa,bioemu,3.0676
foxa,bioemu,6.4448
foxa,bioemu,4.1144
foxa,bioemu,4.2105
foxa,bioemu,3.7532
foxa,bioemu,5.9641
foxa,bioemu,3.5354
foxa,bioemu,3.021
foxa,bioemu,3.4903
foxa,bioemu,6.2476
foxa,bioemu,4.5889
foxa,bioemu,4.2567
foxa,bioemu,4.2066
foxa,bioemu,7.3527
foxa,bioemu,3.3764
foxa,bioemu,5.2813
foxa,bioemu,6.0699
foxa,bioemu,4.4809
foxa,bioemu,2.9983
foxa,bioemu,3.9219
foxa,bioemu,3.883
foxa,bioemu,6.6387
foxa,bioemu,3.2559
foxa,bioemu,3.0061
foxa,bioemu,5.6879
foxa,bioemu,12.2213
foxa,bioemu,3.3287
foxa,bioemu,3.9352
foxa,bioemu,2.4596
foxa,bioemu,3.8901
foxa,bioemu,5.9475
foxa,bioemu,2.6737
foxa,bioemu,3.877
foxa,bioemu,4.2943
foxa,bioemu,7.9138
foxa,bioemu,6.6602
foxa,bioemu,6.0401
foxa,bioemu,3.881
foxa,bioemu,4.4055
foxa,bioemu,11.4093
foxa,bioemu,6.2131
foxa,bioemu,7.4507
foxa,bioemu,6.4731
foxa,bioemu,5.6932
foxa,bioemu,4.4578
foxa,bioemu,4.7228
foxa,bioemu,5.3876
foxa,bioemu,8.8128
foxa,bioemu,6.4122
foxa,bioemu,4.1532
foxa,bioemu,6.172
foxa,bioemu,4.7746
foxa,bioemu,4.9431
foxa,bioemu,5.5611
foxa,bioemu,6.0076
foxa,bioemu,5.4207
foxa,bioemu,6.1949
foxa,bioemu,5.1277
foxa,bioemu,5.6516
foxa,bioemu,4.7737
foxa,bioemu,3.6947
foxa,bioemu,6.116
foxa,bioemu,4.1753
foxa,bioemu,4.2739
foxa,bioemu,10.0733
foxa,bioemu,5.9277
foxa,bioemu,5.129
foxa,bioemu,6.5774
foxa,bioemu,3.3956
foxa,bioemu,3.9684
foxa,bioemu,4.0038
foxa,bioemu,5.7093
foxa,bioemu,4.5284
foxa,bioemu,7.2233
foxa,bioemu,4.2371
foxa,bioemu,5.6149
foxa,bioemu,5.1364
foxa,bioemu,3.8015
foxa,bioemu,4.863
foxa,bioemu,5.5511
foxa,bioemu,4.5379
foxa,bioemu,5.4697
foxa,bioemu,4.6438
foxa,bioemu,4.4463
foxa,bioemu,4.7314
foxa,bioemu,7.1666
foxa,bioemu,5.5847
foxa,bioemu,3.6942
foxa,bioemu,5.8634
foxa,bioemu,5.7065
foxa,bioemu,4.8647
foxa,bioemu,5.8453
foxa,bioemu,3.5019
foxa,bioemu,5.9094
foxa,bioemu,4.2107
foxa,bioemu,7.8752
foxa,bioemu,4.6022
foxa,bioemu,4.386
foxa,bioemu,4.9415
foxa,bioemu,6.1528
foxa,bioemu,4.902
foxa,bioemu,3.9274
foxa,bioemu,3.5548
foxa,bioemu,7.103
foxa,bioemu,4.7826
foxa,bioemu,6.9564
foxa,bioemu,5.5214
foxa,bioemu,4.9273
foxa,bioemu,4.5041
foxa,bioemu,5.1482
foxa,bioemu,4.2088
foxa,bioemu,7.1584
foxa,bioemu,4.8826
foxa,bioemu,4.0124
foxa,bioemu,6.2264
foxa,bioemu,13.376
foxa,bioemu,5.1783
foxa,bioemu,5.2647
foxa,bioemu,5.0747
foxa,bioemu,3.922
foxa,bioemu,6.7312
foxa,bioemu,4.7394
foxa,bioemu,3.8068
foxa,bioemu,8.6798
foxa,bioemu,6.7673
foxa,bioemu,5.9678
foxa,bioemu,3.7442
foxa,bioemu,4.3445
foxa,bioemu,11.1799
foxa,bioemu,6.0153
foxa,bioemu,7.3042
foxa,bioemu,6.4827
foxa,bioemu,4.4535
foxa,bioemu,3.4752
foxa,bioemu,2.869
foxa,bioemu,5.8623
foxa,bioemu,8.9117
foxa,bioemu,6.7197
foxa,bioemu,4.3545
foxa,bioemu,5.3652
foxa,bioemu,3.7498
foxa,bioemu,3.9674
foxa,bioemu,6.2009
foxa,bioemu,5.4985
foxa,bioemu,5.9093
foxa,bioemu,7.3428
foxa,bioemu,3.5625
foxa,bioemu,5.1346
foxa,bioemu,3.7572
foxa,bioemu,3.1879
foxa,bioemu,6.1571
foxa,bioemu,4.0305
foxa,bioemu,3.453
foxa,bioemu,10.5221
foxa,bioemu,6.5829
foxa,bioemu,3.6546
foxa,bioemu,5.7098
foxa,bioemu,3.9451
foxa,bioemu,3.3283
foxa,bioemu,3.879
foxa,bioemu,5.5951
foxa,bioemu,3.7397
foxa,bioemu,7.1984
foxa,bioemu,3.912
foxa,bioemu,6.6825
foxa,bioemu,5.6254
foxa,bioemu,3.3545
foxa,bioemu,3.1855
foxa,bioemu,5.7554
foxa,bioemu,3.6631
foxa,bioemu,4.9746
foxa,bioemu,4.7489
foxa,bioemu,4.459
foxa,bioemu,4.002
foxa,bioemu,7.1742
foxa,bioemu,4.8562
foxa,bioemu,4.9928
foxa,bioemu,4.1487
foxa,bioemu,6.0205
foxa,bioemu,3.6486
foxa,bioemu,6.7105
foxa,bioemu,3.8039
foxa,bioemu,5.335
foxa,bioemu,4.3998
foxa,bioemu,7.2355
foxa,bioemu,3.9481
foxa,bioemu,3.7912
foxa,bioemu,3.1383
foxa,bioemu,6.4029
foxa,bioemu,4.5111
foxa,bioemu,4.0931
foxa,bioemu,3.9834
foxa,bioemu,7.1194
foxa,bioemu,3.8319
foxa,bioemu,5.7289
foxa,bioemu,5.736
foxa,bioemu,4.8999
foxa,bioemu,3.5312
foxa,bioemu,4.5244
foxa,bioemu,3.9968
foxa,bioemu,7.4506
foxa,bioemu,4.4177
foxa,bioemu,3.6446
foxa,bioemu,5.0188
foxa,bioemu,12.4524
foxa,bioemu,4.2802
foxa,bioemu,4.4406
foxa,bioemu,4.0585
foxa,bioemu,4.1497
foxa,bioemu,5.9838
foxa,bioemu,3.5825
foxa,bioemu,8.3411
foxa,bioemu,6.6905
foxa,bioemu,5.8569
foxa,bioemu,2.9173
foxa,bioemu,3.7381
foxa,bioemu,11.0661
foxa,bioemu,5.8566
foxa,bioemu,7.4131
foxa,bioemu,6.1215
foxa,bioemu,5.3153
foxa,bioemu,2.7967
foxa,bioemu,3.9019
foxa,bioemu,5.9056
foxa,bioemu,8.9344
foxa,bioemu,6.6394
foxa,bioemu,3.1483
foxa,bioemu,4.6697
foxa,bioemu,3.8831
foxa,bioemu,3.9152
foxa,bioemu,5.7405
foxa,bioemu,5.196
foxa,bioemu,5.9632
foxa,bioemu,7.2032
foxa,bioemu,4.0371
foxa,bioemu,5.2921
foxa,bioemu,2.4157
foxa,bioemu,2.6787
foxa,bioemu,5.2267
foxa,bioemu,3.464
foxa,bioemu,2.8176
foxa,bioemu,10.0849
foxa,bioemu,5.6841
foxa,bioemu,3.7295
foxa,bioemu,5.3606
foxa,bioemu,4.0114
foxa,bioemu,3.0592
foxa,bioemu,3.4581
foxa,bioemu,4.289
foxa,bioemu,3.1272
foxa,bioemu,7.2676
foxa,bioemu,2.1757
foxa,bioemu,6.633
foxa,bioemu,5.9596
foxa,bioemu,2.4153
foxa,bioemu,3.6746
foxa,bioemu,4.6342
foxa,bioemu,2.3202
foxa,bioemu,5.4222
foxa,bioemu,4.0337
foxa,bioemu,4.0506
foxa,bioemu,4.5381
foxa,bioemu,6.7537
foxa,bioemu,5.968
foxa,bioemu,4.3196
foxa,bioemu,4.1339
foxa,bioemu,5.8715
foxa,bioemu,3.0671
foxa,bioemu,5.9865
foxa,bioemu,3.3905
foxa,bioemu,4.5531
foxa,bioemu,2.9261
foxa,bioemu,7.1893
foxa,bioemu,3.0578
foxa,bioemu,2.6625
foxa,bioemu,3.7135
foxa,bioemu,5.9329
foxa,bioemu,4.3789
foxa,bioemu,3.9225
foxa,bioemu,4.1271
foxa,bioemu,6.8181
foxa,bioemu,2.0203
foxa,bioemu,5.8907
foxa,bioemu,5.835
foxa,bioemu,4.0824
foxa,bioemu,2.3932
foxa,bioemu,3.5476
foxa,bioemu,2.5391
foxa,bioemu,7.5206
foxa,bioemu,3.9268
foxa,bioemu,2.8592
foxa,bioemu,5.5705
foxa,bioemu,12.6181
foxa,bioemu,4.181
foxa,bioemu,3.7323
foxa,bioemu,2.9994
foxa,bioemu,4.3354
foxa,bioemu,5.2191
foxa,bioemu,3.0811
foxa,bioemu,8.851
foxa,bioemu,9.2288
foxa,bioemu,7.9968
foxa,bioemu,8.5993
foxa,bioemu,12.1126
foxa,bioemu,7.078
foxa,bioemu,8.3852
foxa,bioemu,8.0675
foxa,bioemu,8.157
foxa,bioemu,8.4882
foxa,bioemu,8.5771
foxa,bioemu,8.806
foxa,bioemu,9.7352
foxa,bioemu,8.4566
foxa,bioemu,7.6944
foxa,bioemu,9.3428
foxa,bioemu,8.2911
foxa,bioemu,8.3188
foxa,bioemu,8.02
foxa,bioemu,7.532
foxa,bioemu,8.1381
foxa,bioemu,7.8688
foxa,bioemu,8.9469
foxa,bioemu,10.3569
foxa,bioemu,8.6539
foxa,bioemu,8.0725
foxa,bioemu,7.1488
foxa,bioemu,8.1831
foxa,bioemu,8.8753
foxa,bioemu,8.6717
foxa,bioemu,7.7553
foxa,bioemu,8.6622
foxa,bioemu,9.5904
foxa,bioemu,8.244
foxa,bioemu,8.4052
foxa,bioemu,8.4279
foxa,bioemu,7.4999
foxa,bioemu,7.7118
foxa,bioemu,9.7482
foxa,bioemu,8.2648
foxa,bioemu,7.2039
foxa,bioemu,7.3857
foxa,bioemu,8.3944
foxa,bioemu,8.484
foxa,bioemu,8.5563
foxa,bioemu,8.7269
foxa,bioemu,9.7362
foxa,bioemu,7.8951
foxa,bioemu,9.7279
foxa,bioemu,8.6598
foxa,bioemu,8.8552
foxa,bioemu,7.5195
foxa,bioemu,7.0498
foxa,bioemu,8.7488
foxa,bioemu,7.7176
foxa,bioemu,8.9594
foxa,bioemu,7.5743
foxa,bioemu,7.2138
foxa,bioemu,9.6716
foxa,bioemu,7.7559
foxa,bioemu,10.1847
foxa,bioemu,8.8479
foxa,bioemu,8.2881
foxa,bioemu,9.0265
foxa,bioemu,8.5661
foxa,bioemu,9.1194
foxa,bioemu,8.7398
foxa,bioemu,8.9564
foxa,bioemu,6.7154
foxa,bioemu,8.6026
foxa,bioemu,8.6086
foxa,bioemu,8.7859
foxa,bioemu,7.7136
foxa,bioemu,8.6879
foxa,bioemu,8.9465
foxa,bioemu,8.4283
foxa,bioemu,8.7344
foxa,bioemu,8.2724
foxa,bioemu,8.3172
foxa,bioemu,11.1293
foxa,bioemu,15.8261
foxa,bioemu,9.6473
foxa,bioemu,10.1491
foxa,bioemu,9.2718
foxa,bioemu,8.7922
foxa,bioemu,8.7643
foxa,bioemu,9.3444
foxa,bioemu,4.9525
foxa,bioemu,6.2396
foxa,bioemu,7.5341
foxa,bioemu,13.4168
foxa,bioemu,6.2496
foxa,bioemu,7.13
foxa,bioemu,5.3379
foxa,bioemu,6.1184
foxa,bioemu,7.1878
foxa,bioemu,7.5883
foxa,bioemu,5.605
foxa,bioemu,6.3652
foxa,bioemu,6.8162
foxa,bioemu,5.8353
foxa,bioemu,9.7869
foxa,bioemu,7.5809
foxa,bioemu,6.2158
foxa,bioemu,7.5497
foxa,bioemu,6.9101
foxa,bioemu,7.9722
foxa,bioemu,6.7766
foxa,bioemu,8.3941
foxa,bioemu,9.5859
foxa,bioemu,7.2196
foxa,bioemu,6.5317
foxa,bioemu,4.7608
foxa,bioemu,6.877
foxa,bioemu,7.0612
foxa,bioemu,7.69
foxa,bioemu,6.8341
foxa,bioemu,6.3495
foxa,bioemu,8.9667
foxa,bioemu,6.3197
foxa,bioemu,7.3543
foxa,bioemu,7.2996
foxa,bioemu,5.8168
foxa,bioemu,6.6214
foxa,bioemu,4.1457
foxa,bioemu,6.4796
foxa,bioemu,5.0581
foxa,bioemu,7.5511
foxa,bioemu,6.9032
foxa,bioemu,7.7055
foxa,bioemu,7.0527
foxa,bioemu,7.0774
foxa,bioemu,8.291
foxa,bioemu,5.3197
foxa,bioemu,8.4865
foxa,bioemu,7.7818
foxa,bioemu,6.4571
foxa,bioemu,8.303
foxa,bioemu,6.8294
foxa,bioemu,8.1442
foxa,bioemu,6.9703
foxa,bioemu,7.2143
foxa,bioemu,7.8743
foxa,bioemu,7.3104
foxa,bioemu,8.8264
foxa,bioemu,6.5191
foxa,bioemu,11.2291
foxa,bioemu,7.2408
foxa,bioemu,7.0131
foxa,bioemu,6.8288
foxa,bioemu,7.1594
foxa,bioemu,6.7758
foxa,bioemu,6.8546
foxa,bioemu,6.8213
foxa,bioemu,7.9831
foxa,bioemu,6.7067
foxa,bioemu,6.4874
foxa,bioemu,6.9942
foxa,bioemu,5.6707
foxa,bioemu,7.6182
foxa,bioemu,7.99
foxa,bioemu,6.9131
foxa,bioemu,8.9814
foxa,bioemu,7.0717
foxa,bioemu,7.2796
foxa,bioemu,9.3452
foxa,bioemu,14.3098
foxa,bioemu,8.9562
foxa,bioemu,8.9343
foxa,bioemu,8.2556
foxa,bioemu,7.186
foxa,bioemu,7.1903
foxa,bioemu,7.7323
foxa,bioemu,5.6489
foxa,bioemu,6.142
foxa,bioemu,14.734
foxa,bioemu,6.2245
foxa,bioemu,8.861
foxa,bioemu,6.8758
foxa,bioemu,5.2456
foxa,bioemu,6.0839
foxa,bioemu,6.7041
foxa,bioemu,6.0594
foxa,bioemu,8.9946
foxa,bioemu,4.9991
foxa,bioemu,5.549
foxa,bioemu,8.2743
foxa,bioemu,6.5481
foxa,bioemu,6.3516
foxa,bioemu,7.3492
foxa,bioemu,7.0741
foxa,bioemu,7.2467
foxa,bioemu,8.1864
foxa,bioemu,7.2086
foxa,bioemu,9.2939
foxa,bioemu,5.8417
foxa,bioemu,5.9567
foxa,bioemu,5.3292
foxa,bioemu,6.3109
foxa,bioemu,6.2988
foxa,bioemu,8.7777
foxa,bioemu,6.2496
foxa,bioemu,5.6068
foxa,bioemu,8.3892
foxa,bioemu,5.9892
foxa,bioemu,6.4116
foxa,bioemu,6.6765
foxa,bioemu,6.0161
foxa,bioemu,6.3139
foxa,bioemu,7.0884
foxa,bioemu,5.8881
foxa,bioemu,5.9571
foxa,bioemu,6.5146
foxa,bioemu,5.9913
foxa,bioemu,7.0176
foxa,bioemu,6.1144
foxa,bioemu,6.1631
foxa,bioemu,6.3085
foxa,bioemu,4.4347
foxa,bioemu,7.3967
foxa,bioemu,7.4519
foxa,bioemu,8.5957
foxa,bioemu,7.3994
foxa,bioemu,6.3037
foxa,bioemu,6.7155
foxa,bioemu,6.1025
foxa,bioemu,6.5149
foxa,bioemu,6.9319
foxa,bioemu,6.3787
foxa,bioemu,7.6996
foxa,bioemu,5.6679
foxa,bioemu,9.7384
foxa,bioemu,5.5788
foxa,bioemu,6.1249
foxa,bioemu,6.3215
foxa,bioemu,8.8694
foxa,bioemu,4.5938
foxa,bioemu,5.5556
foxa,bioemu,5.2862
foxa,bioemu,7.997
foxa,bioemu,5.9055
foxa,bioemu,6.9029
foxa,bioemu,6.0366
foxa,bioemu,5.3808
foxa,bioemu,6.4818
foxa,bioemu,6.7943
foxa,bioemu,6.0374
foxa,bioemu,7.8567
foxa,bioemu,6.9123
foxa,bioemu,5.6725
foxa,bioemu,7.8943
foxa,bioemu,14.558
foxa,bioemu,7.2571
foxa,bioemu,7.3391
foxa,bioemu,7.3032
foxa,bioemu,6.2023
foxa,bioemu,8.3714
foxa,bioemu,7.1191
foxa,bioemu,3.0622
foxa,bioemu,10.381
foxa,bioemu,4.5299
foxa,bioemu,6.3011
foxa,bioemu,4.844
foxa,bioemu,5.004
foxa,bioemu,2.9206
foxa,bioemu,4.0182
foxa,bioemu,5.1973
foxa,bioemu,7.7185
foxa,bioemu,6.0395
foxa,bioemu,1.8864
foxa,bioemu,5.3267
foxa,bioemu,3.7107
foxa,bioemu,3.5128
foxa,bioemu,4.921
foxa,bioemu,5.3164
foxa,bioemu,5.1822
foxa,bioemu,5.6032
foxa,bioemu,4.5539
foxa,bioemu,5.7651
foxa,bioemu,2.9344
foxa,bioemu,2.8696
foxa,bioemu,4.6622
foxa,bioemu,2.667
foxa,bioemu,3.2635
foxa,bioemu,9.1853
foxa,bioemu,4.9582
foxa,bioemu,3.5166
foxa,bioemu,6.2401
foxa,bioemu,2.9017
foxa,bioemu,2.7642
foxa,bioemu,3.8455
foxa,bioemu,3.6674
foxa,bioemu,3.2596
foxa,bioemu,6.5408
foxa,bioemu,2.3681
foxa,bioemu,5.3048
foxa,bioemu,5.7858
foxa,bioemu,2.6377
foxa,bioemu,3.852
foxa,bioemu,3.7498
foxa,bioemu,2.5544
foxa,bioemu,5.4974
foxa,bioemu,3.2659
foxa,bioemu,3.9456
foxa,bioemu,4.8366
foxa,bioemu,5.5703
foxa,bioemu,6.2315
foxa,bioemu,3.6018
foxa,bioemu,4.3468
foxa,bioemu,5.3834
foxa,bioemu,3.8331
foxa,bioemu,4.9188
foxa,bioemu,3.3471
foxa,bioemu,5.2854
foxa,bioemu,2.6493
foxa,bioemu,7.7232
foxa,bioemu,3.1197
foxa,bioemu,2.8645
foxa,bioemu,3.8538
foxa,bioemu,5.409
foxa,bioemu,4.4139
foxa,bioemu,3.1803
foxa,bioemu,3.9363
foxa,bioemu,5.5334
foxa,bioemu,2.6622
foxa,bioemu,5.6251
foxa,bioemu,4.673
foxa,bioemu,3.4343
foxa,bioemu,2.9739
foxa,bioemu,4.2387
foxa,bioemu,2.2836
foxa,bioemu,7.1731
foxa,bioemu,4.5304
foxa,bioemu,2.9027
foxa,bioemu,5.6074
foxa,bioemu,12.5635
foxa,bioemu,4.9405
foxa,bioemu,4.4783
foxa,bioemu,4.2624
foxa,bioemu,4.4253
foxa,bioemu,4.7342
foxa,bioemu,3.8166
foxa,bioemu,10.4913
foxa,bioemu,5.0741
foxa,bioemu,7.1377
foxa,bioemu,5.8828
foxa,bioemu,5.4874
foxa,bioemu,3.2721
foxa,bioemu,4.3567
foxa,bioemu,5.9092
foxa,bioemu,8.8703
foxa,bioemu,5.4516
foxa,bioemu,3.2299
foxa,bioemu,4.7907
foxa,bioemu,3.4193
foxa,bioemu,5.0743
foxa,bioemu,4.3675
foxa,bioemu,6.3688
foxa,bioemu,4.8464
foxa,bioemu,6.4
foxa,bioemu,4.2029
foxa,bioemu,6.0513
foxa,bioemu,3.5239
foxa,bioemu,3.5912
foxa,bioemu,5.2192
foxa,bioemu,3.543
foxa,bioemu,4.1171
foxa,bioemu,9.7407
foxa,bioemu,4.7658
foxa,bioemu,4.1683
foxa,bioemu,6.2716
foxa,bioemu,3.4474
foxa,bioemu,3.5251
foxa,bioemu,4.1162
foxa,bioemu,4.3421
foxa,bioemu,4.3149
foxa,bioemu,8.121
foxa,bioemu,3.5466
foxa,bioemu,5.6962
foxa,bioemu,4.969
foxa,bioemu,3.3648
foxa,bioemu,4.3324
foxa,bioemu,3.9954
foxa,bioemu,3.1163
foxa,bioemu,4.3926
foxa,bioemu,3.3484
foxa,bioemu,3.8102
foxa,bioemu,5.3729
foxa,bioemu,6.9483
foxa,bioemu,6.1181
foxa,bioemu,3.7776
foxa,bioemu,4.6868
foxa,bioemu,5.0772
foxa,bioemu,4.3763
foxa,bioemu,4.1098
foxa,bioemu,3.9137
foxa,bioemu,4.8341
foxa,bioemu,3.6754
foxa,bioemu,6.9711
foxa,bioemu,2.6794
foxa,bioemu,3.474
foxa,bioemu,4.5389
foxa,bioemu,6.5294
foxa,bioemu,3.7419
foxa,bioemu,2.5963
foxa,bioemu,4.1259
foxa,bioemu,6.0678
foxa,bioemu,3.3144
foxa,bioemu,6.7992
foxa,bioemu,4.3664
foxa,bioemu,4.2653
foxa,bioemu,3.2364
foxa,bioemu,4.5323
foxa,bioemu,3.1384
foxa,bioemu,6.4156
foxa,bioemu,5.1152
foxa,bioemu,3.3235
foxa,bioemu,5.6641
foxa,bioemu,12.7037
foxa,bioemu,4.4156
foxa,bioemu,4.2813
foxa,bioemu,4.4746
foxa,bioemu,4.1477
foxa,bioemu,5.8924
foxa,bioemu,4.7616
foxa,bioemu,10.9924
foxa,bioemu,9.2991
foxa,bioemu,9.5132
foxa,bioemu,13.4942
foxa,bioemu,10.954
foxa,bioemu,11.1952
foxa,bioemu,11.7917
foxa,bioemu,8.9037
foxa,bioemu,13.7893
foxa,bioemu,10.4863
foxa,bioemu,10.7676
foxa,bioemu,10.3834
foxa,bioemu,11.7023
foxa,bioemu,10.9622
foxa,bioemu,12.7308
foxa,bioemu,10.9452
foxa,bioemu,9.2676
foxa,bioemu,10.8387
foxa,bioemu,8.5765
foxa,bioemu,10.9447
foxa,bioemu,11.0798
foxa,bioemu,11.7369
foxa,bioemu,10.8362
foxa,bioemu,11.2043
foxa,bioemu,14.1287
foxa,bioemu,12.3256
foxa,bioemu,11.4217
foxa,bioemu,10.3379
foxa,bioemu,10.6711
foxa,bioemu,10.5267
foxa,bioemu,10.5836
foxa,bioemu,10.2384
foxa,bioemu,11.0842
foxa,bioemu,10.6359
foxa,bioemu,10.3611
foxa,bioemu,11.8135
foxa,bioemu,12.6697
foxa,bioemu,11.1016
foxa,bioemu,10.9504
foxa,bioemu,9.8968
foxa,bioemu,10.6589
foxa,bioemu,11.9173
foxa,bioemu,11.9191
foxa,bioemu,9.3629
foxa,bioemu,10.5349
foxa,bioemu,8.9138
foxa,bioemu,12.4534
foxa,bioemu,11.2873
foxa,bioemu,11.5612
foxa,bioemu,12.5437
foxa,bioemu,11.0516
foxa,bioemu,11.0095
foxa,bioemu,10.9121
foxa,bioemu,11.16
foxa,bioemu,10.7439
foxa,bioemu,10.726
foxa,bioemu,10.9904
foxa,bioemu,10.7275
foxa,bioemu,11.3574
foxa,bioemu,8.1725
foxa,bioemu,12.891
foxa,bioemu,10.9713
foxa,bioemu,11.4934
foxa,bioemu,10.0632
foxa,bioemu,10.5814
foxa,bioemu,13.0616
foxa,bioemu,11.0685
foxa,bioemu,12.4111
foxa,bioemu,10.6146
foxa,bioemu,10.5655
foxa,bioemu,10.5042
foxa,bioemu,12.6318
foxa,bioemu,11.8865
foxa,bioemu,11.1656
foxa,bioemu,9.3389
foxa,bioemu,13.3788
foxa,bioemu,11.2404
foxa,bioemu,10.2692
foxa,bioemu,11.2017
foxa,bioemu,11.259
foxa,bioemu,8.1242
foxa,bioemu,10.1794
foxa,bioemu,5.0819
foxa,bioemu,4.5558
foxa,bioemu,4.9035
foxa,bioemu,5.5508
foxa,bioemu,5.908
foxa,bioemu,5.5687
foxa,bioemu,7.1877
foxa,bioemu,5.1661
foxa,bioemu,4.0907
foxa,bioemu,7.6122
foxa,bioemu,5.1775
foxa,bioemu,5.592
foxa,bioemu,4.9065
foxa,bioemu,6.425
foxa,bioemu,5.5824
foxa,bioemu,4.6101
foxa,bioemu,7.0308
foxa,bioemu,8.7649
foxa,bioemu,5.3748
foxa,bioemu,5.9024
foxa,bioemu,3.9465
foxa,bioemu,4.272
foxa,bioemu,6.4687
foxa,bioemu,7.0834
foxa,bioemu,4.0844
foxa,bioemu,5.2561
foxa,bioemu,8.1173
foxa,bioemu,4.6388
foxa,bioemu,5.787
foxa,bioemu,6.9908
foxa,bioemu,4.254
foxa,bioemu,5.7877
foxa,bioemu,6.971
foxa,bioemu,5.3703
foxa,bioemu,4.1855
foxa,bioemu,5.8073
foxa,bioemu,5.8105
foxa,bioemu,6.0126
foxa,bioemu,4.7051
foxa,bioemu,5.6328
foxa,bioemu,6.7531
foxa,bioemu,3.9606
foxa,bioemu,6.9875
foxa,bioemu,7.093
foxa,bioemu,6.1328
foxa,bioemu,7.389
foxa,bioemu,5.2102
foxa,bioemu,5.6908
foxa,bioemu,5.3168
foxa,bioemu,6.5689
foxa,bioemu,4.4954
foxa,bioemu,5.5587
foxa,bioemu,7.145
foxa,bioemu,4.9755
foxa,bioemu,9.0993
foxa,bioemu,5.826
foxa,bioemu,5.8272
foxa,bioemu,5.7697
foxa,bioemu,7.1748
foxa,bioemu,5.8647
foxa,bioemu,5.221
foxa,bioemu,6.2194
foxa,bioemu,3.5422
foxa,bioemu,5.6111
foxa,bioemu,6.2246
foxa,bioemu,4.8567
foxa,bioemu,4.2764
foxa,bioemu,5.9633
foxa,bioemu,7.1312
foxa,bioemu,5.5538
foxa,bioemu,7.1128
foxa,bioemu,7.086
foxa,bioemu,5.7585
foxa,bioemu,8.2771
foxa,bioemu,14.0108
foxa,bioemu,7.5515
foxa,bioemu,7.8802
foxa,bioemu,7.3851
foxa,bioemu,6.1052
foxa,bioemu,6.6035
foxa,bioemu,7.3383
foxa,bioemu,4.9598
foxa,bioemu,7.7291
foxa,bioemu,7.4396
foxa,bioemu,7.1164
foxa,bioemu,5.4582
foxa,bioemu,5.4337
foxa,bioemu,8.0728
foxa,bioemu,6.0978
foxa,bioemu,8.8162
foxa,bioemu,7.2028
foxa,bioemu,6.778
foxa,bioemu,6.3229
foxa,bioemu,8.2074
foxa,bioemu,7.065
foxa,bioemu,4.8614
foxa,bioemu,7.8568
foxa,bioemu,7.6955
foxa,bioemu,7.2788
foxa,bioemu,7.4303
foxa,bioemu,5.6981
foxa,bioemu,6.5736
foxa,bioemu,7.252
foxa,bioemu,8.8688
foxa,bioemu,6.4943
foxa,bioemu,6.4651
foxa,bioemu,8.0009
foxa,bioemu,6.4005
foxa,bioemu,7.6782
foxa,bioemu,8.0618
foxa,bioemu,5.3746
foxa,bioemu,7.0352
foxa,bioemu,5.4272
foxa,bioemu,7.1609
foxa,bioemu,6.0524
foxa,bioemu,7.6808
foxa,bioemu,7.4687
foxa,bioemu,7.4641
foxa,bioemu,6.5024
foxa,bioemu,7.0861
foxa,bioemu,8.1761
foxa,bioemu,6.6565
foxa,bioemu,7.9287
foxa,bioemu,7.0337
foxa,bioemu,4.4171
foxa,bioemu,8.2348
foxa,bioemu,6.7468
foxa,bioemu,7.6313
foxa,bioemu,7.9944
foxa,bioemu,7.3835
foxa,bioemu,6.6982
foxa,bioemu,7.1475
foxa,bioemu,7.996
foxa,bioemu,7.1221
foxa,bioemu,10.3991
foxa,bioemu,7.4152
foxa,bioemu,7.1211
foxa,bioemu,7.1142
foxa,bioemu,6.1772
foxa,bioemu,8.7597
foxa,bioemu,7.0713
foxa,bioemu,7.1111
foxa,bioemu,5.7501
foxa,bioemu,7.1086
foxa,bioemu,7.8776
foxa,bioemu,6.434
foxa,bioemu,6.5228
foxa,bioemu,7.7755
foxa,bioemu,7.9152
foxa,bioemu,7.0603
foxa,bioemu,9.0313
foxa,bioemu,7.8117
foxa,bioemu,7.8375
foxa,bioemu,8.3909
foxa,bioemu,13.289
foxa,bioemu,9.084
foxa,bioemu,8.7303
foxa,bioemu,8.4419
foxa,bioemu,6.8744
foxa,bioemu,5.8485
foxa,bioemu,7.7121
foxa,bioemu,7.05
foxa,bioemu,6.2299
foxa,bioemu,6.9998
foxa,bioemu,5.1828
foxa,bioemu,4.4501
foxa,bioemu,7.047
foxa,bioemu,4.2618
foxa,bioemu,8.7355
foxa,bioemu,6.3208
foxa,bioemu,6.0827
foxa,bioemu,6.2772
foxa,bioemu,7.3089
foxa,bioemu,6.5066
foxa,bioemu,4.7184
foxa,bioemu,7.577
foxa,bioemu,8.0945
foxa,bioemu,6.1959
foxa,bioemu,6.1941
foxa,bioemu,3.8844
foxa,bioemu,5.6887
foxa,bioemu,6.7282
foxa,bioemu,7.8306
foxa,bioemu,6.0506
foxa,bioemu,5.7979
foxa,bioemu,8.0861
foxa,bioemu,5.1371
foxa,bioemu,6.4479
foxa,bioemu,6.6018
foxa,bioemu,3.5782
foxa,bioemu,5.8958
foxa,bioemu,4.7141
foxa,bioemu,5.1963
foxa,bioemu,4.6006
foxa,bioemu,7.5085
foxa,bioemu,6.24
foxa,bioemu,7.063
foxa,bioemu,4.2357
foxa,bioemu,6.1139
foxa,bioemu,7.9026
foxa,bioemu,4.7343
foxa,bioemu,6.8524
foxa,bioemu,7.3498
foxa,bioemu,4.0971
foxa,bioemu,8.3382
foxa,bioemu,5.7552
foxa,bioemu,7.3662
foxa,bioemu,6.6667
foxa,bioemu,6.5368
foxa,bioemu,6.0507
foxa,bioemu,6.3645
foxa,bioemu,8.0824
foxa,bioemu,5.129
foxa,bioemu,10.3121
foxa,bioemu,6.1185
foxa,bioemu,5.8746
foxa,bioemu,6.6916
foxa,bioemu,4.615
foxa,bioemu,7.3413
foxa,bioemu,6.0003
foxa,bioemu,6.5975
foxa,bioemu,5.6101
foxa,bioemu,5.5802
foxa,bioemu,6.9082
foxa,bioemu,5.2502
foxa,bioemu,5.5858
foxa,bioemu,6.7581
foxa,bioemu,7.2234
foxa,bioemu,5.6794
foxa,bioemu,8.8057
foxa,bioemu,7.1543
foxa,bioemu,6.4159
foxa,bioemu,7.9076
foxa,bioemu,13.0283
foxa,bioemu,8.4439
foxa,bioemu,8.0131
foxa,bioemu,7.8767
foxa,bioemu,6.6944
foxa,bioemu,4.7315
foxa,bioemu,6.9553
foxa,bioemu,4.7698
foxa,bioemu,4.3952
foxa,bioemu,6.6072
foxa,bioemu,9.6696
foxa,bioemu,4.8729
foxa,bioemu,5.1664
foxa,bioemu,6.3419
foxa,bioemu,5.2517
foxa,bioemu,4.3945
foxa,bioemu,5.8374
foxa,bioemu,5.0962
foxa,bioemu,6.3795
foxa,bioemu,7.3676
foxa,bioemu,5.702
foxa,bioemu,8.1581
foxa,bioemu,4.8709
foxa,bioemu,5.0106
foxa,bioemu,5.8286
foxa,bioemu,4.4783
foxa,bioemu,5.2701
foxa,bioemu,8.2522
foxa,bioemu,5.5117
foxa,bioemu,4.5993
foxa,bioemu,7.5283
foxa,bioemu,5.0799
foxa,bioemu,5.3184
foxa,bioemu,6.5995
foxa,bioemu,6.2763
foxa,bioemu,5.2341
foxa,bioemu,8.0143
foxa,bioemu,5.6752
foxa,bioemu,6.1506
foxa,bioemu,4.8897
foxa,bioemu,4.9762
foxa,bioemu,4.699
foxa,bioemu,6.5971
foxa,bioemu,5.2576
foxa,bioemu,5.5446
foxa,bioemu,4.2517
foxa,bioemu,6.9374
foxa,bioemu,5.6089
foxa,bioemu,8.0904
foxa,bioemu,5.7096
foxa,bioemu,5.6316
foxa,bioemu,4.4272
foxa,bioemu,5.0735
foxa,bioemu,5.9014
foxa,bioemu,6.1036
foxa,bioemu,5.1416
foxa,bioemu,6.0736
foxa,bioemu,5.2549
foxa,bioemu,7.7673
foxa,bioemu,5.4208
foxa,bioemu,5.3652
foxa,bioemu,4.1989
foxa,bioemu,8.5868
foxa,bioemu,4.4687
foxa,bioemu,5.1101
foxa,bioemu,5.5402
foxa,bioemu,5.9368
foxa,bioemu,5.5578
foxa,bioemu,5.0238
foxa,bioemu,6.0136
foxa,bioemu,4.4317
foxa,bioemu,5.0052
foxa,bioemu,6.3244
foxa,bioemu,5.5844
foxa,bioemu,6.4254
foxa,bioemu,5.7751
foxa,bioemu,4.8718
foxa,bioemu,7.4241
foxa,bioemu,12.9617
foxa,bioemu,5.6713
foxa,bioemu,6.8138
foxa,bioemu,5.6721
foxa,bioemu,5.2249
foxa,bioemu,8.1239
foxa,bioemu,6.218
foxa,bioemu,3.1845
foxa,bioemu,6.2483
foxa,bioemu,9.2855
foxa,bioemu,6.0628
foxa,bioemu,3.277
foxa,bioemu,3.8645
foxa,bioemu,3.6637
foxa,bioemu,3.3206
foxa,bioemu,5.1866
foxa,bioemu,4.7784
foxa,bioemu,5.175
foxa,bioemu,7.2023
foxa,bioemu,3.3736
foxa,bioemu,5.5358
foxa,bioemu,2.5501
foxa,bioemu,2.6906
foxa,bioemu,5.6396
foxa,bioemu,3.0988
foxa,bioemu,3.054
foxa,bioemu,9.5325
foxa,bioemu,5.537
foxa,bioemu,3.4481
foxa,bioemu,5.5806
foxa,bioemu,3.9894
foxa,bioemu,2.7223
foxa,bioemu,3.6586
foxa,bioemu,4.7488
foxa,bioemu,2.9302
foxa,bioemu,7.989
foxa,bioemu,2.9888
foxa,bioemu,6.4458
foxa,bioemu,5.4613
foxa,bioemu,2.0371
foxa,bioemu,2.8272
foxa,bioemu,5.0845
foxa,bioemu,2.3642
foxa,bioemu,5.0289
foxa,bioemu,4.0604
foxa,bioemu,4.3901
foxa,bioemu,4.4478
foxa,bioemu,6.9592
foxa,bioemu,5.301
foxa,bioemu,4.0522
foxa,bioemu,3.3642
foxa,bioemu,5.0974
foxa,bioemu,3.0223
foxa,bioemu,5.3547
foxa,bioemu,3.5611
foxa,bioemu,4.3182
foxa,bioemu,2.9991
foxa,bioemu,6.1856
foxa,bioemu,2.6917
foxa,bioemu,2.4416
foxa,bioemu,3.5515
foxa,bioemu,6.2815
foxa,bioemu,4.1197
foxa,bioemu,3.708
foxa,bioemu,4.424
foxa,bioemu,6.0494
foxa,bioemu,2.637
foxa,bioemu,5.1688
foxa,bioemu,5.3513
foxa,bioemu,3.7944
foxa,bioemu,2.3011
foxa,bioemu,3.7115
foxa,bioemu,2.87
foxa,bioemu,6.5891
foxa,bioemu,3.6512
foxa,bioemu,2.4139
foxa,bioemu,5.5672
foxa,bioemu,12.2588
foxa,bioemu,3.6399
foxa,bioemu,3.7728
foxa,bioemu,2.9605
foxa,bioemu,4.3456
foxa,bioemu,5.6287
foxa,bioemu,3.4296
foxa,bioemu,6.3107
foxa,bioemu,9.589
foxa,bioemu,6.5041
foxa,bioemu,4.4976
foxa,bioemu,4.2507
foxa,bioemu,4.0043
foxa,bioemu,3.7902
foxa,bioemu,5.6443
foxa,bioemu,5.2217
foxa,bioemu,5.8382
foxa,bioemu,7.3449
foxa,bioemu,3.2722
foxa,bioemu,5.1076
foxa,bioemu,3.7023
foxa,bioemu,3.5301
foxa,bioemu,6.3792
foxa,bioemu,3.9768
foxa,bioemu,3.4967
foxa,bioemu,10.4005
foxa,bioemu,6.1702
foxa,bioemu,3.7726
foxa,bioemu,5.5544
foxa,bioemu,4.3405
foxa,bioemu,3.5659
foxa,bioemu,4.5273
foxa,bioemu,5.7962
foxa,bioemu,3.7611
foxa,bioemu,8.0161
foxa,bioemu,4.4378
foxa,bioemu,7.0627
foxa,bioemu,5.3006
foxa,bioemu,3.505
foxa,bioemu,2.7873
foxa,bioemu,6.1567
foxa,bioemu,3.5596
foxa,bioemu,4.7675
foxa,bioemu,4.973
foxa,bioemu,4.8618
foxa,bioemu,3.6709
foxa,bioemu,7.4812
foxa,bioemu,4.6528
foxa,bioemu,5.0035
foxa,bioemu,3.6957
foxa,bioemu,5.9777
foxa,bioemu,4.1305
foxa,bioemu,6.1539
foxa,bioemu,3.8954
foxa,bioemu,4.7002
foxa,bioemu,4.6086
foxa,bioemu,6.4989
foxa,bioemu,3.7432
foxa,bioemu,3.7225
foxa,bioemu,2.883
foxa,bioemu,7.1555
foxa,bioemu,4.5603
foxa,bioemu,4.3748
foxa,bioemu,4.2934
foxa,bioemu,6.7528
foxa,bioemu,4.033
foxa,bioemu,5.7759
foxa,bioemu,5.963
foxa,bioemu,4.6793
foxa,bioemu,3.1987
foxa,bioemu,4.2199
foxa,bioemu,4.1231
foxa,bioemu,6.7763
foxa,bioemu,4.1848
foxa,bioemu,3.5285
foxa,bioemu,5.1824
foxa,bioemu,12.1703
foxa,bioemu,4.0174
foxa,bioemu,4.3993
foxa,bioemu,3.613
foxa,bioemu,4.1361
foxa,bioemu,6.4389
foxa,bioemu,3.963
foxa,bioemu,7.2049
foxa,bioemu,6.439
foxa,bioemu,5.0812
foxa,bioemu,7.98
foxa,bioemu,6.4138
foxa,bioemu,5.9964
foxa,bioemu,5.4087
foxa,bioemu,7.1719
foxa,bioemu,5.2614
foxa,bioemu,6.0451
foxa,bioemu,6.8386
foxa,bioemu,7.3075
foxa,bioemu,6.077
foxa,bioemu,6.2757
foxa,bioemu,4.7239
foxa,bioemu,5.6189
foxa,bioemu,6.345
foxa,bioemu,8.9886
foxa,bioemu,5.1923
foxa,bioemu,5.4385
foxa,bioemu,7.8173
foxa,bioemu,4.8851
foxa,bioemu,6.2957
foxa,bioemu,6.7205
foxa,bioemu,5.318
foxa,bioemu,6.0054
foxa,bioemu,5.2961
foxa,bioemu,5.8406
foxa,bioemu,4.988
foxa,bioemu,5.9694
foxa,bioemu,5.8281
foxa,bioemu,7.0736
foxa,bioemu,5.4271
foxa,bioemu,6.2023
foxa,bioemu,5.7425
foxa,bioemu,5.0463
foxa,bioemu,6.5173
foxa,bioemu,6.6305
foxa,bioemu,6.0838
foxa,bioemu,7.7204
foxa,bioemu,5.1797
foxa,bioemu,7.0143
foxa,bioemu,6.0002
foxa,bioemu,5.8901
foxa,bioemu,5.738
foxa,bioemu,6.0254
foxa,bioemu,6.7703
foxa,bioemu,5.6346
foxa,bioemu,9.1055
foxa,bioemu,5.8326
foxa,bioemu,5.7552
foxa,bioemu,6.1813
foxa,bioemu,6.5223
foxa,bioemu,6.7121
foxa,bioemu,5.4434
foxa,bioemu,4.6527
foxa,bioemu,7.3284
foxa,bioemu,6.0754
foxa,bioemu,7.3503
foxa,bioemu,4.4283
foxa,bioemu,5.1174
foxa,bioemu,6.7952
foxa,bioemu,6.5524
foxa,bioemu,6.0058
foxa,bioemu,7.5026
foxa,bioemu,6.3447
foxa,bioemu,5.9207
foxa,bioemu,7.4762
foxa,bioemu,13.9771
foxa,bioemu,7.6378
foxa,bioemu,7.3559
foxa,bioemu,7.4892
foxa,bioemu,4.9562
foxa,bioemu,6.9586
foxa,bioemu,6.6362
foxa,bioemu,9.3713
foxa,bioemu,7.4101
foxa,bioemu,11.5043
foxa,bioemu,9.0852
foxa,bioemu,8.6211
foxa,bioemu,8.7373
foxa,bioemu,9.7331
foxa,bioemu,8.9696
foxa,bioemu,5.9164
foxa,bioemu,9.9786
foxa,bioemu,9.1464
foxa,bioemu,9.2851
foxa,bioemu,8.9119
foxa,bioemu,6.4866
foxa,bioemu,8.6355
foxa,bioemu,8.8675
foxa,bioemu,8.8507
foxa,bioemu,8.55
foxa,bioemu,8.4044
foxa,bioemu,9.7953
foxa,bioemu,7.7552
foxa,bioemu,9.4072
foxa,bioemu,9.0092
foxa,bioemu,6.2179
foxa,bioemu,8.71
foxa,bioemu,3.9325
foxa,bioemu,8.2488
foxa,bioemu,6.4787
foxa,bioemu,9.9983
foxa,bioemu,9.1691
foxa,bioemu,9.6223
foxa,bioemu,7.1955
foxa,bioemu,8.8421
foxa,bioemu,10.3932
foxa,bioemu,7.7061
foxa,bioemu,9.398
foxa,bioemu,8.8156
foxa,bioemu,4.7342
foxa,bioemu,10.5403
foxa,bioemu,8.5645
foxa,bioemu,10.3525
foxa,bioemu,9.6879
foxa,bioemu,9.0543
foxa,bioemu,8.8252
foxa,bioemu,9.2522
foxa,bioemu,10.6756
foxa,bioemu,8.1801
foxa,bioemu,12.8882
foxa,bioemu,8.9827
foxa,bioemu,8.8618
foxa,bioemu,9.1014
foxa,bioemu,5.798
foxa,bioemu,9.9975
foxa,bioemu,8.6701
foxa,bioemu,8.6022
foxa,bioemu,8.1336
foxa,bioemu,8.42
foxa,bioemu,9.1929
foxa,bioemu,8.0498
foxa,bioemu,8.3433
foxa,bioemu,9.6373
foxa,bioemu,9.6947
foxa,bioemu,8.5177
foxa,bioemu,11.1641
foxa,bioemu,9.6783
foxa,bioemu,9.5908
foxa,bioemu,9.7226
foxa,bioemu,13.7451
foxa,bioemu,11.0115
foxa,bioemu,10.4981
foxa,bioemu,10.3154
foxa,bioemu,8.7692
foxa,bioemu,5.8453
foxa,bioemu,9.0003
foxa,bioemu,5.8415
foxa,bioemu,7.4192
foxa,bioemu,6.5267
foxa,bioemu,6.7653
foxa,bioemu,4.8618
foxa,bioemu,6.5954
foxa,bioemu,5.2226
foxa,bioemu,7.1803
foxa,bioemu,7.0794
foxa,bioemu,9.5282
foxa,bioemu,6.5241
foxa,bioemu,6.7451
foxa,bioemu,5.4129
foxa,bioemu,5.7031
foxa,bioemu,6.8835
foxa,bioemu,6.4737
foxa,bioemu,3.7829
foxa,bioemu,6.3951
foxa,bioemu,9.0769
foxa,bioemu,5.4157
foxa,bioemu,6.9647
foxa,bioemu,7.7797
foxa,bioemu,6.2289
foxa,bioemu,6.6436
foxa,bioemu,8.5649
foxa,bioemu,6.8658
foxa,bioemu,4.887
foxa,bioemu,4.4919
foxa,bioemu,6.2722
foxa,bioemu,7.082
foxa,bioemu,6.3252
foxa,bioemu,6.8044
foxa,bioemu,5.5916
foxa,bioemu,4.1844
foxa,bioemu,8.1371
foxa,bioemu,7.3897
foxa,bioemu,8.4642
foxa,bioemu,6.9281
foxa,bioemu,5.2457
foxa,bioemu,6.5199
foxa,bioemu,4.1796
foxa,bioemu,7.2003
foxa,bioemu,4.333
foxa,bioemu,6.7018
foxa,bioemu,6.9167
foxa,bioemu,5.7508
foxa,bioemu,7.9317
foxa,bioemu,5.9701
foxa,bioemu,6.5054
foxa,bioemu,7.0145
foxa,bioemu,9.0784
foxa,bioemu,4.8717
foxa,bioemu,5.4693
foxa,bioemu,5.9955
foxa,bioemu,6.218
foxa,bioemu,6.7983
foxa,bioemu,7.0737
foxa,bioemu,5.3918
foxa,bioemu,4.7545
foxa,bioemu,6.8155
foxa,bioemu,7.6871
foxa,bioemu,6.768
foxa,bioemu,4.7909
foxa,bioemu,7.1822
foxa,bioemu,5.7944
foxa,bioemu,9.1402
foxa,bioemu,14.5418
foxa,bioemu,6.8052
foxa,bioemu,8.1361
foxa,bioemu,7.4053
foxa,bioemu,5.4514
foxa,bioemu,9.0412
foxa,bioemu,8.0132
foxa,bioemu,5.7862
foxa,bioemu,3.9681
foxa,bioemu,3.9445
foxa,bioemu,4.7122
foxa,bioemu,5.5332
foxa,bioemu,5.1576
foxa,bioemu,5.146
foxa,bioemu,5.0809
foxa,bioemu,6.4589
foxa,bioemu,3.1832
foxa,bioemu,3.2139
foxa,bioemu,4.0297
foxa,bioemu,3.0143
foxa,bioemu,4.0087
foxa,bioemu,8.7152
foxa,bioemu,4.6628
foxa,bioemu,3.8978
foxa,bioemu,6.4845
foxa,bioemu,2.9813
foxa,bioemu,3.2043
foxa,bioemu,4.0827
foxa,bioemu,2.9884
foxa,bioemu,3.4803
foxa,bioemu,6.3839
foxa,bioemu,2.4229
foxa,bioemu,4.8476
foxa,bioemu,5.7605
foxa,bioemu,3.1896
foxa,bioemu,4.4107
foxa,bioemu,3.5527
foxa,bioemu,3.0517
foxa,bioemu,5.8112
foxa,bioemu,3.0982
foxa,bioemu,4.3445
foxa,bioemu,5.3705
foxa,bioemu,5.5079
foxa,bioemu,6.4997
foxa,bioemu,3.5982
foxa,bioemu,4.7776
foxa,bioemu,5.1982
foxa,bioemu,4.2917
foxa,bioemu,4.5463
foxa,bioemu,3.692
foxa,bioemu,5.5812
foxa,bioemu,2.7104
foxa,bioemu,8.0763
foxa,bioemu,3.2949
foxa,bioemu,3.0129
foxa,bioemu,4.3267
foxa,bioemu,5.3938
foxa,bioemu,4.4881
foxa,bioemu,3.4509
foxa,bioemu,4.4008
foxa,bioemu,5.1307
foxa,bioemu,2.8925
foxa,bioemu,5.8658
foxa,bioemu,4.4829
foxa,bioemu,3.4201
foxa,bioemu,3.401
foxa,bioemu,4.5137
foxa,bioemu,2.6744
foxa,bioemu,7.1887
foxa,bioemu,4.7994
foxa,bioemu,3.2431
foxa,bioemu,6.2496
foxa,bioemu,12.8295
foxa,bioemu,5.5734
foxa,bioemu,5.0369
foxa,bioemu,4.8137
foxa,bioemu,4.6958
foxa,bioemu,4.8756
foxa,bioemu,4.5918
foxa,bioemu,5.6888
foxa,bioemu,5.3643
foxa,bioemu,5.7949
foxa,bioemu,5.9019
foxa,bioemu,6.0358
foxa,bioemu,9.1025
foxa,bioemu,3.6142
foxa,bioemu,5.0671
foxa,bioemu,4.4975
foxa,bioemu,4.7393
foxa,bioemu,7.8952
foxa,bioemu,5.3064
foxa,bioemu,4.5089
foxa,bioemu,11.0027
foxa,bioemu,6.7336
foxa,bioemu,5.1817
foxa,bioemu,5.7283
foxa,bioemu,6.1874
foxa,bioemu,4.4643
foxa,bioemu,5.4222
foxa,bioemu,7.0523
foxa,bioemu,4.8249
foxa,bioemu,10.3557
foxa,bioemu,5.4008
foxa,bioemu,8.6134
foxa,bioemu,5.9554
foxa,bioemu,4.0321
foxa,bioemu,4.4008
foxa,bioemu,7.2107
foxa,bioemu,4.2145
foxa,bioemu,4.9684
foxa,bioemu,6.3815
foxa,bioemu,5.3941
foxa,bioemu,4.732
foxa,bioemu,8.5528
foxa,bioemu,5.6128
foxa,bioemu,5.3568
foxa,bioemu,4.5161
foxa,bioemu,5.9351
foxa,bioemu,4.6245
foxa,bioemu,6.1311
foxa,bioemu,4.9954
foxa,bioemu,3.5395
foxa,bioemu,5.4757
foxa,bioemu,4.4644
foxa,bioemu,4.4053
foxa,bioemu,4.0375
foxa,bioemu,5.1598
foxa,bioemu,7.947
foxa,bioemu,5.5649
foxa,bioemu,5.0507
foxa,bioemu,5.6606
foxa,bioemu,7.441
foxa,bioemu,4.8336
foxa,bioemu,6.9138
foxa,bioemu,6.8053
foxa,bioemu,5.8181
foxa,bioemu,3.823
foxa,bioemu,3.8965
foxa,bioemu,4.903
foxa,bioemu,6.2016
foxa,bioemu,4.1584
foxa,bioemu,4.0406
foxa,bioemu,6.015
foxa,bioemu,11.5976
foxa,bioemu,3.0507
foxa,bioemu,3.6751
foxa,bioemu,3.0272
foxa,bioemu,5.1383
foxa,bioemu,7.5335
foxa,bioemu,4.5335
foxa,bioemu,4.8523
foxa,bioemu,5.6135
foxa,bioemu,6.2918
foxa,bioemu,5.7728
foxa,bioemu,6.8348
foxa,bioemu,4.3181
foxa,bioemu,6.3111
foxa,bioemu,3.632
foxa,bioemu,3.465
foxa,bioemu,5.5633
foxa,bioemu,3.7646
foxa,bioemu,4.3139
foxa,bioemu,10.4167
foxa,bioemu,5.9987
foxa,bioemu,4.1927
foxa,bioemu,6.0714
foxa,bioemu,3.8891
foxa,bioemu,3.5152
foxa,bioemu,4.3702
foxa,bioemu,4.9223
foxa,bioemu,4.397
foxa,bioemu,8.132
foxa,bioemu,3.6598
foxa,bioemu,6.5308
foxa,bioemu,5.8137
foxa,bioemu,3.8528
foxa,bioemu,3.612
foxa,bioemu,4.917
foxa,bioemu,3.5469
foxa,bioemu,5.5614
foxa,bioemu,4.4043
foxa,bioemu,4.2088
foxa,bioemu,5.2814
foxa,bioemu,7.4302
foxa,bioemu,5.7423
foxa,bioemu,4.9622
foxa,bioemu,4.3945
foxa,bioemu,6.1969
foxa,bioemu,4.5124
foxa,bioemu,5.8685
foxa,bioemu,3.7245
foxa,bioemu,5.7139
foxa,bioemu,4.0279
foxa,bioemu,7.5786
foxa,bioemu,3.9515
foxa,bioemu,4.3476
foxa,bioemu,4.0238
foxa,bioemu,6.7972
foxa,bioemu,4.4324
foxa,bioemu,3.9386
foxa,bioemu,4.8106
foxa,bioemu,6.2563
foxa,bioemu,3.6596
foxa,bioemu,6.4543
foxa,bioemu,5.4102
foxa,bioemu,4.9286
foxa,bioemu,3.1984
foxa,bioemu,4.9792
foxa,bioemu,3.742
foxa,bioemu,7.7699
foxa,bioemu,5.525
foxa,bioemu,4.0931
foxa,bioemu,5.5566
foxa,bioemu,13.2927
foxa,bioemu,5.2038
foxa,bioemu,4.83
foxa,bioemu,4.892
foxa,bioemu,4.9722
foxa,bioemu,5.8636
foxa,bioemu,4.6692
foxa,bioemu,5.6645
foxa,bioemu,4.1118
foxa,bioemu,6.0155
foxa,bioemu,6.8333
foxa,bioemu,4.5554
foxa,bioemu,6.3238
foxa,bioemu,3.7669
foxa,bioemu,3.5592
foxa,bioemu,5.8263
foxa,bioemu,3.7317
foxa,bioemu,3.6017
foxa,bioemu,8.9523
foxa,bioemu,5.9692
foxa,bioemu,4.123
foxa,bioemu,6.2185
foxa,bioemu,4.5754
foxa,bioemu,3.7815
foxa,bioemu,4.9843
foxa,bioemu,5.2858
foxa,bioemu,3.2825
foxa,bioemu,6.922
foxa,bioemu,4.0517
foxa,bioemu,6.2115
foxa,bioemu,6.1926
foxa,bioemu,3.0513
foxa,bioemu,3.3652
foxa,bioemu,6.1864
foxa,bioemu,3.624
foxa,bioemu,6.2678
foxa,bioemu,4.7849
foxa,bioemu,5.8623
foxa,bioemu,4.7634
foxa,bioemu,6.2083
foxa,bioemu,5.6516
foxa,bioemu,4.857
foxa,bioemu,4.0956
foxa,bioemu,5.755
foxa,bioemu,4.0168
foxa,bioemu,6.4048
foxa,bioemu,4.0901
foxa,bioemu,5.2676
foxa,bioemu,3.887
foxa,bioemu,7.3037
foxa,bioemu,4.5196
foxa,bioemu,3.5181
foxa,bioemu,3.7446
foxa,bioemu,6.1238
foxa,bioemu,5.4762
foxa,bioemu,5.0565
foxa,bioemu,5.238
foxa,bioemu,6.1545
foxa,bioemu,3.9058
foxa,bioemu,3.9859
foxa,bioemu,6.1018
foxa,bioemu,3.6799
foxa,bioemu,3.8733
foxa,bioemu,4.754
foxa,bioemu,3.9268
foxa,bioemu,7.2154
foxa,bioemu,3.8021
foxa,bioemu,3.8837
foxa,bioemu,6.6501
foxa,bioemu,12.0979
foxa,bioemu,5.3531
foxa,bioemu,5.4283
foxa,bioemu,4.1446
foxa,bioemu,5.3554
foxa,bioemu,5.7151
foxa,bioemu,4.187
foxa,bioemu,5.9716
foxa,bioemu,3.3362
foxa,bioemu,5.6927
foxa,bioemu,5.8949
foxa,bioemu,7.3367
foxa,bioemu,5.6074
foxa,bioemu,5.8451
foxa,bioemu,5.5029
foxa,bioemu,4.4024
foxa,bioemu,6.0969
foxa,bioemu,7.7805
foxa,bioemu,3.4394
foxa,bioemu,5.8157
foxa,bioemu,7.7732
foxa,bioemu,4.2958
foxa,bioemu,5.6033
foxa,bioemu,6.6496
foxa,bioemu,5.5394
foxa,bioemu,5.52
foxa,bioemu,8.2283
foxa,bioemu,5.8785
foxa,bioemu,4.7551
foxa,bioemu,4.2364
foxa,bioemu,5.0884
foxa,bioemu,6.2018
foxa,bioemu,5.8188
foxa,bioemu,5.6224
foxa,bioemu,4.9692
foxa,bioemu,4.5283
foxa,bioemu,6.4098
foxa,bioemu,6.2258
foxa,bioemu,6.5702
foxa,bioemu,6.8801
foxa,bioemu,4.1587
foxa,bioemu,5.9588
foxa,bioemu,3.9014
foxa,bioemu,5.9478
foxa,bioemu,3.139
foxa,bioemu,5.674
foxa,bioemu,5.1497
foxa,bioemu,5.174
foxa,bioemu,6.4606
foxa,bioemu,5.2371
foxa,bioemu,5.0469
foxa,bioemu,6.0059
foxa,bioemu,7.1127
foxa,bioemu,5.6581
foxa,bioemu,4.5997
foxa,bioemu,5.5721
foxa,bioemu,5.5322
foxa,bioemu,5.8174
foxa,bioemu,6.7705
foxa,bioemu,4.0871
foxa,bioemu,4.151
foxa,bioemu,5.7279
foxa,bioemu,6.3292
foxa,bioemu,5.6515
foxa,bioemu,4.4027
foxa,bioemu,5.7716
foxa,bioemu,4.9682
foxa,bioemu,8.1744
foxa,bioemu,13.5498
foxa,bioemu,6.016
foxa,bioemu,6.8662
foxa,bioemu,6.2749
foxa,bioemu,4.5616
foxa,bioemu,7.2477
foxa,bioemu,6.5675
foxa,bioemu,5.9809
foxa,bioemu,8.0683
foxa,bioemu,5.5592
foxa,bioemu,7.365
foxa,bioemu,5.4772
foxa,bioemu,4.9643
foxa,bioemu,6.4888
foxa,bioemu,5.1934
foxa,bioemu,5.2909
foxa,bioemu,8.1569
foxa,bioemu,6.2135
foxa,bioemu,5.5566
foxa,bioemu,7.125
foxa,bioemu,5.8102
foxa,bioemu,5.256
foxa,bioemu,6.5165
foxa,bioemu,6.4137
foxa,bioemu,4.4235
foxa,bioemu,8.3631
foxa,bioemu,5.662
foxa,bioemu,6.5328
foxa,bioemu,6.0603
foxa,bioemu,4.5614
foxa,bioemu,5.0603
foxa,bioemu,7.2933
foxa,bioemu,5.5215
foxa,bioemu,6.7665
foxa,bioemu,5.8349
foxa,bioemu,7.5318
foxa,bioemu,5.3225
foxa,bioemu,7.5575
foxa,bioemu,5.6111
foxa,bioemu,5.3089
foxa,bioemu,5.5148
foxa,bioemu,5.0495
foxa,bioemu,5.1956
foxa,bioemu,6.7645
foxa,bioemu,5.5956
foxa,bioemu,5.9093
foxa,bioemu,4.9262
foxa,bioemu,6.5976
foxa,bioemu,5.9657
foxa,bioemu,4.9736
foxa,bioemu,5.3161
foxa,bioemu,7.3357
foxa,bioemu,6.0521
foxa,bioemu,6.118
foxa,bioemu,6.4242
foxa,bioemu,6.6799
foxa,bioemu,5.4896
foxa,bioemu,3.7743
foxa,bioemu,6.8773
foxa,bioemu,4.3777
foxa,bioemu,5.5102
foxa,bioemu,5.7331
foxa,bioemu,5.7963
foxa,bioemu,5.7995
foxa,bioemu,3.9898
foxa,bioemu,5.0842
foxa,bioemu,8.5437
foxa,bioemu,12.5128
foxa,bioemu,5.7757
foxa,bioemu,6.9516
foxa,bioemu,5.1696
foxa,bioemu,5.7219
foxa,bioemu,7.0916
foxa,bioemu,5.6068
foxa,bioemu,6.7604
foxa,bioemu,5.671
foxa,bioemu,6.9756
foxa,bioemu,5.7008
foxa,bioemu,6.0871
foxa,bioemu,6.1846
foxa,bioemu,5.0015
foxa,bioemu,6.3179
foxa,bioemu,8.3111
foxa,bioemu,4.4368
foxa,bioemu,5.9287
foxa,bioemu,7.5614
foxa,bioemu,4.5097
foxa,bioemu,5.618
foxa,bioemu,6.5521
foxa,bioemu,6.1048
foxa,bioemu,5.7758
foxa,bioemu,8.5186
foxa,bioemu,5.9335
foxa,bioemu,5.2358
foxa,bioemu,4.6014
foxa,bioemu,5.1294
foxa,bioemu,6.4083
foxa,bioemu,5.9155
foxa,bioemu,5.9576
foxa,bioemu,4.7266
foxa,bioemu,5.2931
foxa,bioemu,6.4252
foxa,bioemu,6.3091
foxa,bioemu,7.2108
foxa,bioemu,6.5102
foxa,bioemu,4.24
foxa,bioemu,6.0124
foxa,bioemu,3.9235
foxa,bioemu,5.66
foxa,bioemu,3.9403
foxa,bioemu,5.8824
foxa,bioemu,5.3172
foxa,bioemu,5.0725
foxa,bioemu,5.7555
foxa,bioemu,5.2528
foxa,bioemu,5.1016
foxa,bioemu,6.3025
foxa,bioemu,6.8629
foxa,bioemu,5.8086
foxa,bioemu,4.693
foxa,bioemu,5.2327
foxa,bioemu,6.0936
foxa,bioemu,6.0939
foxa,bioemu,6.6385
foxa,bioemu,3.8718
foxa,bioemu,4.8295
foxa,bioemu,6.0821
foxa,bioemu,6.2007
foxa,bioemu,6.0622
foxa,bioemu,4.3665
foxa,bioemu,5.9432
foxa,bioemu,4.9537
foxa,bioemu,7.8535
foxa,bioemu,13.7305
foxa,bioemu,5.9256
foxa,bioemu,6.6223
foxa,bioemu,6.4728
foxa,bioemu,4.4271
foxa,bioemu,7.4687
foxa,bioemu,6.421
foxa,bioemu,8.3558
foxa,bioemu,8.3925
foxa,bioemu,7.1305
foxa,bioemu,6.8369
foxa,bioemu,5.7174
foxa,bioemu,5.672
foxa,bioemu,7.4579
foxa,bioemu,8.3642
foxa,bioemu,5.8535
foxa,bioemu,7.299
foxa,bioemu,9.2195
foxa,bioemu,5.0482
foxa,bioemu,6.8474
foxa,bioemu,7.4112
foxa,bioemu,5.5397
foxa,bioemu,6.9459
foxa,bioemu,6.1215
foxa,bioemu,6.5819
foxa,bioemu,4.7124
foxa,bioemu,7.1759
foxa,bioemu,7.1113
foxa,bioemu,7.4351
foxa,bioemu,5.8989
foxa,bioemu,7.1218
foxa,bioemu,8.4569
foxa,bioemu,5.6106
foxa,bioemu,7.3382
foxa,bioemu,7.5454
foxa,bioemu,5.1997
foxa,bioemu,8.8559
foxa,bioemu,6.1618
foxa,bioemu,8.1567
foxa,bioemu,7.5429
foxa,bioemu,7.8403
foxa,bioemu,5.5746
foxa,bioemu,6.6033
foxa,bioemu,8.7753
foxa,bioemu,6.3055
foxa,bioemu,10.5647
foxa,bioemu,7.2416
foxa,bioemu,7.1157
foxa,bioemu,7.2069
foxa,bioemu,6.2691
foxa,bioemu,7.9282
foxa,bioemu,6.5205
foxa,bioemu,7.0029
foxa,bioemu,5.4307
foxa,bioemu,7.0456
foxa,bioemu,8.3822
foxa,bioemu,6.2963
foxa,bioemu,6.2152
foxa,bioemu,7.2435
foxa,bioemu,8.1698
foxa,bioemu,6.6223
foxa,bioemu,8.5311
foxa,bioemu,8.1482
foxa,bioemu,7.2236
foxa,bioemu,8.9108
foxa,bioemu,14.0242
foxa,bioemu,9.0921
foxa,bioemu,8.8896
foxa,bioemu,8.5585
foxa,bioemu,6.9481
foxa,bioemu,6.5315
foxa,bioemu,7.981
foxa,bioemu,4.4165
foxa,bioemu,4.07
foxa,bioemu,3.6546
foxa,bioemu,6.9699
foxa,bioemu,4.923
foxa,bioemu,3.466
foxa,bioemu,10.9973
foxa,bioemu,6.6546
foxa,bioemu,3.8438
foxa,bioemu,4.7618
foxa,bioemu,5.2213
foxa,bioemu,4.0387
foxa,bioemu,4.2587
foxa,bioemu,6.105
foxa,bioemu,3.9194
foxa,bioemu,8.7212
foxa,bioemu,4.8164
foxa,bioemu,7.6045
foxa,bioemu,5.4586
foxa,bioemu,3.5004
foxa,bioemu,3.4639
foxa,bioemu,6.6224
foxa,bioemu,3.5624
foxa,bioemu,4.5088
foxa,bioemu,5.5083
foxa,bioemu,4.6414
foxa,bioemu,3.7769
foxa,bioemu,7.58
foxa,bioemu,4.4369
foxa,bioemu,4.9775
foxa,bioemu,4.3986
foxa,bioemu,6.069
foxa,bioemu,3.5601
foxa,bioemu,6.3183
foxa,bioemu,4.1725
foxa,bioemu,4.3851
foxa,bioemu,4.9839
foxa,bioemu,5.5646
foxa,bioemu,3.2413
foxa,bioemu,3.4479
foxa,bioemu,4.087
foxa,bioemu,6.9484
foxa,bioemu,4.9566
foxa,bioemu,4.4834
foxa,bioemu,4.5923
foxa,bioemu,7.6337
foxa,bioemu,4.0632
foxa,bioemu,6.2336
foxa,bioemu,6.1298
foxa,bioemu,5.2534
foxa,bioemu,3.3402
foxa,bioemu,3.5756
foxa,bioemu,4.2584
foxa,bioemu,6.6421
foxa,bioemu,3.809
foxa,bioemu,3.747
foxa,bioemu,5.1503
foxa,bioemu,11.9037
foxa,bioemu,3.2541
foxa,bioemu,3.5147
foxa,bioemu,3.0339
foxa,bioemu,4.2334
foxa,bioemu,6.1723
foxa,bioemu,3.4097
foxa,bioemu,5.7011
foxa,bioemu,5.3737
foxa,bioemu,8.701
foxa,bioemu,6.3606
foxa,bioemu,4.7196
foxa,bioemu,13.1145
foxa,bioemu,8.6177
foxa,bioemu,5.9775
foxa,bioemu,5.3115
foxa,bioemu,6.2499
foxa,bioemu,5.341
foxa,bioemu,5.215
foxa,bioemu,7.2829
foxa,bioemu,5.5931
foxa,bioemu,8.1976
foxa,bioemu,5.79
foxa,bioemu,9.0411
foxa,bioemu,7.5624
foxa,bioemu,5.2235
foxa,bioemu,5.4095
foxa,bioemu,7.3409
foxa,bioemu,5.2515
foxa,bioemu,6.1801
foxa,bioemu,7.5211
foxa,bioemu,4.622
foxa,bioemu,4.0066
foxa,bioemu,7.212
foxa,bioemu,6.6452
foxa,bioemu,6.4699
foxa,bioemu,6.5002
foxa,bioemu,8.3362
foxa,bioemu,5.0063
foxa,bioemu,8.0797
foxa,bioemu,5.6462
foxa,bioemu,5.4586
foxa,bioemu,6.2815
foxa,bioemu,6.8299
foxa,bioemu,5.3934
foxa,bioemu,5.1117
foxa,bioemu,5.5086
foxa,bioemu,6.0145
foxa,bioemu,7.3719
foxa,bioemu,5.8476
foxa,bioemu,5.0904
foxa,bioemu,9.1255
foxa,bioemu,5.5029
foxa,bioemu,8.3181
foxa,bioemu,7.5143
foxa,bioemu,7.4328
foxa,bioemu,5.163
foxa,bioemu,4.4497
foxa,bioemu,5.5584
foxa,bioemu,8.6231
foxa,bioemu,5.2774
foxa,bioemu,5.5151
foxa,bioemu,4.8117
foxa,bioemu,11.8491
foxa,bioemu,4.9047
foxa,bioemu,4.1978
foxa,bioemu,4.4838
foxa,bioemu,4.9616
foxa,bioemu,5.9883
foxa,bioemu,3.7844
foxa,bioemu,3.1435
foxa,bioemu,5.6823
foxa,bioemu,3.0598
foxa,bioemu,3.4291
foxa,bioemu,10.1831
foxa,bioemu,5.7838
foxa,bioemu,3.6404
foxa,bioemu,5.701
foxa,bioemu,4.0335
foxa,bioemu,2.8245
foxa,bioemu,4.2448
foxa,bioemu,4.7726
foxa,bioemu,3.7005
foxa,bioemu,7.7992
foxa,bioemu,2.6526
foxa,bioemu,6.8596
foxa,bioemu,6.0007
foxa,bioemu,2.6348
foxa,bioemu,3.3968
foxa,bioemu,4.5667
foxa,bioemu,2.4878
foxa,bioemu,5.0971
foxa,bioemu,4.1804
foxa,bioemu,4.1347
foxa,bioemu,4.9753
foxa,bioemu,6.9589
foxa,bioemu,6.0973
foxa,bioemu,4.7275
foxa,bioemu,2.944
foxa,bioemu,5.8044
foxa,bioemu,3.2915
foxa,bioemu,5.8225
foxa,bioemu,3.6017
foxa,bioemu,4.2837
foxa,bioemu,3.1354
foxa,bioemu,6.8422
foxa,bioemu,3.0068
foxa,bioemu,2.8475
foxa,bioemu,3.0986
foxa,bioemu,6.4911
foxa,bioemu,4.2206
foxa,bioemu,3.6982
foxa,bioemu,4.3686
foxa,bioemu,6.0874
foxa,bioemu,2.3488
foxa,bioemu,5.5136
foxa,bioemu,5.3406
foxa,bioemu,4.2783
foxa,bioemu,2.336
foxa,bioemu,3.7919
foxa,bioemu,3.0271
foxa,bioemu,7.3663
foxa,bioemu,4.5425
foxa,bioemu,2.7182
foxa,bioemu,5.1325
foxa,bioemu,12.3588
foxa,bioemu,4.2467
foxa,bioemu,3.6793
foxa,bioemu,3.4729
foxa,bioemu,4.5864
foxa,bioemu,5.7204
foxa,bioemu,3.5394
foxa,bioemu,5.5274
foxa,bioemu,3.6309
foxa,bioemu,2.7666
foxa,bioemu,10.0901
foxa,bioemu,6.1001
foxa,bioemu,3.5267
foxa,bioemu,5.4679
foxa,bioemu,3.9534
foxa,bioemu,2.3369
foxa,bioemu,2.9169
foxa,bioemu,4.683
foxa,bioemu,2.8781
foxa,bioemu,7.4035
foxa,bioemu,2.7497
foxa,bioemu,6.3593
foxa,bioemu,5.8541
foxa,bioemu,2.4382
foxa,bioemu,2.8895
foxa,bioemu,5.3364
foxa,bioemu,2.5288
foxa,bioemu,5.7179
foxa,bioemu,4.1685
foxa,bioemu,3.9546
foxa,bioemu,4.2535
foxa,bioemu,6.7505
foxa,bioemu,5.0693
foxa,bioemu,4.1885
foxa,bioemu,4.5316
foxa,bioemu,5.8381
foxa,bioemu,3.4137
foxa,bioemu,6.0869
foxa,bioemu,2.9286
foxa,bioemu,5.2488
foxa,bioemu,3.3812
foxa,bioemu,7.3844
foxa,bioemu,3.2908
foxa,bioemu,2.9449
foxa,bioemu,3.5747
foxa,bioemu,5.9773
foxa,bioemu,4.1616
foxa,bioemu,3.5961
foxa,bioemu,4.2528
foxa,bioemu,6.7045
foxa,bioemu,2.6281
foxa,bioemu,5.6696
foxa,bioemu,6.0084
foxa,bioemu,4.1447
foxa,bioemu,2.2441
foxa,bioemu,3.6541
foxa,bioemu,2.4757
foxa,bioemu,7.5167
foxa,bioemu,3.4936
foxa,bioemu,3.0723
foxa,bioemu,5.5908
foxa,bioemu,12.4465
foxa,bioemu,4.3129
foxa,bioemu,3.8046
foxa,bioemu,3.1919
foxa,bioemu,4.604
foxa,bioemu,5.343
foxa,bioemu,3.402
foxa,bioemu,5.2614
foxa,bioemu,6.1506
foxa,bioemu,7.0836
foxa,bioemu,4.4878
foxa,bioemu,4.9682
foxa,bioemu,7.9258
foxa,bioemu,5.0439
foxa,bioemu,6.0828
foxa,bioemu,6.3008
foxa,bioemu,2.9648
foxa,bioemu,5.3403
foxa,bioemu,5.7196
foxa,bioemu,5.0069
foxa,bioemu,4.1714
foxa,bioemu,6.0139
foxa,bioemu,5.6818
foxa,bioemu,6.6307
foxa,bioemu,4.3529
foxa,bioemu,5.5602
foxa,bioemu,6.8944
foxa,bioemu,3.6854
foxa,bioemu,7.0515
foxa,bioemu,7.0715
foxa,bioemu,5.7237
foxa,bioemu,7.4449
foxa,bioemu,4.7835
foxa,bioemu,6.6357
foxa,bioemu,5.4684
foxa,bioemu,6.1083
foxa,bioemu,5.1514
foxa,bioemu,5.5788
foxa,bioemu,7.3366
foxa,bioemu,4.635
foxa,bioemu,9.6994
foxa,bioemu,5.4979
foxa,bioemu,5.5376
foxa,bioemu,6.3974
foxa,bioemu,6.5054
foxa,bioemu,5.9444
foxa,bioemu,5.3778
foxa,bioemu,5.8592
foxa,bioemu,5.7182
foxa,bioemu,5.0937
foxa,bioemu,6.6823
foxa,bioemu,5.149
foxa,bioemu,4.1726
foxa,bioemu,6.1447
foxa,bioemu,6.7257
foxa,bioemu,5.2118
foxa,bioemu,7.6137
foxa,bioemu,6.3528
foxa,bioemu,5.6949
foxa,bioemu,8.2076
foxa,bioemu,14.3644
foxa,bioemu,7.6442
foxa,bioemu,7.6602
foxa,bioemu,7.2285
foxa,bioemu,5.9765
foxa,bioemu,5.9694
foxa,bioemu,6.9737
foxa,bioemu,3.9114
foxa,bioemu,8.8103
foxa,bioemu,4.4813
foxa,bioemu,4.2384
foxa,bioemu,6.8214
foxa,bioemu,2.666
foxa,bioemu,3.3743
foxa,bioemu,4.8243
foxa,bioemu,4.797
foxa,bioemu,3.9997
foxa,bioemu,7.4727
foxa,bioemu,3.4558
foxa,bioemu,5.615
foxa,bioemu,5.4034
foxa,bioemu,2.9849
foxa,bioemu,3.5513
foxa,bioemu,4.504
foxa,bioemu,3.4296
foxa,bioemu,5.3839
foxa,bioemu,3.6698
foxa,bioemu,4.8064
foxa,bioemu,5.189
foxa,bioemu,6.3767
foxa,bioemu,6.4969
foxa,bioemu,4.105
foxa,bioemu,3.7561
foxa,bioemu,5.124
foxa,bioemu,4.0224
foxa,bioemu,4.9698
foxa,bioemu,3.8298
foxa,bioemu,4.8987
foxa,bioemu,3.0673
foxa,bioemu,7.1028
foxa,bioemu,4.1122
foxa,bioemu,3.7308
foxa,bioemu,3.8665
foxa,bioemu,6.2701
foxa,bioemu,4.707
foxa,bioemu,3.8891
foxa,bioemu,4.8171
foxa,bioemu,5.1037
foxa,bioemu,3.6029
foxa,bioemu,5.5042
foxa,bioemu,4.987
foxa,bioemu,3.458
foxa,bioemu,3.299
foxa,bioemu,5.3255
foxa,bioemu,3.5824
foxa,bioemu,6.6895
foxa,bioemu,5.111
foxa,bioemu,3.29
foxa,bioemu,6.5283
foxa,bioemu,12.8798
foxa,bioemu,4.8933
foxa,bioemu,5.2957
foxa,bioemu,4.4448
foxa,bioemu,4.3889
foxa,bioemu,5.9399
foxa,bioemu,4.5049
foxa,bioemu,10.3811
foxa,bioemu,6.1337
foxa,bioemu,3.4938
foxa,bioemu,5.2604
foxa,bioemu,4.3941
foxa,bioemu,3.565
foxa,bioemu,3.7793
foxa,bioemu,5.0333
foxa,bioemu,3.2543
foxa,bioemu,7.1734
foxa,bioemu,3.5648
foxa,bioemu,6.9238
foxa,bioemu,6.1074
foxa,bioemu,2.5261
foxa,bioemu,3.1889
foxa,bioemu,5.7714
foxa,bioemu,2.4901
foxa,bioemu,5.4323
foxa,bioemu,4.7285
foxa,bioemu,4.294
foxa,bioemu,3.6057
foxa,bioemu,6.5028
foxa,bioemu,5.4891
foxa,bioemu,4.4376
foxa,bioemu,4.3595
foxa,bioemu,6.4535
foxa,bioemu,3.3999
foxa,bioemu,6.58
foxa,bioemu,3.6958
foxa,bioemu,4.6678
foxa,bioemu,3.9368
foxa,bioemu,7.3196
foxa,bioemu,3.4926
foxa,bioemu,3.0441
foxa,bioemu,3.8114
foxa,bioemu,6.1371
foxa,bioemu,4.7491
foxa,bioemu,4.0137
foxa,bioemu,3.907
foxa,bioemu,7.2602
foxa,bioemu,3.0508
foxa,bioemu,5.807
foxa,bioemu,6.433
foxa,bioemu,4.1963
foxa,bioemu,2.8191
foxa,bioemu,3.8509
foxa,bioemu,2.6891
foxa,bioemu,7.5628
foxa,bioemu,3.7446
foxa,bioemu,3.4396
foxa,bioemu,5.2754
foxa,bioemu,12.1468
foxa,bioemu,3.6402
foxa,bioemu,3.7176
foxa,bioemu,2.661
foxa,bioemu,4.1614
foxa,bioemu,5.2874
foxa,bioemu,2.7887
foxa,bioemu,6.5481
foxa,bioemu,9.8014
foxa,bioemu,12.5065
foxa,bioemu,9.1231
foxa,bioemu,10.4478
foxa,bioemu,11.1997
foxa,bioemu,8.276
foxa,bioemu,9.1365
foxa,bioemu,9.198
foxa,bioemu,10.0049
foxa,bioemu,6.4039
foxa,bioemu,8.3643
foxa,bioemu,9.6172
foxa,bioemu,10.3971
foxa,bioemu,9.6114
foxa,bioemu,10.2815
foxa,bioemu,10.5278
foxa,bioemu,7.9028
foxa,bioemu,12.199
foxa,bioemu,11.0204
foxa,bioemu,8.426
foxa,bioemu,10.2545
foxa,bioemu,8.2174
foxa,bioemu,9.9712
foxa,bioemu,6.6487
foxa,bioemu,10.3545
foxa,bioemu,7.4338
foxa,bioemu,10.0077
foxa,bioemu,10.6973
foxa,bioemu,8.8723
foxa,bioemu,10.8137
foxa,bioemu,10.2469
foxa,bioemu,9.7722
foxa,bioemu,10.7251
foxa,bioemu,9.8178
foxa,bioemu,9.8957
foxa,bioemu,9.8861
foxa,bioemu,10.598
foxa,bioemu,7.0536
foxa,bioemu,10.1459
foxa,bioemu,8.3519
foxa,bioemu,8.7918
foxa,bioemu,7.1497
foxa,bioemu,10.6236
foxa,bioemu,11.3785
foxa,bioemu,10.1183
foxa,bioemu,7.5113
foxa,bioemu,9.7471
foxa,bioemu,9.7055
foxa,bioemu,13.6368
foxa,bioemu,16.4096
foxa,bioemu,11.1359
foxa,bioemu,12.4414
foxa,bioemu,10.9999
foxa,bioemu,10.0159
foxa,bioemu,10.1844
foxa,bioemu,11.4324
foxa,bioemu,5.7866
foxa,bioemu,8.4689
foxa,bioemu,4.5596
foxa,bioemu,6.0826
foxa,bioemu,7.0276
foxa,bioemu,5.0434
foxa,bioemu,5.8989
foxa,bioemu,7.8503
foxa,bioemu,5.899
foxa,bioemu,4.1349
foxa,bioemu,4.5343
foxa,bioemu,5.3607
foxa,bioemu,6.5259
foxa,bioemu,5.4839
foxa,bioemu,5.775
foxa,bioemu,5.5859
foxa,bioemu,4.0245
foxa,bioemu,7.1492
foxa,bioemu,7.1225
foxa,bioemu,6.9107
foxa,bioemu,7.427
foxa,bioemu,4.0201
foxa,bioemu,6.2343
foxa,bioemu,4.0311
foxa,bioemu,6.3429
foxa,bioemu,3.2546
foxa,bioemu,5.8766
foxa,bioemu,6.0159
foxa,bioemu,5.0444
foxa,bioemu,7.7186
foxa,bioemu,5.5877
foxa,bioemu,5.6115
foxa,bioemu,6.497
foxa,bioemu,7.7225
foxa,bioemu,5.4851
foxa,bioemu,5.038
foxa,bioemu,5.7828
foxa,bioemu,5.3732
foxa,bioemu,5.9352
foxa,bioemu,6.9321
foxa,bioemu,4.8548
foxa,bioemu,3.3886
foxa,bioemu,6.1336
foxa,bioemu,7.0274
foxa,bioemu,5.6382
foxa,bioemu,5.103
foxa,bioemu,6.4963
foxa,bioemu,5.4155
foxa,bioemu,8.9928
foxa,bioemu,14.2506
foxa,bioemu,6.5497
foxa,bioemu,7.5468
foxa,bioemu,6.8011
foxa,bioemu,5.1786
foxa,bioemu,7.6979
foxa,bioemu,7.3383
foxa,bioemu,5.0943
foxa,bioemu,4.6668
foxa,bioemu,4.1993
foxa,bioemu,4.7852
foxa,bioemu,4.3414
foxa,bioemu,3.9599
foxa,bioemu,6.9311
foxa,bioemu,4.0368
foxa,bioemu,6.4206
foxa,bioemu,5.6255
foxa,bioemu,3.6556
foxa,bioemu,3.9924
foxa,bioemu,5.0834
foxa,bioemu,3.1665
foxa,bioemu,4.7298
foxa,bioemu,4.1894
foxa,bioemu,4.7884
foxa,bioemu,4.4848
foxa,bioemu,6.4456
foxa,bioemu,5.3606
foxa,bioemu,4.659
foxa,bioemu,4.2836
foxa,bioemu,5.5851
foxa,bioemu,3.8985
foxa,bioemu,6.0661
foxa,bioemu,4.1547
foxa,bioemu,4.8998
foxa,bioemu,4.3895
foxa,bioemu,7.5923
foxa,bioemu,3.4226
foxa,bioemu,3.5569
foxa,bioemu,3.6545
foxa,bioemu,6.7704
foxa,bioemu,4.3783
foxa,bioemu,3.6602
foxa,bioemu,4.1549
foxa,bioemu,6.6084
foxa,bioemu,3.5711
foxa,bioemu,5.3492
foxa,bioemu,5.1216
foxa,bioemu,3.9701
foxa,bioemu,3.6808
foxa,bioemu,4.2856
foxa,bioemu,3.3915
foxa,bioemu,7.2567
foxa,bioemu,4.4522
foxa,bioemu,4.0071
foxa,bioemu,5.0752
foxa,bioemu,12.3621
foxa,bioemu,4.5471
foxa,bioemu,4.4742
foxa,bioemu,4.3898
foxa,bioemu,4.2541
foxa,bioemu,5.6184
foxa,bioemu,4.253
foxa,bioemu,7.0873
foxa,bioemu,5.8921
foxa,bioemu,5.6386
foxa,bioemu,6.7124
foxa,bioemu,5.815
foxa,bioemu,8.6906
foxa,bioemu,5.8766
foxa,bioemu,8.8785
foxa,bioemu,7.4557
foxa,bioemu,5.5925
foxa,bioemu,5.5794
foxa,bioemu,7.4286
foxa,bioemu,5.2299
foxa,bioemu,6.3985
foxa,bioemu,7.2297
foxa,bioemu,5.8744
foxa,bioemu,4.9487
foxa,bioemu,8.0597
foxa,bioemu,5.9414
foxa,bioemu,6.7127
foxa,bioemu,6.3213
foxa,bioemu,8.0058
foxa,bioemu,5.3301
foxa,bioemu,8.3598
foxa,bioemu,5.7936
foxa,bioemu,5.6844
foxa,bioemu,6.4855
foxa,bioemu,7.5714
foxa,bioemu,5.4759
foxa,bioemu,5.3937
foxa,bioemu,5.6698
foxa,bioemu,7.2023
foxa,bioemu,6.7225
foxa,bioemu,5.9859
foxa,bioemu,5.8157
foxa,bioemu,8.8149
foxa,bioemu,5.4537
foxa,bioemu,7.3899
foxa,bioemu,7.581
foxa,bioemu,7.0752
foxa,bioemu,5.4322
foxa,bioemu,4.8983
foxa,bioemu,5.5818
foxa,bioemu,8.7214
foxa,bioemu,5.6237
foxa,bioemu,5.9965
foxa,bioemu,5.8192
foxa,bioemu,12.1401
foxa,bioemu,5.5272
foxa,bioemu,5.0593
foxa,bioemu,5.1954
foxa,bioemu,5.8834
foxa,bioemu,6.4564
foxa,bioemu,5.1642
foxa,bioemu,3.7791
foxa,bioemu,4.6319
foxa,bioemu,4.5917
foxa,bioemu,4.5381
foxa,bioemu,6.7092
foxa,bioemu,3.7124
foxa,bioemu,4.8491
foxa,bioemu,4.9913
foxa,bioemu,3.6415
foxa,bioemu,4.5251
foxa,bioemu,4.1991
foxa,bioemu,4.1109
foxa,bioemu,5.0448
foxa,bioemu,3.5437
foxa,bioemu,4.5288
foxa,bioemu,5.2054
foxa,bioemu,6.1486
foxa,bioemu,6.5563
foxa,bioemu,3.8879
foxa,bioemu,5.1381
foxa,bioemu,5.1802
foxa,bioemu,4.5568
foxa,bioemu,4.753
foxa,bioemu,4.3159
foxa,bioemu,5.4804
foxa,bioemu,3.5097
foxa,bioemu,7.6797
foxa,bioemu,4.1018
foxa,bioemu,4.1119
foxa,bioemu,4.2632
foxa,bioemu,5.9201
foxa,bioemu,4.4181
foxa,bioemu,3.4578
foxa,bioemu,4.0903
foxa,bioemu,5.8793
foxa,bioemu,4.1372
foxa,bioemu,6.2566
foxa,bioemu,4.3214
foxa,bioemu,3.9998
foxa,bioemu,4.0838
foxa,bioemu,5.5685
foxa,bioemu,3.8893
foxa,bioemu,6.6227
foxa,bioemu,5.5239
foxa,bioemu,3.7625
foxa,bioemu,6.3653
foxa,bioemu,13.0861
foxa,bioemu,5.3341
foxa,bioemu,5.5381
foxa,bioemu,5.2669
foxa,bioemu,3.7146
foxa,bioemu,5.9264
foxa,bioemu,4.8298
foxa,bioemu,3.2306
foxa,bioemu,5.1678
foxa,bioemu,3.2358
foxa,bioemu,8.0157
foxa,bioemu,2.6083
foxa,bioemu,6.5954
foxa,bioemu,6.0945
foxa,bioemu,2.3383
foxa,bioemu,3.1082
foxa,bioemu,5.1809
foxa,bioemu,2.8327
foxa,bioemu,5.5034
foxa,bioemu,4.5916
foxa,bioemu,3.6172
foxa,bioemu,4.667
foxa,bioemu,7.0846
foxa,bioemu,5.8089
foxa,bioemu,4.3877
foxa,bioemu,4.2822
foxa,bioemu,5.8284
foxa,bioemu,3.6347
foxa,bioemu,5.7846
foxa,bioemu,3.3797
foxa,bioemu,5.1032
foxa,bioemu,3.3422
foxa,bioemu,6.8939
foxa,bioemu,3.4458
foxa,bioemu,2.9481
foxa,bioemu,3.5546
foxa,bioemu,6.2258
foxa,bioemu,4.3895
foxa,bioemu,3.651
foxa,bioemu,4.3831
foxa,bioemu,6.4659
foxa,bioemu,2.8866
foxa,bioemu,5.9826
foxa,bioemu,5.6095
foxa,bioemu,4.5611
foxa,bioemu,2.2351
foxa,bioemu,3.4919
foxa,bioemu,2.906
foxa,bioemu,7.3838
foxa,bioemu,4.096
foxa,bioemu,2.7084
foxa,bioemu,5.3977
foxa,bioemu,12.431
foxa,bioemu,4.3734
foxa,bioemu,3.608
foxa,bioemu,3.6067
foxa,bioemu,4.8008
foxa,bioemu,5.6454
foxa,bioemu,3.5118
foxa,bioemu,5.2525
foxa,bioemu,3.795
foxa,bioemu,7.6975
foxa,bioemu,3.2751
foxa,bioemu,6.9953
foxa,bioemu,6.5127
foxa,bioemu,3.4861
foxa,bioemu,4.0892
foxa,bioemu,5.6366
foxa,bioemu,3.3251
foxa,bioemu,6.1952
foxa,bioemu,5.1161
foxa,bioemu,3.818
foxa,bioemu,5.0354
foxa,bioemu,7.0778
foxa,bioemu,5.8788
foxa,bioemu,4.771
foxa,bioemu,5.7771
foxa,bioemu,6.8126
foxa,bioemu,3.7832
foxa,bioemu,6.8195
foxa,bioemu,4.0288
foxa,bioemu,6.1197
foxa,bioemu,4.3445
foxa,bioemu,7.901
foxa,bioemu,3.6843
foxa,bioemu,3.4698
foxa,bioemu,4.8163
foxa,bioemu,5.6497
foxa,bioemu,5.1676
foxa,bioemu,4.4293
foxa,bioemu,4.6906
foxa,bioemu,7.8569
foxa,bioemu,3.3002
foxa,bioemu,7.1183
foxa,bioemu,6.4232
foxa,bioemu,5.5693
foxa,bioemu,3.4559
foxa,bioemu,4.2098
foxa,bioemu,3.3353
foxa,bioemu,8.3833
foxa,bioemu,4.4744
foxa,bioemu,3.9231
foxa,bioemu,5.5723
foxa,bioemu,12.9529
foxa,bioemu,4.8449
foxa,bioemu,3.9415
foxa,bioemu,3.9986
foxa,bioemu,5.2392
foxa,bioemu,5.2771
foxa,bioemu,3.5887
foxa,bioemu,4.461
foxa,bioemu,5.8084
foxa,bioemu,3.8482
foxa,bioemu,4.8132
foxa,bioemu,6.3856
foxa,bioemu,4.8938
foxa,bioemu,5.815
foxa,bioemu,3.582
foxa,bioemu,4.3499
foxa,bioemu,6.7055
foxa,bioemu,3.7888
foxa,bioemu,5.7384
foxa,bioemu,6.1588
foxa,bioemu,5.0823
foxa,bioemu,7.1642
foxa,bioemu,4.4755
foxa,bioemu,6.1141
foxa,bioemu,5.999
foxa,bioemu,5.352
foxa,bioemu,5.1328
foxa,bioemu,4.9476
foxa,bioemu,6.6159
foxa,bioemu,4.0124
foxa,bioemu,9.3112
foxa,bioemu,4.411
foxa,bioemu,4.3332
foxa,bioemu,5.7416
foxa,bioemu,5.4063
foxa,bioemu,5.7326
foxa,bioemu,4.6143
foxa,bioemu,5.2719
foxa,bioemu,5.4832
foxa,bioemu,3.903
foxa,bioemu,6.6137
foxa,bioemu,5.144
foxa,bioemu,4.1998
foxa,bioemu,5.0994
foxa,bioemu,5.602
foxa,bioemu,3.7303
foxa,bioemu,7.9686
foxa,bioemu,5.8566
foxa,bioemu,4.9904
foxa,bioemu,7.0056
foxa,bioemu,13.4473
foxa,bioemu,6.7871
foxa,bioemu,6.4291
foxa,bioemu,6.1834
foxa,bioemu,5.5062
foxa,bioemu,4.3754
foxa,bioemu,5.7833
foxa,bioemu,7.2457
foxa,bioemu,3.4149
foxa,bioemu,6.0884
foxa,bioemu,5.9056
foxa,bioemu,2.6945
foxa,bioemu,3.4706
foxa,bioemu,5.737
foxa,bioemu,3.3414
foxa,bioemu,6.1333
foxa,bioemu,4.4478
foxa,bioemu,5.0372
foxa,bioemu,4.3448
foxa,bioemu,6.1043
foxa,bioemu,5.061
foxa,bioemu,4.0346
foxa,bioemu,4.5201
foxa,bioemu,5.5663
foxa,bioemu,3.4406
foxa,bioemu,5.7801
foxa,bioemu,3.6156
foxa,bioemu,5.463
foxa,bioemu,3.6431
foxa,bioemu,7.1722
foxa,bioemu,3.6325
foxa,bioemu,2.5967
foxa,bioemu,4.3867
foxa,bioemu,5.5276
foxa,bioemu,5.3551
foxa,bioemu,4.7207
foxa,bioemu,4.8789
foxa,bioemu,6.285
foxa,bioemu,3.2277
foxa,bioemu,5.3455
foxa,bioemu,5.8967
foxa,bioemu,3.9274
foxa,bioemu,3.3233
foxa,bioemu,3.9102
foxa,bioemu,3.3119
foxa,bioemu,7.1531
foxa,bioemu,3.1529
foxa,bioemu,3.1443
foxa,bioemu,6.4292
foxa,bioemu,12.2905
foxa,bioemu,4.8682
foxa,bioemu,4.78
foxa,bioemu,3.6419
foxa,bioemu,4.9518
foxa,bioemu,5.0149
foxa,bioemu,3.4243
foxa,bioemu,6.9077
foxa,bioemu,6.0432
foxa,bioemu,8.9642
foxa,bioemu,7.6408
foxa,bioemu,8.2682
foxa,bioemu,6.875
foxa,bioemu,7.4984
foxa,bioemu,9.0339
foxa,bioemu,6.5882
foxa,bioemu,8.1882
foxa,bioemu,7.5254
foxa,bioemu,4.7934
foxa,bioemu,9.3268
foxa,bioemu,7.5989
foxa,bioemu,8.8896
foxa,bioemu,8.8843
foxa,bioemu,7.5287
foxa,bioemu,8.673
foxa,bioemu,7.8814
foxa,bioemu,9.3047
foxa,bioemu,7.1335
foxa,bioemu,12.1036
foxa,bioemu,7.7575
foxa,bioemu,7.4828
foxa,bioemu,7.3219
foxa,bioemu,5.748
foxa,bioemu,8.5302
foxa,bioemu,7.6317
foxa,bioemu,6.8839
foxa,bioemu,8.4858
foxa,bioemu,7.0859
foxa,bioemu,7.8346
foxa,bioemu,7.4879
foxa,bioemu,7.0332
foxa,bioemu,8.2613
foxa,bioemu,8.1961
foxa,bioemu,7.2478
foxa,bioemu,10.4711
foxa,bioemu,7.9504
foxa,bioemu,8.1136
foxa,bioemu,8.508
foxa,bioemu,13.4869
foxa,bioemu,9.59
foxa,bioemu,9.0488
foxa,bioemu,8.7494
foxa,bioemu,7.4066
foxa,bioemu,5.8006
foxa,bioemu,7.4187
foxa,bioemu,6.1749
foxa,bioemu,6.5079
foxa,bioemu,2.6952
foxa,bioemu,4.0011
foxa,bioemu,3.8652
foxa,bioemu,2.5547
foxa,bioemu,5.9864
foxa,bioemu,3.9332
foxa,bioemu,3.711
foxa,bioemu,5.2402
foxa,bioemu,6.3515
foxa,bioemu,6.4909
foxa,bioemu,4.3389
foxa,bioemu,4.5161
foxa,bioemu,6.0201
foxa,bioemu,3.6862
foxa,bioemu,5.8821
foxa,bioemu,3.4131
foxa,bioemu,5.3377
foxa,bioemu,2.57
foxa,bioemu,7.8831
foxa,bioemu,3.333
foxa,bioemu,2.9482
foxa,bioemu,3.9942
foxa,bioemu,5.267
foxa,bioemu,4.5644
foxa,bioemu,3.7923
foxa,bioemu,4.4344
foxa,bioemu,6.2709
foxa,bioemu,1.9603
foxa,bioemu,5.9882
foxa,bioemu,5.447
foxa,bioemu,4.428
foxa,bioemu,2.786
foxa,bioemu,3.9612
foxa,bioemu,2.337
foxa,bioemu,8.0545
foxa,bioemu,4.5897
foxa,bioemu,3.0553
foxa,bioemu,5.5494
foxa,bioemu,12.7102
foxa,bioemu,5.0145
foxa,bioemu,4.0486
foxa,bioemu,4.0804
foxa,bioemu,4.9756
foxa,bioemu,4.6271
foxa,bioemu,3.6816
foxa,bioemu,5.4979
foxa,bioemu,6.2736
foxa,bioemu,7.3127
foxa,bioemu,5.6617
foxa,bioemu,6.6745
foxa,bioemu,7.0216
foxa,bioemu,4.1857
foxa,bioemu,7.7253
foxa,bioemu,7.3842
foxa,bioemu,5.8283
foxa,bioemu,7.6154
foxa,bioemu,4.639
foxa,bioemu,7.6499
foxa,bioemu,5.1362
foxa,bioemu,7.0185
foxa,bioemu,4.5345
foxa,bioemu,6.3789
foxa,bioemu,7.9625
foxa,bioemu,5.6959
foxa,bioemu,9.6143
foxa,bioemu,6.3379
foxa,bioemu,6.3058
foxa,bioemu,7.0117
foxa,bioemu,6.7054
foxa,bioemu,6.4092
foxa,bioemu,5.7832
foxa,bioemu,6.0882
foxa,bioemu,5.702
foxa,bioemu,6.4661
foxa,bioemu,6.9076
foxa,bioemu,4.9369
foxa,bioemu,4.7273
foxa,bioemu,7.1602
foxa,bioemu,7.7231
foxa,bioemu,6.2759
foxa,bioemu,6.6059
foxa,bioemu,7.0661
foxa,bioemu,6.3895
foxa,bioemu,9.423
foxa,bioemu,14.3785
foxa,bioemu,8.1219
foxa,bioemu,8.6734
foxa,bioemu,8.0645
foxa,bioemu,5.9649
foxa,bioemu,6.8762
foxa,bioemu,7.733
foxa,bioemu,5.5752
foxa,bioemu,6.0803
foxa,bioemu,6.6704
foxa,bioemu,6.0016
foxa,bioemu,4.1548
foxa,bioemu,4.7715
foxa,bioemu,6.8492
foxa,bioemu,5.7285
foxa,bioemu,8.2675
foxa,bioemu,5.4514
foxa,bioemu,4.5439
foxa,bioemu,6.0466
foxa,bioemu,4.1084
foxa,bioemu,6.204
foxa,bioemu,4.3081
foxa,bioemu,5.4331
foxa,bioemu,5.5808
foxa,bioemu,5.87
foxa,bioemu,6.4646
foxa,bioemu,5.2416
foxa,bioemu,5.5574
foxa,bioemu,5.815
foxa,bioemu,8.4585
foxa,bioemu,5.0664
foxa,bioemu,4.8929
foxa,bioemu,5.1309
foxa,bioemu,6.6218
foxa,bioemu,6.4211
foxa,bioemu,7.1638
foxa,bioemu,5.1087
foxa,bioemu,4.9984
foxa,bioemu,5.909
foxa,bioemu,6.4181
foxa,bioemu,6.1297
foxa,bioemu,4.3965
foxa,bioemu,5.8513
foxa,bioemu,5.2224
foxa,bioemu,7.8409
foxa,bioemu,13.7894
foxa,bioemu,5.4335
foxa,bioemu,6.8513
foxa,bioemu,6.2254
foxa,bioemu,4.0905
foxa,bioemu,8.5579
foxa,bioemu,6.73
foxa,bioemu,2.9929
foxa,bioemu,5.1322
foxa,bioemu,2.2384
foxa,bioemu,4.944
foxa,bioemu,4.2024
foxa,bioemu,4.1773
foxa,bioemu,4.3332
foxa,bioemu,6.6681
foxa,bioemu,5.3578
foxa,bioemu,3.6708
foxa,bioemu,3.7188
foxa,bioemu,5.083
foxa,bioemu,2.7679
foxa,bioemu,5.5489
foxa,bioemu,3.2991
foxa,bioemu,4.0829
foxa,bioemu,2.7992
foxa,bioemu,6.2655
foxa,bioemu,3.077
foxa,bioemu,2.3691
foxa,bioemu,3.6766
foxa,bioemu,5.886
foxa,bioemu,4.2471
foxa,bioemu,3.5822
foxa,bioemu,4.1363
foxa,bioemu,6.4362
foxa,bioemu,2.6758
foxa,bioemu,5.1554
foxa,bioemu,5.3147
foxa,bioemu,3.5256
foxa,bioemu,2.3659
foxa,bioemu,3.6571
foxa,bioemu,2.6791
foxa,bioemu,6.6311
foxa,bioemu,3.1784
foxa,bioemu,2.318
foxa,bioemu,5.6983
foxa,bioemu,12.1771
foxa,bioemu,3.6321
foxa,bioemu,3.6117
foxa,bioemu,2.8098
foxa,bioemu,4.1673
foxa,bioemu,5.5269
foxa,bioemu,2.9966
foxa,bioemu,6.2682
foxa,bioemu,3.1668
foxa,bioemu,5.7732
foxa,bioemu,5.2034
foxa,bioemu,4.9154
foxa,bioemu,4.2292
foxa,bioemu,7.2066
foxa,bioemu,4.9261
foxa,bioemu,5.092
foxa,bioemu,3.6398
foxa,bioemu,6.3302
foxa,bioemu,3.5415
foxa,bioemu,6.6867
foxa,bioemu,3.8578
foxa,bioemu,5.0925
foxa,bioemu,4.2201
foxa,bioemu,6.7516
foxa,bioemu,4.1529
foxa,bioemu,3.7467
foxa,bioemu,3.3194
foxa,bioemu,6.7013
foxa,bioemu,5.0334
foxa,bioemu,4.6291
foxa,bioemu,5.2234
foxa,bioemu,6.5565
foxa,bioemu,3.5506
foxa,bioemu,5.3672
foxa,bioemu,6.6265
foxa,bioemu,4.7433
foxa,bioemu,2.6832
foxa,bioemu,4.5336
foxa,bioemu,3.7745
foxa,bioemu,7.5204
foxa,bioemu,4.1868
foxa,bioemu,3.6942
foxa,bioemu,5.6716
foxa,bioemu,12.0293
foxa,bioemu,4.228
foxa,bioemu,4.3487
foxa,bioemu,3.2371
foxa,bioemu,5.0024
foxa,bioemu,5.9222
foxa,bioemu,3.6703
foxa,bioemu,4.7324
foxa,bioemu,6.132
foxa,bioemu,3.8947
foxa,bioemu,5.0871
foxa,bioemu,6.7693
foxa,bioemu,6.3317
foxa,bioemu,8.0365
foxa,bioemu,4.9735
foxa,bioemu,5.9302
foxa,bioemu,6.2369
foxa,bioemu,5.7572
foxa,bioemu,5.3342
foxa,bioemu,5.1398
foxa,bioemu,6.5518
foxa,bioemu,3.7902
foxa,bioemu,9.123
foxa,bioemu,4.6366
foxa,bioemu,4.9028
foxa,bioemu,5.8684
foxa,bioemu,6.0452
foxa,bioemu,5.5879
foxa,bioemu,4.3865
foxa,bioemu,5.2058
foxa,bioemu,5.8917
foxa,bioemu,4.2347
foxa,bioemu,7.403
foxa,bioemu,4.4708
foxa,bioemu,5.2892
foxa,bioemu,5.2399
foxa,bioemu,6.1089
foxa,bioemu,4.2386
foxa,bioemu,8.1071
foxa,bioemu,6.9028
foxa,bioemu,4.8565
foxa,bioemu,6.2891
foxa,bioemu,13.5119
foxa,bioemu,6.6125
foxa,bioemu,6.2133
foxa,bioemu,6.6274
foxa,bioemu,5.3957
foxa,bioemu,5.6002
foxa,bioemu,6.0353
foxa,bioemu,5.1851
foxa,bioemu,4.1268
foxa,bioemu,3.7182
foxa,bioemu,4.5755
foxa,bioemu,6.5349
foxa,bioemu,5.7887
foxa,bioemu,4.3247
foxa,bioemu,3.8225
foxa,bioemu,5.9107
foxa,bioemu,3.1906
foxa,bioemu,5.8597
foxa,bioemu,3.4515
foxa,bioemu,4.3676
foxa,bioemu,3.3906
foxa,bioemu,7.0754
foxa,bioemu,2.6253
foxa,bioemu,2.516
foxa,bioemu,3.4026
foxa,bioemu,6.054
foxa,bioemu,4.1396
foxa,bioemu,3.3944
foxa,bioemu,4.1938
foxa,bioemu,6.5436
foxa,bioemu,1.988
foxa,bioemu,5.6625
foxa,bioemu,5.5462
foxa,bioemu,3.981
foxa,bioemu,2.067
foxa,bioemu,3.3927
foxa,bioemu,2.0496
foxa,bioemu,7.4478
foxa,bioemu,3.8855
foxa,bioemu,3.0675
foxa,bioemu,5.0011
foxa,bioemu,12.0781
foxa,bioemu,3.957
foxa,bioemu,3.2615
foxa,bioemu,2.9658
foxa,bioemu,4.5809
foxa,bioemu,5.025
foxa,bioemu,3.2455
foxa,bioemu,5.2245
foxa,bioemu,5.4668
foxa,bioemu,5.2381
foxa,bioemu,8.6613
foxa,bioemu,6.0612
foxa,bioemu,5.2473
foxa,bioemu,5.3621
foxa,bioemu,5.0013
foxa,bioemu,5.2675
foxa,bioemu,5.5137
foxa,bioemu,5.761
foxa,bioemu,3.9536
foxa,bioemu,5.8241
foxa,bioemu,5.6874
foxa,bioemu,4.2017
foxa,bioemu,5.0234
foxa,bioemu,5.0425
foxa,bioemu,8.6075
foxa,bioemu,4.3663
foxa,bioemu,4.0095
foxa,bioemu,3.9382
foxa,bioemu,7.8607
foxa,bioemu,5.6051
foxa,bioemu,7.3143
foxa,bioemu,4.4985
foxa,bioemu,5.6294
foxa,bioemu,5.2469
foxa,bioemu,5.2639
foxa,bioemu,5.649
foxa,bioemu,5.1297
foxa,bioemu,5.7947
foxa,bioemu,4.6432
foxa,bioemu,5.7096
foxa,bioemu,12.7794
foxa,bioemu,4.104
foxa,bioemu,5.0066
foxa,bioemu,5.4665
foxa,bioemu,3.0993
foxa,bioemu,8.236
foxa,bioemu,5.6851
foxa,bioemu,5.3543
foxa,bioemu,5.8486
foxa,bioemu,6.4171
foxa,bioemu,6.5115
foxa,bioemu,4.1278
foxa,bioemu,5.2097
foxa,bioemu,4.623
foxa,bioemu,5.1058
foxa,bioemu,4.2397
foxa,bioemu,4.4518
foxa,bioemu,5.9718
foxa,bioemu,3.7562
foxa,bioemu,8.2291
foxa,bioemu,3.6797
foxa,bioemu,4.1361
foxa,bioemu,4.7226
foxa,bioemu,6.7031
foxa,bioemu,3.9612
foxa,bioemu,3.7012
foxa,bioemu,4.4141
foxa,bioemu,5.5741
foxa,bioemu,3.9188
foxa,bioemu,6.1237
foxa,bioemu,4.3115
foxa,bioemu,3.5454
foxa,bioemu,4.3532
foxa,bioemu,5.5165
foxa,bioemu,3.9454
foxa,bioemu,6.5435
foxa,bioemu,5.4976
foxa,bioemu,3.9735
foxa,bioemu,6.9241
foxa,bioemu,13.4502
foxa,bioemu,5.7067
foxa,bioemu,6.0397
foxa,bioemu,5.5677
foxa,bioemu,4.558
foxa,bioemu,6.2072
foxa,bioemu,5.6034
foxa,bioemu,5.1715
foxa,bioemu,7.5054
foxa,bioemu,7.0944
foxa,bioemu,5.3144
foxa,bioemu,5.7247
foxa,bioemu,7.1121
foxa,bioemu,4.9281
foxa,bioemu,6.5512
foxa,bioemu,4.159
foxa,bioemu,5.4915
foxa,bioemu,4.7812
foxa,bioemu,7.8532
foxa,bioemu,3.8216
foxa,bioemu,3.946
foxa,bioemu,4.6471
foxa,bioemu,6.4511
foxa,bioemu,5.2488
foxa,bioemu,3.8424
foxa,bioemu,4.2619
foxa,bioemu,7.7781
foxa,bioemu,4.0002
foxa,bioemu,8.1288
foxa,bioemu,5.837
foxa,bioemu,6.2223
foxa,bioemu,3.5
foxa,bioemu,4.0532
foxa,bioemu,3.3545
foxa,bioemu,8.5534
foxa,bioemu,5.6474
foxa,bioemu,4.0744
foxa,bioemu,4.0588
foxa,bioemu,12.5649
foxa,bioemu,4.7807
foxa,bioemu,3.2793
foxa,bioemu,4.7234
foxa,bioemu,4.8757
foxa,bioemu,5.9447
foxa,bioemu,4.0905
foxa,bioemu,6.9276
foxa,bioemu,4.8008
foxa,bioemu,5.2855
foxa,bioemu,5.3664
foxa,bioemu,6.7045
foxa,bioemu,4.8287
foxa,bioemu,6.9412
foxa,bioemu,4.5965
foxa,bioemu,5.0197
foxa,bioemu,5.3053
foxa,bioemu,6.7942
foxa,bioemu,4.6649
foxa,bioemu,4.3191
foxa,bioemu,4.3769
foxa,bioemu,6.5991
foxa,bioemu,5.7509
foxa,bioemu,5.0448
foxa,bioemu,4.1412
foxa,bioemu,7.6209
foxa,bioemu,4.9539
foxa,bioemu,6.4384
foxa,bioemu,6.5318
foxa,bioemu,5.7826
foxa,bioemu,4.2551
foxa,bioemu,4.2287
foxa,bioemu,4.8028
foxa,bioemu,7.1023
foxa,bioemu,4.242
foxa,bioemu,4.5285
foxa,bioemu,5.3508
foxa,bioemu,12.0197
foxa,bioemu,4.1192
foxa,bioemu,4.792
foxa,bioemu,3.8896
foxa,bioemu,3.657
foxa,bioemu,6.1468
foxa,bioemu,3.5668
foxa,bioemu,8.6841
foxa,bioemu,6.4127
foxa,bioemu,7.9861
foxa,bioemu,7.8797
foxa,bioemu,6.5811
foxa,bioemu,7.029
foxa,bioemu,7.1428
foxa,bioemu,8.2735
foxa,bioemu,6.3035
foxa,bioemu,10.3555
foxa,bioemu,7.0364
foxa,bioemu,6.4345
foxa,bioemu,7.234
foxa,bioemu,4.4134
foxa,bioemu,8.8464
foxa,bioemu,7.0198
foxa,bioemu,7.2421
foxa,bioemu,6.5737
foxa,bioemu,6.3009
foxa,bioemu,7.3209
foxa,bioemu,6.7425
foxa,bioemu,6.3353
foxa,bioemu,7.2162
foxa,bioemu,7.413
foxa,bioemu,6.4169
foxa,bioemu,9.1904
foxa,bioemu,7.1007
foxa,bioemu,7.2119
foxa,bioemu,8.1559
foxa,bioemu,12.2415
foxa,bioemu,8.5992
foxa,bioemu,8.0671
foxa,bioemu,7.6372
foxa,bioemu,7.0233
foxa,bioemu,4.275
foxa,bioemu,6.5366
foxa,bioemu,5.5726
foxa,bioemu,5.5425
foxa,bioemu,6.1033
foxa,bioemu,5.6718
foxa,bioemu,7.1249
foxa,bioemu,5.0413
foxa,bioemu,6.1789
foxa,bioemu,6.3038
foxa,bioemu,6.6208
foxa,bioemu,5.6603
foxa,bioemu,5.5024
foxa,bioemu,5.773
foxa,bioemu,7.8753
foxa,bioemu,5.9063
foxa,bioemu,5.8897
foxa,bioemu,5.8495
foxa,bioemu,7.4393
foxa,bioemu,6.2303
foxa,bioemu,6.1592
foxa,bioemu,7.1555
foxa,bioemu,6.1278
foxa,bioemu,5.6599
foxa,bioemu,5.7088
foxa,bioemu,6.2863
foxa,bioemu,6.6584
foxa,bioemu,4.6325
foxa,bioemu,5.592
foxa,bioemu,7.2353
foxa,bioemu,12.6838
foxa,bioemu,5.536
foxa,bioemu,6.1483
foxa,bioemu,5.3168
foxa,bioemu,5.5817
foxa,bioemu,7.9158
foxa,bioemu,5.8605
foxa,bioemu,5.5706
foxa,bioemu,4.1186
foxa,bioemu,4.8286
foxa,bioemu,3.9229
foxa,bioemu,3.8819
foxa,bioemu,5.2727
foxa,bioemu,3.9088
foxa,bioemu,7.1279
foxa,bioemu,4.3046
foxa,bioemu,3.8598
foxa,bioemu,5.6936
foxa,bioemu,5.9509
foxa,bioemu,5.0701
foxa,bioemu,3.847
foxa,bioemu,4.4617
foxa,bioemu,5.6931
foxa,bioemu,4.5331
foxa,bioemu,6.3847
foxa,bioemu,4.6971
foxa,bioemu,3.6221
foxa,bioemu,4.6888
foxa,bioemu,5.2166
foxa,bioemu,3.9961
foxa,bioemu,5.5823
foxa,bioemu,4.5068
foxa,bioemu,3.9466
foxa,bioemu,7.159
foxa,bioemu,13.0767
foxa,bioemu,5.1188
foxa,bioemu,5.6614
foxa,bioemu,5.0201
foxa,bioemu,4.0889
foxa,bioemu,6.4317
foxa,bioemu,5.3793
foxa,bioemu,5.838
foxa,bioemu,4.3291
foxa,bioemu,6.321
foxa,bioemu,4.4048
foxa,bioemu,4.2124
foxa,bioemu,4.4515
foxa,bioemu,6.1619
foxa,bioemu,4.3055
foxa,bioemu,4.0312
foxa,bioemu,3.673
foxa,bioemu,7.6287
foxa,bioemu,4.9335
foxa,bioemu,4.8849
foxa,bioemu,5.6227
foxa,bioemu,5.6738
foxa,bioemu,4.2443
foxa,bioemu,5.0613
foxa,bioemu,6.0006
foxa,bioemu,4.8423
foxa,bioemu,3.6835
foxa,bioemu,5.1079
foxa,bioemu,4.702
foxa,bioemu,7.0854
foxa,bioemu,5.0678
foxa,bioemu,3.748
foxa,bioemu,5.9836
foxa,bioemu,12.2036
foxa,bioemu,4.4535
foxa,bioemu,4.8061
foxa,bioemu,4.0379
foxa,bioemu,5.3773
foxa,bioemu,6.9474
foxa,bioemu,4.5705
foxa,bioemu,5.9469
foxa,bioemu,4.0475
foxa,bioemu,5.8706
foxa,bioemu,5.5409
foxa,bioemu,5.1347
foxa,bioemu,6.1451
foxa,bioemu,5.5074
foxa,bioemu,5.1509
foxa,bioemu,6.359
foxa,bioemu,7.8733
foxa,bioemu,5.0819
foxa,bioemu,4.8344
foxa,bioemu,5.9698
foxa,bioemu,5.7535
foxa,bioemu,6.1087
foxa,bioemu,5.7857
foxa,bioemu,4.3286
foxa,bioemu,4.1016
foxa,bioemu,6.0244
foxa,bioemu,6.4935
foxa,bioemu,6.0269
foxa,bioemu,3.7828
foxa,bioemu,5.2935
foxa,bioemu,4.9412
foxa,bioemu,8.4951
foxa,bioemu,13.415
foxa,bioemu,5.8418
foxa,bioemu,7.0559
foxa,bioemu,6.3347
foxa,bioemu,5.1484
foxa,bioemu,8.3234
foxa,bioemu,6.9313
foxa,bioemu,6.6674
foxa,bioemu,4.5381
foxa,bioemu,4.5925
foxa,bioemu,3.9912
foxa,bioemu,6.4183
foxa,bioemu,3.6493
foxa,bioemu,3.2029
foxa,bioemu,4.0895
foxa,bioemu,5.7978
foxa,bioemu,5.3256
foxa,bioemu,4.4592
foxa,bioemu,4.7578
foxa,bioemu,7.3821
foxa,bioemu,2.9431
foxa,bioemu,5.4907
foxa,bioemu,5.8458
foxa,bioemu,4.6089
foxa,bioemu,3.5474
foxa,bioemu,4.0361
foxa,bioemu,3.9171
foxa,bioemu,7.341
foxa,bioemu,3.7198
foxa,bioemu,3.6911
foxa,bioemu,5.8397
foxa,bioemu,11.9601
foxa,bioemu,4.3258
foxa,bioemu,3.9754
foxa,bioemu,3.3451
foxa,bioemu,4.5688
foxa,bioemu,5.3423
foxa,bioemu,3.1004
foxa,bioemu,5.5085
foxa,bioemu,6.2228
foxa,bioemu,5.1704
foxa,bioemu,7.2782
foxa,bioemu,5.0523
foxa,bioemu,5.3585
foxa,bioemu,6.7488
foxa,bioemu,7.5862
foxa,bioemu,5.5668
foxa,bioemu,4.7914
foxa,bioemu,5.7573
foxa,bioemu,4.9608
foxa,bioemu,6.0875
foxa,bioemu,7.705
foxa,bioemu,4.1455
foxa,bioemu,4.5839
foxa,bioemu,5.8645
foxa,bioemu,6.4218
foxa,bioemu,5.632
foxa,bioemu,5.0478
foxa,bioemu,6.5263
foxa,bioemu,5.0204
foxa,bioemu,8.3291
foxa,bioemu,13.9827
foxa,bioemu,6.4937
foxa,bioemu,7.0379
foxa,bioemu,6.8078
foxa,bioemu,5.3106
foxa,bioemu,7.6839
foxa,bioemu,7.2355
foxa,bioemu,5.3643
foxa,bioemu,3.5972
foxa,bioemu,7.4561
foxa,bioemu,3.8937
foxa,bioemu,3.5902
foxa,bioemu,4.3354
foxa,bioemu,6.2712
foxa,bioemu,4.8506
foxa,bioemu,4.1604
foxa,bioemu,4.2619
foxa,bioemu,6.0989
foxa,bioemu,3.7936
foxa,bioemu,6.387
foxa,bioemu,5.8743
foxa,bioemu,4.5037
foxa,bioemu,3.2586
foxa,bioemu,4.1197
foxa,bioemu,3.1425
foxa,bioemu,7.5013
foxa,bioemu,4.3894
foxa,bioemu,3.3579
foxa,bioemu,5.7552
foxa,bioemu,13.047
foxa,bioemu,4.8131
foxa,bioemu,4.4739
foxa,bioemu,4.1829
foxa,bioemu,4.7857
foxa,bioemu,6.0714
foxa,bioemu,4.3517
foxa,bioemu,5.2598
foxa,bioemu,4.6974
foxa,bioemu,4.5537
foxa,bioemu,4.1609
foxa,bioemu,4.7224
foxa,bioemu,7.7308
foxa,bioemu,5.2629
foxa,bioemu,4.5994
foxa,bioemu,5.1463
foxa,bioemu,7.335
foxa,bioemu,4.9505
foxa,bioemu,6.3465
foxa,bioemu,5.9899
foxa,bioemu,5.2983
foxa,bioemu,4.5624
foxa,bioemu,4.6638
foxa,bioemu,5.0245
foxa,bioemu,5.8365
foxa,bioemu,4.7598
foxa,bioemu,4.317
foxa,bioemu,6.1644
foxa,bioemu,11.8702
foxa,bioemu,3.5602
foxa,bioemu,4.3199
foxa,bioemu,3.97
foxa,bioemu,4.1724
foxa,bioemu,7.4818
foxa,bioemu,4.8989
foxa,bioemu,7.2724
foxa,bioemu,3.7828
foxa,bioemu,3.3339
foxa,bioemu,4.5739
foxa,bioemu,5.4827
foxa,bioemu,4.6915
foxa,bioemu,3.9558
foxa,bioemu,4.5696
foxa,bioemu,5.5741
foxa,bioemu,2.9884
foxa,bioemu,5.5192
foxa,bioemu,5.2051
foxa,bioemu,3.794
foxa,bioemu,3.445
foxa,bioemu,4.4955
foxa,bioemu,3.186
foxa,bioemu,6.9852
foxa,bioemu,4.6347
foxa,bioemu,2.8634
foxa,bioemu,6.326
foxa,bioemu,13.118
foxa,bioemu,5.0568
foxa,bioemu,4.9147
foxa,bioemu,4.481
foxa,bioemu,4.659
foxa,bioemu,5.3323
foxa,bioemu,4.3195
foxa,bioemu,6.7057
foxa,bioemu,6.4319
foxa,bioemu,7.1163
foxa,bioemu,9.3349
foxa,bioemu,7.2225
foxa,bioemu,7.0394
foxa,bioemu,7.5738
foxa,bioemu,8.5075
foxa,bioemu,7.5198
foxa,bioemu,7.5168
foxa,bioemu,7.6054
foxa,bioemu,7.4683
foxa,bioemu,6.6749
foxa,bioemu,6.5519
foxa,bioemu,7.8786
foxa,bioemu,5.1949
foxa,bioemu,6.182
foxa,bioemu,6.2292
foxa,bioemu,8.2478
foxa,bioemu,12.4562
foxa,bioemu,5.2351
foxa,bioemu,6.4117
foxa,bioemu,5.8599
foxa,bioemu,6.4592
foxa,bioemu,9.5662
foxa,bioemu,6.7851
foxa,bioemu,2.5024
foxa,bioemu,3.8164
foxa,bioemu,6.6195
foxa,bioemu,3.6138
foxa,bioemu,3.2913
foxa,bioemu,3.6016
foxa,bioemu,6.8372
foxa,bioemu,2.8265
foxa,bioemu,6.3782
foxa,bioemu,4.6793
foxa,bioemu,4.4337
foxa,bioemu,2.8468
foxa,bioemu,3.2779
foxa,bioemu,2.979
foxa,bioemu,6.7267
foxa,bioemu,4.3362
foxa,bioemu,2.7395
foxa,bioemu,4.9817
foxa,bioemu,12.4416
foxa,bioemu,3.9275
foxa,bioemu,3.4177
foxa,bioemu,3.6812
foxa,bioemu,3.978
foxa,bioemu,5.5815
foxa,bioemu,3.6541
foxa,bioemu,3.9296
foxa,bioemu,5.7244
foxa,bioemu,4.528
foxa,bioemu,3.6864
foxa,bioemu,4.2113
foxa,bioemu,6.3532
foxa,bioemu,2.6616
foxa,bioemu,5.5159
foxa,bioemu,5.1103
foxa,bioemu,3.9415
foxa,bioemu,2.8324
foxa,bioemu,3.1817
foxa,bioemu,2.5396
foxa,bioemu,6.6758
foxa,bioemu,3.2803
foxa,bioemu,2.3943
foxa,bioemu,5.4525
foxa,bioemu,12.0871
foxa,bioemu,3.8946
foxa,bioemu,3.6208
foxa,bioemu,3.1282
foxa,bioemu,4.2758
foxa,bioemu,5.2122
foxa,bioemu,3.0633
foxa,bioemu,7.1299
foxa,bioemu,4.2766
foxa,bioemu,4.2422
foxa,bioemu,4.4265
foxa,bioemu,6.9085
foxa,bioemu,3.7138
foxa,bioemu,5.2656
foxa,bioemu,5.9033
foxa,bioemu,4.8889
foxa,bioemu,3.1588
foxa,bioemu,4.3455
foxa,bioemu,4.0951
foxa,bioemu,7.5107
foxa,bioemu,4.7227
foxa,bioemu,3.9115
foxa,bioemu,5.1614
foxa,bioemu,12.0116
foxa,bioemu,4.4603
foxa,bioemu,4.402
foxa,bioemu,3.9741
foxa,bioemu,4.4253
foxa,bioemu,6.1113
foxa,bioemu,3.8597
foxa,bioemu,8.524
foxa,bioemu,6.6886
foxa,bioemu,6.9246
foxa,bioemu,7.1916
foxa,bioemu,5.5573
foxa,bioemu,7.3698
foxa,bioemu,7.0226
foxa,bioemu,6.8033
foxa,bioemu,6.6204
foxa,bioemu,6.6883
foxa,bioemu,5.8938
foxa,bioemu,9.4309
foxa,bioemu,6.2762
foxa,bioemu,6.5857
foxa,bioemu,7.6974
foxa,bioemu,12.4249
foxa,bioemu,7.9049
foxa,bioemu,7.1049
foxa,bioemu,6.7814
foxa,bioemu,6.9056
foxa,bioemu,3.8144
foxa,bioemu,5.7082
foxa,bioemu,3.1787
foxa,bioemu,4.2073
foxa,bioemu,7.2966
foxa,bioemu,4.4918
foxa,bioemu,6.2837
foxa,bioemu,5.3
foxa,bioemu,4.5603
foxa,bioemu,4.0177
foxa,bioemu,5.0837
foxa,bioemu,4.3909
foxa,bioemu,6.2899
foxa,bioemu,5.458
foxa,bioemu,4.042
foxa,bioemu,6.2715
foxa,bioemu,13.2436
foxa,bioemu,4.4967
foxa,bioemu,4.9049
foxa,bioemu,4.9069
foxa,bioemu,4.5395
foxa,bioemu,7.7282
foxa,bioemu,5.6116
foxa,bioemu,3.3021
foxa,bioemu,6.4137
foxa,bioemu,3.7738
foxa,bioemu,6.4276
foxa,bioemu,4.2338
foxa,bioemu,4.0653
foxa,bioemu,3.652
foxa,bioemu,4.4156
foxa,bioemu,3.3176
foxa,bioemu,6.2174
foxa,bioemu,4.8635
foxa,bioemu,3.6415
foxa,bioemu,5.2807
foxa,bioemu,12.629
foxa,bioemu,4.3817
foxa,bioemu,4.2127
foxa,bioemu,4.6214
foxa,bioemu,3.534
foxa,bioemu,6.3423
foxa,bioemu,4.9113
foxa,bioemu,7.7012
foxa,bioemu,4.4302
foxa,bioemu,7.1566
foxa,bioemu,4.9527
foxa,bioemu,4.9516
foxa,bioemu,4.4565
foxa,bioemu,4.1158
foxa,bioemu,4.0884
foxa,bioemu,6.8862
foxa,bioemu,5.0525
foxa,bioemu,4.0234
foxa,bioemu,4.8874
foxa,bioemu,13.1482
foxa,bioemu,4.7128
foxa,bioemu,4.5316
foxa,bioemu,4.99
foxa,bioemu,2.7701
foxa,bioemu,6.6086
foxa,bioemu,4.5391
foxa,bioemu,6.6127
foxa,bioemu,6.6034
foxa,bioemu,6.0807
foxa,bioemu,5.5714
foxa,bioemu,6.559
foxa,bioemu,7.7398
foxa,bioemu,6.4768
foxa,bioemu,7.2301
foxa,bioemu,7.493
foxa,bioemu,6.2425
foxa,bioemu,9.0713
foxa,bioemu,13.569
foxa,bioemu,7.9141
foxa,bioemu,8.3254
foxa,bioemu,7.6446
foxa,bioemu,7.2055
foxa,bioemu,7.193
foxa,bioemu,7.8985
foxa,bioemu,5.7318
foxa,bioemu,5.6767
foxa,bioemu,4.28
foxa,bioemu,2.5104
foxa,bioemu,3.6068
foxa,bioemu,2.3677
foxa,bioemu,7.7979
foxa,bioemu,4.2165
foxa,bioemu,3.1719
foxa,bioemu,5.3689
foxa,bioemu,12.3284
foxa,bioemu,4.5196
foxa,bioemu,3.7779
foxa,bioemu,3.4375
foxa,bioemu,4.7564
foxa,bioemu,4.4569
foxa,bioemu,3.3478
foxa,bioemu,6.9073
foxa,bioemu,4.8747
foxa,bioemu,6.0169
foxa,bioemu,6.7383
foxa,bioemu,6.2543
foxa,bioemu,7.0369
foxa,bioemu,5.2226
foxa,bioemu,5.9002
foxa,bioemu,8.5345
foxa,bioemu,12.1597
foxa,bioemu,6.6544
foxa,bioemu,7.4176
foxa,bioemu,5.9605
foxa,bioemu,6.7485
foxa,bioemu,7.054
foxa,bioemu,6.1036
foxa,bioemu,5.0662
foxa,bioemu,5.9535
foxa,bioemu,6.2345
foxa,bioemu,5.6131
foxa,bioemu,6.0193
foxa,bioemu,6.3597
foxa,bioemu,5.0418
foxa,bioemu,6.9294
foxa,bioemu,13.3793
foxa,bioemu,6.5231
foxa,bioemu,6.6108
foxa,bioemu,6.9644
foxa,bioemu,4.7258
foxa,bioemu,7.1876
foxa,bioemu,6.4436
foxa,bioemu,4.5733
foxa,bioemu,5.5412
foxa,bioemu,3.935
foxa,bioemu,5.7399
foxa,bioemu,4.3853
foxa,bioemu,4.1301
foxa,bioemu,7.7056
foxa,bioemu,13.2925
foxa,bioemu,5.5681
foxa,bioemu,6.2071
foxa,bioemu,5.0748
foxa,bioemu,4.7947
foxa,bioemu,6.3383
foxa,bioemu,5.5605
foxa,bioemu,3.3393
foxa,bioemu,2.5534
foxa,bioemu,7.4185
foxa,bioemu,4.0949
foxa,bioemu,2.641
foxa,bioemu,4.9622
foxa,bioemu,12.1775
foxa,bioemu,3.5982
foxa,bioemu,3.0476
foxa,bioemu,2.5539
foxa,bioemu,4.5979
foxa,bioemu,5.6662
foxa,bioemu,3.0816
foxa,bioemu,3.7581
foxa,bioemu,7.4778
foxa,bioemu,3.6878
foxa,bioemu,3.5459
foxa,bioemu,4.8484
foxa,bioemu,12.0122
foxa,bioemu,4.354
foxa,bioemu,2.9784
foxa,bioemu,3.533
foxa,bioemu,4.8221
foxa,bioemu,5.9302
foxa,bioemu,3.6537
foxa,bioemu,7.7722
foxa,bioemu,4.3993
foxa,bioemu,3.0835
foxa,bioemu,5.2253
foxa,bioemu,12.5272
foxa,bioemu,4.4418
foxa,bioemu,3.7645
foxa,bioemu,3.7572
foxa,bioemu,4.6782
foxa,bioemu,4.9183
foxa,bioemu,3.6783
foxa,bioemu,6.4606
foxa,bioemu,6.369
foxa,bioemu,9.47
foxa,bioemu,13.4197
foxa,bioemu,6.2646
foxa,bioemu,8.062
foxa,bioemu,7.1719
foxa,bioemu,5.5631
foxa,bioemu,9.7685
foxa,bioemu,8.0818
foxa,bioemu,3.9596
foxa,bioemu,6.6441
foxa,bioemu,12.1006
foxa,bioemu,4.5359
foxa,bioemu,4.6869
foxa,bioemu,3.282
foxa,bioemu,4.9764
foxa,bioemu,6.3199
foxa,bioemu,3.9425
foxa,bioemu,5.4862
foxa,bioemu,12.614
foxa,bioemu,3.6041
foxa,bioemu,3.65
foxa,bioemu,3.408
foxa,bioemu,4.0743
foxa,bioemu,6.1818
foxa,bioemu,3.4518
foxa,bioemu,12.2268
foxa,bioemu,5.3993
foxa,bioemu,3.9649
foxa,bioemu,5.6479
foxa,bioemu,5.6328
foxa,bioemu,6.7553
foxa,bioemu,4.7885
foxa,bioemu,11.9191
foxa,bioemu,11.9039
foxa,bioemu,11.6606
foxa,bioemu,12.6768
foxa,bioemu,12.3085
foxa,bioemu,11.9443
foxa,bioemu,3.4493
foxa,bioemu,2.8223
foxa,bioemu,3.9451
foxa,bioemu,7.3062
foxa,bioemu,3.8285
foxa,bioemu,3.1247
foxa,bioemu,4.9544
foxa,bioemu,6.3306
foxa,bioemu,3.3433
foxa,bioemu,4.7085
foxa,bioemu,6.2065
foxa,bioemu,2.8433
foxa,bioemu,6.7772
foxa,bioemu,4.5483
foxa,bioemu,4.9865
foxa,af3,0.3314
foxa,af3,0.3222
foxa,af3,0.426
foxa,af3,0.6778
foxa,af3,0.3005
foxa,af3,0.6263
foxa,af3,0.2319
foxa,af3,0.3227
foxa,af3,0.3465
foxa,af3,0.2495
foxa,af3,0.3078
foxa,af3,0.6589
foxa,af3,0.4041
foxa,af3,0.5187
foxa,af3,0.2814
foxa,af3,0.4485
foxa,af3,0.2915
foxa,af3,0.3704
foxa,af3,0.6781
foxa,af3,0.3422
foxa,af3,0.5602
foxa,af3,0.2619
foxa,af3,0.4574
foxa,af3,0.3334
foxa,af3,0.5399
foxa,af3,0.4345
foxa,af3,0.4302
foxa,af3,0.3396
foxa,af3,0.4506
foxa,af3,0.2709
foxa,af3,0.7048
foxa,af3,0.4058
foxa,af3,0.6586
foxa,af3,0.6301
foxa,af3,0.6151
foxa,af3,0.6754
foxa,af3,0.2364
foxa,af3,0.3997
foxa,af3,0.3188
foxa,af3,0.5759
foxa,af3,0.6566
foxa,af3,0.5385
foxa,af3,0.3836
foxa,af3,0.2438
foxa,af3,0.3891
lef1,bioemu,5.8117
lef1,bioemu,2.7248
lef1,bioemu,10.0512
lef1,bioemu,7.1631
lef1,bioemu,4.941
lef1,bioemu,8.4386
lef1,bioemu,2.2513
lef1,bioemu,4.1028
lef1,bioemu,10.0378
lef1,bioemu,3.3104
lef1,bioemu,6.8222
lef1,bioemu,7.7905
lef1,bioemu,3.7538
lef1,bioemu,17.3364
lef1,bioemu,6.3649
lef1,bioemu,3.8158
lef1,bioemu,5.3343
lef1,bioemu,3.5277
lef1,bioemu,4.9913
lef1,bioemu,6.152
lef1,bioemu,3.3177
lef1,bioemu,6.8229
lef1,bioemu,3.3846
lef1,bioemu,3.9925
lef1,bioemu,3.9041
lef1,bioemu,4.3416
lef1,bioemu,8.201
lef1,bioemu,8.8299
lef1,bioemu,5.4143
lef1,bioemu,7.0923
lef1,bioemu,5.7172
lef1,bioemu,8.2376
lef1,bioemu,3.2689
lef1,bioemu,3.0224
lef1,bioemu,1.649
lef1,bioemu,6.6117
lef1,bioemu,7.337
lef1,bioemu,4.3031
lef1,bioemu,6.1183
lef1,bioemu,7.1464
lef1,bioemu,7.2588
lef1,bioemu,4.6553
lef1,bioemu,6.0797
lef1,bioemu,4.9195
lef1,bioemu,4.4112
lef1,bioemu,2.4595
lef1,bioemu,6.9717
lef1,bioemu,3.6364
lef1,bioemu,8.4942
lef1,bioemu,6.0113
lef1,bioemu,6.9195
lef1,bioemu,5.5308
lef1,bioemu,3.7833
lef1,bioemu,4.2737
lef1,bioemu,4.5614
lef1,bioemu,2.9573
lef1,bioemu,6.398
lef1,bioemu,6.499
lef1,bioemu,5.3988
lef1,bioemu,6.4121
lef1,bioemu,7.5134
lef1,bioemu,5.2047
lef1,bioemu,10.141
lef1,bioemu,2.7959
lef1,bioemu,3.2937
lef1,bioemu,5.5615
lef1,bioemu,2.931
lef1,bioemu,4.9764
lef1,bioemu,4.1886
lef1,bioemu,2.9523
lef1,bioemu,5.1047
lef1,bioemu,5.382
lef1,bioemu,6.4293
lef1,bioemu,5.8211
lef1,bioemu,6.0293
lef1,bioemu,7.0598
lef1,bioemu,3.9986
lef1,bioemu,8.8837
lef1,bioemu,6.4614
lef1,bioemu,4.9161
lef1,bioemu,4.8201
lef1,bioemu,4.097
lef1,bioemu,5.9765
lef1,bioemu,5.8138
lef1,bioemu,2.6283
lef1,bioemu,9.3656
lef1,bioemu,2.3604
lef1,bioemu,4.692
lef1,bioemu,6.6774
lef1,bioemu,10.2834
lef1,bioemu,8.9884
lef1,bioemu,2.7178
lef1,bioemu,7.135
lef1,bioemu,6.8163
lef1,bioemu,6.1261
lef1,bioemu,8.6432
lef1,bioemu,4.8175
lef1,bioemu,5.8383
lef1,bioemu,5.8005
lef1,bioemu,4.3989
lef1,bioemu,20.5028
lef1,bioemu,9.0282
lef1,bioemu,8.228
lef1,bioemu,6.7596
lef1,bioemu,5.5409
lef1,bioemu,4.2632
lef1,bioemu,6.5639
lef1,bioemu,3.7933
lef1,bioemu,5.9894
lef1,bioemu,3.3388
lef1,bioemu,4.8891
lef1,bioemu,4.4895
lef1,bioemu,5.3405
lef1,bioemu,5.8527
lef1,bioemu,7.016
lef1,bioemu,5.3255
lef1,bioemu,7.7216
lef1,bioemu,9.7979
lef1,bioemu,9.2896
lef1,bioemu,4.5106
lef1,bioemu,4.5513
lef1,bioemu,6.1885
lef1,bioemu,3.4457
lef1,bioemu,7.6217
lef1,bioemu,5.3771
lef1,bioemu,4.771
lef1,bioemu,4.4552
lef1,bioemu,7.4967
lef1,bioemu,4.882
lef1,bioemu,9.3693
lef1,bioemu,8.0254
lef1,bioemu,5.2394
lef1,bioemu,6.9396
lef1,bioemu,7.5204
lef1,bioemu,3.5545
lef1,bioemu,7.468
lef1,bioemu,7.6779
lef1,bioemu,7.5571
lef1,bioemu,3.4625
lef1,bioemu,5.0089
lef1,bioemu,6.7942
lef1,bioemu,5.4483
lef1,bioemu,3.9335
lef1,bioemu,4.9343
lef1,bioemu,4.3733
lef1,bioemu,5.4092
lef1,bioemu,2.9132
lef1,bioemu,8.102
lef1,bioemu,6.9011
lef1,bioemu,14.3205
lef1,bioemu,4.3149
lef1,bioemu,8.1452
lef1,bioemu,5.8264
lef1,bioemu,5.1949
lef1,bioemu,6.5193
lef1,bioemu,3.1417
lef1,bioemu,5.0863
lef1,bioemu,9.7544
lef1,bioemu,6.6112
lef1,bioemu,4.3266
lef1,bioemu,4.4898
lef1,bioemu,3.3244
lef1,bioemu,5.2749
lef1,bioemu,5.7277
lef1,bioemu,7.9951
lef1,bioemu,4.2473
lef1,bioemu,4.7883
lef1,bioemu,2.5179
lef1,bioemu,2.2855
lef1,bioemu,7.334
lef1,bioemu,2.4741
lef1,bioemu,4.3519
lef1,bioemu,6.043
lef1,bioemu,5.8592
lef1,bioemu,6.283
lef1,bioemu,10.2196
lef1,bioemu,7.7143
lef1,bioemu,5.51
lef1,bioemu,9.419
lef1,bioemu,2.569
lef1,bioemu,4.464
lef1,bioemu,10.2688
lef1,bioemu,4.0688
lef1,bioemu,7.4284
lef1,bioemu,8.4577
lef1,bioemu,4.6751
lef1,bioemu,17.0134
lef1,bioemu,7.1661
lef1,bioemu,4.4985
lef1,bioemu,5.7255
lef1,bioemu,4.4792
lef1,bioemu,5.5811
lef1,bioemu,6.5868
lef1,bioemu,4.4263
lef1,bioemu,7.6079
lef1,bioemu,4.3655
lef1,bioemu,4.4726
lef1,bioemu,4.8854
lef1,bioemu,5.0483
lef1,bioemu,8.8428
lef1,bioemu,9.5726
lef1,bioemu,5.8278
lef1,bioemu,7.836
lef1,bioemu,5.9329
lef1,bioemu,8.3364
lef1,bioemu,4.1693
lef1,bioemu,3.7354
lef1,bioemu,2.5222
lef1,bioemu,7.5332
lef1,bioemu,7.4502
lef1,bioemu,4.7208
lef1,bioemu,6.943
lef1,bioemu,8.0523
lef1,bioemu,8.2149
lef1,bioemu,4.8913
lef1,bioemu,5.8617
lef1,bioemu,5.2865
lef1,bioemu,4.6683
lef1,bioemu,3.2592
lef1,bioemu,7.3596
lef1,bioemu,4.4528
lef1,bioemu,9.0633
lef1,bioemu,6.3018
lef1,bioemu,7.2503
lef1,bioemu,6.8106
lef1,bioemu,4.8534
lef1,bioemu,4.9743
lef1,bioemu,4.8704
lef1,bioemu,4.0834
lef1,bioemu,7.3906
lef1,bioemu,7.3921
lef1,bioemu,6.2148
lef1,bioemu,7.3485
lef1,bioemu,7.9001
lef1,bioemu,5.7546
lef1,bioemu,9.4551
lef1,bioemu,3.8803
lef1,bioemu,3.1925
lef1,bioemu,5.8996
lef1,bioemu,3.667
lef1,bioemu,5.4225
lef1,bioemu,5.2377
lef1,bioemu,3.0152
lef1,bioemu,5.2942
lef1,bioemu,6.0227
lef1,bioemu,6.8164
lef1,bioemu,6.4644
lef1,bioemu,6.8414
lef1,bioemu,7.9826
lef1,bioemu,4.8495
lef1,bioemu,9.3641
lef1,bioemu,6.8128
lef1,bioemu,5.5366
lef1,bioemu,5.6985
lef1,bioemu,5.2202
lef1,bioemu,6.5163
lef1,bioemu,6.4033
lef1,bioemu,3.7351
lef1,bioemu,10.3223
lef1,bioemu,3.1006
lef1,bioemu,5.1547
lef1,bioemu,5.5304
lef1,bioemu,9.4901
lef1,bioemu,8.601
lef1,bioemu,10.9335
lef1,bioemu,8.0989
lef1,bioemu,5.66
lef1,bioemu,11.6067
lef1,bioemu,7.5971
lef1,bioemu,6.9215
lef1,bioemu,9.429
lef1,bioemu,15.2211
lef1,bioemu,10.851
lef1,bioemu,9.9703
lef1,bioemu,6.6862
lef1,bioemu,11.4434
lef1,bioemu,8.1204
lef1,bioemu,7.997
lef1,bioemu,9.2009
lef1,bioemu,6.2972
lef1,bioemu,10.87
lef1,bioemu,8.1683
lef1,bioemu,11.0794
lef1,bioemu,8.6329
lef1,bioemu,6.1992
lef1,bioemu,6.4032
lef1,bioemu,8.3946
lef1,bioemu,5.3819
lef1,bioemu,9.2668
lef1,bioemu,6.7342
lef1,bioemu,8.5444
lef1,bioemu,11.0801
lef1,bioemu,9.963
lef1,bioemu,8.9735
lef1,bioemu,6.0953
lef1,bioemu,8.196
lef1,bioemu,6.6812
lef1,bioemu,7.4992
lef1,bioemu,10.1426
lef1,bioemu,9.2517
lef1,bioemu,8.2389
lef1,bioemu,9.926
lef1,bioemu,8.3283
lef1,bioemu,10.0739
lef1,bioemu,6.1697
lef1,bioemu,9.8089
lef1,bioemu,6.2136
lef1,bioemu,6.7157
lef1,bioemu,6.5969
lef1,bioemu,10.4794
lef1,bioemu,9.9573
lef1,bioemu,7.4271
lef1,bioemu,8.3315
lef1,bioemu,8.8438
lef1,bioemu,9.0429
lef1,bioemu,12.1144
lef1,bioemu,7.233
lef1,bioemu,11.7715
lef1,bioemu,6.8196
lef1,bioemu,6.6721
lef1,bioemu,13.0658
lef1,bioemu,9.224
lef1,bioemu,9.9528
lef1,bioemu,6.6545
lef1,bioemu,9.4525
lef1,bioemu,7.5442
lef1,bioemu,9.2086
lef1,bioemu,10.9969
lef1,bioemu,10.4606
lef1,bioemu,6.4854
lef1,bioemu,7.7443
lef1,bioemu,7.1167
lef1,bioemu,8.2394
lef1,bioemu,9.4443
lef1,bioemu,9.0716
lef1,bioemu,5.5685
lef1,bioemu,8.6006
lef1,bioemu,9.4882
lef1,bioemu,10.1309
lef1,bioemu,9.9868
lef1,bioemu,7.1411
lef1,bioemu,10.1069
lef1,bioemu,9.5311
lef1,bioemu,9.6788
lef1,bioemu,10.0737
lef1,bioemu,10.0894
lef1,bioemu,7.7687
lef1,bioemu,7.4218
lef1,bioemu,7.7376
lef1,bioemu,5.4065
lef1,bioemu,5.9944
lef1,bioemu,9.1153
lef1,bioemu,5.7575
lef1,bioemu,6.2402
lef1,bioemu,7.0441
lef1,bioemu,15.279
lef1,bioemu,8.5922
lef1,bioemu,6.5822
lef1,bioemu,4.0309
lef1,bioemu,8.89
lef1,bioemu,6.4675
lef1,bioemu,7.0761
lef1,bioemu,6.7615
lef1,bioemu,4.5257
lef1,bioemu,8.7059
lef1,bioemu,5.7997
lef1,bioemu,8.8471
lef1,bioemu,6.3929
lef1,bioemu,5.6919
lef1,bioemu,5.2405
lef1,bioemu,5.8594
lef1,bioemu,3.4241
lef1,bioemu,6.0973
lef1,bioemu,4.2885
lef1,bioemu,5.8141
lef1,bioemu,8.548
lef1,bioemu,6.9961
lef1,bioemu,7.9038
lef1,bioemu,4.3127
lef1,bioemu,5.6516
lef1,bioemu,5.2291
lef1,bioemu,6.3563
lef1,bioemu,8.7232
lef1,bioemu,7.2034
lef1,bioemu,5.1663
lef1,bioemu,7.3571
lef1,bioemu,7.054
lef1,bioemu,6.6949
lef1,bioemu,3.5607
lef1,bioemu,7.4757
lef1,bioemu,5.5081
lef1,bioemu,3.8799
lef1,bioemu,3.9747
lef1,bioemu,8.9938
lef1,bioemu,7.1424
lef1,bioemu,4.0067
lef1,bioemu,6.0789
lef1,bioemu,6.3288
lef1,bioemu,7.3407
lef1,bioemu,10.6521
lef1,bioemu,5.0894
lef1,bioemu,10.4056
lef1,bioemu,4.4431
lef1,bioemu,3.7676
lef1,bioemu,11.3827
lef1,bioemu,6.5272
lef1,bioemu,6.5709
lef1,bioemu,4.5765
lef1,bioemu,6.7775
lef1,bioemu,4.5606
lef1,bioemu,7.1971
lef1,bioemu,8.6328
lef1,bioemu,7.2795
lef1,bioemu,3.4975
lef1,bioemu,6.7798
lef1,bioemu,5.5606
lef1,bioemu,6.7691
lef1,bioemu,8.675
lef1,bioemu,6.1183
lef1,bioemu,4.8538
lef1,bioemu,7.4047
lef1,bioemu,7.2565
lef1,bioemu,8.3556
lef1,bioemu,8.1984
lef1,bioemu,4.0853
lef1,bioemu,8.7872
lef1,bioemu,6.9572
lef1,bioemu,9.526
lef1,bioemu,6.9539
lef1,bioemu,7.5841
lef1,bioemu,8.1357
lef1,bioemu,5.9035
lef1,bioemu,4.2537
lef1,bioemu,7.5344
lef1,bioemu,4.9216
lef1,bioemu,4.4518
lef1,bioemu,6.143
lef1,bioemu,3.7622
lef1,bioemu,19.6362
lef1,bioemu,9.6283
lef1,bioemu,7.4656
lef1,bioemu,5.1838
lef1,bioemu,5.9804
lef1,bioemu,3.2445
lef1,bioemu,5.6631
lef1,bioemu,3.5819
lef1,bioemu,5.5603
lef1,bioemu,3.6824
lef1,bioemu,3.1121
lef1,bioemu,5.1288
lef1,bioemu,4.3536
lef1,bioemu,5.4524
lef1,bioemu,6.4342
lef1,bioemu,3.3973
lef1,bioemu,6.9189
lef1,bioemu,9.2558
lef1,bioemu,7.5526
lef1,bioemu,3.0851
lef1,bioemu,4.7309
lef1,bioemu,5.0477
lef1,bioemu,4.3954
lef1,bioemu,5.9552
lef1,bioemu,3.5133
lef1,bioemu,4.4066
lef1,bioemu,4.8474
lef1,bioemu,8.7309
lef1,bioemu,3.1806
lef1,bioemu,8.0553
lef1,bioemu,6.6833
lef1,bioemu,4.8464
lef1,bioemu,6.1997
lef1,bioemu,5.82
lef1,bioemu,2.6661
lef1,bioemu,7.5751
lef1,bioemu,5.8694
lef1,bioemu,5.7881
lef1,bioemu,4.8129
lef1,bioemu,5.1746
lef1,bioemu,5.1884
lef1,bioemu,3.5202
lef1,bioemu,2.7421
lef1,bioemu,5.8952
lef1,bioemu,6.2865
lef1,bioemu,5.0529
lef1,bioemu,5.031
lef1,bioemu,6.4957
lef1,bioemu,5.7101
lef1,bioemu,13.4104
lef1,bioemu,3.5302
lef1,bioemu,6.8436
lef1,bioemu,4.4952
lef1,bioemu,3.904
lef1,bioemu,4.848
lef1,bioemu,3.3205
lef1,bioemu,4.84
lef1,bioemu,9.1123
lef1,bioemu,5.2225
lef1,bioemu,2.9195
lef1,bioemu,3.4307
lef1,bioemu,2.8714
lef1,bioemu,6.7488
lef1,bioemu,5.036
lef1,bioemu,7.5761
lef1,bioemu,2.8519
lef1,bioemu,3.7076
lef1,bioemu,2.0407
lef1,bioemu,2.3494
lef1,bioemu,5.5983
lef1,bioemu,2.0631
lef1,bioemu,3.3486
lef1,bioemu,7.6827
lef1,bioemu,5.0435
lef1,bioemu,6.3636
lef1,bioemu,9.1189
lef1,bioemu,9.0902
lef1,bioemu,9.4128
lef1,bioemu,8.3035
lef1,bioemu,8.1443
lef1,bioemu,3.478
lef1,bioemu,7.5564
lef1,bioemu,17.6713
lef1,bioemu,6.356
lef1,bioemu,8.177
lef1,bioemu,8.2527
lef1,bioemu,7.2087
lef1,bioemu,7.0681
lef1,bioemu,9.5494
lef1,bioemu,6.5261
lef1,bioemu,4.8042
lef1,bioemu,7.5736
lef1,bioemu,7.9541
lef1,bioemu,7.2557
lef1,bioemu,8.4826
lef1,bioemu,5.9546
lef1,bioemu,6.939
lef1,bioemu,8.6504
lef1,bioemu,7.1131
lef1,bioemu,7.5011
lef1,bioemu,10.0346
lef1,bioemu,7.6888
lef1,bioemu,7.6545
lef1,bioemu,8.948
lef1,bioemu,5.703
lef1,bioemu,8.3951
lef1,bioemu,8.485
lef1,bioemu,4.95
lef1,bioemu,4.2676
lef1,bioemu,4.5246
lef1,bioemu,8.6545
lef1,bioemu,9.5467
lef1,bioemu,10.7162
lef1,bioemu,7.9389
lef1,bioemu,8.0078
lef1,bioemu,8.3375
lef1,bioemu,7.7113
lef1,bioemu,5.253
lef1,bioemu,8.7037
lef1,bioemu,8.8187
lef1,bioemu,6.1425
lef1,bioemu,6.0162
lef1,bioemu,7.8362
lef1,bioemu,8.5497
lef1,bioemu,7.4013
lef1,bioemu,4.8848
lef1,bioemu,6.472
lef1,bioemu,5.2303
lef1,bioemu,6.6652
lef1,bioemu,9.3776
lef1,bioemu,6.9144
lef1,bioemu,14.3631
lef1,bioemu,7.2786
lef1,bioemu,9.5448
lef1,bioemu,6.8477
lef1,bioemu,8.2767
lef1,bioemu,7.9589
lef1,bioemu,6.3379
lef1,bioemu,8.3765
lef1,bioemu,8.7605
lef1,bioemu,7.1066
lef1,bioemu,7.7592
lef1,bioemu,6.7149
lef1,bioemu,6.4252
lef1,bioemu,4.0237
lef1,bioemu,7.627
lef1,bioemu,5.4064
lef1,bioemu,8.4164
lef1,bioemu,8.2304
lef1,bioemu,7.6787
lef1,bioemu,7.434
lef1,bioemu,8.6378
lef1,bioemu,8.1442
lef1,bioemu,7.6956
lef1,bioemu,4.9292
lef1,bioemu,8.0639
lef1,bioemu,6.7279
lef1,bioemu,4.8123
lef1,bioemu,11.0049
lef1,bioemu,3.3919
lef1,bioemu,7.7271
lef1,bioemu,8.7511
lef1,bioemu,4.7583
lef1,bioemu,17.1063
lef1,bioemu,6.0467
lef1,bioemu,3.1995
lef1,bioemu,6.1941
lef1,bioemu,3.6478
lef1,bioemu,5.9929
lef1,bioemu,7.1569
lef1,bioemu,4.1676
lef1,bioemu,7.7889
lef1,bioemu,4.1534
lef1,bioemu,4.864
lef1,bioemu,4.4192
lef1,bioemu,5.4459
lef1,bioemu,9.3144
lef1,bioemu,9.7904
lef1,bioemu,6.1778
lef1,bioemu,8.0464
lef1,bioemu,5.0663
lef1,bioemu,8.7036
lef1,bioemu,4.1157
lef1,bioemu,3.167
lef1,bioemu,1.8845
lef1,bioemu,7.6393
lef1,bioemu,8.0227
lef1,bioemu,5.029
lef1,bioemu,7.1805
lef1,bioemu,8.2148
lef1,bioemu,7.5959
lef1,bioemu,5.2209
lef1,bioemu,6.1507
lef1,bioemu,5.453
lef1,bioemu,5.2623
lef1,bioemu,1.9018
lef1,bioemu,7.7166
lef1,bioemu,4.3638
lef1,bioemu,9.3982
lef1,bioemu,6.7482
lef1,bioemu,7.6505
lef1,bioemu,6.7466
lef1,bioemu,4.0914
lef1,bioemu,4.9944
lef1,bioemu,5.3456
lef1,bioemu,4.0908
lef1,bioemu,7.2941
lef1,bioemu,7.1191
lef1,bioemu,6.2058
lef1,bioemu,7.1953
lef1,bioemu,8.4454
lef1,bioemu,5.8083
lef1,bioemu,9.4401
lef1,bioemu,3.7056
lef1,bioemu,2.7131
lef1,bioemu,6.3962
lef1,bioemu,3.5091
lef1,bioemu,5.4503
lef1,bioemu,5.2288
lef1,bioemu,3.161
lef1,bioemu,4.4887
lef1,bioemu,6.2021
lef1,bioemu,7.5291
lef1,bioemu,6.8931
lef1,bioemu,7.0614
lef1,bioemu,7.7698
lef1,bioemu,4.7887
lef1,bioemu,9.586
lef1,bioemu,7.2856
lef1,bioemu,5.9457
lef1,bioemu,5.791
lef1,bioemu,5.2211
lef1,bioemu,6.5078
lef1,bioemu,6.6898
lef1,bioemu,3.5444
lef1,bioemu,10.3647
lef1,bioemu,2.15
lef1,bioemu,4.9722
lef1,bioemu,6.8656
lef1,bioemu,5.9502
lef1,bioemu,4.0697
lef1,bioemu,7.2587
lef1,bioemu,4.1543
lef1,bioemu,17.0582
lef1,bioemu,9.1719
lef1,bioemu,5.5902
lef1,bioemu,2.9678
lef1,bioemu,6.6539
lef1,bioemu,4.0168
lef1,bioemu,5.0896
lef1,bioemu,4.4285
lef1,bioemu,5.4779
lef1,bioemu,5.5249
lef1,bioemu,2.5887
lef1,bioemu,6.5106
lef1,bioemu,3.7775
lef1,bioemu,6.0892
lef1,bioemu,6.5339
lef1,bioemu,2.8981
lef1,bioemu,5.3863
lef1,bioemu,7.3108
lef1,bioemu,4.9929
lef1,bioemu,2.3339
lef1,bioemu,5.6675
lef1,bioemu,3.8107
lef1,bioemu,6.6006
lef1,bioemu,4.4897
lef1,bioemu,1.911
lef1,bioemu,4.9487
lef1,bioemu,6.3876
lef1,bioemu,9.2806
lef1,bioemu,3.6866
lef1,bioemu,5.2484
lef1,bioemu,4.2926
lef1,bioemu,4.6238
lef1,bioemu,4.8112
lef1,bioemu,3.9075
lef1,bioemu,4.1655
lef1,bioemu,7.3596
lef1,bioemu,3.5439
lef1,bioemu,3.8378
lef1,bioemu,7.217
lef1,bioemu,5.5351
lef1,bioemu,2.8307
lef1,bioemu,2.9884
lef1,bioemu,3.0336
lef1,bioemu,7.0722
lef1,bioemu,8.6331
lef1,bioemu,4.8903
lef1,bioemu,8.0366
lef1,bioemu,4.5312
lef1,bioemu,3.7923
lef1,bioemu,11.0827
lef1,bioemu,3.509
lef1,bioemu,4.6715
lef1,bioemu,3.6545
lef1,bioemu,3.3967
lef1,bioemu,2.7527
lef1,bioemu,4.956
lef1,bioemu,5.3944
lef1,bioemu,6.9718
lef1,bioemu,3.5184
lef1,bioemu,4.6026
lef1,bioemu,4.0602
lef1,bioemu,4.928
lef1,bioemu,8.4634
lef1,bioemu,4.1831
lef1,bioemu,7.2563
lef1,bioemu,4.5374
lef1,bioemu,4.342
lef1,bioemu,5.0474
lef1,bioemu,4.882
lef1,bioemu,3.177
lef1,bioemu,5.3436
lef1,bioemu,3.815
lef1,bioemu,9.7868
lef1,bioemu,4.0882
lef1,bioemu,6.2628
lef1,bioemu,11.0154
lef1,bioemu,4.9373
lef1,bioemu,7.0321
lef1,bioemu,8.3142
lef1,bioemu,15.2319
lef1,bioemu,13.0747
lef1,bioemu,11.0876
lef1,bioemu,5.5781
lef1,bioemu,11.6395
lef1,bioemu,7.1866
lef1,bioemu,7.2932
lef1,bioemu,8.7773
lef1,bioemu,6.1566
lef1,bioemu,10.1567
lef1,bioemu,7.2504
lef1,bioemu,10.8897
lef1,bioemu,7.5857
lef1,bioemu,4.2922
lef1,bioemu,4.151
lef1,bioemu,6.0084
lef1,bioemu,5.7369
lef1,bioemu,11.3185
lef1,bioemu,4.8305
lef1,bioemu,7.4849
lef1,bioemu,10.8139
lef1,bioemu,9.8943
lef1,bioemu,8.0355
lef1,bioemu,4.4364
lef1,bioemu,6.8698
lef1,bioemu,6.0527
lef1,bioemu,6.5905
lef1,bioemu,11.6308
lef1,bioemu,7.8043
lef1,bioemu,8.3537
lef1,bioemu,9.0177
lef1,bioemu,8.4532
lef1,bioemu,10.5949
lef1,bioemu,4.5279
lef1,bioemu,8.8342
lef1,bioemu,6.1042
lef1,bioemu,5.9354
lef1,bioemu,4.8094
lef1,bioemu,10.0123
lef1,bioemu,10.0173
lef1,bioemu,7.1657
lef1,bioemu,7.2056
lef1,bioemu,7.9408
lef1,bioemu,8.6178
lef1,bioemu,11.7664
lef1,bioemu,7.306
lef1,bioemu,10.7968
lef1,bioemu,4.4728
lef1,bioemu,6.9464
lef1,bioemu,14.5662
lef1,bioemu,8.4978
lef1,bioemu,10.4158
lef1,bioemu,6.2029
lef1,bioemu,9.0344
lef1,bioemu,6.8255
lef1,bioemu,8.3131
lef1,bioemu,10.6877
lef1,bioemu,12.0584
lef1,bioemu,6.2238
lef1,bioemu,5.6946
lef1,bioemu,5.8586
lef1,bioemu,6.608
lef1,bioemu,10.216
lef1,bioemu,8.3286
lef1,bioemu,5.804
lef1,bioemu,6.1887
lef1,bioemu,7.5616
lef1,bioemu,8.6506
lef1,bioemu,8.8324
lef1,bioemu,5.7047
lef1,bioemu,8.1005
lef1,bioemu,8.9508
lef1,bioemu,9.2403
lef1,bioemu,9.9375
lef1,bioemu,10.0989
lef1,bioemu,7.9243
lef1,bioemu,8.0772
lef1,bioemu,4.0802
lef1,bioemu,18.7923
lef1,bioemu,6.1867
lef1,bioemu,5.2017
lef1,bioemu,7.0812
lef1,bioemu,2.5403
lef1,bioemu,5.929
lef1,bioemu,7.1777
lef1,bioemu,3.4898
lef1,bioemu,7.8816
lef1,bioemu,2.3888
lef1,bioemu,5.4556
lef1,bioemu,2.7646
lef1,bioemu,5.5332
lef1,bioemu,8.8502
lef1,bioemu,9.5206
lef1,bioemu,6.3349
lef1,bioemu,8.838
lef1,bioemu,7.0563
lef1,bioemu,9.8531
lef1,bioemu,4.5376
lef1,bioemu,2.1033
lef1,bioemu,3.7151
lef1,bioemu,6.0892
lef1,bioemu,8.8948
lef1,bioemu,5.6202
lef1,bioemu,6.817
lef1,bioemu,7.3046
lef1,bioemu,6.5782
lef1,bioemu,5.14
lef1,bioemu,7.7778
lef1,bioemu,6.6518
lef1,bioemu,4.9319
lef1,bioemu,3.8615
lef1,bioemu,8.7024
lef1,bioemu,4.0201
lef1,bioemu,9.0708
lef1,bioemu,8.1674
lef1,bioemu,8.5619
lef1,bioemu,4.5869
lef1,bioemu,3.5604
lef1,bioemu,6.4236
lef1,bioemu,6.133
lef1,bioemu,4.0075
lef1,bioemu,6.0332
lef1,bioemu,4.6959
lef1,bioemu,6.336
lef1,bioemu,4.6319
lef1,bioemu,9.218
lef1,bioemu,7.0736
lef1,bioemu,11.4304
lef1,bioemu,3.4638
lef1,bioemu,5.1557
lef1,bioemu,6.9972
lef1,bioemu,4.3233
lef1,bioemu,6.7282
lef1,bioemu,4.0442
lef1,bioemu,2.5525
lef1,bioemu,6.5322
lef1,bioemu,7.2033
lef1,bioemu,6.942
lef1,bioemu,6.7832
lef1,bioemu,6.3338
lef1,bioemu,6.2086
lef1,bioemu,4.8262
lef1,bioemu,9.7197
lef1,bioemu,6.6751
lef1,bioemu,5.3533
lef1,bioemu,4.6389
lef1,bioemu,3.7732
lef1,bioemu,7.5346
lef1,bioemu,5.2896
lef1,bioemu,3.6743
lef1,bioemu,8.3939
lef1,bioemu,3.33
lef1,bioemu,4.4552
lef1,bioemu,6.0565
lef1,bioemu,5.4794
lef1,bioemu,17.5358
lef1,bioemu,10.9523
lef1,bioemu,8.1291
lef1,bioemu,4.0573
lef1,bioemu,8.5436
lef1,bioemu,4.1474
lef1,bioemu,6.0147
lef1,bioemu,5.7796
lef1,bioemu,4.229
lef1,bioemu,6.9469
lef1,bioemu,3.9941
lef1,bioemu,8.0553
lef1,bioemu,5.0325
lef1,bioemu,3.7719
lef1,bioemu,4.3939
lef1,bioemu,3.2068
lef1,bioemu,5.1681
lef1,bioemu,9.4221
lef1,bioemu,5.2054
lef1,bioemu,4.1815
lef1,bioemu,7.5859
lef1,bioemu,6.7542
lef1,bioemu,5.8931
lef1,bioemu,3.9807
lef1,bioemu,3.8618
lef1,bioemu,3.9469
lef1,bioemu,4.7794
lef1,bioemu,10.0001
lef1,bioemu,4.7554
lef1,bioemu,7.5463
lef1,bioemu,6.5559
lef1,bioemu,6.3513
lef1,bioemu,7.5603
lef1,bioemu,3.4837
lef1,bioemu,5.2251
lef1,bioemu,6.3377
lef1,bioemu,4.3919
lef1,bioemu,3.6709
lef1,bioemu,7.5507
lef1,bioemu,6.9219
lef1,bioemu,4.5407
lef1,bioemu,4.0113
lef1,bioemu,4.6127
lef1,bioemu,6.8639
lef1,bioemu,9.0914
lef1,bioemu,4.8955
lef1,bioemu,8.1211
lef1,bioemu,4.186
lef1,bioemu,4.6462
lef1,bioemu,13.721
lef1,bioemu,5.3934
lef1,bioemu,7.7118
lef1,bioemu,3.9095
lef1,bioemu,5.5261
lef1,bioemu,3.7758
lef1,bioemu,5.5787
lef1,bioemu,7.62
lef1,bioemu,9.5096
lef1,bioemu,4.1267
lef1,bioemu,3.4532
lef1,bioemu,3.1653
lef1,bioemu,3.8343
lef1,bioemu,8.4919
lef1,bioemu,5.963
lef1,bioemu,5.8626
lef1,bioemu,3.5039
lef1,bioemu,5.0033
lef1,bioemu,5.1378
lef1,bioemu,5.5702
lef1,bioemu,3.8886
lef1,bioemu,5.0169
lef1,bioemu,5.5838
lef1,bioemu,8.7973
lef1,bioemu,6.6589
lef1,bioemu,7.9137
lef1,bioemu,6.6868
lef1,bioemu,18.0488
lef1,bioemu,8.3221
lef1,bioemu,8.4651
lef1,bioemu,6.2171
lef1,bioemu,7.7568
lef1,bioemu,4.9834
lef1,bioemu,7.5789
lef1,bioemu,5.6311
lef1,bioemu,2.8648
lef1,bioemu,6.9899
lef1,bioemu,5.9241
lef1,bioemu,7.2692
lef1,bioemu,7.0492
lef1,bioemu,3.5731
lef1,bioemu,4.8881
lef1,bioemu,6.648
lef1,bioemu,5.5424
lef1,bioemu,8.2701
lef1,bioemu,8.063
lef1,bioemu,6.0604
lef1,bioemu,7.3712
lef1,bioemu,8.0361
lef1,bioemu,4.3029
lef1,bioemu,5.9175
lef1,bioemu,6.5817
lef1,bioemu,2.978
lef1,bioemu,2.6177
lef1,bioemu,6.323
lef1,bioemu,6.6902
lef1,bioemu,8.7675
lef1,bioemu,9.6255
lef1,bioemu,6.4167
lef1,bioemu,7.9305
lef1,bioemu,6.1201
lef1,bioemu,6.2257
lef1,bioemu,4.5612
lef1,bioemu,6.616
lef1,bioemu,6.7443
lef1,bioemu,5.9812
lef1,bioemu,6.1168
lef1,bioemu,6.3529
lef1,bioemu,6.4174
lef1,bioemu,5.9527
lef1,bioemu,4.8573
lef1,bioemu,7.2415
lef1,bioemu,3.6673
lef1,bioemu,6.6508
lef1,bioemu,7.3922
lef1,bioemu,5.2409
lef1,bioemu,14.4819
lef1,bioemu,6.3783
lef1,bioemu,9.0036
lef1,bioemu,4.497
lef1,bioemu,6.8968
lef1,bioemu,6.1078
lef1,bioemu,5.376
lef1,bioemu,7.8656
lef1,bioemu,9.4867
lef1,bioemu,5.3035
lef1,bioemu,5.1482
lef1,bioemu,4.1934
lef1,bioemu,4.1546
lef1,bioemu,4.6096
lef1,bioemu,6.9185
lef1,bioemu,3.9536
lef1,bioemu,5.9325
lef1,bioemu,7.0057
lef1,bioemu,6.1164
lef1,bioemu,6.1007
lef1,bioemu,6.7619
lef1,bioemu,6.3294
lef1,bioemu,6.4433
lef1,bioemu,5.067
lef1,bioemu,7.6082
lef1,bioemu,6.9547
lef1,bioemu,18.4243
lef1,bioemu,7.4514
lef1,bioemu,5.7406
lef1,bioemu,5.0833
lef1,bioemu,4.4918
lef1,bioemu,4.2997
lef1,bioemu,6.1117
lef1,bioemu,3.2283
lef1,bioemu,5.9285
lef1,bioemu,3.5044
lef1,bioemu,4.1713
lef1,bioemu,3.9911
lef1,bioemu,3.5002
lef1,bioemu,6.4256
lef1,bioemu,7.4151
lef1,bioemu,4.2673
lef1,bioemu,6.4916
lef1,bioemu,7.1764
lef1,bioemu,7.6726
lef1,bioemu,3.2173
lef1,bioemu,4.0153
lef1,bioemu,4.2706
lef1,bioemu,5.6415
lef1,bioemu,6.4644
lef1,bioemu,4.2019
lef1,bioemu,4.7249
lef1,bioemu,5.2832
lef1,bioemu,7.0933
lef1,bioemu,4.7092
lef1,bioemu,6.0998
lef1,bioemu,5.3082
lef1,bioemu,4.7284
lef1,bioemu,4.5873
lef1,bioemu,6.2918
lef1,bioemu,3.9104
lef1,bioemu,6.6138
lef1,bioemu,5.9253
lef1,bioemu,6.206
lef1,bioemu,4.6565
lef1,bioemu,4.1827
lef1,bioemu,4.5302
lef1,bioemu,4.4757
lef1,bioemu,2.8592
lef1,bioemu,4.8849
lef1,bioemu,5.5873
lef1,bioemu,5.2509
lef1,bioemu,5.2593
lef1,bioemu,6.3571
lef1,bioemu,5.5842
lef1,bioemu,12.0122
lef1,bioemu,2.2858
lef1,bioemu,5.4224
lef1,bioemu,5.3194
lef1,bioemu,4.3702
lef1,bioemu,5.2078
lef1,bioemu,2.5912
lef1,bioemu,4.1939
lef1,bioemu,6.9838
lef1,bioemu,5.1284
lef1,bioemu,4.9855
lef1,bioemu,4.9463
lef1,bioemu,4.7376
lef1,bioemu,6.4251
lef1,bioemu,3.591
lef1,bioemu,7.4889
lef1,bioemu,5.258
lef1,bioemu,2.5031
lef1,bioemu,4.2285
lef1,bioemu,3.6793
lef1,bioemu,5.72
lef1,bioemu,4.4861
lef1,bioemu,3.5874
lef1,bioemu,7.706
lef1,bioemu,3.9854
lef1,bioemu,4.0513
lef1,bioemu,16.4754
lef1,bioemu,16.6924
lef1,bioemu,16.4351
lef1,bioemu,17.894
lef1,bioemu,18.5873
lef1,bioemu,17.2765
lef1,bioemu,18.908
lef1,bioemu,17.6425
lef1,bioemu,19.1577
lef1,bioemu,18.1063
lef1,bioemu,18.5842
lef1,bioemu,17.7299
lef1,bioemu,17.3432
lef1,bioemu,16.9287
lef1,bioemu,18.0099
lef1,bioemu,16.0709
lef1,bioemu,15.1062
lef1,bioemu,15.5095
lef1,bioemu,18.2126
lef1,bioemu,18.4188
lef1,bioemu,17.177
lef1,bioemu,19.6457
lef1,bioemu,16.2857
lef1,bioemu,17.967
lef1,bioemu,18.0233
lef1,bioemu,18.7215
lef1,bioemu,17.2428
lef1,bioemu,18.7252
lef1,bioemu,15.1752
lef1,bioemu,16.1103
lef1,bioemu,18.5909
lef1,bioemu,16.8544
lef1,bioemu,16.4196
lef1,bioemu,19.3481
lef1,bioemu,16.4738
lef1,bioemu,16.0992
lef1,bioemu,16.5431
lef1,bioemu,19.3232
lef1,bioemu,18.511
lef1,bioemu,16.7368
lef1,bioemu,17.8163
lef1,bioemu,18.538
lef1,bioemu,18.4641
lef1,bioemu,19.5043
lef1,bioemu,18.2161
lef1,bioemu,20.2366
lef1,bioemu,15.5363
lef1,bioemu,17.0205
lef1,bioemu,12.0113
lef1,bioemu,18.4099
lef1,bioemu,16.034
lef1,bioemu,17.5802
lef1,bioemu,18.4128
lef1,bioemu,17.556
lef1,bioemu,19.115
lef1,bioemu,18.3459
lef1,bioemu,15.0576
lef1,bioemu,16.7647
lef1,bioemu,18.3255
lef1,bioemu,18.2489
lef1,bioemu,19.4782
lef1,bioemu,18.377
lef1,bioemu,17.8354
lef1,bioemu,17.1287
lef1,bioemu,18.7683
lef1,bioemu,18.3782
lef1,bioemu,20.3246
lef1,bioemu,19.9777
lef1,bioemu,16.7956
lef1,bioemu,20.172
lef1,bioemu,18.5528
lef1,bioemu,18.2653
lef1,bioemu,18.0333
lef1,bioemu,17.6181
lef1,bioemu,4.9459
lef1,bioemu,9.3564
lef1,bioemu,4.6148
lef1,bioemu,9.2141
lef1,bioemu,10.1227
lef1,bioemu,6.5632
lef1,bioemu,8.6185
lef1,bioemu,6.88
lef1,bioemu,9.0119
lef1,bioemu,5.8004
lef1,bioemu,8.4216
lef1,bioemu,10.4724
lef1,bioemu,10.8642
lef1,bioemu,9.9477
lef1,bioemu,9.1633
lef1,bioemu,4.6252
lef1,bioemu,11.3693
lef1,bioemu,8.0639
lef1,bioemu,5.9481
lef1,bioemu,6.9473
lef1,bioemu,8.5922
lef1,bioemu,10.8875
lef1,bioemu,9.0623
lef1,bioemu,8.4307
lef1,bioemu,8.6636
lef1,bioemu,4.5358
lef1,bioemu,9.4949
lef1,bioemu,8.0554
lef1,bioemu,9.3504
lef1,bioemu,7.6855
lef1,bioemu,5.1882
lef1,bioemu,10.5949
lef1,bioemu,8.236
lef1,bioemu,8.4674
lef1,bioemu,10.0154
lef1,bioemu,10.6279
lef1,bioemu,7.2097
lef1,bioemu,5.1353
lef1,bioemu,8.2198
lef1,bioemu,9.7033
lef1,bioemu,7.7417
lef1,bioemu,6.7465
lef1,bioemu,6.5303
lef1,bioemu,7.6305
lef1,bioemu,7.7691
lef1,bioemu,11.2403
lef1,bioemu,8.2399
lef1,bioemu,11.0028
lef1,bioemu,6.8043
lef1,bioemu,6.6268
lef1,bioemu,9.1268
lef1,bioemu,7.8749
lef1,bioemu,8.996
lef1,bioemu,7.2518
lef1,bioemu,6.4225
lef1,bioemu,5.1827
lef1,bioemu,8.7941
lef1,bioemu,10.7041
lef1,bioemu,9.763
lef1,bioemu,9.6395
lef1,bioemu,6.2715
lef1,bioemu,6.8473
lef1,bioemu,9.176
lef1,bioemu,10.9737
lef1,bioemu,8.8862
lef1,bioemu,9.1866
lef1,bioemu,8.2911
lef1,bioemu,9.6988
lef1,bioemu,10.087
lef1,bioemu,7.5045
lef1,bioemu,8.5782
lef1,bioemu,5.9074
lef1,bioemu,5.3811
lef1,bioemu,6.4163
lef1,bioemu,4.8532
lef1,bioemu,6.9273
lef1,bioemu,7.9621
lef1,bioemu,4.9736
lef1,bioemu,7.2697
lef1,bioemu,5.9336
lef1,bioemu,5.9293
lef1,bioemu,5.9499
lef1,bioemu,6.4952
lef1,bioemu,9.336
lef1,bioemu,9.5674
lef1,bioemu,6.9926
lef1,bioemu,7.6355
lef1,bioemu,3.4202
lef1,bioemu,8.3038
lef1,bioemu,5.1814
lef1,bioemu,4.9964
lef1,bioemu,3.7685
lef1,bioemu,8.1343
lef1,bioemu,7.9825
lef1,bioemu,5.6902
lef1,bioemu,7.124
lef1,bioemu,8.3218
lef1,bioemu,7.0069
lef1,bioemu,6.3806
lef1,bioemu,5.9392
lef1,bioemu,6.2988
lef1,bioemu,6.1287
lef1,bioemu,2.4862
lef1,bioemu,7.4819
lef1,bioemu,5.8593
lef1,bioemu,8.8008
lef1,bioemu,6.6436
lef1,bioemu,7.5477
lef1,bioemu,7.7649
lef1,bioemu,4.3365
lef1,bioemu,4.7348
lef1,bioemu,6.4135
lef1,bioemu,5.2152
lef1,bioemu,7.5392
lef1,bioemu,8.0011
lef1,bioemu,5.8822
lef1,bioemu,8.5127
lef1,bioemu,8.4547
lef1,bioemu,5.2893
lef1,bioemu,9.7968
lef1,bioemu,4.7268
lef1,bioemu,3.2807
lef1,bioemu,6.4225
lef1,bioemu,4.6658
lef1,bioemu,5.378
lef1,bioemu,6.2759
lef1,bioemu,5.1351
lef1,bioemu,2.9919
lef1,bioemu,6.0237
lef1,bioemu,8.4473
lef1,bioemu,7.4917
lef1,bioemu,7.7926
lef1,bioemu,7.884
lef1,bioemu,5.2584
lef1,bioemu,8.5217
lef1,bioemu,8.3809
lef1,bioemu,7.1841
lef1,bioemu,7.3183
lef1,bioemu,6.7519
lef1,bioemu,6.2432
lef1,bioemu,8.2349
lef1,bioemu,4.9887
lef1,bioemu,10.4085
lef1,bioemu,3.0829
lef1,bioemu,5.2205
lef1,bioemu,7.6683
lef1,bioemu,4.1748
lef1,bioemu,4.8026
lef1,bioemu,5.1081
lef1,bioemu,4.5737
lef1,bioemu,6.6827
lef1,bioemu,3.5324
lef1,bioemu,7.2724
lef1,bioemu,4.2
lef1,bioemu,5.1366
lef1,bioemu,5.5006
lef1,bioemu,3.7741
lef1,bioemu,4.2861
lef1,bioemu,7.2018
lef1,bioemu,4.5252
lef1,bioemu,3.4139
lef1,bioemu,6.836
lef1,bioemu,5.0753
lef1,bioemu,6.4961
lef1,bioemu,3.2893
lef1,bioemu,3.5491
lef1,bioemu,4.3791
lef1,bioemu,5.73
lef1,bioemu,9.4052
lef1,bioemu,4.5167
lef1,bioemu,5.2114
lef1,bioemu,5.2982
lef1,bioemu,5.1038
lef1,bioemu,5.8527
lef1,bioemu,3.1452
lef1,bioemu,5.2181
lef1,bioemu,6.2022
lef1,bioemu,2.8399
lef1,bioemu,3.4213
lef1,bioemu,7.4279
lef1,bioemu,6.3396
lef1,bioemu,2.9064
lef1,bioemu,3.5388
lef1,bioemu,4.0924
lef1,bioemu,6.7493
lef1,bioemu,9.2984
lef1,bioemu,4.1423
lef1,bioemu,8.6453
lef1,bioemu,3.7988
lef1,bioemu,3.0819
lef1,bioemu,11.4767
lef1,bioemu,4.7145
lef1,bioemu,5.3538
lef1,bioemu,3.2401
lef1,bioemu,4.7476
lef1,bioemu,3.1427
lef1,bioemu,5.2954
lef1,bioemu,6.5275
lef1,bioemu,7.4653
lef1,bioemu,3.238
lef1,bioemu,4.5417
lef1,bioemu,3.7996
lef1,bioemu,4.8094
lef1,bioemu,8.1368
lef1,bioemu,4.8044
lef1,bioemu,6.1343
lef1,bioemu,4.7614
lef1,bioemu,4.9064
lef1,bioemu,5.9368
lef1,bioemu,5.7953
lef1,bioemu,2.9758
lef1,bioemu,6.2142
lef1,bioemu,4.7322
lef1,bioemu,9.2425
lef1,bioemu,5.4605
lef1,bioemu,6.5117
lef1,bioemu,6.502
lef1,bioemu,7.8699
lef1,bioemu,3.7802
lef1,bioemu,7.7796
lef1,bioemu,2.887
lef1,bioemu,6.1433
lef1,bioemu,2.2295
lef1,bioemu,5.8125
lef1,bioemu,9.0986
lef1,bioemu,9.8644
lef1,bioemu,7.0998
lef1,bioemu,8.6276
lef1,bioemu,6.0765
lef1,bioemu,10.3346
lef1,bioemu,5.2254
lef1,bioemu,2.1581
lef1,bioemu,4.2548
lef1,bioemu,6.5459
lef1,bioemu,9.4161
lef1,bioemu,6.4337
lef1,bioemu,6.8714
lef1,bioemu,7.2061
lef1,bioemu,5.1504
lef1,bioemu,6.4857
lef1,bioemu,7.5079
lef1,bioemu,7.1947
lef1,bioemu,5.4437
lef1,bioemu,3.4842
lef1,bioemu,9.1537
lef1,bioemu,4.8616
lef1,bioemu,8.4699
lef1,bioemu,8.5662
lef1,bioemu,9.0356
lef1,bioemu,4.4752
lef1,bioemu,2.9111
lef1,bioemu,6.6855
lef1,bioemu,6.9002
lef1,bioemu,4.6572
lef1,bioemu,5.3666
lef1,bioemu,4.1512
lef1,bioemu,6.4447
lef1,bioemu,4.6185
lef1,bioemu,9.6247
lef1,bioemu,7.2002
lef1,bioemu,11.1417
lef1,bioemu,3.7434
lef1,bioemu,5.4129
lef1,bioemu,7.3715
lef1,bioemu,5.0701
lef1,bioemu,7.2201
lef1,bioemu,4.2317
lef1,bioemu,2.9455
lef1,bioemu,5.8578
lef1,bioemu,7.3062
lef1,bioemu,7.8362
lef1,bioemu,7.3177
lef1,bioemu,7.0001
lef1,bioemu,5.4525
lef1,bioemu,4.7883
lef1,bioemu,9.4477
lef1,bioemu,7.8931
lef1,bioemu,5.7866
lef1,bioemu,5.5568
lef1,bioemu,4.6866
lef1,bioemu,8.1889
lef1,bioemu,6.4465
lef1,bioemu,4.4177
lef1,bioemu,7.8854
lef1,bioemu,3.4558
lef1,bioemu,3.9337
lef1,bioemu,5.7129
lef1,bioemu,4.0465
lef1,bioemu,3.8969
lef1,bioemu,4.7434
lef1,bioemu,2.4391
lef1,bioemu,5.7927
lef1,bioemu,4.8127
lef1,bioemu,4.7135
lef1,bioemu,6.3633
lef1,bioemu,4.5001
lef1,bioemu,5.4947
lef1,bioemu,8.0169
lef1,bioemu,7.3822
lef1,bioemu,3.0588
lef1,bioemu,5.3493
lef1,bioemu,4.9443
lef1,bioemu,4.5857
lef1,bioemu,4.7422
lef1,bioemu,3.8521
lef1,bioemu,3.3347
lef1,bioemu,4.0933
lef1,bioemu,8.2627
lef1,bioemu,3.3343
lef1,bioemu,7.7377
lef1,bioemu,6.3413
lef1,bioemu,4.9912
lef1,bioemu,5.9731
lef1,bioemu,5.0655
lef1,bioemu,2.912
lef1,bioemu,6.6189
lef1,bioemu,4.6365
lef1,bioemu,5.5619
lef1,bioemu,5.4944
lef1,bioemu,5.4023
lef1,bioemu,4.0892
lef1,bioemu,2.3251
lef1,bioemu,3.159
lef1,bioemu,6.1143
lef1,bioemu,6.9541
lef1,bioemu,3.3692
lef1,bioemu,6.0908
lef1,bioemu,6.342
lef1,bioemu,3.7164
lef1,bioemu,12.301
lef1,bioemu,4.2366
lef1,bioemu,6.3924
lef1,bioemu,2.9184
lef1,bioemu,3.4365
lef1,bioemu,3.6756
lef1,bioemu,3.9131
lef1,bioemu,5.3666
lef1,bioemu,8.1968
lef1,bioemu,3.9755
lef1,bioemu,3.2781
lef1,bioemu,2.2837
lef1,bioemu,2.611
lef1,bioemu,6.2453
lef1,bioemu,5.7303
lef1,bioemu,6.3115
lef1,bioemu,3.2016
lef1,bioemu,4.6533
lef1,bioemu,3.1117
lef1,bioemu,3.3525
lef1,bioemu,5.2381
lef1,bioemu,3.4054
lef1,bioemu,3.1552
lef1,bioemu,8.0587
lef1,bioemu,5.3688
lef1,bioemu,6.5445
lef1,bioemu,5.7193
lef1,bioemu,6.7182
lef1,bioemu,6.6078
lef1,bioemu,5.1964
lef1,bioemu,7.2035
lef1,bioemu,4.8662
lef1,bioemu,6.8052
lef1,bioemu,6.8773
lef1,bioemu,5.5347
lef1,bioemu,6.1494
lef1,bioemu,9.3516
lef1,bioemu,7.0207
lef1,bioemu,5.0578
lef1,bioemu,7.0266
lef1,bioemu,6.0752
lef1,bioemu,6.5091
lef1,bioemu,6.452
lef1,bioemu,5.1584
lef1,bioemu,6.0737
lef1,bioemu,7.0422
lef1,bioemu,9.9096
lef1,bioemu,5.8792
lef1,bioemu,7.394
lef1,bioemu,6.41
lef1,bioemu,5.1479
lef1,bioemu,7.0886
lef1,bioemu,6.0478
lef1,bioemu,5.9776
lef1,bioemu,7.9097
lef1,bioemu,5.9496
lef1,bioemu,5.6911
lef1,bioemu,7.3688
lef1,bioemu,7.2008
lef1,bioemu,5.7732
lef1,bioemu,5.5507
lef1,bioemu,5.1434
lef1,bioemu,7.2736
lef1,bioemu,8.962
lef1,bioemu,6.2418
lef1,bioemu,8.2683
lef1,bioemu,5.9425
lef1,bioemu,6.0739
lef1,bioemu,12.2938
lef1,bioemu,5.6631
lef1,bioemu,7.1621
lef1,bioemu,5.6422
lef1,bioemu,5.9021
lef1,bioemu,5.9397
lef1,bioemu,5.855
lef1,bioemu,6.7553
lef1,bioemu,9.1806
lef1,bioemu,5.9249
lef1,bioemu,5.733
lef1,bioemu,5.3632
lef1,bioemu,5.9226
lef1,bioemu,8.3072
lef1,bioemu,5.6044
lef1,bioemu,8.4817
lef1,bioemu,5.9661
lef1,bioemu,6.0202
lef1,bioemu,6.3333
lef1,bioemu,5.8513
lef1,bioemu,5.9504
lef1,bioemu,6.5411
lef1,bioemu,5.7435
lef1,bioemu,9.2209
lef1,bioemu,6.5052
lef1,bioemu,7.3816
lef1,bioemu,5.1163
lef1,bioemu,2.6273
lef1,bioemu,3.5686
lef1,bioemu,3.4138
lef1,bioemu,4.1532
lef1,bioemu,6.2397
lef1,bioemu,6.8708
lef1,bioemu,4.4778
lef1,bioemu,6.3643
lef1,bioemu,6.578
lef1,bioemu,7.7099
lef1,bioemu,2.5468
lef1,bioemu,2.825
lef1,bioemu,3.6108
lef1,bioemu,4.2277
lef1,bioemu,6.6125
lef1,bioemu,3.7795
lef1,bioemu,4.1644
lef1,bioemu,4.8807
lef1,bioemu,6.2394
lef1,bioemu,4.1793
lef1,bioemu,6.7086
lef1,bioemu,6.5025
lef1,bioemu,3.6862
lef1,bioemu,3.8902
lef1,bioemu,6.1757
lef1,bioemu,2.588
lef1,bioemu,6.8523
lef1,bioemu,5.9882
lef1,bioemu,6.1646
lef1,bioemu,4.052
lef1,bioemu,2.6706
lef1,bioemu,4.3842
lef1,bioemu,4.4979
lef1,bioemu,1.9648
lef1,bioemu,4.4415
lef1,bioemu,5.1549
lef1,bioemu,3.904
lef1,bioemu,4.7077
lef1,bioemu,7.0377
lef1,bioemu,4.7425
lef1,bioemu,12.1732
lef1,bioemu,1.9463
lef1,bioemu,5.2777
lef1,bioemu,4.4414
lef1,bioemu,3.177
lef1,bioemu,4.5851
lef1,bioemu,2.418
lef1,bioemu,3.4836
lef1,bioemu,6.7458
lef1,bioemu,4.7902
lef1,bioemu,5.0515
lef1,bioemu,4.3373
lef1,bioemu,3.9475
lef1,bioemu,5.0917
lef1,bioemu,3.4887
lef1,bioemu,7.1153
lef1,bioemu,5.1222
lef1,bioemu,4.4091
lef1,bioemu,3.4919
lef1,bioemu,2.7811
lef1,bioemu,5.5055
lef1,bioemu,4.3998
lef1,bioemu,2.5339
lef1,bioemu,6.9842
lef1,bioemu,3.002
lef1,bioemu,4.3463
lef1,bioemu,6.8431
lef1,bioemu,4.4114
lef1,bioemu,7.4482
lef1,bioemu,6.0434
lef1,bioemu,3.0066
lef1,bioemu,4.1867
lef1,bioemu,5.2565
lef1,bioemu,4.0332
lef1,bioemu,7.5001
lef1,bioemu,6.3324
lef1,bioemu,4.7008
lef1,bioemu,7.1462
lef1,bioemu,6.8945
lef1,bioemu,4.6104
lef1,bioemu,4.4581
lef1,bioemu,4.9895
lef1,bioemu,2.1609
lef1,bioemu,2.888
lef1,bioemu,7.2151
lef1,bioemu,5.6859
lef1,bioemu,7.6331
lef1,bioemu,8.1176
lef1,bioemu,6.0081
lef1,bioemu,6.9552
lef1,bioemu,4.2226
lef1,bioemu,5.3347
lef1,bioemu,4.6387
lef1,bioemu,4.8041
lef1,bioemu,4.8538
lef1,bioemu,6.5083
lef1,bioemu,5.7326
lef1,bioemu,4.414
lef1,bioemu,4.8617
lef1,bioemu,4.9043
lef1,bioemu,5.4594
lef1,bioemu,7.9912
lef1,bioemu,2.5666
lef1,bioemu,7.458
lef1,bioemu,5.7775
lef1,bioemu,3.2517
lef1,bioemu,13.4846
lef1,bioemu,5.5584
lef1,bioemu,7.7216
lef1,bioemu,2.8136
lef1,bioemu,5.514
lef1,bioemu,3.9752
lef1,bioemu,5.2833
lef1,bioemu,7.5198
lef1,bioemu,8.4878
lef1,bioemu,3.437
lef1,bioemu,4.4744
lef1,bioemu,2.8623
lef1,bioemu,3.5874
lef1,bioemu,5.8962
lef1,bioemu,6.0846
lef1,bioemu,3.6573
lef1,bioemu,5.0473
lef1,bioemu,6.2678
lef1,bioemu,5.5605
lef1,bioemu,5.7067
lef1,bioemu,4.8807
lef1,bioemu,5.9173
lef1,bioemu,5.5028
lef1,bioemu,6.859
lef1,bioemu,6.6272
lef1,bioemu,7.031
lef1,bioemu,4.5718
lef1,bioemu,2.2102
lef1,bioemu,4.893
lef1,bioemu,7.6479
lef1,bioemu,8.5518
lef1,bioemu,5.6685
lef1,bioemu,7.8872
lef1,bioemu,7.5955
lef1,bioemu,9.5339
lef1,bioemu,3.8594
lef1,bioemu,1.7034
lef1,bioemu,3.8809
lef1,bioemu,4.9821
lef1,bioemu,8.1987
lef1,bioemu,5.1048
lef1,bioemu,5.6706
lef1,bioemu,6.0613
lef1,bioemu,6.4052
lef1,bioemu,4.7848
lef1,bioemu,7.9729
lef1,bioemu,6.7491
lef1,bioemu,4.5462
lef1,bioemu,4.4852
lef1,bioemu,7.9788
lef1,bioemu,2.9183
lef1,bioemu,8.2587
lef1,bioemu,7.524
lef1,bioemu,7.9071
lef1,bioemu,3.5035
lef1,bioemu,3.4635
lef1,bioemu,6.0143
lef1,bioemu,5.2646
lef1,bioemu,3.0672
lef1,bioemu,5.2409
lef1,bioemu,4.0109
lef1,bioemu,5.6126
lef1,bioemu,3.5229
lef1,bioemu,8.5157
lef1,bioemu,6.5315
lef1,bioemu,12.0104
lef1,bioemu,2.845
lef1,bioemu,5.882
lef1,bioemu,6.1152
lef1,bioemu,3.8721
lef1,bioemu,6.2428
lef1,bioemu,2.825
lef1,bioemu,2.647
lef1,bioemu,7.3442
lef1,bioemu,6.3981
lef1,bioemu,5.7928
lef1,bioemu,5.5336
lef1,bioemu,5.0054
lef1,bioemu,5.4925
lef1,bioemu,4.6979
lef1,bioemu,8.9023
lef1,bioemu,5.7501
lef1,bioemu,4.7003
lef1,bioemu,3.2572
lef1,bioemu,2.298
lef1,bioemu,7.2955
lef1,bioemu,4.0539
lef1,bioemu,2.9704
lef1,bioemu,7.5193
lef1,bioemu,3.6731
lef1,bioemu,4.8311
lef1,bioemu,5.7929
lef1,bioemu,4.1983
lef1,bioemu,5.3676
lef1,bioemu,6.1943
lef1,bioemu,3.2601
lef1,bioemu,5.2946
lef1,bioemu,7.4726
lef1,bioemu,6.1857
lef1,bioemu,1.8804
lef1,bioemu,4.8783
lef1,bioemu,3.6732
lef1,bioemu,5.2535
lef1,bioemu,4.5482
lef1,bioemu,2.2729
lef1,bioemu,3.9791
lef1,bioemu,5.2274
lef1,bioemu,8.5523
lef1,bioemu,2.7719
lef1,bioemu,6.6419
lef1,bioemu,5.5601
lef1,bioemu,4.3957
lef1,bioemu,4.9423
lef1,bioemu,4.2599
lef1,bioemu,2.5832
lef1,bioemu,7.2753
lef1,bioemu,3.9048
lef1,bioemu,4.4465
lef1,bioemu,6.0459
lef1,bioemu,4.9407
lef1,bioemu,3.0719
lef1,bioemu,1.9052
lef1,bioemu,2.248
lef1,bioemu,6.49
lef1,bioemu,7.6098
lef1,bioemu,3.7064
lef1,bioemu,6.8315
lef1,bioemu,5.5335
lef1,bioemu,3.2803
lef1,bioemu,11.6838
lef1,bioemu,3.406
lef1,bioemu,5.2369
lef1,bioemu,2.6296
lef1,bioemu,2.1973
lef1,bioemu,2.4884
lef1,bioemu,4.1996
lef1,bioemu,4.8587
lef1,bioemu,7.4834
lef1,bioemu,3.2055
lef1,bioemu,3.5153
lef1,bioemu,2.5266
lef1,bioemu,3.4669
lef1,bioemu,7.1905
lef1,bioemu,4.7111
lef1,bioemu,6.7516
lef1,bioemu,3.5837
lef1,bioemu,4.5501
lef1,bioemu,3.3321
lef1,bioemu,3.5093
lef1,bioemu,4.0436
lef1,bioemu,3.9912
lef1,bioemu,2.5761
lef1,bioemu,8.875
lef1,bioemu,4.2131
lef1,bioemu,6.3869
lef1,bioemu,5.2482
lef1,bioemu,8.3664
lef1,bioemu,9.2642
lef1,bioemu,6.7538
lef1,bioemu,8.128
lef1,bioemu,6.9874
lef1,bioemu,10.2381
lef1,bioemu,4.9335
lef1,bioemu,2.2926
lef1,bioemu,4.5461
lef1,bioemu,5.8929
lef1,bioemu,8.958
lef1,bioemu,6.3034
lef1,bioemu,6.3247
lef1,bioemu,6.4371
lef1,bioemu,5.6726
lef1,bioemu,6.2154
lef1,bioemu,7.7426
lef1,bioemu,7.2938
lef1,bioemu,5.1296
lef1,bioemu,4.3693
lef1,bioemu,8.7896
lef1,bioemu,4.4224
lef1,bioemu,8.0046
lef1,bioemu,8.2491
lef1,bioemu,8.7055
lef1,bioemu,3.598
lef1,bioemu,3.6271
lef1,bioemu,6.6443
lef1,bioemu,6.379
lef1,bioemu,4.2971
lef1,bioemu,4.719
lef1,bioemu,3.7663
lef1,bioemu,6.2224
lef1,bioemu,3.7447
lef1,bioemu,9.1511
lef1,bioemu,7.129
lef1,bioemu,11.7622
lef1,bioemu,3.5941
lef1,bioemu,6.0105
lef1,bioemu,7.0544
lef1,bioemu,5.1257
lef1,bioemu,7.226
lef1,bioemu,3.1565
lef1,bioemu,3.1791
lef1,bioemu,7.0464
lef1,bioemu,7.0723
lef1,bioemu,7.0246
lef1,bioemu,6.6276
lef1,bioemu,6.1325
lef1,bioemu,4.9897
lef1,bioemu,4.9024
lef1,bioemu,9.1214
lef1,bioemu,7.1321
lef1,bioemu,5.1842
lef1,bioemu,4.8596
lef1,bioemu,3.8792
lef1,bioemu,8.11
lef1,bioemu,5.5359
lef1,bioemu,4.1146
lef1,bioemu,7.3032
lef1,bioemu,4.1715
lef1,bioemu,4.2966
lef1,bioemu,6.35
lef1,bioemu,6.8108
lef1,bioemu,3.9289
lef1,bioemu,5.6472
lef1,bioemu,7.8669
lef1,bioemu,6.6625
lef1,bioemu,3.3898
lef1,bioemu,5.2187
lef1,bioemu,4.7146
lef1,bioemu,6.0676
lef1,bioemu,6.1881
lef1,bioemu,4.1461
lef1,bioemu,5.2138
lef1,bioemu,5.8819
lef1,bioemu,8.5109
lef1,bioemu,5.3782
lef1,bioemu,5.4967
lef1,bioemu,5.259
lef1,bioemu,4.0861
lef1,bioemu,5.2453
lef1,bioemu,5.6843
lef1,bioemu,4.6822
lef1,bioemu,6.709
lef1,bioemu,5.3759
lef1,bioemu,5.1273
lef1,bioemu,5.7737
lef1,bioemu,5.1714
lef1,bioemu,4.5325
lef1,bioemu,4.6264
lef1,bioemu,3.5295
lef1,bioemu,5.2492
lef1,bioemu,7.3065
lef1,bioemu,5.616
lef1,bioemu,6.7429
lef1,bioemu,5.1873
lef1,bioemu,5.4586
lef1,bioemu,12.1
lef1,bioemu,3.378
lef1,bioemu,5.5909
lef1,bioemu,5.195
lef1,bioemu,4.8689
lef1,bioemu,5.1121
lef1,bioemu,3.9208
lef1,bioemu,5.0043
lef1,bioemu,7.6989
lef1,bioemu,5.0296
lef1,bioemu,5.2161
lef1,bioemu,4.8943
lef1,bioemu,5.2714
lef1,bioemu,7.426
lef1,bioemu,3.15
lef1,bioemu,7.9314
lef1,bioemu,5.6164
lef1,bioemu,3.3686
lef1,bioemu,5.1838
lef1,bioemu,4.6885
lef1,bioemu,5.2786
lef1,bioemu,5.6393
lef1,bioemu,4.4295
lef1,bioemu,8.3047
lef1,bioemu,4.595
lef1,bioemu,5.2735
lef1,bioemu,3.0317
lef1,bioemu,5.046
lef1,bioemu,4.8132
lef1,bioemu,9.6803
lef1,bioemu,6.1335
lef1,bioemu,5.6455
lef1,bioemu,8.3429
lef1,bioemu,8.3214
lef1,bioemu,4.9639
lef1,bioemu,4.3352
lef1,bioemu,5.5649
lef1,bioemu,2.8685
lef1,bioemu,2.9057
lef1,bioemu,8.594
lef1,bioemu,6.1887
lef1,bioemu,8.3988
lef1,bioemu,8.6918
lef1,bioemu,6.7391
lef1,bioemu,8.7643
lef1,bioemu,4.3647
lef1,bioemu,6.4018
lef1,bioemu,4.3005
lef1,bioemu,5.5753
lef1,bioemu,4.8453
lef1,bioemu,7.034
lef1,bioemu,7.2939
lef1,bioemu,5.9291
lef1,bioemu,5.6736
lef1,bioemu,5.8115
lef1,bioemu,5.8652
lef1,bioemu,8.5943
lef1,bioemu,4.472
lef1,bioemu,7.7042
lef1,bioemu,5.2915
lef1,bioemu,5.2245
lef1,bioemu,15.0197
lef1,bioemu,6.4301
lef1,bioemu,9.354
lef1,bioemu,4.1704
lef1,bioemu,6.9647
lef1,bioemu,5.3767
lef1,bioemu,5.7338
lef1,bioemu,8.5371
lef1,bioemu,10.5927
lef1,bioemu,4.7961
lef1,bioemu,3.8269
lef1,bioemu,3.3138
lef1,bioemu,3.598
lef1,bioemu,6.9325
lef1,bioemu,6.7751
lef1,bioemu,3.7602
lef1,bioemu,4.553
lef1,bioemu,6.1249
lef1,bioemu,5.9689
lef1,bioemu,6.2461
lef1,bioemu,5.4307
lef1,bioemu,5.7214
lef1,bioemu,6.6694
lef1,bioemu,6.4092
lef1,bioemu,8.0223
lef1,bioemu,7.9782
lef1,bioemu,5.0631
lef1,bioemu,4.953
lef1,bioemu,10.0942
lef1,bioemu,5.0705
lef1,bioemu,6.2023
lef1,bioemu,9.0985
lef1,bioemu,8.8222
lef1,bioemu,5.6799
lef1,bioemu,5.0242
lef1,bioemu,5.8336
lef1,bioemu,4.2825
lef1,bioemu,4.6683
lef1,bioemu,9.3307
lef1,bioemu,6.939
lef1,bioemu,8.2847
lef1,bioemu,9.284
lef1,bioemu,7.1508
lef1,bioemu,9.1302
lef1,bioemu,4.2438
lef1,bioemu,7.2908
lef1,bioemu,5.4326
lef1,bioemu,5.9468
lef1,bioemu,4.2915
lef1,bioemu,8.1527
lef1,bioemu,7.8032
lef1,bioemu,6.3893
lef1,bioemu,6.8469
lef1,bioemu,6.4697
lef1,bioemu,6.5201
lef1,bioemu,9.8548
lef1,bioemu,5.4295
lef1,bioemu,8.9512
lef1,bioemu,4.8317
lef1,bioemu,5.8691
lef1,bioemu,15.6118
lef1,bioemu,7.0198
lef1,bioemu,9.6831
lef1,bioemu,5.0994
lef1,bioemu,7.6669
lef1,bioemu,5.7872
lef1,bioemu,6.8477
lef1,bioemu,9.425
lef1,bioemu,11.0226
lef1,bioemu,5.248
lef1,bioemu,4.9648
lef1,bioemu,4.4877
lef1,bioemu,4.9464
lef1,bioemu,8.1221
lef1,bioemu,6.7963
lef1,bioemu,4.6061
lef1,bioemu,5.6353
lef1,bioemu,7.1834
lef1,bioemu,7.1323
lef1,bioemu,7.2764
lef1,bioemu,4.9654
lef1,bioemu,7.0038
lef1,bioemu,7.6015
lef1,bioemu,7.1465
lef1,bioemu,8.3836
lef1,bioemu,8.7369
lef1,bioemu,5.8496
lef1,bioemu,8.7069
lef1,bioemu,4.6849
lef1,bioemu,2.9876
lef1,bioemu,6.1459
lef1,bioemu,5.3245
lef1,bioemu,5.8957
lef1,bioemu,4.4866
lef1,bioemu,2.337
lef1,bioemu,4.4918
lef1,bioemu,5.5557
lef1,bioemu,9.5256
lef1,bioemu,3.8877
lef1,bioemu,6.0891
lef1,bioemu,5.9577
lef1,bioemu,5.2388
lef1,bioemu,6.1107
lef1,bioemu,3.7632
lef1,bioemu,4.4263
lef1,bioemu,6.8886
lef1,bioemu,4.4494
lef1,bioemu,3.3149
lef1,bioemu,6.79
lef1,bioemu,5.6936
lef1,bioemu,4.1035
lef1,bioemu,3.9217
lef1,bioemu,3.3129
lef1,bioemu,6.3936
lef1,bioemu,8.3739
lef1,bioemu,5.1632
lef1,bioemu,7.4504
lef1,bioemu,3.9949
lef1,bioemu,4.9193
lef1,bioemu,13.1018
lef1,bioemu,3.7214
lef1,bioemu,6.343
lef1,bioemu,4.0648
lef1,bioemu,4.5597
lef1,bioemu,3.65
lef1,bioemu,4.6486
lef1,bioemu,6.0898
lef1,bioemu,8.6256
lef1,bioemu,4.1041
lef1,bioemu,3.6679
lef1,bioemu,3.7321
lef1,bioemu,4.1365
lef1,bioemu,8.3357
lef1,bioemu,4.0798
lef1,bioemu,6.7251
lef1,bioemu,3.8055
lef1,bioemu,3.7581
lef1,bioemu,4.6068
lef1,bioemu,4.7861
lef1,bioemu,3.3181
lef1,bioemu,4.7442
lef1,bioemu,4.5237
lef1,bioemu,8.7338
lef1,bioemu,4.9603
lef1,bioemu,6.5204
lef1,bioemu,7.397
lef1,bioemu,5.6116
lef1,bioemu,5.4318
lef1,bioemu,8.0719
lef1,bioemu,7.0313
lef1,bioemu,6.8415
lef1,bioemu,4.7079
lef1,bioemu,5.6644
lef1,bioemu,4.4659
lef1,bioemu,5.3067
lef1,bioemu,8.2789
lef1,bioemu,7.0307
lef1,bioemu,6.4061
lef1,bioemu,7.3104
lef1,bioemu,6.356
lef1,bioemu,7.2134
lef1,bioemu,4.0946
lef1,bioemu,6.7885
lef1,bioemu,5.0473
lef1,bioemu,4.2983
lef1,bioemu,4.5109
lef1,bioemu,8.0128
lef1,bioemu,7.1615
lef1,bioemu,4.4922
lef1,bioemu,5.559
lef1,bioemu,5.8176
lef1,bioemu,6.4405
lef1,bioemu,9.7057
lef1,bioemu,4.8367
lef1,bioemu,9.2197
lef1,bioemu,4.6162
lef1,bioemu,4.1318
lef1,bioemu,12.1872
lef1,bioemu,6.2337
lef1,bioemu,7.4897
lef1,bioemu,4.3998
lef1,bioemu,6.5742
lef1,bioemu,4.9884
lef1,bioemu,6.3392
lef1,bioemu,8.2712
lef1,bioemu,8.5884
lef1,bioemu,3.3075
lef1,bioemu,5.8154
lef1,bioemu,4.5089
lef1,bioemu,5.8889
lef1,bioemu,7.75
lef1,bioemu,6.2354
lef1,bioemu,5.1516
lef1,bioemu,6.6508
lef1,bioemu,6.7683
lef1,bioemu,7.4341
lef1,bioemu,7.1932
lef1,bioemu,5.0159
lef1,bioemu,7.6946
lef1,bioemu,6.6095
lef1,bioemu,8.5453
lef1,bioemu,7.253
lef1,bioemu,7.831
lef1,bioemu,8.9721
lef1,bioemu,6.9184
lef1,bioemu,6.5604
lef1,bioemu,5.6457
lef1,bioemu,9.4289
lef1,bioemu,8.2199
lef1,bioemu,7.6486
lef1,bioemu,7.7526
lef1,bioemu,8.641
lef1,bioemu,6.7987
lef1,bioemu,8.2517
lef1,bioemu,5.9676
lef1,bioemu,7.5076
lef1,bioemu,7.6079
lef1,bioemu,4.2284
lef1,bioemu,8.0976
lef1,bioemu,7.6864
lef1,bioemu,8.1488
lef1,bioemu,7.0964
lef1,bioemu,8.5249
lef1,bioemu,8.806
lef1,bioemu,5.893
lef1,bioemu,5.702
lef1,bioemu,7.6816
lef1,bioemu,7.0419
lef1,bioemu,7.936
lef1,bioemu,8.9523
lef1,bioemu,6.5526
lef1,bioemu,9.6589
lef1,bioemu,9.0929
lef1,bioemu,5.8359
lef1,bioemu,8.9498
lef1,bioemu,6.5303
lef1,bioemu,4.4929
lef1,bioemu,7.287
lef1,bioemu,6.7195
lef1,bioemu,6.7514
lef1,bioemu,7.382
lef1,bioemu,6.6713
lef1,bioemu,3.104
lef1,bioemu,6.5775
lef1,bioemu,9.7084
lef1,bioemu,8.5371
lef1,bioemu,9.0068
lef1,bioemu,7.9776
lef1,bioemu,6.8189
lef1,bioemu,7.9859
lef1,bioemu,9.9667
lef1,bioemu,8.4458
lef1,bioemu,9.1085
lef1,bioemu,8.5682
lef1,bioemu,7.5592
lef1,bioemu,9.9998
lef1,bioemu,6.6822
lef1,bioemu,10.5551
lef1,bioemu,5.3628
lef1,bioemu,5.8986
lef1,bioemu,6.1777
lef1,bioemu,9.6056
lef1,bioemu,7.8941
lef1,bioemu,8.6552
lef1,bioemu,4.2455
lef1,bioemu,5.0439
lef1,bioemu,6.5084
lef1,bioemu,7.762
lef1,bioemu,11.302
lef1,bioemu,6.9591
lef1,bioemu,5.4694
lef1,bioemu,7.4532
lef1,bioemu,7.4525
lef1,bioemu,8.1962
lef1,bioemu,3.2127
lef1,bioemu,8.0556
lef1,bioemu,7.284
lef1,bioemu,4.631
lef1,bioemu,2.9057
lef1,bioemu,10.3871
lef1,bioemu,8.5048
lef1,bioemu,5.2395
lef1,bioemu,6.5932
lef1,bioemu,6.8662
lef1,bioemu,8.8335
lef1,bioemu,12.0351
lef1,bioemu,6.8272
lef1,bioemu,11.3917
lef1,bioemu,3.4996
lef1,bioemu,5.6208
lef1,bioemu,12.8617
lef1,bioemu,7.1337
lef1,bioemu,7.7308
lef1,bioemu,5.4881
lef1,bioemu,7.4683
lef1,bioemu,4.9146
lef1,bioemu,8.1762
lef1,bioemu,9.429
lef1,bioemu,9.4554
lef1,bioemu,4.9627
lef1,bioemu,6.4925
lef1,bioemu,6.1491
lef1,bioemu,7.2216
lef1,bioemu,10.8046
lef1,bioemu,6.5257
lef1,bioemu,6.429
lef1,bioemu,6.7704
lef1,bioemu,7.3619
lef1,bioemu,8.6581
lef1,bioemu,8.7203
lef1,bioemu,3.2103
lef1,bioemu,8.6614
lef1,bioemu,7.876
lef1,bioemu,10.8115
lef1,bioemu,7.6691
lef1,bioemu,8.8735
lef1,bioemu,4.0717
lef1,bioemu,3.1151
lef1,bioemu,4.9692
lef1,bioemu,5.0734
lef1,bioemu,2.1781
lef1,bioemu,3.9755
lef1,bioemu,5.1477
lef1,bioemu,7.9004
lef1,bioemu,3.0131
lef1,bioemu,6.0094
lef1,bioemu,5.1104
lef1,bioemu,3.7139
lef1,bioemu,4.1131
lef1,bioemu,4.5939
lef1,bioemu,2.3635
lef1,bioemu,6.9975
lef1,bioemu,4.3095
lef1,bioemu,4.6228
lef1,bioemu,5.4819
lef1,bioemu,4.0146
lef1,bioemu,2.9903
lef1,bioemu,2.7844
lef1,bioemu,1.2648
lef1,bioemu,5.6245
lef1,bioemu,6.9523
lef1,bioemu,3.6871
lef1,bioemu,6.2582
lef1,bioemu,5.5346
lef1,bioemu,3.5626
lef1,bioemu,11.6554
lef1,bioemu,2.2152
lef1,bioemu,4.6715
lef1,bioemu,3.327
lef1,bioemu,2.3637
lef1,bioemu,2.8362
lef1,bioemu,3.3637
lef1,bioemu,4.204
lef1,bioemu,6.8605
lef1,bioemu,3.527
lef1,bioemu,4.0304
lef1,bioemu,3.2386
lef1,bioemu,3.5889
lef1,bioemu,6.7276
lef1,bioemu,3.5473
lef1,bioemu,6.9391
lef1,bioemu,3.9446
lef1,bioemu,3.8943
lef1,bioemu,3.4574
lef1,bioemu,3.17
lef1,bioemu,3.8219
lef1,bioemu,4.1114
lef1,bioemu,2.2599
lef1,bioemu,8.3369
lef1,bioemu,3.1799
lef1,bioemu,5.3281
lef1,bioemu,3.3961
lef1,bioemu,5.6666
lef1,bioemu,8.5088
lef1,bioemu,5.3716
lef1,bioemu,6.2226
lef1,bioemu,6.7478
lef1,bioemu,6.0698
lef1,bioemu,5.2618
lef1,bioemu,7.5074
lef1,bioemu,6.8048
lef1,bioemu,4.5498
lef1,bioemu,3.514
lef1,bioemu,8.2489
lef1,bioemu,3.3845
lef1,bioemu,8.5377
lef1,bioemu,7.6531
lef1,bioemu,8.1619
lef1,bioemu,4.3885
lef1,bioemu,2.9554
lef1,bioemu,5.9837
lef1,bioemu,5.6641
lef1,bioemu,3.5506
lef1,bioemu,5.5066
lef1,bioemu,4.455
lef1,bioemu,5.6965
lef1,bioemu,4.4286
lef1,bioemu,8.8742
lef1,bioemu,6.4081
lef1,bioemu,11.195
lef1,bioemu,3.0026
lef1,bioemu,5.1053
lef1,bioemu,6.3369
lef1,bioemu,3.7584
lef1,bioemu,6.2204
lef1,bioemu,3.6079
lef1,bioemu,2.2075
lef1,bioemu,6.2803
lef1,bioemu,6.5611
lef1,bioemu,6.7067
lef1,bioemu,6.1626
lef1,bioemu,5.814
lef1,bioemu,5.7052
lef1,bioemu,4.5946
lef1,bioemu,9.1422
lef1,bioemu,6.6358
lef1,bioemu,5.3697
lef1,bioemu,4.281
lef1,bioemu,3.437
lef1,bioemu,7.4148
lef1,bioemu,5.1892
lef1,bioemu,3.1776
lef1,bioemu,8.0758
lef1,bioemu,2.9784
lef1,bioemu,4.4622
lef1,bioemu,6.9615
lef1,bioemu,6.9875
lef1,bioemu,4.1179
lef1,bioemu,6.2913
lef1,bioemu,7.5056
lef1,bioemu,7.8428
lef1,bioemu,4.3387
lef1,bioemu,6.0286
lef1,bioemu,4.801
lef1,bioemu,4.6184
lef1,bioemu,2.5103
lef1,bioemu,6.6137
lef1,bioemu,3.6066
lef1,bioemu,8.8634
lef1,bioemu,5.5978
lef1,bioemu,6.6532
lef1,bioemu,6.3188
lef1,bioemu,4.3504
lef1,bioemu,3.9685
lef1,bioemu,4.1601
lef1,bioemu,3.0606
lef1,bioemu,7.0609
lef1,bioemu,7.2786
lef1,bioemu,5.4052
lef1,bioemu,7.0735
lef1,bioemu,7.4133
lef1,bioemu,4.8631
lef1,bioemu,9.7878
lef1,bioemu,3.2114
lef1,bioemu,2.9102
lef1,bioemu,5.3077
lef1,bioemu,2.6103
lef1,bioemu,4.5672
lef1,bioemu,4.6604
lef1,bioemu,3.2423
lef1,bioemu,5.1918
lef1,bioemu,5.1188
lef1,bioemu,6.3916
lef1,bioemu,5.7029
lef1,bioemu,6.082
lef1,bioemu,7.5981
lef1,bioemu,4.4977
lef1,bioemu,8.9134
lef1,bioemu,6.2645
lef1,bioemu,5.3761
lef1,bioemu,4.9758
lef1,bioemu,4.4188
lef1,bioemu,5.6198
lef1,bioemu,5.8984
lef1,bioemu,2.6403
lef1,bioemu,10.0048
lef1,bioemu,2.5055
lef1,bioemu,5.323
lef1,bioemu,7.3449
lef1,bioemu,5.6331
lef1,bioemu,4.0153
lef1,bioemu,3.7906
lef1,bioemu,6.8559
lef1,bioemu,5.3727
lef1,bioemu,9.4419
lef1,bioemu,8.9359
lef1,bioemu,5.0106
lef1,bioemu,7.3169
lef1,bioemu,7.0852
lef1,bioemu,4.5092
lef1,bioemu,6.8192
lef1,bioemu,7.5219
lef1,bioemu,7.0736
lef1,bioemu,4.2386
lef1,bioemu,5.1001
lef1,bioemu,6.6707
lef1,bioemu,6.1198
lef1,bioemu,4.6895
lef1,bioemu,4.8332
lef1,bioemu,5.471
lef1,bioemu,4.3174
lef1,bioemu,4.6984
lef1,bioemu,7.9926
lef1,bioemu,6.1618
lef1,bioemu,14.7917
lef1,bioemu,5.1696
lef1,bioemu,8.5318
lef1,bioemu,5.1129
lef1,bioemu,5.5162
lef1,bioemu,6.122
lef1,bioemu,4.5088
lef1,bioemu,6.2025
lef1,bioemu,9.6508
lef1,bioemu,6.2703
lef1,bioemu,4.6558
lef1,bioemu,4.2061
lef1,bioemu,3.4417
lef1,bioemu,4.5073
lef1,bioemu,5.9018
lef1,bioemu,6.9177
lef1,bioemu,4.8507
lef1,bioemu,6.2641
lef1,bioemu,4.0766
lef1,bioemu,3.8093
lef1,bioemu,6.915
lef1,bioemu,4.2736
lef1,bioemu,5.1385
lef1,bioemu,5.3114
lef1,bioemu,6.4389
lef1,bioemu,6.7888
lef1,bioemu,4.5414
lef1,bioemu,4.4476
lef1,bioemu,5.6703
lef1,bioemu,10.268
lef1,bioemu,5.2598
lef1,bioemu,6.369
lef1,bioemu,7.0226
lef1,bioemu,6.8352
lef1,bioemu,7.6907
lef1,bioemu,2.2743
lef1,bioemu,6.4158
lef1,bioemu,5.9952
lef1,bioemu,2.8088
lef1,bioemu,3.605
lef1,bioemu,8.8914
lef1,bioemu,7.7791
lef1,bioemu,4.0213
lef1,bioemu,4.2239
lef1,bioemu,5.6289
lef1,bioemu,7.7883
lef1,bioemu,10.5151
lef1,bioemu,4.8483
lef1,bioemu,9.7087
lef1,bioemu,3.9765
lef1,bioemu,3.7462
lef1,bioemu,12.4302
lef1,bioemu,6.3818
lef1,bioemu,7.2362
lef1,bioemu,3.4228
lef1,bioemu,6.198
lef1,bioemu,3.7272
lef1,bioemu,6.5069
lef1,bioemu,8.3587
lef1,bioemu,9.0011
lef1,bioemu,3.5054
lef1,bioemu,4.4091
lef1,bioemu,4.0013
lef1,bioemu,4.9738
lef1,bioemu,9.0426
lef1,bioemu,6.7806
lef1,bioemu,4.687
lef1,bioemu,4.7663
lef1,bioemu,6.2017
lef1,bioemu,6.8299
lef1,bioemu,7.109
lef1,bioemu,3.5381
lef1,bioemu,6.7423
lef1,bioemu,6.2432
lef1,bioemu,9.5708
lef1,bioemu,7.2313
lef1,bioemu,7.9708
lef1,bioemu,4.4164
lef1,bioemu,5.7624
lef1,bioemu,8.8831
lef1,bioemu,2.931
lef1,bioemu,5.9196
lef1,bioemu,5.3491
lef1,bioemu,4.3095
lef1,bioemu,5.0148
lef1,bioemu,3.9054
lef1,bioemu,3.5683
lef1,bioemu,7.2689
lef1,bioemu,4.0585
lef1,bioemu,3.7956
lef1,bioemu,6.7105
lef1,bioemu,4.9797
lef1,bioemu,3.2318
lef1,bioemu,3.229
lef1,bioemu,2.6025
lef1,bioemu,6.6542
lef1,bioemu,8.0766
lef1,bioemu,4.375
lef1,bioemu,7.3975
lef1,bioemu,4.9356
lef1,bioemu,3.9116
lef1,bioemu,12.0275
lef1,bioemu,3.2244
lef1,bioemu,5.2319
lef1,bioemu,3.2498
lef1,bioemu,3.0668
lef1,bioemu,2.5563
lef1,bioemu,4.6176
lef1,bioemu,5.2244
lef1,bioemu,7.4334
lef1,bioemu,3.5803
lef1,bioemu,3.9194
lef1,bioemu,3.5257
lef1,bioemu,4.1534
lef1,bioemu,7.9143
lef1,bioemu,4.0606
lef1,bioemu,6.7735
lef1,bioemu,3.8691
lef1,bioemu,4.5115
lef1,bioemu,4.3183
lef1,bioemu,4.2968
lef1,bioemu,3.0854
lef1,bioemu,4.6467
lef1,bioemu,3.523
lef1,bioemu,9.0714
lef1,bioemu,3.8835
lef1,bioemu,6.185
lef1,bioemu,2.2115
lef1,bioemu,6.894
lef1,bioemu,4.8876
lef1,bioemu,7.2566
lef1,bioemu,7.4513
lef1,bioemu,5.2497
lef1,bioemu,6.5227
lef1,bioemu,4.3968
lef1,bioemu,4.6114
lef1,bioemu,4.3218
lef1,bioemu,4.9251
lef1,bioemu,4.9602
lef1,bioemu,5.4721
lef1,bioemu,5.0916
lef1,bioemu,4.4277
lef1,bioemu,4.458
lef1,bioemu,3.9055
lef1,bioemu,4.5761
lef1,bioemu,6.9559
lef1,bioemu,2.7447
lef1,bioemu,6.2485
lef1,bioemu,5.6001
lef1,bioemu,3.779
lef1,bioemu,13.5195
lef1,bioemu,4.4704
lef1,bioemu,7.3972
lef1,bioemu,3.0222
lef1,bioemu,5.1559
lef1,bioemu,4.1907
lef1,bioemu,3.8934
lef1,bioemu,6.6214
lef1,bioemu,8.5111
lef1,bioemu,3.6277
lef1,bioemu,3.5928
lef1,bioemu,2.5165
lef1,bioemu,2.732
lef1,bioemu,5.3334
lef1,bioemu,5.2864
lef1,bioemu,3.9817
lef1,bioemu,4.2194
lef1,bioemu,5.0427
lef1,bioemu,4.6315
lef1,bioemu,4.6091
lef1,bioemu,4.8022
lef1,bioemu,4.7855
lef1,bioemu,4.799
lef1,bioemu,6.1434
lef1,bioemu,5.9316
lef1,bioemu,6.0563
lef1,bioemu,6.7483
lef1,bioemu,5.9972
lef1,bioemu,8.4132
lef1,bioemu,8.6184
lef1,bioemu,6.1503
lef1,bioemu,7.5399
lef1,bioemu,5.7423
lef1,bioemu,5.3125
lef1,bioemu,4.1178
lef1,bioemu,6.304
lef1,bioemu,6.2031
lef1,bioemu,5.0992
lef1,bioemu,5.6196
lef1,bioemu,5.8583
lef1,bioemu,5.5703
lef1,bioemu,5.0277
lef1,bioemu,4.0259
lef1,bioemu,6.379
lef1,bioemu,3.8202
lef1,bioemu,5.5796
lef1,bioemu,6.6955
lef1,bioemu,5.256
lef1,bioemu,14.6177
lef1,bioemu,5.3882
lef1,bioemu,8.6451
lef1,bioemu,4.4344
lef1,bioemu,6.3053
lef1,bioemu,5.6627
lef1,bioemu,4.1501
lef1,bioemu,7.2215
lef1,bioemu,9.5629
lef1,bioemu,5.0073
lef1,bioemu,4.2294
lef1,bioemu,3.5309
lef1,bioemu,3.1076
lef1,bioemu,4.7094
lef1,bioemu,6.0742
lef1,bioemu,4.3903
lef1,bioemu,4.8692
lef1,bioemu,5.4225
lef1,bioemu,4.9701
lef1,bioemu,5.0218
lef1,bioemu,6.2852
lef1,bioemu,4.9871
lef1,bioemu,5.6852
lef1,bioemu,5.0192
lef1,bioemu,7.0028
lef1,bioemu,6.4519
lef1,bioemu,9.222
lef1,bioemu,9.1861
lef1,bioemu,10.0054
lef1,bioemu,7.3982
lef1,bioemu,6.6443
lef1,bioemu,10.0813
lef1,bioemu,7.8128
lef1,bioemu,6.9876
lef1,bioemu,10.0218
lef1,bioemu,10.3485
lef1,bioemu,5.877
lef1,bioemu,5.1551
lef1,bioemu,8.4556
lef1,bioemu,9.4165
lef1,bioemu,7.4457
lef1,bioemu,5.3913
lef1,bioemu,5.2413
lef1,bioemu,6.802
lef1,bioemu,6.2356
lef1,bioemu,10.8387
lef1,bioemu,8.1213
lef1,bioemu,12.714
lef1,bioemu,6.7235
lef1,bioemu,8.5434
lef1,bioemu,8.3229
lef1,bioemu,8.0821
lef1,bioemu,8.9927
lef1,bioemu,6.4381
lef1,bioemu,7.0244
lef1,bioemu,7.4873
lef1,bioemu,8.1358
lef1,bioemu,9.2856
lef1,bioemu,8.3233
lef1,bioemu,8.2005
lef1,bioemu,4.3939
lef1,bioemu,7.2248
lef1,bioemu,7.7988
lef1,bioemu,9.7637
lef1,bioemu,8.5393
lef1,bioemu,8.2391
lef1,bioemu,7.4074
lef1,bioemu,9.7361
lef1,bioemu,8.7577
lef1,bioemu,7.6085
lef1,bioemu,6.0362
lef1,bioemu,7.0388
lef1,bioemu,5.9801
lef1,bioemu,7.5611
lef1,bioemu,6.0076
lef1,bioemu,4.8562
lef1,bioemu,5.6754
lef1,bioemu,5.3711
lef1,bioemu,3.0433
lef1,bioemu,8.3249
lef1,bioemu,5.1054
lef1,bioemu,5.637
lef1,bioemu,6.4232
lef1,bioemu,5.5326
lef1,bioemu,4.4467
lef1,bioemu,3.1216
lef1,bioemu,3.0797
lef1,bioemu,7.3403
lef1,bioemu,7.7119
lef1,bioemu,4.4475
lef1,bioemu,6.8307
lef1,bioemu,6.7326
lef1,bioemu,4.6764
lef1,bioemu,12.2431
lef1,bioemu,4.1124
lef1,bioemu,5.6791
lef1,bioemu,3.8823
lef1,bioemu,3.0493
lef1,bioemu,3.6631
lef1,bioemu,4.783
lef1,bioemu,4.9587
lef1,bioemu,7.9523
lef1,bioemu,4.8447
lef1,bioemu,3.6497
lef1,bioemu,3.8438
lef1,bioemu,3.8376
lef1,bioemu,7.6663
lef1,bioemu,5.5647
lef1,bioemu,7.5165
lef1,bioemu,2.9806
lef1,bioemu,5.1562
lef1,bioemu,3.4718
lef1,bioemu,3.6953
lef1,bioemu,4.5896
lef1,bioemu,3.6242
lef1,bioemu,3.1103
lef1,bioemu,9.2758
lef1,bioemu,4.5467
lef1,bioemu,6.6765
lef1,bioemu,5.9046
lef1,bioemu,6.686
lef1,bioemu,5.4754
lef1,bioemu,6.1194
lef1,bioemu,7.8367
lef1,bioemu,6.9205
lef1,bioemu,5.8091
lef1,bioemu,5.808
lef1,bioemu,9.2453
lef1,bioemu,6.8278
lef1,bioemu,5.1852
lef1,bioemu,6.9378
lef1,bioemu,6.4081
lef1,bioemu,7.5472
lef1,bioemu,10.2591
lef1,bioemu,7.1691
lef1,bioemu,10.2597
lef1,bioemu,5.7694
lef1,bioemu,6.0607
lef1,bioemu,10.079
lef1,bioemu,5.7421
lef1,bioemu,5.0585
lef1,bioemu,6.7041
lef1,bioemu,7.0847
lef1,bioemu,6.0844
lef1,bioemu,6.936
lef1,bioemu,7.1959
lef1,bioemu,6.3015
lef1,bioemu,5.7954
lef1,bioemu,8.2282
lef1,bioemu,7.6542
lef1,bioemu,8.4489
lef1,bioemu,9.6643
lef1,bioemu,4.7652
lef1,bioemu,7.7061
lef1,bioemu,8.5587
lef1,bioemu,6.2547
lef1,bioemu,8.9543
lef1,bioemu,8.4676
lef1,bioemu,5.4544
lef1,bioemu,9.3841
lef1,bioemu,7.0258
lef1,bioemu,10.7631
lef1,bioemu,5.6699
lef1,bioemu,5.7801
lef1,bioemu,6.5234
lef1,bioemu,5.7607
lef1,bioemu,6.8893
lef1,bioemu,6.3997
lef1,bioemu,9.0164
lef1,bioemu,5.951
lef1,bioemu,6.8123
lef1,bioemu,8.5124
lef1,bioemu,7.174
lef1,bioemu,5.153
lef1,bioemu,5.4422
lef1,bioemu,5.3944
lef1,bioemu,8.7061
lef1,bioemu,9.5139
lef1,bioemu,7.2851
lef1,bioemu,9.2791
lef1,bioemu,6.7174
lef1,bioemu,6.324
lef1,bioemu,9.5823
lef1,bioemu,5.4188
lef1,bioemu,4.9239
lef1,bioemu,6.7545
lef1,bioemu,5.7168
lef1,bioemu,5.9106
lef1,bioemu,6.5491
lef1,bioemu,6.1948
lef1,bioemu,6.6557
lef1,bioemu,6.1201
lef1,bioemu,7.1437
lef1,bioemu,6.9068
lef1,bioemu,7.6224
lef1,bioemu,9.9746
lef1,bioemu,5.9221
lef1,bioemu,9.6319
lef1,bioemu,7.0016
lef1,bioemu,5.6295
lef1,bioemu,7.1429
lef1,bioemu,6.7045
lef1,bioemu,5.9903
lef1,bioemu,7.3839
lef1,bioemu,5.6339
lef1,bioemu,11.5745
lef1,bioemu,5.5466
lef1,bioemu,6.928
lef1,bioemu,5.1721
lef1,bioemu,6.571
lef1,bioemu,4.4665
lef1,bioemu,7.3824
lef1,bioemu,6.2349
lef1,bioemu,6.3425
lef1,bioemu,5.6021
lef1,bioemu,4.6537
lef1,bioemu,5.2795
lef1,bioemu,5.3822
lef1,bioemu,3.7513
lef1,bioemu,5.6422
lef1,bioemu,6.784
lef1,bioemu,4.8713
lef1,bioemu,6.4416
lef1,bioemu,7.1343
lef1,bioemu,5.3296
lef1,bioemu,12.2165
lef1,bioemu,3.7978
lef1,bioemu,5.6487
lef1,bioemu,4.9376
lef1,bioemu,4.4307
lef1,bioemu,5.2063
lef1,bioemu,4.5311
lef1,bioemu,4.2836
lef1,bioemu,7.5195
lef1,bioemu,5.5498
lef1,bioemu,5.361
lef1,bioemu,5.017
lef1,bioemu,5.2779
lef1,bioemu,6.3198
lef1,bioemu,4.236
lef1,bioemu,7.7824
lef1,bioemu,5.6526
lef1,bioemu,5.5959
lef1,bioemu,5.19
lef1,bioemu,4.4197
lef1,bioemu,5.8246
lef1,bioemu,5.5517
lef1,bioemu,4.2571
lef1,bioemu,7.7142
lef1,bioemu,4.3094
lef1,bioemu,5.3356
lef1,bioemu,7.2196
lef1,bioemu,4.7005
lef1,bioemu,8.2816
lef1,bioemu,6.3659
lef1,bioemu,7.213
lef1,bioemu,6.4605
lef1,bioemu,3.3175
lef1,bioemu,4.4302
lef1,bioemu,5.5473
lef1,bioemu,4.0967
lef1,bioemu,6.3701
lef1,bioemu,6.9445
lef1,bioemu,5.6107
lef1,bioemu,7.1633
lef1,bioemu,7.9577
lef1,bioemu,5.1658
lef1,bioemu,9.7462
lef1,bioemu,3.4947
lef1,bioemu,2.9011
lef1,bioemu,5.9764
lef1,bioemu,3.8029
lef1,bioemu,5.164
lef1,bioemu,5.0087
lef1,bioemu,3.7545
lef1,bioemu,3.9323
lef1,bioemu,5.5438
lef1,bioemu,7.5328
lef1,bioemu,6.6494
lef1,bioemu,6.9484
lef1,bioemu,7.0748
lef1,bioemu,4.156
lef1,bioemu,8.6118
lef1,bioemu,7.5416
lef1,bioemu,5.8279
lef1,bioemu,6.1291
lef1,bioemu,5.4876
lef1,bioemu,6.1089
lef1,bioemu,7.0666
lef1,bioemu,3.8779
lef1,bioemu,9.5704
lef1,bioemu,2.1807
lef1,bioemu,4.3636
lef1,bioemu,6.1642
lef1,bioemu,6.2297
lef1,bioemu,2.5245
lef1,bioemu,2.1208
lef1,bioemu,8.7135
lef1,bioemu,7.3574
lef1,bioemu,3.4417
lef1,bioemu,4.3506
lef1,bioemu,5.1808
lef1,bioemu,7.4996
lef1,bioemu,10.461
lef1,bioemu,4.7904
lef1,bioemu,9.6601
lef1,bioemu,3.0668
lef1,bioemu,3.5352
lef1,bioemu,12.7258
lef1,bioemu,5.9218
lef1,bioemu,7.0484
lef1,bioemu,3.3328
lef1,bioemu,5.8231
lef1,bioemu,3.1973
lef1,bioemu,6.4291
lef1,bioemu,8.2409
lef1,bioemu,8.801
lef1,bioemu,2.8482
lef1,bioemu,4.5807
lef1,bioemu,3.8746
lef1,bioemu,4.9858
lef1,bioemu,9.0619
lef1,bioemu,6.0485
lef1,bioemu,4.9361
lef1,bioemu,5.0419
lef1,bioemu,6.1157
lef1,bioemu,6.6904
lef1,bioemu,6.9216
lef1,bioemu,2.468
lef1,bioemu,6.7918
lef1,bioemu,6.0819
lef1,bioemu,9.5269
lef1,bioemu,6.7692
lef1,bioemu,8.0519
lef1,bioemu,8.0558
lef1,bioemu,5.8094
lef1,bioemu,6.315
lef1,bioemu,4.7725
lef1,bioemu,4.0005
lef1,bioemu,4.5114
lef1,bioemu,3.2168
lef1,bioemu,2.0645
lef1,bioemu,5.9711
lef1,bioemu,5.9711
lef1,bioemu,4.1933
lef1,bioemu,5.119
lef1,bioemu,7.3217
lef1,bioemu,4.7544
lef1,bioemu,12.0752
lef1,bioemu,3.1205
lef1,bioemu,5.5636
lef1,bioemu,4.1797
lef1,bioemu,2.1483
lef1,bioemu,4.156
lef1,bioemu,3.457
lef1,bioemu,3.8427
lef1,bioemu,7.5476
lef1,bioemu,4.8519
lef1,bioemu,4.3516
lef1,bioemu,3.7208
lef1,bioemu,3.4423
lef1,bioemu,6.1861
lef1,bioemu,4.9668
lef1,bioemu,7.8389
lef1,bioemu,3.9727
lef1,bioemu,4.7568
lef1,bioemu,2.0544
lef1,bioemu,2.0885
lef1,bioemu,5.6549
lef1,bioemu,3.1176
lef1,bioemu,1.9259
lef1,bioemu,8.294
lef1,bioemu,3.7843
lef1,bioemu,5.994
lef1,bioemu,6.8475
lef1,bioemu,6.5609
lef1,bioemu,7.4029
lef1,bioemu,7.0374
lef1,bioemu,6.7233
lef1,bioemu,7.5129
lef1,bioemu,7.0563
lef1,bioemu,4.757
lef1,bioemu,8.418
lef1,bioemu,5.6953
lef1,bioemu,8.1906
lef1,bioemu,6.2885
lef1,bioemu,6.23
lef1,bioemu,13.9244
lef1,bioemu,6.7935
lef1,bioemu,9.1575
lef1,bioemu,6.0357
lef1,bioemu,8.446
lef1,bioemu,7.0957
lef1,bioemu,6.041
lef1,bioemu,8.8218
lef1,bioemu,9.3617
lef1,bioemu,5.8259
lef1,bioemu,6.6799
lef1,bioemu,5.9355
lef1,bioemu,6.254
lef1,bioemu,6.5673
lef1,bioemu,6.4634
lef1,bioemu,3.9664
lef1,bioemu,7.4256
lef1,bioemu,6.4916
lef1,bioemu,8.153
lef1,bioemu,7.8778
lef1,bioemu,6.9586
lef1,bioemu,8.1218
lef1,bioemu,7.9231
lef1,bioemu,6.1247
lef1,bioemu,8.1549
lef1,bioemu,6.578
lef1,bioemu,3.5589
lef1,bioemu,8.5921
lef1,bioemu,7.1712
lef1,bioemu,2.6658
lef1,bioemu,3.5303
lef1,bioemu,4.8788
lef1,bioemu,7.8164
lef1,bioemu,10.2592
lef1,bioemu,4.8375
lef1,bioemu,9.61
lef1,bioemu,3.8736
lef1,bioemu,3.093
lef1,bioemu,11.3993
lef1,bioemu,5.647
lef1,bioemu,5.8003
lef1,bioemu,3.2745
lef1,bioemu,5.1476
lef1,bioemu,3.1199
lef1,bioemu,6.2755
lef1,bioemu,7.4594
lef1,bioemu,7.6219
lef1,bioemu,2.8425
lef1,bioemu,4.9144
lef1,bioemu,4.2364
lef1,bioemu,5.3837
lef1,bioemu,9.1055
lef1,bioemu,6.0657
lef1,bioemu,5.9083
lef1,bioemu,5.4808
lef1,bioemu,5.9492
lef1,bioemu,6.6118
lef1,bioemu,6.6868
lef1,bioemu,3.4219
lef1,bioemu,6.9033
lef1,bioemu,5.398
lef1,bioemu,10.1956
lef1,bioemu,6.2354
lef1,bioemu,7.5517
lef1,bioemu,8.6389
lef1,bioemu,7.2787
lef1,bioemu,3.9878
lef1,bioemu,4.8482
lef1,bioemu,5.1977
lef1,bioemu,7.476
lef1,bioemu,10.4322
lef1,bioemu,5.3926
lef1,bioemu,9.6694
lef1,bioemu,2.6541
lef1,bioemu,4.3514
lef1,bioemu,13.0145
lef1,bioemu,5.7301
lef1,bioemu,7.0417
lef1,bioemu,4.007
lef1,bioemu,5.9024
lef1,bioemu,3.64
lef1,bioemu,6.5402
lef1,bioemu,8.0097
lef1,bioemu,8.9569
lef1,bioemu,3.6855
lef1,bioemu,4.9522
lef1,bioemu,4.3771
lef1,bioemu,5.4246
lef1,bioemu,9.3369
lef1,bioemu,5.37
lef1,bioemu,5.8905
lef1,bioemu,5.4074
lef1,bioemu,5.8209
lef1,bioemu,6.7699
lef1,bioemu,6.9268
lef1,bioemu,2.712
lef1,bioemu,6.965
lef1,bioemu,6.1793
lef1,bioemu,9.7297
lef1,bioemu,6.5734
lef1,bioemu,8.0063
lef1,bioemu,4.5729
lef1,bioemu,7.248
lef1,bioemu,6.6986
lef1,bioemu,4.7531
lef1,bioemu,4.3539
lef1,bioemu,3.3199
lef1,bioemu,5.8587
lef1,bioemu,2.7769
lef1,bioemu,9.1005
lef1,bioemu,7.4362
lef1,bioemu,13.9226
lef1,bioemu,4.6342
lef1,bioemu,7.9001
lef1,bioemu,6.8144
lef1,bioemu,5.9219
lef1,bioemu,7.5551
lef1,bioemu,3.6156
lef1,bioemu,4.9695
lef1,bioemu,8.9475
lef1,bioemu,7.214
lef1,bioemu,6.1515
lef1,bioemu,5.9175
lef1,bioemu,5.1894
lef1,bioemu,4.0197
lef1,bioemu,5.5853
lef1,bioemu,8.5016
lef1,bioemu,6.4651
lef1,bioemu,5.2405
lef1,bioemu,4.2062
lef1,bioemu,3.5406
lef1,bioemu,8.4027
lef1,bioemu,4.834
lef1,bioemu,4.8995
lef1,bioemu,5.4589
lef1,bioemu,5.9981
lef1,bioemu,5.5925
lef1,bioemu,5.2515
lef1,bioemu,5.9599
lef1,bioemu,3.661
lef1,bioemu,4.4136
lef1,bioemu,4.8726
lef1,bioemu,4.5955
lef1,bioemu,5.0411
lef1,bioemu,8.1404
lef1,bioemu,5.4774
lef1,bioemu,11.9226
lef1,bioemu,3.0171
lef1,bioemu,5.3547
lef1,bioemu,5.6103
lef1,bioemu,4.1549
lef1,bioemu,5.4421
lef1,bioemu,3.7378
lef1,bioemu,3.8696
lef1,bioemu,5.9664
lef1,bioemu,5.6598
lef1,bioemu,6.5735
lef1,bioemu,5.7358
lef1,bioemu,5.515
lef1,bioemu,5.0107
lef1,bioemu,3.7224
lef1,bioemu,7.5408
lef1,bioemu,6.6703
lef1,bioemu,5.409
lef1,bioemu,4.8843
lef1,bioemu,4.2479
lef1,bioemu,6.4095
lef1,bioemu,5.799
lef1,bioemu,3.8808
lef1,bioemu,7.085
lef1,bioemu,2.8448
lef1,bioemu,3.8498
lef1,bioemu,3.1423
lef1,bioemu,3.4811
lef1,bioemu,6.7093
lef1,bioemu,8.7584
lef1,bioemu,3.9106
lef1,bioemu,8.3697
lef1,bioemu,4.7951
lef1,bioemu,2.3985
lef1,bioemu,10.8923
lef1,bioemu,4.0902
lef1,bioemu,4.3475
lef1,bioemu,3.1093
lef1,bioemu,3.7099
lef1,bioemu,2.31
lef1,bioemu,5.02
lef1,bioemu,5.9671
lef1,bioemu,6.1364
lef1,bioemu,2.2164
lef1,bioemu,4.9998
lef1,bioemu,4.0753
lef1,bioemu,5.0123
lef1,bioemu,7.836
lef1,bioemu,4.6945
lef1,bioemu,6.0859
lef1,bioemu,5.3451
lef1,bioemu,5.1533
lef1,bioemu,5.6118
lef1,bioemu,5.5122
lef1,bioemu,3.1258
lef1,bioemu,6.1844
lef1,bioemu,3.9804
lef1,bioemu,9.4799
lef1,bioemu,4.3988
lef1,bioemu,6.1166
lef1,bioemu,3.1544
lef1,bioemu,7.1822
lef1,bioemu,8.2495
lef1,bioemu,4.3146
lef1,bioemu,7.4152
lef1,bioemu,5.6068
lef1,bioemu,3.5483
lef1,bioemu,11.4193
lef1,bioemu,4.2727
lef1,bioemu,5.3907
lef1,bioemu,3.0724
lef1,bioemu,3.0892
lef1,bioemu,2.9688
lef1,bioemu,4.6332
lef1,bioemu,5.5106
lef1,bioemu,7.7122
lef1,bioemu,3.4963
lef1,bioemu,3.6687
lef1,bioemu,3.0652
lef1,bioemu,3.8177
lef1,bioemu,7.8162
lef1,bioemu,5.6786
lef1,bioemu,6.9621
lef1,bioemu,3.528
lef1,bioemu,4.6193
lef1,bioemu,3.9265
lef1,bioemu,4.2416
lef1,bioemu,4.4826
lef1,bioemu,4.2977
lef1,bioemu,3.1921
lef1,bioemu,9.5856
lef1,bioemu,5.051
lef1,bioemu,6.9344
lef1,bioemu,5.3186
lef1,bioemu,6.2276
lef1,bioemu,3.8574
lef1,bioemu,5.5107
lef1,bioemu,5.9648
lef1,bioemu,4.132
lef1,bioemu,11.912
lef1,bioemu,1.7881
lef1,bioemu,4.9383
lef1,bioemu,3.742
lef1,bioemu,2.4347
lef1,bioemu,3.5861
lef1,bioemu,2.7746
lef1,bioemu,3.7841
lef1,bioemu,6.9845
lef1,bioemu,3.9232
lef1,bioemu,4.0195
lef1,bioemu,3.4459
lef1,bioemu,3.4843
lef1,bioemu,6.3251
lef1,bioemu,3.5362
lef1,bioemu,7.0842
lef1,bioemu,4.0888
lef1,bioemu,3.7548
lef1,bioemu,2.9437
lef1,bioemu,2.4886
lef1,bioemu,4.4762
lef1,bioemu,3.7508
lef1,bioemu,1.9083
lef1,bioemu,7.9404
lef1,bioemu,3.0633
lef1,bioemu,5.052
lef1,bioemu,5.1584
lef1,bioemu,5.3929
lef1,bioemu,4.7853
lef1,bioemu,7.5787
lef1,bioemu,6.6814
lef1,bioemu,13.9237
lef1,bioemu,4.7692
lef1,bioemu,8.0065
lef1,bioemu,6.4345
lef1,bioemu,6.8975
lef1,bioemu,7.1333
lef1,bioemu,3.7046
lef1,bioemu,6.2643
lef1,bioemu,8.5933
lef1,bioemu,6.3939
lef1,bioemu,6.4423
lef1,bioemu,5.8531
lef1,bioemu,5.417
lef1,bioemu,4.3669
lef1,bioemu,4.6658
lef1,bioemu,6.5941
lef1,bioemu,7.0773
lef1,bioemu,5.2997
lef1,bioemu,6.0729
lef1,bioemu,5.4602
lef1,bioemu,7.4177
lef1,bioemu,6.4223
lef1,bioemu,6.1204
lef1,bioemu,4.4952
lef1,bioemu,6.1332
lef1,bioemu,4.6725
lef1,bioemu,7.2063
lef1,bioemu,2.1837
lef1,bioemu,10.8833
lef1,bioemu,8.8606
lef1,bioemu,13.8534
lef1,bioemu,5.6883
lef1,bioemu,8.662
lef1,bioemu,8.4098
lef1,bioemu,7.0164
lef1,bioemu,8.9631
lef1,bioemu,4.7282
lef1,bioemu,5.2534
lef1,bioemu,8.925
lef1,bioemu,8.9025
lef1,bioemu,7.8514
lef1,bioemu,7.6813
lef1,bioemu,6.7164
lef1,bioemu,4.3528
lef1,bioemu,6.7991
lef1,bioemu,9.6311
lef1,bioemu,7.9725
lef1,bioemu,6.6679
lef1,bioemu,5.561
lef1,bioemu,4.8897
lef1,bioemu,10.0221
lef1,bioemu,5.9329
lef1,bioemu,6.1271
lef1,bioemu,6.0101
lef1,bioemu,6.4981
lef1,bioemu,5.6357
lef1,bioemu,6.7813
lef1,bioemu,6.4846
lef1,bioemu,2.6527
lef1,bioemu,12.5168
lef1,bioemu,4.5573
lef1,bioemu,6.3459
lef1,bioemu,2.7883
lef1,bioemu,4.2328
lef1,bioemu,3.4541
lef1,bioemu,4.4287
lef1,bioemu,6.025
lef1,bioemu,7.2494
lef1,bioemu,3.6302
lef1,bioemu,4.6444
lef1,bioemu,3.0656
lef1,bioemu,3.3521
lef1,bioemu,5.3529
lef1,bioemu,5.3546
lef1,bioemu,4.8451
lef1,bioemu,4.7804
lef1,bioemu,6.0106
lef1,bioemu,4.8101
lef1,bioemu,4.7
lef1,bioemu,4.694
lef1,bioemu,5.4036
lef1,bioemu,4.061
lef1,bioemu,7.2325
lef1,bioemu,5.1103
lef1,bioemu,5.9519
lef1,bioemu,10.106
lef1,bioemu,8.4699
lef1,bioemu,14.3941
lef1,bioemu,5.2915
lef1,bioemu,8.8083
lef1,bioemu,7.7367
lef1,bioemu,6.5905
lef1,bioemu,8.4133
lef1,bioemu,4.0303
lef1,bioemu,5.2242
lef1,bioemu,9.7
lef1,bioemu,8.3126
lef1,bioemu,6.6815
lef1,bioemu,6.6932
lef1,bioemu,5.5627
lef1,bioemu,4.4416
lef1,bioemu,6.5816
lef1,bioemu,9.2342
lef1,bioemu,6.7552
lef1,bioemu,5.9202
lef1,bioemu,4.3814
lef1,bioemu,3.8476
lef1,bioemu,9.3431
lef1,bioemu,4.6311
lef1,bioemu,5.5758
lef1,bioemu,5.6746
lef1,bioemu,6.5138
lef1,bioemu,5.9974
lef1,bioemu,5.4045
lef1,bioemu,12.9106
lef1,bioemu,6.3211
lef1,bioemu,7.7084
lef1,bioemu,5.1773
lef1,bioemu,7.0774
lef1,bioemu,5.0764
lef1,bioemu,6.8585
lef1,bioemu,8.7467
lef1,bioemu,9.4824
lef1,bioemu,4.481
lef1,bioemu,5.5574
lef1,bioemu,5.2726
lef1,bioemu,6.2734
lef1,bioemu,10.0493
lef1,bioemu,5.779
lef1,bioemu,6.4293
lef1,bioemu,6.2468
lef1,bioemu,5.6495
lef1,bioemu,7.6566
lef1,bioemu,7.672
lef1,bioemu,3.9376
lef1,bioemu,7.6959
lef1,bioemu,7.1199
lef1,bioemu,9.94
lef1,bioemu,7.4806
lef1,bioemu,8.1408
lef1,bioemu,11.2345
lef1,bioemu,4.8681
lef1,bioemu,5.3488
lef1,bioemu,2.2815
lef1,bioemu,3.9986
lef1,bioemu,2.1106
lef1,bioemu,5.4349
lef1,bioemu,6.5036
lef1,bioemu,6.4898
lef1,bioemu,2.4666
lef1,bioemu,5.1326
lef1,bioemu,3.4836
lef1,bioemu,4.588
lef1,bioemu,7.2183
lef1,bioemu,5.5289
lef1,bioemu,5.1836
lef1,bioemu,5.3181
lef1,bioemu,6.2123
lef1,bioemu,5.8001
lef1,bioemu,5.769
lef1,bioemu,3.5808
lef1,bioemu,6.3983
lef1,bioemu,4.3733
lef1,bioemu,9.0764
lef1,bioemu,5.0854
lef1,bioemu,6.5775
lef1,bioemu,11.7682
lef1,bioemu,8.8598
lef1,bioemu,12.2996
lef1,bioemu,11.0658
lef1,bioemu,11.6597
lef1,bioemu,12.6279
lef1,bioemu,10.8618
lef1,bioemu,8.5072
lef1,bioemu,11.6522
lef1,bioemu,13.9706
lef1,bioemu,13.1828
lef1,bioemu,14.0736
lef1,bioemu,13.8719
lef1,bioemu,12.1707
lef1,bioemu,14.2847
lef1,bioemu,13.7392
lef1,bioemu,12.7858
lef1,bioemu,13.3588
lef1,bioemu,12.9332
lef1,bioemu,12.3336
lef1,bioemu,13.8637
lef1,bioemu,11.3589
lef1,bioemu,16.6543
lef1,bioemu,10.7049
lef1,bioemu,11.7069
lef1,bioemu,4.6885
lef1,bioemu,4.6441
lef1,bioemu,3.2472
lef1,bioemu,4.4021
lef1,bioemu,2.5426
lef1,bioemu,3.3687
lef1,bioemu,6.3827
lef1,bioemu,4.607
lef1,bioemu,5.0515
lef1,bioemu,4.5692
lef1,bioemu,4.513
lef1,bioemu,6.1441
lef1,bioemu,2.6937
lef1,bioemu,7.3465
lef1,bioemu,5.1708
lef1,bioemu,3.3875
lef1,bioemu,3.8983
lef1,bioemu,3.1789
lef1,bioemu,5.0391
lef1,bioemu,4.5818
lef1,bioemu,2.6833
lef1,bioemu,7.6884
lef1,bioemu,2.4439
lef1,bioemu,3.9907
lef1,bioemu,6.2023
lef1,bioemu,4.4001
lef1,bioemu,5.1966
lef1,bioemu,6.2213
lef1,bioemu,4.5748
lef1,bioemu,4.0577
lef1,bioemu,5.8174
lef1,bioemu,7.7663
lef1,bioemu,7.1617
lef1,bioemu,7.6921
lef1,bioemu,8.7571
lef1,bioemu,5.1828
lef1,bioemu,9.2203
lef1,bioemu,7.6771
lef1,bioemu,6.3092
lef1,bioemu,7.0053
lef1,bioemu,6.5354
lef1,bioemu,5.9146
lef1,bioemu,7.7801
lef1,bioemu,4.5803
lef1,bioemu,11.1988
lef1,bioemu,3.4317
lef1,bioemu,5.4722
lef1,bioemu,3.887
lef1,bioemu,2.4418
lef1,bioemu,5.0159
lef1,bioemu,6.3555
lef1,bioemu,7.772
lef1,bioemu,2.559
lef1,bioemu,3.6393
lef1,bioemu,2.2856
lef1,bioemu,3.4751
lef1,bioemu,6.9153
lef1,bioemu,5.4829
lef1,bioemu,4.9734
lef1,bioemu,4.013
lef1,bioemu,5.6368
lef1,bioemu,4.8321
lef1,bioemu,4.9938
lef1,bioemu,3.7459
lef1,bioemu,5.2249
lef1,bioemu,4.2596
lef1,bioemu,8.3068
lef1,bioemu,5.4688
lef1,bioemu,6.8
lef1,bioemu,3.3189
lef1,bioemu,4.5281
lef1,bioemu,3.8297
lef1,bioemu,6.3179
lef1,bioemu,4.4767
lef1,bioemu,5.082
lef1,bioemu,4.1732
lef1,bioemu,4.5606
lef1,bioemu,7.1008
lef1,bioemu,4.8048
lef1,bioemu,7.9966
lef1,bioemu,4.8366
lef1,bioemu,5.3528
lef1,bioemu,3.5085
lef1,bioemu,3.3974
lef1,bioemu,5.0792
lef1,bioemu,4.5204
lef1,bioemu,1.9414
lef1,bioemu,9.4186
lef1,bioemu,3.1286
lef1,bioemu,6.0862
lef1,bioemu,5.4702
lef1,bioemu,6.2293
lef1,bioemu,6.9502
lef1,bioemu,2.7726
lef1,bioemu,4.5118
lef1,bioemu,3.3545
lef1,bioemu,4.3297
lef1,bioemu,8.018
lef1,bioemu,5.144
lef1,bioemu,5.908
lef1,bioemu,4.4515
lef1,bioemu,5.6625
lef1,bioemu,5.1395
lef1,bioemu,5.3308
lef1,bioemu,2.6777
lef1,bioemu,5.6495
lef1,bioemu,3.9863
lef1,bioemu,9.5799
lef1,bioemu,4.5878
lef1,bioemu,6.8138
lef1,bioemu,4.2269
lef1,bioemu,7.6928
lef1,bioemu,5.1651
lef1,bioemu,4.6964
lef1,bioemu,4.3374
lef1,bioemu,3.7103
lef1,bioemu,4.8996
lef1,bioemu,4.0149
lef1,bioemu,6.8843
lef1,bioemu,4.9401
lef1,bioemu,3.4422
lef1,bioemu,3.5918
lef1,bioemu,2.9268
lef1,bioemu,6.1207
lef1,bioemu,4.0622
lef1,bioemu,3.349
lef1,bioemu,6.3043
lef1,bioemu,4.2689
lef1,bioemu,4.116
lef1,bioemu,6.1549
lef1,bioemu,6.7466
lef1,bioemu,6.627
lef1,bioemu,6.3634
lef1,bioemu,6.196
lef1,bioemu,6.4569
lef1,bioemu,4.6211
lef1,bioemu,9.5426
lef1,bioemu,6.5815
lef1,bioemu,5.2074
lef1,bioemu,4.6206
lef1,bioemu,3.9083
lef1,bioemu,7.3543
lef1,bioemu,5.4054
lef1,bioemu,3.2355
lef1,bioemu,8.7807
lef1,bioemu,3.0557
lef1,bioemu,4.4654
lef1,bioemu,7.4258
lef1,bioemu,9.9929
lef1,bioemu,8.9507
lef1,bioemu,9.3961
lef1,bioemu,8.7697
lef1,bioemu,6.571
lef1,bioemu,9.5247
lef1,bioemu,9.9686
lef1,bioemu,8.2404
lef1,bioemu,8.9355
lef1,bioemu,8.3535
lef1,bioemu,7.8542
lef1,bioemu,9.8224
lef1,bioemu,6.5953
lef1,bioemu,11.3657
lef1,bioemu,4.9999
lef1,bioemu,5.871
lef1,bioemu,4.4638
lef1,bioemu,3.257
lef1,bioemu,4.5801
lef1,bioemu,7.4595
lef1,bioemu,5.2605
lef1,bioemu,4.9594
lef1,bioemu,5.0299
lef1,bioemu,5.5472
lef1,bioemu,5.6953
lef1,bioemu,5.6688
lef1,bioemu,3.2033
lef1,bioemu,6.1005
lef1,bioemu,4.6621
lef1,bioemu,8.7485
lef1,bioemu,5.3974
lef1,bioemu,6.8391
lef1,bioemu,2.5051
lef1,bioemu,2.7188
lef1,bioemu,7.326
lef1,bioemu,6.1385
lef1,bioemu,6.0111
lef1,bioemu,2.1563
lef1,bioemu,4.8375
lef1,bioemu,3.8423
lef1,bioemu,4.2416
lef1,bioemu,4.9291
lef1,bioemu,3.3043
lef1,bioemu,4.8105
lef1,bioemu,7.6311
lef1,bioemu,6.5616
lef1,bioemu,7.4652
lef1,bioemu,2.1218
lef1,bioemu,6.5104
lef1,bioemu,5.5889
lef1,bioemu,5.283
lef1,bioemu,2.9307
lef1,bioemu,5.067
lef1,bioemu,3.7187
lef1,bioemu,4.017
lef1,bioemu,4.3897
lef1,bioemu,3.9213
lef1,bioemu,4.1458
lef1,bioemu,7.4586
lef1,bioemu,5.9169
lef1,bioemu,7.0878
lef1,bioemu,5.9263
lef1,bioemu,5.7854
lef1,bioemu,5.652
lef1,bioemu,2.7367
lef1,bioemu,4.9194
lef1,bioemu,2.95
lef1,bioemu,3.3623
lef1,bioemu,5.2392
lef1,bioemu,3.0055
lef1,bioemu,4.0071
lef1,bioemu,6.7059
lef1,bioemu,5.971
lef1,bioemu,6.7935
lef1,bioemu,6.9296
lef1,bioemu,7.3281
lef1,bioemu,7.6093
lef1,bioemu,7.3326
lef1,bioemu,6.1943
lef1,bioemu,5.6054
lef1,bioemu,8.9689
lef1,bioemu,6.633
lef1,bioemu,6.3336
lef1,bioemu,4.542
lef1,bioemu,6.9925
lef1,bioemu,6.006
lef1,bioemu,7.6664
lef1,bioemu,6.4961
lef1,bioemu,3.8839
lef1,bioemu,5.6647
lef1,bioemu,5.0247
lef1,bioemu,5.1321
lef1,bioemu,6.3455
lef1,bioemu,4.4948
lef1,bioemu,7.8406
lef1,bioemu,3.4255
lef1,bioemu,3.9408
lef1,bioemu,6.7145
lef1,bioemu,7.7837
lef1,bioemu,7.9935
lef1,bioemu,8.1072
lef1,bioemu,5.841
lef1,bioemu,7.9281
lef1,bioemu,7.7899
lef1,bioemu,7.2369
lef1,bioemu,8.3462
lef1,bioemu,7.9174
lef1,bioemu,5.1346
lef1,bioemu,3.536
lef1,bioemu,4.0638
lef1,bioemu,4.9611
lef1,bioemu,2.8137
lef1,bioemu,4.6265
lef1,bioemu,8.3285
lef1,bioemu,6.4118
lef1,bioemu,7.7663
lef1,bioemu,4.6319
lef1,bioemu,4.4392
lef1,bioemu,5.8753
lef1,bioemu,4.7617
lef1,bioemu,4.549
lef1,bioemu,7.9917
lef1,bioemu,5.1524
lef1,bioemu,4.9717
lef1,bioemu,1.5361
lef1,bioemu,6.4025
lef1,bioemu,1.7861
lef1,bioemu,2.9504
lef1,bioemu,7.712
lef1,bioemu,5.102
lef1,bioemu,6.6149
lef1,bioemu,6.4048
lef1,bioemu,2.3926
lef1,bioemu,2.5917
lef1,bioemu,7.2888
lef1,bioemu,4.5101
lef1,bioemu,5.8521
lef1,bioemu,6.5936
lef1,bioemu,5.3922
lef1,bioemu,9.7542
lef1,bioemu,5.4774
lef1,bioemu,7.2299
lef1,bioemu,3.9993
lef1,bioemu,7.6676
lef1,bioemu,5.9774
lef1,bioemu,7.1583
lef1,bioemu,8.6147
lef1,bioemu,3.0854
lef1,bioemu,5.3071
lef1,bioemu,9.1579
lef1,bioemu,7.3231
lef1,bioemu,4.2215
lef1,af3,0.924
lef1,af3,0.911
lef1,af3,0.8987
lef1,af3,1.2591
lef1,af3,0.8465
lef1,af3,0.9244
lef1,af3,1.0539
lef1,af3,0.9336
lef1,af3,0.9996
lef1,af3,1.2301
lef1,af3,1.0031
lef1,af3,1.5081
lef1,af3,0.6599
lef1,af3,1.0026
lef1,af3,1.2508
lef1,af3,1.2346
lef1,af3,1.2067
lef1,af3,0.7458
lef1,af3,1.0535
lef1,af3,1.0982
lef1,af3,0.7388
lef1,af3,0.759
lef1,af3,0.8491
lef1,af3,0.6788
lef1,af3,1.1324
lef1,af3,0.8769
lef1,af3,0.592
lef1,af3,0.8311
lef1,af3,0.6778
lef1,af3,0.5688
lef1,af3,1.4365
lef1,af3,1.1539
lef1,af3,1.0215
lef1,af3,1.1059
lef1,af3,1.1068
lef1,af3,0.968
lef1,af3,1.0654
lef1,af3,1.1187
lef1,af3,1.0896
lef1,af3,0.8306
lef1,af3,0.7555
lef1,af3,0.5467
lef1,af3,0.8959
lef1,af3,0.8027
lef1,af3,0.7464
