pilot,entry,in_subset,base_pearsonr,aug_pearsonr,base_spearmanr,aug_spearmanr,base_auroc,aug_auroc,base_ic_weighted_pcc,aug_ic_weighted_pcc,base_ic_corr,aug_ic_corr,base_brier_multi,aug_brier_multi,base_ic_diff,aug_ic_diff,base_mae,aug_mae
tbp,4l0z_B_MA0098.3.jaspar.npz,0,0.7058831177702813,0.7316105098201661,0.5197621616317255,0.5839507733308836,0.9548611111111112,0.9612268518518517,0.5400700486747704,0.5621451532234096,0.3374613957105142,0.2254074760389581,0.195892795920372,0.262650728225708,-0.46770328827603347,-0.558679097401582,0.528940737247467,0.5975344777107239
tbp,5z2t_D_DUX4_HUMAN.H11MO.0.A.npz,0,0.20135792850051076,0.3279054594459012,0.2279665897625461,0.375967182220589,0.6031746031746031,0.636432350718065,0.16959311304887867,0.31910961727424236,0.5165837012946574,0.08355507085900712,0.7915968298912048,0.6789752244949341,-0.6675691487912399,-0.7529681022120939,1.1706023216247559,1.0918546915054321
tbp,4xrm_B_MEIS2_HUMAN.H11MO.0.B.npz,0,0.8878556661463032,0.8095645304226006,0.6310606938325991,0.6407463410006691,0.9976851851851851,0.9722222222222223,0.7804209721635899,0.7726896274422618,0.5967934775319523,0.47257063154164886,0.07175321131944656,0.11143698543310165,-0.4521774969862635,-0.586601143237388,0.3336751461029053,0.44630977511405945
tbp,2wty_A_MA0117.2.jaspar.npz,0,0.5852202173237774,0.5672356275926259,0.5029505029121524,0.4226075725500466,0.8980654761904763,0.8337585034013606,0.5385813875564387,0.5841346900275336,0.11146853666630346,0.033901431844858165,0.23856765031814575,0.2772994935512543,-0.6939740187152268,-0.7009656992151437,0.6767343282699585,0.6732248663902283
tbp,1le8_B_MA0328.2.jaspar.npz,0,0.6049159287322254,0.6429316815047059,0.5399073297091297,0.5458192512504456,0.7748148148148148,0.8822222222222221,0.5608230479983091,0.5263533517035672,0.05161902364831644,-0.008106877148936056,0.312468945980072,0.23065319657325745,-0.7800297615739913,-0.7382632743320408,0.7487994432449341,0.663811206817627
tbp,2euz_A_MA0343.1.jaspar.npz,1,0.7548454542760737,0.43349114565644414,0.7175729574745244,0.5148683298050514,0.8964120370370371,0.8605324074074074,0.5398201775022604,0.3009999308709456,0.42656632726692345,0.3634950958703964,0.23647406697273254,0.4022522568702698,-0.4156804376782356,-0.5530035249404661,0.49639469385147095,0.7743397951126099
tbp,1a1j_A_MA0162.1.jaspar.npz,0,0.4662654544226825,0.5560794153483585,0.46047588243311566,0.4357633465478113,0.8223379629629629,0.7459490740740741,0.49047493914254403,0.6151662021195234,0.6912884098003037,0.4048510699579621,0.4339856207370758,0.32025420665740967,-0.40426476760236946,-0.46803177027994025,0.7706820964813232,0.6821309924125671
tbp,6byy_A_MEF2A_HUMAN.H11MO.0.A.npz,0,0.7104879429874321,0.6427327316875259,0.6888888888888889,0.7888888888888889,0.9765625,0.8984375,0.5486124162452519,0.4393757724184262,-0.18741399352735538,0.1636946672455578,0.2724364697933197,0.3285561501979828,-0.5071420128268658,-0.3981201263969933,0.5965418219566345,0.6332848072052002
tbp,4xrm_A_MEIS2_HUMAN.H11MO.0.B.npz,0,0.8878556610628342,0.8095645519594351,0.6310606938325991,0.6407463410006691,0.9976851851851851,0.9722222222222223,0.7804209704994632,0.7726896456737581,0.596793458174939,0.47257063758122986,0.07175321131944656,0.11143696308135986,-0.4521775052145125,-0.5866011567863577,0.3336751461029053,0.44630980491638184
tbp,3iag_C_SUH_MOUSE.H11MO.0.A.npz,0,0.7823607483296655,0.6881229492137209,0.5625,0.575,0.9791666666666666,0.9479166666666666,0.6442190130552121,0.6084700175491571,0.7962188079071737,0.8683511165491493,0.04489549249410629,0.08858314156532288,-0.31374147634038224,-0.300998595078646,0.29740169644355774,0.3781810998916626
tbp,1vkx_A_TF65_MOUSE.H11MO.0.A.npz,0,0.730498905852437,0.6174781802517828,0.41999999999999993,0.4,0.9166666666666666,0.8700000000000001,0.6094012132208653,0.6064882545562278,0.51636049972308,0.6279176647273037,0.16835139691829681,0.19663935899734497,-0.44149632839217323,-0.37115530369434374,0.47884616255760193,0.5256038904190063
tbp,3wtu_A_RUNX1_MOUSE.H11MO.0.A.npz,0,0.5003873948589899,0.5734623236639891,0.5383496476323666,0.42584964763236666,0.9122222222222223,0.9111111111111111,0.4300296938585805,0.538203302546099,0.5095381853191192,0.5073066030316148,0.3806402087211609,0.3874886631965637,-0.4936717211979975,-0.41245070705279174,0.7220777273178101,0.671272873878479
tbp,1srs_A_SRF_HUMAN.H11MO.0.A.npz,0,0.7675960393283855,0.49851780012249947,0.6316984816409559,0.5073762572803809,0.8846296296296297,0.8402777777777777,0.596858500798506,0.3792776580345551,0.6224134208593701,0.14361432835495047,0.18556798994541168,0.3867355287075043,-0.36430137431581716,-0.5251623921821521,0.44991636276245117,0.7600600719451904
tbp,5ke8_A_MA0039.2.jaspar.npz,0,0.5650945130037144,0.6065016860084143,0.4915569415042095,0.3915569415042095,0.9115646258503403,0.8299319727891157,0.7057185964867019,0.6727828015925008,0.7652235676427473,0.4916942329092645,0.2596331238746643,0.273256778717041,-0.327843080101225,-0.3831310787141741,0.5617386102676392,0.5515832901000977
tbp,3kov_I_MA0052.4.jaspar.npz,0,0.8580180373974144,0.5982285456524955,0.7777777777777777,0.7555555555555555,0.9609375,0.9140625,0.6011617485876919,0.4129583643661153,0.001237496968998747,0.1119544671520552,0.16301271319389343,0.37640318274497986,-0.537158542660449,-0.42604046861293354,0.4194716215133667,0.6586980223655701
tbp,1c7u_A_MEF2A_HUMAN.H11MO.0.A.npz,0,0.3176335148746148,0.2715255242267934,0.40833333333333327,0.17499999999999996,0.6934156378600824,0.573045267489712,0.2849671008000019,0.1939904339289927,0.36246220760761316,-0.08532200750868185,0.5533485412597656,0.5957372784614563,-0.5133605507489073,-0.564746146192668,0.9525144696235657,1.0471794605255127
tbp,6vge_A_ERG_HUMAN.H11MO.0.A.npz,0,0.2806393133683337,0.6967871146949215,0.15811388300841903,0.44054567378526127,0.78125,0.8718750000000001,0.4795537300995078,0.610702462857894,0.8778148279686083,0.6518079842981928,0.30495887994766235,0.19999079406261444,-0.2646693623417929,-0.4047933190114129,0.6463491916656494,0.5242120623588562
tbp,2wbu_A_KLF4_MOUSE.H11MO.0.A.npz,0,0.7124756368284579,0.6659238120773807,0.39999999999999997,0.38749999999999996,0.8819444444444445,0.7800925925925927,0.530724482477345,0.5186016336395252,0.5843593442422285,0.4812074323061792,0.16421876847743988,0.28612688183784485,-0.3786870672144589,-0.5297117499330768,0.48502302169799805,0.615921139717102
tbp,2evj_A_MA0343.1.jaspar.npz,1,0.7920658998191357,0.700861068937229,0.7238211768802618,0.5961165492107888,0.9791666666666666,0.9635416666666666,0.6558570893098803,0.5929706038692799,0.360505860412207,0.017530208160494998,0.16432127356529236,0.21175791323184967,-0.3462623448583807,-0.7075614408087886,0.36131006479263306,0.6068803668022156
tbp,6vgg_A_ERG_HUMAN.H11MO.0.A.npz,0,0.36965144854427007,0.6143760821885533,0.26922499411953005,0.3961012293408168,0.80625,0.8925000000000001,0.466562532488364,0.5443707594564225,0.865021564129386,0.6428682870142596,0.3088332712650299,0.25703853368759155,-0.3266329956398136,-0.4015298004730977,0.660936713218689,0.5770358443260193
tbp,2wty_B_MA0117.2.jaspar.npz,0,0.5852202543226833,0.5672355949116702,0.5029505029121524,0.4226075725500466,0.8980654761904763,0.8337585034013606,0.5385813987018412,0.5841346618650068,0.11146854558550513,0.03390147922953658,0.23856760561466217,0.2772994935512543,-0.6939740026337631,-0.7009656483060912,0.6767342686653137,0.6732248663902283
tbp,2erg_A_MA0324.1.jaspar.npz,0,0.7990660347975791,0.6749079952016472,0.7106571783744852,0.5799689595947177,0.9047619047619048,0.8227513227513228,0.7173358192275683,0.669256949550823,0.7232084965758984,0.49988286721979697,0.11827957630157471,0.21195738017559052,-0.37709489766451687,-0.4968919674332599,0.4491022229194641,0.6019564867019653
tbp,6b0q_A_WT1_HUMAN.H11MO.0.C.npz,0,0.7357992136838019,0.6891131629159241,0.5444444444444445,0.43333333333333335,0.7799479166666666,0.77734375,0.5325065509838498,0.5375660693562176,0.5830369774998178,0.6312955494249344,0.16733531653881073,0.24004881083965302,-0.3792629019468751,-0.43115720183745726,0.4704766869544983,0.5344687104225159
tbp,4r2d_A_MA0162.4.jaspar.npz,0,0.6057127228472382,0.4646607020869851,0.39999999999999997,0.33999999999999997,0.73046875,0.7552083333333334,0.5937176208672134,0.462015299321443,0.7527283194437352,0.6503181877919552,0.21344426274299622,0.32974204421043396,-0.2879778991808587,-0.374527402865593,0.4957159459590912,0.6524516940116882
tbp,6u81_A_DUX4_HUMAN.H11MO.0.A.npz,0,0.7138853228617725,0.548251758213155,0.5959947521917872,0.3199296761869765,0.9233333333333335,0.8183333333333334,0.5827468743157459,0.5153602232492175,0.5451056799305382,0.45804487356570367,0.19448377192020416,0.28184863924980164,-0.676345240065977,-0.8537161770920771,0.5563540458679199,0.7190799117088318
tbp,1a1i_A_MA0162.1.jaspar.npz,0,0.5678648100583814,0.6246256976155564,0.5162915210708945,0.47693654103378824,0.7755102040816326,0.7585034013605442,0.579868030693479,0.6191518847702762,0.5194970052512313,0.47579329337021004,0.3189879059791565,0.2596425414085388,-0.43050440900385717,-0.49046600004131113,0.6423759460449219,0.5832343101501465
tbp,6lbi_K_FOXO1_HUMAN.H11MO.0.A.npz,0,0.7894091912086917,0.5428053011137629,0.3285714285714286,0.17142857142857143,1.0,0.9516666666666667,0.5721886908856461,0.284160650635874,0.7287981092406657,0.7113089483399756,0.07227339595556259,0.16805383563041687,-0.34690539187622793,-0.3777024985714091,0.3734329044818878,0.5126546025276184
tbp,6vg2_D_FLI1_HUMAN.H11MO.0.A.npz,0,0.770983564046522,0.7705992336462563,0.41509490250701586,0.38874258867227934,0.9444444444444445,0.9814814814814815,0.5743916986932797,0.5709993787462855,0.8335744088409736,0.4893000000802147,0.27033746242523193,0.18608610332012177,-0.17416639874044995,-0.37167811083312086,0.3651335537433624,0.3855063021183014
tbp,6byy_A_MA0660.1.jaspar.npz,0,0.8327749086957839,0.7438174111561643,0.7754178273779383,0.752594576784722,1.0,0.9505208333333334,0.6920424743512187,0.6549513968998144,0.49684381776412906,0.1940086191853587,0.16468998789787292,0.2774796187877655,-0.336373839706919,-0.5915015907437816,0.3653613328933716,0.5688879489898682
tbp,2e42_A_CEBPB_HUMAN.H11MO.0.A.npz,0,0.4977197414475747,0.3419877517312257,0.4462604691535324,0.35617779260834476,0.9288194444444445,0.8168402777777778,0.6434478201661068,0.37962427506032803,0.6637517314922932,0.4948867753186258,0.2112540304660797,0.4384034276008606,-0.49466459187006606,-0.5823475111450885,0.6263821721076965,0.8583536744117737
tbp,6fj5_D_P53_HUMAN.H11MO.0.A.npz,0,0.2648961871629581,0.41233007205883043,0.14999999999999997,0.15,0.6390335648148148,0.6820023148148148,0.3652839473862263,0.2088243433846217,0.4916539463270198,0.6641330975987905,0.501610517501831,0.45529812574386597,-0.5529759359357267,-0.3663616114292975,0.9381605386734009,0.8355920910835266
tbp,5yef_G_MA1930.1.jaspar.npz,0,0.3726670917110621,0.4790151675697416,0.3222222222222222,0.5277777777777778,0.7319132149901382,0.7223471400394478,0.44972944251807967,0.4560022783895398,0.5809967414783866,0.442943258052073,0.284078985452652,0.2797034978866577,-0.4110849213827173,-0.5341888345079566,0.6772957444190979,0.7012311220169067
tbp,1srs_B_SRF_HUMAN.H11MO.0.A.npz,0,0.7675960536368869,0.4985177901319482,0.6316984816409559,0.5073762572803809,0.8846296296296297,0.8402777777777777,0.5968584904652634,0.37927759294754504,0.6224135446491117,0.1436144061545199,0.1855679601430893,0.38673561811447144,-0.3643012548154042,-0.5251623600373713,0.4499163329601288,0.7600601315498352
tbp,1ram_B_TF65_MOUSE.H11MO.0.A.npz,0,0.3579674130305648,0.5628777639009058,0.43999999999999995,0.62,0.89,0.9166666666666666,0.13933122848635499,0.4990773222730699,-0.19800871959324884,-0.07105004245155552,0.591004490852356,0.4058932363986969,-0.6393827428122774,-0.6092591117272252,0.9608341455459595,0.7800950407981873
tbp,5vpf_B_JUND_HUMAN.H11MO.0.A.npz,0,0.7498864357993524,0.7015021151746623,0.4808018100191349,0.491912921130246,0.8541666666666666,0.8310185185185185,0.5294541748276264,0.6403879615226182,0.027311649553431933,0.4029204517921083,0.2737799286842346,0.3508545756340027,-0.7418923411806094,-0.5907082059742474,0.6654798984527588,0.6944215297698975
tbp,7cli_B_MA0778.1.jaspar.npz,0,0.5954292471287772,0.661384504463058,0.4685854122563142,0.46509490250701574,0.8411458333333334,0.8880208333333334,0.6075350785796638,0.37497183068767864,0.42716594113651063,0.643660409241213,0.34459447860717773,0.2440613955259323,-0.4951278994340201,-0.4054156108333928,0.656075119972229,0.5090427994728088
tbp,3gut_D_MA0105.4.jaspar.npz,0,0.37257049613716925,0.3239082391373813,0.27272727272727265,0.2727272727272727,0.7690972222222223,0.8198784722222222,0.36480446688354246,0.26256421133876295,0.30682119240814976,0.4265080378385229,0.5602246522903442,0.5111942887306213,-0.7933267921377656,-0.7581884931161806,0.9331415295600891,0.8656051158905029
tbp,2erg_B_MA0324.1.jaspar.npz,0,0.7990660753101111,0.6749080156907439,0.7106571783744852,0.5799689595947177,0.9047619047619048,0.8227513227513228,0.7173358629174595,0.6692569499361289,0.7232085021643562,0.4998828629197189,0.11827956140041351,0.21195736527442932,-0.37709496672203713,-0.49689195730930347,0.44910216331481934,0.6019564867019653
tbp,1c7u_B_MEF2A_HUMAN.H11MO.0.A.npz,0,0.317633536120411,0.27152554487111047,0.40833333333333327,0.17499999999999996,0.6934156378600824,0.573045267489712,0.2849671097496767,0.1939904452329435,0.3624622078540444,-0.08532185722458388,0.5533484816551208,0.5957372784614563,-0.5133604924944932,-0.5647461305660333,0.9525144696235657,1.0471794605255127
tbp,6dfy_D_DUX4_HUMAN.H11MO.0.A.npz,0,0.41525360743980855,0.2611925725825131,0.3375984594961471,0.2679750904364203,0.8866213151927438,0.82010582010582,0.5254010826140673,0.39475556927632705,0.055477904400629385,-0.12921528410704836,0.39232268929481506,0.6092109084129333,-1.0010131455708273,-1.0406236900288857,0.8762507438659668,1.1432216167449951
tbp,2etw_A_MA0343.1.jaspar.npz,1,0.8949251697954929,0.5542969716350652,0.7488058570102899,0.5639699527494716,0.976851851851852,0.8472222222222223,0.7216537123347668,0.4404148059342231,0.6644465371701996,0.49972786076767906,0.06806190311908722,0.3280920088291168,-0.35339154927624483,-0.5099526860544681,0.29122194647789,0.6770463585853577
tbp,6x6e_A_GCR_HUMAN.H11MO.0.A.npz,0,0.6525085782942672,0.5965780781426777,0.5390106773135434,0.5400000000000001,0.93,0.955,0.49160142921769534,0.4586647337357825,0.5925823824527713,0.45603979662495336,0.10206007212400436,0.12861435115337372,-0.3696804820526779,-0.4523352622580809,0.43673092126846313,0.49793919920921326
tbp,3gut_E_MA0107.1.jaspar.npz,0,0.7591797129716724,0.6685853840783238,0.5522799549761691,0.5449845826456422,0.9566666666666667,0.8733333333333334,0.7661013429371631,0.7313813372522329,0.5095330831822638,0.6173615960097377,0.1284230798482895,0.2085370272397995,-0.5756441686388922,-0.46790819624165836,0.4951508641242981,0.5037745237350464
tbp,1n6j_A_MA0660.1.jaspar.npz,0,0.7691812530625611,0.6593864787835628,0.7120646563393026,0.5862532680384607,0.9765625,0.8541666666666666,0.7546667283079666,0.6725292161228793,0.6053951714186299,0.26190406064407734,0.19191446900367737,0.29731276631355286,-0.4044367734456739,-0.6304076790921633,0.43921947479248047,0.6406882405281067
tbp,3gut_H_MA0105.4.jaspar.npz,0,0.4478703354569999,0.4776275318793275,0.4454545454545455,0.5272727272727273,0.7925347222222222,0.8110532407407408,0.37379078582254927,0.34823708511630846,0.3493561773193766,0.3731430436268603,0.52762371301651,0.5073318481445312,-0.7221313641151854,-0.7878888261592091,0.8430139422416687,0.8684788346290588
tbp,6lbi_L_FOXO1_HUMAN.H11MO.0.A.npz,0,0.7894092494371404,0.5428053237315968,0.3285714285714286,0.17142857142857143,1.0,0.9516666666666667,0.5721886968293243,0.2841606751474947,0.7287981310846203,0.7113089008315848,0.072273388504982,0.1680537760257721,-0.34690535248526805,-0.37770250648793224,0.3734329044818878,0.5126544833183289
tbp,6wqu_C_SUH_MOUSE.H11MO.0.A.npz,0,0.7921842799987644,0.763270056253532,0.6625,0.6875,0.9635416666666666,0.953125,0.6445177933662696,0.5999784101503339,0.7198964586898617,0.8065443869826296,0.06695851683616638,0.10593696683645248,-0.33475217952602354,-0.28307756319560656,0.32714319229125977,0.3942028880119324
tbp,4x9j_A_MA0162.4.jaspar.npz,0,0.5932847320102155,0.5161232555285096,0.38999999999999996,0.32999999999999996,0.7356770833333334,0.6692708333333334,0.5674597607393207,0.5324192183606932,0.5762085773240672,0.6612153850214686,0.21672753989696503,0.284356027841568,-0.4000327457299484,-0.35829597491744913,0.5462777018547058,0.5928028225898743
tbp,6dks_C_SUH_MOUSE.H11MO.0.A.npz,0,0.769592103199102,0.5337648725835606,0.5125,0.425,0.9895833333333334,0.890625,0.4865882594509466,0.6075607139287545,0.47733489299412557,0.6442748790661235,0.11920544505119324,0.17189446091651917,-0.3979217284292853,-0.36205568529070864,0.399951696395874,0.49516162276268005
tbp,6fbr_B_RXRA_HUMAN.H11MO.0.A.npz,0,0.7128918977557785,0.6624774246010929,0.6333333333333333,0.4888888888888888,0.9375,0.9700000000000001,0.3574684018075775,0.3428631275723311,-0.4452508504392145,-0.053097785597035166,0.3052468001842499,0.2510263919830322,-0.7190270088971052,-0.6701001420337445,0.711931586265564,0.6393215656280518
tbp,6x6e_B_MA0113.3.jaspar.npz,0,0.5506973019024978,0.4505549994762987,0.3993712943361397,0.38774851773445584,0.881172839506173,0.8688271604938271,0.7012588936758414,0.6834730911194453,0.6562756743724262,0.5850470006766386,0.16248038411140442,0.1999559849500656,-0.5762191343014604,-0.6218441729692398,0.5581105947494507,0.6310216188430786
tbp,3wtw_F_RUNX1_MOUSE.H11MO.0.A.npz,0,0.44212131525273435,0.6210076063580345,0.3008496476323666,0.4508496476323666,0.8933333333333332,0.8877777777777777,0.4487853221861216,0.5614764299000427,0.561455573584011,0.5453835160641813,0.36036673188209534,0.3544652462005615,-0.5766264576721163,-0.4509875255293687,0.7120252847671509,0.6445262432098389
tbp,7jm4_H_MA1419.1.jaspar.npz,0,0.7080889792647213,0.738943312317133,0.59,0.51,0.8923611111111112,0.907986111111111,0.7689947189362443,0.8273992806870929,0.09887194138579106,-0.11382015457516986,0.3662566840648651,0.33572903275489807,-0.5064137185156599,-0.7221044233280327,0.5817537903785706,0.6191955804824829
tbp,7vuq_B_NFKB2_HUMAN.H11MO.0.B.npz,0,0.6620599928375502,0.5701724764023145,0.5595891344644952,0.40835975825109844,0.8504050925925927,0.7902199074074074,0.6537628796786914,0.4859105420369143,0.2523538184424228,0.40938959575737305,0.22385619580745697,0.30018848180770874,-0.5207894545179134,-0.4956110363836702,0.5501614212989807,0.6603958010673523
tbp,6mg3_A_CEBPB_HUMAN.H11MO.0.A.npz,0,0.44390004140189954,0.43832986848428845,0.42707969423031644,0.38396545402245147,0.8812210648148149,0.8059895833333334,0.5024123219804945,0.4437496866460013,0.2774675294188517,0.3233487129846955,0.32873737812042236,0.34618711471557617,-0.6330556123193213,-0.7081965137910327,0.7916517853736877,0.8120627999305725
tbp,4f6n_A_MA0527.1.jaspar.npz,0,0.42554536808489096,0.32617649906832313,0.3175776544163512,0.286066296582387,0.7314814814814815,0.7245370370370371,0.3424270781008033,0.3847257346192486,0.5939575558271545,0.5147569779049996,0.3810794949531555,0.38507694005966187,-0.4423691639801055,-0.4867809027861494,0.7391212582588196,0.7562867403030396
tbp,6dfy_C_MA0468.1.jaspar.npz,0,0.3790813007857651,0.21635947432368993,0.36977066230559963,0.24813938503004165,0.9022633744855968,0.8981481481481483,0.5129838566038106,0.39581373358377486,0.09579205271323671,-0.07204517445759265,0.3749527633190155,0.5865362286567688,-0.8876824017660419,-0.9545504675374179,0.8559632301330566,1.1230838298797607
tbp,7dcj_A_HSF1_HUMAN.H11MO.0.A.npz,0,0.647467530448921,0.7013755355437752,0.4560854122563142,0.3842927061281571,0.9010416666666666,0.9166666666666666,0.6964549575320129,0.6907704736796916,0.2541513759560228,0.49862810175851996,0.17046445608139038,0.13989287614822388,-0.6809703327328838,-0.498801579559607,0.5110690593719482,0.4586930274963379
tbp,6od3_B_ITF2_HUMAN.H11MO.0.C.npz,0,0.6791701164994655,0.5762330735368388,0.4857142857142857,0.29999999999999993,0.9583333333333334,0.8450000000000001,0.5279987726119794,0.526932519285345,0.7495634342954389,0.7903781714811097,0.1495266705751419,0.3136862814426422,-0.36245184832105604,-0.3303204528917453,0.5051451921463013,0.583175003528595
tbp,3wts_F_RUNX1_MOUSE.H11MO.0.A.npz,0,0.38303204375552014,0.5450435342499986,0.37061388300841897,0.3758496476323666,0.8622222222222221,0.85,0.39215763578593843,0.5123806198665222,0.4582769241228295,0.5299016093097496,0.41584154963493347,0.41830477118492126,-0.5528829337195009,-0.45018306537671604,0.795496940612793,0.7348320484161377
tbp,5ke7_A_KLF4_MOUSE.H11MO.0.A.npz,0,0.7254582654277328,0.6048826458863914,0.39999999999999997,0.3875,0.960648148148148,0.9050925925925926,0.5382480943304815,0.46098454798984384,0.7976438479821877,0.45873000939256436,0.12726891040802002,0.23981457948684692,-0.266109871831676,-0.5394904219777185,0.4323942959308624,0.611919641494751
tbp,7dcj_B_MA0486.2.jaspar.npz,0,0.8819664974871557,0.8461659861786757,0.672674231287552,0.6174384666636044,0.9583333333333334,0.9583333333333334,0.9120339708662206,0.9045033355613419,0.41000180233633543,0.4277754356945096,0.10282760858535767,0.11682602763175964,-0.4691691887786855,-0.56314753437794,0.3300075829029083,0.4086804687976837
tbp,5emq_B_GCR_HUMAN.H11MO.0.A.npz,0,0.7817318413406611,0.7240107551217079,0.5273879007118595,0.6105409255338947,0.9766666666666666,0.9475000000000001,0.5580931487857597,0.5180974710538786,0.6831955629006956,0.580059481999007,0.08911731094121933,0.09142877161502838,-0.39140054074236974,-0.42256213386785363,0.4078276753425598,0.41333407163619995
tbp,1n6j_B_MEF2B_HUMAN.H11MO.0.A.npz,0,0.5999216315918602,0.5160293383989483,0.5574341649025257,0.5027046276694731,0.7675736961451247,0.7547241118669691,0.47766636415069935,0.40246543709842897,0.2968563272475164,0.18726599816902076,0.3287312090396881,0.35520774126052856,-0.5763261273182572,-0.4212238595528895,0.659611165523529,0.6932086944580078
tbp,1e3o_C_MA0785.1.jaspar.npz,0,0.9141118323430419,0.7228612905368209,0.64,0.48,1.0,1.0,0.6219735191661467,0.4358884586206133,0.46615021279073415,-0.43701291599486275,0.0930749848484993,0.23845896124839783,-0.3468470739249793,-0.7981010600410401,0.4079345166683197,0.6866092085838318
tbp,4l0z_A_RUNX1_MOUSE.H11MO.0.A.npz,0,0.5625662516104057,0.6386710443766788,0.4508496476323666,0.5581138830084189,0.8755555555555556,0.9633333333333334,0.4297754072811086,0.4783900778385772,0.5669879882686087,0.4345136477211446,0.3831064999103546,0.30658721923828125,-0.47155134544343347,-0.4059008551131274,0.7267710566520691,0.571354329586029
tbp,5emp_A_GCR_HUMAN.H11MO.0.A.npz,0,0.7397016969819864,0.6947907557400564,0.5718908652429477,0.5733333333333334,0.9466666666666667,0.9416666666666668,0.5110350720959738,0.5186339173473463,0.6815124112464649,0.5480732790863891,0.13216155767440796,0.10467088222503662,-0.3931833363591701,-0.4425873558459417,0.46004027128219604,0.4396783709526062
tbp,3wtu_C_ETS1_HUMAN.H11MO.0.A.npz,0,0.8187071306630969,0.7099954823497683,0.6000000000000001,0.4699999999999999,0.9566666666666667,0.9,0.6026652799741936,0.5648156666601272,0.5938373969890293,0.47805809449503134,0.12653294205665588,0.20846566557884216,-0.37250770731699445,-0.48299350955513054,0.41536855697631836,0.5521551966667175
tbp,6fj5_A_P53_HUMAN.H11MO.0.A.npz,0,0.2648962118430063,0.41233005974208936,0.14999999999999997,0.15,0.6390335648148148,0.6820023148148148,0.3652839222878309,0.2088243352929023,0.4916538838311192,0.6641331376904188,0.5016105771064758,0.45529818534851074,-0.5529759745133009,-0.3663616432905854,0.9381605386734009,0.8355920910835266
tbp,6byy_B_MA0660.1.jaspar.npz,0,0.8327747969370749,0.7438174266782072,0.7754178273779383,0.752594576784722,1.0,0.9505208333333334,0.6920424353555217,0.6549513769360545,0.49684372796037946,0.19400847415651426,0.1646900773048401,0.2774795889854431,-0.3363738437116912,-0.5915016060151586,0.36536142230033875,0.5688879489898682
tbp,5lty_K_CDX2_HUMAN.H11MO.0.A.npz,0,0.4608895657504697,0.5314055431464856,0.3748204497341609,0.45663863155234274,0.8109085648148149,0.7986111111111112,0.5094098182104652,0.4875021885039642,0.5531957000200539,0.15505853806106962,0.20931166410446167,0.244027242064476,-0.4069403571925546,-0.505254882593244,0.6284371614456177,0.6827660202980042
tbp,3kov_B_MEF2A_HUMAN.H11MO.0.A.npz,0,0.6286858526161976,0.4211988555681374,0.5666666666666668,0.6666666666666666,0.91015625,0.80859375,0.4681512318131226,0.35867551654645863,-0.2551080134727316,-0.20289144770354126,0.3664395809173584,0.4842160642147064,-0.5995927487915943,-0.613675631411681,0.6972764134407043,0.8762344121932983
tbp,6dks_G_SUH_MOUSE.H11MO.0.A.npz,0,0.6820016472483985,0.7043916165130213,0.48749999999999993,0.5,0.9479166666666666,0.9375,0.4623274214282741,0.6189691357840267,0.46708701218615256,0.690439762091565,0.18968461453914642,0.11901386082172394,-0.3997208458744447,-0.3606486218513408,0.5082590579986572,0.44519636034965515
tbp,7vuq_A_NFKB2_HUMAN.H11MO.0.B.npz,0,0.6620599422921342,0.5701724718727003,0.5595891344644952,0.40835975825109844,0.8504050925925927,0.7902199074074074,0.6537628678863906,0.48591051483164716,0.2523537893779966,0.4093895308045457,0.22385619580745697,0.30018851161003113,-0.5207895009422757,-0.4956110667162894,0.5501614809036255,0.6603958606719971
tbp,5emp_B_MA0113.3.jaspar.npz,0,0.7815198029081026,0.7616114438821872,0.6382894432683505,0.6610818510677892,0.911522633744856,0.918724279835391,0.7818784806112534,0.7787610325042756,0.6120702156808752,0.7391068244453116,0.13070300221443176,0.10930512845516205,-0.4903010253902988,-0.47297967495917465,0.47631505131721497,0.4413793981075287
tbp,6dfc_A_MA0527.1.jaspar.npz,0,0.9045959735023124,0.8704046605021826,0.49637095274878335,0.8106566670344977,0.9266666666666666,0.875,0.699749833430179,0.6368051444458388,0.36272036650426925,0.6434171294540463,0.08182469755411148,0.1270335614681244,-0.4775067761432004,-0.4274813694105225,0.3472481071949005,0.357466459274292
tbp,2evf_A_MA0343.1.jaspar.npz,1,0.7707699481397867,0.4963932614773512,0.6939252713092608,0.5117615691736825,0.9560185185185186,0.9033564814814814,0.5874898246496323,0.4321480414777253,0.4200483508537044,0.23962765101338124,0.17696557939052582,0.339585542678833,-0.42478567709812365,-0.6234666559508265,0.4396401345729828,0.7432723045349121
tbp,7jm4_G_MA1419.1.jaspar.npz,0,0.7080889709293843,0.7389433173462748,0.59,0.51,0.8923611111111112,0.907986111111111,0.7689947059817888,0.8273992849548282,0.09887203305425757,-0.11382018312727633,0.36625662446022034,0.33572903275489807,-0.5064137079876209,-0.722104461919244,0.5817537903785706,0.6191955804824829
tbp,7jm4_B_MA1419.1.jaspar.npz,0,0.6799420314840973,0.7987284516915679,0.49000000000000005,0.51,0.8888888888888888,0.9525462962962963,0.7296073769581874,0.8467377754141087,0.03368989826263927,-0.02055724425759711,0.3842903971672058,0.26705628633499146,-0.48351202729588083,-0.7915937811917346,0.5763713717460632,0.5803768038749695
tbp,6lbi_C_FOXO1_HUMAN.H11MO.0.A.npz,0,0.9246807830071405,0.6806245022502251,0.4571428571428572,0.3714285714285715,1.0,0.9483333333333334,0.5822055553308746,0.4369244168985017,0.5755012356524121,0.7322555437750959,0.06447350978851318,0.13676735758781433,-0.46235054552414995,-0.3457824357179265,0.35171273350715637,0.4810361862182617
tbp,1pzu_L_MA0152.1.jaspar.npz,0,0.8637237632647157,0.8634883050496379,0.5453697142597896,0.6674314684756121,0.9947916666666666,1.0,0.7834928277473739,0.755542551195198,0.6849301082279314,0.7118169165471254,0.08067444711923599,0.10417810082435608,-0.3280019547840442,-0.37318079102667845,0.3014475405216217,0.34152913093566895
tbp,1gu4_A_MA0466.3.jaspar.npz,0,0.36533163705325933,0.36924990511033684,0.23997924203035023,0.299098457443509,0.7994791666666666,0.78125,0.3874685196163988,0.4184390011032601,0.8484221371792899,0.7000959422033461,0.4311947822570801,0.47182655334472656,-0.5523058238933252,-0.6365380290023336,0.7924439311027527,0.8562280535697937
tbp,5bng_B_MEIS2_HUMAN.H11MO.0.B.npz,0,0.5043077043665107,0.6548416238510981,0.44252347340234655,0.5925234734023466,0.859375,0.9322916666666666,0.3233603421699695,0.6550135692584627,0.5300643951172503,0.43399155541293716,0.33704715967178345,0.28638967871665955,-0.8000648712640354,-0.827412402559927,0.7313791513442993,0.6668273210525513
tbp,6od3_E_ITF2_HUMAN.H11MO.0.C.npz,0,0.7780173726080518,0.5174912122477379,0.557142857142857,0.2285714285714285,0.9566666666666667,0.8266666666666667,0.5896351094266471,0.5261843323463152,0.6933917146868716,0.794712953460349,0.09246915578842163,0.31503960490226746,-0.3397695278233783,-0.3116907858003957,0.41957327723503113,0.596214771270752
tbp,4r2p_A_WT1_HUMAN.H11MO.0.C.npz,0,0.8205348511336423,0.7107823028507281,0.5555555555555556,0.4444444444444444,0.9505208333333334,0.90234375,0.5732778192699622,0.5750598154281922,0.191880227449458,0.5714430622428247,0.1332755982875824,0.17825143039226532,-0.48825596661379805,-0.4534553749064006,0.45953798294067383,0.48167991638183594
tbp,6od3_F_MA0830.2.jaspar.npz,0,0.710876629066964,0.7726574229697386,0.6833333333333332,0.4333333333333333,0.9479166666666666,0.921875,0.6404796853039032,0.631521743711804,0.2973343100468946,0.4300103924105123,0.2674526274204254,0.2629929482936859,-0.5164216804749561,-0.1923105083361829,0.5824944376945496,0.399844765663147
tbp,6fj5_C_P53_HUMAN.H11MO.0.A.npz,0,0.2648960964754224,0.4123300658306107,0.14999999999999997,0.15,0.6390335648148148,0.6820023148148148,0.3652838359695102,0.2088243392191215,0.49165390438275525,0.6641330870215875,0.5016105771064758,0.45529818534851074,-0.5529759414758396,-0.3663616732724415,0.9381605386734009,0.8355920910835266
tbp,1ram_A_TF65_MOUSE.H11MO.0.A.npz,0,0.3579674038104713,0.5628777609206737,0.43999999999999995,0.62,0.89,0.9166666666666666,0.13933120797060927,0.49907732413839606,-0.19800866038743697,-0.07105000517198154,0.5910045504570007,0.4058932363986969,-0.63938270410791,-0.6092591020682889,0.9608341455459595,0.7800949811935425
tbp,6vg2_A_FLI1_HUMAN.H11MO.0.A.npz,0,0.7247014753520489,0.7575406758114696,0.255409255338946,0.3720759220056127,0.9166666666666666,0.9351851851851851,0.5336842760658992,0.5772878994851299,0.8894028680228762,0.6246208468597354,0.292868971824646,0.22330953180789948,-0.33754889391087217,-0.2731344769154795,0.4932340681552887,0.38448771834373474
tbp,5vmv_A_KAISO_HUMAN.H11MO.0.A.npz,0,0.5678096830590882,0.5043094379679215,0.47505985008861307,0.4262892263020099,0.8306481481481484,0.8715740740740742,0.4072308273505531,0.3792613629933582,0.5009961190261095,0.4391362900407052,0.3730335533618927,0.2933841645717621,-0.4611012092318512,-0.43943326527662463,0.6884572505950928,0.6439819931983948
tbp,3v79_C_MA1116.1.jaspar.npz,0,0.7232404924579896,0.6694260629737983,0.3342927061281571,0.3613211768802619,0.9947916666666666,0.9635416666666666,0.7848350971996401,0.8030405641485312,0.3653670395562088,0.38488204658441927,0.18249724805355072,0.19131657481193542,-0.5759435065197146,-0.7877061617394038,0.49016404151916504,0.5929089784622192
tbp,7jm4_A_MA1419.1.jaspar.npz,0,0.679942021612078,0.7987284516915679,0.49000000000000005,0.51,0.8888888888888888,0.9525462962962963,0.7296073633168472,0.8467377796216411,0.03369002101066942,-0.02055734901755571,0.3842903971672058,0.26705625653266907,-0.48351201090204016,-0.7915938033645022,0.576371431350708,0.5803768634796143
tbp,5kl3_A_WT1_HUMAN.H11MO.0.C.npz,0,0.6942674658882121,0.6701342807597636,0.5,0.4444444444444444,0.82421875,0.70703125,0.5048915724466636,0.5425063186534133,0.45735005487737884,0.6585449246192701,0.21584409475326538,0.17885074019432068,-0.4061784534253508,-0.43668216945531313,0.5304281711578369,0.47475486993789673
tbp,4cn3_D_RXRA_HUMAN.H11MO.0.A.npz,0,0.7330894204529209,0.6163002150909355,0.5222222222222221,0.4222222222222222,0.9291666666666667,0.9249999999999999,0.3633551099266745,0.33178306568611127,-0.2198652059128825,-0.3564707221172413,0.2968125641345978,0.28886115550994873,-0.6867686668687157,-0.633484942626481,0.6807221174240112,0.7400928139686584
tbp,5yef_J_CTCF_HUMAN.H11MO.0.A.npz,0,0.5263984031875485,0.5748296449351723,0.4219140843613523,0.5147712272184952,0.8489583333333334,0.8697916666666665,0.46022124767189215,0.5197827148107018,0.49365999526695614,0.4335360413648922,0.3284168541431427,0.2917226254940033,-0.49424231955991205,-0.44823304728301233,0.7133646011352539,0.6610515713691711
tbp,1pzu_H_NFAC2_HUMAN.H11MO.0.B.npz,0,0.8508547407885393,0.766463170691471,0.6023932371277576,0.5917777118236159,0.9791666666666666,0.96875,0.9138274008798549,0.8577700164441905,0.2452148299007909,0.696585734180328,0.14579026401042938,0.21687109768390656,-0.5698026064519418,-0.656135089711306,0.3945779800415039,0.5162233710289001
tbp,4cn3_C_MA0065.1.jaspar.npz,0,0.7144337153960285,0.70713191555946,0.5819437444683891,0.5871425808846596,0.9064625850340136,0.914965986394558,0.7441392002861649,0.6142956023764424,0.4379867180684107,0.15689358106444598,0.2346419095993042,0.2364915907382965,-0.46389368791241825,-0.6023840108105587,0.4795694351196289,0.5255982279777527
tbp,2i9t_B_NFKB1_MOUSE.H11MO.0.A.npz,0,0.8454041531775147,0.8262587824370712,0.5032455532033675,0.5732455532033678,0.9899999999999999,0.96,0.5575095411817357,0.502530541631869,0.2657460532862641,0.39671445052050336,0.12367771565914154,0.14224012196063995,-0.5201198225410306,-0.4178841858739891,0.4167672097682953,0.3931509554386139
tbp,1vkx_B_NFKB1_MOUSE.H11MO.0.A.npz,0,0.6992516728583723,0.5983647944100084,0.42324555320336765,0.37743416490252574,0.9166666666666666,0.8700000000000001,0.5057516443469295,0.6171705692542611,0.36377849565306486,0.41819012903059427,0.2226698398590088,0.22949039936065674,-0.48584014897458677,-0.47132385401496035,0.5383284687995911,0.5836778283119202
tbp,6a8r_A_DUX4_HUMAN.H11MO.0.A.npz,0,0.43423732176888735,0.504414973402163,0.3884990146225665,0.5559756828944631,0.8575207860922148,0.8509070294784581,0.42823699474679877,0.5082696808768065,0.3107109333719991,0.380930679496184,0.42186617851257324,0.4983784258365631,-0.8802692747943015,-0.9525859135986672,0.8354470133781433,0.9527935981750488
tbp,6fbq_A_MA0065.1.jaspar.npz,0,0.6876345615850629,0.6931031407854918,0.49613032120267586,0.5946839572286903,0.8843537414965987,0.9336734693877552,0.7251603761875384,0.6721935508164095,0.4490975477502763,0.4890280640572781,0.24421565234661102,0.19271178543567657,-0.4982320942010447,-0.5389116488731489,0.523334801197052,0.4815618097782135
tbp,5kl4_D_WT1_HUMAN.H11MO.0.C.npz,0,0.7669817350850079,0.566409388201363,0.5111111111111112,0.23333333333333334,0.96484375,0.89453125,0.532556137657364,0.4301205626356974,-0.048635606659705906,0.3996637518215005,0.18616001307964325,0.2694300413131714,-0.6101397115491934,-0.5671615279669968,0.5775655508041382,0.622469961643219
tbp,1hjb_F_RUNX1_MOUSE.H11MO.0.A.npz,0,0.5419888135252727,0.6732184950572749,0.43589166078619673,0.4229774645621036,0.8622916666666667,0.9166666666666666,0.5429130057273892,0.5616890680930661,0.814011353949675,0.7575559517067533,0.31332847476005554,0.22072142362594604,-0.39900888753736435,-0.4013374829676026,0.6421640515327454,0.5266732573509216
tbp,5kl4_A_WT1_HUMAN.H11MO.0.C.npz,0,0.8691346902503736,0.6099225324255207,0.6000000000000001,0.3666666666666667,0.9830729166666666,0.9322916666666666,0.5989089027795382,0.461754633092208,0.06357441909373882,0.5235222094904662,0.11494927853345871,0.2241152673959732,-0.5735673059575057,-0.5187068716349735,0.4606163203716278,0.5723760724067688
tbp,3wtw_H_MA0098.3.jaspar.npz,0,0.5982749046241225,0.7181901161173301,0.5155735499325673,0.49395077333088355,0.9085648148148149,0.9409722222222223,0.5118786254875483,0.5515197782854571,0.3458550921348148,0.24601097255999171,0.26952916383743286,0.22097750008106232,-0.5508314254609347,-0.6087795725910627,0.6668999791145325,0.5793529748916626
tbp,2i9t_A_TF65_MOUSE.H11MO.0.A.npz,0,0.8588427554583177,0.8260278184898198,0.54,0.5599999999999999,0.9899999999999999,0.96,0.664225156389842,0.6561102659332307,0.611677731352481,0.5618981260269328,0.08078344166278839,0.09150829911231995,-0.39245264303740884,-0.3474753888520639,0.34443145990371704,0.35159534215927124
tbp,1r0n_A_MA0115.1.jaspar.npz,0,0.5811947514303029,0.5992231291214315,0.4760267555032307,0.5243393308669142,0.826388888888889,0.8240740740740741,0.6058673155833016,0.6647610492623944,0.704124463388332,0.4940534753748154,0.5366714000701904,0.519866406917572,-0.5759161346019153,-0.5127925763184039,0.7495851516723633,0.711622416973114
tbp,6mg2_A_CEBPB_HUMAN.H11MO.0.A.npz,0,0.5221150035504252,0.3160358358343894,0.39220676509343666,0.3447774898121161,0.9107349537037037,0.8506944444444443,0.5639996729229058,0.4432978611982337,0.4705566168520603,0.4213013920631825,0.22116698324680328,0.36867159605026245,-0.598029190240021,-0.651547030157028,0.6519796252250671,0.8319512009620667
tbp,2evi_A_MA0343.1.jaspar.npz,1,0.8273573849466629,0.5390067538479343,0.703925271309261,0.5017615691736824,0.9560185185185185,0.9033564814814815,0.6464423102415714,0.47619740392336996,0.3800483855014538,0.3786049156070263,0.1273694783449173,0.32369816303253174,-0.449393905814623,-0.5420543677396706,0.40926462411880493,0.6922020316123962
tbp,5ke6_A_KLF4_MOUSE.H11MO.0.A.npz,0,0.6949351101648062,0.66258210898377,0.35,0.42499999999999993,0.9166666666666666,0.9050925925925926,0.5299273286480677,0.5124759938920637,0.7410160687005376,0.49637923303725184,0.12699754536151886,0.2609371840953827,-0.2654588672591068,-0.5592168986035837,0.4447016716003418,0.6229076981544495
tbp,6byy_D_MA0660.1.jaspar.npz,0,0.9658749382684214,0.8141750277847879,0.6929860366010958,0.6402814089316229,0.984375,0.9674479166666666,0.8899287884823995,0.805816477872437,0.45602331655005685,0.3735334798951085,0.04000112786889076,0.1585489958524704,-0.28075247712515944,-0.6048737762963641,0.1867111474275589,0.458135187625885
tbp,2ady_A_MA0106.3.jaspar.npz,0,0.7993083844427019,0.8173081697896123,0.6700000000000002,0.67,0.9348072562358277,0.959750566893424,0.5345166224215027,0.5654638094801014,0.5072955887308596,0.6052662283540827,0.1487443596124649,0.11660699546337128,-0.4523119805271934,-0.40281645837889213,0.48784223198890686,0.4114592671394348
tbp,5und_A_MA1930.1.jaspar.npz,0,0.3538647510111332,0.38088553199893793,0.3,0.32800000000000007,0.7372291509196272,0.7481943394641807,0.4392436598781951,0.4831444084630341,0.667524919951761,0.6852698460240711,0.21207626163959503,0.18339060246944427,-0.37424296598984563,-0.3624268156390237,0.6033856868743896,0.5800980925559998
tbp,3q05_B_P53_HUMAN.H11MO.0.A.npz,0,0.7230257684772369,0.759228935581632,0.57,0.625,0.9288194444444445,0.9458912037037037,0.462668792505491,0.46239259885165945,0.6542528623252032,0.6776229300809116,0.15484042465686798,0.13331910967826843,-0.43851125971125854,-0.36400079528866863,0.5194342732429504,0.46633467078208923
tbp,5und_B_MA1930.1.jaspar.npz,0,0.4280398211482426,0.36256023927632236,0.32173913043478264,0.3434782608695652,0.8394207356145073,0.802640010252467,0.44350910452897063,0.4445228012285314,0.622288664354496,0.5613410253193528,0.20692789554595947,0.21575860679149628,-0.41294510312088123,-0.40503917839210646,0.5958579182624817,0.6241065263748169
tbp,7oh9_K_MA0386.1.jaspar.npz,0,0.4683369684831372,0.7322444768755564,0.3428571428571428,0.6285714285714287,1.0,0.9591836734693878,0.3010128334514862,0.7079056396087183,-0.17417445254710312,-0.16583543874033524,0.5208643674850464,0.4101967215538025,-1.1314593191966336,-1.194867345019026,1.044111967086792,0.954814076423645
tbp,5lty_M_MA0465.2.jaspar.npz,0,0.7408727657049894,0.7392664117738604,0.7799999999999999,0.72,0.88,0.8800000000000001,0.5682010837831913,0.6544847754939849,0.5577950191755255,0.3619850534920832,0.2805880904197693,0.238589808344841,-0.5156379063084542,-0.5707293219404918,0.5557929277420044,0.5603136420249939
tbp,3coa_C_FOXO1_HUMAN.H11MO.0.A.npz,0,0.7411583825014532,0.553116955727871,0.3857142857142857,0.3571428571428571,0.9008333333333334,0.9083333333333333,0.591409062248782,0.5439155756147304,0.6176263005982816,0.6335974343751566,0.11451029777526855,0.28185975551605225,-0.39162991673362557,-0.3737310232984029,0.4262104034423828,0.6457303166389465
tbp,5vmu_A_KAISO_HUMAN.H11MO.0.A.npz,0,0.6853379997580001,0.7822080086011233,0.5390351891054984,0.6432423877024566,0.9131250000000001,0.8925000000000001,0.36820001141765146,0.4539810154605074,0.42553621401332453,0.4838097585618931,0.23740985989570618,0.23507867753505707,-0.4825389230616113,-0.4057110696841638,0.5514954924583435,0.4821925759315491
tbp,1gu5_A_MA0466.3.jaspar.npz,0,0.1751661264958481,0.0796398043166846,0.006645908697016904,0.027138195914561944,0.6640625,0.6145833333333334,0.2689246804901997,0.10093035638600571,0.5192186984839325,0.21281572199831653,0.5084022283554077,0.636186420917511,-0.7775752114382438,-0.885798853052803,0.9856522083282471,1.1342953443527222
tbp,6od3_A_MA0830.2.jaspar.npz,0,0.6431254451939216,0.7777855206901828,0.5666666666666667,0.39999999999999997,0.9583333333333334,0.921875,0.5527611574864751,0.6375564096639653,0.16698281961033068,0.41129629767005116,0.3180338442325592,0.27570024132728577,-0.5810578944665467,-0.16589955264378212,0.6561946868896484,0.38996148109436035
tbp,6lbi_D_FOXO1_HUMAN.H11MO.0.A.npz,0,0.9246807766874522,0.6806245847387952,0.4571428571428572,0.3714285714285715,1.0,0.9483333333333334,0.5822055494228946,0.43692442441133944,0.5755011715394098,0.7322554478684047,0.06447350233793259,0.13676734268665314,-0.46235053171848656,-0.34578251461790754,0.35171276330947876,0.4810361862182617
tbp,3wtw_C_ETS1_HUMAN.H11MO.0.A.npz,0,0.6173236376023852,0.7451169949024916,0.47000000000000003,0.54,0.9166666666666666,0.9233333333333335,0.5445397171157937,0.5720235532415862,0.5847367350150556,0.46910307032750015,0.21213789284229279,0.20755839347839355,-0.4010650013736258,-0.49576385666185196,0.5660234689712524,0.5436369180679321
tbp,3wts_C_ETS1_HUMAN.H11MO.0.A.npz,0,0.74126658719033,0.6967594641260803,0.5200000000000001,0.45999999999999996,0.9500000000000001,0.9166666666666669,0.5631415035406901,0.5625408924636593,0.5668366590558055,0.43899122972646926,0.15875545144081116,0.22287233173847198,-0.3767481947835445,-0.5335675281767617,0.45181018114089966,0.5727983117103577
tbp,1a1g_A_MA0162.1.jaspar.npz,0,0.450540677504614,0.6185408592689783,0.39047588243311554,0.6006316763528627,0.6672453703703703,0.7835648148148148,0.5233691102376377,0.5738850921584078,0.6397751827238874,0.40819314532758844,0.3712908625602722,0.3052472472190857,-0.4711339004997416,-0.3739270666468727,0.7337047457695007,0.6342020630836487
tbp,2lt7_A_MA0527.1.jaspar.npz,0,0.8516938774846494,0.6300892952962646,0.6963709527487832,0.5535138098916405,0.9683333333333334,0.8858333333333333,0.5750406215081776,0.443497610496196,0.5315906202448317,0.36528081462907075,0.12477163225412369,0.2642361521720886,-0.4833842992202609,-0.604220460308538,0.3836684823036194,0.623474657535553
tbp,6vg8_A_FLI1_HUMAN.H11MO.0.A.npz,0,0.6292867021014293,0.8428655037035545,0.4817615691736825,0.605409255338946,0.8981481481481483,0.9444444444444443,0.5748481264980557,0.7660873667599518,0.4466596349036581,0.5682213500036605,0.32570135593414307,0.1996820569038391,-0.4927064325479897,-0.4050735855281445,0.58353590965271,0.4259151220321655
tbp,5hdn_A_HSF1_HUMAN.H11MO.0.A.npz,0,0.6022623185534031,0.6558003031706903,0.41905694150420947,0.48324555320336754,0.9074074074074074,0.9583333333333334,0.5361288966641734,0.4767008809460306,0.2669033798059511,-0.44528442100498483,0.2092035710811615,0.25636401772499084,-0.584858698688812,-0.8354716565809108,0.6191088557243347,0.7955619096755981
tbp,5yef_B_MA1930.1.jaspar.npz,0,0.361554608719113,0.5560106427098314,0.3222222222222222,0.5777777777777778,0.7587573964497042,0.8089743589743591,0.4007353453979253,0.47108861591884893,0.6367913895463265,0.6102769324064531,0.2932802140712738,0.23894916474819183,-0.3575635679313528,-0.432113947115212,0.700004518032074,0.616270124912262
tbp,7cli_A_NFKB2_HUMAN.H11MO.0.B.npz,0,0.4351710283663124,0.522055762830529,0.31732449227655407,0.2899255899383734,0.7310474537037037,0.8370949074074074,0.3683964424444886,0.4441451194605138,-0.07216928439900067,0.0235277914607646,0.47479012608528137,0.35819241404533386,-0.6392002295701998,-0.6065194125595225,0.8656349778175354,0.7534980773925781
egr1,4l0z_B_MA0098.3.jaspar.npz,0,0.7382686306038522,0.6785734806457185,0.6097621616317255,0.4897621616317254,0.9502314814814815,0.9120370370370372,0.5506951315232735,0.5482155355717573,0.10300949486722923,0.1590657379328313,0.23937316238880157,0.24684664607048035,-0.6376944174324197,-0.5778943791876309,0.6197851896286011,0.6432608366012573
egr1,5z2t_D_DUX4_HUMAN.H11MO.0.A.npz,0,0.2361278521595523,0.20843473251443356,0.2443444056189052,0.1047210365591785,0.6065759637188208,0.6793272864701437,0.27709614733025834,0.12238773314071087,0.13207267245239396,0.23997195252148906,0.8173799514770508,0.7128704190254211,-0.5320574217475519,-0.6845686543102695,1.14401113986969,1.109189748764038
egr1,4xrm_B_MEIS2_HUMAN.H11MO.0.B.npz,0,0.8625517956291636,0.7389386114664376,0.6740796743340023,0.4859035174166341,0.9976851851851851,0.9699074074074074,0.7927396467418437,0.7641956923082405,0.5805409392368165,0.566697926513041,0.08031152933835983,0.09413695335388184,-0.43281255280769004,-0.5311364114231019,0.3409566879272461,0.41925904154777527
egr1,2wty_A_MA0117.2.jaspar.npz,0,0.483305243097923,0.41770386848260055,0.4302232301848797,0.3316984816409558,0.9107142857142857,0.7987882653061225,0.5195110651374221,0.4597208884546944,0.5388222948655563,-0.007128340447618328,0.24514703452587128,0.3921211361885071,-0.43815297506204304,-0.700777063605024,0.6327583193778992,0.860822319984436
egr1,1le8_B_MA0328.2.jaspar.npz,0,0.6976687965652673,0.7201338839822711,0.5904099959114997,0.601023138347365,0.7122222222222222,0.8855555555555558,0.5202449395242315,0.4232267839985667,0.6027023127242666,-0.06314438329950914,0.3329792022705078,0.27447378635406494,-0.4017554587251008,-0.7933257202366086,0.6331311464309692,0.6897751092910767
egr1,2euz_A_MA0343.1.jaspar.npz,0,0.7316649565233092,0.5971252033283235,0.6485160159703149,0.39851601597031494,0.9166666666666666,0.8321759259259259,0.4881408889519868,0.40469516218181834,0.23174665824293544,0.08756705703108902,0.2048574984073639,0.3019586205482483,-0.5369265843029296,-0.6642410953523449,0.5215208530426025,0.6962155103683472
egr1,1a1j_A_MA0162.1.jaspar.npz,1,0.5903232395648956,0.6647823990439065,0.4626480852425681,0.3783291816452856,0.8396990740740741,0.9814814814814814,0.5306880009924014,0.6366942886172173,0.6490744677671836,0.4489908589250311,0.2624800205230713,0.18962693214416504,-0.427824124780772,-0.47568173346865283,0.6225330233573914,0.5598152875900269
egr1,6byy_A_MEF2A_HUMAN.H11MO.0.A.npz,0,0.6930784710372487,0.6689191120676696,0.7333333333333333,0.6222222222222222,0.9309895833333334,0.94921875,0.5826649322295174,0.45995248723859006,-0.09194632799012212,-0.18935205209304876,0.30225270986557007,0.28758734464645386,-0.40695313857629256,-0.6071876159079277,0.5894134044647217,0.6982263922691345
egr1,4xrm_A_MEIS2_HUMAN.H11MO.0.B.npz,0,0.8625517923695346,0.7389386328480517,0.6740796743340023,0.4859035174166341,0.9976851851851851,0.9699074074074074,0.7927396331494729,0.7641957027669509,0.5805409682338578,0.566697945115797,0.08031152933835983,0.09413695335388184,-0.4328125709772008,-0.5311364052937727,0.3409566879272461,0.41925904154777527
egr1,3iag_C_SUH_MOUSE.H11MO.0.A.npz,0,0.8932412521389779,0.8176947785832454,0.6375,0.55,1.0,0.9791666666666666,0.6449803168721815,0.5976396769027684,0.8779090241423387,0.7493341924977441,0.048038363456726074,0.12106211483478546,-0.257596154922286,-0.3164803729204135,0.2494640052318573,0.3928433954715729
egr1,1vkx_A_TF65_MOUSE.H11MO.0.A.npz,0,0.8285742917476455,0.8384078027214855,0.61,0.6500000000000001,0.9666666666666668,0.98,0.622262844120179,0.6596949645005077,0.47765736971396483,0.6215495075023412,0.16177675127983093,0.0888785794377327,-0.36753717521313395,-0.3578989350534684,0.38826414942741394,0.35221171379089355
egr1,3wtu_A_RUNX1_MOUSE.H11MO.0.A.npz,0,0.8760198238305748,0.6321220649406314,0.658113883008419,0.3508496476323666,0.9966666666666667,0.9566666666666667,0.610040370987146,0.4881372893626214,0.38536897580641616,0.28565496204491175,0.1337147057056427,0.240103617310524,-0.5192103423470572,-0.6568752705435601,0.4277518093585968,0.6211328506469727
egr1,1srs_A_SRF_HUMAN.H11MO.0.A.npz,0,0.6639062453124841,0.5864625659093938,0.5475477224614337,0.5202749951887065,0.8660185185185184,0.7921296296296295,0.5735147670691231,0.5361402909602012,0.4670604420425027,0.5718951234553686,0.23191863298416138,0.3046491742134094,-0.4178725113691449,-0.36245775285363563,0.5641660094261169,0.6445643305778503
egr1,5ke8_A_MA0039.2.jaspar.npz,0,0.6220445542130619,0.624329175974708,0.5415569415042094,0.39155694150420944,0.9200680272108844,0.8996598639455783,0.7350869790353304,0.7114714894133445,0.7413741307678179,0.5990724406990636,0.22706711292266846,0.15565364062786102,-0.3082035566319209,-0.40188799605218445,0.5059810876846313,0.4797761142253876
egr1,3kov_I_MA0052.4.jaspar.npz,0,0.682706741305689,0.7346920119598508,0.6777777777777777,0.6111111111111112,0.6640625,0.9583333333333334,0.5523840325785042,0.503829729797558,0.2235423248353689,0.20855967890644994,0.23635070025920868,0.20329968631267548,-0.3916919671951628,-0.3440098527451798,0.5433998703956604,0.4960135817527771
egr1,1c7u_A_MEF2A_HUMAN.H11MO.0.A.npz,0,0.301707972563842,0.1396203200953702,0.2416666666666666,0.11666666666666668,0.5113168724279836,0.610082304526749,0.24079473107757102,0.10644062245896364,-0.293415728406761,-0.042458188725153,0.47385886311531067,0.4510793685913086,-0.6733159093603355,-0.6233500774816245,0.9956240653991699,1.0204147100448608
egr1,6vge_A_ERG_HUMAN.H11MO.0.A.npz,0,0.2867251445746256,0.36598467969128656,0.10075524233988145,0.2645709811204655,0.7541666666666668,0.7302083333333332,0.43288267344252523,0.3569069321397609,0.8302902171075088,0.45186254585653784,0.3498920798301697,0.4374874532222748,-0.29872119715988577,-0.5547980082230857,0.7526376247406006,0.8855904936790466
egr1,2wbu_A_KLF4_MOUSE.H11MO.0.A.npz,0,0.7103160029510036,0.7451530048856512,0.5374999999999999,0.5499999999999999,0.9560185185185186,0.9861111111111112,0.5271539231983748,0.5140293669382723,0.7822864532896721,0.6189924757908115,0.16575193405151367,0.11301461607217789,-0.40478957451955905,-0.3248325855146054,0.5006412863731384,0.39549919962882996
egr1,2evj_A_MA0343.1.jaspar.npz,0,0.8919172879541293,0.8181477773468941,0.6540569415042095,0.5158807845868413,1.0,0.9114583333333334,0.6748986072135352,0.6434601167618818,0.2960249717941281,-0.26990577441843533,0.060753993690013885,0.18951724469661713,-0.3542297738200031,-0.6529738189546292,0.2732435464859009,0.5313119888305664
egr1,6vgg_A_ERG_HUMAN.H11MO.0.A.npz,0,0.44640360961461234,0.3403382685218175,0.2627678960074835,0.29670225771181097,0.793125,0.7585416666666666,0.4486737210051826,0.3083577396313282,0.5386148998054499,0.11416835442766222,0.3286028802394867,0.5128076672554016,-0.4390567463349455,-0.5616149077986132,0.7523415684700012,0.9607317447662354
egr1,2wty_B_MA0117.2.jaspar.npz,0,0.4833052411506122,0.41770387356254185,0.4302232301848797,0.3316984816409558,0.9107142857142857,0.7987882653061225,0.519511056969592,0.4597208964788319,0.5388221546615466,-0.007128187868104023,0.24514704942703247,0.3921211361885071,-0.4381530473672148,-0.7007770203872845,0.6327582001686096,0.860822319984436
egr1,2erg_A_MA0324.1.jaspar.npz,0,0.578645982965827,0.5211828613420948,0.6105098851286124,0.5135996444122328,0.8019652305366591,0.8036659108087679,0.620459822752489,0.5227327189917244,0.21374566466912412,-0.03565523583969474,0.32253265380859375,0.3367123007774353,-0.6114372154015923,-0.8049498945847248,0.7638388276100159,0.8756863474845886
egr1,6b0q_A_WT1_HUMAN.H11MO.0.C.npz,0,0.7063289639578821,0.5239804385281686,0.5111111111111111,0.14444444444444443,0.6979166666666666,0.6770833333333334,0.49620277515187283,0.4022226789185719,0.5014926775773718,0.02607822873924678,0.21022140979766846,0.33840224146842957,-0.4551874072472207,-0.515607877944436,0.5534089803695679,0.7352054119110107
egr1,4r2d_A_MA0162.4.jaspar.npz,1,0.6753973044920712,0.6759469169192016,0.43,0.25,0.7421875,0.8489583333333334,0.5733416670437046,0.44247951937069924,0.6857547403504186,0.27120639052964923,0.18454307317733765,0.21067765355110168,-0.363930655335669,-0.4070440662014332,0.5077633857727051,0.5369892120361328
egr1,6u81_A_DUX4_HUMAN.H11MO.0.A.npz,0,0.7008223448480878,0.6572131602027055,0.5162641974762988,0.4830562643286309,0.8958333333333334,0.8716666666666667,0.6813747618717034,0.5368682831378159,0.7346430731912099,0.4882983448997821,0.1587831974029541,0.26092275977134705,-0.4929945768074641,-0.7440678089009015,0.507591187953949,0.6499658823013306
egr1,1a1i_A_MA0162.1.jaspar.npz,1,0.5723369312472641,0.7279407242895104,0.5394365410337882,0.5019365410337883,0.79421768707483,0.9965986394557823,0.5052626916257583,0.6003251877543558,0.530745842067293,0.42156200899988766,0.3017393946647644,0.20620152354240417,-0.40474289017570214,-0.4004030313883843,0.647246241569519,0.5330047607421875
egr1,6lbi_K_FOXO1_HUMAN.H11MO.0.A.npz,0,0.8085991495223918,0.8671120909883163,0.39999999999999997,0.5285714285714286,0.9625,1.0,0.5540832263122842,0.5695719228318973,0.24341570439751897,0.48677535281305057,0.14211274683475494,0.09641462564468384,-0.511913103591373,-0.39180551159323984,0.48729127645492554,0.38495615124702454
egr1,6vg2_D_FLI1_HUMAN.H11MO.0.A.npz,0,0.6397217105453213,0.7110864187901219,0.33176156917368244,0.3650949025070158,0.8703703703703703,0.8518518518518517,0.5019572009286197,0.5555307819710585,0.27447236485040327,0.7663834322608162,0.3292783498764038,0.29958608746528625,-0.4908055578673554,-0.3315002435214575,0.6204969882965088,0.5035341382026672
egr1,6byy_A_MA0660.1.jaspar.npz,0,0.8187533483530084,0.806335186249473,0.7818749254899848,0.6958275192939849,0.97265625,1.0,0.8578328445997045,0.5887590795550972,0.10459869493306187,0.4482064880015475,0.1991249918937683,0.2005053162574768,-0.5648242365071181,-0.7029449087234698,0.4914320707321167,0.546150803565979
egr1,2e42_A_CEBPB_HUMAN.H11MO.0.A.npz,0,0.7274993700028228,0.5993381998903881,0.5142041399780115,0.5133468140727472,0.9605034722222222,0.9639756944444445,0.7223426504832462,0.71009595954234,0.5694466789281374,0.665729172074254,0.19044098258018494,0.16280414164066315,-0.5102820776114444,-0.5551690942073013,0.5564927458763123,0.5754876732826233
egr1,6fj5_D_P53_HUMAN.H11MO.0.A.npz,0,0.46708213551610245,0.08981791250407696,0.33499999999999996,0.11499999999999999,0.7009548611111112,0.468894675925926,0.08818334435860178,-0.013676133805070772,-0.23933391935046894,0.4203880048817565,0.40136972069740295,0.7283985018730164,-0.7046265911586165,-0.5088321968745143,0.8934949636459351,1.164437174797058
egr1,5yef_G_MA1930.1.jaspar.npz,0,0.5368334677962897,0.34876732892977697,0.461111111111111,0.4333333333333333,0.7704536489151873,0.7007297830374754,0.4472492213834711,0.3432542307306026,0.5807875279027531,0.19722116913947,0.2513419985771179,0.3013579845428467,-0.4355858820024964,-0.531300244285172,0.6801931262016296,0.7727715373039246
egr1,1srs_B_SRF_HUMAN.H11MO.0.A.npz,0,0.6639062156583267,0.586462635716254,0.5475477224614337,0.5202749951887065,0.8660185185185184,0.7921296296296295,0.5735148113517856,0.5361403246500767,0.46706034315320305,0.571895219816567,0.23191863298416138,0.30464914441108704,-0.41787257938916283,-0.36245770959692797,0.5641660094261169,0.6445642113685608
egr1,1ram_B_TF65_MOUSE.H11MO.0.A.npz,0,0.6692632756195962,0.5229231119854376,0.64,0.48,0.9500000000000001,0.8866666666666667,0.5042041901535,0.44983658556870887,0.42342874250497553,0.0424403275280028,0.3074585795402527,0.4151216149330139,-0.4234865518190748,-0.5548157677569392,0.6012800931930542,0.7844029068946838
egr1,5vpf_B_JUND_HUMAN.H11MO.0.A.npz,0,0.8223020445050983,0.810678019395305,0.5761572422132639,0.49537432258051606,0.9097222222222223,0.8819444444444445,0.6521515037538395,0.6509763107866311,0.1614785271567963,0.28925889188290727,0.19966842234134674,0.19695009291172028,-0.5924207559537131,-0.6455844347970932,0.523952305316925,0.5351974368095398
egr1,7cli_B_MA0778.1.jaspar.npz,0,0.7638891897634797,0.5284016675917277,0.6817615691736826,0.4734282358403492,0.9348958333333334,0.83984375,0.4994231661655364,0.29106744301869436,0.304183145698881,0.30835264495461256,0.21629135310649872,0.45646774768829346,-0.536652834772967,-0.5617245416980515,0.5548877716064453,0.7911090850830078
egr1,3gut_D_MA0105.4.jaspar.npz,0,0.4316783022474159,0.43730994762683456,0.20000000000000007,0.3909090909090909,0.7670717592592592,0.767795138888889,0.1966038298658044,0.34779250328333705,0.3182630507223052,0.6413512051193621,0.5737178325653076,0.5656025409698486,-0.5989176292884343,-0.7819804946127206,0.8709654211997986,0.9108870029449463
egr1,2erg_B_MA0324.1.jaspar.npz,0,0.5786459520226345,0.5211828466039151,0.6105098851286124,0.5135996444122328,0.8019652305366591,0.8036659108087679,0.620459889722875,0.5227327521201273,0.2137457671215789,-0.035655055980024414,0.32253268361091614,0.3367123305797577,-0.6114372104500077,-0.8049498876572356,0.7638388276100159,0.8756863474845886
egr1,1c7u_B_MEF2A_HUMAN.H11MO.0.A.npz,0,0.30170800248257973,0.13962026607866088,0.2416666666666666,0.11666666666666668,0.5113168724279836,0.610082304526749,0.24079475905800105,0.10644060284530478,-0.2934156617272268,-0.04245814125647579,0.4738588333129883,0.451079398393631,-0.6733159242101096,-0.6233500824619482,0.9956240653991699,1.0204148292541504
egr1,6dfy_D_DUX4_HUMAN.H11MO.0.A.npz,0,0.8413596840400714,0.5465536244679242,0.5955735499325672,0.31800059245804296,0.8276643990929706,0.8074452003023432,0.8437508623501925,0.36963896805297475,-0.08752801021842156,-0.255682465367614,0.1544545739889145,0.3617425262928009,-0.8215974390410252,-1.1106829534288063,0.5332475304603577,0.8991161584854126
egr1,2etw_A_MA0343.1.jaspar.npz,0,0.9239732963364481,0.8279415771313425,0.7423487588982433,0.5376947458991788,0.875,0.8449074074074074,0.7096577195634706,0.6657819762712345,0.4915933883740491,0.22973321791535511,0.08051199465990067,0.17305390536785126,-0.3926016539826475,-0.6121772122990946,0.32482269406318665,0.5223023891448975
egr1,6x6e_A_GCR_HUMAN.H11MO.0.A.npz,0,0.6156106478845079,0.465875211233894,0.5144151844011225,0.36180308511298204,0.9283333333333333,0.8841666666666668,0.4550480655583787,0.3429872264541627,0.5305744921789753,0.6149213980706599,0.1518232822418213,0.20554353296756744,-0.46568006718910565,-0.3755447536117598,0.530112624168396,0.5963869690895081
egr1,3gut_E_MA0107.1.jaspar.npz,0,0.7287279973039403,0.5270059708505869,0.5833618060439584,0.4379525507050124,0.9533333333333333,0.8533333333333332,0.742578696794161,0.6287170398795034,0.6992825102597126,0.5120190679415201,0.1620544195175171,0.29799991846084595,-0.3701400502553015,-0.6406523843804128,0.4291691184043884,0.7137308120727539
egr1,1n6j_A_MA0660.1.jaspar.npz,0,0.5956861798302271,0.5997292243875563,0.583678932267112,0.6057038418306917,0.7057291666666666,0.92578125,0.6156229683061538,0.5495909294224183,0.3665132345624755,0.46311207352713224,0.3591322898864746,0.30101779103279114,-0.5319443885052721,-0.6424181832229826,0.6999004483222961,0.6821305751800537
egr1,3gut_H_MA0105.4.jaspar.npz,0,0.4758432100272991,0.5291894954597492,0.3272727272727272,0.5272727272727272,0.7547743055555557,0.7818287037037037,0.23386377081086965,0.5255965221290052,-0.06386495074948158,0.041450013371402826,0.5565742254257202,0.44291555881500244,-0.6684411140158906,-0.9312014964281358,0.8742456436157227,0.8770898580551147
egr1,6lbi_L_FOXO1_HUMAN.H11MO.0.A.npz,0,0.8085991991485796,0.8671121022307101,0.39999999999999997,0.5285714285714286,0.9625,1.0,0.5540832609696774,0.5695719289255279,0.24341574540700836,0.48677547906924123,0.14211270213127136,0.09641460329294205,-0.5119131002826274,-0.39180547198656296,0.4872911870479584,0.38495612144470215
egr1,6wqu_C_SUH_MOUSE.H11MO.0.A.npz,0,0.8473174443352036,0.8081894721835852,0.6125,0.5625,0.9895833333333334,0.9739583333333334,0.6473463234200978,0.5823077782681132,0.8422303437119351,0.43670021376154117,0.050180770456790924,0.13956980407238007,-0.24815213921921225,-0.40575374076079956,0.25630462169647217,0.44574135541915894
egr1,4x9j_A_MA0162.4.jaspar.npz,1,0.5418306396342814,0.7717075482825748,0.35,0.29000000000000004,0.7005208333333334,0.8645833333333334,0.5281526833453495,0.5551278079773934,0.5405099867246576,0.23776529552474748,0.3058105409145355,0.1296292245388031,-0.4129639897218379,-0.4556017962672737,0.6231415867805481,0.45927777886390686
egr1,6dks_C_SUH_MOUSE.H11MO.0.A.npz,0,0.7798817728180438,0.6019606758491136,0.5375,0.27499999999999997,0.9791666666666666,0.9947916666666666,0.4917013984066184,0.4650069748880771,0.5874595867961464,0.5665968134820429,0.17578601837158203,0.20144107937812805,-0.4276365490840127,-0.3514106954304765,0.45789963006973267,0.48325708508491516
egr1,6fbr_B_RXRA_HUMAN.H11MO.0.A.npz,0,0.7053010371875845,0.7689784829271957,0.5555555555555556,0.6111111111111112,0.9325,0.9241666666666667,0.3461232321200023,0.41282893237576923,-0.29837929270410657,-0.3862974447166568,0.26424893736839294,0.2151636928319931,-0.7091645004399002,-0.5719519694960626,0.7117303013801575,0.5867549777030945
egr1,6x6e_B_MA0113.3.jaspar.npz,0,0.5739911740800987,0.4550606774321447,0.48216370213557835,0.3382894432683504,0.9212962962962963,0.8816872427983538,0.650355311609929,0.5340117473055235,0.6803464321688033,0.575424359095514,0.18165276944637299,0.2803245782852173,-0.46596440219503493,-0.7187953301004193,0.5262495875358582,0.7407304644584656
egr1,3wtw_F_RUNX1_MOUSE.H11MO.0.A.npz,0,0.7067223265767097,0.651837166165933,0.5581138830084189,0.5133496476323666,0.9666666666666667,0.9288888888888889,0.5460788965711055,0.5217621244626778,0.6755380383392309,0.5800939019365846,0.23628957569599152,0.2616090476512909,-0.35579017075727093,-0.5817389412662782,0.5061583518981934,0.6027957201004028
egr1,7jm4_H_MA1419.1.jaspar.npz,0,0.6791943310585339,0.798884078557603,0.5800000000000001,0.6000000000000001,0.9479166666666666,0.921875,0.627685298492316,0.8627533384023967,0.4462943700494597,-0.19816863397982043,0.3754010796546936,0.2654948830604553,-0.48980698956973645,-0.7448352492378574,0.5847268104553223,0.5646103620529175
egr1,7vuq_B_NFKB2_HUMAN.H11MO.0.B.npz,0,0.7457204751077701,0.6194337998114695,0.5452151451000934,0.5667130416139692,0.9324363425925926,0.8537326388888888,0.5337945107640111,0.47007894769420494,0.5347822303243555,0.43116023646589813,0.12952972948551178,0.2638143301010132,-0.4386074827343268,-0.4174994156112938,0.43656256794929504,0.6110244393348694
egr1,6mg3_A_CEBPB_HUMAN.H11MO.0.A.npz,0,0.6512761978136207,0.5353375318544832,0.483949998251771,0.4308643393917123,0.8596643518518517,0.8109085648148148,0.53574200372285,0.49276478885638536,0.3788539753544733,0.33945323163146734,0.30796539783477783,0.29932963848114014,-0.6003179061874531,-0.5944352841562835,0.6850361824035645,0.7207388281822205
egr1,4f6n_A_MA0527.1.jaspar.npz,0,0.3156175447705512,0.3808981211623177,0.3480883954431828,0.33515530883270245,0.650462962962963,0.7569444444444445,0.3290989718541437,0.3927198921557592,0.24482966642141438,0.44723161133175515,0.4380861818790436,0.36913856863975525,-0.6615409065248266,-0.5051986799045156,0.869499146938324,0.7444857954978943
egr1,6dfy_C_MA0468.1.jaspar.npz,0,0.8329751193523407,0.5133743342710659,0.6521156603825478,0.3149193338482966,0.9598765432098766,0.8847736625514403,0.836832884236775,0.3447362761305831,0.023105860896061356,-0.20223658211782441,0.13849572837352753,0.3415449261665344,-0.7626217136943987,-1.0219933604309814,0.5204007029533386,0.8630220293998718
egr1,7dcj_A_HSF1_HUMAN.H11MO.0.A.npz,0,0.8021761582203908,0.8101396191632375,0.5863211768802619,0.4613211768802618,0.96875,0.9739583333333334,0.6970380599330062,0.6930092208609027,0.5677131701829433,0.29907315840907617,0.0854291170835495,0.0844731479883194,-0.5139275250250344,-0.609238513074131,0.3783286213874817,0.4195230007171631
egr1,6od3_B_ITF2_HUMAN.H11MO.0.C.npz,0,0.6689141831926203,0.18998718607638562,0.45714285714285713,0.24285714285714285,0.9533333333333333,0.64,0.5799752274362457,0.23321115579917076,0.7839308418486325,0.20546669648465032,0.2152107059955597,0.5750322937965393,-0.3035646746871433,-0.44063189687206256,0.4741351902484894,0.9877030253410339
egr1,3wts_F_RUNX1_MOUSE.H11MO.0.A.npz,0,0.7598819794948213,0.5909711657441221,0.658113883008419,0.38834964763236657,0.9833333333333334,0.9233333333333333,0.5623713843509256,0.4833645840142745,0.6398380424657806,0.6571790951817973,0.19322353601455688,0.2721192240715027,-0.4254122577446918,-0.5592845724122464,0.4749910235404968,0.6452635526657104
egr1,5ke7_A_KLF4_MOUSE.H11MO.0.A.npz,0,0.8086342972819693,0.8682911360519938,0.6,0.65,0.9930555555555555,0.9861111111111112,0.5455067327193562,0.5472816287185087,0.7921014709900103,0.6152567030811428,0.1020427793264389,0.08773938566446304,-0.4399805757849409,-0.36838824115334795,0.43497827649116516,0.3495631515979767
egr1,7dcj_B_MA0486.2.jaspar.npz,0,0.9391602919204161,0.9302369732758962,0.697674231287552,0.697674231287552,1.0,0.9895833333333334,0.9108696607682667,0.9074071567821056,0.6321909921498152,0.6385465048784879,0.058050960302352905,0.06883679330348969,-0.44796024670826273,-0.5891364039054261,0.275317907333374,0.34332138299942017
egr1,5emq_B_GCR_HUMAN.H11MO.0.A.npz,0,0.7197448012933213,0.5687756990082562,0.6288303688022451,0.3964863581553686,0.9341666666666667,0.8716666666666667,0.5337122738302813,0.4465169749939325,0.7052860523162175,0.4148288807112575,0.09625966101884842,0.17783887684345245,-0.3799446956433049,-0.47651163472252633,0.4097270965576172,0.5892945528030396
egr1,1n6j_B_MEF2B_HUMAN.H11MO.0.A.npz,0,0.5054779343423433,0.4528789270669222,0.5390569415042095,0.4732455532033676,0.6063869992441421,0.7362055933484505,0.40485023739882314,0.2888476772215185,0.14683548995504464,-0.07799131562075302,0.4093386232852936,0.38125044107437134,-0.49537764616501995,-0.5490332130160359,0.7833127379417419,0.8039023280143738
egr1,1e3o_C_MA0785.1.jaspar.npz,0,0.528211822360754,0.436237327568233,0.43999999999999995,0.26,0.951388888888889,0.6944444444444445,0.5320239008440368,0.41460618293051754,0.5809731710698219,0.21033764864218607,0.20315055549144745,0.3774930536746979,-0.4849669397636446,-0.5078105407845397,0.5903606414794922,0.8066813349723816
egr1,4l0z_A_RUNX1_MOUSE.H11MO.0.A.npz,0,0.8201447633909993,0.7389160649036057,0.6403781183844713,0.4903781183844713,0.9611111111111111,0.96,0.6365279062382245,0.5648566950544816,0.39105543007916477,0.2774115787632912,0.1730073094367981,0.2189098745584488,-0.4898497878699499,-0.6993927502071318,0.4889935851097107,0.629063606262207
egr1,5emp_A_GCR_HUMAN.H11MO.0.A.npz,0,0.6307767288032967,0.5336900055718918,0.5389181489322109,0.4185575319096145,0.9158333333333332,0.8475,0.4064863049707963,0.37823316934333384,0.7557948657917763,0.48508413869955647,0.1546941101551056,0.23056434094905853,-0.33587065664527044,-0.41208257427142175,0.4708801805973053,0.6135063767433167
egr1,3wtu_C_ETS1_HUMAN.H11MO.0.A.npz,0,0.7467734423466027,0.6372668991331011,0.52,0.41999999999999993,0.9400000000000001,0.9100000000000001,0.5429472375661615,0.5116907404155839,0.30414040981320223,0.44793052715015924,0.18497605621814728,0.20555901527404785,-0.5125968483850325,-0.5121164106634896,0.5538216233253479,0.5810931324958801
egr1,6fj5_A_P53_HUMAN.H11MO.0.A.npz,0,0.4670821616164176,0.08981789448298513,0.33499999999999996,0.11499999999999999,0.7009548611111112,0.468894675925926,0.0881833951552117,-0.013676144996412506,-0.23933398622881166,0.42038805400984164,0.40136972069740295,0.7283985614776611,-0.7046266544490414,-0.5088321453283821,0.8934949636459351,1.164437174797058
egr1,6byy_B_MA0660.1.jaspar.npz,0,0.8187533080991771,0.8063352419994771,0.7818749254899848,0.6958275192939849,0.97265625,1.0,0.8578328516916471,0.5887591986823588,0.10459852528773836,0.4482064855079805,0.1991250216960907,0.20050527155399323,-0.5648242003160404,-0.7029449178824881,0.4914321303367615,0.546150803565979
egr1,5lty_K_CDX2_HUMAN.H11MO.0.A.npz,0,0.43210176509125053,0.40095831044229935,0.4872274371571279,0.32887415379425683,0.7405960648148149,0.7278645833333334,0.4633408558319688,0.46194010603487645,0.6589105409126772,0.48093690160371333,0.26245519518852234,0.24875079095363617,-0.3660526235238965,-0.4460588005700736,0.6738791465759277,0.7012096047401428
egr1,3kov_B_MEF2A_HUMAN.H11MO.0.A.npz,0,0.3769741728125761,0.6002286561868257,0.6333333333333334,0.5444444444444445,0.7864583333333334,0.9205729166666666,0.19736036921572378,0.45252041450138286,-0.16098637121074108,-0.1433697238346203,0.607722818851471,0.3335164785385132,-0.5356248373593361,-0.5021873709098263,1.018439531326294,0.6907601356506348
egr1,6dks_G_SUH_MOUSE.H11MO.0.A.npz,0,0.7591776959598064,0.8001756628509611,0.5999999999999999,0.475,0.9583333333333334,0.9947916666666666,0.4593931846644456,0.48434561138989474,0.7540181532023724,0.49861089966973626,0.20696109533309937,0.1612337827682495,-0.2714328710089041,-0.3590581589350643,0.4510393440723419,0.4200441241264343
egr1,7vuq_A_NFKB2_HUMAN.H11MO.0.B.npz,0,0.745720431081612,0.619433793969537,0.5452151451000934,0.5667130416139692,0.9324363425925926,0.8537326388888888,0.5337944510711694,0.47007886670539567,0.5347822279132904,0.4311601951160162,0.12952975928783417,0.2638143301010132,-0.43860741186238367,-0.4174994712022808,0.43656256794929504,0.6110244393348694
egr1,5emp_B_MA0113.3.jaspar.npz,0,0.8133861529854282,0.6493528285529464,0.7021637021355784,0.5182894432683506,0.95679012345679,0.9107510288065842,0.6417428892355509,0.581042736123417,0.7663282296581623,0.22879335401711154,0.12689688801765442,0.24021008610725403,-0.44732087469045073,-0.8257508852320825,0.4087652564048767,0.6945695281028748
egr1,6dfc_A_MA0527.1.jaspar.npz,0,0.807664207781532,0.6765846936032176,0.682085238463069,0.4797426985353087,0.9550000000000001,0.9266666666666666,0.6390976997486295,0.4517889418986108,-0.09070207180247739,0.023366269472446334,0.17928430438041687,0.26899585127830505,-0.6501035837794993,-0.6459189510750399,0.5247219800949097,0.6178506016731262
egr1,2evf_A_MA0343.1.jaspar.npz,0,0.8791100673784967,0.6612370205868501,0.7281138830084191,0.5070320319406297,0.9722222222222222,0.8356481481481483,0.5875577882408243,0.5316267069019289,0.4288732548513824,0.412695853371894,0.10331360995769501,0.2804014980792999,-0.4291727958136461,-0.5253695060605182,0.34924718737602234,0.6239445805549622
egr1,7jm4_G_MA1419.1.jaspar.npz,0,0.6791943033167627,0.7988840806065127,0.5800000000000001,0.6000000000000001,0.9479166666666666,0.921875,0.6276852969005585,0.8627533478956015,0.4462945849813045,-0.19816871292286384,0.3754010796546936,0.2654948830604553,-0.4898069860197067,-0.744835219823037,0.584726870059967,0.5646103620529175
egr1,7jm4_B_MA1419.1.jaspar.npz,0,0.7495363175868988,0.8193565751891583,0.59,0.64,0.96875,0.9322916666666666,0.6737287220257959,0.8479020873233042,0.3333389443989195,-0.04182657285404043,0.26762574911117554,0.23155827820301056,-0.5612093904893655,-0.7749733556454086,0.50233393907547,0.5463648438453674
egr1,6lbi_C_FOXO1_HUMAN.H11MO.0.A.npz,0,0.8003146395563816,0.8113535183355253,0.3714285714285715,0.5714285714285714,0.9916666666666667,1.0,0.4790043891080581,0.4941685504184043,0.23346466340749072,0.5083976749240298,0.14681611955165863,0.13637341558933258,-0.43581623219157883,-0.3831201559875174,0.4749738872051239,0.4344075322151184
egr1,1pzu_L_MA0152.1.jaspar.npz,0,0.7572990455664694,0.8700573248788714,0.5786888798033326,0.5883603591816121,0.9635416666666666,0.9791666666666666,0.4654189620223403,0.5497187257618487,0.4871844461667726,0.7500270823582451,0.24127091467380524,0.1570400893688202,-0.43445212656346005,-0.42492673019587707,0.48878076672554016,0.36610230803489685
egr1,1gu4_A_MA0466.3.jaspar.npz,0,0.7335818747330146,0.6425712527513193,0.525566431754911,0.5001156604766656,0.8528645833333334,0.8346354166666666,0.5758107551468655,0.6077250129970106,0.7457959240894048,0.6570798669647424,0.26125869154930115,0.29117006063461304,-0.4197982461979697,-0.6126888802420526,0.543893039226532,0.6264874339103699
egr1,5bng_B_MEIS2_HUMAN.H11MO.0.B.npz,0,0.5667705870000646,0.49355096674116794,0.5622983346207417,0.5425234734023465,0.9010416666666666,0.8489583333333334,0.5394080267067081,0.577221430678059,0.7206163619457221,0.3935424373798328,0.24078039824962616,0.30507177114486694,-0.616833702692348,-0.9423084644064375,0.5916920900344849,0.7855230569839478
egr1,6od3_E_ITF2_HUMAN.H11MO.0.C.npz,0,0.6864996880093324,0.21265257322894676,0.5000000000000001,0.2571428571428571,0.9383333333333334,0.5816666666666667,0.5656289015789743,0.2882256927588344,0.64441040959222,0.37985022208194563,0.21118971705436707,0.48956432938575745,-0.32649018891593595,-0.44029947471256337,0.5074445605278015,0.9224259257316589
egr1,4r2p_A_WT1_HUMAN.H11MO.0.C.npz,0,0.7651803968797645,0.5946292630218927,0.5666666666666667,0.25555555555555554,0.8776041666666666,0.9166666666666666,0.5453534251517336,0.42394461252050497,0.4435762483417519,-0.25452743742438916,0.1914716213941574,0.29895666241645813,-0.47577414567097853,-0.6258883611016001,0.4879775643348694,0.7390376925468445
egr1,6od3_F_MA0830.2.jaspar.npz,0,0.7901522748482724,0.42928624354923767,0.7333333333333334,0.4833333333333334,0.9791666666666666,0.6822916666666666,0.6161159705715236,0.4050340761641931,0.5592091010707451,0.7270759627770477,0.22374196350574493,0.539497435092926,-0.4319713759656778,-0.6662234438768806,0.48133742809295654,0.9258284568786621
egr1,6fj5_C_P53_HUMAN.H11MO.0.A.npz,0,0.46708213819365485,0.08981792107224465,0.33499999999999996,0.11499999999999999,0.7009548611111112,0.468894675925926,0.08818336658572289,-0.013676136847051398,-0.2393339685611524,0.42038804253859147,0.40136972069740295,0.7283985018730164,-0.7046266332790184,-0.5088321293363741,0.8934950828552246,1.1644370555877686
egr1,1ram_A_TF65_MOUSE.H11MO.0.A.npz,0,0.6692632988328114,0.5229231096571312,0.64,0.48,0.9500000000000001,0.8866666666666667,0.504204190918941,0.44983656441328385,0.4234288259547012,0.04244019705801727,0.3074585795402527,0.4151216149330139,-0.42348654875323744,-0.5548158119182086,0.6012800931930542,0.7844028472900391
egr1,6vg2_A_FLI1_HUMAN.H11MO.0.A.npz,0,0.6103749668982346,0.6485666964047899,0.23874258867227935,0.29842823584034917,0.8796296296296297,0.8333333333333334,0.5005367999847186,0.5426092409775872,0.6191689787273916,0.6084642160128239,0.31340035796165466,0.3769407272338867,-0.4445434305108853,-0.43451572958509943,0.5977267026901245,0.6184102892875671
egr1,5vmv_A_KAISO_HUMAN.H11MO.0.A.npz,0,0.5119305851615288,0.35091548692435026,0.4262892263020099,0.18697508702622112,0.9004629629629631,0.8275925925925925,0.33270488797730347,0.25594189861837363,0.14201226754413226,0.3503564770373574,0.38348647952079773,0.3880717158317566,-0.5519371975595404,-0.4795455341595652,0.7664452195167542,0.790667712688446
egr1,3v79_C_MA1116.1.jaspar.npz,0,0.767751335632056,0.7529358282044996,0.40405694150420945,0.4540569415042095,0.96875,0.9322916666666666,0.8272743322601749,0.7410569980022763,0.7795071303235591,0.35343496402283764,0.11938643455505371,0.17401809990406036,-0.4395988625723103,-0.7936632225874511,0.38036060333251953,0.5664898157119751
egr1,7jm4_A_MA1419.1.jaspar.npz,0,0.7495363279245794,0.8193565447814762,0.59,0.64,0.96875,0.9322916666666666,0.6737287157923825,0.8479020785140061,0.3333389208952145,-0.041826616670648534,0.26762574911117554,0.23155827820301056,-0.5612094226072355,-0.7749733703587117,0.50233393907547,0.5463649034500122
egr1,5kl3_A_WT1_HUMAN.H11MO.0.C.npz,0,0.7606412195519725,0.4793676319402746,0.48888888888888893,0.19999999999999998,0.6731770833333334,0.4583333333333333,0.5395085639328915,0.3554618082240761,0.7240619929415298,-0.32246615912982374,0.19272461533546448,0.48195186257362366,-0.3921127821873002,-0.5572988574556063,0.45677173137664795,0.8881306648254395
egr1,4cn3_D_RXRA_HUMAN.H11MO.0.A.npz,0,0.6183273713363128,0.739482066852765,0.5222222222222221,0.6222222222222222,0.9525,0.98,0.20375316578932237,0.3592810798163622,-0.5340822002478838,-0.4848399247505285,0.3351384103298187,0.2167554646730423,-0.7058860294250027,-0.5926136556462087,0.7957165837287903,0.6348283886909485
egr1,5yef_J_CTCF_HUMAN.H11MO.0.A.npz,0,0.5853620287297028,0.4613540878874898,0.5129384878631564,0.40579563072029934,0.7835648148148149,0.7876157407407408,0.46233179419970943,0.3954118435397222,0.35134519849701873,-0.18441886953274325,0.30960145592689514,0.34233856201171875,-0.45578060729068814,-0.7291014537627819,0.7011409401893616,0.8524431586265564
egr1,1pzu_H_NFAC2_HUMAN.H11MO.0.B.npz,0,0.6571241968777031,0.6498279981703187,0.36632694054537046,0.50661295779772,0.9739583333333334,0.9479166666666666,0.5060268030556797,0.6695592101647959,0.6267897280781997,0.6409699010869974,0.24764539301395416,0.3017829954624176,-0.5262985606436962,-0.6494958538762338,0.5280734896659851,0.6125649809837341
egr1,4cn3_C_MA0065.1.jaspar.npz,0,0.7314944509749434,0.7975502989471092,0.5951694701614713,0.6594551844471856,0.9574829931972789,0.9574829931972788,0.7436478355017,0.772573418562407,0.27395261471404714,0.2797846993380308,0.17470933496952057,0.16560135781764984,-0.5495439681526458,-0.6287205668735104,0.4690597951412201,0.4693889617919922
egr1,2i9t_B_NFKB1_MOUSE.H11MO.0.A.npz,0,0.8499925267882645,0.8270327100530267,0.5674341649025257,0.5748683298050514,0.9800000000000001,0.9633333333333335,0.524505109143721,0.6879510896692536,0.15852353089616414,0.062004927540305496,0.15380236506462097,0.1725045144557953,-0.5167861000940939,-0.48054907981684475,0.4330703616142273,0.5223515629768372
egr1,1vkx_B_NFKB1_MOUSE.H11MO.0.A.npz,0,0.8178202769602649,0.8235637509729713,0.6432455532033676,0.6632455532033678,0.9666666666666668,0.98,0.517808374714481,0.6791583473065401,0.20494422288176864,0.6619414771251249,0.1980878859758377,0.09539400041103363,-0.45200006002236204,-0.35862266165883383,0.4481227993965149,0.3625848889350891
egr1,6a8r_A_DUX4_HUMAN.H11MO.0.A.npz,0,0.6817643115413375,0.6063803194905631,0.6165166084283578,0.4448938318266739,0.8650793650793652,0.813114134542706,0.6147128499216323,0.5373694370183236,0.15128092196203852,0.3717819540922785,0.3461982309818268,0.3589981198310852,-0.8185123503494959,-0.9929963939724894,0.7714343070983887,0.8349320292472839
egr1,6fbq_A_MA0065.1.jaspar.npz,0,0.6381759143259842,0.8518463337926993,0.5928390740535312,0.6636001041807339,0.9302721088435374,0.9880952380952382,0.5457885159263017,0.7863610961617914,0.4370167723131956,0.43756234878110706,0.25834399461746216,0.09726901352405548,-0.6069791761239441,-0.5428275600340627,0.5914488434791565,0.37171316146850586
egr1,5kl4_D_WT1_HUMAN.H11MO.0.C.npz,0,0.607105998438783,0.5798498908730431,0.3999999999999999,0.2888888888888889,0.8294270833333334,0.6875,0.46341479867098634,0.46190760779298223,0.2845804849624253,-0.08171549021614158,0.30132055282592773,0.34998929500579834,-0.5647700738739019,-0.5522508088237978,0.6735609769821167,0.7404118776321411
egr1,1hjb_F_RUNX1_MOUSE.H11MO.0.A.npz,0,0.8199030085880723,0.5712026160197436,0.6340885756732147,0.5177224231920451,0.9022916666666666,0.8035416666666667,0.660093073337369,0.43533149070812205,0.4957262233265235,0.648785141316077,0.15419070422649384,0.38123831152915955,-0.47123624404611625,-0.5055187526080576,0.44723764061927795,0.7221180200576782
egr1,5kl4_A_WT1_HUMAN.H11MO.0.C.npz,0,0.700127057873437,0.5497296905183854,0.4444444444444444,0.2222222222222222,0.8763020833333334,0.5625,0.474391506050434,0.452729093497886,0.33527118310070375,-0.0977892478120276,0.26593148708343506,0.37726688385009766,-0.533075370954454,-0.511204132678928,0.6061880588531494,0.7551015019416809
egr1,3wtw_H_MA0098.3.jaspar.npz,0,0.6028166683157906,0.5930266005088924,0.4381393850300416,0.36395077333088355,0.910300925925926,0.9027777777777778,0.46656743801014855,0.4900628887580992,0.08647044865644596,0.11896837912531384,0.32294437289237976,0.29388493299484253,-0.6370538824864077,-0.6578535496847223,0.730547308921814,0.7429481744766235
egr1,2i9t_A_TF65_MOUSE.H11MO.0.A.npz,0,0.8515199076849967,0.8293083750322694,0.5700000000000001,0.6699999999999999,0.9800000000000001,0.9633333333333335,0.6390581503404326,0.6678261609564122,0.4225335723003465,-0.009501142005271204,0.1311003863811493,0.1398104876279831,-0.4216596812109155,-0.5721148227356873,0.3882734775543213,0.5003089904785156
egr1,1r0n_A_MA0115.1.jaspar.npz,0,0.5166590554654249,0.4808013202467312,0.4769141302699313,0.423765815217108,0.7939814814814815,0.7731481481481483,0.5453734157419262,0.3798989203272758,0.7712657323932416,0.42781804724195793,0.5667100548744202,0.5637200474739075,-0.5640999861260872,-0.9380446873650392,0.7923701405525208,0.9318481087684631
egr1,6mg2_A_CEBPB_HUMAN.H11MO.0.A.npz,0,0.7154129281089726,0.5461868234666657,0.4892408064106038,0.45053686480028693,0.8936631944444445,0.8155381944444445,0.648066936948246,0.526181335762051,0.2932945025488925,0.0403646398684033,0.24818626046180725,0.3144335448741913,-0.6280366274753304,-0.6946711718148033,0.6378443241119385,0.7655017971992493
egr1,2evi_A_MA0343.1.jaspar.npz,0,0.8300401538901496,0.6515032663926832,0.6781138830084189,0.4670320319406298,0.9918981481481483,0.8454861111111112,0.6002424907224164,0.4850436012697717,0.3713658339942706,0.20591538726002326,0.106667660176754,0.3343631625175476,-0.45824980508835633,-0.595033370133252,0.39088165760040283,0.6987786293029785
egr1,5ke6_A_KLF4_MOUSE.H11MO.0.A.npz,0,0.8031243719160557,0.7513182858237997,0.625,0.5375,0.9930555555555555,0.9375,0.5440944627361859,0.5267227499369664,0.7691151575791335,0.6104472135494682,0.10798129439353943,0.11963905394077301,-0.47575279950508087,-0.33615196132280967,0.4513712525367737,0.4209931492805481
egr1,6byy_D_MA0660.1.jaspar.npz,0,0.899087390758925,0.7779910978343751,0.6625036311538451,0.5564839022507115,0.9479166666666666,1.0,0.8860784442218592,0.6559739493630262,0.5868958599959181,0.10030283409281486,0.12094167619943619,0.24110335111618042,-0.42426057173053466,-0.6267833102023741,0.32404637336730957,0.5432814955711365
egr1,2ady_A_MA0106.3.jaspar.npz,0,0.7502107959706337,0.8109369140584022,0.6500000000000001,0.62,0.9501133786848074,0.939342403628118,0.5504361066613295,0.5788342132604622,0.5743909636880462,0.7930634325900602,0.16628000140190125,0.10887384414672852,-0.43194282933764416,-0.28068893502555836,0.4790445864200592,0.37348487973213196
egr1,5und_A_MA1930.1.jaspar.npz,0,0.35673309830133804,0.337426937482669,0.37599999999999995,0.368,0.7614690938103635,0.7566085076005712,0.38446881748503914,0.4766731796437136,0.5672620567639761,0.5199682688615969,0.2522772550582886,0.20149441063404083,-0.4753751722495007,-0.38394210772757525,0.7036017775535583,0.6370560526847839
egr1,3q05_B_P53_HUMAN.H11MO.0.A.npz,0,0.6704735911451281,0.6637913948972709,0.65,0.49499999999999994,0.9241898148148149,0.9056712962962964,0.4313521900190146,0.4249381289235279,0.6246505537223881,0.7148616155894532,0.18664583563804626,0.1640264242887497,-0.3975622898356024,-0.3341068001815525,0.5492855310440063,0.5087148547172546
egr1,5und_B_MA1930.1.jaspar.npz,0,0.41876652166905365,0.40981745647782786,0.3217391304347825,0.34782608695652173,0.7815183262847624,0.7995642701525054,0.45014077980952133,0.40475786152505216,0.6268147610133232,0.5616892603723523,0.2016010731458664,0.206080824136734,-0.47286797334683106,-0.39843728228634295,0.6331716179847717,0.6229671239852905
egr1,7oh9_K_MA0386.1.jaspar.npz,0,0.46083597225203576,0.06097445763381464,0.31428571428571433,-0.1857142857142857,1.0,0.8571428571428572,0.3777039823862885,0.052421100020505554,0.2794202800809091,0.033548911013998164,0.5945116877555847,0.9124026894569397,-1.0047285052205555,-0.9295887122516463,1.0715912580490112,1.367519736289978
egr1,5lty_M_MA0465.2.jaspar.npz,0,0.7379287384217605,0.571159522421658,0.7599999999999999,0.6399999999999999,0.92,0.88,0.6721998498690434,0.6372165044101099,0.407971307395221,0.6549908349391663,0.1992415487766266,0.2864430546760559,-0.6125703792033662,-0.5450776812065263,0.5499273538589478,0.6256904602050781
egr1,3coa_C_FOXO1_HUMAN.H11MO.0.A.npz,0,0.8711218279786408,0.8324702517794711,0.5714285714285714,0.5857142857142856,0.9833333333333334,0.9833333333333334,0.6148790083446813,0.6120131876113815,0.60536120877963,0.5007779399614184,0.08169566839933395,0.09089452773332596,-0.4177397781232809,-0.3462848492966146,0.3879533112049103,0.4068302810192108
egr1,5vmu_A_KAISO_HUMAN.H11MO.0.A.npz,0,0.8413081815880206,0.6075778703153547,0.6573586406685377,0.33963621747649236,0.9916666666666667,0.9195833333333333,0.5289940389612474,0.34968234549989163,0.007635075658668798,0.21439012407746438,0.15524089336395264,0.2983066737651825,-0.5666003051697965,-0.5344234172528941,0.5067558288574219,0.6643643379211426
egr1,1gu5_A_MA0466.3.jaspar.npz,0,0.5188680478798536,0.33255436495528556,0.19223309842157774,0.2198220656143852,0.7604166666666666,0.6575520833333334,0.4573215884255901,0.36495772846189717,0.3313614109355556,0.22444389618845,0.4454471170902252,0.5525467991828918,-0.5790953236529811,-0.8149129763753885,0.7660607695579529,0.9979600310325623
egr1,6od3_A_MA0830.2.jaspar.npz,0,0.8449414515246948,0.367734136680762,0.6,0.5000000000000001,0.984375,0.75,0.642455630208526,0.3718035058691864,0.43266205224870985,0.6045888402834244,0.1909521371126175,0.5686470866203308,-0.2873043151566721,-0.5903506600019393,0.37053585052490234,0.9197738766670227
egr1,6lbi_D_FOXO1_HUMAN.H11MO.0.A.npz,0,0.8003146354319529,0.8113535261852441,0.3714285714285715,0.5714285714285714,0.9916666666666667,1.0,0.4790043837416343,0.4941685599326294,0.2334646587969998,0.5083976134031807,0.14681610465049744,0.13637341558933258,-0.435816261152243,-0.38312015492321555,0.4749738872051239,0.4344075620174408
egr1,3wtw_C_ETS1_HUMAN.H11MO.0.A.npz,0,0.7408389543648809,0.621722472878173,0.51,0.33999999999999997,0.9400000000000001,0.8900000000000001,0.5346345290117636,0.5036733039950952,0.4466477133924156,0.24275794173466614,0.19927047193050385,0.22630862891674042,-0.444793899470171,-0.5129890464673268,0.5459084510803223,0.639520525932312
egr1,3wts_C_ETS1_HUMAN.H11MO.0.A.npz,0,0.7360917480662466,0.6211132609576453,0.5,0.33,0.9366666666666665,0.9066666666666667,0.5355129294459082,0.5058813959550578,0.3239250152523207,0.3507455739579055,0.19555680453777313,0.23173066973686218,-0.5018288832355177,-0.4557725820769984,0.5540047287940979,0.6272710561752319
egr1,1a1g_A_MA0162.1.jaspar.npz,1,0.5960322296246886,0.6451725319493562,0.5789918984034303,0.438861606505306,0.875,0.9681712962962963,0.5279796341949544,0.502148983423204,0.5592710634293323,0.40010333674007037,0.2891114354133606,0.288679301738739,-0.5094891647021658,-0.4523507702277142,0.6576501131057739,0.6346967220306396
egr1,2lt7_A_MA0527.1.jaspar.npz,0,0.452242000028491,0.5650947380345315,0.388056825642046,0.3714285714285714,0.7875,0.8783333333333333,0.32221855543062067,0.40353286773792313,-0.006915529383865193,-0.4363534527976752,0.42811426520347595,0.3659215271472931,-0.6977470884097077,-0.8488898860227184,0.8302040100097656,0.797042191028595
egr1,6vg8_A_FLI1_HUMAN.H11MO.0.A.npz,0,0.5557035870539645,0.4300278788432479,0.33176156917368244,0.40631079789543695,0.8425925925925926,0.8148148148148149,0.47187907426088427,0.2700031552097025,0.48181846342383017,-0.09064977705478308,0.36639952659606934,0.5171384215354919,-0.574345753325466,-0.6955021301482199,0.7047459483146667,0.8783774375915527
egr1,5hdn_A_HSF1_HUMAN.H11MO.0.A.npz,0,0.7704831265378743,0.6397898883093148,0.5232455532033675,0.4358113883008419,0.9722222222222222,0.8975694444444445,0.5176071591364019,0.4063929924229487,0.11400132093695073,-0.23859558828128802,0.16384483873844147,0.20451326668262482,-0.5357914873216222,-0.6507275964327004,0.5841649174690247,0.6208047270774841
egr1,5yef_B_MA1930.1.jaspar.npz,0,0.5883078489807505,0.44295874026688076,0.5499999999999998,0.5166666666666666,0.7972189349112425,0.7751873767258384,0.43776145417337753,0.3448305778322846,0.5035360200738849,0.10787920934794665,0.25690561532974243,0.22580164670944214,-0.44835521073644774,-0.5627556997945367,0.6702308058738708,0.6912901997566223
egr1,7cli_A_NFKB2_HUMAN.H11MO.0.B.npz,0,0.6196182000117418,0.5129622465676882,0.5409155657973183,0.47862827855157747,0.8648726851851851,0.8381076388888888,0.5403987480458172,0.4401116790490435,-0.2114726207663455,0.1630330447146351,0.3037596344947815,0.3985237777233124,-0.7457434126742051,-0.47870281502977896,0.7511459589004517,0.754346489906311
foxa,4l0z_B_MA0098.3.jaspar.npz,0,0.6472442602258525,0.7333028424036456,0.4065166084283578,0.49395077333088355,0.8906250000000001,0.9236111111111112,0.5031038153302103,0.5664807737511993,0.1593989947533006,0.21361295451825624,0.32460862398147583,0.2311304807662964,-0.5366123541197498,-0.5797033231162904,0.6685492396354675,0.6049387454986572
foxa,5z2t_D_DUX4_HUMAN.H11MO.0.A.npz,0,0.2856181126553565,0.1893490763846785,0.24686773734700843,0.3048853311527998,0.7063492063492064,0.5880574452003025,0.23217471639015894,0.11695253089349286,0.6283908640683638,0.29757974761035844,0.7038866877555847,0.7959280610084534,-0.5428538226181855,-0.7373936224520253,1.0233367681503296,1.2156445980072021
foxa,4xrm_B_MEIS2_HUMAN.H11MO.0.B.npz,0,0.8307962663044842,0.7399839813782213,0.5810606938325992,0.5227273604992658,0.9884259259259259,0.9699074074074074,0.7783621686268248,0.7224209677619665,0.568422841555249,0.5728087963335585,0.10103767365217209,0.10518538951873779,-0.5009102135239238,-0.5273087044833098,0.3982657492160797,0.43436965346336365
foxa,2wty_A_MA0117.2.jaspar.npz,0,0.5957242619479075,0.6615709508345886,0.42260757255004683,0.5809608559129178,0.8788265306122449,0.9118835034013607,0.5475514295035229,0.5334702363365036,0.13701105462266605,0.22555146353950836,0.29213041067123413,0.2103670984506607,-0.6701433844078036,-0.599092777679666,0.676051676273346,0.6135923266410828
foxa,1le8_B_MA0328.2.jaspar.npz,0,0.6847398492755019,0.7070806029296364,0.3385443900320505,0.5464847823254712,0.8755555555555555,0.9066666666666666,0.4859258683683293,0.41850490715157407,0.02045772574801627,-0.044806465251597344,0.2609547972679138,0.2648003101348877,-0.8219928515665257,-0.798709677409245,0.7129555940628052,0.7021960616111755
foxa,2euz_A_MA0343.1.jaspar.npz,0,0.6651483365800231,0.7480891386396251,0.5421637021355784,0.5801387925719987,0.8101851851851851,0.913773148148148,0.45871909857495263,0.5661107201492234,0.21715204853042241,0.23377135886101483,0.3000148832798004,0.21339809894561768,-0.6026285582067585,-0.6393312941809611,0.6588796377182007,0.5725079774856567
foxa,1a1j_A_MA0162.1.jaspar.npz,0,0.437593989551533,0.5322520191315562,0.40791004733564123,0.4768366969417263,0.7546296296296298,0.8478009259259259,0.4118208385643273,0.5433789125035549,0.829945399772393,0.6112282990288175,0.4155009686946869,0.2935425341129303,-0.38554771035859703,-0.442206358517641,0.728752851486206,0.6314109563827515
foxa,6byy_A_MEF2A_HUMAN.H11MO.0.A.npz,0,0.6538853886692474,0.6803226449216405,0.5,0.7555555555555555,0.90625,0.76171875,0.46387700283971345,0.4327994106560995,-0.038145120304157364,-0.2617641825278724,0.31905868649482727,0.2877122461795807,-0.5894393946698998,-0.5967514223167383,0.6862342953681946,0.6723387837409973
foxa,4xrm_A_MEIS2_HUMAN.H11MO.0.B.npz,0,0.8307963132974692,0.7399839315136584,0.5810606938325992,0.5227273604992658,0.9884259259259259,0.9699074074074074,0.7783621893900273,0.7224209458985137,0.5684228572295612,0.5728087573866982,0.10103762149810791,0.10518538951873779,-0.5009102182290773,-0.5273087084049682,0.3982657492160797,0.4343697130680084
foxa,3iag_C_SUH_MOUSE.H11MO.0.A.npz,0,0.798403762455564,0.8612899765139446,0.5125,0.5375,0.9895833333333334,0.9947916666666666,0.6229562607217378,0.6356466534553802,0.8455840118467899,0.7614741435973202,0.07048293203115463,0.06280187517404556,-0.3117005138742109,-0.30143604224690146,0.32347941398620605,0.30519676208496094
foxa,1vkx_A_TF65_MOUSE.H11MO.0.A.npz,0,0.6929325896897354,0.6848279873112915,0.56,0.41999999999999993,0.8700000000000001,0.87,0.5954359942901348,0.5781094397387211,0.11137527345349392,0.36966329343603777,0.20185904204845428,0.21094009280204773,-0.6705276683355917,-0.49313662641375366,0.5858467817306519,0.5720919966697693
foxa,3wtu_A_RUNX1_MOUSE.H11MO.0.A.npz,0,0.7645511841401458,0.7396177976770559,0.4871708245126285,0.6496708245126285,0.9811111111111112,0.9766666666666667,0.6078049730222916,0.5584371495663135,0.5621724680806609,0.7221614000102945,0.15328210592269897,0.16086024045944214,-0.4673803623438122,-0.3859582071493799,0.46958500146865845,0.41355735063552856
foxa,1srs_A_SRF_HUMAN.H11MO.0.A.npz,0,0.6612906180830165,0.6787582103332336,0.3513555512788502,0.5982853481894718,0.8379629629629628,0.850925925925926,0.3998091480395134,0.5604114897495067,0.16541129004243543,0.518546341504895,0.3386462926864624,0.2219044268131256,-0.6241306228913095,-0.4205822424480029,0.67885422706604,0.5659230947494507
foxa,5ke8_A_MA0039.2.jaspar.npz,0,0.7349048448959365,0.8016674545360729,0.3810854122563142,0.5185854122563142,0.9846938775510204,0.9608843537414966,0.7479410132913012,0.7577632242260867,0.7635910065290912,0.725556643143707,0.12482108920812607,0.1359240859746933,-0.344977674262901,-0.30338875310280894,0.42680615186691284,0.38173195719718933
foxa,3kov_I_MA0052.4.jaspar.npz,0,0.6809715911125144,0.6840497370835187,0.4555555555555555,0.6555555555555556,0.9296875,0.90234375,0.443828120976006,0.4531868303695136,0.29624036508433094,0.03918116862814133,0.2703038454055786,0.2600448727607727,-0.4322578897781751,-0.49238185204684104,0.5605218410491943,0.5839526653289795
foxa,1c7u_A_MEF2A_HUMAN.H11MO.0.A.npz,0,0.13164635262607285,0.14961618945623437,-0.025000000000000005,0.16666666666666666,0.45164609053497945,0.5308641975308642,0.12391926985278005,0.11386230994707675,0.2098994512952463,-0.056534215554740724,0.6486116051673889,0.5327981114387512,-0.564254521727623,-0.6127342514341706,1.0958458185195923,1.0812071561813354
foxa,6vge_A_ERG_HUMAN.H11MO.0.A.npz,0,0.3019954421195305,0.4293221867022415,0.27568209223157664,0.40901542556490994,0.7522916666666667,0.7093750000000001,0.34348032166013653,0.403897060435018,0.6401160304849369,0.770560870154307,0.5605942606925964,0.4390133023262024,-0.3743965697500949,-0.3600363760537315,0.9214680790901184,0.7688339948654175
foxa,2wbu_A_KLF4_MOUSE.H11MO.0.A.npz,0,0.835403234581463,0.7304110191762447,0.5874999999999999,0.49999999999999994,0.9652777777777778,0.9722222222222222,0.551149125973512,0.5149518951828841,0.7284304813270388,0.688504938768679,0.12324175238609314,0.16655001044273376,-0.41986821264556196,-0.3929199149717411,0.4455830752849579,0.48394250869750977
foxa,2evj_A_MA0343.1.jaspar.npz,0,0.8653313245158643,0.8187281787104439,0.609292706128157,0.6217927061281572,0.9270833333333334,0.9583333333333334,0.6732176598438254,0.6583423178717758,0.18481993518642476,0.17444498417028395,0.09776580333709717,0.1525651216506958,-0.42503514496630895,-0.635239826607942,0.33416226506233215,0.48660895228385925
foxa,6vgg_A_ERG_HUMAN.H11MO.0.A.npz,0,0.31456790197019774,0.42147436034348273,0.3470027718973079,0.3961012293408169,0.7885416666666667,0.7160416666666668,0.35335421988923144,0.3941875431932515,0.5223459996266396,0.6529010964821892,0.6051005721092224,0.4866596460342407,-0.40470532367448625,-0.36025671158850164,0.9425498247146606,0.7952561974525452
foxa,2wty_B_MA0117.2.jaspar.npz,0,0.5957242460519244,0.661570930049162,0.42260757255004683,0.5809608559129178,0.8788265306122449,0.9118835034013607,0.5475514114121538,0.5334702335179077,0.1370111041702301,0.22555147370241424,0.29213038086891174,0.2103671133518219,-0.6701433384938454,-0.599092763627831,0.676051676273346,0.6135923266410828
foxa,2erg_A_MA0324.1.jaspar.npz,0,0.7103945749113336,0.7737572579993867,0.5643048645397488,0.5821411624041704,0.8671579743008316,0.8756613756613757,0.7400507850680853,0.7518511524074047,0.4421400933229961,0.6794594049296002,0.18201811611652374,0.1262495219707489,-0.6027118311902939,-0.4822743278653466,0.5922892689704895,0.5119272470474243
foxa,6b0q_A_WT1_HUMAN.H11MO.0.C.npz,0,0.7194265771023411,0.6108621121772254,0.4555555555555556,0.4333333333333333,0.6041666666666666,0.65234375,0.5297595028243864,0.5085844311716063,0.7484553784609449,0.610642233087572,0.20485956966876984,0.2511247396469116,-0.2875503121086819,-0.3960750266021825,0.49548694491386414,0.5749059319496155
foxa,4r2d_A_MA0162.4.jaspar.npz,0,0.5519341002916918,0.5741159420460462,0.20999999999999996,0.41,0.6861979166666666,0.74609375,0.5697087414941724,0.5636196217869888,0.9316176964580368,0.7987341636730426,0.2024272233247757,0.2843325436115265,-0.1917544715454227,-0.2571442822018952,0.486055463552475,0.5705169439315796
foxa,6u81_A_DUX4_HUMAN.H11MO.0.A.npz,0,0.5700699482861508,0.6482880534437884,0.4305499117620131,0.509507715714795,0.8966666666666668,0.8791666666666665,0.5259401446767421,0.6105222347545558,0.659289671593249,0.5154005883815441,0.21116267144680023,0.2602076828479767,-0.6502071562902881,-0.8554586046525978,0.5745124816894531,0.7345620393753052
foxa,1a1i_A_MA0162.1.jaspar.npz,0,0.48478537099435925,0.5409570237461594,0.39331999182299937,0.5467007764098406,0.620748299319728,0.7346938775510203,0.48162751019899386,0.5522067297930253,0.6758497060845099,0.6521034640047757,0.353232741355896,0.3297600746154785,-0.3710806496846086,-0.33902856456286096,0.6869807839393616,0.5993773937225342
foxa,6lbi_K_FOXO1_HUMAN.H11MO.0.A.npz,0,0.8268578611491202,0.8945884537543074,0.6285714285714284,0.5,0.9916666666666667,1.0,0.5673470027559538,0.5499649305569102,0.7184127192119502,-0.003855399465375657,0.07777182012796402,0.1096576452255249,-0.38718500834458974,-0.5525788280686139,0.3571723401546478,0.4340949058532715
foxa,6vg2_D_FLI1_HUMAN.H11MO.0.A.npz,0,0.5784247776803871,0.5445499271154404,0.42207592200561267,0.305409255338946,0.8425925925925927,0.8425925925925926,0.4659151090346954,0.4021052522104032,0.46317644569292316,0.6010988859743196,0.4587770998477936,0.4392798840999603,-0.2898364531885321,-0.40908445166029567,0.6667439937591553,0.7032737135887146
foxa,6byy_A_MA0660.1.jaspar.npz,0,0.7553106337242449,0.6775507139455941,0.5740615566670628,0.7057460188563014,0.9661458333333334,0.7552083333333334,0.6410294361771658,0.5079226255593056,0.2997878591239003,0.6105008976286529,0.25481438636779785,0.3343696594238281,-0.5306329834504986,-0.6746398010566668,0.530901312828064,0.6399797797203064
foxa,2e42_A_CEBPB_HUMAN.H11MO.0.A.npz,0,0.39673724189329235,0.4794959271728823,0.37267587052099566,0.41418868420733107,0.8119212962962963,0.8068576388888888,0.5543009090675256,0.5836643419084805,0.6160051253507745,0.47574036290266686,0.43156397342681885,0.2827546000480652,-0.48752784555866346,-0.5977674835046392,0.7519236207008362,0.7251124978065491
foxa,6fj5_D_P53_HUMAN.H11MO.0.A.npz,0,0.40736282807774843,0.3181538005359471,0.29,0.135,0.6598668981481481,0.5938946759259259,0.19548597559653225,-0.04573128410164341,0.47719441302032195,-0.026342375098359266,0.5237010717391968,0.5102794170379639,-0.5345266255844627,-0.5936866969747523,0.9198091626167297,0.9684337377548218
foxa,5yef_G_MA1930.1.jaspar.npz,0,0.5268845301276693,0.5269324112414324,0.5333333333333333,0.4555555555555555,0.7900591715976332,0.8062327416173569,0.39231317826265166,0.4447208250898382,0.6109787289166277,0.6407192984287965,0.24643546342849731,0.2176877111196518,-0.41142460744302994,-0.3740529723154539,0.6237512230873108,0.6023774147033691
foxa,1srs_B_SRF_HUMAN.H11MO.0.A.npz,0,0.6612906218083068,0.6787582302296703,0.3513555512788502,0.5982853481894718,0.8379629629629628,0.850925925925926,0.39980918821742706,0.5604114984409047,0.16541128691845708,0.5185461803849508,0.3386462926864624,0.2219044268131256,-0.6241305983768927,-0.4205823457574527,0.67885422706604,0.5659231543540955
foxa,1ram_B_TF65_MOUSE.H11MO.0.A.npz,0,0.4312773001147434,0.5667945865890942,0.48999999999999994,0.43000000000000005,0.8366666666666666,0.8933333333333334,0.23662712038210137,0.31479463534591556,-0.08800073363055866,0.0930352516643898,0.6217714548110962,0.39853635430336,-0.5650793372381422,-0.5781371059344975,0.973122775554657,0.8126009106636047
foxa,5vpf_B_JUND_HUMAN.H11MO.0.A.npz,0,0.8596402157822417,0.6619610017579463,0.5200006582867143,0.35798800461911223,0.9212962962962963,0.9004629629629629,0.7452539422041111,0.629518977578457,0.629940539379186,0.16462166664374622,0.15429717302322388,0.2523209750652313,-0.2942217947351214,-0.5893614367620668,0.33809199929237366,0.584748387336731
foxa,7cli_B_MA0778.1.jaspar.npz,0,0.4406191178471393,0.5619414030613067,0.34842823584034915,0.3387425886722793,0.7890625,0.7916666666666666,0.3236964463680081,0.41108886246183257,0.6006523040388458,0.6978635429770129,0.48697221279144287,0.3334810733795166,-0.4038385422976,-0.46371538518233485,0.7710935473442078,0.6383046507835388
foxa,3gut_D_MA0105.4.jaspar.npz,0,0.2421927750957283,0.4714503070466559,0.1909090909090909,0.43636363636363634,0.5460069444444445,0.7677951388888888,0.1845010526580184,0.23523455915572164,-0.011043329310397462,0.4101187842098852,0.7985811829566956,0.5386520028114319,-0.6762791273612185,-0.6863766276545701,1.1229139566421509,0.8561766147613525
foxa,2erg_B_MA0324.1.jaspar.npz,0,0.710394565644674,0.773757261026185,0.5643048645397488,0.5821411624041704,0.8671579743008316,0.8756613756613757,0.7400507913795009,0.7518511587933909,0.44214011601031883,0.6794592260789772,0.18201810121536255,0.1262495368719101,-0.6027117844039575,-0.4822744114842431,0.5922892689704895,0.5119272470474243
foxa,1c7u_B_MEF2A_HUMAN.H11MO.0.A.npz,0,0.13164633233100176,0.14961615158244967,-0.025000000000000005,0.16666666666666666,0.45164609053497945,0.5308641975308642,0.1239192680330589,0.11386225716715796,0.20989937849669513,-0.05653427145902842,0.6486116051673889,0.5327981114387512,-0.5642545691797698,-0.6127342644506278,1.0958459377288818,1.0812071561813354
foxa,6dfy_D_DUX4_HUMAN.H11MO.0.A.npz,0,0.4616623156820424,0.4114661219995469,0.367598459496147,0.400818510677892,0.7581254724111867,0.7991307634164776,0.5065589154387211,0.43619816010447676,-0.4877444058423014,-0.3267447503979043,0.46779125928878784,0.4325518012046814,-1.1532541791584128,-1.1038258580434532,1.0231029987335205,1.0067861080169678
foxa,2etw_A_MA0343.1.jaspar.npz,0,0.8219569874927402,0.8175116933804626,0.596101229340817,0.6247805496750858,0.8796296296296297,0.8773148148148149,0.7045484031774584,0.6961498561688162,0.6404690698219055,0.3873388515442372,0.10823752731084824,0.1592075526714325,-0.31969750053414514,-0.491488265443168,0.358536034822464,0.4762454032897949
foxa,6x6e_A_GCR_HUMAN.H11MO.0.A.npz,0,0.5273153745394665,0.44941230469072857,0.3333333333333333,0.3740545673785261,0.9033333333333334,0.8666666666666667,0.34450803983109934,0.33426233243656756,0.5927812548051709,0.5490325870873246,0.19022317230701447,0.19173437356948853,-0.39898019919924527,-0.40694683088512595,0.5747950077056885,0.5951341986656189
foxa,3gut_E_MA0107.1.jaspar.npz,0,0.6008222230477258,0.6385868742596358,0.5506571783744852,0.5448457900736433,0.9366666666666666,0.86,0.6603178567571508,0.7002454827112903,0.5849000894502221,0.3750308614282601,0.27585718035697937,0.3086358606815338,-0.4302463396797219,-0.5400650231666626,0.5796287655830383,0.6352142095565796
foxa,1n6j_A_MA0660.1.jaspar.npz,0,0.744249072810635,0.7871164949145169,0.5824667893011984,0.7140895659028822,0.9713541666666666,0.9427083333333334,0.6491819953077765,0.7017469735160402,0.4738465543878513,0.5529937799872043,0.2219742089509964,0.2394091635942459,-0.49888751286644323,-0.7013566281186596,0.5141400098800659,0.5635528564453125
foxa,3gut_H_MA0105.4.jaspar.npz,0,0.44181093478850514,0.463920979951085,0.3909090909090908,0.4454545454545454,0.7258391203703703,0.7897858796296297,0.2882712093211459,0.21209459891069884,0.010532569632361745,0.14976163372944185,0.5917760729789734,0.4967656135559082,-0.7887770918045345,-0.7438648997559155,0.9532438516616821,0.8419277667999268
foxa,6lbi_L_FOXO1_HUMAN.H11MO.0.A.npz,0,0.8268578119885935,0.8945884468359113,0.6285714285714284,0.5,0.9916666666666667,1.0,0.5673470096099139,0.5499649136238837,0.7184127730414719,-0.0038553043681459932,0.07777184247970581,0.1096576601266861,-0.38718496056161467,-0.5525787934281577,0.3571723997592926,0.4340948760509491
foxa,6wqu_C_SUH_MOUSE.H11MO.0.A.npz,0,0.8041513476055115,0.8531180942081846,0.625,0.5374999999999999,0.9791666666666666,1.0,0.6350721267676329,0.6274823913975403,0.7376344483694101,0.6627379077141438,0.07956857979297638,0.06893214583396912,-0.3467264704213955,-0.3634027317320284,0.35705310106277466,0.34619927406311035
foxa,4x9j_A_MA0162.4.jaspar.npz,0,0.5768913995474577,0.5847883330658078,0.29999999999999993,0.45999999999999996,0.7747395833333334,0.84375,0.5642428322760218,0.5690778234459791,0.7503699810330576,0.7754120399227671,0.2541387975215912,0.29312410950660706,-0.2980165878878799,-0.2793369285186928,0.5137212872505188,0.5544662475585938
foxa,6dks_C_SUH_MOUSE.H11MO.0.A.npz,0,0.7681742558052065,0.7454486320202705,0.625,0.4,0.9791666666666666,0.984375,0.597011272579705,0.5190561978733257,0.6503450095625629,0.49516425097837236,0.1477159857749939,0.1294938027858734,-0.34472919175719224,-0.405301045927408,0.41338837146759033,0.43987417221069336
foxa,6fbr_B_RXRA_HUMAN.H11MO.0.A.npz,0,0.6097180581354122,0.7450213712096835,0.5333333333333334,0.6777777777777777,0.8406250000000001,0.9408333333333333,0.2076575887107558,0.39439953742887784,-0.23554316679443058,-0.34358401678771017,0.38337430357933044,0.24698546528816223,-0.787833395752361,-0.6149800998604701,0.8309026956558228,0.6594452857971191
foxa,6x6e_B_MA0113.3.jaspar.npz,0,0.5183689215424238,0.4857460526516661,0.3944151844011225,0.5193712943361396,0.9233539094650206,0.8991769547325102,0.5679079787235989,0.4810629618979382,0.6481516128518177,0.5534470842060383,0.2327137589454651,0.2569350004196167,-0.6003085519465216,-0.803802094806528,0.6465166211128235,0.7124691605567932
foxa,3wtw_F_RUNX1_MOUSE.H11MO.0.A.npz,0,0.6577131945377914,0.7852226040849928,0.38717082451262846,0.6496708245126285,0.9344444444444445,0.96,0.5810866726214329,0.5774327544845987,0.7540797893291894,0.862804154688585,0.2625460624694824,0.1613401174545288,-0.32300341252557924,-0.3590813445883413,0.5283834934234619,0.4157736897468567
foxa,7jm4_H_MA1419.1.jaspar.npz,0,0.8342718420550227,0.893500652781222,0.5,0.6299999999999999,0.9791666666666666,0.9861111111111112,0.841350215975565,0.8733535915754299,0.11076833609094625,0.16197406090447142,0.19840684533119202,0.13032066822052002,-0.5299714776891626,-0.723540225704794,0.4102907180786133,0.4100424647331238
foxa,7vuq_B_NFKB2_HUMAN.H11MO.0.B.npz,0,0.569436805153435,0.6685010717165741,0.5247007495569349,0.5959527708281316,0.7864583333333331,0.8078703703703703,0.5272728909319947,0.5415299467861329,0.36919850345110516,0.4002710307692009,0.3098863959312439,0.26002150774002075,-0.4944119596118256,-0.45205450240853157,0.6568453311920166,0.5799888968467712
foxa,6mg3_A_CEBPB_HUMAN.H11MO.0.A.npz,0,0.4403206612173976,0.4398871374380013,0.49696718334020973,0.4260730096035783,0.7074652777777778,0.8203125,0.3855274235287672,0.379180043295691,0.5324465873789117,0.30873234637001934,0.41428881883621216,0.3774338662624359,-0.5868795097621796,-0.6379544342093683,0.7812216281890869,0.8035959005355835
foxa,4f6n_A_MA0527.1.jaspar.npz,0,0.31782606937405133,0.1295901645337128,0.4480883954431827,0.25091098774968457,0.7245370370370371,0.6134259259259259,0.41080823649102743,0.17951710703311016,0.8668706397734507,0.1380862588032482,0.3049062192440033,0.5921205878257751,-0.3258540793037604,-0.6603356687175526,0.7109228372573853,1.0657081604003906
foxa,6dfy_C_MA0468.1.jaspar.npz,0,0.4471037778072059,0.426725048571825,0.381934364441178,0.433967774678632,0.8148148148148149,0.8559670781893004,0.5099690955360976,0.43012772360890494,-0.3938203928282008,-0.2685514012931503,0.4297773838043213,0.39612680673599243,-1.0902936184864553,-1.0083558239890822,0.9916648864746094,0.9664409756660461
foxa,7dcj_A_HSF1_HUMAN.H11MO.0.A.npz,0,0.7610477019334212,0.5623097876086831,0.3810854122563142,0.2915569415042095,0.9739583333333334,0.9427083333333334,0.69981996664175,0.6212157041003592,0.8019433165694769,0.5994958070434739,0.08054852485656738,0.1110149472951889,-0.4440910580502698,-0.4538491981008414,0.34301912784576416,0.4270527958869934
foxa,6od3_B_ITF2_HUMAN.H11MO.0.C.npz,0,0.493404267887984,0.5186233600335461,0.2285714285714286,0.35714285714285715,0.9066666666666667,0.88,0.5217041175782469,0.5036554841340029,0.8086184657255598,0.6382025001596259,0.30313220620155334,0.22573406994342804,-0.3850955793927973,-0.36382406315748955,0.602665901184082,0.5911357998847961
foxa,3wts_F_RUNX1_MOUSE.H11MO.0.A.npz,0,0.6167039141291752,0.6919457443873398,0.32467082451262846,0.6121708245126285,0.9555555555555556,0.9566666666666667,0.5196721531200788,0.5641520166952048,0.6673289444401289,0.7526872506242896,0.2783953845500946,0.1846124678850174,-0.3841067482390465,-0.4238582763386775,0.5685151815414429,0.4967406690120697
foxa,5ke7_A_KLF4_MOUSE.H11MO.0.A.npz,0,0.9331603236496449,0.9027398715843447,0.5874999999999999,0.575,1.0,0.9930555555555557,0.5580396244540973,0.5570518699716692,0.7240982719110993,0.6377822617384948,0.06795592606067657,0.08665736764669418,-0.41447782088451784,-0.45642261327142053,0.35807889699935913,0.38191157579421997
foxa,7dcj_B_MA0486.2.jaspar.npz,0,0.9032982710050419,0.8801375146140344,0.5997027020396568,0.6444669374157093,0.984375,0.9895833333333334,0.9137175172611749,0.8448426883738768,0.9100982740304508,0.7626504109580907,0.044058896601200104,0.0740584209561348,-0.20218632627229463,-0.43360127801116133,0.18912538886070251,0.2713277339935303
foxa,5emq_B_GCR_HUMAN.H11MO.0.A.npz,0,0.5932629486778751,0.599577347848511,0.48459549291242077,0.4540545673785263,0.8574999999999999,0.8483333333333333,0.47250392361784926,0.4734125940076494,0.6161266452224642,0.4529741798436094,0.18419210612773895,0.14361457526683807,-0.3933142203547211,-0.44199832170849596,0.5215939283370972,0.5351641178131104
foxa,1n6j_B_MEF2B_HUMAN.H11MO.0.A.npz,0,0.6056866373866796,0.6845221683382988,0.5048683298050515,0.6848683298050514,0.7915721844293273,0.7849584278155706,0.331410402516564,0.42803272743932935,0.09515905956294762,0.06893801255436365,0.33998796343803406,0.25277844071388245,-0.5498165622948634,-0.5157911055359595,0.696199357509613,0.6666587591171265
foxa,1e3o_C_MA0785.1.jaspar.npz,0,0.6072735089808703,0.5424673818051815,0.6399999999999999,0.26,0.9305555555555557,0.8912037037037037,0.37023773191909115,0.3772165242939508,-0.1502093382012008,0.9066674308619564,0.28666287660598755,0.30448514223098755,-0.5440316434658571,-0.23189573177502915,0.6416043043136597,0.6451829075813293
foxa,4l0z_A_RUNX1_MOUSE.H11MO.0.A.npz,0,0.7286652351613156,0.7345577485393733,0.5101423537605236,0.5549065891365761,0.9622222222222222,0.9111111111111111,0.5271174825838474,0.5688470898041256,0.5394800829331017,0.7442163737531912,0.22997498512268066,0.21586933732032776,-0.41312720162879296,-0.3780226672439173,0.4919557571411133,0.49669981002807617
foxa,5emp_A_GCR_HUMAN.H11MO.0.A.npz,0,0.6419049277203157,0.5805868782413502,0.47153024822035133,0.5200000000000001,0.9108333333333333,0.8866666666666667,0.46639384893788016,0.4387398350895164,0.5668997503920317,0.533240274226341,0.20080778002738953,0.14988301694393158,-0.3846601107366225,-0.40850948376233037,0.5468328595161438,0.5347778797149658
foxa,3wtu_C_ETS1_HUMAN.H11MO.0.A.npz,0,0.6172073444584385,0.66133888692857,0.47999999999999987,0.5900000000000001,0.8366666666666666,0.8866666666666666,0.5084344517638183,0.5166562529715226,0.581382736248342,0.5005732174115644,0.30943363904953003,0.256376713514328,-0.4256531841549104,-0.43997563668035955,0.626910388469696,0.5671237111091614
foxa,6fj5_A_P53_HUMAN.H11MO.0.A.npz,0,0.4073628550861031,0.31815379154868423,0.29,0.135,0.6598668981481481,0.5938946759259259,0.19548598430691988,-0.045731291589561664,0.4771944269824368,-0.026342345247692835,0.5237010717391968,0.5102794170379639,-0.534526644462121,-0.5936866957193162,0.9198091626167297,0.9684337377548218
foxa,6byy_B_MA0660.1.jaspar.npz,0,0.7553106348689956,0.6775507082541784,0.5740615566670628,0.7057460188563014,0.9661458333333334,0.7552083333333334,0.6410294353981415,0.507922604877957,0.29978795952678644,0.610500889944828,0.25481435656547546,0.3343696594238281,-0.5306330820674607,-0.6746397554940513,0.530901312828064,0.6399797797203064
foxa,5lty_K_CDX2_HUMAN.H11MO.0.A.npz,0,0.26094348379410803,0.36617688669569115,0.30774183270028627,0.30590100582430474,0.691695601851852,0.7171585648148148,0.2971281696221632,0.43563755044803903,0.41360609221246963,0.6401749242221451,0.3427242934703827,0.23337149620056152,-0.4973230773458196,-0.37891766769259155,0.8139495253562927,0.6703962683677673
foxa,3kov_B_MEF2A_HUMAN.H11MO.0.A.npz,0,0.561213751084223,0.5575447754656326,0.4222222222222222,0.5777777777777778,0.8723958333333334,0.8815104166666666,0.4664055759459016,0.333309396461009,-0.3189757466972436,0.07540951777460339,0.41424405574798584,0.39209482073783875,-0.6372709651613486,-0.4401948048366372,0.7574360370635986,0.73301100730896
foxa,6dks_G_SUH_MOUSE.H11MO.0.A.npz,0,0.6781388013623655,0.7798414590070024,0.5374999999999999,0.38749999999999996,0.9479166666666666,0.9947916666666666,0.562072910043889,0.5792432421775069,0.7588794711087465,0.21757784884865308,0.16828905045986176,0.1638583391904831,-0.31382771495334516,-0.5092888263655774,0.4531124234199524,0.5105936527252197
foxa,7vuq_A_NFKB2_HUMAN.H11MO.0.B.npz,0,0.5694367982955142,0.6685011502863332,0.5247007495569349,0.5959527708281316,0.7864583333333331,0.8078703703703703,0.5272728734311176,0.5415299535094488,0.3691984578933537,0.40027117571073345,0.3098863661289215,0.26002147793769836,-0.4944119899891563,-0.45205444715482346,0.6568453907966614,0.5799887776374817
foxa,5emp_B_MA0113.3.jaspar.npz,0,0.7319058202362309,0.7928166510692487,0.5010818510677892,0.6716227766016839,0.9454732510288067,0.9735082304526749,0.7273092325404384,0.6529612941374214,0.41629009170587017,0.40719888073814436,0.18259629607200623,0.16010625660419464,-0.6204307033228782,-0.7815448423742556,0.5546456575393677,0.5758733153343201
foxa,6dfc_A_MA0527.1.jaspar.npz,0,0.7345085004843506,0.5043949573966009,0.6737711113563318,0.3023425399277603,0.935,0.8516666666666667,0.5884932651108233,0.4101466586896354,0.5098467275528832,0.38876559205933425,0.23463262617588043,0.43666911125183105,-0.47089261089798123,-0.4574371569459534,0.5064700841903687,0.7556856870651245
foxa,2evf_A_MA0343.1.jaspar.npz,0,0.8081309784553014,0.8034933558708872,0.6164911064067352,0.6564911064067351,0.8790509259259259,0.9380787037037037,0.6429624735708699,0.6175567873542024,0.3656266709436972,0.3541486059544881,0.1420334279537201,0.1603895127773285,-0.48844199402738775,-0.5703316842210762,0.43750840425491333,0.4898642599582672
foxa,7jm4_G_MA1419.1.jaspar.npz,0,0.8342718619853258,0.8935006900253939,0.5,0.6299999999999999,0.9791666666666666,0.9861111111111112,0.8413502416903041,0.8733536128274858,0.1107684548301328,0.16197407814870526,0.19840683043003082,0.13032060861587524,-0.5299715502081324,-0.7235400975785886,0.4102906584739685,0.4100424349308014
foxa,7jm4_B_MA1419.1.jaspar.npz,0,0.8372831339947879,0.9164441683096811,0.52,0.62,0.9872685185185185,0.9895833333333334,0.8412955504119071,0.891261016565523,0.11056595309430318,0.1490244525798185,0.1939961016178131,0.1126537173986435,-0.522599322369513,-0.6777080051000102,0.40171608328819275,0.3687620759010315
foxa,6lbi_C_FOXO1_HUMAN.H11MO.0.A.npz,0,0.8379987782962885,0.9262481394805112,0.5857142857142856,0.5857142857142856,0.9833333333333334,1.0,0.5456766870617784,0.5691042602406311,0.5757165933957951,-0.2724296374138094,0.0982782244682312,0.11126821488142014,-0.5189664449780663,-0.5770959631774494,0.4011119306087494,0.40296271443367004
foxa,1pzu_L_MA0152.1.jaspar.npz,0,0.9836124709496895,0.7225032447216412,0.6077599890973324,0.47170786030473577,1.0,0.9322916666666666,0.7774306412067041,0.7135066146605394,0.48929470781369877,0.3001323516696183,0.037814948707818985,0.30690810084342957,-0.4078814517096754,-0.5058165836527505,0.22993965446949005,0.6060552000999451
foxa,1gu4_A_MA0466.3.jaspar.npz,0,0.4252121619841394,0.6093102571709702,0.3584489938099989,0.5111536214794719,0.7018229166666666,0.8619791666666666,0.36777765920199124,0.613813220213787,0.6170225210046676,0.724678949371083,0.5055978298187256,0.27904212474823,-0.589161476036572,-0.5727867780971573,0.8404006958007812,0.6253255009651184
foxa,5bng_B_MEIS2_HUMAN.H11MO.0.B.npz,0,0.6896390118636191,0.48058680311078206,0.6175234734023466,0.5227486121839514,0.8958333333333334,0.8125,0.5160404417126012,0.4034518077154302,0.5326995036681759,0.44992124650814747,0.29032158851623535,0.37383338809013367,-0.6351259278790016,-0.8299105236694069,0.6267649531364441,0.8129115104675293
foxa,6od3_E_ITF2_HUMAN.H11MO.0.C.npz,0,0.45958745958549635,0.4168582005825426,0.19999999999999998,0.2857142857142857,0.915,0.8666666666666667,0.5161520944569784,0.3864345934106991,0.8397235937645614,0.5177115907137191,0.2957122325897217,0.32140201330184937,-0.35547412497624314,-0.4293366426193936,0.6074764132499695,0.6996645927429199
foxa,4r2p_A_WT1_HUMAN.H11MO.0.C.npz,0,0.6436868996501693,0.7289114486904711,0.4222222222222222,0.5333333333333333,0.9140625,0.9453125,0.5352764813082929,0.5469609433008773,0.7526146465109996,0.3618431551537939,0.17170588672161102,0.16548140347003937,-0.2817579082527453,-0.46610545646762813,0.46540430188179016,0.4837779402732849
foxa,6od3_F_MA0830.2.jaspar.npz,0,0.7497589566434423,0.575653608267506,0.6166666666666666,0.4333333333333333,0.9739583333333334,0.90625,0.6242274166602985,0.4187446764831822,0.2795562632759446,0.5763201405226002,0.25978755950927734,0.3822437524795532,-0.3352510842745296,-0.5544529004286803,0.4235199987888336,0.6826390624046326
foxa,6fj5_C_P53_HUMAN.H11MO.0.A.npz,0,0.4073628427926451,0.3181537979282439,0.29,0.135,0.6598668981481481,0.5938946759259259,0.1954859808605413,-0.045731277398777165,0.4771944302072017,-0.026342314726303863,0.5237010717391968,0.5102794170379639,-0.5345266158581442,-0.5936866629806176,0.9198091626167297,0.9684337377548218
foxa,1ram_A_TF65_MOUSE.H11MO.0.A.npz,0,0.43127730120904745,0.5667946251109243,0.48999999999999994,0.43000000000000005,0.8366666666666666,0.8933333333333334,0.23662711465953645,0.31479466550793883,-0.08800077478704926,0.09303517314515651,0.6217714548110962,0.3985362946987152,-0.5650794104886462,-0.5781371501679409,0.9731229543685913,0.8126007914543152
foxa,6vg2_A_FLI1_HUMAN.H11MO.0.A.npz,0,0.5808332149560252,0.3255678196825708,0.27207592200561265,0.12207592200561264,0.824074074074074,0.7222222222222222,0.5081300354625905,0.3344863291675078,0.6807291383554536,0.5502959255152825,0.3877240717411041,0.6390747427940369,-0.47564635539966144,-0.37697414015808683,0.6311513781547546,0.8974935412406921
foxa,5vmv_A_KAISO_HUMAN.H11MO.0.A.npz,0,0.5243871333712543,0.33194141754541884,0.5100744100616267,0.3018408268759815,0.8742592592592594,0.7816666666666667,0.41635329817865757,0.29924362544723954,0.6986851170698707,0.22899324385947784,0.2929287254810333,0.4707821011543274,-0.3456524824830542,-0.5582670969203716,0.5877262353897095,0.905316174030304
foxa,3v79_C_MA1116.1.jaspar.npz,0,0.5571526091371197,0.7668853549985215,0.36858541225631425,0.37905694150420943,0.9375,0.9427083333333334,0.5913155491623173,0.8316527234204041,0.6570071084012117,0.5384259971248151,0.24631325900554657,0.10718181729316711,-0.5182185492252345,-0.7539716634744227,0.5559655427932739,0.4952899217605591
foxa,7jm4_A_MA1419.1.jaspar.npz,0,0.8372830638661981,0.91644415599294,0.52,0.62,0.9872685185185185,0.9895833333333334,0.8412954858741785,0.8912610128388516,0.11056598324660166,0.14902437545810643,0.1939961463212967,0.1126537173986435,-0.5225992947568131,-0.6777079559427375,0.4017161428928375,0.3687620460987091
foxa,5kl3_A_WT1_HUMAN.H11MO.0.C.npz,0,0.678887598064547,0.695275579585642,0.41111111111111115,0.6000000000000001,0.6328125,0.8072916666666666,0.5405859999512739,0.5262550939716887,0.9065818817492235,0.55345365995394,0.21364746987819672,0.2549827992916107,-0.26165305336613986,-0.45832128585309473,0.4613393247127533,0.5472743511199951
foxa,4cn3_D_RXRA_HUMAN.H11MO.0.A.npz,0,0.5160464471231939,0.620317071934955,0.37777777777777777,0.6555555555555554,0.8354166666666668,0.9166666666666666,0.2188929498346813,0.30123836094047973,-0.17746590875068735,-0.35784664978695907,0.37465935945510864,0.31031128764152527,-0.7429765032990977,-0.6282099939208344,0.8417044281959534,0.7605264186859131
foxa,5yef_J_CTCF_HUMAN.H11MO.0.A.npz,0,0.7125489112887797,0.6881868591881357,0.6390035638679673,0.6261642135562385,0.7650462962962963,0.888888888888889,0.5256319143263994,0.4535826478137322,0.4015472452445923,0.5455939976985433,0.26013103127479553,0.2087225466966629,-0.5119698615367695,-0.40879262662783467,0.6241058707237244,0.5714679956436157
foxa,1pzu_H_NFAC2_HUMAN.H11MO.0.B.npz,0,0.806567765500707,0.5473044655906657,0.5260125877134403,0.24332114040368613,1.0,0.9583333333333334,0.5411813409195088,0.7194468049152611,-0.04033635209493564,0.4224435762794661,0.1930057406425476,0.31800970435142517,-0.8083463470370605,-0.7623984331505368,0.5255725383758545,0.7045884132385254
foxa,4cn3_C_MA0065.1.jaspar.npz,0,0.5944659199698695,0.7559544532559812,0.5754623567169908,0.6790510165204182,0.8248299319727891,0.9591836734693877,0.5098721808751462,0.7717120364380871,0.2470354494803604,0.3432614150251907,0.3964199423789978,0.18316510319709778,-0.5598788132368357,-0.5976923881984518,0.7054829597473145,0.5022828578948975
foxa,2i9t_B_NFKB1_MOUSE.H11MO.0.A.npz,0,0.8256279991939663,0.6429345403332263,0.6248683298050514,0.3148683298050515,0.9333333333333335,0.9233333333333333,0.5248338544757549,0.40812340913462836,0.020363022801165254,0.337182886212613,0.2314806431531906,0.2861625850200653,-0.5391509018996734,-0.43633971412881845,0.5170398354530334,0.6189771294593811
foxa,1vkx_B_NFKB1_MOUSE.H11MO.0.A.npz,0,0.6536164270481095,0.6638980415300466,0.5190569415042094,0.3848683298050514,0.8700000000000001,0.87,0.472039584665393,0.4691864985081923,0.151615910896034,0.38996450214824335,0.2816806733608246,0.2581804096698761,-0.6298116157051784,-0.49003536192847896,0.6389556527137756,0.6080231666564941
foxa,6a8r_A_DUX4_HUMAN.H11MO.0.A.npz,0,0.6107033653534018,0.501827024272643,0.41651660842835775,0.390818510677892,0.9178004535147394,0.7511337868480726,0.6144225144832642,0.3038323211993487,0.531621688695896,0.32353115745846794,0.2815627455711365,0.37506166100502014,-0.8013065776484491,-0.9883155342007953,0.668775200843811,0.8749009370803833
foxa,6fbq_A_MA0065.1.jaspar.npz,0,0.5068502455750215,0.8126543830065722,0.5201461670195622,0.6989340864235766,0.7534013605442177,0.9455782312925171,0.4723117394731311,0.7477027699292609,0.39790081225277757,0.3836230220077159,0.4881850779056549,0.1596684753894806,-0.47267868072892594,-0.5656808158953319,0.7681151032447815,0.4336879551410675
foxa,5kl4_D_WT1_HUMAN.H11MO.0.C.npz,0,0.8154675866082672,0.6660470901115332,0.5,0.47777777777777775,0.9765625,0.8606770833333334,0.6115471738521635,0.5285513218269441,0.5472903099485417,0.530752203260381,0.0655285120010376,0.21443021297454834,-0.3896575114653035,-0.47510311691938384,0.33578598499298096,0.5350602269172668
foxa,1hjb_F_RUNX1_MOUSE.H11MO.0.A.npz,0,0.8282346928155877,0.7711814175644476,0.6154725236769565,0.5774851773445586,0.96,0.9539583333333334,0.6730832524010737,0.6393086761558309,0.7938940507164448,0.682171633096741,0.14574101567268372,0.11298957467079163,-0.35697120556481254,-0.4220040582471023,0.4084482491016388,0.40983065962791443
foxa,5kl4_A_WT1_HUMAN.H11MO.0.C.npz,0,0.8220568143005949,0.7482262659209987,0.5222222222222221,0.5222222222222224,0.9752604166666666,0.8385416666666666,0.6127152870885235,0.5450557980047059,0.6350111966796977,0.46074897272716675,0.05767230689525604,0.1848321557044983,-0.3426124533592065,-0.4696168994217867,0.32148095965385437,0.49837642908096313
foxa,3wtw_H_MA0098.3.jaspar.npz,0,0.5816498836662504,0.5612541950875312,0.3665166084283578,0.4023279967291997,0.8605324074074074,0.8512731481481483,0.49956508398815186,0.4778486909123923,0.238914337079477,0.2954565744139041,0.3648752272129059,0.366251140832901,-0.5454818674483805,-0.5493834118543308,0.7502567768096924,0.7427481412887573
foxa,2i9t_A_TF65_MOUSE.H11MO.0.A.npz,0,0.8451301562599838,0.6515480123925954,0.76,0.38999999999999996,0.9333333333333335,0.9233333333333333,0.6605506802298522,0.5259935990499637,0.047307119186841634,0.17052023452598825,0.15607807040214539,0.2252705842256546,-0.5830454842059724,-0.5384540522906468,0.4494437575340271,0.5811807513237
foxa,1r0n_A_MA0115.1.jaspar.npz,0,0.4090730264627685,0.5444619429957432,0.37500955247007406,0.4725220779641419,0.7523148148148148,0.8356481481481483,0.46958654641455216,0.5452098077133872,0.7731930508460841,0.3280437985934146,0.671960175037384,0.5297064781188965,-0.5428790225160774,-0.7209483989344839,0.9010806083679199,0.8191752433776855
foxa,6mg2_A_CEBPB_HUMAN.H11MO.0.A.npz,0,0.396407852944156,0.49489037940723146,0.45432150996168286,0.49219903720809643,0.6435185185185185,0.8203125,0.3510572626076018,0.5817929423290229,0.5347749961349133,0.3529325154473944,0.4882849454879761,0.27638083696365356,-0.5138495553796489,-0.618964311690119,0.8478176593780518,0.7228853702545166
foxa,2evi_A_MA0343.1.jaspar.npz,0,0.7127263271948323,0.843616925610695,0.5206797181058933,0.6864911064067352,0.8587962962962963,0.9068287037037037,0.5632285859020918,0.664049601650957,0.3929230584447376,0.2265059439877105,0.2223532497882843,0.14815710484981537,-0.4522511289339392,-0.609609170686345,0.5106648802757263,0.499810129404068
foxa,5ke6_A_KLF4_MOUSE.H11MO.0.A.npz,0,0.9035641503287479,0.876637957058847,0.575,0.575,0.9930555555555557,0.9861111111111112,0.5637957187849006,0.5558289165308297,0.7889130407040202,0.6756537091905819,0.0650796964764595,0.09517596662044525,-0.4047020155594276,-0.43763030025557537,0.3562789559364319,0.3904961347579956
foxa,6byy_D_MA0660.1.jaspar.npz,0,0.8402458454171816,0.8979232313318385,0.44132925170472337,0.753195605155716,0.9375,0.9466145833333334,0.7293230909896524,0.7160774418146223,0.3851813662909458,0.1951789058245295,0.18271544575691223,0.13400226831436157,-0.3508624582786608,-0.605772702081387,0.36669921875,0.41387617588043213
foxa,2ady_A_MA0106.3.jaspar.npz,0,0.642952726315707,0.7662777978461236,0.4999999999999999,0.5800000000000001,0.9359410430839002,0.9285714285714285,0.47295574954456676,0.514794168974199,0.6753019370979485,0.5242285370247717,0.19689229130744934,0.14160844683647156,-0.40091644424192097,-0.39031631838997793,0.5172529220581055,0.4683316648006439
foxa,5und_A_MA1930.1.jaspar.npz,0,0.3677081263810396,0.3622304264223203,0.3239999999999999,0.376,0.6941767447719829,0.6908016292936928,0.4134601062055232,0.48655713228122194,0.7109120155023556,0.593329510616121,0.19065265357494354,0.1899046152830124,-0.3677397409323771,-0.42071215217796865,0.5897383689880371,0.6245658993721008
foxa,3q05_B_P53_HUMAN.H11MO.0.A.npz,0,0.7481829366879538,0.7964439890711219,0.5349999999999999,0.615,0.9380787037037037,0.9529803240740741,0.4408915793201043,0.4703570591816072,0.6750155765789864,0.450135457902675,0.1312524378299713,0.11699861288070679,-0.4751027089040417,-0.4293876716319849,0.4824434220790863,0.4901241660118103
foxa,5und_B_MA1930.1.jaspar.npz,0,0.4316911039894204,0.4891170460740914,0.36086956521739133,0.45217391304347826,0.8019031141868513,0.8185233243624247,0.4955127733232835,0.5006498201631114,0.5823981076688693,0.6319532325745529,0.18374019861221313,0.1796320676803589,-0.42062363960543375,-0.44478819860158386,0.6080337166786194,0.5825889706611633
foxa,7oh9_K_MA0386.1.jaspar.npz,0,0.5338681246503256,0.6459738759856138,0.09999999999999999,0.3571428571428572,0.9183673469387755,1.0,0.4163842332150405,0.5575525511383017,0.4756155133223072,0.29063326220017294,0.47734618186950684,0.3477189242839813,-1.2034168290267977,-0.8549218744106367,1.0450519323349,0.755635142326355
foxa,5lty_M_MA0465.2.jaspar.npz,0,0.4284266041591763,0.753307381272316,0.3,0.58,0.76,0.8400000000000001,0.13296524707367424,0.5159750930142051,0.3239814116305009,0.7169866386195741,0.4905622601509094,0.19392821192741394,-0.630952865729659,-0.5486052219343704,0.8508408665657043,0.5140070915222168
foxa,3coa_C_FOXO1_HUMAN.H11MO.0.A.npz,0,0.6984228827059269,0.8221647417438882,0.5428571428571428,0.5142857142857142,0.96,0.9791666666666666,0.5732320673209792,0.6108349474483105,0.7533665572874364,0.33325383232570505,0.11088588088750839,0.1262216567993164,-0.3894670515738104,-0.5011599990566237,0.4324972629547119,0.4592241644859314
foxa,5vmu_A_KAISO_HUMAN.H11MO.0.A.npz,0,0.8202061088134845,0.46477513435658896,0.7965480437429235,0.3618584396987147,0.9625,0.8775,0.5449956276608511,0.3261540374802039,0.6657319413529553,0.0916305582221342,0.13906952738761902,0.3941328227519989,-0.3663869153803895,-0.5734289045481378,0.3545503616333008,0.7753010392189026
foxa,1gu5_A_MA0466.3.jaspar.npz,0,0.49873738033541787,0.32483542473588994,0.3971915824822782,0.2760172030331565,0.703125,0.7682291666666666,0.5021243206047421,0.2814423980648189,0.6111718987860374,0.43786644808993236,0.45027410984039307,0.4363376200199127,-0.58143539197115,-0.7016632829005739,0.7858524918556213,0.8433639407157898
foxa,6od3_A_MA0830.2.jaspar.npz,0,0.7792052095755935,0.637270447332412,0.5999999999999999,0.5333333333333333,0.9583333333333334,0.9114583333333334,0.6403918955089629,0.4906136436271604,0.2575620265062959,0.4724472863201781,0.2577705681324005,0.30230915546417236,-0.3390970474803563,-0.560655142775793,0.40278124809265137,0.5992657542228699
foxa,6lbi_D_FOXO1_HUMAN.H11MO.0.A.npz,0,0.8379989322306055,0.926248125643719,0.5857142857142856,0.5857142857142856,0.9833333333333334,1.0,0.5456767162895276,0.5691042518571177,0.5757166062199165,-0.27242976186096857,0.09827817231416702,0.11126820743083954,-0.5189663903393864,-0.5770960065788938,0.4011118710041046,0.40296271443367004
foxa,3wtw_C_ETS1_HUMAN.H11MO.0.A.npz,0,0.599397700605914,0.6897414344130084,0.4999999999999999,0.54,0.8366666666666668,0.8766666666666666,0.46298729928211807,0.5181627300776207,0.6070935823923425,0.5357727443733693,0.3054153621196747,0.2470978945493698,-0.4106226608772604,-0.4302794044320889,0.6362856030464172,0.5493650436401367
foxa,3wts_C_ETS1_HUMAN.H11MO.0.A.npz,0,0.6194932390935719,0.6636408760212362,0.45,0.52,0.86,0.8933333333333332,0.48891994443479847,0.5173162227870776,0.4997564733970457,0.4878309249507381,0.3038788139820099,0.2611861824989319,-0.4544060287661232,-0.4588062360318868,0.6217940449714661,0.5780199766159058
foxa,1a1g_A_MA0162.1.jaspar.npz,0,0.521425898373127,0.5163998550735414,0.5273691218017468,0.4562957714078316,0.7106481481481483,0.8923611111111112,0.5067165142684298,0.5407694361858523,0.6364731013822579,0.4603991283321489,0.3230503797531128,0.30661123991012573,-0.4827097919344491,-0.5018572648825208,0.6853774785995483,0.6455472111701965
foxa,2lt7_A_MA0527.1.jaspar.npz,0,0.5370016948186925,0.43355308745854665,0.6309139684991889,0.2428571428571429,0.8224999999999999,0.7766666666666667,0.35654611876135617,0.32075705670447235,0.6365320107218706,0.12068001365436659,0.397112637758255,0.45329856872558594,-0.42789673905222975,-0.6763014232673799,0.6712657809257507,0.8370356559753418
foxa,6vg8_A_FLI1_HUMAN.H11MO.0.A.npz,0,0.33359916442229104,0.5754469668415064,0.355409255338946,0.504507712782455,0.7129629629629631,0.7962962962962963,0.3401163183879998,0.5567129625742088,0.09963607150696442,-0.08654222077537972,0.8135412335395813,0.49706384539604187,-0.28226216339942395,-0.5785957048843325,0.9867255091667175,0.7844688892364502
foxa,5hdn_A_HSF1_HUMAN.H11MO.0.A.npz,0,0.5864791899803095,0.7442663199093659,0.3948683298050514,0.6032455532033676,0.8900462962962963,0.9195601851851851,0.2001819579209041,0.49854933404824014,0.33829758845533137,-0.06041159061441483,0.27983003854751587,0.21884837746620178,-0.6067859311787339,-0.68671318420701,0.719265878200531,0.6720881462097168
foxa,5yef_B_MA1930.1.jaspar.npz,0,0.603583543548464,0.6133785798835257,0.6333333333333333,0.5777777777777778,0.8261735700197238,0.8213806706114398,0.4735754173746261,0.4817832753859169,0.5921996201323758,0.6537272738829958,0.23969167470932007,0.1914570927619934,-0.4852743432441317,-0.37464534580714765,0.6239367127418518,0.5597472786903381
foxa,7cli_A_NFKB2_HUMAN.H11MO.0.B.npz,0,0.34837645088423,0.4430788956180384,0.2702685203004791,0.2660951160631573,0.7528935185185185,0.795138888888889,0.26458587966815866,0.39209715199364176,-0.2213823852321,-0.14423420860370098,0.5839505791664124,0.4103495478630066,-0.7159601897668112,-0.7195595913420729,0.9993301033973694,0.8376632332801819
lef1,4l0z_B_MA0098.3.jaspar.npz,0,0.7621960187294462,0.6277907968047657,0.6097621616317256,0.3723279967291998,0.970486111111111,0.9236111111111112,0.5581289180992732,0.549799021254002,0.2653675371149083,0.3178447090794745,0.18945206701755524,0.2789093255996704,-0.5019458044233732,-0.4507584730592559,0.5572482347488403,0.628629207611084
lef1,5z2t_D_DUX4_HUMAN.H11MO.0.A.npz,0,0.1700007260311395,0.27439100078772755,0.15163127727555797,0.29745116625027407,0.5536659108087679,0.6009070294784581,0.11670126826780267,0.19176051389792204,0.5874069320141739,0.1289069830283528,0.8657231330871582,0.7034959197044373,-0.49785866230416287,-0.7660947073932682,1.1828765869140625,1.1222832202911377
lef1,4xrm_B_MEIS2_HUMAN.H11MO.0.B.npz,0,0.8237447577606266,0.8099409755862629,0.5310606938325991,0.5442368507499674,0.9745370370370371,0.9907407407407408,0.7821871008715591,0.7826603175319322,0.43697172246252625,0.6243313451552923,0.11368315666913986,0.07323376089334488,-0.5423020247766105,-0.4445835161319587,0.435032457113266,0.3407553732395172
lef1,2wty_A_MA0117.2.jaspar.npz,0,0.6846242050338663,0.7180301311150701,0.4120414120030613,0.6589712089136831,0.8774447278911565,0.9389880952380952,0.5023693281283671,0.6109865671368948,0.014311242601077988,0.3725276161213124,0.27587705850601196,0.16384120285511017,-0.7067791109654079,-0.5425646014517806,0.6823490858078003,0.5133160352706909
lef1,1le8_B_MA0328.2.jaspar.npz,0,0.8501618058799068,0.65004993203911,0.8025808204241281,0.5622027020396567,0.9322222222222223,0.7585185185185185,0.6537969355473627,0.48305731971776056,-0.012406637463255044,0.28486061507817473,0.14564785361289978,0.2988477647304535,-0.6121564758099513,-0.7949290884152767,0.5145290493965149,0.7844171524047852
lef1,2euz_A_MA0343.1.jaspar.npz,0,0.6723622046178207,0.5989275271364022,0.6337864787372622,0.395409255338946,0.8414351851851851,0.7928240740740741,0.4591256060650184,0.47573211831913775,0.34845439475872536,0.062343820694691174,0.3013680875301361,0.30903515219688416,-0.433345460496286,-0.7248341387224965,0.5915277004241943,0.7171143293380737
lef1,1a1j_A_MA0162.1.jaspar.npz,0,0.6104695710586384,0.5457573635037989,0.5526140825470713,0.49102530864088434,0.7916666666666666,0.7615740740740741,0.37838811230741304,0.5002300217377493,0.556251715807362,0.613217085659384,0.3779574930667877,0.30967843532562256,-0.34910046859591526,-0.44005155287965475,0.6559478640556335,0.6799923181533813
lef1,6byy_A_MEF2A_HUMAN.H11MO.0.A.npz,0,0.7359907650906179,0.725698460255646,0.7777777777777778,0.6777777777777777,0.9453125,0.92578125,0.5817159262870932,0.5163638924215108,-0.05825214756961816,-0.1749624667350212,0.27256664633750916,0.24327121675014496,-0.4744970324824023,-0.518845418971017,0.59055495262146,0.6013224124908447
lef1,4xrm_A_MEIS2_HUMAN.H11MO.0.B.npz,0,0.8237448075863844,0.8099409689117844,0.5310606938325991,0.5442368507499674,0.9745370370370371,0.9907407407407408,0.7821871088996044,0.7826603187054767,0.43697171166000354,0.6243312921068432,0.11368313431739807,0.07323377579450607,-0.5423020215160356,-0.4445835484835685,0.4350323975086212,0.3407554626464844
lef1,3iag_C_SUH_MOUSE.H11MO.0.A.npz,0,0.7929393096128479,0.7926376689574681,0.4875,0.6,0.9895833333333334,0.9635416666666666,0.6433405521071043,0.6168480579791011,0.9439952493404047,0.7545076795620003,0.062098439782857895,0.11265447735786438,-0.14221268757515493,-0.32829627810480133,0.2690543830394745,0.4103822708129883
lef1,1vkx_A_TF65_MOUSE.H11MO.0.A.npz,0,0.7616645875154063,0.517191598797217,0.41,0.42000000000000004,0.93,0.8233333333333334,0.618445226485346,0.4816816252294303,0.8606898271608203,0.5711798415067032,0.12519289553165436,0.2531190514564514,-0.3017110906981454,-0.4138720377506753,0.3952506482601166,0.6377638578414917
lef1,3wtu_A_RUNX1_MOUSE.H11MO.0.A.npz,0,0.6205943454406224,0.6983187029109104,0.5621708245126285,0.470613883008419,0.8911111111111111,0.9766666666666667,0.607750568853985,0.6178564247606857,0.516744111206849,0.5379653758510722,0.36481165885925293,0.17566369473934174,-0.4575691856232742,-0.5430204430848584,0.6698638796806335,0.5224675536155701
lef1,1srs_A_SRF_HUMAN.H11MO.0.A.npz,0,0.6528463315388019,0.58207148025659,0.6278906528235395,0.4437398936440173,0.8675925925925926,0.8716666666666667,0.4071176056777499,0.4045727781629747,0.24014287376447024,0.4940450181703047,0.2890118658542633,0.21224234998226166,-0.5219248010218289,-0.5239412766409112,0.6272111535072327,0.5849325656890869
lef1,5ke8_A_MA0039.2.jaspar.npz,0,0.775690856622532,0.6643523383827414,0.49882117688026184,0.5290569415042095,0.9676870748299321,0.9455782312925171,0.7428286363350642,0.6430346721517257,0.7964265977498957,0.7811410234414556,0.12869811058044434,0.2192043662071228,-0.28070927164754,-0.3581665194028474,0.40171605348587036,0.5228770971298218
lef1,3kov_I_MA0052.4.jaspar.npz,0,0.6465943989654382,0.7332325229524739,0.7888888888888889,0.6888888888888889,0.9322916666666666,0.95703125,0.4959011437378558,0.5199156637233853,0.18604421580259403,0.3216838418271975,0.2961724102497101,0.18177466094493866,-0.41711240503827285,-0.4697636664098248,0.5920348763465881,0.4866185188293457
lef1,1c7u_A_MEF2A_HUMAN.H11MO.0.A.npz,0,0.3574179187077486,0.08187142100844842,0.375,-0.01666666666666669,0.6224279835390947,0.4866255144032922,0.11170588991549595,0.10196336312148264,0.1895479371460888,-0.21963703267041473,0.45930215716362,0.5974320769309998,-0.5736452749912136,-0.7410238046475183,0.9213743805885315,1.129533290863037
lef1,6vge_A_ERG_HUMAN.H11MO.0.A.npz,0,0.3732134494930506,0.4392148578901672,0.43709371752818477,0.3480506146704084,0.7735416666666667,0.7841666666666667,0.442844209254154,0.3685222870570054,0.5209477012964903,0.6465829611585849,0.40526968240737915,0.46585172414779663,-0.427217718660601,-0.40300358632058575,0.7581806182861328,0.834743857383728
lef1,2wbu_A_KLF4_MOUSE.H11MO.0.A.npz,0,0.8798890512262005,0.8712117086397484,0.6,0.5625,0.8958333333333335,0.9814814814814815,0.5089818060174729,0.5358233302076494,0.625790793824401,0.649873836634167,0.10154128819704056,0.09286782145500183,-0.5442189403799068,-0.5212591032546963,0.40417975187301636,0.4319221079349518
lef1,2evj_A_MA0343.1.jaspar.npz,0,0.886464070295915,0.895348999009002,0.7092927061281571,0.7290569415042094,0.9895833333333334,0.90625,0.6997754854802041,0.6749331339091273,0.13746457295974385,-0.2575020330359547,0.06905727833509445,0.1371128112077713,-0.48670239752363437,-0.7484521520324681,0.33157166838645935,0.5242531299591064
lef1,6vgg_A_ERG_HUMAN.H11MO.0.A.npz,0,0.3302020295523107,0.4110869344116913,0.4370937175281847,0.4908461879707584,0.7679166666666667,0.7795833333333334,0.38243348359334645,0.3601614457072354,0.5524969524773147,0.5926166894855771,0.47454512119293213,0.5265164375305176,-0.4173697579789783,-0.4004828186303174,0.8359931707382202,0.8827894926071167
lef1,2wty_B_MA0117.2.jaspar.npz,0,0.684624201054579,0.7180301250508901,0.4120414120030613,0.6589712089136831,0.8774447278911565,0.9389880952380952,0.5023693272848768,0.6109865634498016,0.014311266627885719,0.37252770907013183,0.2758770287036896,0.16384120285511017,-0.7067790988350575,-0.5425645474499023,0.6823491454124451,0.5133160352706909
lef1,2erg_A_MA0324.1.jaspar.npz,0,0.5626671460457147,0.6931705889641308,0.5198301670227192,0.5237639390058543,0.8093348450491308,0.8716931216931217,0.6332174257368564,0.7437383982106937,0.44796558638763395,0.7427121226641812,0.27193182706832886,0.10633517801761627,-0.5679066436213966,-0.4199533035383413,0.7141307592391968,0.43779730796813965
lef1,6b0q_A_WT1_HUMAN.H11MO.0.C.npz,0,0.6443274725752417,0.61744299723715,0.4444444444444444,0.4111111111111111,0.8020833333333334,0.7174479166666666,0.4720617057614613,0.4696218245770074,0.31585816732115585,0.3873213602808149,0.25988948345184326,0.24829703569412231,-0.5481440212060424,-0.5073563692366795,0.5925810933113098,0.608881950378418
lef1,4r2d_A_MA0162.4.jaspar.npz,0,0.6191755676176399,0.6283671343058813,0.45,0.41999999999999993,0.6809895833333334,0.7330729166666666,0.43451260184121693,0.537034337937915,0.5550857141582064,0.6220835355866895,0.23500776290893555,0.20834429562091827,-0.35668835164395285,-0.45486516420775674,0.5579719543457031,0.5698651075363159
lef1,6u81_A_DUX4_HUMAN.H11MO.0.A.npz,0,0.6506451248923051,0.7954454983451537,0.5102804664775017,0.5508193570465247,0.8833333333333333,0.9766666666666667,0.6021698536826348,0.713393539758311,0.5459204740248024,0.803592565520832,0.2062494307756424,0.16856861114501953,-0.45543284218763935,-0.5970930426333739,0.5317152738571167,0.4852694869041443
lef1,1a1i_A_MA0162.1.jaspar.npz,0,0.6709722725790925,0.7348134143685456,0.582161679815393,0.5821723056577358,0.8095238095238094,0.9251700680272109,0.4559975485552213,0.6363064784784506,0.6091920540593585,0.7155260950666027,0.24481938779354095,0.15678423643112183,-0.3655675236971039,-0.430135433762902,0.5083338618278503,0.45864614844322205
lef1,6lbi_K_FOXO1_HUMAN.H11MO.0.A.npz,0,0.8257705393747371,0.8510473110004478,0.5571428571428572,0.45714285714285724,1.0,1.0,0.5276372960169875,0.5558222546067907,0.33211270138646615,0.42162230404552026,0.0961388424038887,0.10288795083761215,-0.4882047079890018,-0.5385364150052209,0.4431862533092499,0.4803505539894104
lef1,6vg2_D_FLI1_HUMAN.H11MO.0.A.npz,0,0.5819604427864155,0.6115872904968759,0.44572360817087614,0.43176156917368247,0.9074074074074074,0.9166666666666666,0.5233034277422702,0.5238575747423116,0.30501757491587045,0.7209417684845749,0.37232184410095215,0.34827521443367004,-0.40143053125450434,-0.22123829784237814,0.612616240978241,0.5451833009719849
lef1,6byy_A_MA0660.1.jaspar.npz,0,0.8426075785731276,0.8489923262968659,0.8087511607112715,0.7291702978205118,0.98046875,0.9778645833333334,0.7729029247339835,0.7892505912169341,0.38087855268526005,0.37862545347831633,0.19254332780838013,0.1701125055551529,-0.4663768151879623,-0.6869992986573875,0.44599056243896484,0.5194156169891357
lef1,2e42_A_CEBPB_HUMAN.H11MO.0.A.npz,0,0.5519065663095468,0.31815401636148716,0.4687341387527857,0.3079143750777808,0.8282696759259259,0.8658854166666666,0.6056493272578546,0.5117054737219023,0.5047777578428423,0.692638223801389,0.22407037019729614,0.33245936036109924,-0.6092544064818343,-0.45478412410808156,0.6815139651298523,0.7495521306991577
lef1,6fj5_D_P53_HUMAN.H11MO.0.A.npz,0,0.2679645751137286,0.27634639182360843,0.175,0.10499999999999998,0.6103877314814815,0.5967881944444445,0.13910660396721936,0.169886900205372,0.4727356619262371,0.5322684718705182,0.6010347604751587,0.544347882270813,-0.45945361683030805,-0.5045371000768262,1.0286436080932617,0.9542404413223267
lef1,5yef_G_MA1930.1.jaspar.npz,0,0.4006339081356095,0.545577148661121,0.47777777777777775,0.4555555555555555,0.7818343195266273,0.7612623274161736,0.43619159420814413,0.44056610164320514,0.5771115282763529,0.5594904461864616,0.2736605107784271,0.2109934389591217,-0.39568024932946744,-0.4445135253989162,0.727672815322876,0.5876538753509521
lef1,1srs_B_SRF_HUMAN.H11MO.0.A.npz,0,0.6528463409366932,0.5820714555342089,0.6278906528235395,0.4437398936440173,0.8675925925925926,0.8716666666666667,0.4071176281898486,0.4045727597438446,0.24014285712429745,0.4940450816940016,0.2890118360519409,0.21224236488342285,-0.521924832625919,-0.5239412228812068,0.6272111535072327,0.5849325656890869
lef1,1ram_B_TF65_MOUSE.H11MO.0.A.npz,0,0.59184353526216,0.3987951326998882,0.43,0.47000000000000003,0.8833333333333334,0.8466666666666667,0.4998440276467192,0.23420060809605148,-0.17882382575443456,0.05840217386387393,0.3237713873386383,0.5792691111564636,-0.7497696986847932,-0.5706223626814203,0.7610995769500732,0.9521889686584473
lef1,5vpf_B_JUND_HUMAN.H11MO.0.A.npz,0,0.6715498822223809,0.6419039990028573,0.45333399162004767,0.48020078164814095,0.8726851851851852,0.7847222222222223,0.6175788211625888,0.5435804178483166,-0.22125366442409847,0.5725976724766549,0.29962241649627686,0.34023818373680115,-0.8274852464052228,-0.583749619553333,0.7213416695594788,0.6897936463356018
lef1,7cli_B_MA0778.1.jaspar.npz,0,0.7636853139362453,0.19565489476372022,0.5172330984215777,0.26993772609105077,0.8958333333333334,0.6848958333333334,0.6305447653990122,0.29167115435558655,0.6094765446661075,0.6360596098833169,0.21336092054843903,0.5465181469917297,-0.3930565882557671,-0.5300001512104143,0.45814085006713867,0.9380204081535339
lef1,3gut_D_MA0105.4.jaspar.npz,0,0.4910641407054341,0.3007369133728472,0.2545454545454546,0.2909090909090909,0.7745949074074073,0.7811053240740741,0.3726338249008833,0.19379843563303611,0.4546026467609145,0.4754534376714364,0.44441553950309753,0.6656275987625122,-0.6730314677533401,-0.6414238941364246,0.7668685913085938,0.9788652062416077
lef1,2erg_B_MA0324.1.jaspar.npz,0,0.5626671726466157,0.6931705855880864,0.5198301670227192,0.5237639390058543,0.8093348450491308,0.8716931216931217,0.6332174022771858,0.7437384040081965,0.44796562705218246,0.7427120283909199,0.27193182706832886,0.10633518546819687,-0.5679066087537044,-0.4199533721134442,0.7141307592391968,0.4377973675727844
lef1,1c7u_B_MEF2A_HUMAN.H11MO.0.A.npz,0,0.35741797886536614,0.08187146748726566,0.375,-0.01666666666666669,0.6224279835390947,0.4866255144032922,0.11170592017741214,0.10196340196630298,0.18954774861003226,-0.21963702395679066,0.4593020975589752,0.5974320769309998,-0.5736453341787077,-0.7410238325541801,0.921374499797821,1.1295331716537476
lef1,6dfy_D_DUX4_HUMAN.H11MO.0.A.npz,0,0.48566486531635744,0.42216462874785066,0.4524667893011983,0.3255565485848189,0.9200680272108843,0.8397581254724112,0.6267576640340364,0.34543611377807487,-0.23224145893742787,0.029044982001189684,0.4194813668727875,0.36881518363952637,-1.0678326216868608,-1.059309490093106,0.9319345355033875,0.9127931594848633
lef1,2etw_A_MA0343.1.jaspar.npz,0,0.9259330072608363,0.7174207991629373,0.6961012293408169,0.6201265366760211,0.8888888888888888,0.8356481481481483,0.726133284456342,0.6873279109470498,0.4802455055675887,0.422485457649385,0.06898634135723114,0.17912274599075317,-0.4650467733677916,-0.6057779477847021,0.3530237376689911,0.5471680164337158
lef1,6x6e_A_GCR_HUMAN.H11MO.0.A.npz,0,0.42096684672093637,0.6625642009157067,0.36666666666666675,0.5144151844011227,0.8691666666666666,0.935,0.32458616640447396,0.5362198363055913,0.441948659127139,0.6835107869800767,0.31762778759002686,0.09601955115795135,-0.47584968637663166,-0.4050775447179074,0.7461989521980286,0.42907020449638367
lef1,3gut_E_MA0107.1.jaspar.npz,0,0.737449157400988,0.7656991762109101,0.5933618060439583,0.5344436571117475,0.9633333333333334,0.9500000000000001,0.7290582498918693,0.7181365084530017,0.58014957101488,0.7447208770775267,0.20487146079540253,0.1265837401151657,-0.38908727717480784,-0.3558398765289025,0.49290505051612854,0.40156641602516174
lef1,1n6j_A_MA0660.1.jaspar.npz,0,0.8470096004661173,0.7216263766400516,0.7862532680384607,0.6720646563393025,0.9817708333333334,0.9114583333333334,0.7891055072058656,0.5630015273551,0.42932520327328577,0.6073880232587312,0.1694107949733734,0.2598855495452881,-0.5022893420362754,-0.656865008553454,0.44164901971817017,0.6263527870178223
lef1,3gut_H_MA0105.4.jaspar.npz,0,0.6404192137997597,0.3706319789317521,0.40909090909090917,0.3090909090909091,0.8206018518518517,0.7278645833333334,0.6468253054805034,0.31767579078017294,0.31108649704588986,0.424213295294492,0.37340497970581055,0.6466163396835327,-0.619284697580262,-0.6329991515072634,0.6644468903541565,0.96834397315979
lef1,6lbi_L_FOXO1_HUMAN.H11MO.0.A.npz,0,0.8257704892496257,0.8510472354302732,0.5571428571428572,0.45714285714285724,1.0,1.0,0.5276372716499919,0.5558222370301882,0.33211253936188073,0.4216222584194334,0.09613887965679169,0.10288800299167633,-0.48820478590165534,-0.5385364360209836,0.44318631291389465,0.48035064339637756
lef1,6wqu_C_SUH_MOUSE.H11MO.0.A.npz,0,0.7365491255186498,0.8629195593530312,0.6,0.6875,0.9791666666666666,0.9895833333333334,0.6206464145555421,0.6201711955813984,0.626442284240847,0.4837166717948782,0.14819005131721497,0.10099293291568756,-0.3545653434056847,-0.48254232838104716,0.4288185238838196,0.41135847568511963
lef1,4x9j_A_MA0162.4.jaspar.npz,0,0.6363683143630624,0.6480266382684932,0.53,0.43,0.73046875,0.8229166666666666,0.5769517177633474,0.5744426676634359,0.5287560788083281,0.6991800804315693,0.23321016132831573,0.19730129837989807,-0.3571900343526111,-0.4222917286192122,0.5559686422348022,0.5158387422561646
lef1,6dks_C_SUH_MOUSE.H11MO.0.A.npz,0,0.7813972434796597,0.6679277804796584,0.44999999999999996,0.5249999999999999,0.9739583333333334,0.921875,0.6266551261548254,0.4340566491156403,0.43793567624371865,0.5016429544517469,0.14356264472007751,0.26871317625045776,-0.44223793040546083,-0.5399305195653188,0.4303901195526123,0.6327267289161682
lef1,6fbr_B_RXRA_HUMAN.H11MO.0.A.npz,0,0.575897622216467,0.6153826119326469,0.4888888888888888,0.4222222222222222,0.9383333333333335,0.9166666666666666,0.3300966699777623,0.32184865127656503,0.05700989688860458,-0.09007038943373952,0.31158220767974854,0.3265658915042877,-0.689374531824054,-0.6902605550955543,0.7316029667854309,0.7563492059707642
lef1,6x6e_B_MA0113.3.jaspar.npz,0,0.37829171798657624,0.6084648947386692,0.35657888653670095,0.4354970354689117,0.8384773662551441,0.9470164609053496,0.5015008083760304,0.7714243742765554,0.47494273450553653,0.8000955165810246,0.39500465989112854,0.1043589636683464,-0.5943084058519827,-0.4228694368931794,0.8172986507415771,0.4383796155452728
lef1,3wtw_F_RUNX1_MOUSE.H11MO.0.A.npz,0,0.531600889065885,0.6910761232138611,0.5746708245126284,0.3758496476323666,0.898888888888889,0.9544444444444444,0.4947743781110594,0.567015951359922,0.7667656141692869,0.7355292504734972,0.40212827920913696,0.19875100255012512,-0.34366473289411137,-0.4170925137123842,0.6808348894119263,0.4914759695529938
lef1,7jm4_H_MA1419.1.jaspar.npz,0,0.7547199808992445,0.7974748280597851,0.6,0.5,0.9317129629629629,0.9722222222222223,0.7664763360165716,0.8385998068379996,0.055581205868073136,0.21326000607243337,0.3189223110675812,0.2219182252883911,-0.6145445570278825,-0.6751199532865672,0.5700548887252808,0.5061827898025513
lef1,7vuq_B_NFKB2_HUMAN.H11MO.0.B.npz,0,0.8100747472860597,0.46948053200983186,0.6308411557356917,0.4552895551617199,0.9560185185185185,0.7999131944444443,0.6081464814468549,0.35689068334335494,0.48309609350857274,0.3059569366396348,0.11949129402637482,0.32419154047966003,-0.5288145736439246,-0.5339351821804681,0.43649911880493164,0.707495927810669
lef1,6mg3_A_CEBPB_HUMAN.H11MO.0.A.npz,0,0.55343672594377,0.28082104257456114,0.5515126378856644,0.24990348347879462,0.8467881944444445,0.8155381944444445,0.45760573703508883,0.22462202960862704,0.30363675129165646,0.21825291025095242,0.2931835353374481,0.41713714599609375,-0.6141335257089579,-0.7363877916133222,0.7300264239311218,0.9186487197875977
lef1,4f6n_A_MA0527.1.jaspar.npz,0,0.25028597628827104,0.2829950917770879,0.3018219754993691,0.3925328398876272,0.6990740740740741,0.6365740740740741,0.2966276465461984,0.3692901501140917,0.5643163432002877,0.5703098489749869,0.43286097049713135,0.34286391735076904,-0.4126646997582469,-0.6307260733749247,0.8256917595863342,0.8011474609375
lef1,6dfy_C_MA0468.1.jaspar.npz,0,0.4324052513577044,0.39668822130188347,0.35396777467863194,0.3061399774880846,0.9074074074074074,0.9269547325102879,0.6168553509909505,0.3485112689082893,-0.14370240868376855,0.13063218720063857,0.4122585356235504,0.34769386053085327,-0.9759841563527936,-0.9424372368921204,0.9313699007034302,0.8777734637260437
lef1,7dcj_A_HSF1_HUMAN.H11MO.0.A.npz,0,0.7136601813836023,0.566987544298172,0.3540569415042095,0.34155694150420945,0.9427083333333334,0.890625,0.6981340037823118,0.692784890833998,0.7445911848458258,0.6960677159602788,0.07480552792549133,0.1545790135860443,-0.4459403375421857,-0.4608361883114346,0.3586241602897644,0.45341816544532776
lef1,6od3_B_ITF2_HUMAN.H11MO.0.C.npz,0,0.7304351360404066,0.5575090352046702,0.42857142857142855,0.34285714285714286,0.8433333333333334,0.8666666666666667,0.5647950120362488,0.5164876068651625,0.33263447719733413,0.8545493294830886,0.22359469532966614,0.29060739278793335,-0.5287378548747644,-0.31844548893723906,0.5098932981491089,0.5623568296432495
lef1,3wts_F_RUNX1_MOUSE.H11MO.0.A.npz,0,0.44806491999770515,0.6088025812641717,0.5246708245126285,0.35811388300841895,0.8744444444444445,0.9433333333333334,0.4328233471595645,0.5372397565033107,0.5491345752459365,0.556209342421452,0.4585816562175751,0.25920918583869934,-0.43874120803184125,-0.4737688785328945,0.7977402210235596,0.6068390607833862
lef1,5ke7_A_KLF4_MOUSE.H11MO.0.A.npz,0,0.882245140906889,0.8470482332049869,0.6499999999999999,0.5874999999999999,0.9861111111111112,1.0,0.4971507154695036,0.4984120525852336,0.6376089214602789,0.5391699175421302,0.09448689967393875,0.09170544147491455,-0.5039358149716786,-0.5306657213604474,0.40991389751434326,0.4215569794178009
lef1,7dcj_B_MA0486.2.jaspar.npz,0,0.7996111840475351,0.8783553224056959,0.4424384666636044,0.5279099959114997,0.90625,0.9583333333333334,0.9106628488440628,0.9022333434226799,0.8635152299657424,0.7300422110253206,0.06193053722381592,0.11958414316177368,-0.2925159194789231,-0.3702924780459387,0.27982842922210693,0.302141398191452
lef1,5emq_B_GCR_HUMAN.H11MO.0.A.npz,0,0.596441182323421,0.5450941523963896,0.46,0.48459549291242077,0.9158333333333334,0.94,0.48184223211282623,0.4906256407422292,0.6589295730448124,0.7279607249770546,0.14247505366802216,0.11743593215942383,-0.35574102949212033,-0.30789604786940405,0.46761205792427063,0.46350711584091187
lef1,1n6j_B_MEF2B_HUMAN.H11MO.0.A.npz,0,0.704951012134552,0.5652214156230911,0.7348683298050515,0.6548683298050514,0.7938397581254725,0.8129251700680272,0.49472184553500087,0.31162524676853914,-0.07922637638627542,0.21278458313300458,0.28949373960494995,0.3114159405231476,-0.6310813666185491,-0.4293200244328045,0.653019368648529,0.6885620355606079
lef1,1e3o_C_MA0785.1.jaspar.npz,0,0.8872249663807452,0.582603482156992,0.6399999999999999,0.4,1.0,0.9282407407407408,0.6093786311491536,0.334935843143069,-0.01101450170256335,0.5996734669816101,0.09660669416189194,0.21642053127288818,-0.6041676629872208,-0.46111788074484783,0.454226016998291,0.6042693257331848
lef1,4l0z_A_RUNX1_MOUSE.H11MO.0.A.npz,0,0.6395163701527053,0.8281741103564855,0.5851423537605238,0.5633496476323665,0.918888888888889,0.9966666666666667,0.49269979728668917,0.6486746720404288,0.6535601591652316,0.7028813885460143,0.3619638979434967,0.09382200241088867,-0.3921077825909607,-0.38744889771691865,0.6358190178871155,0.35123932361602783
lef1,5emp_A_GCR_HUMAN.H11MO.0.A.npz,0,0.5643686609653135,0.5836613324781259,0.4245029645310883,0.46207117375424595,0.8941666666666667,0.9316666666666666,0.42991590798282964,0.49357692937638115,0.5665119695150493,0.7659823005627292,0.2077292948961258,0.10751333832740784,-0.4071383357218775,-0.28761495998531517,0.5907415151596069,0.41279420256614685
lef1,3wtu_C_ETS1_HUMAN.H11MO.0.A.npz,0,0.6386748283170164,0.5389057046733796,0.52,0.36,0.9366666666666666,0.9133333333333334,0.5365301984306605,0.5050194321531236,0.48067657172491324,0.47345803278021953,0.20760826766490936,0.25980478525161743,-0.4310484489554316,-0.49099434904640127,0.5578504800796509,0.649783730506897
lef1,6fj5_A_P53_HUMAN.H11MO.0.A.npz,0,0.2679646292002872,0.2763463867129758,0.175,0.10499999999999998,0.6103877314814815,0.5967881944444445,0.13910665710554881,0.16988689577401184,0.47273565382140037,0.5322684735481926,0.6010347604751587,0.544347882270813,-0.45945361915615646,-0.5045371029700372,1.0286436080932617,0.9542404413223267
lef1,6byy_B_MA0660.1.jaspar.npz,0,0.8426075750547979,0.8489924122889837,0.8087511607112715,0.7291702978205118,0.98046875,0.9778645833333334,0.7729029253400111,0.78925062898794,0.3808784571728046,0.37862544768192996,0.19254331290721893,0.17011244595050812,-0.4663767543815026,-0.6869992780774766,0.4459904432296753,0.5194154381752014
lef1,5lty_K_CDX2_HUMAN.H11MO.0.A.npz,0,0.440166468880224,0.49484803076748823,0.3680621180045922,0.40737625728038085,0.724826388888889,0.7439236111111112,0.4835984659735843,0.46771104394664964,0.4096762090428312,0.7011378390699368,0.21955904364585876,0.1667361706495285,-0.4702679617665017,-0.37616216926651325,0.6568906903266907,0.5521225333213806
lef1,3kov_B_MEF2A_HUMAN.H11MO.0.A.npz,0,0.6481793764461246,0.4419353631738987,0.5444444444444445,0.46666666666666656,0.9322916666666666,0.84765625,0.5054558625334264,0.4375233062089835,-0.42455428293463726,0.014433286487590541,0.34021541476249695,0.4079169034957886,-0.6327932584449609,-0.5170329733259003,0.7027566432952881,0.8350338935852051
lef1,6dks_G_SUH_MOUSE.H11MO.0.A.npz,0,0.8115759358624928,0.6583604739280418,0.5874999999999999,0.5,0.9947916666666666,0.921875,0.6232264573207911,0.41644132912952136,0.6294908666094621,0.7225161335494381,0.09185727685689926,0.2426261603832245,-0.3533730959814296,-0.42185779461048234,0.36687713861465454,0.5535484552383423
lef1,7vuq_A_NFKB2_HUMAN.H11MO.0.B.npz,0,0.8100747097791596,0.4694804795594378,0.6308411557356917,0.4552895551617199,0.9560185185185185,0.7999131944444443,0.6081464286573853,0.35689060135570655,0.48309604915411136,0.30595693179987726,0.11949131637811661,0.32419154047966003,-0.5288146006548055,-0.5339351323430738,0.43649914860725403,0.707495927810669
lef1,5emp_B_MA0113.3.jaspar.npz,0,0.6268273650979003,0.7223118593761076,0.572704627669473,0.5344151844011226,0.8791152263374485,0.9344135802469137,0.6805481517673695,0.7690448087907296,0.5098004194851683,0.7839396515543194,0.22389890253543854,0.10655391216278076,-0.5765648472019761,-0.4992091984255341,0.6223911046981812,0.43979522585868835
lef1,6dfc_A_MA0527.1.jaspar.npz,0,0.622546146158129,0.6969716946062233,0.4225998413924516,0.5714285714285714,0.7516666666666666,0.945,0.529017390153342,0.42917024102724194,0.0379681259812399,0.33380875994382664,0.33645543456077576,0.30201229453086853,-0.663690733174757,-0.565529667617964,0.6920118927955627,0.6280272603034973
lef1,2evf_A_MA0343.1.jaspar.npz,0,0.8035973232705146,0.674227717667236,0.6906797181058932,0.49811388300841913,0.920138888888889,0.8703703703703703,0.5879078432987728,0.6152293918870699,0.15718828423416112,0.13829648305086856,0.15342828631401062,0.16821041703224182,-0.5581312189414541,-0.683016465839248,0.49520620703697205,0.5597580075263977
lef1,7jm4_G_MA1419.1.jaspar.npz,0,0.7547199252061546,0.7974747646134347,0.6,0.5,0.9317129629629629,0.9722222222222223,0.7664762833391491,0.8385997695637035,0.055580927027374744,0.21325987326713838,0.31892234086990356,0.22191829979419708,-0.614544598276835,-0.6751198840239405,0.5700548887252808,0.506182849407196
lef1,7jm4_B_MA1419.1.jaspar.npz,0,0.7864168707281352,0.7983998148527462,0.63,0.55,0.9351851851851851,0.9664351851851851,0.7990618338676189,0.8291703107024222,0.09939993581507464,0.12232767905902035,0.29022353887557983,0.23468482494354248,-0.57352657337958,-0.6891819497190164,0.5195924043655396,0.5133804082870483
lef1,6lbi_C_FOXO1_HUMAN.H11MO.0.A.npz,0,0.8742397881111375,0.7757915715615683,0.6428571428571429,0.4428571428571429,1.0,0.9716666666666667,0.5357829780555432,0.4899114516504793,0.5840789235066505,0.40951596147526037,0.07288040965795517,0.13294737040996552,-0.35203309025086454,-0.4855515172134647,0.3330078721046448,0.4651438295841217
lef1,1pzu_L_MA0152.1.jaspar.npz,0,0.972176156938076,0.7978883117126921,0.6453697142597896,0.6550411936380691,1.0,1.0,0.782919562169832,0.4896466879257808,0.7347762459281345,0.3026781672172805,0.026530178263783455,0.15766431391239166,-0.26296081554484935,-0.5603278367536076,0.18350966274738312,0.4404231607913971
lef1,1gu4_A_MA0466.3.jaspar.npz,0,0.7195430807866311,0.4743334463564679,0.46858541225631417,0.33997924203035024,0.890625,0.8450520833333334,0.6128383338521781,0.44954392404148963,0.6169644808746457,0.7080532341564054,0.211405411362648,0.3762497007846832,-0.5870822872198594,-0.5858603985589906,0.5311852097511292,0.7333729267120361
lef1,5bng_B_MEIS2_HUMAN.H11MO.0.B.npz,0,0.3629283776972443,0.7850707496982068,0.4800234734023465,0.5497983346207417,0.8489583333333334,0.9322916666666666,0.38444697877875866,0.7278053975260363,0.5748097297636733,0.5514631163605287,0.4504129886627197,0.1666087508201599,-0.6518183249344002,-0.6677465002421814,0.8063581585884094,0.48681479692459106
lef1,6od3_E_ITF2_HUMAN.H11MO.0.C.npz,0,0.7113733229426933,0.524861250538379,0.3285714285714286,0.3142857142857142,0.8300000000000001,0.8666666666666667,0.554206876244667,0.5124356039464375,0.1947700886423137,0.8686915908269384,0.24922356009483337,0.30074039101600647,-0.5881004776588655,-0.270325601817571,0.5652552843093872,0.5771539807319641
lef1,4r2p_A_WT1_HUMAN.H11MO.0.C.npz,0,0.861299001745566,0.8099758443875342,0.5777777777777778,0.5555555555555556,0.9895833333333334,0.96484375,0.5300061587132929,0.5640366863938332,0.0949364727367043,0.46579160029219596,0.1367887556552887,0.11875846982002258,-0.5652558731017776,-0.5461778134331043,0.44812196493148804,0.4543570280075073
lef1,6od3_F_MA0830.2.jaspar.npz,0,0.7629787956054012,0.6472477276499072,0.43333333333333335,0.3,0.8697916666666666,0.9375,0.7479998611980894,0.5319236141483029,0.6236074277545236,0.35310699703985127,0.3100607693195343,0.3402049243450165,-0.3425736760655316,-0.28101341831930515,0.4699578285217285,0.5405899286270142
lef1,6fj5_C_P53_HUMAN.H11MO.0.A.npz,0,0.26796458673197776,0.2763463852927089,0.175,0.10499999999999998,0.6103877314814815,0.5967881944444445,0.1391066105637119,0.1698868997455522,0.4727356427079801,0.5322684660713626,0.6010347604751587,0.544347882270813,-0.45945363274542467,-0.5045371654688737,1.0286436080932617,0.9542404413223267
lef1,1ram_A_TF65_MOUSE.H11MO.0.A.npz,0,0.5918435796163977,0.398795222886838,0.43,0.47000000000000003,0.8833333333333334,0.8466666666666667,0.4998440833531677,0.2342006700319363,-0.17882382980504816,0.05840241203496563,0.32377132773399353,0.5792690515518188,-0.749769701034476,-0.5706224127725934,0.7610994577407837,0.9521887898445129
lef1,6vg2_A_FLI1_HUMAN.H11MO.0.A.npz,0,0.5799572347508123,0.6705333211769661,0.34572360817087616,0.44144721634175227,0.9166666666666666,0.8611111111111112,0.49522353711918465,0.5505616633091411,0.7633187211419484,0.7052362559140202,0.37130117416381836,0.3769768476486206,-0.26032884496112413,-0.2816585282559465,0.5832590460777283,0.5649194121360779
lef1,5vmv_A_KAISO_HUMAN.H11MO.0.A.npz,0,0.39964991812435485,0.5838743739454499,0.3023325773613403,0.5287479787288035,0.7984259259259258,0.9071296296296296,0.3685218713019884,0.4646141427358374,0.5929346239970736,0.23532153105944814,0.414139062166214,0.2561676502227783,-0.4252080104414702,-0.5025554619527967,0.7811141610145569,0.6635435819625854
lef1,3v79_C_MA1116.1.jaspar.npz,0,0.7964156872949388,0.7748442787269596,0.4290569415042095,0.46132117688026186,0.9375,0.96875,0.8242067527513897,0.7240115191064117,0.3329050973899472,0.5897146909785715,0.12895455956459045,0.18003594875335693,-0.6728852888785988,-0.6657485375051202,0.46043965220451355,0.5210930705070496
lef1,7jm4_A_MA1419.1.jaspar.npz,0,0.7864168530330062,0.79839974566421,0.63,0.55,0.9351851851851851,0.9664351851851851,0.7990618220426846,0.8291702634621663,0.09939988054138983,0.12232769483509755,0.2902235984802246,0.23468486964702606,-0.5735265550540364,-0.6891819788964539,0.5195924043655396,0.5133805274963379
lef1,5kl3_A_WT1_HUMAN.H11MO.0.C.npz,0,0.7247885615409663,0.6866005014809262,0.47777777777777775,0.4555555555555555,0.80078125,0.72265625,0.469823108995079,0.5103658965949972,0.4062273160450676,0.5454825455553893,0.2552441358566284,0.1763755828142166,-0.49770670298261027,-0.4985511268081458,0.5691683292388916,0.5207740068435669
lef1,4cn3_D_RXRA_HUMAN.H11MO.0.A.npz,0,0.701763691716931,0.5596259156914635,0.5222222222222221,0.4,0.9874999999999999,0.8964583333333334,0.2894940435901669,0.298308106736955,0.08989026757572469,-0.11039501396925094,0.20803679525852203,0.34670960903167725,-0.6126327968566417,-0.6856144671531674,0.5948105454444885,0.8017829656600952
lef1,5yef_J_CTCF_HUMAN.H11MO.0.A.npz,0,0.490493242915753,0.7133493773289956,0.45357651598360726,0.59643365884075,0.892361111111111,0.8715277777777778,0.4567619797215706,0.48342044181304894,0.5162067090726766,0.4786695637485198,0.3138292729854584,0.23086725175380707,-0.4665221204306373,-0.5047971554527917,0.7399868965148926,0.6297835111618042
lef1,1pzu_H_NFAC2_HUMAN.H11MO.0.B.npz,0,0.7873185609156886,0.7524077225631723,0.5996744416684942,0.6426934221698973,0.9895833333333334,0.9947916666666666,0.7182151706707026,0.3918636551640051,0.76282531605911,0.07702257507774701,0.17244093120098114,0.23287825286388397,-0.40029374279912916,-0.75543393582522,0.38454297184944153,0.550646960735321
lef1,4cn3_C_MA0065.1.jaspar.npz,0,0.5639110373532665,0.6707969428223025,0.5254684286269009,0.5488228050523285,0.9132653061224488,0.879251700680272,0.6095567317411623,0.6365074399501253,0.25722812356547764,0.19678223239229894,0.36507925391197205,0.29663020372390747,-0.5678437545523713,-0.5734366473800369,0.6718763709068298,0.5818949937820435
lef1,2i9t_B_NFKB1_MOUSE.H11MO.0.A.npz,0,0.902253093989566,0.7987317360704764,0.4532455532033676,0.5032455532033676,0.9966666666666667,0.9466666666666667,0.5481700912357216,0.5192230538686644,0.3176247023010229,-0.12047420338255796,0.10772285610437393,0.2410467565059662,-0.4871882879053084,-0.5914443477709603,0.39437100291252136,0.5684778094291687
lef1,1vkx_B_NFKB1_MOUSE.H11MO.0.A.npz,0,0.7530266955029219,0.4945133483968675,0.40324555320336763,0.3874341649025257,0.93,0.8233333333333334,0.4954021448441754,0.35703306747061,0.7561192068824998,0.5184715919292625,0.14359615743160248,0.30657848715782166,-0.346165094746078,-0.44164407618332674,0.39874061942100525,0.6880217790603638
lef1,6a8r_A_DUX4_HUMAN.H11MO.0.A.npz,0,0.6005704557130229,0.6255912058055401,0.5992212360978308,0.5275899588222728,0.8306878306878307,0.8503401360544217,0.650486516492456,0.6467597139294557,0.3725538196429899,0.4893843224669103,0.2914557158946991,0.3346021771430969,-0.7538617685386716,-0.820320828040052,0.702135443687439,0.7590106725692749
lef1,6fbq_A_MA0065.1.jaspar.npz,0,0.7221474265069057,0.6578301398881844,0.6127282158665998,0.5732310981604785,0.9506802721088435,0.8775510204081632,0.5679003623752651,0.6311142404388796,0.38538456286851,0.3786100391578227,0.2525831460952759,0.2967764735221863,-0.5437356261591788,-0.605143753291183,0.5378395915031433,0.5894106030464172
lef1,5kl4_D_WT1_HUMAN.H11MO.0.C.npz,0,0.833504722974289,0.6777496178498646,0.5666666666666667,0.37777777777777777,0.9479166666666666,0.9583333333333334,0.5584826263219989,0.5173333119969448,0.19774489878348053,0.2763109769241201,0.14018481969833374,0.1779533475637436,-0.5912136963843477,-0.5488788878449281,0.5129015445709229,0.5679967403411865
lef1,1hjb_F_RUNX1_MOUSE.H11MO.0.A.npz,0,0.7116600048935248,0.7444302652276948,0.5488058570102899,0.4516567848963724,0.9172916666666667,0.9649999999999999,0.6286886977255751,0.6323920477502356,0.8055555656814736,0.8415269334914206,0.1582598090171814,0.11623019725084305,-0.3766191607740204,-0.4200535854442342,0.46167728304862976,0.38585540652275085
lef1,5kl4_A_WT1_HUMAN.H11MO.0.C.npz,0,0.8075229266606685,0.7443250215599417,0.5333333333333333,0.3888888888888889,0.96875,0.9856770833333334,0.5017039275030618,0.5603184678051364,0.15484197714994985,0.33931422203922795,0.17549341917037964,0.14494915306568146,-0.5505871097780655,-0.5177478766547899,0.5130590796470642,0.5232117176055908
lef1,3wtw_H_MA0098.3.jaspar.npz,0,0.4919643575558439,0.583990503201494,0.3797621616317254,0.3423279967291998,0.8559027777777778,0.8796296296296297,0.4528933317544667,0.5158468426650205,0.266647319782055,0.19343575026478282,0.39975854754447937,0.3134782016277313,-0.5299029540276449,-0.6879566791400736,0.7918407320976257,0.7489838004112244
lef1,2i9t_A_TF65_MOUSE.H11MO.0.A.npz,0,0.9054363266099245,0.8162364933406934,0.53,0.5400000000000001,0.9966666666666667,0.9466666666666667,0.6563310388932339,0.6496734772583838,0.2936349752109288,-0.0768777545874953,0.09617394208908081,0.17369507253170013,-0.5203583718162925,-0.6284497249041359,0.40187937021255493,0.5138258934020996
lef1,1r0n_A_MA0115.1.jaspar.npz,0,0.541910377331078,0.5325834191559503,0.4667989635083016,0.4549538687409842,0.8356481481481483,0.7962962962962963,0.5292986210987332,0.5035537384040051,0.5373802793723108,0.6480901057249511,0.5422633290290833,0.5864938497543335,-0.5656568487667432,-0.718114098780562,0.7714787125587463,0.8639950752258301
lef1,6mg2_A_CEBPB_HUMAN.H11MO.0.A.npz,0,0.5876390351384709,0.6609160617835269,0.5294045437063165,0.5505600484563075,0.8618344907407408,0.9399594907407406,0.4957499078452816,0.6156133452712271,0.4737317949825042,0.34073064291618005,0.2823195457458496,0.19525569677352905,-0.5680240136357037,-0.636486991111563,0.6721621155738831,0.621185839176178
lef1,2evi_A_MA0343.1.jaspar.npz,0,0.8585624399362132,0.5839588433067547,0.7464911064067352,0.4581138830084191,0.9305555555555555,0.8541666666666666,0.6220582379740509,0.5222638574713216,0.17440486939687921,0.17278142884261785,0.1406705677509308,0.24387633800506592,-0.5299048921773138,-0.6820059783294725,0.46006345748901367,0.6363266110420227
lef1,5ke6_A_KLF4_MOUSE.H11MO.0.A.npz,0,0.8509570655878633,0.9058748502861818,0.625,0.6124999999999999,0.9722222222222222,1.0,0.48100662292094226,0.5468502270061023,0.6846830609252034,0.5554539108293215,0.10732506960630417,0.0607173815369606,-0.48047843144052793,-0.5366840472382699,0.42348557710647583,0.382598876953125
lef1,6byy_D_MA0660.1.jaspar.npz,0,0.9571150202925006,0.8510078103281558,0.6893798663751319,0.6461374786726756,1.0,0.76953125,0.8855803107714544,0.8536926290392612,0.32955149306846115,0.3587855807012535,0.049882564693689346,0.179151713848114,-0.36233415431614724,-0.5170212443325163,0.25747016072273254,0.42979511618614197
lef1,2ady_A_MA0106.3.jaspar.npz,0,0.782770004402846,0.7769595618825406,0.6399999999999999,0.53,0.9342403628117916,0.9348072562358277,0.531516715069819,0.5343689301284544,0.2903917576247489,0.4917327682868937,0.15914107859134674,0.15757636725902557,-0.5602324429069916,-0.4137719073318067,0.49161869287490845,0.4642653465270996
lef1,5und_A_MA1930.1.jaspar.npz,0,0.20734503167681395,0.30425879669026473,0.25999999999999995,0.22,0.7079659024103467,0.6913055345595028,0.40309585979737217,0.4669449035253995,0.6132564099809893,0.714712722505258,0.29462623596191406,0.19472366571426392,-0.4493626975374352,-0.34944564854727744,0.7724101543426514,0.6031663417816162
lef1,3q05_B_P53_HUMAN.H11MO.0.A.npz,0,0.7417126989807002,0.789026406314224,0.49499999999999994,0.5249999999999999,0.9304108796296298,0.9322916666666666,0.46982968523666013,0.46162579633322,0.5566450006036141,0.7303316347901536,0.16569843888282776,0.14091895520687103,-0.42945899390219344,-0.41171209595987024,0.538424015045166,0.4558466076850891
lef1,5und_B_MA1930.1.jaspar.npz,0,0.40167422225678584,0.46867154081448226,0.36521739130434777,0.391304347826087,0.809432269639882,0.775254709727028,0.43894908364009116,0.5224717488441334,0.6284309436588327,0.6997983259433933,0.2308376580476761,0.1460144966840744,-0.49040847647720737,-0.36155071000704775,0.6586669683456421,0.5106416344642639
lef1,7oh9_K_MA0386.1.jaspar.npz,0,0.7536487865727395,0.01185681760710265,0.5142857142857143,-0.05714285714285714,1.0,0.7346938775510203,0.6646855213078109,0.02610317665981322,-0.17944691835874782,0.06572737790873416,0.24896226823329926,0.6799973249435425,-0.7168007051579689,-1.506761212333237,0.5974623560905457,1.3741843700408936
lef1,5lty_M_MA0465.2.jaspar.npz,0,0.8736501082777977,0.7545414675725624,0.82,0.5999999999999999,1.0,0.9600000000000001,0.6909178487119341,0.5961846379286249,0.4341439082903282,0.5851422315115316,0.08545634150505066,0.12526017427444458,-0.48274139889465434,-0.6450418448454679,0.35051867365837097,0.4723631739616394
lef1,3coa_C_FOXO1_HUMAN.H11MO.0.A.npz,0,0.8207529485724601,0.7068972606211901,0.557142857142857,0.3714285714285714,0.9666666666666667,0.9733333333333333,0.6128079209922574,0.5778233943383798,0.3079001736549938,0.8166062894060948,0.10606927424669266,0.11269979923963547,-0.5277799034982886,-0.28984434033088335,0.45601847767829895,0.4179022014141083
lef1,5vmu_A_KAISO_HUMAN.H11MO.0.A.npz,0,0.6187120768396804,0.8952992376354005,0.44729537233052696,0.739189403074386,0.9425,0.9916666666666667,0.48243009119904773,0.5291530561238212,0.49662817115760394,0.4061612090021043,0.2927206754684448,0.09829782694578171,-0.43262784664436205,-0.42028888088536903,0.6053038239479065,0.37659332156181335
lef1,1gu5_A_MA0466.3.jaspar.npz,0,0.5025660836254247,0.20581929245963693,0.3013523138347365,0.1298428235840349,0.7291666666666666,0.671875,0.36116333170182074,0.31873907110628924,0.01887170458927813,0.4163066594341789,0.41911664605140686,0.5448298454284668,-0.9086311202455027,-0.7899569291031702,0.8820245862007141,1.0086568593978882
lef1,6od3_A_MA0830.2.jaspar.npz,0,0.7833984171350797,0.7020953875035048,0.4666666666666668,0.21666666666666667,0.8697916666666666,0.921875,0.7551562386321345,0.5779245413286386,0.6373279919271881,0.40937257427415513,0.28562822937965393,0.29926082491874695,-0.26181219450172993,-0.2636506877418577,0.40340304374694824,0.46372750401496887
lef1,6lbi_D_FOXO1_HUMAN.H11MO.0.A.npz,0,0.8742397836208318,0.7757917696671862,0.6428571428571429,0.4428571428571429,1.0,0.9716666666666667,0.5357829598346805,0.489911454520732,0.5840788850129806,0.40951589021386403,0.07288042455911636,0.13294735550880432,-0.3520331620728883,-0.48555153071792195,0.3330078721046448,0.46514374017715454
lef1,3wtw_C_ETS1_HUMAN.H11MO.0.A.npz,0,0.7046069292351603,0.746965971775353,0.6,0.51,0.9333333333333332,0.9266666666666667,0.5085149519152024,0.5347209721185585,0.4932072075469197,0.4951621305785791,0.209493950009346,0.19727341830730438,-0.4349786735852323,-0.4935806879032151,0.5503501892089844,0.5412516593933105
lef1,3wts_C_ETS1_HUMAN.H11MO.0.A.npz,0,0.8014871832448989,0.5880011214409023,0.6399999999999999,0.43,0.9700000000000001,0.9233333333333333,0.5714199117832774,0.5171654543078027,0.5067690646271408,0.45574107423887594,0.12528589367866516,0.22855901718139648,-0.44359651370320313,-0.5030104433868445,0.45617014169692993,0.598138153553009
lef1,1a1g_A_MA0162.1.jaspar.npz,0,0.5732931296341122,0.6358955985866487,0.5309998066192618,0.5679270486833897,0.8119212962962963,0.8888888888888888,0.38419328021173754,0.6418863918256384,0.6921355738862732,0.6069313559732358,0.36878374218940735,0.22735294699668884,-0.36321052010603805,-0.4889146562761885,0.652225911617279,0.5961686968803406
lef1,2lt7_A_MA0527.1.jaspar.npz,0,0.47919672408274244,0.7470378991981436,0.4392280956059262,0.724942381320212,0.7500000000000001,0.9416666666666668,0.3910214424167911,0.5021622853025515,-0.020846939902666426,0.13705405052421885,0.4196096360683441,0.1956709325313568,-0.7224793744148698,-0.766935534456323,0.8221434354782104,0.5992991328239441
lef1,6vg8_A_FLI1_HUMAN.H11MO.0.A.npz,0,0.6077297106385231,0.47783153628309566,0.6238790071185947,0.4966251507273671,0.9074074074074074,0.8240740740740741,0.5559791176755496,0.3952419874284125,0.18689780031423767,0.6016474328911146,0.39421820640563965,0.5585551261901855,-0.46234060962435825,-0.38471780131142946,0.6749919056892395,0.8096969127655029
lef1,5hdn_A_HSF1_HUMAN.H11MO.0.A.npz,0,0.5415725744329393,0.6936349414987489,0.31324555320336755,0.4390569415042095,0.954861111111111,0.9722222222222223,0.39802014863880264,0.5453086539988254,-0.031610805191236,0.07158135030945183,0.2647453546524048,0.1852753460407257,-0.660640328311221,-0.671326093873452,0.7456879019737244,0.6353327631950378
lef1,5yef_B_MA1930.1.jaspar.npz,0,0.378570612298467,0.6656567851184971,0.41666666666666674,0.6000000000000001,0.7592504930966469,0.7816370808678501,0.4054687056498645,0.4547858925719575,0.3716362469547529,0.5573642594022093,0.26430583000183105,0.17418624460697174,-0.5178509959348871,-0.3951831287629849,0.746591329574585,0.533548891544342
lef1,7cli_A_NFKB2_HUMAN.H11MO.0.B.npz,0,0.5095974624749612,0.28175547579303384,0.33071498067023836,0.2875930125770331,0.8197337962962963,0.6739004629629629,0.38041612478246,0.26586074406162297,-0.21261959210557166,-0.14970824592490864,0.4025503396987915,0.5402159690856934,-0.7025726330266402,-0.6929776173079186,0.8102380633354187,0.99139803647995
engrailed,4l0z_B_MA0098.3.jaspar.npz,0,0.5736189698698582,0.6746598215395352,0.5797621616317254,0.42232799672919974,0.9126157407407406,0.9004629629629629,0.5241333040687033,0.5143388641707604,0.26060644517844145,0.03142827503568667,0.31929558515548706,0.26191115379333496,-0.5247741256699772,-0.6509559851039359,0.6799159049987793,0.6914336085319519
engrailed,5z2t_D_DUX4_HUMAN.H11MO.0.A.npz,0,0.1127096149371937,0.15111991968005895,0.04473803790692691,0.33015579391974714,0.5064247921390779,0.5935374149659863,0.10994923666054705,0.07102064590068527,0.44644662554363557,0.05089801076933984,0.8663358688354492,0.8633471727371216,-0.5221029211786649,-0.680538135771944,1.2224420309066772,1.2888437509536743
engrailed,4xrm_B_MEIS2_HUMAN.H11MO.0.B.npz,0,0.8667127319495194,0.7529490565648302,0.540746341000669,0.5227273604992658,0.9976851851851851,0.9490740740740741,0.7654599845427238,0.6659147420959407,0.5334148995248992,0.20675481405972004,0.08919016271829605,0.19309137761592865,-0.5031411187802641,-0.6191046319834183,0.3851868212223053,0.552035391330719
engrailed,2wty_A_MA0117.2.jaspar.npz,0,0.5001580421812832,0.6388742632909932,0.47715302709550117,0.42260757255004666,0.8058035714285715,0.9234693877551021,0.5394032083537013,0.5528024803440645,0.04678838243555141,0.04821751529352448,0.3115847706794739,0.2484096884727478,-0.6729637423792713,-0.6889942948090388,0.7379937767982483,0.6672667860984802
engrailed,1le8_B_MA0328.2.jaspar.npz,0,0.523198215814773,0.3159068663517246,0.45949807437018375,0.1627053682420267,0.7233333333333333,0.7570370370370371,0.28881633806481155,0.19643889696191452,0.12947615946659935,0.2585593455898525,0.3895500898361206,0.5198401212692261,-0.9131420636501926,-0.4993873270799104,0.8755415081977844,0.9470875859260559
engrailed,2euz_A_MA0343.1.jaspar.npz,0,0.6472999614197761,0.4819509989814833,0.5195978670381043,0.45905694150420945,0.8831018518518517,0.782986111111111,0.36088553667228884,0.4449097929934475,0.2157908192358923,0.1805597527526918,0.32655221223831177,0.4144744277000427,-0.5021911694877891,-0.5930333782982544,0.6443898677825928,0.8090206384658813
engrailed,1a1j_A_MA0162.1.jaspar.npz,0,0.6134865968720987,0.5808361614588649,0.43521392034004247,0.5573861231494951,0.9212962962962964,0.8524305555555555,0.5661833230512723,0.5881436200607498,0.5036479768558867,0.2540199180142768,0.2757359445095062,0.335993230342865,-0.6592160094362098,-0.5894299232877638,0.6495046615600586,0.729521632194519
engrailed,6byy_A_MEF2A_HUMAN.H11MO.0.A.npz,0,0.6420593289658427,0.5235393490228388,0.8111111111111111,0.41111111111111104,0.91796875,0.9036458333333334,0.4844276703540562,0.30560017045120014,0.23516566759147695,-0.49161834080931643,0.3722628355026245,0.44316238164901733,-0.3140939466162348,-0.6020543965928299,0.6348301768302917,0.8282212615013123
engrailed,4xrm_A_MEIS2_HUMAN.H11MO.0.B.npz,0,0.8667127549318442,0.7529490531499808,0.540746341000669,0.5227273604992658,0.9976851851851851,0.9490740740740741,0.7654600123549476,0.6659147370839441,0.5334148528790392,0.20675478703857333,0.08919015526771545,0.19309133291244507,-0.5031411385299337,-0.619104664042789,0.3851868212223053,0.5520353317260742
engrailed,3iag_C_SUH_MOUSE.H11MO.0.A.npz,0,0.8997076922096312,0.6447865087538958,0.625,0.375,0.9895833333333334,0.9635416666666666,0.6438273905477403,0.4538312194087266,0.8670296774381412,0.5335577026379361,0.03762734308838844,0.17697486281394958,-0.2701618410628917,-0.40262950853087087,0.2606092691421509,0.49772053956985474
engrailed,1vkx_A_TF65_MOUSE.H11MO.0.A.npz,0,0.8260224043740891,0.6409285571775399,0.53,0.53,0.9733333333333333,0.8466666666666667,0.6394486829676437,0.5735177214552479,0.46290352113263866,0.20014562671552188,0.13560543954372406,0.28106889128685,-0.4525056818849668,-0.5450260918985289,0.45611006021499634,0.6552362442016602
engrailed,3wtu_A_RUNX1_MOUSE.H11MO.0.A.npz,0,0.5149331219145097,0.5350879910402,0.29037811838447136,0.3976423537605237,0.93,0.9244444444444445,0.4958478117505701,0.4715109581699952,0.38939867297446173,0.10666917150028588,0.40017953515052795,0.34776610136032104,-0.4656841555899529,-0.6399258846394852,0.7032883763313293,0.697479248046875
engrailed,1srs_A_SRF_HUMAN.H11MO.0.A.npz,0,0.6518354075299364,0.39707684495740314,0.5968100967333956,0.38538661028114624,0.8387962962962963,0.7275925925925925,0.5397944629208252,0.5084810124031978,0.4274517487282252,0.23574365763633343,0.2779524028301239,0.4191339612007141,-0.4380831498312061,-0.4908192812516976,0.6033090353012085,0.8235148787498474
engrailed,5ke8_A_MA0039.2.jaspar.npz,0,0.7358304270892404,0.6352416972513311,0.5645284707521047,0.38108541225631426,0.9370748299319729,0.5629251700680272,0.729039797669249,0.646620637598486,0.8829018350845668,0.30662454539327544,0.11475998163223267,0.2796354293823242,-0.29658714742466097,-0.5288339300905736,0.3713354468345642,0.65254145860672
engrailed,3kov_I_MA0052.4.jaspar.npz,0,0.6375372006247441,0.6511241944713725,0.7999999999999999,0.5111111111111111,0.7721354166666666,0.8958333333333334,0.540686635965029,0.522766204216365,0.011219410989926099,-0.12162906717074858,0.33333542943000793,0.3203483819961548,-0.401697078514268,-0.46674145286098273,0.6117756366729736,0.648068904876709
engrailed,1c7u_A_MEF2A_HUMAN.H11MO.0.A.npz,0,0.1539233902391667,0.14115935978740404,0.03333333333333334,0.04166666666666665,0.6039094650205762,0.5432098765432098,0.09430681519468731,0.10004024450819472,0.1999501775218603,-0.25398893957273716,0.4691101610660553,0.6578795313835144,-0.4951551368933675,-0.5612954941685073,0.9551443457603455,1.1886682510375977
engrailed,6vge_A_ERG_HUMAN.H11MO.0.A.npz,0,0.5153037965194218,0.5153175056394603,0.4961012293408169,0.4458007151553198,0.8710416666666667,0.8045833333333333,0.5559440396945485,0.44214426518755334,0.40903329959905327,0.2621210535681221,0.24686461687088013,0.4254506528377533,-0.539412402244184,-0.5396830319043916,0.6265203356742859,0.8028467893600464
engrailed,2wbu_A_KLF4_MOUSE.H11MO.0.A.npz,0,0.6923082609428093,0.6028341307828669,0.5,0.4875,0.8796296296296298,0.7870370370370371,0.515522063765174,0.4529292233259985,0.749775215694838,0.36369222244941835,0.19180062413215637,0.27500325441360474,-0.47188513101386054,-0.40937858998856574,0.5068321824073792,0.625198245048523
engrailed,2evj_A_MA0343.1.jaspar.npz,0,0.8356257774867117,0.6347455337818246,0.7290569415042094,0.5040569415042095,0.984375,0.8385416666666666,0.6213920610153676,0.5720331633232947,0.25455767093744985,0.013577277031212823,0.10453057289123535,0.33999013900756836,-0.5179420842972378,-0.6212894130027514,0.36566033959388733,0.7213346362113953
engrailed,6vgg_A_ERG_HUMAN.H11MO.0.A.npz,0,0.4625451959048708,0.43545160525374943,0.4961012293408169,0.36802293737754205,0.84,0.7729166666666667,0.43595145772171356,0.4379323832190805,0.5393744782512905,0.03484629652197622,0.3609147071838379,0.499260276556015,-0.47262777437802556,-0.6149154279949456,0.7366557717323303,0.8954087495803833
engrailed,2wty_B_MA0117.2.jaspar.npz,0,0.5001580376516689,0.6388741994953968,0.47715302709550117,0.42260757255004666,0.8058035714285715,0.9234693877551021,0.539403221446627,0.5528024638026083,0.046788341656073026,0.04821747101461242,0.3115847706794739,0.24840974807739258,-0.6729637907236959,-0.6889943217210057,0.7379937767982483,0.667266845703125
engrailed,2erg_A_MA0324.1.jaspar.npz,0,0.6430372572795022,0.5406794675625861,0.6342963638658745,0.4530672195522126,0.8735827664399093,0.7796674225245654,0.5612639656909928,0.49606140713736496,0.4326247582806824,0.05470473444780443,0.23449747264385223,0.2998993694782257,-0.6531599420322677,-0.6728189160605387,0.6876628398895264,0.7728505730628967
engrailed,6b0q_A_WT1_HUMAN.H11MO.0.C.npz,0,0.6576848412352976,0.44762774385486004,0.5,0.2888888888888889,0.7083333333333334,0.6276041666666666,0.5385654565959332,0.47096572430000777,0.5433662695418701,0.1959812183526747,0.22630201280117035,0.3113453686237335,-0.42970670970099734,-0.5514676981267589,0.5268957614898682,0.7033620476722717
engrailed,4r2d_A_MA0162.4.jaspar.npz,0,0.5169326174946036,0.47764178677462044,0.21999999999999997,0.38,0.6901041666666666,0.625,0.5664022595624236,0.41452782959313483,0.6681239904388946,0.20793379494964584,0.2735939919948578,0.4456024765968323,-0.35204176115891417,-0.4137117912176712,0.5691038370132446,0.7906898260116577
engrailed,6u81_A_DUX4_HUMAN.H11MO.0.A.npz,0,0.7774438173676442,0.7390947600028345,0.5959947521917873,0.4305499117620132,0.9166666666666666,0.9083333333333333,0.708562673818142,0.6752143719823958,0.6714188624727715,0.5258402154811133,0.14339259266853333,0.15973125398159027,-0.6586793022883557,-0.4601923040498554,0.5037668943405151,0.46216514706611633
engrailed,1a1i_A_MA0162.1.jaspar.npz,0,0.6514242030752939,0.445618154881231,0.4446723056577358,0.364252424476447,0.8826530612244899,0.8095238095238094,0.6714289187983967,0.5699005493693987,0.6895849654059575,0.1088368749580411,0.18139120936393738,0.42964011430740356,-0.4980999458873696,-0.5810849576880898,0.5072571039199829,0.8163966536521912
engrailed,6lbi_K_FOXO1_HUMAN.H11MO.0.A.npz,0,0.8349871283464024,0.7693369883995498,0.38571428571428573,0.5857142857142857,1.0,0.9249999999999999,0.5453579323127796,0.4181862046845568,0.6383397829385137,0.022397620941061708,0.07486468553543091,0.1935161054134369,-0.36780877055815353,-0.5491978005142718,0.40752241015434265,0.5573514103889465
engrailed,6vg2_D_FLI1_HUMAN.H11MO.0.A.npz,0,0.7578930355763683,0.6260018078610301,0.4414472163417524,0.4720759220056127,0.8981481481481483,0.8425925925925926,0.5491560560236931,0.5374546965720702,0.6393036638679558,0.23884761409680982,0.21341337263584137,0.35545262694358826,-0.2198105509216007,-0.5258989981127096,0.34452295303344727,0.6334776878356934
engrailed,6byy_A_MA0660.1.jaspar.npz,0,0.67359853691111,0.5781466000609927,0.7637056878958332,0.4407282233337295,0.9401041666666666,0.9817708333333334,0.5824776752315786,0.544507282367736,0.2564172935364925,0.056352445791034704,0.37505584955215454,0.38975343108177185,-0.4075909281372365,-0.6547481743792452,0.6062239408493042,0.7216337323188782
engrailed,2e42_A_CEBPB_HUMAN.H11MO.0.A.npz,0,0.5714188741985708,0.45994730989596894,0.5156793914340876,0.39170728672273775,0.7701099537037037,0.808304398148148,0.6238899772403591,0.5473935390814432,0.617643742992728,0.4652844041124129,0.24555405974388123,0.32684704661369324,-0.5828392109152982,-0.570523406801059,0.6516268253326416,0.7586826086044312
engrailed,6fj5_D_P53_HUMAN.H11MO.0.A.npz,0,0.4387926724739373,0.3418644154502545,0.21999999999999997,0.355,0.6931423611111112,0.6665219907407408,0.19228610721758646,0.16332874992801477,0.482546161899612,-0.06463152396721458,0.44370871782302856,0.5350505709648132,-0.46093934577785056,-0.6688283146439685,0.8539064526557922,1.0091499090194702
engrailed,5yef_G_MA1930.1.jaspar.npz,0,0.6784541501611885,0.31172315777318244,0.5944444444444444,0.38888888888888884,0.8420907297830377,0.6390335305719921,0.5046654269639126,0.32993687435586005,0.501921870297849,0.12545653082208325,0.1644788235425949,0.4448685050010681,-0.4335645827639487,-0.5854253435276464,0.5455082058906555,0.9181177616119385
engrailed,1srs_B_SRF_HUMAN.H11MO.0.A.npz,0,0.6518354634410405,0.3970768463120542,0.5968100967333956,0.38538661028114624,0.8387962962962963,0.7275925925925925,0.539794467109436,0.5084810127982989,0.42745173554777305,0.23574361781662254,0.2779523730278015,0.4191339612007141,-0.43808318045319866,-0.49081929510352623,0.603308916091919,0.8235148787498474
engrailed,1ram_B_TF65_MOUSE.H11MO.0.A.npz,0,0.5152566246455536,0.4090908506753294,0.51,0.43,0.9533333333333335,0.7766666666666667,0.29715575910551406,0.17933435816094964,-0.20595200788303272,0.31181320490406067,0.40342774987220764,0.5367420315742493,-0.6894333100845327,-0.4439236046310288,0.8239224553108215,0.891620934009552
engrailed,5vpf_B_JUND_HUMAN.H11MO.0.A.npz,0,0.6909020579316549,0.5922613054507464,0.5024324490635568,0.3778061133573585,0.8333333333333335,0.8611111111111112,0.6080232933005347,0.5195457803505218,0.36098468526376626,-0.0827569846199268,0.306776762008667,0.3896371126174927,-0.5724070459372331,-0.639126926532213,0.6241239905357361,0.746476411819458
engrailed,7cli_B_MA0778.1.jaspar.npz,0,0.6406569062237395,0.42285086746172357,0.5650949025070158,0.230409255338946,0.8697916666666666,0.578125,0.6638919005999271,0.38345825322089283,0.555665763884937,-0.06451164694753263,0.21915049850940704,0.5210778713226318,-0.5182461581561154,-0.6285428699559538,0.5435101389884949,0.9302620887756348
engrailed,3gut_D_MA0105.4.jaspar.npz,0,0.4927412997931242,0.41597975219007244,0.47272727272727283,0.3727272727272727,0.8372395833333335,0.7848668981481483,0.31558587316876857,0.23907328640634476,0.4528057305286229,0.1385420491032415,0.6001925468444824,0.5542646646499634,-0.47268450263962053,-0.6814743186090438,0.8360357880592346,0.887306809425354
engrailed,2erg_B_MA0324.1.jaspar.npz,0,0.6430371712544002,0.5406794500537216,0.6342963638658745,0.4530672195522126,0.8735827664399093,0.7796674225245654,0.5612639168956453,0.49606134756691017,0.4326247806104629,0.054704764882719185,0.23449747264385223,0.2998993992805481,-0.6531599691103562,-0.6728189071844988,0.6876628398895264,0.7728506326675415
engrailed,1c7u_B_MEF2A_HUMAN.H11MO.0.A.npz,0,0.15392338123638183,0.14115934923241488,0.03333333333333334,0.04166666666666665,0.6039094650205762,0.5432098765432098,0.09430680956414404,0.10004023155299208,0.19995017844979013,-0.2539889339975949,0.4691101610660553,0.6578795313835144,-0.49515513431952235,-0.5612954917764755,0.9551443457603455,1.1886682510375977
engrailed,6dfy_D_DUX4_HUMAN.H11MO.0.A.npz,0,0.6154291215352714,0.6102055208291859,0.5824667893011983,0.4434098477969889,0.8420256991685563,0.945578231292517,0.5080487878095337,0.5274370982334649,-0.1558186484752193,0.2169680685307669,0.3157237470149994,0.30875685811042786,-1.0573722576588143,-0.6921264676405988,0.8211642503738403,0.7346736788749695
engrailed,2etw_A_MA0343.1.jaspar.npz,0,0.7976714190768285,0.5369642822382351,0.6247805496750857,0.4528588416383605,0.8587962962962964,0.8055555555555557,0.593963603039207,0.5362178850998494,0.22688346189407058,0.04781074028331088,0.1707424819469452,0.37591707706451416,-0.5374415447571357,-0.7094138353296913,0.47449004650115967,0.7899758815765381
engrailed,6x6e_A_GCR_HUMAN.H11MO.0.A.npz,0,0.721287148228536,0.40166348113367956,0.5592787659548073,0.2933333333333333,0.9225,0.7916666666666666,0.4093892370948499,0.3650831780765637,0.5596378253673667,0.4384948419553849,0.15107041597366333,0.3227710425853729,-0.41395962448138984,-0.4510379721421211,0.48087966442108154,0.7353183031082153
engrailed,3gut_E_MA0107.1.jaspar.npz,0,0.7473884394392372,0.402214974781964,0.7018778220142733,0.2656160533019384,0.9466666666666667,0.7466666666666667,0.7505324568569909,0.5103773148068582,0.74780792173917,0.47248049024048694,0.1885848194360733,0.4132804870605469,-0.3349163694417283,-0.6124892502210775,0.4298057556152344,0.8310414552688599
engrailed,1n6j_A_MA0660.1.jaspar.npz,0,0.6419321984518319,0.533913493854925,0.6931465074070917,0.44665540100035656,0.9166666666666666,0.875,0.6148537664733242,0.4321307339476159,0.6664190051912698,0.27734030747316696,0.31225475668907166,0.44126948714256287,-0.39696105643814716,-0.6669968807947427,0.5723062753677368,0.8334266543388367
engrailed,3gut_H_MA0105.4.jaspar.npz,0,0.5849866881458596,0.39741599724882026,0.5545454545454547,0.41818181818181815,0.8423032407407408,0.7680844907407408,0.5104717797180901,0.2891658722027832,0.2638752335131059,0.3685210890876735,0.4981887936592102,0.615060567855835,-0.5325319465088317,-0.6357780270088432,0.7464712262153625,0.9319997429847717
engrailed,6lbi_L_FOXO1_HUMAN.H11MO.0.A.npz,0,0.8349871029346004,0.7693369942369469,0.38571428571428573,0.5857142857142857,1.0,0.9249999999999999,0.5453579309283729,0.4181862053796294,0.6383399275082534,0.022397369049058008,0.07486466318368912,0.19351613521575928,-0.3678086053145634,-0.5491978896146227,0.4075223505496979,0.5573514699935913
engrailed,6wqu_C_SUH_MOUSE.H11MO.0.A.npz,0,0.8694799717050046,0.5830140704056248,0.6875,0.4624999999999999,0.9739583333333334,0.8385416666666666,0.5775237937978313,0.34568317103169854,0.6607273981596942,0.30910913730727874,0.09060236811637878,0.22968672215938568,-0.39618711527187334,-0.4428462649237855,0.3375982642173767,0.5709763765335083
engrailed,4x9j_A_MA0162.4.jaspar.npz,0,0.507804899290204,0.4419550131307915,0.28,0.39,0.7708333333333334,0.6731770833333334,0.5565181384734771,0.3986883696224482,0.7257852930966551,0.24619421278615888,0.23421283066272736,0.4165719151496887,-0.3683664970597557,-0.46169490486313347,0.5473014116287231,0.804157555103302
engrailed,6dks_C_SUH_MOUSE.H11MO.0.A.npz,0,0.7981401822762564,0.7578492375323549,0.6375,0.6124999999999999,0.9479166666666666,0.96875,0.6370683977794458,0.5796647734938565,0.5975503037710621,0.030360321970388744,0.09071807563304901,0.17682227492332458,-0.3783079515661155,-0.5043834519369369,0.34942787885665894,0.5094126462936401
engrailed,6fbr_B_RXRA_HUMAN.H11MO.0.A.npz,0,0.7282325743775194,0.5864030838064436,0.46666666666666656,0.4222222222222222,0.9766666666666667,0.8383333333333334,0.337166193382901,0.13611567289521537,-0.09354902654836755,0.04902168741124756,0.23233948647975922,0.35864636301994324,-0.6212422289811405,-0.5982767470967418,0.6026386618614197,0.7563111782073975
engrailed,6x6e_B_MA0113.3.jaspar.npz,0,0.5459778080694377,0.42835656044383846,0.34603796100280637,0.33441518440112256,0.8868312757201647,0.8320473251028808,0.6495260187664367,0.5014714295636712,0.615291395954661,0.4026223102314556,0.1977921575307846,0.3683730959892273,-0.6219401344946902,-0.6142986311881536,0.609930157661438,0.7935495972633362
engrailed,3wtw_F_RUNX1_MOUSE.H11MO.0.A.npz,0,0.4008532906882465,0.5046049691154622,0.2383496476323666,0.4424065891365761,0.9133333333333334,0.8700000000000001,0.4093489243686462,0.45018251424211164,0.48430176721606943,0.5534264043427065,0.4195430874824524,0.40617635846138,-0.47419908764182006,-0.42081503762794303,0.7338883876800537,0.7406730055809021
engrailed,7jm4_H_MA1419.1.jaspar.npz,0,0.6774749539792537,0.6597098572878167,0.5700000000000001,0.5,0.9635416666666666,0.8784722222222222,0.7150483953540929,0.4535491547832959,0.4895099137403159,-0.04292279353894753,0.3231509327888489,0.43377017974853516,-0.690465201233359,-0.7577843325190916,0.6025383472442627,0.7568951845169067
engrailed,7vuq_B_NFKB2_HUMAN.H11MO.0.B.npz,0,0.6686633276668462,0.5085804939021314,0.48833711319329853,0.41892591879808366,0.8178530092592592,0.6038773148148148,0.5661123343198624,0.3829308052109044,0.16991514610940564,-0.06161755838761186,0.26124653220176697,0.4385610818862915,-0.6435420888014355,-0.5764322096503783,0.6327685117721558,0.8100557923316956
engrailed,6mg3_A_CEBPB_HUMAN.H11MO.0.A.npz,0,0.5230938399274071,0.6592713947598399,0.39303317945734,0.664918582050029,0.7690972222222222,0.8538773148148148,0.5381540902404217,0.6309529741510542,0.6679220532434977,-0.160462827595852,0.3551367521286011,0.28493034839630127,-0.4522535502939808,-0.7638931148430739,0.688392698764801,0.7459008693695068
engrailed,4f6n_A_MA0527.1.jaspar.npz,0,0.31213739664397305,0.2745180918007261,0.4638440743601648,0.3082885188046092,0.6296296296296297,0.6087962962962964,0.32306800804302854,0.3919544165091043,0.721747803869746,0.030710641678571883,0.4551307260990143,0.4652688801288605,-0.39276428309569206,-0.6706155680262235,0.8088038563728333,0.9129368662834167
engrailed,6dfy_C_MA0468.1.jaspar.npz,0,0.5961229356762487,0.5800088928081095,0.5330417175305897,0.4699434575730952,0.898148148148148,0.8847736625514403,0.505730965751036,0.5450478335124134,-0.03084282769248894,0.25691522350262624,0.29087990522384644,0.29650241136550903,-0.9634044903498433,-0.6655551763477024,0.7850080132484436,0.7443976402282715
engrailed,7dcj_A_HSF1_HUMAN.H11MO.0.A.npz,0,0.6708601608988829,0.61903533997247,0.4238211768802619,0.2927357646239476,0.921875,0.8333333333333334,0.6922260086079735,0.5609779118086335,0.5146455959167495,0.0018834804449174847,0.12660163640975952,0.2690333127975464,-0.5489165620459221,-0.7362410993162514,0.4465221166610718,0.6765833497047424
engrailed,6od3_B_ITF2_HUMAN.H11MO.0.C.npz,0,0.5513818943873048,0.44894688898265095,0.5571428571428572,0.15714285714285708,0.8866666666666667,0.7999999999999999,0.5495057982536891,0.47840620250907634,0.6499286479687887,0.11287667690384699,0.27313390374183655,0.4354039132595062,-0.3102933679034681,-0.4670616791892483,0.5624793171882629,0.7975930571556091
engrailed,3wts_F_RUNX1_MOUSE.H11MO.0.A.npz,0,0.4248509295284748,0.4605431938543916,0.308113883008419,0.3799065891365761,0.9166666666666666,0.8433333333333333,0.42870474957755395,0.450352676462737,0.4343693761773041,0.5783803265764897,0.44757428765296936,0.4328928589820862,-0.47423182772558536,-0.4190420764943564,0.7549443244934082,0.779538631439209
engrailed,5ke7_A_KLF4_MOUSE.H11MO.0.A.npz,0,0.7184376738732681,0.7500381755817216,0.4375,0.5249999999999999,0.9791666666666666,0.8819444444444445,0.5154287358269393,0.47096949947419925,0.8333757290211697,0.1152772717278317,0.1530681997537613,0.18265624344348907,-0.4719886692309747,-0.4946122359096773,0.4994642734527588,0.4878809452056885
engrailed,7dcj_B_MA0486.2.jaspar.npz,0,0.8432270119665191,0.6827424692455679,0.5997027020396568,0.4549384666636044,0.9791666666666666,0.890625,0.9074103633226214,0.7696027284198315,0.6663328334477931,0.13803401512664776,0.09350128471851349,0.28049594163894653,-0.394351547236007,-0.747067103565723,0.2955906391143799,0.6363643407821655
engrailed,5emq_B_GCR_HUMAN.H11MO.0.A.npz,0,0.7197481350721016,0.5553395459040379,0.5603606170225963,0.5249561099350173,0.9491666666666667,0.8575,0.5006259442269038,0.45559264133159855,0.6389238331631761,0.14785389961029793,0.1292434185743332,0.26354092359542847,-0.4071700032237837,-0.5826117823417308,0.4470926523208618,0.6894181966781616
engrailed,1n6j_B_MEF2B_HUMAN.H11MO.0.A.npz,0,0.6198031562380493,0.45957923085661606,0.6990569415042094,0.4343274042711568,0.754724111866969,0.7668178382464097,0.3885367991351386,0.1976662359179973,0.5636923506382427,-0.12212759162016029,0.3318001627922058,0.4469280242919922,-0.40103551282569694,-0.5730062762445899,0.6311536431312561,0.8834878206253052
engrailed,1e3o_C_MA0785.1.jaspar.npz,0,0.7077817868441343,0.4783705184236169,0.58,0.36,0.9791666666666666,0.8194444444444443,0.566242938582869,0.2606585061200658,0.7036624877180638,0.6218906258638338,0.15024583041667938,0.42037147283554077,-0.2919191969401919,-0.31519252935125647,0.4438464641571045,0.7768903374671936
engrailed,4l0z_A_RUNX1_MOUSE.H11MO.0.A.npz,0,0.5753091989899985,0.4988409432116896,0.395613883008419,0.3351423537605237,0.9422222222222222,0.8744444444444445,0.5081066448628071,0.4322506936099275,0.5893763038279827,0.05044844243479982,0.3181169033050537,0.3998962938785553,-0.3860240818833489,-0.5686078723196653,0.635621190071106,0.7694593667984009
engrailed,5emp_A_GCR_HUMAN.H11MO.0.A.npz,0,0.7235111031603689,0.5321485999195527,0.5887378404209126,0.43333333333333346,0.9458333333333333,0.8416666666666667,0.49748830602378696,0.41080676571376534,0.6876586357684823,0.24252374654850736,0.13173766434192657,0.27773767709732056,-0.37130792310132194,-0.5450742390992598,0.4384691119194031,0.6948182582855225
engrailed,3wtu_C_ETS1_HUMAN.H11MO.0.A.npz,0,0.5920981544069945,0.5824256885331124,0.48,0.43,0.8700000000000001,0.8566666666666668,0.511695079398257,0.4961586296246602,0.5400836523383259,-0.09142566726812487,0.2956067621707916,0.33849722146987915,-0.46463597584046107,-0.647274470796168,0.6542576551437378,0.7389245629310608
engrailed,6fj5_A_P53_HUMAN.H11MO.0.A.npz,0,0.43879267007578165,0.34186442373902537,0.21999999999999997,0.355,0.6931423611111112,0.6665219907407408,0.1922861001257828,0.16332875131800767,0.4825461877063889,-0.06463152236377787,0.44370871782302856,0.5350505709648132,-0.4609393299086125,-0.6688282883365863,0.8539063334465027,1.0091499090194702
engrailed,6byy_B_MA0660.1.jaspar.npz,0,0.6735985442582104,0.5781465859876739,0.7637056878958332,0.4407282233337295,0.9401041666666666,0.9817708333333334,0.5824777006789971,0.5445072790632142,0.2564173302165865,0.056352460991639555,0.37505578994750977,0.38975343108177185,-0.4075909255608974,-0.6547481760893674,0.6062238812446594,0.7216337323188782
engrailed,5lty_K_CDX2_HUMAN.H11MO.0.A.npz,0,0.47473082855470816,0.21676531427444637,0.27101262091674455,0.2490229739175099,0.7041377314814814,0.6720196759259259,0.5085108158843048,0.3252230410280415,0.24069641810956913,0.7730983515988081,0.23990817368030548,0.3596591651439667,-0.5545771583299904,-0.2974487395310075,0.6776683330535889,0.7911900877952576
engrailed,3kov_B_MEF2A_HUMAN.H11MO.0.A.npz,0,0.5636814163169928,0.46288476330745554,0.6555555555555556,0.4444444444444444,0.9153645833333334,0.8502604166666666,0.2976993589613279,0.2248650362122503,-0.37197520973873216,-0.35637385777396446,0.37542372941970825,0.5119417309761047,-0.6422275142918986,-0.5069840801961285,0.7413885593414307,0.8679956793785095
engrailed,6dks_G_SUH_MOUSE.H11MO.0.A.npz,0,0.8721944121061824,0.5965159749612212,0.7374999999999999,0.5625,0.984375,0.9375,0.6190163231216383,0.49744842309658976,0.5750820093516456,0.40387423088984653,0.08213493227958679,0.24995483458042145,-0.4286780558578941,-0.4214489457371442,0.38521847128868103,0.6149373054504395
engrailed,7vuq_A_NFKB2_HUMAN.H11MO.0.B.npz,0,0.6686633882874792,0.5085804939021314,0.48833711319329853,0.41892591879808366,0.8178530092592592,0.6038773148148148,0.5661122993375853,0.3829308052109044,0.16991518662754285,-0.06161755838761186,0.26124653220176697,0.4385610818862915,-0.6435421060629534,-0.5764322096503783,0.632768452167511,0.8100557923316956
engrailed,5emp_B_MA0113.3.jaspar.npz,0,0.8417961975365567,0.5686682713838915,0.7221637021355783,0.4344151844011226,0.9521604938271605,0.8276748971193415,0.7846681552568299,0.6106102769442898,0.724354053396235,0.128400330219262,0.11445024609565735,0.31325045228004456,-0.4509279851635096,-0.6602334147342881,0.40896883606910706,0.7248197793960571
engrailed,6dfc_A_MA0527.1.jaspar.npz,0,0.6176625795529357,0.6727557541536433,0.5654569842495946,0.6880568256420461,0.8816666666666667,0.8583333333333334,0.47787996766222357,0.5524149730236981,0.4481034598872626,0.32548501732561796,0.38895684480667114,0.35145100951194763,-0.411856217705677,-0.5092837250308809,0.6582880020141602,0.6642946004867554
engrailed,2evf_A_MA0343.1.jaspar.npz,0,0.7463739298982546,0.5100654922425747,0.6981138830084191,0.40703203194062976,0.9276620370370371,0.7945601851851851,0.5349671388318298,0.5200533829283878,0.34331580966912834,0.19767364637346224,0.22342073917388916,0.37443384528160095,-0.49640226465112036,-0.5736332363585495,0.5305359363555908,0.7924089431762695
engrailed,7jm4_G_MA1419.1.jaspar.npz,0,0.677474962733686,0.6597098226426169,0.5700000000000001,0.5,0.9635416666666666,0.8784722222222222,0.7150483882213231,0.45354906728155714,0.489509827420866,-0.04292278660916774,0.3231509029865265,0.4337703287601471,-0.6904652289804412,-0.757784168321154,0.6025384068489075,0.7568951845169067
engrailed,7jm4_B_MA1419.1.jaspar.npz,0,0.7650525245349854,0.7998859787825495,0.5800000000000001,0.5700000000000001,0.9635416666666666,0.9583333333333334,0.7500679335277534,0.816618717783079,0.3711799694994141,0.09911747949608947,0.28326255083084106,0.25321102142333984,-0.7135567408021534,-0.7594662090698799,0.560640275478363,0.5726578831672668
engrailed,6lbi_C_FOXO1_HUMAN.H11MO.0.A.npz,0,0.7357644374396122,0.7562038260294911,0.31428571428571433,0.5285714285714286,0.9716666666666667,0.9500000000000001,0.40288455528780487,0.3986548003120344,0.5078410780191966,-0.11737237843746048,0.17638538777828217,0.20447365939617157,-0.3964001802616418,-0.5227355646141405,0.5280019640922546,0.558124840259552
engrailed,1pzu_L_MA0152.1.jaspar.npz,0,0.9822837781781951,0.5800684071922054,0.6937979501001387,0.38993212334126287,1.0,0.9322916666666666,0.7901056808596102,0.5379139950284341,0.5559435316873883,0.1820446335381835,0.03392259404063225,0.38582685589790344,-0.40151321968461784,-0.6155097228320968,0.22464437782764435,0.7480605244636536
engrailed,1gu4_A_MA0466.3.jaspar.npz,0,0.5741562594387991,0.5132744198199362,0.44572360817087614,0.35495848406070046,0.7838541666666666,0.7682291666666666,0.5534003273796643,0.3935395611222008,0.8721159672653983,0.45048643632831936,0.3092046082019806,0.39446237683296204,-0.4430283805800354,-0.6074105456394453,0.5977420806884766,0.7432942390441895
engrailed,5bng_B_MEIS2_HUMAN.H11MO.0.B.npz,0,0.6555164953679196,0.5075965202413499,0.5872983346207417,0.49252347340234653,0.875,0.8333333333333334,0.6198437009903888,0.35384119153421695,0.6009954441238303,0.0957287746179818,0.2786155641078949,0.45787104964256287,-0.6172826332094973,-0.6462224252212971,0.5973258018493652,0.7661923170089722
engrailed,6od3_E_ITF2_HUMAN.H11MO.0.C.npz,0,0.5033904282775309,0.3574121237865516,0.4000000000000001,0.19999999999999996,0.7999999999999999,0.7133333333333334,0.4841177758033212,0.37700819469214225,0.5159295546840386,0.06092186380930206,0.32905957102775574,0.5466272234916687,-0.3478459684077241,-0.5182347651238772,0.6538540720939636,0.9350299835205078
engrailed,4r2p_A_WT1_HUMAN.H11MO.0.C.npz,0,0.7412669505154352,0.37066040591808913,0.5555555555555556,0.4444444444444444,0.95703125,0.5611979166666666,0.5646060823253365,0.22539117975106718,0.5628988014935207,-0.23018406641018013,0.12094787508249283,0.49353906512260437,-0.4609493525654877,-0.720533181043377,0.4531826972961426,0.9721789956092834
engrailed,6od3_F_MA0830.2.jaspar.npz,0,0.7500527605492001,0.4742072879647215,0.6,0.5,0.9114583333333334,0.7916666666666666,0.5981424914871104,0.4653990723051116,0.39675725220753744,-0.053005159432590224,0.2999734580516815,0.5876190662384033,-0.34935012627789686,-0.5110029817963082,0.4989279806613922,0.872370183467865
engrailed,6fj5_C_P53_HUMAN.H11MO.0.A.npz,0,0.4387926864088513,0.3418644261604641,0.21999999999999997,0.355,0.6931423611111112,0.6665219907407408,0.19228611135299314,0.16332875015464046,0.4825461368815728,-0.06463155070403859,0.44370871782302856,0.5350505709648132,-0.4609393509409858,-0.6688283352333929,0.8539064526557922,1.0091497898101807
engrailed,1ram_A_TF65_MOUSE.H11MO.0.A.npz,0,0.5152566107921303,0.40909084620498104,0.51,0.43,0.9533333333333335,0.7766666666666667,0.2971557506311819,0.17933435583382248,-0.20595216210187367,0.31181333448644716,0.40342774987220764,0.5367419719696045,-0.6894333523912236,-0.44392357145898415,0.823922336101532,0.891620934009552
engrailed,6vg2_A_FLI1_HUMAN.H11MO.0.A.npz,0,0.774096893457075,0.6290670105566581,0.4247805496750858,0.2957236081708761,0.8888888888888888,0.7685185185185185,0.6032358103219065,0.5284286851035179,0.7889583339644879,0.07116380293003027,0.27750489115715027,0.40464672446250916,-0.3372248648333664,-0.4573559828251071,0.4730648994445801,0.6468777060508728
engrailed,5vmv_A_KAISO_HUMAN.H11MO.0.A.npz,0,0.4196996124545959,0.40067487038587307,0.4296053046340676,0.5100744100616267,0.7990740740740742,0.8262037037037038,0.3025249792761981,0.30661345578579957,0.4458505933706993,-0.0077406020631943205,0.4966419041156769,0.4606994390487671,-0.5042665815684102,-0.5625501779082985,0.8503736257553101,0.8728077411651611
engrailed,3v79_C_MA1116.1.jaspar.npz,0,0.635510929627344,0.4716165178688243,0.32567615691736823,0.3435854122563142,0.9322916666666666,0.7916666666666666,0.5050350509439714,0.503489969595549,0.2329886440351519,0.12289466674249036,0.2936490774154663,0.4699816107749939,-0.7812830187532782,-0.7937899863520184,0.6736127138137817,0.8860712647438049
engrailed,7jm4_A_MA1419.1.jaspar.npz,0,0.7650525604840368,0.7998859381303192,0.5800000000000001,0.5700000000000001,0.9635416666666666,0.9583333333333334,0.750067965509867,0.8166186832051731,0.3711799799514032,0.0991174975166675,0.2832625210285187,0.25321102142333984,-0.7135567618517061,-0.7594662159236127,0.5606402158737183,0.5726579427719116
engrailed,5kl3_A_WT1_HUMAN.H11MO.0.C.npz,0,0.7360977915652458,0.560740066103689,0.4555555555555556,0.43333333333333335,0.71875,0.75,0.5408617334179403,0.4635055917132233,0.8312612163041186,0.10727212039808152,0.19998188316822052,0.36079171299934387,-0.3141460655952211,-0.5102364961694801,0.4515131711959839,0.7370305061340332
engrailed,4cn3_D_RXRA_HUMAN.H11MO.0.A.npz,0,0.7154499678613825,0.6292659060038406,0.47777777777777775,0.5777777777777777,0.9789583333333334,0.9016666666666667,0.33199957376996,0.3047881669995049,-0.14942680802399388,-0.04037108145487141,0.2326246052980423,0.3169945478439331,-0.6085192997901223,-0.5364898083991486,0.6064321994781494,0.7187426090240479
engrailed,5yef_J_CTCF_HUMAN.H11MO.0.A.npz,0,0.6639342612137885,0.48180824952890233,0.5723995972941331,0.4317615691736824,0.8368055555555555,0.8292824074074076,0.47896164109567246,0.37293870740978513,0.4528479120415345,0.27110545267889696,0.24479274451732635,0.4044044017791748,-0.5075438308912209,-0.4407579950788498,0.6366777420043945,0.7920413613319397
engrailed,1pzu_H_NFAC2_HUMAN.H11MO.0.B.npz,0,0.7481793763969714,0.5806265126448125,0.5593459210467736,0.5663127727555801,0.96875,0.8645833333333334,0.8697394444944013,0.3916746609424779,0.5813830469450694,0.04832930922653905,0.22569036483764648,0.4692780077457428,-0.5729642152979493,-0.8186721302329166,0.48191913962364197,0.8367453217506409
engrailed,4cn3_C_MA0065.1.jaspar.npz,0,0.7617379662780357,0.6628566038063062,0.6282721938478015,0.6081665612021474,0.9744897959183674,0.8418367346938777,0.6966881837804596,0.5592651044860514,0.33482297450627435,-0.13074388022015218,0.1756511926651001,0.37531739473342896,-0.4588932371887095,-0.6682960359332194,0.4111597239971161,0.6928871870040894
engrailed,2i9t_B_NFKB1_MOUSE.H11MO.0.A.npz,0,0.920940245105885,0.662433615932241,0.6774341649025256,0.43486832980505136,0.9899999999999999,0.8999999999999999,0.6463744532957884,0.3851605901988706,0.21533966622037584,0.16992723609928792,0.10305172204971313,0.28211790323257446,-0.4545222943319415,-0.4576239521761482,0.36701685190200806,0.6068800687789917
engrailed,1vkx_B_NFKB1_MOUSE.H11MO.0.A.npz,0,0.8555624184664339,0.613602892565541,0.5616227766016839,0.4548683298050514,0.9733333333333333,0.8466666666666667,0.6468617198233704,0.47164462690631215,0.28141316415475764,0.3128833011052559,0.1336868703365326,0.314889132976532,-0.5237313628354279,-0.524597884273079,0.4594094753265381,0.6735104322433472
engrailed,6a8r_A_DUX4_HUMAN.H11MO.0.A.npz,0,0.7332078995299526,0.28239826057106254,0.5792212360978308,0.3896148683858525,0.9183673469387755,0.6817838246409674,0.5116626222892122,0.40435563328692065,0.4638694779291689,0.17372274184881295,0.2642555832862854,0.7501832842826843,-0.9329288439967398,-0.6642332309143454,0.6941973567008972,1.1198642253875732
engrailed,6fbq_A_MA0065.1.jaspar.npz,0,0.7889454638518926,0.5005519248827893,0.5823240479398323,0.44638719948305067,0.9812925170068029,0.7823129251700681,0.725409760969651,0.31130253788884266,0.4352251843951627,0.0695286672535358,0.09996680170297623,0.4472382366657257,-0.5059681253833438,-0.6491340358904748,0.3512023091316223,0.7808429598808289
engrailed,5kl4_D_WT1_HUMAN.H11MO.0.C.npz,0,0.5787535382874517,0.5361086656274792,0.33333333333333326,0.36666666666666664,0.8997395833333334,0.79296875,0.4830020364137597,0.4189823472734524,0.4258681721794309,0.1872732531878074,0.18264514207839966,0.3445916771888733,-0.5207059367764522,-0.5267597707428668,0.5510889291763306,0.7352860569953918
engrailed,1hjb_F_RUNX1_MOUSE.H11MO.0.A.npz,0,0.6433904671575874,0.6627028863359656,0.43408857567321474,0.5645709811204656,0.92,0.868125,0.6154709656325367,0.5725529341684606,0.685619066261814,0.31508048064338673,0.2175760120153427,0.3014199137687683,-0.4413806143866879,-0.5263799794393553,0.518000602722168,0.6406463980674744
engrailed,5kl4_A_WT1_HUMAN.H11MO.0.C.npz,0,0.6313179157926546,0.5383210182189941,0.38888888888888884,0.4111111111111111,0.8802083333333334,0.8307291666666666,0.4894283476315282,0.419128515888347,0.4473398382827054,0.03873787551581233,0.21510344743728638,0.31070244312286377,-0.47827624057158324,-0.5707532774218058,0.5685471296310425,0.7266702055931091
engrailed,3wtw_H_MA0098.3.jaspar.npz,0,0.46693902645747587,0.5535321793577168,0.3081393850300416,0.4623279967291998,0.8466435185185186,0.765625,0.4641026257162536,0.4772501541316426,0.28031867969417895,-0.028386194033110074,0.3462695777416229,0.3922077715396881,-0.6255031225447821,-0.5789435352247663,0.7631442546844482,0.7932669520378113
engrailed,2i9t_A_TF65_MOUSE.H11MO.0.A.npz,0,0.9085945083177649,0.6714652667753398,0.67,0.51,0.9899999999999999,0.8999999999999999,0.6783247343677102,0.47788487610225217,0.5463468872468433,0.284257085615322,0.08501480519771576,0.26418536901474,-0.34196925376611625,-0.43291217927249315,0.3191949129104614,0.5894854664802551
engrailed,1r0n_A_MA0115.1.jaspar.npz,0,0.6096657265055304,0.4384450076613575,0.5028227567213175,0.3925777616932318,0.8356481481481483,0.7314814814814814,0.6184749315460142,0.5040776978559545,0.7751453322129499,0.5499035982354943,0.5033887028694153,0.6175644993782043,-0.5512698993371582,-0.695086753329916,0.7006743550300598,0.8999902606010437
engrailed,6mg2_A_CEBPB_HUMAN.H11MO.0.A.npz,0,0.5603438987904652,0.5616217972922393,0.4945238866840965,0.5361628754358854,0.7576678240740741,0.8722511574074074,0.5319114761850051,0.4930959793116878,0.5362459196645891,-0.05996164687359555,0.35697758197784424,0.3510567545890808,-0.5345431024975672,-0.7247407375927183,0.728573203086853,0.7871513366699219
engrailed,2evi_A_MA0343.1.jaspar.npz,0,0.7514153856551274,0.43098425650969147,0.6423024947075773,0.4170320319406297,0.8958333333333334,0.7604166666666666,0.5260035359988465,0.47006155556543644,0.2537550849142736,-0.02368333645363213,0.22291812300682068,0.4074689447879791,-0.5004053740402667,-0.6954700360791797,0.5400856137275696,0.8641109466552734
engrailed,5ke6_A_KLF4_MOUSE.H11MO.0.A.npz,0,0.6939450046047568,0.7416134203958791,0.39999999999999997,0.4875,0.9305555555555555,0.8495370370370371,0.509956618867377,0.46834173526203315,0.8149515374962479,0.16543504363242678,0.12220123410224915,0.20034638047218323,-0.534075112735466,-0.4672162199198758,0.47095033526420593,0.4872511029243469
engrailed,6byy_D_MA0660.1.jaspar.npz,0,0.8427068644927608,0.7995787826884124,0.6958369644871785,0.5407282233337294,0.9778645833333334,1.0,0.8467928247050925,0.6740112120376122,0.3206168355249747,-0.22380580345066203,0.16201035678386688,0.22084009647369385,-0.4993419282537101,-0.5753617939689994,0.4252561330795288,0.5330216884613037
engrailed,2ady_A_MA0106.3.jaspar.npz,0,0.6787713944097049,0.8039479044266045,0.5799999999999998,0.66,0.9217687074829932,0.9138321995464853,0.5424669649258113,0.5465570253903482,0.5217617336186431,0.02234465399661493,0.18453708291053772,0.18578065931797028,-0.44904320697468725,-0.5968825182737217,0.5312556028366089,0.550959050655365
engrailed,5und_A_MA1930.1.jaspar.npz,0,0.46794416014337914,0.24745063039517845,0.41600000000000004,0.24,0.8115079365079364,0.6036575123876712,0.49643008256978244,0.3249081703412823,0.656804527478301,0.25031141477289115,0.1505124568939209,0.3959621489048004,-0.38564470284219665,-0.6737083275565889,0.5484977960586548,0.9082424640655518
engrailed,3q05_B_P53_HUMAN.H11MO.0.A.npz,0,0.7948350047692656,0.7464468232530634,0.6,0.5349999999999999,0.9522569444444443,0.9131944444444445,0.471002024890273,0.4678892849107369,0.6961266961824495,0.19599578979865698,0.12270544469356537,0.17286519706249237,-0.41035203767490697,-0.5702040548042676,0.46007537841796875,0.5432376861572266
engrailed,5und_B_MA1930.1.jaspar.npz,0,0.5387923616242757,0.32075863772922236,0.4434782608695652,0.23913043478260865,0.8368896578239138,0.6802672049211841,0.545451785977072,0.35173890203617636,0.7160051074326992,0.2443962279545113,0.11392399668693542,0.3606327772140503,-0.38237586690552716,-0.6462753689944517,0.47952136397361755,0.8527893424034119
engrailed,7oh9_K_MA0386.1.jaspar.npz,0,0.11523365255977426,0.6290428013141666,-0.04285714285714289,0.3571428571428572,0.9387755102040817,1.0,0.08359009832836303,0.544954411473334,0.2599660339537961,-0.32494720786705183,0.700465738773346,0.3731728196144104,-1.349885116688794,-0.6513168248045245,1.3205833435058594,0.7479691505432129
engrailed,5lty_M_MA0465.2.jaspar.npz,0,0.7268925796612166,0.4282443356700242,0.6799999999999999,0.26,0.8400000000000001,0.96,0.5529117385786849,0.2962424823453517,0.1784308043210826,0.26836141411084125,0.36610883474349976,0.4227725565433502,-0.5537705652674872,-0.636031379845208,0.677492082118988,0.8104274868965149
engrailed,3coa_C_FOXO1_HUMAN.H11MO.0.A.npz,0,0.7623281629889139,0.7149010188877583,0.39999999999999997,0.5571428571428572,0.985,0.895,0.5734934480458691,0.5324432710771662,0.6059837300939919,-0.12116964173248826,0.13316720724105835,0.25349047780036926,-0.3529627763136173,-0.6446455666235565,0.4746125638484955,0.6644086837768555
engrailed,5vmu_A_KAISO_HUMAN.H11MO.0.A.npz,0,0.697245703285767,0.6478772961224118,0.495792801403042,0.7345353900753213,0.8718750000000001,0.9125,0.4242015483176021,0.4162992953690985,0.4942355237129422,0.07079088947312834,0.335769385099411,0.33042433857917786,-0.45433932251115927,-0.5210053918983648,0.6133472919464111,0.6914562582969666
engrailed,1gu5_A_MA0466.3.jaspar.npz,0,0.32820953786722384,0.4307965758271166,0.09572360817087615,0.2860379610028063,0.7122395833333334,0.7434895833333334,0.3140288432260192,0.20548991376756298,0.6438770564913503,-0.001111498882554643,0.3900958001613617,0.4867631494998932,-0.6212881022063115,-0.7622341038426811,0.7620112299919128,0.8929553031921387
engrailed,6od3_A_MA0830.2.jaspar.npz,0,0.7713730481142799,0.646443551464472,0.55,0.4833333333333332,0.921875,0.890625,0.6288254318660259,0.5916271003877176,0.7723188995278047,0.21309854662721733,0.28433212637901306,0.38737985491752625,-0.15096272794646004,-0.4054415943607572,0.4072307348251343,0.6232646107673645
engrailed,6lbi_D_FOXO1_HUMAN.H11MO.0.A.npz,0,0.7357643968605572,0.7562038305530578,0.31428571428571433,0.5285714285714286,0.9716666666666667,0.9500000000000001,0.4028845289439435,0.398654808503513,0.5078409947751851,-0.11737234018973002,0.17638538777828217,0.20447364449501038,-0.3964002117188672,-0.5227355417206407,0.5280019640922546,0.558124840259552
engrailed,3wtw_C_ETS1_HUMAN.H11MO.0.A.npz,0,0.5415935863275081,0.5743630724027753,0.3499999999999999,0.4699999999999999,0.8966666666666668,0.8133333333333334,0.47891895214210667,0.4947378156775065,0.5199013321209004,0.08661707406712132,0.27911025285720825,0.3404329717159271,-0.4600876420785708,-0.5835870766565929,0.6470184922218323,0.7095754742622375
engrailed,3wts_C_ETS1_HUMAN.H11MO.0.A.npz,0,0.6436455835821107,0.67599211120978,0.4800000000000001,0.5,0.8866666666666667,0.8533333333333334,0.5613972396123204,0.5128242829094517,0.5531136254858179,-0.010789937411476484,0.22966305911540985,0.2603139281272888,-0.4724697529731866,-0.64047758001332,0.5777072906494141,0.6507216095924377
engrailed,1a1g_A_MA0162.1.jaspar.npz,0,0.5165108792949468,0.4772999554872513,0.3830417175305899,0.4450751277680438,0.8819444444444445,0.8113425925925926,0.5507761142578046,0.45999653952682573,0.6480408475837519,-0.03787385267372345,0.2716211676597595,0.46048712730407715,-0.5830204065431748,-0.6655835668623223,0.6217684149742126,0.8875676393508911
engrailed,2lt7_A_MA0527.1.jaspar.npz,0,0.5556932823466403,0.5951970002747008,0.5963709527487834,0.7023425399277604,0.8083333333333335,0.7925000000000001,0.4207507815381212,0.5571792810329197,0.5521172587630963,0.010927336477479767,0.39885759353637695,0.41220542788505554,-0.3877654410194101,-0.5704122574875032,0.661827027797699,0.7232957482337952
engrailed,6vg8_A_FLI1_HUMAN.H11MO.0.A.npz,0,0.8739625432838997,0.6844300006826719,0.7150949025070159,0.6702728368926306,1.0,0.8981481481481483,0.6591308049259944,0.7415313989208614,0.15446991366480567,0.027597529947469862,0.13297440111637115,0.3472681939601898,-0.536411849368609,-0.48882946993356785,0.4217444360256195,0.5941980481147766
engrailed,5hdn_A_HSF1_HUMAN.H11MO.0.A.npz,0,0.779254843457602,0.5526190678356215,0.5632455532033676,0.4832455532033676,0.9652777777777778,0.8854166666666669,0.5154945610353754,0.22727863860657677,-0.11980407901891822,0.007691271845488657,0.17546865344047546,0.39615967869758606,-0.7109025037933367,-0.5395919218988777,0.6145027279853821,0.8165739178657532
engrailed,5yef_B_MA1930.1.jaspar.npz,0,0.6923577204838188,0.4012353823604321,0.6499999999999999,0.4444444444444444,0.8602761341222879,0.7421104536489151,0.4891971196593561,0.3470473751745432,0.5544561638106138,0.3799660383006013,0.15701216459274292,0.36396437883377075,-0.435877340270491,-0.5268645225884697,0.535977303981781,0.8016929626464844
engrailed,7cli_A_NFKB2_HUMAN.H11MO.0.B.npz,0,0.4637918095527725,0.5027653057636186,0.3541798791255491,0.3930022679159791,0.8256655092592592,0.7092013888888888,0.46741124305898823,0.49149771824683874,-0.17551168672818696,0.23404151495989675,0.34348809719085693,0.39619818329811096,-0.823791552723009,-0.49150008994386857,0.8026771545410156,0.7721021771430969
ets1,4l0z_B_MA0098.3.jaspar.npz,1,0.6273200336523587,0.8045396904121844,0.4881393850300416,0.6381393850300416,0.9230324074074076,0.9756944444444445,0.5176328278020088,0.6114012212182736,0.25875534155789354,0.4248948728405632,0.2930987775325775,0.1882043182849884,-0.5357435422088266,-0.3965631549029589,0.6625827550888062,0.4654596447944641
ets1,5z2t_D_DUX4_HUMAN.H11MO.0.A.npz,0,0.264315442321822,0.41677505753468724,0.3733928464492405,0.4112376449875364,0.6419123204837491,0.7683295540438397,0.24901326101515928,0.29885639676221254,0.21693723638664195,0.46752669461025453,0.8182535171508789,0.6110485792160034,-0.5430543746340379,-0.569711772662331,1.1270402669906616,0.9426714777946472
ets1,4xrm_B_MEIS2_HUMAN.H11MO.0.B.npz,0,0.7958934109871431,0.797427452246969,0.5595512035818976,0.5942368507499675,0.9791666666666666,0.9976851851851851,0.7333373049640054,0.7122410309892165,0.6275662785118623,0.5261431524706132,0.11741093546152115,0.12949475646018982,-0.488021731093555,-0.5165394333104646,0.4205187261104584,0.4419073164463043
ets1,2wty_A_MA0117.2.jaspar.npz,0,0.5703044859057461,0.46387269508770923,0.5264154013674632,0.31732449227655407,0.8071853741496599,0.7772108843537415,0.5374161155094189,0.5351265171573688,0.20777475670380427,-0.3015181337872041,0.2960857152938843,0.3483537435531616,-0.646278204368253,-0.8078775694593017,0.6685797572135925,0.8007462024688721
ets1,1le8_B_MA0328.2.jaspar.npz,0,0.6259735814965097,0.8353180988015083,0.6637285065893916,0.7578165850480758,0.8385185185185184,0.9122222222222222,0.45480147118556313,0.6602150650918197,0.09743410062781235,0.22372141939043205,0.30448663234710693,0.17141997814178467,-0.7578745810630504,-0.8329325317953141,0.750106930732727,0.6063843965530396
ets1,2euz_A_MA0343.1.jaspar.npz,0,0.7061302602523938,0.5594612901506479,0.5643274042711568,0.525409255338946,0.8327546296296297,0.8043981481481483,0.5240219340972054,0.3163029674361319,0.46128518093344795,0.33132716310962596,0.2756015658378601,0.349574476480484,-0.4261016901707643,-0.5687634824816135,0.5557454824447632,0.6821321249008179
ets1,1a1j_A_MA0162.1.jaspar.npz,0,0.6236720240209251,0.4848178336163983,0.5115747348486531,0.348861606505306,0.8171296296296297,0.6487268518518519,0.6488991402584262,0.5156892957372896,0.47473783180587786,0.6346772607660779,0.25989440083503723,0.3090628981590271,-0.4097591786975171,-0.6318263686516116,0.5674688816070557,0.7175824046134949
ets1,6byy_A_MEF2A_HUMAN.H11MO.0.A.npz,0,0.6075486296580898,0.7180148154600627,0.7,0.7333333333333333,0.8697916666666666,0.9609375,0.49123017301373256,0.48183833371539087,0.0789334442597239,-0.26443248284866744,0.3918175995349884,0.23286530375480652,-0.3642764773540861,-0.5929246011550288,0.6714432239532471,0.5998451113700867
ets1,4xrm_A_MEIS2_HUMAN.H11MO.0.B.npz,0,0.7958933467743918,0.7974274478037842,0.5595512035818976,0.5942368507499675,0.9791666666666666,0.9976851851851851,0.7333373020117953,0.7122409927096734,0.6275662682883716,0.526143193137954,0.11741092801094055,0.129494771361351,-0.4880217463214958,-0.5165394206806183,0.4205187261104584,0.44190728664398193
ets1,3iag_C_SUH_MOUSE.H11MO.0.A.npz,0,0.47379041626118124,0.7278155860258266,0.4,0.475,0.921875,0.9791666666666666,0.5841127871677504,0.6209686259707696,0.8408280404663812,0.7735438800031355,0.19178274273872375,0.08464891463518143,-0.2547023807216162,-0.32055023429747964,0.49771034717559814,0.38603150844573975
ets1,1vkx_A_TF65_MOUSE.H11MO.0.A.npz,0,0.5403786236071028,0.7007338455878198,0.33999999999999997,0.49000000000000005,0.88,0.9266666666666666,0.5964976545652974,0.5760905984847193,0.5113875809023656,0.298478815206774,0.21856606006622314,0.2645948529243469,-0.3651582313267808,-0.5170620237537353,0.5412591695785522,0.5927794575691223
ets1,3wtu_A_RUNX1_MOUSE.H11MO.0.A.npz,0,0.606938770506531,0.572829348850064,0.4799065891365761,0.6101423537605237,0.9544444444444444,0.9233333333333333,0.5192178507972315,0.4802753579697805,0.39129014187134603,0.7408946116842018,0.2939184308052063,0.3773435354232788,-0.394376048560562,-0.31340605745734923,0.5953661203384399,0.6273227334022522
ets1,1srs_A_SRF_HUMAN.H11MO.0.A.npz,0,0.5985386661169204,0.6688786878419871,0.5680621180045923,0.5839113588250702,0.835,0.8364814814814815,0.3650247749289686,0.5348389072652974,0.4497190972287125,0.3650714301435998,0.3584245443344116,0.24099193513393402,-0.4351752526054233,-0.5132760296933084,0.6836376786231995,0.5391387343406677
ets1,5ke8_A_MA0039.2.jaspar.npz,0,0.7434486875426956,0.5950028840452433,0.5060854122563142,0.38632117688026185,0.9693877551020408,0.8860544217687073,0.7446048968782589,0.7084080816869546,0.8309037412981701,0.603907476130674,0.11157627403736115,0.33092737197875977,-0.2772295325726168,-0.38219336627303924,0.39335963129997253,0.600787878036499
ets1,3kov_I_MA0052.4.jaspar.npz,0,0.7674359911308986,0.7091810877124468,0.7777777777777778,0.6111111111111112,0.9505208333333334,0.9505208333333334,0.5940297829494627,0.439664253145576,0.21803907006169615,0.06998758849984052,0.21885494887828827,0.2540337145328522,-0.37668380965677684,-0.4531573994469302,0.46098750829696655,0.5434929728507996
ets1,1c7u_A_MEF2A_HUMAN.H11MO.0.A.npz,0,0.2450113017888119,0.20507273832724118,0.2333333333333333,0.3499999999999999,0.5740740740740741,0.5833333333333334,0.11413681369470209,0.18251347498912154,0.002687934213669793,-0.09194654866696904,0.5216000080108643,0.5206457376480103,-0.5937899824272269,-0.6947382590198959,1.026105523109436,1.046244502067566
ets1,6vge_A_ERG_HUMAN.H11MO.0.A.npz,0,0.36885034184282023,0.6220614071288664,0.36036378252350754,0.4376947458991787,0.8260416666666667,0.9387500000000001,0.33594658504708347,0.6292404750275304,0.6087147227265006,0.7636333565233084,0.38331419229507446,0.15924248099327087,-0.47210642208616854,-0.3286617714288623,0.7511386275291443,0.47834667563438416
ets1,2wbu_A_KLF4_MOUSE.H11MO.0.A.npz,0,0.6671953230688814,0.672822906228248,0.42499999999999993,0.5125,0.8402777777777778,0.7916666666666666,0.5117354445388134,0.473481019152447,0.6697264617227925,0.7215254205728565,0.20608261227607727,0.18135708570480347,-0.5167623527539623,-0.33969170870523346,0.538341760635376,0.4950045347213745
ets1,2evj_A_MA0343.1.jaspar.npz,0,0.9100735211250139,0.9352564049186185,0.6586165492107888,0.659292706128157,0.984375,0.984375,0.7007492890679452,0.6898009434907599,0.2440460968895101,0.0770257752620004,0.07455278187990189,0.07506732642650604,-0.3762632494893112,-0.5995033084328631,0.29237520694732666,0.3646289110183716
ets1,6vgg_A_ERG_HUMAN.H11MO.0.A.npz,0,0.43295106591863763,0.6102321093850251,0.3942981442278348,0.4312376477871322,0.815,0.9447916666666667,0.38811689767528224,0.6011361128185835,0.35630582645283015,0.767424783428128,0.4671342074871063,0.18286758661270142,-0.5032614192674677,-0.305146970545944,0.836625337600708,0.5263671875
ets1,2wty_B_MA0117.2.jaspar.npz,0,0.5703044559340924,0.4638727054169232,0.5264154013674632,0.31732449227655407,0.8071853741496599,0.7772108843537415,0.537416108847819,0.5351265241792992,0.20777464374837643,-0.3015181903768796,0.29608574509620667,0.348353773355484,-0.6462782495586472,-0.8078776146616743,0.6685798168182373,0.8007462024688721
ets1,2erg_A_MA0324.1.jaspar.npz,0,0.6971505571971648,0.673920223210007,0.5594280340608231,0.5710338093147584,0.8832199546485261,0.8117913832199548,0.676565037420468,0.6070665364112211,0.6942292874125033,0.5148085703555088,0.18078061938285828,0.2149333655834198,-0.41639367603631516,-0.5539499748300669,0.5395829081535339,0.6284950971603394
ets1,6b0q_A_WT1_HUMAN.H11MO.0.C.npz,0,0.7572107869297421,0.7431199989934814,0.5777777777777778,0.5222222222222221,0.7604166666666666,0.96484375,0.5388147630031905,0.5294078595517818,0.2992320236908982,0.6456612277302816,0.22950012981891632,0.12527796626091003,-0.5067527861310339,-0.4257590806417553,0.5315284729003906,0.4271368682384491
ets1,4r2d_A_MA0162.4.jaspar.npz,0,0.5875835940707475,0.5184021670604124,0.41999999999999993,0.30999999999999994,0.6927083333333334,0.69140625,0.5853495330851438,0.46614477399093895,0.7109313060734618,0.7724539463216861,0.28046372532844543,0.207807257771492,-0.3033217397173516,-0.3772811288483238,0.531306803226471,0.5447530150413513
ets1,6u81_A_DUX4_HUMAN.H11MO.0.A.npz,0,0.6412568857693779,0.6540888812991658,0.4936764999036676,0.5448356260477275,0.9016666666666667,0.8883333333333333,0.5644481129744944,0.6410649550458276,0.8409948621621391,0.6996707424730337,0.18500688672065735,0.16780614852905273,-0.5308810342110372,-0.6818076619939111,0.49354177713394165,0.5689235329627991
ets1,1a1i_A_MA0162.1.jaspar.npz,0,0.6497207377033192,0.48966942174592987,0.5512603841164201,0.3794676779882628,0.8894557823129251,0.6717687074829932,0.6522298448244302,0.5805619643283226,0.5174650894826693,0.6811116676319826,0.3170766830444336,0.2753976881504059,-0.33437681957905135,-0.5883118107997786,0.5660673379898071,0.6645005941390991
ets1,6lbi_K_FOXO1_HUMAN.H11MO.0.A.npz,0,0.9251618441775848,0.9318441742571242,0.4714285714285715,0.5142857142857143,1.0,1.0,0.5773099666695465,0.5735773088118938,0.5251940914378118,0.5276598438449874,0.06120062619447708,0.0651242658495903,-0.3292193695147004,-0.3165254119339487,0.3150951862335205,0.33380523324012756
ets1,6vg2_D_FLI1_HUMAN.H11MO.0.A.npz,0,0.7517658831396451,0.7656072421620289,0.38874258867227934,0.3720759220056126,0.9351851851851851,0.9074074074074074,0.5791820186135843,0.5755708645222225,0.8246016717060753,0.3506388641263506,0.23740513622760773,0.2618372142314911,-0.22465128563788908,-0.2944466737160345,0.39993786811828613,0.4060310125350952
ets1,6byy_A_MA0660.1.jaspar.npz,0,0.7057351800095704,0.8335749739781022,0.7596527032677626,0.6823217398920914,0.9049479166666666,0.9856770833333334,0.6532582617099862,0.7298367291474712,0.0372495910759627,0.5108768833393046,0.3415369689464569,0.1504969596862793,-0.4252545665133407,-0.620291845140068,0.563806414604187,0.45794227719306946
ets1,2e42_A_CEBPB_HUMAN.H11MO.0.A.npz,0,0.43442455009922426,0.49075856781564653,0.3601504359179157,0.48740770741996253,0.9019097222222222,0.8410011574074074,0.6766744137590662,0.5145293790803863,0.5961493004577856,0.6723926243823651,0.24293972551822662,0.26621153950691223,-0.518859265180426,-0.5610784928937433,0.6454226970672607,0.6945108771324158
ets1,6fj5_D_P53_HUMAN.H11MO.0.A.npz,0,0.36923733839066697,0.2940612264792435,0.41999999999999993,0.145,0.6591435185185185,0.7042824074074074,0.18296733068918564,0.1816168464458654,0.42632425956790165,0.4342056477554116,0.5498300790786743,0.4744792878627777,-0.5880653252857917,-0.43198544121308996,0.9638762474060059,0.9401701092720032
ets1,5yef_G_MA1930.1.jaspar.npz,0,0.47577643728194136,0.5970164383971779,0.46111111111111114,0.4833333333333333,0.7777514792899408,0.8276134122287969,0.4426433141070891,0.5172365480204499,0.6831313337424676,0.5998480449192272,0.20713883638381958,0.17779193818569183,-0.31832963574860323,-0.39807099551931474,0.571275532245636,0.5448441505432129
ets1,1srs_B_SRF_HUMAN.H11MO.0.A.npz,0,0.598538660486652,0.6688787160779942,0.5680621180045923,0.5839113588250702,0.835,0.8364814814814815,0.36502477590204196,0.5348389144112464,0.4497191415506103,0.36507134230642074,0.3584245443344116,0.24099193513393402,-0.4351752166248184,-0.5132760766190185,0.6836376786231995,0.5391386151313782
ets1,1ram_B_TF65_MOUSE.H11MO.0.A.npz,0,0.46003870595013724,0.5797364743193612,0.45,0.45,0.8300000000000001,0.9233333333333333,0.31660461531083534,0.4731329813524076,-0.24012416307268036,-0.35639139063797826,0.5453858375549316,0.41474300622940063,-0.6308102759492337,-0.6904915592530029,0.938064455986023,0.7850408554077148
ets1,5vpf_B_JUND_HUMAN.H11MO.0.A.npz,0,0.7743727957519392,0.7778510560229834,0.47780611335735856,0.5094905755465973,0.9236111111111112,0.8425925925925926,0.6300513732583033,0.5933847302597949,0.46507775663422785,-0.06597936174058708,0.2208937555551529,0.237807035446167,-0.4735905094159696,-0.7916602464512553,0.4922911822795868,0.6348029971122742
ets1,7cli_B_MA0778.1.jaspar.npz,0,0.6439723455890393,0.5908310257752115,0.42207592200561267,0.4449377260910507,0.8684895833333334,0.8606770833333334,0.6877794024423771,0.370981324260473,0.584791231274991,0.4360827077156391,0.2431938201189041,0.3218662142753601,-0.3776598211325297,-0.5728495574646324,0.5358129739761353,0.647662878036499
ets1,3gut_D_MA0105.4.jaspar.npz,0,0.3350850685753606,0.35011201855641877,0.19090909090909092,0.33636363636363636,0.6854745370370371,0.7612847222222223,0.1890802157960926,0.2510763208645285,0.09441021271239902,0.701312478429972,0.5848924517631531,0.6618812084197998,-0.8307923491292472,-0.5736306555916558,0.9746673107147217,0.9539642930030823
ets1,2erg_B_MA0324.1.jaspar.npz,0,0.6971505518886261,0.6739202140131966,0.5594280340608231,0.5710338093147584,0.8832199546485261,0.8117913832199548,0.6765650525016959,0.6070665317560069,0.6942292407657099,0.5148086875996125,0.18078064918518066,0.2149333953857422,-0.41639372588934903,-0.5539498852456404,0.5395829081535339,0.6284950971603394
ets1,1c7u_B_MEF2A_HUMAN.H11MO.0.A.npz,0,0.24501129294124743,0.20507274440024048,0.2333333333333333,0.3499999999999999,0.5740740740740741,0.5833333333333334,0.11413679536232907,0.18251349909646142,0.0026878458937630093,-0.09194643420219599,0.5216000080108643,0.5206457376480103,-0.5937900020219339,-0.694738193307637,1.026105523109436,1.046244502067566
ets1,6dfy_D_DUX4_HUMAN.H11MO.0.A.npz,0,0.6898148727836088,0.3546141347498633,0.5430077148350929,0.2870575339622524,0.8926681783824643,0.8150037792894936,0.7750073436620377,0.5578394028602354,-0.06515981708539365,-0.20213410102553497,0.2630470395088196,0.5215834379196167,-0.8822749719220424,-1.0548825567536357,0.709057092666626,1.0778300762176514
ets1,2etw_A_MA0343.1.jaspar.npz,0,0.7591682886187401,0.8032733366643596,0.5955002009698229,0.6247805496750857,0.9282407407407408,0.9212962962962963,0.6979652856831667,0.7013424842612234,0.7387041530965728,0.7166626829246882,0.12875163555145264,0.1264604777097702,-0.3801580940809748,-0.4886367885761347,0.4124375879764557,0.4261578917503357
ets1,6x6e_A_GCR_HUMAN.H11MO.0.A.npz,0,0.5220160995610058,0.5509933329652995,0.521803085112982,0.46216370213557834,0.9175000000000001,0.9183333333333333,0.3891779204776796,0.4529051917217738,0.5837985275573847,0.69042543176131,0.22405429184436798,0.16591018438339233,-0.4351255122439312,-0.3203870495978092,0.5848447680473328,0.5168582201004028
ets1,3gut_E_MA0107.1.jaspar.npz,0,0.7260229473235086,0.8007314153015613,0.578091343277011,0.5991731943448001,0.9466666666666667,0.9566666666666667,0.7473809661274156,0.7075559547128789,0.6374709375099396,0.5986790633883778,0.1526777595281601,0.1440422534942627,-0.44960680087245475,-0.4489479490114666,0.4601920247077942,0.4386005401611328
ets1,1n6j_A_MA0660.1.jaspar.npz,0,0.7517636950127781,0.8541853993199766,0.7378760446401444,0.6962532680384605,0.9322916666666666,0.9895833333333334,0.6924645042738002,0.7112007036875075,0.622881279156128,0.5862446459738047,0.22655487060546875,0.14762556552886963,-0.3899990942713924,-0.5629911136404413,0.4537462294101715,0.45501646399497986
ets1,3gut_H_MA0105.4.jaspar.npz,0,0.40444895248352125,0.38133353769609873,0.29090909090909095,0.3272727272727274,0.7298900462962963,0.8178530092592592,0.2571091779148944,0.2888064582814371,0.003308063445858614,0.5637375147314077,0.5219253897666931,0.6074778437614441,-0.7939776491365994,-0.6515460740084481,0.8926830887794495,0.9159553050994873
ets1,6lbi_L_FOXO1_HUMAN.H11MO.0.A.npz,0,0.9251618340660829,0.931844176884784,0.4714285714285715,0.5142857142857143,1.0,1.0,0.5773099550530302,0.5735773247480439,0.5251940308516554,0.5276599160896257,0.061200618743896484,0.0651242658495903,-0.3292193705853543,-0.3165254187778264,0.3150951564311981,0.33380523324012756
ets1,6wqu_C_SUH_MOUSE.H11MO.0.A.npz,0,0.5218648675654549,0.6953823819058016,0.38749999999999996,0.5,0.9114583333333334,0.9635416666666666,0.5817999729282273,0.5755410464486368,0.6288969356768052,0.72272006797697,0.20269599556922913,0.12425990402698517,-0.37716719701227774,-0.35053989298125054,0.5134264230728149,0.42263370752334595
ets1,4x9j_A_MA0162.4.jaspar.npz,0,0.537509303772822,0.5134073354536668,0.35,0.29000000000000004,0.7057291666666666,0.7109375,0.5622338835095743,0.5155533491401189,0.7029607909650936,0.6679603336582077,0.3318166434764862,0.25056686997413635,-0.32173826567461594,-0.39520518572077445,0.5983673334121704,0.6096349954605103
ets1,6dks_C_SUH_MOUSE.H11MO.0.A.npz,0,0.5088802416867111,0.8392453924752772,0.4375,0.5125,0.9166666666666666,0.9895833333333334,0.4444295762209355,0.6376708111590093,0.6952855247670555,0.3596042326663308,0.2203633189201355,0.10110193490982056,-0.34387915257348545,-0.4707969661636545,0.534434974193573,0.39766567945480347
ets1,6fbr_B_RXRA_HUMAN.H11MO.0.A.npz,0,0.6913949313263098,0.6111868467544102,0.5111111111111112,0.4555555555555555,0.8808333333333334,0.9070833333333335,0.3387566268722251,0.2914222630411634,-0.26660269469816483,-0.1161669466608641,0.3256698548793793,0.32571443915367126,-0.6527432144539701,-0.650486922124946,0.7125056385993958,0.7704955339431763
ets1,6x6e_B_MA0113.3.jaspar.npz,0,0.40397486472502353,0.49839538931846616,0.3754970354689117,0.4544151844011226,0.8930041152263374,0.9130658436213991,0.5990450833877928,0.6577677153894982,0.7166854638704849,0.7049275454854951,0.2750547230243683,0.23707927763462067,-0.4735669251810927,-0.6066713409078096,0.6301252245903015,0.6714881062507629
ets1,3wtw_F_RUNX1_MOUSE.H11MO.0.A.npz,0,0.7227475664403755,0.6258863900147844,0.642406589136576,0.6601423537605237,0.9700000000000001,0.9166666666666666,0.5891530679371049,0.4757328243609029,0.5262266193116034,0.8485827958419547,0.23215548694133759,0.3240783214569092,-0.4082116983415037,-0.345516949274048,0.5028975009918213,0.5790740251541138
ets1,7jm4_H_MA1419.1.jaspar.npz,0,0.7653572269715369,0.7644548602984287,0.6100000000000001,0.5900000000000001,0.9351851851851851,0.9421296296296298,0.783849735111278,0.8245594760953623,0.01806688728756451,-0.016389795541717024,0.2914935052394867,0.29652783274650574,-0.5113852448735432,-0.6263763816922077,0.5027601718902588,0.5559004545211792
ets1,7vuq_B_NFKB2_HUMAN.H11MO.0.B.npz,0,0.7465779799968004,0.5377218547192487,0.6012358511016243,0.4194176692834424,0.8153935185185185,0.8032407407407406,0.6626804586073799,0.5117669121930488,0.39871980657295386,0.36879789227541593,0.16701474785804749,0.27241313457489014,-0.4607415913847367,-0.5847223192275496,0.4625110328197479,0.6665984988212585
ets1,6mg3_A_CEBPB_HUMAN.H11MO.0.A.npz,0,0.36628756068900903,0.7237340786430816,0.24989575559345437,0.6745166973969772,0.7688078703703703,0.9500868055555555,0.47394964743286977,0.5998909341923736,0.5648824692813788,0.25968680393129984,0.35198864340782166,0.1970231980085373,-0.5329565976338643,-0.6970962305124059,0.7471792697906494,0.6148509979248047
ets1,4f6n_A_MA0527.1.jaspar.npz,0,0.0442134922163354,0.21072327255064416,0.1694892589731685,0.39717740769349813,0.5625000000000001,0.6018518518518519,0.024569096339705714,0.16336847328238582,0.7984367854296219,0.3988955439150486,0.6268637180328369,0.4466913938522339,-0.35501357132860156,-0.5585743353028675,1.0378135442733765,0.9206314086914062
ets1,6dfy_C_MA0468.1.jaspar.npz,0,0.6569994693621993,0.3178180083690677,0.5821156603825478,0.30777125476364253,0.9279835390946504,0.8096707818930041,0.7914496029516407,0.5798095669468234,0.04000174904927459,-0.15312065611970904,0.2369735985994339,0.49130362272262573,-0.8011372282299316,-0.9893587980701145,0.693052351474762,1.0421338081359863
ets1,7dcj_A_HSF1_HUMAN.H11MO.0.A.npz,0,0.6523896515136585,0.6721580220328178,0.4842927061281571,0.3915569415042095,0.953125,0.96875,0.6473101946111547,0.6989490843735278,0.8003060719757935,0.717718139969033,0.14709950983524323,0.08073582500219345,-0.4364223935981348,-0.49998144694733776,0.4406256377696991,0.3845212459564209
ets1,6od3_B_ITF2_HUMAN.H11MO.0.C.npz,0,0.5564472765794822,0.44603835831263233,0.42857142857142855,0.21428571428571425,0.8200000000000002,0.8416666666666668,0.5321805797206194,0.38759394494852284,0.7558267886006618,0.6260536997542785,0.32198214530944824,0.3298271596431732,-0.3489045526190461,-0.3219245067428546,0.5794304609298706,0.7055265307426453
ets1,3wts_F_RUNX1_MOUSE.H11MO.0.A.npz,0,0.6476445289736148,0.6057166789541952,0.4924065891365761,0.6351423537605237,0.9666666666666667,0.9133333333333334,0.5468657988226074,0.49831928168096323,0.5048384264844857,0.813310394391189,0.2683553397655487,0.303463876247406,-0.4412723439919006,-0.2974961713973684,0.5808830261230469,0.5553231239318848
ets1,5ke7_A_KLF4_MOUSE.H11MO.0.A.npz,0,0.7458462145295925,0.8566568252863362,0.49999999999999994,0.6625,0.9583333333333334,0.9305555555555557,0.5190551795242593,0.516287199939118,0.7264885562550332,0.7663324807428811,0.19211137294769287,0.08531413227319717,-0.5455884799220021,-0.40551431551668243,0.5379177331924438,0.3960449695587158
ets1,7dcj_B_MA0486.2.jaspar.npz,0,0.8828115680953488,0.9460055851668585,0.821495408167814,0.6476742312875521,0.9791666666666666,1.0,0.8673506577892534,0.9146487930468485,0.9254941488854719,0.8764361960648774,0.10392559319734573,0.02473617158830166,-0.3099577449856528,-0.23313257357100306,0.26426777243614197,0.17420955002307892
ets1,5emq_B_GCR_HUMAN.H11MO.0.A.npz,0,0.6148099886602723,0.6461254880918811,0.5519833936242802,0.5098196914887019,0.9191666666666668,0.915,0.46953109986100816,0.47189272318773345,0.6570343857331216,0.6630277297342463,0.15855525434017181,0.1056433841586113,-0.38483453143009466,-0.33706401519923335,0.47997578978538513,0.4270804226398468
ets1,1n6j_B_MEF2B_HUMAN.H11MO.0.A.npz,0,0.6094548789784312,0.6831777296029031,0.6174341649025258,0.6348683298050514,0.7305366591080876,0.8165154950869237,0.41169653677830986,0.4098720253787877,0.4811021794506736,-0.05423982330562875,0.33257150650024414,0.2499704658985138,-0.4297092181990883,-0.6645796517146472,0.629985511302948,0.6640852093696594
ets1,1e3o_C_MA0785.1.jaspar.npz,0,0.866460959147662,0.7730151509866119,0.6,0.62,1.0,0.951388888888889,0.6161940035751681,0.5460240674907262,0.5982914425123309,0.14334273668481212,0.09531442821025848,0.16931040585041046,-0.25799721340640663,-0.47806196765227604,0.41118669509887695,0.5161849856376648
ets1,4l0z_A_RUNX1_MOUSE.H11MO.0.A.npz,0,0.8014860252151266,0.6076110414287541,0.5903781183844713,0.6226423537605237,0.938888888888889,0.9366666666666666,0.6018244103594981,0.44268158072781666,0.43759412118008767,0.8304645003350646,0.217716246843338,0.3236648738384247,-0.3944668689147695,-0.28392111989087215,0.4513372480869293,0.5945215225219727
ets1,5emp_A_GCR_HUMAN.H11MO.0.A.npz,0,0.549422824351738,0.6448245067692672,0.49540450708757927,0.5276559893531235,0.915,0.9266666666666667,0.3930885975286725,0.481334220354927,0.4920583754908931,0.7030982240483701,0.2065931260585785,0.1204831451177597,-0.47076792383902066,-0.3177860012609423,0.5613442063331604,0.4458470642566681
ets1,3wtu_C_ETS1_HUMAN.H11MO.0.A.npz,1,0.6361208461225033,0.8179393736645579,0.5800000000000001,0.6300000000000001,0.9066666666666667,0.9233333333333335,0.5104197509279275,0.6022714395014366,0.5083791778410836,0.6109093128990695,0.2528736889362335,0.1503768116235733,-0.4503304441437666,-0.3773653494555599,0.6145689487457275,0.3987106680870056
ets1,6fj5_A_P53_HUMAN.H11MO.0.A.npz,0,0.36923737317556515,0.29406116252066566,0.41999999999999993,0.145,0.6591435185185185,0.7042824074074074,0.18296734041635684,0.18161681948746208,0.4263242521646581,0.4342056375696508,0.5498300790786743,0.4744793772697449,-0.5880653438010339,-0.4319854308305512,0.9638762474060059,0.9401701092720032
ets1,6byy_B_MA0660.1.jaspar.npz,0,0.7057351841487818,0.8335749880255511,0.7596527032677626,0.6823217398920914,0.9049479166666666,0.9856770833333334,0.6532582305029178,0.7298367632877562,0.037249753193695084,0.5108767816890561,0.3415369391441345,0.1504969596862793,-0.4252545466102852,-0.6202918734649375,0.5638063549995422,0.45794227719306946
ets1,5lty_K_CDX2_HUMAN.H11MO.0.A.npz,0,0.4976418910399926,0.4965402841652659,0.36277903773109954,0.4695373694606684,0.7559317129629629,0.7635995370370371,0.3930743458451401,0.38772303136454145,0.5019596815270465,0.5869371116464703,0.22191520035266876,0.2374081015586853,-0.42410593129346236,-0.3510531950951087,0.6391057372093201,0.6265349984169006
ets1,3kov_B_MEF2A_HUMAN.H11MO.0.A.npz,0,0.5098548628803756,0.5741712992571087,0.6555555555555554,0.5555555555555556,0.80859375,0.8919270833333334,0.29338861268200556,0.32527463199287765,-0.20483710094149638,-0.18188341180908915,0.47630298137664795,0.34313300251960754,-0.5109807107745207,-0.45456677622272346,0.8388122320175171,0.7133671641349792
ets1,6dks_G_SUH_MOUSE.H11MO.0.A.npz,0,0.5850427251134533,0.7140344388317317,0.375,0.43749999999999994,0.9166666666666666,0.984375,0.46197163078146175,0.5988346065026768,0.7721426029505124,0.3148983244596353,0.18910154700279236,0.1508215367794037,-0.3238334140924932,-0.5068374033074987,0.4582625925540924,0.4931623637676239
ets1,7vuq_A_NFKB2_HUMAN.H11MO.0.B.npz,0,0.74657799070701,0.5377218487926505,0.6012358511016243,0.4194176692834424,0.8153935185185185,0.8032407407407406,0.6626804579663701,0.5117669024791556,0.3987197293233994,0.3687978709979016,0.16701477766036987,0.27241313457489014,-0.46074165165503056,-0.5847223297762943,0.4625110626220703,0.6665985584259033
ets1,5emp_B_MA0113.3.jaspar.npz,0,0.6507928406742091,0.7374521643233796,0.548830368802245,0.6344151844011225,0.874485596707819,0.9315843621399177,0.6533779602076918,0.7706467399727174,0.5784396199641522,0.6799765706234961,0.2260470986366272,0.1307676136493683,-0.5414391445955589,-0.6192828078465223,0.5534802079200745,0.5109629034996033
ets1,6dfc_A_MA0527.1.jaspar.npz,0,0.48611371664862546,0.5751012578340513,0.505971587178977,0.5594853970706175,0.7933333333333333,0.8183333333333334,0.25207308766431163,0.4494866579450127,0.7246866183146882,0.3712034163026229,0.48352545499801636,0.34347018599510193,-0.45919246507050293,-0.5949549917099347,0.777811586856842,0.7363302111625671
ets1,2evf_A_MA0343.1.jaspar.npz,0,0.7840084918803768,0.7104463702416979,0.6517615691736826,0.5623024947075772,0.9450231481481483,0.9021990740740741,0.6080833230520944,0.5464352411642204,0.3778594625835445,0.39771968665237484,0.14817680418491364,0.190652996301651,-0.484659819589836,-0.53448217823226,0.45316338539123535,0.5081297159194946
ets1,7jm4_G_MA1419.1.jaspar.npz,0,0.7653571926988662,0.7644548788317479,0.6100000000000001,0.5900000000000001,0.9351851851851851,0.9421296296296298,0.7838496529711328,0.8245594888926663,0.01806698746493393,-0.016389882694933446,0.2914935350418091,0.29652780294418335,-0.5113852307529578,-0.6263763819506868,0.5027602314949036,0.5559003949165344
ets1,7jm4_B_MA1419.1.jaspar.npz,0,0.8217931221239269,0.7366580790840089,0.5800000000000001,0.5900000000000001,0.9502314814814814,0.9467592592592594,0.8190006249681192,0.7909828197500144,0.1354583580586464,0.1833018573392414,0.21610191464424133,0.2927824556827545,-0.48559947379855933,-0.7203294283095294,0.40066584944725037,0.5802919268608093
ets1,6lbi_C_FOXO1_HUMAN.H11MO.0.A.npz,0,0.8044006926474585,0.9248043764108983,0.5142857142857142,0.5428571428571428,0.9833333333333334,1.0,0.5736864355917517,0.5537658884895161,0.44714713993089694,0.5611217453797321,0.15205779671669006,0.06877759844064713,-0.4292299337341548,-0.3818929211888679,0.4474199116230011,0.319196492433548
ets1,1pzu_L_MA0152.1.jaspar.npz,0,0.7696847083667914,0.8475102724817892,0.4883886947611928,0.4926650865903166,0.9635416666666666,0.9895833333333334,0.6419092420729235,0.6519155997226841,0.38792925155806063,0.7760703236159643,0.18926860392093658,0.10224149376153946,-0.3407204540735935,-0.4104720476077553,0.40803658962249756,0.3475691080093384
ets1,1gu4_A_MA0466.3.jaspar.npz,0,0.41815163552140194,0.5161456330533838,0.33468564716806987,0.4390776994738593,0.7786458333333334,0.8385416666666666,0.2885674321155803,0.4942753734843371,0.7812212172659379,0.7190627971074468,0.45321258902549744,0.32842934131622314,-0.47476642750233183,-0.6633881756364202,0.7481963038444519,0.7221902012825012
ets1,5bng_B_MEIS2_HUMAN.H11MO.0.B.npz,0,0.6474480231991038,0.506069514725823,0.5872983346207417,0.4497983346207417,0.9583333333333334,0.8697916666666666,0.4210916068200461,0.6221202216523941,0.641678357237915,0.6500092025267156,0.19931906461715698,0.3034069538116455,-0.5483007413629569,-0.7516793430659898,0.4957510232925415,0.7081599235534668
ets1,6od3_E_ITF2_HUMAN.H11MO.0.C.npz,0,0.5648889318108559,0.4356291950015085,0.38571428571428573,0.19999999999999998,0.8033333333333333,0.8216666666666667,0.5323026961265295,0.37348828377908677,0.7030259445010412,0.5223528474956779,0.32414647936820984,0.3195462226867676,-0.3532097756484344,-0.39107908281537973,0.6029559373855591,0.720476508140564
ets1,4r2p_A_WT1_HUMAN.H11MO.0.C.npz,0,0.8633868627043234,0.6482662576120978,0.6444444444444444,0.43333333333333335,0.9700520833333334,0.85546875,0.5859244533504362,0.4984605699249996,0.11939381655378532,0.5027229345939583,0.1283290982246399,0.16752417385578156,-0.5982808193910908,-0.47238012493383635,0.44175487756729126,0.4793805480003357
ets1,6od3_F_MA0830.2.jaspar.npz,0,0.7689118691099187,0.5705751820156971,0.5666666666666667,0.44999999999999996,0.875,0.8645833333333334,0.629392725367583,0.4478496120553095,0.5838779912660352,0.5118922264828043,0.257945716381073,0.35883858799934387,-0.1829195502962159,-0.6265254715887535,0.38154885172843933,0.697414219379425
ets1,6fj5_C_P53_HUMAN.H11MO.0.A.npz,0,0.3692374458536506,0.2940612398670055,0.41999999999999993,0.145,0.6591435185185185,0.7042824074074074,0.18296734122396902,0.1816168348261454,0.4263243436562941,0.4342057040712193,0.5498301386833191,0.4744792878627777,-0.5880652780846367,-0.43198541294565757,0.9638763666152954,0.9401701092720032
ets1,1ram_A_TF65_MOUSE.H11MO.0.A.npz,0,0.46003872308065186,0.5797364604426548,0.45,0.45,0.8300000000000001,0.9233333333333333,0.31660463054888455,0.47313297386423614,-0.24012421291798994,-0.3563912098394326,0.5453858375549316,0.41474294662475586,-0.6308102502052579,-0.6904915465408411,0.9380645751953125,0.7850408554077148
ets1,6vg2_A_FLI1_HUMAN.H11MO.0.A.npz,0,0.6607612953909362,0.7628167135020097,0.455409255338946,0.3887425886722793,0.8703703703703703,0.8981481481481483,0.540158242543594,0.577763034714675,0.7041652311770593,0.6148290235012386,0.354595422744751,0.23986387252807617,-0.41849888389070794,-0.2512761459425709,0.6011225581169128,0.365671306848526
ets1,5vmv_A_KAISO_HUMAN.H11MO.0.A.npz,0,0.2979850953825834,0.35353896023959597,0.32383047387521624,0.3114234864522494,0.7066666666666667,0.8321296296296296,0.2085895540433256,0.28940993364550577,0.3405797533167903,0.4377634579012064,0.5829339623451233,0.3574107885360718,-0.46732225507816133,-0.4770380516540382,0.9475605487823486,0.7754411101341248
ets1,3v79_C_MA1116.1.jaspar.npz,0,0.4193307147361338,0.7414696121122688,0.20929270612815715,0.5238211768802619,0.84375,0.9791666666666666,0.5017187205568107,0.821230947432767,0.4952750080511779,0.5105041382042127,0.40635019540786743,0.1038600504398346,-0.5810253432319601,-0.5966353590689766,0.7239581346511841,0.4243730306625366
ets1,7jm4_A_MA1419.1.jaspar.npz,0,0.8217931406572461,0.736658060643822,0.5800000000000001,0.5900000000000001,0.9502314814814814,0.9467592592592594,0.8190006575809852,0.7909827856298333,0.13545833697756982,0.1833018332935282,0.21610188484191895,0.2927824854850769,-0.4855995224695137,-0.7203294295198265,0.40066590905189514,0.5802919268608093
ets1,5kl3_A_WT1_HUMAN.H11MO.0.C.npz,0,0.758570033345475,0.6868381487761831,0.6555555555555556,0.4444444444444444,0.7005208333333334,0.8216145833333334,0.5417975143575569,0.49408268231233177,0.6708040368379706,0.6828276286399984,0.26514551043510437,0.15506646037101746,-0.488552224201131,-0.38623050894278205,0.5263731479644775,0.46388354897499084
ets1,4cn3_D_RXRA_HUMAN.H11MO.0.A.npz,0,0.7236973310613798,0.617628350517609,0.6000000000000001,0.4444444444444444,0.8783333333333335,0.9249999999999999,0.33956325594084125,0.352832998732934,-0.11638495639534371,-0.09011255390890238,0.3028649091720581,0.3001602292060852,-0.6319494079895569,-0.6997344223710746,0.6848160028457642,0.7436788082122803
ets1,5yef_J_CTCF_HUMAN.H11MO.0.A.npz,0,0.6861632652476796,0.6893596047469016,0.6529029027723282,0.6073411322457123,0.8547453703703703,0.9201388888888888,0.5356814489859544,0.5756732150337057,0.6595871261116579,0.39690553081321933,0.18663784861564636,0.21790345013141632,-0.3863329001009615,-0.4745921685882847,0.5367836356163025,0.6036806106567383
ets1,1pzu_H_NFAC2_HUMAN.H11MO.0.B.npz,0,0.5488317258374688,0.7378192459388325,0.3690457360046338,0.5620788842958274,0.8854166666666666,0.9895833333333334,0.5224310250941231,0.5940687252600699,0.22841826461849937,0.5492889439894588,0.4240510165691376,0.16787302494049072,-0.5895730829757718,-0.6151866576853746,0.7185242772102356,0.4749540388584137
ets1,4cn3_C_MA0065.1.jaspar.npz,0,0.6996503108488729,0.7046895569448159,0.5100235881971267,0.6364811114932011,0.8775510204081632,0.9064625850340136,0.6418096805847019,0.715561572292512,0.3190608177444629,0.3304316932816025,0.2710452377796173,0.24390976130962372,-0.611840953863628,-0.6180739425312708,0.5679536461830139,0.5538674592971802
ets1,2i9t_B_NFKB1_MOUSE.H11MO.0.A.npz,0,0.9000297598075122,0.8324364567262819,0.5448683298050514,0.47905694150420947,1.0,0.9733333333333333,0.565801399429547,0.5037857492920068,0.3663131123705379,0.19624449203350916,0.10841020196676254,0.14274202287197113,-0.4118226734123412,-0.5366960876426399,0.3609733283519745,0.4558356702327728
ets1,1vkx_B_NFKB1_MOUSE.H11MO.0.A.npz,0,0.5168437686515972,0.7363975250627846,0.2732455532033676,0.4948683298050514,0.88,0.9266666666666666,0.4922374791708015,0.48047300186232766,0.3843624497268461,0.41642303533643715,0.25596803426742554,0.2595939040184021,-0.4469153054961728,-0.4595272721615804,0.6061690449714661,0.56071937084198
ets1,6a8r_A_DUX4_HUMAN.H11MO.0.A.npz,0,0.6423788593217978,0.7538170197512954,0.5840895659028822,0.6250326243986727,0.8970143613000756,0.9166666666666666,0.6723395674557795,0.7226756572562217,0.4819547540591852,0.46611536854736546,0.27241045236587524,0.2693379521369934,-0.9336956264227135,-0.8393120351978073,0.7153362035751343,0.6510122418403625
ets1,6fbq_A_MA0065.1.jaspar.npz,0,0.7210021809275661,0.7728511089392539,0.6055914306336527,0.6921776046620727,0.8826530612244898,0.9319727891156463,0.6508255219884101,0.6930004449000312,0.5868963695992895,0.3546407671722336,0.243398055434227,0.20361633598804474,-0.5123882231466548,-0.6429667197308166,0.4918402135372162,0.5320985317230225
ets1,5kl4_D_WT1_HUMAN.H11MO.0.C.npz,0,0.7468315308861848,0.7400564601541393,0.6222222222222222,0.47777777777777775,0.85546875,0.9583333333333334,0.5222133867584577,0.5127446192754787,0.3789117117772861,0.4875858787514976,0.24293166399002075,0.13522154092788696,-0.4802173825775543,-0.44673599047011947,0.535194456577301,0.45882776379585266
ets1,1hjb_F_RUNX1_MOUSE.H11MO.0.A.npz,0,0.7553538907280503,0.7208723342822244,0.6441518440112253,0.6599169681214011,0.9550000000000001,0.9349999999999999,0.6031228864675487,0.618869928076457,0.836810526173813,0.7948478662960409,0.18350225687026978,0.18117597699165344,-0.3531238197416989,-0.44941101428280056,0.4424269497394562,0.4919244050979614
ets1,5kl4_A_WT1_HUMAN.H11MO.0.C.npz,0,0.7493986107324923,0.8176575628426185,0.6555555555555556,0.5,0.9088541666666666,0.97265625,0.5196701092695027,0.5613274609265035,0.22764983444512243,0.49253494374971185,0.25847163796424866,0.10759573429822922,-0.5283016916825216,-0.46028319639705995,0.5592668652534485,0.4313116669654846
ets1,3wtw_H_MA0098.3.jaspar.npz,1,0.6466627937974408,0.7542753209927469,0.49070522012751605,0.5881393850300417,0.9079861111111112,0.9444444444444445,0.49318268766626855,0.5606699072334206,0.25254309070371106,0.4428575395495997,0.33861830830574036,0.27391317486763,-0.5673652553100668,-0.4668804285180402,0.7098430395126343,0.5586352944374084
ets1,2i9t_A_TF65_MOUSE.H11MO.0.A.npz,0,0.9043808401329443,0.8265705121535575,0.64,0.56,1.0,0.9733333333333333,0.6647127532915302,0.6423501218921025,0.5242854423514475,0.5085898231883117,0.08447477966547012,0.10658824443817139,-0.4208696944593008,-0.4136095313210248,0.3445950150489807,0.38169655203819275
ets1,1r0n_A_MA0115.1.jaspar.npz,0,0.5581747532802789,0.4913028624335614,0.5361844256342315,0.3368121438680203,0.8703703703703702,0.826388888888889,0.5178220313798046,0.4866092206584573,0.7190837156210497,0.6502478690308883,0.49137139320373535,0.5510944724082947,-0.7243174579914998,-0.7077846441746599,0.7689917683601379,0.8298270106315613
ets1,6mg2_A_CEBPB_HUMAN.H11MO.0.A.npz,0,0.44187188724489795,0.7065375255082141,0.35137873493487076,0.659159207061858,0.7970196759259259,0.9001736111111112,0.5018287165379245,0.485438737841557,0.6022607511188418,0.35803263560476567,0.3151360750198364,0.2475021481513977,-0.5353063938515904,-0.5804713916253333,0.7112918496131897,0.6239015460014343
ets1,2evi_A_MA0343.1.jaspar.npz,0,0.7297543902677717,0.7983633574284795,0.6217615691736825,0.6223024947075773,0.9039351851851852,0.9103009259259259,0.5801180567268756,0.5867213628861605,0.4653902578450095,0.34798091206970017,0.23968932032585144,0.1785796880722046,-0.4147896711024209,-0.537977220559667,0.5142221450805664,0.495112806558609
ets1,5ke6_A_KLF4_MOUSE.H11MO.0.A.npz,0,0.7236420675762929,0.9114044807502069,0.475,0.6375,0.8263888888888888,0.9375000000000001,0.5196431482961046,0.5516445478070899,0.6409644643267308,0.7872061451624354,0.2033776491880417,0.057497501373291016,-0.5463959537422689,-0.4035906224517246,0.5094647407531738,0.34249383211135864
ets1,6byy_D_MA0660.1.jaspar.npz,0,0.891590072049035,0.8563086288567219,0.815208258823318,0.5607005460408631,0.9583333333333334,0.8541666666666666,0.8855793650450496,0.627982617629542,0.3722282458242027,0.31261117304425123,0.126571387052536,0.18154121935367584,-0.4108291910858396,-0.5873805743062788,0.3330031633377075,0.4655572175979614
ets1,2ady_A_MA0106.3.jaspar.npz,0,0.7211141800507903,0.6933653617277742,0.63,0.48999999999999994,0.9178004535147393,0.9257369614512473,0.5490730566122781,0.49340834776686543,0.4389113556500592,0.7228567330807464,0.17743894457817078,0.15233518183231354,-0.49806181374417446,-0.3354152278400836,0.48576149344444275,0.48501402139663696
ets1,5und_A_MA1930.1.jaspar.npz,0,0.4424559602118097,0.49063701191218567,0.3999999999999999,0.384,0.7460842361636013,0.8170613924582178,0.46684985587355377,0.49934526051226963,0.7585321502121314,0.7912297016450347,0.14599189162254333,0.13012270629405975,-0.3322896971859013,-0.30328923673257613,0.5071286559104919,0.48685696721076965
ets1,3q05_B_P53_HUMAN.H11MO.0.A.npz,0,0.7911957795586204,0.7093325710040517,0.6849999999999999,0.53,0.9231770833333334,0.9178240740740741,0.4948016071785494,0.45699928978428206,0.6744179467900056,0.7175132251036485,0.15718184411525726,0.14016391336917877,-0.42537811478743404,-0.38093497121299286,0.47259169816970825,0.4804096221923828
ets1,5und_B_MA1930.1.jaspar.npz,0,0.49404418908575876,0.39607812939135806,0.40869565217391307,0.2826086956521739,0.7993560169165704,0.7742695117262591,0.47203185296264183,0.481417900498491,0.7930005590573282,0.8366963713434602,0.16574691236019135,0.15659946203231812,-0.32042668738435104,-0.30815406468528167,0.5088330507278442,0.540746808052063
ets1,7oh9_K_MA0386.1.jaspar.npz,0,0.8378753882965871,0.35281910334846805,0.45714285714285713,0.1714285714285714,1.0,1.0,0.7698296621318891,0.4249229883398523,0.2233933772978206,0.09301755401375704,0.2190263718366623,0.6065210103988647,-0.9447168279055382,-1.191636712092592,0.6475092768669128,1.1788004636764526
ets1,5lty_M_MA0465.2.jaspar.npz,0,0.7124391432851553,0.7483299811370671,0.64,0.7,0.88,0.88,0.404589544494807,0.5837151724606293,0.14088870518459407,0.6826781651188374,0.28123730421066284,0.17844174802303314,-0.6695826826550387,-0.599779979396166,0.6363176107406616,0.5176012516021729
ets1,3coa_C_FOXO1_HUMAN.H11MO.0.A.npz,0,0.7534095631646258,0.8985062286457313,0.5,0.5714285714285714,0.9716666666666667,0.9916666666666667,0.5768345006552921,0.6101153384065056,0.5176957538047122,0.47229531956476434,0.1308237612247467,0.07895813137292862,-0.4193365941499621,-0.41285654255333987,0.4655322730541229,0.39173465967178345
ets1,5vmu_A_KAISO_HUMAN.H11MO.0.A.npz,0,0.417507214523438,0.5726883908500895,0.47357057918081974,0.5361842612194159,0.7922916666666667,0.8422916666666667,0.2428802233442521,0.4101046109974098,0.44883383170883934,0.22160366895043926,0.5454705357551575,0.36630013585090637,-0.4317512032495623,-0.5866491961477437,0.8721930980682373,0.7743598818778992
ets1,1gu5_A_MA0466.3.jaspar.npz,0,0.386218361381907,0.36166348405337584,0.15664590869701692,0.2745492287217545,0.73046875,0.7473958333333334,0.41523100234387494,0.24583779666025551,0.3899975231947194,0.4510053096894384,0.42326414585113525,0.47443875670433044,-0.767014161474382,-0.8143109936647385,0.8199988007545471,0.9136047959327698
ets1,6od3_A_MA0830.2.jaspar.npz,0,0.7758504142984748,0.6205988405272365,0.6166666666666666,0.4833333333333332,0.875,0.9114583333333334,0.635261650212915,0.4891752147054542,0.5213247766561662,0.33532178581107996,0.26958173513412476,0.33531609177589417,-0.1347194334990256,-0.5429341148921081,0.36169686913490295,0.6427868008613586
ets1,6lbi_D_FOXO1_HUMAN.H11MO.0.A.npz,0,0.8044006971710248,0.9248043758121912,0.5142857142857142,0.5428571428571428,0.9833333333333334,1.0,0.573686438403788,0.5537658854437574,0.447147144344117,0.5611217943250899,0.15205778181552887,0.06877759099006653,-0.42922994095803263,-0.38189290595444014,0.4474199116230011,0.319196492433548
ets1,3wtw_C_ETS1_HUMAN.H11MO.0.A.npz,1,0.6855029870755971,0.8167030133539811,0.6100000000000001,0.6100000000000001,0.9066666666666667,0.9333333333333332,0.5185119416681316,0.6034109151495477,0.513911654332747,0.632784630611047,0.24755112826824188,0.14030130207538605,-0.41175133052460033,-0.35619493392293194,0.5849078893661499,0.4025276303291321
ets1,3wts_C_ETS1_HUMAN.H11MO.0.A.npz,1,0.668467853043694,0.8166895416914486,0.6,0.64,0.9133333333333332,0.93,0.515152272307118,0.601194173393674,0.4686398973055996,0.6131776108777184,0.24472005665302277,0.1627093106508255,-0.4563374116515038,-0.3839451889629842,0.5971425771713257,0.42757922410964966
ets1,1a1g_A_MA0162.1.jaspar.npz,0,0.567898337636143,0.45392056200653313,0.46520541966616824,0.349934956899221,0.7181712962962963,0.7922453703703703,0.596829094603327,0.5487519242808899,0.537862720548561,0.5875788138160268,0.293881356716156,0.3059914708137512,-0.41125808094602584,-0.5898091009824549,0.6073764562606812,0.7197823524475098
ets1,2lt7_A_MA0527.1.jaspar.npz,0,0.3767600235130106,0.5381690561771393,0.4916858728932626,0.5963709527487833,0.8058333333333333,0.8566666666666666,0.22991480854733987,0.4829974293041065,0.3004409277911216,0.5335320003112923,0.4720023274421692,0.3619575500488281,-0.5327291475213703,-0.48216830074203143,0.8082869648933411,0.6785243153572083
ets1,6vg8_A_FLI1_HUMAN.H11MO.0.A.npz,0,0.4266738044292045,0.8743727753559748,0.4738790071185946,0.6581138830084189,0.8611111111111112,0.9907407407407408,0.23319527029751752,0.7860629848034609,0.058399932830831794,0.2716258323955676,0.5197296142578125,0.099574513733387,-0.5948442197856513,-0.4236697996704686,0.8534342646598816,0.3169817626476288
ets1,5hdn_A_HSF1_HUMAN.H11MO.0.A.npz,0,0.5730358924716711,0.5534557836101157,0.4548683298050514,0.49743416490252573,0.9496527777777778,0.8842592592592592,0.44288217665856333,0.43905318684548594,0.24165058678933782,-0.09909321617971201,0.19211344420909882,0.247639462351799,-0.6896810568433847,-0.7039707088701908,0.6544946432113647,0.7294437885284424
ets1,5yef_B_MA1930.1.jaspar.npz,0,0.5714318451937288,0.6339499892718676,0.5777777777777778,0.588888888888889,0.8120315581854043,0.8475345167652858,0.45121727009448637,0.5132667650178553,0.6798215516432923,0.6150693472945922,0.19944718480110168,0.1786765456199646,-0.3494777579074782,-0.4059627084683833,0.5466948747634888,0.5571854114532471
ets1,7cli_A_NFKB2_HUMAN.H11MO.0.B.npz,0,0.5986988255754113,0.333092205459252,0.45614688106698403,0.25687803190679487,0.9270833333333334,0.7311921296296297,0.5365089563354303,0.27304873312767086,-0.26323217432205276,-0.26086528056858366,0.2731514275074005,0.4559234380722046,-0.7060531498998981,-0.8246240878306423,0.70625901222229,0.9308727383613586
