pair_id,group,index,pc1_A,pc2_A,residual_A
trf1,apo_ref,0,-2.0091,-4.9342,0.3506
trf1,apo_ref,1,1.1926,-0.4190,0.3602
trf1,apo_ref,2,1.4179,3.7097,0.4396
trf1,apo_ref,3,-3.5893,-0.2930,0.4563
trf1,apo_ref,4,-3.5803,-1.4039,0.5405
trf1,apo_ref,5,-3.2563,-0.3497,0.5411
trf1,apo_ref,6,-5.5748,-0.7857,0.4097
trf1,apo_ref,7,-2.1585,3.5183,0.3840
trf1,apo_ref,8,-0.3980,-5.9161,0.4285
trf1,apo_ref,9,-0.5202,-0.8704,0.4676
trf1,apo_ref,10,-5.6787,2.8357,0.4619
trf1,apo_ref,11,-4.0078,1.9880,0.4834
trf1,apo_ref,12,-1.3393,3.8052,0.5657
trf1,apo_ref,13,1.7999,-1.7961,0.4347
trf1,apo_ref,14,-2.5779,2.4967,0.5090
trf1,apo_ref,15,-4.0592,-4.6684,0.4574
trf1,apo_ref,16,-2.8248,-1.3157,0.4569
trf1,apo_ref,17,0.1230,3.7246,0.4112
trf1,apo_ref,18,-0.1083,-2.5752,0.4839
trf1,apo_ref,19,-0.1149,0.2386,0.3919
trf1,apo_ref,20,-0.3469,4.8006,0.4675
trf1,apo_ref,21,-2.0023,0.3694,0.4343
trf1,apo_ref,22,-1.1654,0.4895,0.4328
trf1,apo_ref,23,-6.3466,-1.4601,0.5206
trf1,apo_ref,24,-5.3168,0.6011,0.3713
trf1,holo_ref,0,3.1414,-0.0523,0.3717
trf1,holo_ref,1,5.0396,-0.9094,0.4365
trf1,holo_ref,2,1.8418,0.4858,0.4559
trf1,holo_ref,3,1.4390,-2.2318,0.4076
trf1,holo_ref,4,5.3219,-0.2314,0.3839
trf1,holo_ref,5,4.9633,0.6607,0.4081
trf1,holo_ref,6,4.8468,-0.7489,0.3822
trf1,holo_ref,7,1.4714,-1.0400,0.3780
trf1,holo_ref,8,2.8552,-0.7311,0.3953
trf1,holo_ref,9,3.6520,-0.3919,0.4076
trf1,holo_ref,10,1.1704,1.3082,0.5137
trf1,holo_ref,11,0.3164,-1.5416,0.4011
trf1,holo_ref,12,2.1811,-2.0984,0.3385
trf1,holo_ref,13,1.7984,3.0644,0.3404
trf1,holo_ref,14,4.1613,-0.6915,0.3764
trf1,holo_ref,15,0.8963,2.8186,0.3865
trf1,holo_ref,16,0.7923,-0.0554,0.4475
trf1,holo_ref,17,1.7777,1.6035,0.3342
trf1,holo_ref,18,0.0469,-1.0483,0.4441
trf1,holo_ref,19,4.7288,0.0408,0.4145
trf1,apo_ens,0,1.1839,0.6211,0.8292
trf1,apo_ens,1,-1.7589,-2.0627,0.6084
trf1,apo_ens,2,0.3837,-0.4431,0.6555
trf1,apo_ens,3,-2.2204,-1.3786,0.7565
trf1,apo_ens,4,-0.8615,-0.1562,0.5789
trf1,apo_ens,5,-0.4000,-0.7343,0.6929
trf1,apo_ens,6,-0.2712,0.1527,0.6088
trf1,apo_ens,7,-0.3464,-0.8368,0.6428
trf1,apo_ens,8,-3.2045,-5.0436,0.6991
trf1,apo_ens,9,-0.6975,0.0698,0.6236
trf1,apo_ens,10,-0.2809,0.4024,0.6320
trf1,apo_ens,11,-2.1093,-1.9004,0.7283
trf1,apo_ens,12,-0.9082,-1.4106,0.6441
trf1,apo_ens,13,-0.9193,-1.0396,0.6367
trf1,apo_ens,14,-0.4220,1.1464,0.5360
trf1,apo_ens,15,-4.3823,-2.9504,0.7723
trf1,apo_ens,16,-4.0616,-4.5672,0.7276
trf1,apo_ens,17,-2.0070,-0.7956,0.7066
trf1,apo_ens,18,-1.7502,-3.6084,0.9314
trf1,apo_ens,19,-0.0543,0.5285,0.7271
trf1,apo_ens,20,0.8170,-0.2893,0.6622
trf1,apo_ens,21,-0.7381,-0.9358,0.4970
trf1,apo_ens,22,-3.9643,-4.6523,0.9014
trf1,apo_ens,23,-1.3969,-1.8115,0.8986
trf1,apo_ens,24,-1.4889,-1.8631,0.6226
trf1,apo_ens,25,-3.8359,-2.2132,0.7989
trf1,apo_ens,26,-0.2734,1.2196,0.6369
trf1,apo_ens,27,-1.6375,-3.9129,0.6781
trf1,apo_ens,28,-0.0099,-1.4038,0.6128
trf1,apo_ens,29,-1.7366,-0.8192,0.7518
trf1,apo_ens,30,-0.2747,0.5553,0.7018
trf1,apo_ens,31,-0.1629,-0.3955,0.5581
trf1,apo_ens,32,-3.9607,-1.8159,0.5908
trf1,apo_ens,33,-0.4956,-1.4688,0.5477
trf1,apo_ens,34,-0.3715,-0.7985,0.8097
trf1,apo_ens,35,-1.7142,-1.8579,0.7703
trf1,apo_ens,36,-0.2781,-0.4402,0.5717
trf1,apo_ens,37,-1.0198,-0.5365,0.5564
trf1,apo_ens,38,-1.7245,-1.4059,0.9717
trf1,apo_ens,39,-2.4771,-0.2344,0.6199
trf1,apo_ens,40,-1.9894,-1.7726,0.7522
trf1,apo_ens,41,-1.2867,-2.5139,0.5709
trf1,apo_ens,42,-1.7055,-2.4226,0.7370
trf1,apo_ens,43,-4.0251,-2.4324,0.7865
trf1,apo_ens,44,-1.2552,-1.3298,0.7072
trf1,apo_ens,45,-0.8214,1.0786,0.6241
trf1,apo_ens,46,-1.2988,-1.4543,0.6312
trf1,apo_ens,47,-2.2389,0.6105,0.7306
trf1,apo_ens,48,-0.2180,-0.4257,0.6593
trf1,apo_ens,49,-1.4291,-2.3436,0.5710
trf1,apo_ens,50,-5.0864,2.5506,1.9830
trf1,apo_ens,51,-3.6604,4.4336,1.9808
trf1,apo_ens,52,-0.6546,-1.6435,0.6388
trf1,apo_ens,53,7.9744,1.5988,9.7452
trf1,apo_ens,54,-2.8639,-1.0671,0.5951
trf1,apo_ens,55,-4.6897,-5.0294,0.6980
trf1,apo_ens,56,-0.6855,-1.6753,0.6134
trf1,apo_ens,57,-0.5334,-1.3194,0.7167
trf1,apo_ens,58,-6.8023,-1.8327,1.2766
trf1,apo_ens,59,-1.0192,-0.7888,3.8622
trf1,apo_ens,60,0.1132,-0.2679,0.7845
trf1,apo_ens,61,-0.3355,-1.2336,0.6070
trf1,apo_ens,62,-1.0226,0.6299,0.6307
trf1,apo_ens,63,-2.0242,-1.6090,0.6336
trf1,apo_ens,64,-0.7806,-1.0005,0.6062
trf1,apo_ens,65,-1.2266,0.5520,0.7011
trf1,apo_ens,66,-1.9358,-3.6232,0.9036
trf1,apo_ens,67,-3.3424,-5.1810,0.7073
trf1,apo_ens,68,-0.0170,0.5076,0.7039
trf1,apo_ens,69,-1.1679,0.4725,0.5822
trf1,apo_ens,70,-1.3071,-1.5264,0.7196
trf1,apo_ens,71,-1.3179,1.5407,0.6162
trf1,apo_ens,72,-1.2770,-1.1163,0.6457
trf1,apo_ens,73,-0.0046,-1.2756,0.5727
trf1,apo_ens,74,1.1583,-4.1809,1.2295
trf1,apo_ens,75,-1.5290,-3.5092,0.5996
trf1,apo_ens,76,-1.8688,-1.8943,0.5961
trf1,apo_ens,77,0.6674,-2.0638,0.6286
trf1,apo_ens,78,-1.4985,-0.7619,0.6344
trf1,apo_ens,79,-0.5260,-1.4817,0.7481
trf1,apo_ens,80,-0.9213,0.0749,0.5437
trf1,apo_ens,81,-1.2520,-0.7998,1.4670
trf1,apo_ens,82,-1.9120,-4.5989,0.8516
trf1,apo_ens,83,-2.4033,0.7475,0.7900
trf1,apo_ens,84,0.7609,1.1960,0.5608
trf1,apo_ens,85,-2.2784,-2.4231,0.7116
trf1,apo_ens,86,1.6538,-0.1022,0.5085
trf1,apo_ens,87,-1.0628,0.0450,0.6501
trf1,apo_ens,88,-0.8311,-2.3912,0.6072
trf1,apo_ens,89,-0.8864,0.5080,0.6526
trf1,apo_ens,90,-3.1320,-4.2926,0.9379
trf1,apo_ens,91,-3.6527,-2.7231,0.8806
trf1,apo_ens,92,-1.1768,-1.4240,0.8651
trf1,apo_ens,93,-1.4311,-0.6141,0.6041
trf1,apo_ens,94,-1.7149,-0.3196,0.7540
trf1,apo_ens,95,-1.2125,-1.4151,0.6587
trf1,apo_ens,96,-3.1995,-6.7360,0.6816
trf1,apo_ens,97,-0.6506,-0.4395,0.7905
trf1,apo_ens,98,-0.0872,-2.0298,0.6480
trf1,apo_ens,99,-1.7425,-0.8786,0.6924
trf1,holo_ens,0,-0.5575,-2.8368,0.6747
trf1,holo_ens,1,-2.2520,5.1133,1.3916
trf1,holo_ens,2,-6.2766,-8.3947,0.9611
trf1,holo_ens,3,0.5203,0.1801,0.6806
trf1,holo_ens,4,-0.0540,1.6951,0.8154
trf1,holo_ens,5,-5.0045,-4.7501,0.6810
trf1,holo_ens,6,-0.3202,-1.2693,0.6246
trf1,holo_ens,7,-2.1029,-3.3009,0.6254
trf1,holo_ens,8,-0.3842,-0.4204,0.6635
trf1,holo_ens,9,-0.8215,-1.8931,0.5529
trf1,holo_ens,10,-0.6138,-3.2892,0.7045
trf1,holo_ens,11,-0.9468,0.0330,0.5602
trf1,holo_ens,12,-1.4351,-2.8092,0.6649
trf1,holo_ens,13,-1.7317,-2.2809,0.6445
trf1,holo_ens,14,-2.1955,-2.3771,0.6602
trf1,holo_ens,15,-0.6472,-0.4081,0.6820
trf1,holo_ens,16,-1.6389,-3.8461,0.6313
trf1,holo_ens,17,0.8139,1.4694,0.7158
trf1,holo_ens,18,-1.0409,-1.7787,0.6225
trf1,holo_ens,19,-7.4970,-5.8271,1.1740
trf1,holo_ens,20,-3.2954,-4.9614,0.6940
trf1,holo_ens,21,-0.2645,-1.3069,0.6236
trf1,holo_ens,22,0.3158,-0.7458,0.7008
trf1,holo_ens,23,-1.3486,-0.9395,0.7999
trf1,holo_ens,24,-1.3680,0.8921,0.6060
trf1,holo_ens,25,-4.0284,-3.2737,0.7432
trf1,holo_ens,26,2.1293,0.7648,1.2254
trf1,holo_ens,27,-5.2006,-2.2345,0.7281
trf1,holo_ens,28,-1.6493,-1.0081,0.6404
trf1,holo_ens,29,-1.7479,-2.0383,0.5605
trf1,holo_ens,30,0.7381,-1.2139,0.7826
trf1,holo_ens,31,-1.4672,-2.0351,0.7299
trf1,holo_ens,32,-2.0130,-1.9347,0.6198
trf1,holo_ens,33,-0.9865,-1.1079,0.5577
trf1,holo_ens,34,-1.2917,-1.9825,0.6743
trf1,holo_ens,35,0.2313,-1.7351,0.5971
trf1,holo_ens,36,-1.1750,-1.8376,0.5091
trf1,holo_ens,37,-0.3482,0.4399,0.5734
trf1,holo_ens,38,-0.5204,0.0356,0.8103
trf1,holo_ens,39,-0.5839,0.5044,0.7218
trf1,holo_ens,40,-1.1645,-2.5812,0.6597
trf1,holo_ens,41,-0.0351,0.3219,0.7291
trf1,holo_ens,42,-1.8407,-0.7733,0.6590
trf1,holo_ens,43,-0.5806,-2.0292,0.5612
trf1,holo_ens,44,-0.4500,-0.3201,0.5786
trf1,holo_ens,45,-0.4996,6.8957,1.4439
trf1,holo_ens,46,-1.2901,-2.9620,0.7853
trf1,holo_ens,47,6.9987,-0.4484,0.8197
trf1,holo_ens,48,0.3296,-0.6936,0.7850
trf1,holo_ens,49,-4.0476,-4.7762,0.6797
trf1,holo_ens,50,-3.5737,0.2677,0.7379
trf1,holo_ens,51,-2.5907,-1.7250,0.5437
trf1,holo_ens,52,-2.1342,-2.5159,0.8854
trf1,holo_ens,53,-1.1083,0.1505,0.6872
trf1,holo_ens,54,0.5809,0.2482,0.6312
trf1,holo_ens,55,-0.6446,-1.6940,0.5398
trf1,holo_ens,56,-1.2356,-0.8684,0.5714
trf1,holo_ens,57,-2.8130,-4.2537,0.6898
trf1,holo_ens,58,-0.2289,-0.8937,0.6279
trf1,holo_ens,59,-1.2011,-2.5631,0.7216
trf1,holo_ens,60,-1.1679,-2.4772,0.6002
trf1,holo_ens,61,-0.6848,-1.3458,0.5115
trf1,holo_ens,62,-2.6551,-3.2739,0.7260
trf1,holo_ens,63,-1.7625,-1.3467,0.5750
trf1,holo_ens,64,-0.7344,-2.1607,0.6040
trf1,holo_ens,65,-3.9658,-1.9038,1.0482
trf1,holo_ens,66,-2.3040,-3.0572,0.6490
trf1,holo_ens,67,-1.3859,-2.6560,0.8464
trf1,holo_ens,68,-4.5921,-5.5143,1.0433
trf1,holo_ens,69,-0.0171,-0.0152,0.7440
trf1,holo_ens,70,2.4029,1.6811,0.6633
trf1,holo_ens,71,-1.5959,-2.1172,0.6422
trf1,holo_ens,72,-0.5671,-0.5013,0.5943
trf1,holo_ens,73,-1.4687,-1.9391,0.7090
trf1,holo_ens,74,-5.2634,-2.6543,0.6786
trf1,holo_ens,75,-1.4856,-2.9266,0.7308
trf1,holo_ens,76,-4.7355,-6.7599,0.9456
trf1,holo_ens,77,-2.6998,-1.9044,0.6113
trf1,holo_ens,78,-5.4374,-2.9382,0.6683
trf1,holo_ens,79,-3.5598,-3.0556,0.6988
trf1,holo_ens,80,-1.2136,-0.6827,0.6878
trf1,holo_ens,81,0.1329,-0.4332,0.6151
trf1,holo_ens,82,0.7241,-1.4695,1.0180
trf1,holo_ens,83,1.0086,-3.2988,1.0669
trf1,holo_ens,84,1.0566,1.7840,0.8975
trf1,holo_ens,85,0.0866,1.7690,0.7086
trf1,holo_ens,86,-3.6320,-5.9642,0.6576
trf1,holo_ens,87,-1.3183,-1.9453,0.6416
trf1,holo_ens,88,-1.4697,0.3159,0.6242
trf1,holo_ens,89,0.3554,0.0307,0.6873
trf1,holo_ens,90,-2.4940,-1.6757,0.7357
trf1,holo_ens,91,-2.3610,-1.9372,0.5381
trf1,holo_ens,92,-3.1622,-0.7652,0.6046
trf1,holo_ens,93,-3.6761,-3.3014,0.7022
trf1,holo_ens,94,4.9669,11.3419,7.3683
trf1,holo_ens,95,-0.3695,-2.4233,0.6381
trf1,holo_ens,96,-10.0961,-7.8137,1.0741
trf1,holo_ens,97,-0.3656,-0.0597,0.6210
trf1,holo_ens,98,-3.8703,-5.2728,0.7794
nhp6a,apo_ref,0,-5.1577,1.6691,0.2733
nhp6a,apo_ref,1,-4.8673,-2.0470,0.2717
nhp6a,apo_ref,2,-5.7102,2.2099,0.3060
nhp6a,apo_ref,3,-6.6339,-0.4858,0.3092
nhp6a,apo_ref,4,-6.5942,-2.7892,0.3405
nhp6a,apo_ref,5,-4.1172,0.8099,0.3045
nhp6a,apo_ref,6,-2.9167,0.6570,0.3786
nhp6a,apo_ref,7,-5.9554,1.6625,0.3362
nhp6a,apo_ref,8,-5.6773,-0.1977,0.2594
nhp6a,apo_ref,9,-6.3981,-2.4245,0.4343
nhp6a,apo_ref,10,-6.0092,-0.9789,0.2940
nhp6a,apo_ref,11,-6.4328,-0.3021,0.3359
nhp6a,apo_ref,12,-5.5300,0.9878,0.3062
nhp6a,apo_ref,13,-5.7898,2.4897,0.2474
nhp6a,apo_ref,14,-4.2059,1.3451,0.4223
nhp6a,apo_ref,15,-7.0281,0.8453,0.4289
nhp6a,apo_ref,16,-3.6888,2.0606,0.5178
nhp6a,apo_ref,17,-3.2107,-3.3551,0.5318
nhp6a,apo_ref,18,-4.7338,-4.1849,0.2748
nhp6a,apo_ref,19,-5.0071,2.1785,0.3045
nhp6a,holo_ref,0,5.0342,-0.0578,0.2246
nhp6a,holo_ref,1,5.2989,-0.0621,0.1980
nhp6a,holo_ref,2,5.5525,-0.0609,0.2137
nhp6a,holo_ref,3,5.8490,-0.1858,0.2176
nhp6a,holo_ref,4,5.1857,0.6648,0.2226
nhp6a,holo_ref,5,5.8462,-0.6157,0.2133
nhp6a,holo_ref,6,4.9265,0.2764,0.2142
nhp6a,holo_ref,7,5.1860,1.1781,0.2913
nhp6a,holo_ref,8,5.1672,-0.4321,0.2066
nhp6a,holo_ref,9,5.3827,0.2592,0.2031
nhp6a,holo_ref,10,5.4476,-0.5125,0.2183
nhp6a,holo_ref,11,5.9066,0.3212,0.2288
nhp6a,holo_ref,12,5.6598,1.0962,0.2366
nhp6a,holo_ref,13,5.5387,-0.7400,0.2254
nhp6a,holo_ref,14,5.2094,-1.3804,0.3153
nhp6a,holo_ref,15,4.4109,-0.9213,0.3348
nhp6a,holo_ref,16,5.4753,0.4453,0.3036
nhp6a,holo_ref,17,4.2583,0.0594,0.3200
nhp6a,holo_ref,18,5.1735,-0.6355,0.2119
nhp6a,holo_ref,19,5.1553,1.1534,0.3273
nhp6a,apo_ens,0,-2.3097,2.7838,0.8074
nhp6a,apo_ens,1,-19.5835,16.9865,12.4530
nhp6a,apo_ens,2,1.1011,2.9609,0.8411
nhp6a,apo_ens,3,-2.3929,-0.5830,1.1031
nhp6a,apo_ens,4,0.9643,0.2610,0.8508
nhp6a,apo_ens,5,-0.8738,2.1632,0.6376
nhp6a,apo_ens,6,1.9826,1.2670,0.7911
nhp6a,apo_ens,7,-2.1319,1.9157,0.7037
nhp6a,apo_ens,8,24.2784,16.8989,13.7920
nhp6a,apo_ens,9,-0.7966,1.8390,0.6939
nhp6a,apo_ens,10,-0.2710,2.0446,0.9823
nhp6a,apo_ens,11,-1.2187,3.2185,0.6755
nhp6a,apo_ens,12,0.8324,1.0945,1.0496
nhp6a,apo_ens,13,-0.6255,4.7211,0.7436
nhp6a,apo_ens,14,-0.4047,1.7100,0.7654
nhp6a,apo_ens,15,-1.1094,1.3947,0.6704
nhp6a,apo_ens,16,-0.5143,4.9512,0.9709
nhp6a,apo_ens,17,-1.8358,1.9872,0.8395
nhp6a,apo_ens,18,-4.8154,0.0607,1.4843
nhp6a,apo_ens,19,-4.2018,3.1532,11.6211
nhp6a,apo_ens,20,-8.6407,5.4206,10.2647
nhp6a,apo_ens,21,-0.3244,3.1412,0.8118
nhp6a,apo_ens,22,-1.1042,1.7898,0.8057
nhp6a,apo_ens,23,0.0925,2.6509,0.6893
nhp6a,apo_ens,24,-1.7868,1.8627,0.7149
nhp6a,apo_ens,25,-3.4317,1.4987,1.2982
nhp6a,apo_ens,26,-1.6538,2.5587,0.7610
nhp6a,apo_ens,27,1.1180,1.4572,0.9222
nhp6a,apo_ens,28,-3.2862,3.0710,1.2908
nhp6a,apo_ens,29,-1.3120,-0.4217,0.8362
nhp6a,apo_ens,30,-1.6284,2.4448,0.7404
nhp6a,apo_ens,31,-2.2275,0.6088,0.7258
nhp6a,apo_ens,32,0.5357,0.8704,0.8188
nhp6a,apo_ens,33,-0.0182,1.3032,0.9198
nhp6a,apo_ens,34,-1.6249,0.3750,0.7597
nhp6a,apo_ens,35,-2.2575,2.2096,0.7870
nhp6a,apo_ens,36,-2.3912,2.8800,1.1939
nhp6a,apo_ens,37,-0.9419,2.6996,0.8568
nhp6a,apo_ens,38,2.2176,-4.9313,6.4107
nhp6a,apo_ens,39,-1.5456,2.8275,0.6789
nhp6a,apo_ens,40,-1.7685,2.2220,0.7587
nhp6a,apo_ens,41,-0.7209,3.3054,0.6670
nhp6a,apo_ens,42,-1.1139,2.7437,0.8350
nhp6a,apo_ens,43,-0.7793,2.3854,0.7400
nhp6a,apo_ens,44,-1.6059,2.6377,0.7921
nhp6a,apo_ens,45,-1.6703,2.2432,0.7115
nhp6a,apo_ens,46,0.4522,0.1922,0.9705
nhp6a,apo_ens,47,-2.0408,3.3007,0.7636
nhp6a,apo_ens,48,1.2911,2.3671,0.6820
nhp6a,apo_ens,49,-0.4789,3.4324,0.9158
nhp6a,apo_ens,50,-1.3503,3.2948,0.6865
nhp6a,apo_ens,51,-1.7181,0.6186,0.7050
nhp6a,apo_ens,52,16.3798,5.2866,11.3603
nhp6a,apo_ens,53,-1.1306,2.2948,0.6360
nhp6a,apo_ens,54,-1.6490,0.6406,0.7969
nhp6a,apo_ens,55,-1.3857,3.4784,0.8018
nhp6a,apo_ens,56,-0.7248,0.7103,0.7413
nhp6a,apo_ens,57,0.0939,-0.4372,1.3405
nhp6a,apo_ens,58,-1.6605,1.5929,0.8499
nhp6a,apo_ens,59,-1.2342,1.8887,0.6804
nhp6a,apo_ens,60,-1.9935,3.5752,0.7807
nhp6a,apo_ens,61,-0.5916,2.5203,1.1803
nhp6a,apo_ens,62,0.6483,2.1483,0.7319
nhp6a,apo_ens,63,-1.2758,1.5996,0.8540
nhp6a,apo_ens,64,1.0780,1.6021,0.6775
nhp6a,apo_ens,65,-1.8709,1.9901,0.7093
nhp6a,apo_ens,66,-0.8323,1.4845,0.7190
nhp6a,apo_ens,67,0.7541,0.7872,0.7020
nhp6a,apo_ens,68,-1.1289,2.5720,0.7225
nhp6a,apo_ens,69,-1.0674,2.6065,1.0282
nhp6a,apo_ens,70,-0.3374,2.2623,0.8907
nhp6a,apo_ens,71,-1.3889,1.3467,0.7636
nhp6a,apo_ens,72,0.2566,2.7341,1.8717
nhp6a,apo_ens,73,-1.8033,2.6324,0.7284
nhp6a,apo_ens,74,-0.7203,0.9300,0.7262
nhp6a,apo_ens,75,-1.4156,1.8184,0.6821
nhp6a,apo_ens,76,-0.7299,0.3347,0.7699
nhp6a,apo_ens,77,-8.3974,26.3661,9.7822
nhp6a,apo_ens,78,1.0195,3.3344,1.3430
nhp6a,apo_ens,79,-1.3906,2.4923,0.8045
nhp6a,apo_ens,80,-18.3324,-17.6663,11.0158
nhp6a,apo_ens,81,-0.3354,1.4313,0.7560
nhp6a,apo_ens,82,-1.2810,3.7809,0.9035
nhp6a,apo_ens,83,1.2568,2.2982,0.9660
nhp6a,apo_ens,84,-1.2523,0.5448,0.7648
nhp6a,apo_ens,85,-0.1435,2.0636,0.7940
nhp6a,apo_ens,86,-6.4950,4.2589,1.9237
nhp6a,apo_ens,87,-0.6240,3.3206,0.7851
nhp6a,apo_ens,88,-29.5524,4.9894,9.8265
nhp6a,apo_ens,89,-0.6138,2.2425,0.7131
nhp6a,apo_ens,90,-14.4994,11.0726,10.8610
nhp6a,apo_ens,91,0.5741,2.2117,0.7624
nhp6a,apo_ens,92,-1.6526,2.2695,0.9130
nhp6a,apo_ens,93,-0.4697,2.4697,0.6806
nhp6a,apo_ens,94,-1.8181,2.4069,0.8143
nhp6a,apo_ens,95,-0.8671,1.4987,0.6375
nhp6a,apo_ens,96,-1.2183,0.5476,0.8767
nhp6a,apo_ens,97,-1.9111,2.4487,0.7505
nhp6a,apo_ens,98,-0.0205,2.3280,0.7105
nhp6a,apo_ens,99,-10.5252,-8.8257,9.7454
nhp6a,holo_ens,0,0.7512,1.2310,1.4420
nhp6a,holo_ens,1,-3.8949,-2.4997,1.7735
nhp6a,holo_ens,2,-38.5640,9.1384,12.6071
nhp6a,holo_ens,3,0.0476,2.5721,0.7436
nhp6a,holo_ens,4,-3.9217,2.0844,0.7352
nhp6a,holo_ens,5,-2.2085,1.6662,1.0357
nhp6a,holo_ens,6,-27.8805,3.0395,7.3456
nhp6a,holo_ens,7,-0.5707,0.7548,0.9031
nhp6a,holo_ens,8,-2.8562,0.0189,1.5353
nhp6a,holo_ens,9,-1.2030,0.8634,0.7402
nhp6a,holo_ens,10,-3.9334,1.7187,0.7916
nhp6a,holo_ens,11,-1.3964,2.6899,0.7197
nhp6a,holo_ens,12,-0.7383,1.7647,0.6821
nhp6a,holo_ens,13,-0.4877,1.2641,0.7543
nhp6a,holo_ens,14,2.8856,1.7043,0.8636
nhp6a,holo_ens,15,-1.1838,-1.1112,0.8504
nhp6a,holo_ens,16,-0.6600,1.4135,0.8198
nhp6a,holo_ens,17,1.4683,2.2267,0.8215
nhp6a,holo_ens,18,-0.9581,2.6912,0.6405
nhp6a,holo_ens,19,-0.3623,2.1021,0.7587
nhp6a,holo_ens,20,-0.2746,2.4051,0.8605
nhp6a,holo_ens,21,-2.2097,2.4264,0.7691
nhp6a,holo_ens,22,-1.1531,2.5520,0.7092
nhp6a,holo_ens,23,-0.3985,2.1329,0.8277
nhp6a,holo_ens,24,-2.2351,2.3849,0.8442
nhp6a,holo_ens,25,0.1728,2.4207,0.6743
nhp6a,holo_ens,26,-1.5556,0.4910,0.7801
nhp6a,holo_ens,27,-2.1576,3.3920,0.7653
nhp6a,holo_ens,28,-0.0772,1.4419,0.6744
nhp6a,holo_ens,29,0.0647,2.2987,0.7673
nhp6a,holo_ens,30,-0.9549,1.7076,0.7926
nhp6a,holo_ens,31,-2.8881,1.8988,0.8357
nhp6a,holo_ens,32,-5.1317,4.3466,1.4312
nhp6a,holo_ens,33,-2.3717,3.2244,0.7276
nhp6a,holo_ens,34,1.1292,1.8198,0.8300
nhp6a,holo_ens,35,-0.1212,2.5119,1.0019
nhp6a,holo_ens,36,-1.1487,1.9987,0.6531
nhp6a,holo_ens,37,3.0420,3.6658,0.9363
nhp6a,holo_ens,38,-0.8792,1.3594,0.7257
nhp6a,holo_ens,39,-1.6231,2.0161,0.8106
nhp6a,holo_ens,40,-0.6844,2.6898,0.7312
nhp6a,holo_ens,41,-1.1804,0.0097,0.8635
nhp6a,holo_ens,42,4.1468,-0.3033,1.2118
nhp6a,holo_ens,43,0.0494,1.8127,0.7013
nhp6a,holo_ens,44,-2.4918,1.7282,0.7174
nhp6a,holo_ens,45,0.3845,2.0369,0.7827
nhp6a,holo_ens,46,-2.1589,2.1713,0.9603
nhp6a,holo_ens,47,0.3226,0.7584,0.7907
nhp6a,holo_ens,48,-2.2740,2.2142,0.8211
nhp6a,holo_ens,49,-0.7438,2.6807,0.6815
nhp6a,holo_ens,50,2.1779,1.3960,0.8812
nhp6a,holo_ens,51,-13.0574,-12.4493,10.4679
nhp6a,holo_ens,52,-3.7715,1.6217,1.2220
nhp6a,holo_ens,53,-0.1040,2.4184,0.7387
nhp6a,holo_ens,54,-1.3366,1.0546,0.8786
nhp6a,holo_ens,55,0.7342,1.8720,0.7141
nhp6a,holo_ens,56,-0.7529,2.1466,0.7068
nhp6a,holo_ens,57,-1.1266,3.2118,0.7221
nhp6a,holo_ens,58,-0.1864,1.3142,0.7254
nhp6a,holo_ens,59,-1.3847,1.8451,0.8854
nhp6a,holo_ens,60,-0.2130,1.2249,0.9230
nhp6a,holo_ens,61,-1.3254,2.1034,0.8085
nhp6a,holo_ens,62,-0.2225,2.5433,0.7896
nhp6a,holo_ens,63,-2.0417,1.0034,1.0828
nhp6a,holo_ens,64,5.7068,-1.7352,4.6676
nhp6a,holo_ens,65,-1.2413,1.2499,0.7396
nhp6a,holo_ens,66,-0.7288,2.2059,0.7359
nhp6a,holo_ens,67,-0.5387,1.7161,0.9240
nhp6a,holo_ens,68,-0.2576,1.4585,0.7839
nhp6a,holo_ens,69,-0.0791,2.7202,0.7491
nhp6a,holo_ens,70,-3.1316,2.5556,1.0566
nhp6a,holo_ens,71,-0.7330,2.0385,0.7896
nhp6a,holo_ens,72,-1.3496,2.5508,0.8502
nhp6a,holo_ens,73,-2.7067,2.7194,1.4630
nhp6a,holo_ens,74,-2.5270,1.3542,0.7638
nhp6a,holo_ens,75,-1.2630,2.4510,0.6607
nhp6a,holo_ens,76,-1.1749,2.2431,0.7244
nhp6a,holo_ens,77,1.2478,1.7376,0.9652
nhp6a,holo_ens,78,-1.3685,3.9222,14.3589
nhp6a,holo_ens,79,-1.7933,1.1444,0.8681
nhp6a,holo_ens,80,0.3634,0.8961,0.7325
nhp6a,holo_ens,81,-0.8135,2.2131,0.7730
nhp6a,holo_ens,82,-2.1044,2.7323,1.2509
nhp6a,holo_ens,83,-2.2235,2.6023,0.8415
nhp6a,holo_ens,84,0.6214,1.3002,0.7762
nhp6a,holo_ens,85,0.1426,2.6151,0.8812
nhp6a,holo_ens,86,-2.7957,4.3260,0.9911
nhp6a,holo_ens,87,-0.4779,3.1635,0.7313
vnd,apo_ref,0,-2.9068,0.1694,0.2547
vnd,apo_ref,1,-2.5813,0.8468,0.1115
vnd,apo_ref,2,-2.4267,0.6848,0.1314
vnd,apo_ref,3,-2.3184,-0.2376,0.2243
vnd,apo_ref,4,-2.3550,0.4205,0.1674
vnd,apo_ref,5,-3.1639,-2.4376,0.3364
vnd,apo_ref,6,-2.5416,-0.8198,0.2660
vnd,apo_ref,7,-2.8216,0.6116,0.2818
vnd,apo_ref,8,-2.3847,0.4565,0.1407
vnd,apo_ref,9,-2.6371,0.7392,0.1746
vnd,apo_ref,10,-2.7559,1.3860,0.1276
vnd,apo_ref,11,-2.8105,-0.6505,0.3769
vnd,apo_ref,12,-3.0204,-1.9649,0.2563
vnd,apo_ref,13,-2.2589,2.3164,0.1982
vnd,apo_ref,14,-2.5662,-2.5603,0.3300
vnd,apo_ref,15,-2.4345,1.1355,0.1108
vnd,apo_ref,16,-3.1361,-0.1290,0.2462
vnd,apo_ref,17,-2.6761,0.0984,0.2355
vnd,apo_ref,18,-2.5119,1.1683,0.1507
vnd,apo_ref,19,-3.4536,-3.1193,0.3217
vnd,apo_ref,20,-2.1892,1.6915,0.3762
vnd,apo_ref,21,-2.7125,0.9133,0.2478
vnd,apo_ref,22,-2.5987,0.7344,0.3246
vnd,apo_ref,23,-2.3413,0.9209,0.1725
vnd,apo_ref,24,-2.3921,1.2600,0.2696
vnd,apo_ref,25,-1.8906,1.0610,0.2403
vnd,apo_ref,26,-2.6833,1.7368,0.2738
vnd,apo_ref,27,-4.0082,-4.0644,0.3447
vnd,apo_ref,28,-2.4559,0.7078,0.2568
vnd,apo_ref,29,-2.1845,-1.0681,0.2737
vnd,holo_ref,0,3.6845,0.0277,0.1531
vnd,holo_ref,1,3.8740,-0.1555,0.1056
vnd,holo_ref,2,3.9513,-0.2065,0.0862
vnd,holo_ref,3,3.8920,-0.0327,0.1105
vnd,holo_ref,4,4.2863,0.0379,0.0906
vnd,holo_ref,5,3.9018,-0.2274,0.1206
vnd,holo_ref,6,3.9681,-0.0314,0.1635
vnd,holo_ref,7,4.0120,-0.2644,0.1294
vnd,holo_ref,8,4.2604,-0.4077,0.1587
vnd,holo_ref,9,4.2172,-0.0115,0.1415
vnd,holo_ref,10,3.5838,-0.1193,0.1692
vnd,holo_ref,11,4.3370,0.2196,0.1585
vnd,holo_ref,12,3.9160,-0.1078,0.1357
vnd,holo_ref,13,3.7195,-0.0670,0.1043
vnd,holo_ref,14,4.1938,0.1850,0.1452
vnd,holo_ref,15,3.7161,-0.3396,0.1444
vnd,holo_ref,16,4.0551,-0.0259,0.1713
vnd,holo_ref,17,4.0507,-0.0910,0.1813
vnd,holo_ref,18,3.7542,-0.3926,0.1205
vnd,holo_ref,19,3.8437,0.0025,0.1198
vnd,apo_ens,0,3.3974,1.8635,0.7792
vnd,apo_ens,1,1.0594,-0.0898,0.5565
vnd,apo_ens,2,2.2693,0.3287,0.7795
vnd,apo_ens,3,1.1024,-0.0972,0.8217
vnd,apo_ens,4,2.5101,-0.7595,0.8320
vnd,apo_ens,5,0.5442,1.2409,0.8143
vnd,apo_ens,6,-5.3407,-14.9508,6.6941
vnd,apo_ens,7,2.5643,1.7336,0.7113
vnd,apo_ens,8,1.0171,0.8234,0.5050
vnd,apo_ens,9,1.3785,-0.0341,0.6865
vnd,apo_ens,10,1.9524,0.3400,0.7851
vnd,apo_ens,11,1.6610,-1.5665,0.6779
vnd,apo_ens,12,2.4479,0.3927,0.5737
vnd,apo_ens,13,2.5663,0.6782,0.6196
vnd,apo_ens,14,1.6637,-0.0978,0.6150
vnd,apo_ens,15,2.2065,1.2323,0.7870
vnd,apo_ens,16,2.6038,-1.1127,0.7957
vnd,apo_ens,17,1.3661,1.7097,0.7786
vnd,apo_ens,18,0.9759,0.4368,0.8822
vnd,apo_ens,19,1.5479,1.9682,0.6103
vnd,apo_ens,20,1.8597,-0.7855,0.9249
vnd,apo_ens,21,1.6106,-0.2077,0.7287
vnd,apo_ens,22,2.0462,-0.1755,0.7367
vnd,apo_ens,23,2.1192,-0.8768,0.7137
vnd,apo_ens,24,2.0131,1.4660,0.6954
vnd,apo_ens,25,1.3450,-0.5952,0.8678
vnd,apo_ens,26,1.0109,0.0732,0.5545
vnd,apo_ens,27,2.1935,0.3739,0.6729
vnd,apo_ens,28,1.8055,-0.5383,0.7844
vnd,apo_ens,29,-0.2576,1.5775,0.6376
vnd,apo_ens,30,1.8034,0.7580,0.5896
vnd,apo_ens,31,0.5095,0.5490,0.5015
vnd,apo_ens,32,1.4047,-0.1017,0.7642
vnd,apo_ens,33,2.2020,-0.6547,0.6713
vnd,apo_ens,34,2.2728,0.9265,0.9474
vnd,apo_ens,35,1.6841,0.2614,0.5878
vnd,apo_ens,36,-0.3486,0.6636,0.6402
vnd,apo_ens,37,0.8066,1.4354,1.3628
vnd,apo_ens,38,1.8372,0.5065,0.5962
vnd,apo_ens,39,0.7550,-0.0891,0.8896
vnd,apo_ens,40,2.0037,0.8214,0.6446
vnd,apo_ens,41,2.4337,-0.1119,0.7333
vnd,apo_ens,42,1.8370,-0.2665,0.7628
vnd,apo_ens,43,1.1546,0.5891,0.5209
vnd,apo_ens,44,1.9478,2.1805,0.6357
vnd,apo_ens,45,3.2869,1.4041,0.7990
vnd,apo_ens,46,1.6898,-0.8002,0.7541
vnd,apo_ens,47,2.1639,0.5362,0.8336
vnd,apo_ens,48,2.0390,0.5308,0.5802
vnd,apo_ens,49,2.0242,1.3759,0.6128
vnd,apo_ens,50,2.2549,0.1246,0.6289
vnd,apo_ens,51,2.2310,0.8893,0.6855
vnd,apo_ens,52,1.9403,-0.3159,0.6208
vnd,apo_ens,53,1.3760,0.4078,0.7199
vnd,apo_ens,54,1.2786,-1.2219,0.7414
vnd,apo_ens,55,0.3802,-0.6257,0.6650
vnd,apo_ens,56,1.5194,0.3250,0.6387
vnd,apo_ens,57,1.9348,-0.4896,0.5588
vnd,apo_ens,58,0.4984,0.6519,0.6139
vnd,apo_ens,59,0.7872,-0.5106,0.7003
vnd,apo_ens,60,2.2395,1.9394,0.6680
vnd,apo_ens,61,1.7027,0.3283,0.6052
vnd,apo_ens,62,1.6304,-0.1929,0.6948
vnd,apo_ens,63,2.9254,-0.7981,0.8393
vnd,apo_ens,64,2.3395,4.7115,0.8631
vnd,apo_ens,65,1.9610,5.4319,2.4880
vnd,apo_ens,66,1.1674,-7.2132,1.4012
vnd,apo_ens,67,1.5378,0.4965,0.7836
vnd,apo_ens,68,1.2921,-0.2965,0.7378
vnd,apo_ens,69,1.4813,0.2228,0.7505
vnd,apo_ens,70,0.5870,1.4219,0.5854
vnd,apo_ens,71,1.9166,-0.6946,0.6841
vnd,apo_ens,72,1.9021,0.4077,0.6740
vnd,apo_ens,73,3.2290,0.5169,0.7650
vnd,apo_ens,74,2.9595,0.4517,0.8648
vnd,apo_ens,75,2.4376,-0.4469,0.7090
vnd,apo_ens,76,1.5093,0.5983,0.7389
vnd,apo_ens,77,2.0526,0.9471,0.6657
vnd,apo_ens,78,1.3843,-0.1968,0.6910
vnd,apo_ens,79,0.7039,0.0027,0.5967
vnd,apo_ens,80,1.8085,0.2488,0.5967
vnd,apo_ens,81,0.5870,-0.1730,0.7503
vnd,apo_ens,82,1.2495,-0.7223,0.6655
vnd,apo_ens,83,0.9217,-0.0724,0.6416
vnd,apo_ens,84,1.3989,1.7908,0.7755
vnd,apo_ens,85,0.7162,-2.1802,0.7361
vnd,apo_ens,86,1.0122,0.3574,0.5862
vnd,apo_ens,87,1.7332,0.4832,0.7611
vnd,apo_ens,88,-14.8543,-19.4064,9.2972
vnd,apo_ens,89,0.1650,0.3381,0.5412
vnd,apo_ens,90,1.3745,0.5757,0.6382
vnd,apo_ens,91,2.5084,-0.1800,0.7246
vnd,apo_ens,92,-1.5128,-6.0327,1.8622
vnd,apo_ens,93,1.5138,-0.2220,0.6694
vnd,apo_ens,94,0.4610,0.2550,0.6837
vnd,apo_ens,95,0.8530,1.2054,0.5840
vnd,apo_ens,96,0.7649,-0.3662,0.7757
vnd,apo_ens,97,2.1457,-0.5460,0.6417
vnd,apo_ens,98,1.6694,0.7784,2.6593
vnd,apo_ens,99,1.4140,1.2264,0.6967
vnd,holo_ens,0,0.5354,0.4769,0.7177
vnd,holo_ens,1,1.2278,1.6310,0.5901
vnd,holo_ens,2,1.8314,1.0354,0.8178
vnd,holo_ens,3,0.4117,-1.2537,0.7890
vnd,holo_ens,4,3.3419,0.3707,0.6830
vnd,holo_ens,5,2.4410,0.3362,0.4911
vnd,holo_ens,6,0.7522,0.2552,0.5066
vnd,holo_ens,7,2.2219,0.3472,0.6549
vnd,holo_ens,8,1.1124,-0.2148,0.8115
vnd,holo_ens,9,1.6349,-0.8820,0.8046
vnd,holo_ens,10,0.9969,0.4896,0.7368
vnd,holo_ens,11,1.0760,0.4480,0.5672
vnd,holo_ens,12,2.4230,0.6014,0.6681
vnd,holo_ens,13,0.2833,0.0855,0.7428
vnd,holo_ens,14,0.9227,0.8152,0.7512
vnd,holo_ens,15,0.8298,-1.4774,0.6785
vnd,holo_ens,16,1.0110,-0.5577,0.5803
vnd,holo_ens,17,2.2221,0.1838,0.7719
vnd,holo_ens,18,1.6941,-0.0212,0.6972
vnd,holo_ens,19,3.0380,-0.5226,0.8451
vnd,holo_ens,20,0.3452,1.1285,0.6095
vnd,holo_ens,21,1.5751,0.2505,0.6557
vnd,holo_ens,22,2.1377,0.1025,0.5963
vnd,holo_ens,23,2.8387,1.5977,0.8833
vnd,holo_ens,24,1.6477,-0.4530,0.7629
vnd,holo_ens,25,1.8021,1.0552,0.5796
vnd,holo_ens,26,1.0251,1.0775,0.7435
vnd,holo_ens,27,0.4508,-1.8288,0.7191
vnd,holo_ens,28,1.2963,-0.6254,0.6328
vnd,holo_ens,29,1.4030,-0.0997,0.9239
vnd,holo_ens,30,0.9636,-1.4221,0.9450
vnd,holo_ens,31,1.2621,-0.5891,0.6344
vnd,holo_ens,32,2.6910,-1.1251,0.8308
vnd,holo_ens,33,1.5177,-0.6495,0.6301
vnd,holo_ens,34,1.2075,0.4889,0.6198
vnd,holo_ens,35,-0.1845,0.5598,0.6228
vnd,holo_ens,36,1.4771,-0.9039,0.7059
vnd,holo_ens,37,0.9383,-1.1623,0.6911
vnd,holo_ens,38,2.7206,2.1917,0.7050
vnd,holo_ens,39,1.7642,0.6454,0.5682
vnd,holo_ens,40,1.7295,0.0055,0.6141
vnd,holo_ens,41,2.0529,0.2512,0.5613
vnd,holo_ens,42,0.3970,-0.3037,0.7693
vnd,holo_ens,43,2.1156,0.1075,0.5925
vnd,holo_ens,44,1.0874,0.1460,0.6788
vnd,holo_ens,45,1.9971,-0.2177,0.8707
vnd,holo_ens,46,1.5054,-0.0596,0.6884
vnd,holo_ens,47,0.6036,0.7153,0.6031
vnd,holo_ens,48,1.9003,-0.2860,0.6968
vnd,holo_ens,49,0.3297,1.6704,0.6099
vnd,holo_ens,50,0.9170,1.2064,0.6706
vnd,holo_ens,51,1.6791,0.8590,0.6622
vnd,holo_ens,52,2.2973,-0.6465,0.6581
vnd,holo_ens,53,1.2922,0.1582,0.7378
vnd,holo_ens,54,1.4102,0.7434,0.6424
vnd,holo_ens,55,1.0484,-0.6145,0.6243
vnd,holo_ens,56,2.3482,0.2968,0.6274
vnd,holo_ens,57,1.7068,1.3481,0.7031
vnd,holo_ens,58,1.4860,0.9314,0.5854
vnd,holo_ens,59,1.8914,-0.8286,0.8871
vnd,holo_ens,60,1.0968,-1.0677,0.6035
vnd,holo_ens,61,0.6947,-0.0791,0.6157
vnd,holo_ens,62,1.3605,0.2647,0.5783
vnd,holo_ens,63,1.4951,-0.1262,0.6194
vnd,holo_ens,64,1.3465,1.6022,0.7274
vnd,holo_ens,65,2.1068,-0.9443,0.7215
vnd,holo_ens,66,0.5806,1.0183,0.6357
vnd,holo_ens,67,2.0679,1.1488,0.7816
vnd,holo_ens,68,1.5315,1.9204,0.6009
vnd,holo_ens,69,1.8682,1.1940,0.6146
vnd,holo_ens,70,0.7465,0.3616,0.8255
vnd,holo_ens,71,0.5890,-0.9535,0.7503
vnd,holo_ens,72,0.5797,2.0522,0.7395
vnd,holo_ens,73,1.9772,0.9941,0.5651
vnd,holo_ens,74,1.3133,0.9636,0.6340
vnd,holo_ens,75,2.6116,0.3385,0.6744
vnd,holo_ens,76,1.4747,1.5777,0.7033
vnd,holo_ens,77,0.9844,0.7008,0.6544
vnd,holo_ens,78,1.9630,0.7743,0.7309
maze,apo_ref,0,2.6711,-0.3439,0.4563
maze,apo_ref,1,-0.7079,2.0650,0.3759
maze,apo_ref,2,-0.0253,-0.4404,0.5608
maze,apo_ref,3,-5.8397,-0.0983,0.3112
maze,apo_ref,4,0.3310,-0.8217,0.5384
maze,apo_ref,5,4.4541,-3.1458,0.4770
maze,apo_ref,6,4.7295,-3.3633,0.5753
maze,apo_ref,7,-4.8601,-9.9869,0.8619
maze,apo_ref,8,-1.3864,2.3077,0.2669
maze,apo_ref,9,2.0284,0.5738,0.5966
maze,apo_ref,10,0.8206,1.9785,0.2835
maze,apo_ref,11,0.4416,1.5776,0.2851
maze,apo_ref,12,-1.8810,3.4658,0.5003
maze,apo_ref,13,2.5009,-1.0092,0.2916
maze,apo_ref,14,0.5720,0.1511,0.3803
maze,apo_ref,15,0.1193,2.9913,0.2367
maze,apo_ref,16,-0.1781,-0.0855,0.3297
maze,apo_ref,17,-1.2052,3.5280,0.2962
maze,apo_ref,18,-0.2360,1.7592,0.3292
maze,apo_ref,19,1.4581,3.2120,0.3067
maze,holo_ref,0,-5.0971,-0.5213,0.4742
maze,holo_ref,1,4.2381,-0.4037,0.3827
maze,holo_ref,2,-4.1811,-0.5884,0.4408
maze,holo_ref,3,-6.3560,0.5792,0.5132
maze,holo_ref,4,2.9976,-0.3368,0.4766
maze,holo_ref,5,1.9329,-1.5289,0.4385
maze,holo_ref,6,2.6588,-1.5150,0.5313
maze,apo_ens,0,-1.3063,1.7216,1.7847
maze,apo_ens,1,3.5020,-1.3025,2.1676
maze,apo_ens,2,-6.3062,-0.6763,2.4673
maze,apo_ens,3,-11.0225,4.3811,1.3864
maze,apo_ens,4,3.1401,6.7163,4.4162
maze,apo_ens,5,-8.9264,8.2403,2.2251
maze,apo_ens,6,5.0997,4.2579,5.3097
maze,apo_ens,7,-2.2415,-2.0296,0.9860
maze,apo_ens,8,-6.0649,1.1300,0.9180
maze,apo_ens,9,-1.9824,5.1932,1.5343
maze,apo_ens,10,-0.4358,-0.6351,1.3890
maze,apo_ens,11,-17.0062,-0.7568,2.3624
maze,apo_ens,12,-6.4562,20.9183,5.4320
maze,apo_ens,13,-6.9344,2.0481,1.0993
maze,apo_ens,14,-8.3073,8.5187,2.4459
maze,apo_ens,15,-8.5156,-3.5670,1.5824
maze,apo_ens,16,12.5164,23.9723,11.0659
maze,apo_ens,17,-2.4667,6.1417,1.5102
maze,apo_ens,18,-4.9256,7.0327,1.4825
maze,apo_ens,19,-10.5015,4.7520,1.5441
maze,apo_ens,20,-11.8592,-5.9557,2.1431
maze,apo_ens,21,-20.7957,7.0627,6.1545
maze,apo_ens,22,-4.5755,6.0502,1.8268
maze,apo_ens,23,5.6513,0.8943,1.5697
maze,apo_ens,24,-9.1898,-4.1363,1.8894
maze,apo_ens,25,-11.9416,1.9410,1.5312
maze,apo_ens,26,-7.8460,16.7767,6.7366
maze,apo_ens,27,8.7307,3.5426,4.6442
maze,apo_ens,28,-6.5728,2.5007,1.5433
maze,apo_ens,29,-10.0100,-1.5897,4.5353
maze,apo_ens,30,-2.1773,11.7079,1.8672
maze,apo_ens,31,-0.3650,1.2001,2.5640
maze,apo_ens,32,2.6675,5.5969,2.7423
maze,apo_ens,33,-3.5090,3.9871,1.5523
maze,apo_ens,34,2.8878,5.8857,1.8211
maze,apo_ens,35,2.8721,0.3142,1.8159
maze,apo_ens,36,-0.7481,5.1301,1.8140
maze,apo_ens,37,-12.9081,2.6402,2.3685
maze,apo_ens,38,-6.1413,1.6283,2.3379
maze,apo_ens,39,-13.8602,-2.5058,2.6987
maze,apo_ens,40,5.1373,3.0156,1.9201
maze,apo_ens,41,-3.7995,-4.3519,1.6931
maze,apo_ens,42,3.9035,5.2959,2.3239
maze,apo_ens,43,-15.9243,4.4551,2.2261
maze,apo_ens,44,-4.4226,5.8863,1.4699
maze,apo_ens,45,-28.9242,-7.3383,6.5863
maze,apo_ens,46,-5.9878,-1.1590,1.2049
maze,apo_ens,47,-14.8327,12.3798,9.1498
maze,apo_ens,48,-13.0487,-3.5634,1.4639
maze,apo_ens,49,-10.8380,1.9730,2.1203
maze,apo_ens,50,-4.7209,2.8286,2.1041
maze,apo_ens,51,-4.9035,3.6987,2.3353
maze,apo_ens,52,12.3964,2.3793,3.5798
maze,apo_ens,53,-7.5985,0.6255,1.6044
maze,apo_ens,54,2.9479,-0.6074,5.3093
maze,apo_ens,55,0.6385,4.0228,1.3718
maze,apo_ens,56,-5.5186,24.8319,5.8742
maze,apo_ens,57,6.8990,-0.0494,2.1287
maze,apo_ens,58,-10.9877,1.8359,2.2503
maze,apo_ens,59,2.8776,-5.2983,1.5110
maze,apo_ens,60,-9.3595,-1.2844,2.0817
maze,apo_ens,61,-8.4964,3.5060,1.4270
maze,apo_ens,62,-2.4963,1.7830,2.3370
maze,apo_ens,63,12.3115,-33.9067,7.5883
maze,apo_ens,64,-7.3411,-9.0216,2.4740
maze,apo_ens,65,-12.6680,-1.3202,2.3715
maze,apo_ens,66,-3.6500,2.7233,1.0828
maze,apo_ens,67,-6.4494,0.2895,1.9056
maze,apo_ens,68,-2.4398,3.2806,2.2462
maze,apo_ens,69,-9.8418,19.3049,6.5534
maze,apo_ens,70,-15.0847,-2.0871,6.7386
maze,apo_ens,71,-9.3929,1.1487,3.2637
maze,apo_ens,72,-0.4985,6.0159,1.6823
maze,apo_ens,73,21.6641,5.9097,6.6524
maze,apo_ens,74,-8.8066,4.7806,1.6623
maze,apo_ens,75,-1.9937,-4.7621,1.8195
maze,apo_ens,76,-2.5488,23.6002,8.9032
maze,apo_ens,77,-4.6193,-0.0871,1.0906
maze,apo_ens,78,9.3800,14.5937,7.2475
maze,apo_ens,79,-9.3714,1.4456,1.3403
maze,apo_ens,80,-2.5147,3.2643,1.2737
maze,apo_ens,81,-7.5747,-0.4506,1.8442
maze,apo_ens,82,-10.3220,-0.8806,2.6662
maze,apo_ens,83,-1.2062,-1.2657,1.8932
maze,apo_ens,84,-12.4170,10.2845,3.4218
maze,apo_ens,85,-3.6448,2.4379,1.6859
maze,apo_ens,86,-5.1512,2.9357,3.2405
maze,apo_ens,87,-5.8455,4.0216,1.2703
maze,apo_ens,88,-9.3477,1.9193,1.5500
maze,apo_ens,89,20.5857,11.5065,8.6255
maze,apo_ens,90,-7.3532,4.5320,1.6040
maze,apo_ens,91,-1.4020,8.0645,2.4150
maze,apo_ens,92,9.0856,8.4111,4.9251
maze,apo_ens,93,-3.7892,6.5473,1.3739
maze,apo_ens,94,-12.8637,3.2772,2.9810
maze,apo_ens,95,-0.8984,6.9018,1.3275
maze,apo_ens,96,-0.1015,7.3308,2.5029
maze,apo_ens,97,-7.6510,-1.4170,2.2752
maze,apo_ens,98,-7.6821,3.1825,1.5705
maze,apo_ens,99,23.7805,1.5659,7.1213
maze,holo_ens,0,5.4027,5.6072,4.8783
maze,holo_ens,1,-4.6282,6.0998,2.2385
maze,holo_ens,2,-27.8319,5.8279,8.4681
maze,holo_ens,3,-8.8571,2.1283,3.5768
maze,holo_ens,4,-8.6118,8.0983,8.5368
maze,holo_ens,5,-1.1878,6.9244,1.8129
maze,holo_ens,6,-20.5265,46.0242,12.6585
maze,holo_ens,7,1.9540,-2.0951,3.6219
maze,holo_ens,8,15.9107,-0.6572,6.9512
maze,holo_ens,9,-2.6489,6.7842,1.8749
maze,holo_ens,10,5.2331,5.8388,3.9555
maze,holo_ens,11,-14.3682,0.5731,2.0845
maze,holo_ens,12,-17.8808,7.0804,6.4284
maze,holo_ens,13,-5.7868,9.5774,3.1253
maze,holo_ens,14,-4.7638,-12.3383,5.1336
maze,holo_ens,15,-7.1876,1.4384,7.6801
maze,holo_ens,16,26.4931,11.0926,13.5737
maze,holo_ens,17,-10.7544,13.2685,8.5436
maze,holo_ens,18,-8.8899,1.1226,2.2797
maze,holo_ens,19,-14.9070,1.2989,2.2203
maze,holo_ens,20,0.9171,-3.7352,5.7218
maze,holo_ens,21,-5.3361,3.3526,2.8204
maze,holo_ens,22,-4.7525,3.1985,4.6258
maze,holo_ens,23,-8.2426,2.8188,2.9609
maze,holo_ens,24,1.7437,3.5916,2.3967
maze,holo_ens,25,-13.4252,-2.5088,7.2426
maze,holo_ens,26,3.6132,-2.5128,2.6261
maze,holo_ens,27,4.3716,8.6001,3.9502
maze,holo_ens,28,-16.6502,-14.9983,11.8719
maze,holo_ens,29,1.6442,4.4743,2.0698
maze,holo_ens,30,-8.9353,-2.9773,3.2722
maze,holo_ens,31,-13.3216,-3.8616,2.7544
maze,holo_ens,32,-14.6758,-13.0964,5.2623
maze,holo_ens,33,-11.2010,1.3963,3.6495
maze,holo_ens,34,-10.6748,-2.4759,2.6852
maze,holo_ens,35,-15.8419,-7.1279,6.1055
maze,holo_ens,36,-20.0359,-3.6250,3.7665
maze,holo_ens,37,-11.6938,1.3722,1.7946
maze,holo_ens,38,-3.7702,1.4846,2.2753
maze,holo_ens,39,-10.0327,0.4556,2.9267
maze,holo_ens,40,-4.1955,4.5845,4.5661
maze,holo_ens,41,-6.8829,-4.2282,3.4761
maze,holo_ens,42,-26.3837,36.3905,8.2645
maze,holo_ens,43,-2.8889,-3.3986,2.2855
maze,holo_ens,44,0.6437,0.6176,3.0110
maze,holo_ens,45,-7.6783,3.0259,2.4280
maze,holo_ens,46,-9.0967,4.7190,3.6977
maze,holo_ens,47,-7.9601,3.1064,1.6386
maze,holo_ens,48,-18.2357,6.4658,2.8354
maze,holo_ens,49,-3.4143,-1.0673,6.7292
maze,holo_ens,50,1.5018,2.8538,1.6511
maze,holo_ens,51,-9.7402,12.8654,9.7054
maze,holo_ens,52,2.5538,10.7461,5.1340
maze,holo_ens,53,-7.7905,4.1976,3.6151
maze,holo_ens,54,5.5714,-0.2741,3.2535
maze,holo_ens,55,-5.1245,4.9651,5.9650
maze,holo_ens,56,-26.2679,18.5782,7.6291
maze,holo_ens,57,-14.3587,-10.0226,2.4327
maze,holo_ens,58,-12.0403,-1.3469,1.6299
maze,holo_ens,59,-4.0481,6.3887,3.0730
maze,holo_ens,60,-3.7529,-3.6249,1.9499
maze,holo_ens,61,6.2939,-0.0582,6.3286
maze,holo_ens,62,-5.8893,2.6450,1.6869
maze,holo_ens,63,-15.9805,-6.1053,2.3970
maze,holo_ens,64,0.3951,2.3555,1.2997
maze,holo_ens,65,-1.3280,6.9885,4.5498
maze,holo_ens,66,-9.5171,5.8335,2.4340
maze,holo_ens,67,-4.2139,0.1415,4.6768
maze,holo_ens,68,-3.4868,19.3879,5.8192
maze,holo_ens,69,-3.1327,3.6005,1.4021
maze,holo_ens,70,-2.6757,-10.3533,7.6981
maze,holo_ens,71,7.6789,30.8735,7.2627
maze,holo_ens,72,-3.9011,2.7708,2.4175
maze,holo_ens,73,34.2183,22.4521,10.4410
maze,holo_ens,74,1.5308,-0.1541,2.0559
maze,holo_ens,75,6.2622,-17.5164,9.7834
maze,holo_ens,76,-4.7858,6.5015,1.8574
maze,holo_ens,77,-13.4316,23.5264,7.7473
maze,holo_ens,78,4.4846,-0.8079,3.6721
maze,holo_ens,79,6.2453,2.5748,3.9236
maze,holo_ens,80,-10.6088,6.2319,6.3696
maze,holo_ens,81,-19.4296,5.7027,2.7146
maze,holo_ens,82,4.8196,6.6992,2.5288
maze,holo_ens,83,-12.0652,-0.6139,1.6591
maze,holo_ens,84,0.1013,-2.3561,2.4174
maze,holo_ens,85,20.2750,-3.0416,10.6981
maze,holo_ens,86,-14.1295,0.2688,4.1348
rok,apo_ref,0,-8.0679,-0.2366,0.5340
rok,apo_ref,1,-7.6668,-3.4421,0.2702
rok,apo_ref,2,-5.7780,-0.3917,0.2298
rok,apo_ref,3,-6.6513,-0.2622,0.3458
rok,apo_ref,4,-7.6634,-1.2739,0.3519
rok,apo_ref,5,-5.2962,-0.2326,0.2932
rok,apo_ref,6,-6.3879,-2.8002,0.2308
rok,apo_ref,7,-7.6775,-2.4883,0.3347
rok,apo_ref,8,-7.9740,-2.0251,0.3179
rok,apo_ref,9,-5.7857,4.6223,0.4227
rok,apo_ref,10,-5.5641,1.2277,0.3863
rok,apo_ref,11,-5.7649,3.7996,0.4927
rok,apo_ref,12,-6.2634,1.3782,0.3345
rok,apo_ref,13,-4.8011,3.5738,0.3273
rok,apo_ref,14,-7.5892,-3.0433,0.2288
rok,apo_ref,15,-6.4407,-0.4831,0.4011
rok,apo_ref,16,-6.1592,-2.0902,0.4502
rok,apo_ref,17,-7.0874,-2.1435,0.2648
rok,apo_ref,18,-5.8862,2.2426,0.4323
rok,apo_ref,19,-5.9680,5.0157,0.3667
rok,holo_ref,0,7.5013,-1.4834,0.3061
rok,holo_ref,1,7.7820,-0.9589,0.2572
rok,holo_ref,2,6.0778,2.7803,0.4221
rok,holo_ref,3,6.2714,0.2510,0.3528
rok,holo_ref,4,7.3964,-1.8637,0.4577
rok,holo_ref,5,4.1612,2.4117,0.3451
rok,holo_ref,6,4.6291,0.6742,0.4434
rok,holo_ref,7,7.7259,0.2935,0.3775
rok,holo_ref,8,6.0682,-0.7199,0.3932
rok,holo_ref,9,6.8153,-1.8432,0.3749
rok,holo_ref,10,6.1977,-1.9638,0.3495
rok,holo_ref,11,8.2851,-0.7311,0.4303
rok,holo_ref,12,6.7260,2.9903,0.3520
rok,holo_ref,13,8.4376,-1.8555,0.4006
rok,holo_ref,14,5.9860,1.3914,0.3853
rok,holo_ref,15,6.7465,-2.6835,0.6320
rok,holo_ref,16,4.5016,0.9226,0.4735
rok,holo_ref,17,6.5609,-0.3150,0.2823
rok,holo_ref,18,3.6164,0.9716,0.7029
rok,holo_ref,19,8.9865,0.7839,0.4193
rok,apo_ens,0,-5.3981,3.2720,1.7390
rok,apo_ens,1,-2.4022,2.7924,2.9763
rok,apo_ens,2,-4.4255,1.1237,1.1505
rok,apo_ens,3,-3.5981,1.6891,1.6955
rok,apo_ens,4,-3.2150,-0.8121,1.4810
rok,apo_ens,5,-3.3890,-0.3198,1.6288
rok,apo_ens,6,-7.2851,-0.1827,0.9722
rok,apo_ens,7,-6.3741,-3.2681,1.4477
rok,apo_ens,8,-6.9848,-3.6231,1.1461
rok,apo_ens,9,-2.2473,1.8401,2.3562
rok,apo_ens,10,-6.2865,-2.7633,1.3591
rok,apo_ens,11,-3.7046,1.1945,0.6656
rok,apo_ens,12,-4.9009,0.3364,1.3253
rok,apo_ens,13,-2.8195,1.7584,2.6001
rok,apo_ens,14,-5.9802,0.9154,1.8582
rok,apo_ens,15,-5.7284,-2.7787,0.7092
rok,apo_ens,16,-6.3603,2.8742,2.3261
rok,apo_ens,17,6.1600,-4.4262,5.8850
rok,apo_ens,18,-6.2634,1.9951,1.7722
rok,apo_ens,19,-7.6327,-0.6815,1.7370
rok,apo_ens,20,-7.8940,-1.6262,1.9002
rok,apo_ens,21,-4.8890,0.8050,1.7391
rok,apo_ens,22,-6.3662,-0.3028,1.3260
rok,apo_ens,23,-8.2854,-1.4681,2.0697
rok,apo_ens,24,-5.6982,0.3701,1.8415
rok,apo_ens,25,-8.9750,-3.1533,1.9431
rok,apo_ens,26,-13.4616,-5.3447,4.4651
rok,apo_ens,27,-6.1145,-0.4109,1.4820
rok,apo_ens,28,-1.3600,1.9730,1.1508
rok,apo_ens,29,-7.6240,-0.4103,1.0152
rok,apo_ens,30,-5.0785,-2.3943,0.8981
rok,apo_ens,31,-4.6640,-0.3301,1.0182
rok,apo_ens,32,-3.5911,0.5498,1.6620
rok,apo_ens,33,-4.9694,1.9496,2.3851
rok,apo_ens,34,-4.7874,-1.8170,1.3035
rok,apo_ens,35,-6.0425,-0.1717,1.2753
rok,apo_ens,36,-3.9836,0.5401,1.1995
rok,apo_ens,37,-4.0566,0.5861,1.2232
rok,apo_ens,38,-6.8539,-0.2531,1.1041
rok,apo_ens,39,-2.1472,-1.3417,1.4724
rok,apo_ens,40,-4.6195,-0.7950,1.3186
rok,apo_ens,41,-2.7739,-0.4880,1.1555
rok,apo_ens,42,-4.9575,0.7293,1.7660
rok,apo_ens,43,-4.8074,0.3760,0.9459
rok,apo_ens,44,-4.7162,-0.0362,2.1789
rok,apo_ens,45,-8.4445,-1.9432,1.4341
rok,apo_ens,46,-2.6412,1.1237,2.2087
rok,apo_ens,47,-4.7863,2.2463,2.5493
rok,apo_ens,48,-4.8738,0.2901,1.2483
rok,apo_ens,49,-5.9043,-0.5924,0.7644
rok,apo_ens,50,-2.7146,0.9395,1.3007
rok,apo_ens,51,-7.9610,0.3302,2.1819
rok,apo_ens,52,-7.3393,-1.6144,1.8840
rok,apo_ens,53,-5.1824,-0.8944,1.4481
rok,apo_ens,54,-6.7993,-1.6621,0.6682
rok,apo_ens,55,-6.4491,-0.8963,1.5986
rok,apo_ens,56,-2.2347,1.6783,2.1733
rok,apo_ens,57,-7.3292,1.6987,2.4921
rok,apo_ens,58,-5.9109,-1.0715,1.6794
rok,apo_ens,59,-11.1527,-7.6469,10.1273
rok,apo_ens,60,-7.4084,-2.5270,0.9258
rok,apo_ens,61,-5.9494,0.0816,2.2139
rok,apo_ens,62,-4.4234,-0.5572,1.8275
rok,apo_ens,63,-5.6687,-2.2988,0.8592
rok,apo_ens,64,-7.9197,-3.3514,1.4575
rok,apo_ens,65,-6.1772,0.2430,2.2091
rok,apo_ens,66,-0.6761,-1.5327,1.3769
rok,apo_ens,67,-8.0095,30.0252,7.3445
rok,apo_ens,68,-8.3626,-3.4710,1.4449
rok,apo_ens,69,-4.1912,-1.6451,1.1827
rok,apo_ens,70,-9.1085,-6.0702,1.2317
rok,apo_ens,71,-6.4832,-0.7952,1.4455
rok,apo_ens,72,-5.6020,-0.5485,1.0874
rok,apo_ens,73,-6.2423,-2.8242,0.9458
rok,apo_ens,74,-6.9782,-1.2958,1.3735
rok,apo_ens,75,-6.7686,-0.1631,0.8674
rok,apo_ens,76,-7.9339,1.0955,1.0452
rok,apo_ens,77,-2.8407,-2.2646,0.9822
rok,apo_ens,78,-4.1478,-0.7971,1.9034
rok,apo_ens,79,-7.5349,4.1130,1.2582
rok,apo_ens,80,-7.4284,-1.0462,1.5293
rok,apo_ens,81,-6.3277,0.6050,2.1640
rok,apo_ens,82,-5.8549,-1.5310,1.1941
rok,apo_ens,83,-5.9769,-1.2626,1.2862
rok,apo_ens,84,-7.7500,0.2648,1.4344
rok,apo_ens,85,-25.6448,-1.1643,6.6600
rok,apo_ens,86,-8.5880,-0.8627,2.2618
rok,apo_ens,87,-7.2599,-1.9748,1.6240
rok,apo_ens,88,-13.5925,7.9997,6.4530
rok,apo_ens,89,-3.4108,-1.2402,1.6172
rok,apo_ens,90,-6.7725,-0.3473,2.1322
rok,apo_ens,91,-5.1539,0.0822,0.7709
rok,apo_ens,92,-4.0997,0.5974,1.3772
rok,apo_ens,93,-6.5799,-3.9434,0.9864
rok,apo_ens,94,-4.7335,-2.3998,1.3056
rok,apo_ens,95,-4.2283,1.2220,1.9009
rok,apo_ens,96,-4.7473,-0.5681,2.2628
rok,apo_ens,97,-5.0692,-0.2544,1.7087
rok,apo_ens,98,-4.3043,0.0984,1.1464
rok,apo_ens,99,-6.1394,-0.1747,1.6909
rok,holo_ens,0,-7.2180,-0.6572,2.5418
rok,holo_ens,1,-5.7560,-0.6958,0.5199
rok,holo_ens,2,-7.9499,-0.0847,2.5429
rok,holo_ens,3,-3.6406,0.4728,0.9392
rok,holo_ens,4,-2.2147,-0.9651,0.9026
rok,holo_ens,5,-9.0536,-0.2211,0.9412
rok,holo_ens,6,-7.3661,-2.7038,1.1207
rok,holo_ens,7,-4.7059,-1.0045,2.1544
rok,holo_ens,8,-6.2231,-1.0294,1.4147
rok,holo_ens,9,-4.5272,-1.3116,1.0042
rok,holo_ens,10,-5.7668,0.5425,1.5968
rok,holo_ens,11,-4.8242,-1.6750,0.9198
rok,holo_ens,12,-4.1505,-0.3979,1.3246
rok,holo_ens,13,-3.9888,1.4922,1.0489
rok,holo_ens,14,-4.1360,-0.1776,1.9333
rok,holo_ens,15,-7.0476,-0.3018,1.5459
rok,holo_ens,16,-7.2337,-2.2594,1.5699
rok,holo_ens,17,-7.8937,-2.9655,0.8212
rok,holo_ens,18,-6.8136,-1.7212,0.9376
rok,holo_ens,19,-6.3181,0.3994,2.1883
rok,holo_ens,20,-10.4135,-1.7267,1.0737
rok,holo_ens,21,-7.6675,1.2807,1.1177
rok,holo_ens,22,-1.3085,0.6493,1.3253
rok,holo_ens,23,-6.0245,-1.8637,0.8213
rok,holo_ens,24,-6.9663,-1.6909,0.8556
rok,holo_ens,25,-9.4229,-3.1932,1.6872
rok,holo_ens,26,-7.0020,-0.1135,1.0426
rok,holo_ens,27,-3.6773,-1.8768,0.9945
rok,holo_ens,28,-3.3363,1.7275,1.9508
rok,holo_ens,29,-7.8356,0.0395,1.0716
rok,holo_ens,30,-8.1700,-2.7297,1.1727
rok,holo_ens,31,-5.7301,0.7531,1.6521
rok,holo_ens,32,-5.6389,-0.5976,0.9991
rok,holo_ens,33,-9.9039,-2.5071,1.1760
rok,holo_ens,34,-5.8412,-1.6897,1.9344
rok,holo_ens,35,-4.8366,-1.4793,1.1508
rok,holo_ens,36,-4.4070,-0.9550,0.7561
rok,holo_ens,37,25.7320,35.0565,11.8664
rok,holo_ens,38,-9.6235,-1.5808,1.8580
rok,holo_ens,39,-7.6411,-1.4711,1.0925
rok,holo_ens,40,-8.1286,-1.2726,1.0185
rok,holo_ens,41,-7.2583,1.1467,2.2192
rok,holo_ens,42,-4.6652,1.1931,1.6787
rok,holo_ens,43,-8.1228,-1.6340,2.3713
rok,holo_ens,44,-5.7809,1.4062,1.5789
rok,holo_ens,45,-7.0490,-1.2525,1.6614
rok,holo_ens,46,-7.8652,0.7071,1.2305
rok,holo_ens,47,-7.3998,-1.7107,1.1114
rok,holo_ens,48,-7.9989,-1.1590,0.8574
rok,holo_ens,49,-11.2425,0.4228,1.4531
rok,holo_ens,50,-4.3207,0.4594,1.5406
rok,holo_ens,51,-6.7644,-1.9994,1.5026
rok,holo_ens,52,-6.0613,-0.2769,2.0253
rok,holo_ens,53,-4.2219,-0.1438,1.2552
rok,holo_ens,54,-8.8878,-0.5699,1.7186
rok,holo_ens,55,-8.2545,-0.1738,1.9869
rok,holo_ens,56,-10.8064,-0.6927,1.5280
rok,holo_ens,57,-4.3560,1.1208,0.9974
rok,holo_ens,58,-2.9150,0.2327,0.9081
rok,holo_ens,59,-4.6824,1.8859,0.8721
rok,holo_ens,60,-6.9316,-1.2788,1.0979
rok,holo_ens,61,-4.9931,-2.0384,1.6221
rok,holo_ens,62,-7.6910,-2.4410,2.3812
rok,holo_ens,63,-5.1671,-0.5828,2.2429
rok,holo_ens,64,-6.1788,0.0450,1.9164
rok,holo_ens,65,-10.8875,-0.5329,1.1482
rok,holo_ens,66,-4.6739,-1.6708,0.8644
rok,holo_ens,67,-4.3161,-2.0801,0.8041
rok,holo_ens,68,-5.7719,-0.0324,1.2885
rok,holo_ens,69,-5.4707,-1.6643,0.8451
rok,holo_ens,70,-8.0102,0.0868,1.2437
rok,holo_ens,71,-7.3529,-1.4653,0.7929
rok,holo_ens,72,-4.1331,0.3244,1.0552
rok,holo_ens,73,-8.9425,-0.3564,1.8448
rok,holo_ens,74,-6.9943,-2.2415,1.3093
c01,apo_ref,0,-9.2196,-8.6606,0.6214
c01,apo_ref,1,-6.1361,-6.0891,0.6955
c01,apo_ref,2,-13.7570,16.0080,0.9694
c01,apo_ref,3,-8.3811,-6.2897,0.8700
c01,apo_ref,4,-12.5063,1.5509,0.6876
c01,apo_ref,5,-10.4911,-8.3428,0.7255
c01,apo_ref,6,-9.6952,0.8565,0.7800
c01,apo_ref,7,-9.6182,-6.4918,0.6820
c01,apo_ref,8,-14.4828,9.2421,0.9255
c01,apo_ref,9,-8.4475,-1.8226,0.6316
c01,apo_ref,10,-14.9795,9.5261,0.6818
c01,apo_ref,11,-7.8152,-6.6140,0.7207
c01,apo_ref,12,-11.0494,-3.4478,1.5149
c01,apo_ref,13,-14.9388,9.3376,0.7386
c01,apo_ref,14,-6.0841,-5.6358,0.6568
c01,apo_ref,15,-14.5294,13.7497,0.8522
c01,apo_ref,16,-8.9023,-4.6909,0.8231
c01,apo_ref,17,-7.3908,5.5014,0.8796
c01,apo_ref,18,-9.2127,5.4981,0.9456
c01,apo_ref,19,-9.8173,-4.2716,0.7524
c01,apo_ref,20,-8.9149,-7.4077,0.6070
c01,apo_ref,21,-7.6834,-7.3299,0.7827
c01,apo_ref,22,-7.2976,-2.6007,0.6629
c01,apo_ref,23,-8.1632,-4.1634,1.0437
c01,apo_ref,24,-8.8542,-4.6127,0.6020
c01,apo_ref,25,-10.3976,-1.0444,0.4250
c01,holo_ref,0,10.5101,1.6191,0.3407
c01,holo_ref,1,9.8869,1.4942,0.3707
c01,holo_ref,2,10.5082,-0.8495,0.4310
c01,holo_ref,3,10.9195,0.9839,0.3859
c01,holo_ref,4,8.4721,1.0449,0.4418
c01,holo_ref,5,10.5641,0.2951,0.3054
c01,holo_ref,6,10.5476,-0.1701,0.3853
c01,holo_ref,7,9.9954,0.7567,0.3285
c01,holo_ref,8,10.4361,1.2732,0.3786
c01,holo_ref,9,11.6234,-0.0917,0.3145
c01,holo_ref,10,9.8242,1.2301,0.3282
c01,holo_ref,11,10.1325,1.4650,0.3019
c01,holo_ref,12,10.2686,1.6189,0.3894
c01,holo_ref,13,10.4725,0.0705,0.2919
c01,holo_ref,14,9.8835,0.2380,0.4355
c01,holo_ref,15,10.5869,0.3816,0.2340
c01,holo_ref,16,11.0030,-0.5429,0.3511
c01,holo_ref,17,9.9573,1.2101,0.3584
c01,holo_ref,18,10.7571,-0.0563,0.3146
c01,holo_ref,19,10.4018,1.9743,0.3836
c01,holo_ref,20,10.1760,2.1254,0.3962
c01,holo_ref,21,10.7277,0.4345,0.3104
c01,holo_ref,22,10.3269,1.0636,0.2896
c01,holo_ref,23,10.5642,1.5242,0.3466
c01,holo_ref,24,10.2194,-0.8479,0.3336
c01,apo_ens,0,8.5364,-1.8402,1.0822
c01,apo_ens,1,2.0544,0.3671,1.8829
c01,apo_ens,2,2.3110,2.7450,1.5308
c01,apo_ens,3,11.0384,-4.2011,1.3456
c01,apo_ens,4,-14.4312,40.8353,14.9441
c01,apo_ens,5,20.1511,-8.9756,9.0627
c01,apo_ens,6,22.7267,5.0095,16.0597
c01,apo_ens,7,-14.1082,26.5962,10.6929
c01,apo_ens,8,2.1841,-11.0593,3.2471
c01,apo_ens,9,8.4420,-1.7852,3.0262
c01,apo_ens,10,47.9289,16.4003,13.8992
c01,apo_ens,11,2.6117,17.4664,10.1693
c01,apo_ens,12,-0.1868,3.1134,2.2982
c01,apo_ens,13,4.5496,-4.3683,1.7191
c01,apo_ens,14,7.0662,-6.7081,12.6725
c01,apo_ens,15,5.4925,7.6521,1.4018
c01,apo_ens,16,6.8312,0.3509,1.4459
c01,apo_ens,17,-2.3383,-5.2494,4.6933
c01,apo_ens,18,0.2862,1.0689,2.1434
c01,apo_ens,19,-4.7693,4.5565,2.9512
c01,apo_ens,20,5.7280,-2.8025,1.2648
c01,apo_ens,21,7.2479,6.5999,1.3241
c01,apo_ens,22,35.4167,18.4729,18.3325
c01,apo_ens,23,-5.3605,35.4520,9.9650
c01,apo_ens,24,9.0773,-1.9231,2.3104
c01,apo_ens,25,-13.4347,20.7386,11.1711
c01,apo_ens,26,8.2495,7.5102,2.6050
c01,apo_ens,27,6.9592,4.5362,1.2576
c01,apo_ens,28,10.9327,2.0687,1.3677
c01,apo_ens,29,9.0159,1.1490,1.0225
c01,apo_ens,30,4.6641,-0.5804,1.3154
c01,apo_ens,31,3.3226,0.6996,1.1875
c01,apo_ens,32,1.7231,-0.8806,1.4108
c01,apo_ens,33,41.5416,1.1116,13.2946
c01,apo_ens,34,10.7235,-17.1472,15.3887
c01,apo_ens,35,10.2686,-0.8169,1.4529
c01,apo_ens,36,8.0289,12.4552,9.6735
c01,apo_ens,37,-46.2342,39.2284,20.6523
c01,apo_ens,38,-15.5733,-18.1706,10.6096
c01,apo_ens,39,13.1753,21.6313,8.2934
c01,apo_ens,40,8.6400,-4.5358,1.5839
c01,apo_ens,41,11.2112,-10.3163,2.2791
c01,apo_ens,42,6.0225,4.6464,1.0008
c01,apo_ens,43,18.8474,-1.7454,6.4627
c01,apo_ens,44,9.3215,-8.0369,4.0591
c01,apo_ens,45,6.9584,-0.8763,4.9890
c01,apo_ens,46,3.0291,7.1660,3.3652
c01,apo_ens,47,4.6163,-2.9856,2.7602
c01,apo_ens,48,10.0126,-1.4956,1.4916
c01,apo_ens,49,2.5328,-5.7982,3.6215
c01,apo_ens,50,13.7485,-2.4690,14.2255
c01,apo_ens,51,2.3076,2.0112,3.3112
c01,apo_ens,52,7.5681,-1.7611,1.4018
c01,apo_ens,53,11.0018,-10.3447,1.9983
c01,apo_ens,54,-2.0878,-5.3738,3.5082
c01,apo_ens,55,8.8612,-3.0433,1.0786
c01,apo_ens,56,6.7569,9.9318,8.2953
c01,apo_ens,57,9.4541,2.8984,1.0654
c01,apo_ens,58,-4.3229,32.6169,10.4066
c01,apo_ens,59,7.7600,-1.1684,1.1674
c01,apo_ens,60,7.7060,-3.6239,1.6047
c01,apo_ens,61,12.0307,-4.0121,1.5300
c01,apo_ens,62,5.5657,4.9520,1.1857
c01,apo_ens,63,12.0336,-7.0930,1.3648
c01,apo_ens,64,15.3000,6.1887,11.7335
c01,apo_ens,65,2.8517,16.2251,2.8312
c01,apo_ens,66,2.7723,-3.3200,3.0788
c01,apo_ens,67,11.7229,1.0303,1.1471
c01,apo_ens,68,7.8030,3.4560,2.3375
c01,apo_ens,69,6.0154,2.5354,0.9959
c01,apo_ens,70,23.1460,-15.9214,13.5614
c01,apo_ens,71,7.0957,4.0791,11.7847
c01,apo_ens,72,24.4322,7.7645,11.1229
c01,apo_ens,73,15.0619,-6.8305,14.7993
c01,apo_ens,74,-4.8918,7.6986,16.0383
c01,apo_ens,75,12.6382,-1.4595,1.6444
c01,apo_ens,76,11.7855,-4.4711,3.1837
c01,apo_ens,77,10.9418,-2.1850,1.1310
c01,apo_ens,78,-10.0616,30.5456,7.8724
c01,apo_ens,79,-4.6469,20.2336,12.5159
c01,apo_ens,80,5.0296,-1.7662,11.2763
c01,apo_ens,81,11.3103,-8.5107,1.8830
c01,apo_ens,82,10.1711,-7.4664,2.2060
c01,apo_ens,83,24.6733,10.5034,5.2884
c01,apo_ens,84,12.5259,-1.0970,14.1751
c01,apo_ens,85,-2.5867,28.9444,9.4417
c01,apo_ens,86,-3.9981,-5.7355,7.5291
c01,apo_ens,87,-0.7472,-4.9191,6.9963
c01,apo_ens,88,4.9596,-0.5072,2.0164
c01,apo_ens,89,10.8567,-0.1081,1.1551
c01,apo_ens,90,-0.9862,1.9436,7.1524
c01,apo_ens,91,11.2830,-8.7723,4.6337
c01,apo_ens,92,5.0670,-2.2287,2.0495
c01,apo_ens,93,-4.6516,7.3315,1.6263
c01,apo_ens,94,8.4949,0.7608,6.9958
c01,apo_ens,95,10.4298,-2.5585,1.8604
c01,apo_ens,96,11.1423,2.1300,1.1980
c01,apo_ens,97,10.7074,-1.0605,1.3117
c01,apo_ens,98,-2.0612,15.6037,2.3811
c01,apo_ens,99,5.3476,-9.0440,2.2459
c01,holo_ens,0,-0.3754,16.7674,16.0458
c01,holo_ens,1,6.2291,-2.5307,1.3227
c01,holo_ens,2,5.7163,0.7204,1.2343
c01,holo_ens,3,5.0757,4.2797,3.4973
c01,holo_ens,4,16.4504,7.6603,11.3177
c01,holo_ens,5,8.5428,-6.6953,14.5359
c01,holo_ens,6,7.5645,0.6589,1.5616
c01,holo_ens,7,3.7856,-1.3610,6.7697
c01,holo_ens,8,21.2413,-6.9571,3.1307
c01,holo_ens,9,6.1751,5.0921,1.5452
c01,holo_ens,10,9.3134,-6.0648,2.4800
c01,holo_ens,11,12.0618,-0.1977,1.9280
c01,holo_ens,12,-2.3396,16.8847,12.9260
c01,holo_ens,13,21.1738,1.1694,10.5850
c01,holo_ens,14,20.3669,1.8621,9.7887
c01,holo_ens,15,8.4860,-7.5386,5.3698
c01,holo_ens,16,3.7188,8.7876,1.6698
c01,holo_ens,17,9.1209,-1.7005,1.5529
c01,holo_ens,18,7.5635,-3.2449,0.9416
c01,holo_ens,19,9.5349,0.8519,1.2986
c01,holo_ens,20,17.3917,-8.0748,15.4587
c01,holo_ens,21,-7.9687,12.8383,5.2681
c01,holo_ens,22,10.3705,-4.7093,1.2946
c01,holo_ens,23,21.0712,-0.6325,13.4672
c01,holo_ens,24,8.2295,-2.8337,1.2552
c01,holo_ens,25,5.3779,4.6542,1.2496
c01,holo_ens,26,8.2954,0.6917,0.9111
c01,holo_ens,27,23.3463,11.9632,17.4211
c01,holo_ens,28,11.8212,-4.1396,1.3634
c01,holo_ens,29,-13.2276,0.7656,12.1397
c01,holo_ens,30,12.1243,-12.2958,9.1826
c01,holo_ens,31,7.8566,1.0744,1.7721
c01,holo_ens,32,-15.0604,-8.8520,6.1805
c01,holo_ens,33,1.1253,-1.5038,1.4186
c01,holo_ens,34,4.2099,-1.3883,1.3983
c01,holo_ens,35,0.4152,17.5961,9.0533
c01,holo_ens,36,7.6020,2.5319,2.5159
c01,holo_ens,37,4.6045,-0.2158,11.0651
c01,holo_ens,38,8.1425,-1.6504,1.2385
c01,holo_ens,39,18.1559,13.2572,10.3291
c01,holo_ens,40,5.9674,-4.4743,2.4170
c01,holo_ens,41,9.7007,-2.8157,1.4019
c01,holo_ens,42,-13.2611,34.1225,12.8325
c01,holo_ens,43,5.0800,-3.2786,1.5723
c01,holo_ens,44,9.3168,5.6483,1.3789
c01,holo_ens,45,4.5601,3.3242,1.7077
c01,holo_ens,46,5.4067,-8.4455,1.7481
c01,holo_ens,47,8.0708,-0.7265,0.9682
c01,holo_ens,48,8.7128,-1.6767,1.1927
c01,holo_ens,49,10.2746,-4.5664,2.0331
c01,holo_ens,50,6.8604,1.0808,1.5802
c01,holo_ens,51,26.2096,30.4233,17.1674
c01,holo_ens,52,3.8906,-1.4344,4.0762
c01,holo_ens,53,29.4640,1.2337,15.7742
c01,holo_ens,54,9.0206,-9.6783,2.0212
c01,holo_ens,55,-5.6469,18.3725,10.0810
c01,holo_ens,56,0.1379,-9.4219,1.7106
c01,holo_ens,57,10.2888,-4.7566,1.1317
c01,holo_ens,58,9.2761,-5.3876,1.3303
c01,holo_ens,59,-0.0890,3.6234,6.4268
c01,holo_ens,60,7.0571,0.9452,1.5888
c01,holo_ens,61,6.8345,0.5827,1.1292
c01,holo_ens,62,6.6052,3.2369,1.6265
c01,holo_ens,63,-14.6897,2.5927,17.5737
c01,holo_ens,64,7.6016,-6.2081,1.4656
c01,holo_ens,65,7.8293,5.5809,1.4040
c01,holo_ens,66,-3.7338,-10.3534,5.1772
c01,holo_ens,67,7.5049,2.1948,1.0765
c01,holo_ens,68,13.5896,3.6524,12.3926
c01,holo_ens,69,-5.4243,4.6069,5.1851
c01,holo_ens,70,8.7408,-0.8092,1.4900
c01,holo_ens,71,-1.0543,0.1290,8.7205
c01,holo_ens,72,1.5013,-2.5109,1.2454
c01,holo_ens,73,-10.5386,22.9536,8.6924
c01,holo_ens,74,8.5724,-0.0274,1.4040
c01,holo_ens,75,3.7930,4.2050,1.9830
c01,holo_ens,76,6.8084,-2.2005,1.3685
c01,holo_ens,77,14.1081,-8.2484,1.6026
c01,holo_ens,78,9.2217,-0.4949,1.5112
c01,holo_ens,79,12.5615,2.8844,9.3227
c01,holo_ens,80,-2.6457,-9.5736,3.9145
c01,holo_ens,81,1.3966,21.4060,7.5027
c01,holo_ens,82,9.0138,-4.8610,1.3998
c01,holo_ens,83,8.9617,-1.1097,1.5391
c01,holo_ens,84,15.8822,19.9445,10.9994
c01,holo_ens,85,12.6961,14.6788,8.3751
c01,holo_ens,86,0.9075,-0.7293,2.9348
c01,holo_ens,87,-3.0448,1.5116,1.9148
c01,holo_ens,88,6.0446,-3.9297,2.0008
c01,holo_ens,89,10.2001,-4.1973,1.1694
c01,holo_ens,90,4.7555,-4.3348,2.5495
c01,holo_ens,91,17.1325,19.0425,11.2244
c01,holo_ens,92,7.5013,-0.2768,1.4052
c01,holo_ens,93,7.1802,-23.8738,13.1225
c01,holo_ens,94,9.6303,-3.9998,1.0701
c01,holo_ens,95,28.3270,8.2550,9.2192
c01,holo_ens,96,8.0109,1.3573,2.0389
c01,holo_ens,97,2.7341,1.1227,2.0880
c01,holo_ens,98,4.6946,2.4196,1.5031
c01,holo_ens,99,7.0141,-2.3469,1.2153
c03,apo_ref,0,-2.6891,4.4957,0.3310
c03,apo_ref,1,-1.5959,-2.4341,0.3778
c03,apo_ref,2,-1.0461,-2.6838,0.2619
c03,apo_ref,3,-3.4702,-0.2891,0.3722
c03,apo_ref,4,-2.7385,6.4744,0.4444
c03,apo_ref,5,-2.5869,2.0268,0.4873
c03,apo_ref,6,-0.9605,-5.0626,0.2498
c03,apo_ref,7,-0.0499,-3.6593,0.4069
c03,apo_ref,8,-0.0513,1.8358,0.5383
c03,apo_ref,9,-2.4833,5.2402,0.6175
c03,apo_ref,10,-3.6017,2.5123,0.3471
c03,apo_ref,11,0.2890,-2.8603,0.3941
c03,apo_ref,12,-2.9867,-7.4320,0.2325
c03,apo_ref,13,-5.7833,2.5478,0.4335
c03,apo_ref,14,-3.7542,2.1609,0.3052
c03,apo_ref,15,-1.8141,2.0919,0.5448
c03,apo_ref,16,-0.6280,3.0552,0.4405
c03,apo_ref,17,-5.6104,-2.0196,0.4106
c03,apo_ref,18,-3.1206,-0.8643,0.4291
c03,apo_ref,19,-1.2090,1.5933,0.3809
c03,apo_ref,20,-5.3037,-0.5281,0.3170
c03,apo_ref,21,-3.6287,5.5003,0.3868
c03,apo_ref,22,-3.7073,-7.6102,0.3343
c03,apo_ref,23,-0.4286,-3.3633,0.3352
c03,apo_ref,24,-0.8044,4.3775,0.4178
c03,apo_ref,25,-3.0241,4.3636,0.4153
c03,apo_ref,26,-2.1454,2.2769,0.3385
c03,apo_ref,27,-1.2761,-5.9025,0.3346
c03,apo_ref,28,-3.6370,2.2083,0.3367
c03,apo_ref,29,-2.1174,-4.1924,0.2861
c03,apo_ref,30,-0.5715,0.8034,0.3443
c03,apo_ref,31,-1.6688,-4.3857,0.3778
c03,apo_ref,32,-6.0879,1.7207,0.3598
c03,apo_ref,33,-2.4563,0.9368,0.4154
c03,apo_ref,34,-3.0586,-4.5210,0.2784
c03,apo_ref,35,-0.1514,-0.9143,0.3310
c03,apo_ref,36,-6.3749,0.5709,0.3302
c03,apo_ref,37,-3.6582,0.6403,0.3528
c03,apo_ref,38,-0.4371,-7.0310,0.4264
c03,apo_ref,39,-2.9867,-7.4320,0.2325
c03,apo_ref,40,-6.3608,1.8711,0.3362
c03,apo_ref,41,-6.0208,-0.7447,0.3964
c03,apo_ref,42,-1.5793,3.1012,0.3590
c03,apo_ref,43,1.3829,-1.5169,0.4070
c03,apo_ref,44,0.4513,-1.8552,0.3222
c03,apo_ref,45,-1.9734,-4.3917,0.3680
c03,apo_ref,46,-6.9223,4.2968,0.3784
c03,apo_ref,47,1.3423,0.5369,0.3672
c03,apo_ref,48,-3.6892,-3.6954,0.3454
c03,apo_ref,49,-2.7714,2.8912,0.3812
c03,holo_ref,0,1.7950,3.6980,0.7378
c03,holo_ref,1,3.6083,0.4694,0.6612
c03,holo_ref,2,4.2971,-1.5769,0.6102
c03,holo_ref,3,3.4646,5.2122,0.6924
c03,holo_ref,4,3.1335,0.5391,0.5490
c03,holo_ref,5,3.0841,2.0742,0.8135
c03,holo_ref,6,7.0248,2.0501,0.4899
c03,holo_ref,7,9.7693,0.8775,0.7292
c03,holo_ref,8,6.5060,2.7514,0.5469
c03,holo_ref,9,3.8023,1.0128,0.5173
c03,holo_ref,10,4.9693,1.2283,0.5448
c03,holo_ref,11,5.1711,1.2232,0.5350
c03,holo_ref,12,2.8329,4.1640,0.5053
c03,holo_ref,13,1.0123,0.6488,0.4810
c03,holo_ref,14,8.7922,-0.7214,0.8451
c03,holo_ref,15,6.8121,-0.4783,0.6061
c03,holo_ref,16,5.8370,-1.2133,0.5346
c03,holo_ref,17,6.7317,0.9136,0.7207
c03,holo_ref,18,4.4035,0.7411,0.5472
c03,holo_ref,19,4.8933,-1.2717,0.6618
c03,holo_ref,20,3.5849,-0.3947,0.5175
c03,holo_ref,21,6.3713,0.6679,0.5868
c03,holo_ref,22,5.7474,-3.5199,0.6213
c03,holo_ref,23,7.6159,-2.1089,0.5148
c03,holo_ref,24,4.2956,-1.7277,0.7330
c03,apo_ens,0,-3.8107,5.7967,1.7187
c03,apo_ens,1,-0.9894,2.2689,1.0101
c03,apo_ens,2,3.4713,3.7537,0.8304
c03,apo_ens,3,-8.4113,20.9301,6.3120
c03,apo_ens,4,-0.2432,-2.0155,1.0508
c03,apo_ens,5,5.6146,8.8126,1.7802
c03,apo_ens,6,2.4437,-0.8925,0.9591
c03,apo_ens,7,2.0876,-6.2872,0.9419
c03,apo_ens,8,-1.3936,-2.2960,0.8021
c03,apo_ens,9,1.9211,1.9688,1.1995
c03,apo_ens,10,-15.4019,6.8285,1.7624
c03,apo_ens,11,-0.1259,-0.1616,0.8536
c03,apo_ens,12,1.6015,0.8970,0.8827
c03,apo_ens,13,1.9658,3.3116,0.8517
c03,apo_ens,14,2.9175,3.4288,0.7611
c03,apo_ens,15,-1.1594,-1.3054,0.8614
c03,apo_ens,16,1.3172,-0.9744,0.8544
c03,apo_ens,17,0.9680,-2.7923,1.0023
c03,apo_ens,18,-3.7209,1.6400,1.0714
c03,apo_ens,19,-2.6577,-13.6658,1.3468
c03,apo_ens,20,1.9382,-0.5667,0.7903
c03,apo_ens,21,2.0564,0.3818,0.9734
c03,apo_ens,22,1.4714,0.9771,0.8426
c03,apo_ens,23,3.6093,3.4600,1.2077
c03,apo_ens,24,2.7281,-1.6530,1.0368
c03,apo_ens,25,0.9147,2.2310,0.8210
c03,apo_ens,26,-0.8801,0.9917,1.0776
c03,apo_ens,27,-1.5515,0.9102,0.8755
c03,apo_ens,28,-3.4261,2.9969,2.5388
c03,apo_ens,29,2.9475,-0.0315,1.0231
c03,apo_ens,30,3.4894,-1.2095,1.0151
c03,apo_ens,31,-0.3895,6.6026,0.8572
c03,apo_ens,32,1.8035,-0.4902,0.9193
c03,apo_ens,33,2.1434,-2.5767,1.0745
c03,apo_ens,34,3.3173,2.0609,1.1161
c03,apo_ens,35,-0.8930,-2.1872,0.9558
c03,apo_ens,36,1.3212,4.3273,1.1145
c03,apo_ens,37,3.2566,3.8276,1.0445
c03,apo_ens,38,3.9635,-1.9730,0.9801
c03,apo_ens,39,-0.3591,5.3697,0.9324
c03,apo_ens,40,2.1325,0.5366,1.1785
c03,apo_ens,41,4.4372,4.0520,1.1917
c03,apo_ens,42,0.7146,0.2974,1.3500
c03,apo_ens,43,2.5513,1.4299,1.0946
c03,apo_ens,44,-1.4429,-4.9703,1.1784
c03,apo_ens,45,3.1027,2.7334,1.6035
c03,apo_ens,46,-1.4575,-4.4851,0.7152
c03,apo_ens,47,2.7687,-0.7386,0.8885
c03,apo_ens,48,-1.3599,2.6803,1.1217
c03,apo_ens,49,-0.4858,-1.0596,0.7741
c03,apo_ens,50,1.4871,-0.5716,0.8460
c03,apo_ens,51,0.9634,-2.2603,0.8037
c03,apo_ens,52,-1.6455,-0.1120,1.0956
c03,apo_ens,53,3.6066,-3.2502,0.9024
c03,apo_ens,54,-0.4139,2.2485,1.1454
c03,apo_ens,55,-0.2589,-5.6178,0.9092
c03,apo_ens,56,2.2288,2.1219,0.9911
c03,apo_ens,57,3.5111,3.8046,0.8875
c03,apo_ens,58,-9.5175,-0.0361,9.8659
c03,apo_ens,59,0.4316,2.9666,0.8955
c03,apo_ens,60,1.4452,-1.3362,1.1866
c03,apo_ens,61,1.2140,8.1720,0.9845
c03,apo_ens,62,-5.2211,-14.5764,1.2090
c03,apo_ens,63,-0.4916,3.1152,0.9839
c03,apo_ens,64,2.4076,0.6868,1.0664
c03,apo_ens,65,1.1781,1.4350,0.9041
c03,apo_ens,66,0.0754,-1.2312,0.8722
c03,apo_ens,67,0.6771,-0.9300,1.0573
c03,apo_ens,68,-9.1242,-7.4588,2.0785
c03,apo_ens,69,-19.3579,-8.1917,5.8367
c03,apo_ens,70,1.4874,-4.5095,0.8961
c03,apo_ens,71,1.2871,-0.7786,1.5283
c03,apo_ens,72,-1.4801,-1.9199,1.0498
c03,apo_ens,73,-0.8522,1.2738,0.8511
c03,apo_ens,74,0.4855,-7.8567,1.0275
c03,apo_ens,75,-16.7081,11.9509,2.0889
c03,apo_ens,76,2.6184,1.9163,0.8791
c03,apo_ens,77,-6.1128,-1.6816,0.8679
c03,apo_ens,78,0.9183,-1.8885,0.9027
c03,apo_ens,79,-0.5804,3.7888,1.0228
c03,apo_ens,80,-1.7629,0.1364,1.2357
c03,apo_ens,81,-2.1971,-2.7078,0.9386
c03,apo_ens,82,-0.6762,-0.0259,0.9349
c03,apo_ens,83,-1.8304,-1.7441,0.9985
c03,apo_ens,84,2.0424,3.6180,1.0276
c03,apo_ens,85,1.6612,8.7136,3.5003
c03,apo_ens,86,-1.6331,-1.0410,1.0303
c03,apo_ens,87,1.1348,-7.0662,1.3730
c03,apo_ens,88,2.8456,1.9789,0.8788
c03,apo_ens,89,2.4224,3.5843,1.1306
c03,apo_ens,90,1.3330,0.3717,0.8839
c03,apo_ens,91,-0.7495,-1.0211,0.9041
c03,apo_ens,92,1.5996,-3.1188,1.0683
c03,apo_ens,93,-4.1028,-11.1590,1.0069
c03,apo_ens,94,0.8094,-0.7350,0.9375
c03,apo_ens,95,-6.6276,-4.0637,0.9380
c03,apo_ens,96,0.3387,3.0274,0.9152
c03,apo_ens,97,0.4596,-2.7964,1.1388
c03,apo_ens,98,1.8854,-1.3061,1.1725
c03,apo_ens,99,-3.5890,-0.1844,1.2851
c03,holo_ens,0,-0.3481,1.8587,0.7616
c03,holo_ens,1,1.1583,3.6287,0.7316
c03,holo_ens,2,-5.5441,2.4252,1.0126
c03,holo_ens,3,14.6043,-6.4087,9.0319
c03,holo_ens,4,1.3693,1.5114,0.7301
c03,holo_ens,5,1.2305,6.0434,0.7397
c03,holo_ens,6,0.3498,1.8888,0.6977
c03,holo_ens,7,1.3861,-0.2185,0.7059
c03,holo_ens,8,-4.6473,5.0878,1.0003
c03,holo_ens,9,0.1510,0.3089,0.7487
c03,holo_ens,10,0.5276,1.7168,0.7505
c03,holo_ens,11,1.1417,0.4208,0.7205
c03,holo_ens,12,1.0024,0.9725,0.6127
c03,holo_ens,13,2.8263,-4.0365,0.7860
c03,holo_ens,14,1.0880,1.5280,0.7287
c03,holo_ens,15,2.6980,5.5626,0.9373
c03,holo_ens,16,1.3498,2.4092,0.7966
c03,holo_ens,17,0.8010,1.9783,0.7233
c03,holo_ens,18,2.8574,4.4919,0.7877
c03,holo_ens,19,1.5855,0.3944,0.6634
c03,holo_ens,20,-13.1730,1.2992,2.0186
c03,holo_ens,21,-8.9368,-2.8596,1.4389
c03,holo_ens,22,1.0419,1.9205,0.7601
c03,holo_ens,23,1.7714,1.4319,0.7001
c03,holo_ens,24,1.3602,2.5706,0.7477
c03,holo_ens,25,1.8113,6.1544,0.7761
c03,holo_ens,26,-25.1792,8.6933,3.0167
c03,holo_ens,27,0.6531,2.2466,0.7601
c03,holo_ens,28,-1.8258,5.8150,0.8426
c03,holo_ens,29,-1.5787,4.0882,0.7836
c03,holo_ens,30,1.3441,0.3551,0.6826
c03,holo_ens,31,-0.5085,-0.4174,0.7968
c03,holo_ens,32,1.8646,0.2975,0.6526
c03,holo_ens,33,2.9595,0.9749,0.7680
c03,holo_ens,34,1.3418,1.5594,0.7402
c03,holo_ens,35,-7.0772,9.9248,2.9428
c03,holo_ens,36,1.0810,3.9187,0.8045
c03,holo_ens,37,-12.5493,0.3351,1.3792
c03,holo_ens,38,1.2625,-0.4047,0.7285
c03,holo_ens,39,0.2818,4.9420,0.7466
c03,holo_ens,40,0.6255,2.3401,0.7367
c03,holo_ens,41,1.4455,-0.1004,0.8916
c03,holo_ens,42,2.1830,-0.5847,0.7884
c03,holo_ens,43,1.0098,0.0743,0.7348
c03,holo_ens,44,-1.4234,6.1197,0.8849
c03,holo_ens,45,2.3404,-1.0118,0.7920
c03,holo_ens,46,0.4463,2.6192,0.7382
c03,holo_ens,47,-0.1786,-0.0533,0.9031
c03,holo_ens,48,-0.6519,-7.9055,0.7795
c03,holo_ens,49,1.7482,2.0962,0.7649
c03,holo_ens,50,0.5422,-2.1801,0.6803
c03,holo_ens,51,0.6990,1.6910,0.7354
c03,holo_ens,52,0.2800,-1.6404,1.0123
c03,holo_ens,53,1.3492,2.6417,0.7932
c03,holo_ens,54,2.6957,2.2465,0.7366
c03,holo_ens,55,-2.0072,-2.1138,0.7917
c03,holo_ens,56,0.5047,0.4515,0.7206
c03,holo_ens,57,1.5123,1.0903,0.7650
c03,holo_ens,58,0.5465,2.4991,0.7424
c03,holo_ens,59,2.1161,1.1845,0.7387
c03,holo_ens,60,-2.1718,4.4545,0.8707
c03,holo_ens,61,-0.0071,0.4335,0.7430
c03,holo_ens,62,3.0005,2.4176,0.9903
c03,holo_ens,63,3.7749,-0.3054,1.1637
c03,holo_ens,64,1.9883,0.7455,0.6953
c03,holo_ens,65,1.0822,2.5486,0.8044
c03,holo_ens,66,-0.2556,2.4097,0.9344
c03,holo_ens,67,1.8750,2.3877,0.7717
c03,holo_ens,68,0.4232,0.8224,0.6777
c03,holo_ens,69,1.7099,1.2669,0.7444
c03,holo_ens,70,-2.6601,23.9112,11.0799
c03,holo_ens,71,1.2344,1.0189,0.8350
c03,holo_ens,72,1.3273,4.6431,0.7669
c03,holo_ens,73,1.8709,0.9461,0.6967
c03,holo_ens,74,1.0185,1.3629,0.7278
c03,holo_ens,75,1.3931,0.9269,0.6944
c03,holo_ens,76,0.8755,0.7010,0.6542
c03,holo_ens,77,0.8354,3.3702,1.1233
c03,holo_ens,78,-2.4190,-3.5938,0.7609
c03,holo_ens,79,-0.7209,-4.0410,0.7560
c03,holo_ens,80,0.1352,1.7568,0.7242
c03,holo_ens,81,2.0587,1.4686,0.7285
c03,holo_ens,82,1.4148,0.7314,0.7872
c03,holo_ens,83,1.6822,4.6113,0.7407
c03,holo_ens,84,-0.5890,-3.3478,0.7550
c03,holo_ens,85,-0.2753,3.7174,0.7974
c03,holo_ens,86,0.8553,2.2904,0.7778
c03,holo_ens,87,-1.6889,4.8264,0.8568
c03,holo_ens,88,-0.5513,1.3657,0.9178
c03,holo_ens,89,1.0965,0.3347,0.7496
c03,holo_ens,90,1.8186,0.6450,0.8704
c03,holo_ens,91,1.2175,1.3818,0.7073
c03,holo_ens,92,-2.7286,6.2344,0.8663
c03,holo_ens,93,1.2714,2.1096,0.7646
c03,holo_ens,94,2.9140,1.4619,0.7315
c03,holo_ens,95,2.2995,1.6184,0.7298
c03,holo_ens,96,-4.1814,5.3061,0.9147
c03,holo_ens,97,1.5949,1.1064,0.7807
c03,holo_ens,98,0.0020,4.0184,0.7989
c03,holo_ens,99,-24.9886,12.5058,11.7505
c04,apo_ref,0,-17.1166,-5.1230,0.9121
c04,apo_ref,1,-15.9614,-7.5903,0.7016
c04,apo_ref,2,-13.0466,-6.3092,1.1515
c04,apo_ref,3,-12.7029,4.4782,1.0405
c04,apo_ref,4,-18.6512,-3.7603,0.9028
c04,apo_ref,5,-17.1300,-0.5046,0.7132
c04,apo_ref,6,-12.3979,10.2241,0.8840
c04,apo_ref,7,-12.2803,1.8667,1.1914
c04,apo_ref,8,-17.1064,-4.1411,0.8664
c04,apo_ref,9,-13.9307,-4.5997,0.9157
c04,apo_ref,10,-21.0146,-3.4255,1.5361
c04,apo_ref,11,-1.6726,12.6325,2.0780
c04,apo_ref,12,-6.1803,6.6233,0.9384
c04,apo_ref,13,-19.1726,-2.8675,0.7897
c04,apo_ref,14,-9.1669,11.8512,0.7552
c04,apo_ref,15,-14.0683,4.3248,0.9385
c04,apo_ref,16,-16.7190,-5.8190,0.7351
c04,apo_ref,17,-16.3971,-5.5476,0.9914
c04,apo_ref,18,-11.2425,0.8256,0.8543
c04,apo_ref,19,-11.4096,6.0902,0.7450
c04,apo_ref,20,-20.5989,5.2488,0.9696
c04,apo_ref,21,-12.5998,5.2744,0.9571
c04,apo_ref,22,-12.8640,-7.2599,1.0300
c04,apo_ref,23,-12.0987,-6.0531,1.1173
c04,apo_ref,24,-16.0999,5.0648,0.7575
c04,holo_ref,0,16.7183,-0.2438,0.3841
c04,holo_ref,1,17.2809,-0.4473,0.4937
c04,holo_ref,2,17.9275,-1.5204,0.4542
c04,holo_ref,3,17.5865,0.7160,0.7317
c04,holo_ref,4,16.3845,0.3100,0.4275
c04,holo_ref,5,17.6537,-0.9444,0.3612
c04,holo_ref,6,14.8971,0.7231,0.7118
c04,holo_ref,7,19.1495,-1.2964,0.4040
c04,holo_ref,8,18.0782,-0.9040,0.4082
c04,holo_ref,9,18.8870,-2.0439,0.4971
c04,holo_ref,10,17.9310,-0.3017,0.4779
c04,holo_ref,11,17.9875,0.1522,0.5195
c04,holo_ref,12,16.0798,-0.2827,0.4277
c04,holo_ref,13,16.7788,-1.4713,0.4568
c04,holo_ref,14,17.0380,-1.2782,0.5423
c04,holo_ref,15,16.3578,0.1566,0.4642
c04,holo_ref,16,19.7949,-1.0676,0.4760
c04,holo_ref,17,19.8639,-1.4829,0.4829
c04,holo_ref,18,17.5226,0.0745,0.5563
c04,holo_ref,19,17.7111,-0.3511,0.3637
c04,apo_ens,0,4.2947,10.2044,1.9440
c04,apo_ens,1,-1.7763,-1.7635,1.9118
c04,apo_ens,2,4.9672,5.3129,1.5478
c04,apo_ens,3,0.0574,1.4283,4.6431
c04,apo_ens,4,4.5458,0.4749,2.1308
c04,apo_ens,5,5.7495,-0.4820,1.3408
c04,apo_ens,6,3.4770,1.7260,1.6884
c04,apo_ens,7,3.2939,3.4140,1.7266
c04,apo_ens,8,6.6239,3.4164,1.5534
c04,apo_ens,9,9.2711,0.7611,1.2027
c04,apo_ens,10,5.9710,-4.2471,1.4122
c04,apo_ens,11,4.5178,-4.9352,1.9314
c04,apo_ens,12,11.2881,2.3680,1.1140
c04,apo_ens,13,2.4913,-9.4419,1.8608
c04,apo_ens,14,13.5894,-2.0888,1.4288
c04,apo_ens,15,8.8207,4.3826,1.6321
c04,apo_ens,16,9.6809,1.6154,1.4739
c04,apo_ens,17,5.0643,3.0662,1.9790
c04,apo_ens,18,14.2138,0.0870,1.2077
c04,apo_ens,19,2.9970,5.7879,1.4108
c04,apo_ens,20,7.3795,-4.8372,2.2154
c04,apo_ens,21,2.8526,-2.1953,1.9154
c04,apo_ens,22,-5.6708,-8.0280,1.8825
c04,apo_ens,23,0.1612,-6.7639,1.9983
c04,apo_ens,24,-1.1152,10.6126,3.6386
c04,apo_ens,25,3.3454,-4.2626,1.8100
c04,apo_ens,26,6.7981,3.4549,1.5150
c04,apo_ens,27,4.4004,-1.1948,1.2058
c04,apo_ens,28,1.8154,3.9134,1.6299
c04,apo_ens,29,5.4594,2.2572,1.9828
c04,apo_ens,30,-5.2813,-5.0964,1.7510
c04,apo_ens,31,7.9410,5.0224,1.6239
c04,apo_ens,32,8.7500,-9.6868,3.0469
c04,apo_ens,33,6.7287,3.2040,2.1153
c04,apo_ens,34,-0.5533,-14.2390,2.6450
c04,apo_ens,35,8.8858,0.3970,1.4628
c04,apo_ens,36,4.1331,-1.6047,1.8105
c04,apo_ens,37,4.3936,6.7902,4.0585
c04,apo_ens,38,5.2776,1.8673,1.3719
c04,apo_ens,39,7.2318,5.4464,1.4303
c04,apo_ens,40,4.0345,-3.4832,1.4906
c04,apo_ens,41,2.8066,-2.5762,1.4620
c04,apo_ens,42,2.2053,3.0999,1.3971
c04,apo_ens,43,8.4029,-3.1467,1.7586
c04,apo_ens,44,10.2931,-5.2246,1.8214
c04,apo_ens,45,6.8178,6.7825,1.7277
c04,apo_ens,46,8.1691,-1.2631,1.4213
c04,apo_ens,47,2.3584,4.5726,1.5581
c04,apo_ens,48,4.4579,-12.6389,2.0170
c04,apo_ens,49,3.8296,-7.0241,1.9190
c04,apo_ens,50,10.9342,4.5801,1.5138
c04,apo_ens,51,11.4570,1.5251,1.7800
c04,apo_ens,52,-4.1087,16.0902,2.8016
c04,apo_ens,53,9.4253,-5.7966,2.1256
c04,apo_ens,54,0.8027,-6.3663,1.5180
c04,apo_ens,55,-1.7753,3.3295,4.3091
c04,apo_ens,56,-0.7134,1.2818,1.9764
c04,apo_ens,57,-0.9864,-1.2841,1.6739
c04,apo_ens,58,3.9719,-1.9546,1.6428
c04,apo_ens,59,4.3365,-6.8517,1.7147
c04,apo_ens,60,5.2535,0.1599,2.0037
c04,apo_ens,61,15.2936,-3.3970,2.1186
c04,apo_ens,62,7.3124,-1.2055,1.9855
c04,apo_ens,63,16.0128,-1.4962,3.0287
c04,apo_ens,64,3.5405,1.4583,1.8741
c04,apo_ens,65,-1.6874,-13.6517,1.8914
c04,apo_ens,66,9.1152,4.3271,1.5068
c04,apo_ens,67,2.1812,-0.8502,2.0139
c04,apo_ens,68,9.3891,2.3033,1.8317
c04,apo_ens,69,11.9511,4.4749,1.1911
c04,apo_ens,70,1.9821,-12.9098,1.5989
c04,apo_ens,71,10.8425,-1.0388,1.4316
c04,apo_ens,72,1.2760,1.8340,1.8971
c04,apo_ens,73,7.4170,-3.3583,2.5950
c04,apo_ens,74,20.6875,-10.2802,3.1871
c04,apo_ens,75,0.9243,5.5460,1.6843
c04,apo_ens,76,8.3953,4.5453,1.6201
c04,apo_ens,77,5.0246,16.6451,2.1819
c04,apo_ens,78,12.4264,-7.5001,1.8760
c04,apo_ens,79,4.5249,-3.2332,1.4094
c04,apo_ens,80,2.4784,3.8859,1.4085
c04,apo_ens,81,7.8987,0.0647,1.2968
c04,apo_ens,82,2.7377,3.6933,1.6748
c04,apo_ens,83,8.8625,1.1206,1.4881
c04,apo_ens,84,11.5902,1.8702,1.2076
c04,apo_ens,85,5.2135,-1.4947,2.2997
c04,apo_ens,86,5.5041,-2.7120,1.4137
c04,apo_ens,87,5.6087,4.9446,1.7159
c04,apo_ens,88,6.1873,-10.0668,1.7662
c04,apo_ens,89,7.3492,3.2863,1.5552
c04,apo_ens,90,-5.8243,-10.2329,2.1595
c04,apo_ens,91,2.1732,-1.1954,1.5032
c04,apo_ens,92,8.1044,-0.3891,1.3416
c04,apo_ens,93,5.2361,6.2663,2.1187
c04,apo_ens,94,-4.6846,-9.8777,2.0787
c04,apo_ens,95,7.8381,-3.8149,1.5036
c04,apo_ens,96,9.0227,8.5076,1.4152
c04,apo_ens,97,11.4639,2.4968,1.5907
c04,apo_ens,98,9.9094,5.3894,1.3248
c04,apo_ens,99,6.0436,1.0748,1.5519
c04,holo_ens,0,-3.9434,-0.6934,2.0204
c04,holo_ens,1,3.8865,-6.7264,3.8518
c04,holo_ens,2,4.9634,-10.2877,2.5147
c04,holo_ens,3,2.8536,2.1727,1.2425
c04,holo_ens,4,6.8886,6.5534,1.9887
c04,holo_ens,5,5.5053,1.3118,1.6620
c04,holo_ens,6,11.3290,2.7228,1.3639
c04,holo_ens,7,15.3085,0.9567,1.7064
c04,holo_ens,8,-0.7599,-4.9753,1.5549
c04,holo_ens,9,-12.7964,-7.9585,2.3845
c04,holo_ens,10,12.7591,-0.3432,1.6671
c04,holo_ens,11,5.5534,-3.5525,8.1901
c04,holo_ens,12,12.6908,2.4295,1.3115
c04,holo_ens,13,4.9476,3.3523,1.6373
c04,holo_ens,14,7.4676,-5.3936,1.6947
c04,holo_ens,15,8.9077,0.5961,2.1752
c04,holo_ens,16,10.9349,3.3565,1.2154
c04,holo_ens,17,5.8239,-3.7627,1.8388
c04,holo_ens,18,-5.3327,-6.4726,1.9599
c04,holo_ens,19,7.9155,-1.2359,2.0609
c04,holo_ens,20,4.5190,0.6604,1.4797
c04,holo_ens,21,0.9520,4.8788,1.9052
c04,holo_ens,22,6.0200,9.0406,2.2470
c04,holo_ens,23,7.9963,4.0263,1.4227
c04,holo_ens,24,0.5784,-9.1680,1.6470
c04,holo_ens,25,12.3651,1.4118,1.3041
c04,holo_ens,26,5.5073,0.3373,1.4336
c04,holo_ens,27,1.0002,1.5389,1.7927
c04,holo_ens,28,2.0878,4.5725,1.5732
c04,holo_ens,29,4.2725,6.0299,1.7491
c04,holo_ens,30,0.8753,-15.5736,2.0868
c04,holo_ens,31,7.1524,2.1311,1.3029
c04,holo_ens,32,2.8029,4.2244,1.4883
c04,holo_ens,33,3.0987,-7.0262,1.6609
c04,holo_ens,34,3.7788,8.2504,1.9565
c04,holo_ens,35,12.2355,1.3326,1.7253
c04,holo_ens,36,8.0084,-1.6907,1.4612
c04,holo_ens,37,9.8425,-0.0588,1.7028
c04,holo_ens,38,2.4149,-4.6334,2.0700
c04,holo_ens,39,2.3049,-14.9132,1.8240
c04,holo_ens,40,0.5784,-3.5400,1.9800
c04,holo_ens,41,5.4442,3.8579,1.6746
c04,holo_ens,42,6.4701,-0.6333,1.6831
c04,holo_ens,43,2.0107,9.7056,2.9612
c04,holo_ens,44,-2.4472,-5.9614,1.6620
c04,holo_ens,45,8.7490,0.3537,1.5784
c04,holo_ens,46,15.0444,3.9504,1.6116
c04,holo_ens,47,7.7722,-0.7613,1.5787
c04,holo_ens,48,-1.4787,-4.1614,1.9680
c04,holo_ens,49,9.4983,1.2097,1.7347
c04,holo_ens,50,-4.5942,-2.6029,1.6431
c04,holo_ens,51,5.3711,-3.6018,2.2024
c04,holo_ens,52,11.4162,-1.0028,1.7695
c04,holo_ens,53,-5.4330,-1.5763,1.7005
c04,holo_ens,54,1.4284,-1.6384,1.8832
c04,holo_ens,55,-0.5248,-1.8952,1.5755
c04,holo_ens,56,4.0992,0.8453,1.2827
c04,holo_ens,57,7.6537,8.5079,1.6454
c04,holo_ens,58,-1.9022,2.6794,1.9064
c04,holo_ens,59,7.0865,-2.7586,1.3219
c04,holo_ens,60,3.7049,4.7210,1.4268
c04,holo_ens,61,9.6859,1.9749,1.2479
c04,holo_ens,62,2.4909,-2.3167,1.6923
c04,holo_ens,63,-2.5033,-6.5772,1.6716
c04,holo_ens,64,3.2677,-1.1464,1.9382
c04,holo_ens,65,8.0611,6.2457,1.4465
c04,holo_ens,66,-3.0016,-8.8241,1.6782
c04,holo_ens,67,35.5155,-9.2039,11.0153
c04,holo_ens,68,9.8400,2.3193,1.5239
c04,holo_ens,69,7.4808,1.2206,3.5028
c04,holo_ens,70,11.8060,8.3320,1.7146
c04,holo_ens,71,11.7993,-0.3058,2.1304
c04,holo_ens,72,4.1000,-0.0206,1.7989
c04,holo_ens,73,-5.3738,-5.4956,1.7818
c04,holo_ens,74,4.8620,-1.3387,1.6681
c04,holo_ens,75,-8.8756,-0.2781,2.2454
c04,holo_ens,76,5.8447,0.2956,2.1894
c04,holo_ens,77,5.1494,0.1327,1.5888
c04,holo_ens,78,10.3094,-0.4465,1.5936
c04,holo_ens,79,19.2756,1.6799,1.9120
c04,holo_ens,80,5.6058,-2.1925,1.6508
c04,holo_ens,81,2.3153,-5.3975,1.8773
c04,holo_ens,82,2.3250,1.8716,1.9082
c04,holo_ens,83,2.9541,5.5917,1.4726
c04,holo_ens,84,13.4666,6.6145,2.8289
c04,holo_ens,85,14.6098,1.3185,1.6175
c04,holo_ens,86,8.6542,-0.7275,1.1429
c04,holo_ens,87,10.2794,-12.0289,2.7789
c04,holo_ens,88,6.4338,0.4961,2.1853
c04,holo_ens,89,6.6278,1.5435,1.8953
c04,holo_ens,90,1.9126,-2.6156,1.7116
c04,holo_ens,91,14.0240,9.9021,2.5711
c04,holo_ens,92,13.3930,2.9203,1.5681
c04,holo_ens,93,10.5384,2.6173,1.7069
c04,holo_ens,94,6.0212,0.5338,1.3158
c04,holo_ens,95,11.2059,1.5498,2.0195
c04,holo_ens,96,-2.7044,-4.9097,4.4741
c04,holo_ens,97,-5.8003,15.3317,10.2956
c04,holo_ens,98,0.9930,7.1493,2.6406
c04,holo_ens,99,-5.9569,-13.5490,1.7568
c05,apo_ref,0,-10.9606,0.8630,0.5994
c05,apo_ref,1,-7.0196,-0.7956,0.4359
c05,apo_ref,2,-10.2566,0.4757,0.8588
c05,apo_ref,3,-9.4986,2.6429,0.4652
c05,apo_ref,4,-8.0380,-6.0721,0.6595
c05,apo_ref,5,-7.5987,-4.1902,0.5453
c05,apo_ref,6,-11.7675,-1.0841,0.5767
c05,apo_ref,7,-7.3685,3.9151,0.6118
c05,apo_ref,8,-10.7974,0.0332,0.3945
c05,apo_ref,9,-5.9727,-1.8194,0.5058
c05,apo_ref,10,-5.2304,-4.6607,0.6442
c05,apo_ref,11,-10.5258,0.9406,0.5329
c05,apo_ref,12,-12.6806,0.5897,0.5933
c05,apo_ref,13,-6.5785,-2.0036,0.5788
c05,apo_ref,14,-7.1152,2.4624,0.5573
c05,apo_ref,15,-7.6124,-0.5660,0.5108
c05,apo_ref,16,-10.7811,3.3550,0.4042
c05,apo_ref,17,-10.8316,-2.9502,0.4995
c05,apo_ref,18,-6.9563,1.5470,0.3913
c05,apo_ref,19,-6.1730,1.5784,0.5654
c05,holo_ref,0,6.9453,-0.4414,0.5150
c05,holo_ref,1,7.7289,-3.5334,0.5951
c05,holo_ref,2,5.6030,0.5957,0.4577
c05,holo_ref,3,6.6959,1.6754,0.7172
c05,holo_ref,4,8.7399,1.2376,0.7726
c05,holo_ref,5,10.1463,-1.3055,0.5344
c05,holo_ref,6,9.8202,1.4151,0.5582
c05,holo_ref,7,8.8187,-1.7254,0.4487
c05,holo_ref,8,9.0807,4.8916,0.4888
c05,holo_ref,9,6.7466,0.1750,0.4843
c05,holo_ref,10,10.0201,1.9053,0.4833
c05,holo_ref,11,10.5233,0.4445,0.7462
c05,holo_ref,12,4.3323,6.4666,0.6544
c05,holo_ref,13,6.8102,8.8209,0.7087
c05,holo_ref,14,11.1364,-5.5549,0.6620
c05,holo_ref,15,9.9713,-3.1729,0.5139
c05,holo_ref,16,10.1461,-4.0484,0.5763
c05,holo_ref,17,8.9789,0.5622,0.5491
c05,holo_ref,18,12.6941,-2.1354,0.6359
c05,holo_ref,19,8.8250,-0.5339,0.4182
c05,apo_ens,0,-2.3378,-10.8198,1.3156
c05,apo_ens,1,8.2540,-2.1246,1.3349
c05,apo_ens,2,9.1772,-7.1670,1.5895
c05,apo_ens,3,3.1519,-12.1640,1.4352
c05,apo_ens,4,10.1141,-5.6961,1.4619
c05,apo_ens,5,6.2525,-9.2090,1.5290
c05,apo_ens,6,7.8284,-6.3560,1.2823
c05,apo_ens,7,15.9257,-4.5656,1.9054
c05,apo_ens,8,6.0338,-5.8679,1.2040
c05,apo_ens,9,10.5265,-1.2664,1.5299
c05,apo_ens,10,11.7835,-3.7125,4.1539
c05,apo_ens,11,8.2753,-4.5314,1.6365
c05,apo_ens,12,11.2196,-3.8979,2.0363
c05,apo_ens,13,9.8601,-0.9424,2.9213
c05,apo_ens,14,2.7157,-7.4939,1.2077
c05,apo_ens,15,10.3694,-7.0575,1.3578
c05,apo_ens,16,4.5864,3.7302,3.2016
c05,apo_ens,17,16.0167,-5.4926,3.9456
c05,apo_ens,18,3.1210,-6.8204,1.3513
c05,apo_ens,19,4.5246,-4.9734,1.3478
c05,apo_ens,20,3.4754,-2.3095,1.2896
c05,apo_ens,21,8.4269,-7.6299,1.2112
c05,apo_ens,22,6.1180,-7.4432,1.7288
c05,apo_ens,23,0.8947,-9.5274,2.0561
c05,apo_ens,24,7.9718,-6.9831,1.8607
c05,apo_ens,25,7.1183,-6.9937,2.7068
c05,apo_ens,26,8.7849,-7.3430,1.6263
c05,apo_ens,27,15.4252,9.2501,4.4381
c05,apo_ens,28,2.6244,-9.7958,1.1295
c05,apo_ens,29,4.5437,-9.8758,1.6208
c05,apo_ens,30,8.1227,-5.2955,1.4639
c05,apo_ens,31,8.2147,-6.1405,1.4620
c05,apo_ens,32,10.4618,-2.1866,1.3820
c05,apo_ens,33,2.7518,-8.1257,1.3034
c05,apo_ens,34,8.2282,-5.4177,1.3267
c05,apo_ens,35,3.3197,-5.4381,1.4900
c05,apo_ens,36,7.7747,-31.0405,10.0154
c05,apo_ens,37,11.7034,-6.6789,1.6522
c05,apo_ens,38,8.4424,-0.9935,1.8698
c05,apo_ens,39,-3.7641,-8.0979,3.1638
c05,apo_ens,40,6.8712,-6.8857,1.4328
c05,apo_ens,41,18.9794,-1.0093,3.0926
c05,apo_ens,42,1.2180,-6.2117,1.7538
c05,apo_ens,43,6.9465,-7.6433,1.3882
c05,apo_ens,44,12.3916,-3.2908,1.6973
c05,apo_ens,45,5.1330,-4.8730,1.7119
c05,apo_ens,46,2.7419,-8.0958,1.5650
c05,apo_ens,47,7.8168,-7.1753,1.5664
c05,apo_ens,48,10.4791,-4.7146,1.4038
c05,apo_ens,49,5.7433,-2.7874,1.5055
c05,apo_ens,50,8.5879,5.9006,2.6210
c05,apo_ens,51,11.9067,-5.6592,1.3546
c05,apo_ens,52,-0.5757,-5.0596,1.4031
c05,apo_ens,53,5.5435,-6.8275,2.6288
c05,apo_ens,54,4.6821,-6.3280,1.4121
c05,apo_ens,55,6.1073,-5.0650,1.1983
c05,apo_ens,56,3.7022,-8.6403,1.4344
c05,apo_ens,57,9.5525,-7.6992,1.2402
c05,apo_ens,58,-5.1918,-24.7420,12.9440
c05,apo_ens,59,8.5580,-5.5983,1.3355
c05,apo_ens,60,6.5758,-7.9409,3.2757
c05,apo_ens,61,9.0406,8.3437,4.8851
c05,apo_ens,62,6.3818,-2.0984,2.2886
c05,apo_ens,63,3.5322,1.8785,1.6310
c05,apo_ens,64,7.7970,-2.7095,2.5848
c05,apo_ens,65,2.3877,-17.2389,8.2969
c05,apo_ens,66,1.7742,-5.2517,2.3308
c05,apo_ens,67,7.5123,-1.9790,1.4002
c05,apo_ens,68,5.4859,-9.2042,1.4783
c05,apo_ens,69,6.4292,-10.8636,1.2247
c05,apo_ens,70,9.7094,-10.0994,1.9162
c05,apo_ens,71,12.8514,2.9711,3.9268
c05,apo_ens,72,3.6590,-5.9076,3.1890
c05,apo_ens,73,11.1925,1.1225,3.4040
c05,apo_ens,74,6.7522,1.0722,2.1626
c05,apo_ens,75,-3.5086,15.5594,9.9470
c05,apo_ens,76,4.0440,-6.8920,2.1930
c05,apo_ens,77,0.5554,-11.5399,1.4200
c05,apo_ens,78,8.3437,-0.8383,1.6531
c05,apo_ens,79,17.4231,-5.1099,2.4686
c05,apo_ens,80,2.8183,-3.6220,2.5045
c05,apo_ens,81,14.8161,6.1837,2.9992
c05,apo_ens,82,8.7731,-9.8909,1.7040
c05,apo_ens,83,16.1555,-2.1487,2.3667
c05,apo_ens,84,9.0320,-4.8621,1.4761
c05,apo_ens,85,-23.3088,-9.6461,10.8192
c05,apo_ens,86,16.2575,-4.4291,6.9718
c05,apo_ens,87,7.9952,-10.2867,1.1758
c05,apo_ens,88,5.3559,-1.3042,1.6513
c05,apo_ens,89,14.0424,-5.9420,1.5489
c05,apo_ens,90,5.8039,-5.4502,1.0970
c05,apo_ens,91,3.9133,1.5803,1.5846
c05,apo_ens,92,3.6910,-4.8241,1.2164
c05,apo_ens,93,12.4139,8.6878,3.0541
c05,apo_ens,94,5.5402,-6.0324,1.4444
c05,apo_ens,95,12.2945,-3.2856,2.5378
c05,apo_ens,96,10.9659,-11.7159,12.2589
c05,apo_ens,97,7.0822,6.2541,2.0722
c05,apo_ens,98,11.1180,-4.5618,2.2946
c05,apo_ens,99,7.6697,-5.9571,1.1003
c05,holo_ens,0,10.2883,-9.5177,1.3985
c05,holo_ens,1,6.5560,-5.4898,2.3106
c05,holo_ens,2,6.8828,6.3102,1.6393
c05,holo_ens,3,12.1223,-10.3699,1.5996
c05,holo_ens,4,12.9278,-3.4057,3.0552
c05,holo_ens,5,8.9508,-5.0421,2.2766
c05,holo_ens,6,1.2775,-8.3282,1.9964
c05,holo_ens,7,7.9387,-8.0177,1.3511
c05,holo_ens,8,13.1604,-2.8963,1.3622
c05,holo_ens,9,20.4587,-5.1073,2.5489
c05,holo_ens,10,12.2301,-10.8399,2.3053
c05,holo_ens,11,9.1403,-5.8495,1.5298
c05,holo_ens,12,8.2115,-3.8053,1.2695
c05,holo_ens,13,6.9790,-5.9383,1.2553
c05,holo_ens,14,4.2976,9.9531,5.8451
c05,holo_ens,15,16.0254,-11.0103,1.4855
c05,holo_ens,16,6.8697,-8.0332,1.4214
c05,holo_ens,17,17.6457,0.3103,2.2123
c05,holo_ens,18,4.5073,-6.4769,1.2039
c05,holo_ens,19,9.9601,0.0223,2.4043
c05,holo_ens,20,0.1216,-8.0209,1.6758
c05,holo_ens,21,8.6873,-0.1986,1.4599
c05,holo_ens,22,2.9338,-3.4888,2.1959
c05,holo_ens,23,14.2129,-7.8706,1.4016
c05,holo_ens,24,9.9290,-5.8386,1.2359
c05,holo_ens,25,9.2425,-2.8786,1.0354
c05,holo_ens,26,14.7350,1.3876,1.9641
c05,holo_ens,27,5.1971,-3.7979,3.2965
c05,holo_ens,28,8.4495,5.6438,2.3403
c05,holo_ens,29,12.4134,17.3728,10.3292
c05,holo_ens,30,9.9975,-3.9582,1.1561
c05,holo_ens,31,3.5322,-3.0660,1.2753
c05,holo_ens,32,12.9922,-14.5752,1.4362
c05,holo_ens,33,12.0116,-1.8529,2.3794
c05,holo_ens,34,8.6318,6.2961,2.0236
c05,holo_ens,35,10.6564,2.3525,2.3739
c05,holo_ens,36,10.0078,-11.3136,2.8511
c05,holo_ens,37,10.6877,-5.4418,1.3762
c05,holo_ens,38,6.3985,0.5523,1.1567
c05,holo_ens,39,9.6093,1.7264,2.2147
c05,holo_ens,40,15.3383,-2.0752,2.4110
c05,holo_ens,41,6.3738,1.3093,2.7695
c05,holo_ens,42,5.0699,-0.2824,1.5461
c05,holo_ens,43,3.4672,-6.9498,1.3914
c05,holo_ens,44,11.5540,-7.3266,1.3096
c05,holo_ens,45,8.8812,-4.1175,1.7698
c05,holo_ens,46,5.5605,-7.8215,1.2716
c05,holo_ens,47,12.8399,-7.0893,1.2973
c05,holo_ens,48,5.0297,-10.5728,1.6522
c05,holo_ens,49,1.0725,3.3895,1.5579
c05,holo_ens,50,6.0013,-11.2521,1.4559
c05,holo_ens,51,4.4245,-3.1011,1.7878
c05,holo_ens,52,15.2089,-3.8430,3.3432
c05,holo_ens,53,4.2564,1.0797,11.6862
c05,holo_ens,54,11.7329,-6.8154,1.3883
c05,holo_ens,55,-0.8935,-13.0624,8.0917
c05,holo_ens,56,6.0116,-5.7650,1.2847
c05,holo_ens,57,9.0933,-5.0907,1.2981
c05,holo_ens,58,4.8540,-3.7813,1.1309
c05,holo_ens,59,-2.4519,-4.0151,5.1814
c05,holo_ens,60,4.1816,-15.9489,2.3743
c05,holo_ens,61,9.9013,-0.4710,3.2124
c05,holo_ens,62,7.2496,-2.0351,1.2197
c05,holo_ens,63,8.2853,8.3228,2.9275
c05,holo_ens,64,8.0082,-2.2309,1.5166
c05,holo_ens,65,14.0978,-5.4854,1.7047
c05,holo_ens,66,8.6051,-1.3472,1.3205
c05,holo_ens,67,2.7927,-13.4611,3.4407
c05,holo_ens,68,14.4512,-0.8646,3.4934
c05,holo_ens,69,3.4098,3.5319,1.4407
c05,holo_ens,70,8.5550,-9.2331,1.4032
c05,holo_ens,71,10.0589,-2.4099,1.8413
c05,holo_ens,72,8.0088,-1.3804,1.3842
c05,holo_ens,73,4.7196,-4.5126,1.3279
c05,holo_ens,74,-10.5865,-4.6980,2.9039
c05,holo_ens,75,7.1036,-4.1133,1.5883
c05,holo_ens,76,6.8363,0.8676,1.8305
c05,holo_ens,77,11.3333,-5.5644,1.6836
c05,holo_ens,78,4.6790,-3.9701,1.9486
c05,holo_ens,79,0.2476,-6.2548,2.0869
c05,holo_ens,80,2.3587,-2.3529,1.2600
c05,holo_ens,81,5.0333,-2.2535,2.2320
c05,holo_ens,82,-0.7540,29.5848,4.6733
c05,holo_ens,83,1.5675,0.3666,2.4345
c05,holo_ens,84,5.5346,-7.5322,2.3959
c05,holo_ens,85,5.6280,-4.2053,2.0509
c05,holo_ens,86,8.7412,-7.3639,1.3562
c05,holo_ens,87,7.5508,-7.4740,1.1959
c05,holo_ens,88,10.2802,-7.8830,1.8832
c05,holo_ens,89,16.6075,-10.0798,1.6469
c05,holo_ens,90,13.7536,2.0929,2.3041
c05,holo_ens,91,13.2094,-10.5608,1.6226
c05,holo_ens,92,15.4765,11.7374,3.0546
c05,holo_ens,93,8.2411,-0.1092,2.0452
c05,holo_ens,94,11.0680,1.9579,1.7239
c05,holo_ens,95,12.2509,-5.0630,1.3947
c05,holo_ens,96,3.2804,-5.8353,6.0563
c05,holo_ens,97,9.1774,0.6864,2.9434
c05,holo_ens,98,13.9618,-7.6820,1.5788
c05,holo_ens,99,5.0826,-8.3240,1.2817
c09,apo_ref,0,-9.3075,-2.7120,0.4466
c09,apo_ref,1,-5.2893,-3.6653,0.4968
c09,apo_ref,2,-10.7400,7.2368,0.5904
c09,apo_ref,3,-8.0935,-5.0884,0.4704
c09,apo_ref,4,-11.1746,4.6283,0.6368
c09,apo_ref,5,-10.8411,-2.0784,0.5613
c09,apo_ref,6,-6.3305,-3.3520,0.6090
c09,apo_ref,7,-6.7328,-3.1226,0.6949
c09,apo_ref,8,-7.7240,6.3080,0.8754
c09,apo_ref,9,-9.7607,-7.5160,0.5915
c09,apo_ref,10,-7.5059,0.8512,0.6847
c09,apo_ref,11,-10.7919,5.4233,0.6162
c09,apo_ref,12,-7.0157,-5.2860,0.5007
c09,apo_ref,13,-10.2705,0.6145,0.8476
c09,apo_ref,14,-8.6870,5.5689,0.5814
c09,apo_ref,15,-7.5705,-0.5009,0.7338
c09,apo_ref,16,-9.9213,-2.0312,0.6235
c09,apo_ref,17,-4.6127,-0.9992,0.5561
c09,apo_ref,18,-1.7556,-4.3124,0.7759
c09,apo_ref,19,-9.6943,6.1896,0.6211
c09,holo_ref,0,7.9534,0.4073,0.3720
c09,holo_ref,1,6.7755,-1.8499,0.7831
c09,holo_ref,2,11.0203,-0.5313,0.4514
c09,holo_ref,3,7.7426,-0.2937,0.3920
c09,holo_ref,4,10.2103,2.2603,0.4412
c09,holo_ref,5,9.0406,0.3097,0.4910
c09,holo_ref,6,9.7550,1.6096,0.4674
c09,holo_ref,7,9.1756,0.2624,0.7695
c09,holo_ref,8,7.3492,-1.6758,0.5315
c09,holo_ref,9,4.7868,-0.3680,0.5374
c09,holo_ref,10,7.0428,-0.8396,0.4936
c09,holo_ref,11,5.8882,-1.4299,0.6115
c09,holo_ref,12,6.8868,0.4332,0.4990
c09,holo_ref,13,6.3962,-0.0378,0.5329
c09,holo_ref,14,11.2141,4.2391,0.6119
c09,holo_ref,15,6.9090,-0.1032,0.5939
c09,holo_ref,16,9.4449,0.6611,0.4212
c09,holo_ref,17,10.3279,0.4066,0.4418
c09,holo_ref,18,7.5000,0.8529,0.4831
c09,holo_ref,19,8.4002,-0.4694,0.5908
c09,apo_ens,0,-8.3939,-8.5912,2.2279
c09,apo_ens,1,-7.1541,-7.5703,2.4910
c09,apo_ens,2,-1.2020,-5.0692,2.5827
c09,apo_ens,3,-3.9885,-11.9079,2.7136
c09,apo_ens,4,-1.6291,-11.9326,2.6690
c09,apo_ens,5,7.2919,-7.7264,2.6341
c09,apo_ens,6,-0.8558,-9.8110,2.8304
c09,apo_ens,7,-1.2181,-4.3441,2.1641
c09,apo_ens,8,5.3280,-5.7650,2.3063
c09,apo_ens,9,-7.4076,-7.3996,2.3364
c09,apo_ens,10,-7.7887,-10.3473,2.4429
c09,apo_ens,11,-3.0574,-7.0419,2.3372
c09,apo_ens,12,-7.1656,-8.9331,2.3893
c09,apo_ens,13,-8.6250,-10.4416,2.5566
c09,apo_ens,14,-14.3625,-6.0699,2.2595
c09,apo_ens,15,1.4268,-4.7018,2.6416
c09,apo_ens,16,-3.3105,-8.8005,2.1329
c09,apo_ens,17,-1.9043,-5.9922,2.2941
c09,apo_ens,18,-3.7585,-11.3233,2.7206
c09,apo_ens,19,-11.2874,-12.4620,2.3519
c09,apo_ens,20,-5.5515,-8.4616,2.4603
c09,apo_ens,21,-3.0186,-6.2973,2.3394
c09,apo_ens,22,-7.1769,-8.2982,2.2438
c09,apo_ens,23,2.7916,-10.5215,2.4214
c09,apo_ens,24,-7.8560,-9.1952,2.4720
c09,apo_ens,25,-6.4584,-2.7533,2.7339
c09,apo_ens,26,-6.1387,-9.5971,2.3456
c09,apo_ens,27,-3.5240,-7.1479,2.4706
c09,apo_ens,28,-7.2367,-12.2585,2.6713
c09,apo_ens,29,-7.8917,-12.9231,2.8684
c09,apo_ens,30,-2.2183,-7.3282,2.5903
c09,apo_ens,31,-1.0621,-3.9336,2.6576
c09,apo_ens,32,-2.8280,-8.5302,2.1526
c09,apo_ens,33,-3.3428,-9.0745,2.3654
c09,apo_ens,34,-2.3068,-12.7559,2.6951
c09,apo_ens,35,-3.7065,-12.5842,2.5124
c09,apo_ens,36,-6.2519,-8.4788,2.4747
c09,apo_ens,37,-5.2422,-8.9768,2.3714
c09,apo_ens,38,-1.2550,-12.7002,2.7922
c09,apo_ens,39,-2.0050,-10.5989,2.5011
c09,apo_ens,40,-2.8699,-4.7668,2.3059
c09,apo_ens,41,-8.8958,-6.6930,2.2861
c09,apo_ens,42,-8.0169,-8.5862,2.5843
c09,apo_ens,43,-10.1254,-8.3176,2.3194
c09,apo_ens,44,-6.0709,-11.8660,2.4323
c09,apo_ens,45,-5.2078,-8.2186,2.0731
c09,apo_ens,46,-7.0526,-6.7724,2.4184
c09,apo_ens,47,-0.1329,-13.3700,2.4348
c09,apo_ens,48,-4.4333,-7.3478,2.4211
c09,apo_ens,49,-4.9071,-8.5301,2.4573
c09,apo_ens,50,-4.1731,-6.4481,2.5219
c09,apo_ens,51,-3.9482,3.4773,2.4163
c09,apo_ens,52,-6.8559,-10.5003,2.2301
c09,apo_ens,53,-9.3488,-1.8242,2.2900
c09,apo_ens,54,-9.8264,-5.5750,2.4103
c09,apo_ens,55,-5.7276,-5.3303,2.2631
c09,apo_ens,56,-6.7110,-6.9731,2.2374
c09,apo_ens,57,-5.4164,-5.8563,2.2029
c09,apo_ens,58,-8.3677,-14.7475,2.8468
c09,apo_ens,59,-4.4625,-4.5406,2.4051
c09,apo_ens,60,-8.2143,-9.0601,2.3753
c09,apo_ens,61,-6.1654,-7.3606,2.4353
c09,apo_ens,62,-5.0977,-7.6210,2.4220
c09,apo_ens,63,-8.8319,-10.5483,2.5684
c09,apo_ens,64,-7.6883,-9.1898,2.1186
c09,apo_ens,65,-4.2495,-8.3659,2.5483
c09,apo_ens,66,-1.8569,-10.1625,2.3523
c09,apo_ens,67,-7.9755,-3.5539,2.3226
c09,apo_ens,68,-6.0514,-6.5507,2.3085
c09,apo_ens,69,-8.4136,-4.9089,2.2995
c09,apo_ens,70,2.5564,-5.4509,2.6356
c09,apo_ens,71,-4.3901,-7.7232,2.5369
c09,apo_ens,72,1.0692,-5.5718,2.5290
c09,apo_ens,73,-4.0734,-8.2816,2.4944
c09,apo_ens,74,-5.2006,-7.8444,2.2346
c09,apo_ens,75,-3.9964,-5.3013,2.4241
c09,apo_ens,76,-7.2332,-11.0791,2.3392
c09,apo_ens,77,-3.9758,-6.6189,2.1786
c09,apo_ens,78,-3.6307,-7.7502,2.6002
c09,apo_ens,79,-7.2084,-9.7662,2.2063
c09,apo_ens,80,-8.7855,-12.8521,2.5971
c09,apo_ens,81,-0.7524,-5.9009,2.2404
c09,apo_ens,82,-4.9014,-6.4829,2.1415
c09,apo_ens,83,-6.5992,-7.2846,2.3347
c09,apo_ens,84,-9.9127,-9.0004,2.6829
c09,apo_ens,85,0.5609,-6.2634,2.3722
c09,apo_ens,86,-5.1766,-6.2588,2.3241
c09,apo_ens,87,1.3906,-11.4953,2.5007
c09,apo_ens,88,-8.7745,-13.4355,2.7075
c09,apo_ens,89,-2.8664,-9.4470,2.6130
c09,apo_ens,90,-9.4296,-11.1919,2.3029
c09,apo_ens,91,-6.7182,-8.4185,2.4008
c09,apo_ens,92,-2.4042,-12.9609,3.0282
c09,apo_ens,93,-0.1804,-8.7988,2.4352
c09,apo_ens,94,-6.9476,-10.3011,2.1909
c09,apo_ens,95,1.2832,2.1547,2.2991
c09,apo_ens,96,-4.0818,-5.9820,2.4464
c09,apo_ens,97,-5.8517,-9.0220,2.4261
c09,apo_ens,98,-8.5753,-12.6140,2.6216
c09,apo_ens,99,-8.0218,-12.1779,2.5977
c09,holo_ens,0,-6.2788,-6.2393,2.4226
c09,holo_ens,1,-7.7216,-7.6544,2.6624
c09,holo_ens,2,-0.8399,-9.6621,2.7767
c09,holo_ens,3,-7.3927,-16.0882,3.1157
c09,holo_ens,4,-11.6767,-10.0113,3.1172
c09,holo_ens,5,-13.4314,-15.9925,3.0010
c09,holo_ens,6,-7.6435,-7.0121,2.2001
c09,holo_ens,7,-6.9129,-8.3470,2.3243
c09,holo_ens,8,-8.5900,-7.7832,2.1800
c09,holo_ens,9,-5.8003,-11.4730,2.7501
c09,holo_ens,10,-6.0625,-11.7376,2.5883
c09,holo_ens,11,-3.4213,-10.4843,2.3605
c09,holo_ens,12,2.9467,-7.2262,2.9123
c09,holo_ens,13,-9.5237,-15.6321,2.2234
c09,holo_ens,14,-6.9805,-7.7579,2.4029
c09,holo_ens,15,-4.2385,-13.3560,2.8332
c09,holo_ens,16,-1.6938,-13.3567,2.2645
c09,holo_ens,17,-5.1381,-7.0768,2.2307
c09,holo_ens,18,-6.8106,-11.2741,2.3893
c09,holo_ens,19,-1.0208,-12.6308,2.7711
c09,holo_ens,20,-9.6288,-10.9712,2.4289
c09,holo_ens,21,-5.4094,-8.7975,2.1431
c09,holo_ens,22,-7.6294,-5.3642,2.2120
c09,holo_ens,23,-0.7221,-8.5360,2.4370
c09,holo_ens,24,0.8507,-5.3512,2.4966
c09,holo_ens,25,-3.5082,-5.8314,2.4630
c09,holo_ens,26,-10.6932,-11.1045,2.1547
c09,holo_ens,27,-13.2281,-4.1918,2.0002
c09,holo_ens,28,-5.3659,-9.8307,2.5101
c09,holo_ens,29,-1.6764,-8.9859,2.3106
c09,holo_ens,30,-7.0834,-7.2203,2.3939
c09,holo_ens,31,-2.5927,-5.3471,2.4060
c09,holo_ens,32,-5.1350,-9.2963,2.3895
c09,holo_ens,33,-6.3447,-8.0384,2.1966
c09,holo_ens,34,-15.1896,-11.2196,2.7617
c09,holo_ens,35,-6.4518,-8.2079,2.1290
c09,holo_ens,36,-5.3172,-5.9555,2.4636
c09,holo_ens,37,-2.9263,-10.0941,2.5907
c09,holo_ens,38,-4.3695,-6.8947,2.2993
c09,holo_ens,39,-9.5252,-7.3957,2.3192
c09,holo_ens,40,-11.8236,-11.5501,2.4462
c09,holo_ens,41,-6.6950,-5.4675,2.1476
c09,holo_ens,42,-11.8833,-13.6742,2.4740
c09,holo_ens,43,-4.1305,-5.6654,2.3718
c09,holo_ens,44,-6.9169,-9.7953,2.4494
c09,holo_ens,45,-4.8921,-7.9658,2.1857
c09,holo_ens,46,-7.6510,-11.5025,2.2514
c09,holo_ens,47,-8.0224,-12.8454,2.6117
c09,holo_ens,48,-7.1034,-6.2630,2.5574
c09,holo_ens,49,-2.9181,-7.7155,2.4839
c09,holo_ens,50,-2.1157,-6.8775,2.7838
c09,holo_ens,51,-7.3021,-3.1965,2.9887
c09,holo_ens,52,-5.7931,-13.7822,2.5039
c09,holo_ens,53,-7.8234,-7.7723,2.3903
c09,holo_ens,54,-5.4453,-4.0036,2.2270
c09,holo_ens,55,-9.4541,-3.5749,2.5141
c09,holo_ens,56,-2.7924,-4.8352,2.2419
c09,holo_ens,57,-9.1690,-8.4374,2.1973
c09,holo_ens,58,-3.9419,-9.0019,2.2025
c09,holo_ens,59,-5.0486,-9.9136,2.4751
c09,holo_ens,60,-5.1960,-5.8238,2.2008
c09,holo_ens,61,-6.4350,-12.6846,2.3741
c09,holo_ens,62,-6.1471,-7.9292,2.3953
c09,holo_ens,63,-5.6176,-3.8944,2.4291
c09,holo_ens,64,-4.7735,-5.2282,2.6476
c09,holo_ens,65,-10.4733,-9.6918,2.3398
c09,holo_ens,66,-5.1048,-6.7796,2.3751
c09,holo_ens,67,-4.2304,-4.9417,2.2734
c09,holo_ens,68,-10.5867,-6.7354,2.3528
c09,holo_ens,69,-3.0195,-6.3663,2.2814
c09,holo_ens,70,-8.2517,-7.8940,2.4329
c09,holo_ens,71,-5.8115,-6.8082,2.3218
c09,holo_ens,72,-6.3905,-6.4487,2.2299
c09,holo_ens,73,-1.7108,-4.7856,2.0874
c09,holo_ens,74,-4.8352,-8.6161,2.4120
c09,holo_ens,75,-5.1597,-8.5052,2.3133
c09,holo_ens,76,-8.5805,-8.3901,2.2920
c09,holo_ens,77,-3.5233,-8.0048,2.6693
c09,holo_ens,78,-5.8677,-7.9490,2.1442
c09,holo_ens,79,6.7213,-8.1113,2.7148
c09,holo_ens,80,-6.8691,-6.3982,2.3338
c09,holo_ens,81,3.3526,-3.0299,2.6474
c09,holo_ens,82,-2.9829,-4.3423,2.4904
c09,holo_ens,83,-1.6834,-12.0027,2.7180
c09,holo_ens,84,-8.2214,-8.9736,2.2429
c09,holo_ens,85,-7.6592,-11.3022,2.3297
c09,holo_ens,86,-4.3257,-7.6490,2.3553
c09,holo_ens,87,-9.6919,-11.2269,2.8994
c09,holo_ens,88,-8.8730,-6.3045,2.3384
c09,holo_ens,89,-3.1981,-9.7191,2.2588
c09,holo_ens,90,-4.6855,-8.8080,2.6123
c09,holo_ens,91,-7.8393,-7.5490,2.3939
c09,holo_ens,92,-9.2402,-10.1259,2.2186
c09,holo_ens,93,-2.8978,-4.9745,2.3341
c09,holo_ens,94,1.3882,-8.8319,2.3095
c09,holo_ens,95,-6.5181,-6.2860,2.1937
c09,holo_ens,96,-5.5153,-9.9509,2.3125
c09,holo_ens,97,-15.3189,-9.5038,2.6548
c09,holo_ens,98,-2.6615,-7.2407,2.5207
c09,holo_ens,99,-7.3969,-10.0254,2.5798
c10,apo_ref,0,-3.3534,3.0277,0.2342
c10,apo_ref,1,-4.0871,-4.4860,0.2355
c10,apo_ref,2,-3.7216,-3.5966,0.2934
c10,apo_ref,3,-5.6773,-3.1530,0.2987
c10,apo_ref,4,-1.8720,0.2319,0.2822
c10,apo_ref,5,-4.6600,-2.5280,0.2747
c10,apo_ref,6,-4.2502,1.0208,0.2137
c10,apo_ref,7,-4.8603,-2.6527,0.3186
c10,apo_ref,8,0.1229,-0.8112,0.3030
c10,apo_ref,9,-5.8148,-0.7606,0.2343
c10,apo_ref,10,-2.7584,-8.3923,0.3472
c10,apo_ref,11,-5.6211,2.7232,0.2925
c10,apo_ref,12,-0.7166,2.4292,0.4172
c10,apo_ref,13,-1.6791,-1.2836,0.3360
c10,apo_ref,14,-9.7198,4.8709,0.3134
c10,apo_ref,15,-5.6912,4.0374,0.2458
c10,apo_ref,16,-7.6230,-1.6005,0.3783
c10,apo_ref,17,-3.0586,-5.0051,0.1720
c10,apo_ref,18,-5.9686,0.0717,0.3523
c10,apo_ref,19,-1.4020,6.4235,0.2709
c10,holo_ref,0,4.6219,-0.9869,0.3786
c10,holo_ref,1,7.4144,0.0916,0.2781
c10,holo_ref,2,0.7697,3.1784,0.2648
c10,holo_ref,3,7.5662,-0.3861,0.2494
c10,holo_ref,4,-0.1646,6.8567,0.3804
c10,holo_ref,5,5.6394,-3.5800,0.3188
c10,holo_ref,6,2.8804,3.0142,0.3460
c10,holo_ref,7,2.6702,1.5005,0.2036
c10,holo_ref,8,3.9161,2.7334,0.2827
c10,holo_ref,9,6.5096,-2.7004,0.2673
c10,holo_ref,10,3.7999,-2.6915,0.2586
c10,holo_ref,11,5.9708,1.5504,0.2529
c10,holo_ref,12,1.4276,0.7708,0.2593
c10,holo_ref,13,0.3683,4.3114,0.3427
c10,holo_ref,14,6.6656,0.9517,0.3550
c10,holo_ref,15,2.4120,-6.2600,0.3477
c10,holo_ref,16,7.1375,-0.9246,0.2515
c10,holo_ref,17,7.5784,1.2561,0.2659
c10,holo_ref,18,-0.7504,0.0291,0.3604
c10,holo_ref,19,5.9792,0.7188,0.4092
c10,apo_ens,0,-5.7762,15.2539,3.3726
c10,apo_ens,1,-9.8225,19.6490,3.0694
c10,apo_ens,2,-0.0101,11.1387,1.7885
c10,apo_ens,3,3.0704,-23.2348,4.6960
c10,apo_ens,4,4.6671,15.9590,2.7152
c10,apo_ens,5,0.9345,4.1722,2.2864
c10,apo_ens,6,6.7437,-3.8301,3.6082
c10,apo_ens,7,-2.6091,15.9421,2.2402
c10,apo_ens,8,-0.1768,40.0460,2.9014
c10,apo_ens,9,2.7146,12.2709,2.6797
c10,apo_ens,10,18.5630,-10.2755,4.9795
c10,apo_ens,11,-1.4454,31.5998,4.0840
c10,apo_ens,12,-3.0607,22.4701,2.7417
c10,apo_ens,13,-4.8790,28.8155,3.5936
c10,apo_ens,14,-15.6438,15.3791,3.4215
c10,apo_ens,15,-2.5541,9.2081,2.6965
c10,apo_ens,16,12.0058,2.2177,2.0688
c10,apo_ens,17,10.5753,-18.8550,4.5949
c10,apo_ens,18,-1.9669,11.3785,2.2138
c10,apo_ens,19,-4.1296,12.4874,2.5727
c10,apo_ens,20,0.0714,6.4170,1.1041
c10,apo_ens,21,-2.0049,25.0904,2.3512
c10,apo_ens,22,2.2085,15.9000,2.6352
c10,apo_ens,23,-5.9547,16.2952,2.9731
c10,apo_ens,24,3.4298,22.4735,4.6033
c10,apo_ens,25,-2.8270,33.2450,2.7558
c10,apo_ens,26,-2.0168,13.5735,2.5431
c10,apo_ens,27,-5.2240,2.6719,2.9425
c10,apo_ens,28,2.3534,-5.7167,4.5022
c10,apo_ens,29,6.0482,8.5790,3.6588
c10,apo_ens,30,-7.5392,14.9229,4.0639
c10,apo_ens,31,37.8867,-13.1879,4.6745
c10,apo_ens,32,-1.1458,18.4586,2.4454
c10,apo_ens,33,-19.9287,28.0987,4.5060
c10,apo_ens,34,19.9360,-23.2307,6.2651
c10,apo_ens,35,-3.2766,7.9399,2.3185
c10,apo_ens,36,-11.2287,11.2857,1.6630
c10,apo_ens,37,3.8596,25.7225,1.9952
c10,apo_ens,38,-21.1469,22.3424,5.2881
c10,apo_ens,39,-6.7663,28.6487,2.2489
c10,apo_ens,40,-0.6792,-6.6415,1.7908
c10,apo_ens,41,1.0691,21.3283,2.1688
c10,apo_ens,42,5.9567,9.8200,2.2156
c10,apo_ens,43,-6.3598,4.4058,3.9505
c10,apo_ens,44,1.3314,28.6028,1.5839
c10,apo_ens,45,6.6495,6.8629,2.5571
c10,apo_ens,46,1.0915,40.1366,3.5774
c10,apo_ens,47,10.2679,5.3349,2.3249
c10,apo_ens,48,-14.5712,4.4581,4.3964
c10,apo_ens,49,3.8891,6.1856,2.5879
c10,apo_ens,50,-1.9357,28.9860,2.8834
c10,apo_ens,51,8.1143,2.6290,2.3610
c10,apo_ens,52,-11.9385,14.4696,3.9260
c10,apo_ens,53,-3.6789,17.7784,1.7744
c10,apo_ens,54,-12.4493,9.1438,2.9882
c10,apo_ens,55,-2.1101,-9.3061,4.5012
c10,apo_ens,56,5.3902,-16.6652,4.6898
c10,apo_ens,57,-0.5037,6.2976,2.2918
c10,apo_ens,58,-15.2620,-15.3942,2.7435
c10,apo_ens,59,1.8520,-0.9460,1.8280
c10,apo_ens,60,18.2072,-4.4261,1.7885
c10,apo_ens,61,-10.9047,17.2382,3.2884
c10,apo_ens,62,9.4603,-5.3813,3.2341
c10,apo_ens,63,0.0092,16.8790,1.7355
c10,apo_ens,64,0.0599,26.1892,3.0007
c10,apo_ens,65,7.4470,15.9359,3.0208
c10,apo_ens,66,12.7887,7.6706,1.8263
c10,apo_ens,67,24.1406,31.5721,3.4485
c10,apo_ens,68,6.0356,-2.1884,2.3852
c10,apo_ens,69,-11.0502,17.2684,3.7828
c10,apo_ens,70,7.7770,6.2172,2.3914
c10,apo_ens,71,-1.8434,39.4576,3.8689
c10,apo_ens,72,-11.4169,11.4042,2.5971
c10,apo_ens,73,3.9828,9.9569,2.4744
c10,apo_ens,74,-7.0060,13.1672,3.4327
c10,apo_ens,75,0.7944,-15.2055,3.2541
c10,apo_ens,76,2.1019,12.9459,2.9592
c10,apo_ens,77,-3.3770,10.4323,2.6407
c10,apo_ens,78,-9.0236,5.1837,2.4570
c10,apo_ens,79,-32.6409,4.7394,3.2977
c10,apo_ens,80,2.6200,7.1313,1.5996
c10,apo_ens,81,0.2215,22.8701,2.9424
c10,apo_ens,82,35.2044,-24.7052,5.8196
c10,apo_ens,83,23.0179,2.9831,2.7686
c10,apo_ens,84,6.6180,-3.2762,1.6072
c10,apo_ens,85,-5.4702,27.5142,2.3829
c10,apo_ens,86,-17.2780,18.1519,5.0148
c10,apo_ens,87,6.7843,3.3739,1.6813
c10,apo_ens,88,-11.5203,15.7826,3.0398
c10,apo_ens,89,-7.5628,10.0504,2.4080
c10,apo_ens,90,-44.7150,16.8002,4.3032
c10,apo_ens,91,11.1871,-3.5135,2.5806
c10,apo_ens,92,6.7073,5.3503,2.2530
c10,apo_ens,93,19.2772,8.9411,2.1377
c10,apo_ens,94,-3.9529,7.6175,1.8132
c10,apo_ens,95,-9.8166,23.2851,3.2979
c10,apo_ens,96,18.0225,11.8752,2.7387
c10,apo_ens,97,-3.2626,-16.0707,2.7241
c10,apo_ens,98,1.1555,18.5662,2.9219
c10,apo_ens,99,-7.5025,14.6970,1.1947
c10,holo_ens,0,-2.0470,12.8116,3.8172
c10,holo_ens,1,-0.3829,5.0239,3.5356
c10,holo_ens,2,-16.1543,32.9807,3.6452
c10,holo_ens,3,-9.9027,11.9451,2.6317
c10,holo_ens,4,-15.1728,0.1684,5.5604
c10,holo_ens,5,14.5050,5.4157,2.2236
c10,holo_ens,6,-11.9638,-7.5294,3.3361
c10,holo_ens,7,2.4172,21.4674,2.3382
c10,holo_ens,8,-6.6410,-8.8397,2.0399
c10,holo_ens,9,17.6060,-1.4572,2.2456
c10,holo_ens,10,6.7123,21.9509,3.2198
c10,holo_ens,11,0.8804,-9.3848,1.6352
c10,holo_ens,12,7.4205,-11.8386,2.5589
c10,holo_ens,13,-6.5003,29.9551,3.3688
c10,holo_ens,14,2.4236,15.6210,1.9303
c10,holo_ens,15,8.3480,-9.2385,3.7463
c10,holo_ens,16,-15.7500,36.8815,4.6178
c10,holo_ens,17,-9.9188,2.5663,3.4722
c10,holo_ens,18,-13.4704,4.5478,3.7882
c10,holo_ens,19,1.0403,15.3610,2.3207
c10,holo_ens,20,-0.3268,25.1868,3.2131
c10,holo_ens,21,19.8936,23.7085,3.0057
c10,holo_ens,22,12.5139,2.7632,3.3289
c10,holo_ens,23,-0.0841,13.4347,1.5765
c10,holo_ens,24,-6.8905,7.7308,2.4040
c10,holo_ens,25,5.2755,1.4416,1.4576
c10,holo_ens,26,-6.6233,6.8968,3.6673
c10,holo_ens,27,-14.5950,-4.8720,3.0425
c10,holo_ens,28,-7.9431,34.1097,5.0051
c10,holo_ens,29,-2.2229,34.6258,3.1098
c10,holo_ens,30,-8.3778,18.9823,4.3352
c10,holo_ens,31,-11.5130,22.5483,6.0005
c10,holo_ens,32,1.5933,7.4865,2.4043
c10,holo_ens,33,-5.4950,17.2271,2.6927
c10,holo_ens,34,-26.1363,31.9168,8.8665
c10,holo_ens,35,3.3047,-25.8507,2.0646
c10,holo_ens,36,15.3862,-14.3821,2.3982
c10,holo_ens,37,-3.0929,19.6466,3.6519
c10,holo_ens,38,11.2139,10.9092,2.2679
c10,holo_ens,39,-5.9013,22.4335,3.8320
c10,holo_ens,40,-16.3061,14.5781,5.7861
c10,holo_ens,41,5.3177,29.4991,4.4892
c10,holo_ens,42,-9.3794,29.0416,3.2121
c10,holo_ens,43,6.8788,4.6023,1.4887
c10,holo_ens,44,15.3799,10.9506,1.8964
c10,holo_ens,45,-6.8391,29.9857,3.9712
c10,holo_ens,46,7.9700,12.3300,1.4945
c10,holo_ens,47,2.6207,16.6575,2.5302
c10,holo_ens,48,-13.2878,0.8268,5.6115
c10,holo_ens,49,-10.0990,14.1918,2.5494
c10,holo_ens,50,-13.2935,28.1961,4.7268
c10,holo_ens,51,18.2180,-16.0695,3.5019
c10,holo_ens,52,-3.4763,6.4973,4.6761
c10,holo_ens,53,-15.3842,-0.8646,3.1350
c10,holo_ens,54,-13.0145,22.9435,4.7888
c10,holo_ens,55,-11.6421,34.1753,3.6751
c10,holo_ens,56,-10.4912,0.8065,3.1526
c10,holo_ens,57,0.3838,20.8933,2.5945
c10,holo_ens,58,-11.1588,37.9927,4.4759
c10,holo_ens,59,8.6024,-0.1538,2.3367
c10,holo_ens,60,-17.7125,14.2110,2.6913
c10,holo_ens,61,-11.1194,-2.0361,4.7566
c10,holo_ens,62,-10.2775,17.3533,3.7242
c10,holo_ens,63,-26.0979,37.3712,4.6412
c10,holo_ens,64,3.4865,18.9709,3.0540
c10,holo_ens,65,-13.4477,8.8800,3.7806
c10,holo_ens,66,7.5709,-18.2920,3.0953
c10,holo_ens,67,-2.8774,26.2265,3.4126
c10,holo_ens,68,-14.0596,9.2553,5.5233
c10,holo_ens,69,-6.7604,20.9497,5.2958
c10,holo_ens,70,-4.6786,31.2058,3.7085
c10,holo_ens,71,0.8472,-42.6256,5.1655
c10,holo_ens,72,-6.4145,19.0094,3.1081
c10,holo_ens,73,12.0172,-20.9601,3.0151
c10,holo_ens,74,20.6317,-15.5926,3.7181
c10,holo_ens,75,4.7797,15.4464,2.6631
c10,holo_ens,76,-11.4289,1.9672,4.3576
c10,holo_ens,77,0.4772,29.9415,2.2945
c10,holo_ens,78,-5.6401,7.6729,3.0728
c10,holo_ens,79,-10.3564,11.2121,2.4833
c10,holo_ens,80,-8.3691,24.5432,5.1338
c10,holo_ens,81,-4.9426,26.6571,2.7304
c10,holo_ens,82,0.1489,0.8518,2.4842
c10,holo_ens,83,4.9869,22.3176,2.7442
c10,holo_ens,84,18.8414,18.0826,1.8396
c10,holo_ens,85,-2.6803,36.8968,3.4237
c10,holo_ens,86,-3.1043,18.0261,1.5631
c10,holo_ens,87,18.1629,30.5314,2.0277
c10,holo_ens,88,-9.6840,17.2447,2.9128
c10,holo_ens,89,-12.8974,-4.1207,2.8470
c10,holo_ens,90,2.1557,28.5376,2.1345
c10,holo_ens,91,-4.5888,11.1738,2.8923
c10,holo_ens,92,-6.3987,21.9669,4.3460
c10,holo_ens,93,-4.6604,11.0606,1.6179
c10,holo_ens,94,-2.2020,17.2934,2.8831
c10,holo_ens,95,7.9701,14.5942,1.7651
c10,holo_ens,96,-15.2086,1.0579,3.7910
c10,holo_ens,97,11.9610,18.7377,2.3198
c10,holo_ens,98,5.3413,-4.4220,2.9172
c10,holo_ens,99,-11.6116,-0.3727,2.6952
c11,apo_ref,0,-17.7946,0.0583,0.7464
c11,apo_ref,1,-15.1544,0.9482,0.6816
c11,apo_ref,2,-18.5319,-0.7316,0.6950
c11,apo_ref,3,-17.9548,0.6071,0.6638
c11,apo_ref,4,-17.4557,-1.4871,0.6457
c11,apo_ref,5,-22.0654,8.8374,0.9020
c11,apo_ref,6,-18.2358,-2.8986,0.7160
c11,apo_ref,7,-20.3174,-0.4122,0.6457
c11,apo_ref,8,-19.8493,0.1816,0.9589
c11,apo_ref,9,-18.5526,1.8461,0.8155
c11,apo_ref,10,-16.0055,-0.4795,0.9433
c11,apo_ref,11,-18.0986,3.4262,0.5731
c11,apo_ref,12,-15.4755,-10.1144,1.1308
c11,apo_ref,13,-18.7876,5.5770,1.1276
c11,apo_ref,14,-16.0552,-10.9195,1.0676
c11,apo_ref,15,-22.7865,5.8052,0.7811
c11,apo_ref,16,-18.6388,-2.7145,0.7206
c11,apo_ref,17,-17.2478,-1.4095,0.7251
c11,apo_ref,18,-16.4646,-3.9442,1.0883
c11,apo_ref,19,-23.6406,3.8480,0.8534
c11,apo_ref,20,-18.2500,0.1932,0.3311
c11,holo_ref,0,19.0983,-0.3256,0.3236
c11,holo_ref,1,20.4332,-0.3680,0.4151
c11,holo_ref,2,19.1126,0.1975,0.3218
c11,holo_ref,3,19.3500,0.3551,0.2405
c11,holo_ref,4,19.7054,-0.6280,0.3293
c11,holo_ref,5,19.8223,0.0868,0.2995
c11,holo_ref,6,19.9737,1.0098,0.2784
c11,holo_ref,7,19.8424,0.6516,0.2760
c11,holo_ref,8,19.6001,0.2798,0.3835
c11,holo_ref,9,19.4362,-0.1830,0.2632
c11,holo_ref,10,18.3157,-0.5777,0.4156
c11,holo_ref,11,19.0230,0.1343,0.2271
c11,holo_ref,12,19.8849,0.4864,0.3418
c11,holo_ref,13,19.4866,-0.2846,0.2312
c11,holo_ref,14,18.4557,1.0830,0.3605
c11,holo_ref,15,18.7015,0.3625,0.3203
c11,holo_ref,16,18.2852,0.8649,0.3777
c11,holo_ref,17,19.5493,0.4280,0.2475
c11,holo_ref,18,20.3852,0.2161,0.3008
c11,holo_ref,19,18.9015,-0.0062,0.3103
c11,apo_ens,0,17.3084,-3.3990,2.3360
c11,apo_ens,1,21.8623,-0.3049,2.9441
c11,apo_ens,2,11.3419,-3.7286,2.4269
c11,apo_ens,3,8.7047,0.7647,4.0724
c11,apo_ens,4,22.2833,3.2493,4.0477
c11,apo_ens,5,26.1481,2.3463,2.4692
c11,apo_ens,6,6.8743,-0.4274,2.1967
c11,apo_ens,7,19.8313,-2.7372,2.1633
c11,apo_ens,8,4.6953,-2.9315,2.0919
c11,apo_ens,9,4.3516,6.2533,3.6495
c11,apo_ens,10,15.1007,5.5742,3.1717
c11,apo_ens,11,10.8019,0.2142,3.0423
c11,apo_ens,12,6.9560,5.9378,2.2741
c11,apo_ens,13,29.5287,-4.9195,3.4482
c11,apo_ens,14,18.1590,9.6401,3.4151
c11,apo_ens,15,13.0477,-1.8404,2.0094
c11,apo_ens,16,27.5116,-11.4501,3.0489
c11,apo_ens,17,2.2549,-1.6060,2.8959
c11,apo_ens,18,18.4290,-3.0711,2.4138
c11,apo_ens,19,18.3854,2.3677,2.1476
c11,apo_ens,20,11.0698,0.4694,2.2318
c11,apo_ens,21,17.8641,-5.5944,2.3529
c11,apo_ens,22,21.2858,0.7406,3.5779
c11,apo_ens,23,13.5955,-3.3483,2.9248
c11,apo_ens,24,8.1005,6.3625,2.6029
c11,apo_ens,25,28.5183,0.5914,3.2014
c11,apo_ens,26,4.9431,1.2911,2.3713
c11,apo_ens,27,21.0226,-4.5461,2.7005
c11,apo_ens,28,4.9793,-2.3509,2.5002
c11,apo_ens,29,13.0132,4.3643,2.5678
c11,apo_ens,30,7.7868,-8.1050,3.3236
c11,apo_ens,31,14.1334,-1.8734,1.3766
c11,apo_ens,32,25.0357,0.3981,4.2336
c11,apo_ens,33,17.8202,-9.9560,2.1497
c11,apo_ens,34,-0.8812,3.5606,3.2592
c11,apo_ens,35,11.0001,-2.1529,3.4651
c11,apo_ens,36,14.2696,-5.4559,2.1367
c11,apo_ens,37,21.3005,2.4949,3.7386
c11,apo_ens,38,18.8191,-2.0063,2.7397
c11,apo_ens,39,3.2473,1.9875,2.6848
c11,apo_ens,40,12.1393,-3.8154,1.7451
c11,apo_ens,41,16.6397,-0.4047,4.0744
c11,apo_ens,42,19.8205,-0.2565,4.0476
c11,apo_ens,43,25.0599,-4.9076,2.0114
c11,apo_ens,44,18.0039,-2.1186,2.2639
c11,apo_ens,45,8.3287,2.4818,2.6829
c11,apo_ens,46,14.7914,-6.0126,2.4071
c11,apo_ens,47,14.7435,9.7559,4.3548
c11,apo_ens,48,12.2771,-8.5700,1.8938
c11,apo_ens,49,19.2783,-0.5255,3.5981
c11,apo_ens,50,5.1708,2.7660,2.5475
c11,apo_ens,51,12.3810,-4.9889,2.6635
c11,apo_ens,52,11.8162,0.9653,2.0853
c11,apo_ens,53,2.3544,8.3066,5.4751
c11,apo_ens,54,9.7826,13.8800,4.0593
c11,apo_ens,55,19.0639,6.6206,4.0131
c11,apo_ens,56,18.6709,0.6202,3.8218
c11,apo_ens,57,21.3993,1.2229,3.4403
c11,apo_ens,58,0.3094,-1.7011,2.4857
c11,apo_ens,59,25.8104,-10.2492,3.4771
c11,apo_ens,60,3.9003,5.2735,4.8870
c11,apo_ens,61,18.9097,-1.5431,3.9125
c11,apo_ens,62,15.0388,-0.1695,2.9350
c11,apo_ens,63,13.2587,-6.6751,2.9376
c11,apo_ens,64,27.8038,-6.2649,6.3396
c11,apo_ens,65,21.9165,0.0304,3.1190
c11,apo_ens,66,25.3754,-0.0240,2.8425
c11,apo_ens,67,27.9007,2.9349,4.3265
c11,apo_ens,68,18.7370,-3.6926,2.9205
c11,apo_ens,69,12.0807,4.9321,2.4646
c11,apo_ens,70,12.6598,-1.9438,5.4311
c11,apo_ens,71,32.5697,10.7452,11.4064
c11,apo_ens,72,16.5185,-2.7471,4.4870
c11,apo_ens,73,19.9515,-3.9424,3.2126
c11,apo_ens,74,4.7498,4.6524,4.4791
c11,apo_ens,75,14.4230,1.1976,2.0586
c11,apo_ens,76,24.2456,-14.8084,2.8576
c11,apo_ens,77,9.7267,6.3920,3.0161
c11,apo_ens,78,7.6823,-0.4212,2.7624
c11,apo_ens,79,34.0238,-2.7980,9.4687
c11,apo_ens,80,7.8731,2.4532,2.2044
c11,apo_ens,81,20.3895,4.1742,3.0247
c11,apo_ens,82,3.7354,0.9896,3.0818
c11,apo_ens,83,1.4953,12.5907,3.8263
c11,apo_ens,84,14.1846,-1.8637,2.8702
c11,apo_ens,85,11.3395,-5.8597,2.8841
c11,apo_ens,86,17.2001,-7.5837,3.1556
c11,apo_ens,87,3.7645,-3.6572,3.8397
c11,apo_ens,88,22.0312,-3.2325,2.6138
c11,apo_ens,89,4.3437,3.8680,2.5999
c11,apo_ens,90,19.1443,0.9583,4.3358
c11,apo_ens,91,13.2193,-3.4148,2.1919
c11,apo_ens,92,13.6277,0.3995,1.6591
c11,apo_ens,93,12.2018,2.6507,2.8711
c11,apo_ens,94,16.1806,0.3659,2.8618
c11,apo_ens,95,-4.1331,11.5647,3.5385
c11,apo_ens,96,4.1384,-1.1872,3.3327
c11,apo_ens,97,-0.9556,0.7800,4.0233
c11,apo_ens,98,28.4936,-5.5885,5.3701
c11,apo_ens,99,4.0862,4.6030,2.6226
c11,holo_ens,0,13.9765,2.5331,2.3016
c11,holo_ens,1,10.7663,-0.1495,2.3163
c11,holo_ens,2,3.7578,1.0615,2.7401
c11,holo_ens,3,19.6884,-6.0454,3.6699
c11,holo_ens,4,13.8588,-1.1899,2.8417
c11,holo_ens,5,13.4243,-2.0795,2.1608
c11,holo_ens,6,18.5014,8.7335,4.3076
c11,holo_ens,7,19.1866,-0.3569,2.1446
c11,holo_ens,8,8.8564,4.0335,2.5286
c11,holo_ens,9,21.7961,-0.5236,2.1385
c11,holo_ens,10,12.3275,2.2402,2.5292
c11,holo_ens,11,10.8245,4.3437,2.1209
c11,holo_ens,12,10.8658,-7.5983,3.5796
c11,holo_ens,13,4.2107,0.9933,3.0461
c11,holo_ens,14,20.3378,-1.3233,3.0856
c11,holo_ens,15,13.3419,1.3587,3.8672
c11,holo_ens,16,9.0238,12.8668,4.7892
c11,holo_ens,17,13.6470,1.6144,2.1130
c11,holo_ens,18,23.4186,-3.8358,2.5224
c11,holo_ens,19,2.8762,-6.6043,2.2548
c11,holo_ens,20,17.4992,-2.3355,2.5415
c11,holo_ens,21,22.6861,-7.7065,3.1915
c11,holo_ens,22,10.6089,3.7701,2.7137
c11,holo_ens,23,11.7634,4.0021,2.9777
c11,holo_ens,24,8.5422,0.0314,2.1330
c11,holo_ens,25,-0.2877,11.0677,4.5470
c11,holo_ens,26,15.8422,-3.1156,3.5601
c11,holo_ens,27,9.4325,-5.1976,3.3231
c11,holo_ens,28,3.5682,-7.2290,3.9234
c11,holo_ens,29,22.5364,-0.2045,2.9013
c11,holo_ens,30,13.0121,0.0385,1.3152
c11,holo_ens,31,16.9116,-3.8810,3.3095
c11,holo_ens,32,10.3574,4.2353,2.4019
c11,holo_ens,33,5.4081,4.3359,2.5771
c11,holo_ens,34,25.4217,-1.5983,2.6042
c11,holo_ens,35,37.6762,-15.4835,5.5631
c11,holo_ens,36,16.1063,-3.5365,1.8319
c11,holo_ens,37,13.8877,2.9040,2.5488
c11,holo_ens,38,24.4383,10.8379,5.0415
c11,holo_ens,39,31.6869,-7.6088,3.4670
c11,holo_ens,40,3.1486,1.1302,3.0051
c11,holo_ens,41,28.5740,8.4721,5.0931
c11,holo_ens,42,6.4096,3.6321,4.3788
c11,holo_ens,43,21.5769,4.1706,6.1578
c11,holo_ens,44,6.9539,-5.2147,2.9406
c11,holo_ens,45,9.5271,0.0481,2.5254
c11,holo_ens,46,30.7203,-5.8625,5.7455
c11,holo_ens,47,10.8617,5.3863,3.0043
c11,holo_ens,48,13.4970,2.5249,3.1755
c11,holo_ens,49,24.8846,4.1874,4.7116
c11,holo_ens,50,11.6405,-2.5001,1.6813
c11,holo_ens,51,1.8000,-5.0463,3.8433
c11,holo_ens,52,16.7921,0.9252,1.8161
c11,holo_ens,53,17.2685,-0.0007,9.5698
c11,holo_ens,54,3.0927,-1.5889,2.6748
c11,holo_ens,55,10.0050,-0.0543,2.4298
c11,holo_ens,56,12.4586,-6.2011,3.2178
c11,holo_ens,57,8.3389,2.9653,2.4832
c11,holo_ens,58,4.8956,3.6147,2.9490
c11,holo_ens,59,7.5797,-0.5981,1.9612
c11,holo_ens,60,14.5391,-0.7411,2.5727
c11,holo_ens,61,8.4216,1.5128,2.8423
c11,holo_ens,62,22.6585,3.3008,2.7258
c11,holo_ens,63,17.7368,-3.0756,1.4081
c11,holo_ens,64,4.4606,9.7112,4.8608
c11,holo_ens,65,7.3250,-10.7670,4.6930
c11,holo_ens,66,-6.2690,14.7390,5.5991
c11,holo_ens,67,1.7830,-4.3702,3.3827
c11,holo_ens,68,4.7054,1.0354,3.0284
c11,holo_ens,69,7.6799,-3.7350,2.4070
c11,holo_ens,70,20.8974,-1.7221,3.1579
c11,holo_ens,71,10.9097,0.9189,2.0518
c11,holo_ens,72,9.0608,-8.2474,4.6050
c11,holo_ens,73,20.7028,-0.3402,2.2427
c11,holo_ens,74,13.1751,1.7249,2.1030
c11,holo_ens,75,21.3322,-5.2022,4.8995
c11,holo_ens,76,13.3830,2.5013,2.0459
c11,holo_ens,77,2.8915,-8.1818,2.6783
c11,holo_ens,78,20.6205,-9.3630,3.1494
c11,holo_ens,79,27.1017,3.8717,3.5971
c11,holo_ens,80,2.4598,6.5818,4.1010
c11,holo_ens,81,18.1080,-2.5273,2.4695
c11,holo_ens,82,21.6401,4.6975,3.0469
c11,holo_ens,83,18.6421,-6.6436,2.4403
c11,holo_ens,84,17.0935,-2.0782,1.8211
c11,holo_ens,85,13.7385,-3.4231,3.2071
c11,holo_ens,86,16.5017,5.9458,2.1133
c11,holo_ens,87,5.5560,-2.0103,3.0209
c11,holo_ens,88,11.5370,-0.3320,2.1204
c11,holo_ens,89,24.0456,-3.7616,2.1919
c11,holo_ens,90,22.0254,4.6468,3.0622
c11,holo_ens,91,18.2074,-0.6791,1.7152
c11,holo_ens,92,10.9498,1.9354,3.4586
c11,holo_ens,93,10.8504,-1.4951,3.0153
c11,holo_ens,94,8.5952,-4.1467,2.8224
c11,holo_ens,95,12.4368,7.0594,2.4073
c11,holo_ens,96,13.9765,-1.6957,2.4871
c11,holo_ens,97,1.9140,-3.3679,2.9548
c11,holo_ens,98,5.3757,-0.1938,2.9532
c11,holo_ens,99,25.2750,-3.3770,1.9948
c13,apo_ref,0,-6.3038,-0.0410,0.2969
c13,apo_ref,1,-5.2127,-0.7758,0.2889
c13,apo_ref,2,-6.4292,-0.1344,0.3092
c13,apo_ref,3,-4.5052,0.0324,0.2826
c13,apo_ref,4,-4.3554,-0.7296,0.3895
c13,apo_ref,5,-5.4928,0.8926,0.2642
c13,apo_ref,6,-5.7967,-0.7934,0.3175
c13,apo_ref,7,-5.4298,0.4516,0.3642
c13,apo_ref,8,-5.5805,0.2633,0.3153
c13,apo_ref,9,-5.2100,0.3742,0.3413
c13,apo_ref,10,-5.4625,-1.3727,0.3674
c13,apo_ref,11,-4.7418,-2.2857,0.6101
c13,apo_ref,12,-5.7527,1.5064,0.2521
c13,apo_ref,13,-5.4865,0.2408,0.3858
c13,apo_ref,14,-4.0440,0.2256,0.4056
c13,apo_ref,15,-5.4464,-0.8941,0.3092
c13,apo_ref,16,-6.8749,-0.6027,0.3266
c13,apo_ref,17,-5.9747,1.3687,0.3622
c13,apo_ref,18,-5.1483,0.0578,0.2774
c13,apo_ref,19,-6.4946,-0.6944,0.3789
c13,apo_ref,20,-4.1156,-0.2367,0.4471
c13,apo_ref,21,-5.2569,1.1487,0.2713
c13,apo_ref,22,-6.1179,0.2255,0.2652
c13,apo_ref,23,-2.9695,-4.2658,0.8444
c13,apo_ref,24,-4.1747,1.2832,0.2454
c13,apo_ref,25,-5.1279,2.2824,0.3170
c13,apo_ref,26,-5.2796,0.9612,0.2936
c13,apo_ref,27,-4.3758,1.7555,0.3366
c13,apo_ref,28,-3.0428,-1.0020,0.4620
c13,apo_ref,29,-7.2388,-0.3913,0.3065
c13,apo_ref,30,-6.2078,1.7400,0.3273
c13,apo_ref,31,-4.5863,-0.0616,0.2939
c13,holo_ref,0,9.7353,0.6993,0.4439
c13,holo_ref,1,8.7264,1.4033,0.3450
c13,holo_ref,2,8.4263,-0.5292,0.2560
c13,holo_ref,3,6.8379,-2.4560,0.3791
c13,holo_ref,4,8.8063,1.4280,0.3116
c13,holo_ref,5,9.4550,0.1707,0.3390
c13,holo_ref,6,8.8512,0.2757,0.3398
c13,holo_ref,7,10.3020,0.6931,0.4360
c13,holo_ref,8,9.0694,-0.4553,0.2698
c13,holo_ref,9,8.2344,0.5535,0.3636
c13,holo_ref,10,6.1996,-1.5224,0.2232
c13,holo_ref,11,7.2455,1.6175,0.4814
c13,holo_ref,12,5.6200,-1.6179,0.3402
c13,holo_ref,13,10.3913,0.7608,0.5039
c13,holo_ref,14,8.2861,-1.1837,0.3118
c13,holo_ref,15,7.1863,-1.1847,0.2412
c13,holo_ref,16,9.2626,1.8440,0.4871
c13,holo_ref,17,9.0138,-0.2327,0.2812
c13,holo_ref,18,9.3217,-0.1328,0.2859
c13,holo_ref,19,7.2649,-0.6597,0.3963
c13,apo_ens,0,-9.7320,6.2202,8.6583
c13,apo_ens,1,-0.0917,1.3835,1.3062
c13,apo_ens,2,6.7083,-10.6961,7.9378
c13,apo_ens,3,-1.1391,-4.3434,1.9651
c13,apo_ens,4,-0.6293,20.0299,9.6461
c13,apo_ens,5,1.4144,-1.4952,1.3071
c13,apo_ens,6,10.4686,0.2930,1.5385
c13,apo_ens,7,6.0969,-0.0169,0.8930
c13,apo_ens,8,3.4770,-1.0817,0.9583
c13,apo_ens,9,2.9338,-0.3548,0.9714
c13,apo_ens,10,-1.5914,-6.3545,6.3965
c13,apo_ens,11,3.8213,-1.9016,0.8896
c13,apo_ens,12,-6.5361,-3.7360,10.5661
c13,apo_ens,13,7.9690,-0.0472,1.4897
c13,apo_ens,14,3.8734,-29.6666,9.5586
c13,apo_ens,15,1.0450,-1.1147,0.8825
c13,apo_ens,16,-0.1162,0.3827,1.7230
c13,apo_ens,17,-20.3366,13.9055,13.0568
c13,apo_ens,18,-0.0291,-2.2592,2.1252
c13,apo_ens,19,2.6219,-2.5201,1.3467
c13,apo_ens,20,1.0123,-2.7044,0.7199
c13,apo_ens,21,-1.7942,-2.8624,1.0780
c13,apo_ens,22,2.0749,-2.2457,1.1571
c13,apo_ens,23,6.6908,-0.8360,1.1670
c13,apo_ens,24,1.0400,-1.1233,0.8056
c13,apo_ens,25,2.3658,0.9391,0.9035
c13,apo_ens,26,5.8517,3.0574,2.2987
c13,apo_ens,27,-1.2560,-0.7211,1.1070
c13,apo_ens,28,3.6500,-1.5819,0.8337
c13,apo_ens,29,3.0180,0.2681,1.5840
c13,apo_ens,30,4.1619,-2.4547,1.6343
c13,apo_ens,31,5.1598,-4.0662,1.7511
c13,apo_ens,32,4.6796,-1.4846,0.7533
c13,apo_ens,33,3.2559,-1.2938,0.7596
c13,apo_ens,34,3.8201,0.4720,0.6779
c13,apo_ens,35,3.6036,1.3991,1.3902
c13,apo_ens,36,-18.1810,23.6143,9.0145
c13,apo_ens,37,0.8999,-2.6438,1.6580
c13,apo_ens,38,-8.2030,4.2835,12.1144
c13,apo_ens,39,6.2124,-0.0397,1.0979
c13,apo_ens,40,6.9864,-2.3924,1.9289
c13,apo_ens,41,4.1114,-0.9021,0.8321
c13,apo_ens,42,1.3711,-1.2668,0.9352
c13,apo_ens,43,2.6153,-0.4574,0.9192
c13,apo_ens,44,3.2400,0.6467,0.8489
c13,apo_ens,45,-0.7536,-2.0264,1.0536
c13,apo_ens,46,-1.3177,11.4781,9.0674
c13,apo_ens,47,3.0526,-1.0993,0.7774
c13,apo_ens,48,2.6929,-0.7462,0.6263
c13,apo_ens,49,4.0825,-1.0190,1.0686
c13,apo_ens,50,1.4009,0.3761,1.2324
c13,apo_ens,51,-1.0615,-4.1581,0.7316
c13,apo_ens,52,2.7359,-0.9464,0.9451
c13,apo_ens,53,-7.5678,-8.7162,7.0756
c13,apo_ens,54,9.0369,0.4040,1.1468
c13,apo_ens,55,2.4401,-1.1823,1.0149
c13,apo_ens,56,4.8474,0.6462,0.9894
c13,apo_ens,57,6.6772,-0.5778,0.8280
c13,apo_ens,58,-5.1702,-25.7190,9.5406
c13,apo_ens,59,5.2480,0.9891,1.7315
c13,apo_ens,60,1.7111,-1.0514,1.0018
c13,apo_ens,61,5.9555,-0.5429,0.8352
c13,apo_ens,62,5.0367,-0.9169,1.0449
c13,apo_ens,63,-1.1580,-0.1164,1.0442
c13,apo_ens,64,4.4946,-0.2546,0.9234
c13,apo_ens,65,4.8390,-0.3653,0.7923
c13,apo_ens,66,2.8012,-4.1390,0.9261
c13,apo_ens,67,6.7348,0.6060,1.0140
c13,apo_ens,68,-0.2517,0.3020,0.9661
c13,apo_ens,69,0.8862,-1.6003,1.0309
c13,apo_ens,70,3.8915,-3.0580,0.7704
c13,apo_ens,71,3.4924,-1.9265,0.7872
c13,apo_ens,72,2.3763,-1.5836,1.0620
c13,apo_ens,73,2.6591,-0.3814,0.9893
c13,apo_ens,74,2.3360,-4.9909,1.9535
c13,apo_ens,75,2.7441,-4.8080,1.7498
c13,apo_ens,76,1.7830,-4.3789,1.1845
c13,apo_ens,77,12.3328,-17.0789,12.7531
c13,apo_ens,78,-7.0725,1.3859,12.5653
c13,apo_ens,79,13.4101,-5.5468,8.3813
c13,apo_ens,80,-7.7568,-12.9209,11.1142
c13,apo_ens,81,0.7675,-0.7525,1.1044
c13,apo_ens,82,3.2710,-1.5178,1.0568
c13,apo_ens,83,3.3131,1.5170,1.0382
c13,apo_ens,84,4.7602,-1.0563,1.0147
c13,apo_ens,85,3.4288,-2.4070,0.9589
c13,apo_ens,86,2.9781,-1.7789,0.9455
c13,apo_ens,87,1.8987,-3.1864,1.0728
c13,apo_ens,88,2.4810,-1.2285,0.8577
c13,apo_ens,89,5.5355,-1.3920,0.9850
c13,apo_ens,90,5.8408,0.2703,1.1517
c13,apo_ens,91,3.9110,-1.0510,1.0780
c13,apo_ens,92,-1.3294,9.4554,5.6822
c13,apo_ens,93,3.3712,-0.3031,0.8048
c13,apo_ens,94,7.8876,3.2000,1.2632
c13,apo_ens,95,1.6488,-1.5255,1.0989
c13,apo_ens,96,4.0134,-1.3683,1.0006
c13,apo_ens,97,4.3195,-0.5426,0.8186
c13,apo_ens,98,0.9686,-3.8952,1.0178
c13,apo_ens,99,2.1170,-1.9184,0.7360
c13,holo_ens,0,5.8806,-0.0449,0.8558
c13,holo_ens,1,3.1181,-2.6371,0.8551
c13,holo_ens,2,0.6452,-0.6832,0.8774
c13,holo_ens,3,1.4260,-1.8662,1.4042
c13,holo_ens,4,3.5904,-0.7494,0.7902
c13,holo_ens,5,7.2469,1.7750,1.0047
c13,holo_ens,6,1.3523,-1.6989,1.2938
c13,holo_ens,7,-11.1661,-1.3926,11.2180
c13,holo_ens,8,11.5438,-3.2937,7.4858
c13,holo_ens,9,-5.6880,2.8483,10.1530
c13,holo_ens,10,1.1618,-2.2062,0.7822
c13,holo_ens,11,2.1204,-2.2219,0.9285
c13,holo_ens,12,4.0850,-1.3417,0.9509
c13,holo_ens,13,3.1604,-1.0041,0.7948
c13,holo_ens,14,3.2902,-0.5620,0.6833
c13,holo_ens,15,2.4399,-1.4728,0.8042
c13,holo_ens,16,3.2626,-1.4387,0.7505
c13,holo_ens,17,2.4911,-2.0418,1.1020
c13,holo_ens,18,-1.5076,-1.0829,1.2861
c13,holo_ens,19,1.8431,-1.0042,0.9700
c13,holo_ens,20,5.8831,-3.5271,1.3274
c13,holo_ens,21,4.1317,-0.9809,0.9801
c13,holo_ens,22,2.5294,-0.4861,0.7893
c13,holo_ens,23,0.8933,-0.4893,1.4073
c13,holo_ens,24,2.7403,-1.4803,0.8863
c13,holo_ens,25,2.7828,-2.5822,1.0601
c13,holo_ens,26,5.6657,-1.9117,0.9492
c13,holo_ens,27,0.9511,-2.3768,1.1035
c13,holo_ens,28,2.6554,-3.6816,1.3112
c13,holo_ens,29,6.4479,0.0210,1.3264
c13,holo_ens,30,7.3823,-2.2211,0.9745
c13,holo_ens,31,2.8269,-1.0861,0.7251
c13,holo_ens,32,2.8625,-3.8224,1.7790
c13,holo_ens,33,2.6260,-1.3265,0.7278
c13,holo_ens,34,4.9080,0.4311,0.7247
c13,holo_ens,35,1.8485,-2.6943,1.0999
c13,holo_ens,36,-0.8082,-1.5127,1.5794
c13,holo_ens,37,1.3459,-2.1593,1.1161
c13,holo_ens,38,2.2510,-3.8346,0.7650
c13,holo_ens,39,4.5532,-2.0811,0.8407
c13,holo_ens,40,2.8544,-2.2803,1.2765
c13,holo_ens,41,18.9759,2.3766,8.4323
c13,holo_ens,42,2.4095,-2.1668,1.0976
c13,holo_ens,43,1.1833,0.2589,0.9492
c13,holo_ens,44,3.1663,0.5677,0.9938
c13,holo_ens,45,3.3237,0.0567,1.3355
c13,holo_ens,46,4.5274,-0.3741,0.7570
c13,holo_ens,47,2.8849,-1.0649,0.7277
c13,holo_ens,48,0.7381,-1.7393,0.7406
c13,holo_ens,49,3.2216,-1.6363,0.8020
c13,holo_ens,50,5.4663,-0.7945,0.9566
c13,holo_ens,51,8.4537,5.0435,10.9885
c13,holo_ens,52,2.8438,-1.9017,0.7369
c13,holo_ens,53,3.9138,-0.5439,0.7413
c13,holo_ens,54,3.5018,-0.4374,0.7423
c13,holo_ens,55,3.8686,-1.6818,0.7927
c13,holo_ens,56,0.0805,-3.0846,2.2199
c13,holo_ens,57,5.9546,0.1769,0.8421
c13,holo_ens,58,5.1887,-0.8025,0.7525
c13,holo_ens,59,5.3040,-1.1186,1.1223
c13,holo_ens,60,5.9518,10.2361,9.9616
c13,holo_ens,61,-0.7207,-4.0984,1.0888
c13,holo_ens,62,3.8288,-0.5078,0.6643
c13,holo_ens,63,3.4819,-2.1364,0.7764
c13,holo_ens,64,-3.1560,-5.7229,1.3151
c13,holo_ens,65,2.6882,8.1620,7.8306
c13,holo_ens,66,2.0390,-1.9663,1.1603
c13,holo_ens,67,-1.0077,1.7647,3.2617
c13,holo_ens,68,3.6404,-2.8798,0.7940
c13,holo_ens,69,3.4237,-0.9295,0.9125
c13,holo_ens,70,4.0783,-2.2500,1.0149
c13,holo_ens,71,1.2922,-1.5662,0.8735
c13,holo_ens,72,7.5129,1.2510,0.7343
c13,holo_ens,73,1.8171,-1.0968,1.1185
c13,holo_ens,74,3.8328,-0.4030,0.8359
c13,holo_ens,75,3.9831,-0.5829,0.6854
c13,holo_ens,76,1.9454,-1.5621,0.9912
c13,holo_ens,77,3.9078,-2.8333,3.3044
c13,holo_ens,78,3.9211,-1.0924,0.9351
c13,holo_ens,79,1.3061,-0.7546,0.8200
c13,holo_ens,80,-42.8984,-14.1280,24.6882
c13,holo_ens,81,-16.3739,-11.8774,10.5714
c13,holo_ens,82,4.9182,-0.0021,1.8096
c13,holo_ens,83,3.5604,3.4359,1.1917
c13,holo_ens,84,2.9101,12.6186,8.1248
c13,holo_ens,85,3.4665,-0.3775,1.5909
c13,holo_ens,86,3.5942,-1.6832,1.3208
c13,holo_ens,87,3.5003,-0.7770,0.9556
c13,holo_ens,88,2.9220,-1.6106,0.8266
c13,holo_ens,89,1.0735,-1.3951,0.8417
c13,holo_ens,90,4.6962,-3.3690,0.9166
c13,holo_ens,91,3.1657,-3.3911,0.8471
c13,holo_ens,92,-1.2369,-1.8974,1.5447
c13,holo_ens,93,4.1053,-1.5101,0.7691
c13,holo_ens,94,2.4655,-3.4089,0.8856
c13,holo_ens,95,0.7883,0.2138,1.5050
c13,holo_ens,96,3.2748,-2.3619,0.9515
c13,holo_ens,97,5.8568,-0.4187,0.9039
c13,holo_ens,98,2.4022,-0.3278,0.7454
c13,holo_ens,99,-2.6582,-1.4962,1.1748
c17,apo_ref,0,-5.2723,0.2810,0.3168
c17,apo_ref,1,-6.0156,1.4392,0.2760
c17,apo_ref,2,-3.8529,-4.6889,0.3271
c17,apo_ref,3,-2.8620,-5.6024,0.3770
c17,apo_ref,4,-5.3336,0.2650,0.3672
c17,apo_ref,5,-5.2933,-0.3309,0.2743
c17,apo_ref,6,-4.6599,1.9335,0.4676
c17,apo_ref,7,-6.0293,2.8431,0.3196
c17,apo_ref,8,-5.8284,-0.7956,0.3871
c17,apo_ref,9,-4.9910,1.9052,0.3691
c17,apo_ref,10,-2.8693,-3.7267,0.5714
c17,apo_ref,11,-6.5960,4.2191,0.3401
c17,apo_ref,12,-5.3949,-0.9738,0.2568
c17,apo_ref,13,-3.9995,-1.5831,0.4054
c17,apo_ref,14,-5.0511,-2.7581,0.2758
c17,apo_ref,15,-4.8498,-1.3985,0.3111
c17,apo_ref,16,-5.4194,0.2064,0.2322
c17,apo_ref,17,-5.7147,2.0854,0.3985
c17,apo_ref,18,-4.8819,-0.0529,0.3768
c17,apo_ref,19,-5.5175,0.8422,0.3767
c17,holo_ref,0,5.4032,-0.9382,0.2083
c17,holo_ref,1,5.7341,-0.9807,0.2224
c17,holo_ref,2,5.6162,0.7113,0.2696
c17,holo_ref,3,3.6478,0.3850,0.3137
c17,holo_ref,4,3.8274,1.5277,0.2297
c17,holo_ref,5,5.3981,-0.1803,0.2461
c17,holo_ref,6,3.6963,2.3069,0.2708
c17,holo_ref,7,6.5515,-1.0753,0.2733
c17,holo_ref,8,5.6202,-0.5788,0.3000
c17,holo_ref,9,3.7459,1.9720,0.2349
c17,holo_ref,10,4.1190,1.2343,0.2665
c17,holo_ref,11,3.7233,0.3680,0.2464
c17,holo_ref,12,4.1330,2.2231,0.2468
c17,holo_ref,13,4.4819,1.4051,0.2690
c17,holo_ref,14,5.6614,0.7170,0.3385
c17,holo_ref,15,6.0185,-1.2904,0.3057
c17,holo_ref,16,5.4909,0.9149,0.2714
c17,holo_ref,17,6.2062,-1.5067,0.2377
c17,holo_ref,18,6.3132,-2.7088,0.3248
c17,holo_ref,19,5.0440,1.3850,0.2596
c17,apo_ens,0,0.4681,1.3079,2.4216
c17,apo_ens,1,3.1130,-2.0038,0.9019
c17,apo_ens,2,3.1790,3.2608,0.8810
c17,apo_ens,3,-1.9668,-3.1850,1.3508
c17,apo_ens,4,-4.7049,4.5838,2.3996
c17,apo_ens,5,1.7842,11.2090,17.0235
c17,apo_ens,6,3.0922,-0.2128,2.5384
c17,apo_ens,7,-6.9761,-4.2766,4.9874
c17,apo_ens,8,3.9383,-4.5352,4.2615
c17,apo_ens,9,6.6204,-5.3240,3.3123
c17,apo_ens,10,1.7491,-1.2549,1.4044
c17,apo_ens,11,-20.2010,3.4169,12.9739
c17,apo_ens,12,-0.4966,-0.8897,1.7905
c17,apo_ens,13,-1.7158,10.0388,1.8194
c17,apo_ens,14,0.2963,3.5689,1.2967
c17,apo_ens,15,-1.6705,5.7858,2.9918
c17,apo_ens,16,-1.4484,0.1456,2.0719
c17,apo_ens,17,0.0078,1.7758,2.0785
c17,apo_ens,18,-9.0046,-13.8501,4.4978
c17,apo_ens,19,5.0433,-8.7310,2.1588
c17,apo_ens,20,2.6962,-5.7043,1.6922
c17,apo_ens,21,-1.3929,-1.8863,3.4142
c17,apo_ens,22,-6.6479,0.9757,2.3596
c17,apo_ens,23,0.0907,-0.3135,3.1452
c17,apo_ens,24,0.3408,2.9163,1.4255
c17,apo_ens,25,4.9473,-3.9078,1.2430
c17,apo_ens,26,3.0002,1.8606,1.4285
c17,apo_ens,27,-0.0686,-0.4702,1.9635
c17,apo_ens,28,0.3745,-3.1046,2.3564
c17,apo_ens,29,-0.7906,6.7393,4.4815
c17,apo_ens,30,-0.5011,2.3869,2.2139
c17,apo_ens,31,-0.8108,12.0736,3.5674
c17,apo_ens,32,-1.9546,2.1539,1.8657
c17,apo_ens,33,0.7070,-8.2413,5.2917
c17,apo_ens,34,-2.0598,4.2374,2.1293
c17,apo_ens,35,2.5622,0.6956,1.0213
c17,apo_ens,36,1.1449,1.8069,2.2623
c17,apo_ens,37,-0.0938,0.7324,2.6423
c17,apo_ens,38,-2.0370,-0.0017,1.9866
c17,apo_ens,39,-2.8498,3.8259,2.1085
c17,apo_ens,40,-5.9865,5.0564,1.8107
c17,apo_ens,41,-9.7452,10.4692,15.5687
c17,apo_ens,42,-3.5326,2.4092,1.9871
c17,apo_ens,43,-1.2561,1.0031,2.6594
c17,apo_ens,44,0.9292,-10.3070,7.2897
c17,apo_ens,45,-1.2325,0.7487,1.8129
c17,apo_ens,46,-18.0530,3.4382,9.3226
c17,apo_ens,47,-3.7438,10.0667,11.4329
c17,apo_ens,48,-0.3472,4.9709,1.5121
c17,apo_ens,49,2.5873,-0.1877,1.2358
c17,apo_ens,50,4.1469,3.4600,2.6416
c17,apo_ens,51,-3.7563,1.3767,3.8535
c17,apo_ens,52,-0.4050,8.8374,3.6038
c17,apo_ens,53,-2.0584,5.1981,1.7116
c17,apo_ens,54,4.6186,2.2349,1.5386
c17,apo_ens,55,-3.6717,3.2129,1.9292
c17,apo_ens,56,-0.0235,3.3794,1.7595
c17,apo_ens,57,-1.3720,-4.0803,2.9654
c17,apo_ens,58,-1.1579,-3.9545,1.9405
c17,apo_ens,59,-0.1106,0.8057,0.9347
c17,apo_ens,60,2.6625,-4.9375,1.1958
c17,apo_ens,61,-0.2178,0.6750,1.4594
c17,apo_ens,62,-5.6792,4.0674,3.1304
c17,apo_ens,63,2.9366,1.0372,0.9246
c17,apo_ens,64,0.1634,-1.8248,1.1628
c17,apo_ens,65,-1.9622,-0.9199,2.3637
c17,apo_ens,66,2.3086,-8.5327,1.9579
c17,apo_ens,67,2.7888,-5.4567,1.5256
c17,apo_ens,68,1.1974,-4.1830,1.4877
c17,apo_ens,69,2.1442,-0.7527,0.9612
c17,apo_ens,70,-2.9366,2.5403,2.5090
c17,apo_ens,71,1.9009,-2.6311,1.8698
c17,apo_ens,72,-5.3656,5.7545,1.9977
c17,apo_ens,73,-0.1547,-0.9156,1.3172
c17,apo_ens,74,-4.5582,2.4431,2.1972
c17,apo_ens,75,13.0799,19.9293,12.0292
c17,apo_ens,76,-1.6234,-52.0338,17.3232
c17,apo_ens,77,-6.7546,3.6304,2.6762
c17,apo_ens,78,4.4663,-5.5443,1.3875
c17,apo_ens,79,-9.1695,-19.6211,12.8502
c17,apo_ens,80,1.1279,3.7491,1.3345
c17,apo_ens,81,-0.2830,-11.0992,4.8895
c17,apo_ens,82,0.0951,2.9908,1.3304
c17,apo_ens,83,-3.0740,10.8892,2.8477
c17,apo_ens,84,-0.3373,4.6245,1.2243
c17,apo_ens,85,10.5021,3.9825,5.6779
c17,apo_ens,86,-5.7604,-0.5003,1.9310
c17,apo_ens,87,3.6277,-0.3403,0.7867
c17,apo_ens,88,-2.9339,5.5997,3.8742
c17,apo_ens,89,-14.7880,9.5256,6.5157
c17,apo_ens,90,-10.5322,5.3001,2.3855
c17,apo_ens,91,-4.7068,4.9499,2.0187
c17,apo_ens,92,7.3827,7.8692,2.9794
c17,apo_ens,93,2.6284,-0.7391,1.8034
c17,apo_ens,94,-5.2589,-1.2064,2.4109
c17,apo_ens,95,12.5683,-5.4988,2.9028
c17,apo_ens,96,1.0127,6.8581,2.0450
c17,apo_ens,97,-0.3838,3.3095,1.5616
c17,apo_ens,98,1.8018,-0.5464,2.5144
c17,apo_ens,99,4.3583,2.6449,1.0728
c17,holo_ens,0,-1.4509,1.6889,1.6286
c17,holo_ens,1,-1.9528,4.9290,2.6856
c17,holo_ens,2,-2.3149,2.6115,1.4535
c17,holo_ens,3,-5.2200,-0.7390,1.7310
c17,holo_ens,4,-0.3804,2.4737,1.3137
c17,holo_ens,5,2.5332,0.5683,1.1832
c17,holo_ens,6,1.2867,-0.6716,2.9065
c17,holo_ens,7,-1.0495,2.9349,2.8446
c17,holo_ens,8,2.0432,3.0476,1.0954
c17,holo_ens,9,1.2584,-35.2858,11.3527
c17,holo_ens,10,-2.5908,3.1443,1.7532
c17,holo_ens,11,10.2259,15.3929,8.8893
c17,holo_ens,12,-3.0651,-1.1651,1.9321
c17,holo_ens,13,-1.2752,9.7200,4.1239
c17,holo_ens,14,2.4290,-0.2501,1.5206
c17,holo_ens,15,-2.1022,7.7423,2.1806
c17,holo_ens,16,0.9973,5.0116,2.6116
c17,holo_ens,17,4.7310,0.7701,0.8938
c17,holo_ens,18,-0.7064,-1.8150,2.3173
c17,holo_ens,19,4.1164,-1.6541,1.3258
c17,holo_ens,20,2.0519,-0.5688,1.6190
c17,holo_ens,21,3.0360,0.6759,0.9855
c17,holo_ens,22,-2.9542,-4.4751,3.1308
c17,holo_ens,23,4.4973,-2.3803,1.2949
c17,holo_ens,24,5.0055,-1.8410,3.2750
c17,holo_ens,25,6.9304,-9.8627,2.1401
c17,holo_ens,26,1.1902,-4.5370,2.6123
c17,holo_ens,27,-6.6436,1.1856,4.4748
c17,holo_ens,28,-1.7712,-1.0322,2.9416
c17,holo_ens,29,3.7938,-0.5996,1.2483
c17,holo_ens,30,-4.7272,-4.5898,3.9272
c17,holo_ens,31,5.1087,-0.1816,1.3998
c17,holo_ens,32,-0.0378,3.4722,3.0797
c17,holo_ens,33,4.8266,5.2054,2.7771
c17,holo_ens,34,-4.0347,13.8062,14.0879
c17,holo_ens,35,-1.9016,10.0677,7.3581
c17,holo_ens,36,-7.4230,5.3973,2.3468
c17,holo_ens,37,3.8701,-0.7378,0.8286
c17,holo_ens,38,-10.2661,-14.9855,17.6115
c17,holo_ens,39,-7.0639,-3.9739,4.5175
c17,holo_ens,40,-6.8892,-3.3897,2.0865
c17,holo_ens,41,0.4520,-2.6309,1.5403
c17,holo_ens,42,-0.1307,4.1404,1.3486
c17,holo_ens,43,-10.3825,19.0114,5.2401
c17,holo_ens,44,-1.2034,4.8952,2.6923
c17,holo_ens,45,-14.6392,7.9842,11.1094
c17,holo_ens,46,3.8414,0.1716,1.2991
c17,holo_ens,47,-14.2121,1.0631,4.8636
c17,holo_ens,48,1.3908,1.2435,1.4022
c17,holo_ens,49,-2.2316,1.8120,1.2566
c17,holo_ens,50,-0.7804,6.0039,3.1672
c17,holo_ens,51,-1.8836,2.9836,2.0641
c17,holo_ens,52,-3.0274,2.3935,1.7372
c17,holo_ens,53,3.4778,-0.2448,2.8978
c17,holo_ens,54,-2.9032,2.1812,1.8352
c17,holo_ens,55,-3.7200,-15.1753,13.9613
c17,holo_ens,56,0.5719,0.7663,1.0607
c17,holo_ens,57,-3.3340,2.7216,3.4638
c17,holo_ens,58,-0.0279,-3.7340,1.8733
c17,holo_ens,59,-6.0505,3.8477,2.8688
c17,holo_ens,60,4.5847,5.7499,13.4253
c17,holo_ens,61,0.7230,-2.9661,1.0156
c17,holo_ens,62,-2.0679,2.5946,1.6095
c17,holo_ens,63,6.8215,-9.6319,3.1297
c17,holo_ens,64,3.9738,2.2537,1.2897
c17,holo_ens,65,0.3540,1.9010,1.0622
c17,holo_ens,66,-4.8326,2.0605,1.6544
c17,holo_ens,67,-2.6954,3.9250,2.2731
c17,holo_ens,68,5.6662,-1.1283,1.7711
c17,holo_ens,69,5.9843,4.2028,3.1204
c17,holo_ens,70,1.8732,2.5484,0.7912
c17,holo_ens,71,1.9032,3.0712,2.4826
c17,holo_ens,72,-1.9509,-2.9050,2.9736
c17,holo_ens,73,-4.8881,-6.2324,2.8650
c17,holo_ens,74,0.0166,-1.3906,1.0240
c17,holo_ens,75,-3.4952,2.4872,1.4493
c17,holo_ens,76,0.9969,4.0090,1.4861
c17,holo_ens,77,-0.6127,8.6537,2.5695
c17,holo_ens,78,0.1384,5.7558,2.5007
c17,holo_ens,79,-0.2277,-5.9762,1.5858
c17,holo_ens,80,6.8545,18.8813,18.2313
c17,holo_ens,81,-4.1236,5.8454,3.5961
c17,holo_ens,82,-2.7158,4.8384,2.1152
c17,holo_ens,83,-3.0881,4.6495,8.4270
c17,holo_ens,84,0.4244,-6.1369,1.7960
c17,holo_ens,85,-2.4091,11.9450,2.4594
c17,holo_ens,86,2.7918,1.7943,0.8788
c17,holo_ens,87,0.8843,2.6769,1.0345
c17,holo_ens,88,2.3649,5.2659,4.2715
c17,holo_ens,89,-1.8748,0.8736,1.8654
c17,holo_ens,90,-0.5669,5.1473,2.8706
c17,holo_ens,91,3.6986,-9.2091,4.1177
c17,holo_ens,92,-7.8163,0.6200,2.2631
c17,holo_ens,93,2.5694,-1.4338,2.3712
c17,holo_ens,94,0.0069,4.2436,2.0206
c17,holo_ens,95,3.2500,-1.3290,2.0488
c17,holo_ens,96,-7.8216,2.2079,1.8556
c17,holo_ens,97,-2.2677,-0.0098,4.3945
c17,holo_ens,98,-4.0847,-0.3193,2.1560
c17,holo_ens,99,-4.8430,-13.4212,21.9620
c20,apo_ref,0,-19.3572,-5.2539,0.6201
c20,apo_ref,1,-18.0693,-4.6186,0.6892
c20,apo_ref,2,-16.7483,1.6416,0.8468
c20,apo_ref,3,-18.2638,-3.2477,0.9401
c20,apo_ref,4,-17.8633,1.5168,0.6578
c20,apo_ref,5,-18.2397,-2.9453,0.5843
c20,apo_ref,6,-16.4561,3.5018,0.8891
c20,apo_ref,7,-19.2470,-5.4590,0.9591
c20,apo_ref,8,-17.5113,-0.5983,1.1275
c20,apo_ref,9,-19.0515,-0.8331,0.6084
c20,apo_ref,10,-12.7176,7.7785,0.7658
c20,apo_ref,11,-18.5789,-4.2875,0.7150
c20,apo_ref,12,-20.0328,-5.1438,0.6625
c20,apo_ref,13,-13.2855,11.6354,0.9034
c20,apo_ref,14,-17.0242,1.1001,0.9400
c20,apo_ref,15,-19.5185,-5.5145,1.1269
c20,apo_ref,16,-15.6265,5.4407,1.1242
c20,apo_ref,17,-20.0448,-7.4892,0.7782
c20,apo_ref,18,-13.0655,9.5710,1.3504
c20,apo_ref,19,-13.7102,10.0682,0.9693
c20,holo_ref,0,20.1377,-0.4335,0.2439
c20,holo_ref,1,20.1334,-0.5267,0.1893
c20,holo_ref,2,20.0596,-0.2324,0.2060
c20,holo_ref,3,20.6571,-0.3584,0.2164
c20,holo_ref,4,20.2860,-0.7497,0.2310
c20,holo_ref,5,20.2192,-0.1226,0.2670
c20,holo_ref,6,20.5159,-0.3753,0.2594
c20,holo_ref,7,20.3824,0.1316,0.4163
c20,holo_ref,8,20.5944,-0.2488,0.1885
c20,holo_ref,9,20.0098,-0.8948,0.4013
c20,holo_ref,10,20.3588,-0.1365,0.1867
c20,holo_ref,11,20.5958,-0.3707,0.2308
c20,holo_ref,12,20.0870,-0.7877,0.2685
c20,holo_ref,13,18.8704,-1.1956,0.4166
c20,holo_ref,14,20.4844,-0.3666,0.2119
c20,holo_ref,15,20.4001,0.1868,0.4710
c20,holo_ref,16,20.6196,-0.3820,0.2181
c20,apo_ens,0,0.2788,-8.5190,2.3891
c20,apo_ens,1,10.6696,-15.6377,3.9214
c20,apo_ens,2,-4.9633,4.0023,4.8447
c20,apo_ens,3,-8.4703,-5.9939,3.4006
c20,apo_ens,4,-1.6407,-14.5813,2.7103
c20,apo_ens,5,0.2446,-3.9861,11.1743
c20,apo_ens,6,-10.7623,-9.0516,8.2919
c20,apo_ens,7,-0.9745,-11.0009,3.0682
c20,apo_ens,8,-0.7298,-15.1515,4.0211
c20,apo_ens,9,-1.6343,-3.9869,2.5166
c20,apo_ens,10,1.6208,-6.9804,3.2357
c20,apo_ens,11,8.8309,17.2314,8.4699
c20,apo_ens,12,0.9567,-5.8160,4.1397
c20,apo_ens,13,16.8080,3.2062,11.8953
c20,apo_ens,14,-3.7314,-2.7860,6.3087
c20,apo_ens,15,10.2613,-2.0999,14.3275
c20,apo_ens,16,4.6820,-8.8599,3.0330
c20,apo_ens,17,7.2915,-6.7723,2.9499
c20,apo_ens,18,-1.8912,-6.8294,4.1556
c20,apo_ens,19,2.7698,-5.0186,3.5270
c20,apo_ens,20,28.2966,4.8215,11.9177
c20,apo_ens,21,7.1691,-3.1212,4.3598
c20,apo_ens,22,3.8920,-12.4935,2.5054
c20,apo_ens,23,1.8812,-16.4995,3.9879
c20,apo_ens,24,7.4035,-14.8815,3.1064
c20,apo_ens,25,5.6267,-17.2413,2.8164
c20,apo_ens,26,6.0458,-11.1853,2.8033
c20,apo_ens,27,0.5430,-14.0592,5.3604
c20,apo_ens,28,2.3830,-8.4300,2.8777
c20,apo_ens,29,-3.8278,0.2847,4.8949
c20,apo_ens,30,-0.5579,-15.8614,3.9528
c20,apo_ens,31,5.3955,-8.4759,2.8106
c20,apo_ens,32,-7.0677,7.0808,9.1344
c20,apo_ens,33,16.3575,15.3227,8.1001
c20,apo_ens,34,5.8280,4.3747,2.7020
c20,apo_ens,35,14.1378,2.7899,11.0343
c20,apo_ens,36,-9.9138,-4.5745,13.2627
c20,apo_ens,37,-34.0728,-4.2612,15.7957
c20,apo_ens,38,4.8687,-11.2558,2.6530
c20,apo_ens,39,-27.8125,11.0966,15.1470
c20,apo_ens,40,3.0494,15.9674,6.4926
c20,apo_ens,41,1.9908,-9.9115,4.6609
c20,apo_ens,42,-16.8532,-13.9271,12.8205
c20,apo_ens,43,-10.5092,-4.5661,7.6505
c20,apo_ens,44,2.9067,-6.6451,3.4514
c20,apo_ens,45,5.0096,-11.0972,4.8464
c20,apo_ens,46,6.7142,-7.2207,3.0397
c20,apo_ens,47,1.6299,-14.1308,11.4174
c20,apo_ens,48,-5.7811,-5.5864,2.9214
c20,apo_ens,49,-4.4644,-13.1581,11.1974
c20,apo_ens,50,-5.0575,-9.8363,4.4418
c20,apo_ens,51,0.9451,-8.5464,3.4274
c20,apo_ens,52,0.9706,-11.7970,5.8290
c20,apo_ens,53,13.4540,-7.9898,6.9290
c20,apo_ens,54,5.8629,-16.3712,12.0882
c20,apo_ens,55,-8.0519,-4.3947,13.5026
c20,apo_ens,56,6.6862,-9.2246,3.1830
c20,apo_ens,57,11.9450,11.7552,10.0911
c20,apo_ens,58,-4.6245,-9.0127,2.8839
c20,apo_ens,59,-1.6879,8.2595,8.3459
c20,apo_ens,60,10.3197,-8.6235,3.1153
c20,apo_ens,61,9.5791,-3.0462,14.9203
c20,apo_ens,62,3.8018,-8.3042,4.4683
c20,apo_ens,63,0.6449,-16.4458,2.7277
c20,apo_ens,64,2.3425,0.7468,12.3708
c20,apo_ens,65,-18.1776,7.1209,12.6670
c20,apo_ens,66,1.6806,-13.7874,3.0645
c20,apo_ens,67,-1.8223,-11.7315,3.6063
c20,apo_ens,68,-1.4473,13.2673,16.0753
c20,apo_ens,69,-16.6994,-9.3054,13.1078
c20,apo_ens,70,-4.1414,-2.1670,4.7368
c20,apo_ens,71,6.6934,-13.8846,2.3998
c20,apo_ens,72,-14.1557,22.1327,18.3473
c20,apo_ens,73,-0.7331,1.9204,5.2768
c20,apo_ens,74,-13.4108,-1.3127,5.0557
c20,apo_ens,75,-4.3754,0.1962,14.0491
c20,apo_ens,76,-2.4307,18.4443,11.7853
c20,apo_ens,77,-0.8078,-9.4100,13.5419
c20,apo_ens,78,-9.7842,12.3932,5.7809
c20,apo_ens,79,5.2235,-7.2690,4.4059
c20,apo_ens,80,-8.3044,-1.5089,8.2128
c20,apo_ens,81,-6.7049,-0.3985,12.2733
c20,apo_ens,82,-5.8685,-3.5484,8.8231
c20,apo_ens,83,-5.4644,-7.3962,6.7429
c20,apo_ens,84,4.8047,-4.9746,7.9886
c20,apo_ens,85,9.7754,-3.9519,7.8595
c20,apo_ens,86,-39.3346,0.8516,16.2758
c20,apo_ens,87,5.1959,9.7054,7.3726
c20,apo_ens,88,7.9212,-15.4587,3.0520
c20,apo_ens,89,-4.9636,-11.3472,4.4051
c20,apo_ens,90,-1.4484,4.0759,6.3138
c20,apo_ens,91,8.3133,6.9203,11.1191
c20,apo_ens,92,-6.3711,-9.0016,3.6783
c20,apo_ens,93,-15.4582,-5.7855,8.6634
c20,apo_ens,94,0.1560,11.2781,15.1466
c20,apo_ens,95,-1.5932,-5.6679,3.3444
c20,apo_ens,96,-2.5322,-10.3357,14.6313
c20,apo_ens,97,6.2531,-5.0307,2.9263
c20,apo_ens,98,7.1157,-17.1328,3.7618
c20,apo_ens,99,-0.6198,-3.4855,10.9630
c20,holo_ens,0,-5.5095,-4.2092,4.3081
c20,holo_ens,1,5.6861,-13.9311,3.5594
c20,holo_ens,2,9.1530,-9.2433,3.8905
c20,holo_ens,3,7.7389,-12.1141,4.3809
c20,holo_ens,4,10.8402,39.1749,20.4161
c20,holo_ens,5,7.2256,-12.8157,3.9223
c20,holo_ens,6,7.3920,-9.2966,3.7343
c20,holo_ens,7,-7.6310,1.8821,9.9541
c20,holo_ens,8,1.2988,-11.7319,2.9790
c20,holo_ens,9,6.5206,-9.6415,3.4635
c20,holo_ens,10,0.1736,-10.7641,2.3429
c20,holo_ens,11,0.0873,-6.1353,3.5050
c20,holo_ens,12,2.8304,-10.5772,2.4928
c20,holo_ens,13,39.2146,6.1357,11.4170
c20,holo_ens,14,-5.9045,-15.1223,5.7565
c20,holo_ens,15,10.2016,-4.5898,10.4798
c20,holo_ens,16,6.8772,-17.9747,11.0053
c20,holo_ens,17,10.9117,-20.2918,6.3927
c20,holo_ens,18,-3.6520,-11.9948,6.0284
c20,holo_ens,19,4.9020,-0.1010,4.7369
c20,holo_ens,20,7.2621,13.2071,7.8491
c20,holo_ens,21,5.4402,-2.3021,3.4759
c20,holo_ens,22,2.8086,-15.0248,2.8339
c20,holo_ens,23,-30.0847,51.4900,26.7445
c20,holo_ens,24,5.2279,-9.5635,3.7216
c20,holo_ens,25,8.2564,-6.2592,5.5654
c20,holo_ens,26,8.2708,-7.1854,2.7867
c20,holo_ens,27,3.1778,26.3951,11.1597
c20,holo_ens,28,-4.2723,-9.8075,2.6693
c20,holo_ens,29,24.9529,-9.5328,14.7131
c20,holo_ens,30,18.0335,0.8895,9.9915
c20,holo_ens,31,5.4748,-6.2439,6.6145
c20,holo_ens,32,-7.0531,-17.9886,8.7626
c20,holo_ens,33,2.8270,16.6742,13.9922
c20,holo_ens,34,6.2610,-4.3526,7.0578
c20,holo_ens,35,-10.9323,-10.8687,12.4796
c20,holo_ens,36,-0.8843,-3.9452,3.3944
c20,holo_ens,37,4.1822,-1.8406,3.0079
c20,holo_ens,38,3.0400,6.8161,5.2480
c20,holo_ens,39,17.2758,-5.1765,13.4000
c20,holo_ens,40,-2.3009,-7.0987,2.9090
c20,holo_ens,41,1.9569,-3.5534,2.9195
c20,holo_ens,42,-2.8034,-13.2081,4.2162
c20,holo_ens,43,5.3141,-8.9872,2.9483
c20,holo_ens,44,-17.2658,3.8919,11.4955
c20,holo_ens,45,-1.3411,-12.4009,5.8410
c20,holo_ens,46,-3.2382,-9.3573,2.4893
c20,holo_ens,47,-3.3383,1.8216,11.3537
c20,holo_ens,48,6.5416,-1.5407,7.1400
c20,holo_ens,49,7.6798,16.3317,16.3299
c20,holo_ens,50,5.4849,-1.9445,13.6855
c20,holo_ens,51,-13.7554,-8.8450,8.8577
c20,holo_ens,52,10.1266,4.8068,11.1238
c20,holo_ens,53,-5.0259,-4.1736,5.4734
c20,holo_ens,54,10.9997,-9.8892,8.0080
c20,holo_ens,55,-4.4027,6.8075,4.0147
c20,holo_ens,56,-0.5811,-9.5086,11.2344
c20,holo_ens,57,-2.4123,-5.3838,8.3082
c20,holo_ens,58,3.4093,-2.1259,7.3696
c20,holo_ens,59,15.3820,-13.6669,6.3337
c20,holo_ens,60,-1.0541,-11.2631,2.7244
c20,holo_ens,61,2.9466,-7.3978,6.3419
c20,holo_ens,62,10.6133,21.6024,13.6398
c20,holo_ens,63,-3.8621,-0.8257,12.1496
c20,holo_ens,64,2.9658,-12.2316,3.0554
c20,holo_ens,65,12.1570,-0.8563,7.1919
c20,holo_ens,66,-12.2066,-16.6203,13.3186
c20,holo_ens,67,-3.6990,-9.8094,2.6568
c20,holo_ens,68,4.0942,-0.4463,2.4579
c20,holo_ens,69,4.7990,-3.5605,3.0687
c20,holo_ens,70,-2.5695,-16.4091,9.6603
c20,holo_ens,71,4.3751,-10.8631,3.2826
c20,holo_ens,72,0.6495,-6.7489,2.4166
c20,holo_ens,73,4.8480,-0.7411,4.3681
c20,holo_ens,74,3.2439,-10.9303,2.6208
c20,holo_ens,75,4.8583,-10.6893,3.1562
c20,holo_ens,76,-4.4879,4.8844,13.0955
c20,holo_ens,77,3.5683,-11.6233,2.5519
c20,holo_ens,78,7.0938,28.2389,22.0113
c20,holo_ens,79,-4.3496,-3.4165,4.3759
c20,holo_ens,80,-3.4517,-9.7666,2.4340
c20,holo_ens,81,3.9109,-15.7773,2.5282
c20,holo_ens,82,5.9973,-10.9846,13.1924
c20,holo_ens,83,4.9337,-4.4743,2.7867
c20,holo_ens,84,-6.2201,-7.6497,3.5240
c20,holo_ens,85,9.3345,-15.7626,12.1363
c20,holo_ens,86,-0.0201,-10.5246,2.4616
c20,holo_ens,87,6.7380,-16.7118,4.6893
c20,holo_ens,88,8.9737,-14.5820,6.2637
c20,holo_ens,89,6.8933,-13.2068,4.0814
c20,holo_ens,90,-11.9429,8.5040,5.8304
c20,holo_ens,91,-12.4131,-3.5090,10.8700
c20,holo_ens,92,2.5482,-10.6364,3.9588
c20,holo_ens,93,0.5579,-3.5576,4.8891
c20,holo_ens,94,1.4482,-12.2642,3.3165
c20,holo_ens,95,-2.3817,-6.6397,2.8480
c20,holo_ens,96,-3.4905,-10.1215,2.4183
c20,holo_ens,97,1.9743,-12.9945,2.6949
c20,holo_ens,98,-4.5660,-6.4137,3.6379
c20,holo_ens,99,-14.1486,-9.4534,5.9858
c22,apo_ref,0,-9.6498,21.1565,2.3095
c22,apo_ref,1,-20.4887,-5.5050,1.8773
c22,apo_ref,2,-15.5974,-5.0331,1.7502
c22,apo_ref,3,-19.5891,-7.0365,1.6938
c22,apo_ref,4,-11.4524,9.1361,1.7205
c22,apo_ref,5,-18.9416,-19.8769,1.9734
c22,apo_ref,6,-16.8356,-7.3103,1.5732
c22,apo_ref,7,-13.7010,2.5496,2.0285
c22,apo_ref,8,-18.9747,5.9558,1.5413
c22,apo_ref,9,-18.3738,-1.4279,1.7680
c22,apo_ref,10,-19.9332,5.7642,1.3002
c22,apo_ref,11,-22.2896,-3.0352,1.7610
c22,apo_ref,12,-28.7892,18.4586,2.4544
c22,apo_ref,13,-17.7792,-9.0027,1.4690
c22,apo_ref,14,-26.1970,-2.0128,1.3568
c22,holo_ref,0,18.3367,-0.4307,0.3693
c22,holo_ref,1,20.1580,0.5934,0.4737
c22,holo_ref,2,17.6271,-1.4090,0.5946
c22,holo_ref,3,17.6767,-2.5112,0.5857
c22,holo_ref,4,19.2733,0.2760,0.8532
c22,holo_ref,5,19.6719,-0.1957,0.4429
c22,holo_ref,6,16.1192,-2.6794,0.5947
c22,holo_ref,7,18.3915,0.8847,0.4205
c22,holo_ref,8,17.4614,-0.0955,0.4202
c22,holo_ref,9,19.0286,0.8384,0.4092
c22,holo_ref,10,21.3878,1.6182,0.5139
c22,holo_ref,11,18.5908,-2.1492,0.5466
c22,holo_ref,12,18.4779,-0.0214,0.3895
c22,holo_ref,13,17.2478,-0.9676,0.4571
c22,holo_ref,14,19.1435,3.4687,0.9871
c22,apo_ens,0,-8.5324,-26.7850,5.5229
c22,apo_ens,1,3.6519,-8.7193,2.6587
c22,apo_ens,2,8.8344,-3.6865,1.8014
c22,apo_ens,3,13.8331,1.0923,3.7765
c22,apo_ens,4,-4.4602,-8.1150,4.2421
c22,apo_ens,5,9.8213,2.7192,3.6580
c22,apo_ens,6,-17.5232,-4.5393,6.1535
c22,apo_ens,7,9.7781,-13.2587,4.6335
c22,apo_ens,8,8.8602,-7.3823,2.2716
c22,apo_ens,9,14.9376,-15.3877,12.6668
c22,apo_ens,10,6.5619,-10.4210,2.3515
c22,apo_ens,11,2.1480,-13.4447,4.1545
c22,apo_ens,12,6.6612,-9.9641,2.3598
c22,apo_ens,13,-10.3055,-26.5021,5.6226
c22,apo_ens,14,6.9055,-7.2553,2.2847
c22,apo_ens,15,3.5960,-4.8643,5.4898
c22,apo_ens,16,1.9341,-8.8896,2.3499
c22,apo_ens,17,3.3876,-8.3375,4.6967
c22,apo_ens,18,-9.7984,-1.1216,6.3433
c22,apo_ens,19,-0.5574,-24.2073,4.9140
c22,apo_ens,20,3.8222,1.2260,4.2671
c22,apo_ens,21,9.0473,-0.4022,2.3987
c22,apo_ens,22,-3.5996,-3.5329,6.1713
c22,apo_ens,23,9.7823,-13.1948,3.7647
c22,apo_ens,24,9.4749,-3.8943,2.7406
c22,apo_ens,25,-3.7816,-13.5755,3.8510
c22,apo_ens,26,11.3814,-3.5372,2.6306
c22,apo_ens,27,-8.0715,-26.5945,6.7111
c22,apo_ens,28,4.0921,-9.9535,3.1738
c22,apo_ens,29,-17.4702,-22.2650,4.5531
c22,apo_ens,30,4.6348,-6.7600,2.0986
c22,apo_ens,31,8.0655,-10.7081,2.8386
c22,apo_ens,32,6.0154,-7.6586,2.5321
c22,apo_ens,33,4.6661,-7.5435,2.2825
c22,apo_ens,34,8.9414,-4.6022,2.3418
c22,apo_ens,35,-2.3046,-6.2895,4.7038
c22,apo_ens,36,6.3824,-8.9153,2.6637
c22,apo_ens,37,6.0478,-3.5716,2.8312
c22,apo_ens,38,9.1938,-3.4997,2.0373
c22,apo_ens,39,7.0692,-5.5275,2.9994
c22,apo_ens,40,1.6889,-12.9488,3.0204
c22,apo_ens,41,4.1344,-4.7028,3.3870
c22,apo_ens,42,4.2366,-9.3678,2.8094
c22,apo_ens,43,4.4008,-4.9746,3.2603
c22,apo_ens,44,5.6235,-7.9024,2.4758
c22,apo_ens,45,20.0634,-0.6021,3.8277
c22,apo_ens,46,-15.3051,1.6939,9.4487
c22,apo_ens,47,6.7597,-0.0769,2.8347
c22,apo_ens,48,4.1559,-2.7638,2.9444
c22,apo_ens,49,-6.5233,-4.7184,6.6145
c22,apo_ens,50,3.3433,-6.0967,4.4069
c22,apo_ens,51,6.4919,-21.0686,5.6406
c22,apo_ens,52,11.1487,-1.2274,2.2912
c22,apo_ens,53,4.8606,-9.1651,2.3101
c22,apo_ens,54,4.3472,-10.6403,2.4575
c22,apo_ens,55,6.4214,-7.7402,2.3651
c22,apo_ens,56,6.6975,-6.4362,1.8657
c22,apo_ens,57,0.5936,2.9646,5.8912
c22,apo_ens,58,-6.4602,6.8988,5.5956
c22,apo_ens,59,-9.3794,4.3423,7.9862
c22,apo_ens,60,9.8870,-4.9247,3.0029
c22,apo_ens,61,0.2152,-15.1752,2.6113
c22,apo_ens,62,2.3126,-10.1509,4.6227
c22,apo_ens,63,7.8008,-6.4383,2.2283
c22,apo_ens,64,5.5418,-16.0427,4.8725
c22,apo_ens,65,4.1181,-5.9150,3.9275
c22,apo_ens,66,3.2601,-12.1010,3.1194
c22,apo_ens,67,2.5110,-1.4070,4.2946
c22,apo_ens,68,8.6881,-1.9060,2.3859
c22,apo_ens,69,-0.9178,-9.6185,9.4842
c22,apo_ens,70,17.8235,14.1294,6.1096
c22,apo_ens,71,6.6036,-5.5840,3.0242
c22,apo_ens,72,13.4688,6.8549,5.4729
c22,apo_ens,73,5.7580,0.7006,4.5530
c22,apo_ens,74,3.9674,-8.7123,2.6289
c22,apo_ens,75,12.8389,-9.8133,2.6394
c22,apo_ens,76,11.5713,-1.9596,4.6105
c22,apo_ens,77,5.1534,-6.8416,2.9525
c22,apo_ens,78,-6.5754,-13.6862,6.4714
c22,apo_ens,79,9.3281,-4.5214,2.1552
c22,apo_ens,80,2.0181,-9.6359,2.3297
c22,apo_ens,81,-11.6204,-9.8440,5.1848
c22,apo_ens,82,15.9393,-17.6948,5.9810
c22,apo_ens,83,-1.9603,-13.9496,3.4814
c22,apo_ens,84,4.9412,-9.3964,2.5725
c22,apo_ens,85,4.1021,-11.2950,2.9271
c22,apo_ens,86,2.7053,-10.3368,2.0864
c22,apo_ens,87,20.2174,-9.3050,6.5020
c22,apo_ens,88,5.8062,-9.7563,2.2574
c22,apo_ens,89,2.7290,-6.9717,2.6313
c22,apo_ens,90,8.5188,-4.1005,2.1622
c22,apo_ens,91,5.8048,-4.1235,2.3877
c22,apo_ens,92,5.1561,-7.9009,3.9528
c22,apo_ens,93,3.2858,-18.9916,5.2938
c22,apo_ens,94,5.4707,-9.2487,2.6153
c22,apo_ens,95,4.5508,-9.7346,2.6883
c22,apo_ens,96,6.5481,-4.4820,2.4660
c22,apo_ens,97,12.1847,-5.1678,2.2226
c22,apo_ens,98,6.2591,-6.4730,3.0278
c22,apo_ens,99,4.2863,-4.3649,2.7676
c22,holo_ens,0,1.9566,-3.0331,4.1613
c22,holo_ens,1,6.3989,-7.0969,2.2050
c22,holo_ens,2,2.6255,-10.5677,3.6003
c22,holo_ens,3,9.6696,-4.9626,2.1585
c22,holo_ens,4,8.7684,-11.1030,2.9556
c22,holo_ens,5,-4.4013,-13.0603,8.4629
c22,holo_ens,6,9.8093,-7.2347,2.2474
c22,holo_ens,7,-13.4408,-10.8542,5.7384
c22,holo_ens,8,-1.6971,-14.2803,3.5324
c22,holo_ens,9,6.5761,-9.1478,2.5381
c22,holo_ens,10,10.0289,-1.5646,2.3950
c22,holo_ens,11,-9.5050,-17.0494,4.1479
c22,holo_ens,12,-4.8861,-21.0959,6.9454
c22,holo_ens,13,2.8566,-7.8069,2.2208
c22,holo_ens,14,22.7943,25.6537,12.2729
c22,holo_ens,15,7.5980,-4.2681,2.1937
c22,holo_ens,16,2.6365,0.9671,4.8468
c22,holo_ens,17,4.2019,-6.0599,2.9693
c22,holo_ens,18,8.7496,-5.0475,2.3958
c22,holo_ens,19,5.6542,-9.5722,3.3933
c22,holo_ens,20,3.3377,-6.2878,3.8247
c22,holo_ens,21,4.6389,-4.6912,4.3343
c22,holo_ens,22,8.5732,-9.3569,2.4511
c22,holo_ens,23,-5.3866,-9.8509,5.4045
c22,holo_ens,24,9.7667,-16.6818,3.3314
c22,holo_ens,25,1.4036,-13.0546,3.7139
c22,holo_ens,26,6.9900,-3.4565,2.0346
c22,holo_ens,27,11.0502,1.1140,2.4867
c22,holo_ens,28,6.3607,-7.7879,2.1665
c22,holo_ens,29,-36.9313,2.9725,6.8304
c22,holo_ens,30,4.3361,-0.1129,3.3503
c22,holo_ens,31,12.5257,-0.4067,2.2961
c22,holo_ens,32,19.1307,10.9387,7.4282
c22,holo_ens,33,8.0186,-5.0855,2.2298
c22,holo_ens,34,7.3559,-5.1206,2.8120
c22,holo_ens,35,-3.0868,18.9995,4.7254
c22,holo_ens,36,5.7544,-6.5872,2.2342
c22,holo_ens,37,-2.9289,-6.7516,5.1999
c22,holo_ens,38,9.7651,-12.3371,6.6604
c22,holo_ens,39,3.5336,-12.2684,2.1592
c22,holo_ens,40,-18.1049,-21.3406,6.9751
c22,holo_ens,41,-4.1090,-7.5790,5.7927
c22,holo_ens,42,5.4575,-3.0177,4.0046
c22,holo_ens,43,-0.5208,-7.1371,3.5914
c22,holo_ens,44,8.0574,-4.7224,5.2199
c22,holo_ens,45,8.2963,-6.3130,2.9099
c22,holo_ens,46,8.4969,-5.1046,3.0359
c22,holo_ens,47,1.2398,-10.0875,2.5211
c22,holo_ens,48,-4.1235,-16.1659,5.2155
c22,holo_ens,49,15.7929,-28.3510,7.2007
c22,holo_ens,50,15.7809,1.7262,2.7019
c22,holo_ens,51,9.4566,-11.1714,3.1326
c22,holo_ens,52,-11.4980,-8.1151,3.6580
c22,holo_ens,53,2.8270,-14.0808,2.4569
c22,holo_ens,54,7.2641,-24.5005,5.3449
c22,holo_ens,55,5.8729,-8.5134,3.7745
c22,holo_ens,56,7.0304,-5.7577,3.3669
c22,holo_ens,57,-0.0664,-2.2054,6.2756
c22,holo_ens,58,7.2273,-6.0034,2.2994
c22,holo_ens,59,1.7592,-13.3330,4.6337
c22,holo_ens,60,2.8367,-0.7144,3.1609
c22,holo_ens,61,7.7654,-7.4272,3.5053
c22,holo_ens,62,-5.5680,-7.2493,3.7978
c22,holo_ens,63,11.0852,-1.7266,2.5632
c22,holo_ens,64,9.8300,-3.5802,2.2167
c22,holo_ens,65,9.9009,-11.2600,2.6388
c22,holo_ens,66,-3.9982,-3.5511,4.5163
c22,holo_ens,67,11.0342,7.3458,5.0422
c22,holo_ens,68,5.3871,-0.8763,4.4720
c22,holo_ens,69,6.1438,-9.7344,3.1025
c22,holo_ens,70,10.2248,32.6588,10.2453
c22,holo_ens,71,-0.8072,-13.7848,4.5727
c22,holo_ens,72,5.5255,-5.4248,4.0209
c22,holo_ens,73,-17.3934,0.5517,5.3603
c22,holo_ens,74,5.8874,-4.8734,3.3140
c22,holo_ens,75,12.7897,-4.1693,2.2254
c22,holo_ens,76,-5.3346,-10.7786,4.9496
c22,holo_ens,77,2.0077,7.3499,7.5823
c22,holo_ens,78,7.6993,-6.3467,2.5393
c22,holo_ens,79,3.2574,10.9613,4.9844
c22,holo_ens,80,9.0079,-5.8551,1.9672
c22,holo_ens,81,8.3252,-7.4810,2.4993
c22,holo_ens,82,8.4509,3.0276,3.4896
c22,holo_ens,83,8.1319,-10.5697,2.4632
c22,holo_ens,84,5.9136,-11.9186,3.5040
c22,holo_ens,85,0.5971,-11.1566,2.5205
c22,holo_ens,86,-2.3412,-18.6623,3.5743
c22,holo_ens,87,2.8142,-2.4926,3.4716
c22,holo_ens,88,4.1070,-0.1243,3.8823
c22,holo_ens,89,14.2529,-3.4486,2.5918
c22,holo_ens,90,-4.4097,-10.8077,4.7833
c22,holo_ens,91,-3.5672,-17.2033,4.1249
c22,holo_ens,92,10.4080,-7.0091,1.9324
c22,holo_ens,93,11.0941,-9.1604,3.1788
c22,holo_ens,94,-17.9861,-20.9300,5.6829
c22,holo_ens,95,2.1259,-8.2134,2.5718
c22,holo_ens,96,5.1617,-0.7446,2.6816
c22,holo_ens,97,9.3210,-4.1120,2.5805
c22,holo_ens,98,-4.8332,-3.6676,4.0544
c22,holo_ens,99,-8.4849,-5.4244,7.2812
