err	crystal	crystal	/project2/rohs_102/shewchuk/TF-conformation/structures/source_chains/1lo1_chains/1lo1_dna.pdb	/project2/rohs_102/shewchuk/TF-conformation/analysis/analyses/dna_relax/pycurves/err/crystal
err	frozen	001	/project2/rohs_102/shewchuk/TF-conformation/output/stage3_min/err/1lo1_state_001.pdb	/project2/rohs_102/shewchuk/TF-conformation/analysis/analyses/dna_relax/pycurves/err/frozen_state_001
err	frozen	002	/project2/rohs_102/shewchuk/TF-conformation/output/stage3_min/err/1lo1_state_002.pdb	/project2/rohs_102/shewchuk/TF-conformation/analysis/analyses/dna_relax/pycurves/err/frozen_state_002
err	frozen	003	/project2/rohs_102/shewchuk/TF-conformation/output/stage3_min/err/1lo1_state_003.pdb	/project2/rohs_102/shewchuk/TF-conformation/analysis/analyses/dna_relax/pycurves/err/frozen_state_003
err	frozen	004	/project2/rohs_102/shewchuk/TF-conformation/output/stage3_min/err/1lo1_state_004.pdb	/project2/rohs_102/shewchuk/TF-conformation/analysis/analyses/dna_relax/pycurves/err/frozen_state_004
err	frozen	006	/project2/rohs_102/shewchuk/TF-conformation/output/stage3_min/err/1lo1_state_006.pdb	/project2/rohs_102/shewchuk/TF-conformation/analysis/analyses/dna_relax/pycurves/err/frozen_state_006
err	frozen	007	/project2/rohs_102/shewchuk/TF-conformation/output/stage3_min/err/1lo1_state_007.pdb	/project2/rohs_102/shewchuk/TF-conformation/analysis/analyses/dna_relax/pycurves/err/frozen_state_007
err	frozen	008	/project2/rohs_102/shewchuk/TF-conformation/output/stage3_min/err/1lo1_state_008.pdb	/project2/rohs_102/shewchuk/TF-conformation/analysis/analyses/dna_relax/pycurves/err/frozen_state_008
err	frozen	009	/project2/rohs_102/shewchuk/TF-conformation/output/stage3_min/err/1lo1_state_009.pdb	/project2/rohs_102/shewchuk/TF-conformation/analysis/analyses/dna_relax/pycurves/err/frozen_state_009
err	frozen	010	/project2/rohs_102/shewchuk/TF-conformation/output/stage3_min/err/1lo1_state_010.pdb	/project2/rohs_102/shewchuk/TF-conformation/analysis/analyses/dna_relax/pycurves/err/frozen_state_010
err	frozen	011	/project2/rohs_102/shewchuk/TF-conformation/output/stage3_min/err/1lo1_state_011.pdb	/project2/rohs_102/shewchuk/TF-conformation/analysis/analyses/dna_relax/pycurves/err/frozen_state_011
err	frozen	012	/project2/rohs_102/shewchuk/TF-conformation/output/stage3_min/err/1lo1_state_012.pdb	/project2/rohs_102/shewchuk/TF-conformation/analysis/analyses/dna_relax/pycurves/err/frozen_state_012
err	frozen	013	/project2/rohs_102/shewchuk/TF-conformation/output/stage3_min/err/1lo1_state_013.pdb	/project2/rohs_102/shewchuk/TF-conformation/analysis/analyses/dna_relax/pycurves/err/frozen_state_013
err	frozen	014	/project2/rohs_102/shewchuk/TF-conformation/output/stage3_min/err/1lo1_state_014.pdb	/project2/rohs_102/shewchuk/TF-conformation/analysis/analyses/dna_relax/pycurves/err/frozen_state_014
err	frozen	015	/project2/rohs_102/shewchuk/TF-conformation/output/stage3_min/err/1lo1_state_015.pdb	/project2/rohs_102/shewchuk/TF-conformation/analysis/analyses/dna_relax/pycurves/err/frozen_state_015
err	frozen	016	/project2/rohs_102/shewchuk/TF-conformation/output/stage3_min/err/1lo1_state_016.pdb	/project2/rohs_102/shewchuk/TF-conformation/analysis/analyses/dna_relax/pycurves/err/frozen_state_016
err	frozen	017	/project2/rohs_102/shewchuk/TF-conformation/output/stage3_min/err/1lo1_state_017.pdb	/project2/rohs_102/shewchuk/TF-conformation/analysis/analyses/dna_relax/pycurves/err/frozen_state_017
err	frozen	018	/project2/rohs_102/shewchuk/TF-conformation/output/stage3_min/err/1lo1_state_018.pdb	/project2/rohs_102/shewchuk/TF-conformation/analysis/analyses/dna_relax/pycurves/err/frozen_state_018
err	frozen	019	/project2/rohs_102/shewchuk/TF-conformation/output/stage3_min/err/1lo1_state_019.pdb	/project2/rohs_102/shewchuk/TF-conformation/analysis/analyses/dna_relax/pycurves/err/frozen_state_019
err	frozen	020	/project2/rohs_102/shewchuk/TF-conformation/output/stage3_min/err/1lo1_state_020.pdb	/project2/rohs_102/shewchuk/TF-conformation/analysis/analyses/dna_relax/pycurves/err/frozen_state_020
err	frozen	021	/project2/rohs_102/shewchuk/TF-conformation/output/stage3_min/err/1lo1_state_021.pdb	/project2/rohs_102/shewchuk/TF-conformation/analysis/analyses/dna_relax/pycurves/err/frozen_state_021
err	frozen	022	/project2/rohs_102/shewchuk/TF-conformation/output/stage3_min/err/1lo1_state_022.pdb	/project2/rohs_102/shewchuk/TF-conformation/analysis/analyses/dna_relax/pycurves/err/frozen_state_022
err	frozen	023	/project2/rohs_102/shewchuk/TF-conformation/output/stage3_min/err/1lo1_state_023.pdb	/project2/rohs_102/shewchuk/TF-conformation/analysis/analyses/dna_relax/pycurves/err/frozen_state_023
err	frozen	024	/project2/rohs_102/shewchuk/TF-conformation/output/stage3_min/err/1lo1_state_024.pdb	/project2/rohs_102/shewchuk/TF-conformation/analysis/analyses/dna_relax/pycurves/err/frozen_state_024
err	frozen	025	/project2/rohs_102/shewchuk/TF-conformation/output/stage3_min/err/1lo1_state_025.pdb	/project2/rohs_102/shewchuk/TF-conformation/analysis/analyses/dna_relax/pycurves/err/frozen_state_025
err	frozen	026	/project2/rohs_102/shewchuk/TF-conformation/output/stage3_min/err/1lo1_state_026.pdb	/project2/rohs_102/shewchuk/TF-conformation/analysis/analyses/dna_relax/pycurves/err/frozen_state_026
err	frozen	027	/project2/rohs_102/shewchuk/TF-conformation/output/stage3_min/err/1lo1_state_027.pdb	/project2/rohs_102/shewchuk/TF-conformation/analysis/analyses/dna_relax/pycurves/err/frozen_state_027
err	frozen	028	/project2/rohs_102/shewchuk/TF-conformation/output/stage3_min/err/1lo1_state_028.pdb	/project2/rohs_102/shewchuk/TF-conformation/analysis/analyses/dna_relax/pycurves/err/frozen_state_028
err	frozen	029	/project2/rohs_102/shewchuk/TF-conformation/output/stage3_min/err/1lo1_state_029.pdb	/project2/rohs_102/shewchuk/TF-conformation/analysis/analyses/dna_relax/pycurves/err/frozen_state_029
err	frozen	030	/project2/rohs_102/shewchuk/TF-conformation/output/stage3_min/err/1lo1_state_030.pdb	/project2/rohs_102/shewchuk/TF-conformation/analysis/analyses/dna_relax/pycurves/err/frozen_state_030
err	frozen	031	/project2/rohs_102/shewchuk/TF-conformation/output/stage3_min/err/1lo1_state_031.pdb	/project2/rohs_102/shewchuk/TF-conformation/analysis/analyses/dna_relax/pycurves/err/frozen_state_031
err	frozen	032	/project2/rohs_102/shewchuk/TF-conformation/output/stage3_min/err/1lo1_state_032.pdb	/project2/rohs_102/shewchuk/TF-conformation/analysis/analyses/dna_relax/pycurves/err/frozen_state_032
err	frozen	033	/project2/rohs_102/shewchuk/TF-conformation/output/stage3_min/err/1lo1_state_033.pdb	/project2/rohs_102/shewchuk/TF-conformation/analysis/analyses/dna_relax/pycurves/err/frozen_state_033
err	frozen	034	/project2/rohs_102/shewchuk/TF-conformation/output/stage3_min/err/1lo1_state_034.pdb	/project2/rohs_102/shewchuk/TF-conformation/analysis/analyses/dna_relax/pycurves/err/frozen_state_034
err	frozen	035	/project2/rohs_102/shewchuk/TF-conformation/output/stage3_min/err/1lo1_state_035.pdb	/project2/rohs_102/shewchuk/TF-conformation/analysis/analyses/dna_relax/pycurves/err/frozen_state_035
err	frozen	036	/project2/rohs_102/shewchuk/TF-conformation/output/stage3_min/err/1lo1_state_036.pdb	/project2/rohs_102/shewchuk/TF-conformation/analysis/analyses/dna_relax/pycurves/err/frozen_state_036
err	frozen	037	/project2/rohs_102/shewchuk/TF-conformation/output/stage3_min/err/1lo1_state_037.pdb	/project2/rohs_102/shewchuk/TF-conformation/analysis/analyses/dna_relax/pycurves/err/frozen_state_037
err	frozen	038	/project2/rohs_102/shewchuk/TF-conformation/output/stage3_min/err/1lo1_state_038.pdb	/project2/rohs_102/shewchuk/TF-conformation/analysis/analyses/dna_relax/pycurves/err/frozen_state_038
err	frozen	039	/project2/rohs_102/shewchuk/TF-conformation/output/stage3_min/err/1lo1_state_039.pdb	/project2/rohs_102/shewchuk/TF-conformation/analysis/analyses/dna_relax/pycurves/err/frozen_state_039
err	frozen	040	/project2/rohs_102/shewchuk/TF-conformation/output/stage3_min/err/1lo1_state_040.pdb	/project2/rohs_102/shewchuk/TF-conformation/analysis/analyses/dna_relax/pycurves/err/frozen_state_040
err	frozen	042	/project2/rohs_102/shewchuk/TF-conformation/output/stage3_min/err/1lo1_state_042.pdb	/project2/rohs_102/shewchuk/TF-conformation/analysis/analyses/dna_relax/pycurves/err/frozen_state_042
err	frozen	043	/project2/rohs_102/shewchuk/TF-conformation/output/stage3_min/err/1lo1_state_043.pdb	/project2/rohs_102/shewchuk/TF-conformation/analysis/analyses/dna_relax/pycurves/err/frozen_state_043
err	frozen	044	/project2/rohs_102/shewchuk/TF-conformation/output/stage3_min/err/1lo1_state_044.pdb	/project2/rohs_102/shewchuk/TF-conformation/analysis/analyses/dna_relax/pycurves/err/frozen_state_044
err	frozen	045	/project2/rohs_102/shewchuk/TF-conformation/output/stage3_min/err/1lo1_state_045.pdb	/project2/rohs_102/shewchuk/TF-conformation/analysis/analyses/dna_relax/pycurves/err/frozen_state_045
err	frozen	046	/project2/rohs_102/shewchuk/TF-conformation/output/stage3_min/err/1lo1_state_046.pdb	/project2/rohs_102/shewchuk/TF-conformation/analysis/analyses/dna_relax/pycurves/err/frozen_state_046
err	frozen	047	/project2/rohs_102/shewchuk/TF-conformation/output/stage3_min/err/1lo1_state_047.pdb	/project2/rohs_102/shewchuk/TF-conformation/analysis/analyses/dna_relax/pycurves/err/frozen_state_047
err	frozen	048	/project2/rohs_102/shewchuk/TF-conformation/output/stage3_min/err/1lo1_state_048.pdb	/project2/rohs_102/shewchuk/TF-conformation/analysis/analyses/dna_relax/pycurves/err/frozen_state_048
err	frozen	049	/project2/rohs_102/shewchuk/TF-conformation/output/stage3_min/err/1lo1_state_049.pdb	/project2/rohs_102/shewchuk/TF-conformation/analysis/analyses/dna_relax/pycurves/err/frozen_state_049
err	frozen	050	/project2/rohs_102/shewchuk/TF-conformation/output/stage3_min/err/1lo1_state_050.pdb	/project2/rohs_102/shewchuk/TF-conformation/analysis/analyses/dna_relax/pycurves/err/frozen_state_050
err	frozen	051	/project2/rohs_102/shewchuk/TF-conformation/output/stage3_min/err/1lo1_state_051.pdb	/project2/rohs_102/shewchuk/TF-conformation/analysis/analyses/dna_relax/pycurves/err/frozen_state_051
err	frozen	052	/project2/rohs_102/shewchuk/TF-conformation/output/stage3_min/err/1lo1_state_052.pdb	/project2/rohs_102/shewchuk/TF-conformation/analysis/analyses/dna_relax/pycurves/err/frozen_state_052
err	frozen	053	/project2/rohs_102/shewchuk/TF-conformation/output/stage3_min/err/1lo1_state_053.pdb	/project2/rohs_102/shewchuk/TF-conformation/analysis/analyses/dna_relax/pycurves/err/frozen_state_053
err	frozen	054	/project2/rohs_102/shewchuk/TF-conformation/output/stage3_min/err/1lo1_state_054.pdb	/project2/rohs_102/shewchuk/TF-conformation/analysis/analyses/dna_relax/pycurves/err/frozen_state_054
err	frozen	055	/project2/rohs_102/shewchuk/TF-conformation/output/stage3_min/err/1lo1_state_055.pdb	/project2/rohs_102/shewchuk/TF-conformation/analysis/analyses/dna_relax/pycurves/err/frozen_state_055
err	frozen	056	/project2/rohs_102/shewchuk/TF-conformation/output/stage3_min/err/1lo1_state_056.pdb	/project2/rohs_102/shewchuk/TF-conformation/analysis/analyses/dna_relax/pycurves/err/frozen_state_056
err	frozen	057	/project2/rohs_102/shewchuk/TF-conformation/output/stage3_min/err/1lo1_state_057.pdb	/project2/rohs_102/shewchuk/TF-conformation/analysis/analyses/dna_relax/pycurves/err/frozen_state_057
err	frozen	058	/project2/rohs_102/shewchuk/TF-conformation/output/stage3_min/err/1lo1_state_058.pdb	/project2/rohs_102/shewchuk/TF-conformation/analysis/analyses/dna_relax/pycurves/err/frozen_state_058
err	frozen	059	/project2/rohs_102/shewchuk/TF-conformation/output/stage3_min/err/1lo1_state_059.pdb	/project2/rohs_102/shewchuk/TF-conformation/analysis/analyses/dna_relax/pycurves/err/frozen_state_059
err	frozen	060	/project2/rohs_102/shewchuk/TF-conformation/output/stage3_min/err/1lo1_state_060.pdb	/project2/rohs_102/shewchuk/TF-conformation/analysis/analyses/dna_relax/pycurves/err/frozen_state_060
err	frozen	061	/project2/rohs_102/shewchuk/TF-conformation/output/stage3_min/err/1lo1_state_061.pdb	/project2/rohs_102/shewchuk/TF-conformation/analysis/analyses/dna_relax/pycurves/err/frozen_state_061
err	frozen	062	/project2/rohs_102/shewchuk/TF-conformation/output/stage3_min/err/1lo1_state_062.pdb	/project2/rohs_102/shewchuk/TF-conformation/analysis/analyses/dna_relax/pycurves/err/frozen_state_062
err	frozen	063	/project2/rohs_102/shewchuk/TF-conformation/output/stage3_min/err/1lo1_state_063.pdb	/project2/rohs_102/shewchuk/TF-conformation/analysis/analyses/dna_relax/pycurves/err/frozen_state_063
err	frozen	064	/project2/rohs_102/shewchuk/TF-conformation/output/stage3_min/err/1lo1_state_064.pdb	/project2/rohs_102/shewchuk/TF-conformation/analysis/analyses/dna_relax/pycurves/err/frozen_state_064
err	frozen	065	/project2/rohs_102/shewchuk/TF-conformation/output/stage3_min/err/1lo1_state_065.pdb	/project2/rohs_102/shewchuk/TF-conformation/analysis/analyses/dna_relax/pycurves/err/frozen_state_065
err	frozen	066	/project2/rohs_102/shewchuk/TF-conformation/output/stage3_min/err/1lo1_state_066.pdb	/project2/rohs_102/shewchuk/TF-conformation/analysis/analyses/dna_relax/pycurves/err/frozen_state_066
err	frozen	067	/project2/rohs_102/shewchuk/TF-conformation/output/stage3_min/err/1lo1_state_067.pdb	/project2/rohs_102/shewchuk/TF-conformation/analysis/analyses/dna_relax/pycurves/err/frozen_state_067
err	frozen	068	/project2/rohs_102/shewchuk/TF-conformation/output/stage3_min/err/1lo1_state_068.pdb	/project2/rohs_102/shewchuk/TF-conformation/analysis/analyses/dna_relax/pycurves/err/frozen_state_068
err	frozen	069	/project2/rohs_102/shewchuk/TF-conformation/output/stage3_min/err/1lo1_state_069.pdb	/project2/rohs_102/shewchuk/TF-conformation/analysis/analyses/dna_relax/pycurves/err/frozen_state_069
err	frozen	070	/project2/rohs_102/shewchuk/TF-conformation/output/stage3_min/err/1lo1_state_070.pdb	/project2/rohs_102/shewchuk/TF-conformation/analysis/analyses/dna_relax/pycurves/err/frozen_state_070
err	frozen	071	/project2/rohs_102/shewchuk/TF-conformation/output/stage3_min/err/1lo1_state_071.pdb	/project2/rohs_102/shewchuk/TF-conformation/analysis/analyses/dna_relax/pycurves/err/frozen_state_071
err	frozen	072	/project2/rohs_102/shewchuk/TF-conformation/output/stage3_min/err/1lo1_state_072.pdb	/project2/rohs_102/shewchuk/TF-conformation/analysis/analyses/dna_relax/pycurves/err/frozen_state_072
err	frozen	073	/project2/rohs_102/shewchuk/TF-conformation/output/stage3_min/err/1lo1_state_073.pdb	/project2/rohs_102/shewchuk/TF-conformation/analysis/analyses/dna_relax/pycurves/err/frozen_state_073
err	frozen	074	/project2/rohs_102/shewchuk/TF-conformation/output/stage3_min/err/1lo1_state_074.pdb	/project2/rohs_102/shewchuk/TF-conformation/analysis/analyses/dna_relax/pycurves/err/frozen_state_074
err	frozen	075	/project2/rohs_102/shewchuk/TF-conformation/output/stage3_min/err/1lo1_state_075.pdb	/project2/rohs_102/shewchuk/TF-conformation/analysis/analyses/dna_relax/pycurves/err/frozen_state_075
err	frozen	076	/project2/rohs_102/shewchuk/TF-conformation/output/stage3_min/err/1lo1_state_076.pdb	/project2/rohs_102/shewchuk/TF-conformation/analysis/analyses/dna_relax/pycurves/err/frozen_state_076
err	frozen	077	/project2/rohs_102/shewchuk/TF-conformation/output/stage3_min/err/1lo1_state_077.pdb	/project2/rohs_102/shewchuk/TF-conformation/analysis/analyses/dna_relax/pycurves/err/frozen_state_077
err	frozen	078	/project2/rohs_102/shewchuk/TF-conformation/output/stage3_min/err/1lo1_state_078.pdb	/project2/rohs_102/shewchuk/TF-conformation/analysis/analyses/dna_relax/pycurves/err/frozen_state_078
err	frozen	079	/project2/rohs_102/shewchuk/TF-conformation/output/stage3_min/err/1lo1_state_079.pdb	/project2/rohs_102/shewchuk/TF-conformation/analysis/analyses/dna_relax/pycurves/err/frozen_state_079
err	frozen	080	/project2/rohs_102/shewchuk/TF-conformation/output/stage3_min/err/1lo1_state_080.pdb	/project2/rohs_102/shewchuk/TF-conformation/analysis/analyses/dna_relax/pycurves/err/frozen_state_080
err	frozen	081	/project2/rohs_102/shewchuk/TF-conformation/output/stage3_min/err/1lo1_state_081.pdb	/project2/rohs_102/shewchuk/TF-conformation/analysis/analyses/dna_relax/pycurves/err/frozen_state_081
err	frozen	082	/project2/rohs_102/shewchuk/TF-conformation/output/stage3_min/err/1lo1_state_082.pdb	/project2/rohs_102/shewchuk/TF-conformation/analysis/analyses/dna_relax/pycurves/err/frozen_state_082
err	frozen	083	/project2/rohs_102/shewchuk/TF-conformation/output/stage3_min/err/1lo1_state_083.pdb	/project2/rohs_102/shewchuk/TF-conformation/analysis/analyses/dna_relax/pycurves/err/frozen_state_083
err	frozen	084	/project2/rohs_102/shewchuk/TF-conformation/output/stage3_min/err/1lo1_state_084.pdb	/project2/rohs_102/shewchuk/TF-conformation/analysis/analyses/dna_relax/pycurves/err/frozen_state_084
err	frozen	085	/project2/rohs_102/shewchuk/TF-conformation/output/stage3_min/err/1lo1_state_085.pdb	/project2/rohs_102/shewchuk/TF-conformation/analysis/analyses/dna_relax/pycurves/err/frozen_state_085
err	frozen	086	/project2/rohs_102/shewchuk/TF-conformation/output/stage3_min/err/1lo1_state_086.pdb	/project2/rohs_102/shewchuk/TF-conformation/analysis/analyses/dna_relax/pycurves/err/frozen_state_086
err	frozen	087	/project2/rohs_102/shewchuk/TF-conformation/output/stage3_min/err/1lo1_state_087.pdb	/project2/rohs_102/shewchuk/TF-conformation/analysis/analyses/dna_relax/pycurves/err/frozen_state_087
err	frozen	088	/project2/rohs_102/shewchuk/TF-conformation/output/stage3_min/err/1lo1_state_088.pdb	/project2/rohs_102/shewchuk/TF-conformation/analysis/analyses/dna_relax/pycurves/err/frozen_state_088
err	frozen	089	/project2/rohs_102/shewchuk/TF-conformation/output/stage3_min/err/1lo1_state_089.pdb	/project2/rohs_102/shewchuk/TF-conformation/analysis/analyses/dna_relax/pycurves/err/frozen_state_089
err	frozen	090	/project2/rohs_102/shewchuk/TF-conformation/output/stage3_min/err/1lo1_state_090.pdb	/project2/rohs_102/shewchuk/TF-conformation/analysis/analyses/dna_relax/pycurves/err/frozen_state_090
err	frozen	091	/project2/rohs_102/shewchuk/TF-conformation/output/stage3_min/err/1lo1_state_091.pdb	/project2/rohs_102/shewchuk/TF-conformation/analysis/analyses/dna_relax/pycurves/err/frozen_state_091
err	frozen	092	/project2/rohs_102/shewchuk/TF-conformation/output/stage3_min/err/1lo1_state_092.pdb	/project2/rohs_102/shewchuk/TF-conformation/analysis/analyses/dna_relax/pycurves/err/frozen_state_092
err	relaxed	001	/project2/rohs_102/shewchuk/TF-conformation/output/stage3_min_dnarelax/err/1lo1_state_001.pdb	/project2/rohs_102/shewchuk/TF-conformation/analysis/analyses/dna_relax/pycurves/err/relaxed_state_001
err	relaxed	002	/project2/rohs_102/shewchuk/TF-conformation/output/stage3_min_dnarelax/err/1lo1_state_002.pdb	/project2/rohs_102/shewchuk/TF-conformation/analysis/analyses/dna_relax/pycurves/err/relaxed_state_002
err	relaxed	003	/project2/rohs_102/shewchuk/TF-conformation/output/stage3_min_dnarelax/err/1lo1_state_003.pdb	/project2/rohs_102/shewchuk/TF-conformation/analysis/analyses/dna_relax/pycurves/err/relaxed_state_003
err	relaxed	004	/project2/rohs_102/shewchuk/TF-conformation/output/stage3_min_dnarelax/err/1lo1_state_004.pdb	/project2/rohs_102/shewchuk/TF-conformation/analysis/analyses/dna_relax/pycurves/err/relaxed_state_004
err	relaxed	005	/project2/rohs_102/shewchuk/TF-conformation/output/stage3_min_dnarelax/err/1lo1_state_005.pdb	/project2/rohs_102/shewchuk/TF-conformation/analysis/analyses/dna_relax/pycurves/err/relaxed_state_005
err	relaxed	006	/project2/rohs_102/shewchuk/TF-conformation/output/stage3_min_dnarelax/err/1lo1_state_006.pdb	/project2/rohs_102/shewchuk/TF-conformation/analysis/analyses/dna_relax/pycurves/err/relaxed_state_006
err	relaxed	007	/project2/rohs_102/shewchuk/TF-conformation/output/stage3_min_dnarelax/err/1lo1_state_007.pdb	/project2/rohs_102/shewchuk/TF-conformation/analysis/analyses/dna_relax/pycurves/err/relaxed_state_007
err	relaxed	008	/project2/rohs_102/shewchuk/TF-conformation/output/stage3_min_dnarelax/err/1lo1_state_008.pdb	/project2/rohs_102/shewchuk/TF-conformation/analysis/analyses/dna_relax/pycurves/err/relaxed_state_008
err	relaxed	009	/project2/rohs_102/shewchuk/TF-conformation/output/stage3_min_dnarelax/err/1lo1_state_009.pdb	/project2/rohs_102/shewchuk/TF-conformation/analysis/analyses/dna_relax/pycurves/err/relaxed_state_009
err	relaxed	010	/project2/rohs_102/shewchuk/TF-conformation/output/stage3_min_dnarelax/err/1lo1_state_010.pdb	/project2/rohs_102/shewchuk/TF-conformation/analysis/analyses/dna_relax/pycurves/err/relaxed_state_010
err	relaxed	011	/project2/rohs_102/shewchuk/TF-conformation/output/stage3_min_dnarelax/err/1lo1_state_011.pdb	/project2/rohs_102/shewchuk/TF-conformation/analysis/analyses/dna_relax/pycurves/err/relaxed_state_011
err	relaxed	012	/project2/rohs_102/shewchuk/TF-conformation/output/stage3_min_dnarelax/err/1lo1_state_012.pdb	/project2/rohs_102/shewchuk/TF-conformation/analysis/analyses/dna_relax/pycurves/err/relaxed_state_012
err	relaxed	013	/project2/rohs_102/shewchuk/TF-conformation/output/stage3_min_dnarelax/err/1lo1_state_013.pdb	/project2/rohs_102/shewchuk/TF-conformation/analysis/analyses/dna_relax/pycurves/err/relaxed_state_013
err	relaxed	014	/project2/rohs_102/shewchuk/TF-conformation/output/stage3_min_dnarelax/err/1lo1_state_014.pdb	/project2/rohs_102/shewchuk/TF-conformation/analysis/analyses/dna_relax/pycurves/err/relaxed_state_014
err	relaxed	015	/project2/rohs_102/shewchuk/TF-conformation/output/stage3_min_dnarelax/err/1lo1_state_015.pdb	/project2/rohs_102/shewchuk/TF-conformation/analysis/analyses/dna_relax/pycurves/err/relaxed_state_015
err	relaxed	016	/project2/rohs_102/shewchuk/TF-conformation/output/stage3_min_dnarelax/err/1lo1_state_016.pdb	/project2/rohs_102/shewchuk/TF-conformation/analysis/analyses/dna_relax/pycurves/err/relaxed_state_016
err	relaxed	017	/project2/rohs_102/shewchuk/TF-conformation/output/stage3_min_dnarelax/err/1lo1_state_017.pdb	/project2/rohs_102/shewchuk/TF-conformation/analysis/analyses/dna_relax/pycurves/err/relaxed_state_017
err	relaxed	018	/project2/rohs_102/shewchuk/TF-conformation/output/stage3_min_dnarelax/err/1lo1_state_018.pdb	/project2/rohs_102/shewchuk/TF-conformation/analysis/analyses/dna_relax/pycurves/err/relaxed_state_018
err	relaxed	019	/project2/rohs_102/shewchuk/TF-conformation/output/stage3_min_dnarelax/err/1lo1_state_019.pdb	/project2/rohs_102/shewchuk/TF-conformation/analysis/analyses/dna_relax/pycurves/err/relaxed_state_019
err	relaxed	020	/project2/rohs_102/shewchuk/TF-conformation/output/stage3_min_dnarelax/err/1lo1_state_020.pdb	/project2/rohs_102/shewchuk/TF-conformation/analysis/analyses/dna_relax/pycurves/err/relaxed_state_020
err	relaxed	021	/project2/rohs_102/shewchuk/TF-conformation/output/stage3_min_dnarelax/err/1lo1_state_021.pdb	/project2/rohs_102/shewchuk/TF-conformation/analysis/analyses/dna_relax/pycurves/err/relaxed_state_021
err	relaxed	022	/project2/rohs_102/shewchuk/TF-conformation/output/stage3_min_dnarelax/err/1lo1_state_022.pdb	/project2/rohs_102/shewchuk/TF-conformation/analysis/analyses/dna_relax/pycurves/err/relaxed_state_022
err	relaxed	023	/project2/rohs_102/shewchuk/TF-conformation/output/stage3_min_dnarelax/err/1lo1_state_023.pdb	/project2/rohs_102/shewchuk/TF-conformation/analysis/analyses/dna_relax/pycurves/err/relaxed_state_023
err	relaxed	024	/project2/rohs_102/shewchuk/TF-conformation/output/stage3_min_dnarelax/err/1lo1_state_024.pdb	/project2/rohs_102/shewchuk/TF-conformation/analysis/analyses/dna_relax/pycurves/err/relaxed_state_024
err	relaxed	025	/project2/rohs_102/shewchuk/TF-conformation/output/stage3_min_dnarelax/err/1lo1_state_025.pdb	/project2/rohs_102/shewchuk/TF-conformation/analysis/analyses/dna_relax/pycurves/err/relaxed_state_025
err	relaxed	026	/project2/rohs_102/shewchuk/TF-conformation/output/stage3_min_dnarelax/err/1lo1_state_026.pdb	/project2/rohs_102/shewchuk/TF-conformation/analysis/analyses/dna_relax/pycurves/err/relaxed_state_026
err	relaxed	027	/project2/rohs_102/shewchuk/TF-conformation/output/stage3_min_dnarelax/err/1lo1_state_027.pdb	/project2/rohs_102/shewchuk/TF-conformation/analysis/analyses/dna_relax/pycurves/err/relaxed_state_027
err	relaxed	028	/project2/rohs_102/shewchuk/TF-conformation/output/stage3_min_dnarelax/err/1lo1_state_028.pdb	/project2/rohs_102/shewchuk/TF-conformation/analysis/analyses/dna_relax/pycurves/err/relaxed_state_028
err	relaxed	029	/project2/rohs_102/shewchuk/TF-conformation/output/stage3_min_dnarelax/err/1lo1_state_029.pdb	/project2/rohs_102/shewchuk/TF-conformation/analysis/analyses/dna_relax/pycurves/err/relaxed_state_029
err	relaxed	030	/project2/rohs_102/shewchuk/TF-conformation/output/stage3_min_dnarelax/err/1lo1_state_030.pdb	/project2/rohs_102/shewchuk/TF-conformation/analysis/analyses/dna_relax/pycurves/err/relaxed_state_030
err	relaxed	031	/project2/rohs_102/shewchuk/TF-conformation/output/stage3_min_dnarelax/err/1lo1_state_031.pdb	/project2/rohs_102/shewchuk/TF-conformation/analysis/analyses/dna_relax/pycurves/err/relaxed_state_031
err	relaxed	032	/project2/rohs_102/shewchuk/TF-conformation/output/stage3_min_dnarelax/err/1lo1_state_032.pdb	/project2/rohs_102/shewchuk/TF-conformation/analysis/analyses/dna_relax/pycurves/err/relaxed_state_032
err	relaxed	033	/project2/rohs_102/shewchuk/TF-conformation/output/stage3_min_dnarelax/err/1lo1_state_033.pdb	/project2/rohs_102/shewchuk/TF-conformation/analysis/analyses/dna_relax/pycurves/err/relaxed_state_033
err	relaxed	034	/project2/rohs_102/shewchuk/TF-conformation/output/stage3_min_dnarelax/err/1lo1_state_034.pdb	/project2/rohs_102/shewchuk/TF-conformation/analysis/analyses/dna_relax/pycurves/err/relaxed_state_034
err	relaxed	035	/project2/rohs_102/shewchuk/TF-conformation/output/stage3_min_dnarelax/err/1lo1_state_035.pdb	/project2/rohs_102/shewchuk/TF-conformation/analysis/analyses/dna_relax/pycurves/err/relaxed_state_035
err	relaxed	036	/project2/rohs_102/shewchuk/TF-conformation/output/stage3_min_dnarelax/err/1lo1_state_036.pdb	/project2/rohs_102/shewchuk/TF-conformation/analysis/analyses/dna_relax/pycurves/err/relaxed_state_036
err	relaxed	037	/project2/rohs_102/shewchuk/TF-conformation/output/stage3_min_dnarelax/err/1lo1_state_037.pdb	/project2/rohs_102/shewchuk/TF-conformation/analysis/analyses/dna_relax/pycurves/err/relaxed_state_037
err	relaxed	038	/project2/rohs_102/shewchuk/TF-conformation/output/stage3_min_dnarelax/err/1lo1_state_038.pdb	/project2/rohs_102/shewchuk/TF-conformation/analysis/analyses/dna_relax/pycurves/err/relaxed_state_038
err	relaxed	039	/project2/rohs_102/shewchuk/TF-conformation/output/stage3_min_dnarelax/err/1lo1_state_039.pdb	/project2/rohs_102/shewchuk/TF-conformation/analysis/analyses/dna_relax/pycurves/err/relaxed_state_039
err	relaxed	040	/project2/rohs_102/shewchuk/TF-conformation/output/stage3_min_dnarelax/err/1lo1_state_040.pdb	/project2/rohs_102/shewchuk/TF-conformation/analysis/analyses/dna_relax/pycurves/err/relaxed_state_040
err	relaxed	041	/project2/rohs_102/shewchuk/TF-conformation/output/stage3_min_dnarelax/err/1lo1_state_041.pdb	/project2/rohs_102/shewchuk/TF-conformation/analysis/analyses/dna_relax/pycurves/err/relaxed_state_041
err	relaxed	042	/project2/rohs_102/shewchuk/TF-conformation/output/stage3_min_dnarelax/err/1lo1_state_042.pdb	/project2/rohs_102/shewchuk/TF-conformation/analysis/analyses/dna_relax/pycurves/err/relaxed_state_042
err	relaxed	043	/project2/rohs_102/shewchuk/TF-conformation/output/stage3_min_dnarelax/err/1lo1_state_043.pdb	/project2/rohs_102/shewchuk/TF-conformation/analysis/analyses/dna_relax/pycurves/err/relaxed_state_043
err	relaxed	044	/project2/rohs_102/shewchuk/TF-conformation/output/stage3_min_dnarelax/err/1lo1_state_044.pdb	/project2/rohs_102/shewchuk/TF-conformation/analysis/analyses/dna_relax/pycurves/err/relaxed_state_044
err	relaxed	045	/project2/rohs_102/shewchuk/TF-conformation/output/stage3_min_dnarelax/err/1lo1_state_045.pdb	/project2/rohs_102/shewchuk/TF-conformation/analysis/analyses/dna_relax/pycurves/err/relaxed_state_045
err	relaxed	046	/project2/rohs_102/shewchuk/TF-conformation/output/stage3_min_dnarelax/err/1lo1_state_046.pdb	/project2/rohs_102/shewchuk/TF-conformation/analysis/analyses/dna_relax/pycurves/err/relaxed_state_046
err	relaxed	047	/project2/rohs_102/shewchuk/TF-conformation/output/stage3_min_dnarelax/err/1lo1_state_047.pdb	/project2/rohs_102/shewchuk/TF-conformation/analysis/analyses/dna_relax/pycurves/err/relaxed_state_047
err	relaxed	048	/project2/rohs_102/shewchuk/TF-conformation/output/stage3_min_dnarelax/err/1lo1_state_048.pdb	/project2/rohs_102/shewchuk/TF-conformation/analysis/analyses/dna_relax/pycurves/err/relaxed_state_048
err	relaxed	049	/project2/rohs_102/shewchuk/TF-conformation/output/stage3_min_dnarelax/err/1lo1_state_049.pdb	/project2/rohs_102/shewchuk/TF-conformation/analysis/analyses/dna_relax/pycurves/err/relaxed_state_049
err	relaxed	050	/project2/rohs_102/shewchuk/TF-conformation/output/stage3_min_dnarelax/err/1lo1_state_050.pdb	/project2/rohs_102/shewchuk/TF-conformation/analysis/analyses/dna_relax/pycurves/err/relaxed_state_050
err	relaxed	051	/project2/rohs_102/shewchuk/TF-conformation/output/stage3_min_dnarelax/err/1lo1_state_051.pdb	/project2/rohs_102/shewchuk/TF-conformation/analysis/analyses/dna_relax/pycurves/err/relaxed_state_051
err	relaxed	052	/project2/rohs_102/shewchuk/TF-conformation/output/stage3_min_dnarelax/err/1lo1_state_052.pdb	/project2/rohs_102/shewchuk/TF-conformation/analysis/analyses/dna_relax/pycurves/err/relaxed_state_052
err	relaxed	053	/project2/rohs_102/shewchuk/TF-conformation/output/stage3_min_dnarelax/err/1lo1_state_053.pdb	/project2/rohs_102/shewchuk/TF-conformation/analysis/analyses/dna_relax/pycurves/err/relaxed_state_053
err	relaxed	054	/project2/rohs_102/shewchuk/TF-conformation/output/stage3_min_dnarelax/err/1lo1_state_054.pdb	/project2/rohs_102/shewchuk/TF-conformation/analysis/analyses/dna_relax/pycurves/err/relaxed_state_054
err	relaxed	055	/project2/rohs_102/shewchuk/TF-conformation/output/stage3_min_dnarelax/err/1lo1_state_055.pdb	/project2/rohs_102/shewchuk/TF-conformation/analysis/analyses/dna_relax/pycurves/err/relaxed_state_055
err	relaxed	056	/project2/rohs_102/shewchuk/TF-conformation/output/stage3_min_dnarelax/err/1lo1_state_056.pdb	/project2/rohs_102/shewchuk/TF-conformation/analysis/analyses/dna_relax/pycurves/err/relaxed_state_056
err	relaxed	057	/project2/rohs_102/shewchuk/TF-conformation/output/stage3_min_dnarelax/err/1lo1_state_057.pdb	/project2/rohs_102/shewchuk/TF-conformation/analysis/analyses/dna_relax/pycurves/err/relaxed_state_057
err	relaxed	058	/project2/rohs_102/shewchuk/TF-conformation/output/stage3_min_dnarelax/err/1lo1_state_058.pdb	/project2/rohs_102/shewchuk/TF-conformation/analysis/analyses/dna_relax/pycurves/err/relaxed_state_058
err	relaxed	059	/project2/rohs_102/shewchuk/TF-conformation/output/stage3_min_dnarelax/err/1lo1_state_059.pdb	/project2/rohs_102/shewchuk/TF-conformation/analysis/analyses/dna_relax/pycurves/err/relaxed_state_059
err	relaxed	060	/project2/rohs_102/shewchuk/TF-conformation/output/stage3_min_dnarelax/err/1lo1_state_060.pdb	/project2/rohs_102/shewchuk/TF-conformation/analysis/analyses/dna_relax/pycurves/err/relaxed_state_060
err	relaxed	061	/project2/rohs_102/shewchuk/TF-conformation/output/stage3_min_dnarelax/err/1lo1_state_061.pdb	/project2/rohs_102/shewchuk/TF-conformation/analysis/analyses/dna_relax/pycurves/err/relaxed_state_061
err	relaxed	062	/project2/rohs_102/shewchuk/TF-conformation/output/stage3_min_dnarelax/err/1lo1_state_062.pdb	/project2/rohs_102/shewchuk/TF-conformation/analysis/analyses/dna_relax/pycurves/err/relaxed_state_062
err	relaxed	063	/project2/rohs_102/shewchuk/TF-conformation/output/stage3_min_dnarelax/err/1lo1_state_063.pdb	/project2/rohs_102/shewchuk/TF-conformation/analysis/analyses/dna_relax/pycurves/err/relaxed_state_063
err	relaxed	064	/project2/rohs_102/shewchuk/TF-conformation/output/stage3_min_dnarelax/err/1lo1_state_064.pdb	/project2/rohs_102/shewchuk/TF-conformation/analysis/analyses/dna_relax/pycurves/err/relaxed_state_064
err	relaxed	065	/project2/rohs_102/shewchuk/TF-conformation/output/stage3_min_dnarelax/err/1lo1_state_065.pdb	/project2/rohs_102/shewchuk/TF-conformation/analysis/analyses/dna_relax/pycurves/err/relaxed_state_065
err	relaxed	066	/project2/rohs_102/shewchuk/TF-conformation/output/stage3_min_dnarelax/err/1lo1_state_066.pdb	/project2/rohs_102/shewchuk/TF-conformation/analysis/analyses/dna_relax/pycurves/err/relaxed_state_066
err	relaxed	067	/project2/rohs_102/shewchuk/TF-conformation/output/stage3_min_dnarelax/err/1lo1_state_067.pdb	/project2/rohs_102/shewchuk/TF-conformation/analysis/analyses/dna_relax/pycurves/err/relaxed_state_067
err	relaxed	068	/project2/rohs_102/shewchuk/TF-conformation/output/stage3_min_dnarelax/err/1lo1_state_068.pdb	/project2/rohs_102/shewchuk/TF-conformation/analysis/analyses/dna_relax/pycurves/err/relaxed_state_068
err	relaxed	069	/project2/rohs_102/shewchuk/TF-conformation/output/stage3_min_dnarelax/err/1lo1_state_069.pdb	/project2/rohs_102/shewchuk/TF-conformation/analysis/analyses/dna_relax/pycurves/err/relaxed_state_069
err	relaxed	070	/project2/rohs_102/shewchuk/TF-conformation/output/stage3_min_dnarelax/err/1lo1_state_070.pdb	/project2/rohs_102/shewchuk/TF-conformation/analysis/analyses/dna_relax/pycurves/err/relaxed_state_070
err	relaxed	071	/project2/rohs_102/shewchuk/TF-conformation/output/stage3_min_dnarelax/err/1lo1_state_071.pdb	/project2/rohs_102/shewchuk/TF-conformation/analysis/analyses/dna_relax/pycurves/err/relaxed_state_071
err	relaxed	072	/project2/rohs_102/shewchuk/TF-conformation/output/stage3_min_dnarelax/err/1lo1_state_072.pdb	/project2/rohs_102/shewchuk/TF-conformation/analysis/analyses/dna_relax/pycurves/err/relaxed_state_072
err	relaxed	073	/project2/rohs_102/shewchuk/TF-conformation/output/stage3_min_dnarelax/err/1lo1_state_073.pdb	/project2/rohs_102/shewchuk/TF-conformation/analysis/analyses/dna_relax/pycurves/err/relaxed_state_073
err	relaxed	074	/project2/rohs_102/shewchuk/TF-conformation/output/stage3_min_dnarelax/err/1lo1_state_074.pdb	/project2/rohs_102/shewchuk/TF-conformation/analysis/analyses/dna_relax/pycurves/err/relaxed_state_074
err	relaxed	075	/project2/rohs_102/shewchuk/TF-conformation/output/stage3_min_dnarelax/err/1lo1_state_075.pdb	/project2/rohs_102/shewchuk/TF-conformation/analysis/analyses/dna_relax/pycurves/err/relaxed_state_075
err	relaxed	076	/project2/rohs_102/shewchuk/TF-conformation/output/stage3_min_dnarelax/err/1lo1_state_076.pdb	/project2/rohs_102/shewchuk/TF-conformation/analysis/analyses/dna_relax/pycurves/err/relaxed_state_076
err	relaxed	077	/project2/rohs_102/shewchuk/TF-conformation/output/stage3_min_dnarelax/err/1lo1_state_077.pdb	/project2/rohs_102/shewchuk/TF-conformation/analysis/analyses/dna_relax/pycurves/err/relaxed_state_077
err	relaxed	078	/project2/rohs_102/shewchuk/TF-conformation/output/stage3_min_dnarelax/err/1lo1_state_078.pdb	/project2/rohs_102/shewchuk/TF-conformation/analysis/analyses/dna_relax/pycurves/err/relaxed_state_078
err	relaxed	079	/project2/rohs_102/shewchuk/TF-conformation/output/stage3_min_dnarelax/err/1lo1_state_079.pdb	/project2/rohs_102/shewchuk/TF-conformation/analysis/analyses/dna_relax/pycurves/err/relaxed_state_079
err	relaxed	080	/project2/rohs_102/shewchuk/TF-conformation/output/stage3_min_dnarelax/err/1lo1_state_080.pdb	/project2/rohs_102/shewchuk/TF-conformation/analysis/analyses/dna_relax/pycurves/err/relaxed_state_080
err	relaxed	081	/project2/rohs_102/shewchuk/TF-conformation/output/stage3_min_dnarelax/err/1lo1_state_081.pdb	/project2/rohs_102/shewchuk/TF-conformation/analysis/analyses/dna_relax/pycurves/err/relaxed_state_081
err	relaxed	082	/project2/rohs_102/shewchuk/TF-conformation/output/stage3_min_dnarelax/err/1lo1_state_082.pdb	/project2/rohs_102/shewchuk/TF-conformation/analysis/analyses/dna_relax/pycurves/err/relaxed_state_082
err	relaxed	083	/project2/rohs_102/shewchuk/TF-conformation/output/stage3_min_dnarelax/err/1lo1_state_083.pdb	/project2/rohs_102/shewchuk/TF-conformation/analysis/analyses/dna_relax/pycurves/err/relaxed_state_083
err	relaxed	084	/project2/rohs_102/shewchuk/TF-conformation/output/stage3_min_dnarelax/err/1lo1_state_084.pdb	/project2/rohs_102/shewchuk/TF-conformation/analysis/analyses/dna_relax/pycurves/err/relaxed_state_084
err	relaxed	085	/project2/rohs_102/shewchuk/TF-conformation/output/stage3_min_dnarelax/err/1lo1_state_085.pdb	/project2/rohs_102/shewchuk/TF-conformation/analysis/analyses/dna_relax/pycurves/err/relaxed_state_085
err	relaxed	086	/project2/rohs_102/shewchuk/TF-conformation/output/stage3_min_dnarelax/err/1lo1_state_086.pdb	/project2/rohs_102/shewchuk/TF-conformation/analysis/analyses/dna_relax/pycurves/err/relaxed_state_086
err	relaxed	087	/project2/rohs_102/shewchuk/TF-conformation/output/stage3_min_dnarelax/err/1lo1_state_087.pdb	/project2/rohs_102/shewchuk/TF-conformation/analysis/analyses/dna_relax/pycurves/err/relaxed_state_087
err	relaxed	088	/project2/rohs_102/shewchuk/TF-conformation/output/stage3_min_dnarelax/err/1lo1_state_088.pdb	/project2/rohs_102/shewchuk/TF-conformation/analysis/analyses/dna_relax/pycurves/err/relaxed_state_088
err	relaxed	089	/project2/rohs_102/shewchuk/TF-conformation/output/stage3_min_dnarelax/err/1lo1_state_089.pdb	/project2/rohs_102/shewchuk/TF-conformation/analysis/analyses/dna_relax/pycurves/err/relaxed_state_089
err	relaxed	090	/project2/rohs_102/shewchuk/TF-conformation/output/stage3_min_dnarelax/err/1lo1_state_090.pdb	/project2/rohs_102/shewchuk/TF-conformation/analysis/analyses/dna_relax/pycurves/err/relaxed_state_090
err	relaxed	091	/project2/rohs_102/shewchuk/TF-conformation/output/stage3_min_dnarelax/err/1lo1_state_091.pdb	/project2/rohs_102/shewchuk/TF-conformation/analysis/analyses/dna_relax/pycurves/err/relaxed_state_091
err	relaxed	092	/project2/rohs_102/shewchuk/TF-conformation/output/stage3_min_dnarelax/err/1lo1_state_092.pdb	/project2/rohs_102/shewchuk/TF-conformation/analysis/analyses/dna_relax/pycurves/err/relaxed_state_092
runx	crystal	crystal	/project2/rohs_102/shewchuk/TF-conformation/structures/source_chains/1hjc_chains/1hjc_dna.pdb	/project2/rohs_102/shewchuk/TF-conformation/analysis/analyses/dna_relax/pycurves/runx/crystal
runx	frozen	001	/project2/rohs_102/shewchuk/TF-conformation/output/stage3_min/runx/1hjc_state_001.pdb	/project2/rohs_102/shewchuk/TF-conformation/analysis/analyses/dna_relax/pycurves/runx/frozen_state_001
runx	frozen	002	/project2/rohs_102/shewchuk/TF-conformation/output/stage3_min/runx/1hjc_state_002.pdb	/project2/rohs_102/shewchuk/TF-conformation/analysis/analyses/dna_relax/pycurves/runx/frozen_state_002
runx	frozen	003	/project2/rohs_102/shewchuk/TF-conformation/output/stage3_min/runx/1hjc_state_003.pdb	/project2/rohs_102/shewchuk/TF-conformation/analysis/analyses/dna_relax/pycurves/runx/frozen_state_003
runx	frozen	004	/project2/rohs_102/shewchuk/TF-conformation/output/stage3_min/runx/1hjc_state_004.pdb	/project2/rohs_102/shewchuk/TF-conformation/analysis/analyses/dna_relax/pycurves/runx/frozen_state_004
runx	frozen	005	/project2/rohs_102/shewchuk/TF-conformation/output/stage3_min/runx/1hjc_state_005.pdb	/project2/rohs_102/shewchuk/TF-conformation/analysis/analyses/dna_relax/pycurves/runx/frozen_state_005
runx	frozen	006	/project2/rohs_102/shewchuk/TF-conformation/output/stage3_min/runx/1hjc_state_006.pdb	/project2/rohs_102/shewchuk/TF-conformation/analysis/analyses/dna_relax/pycurves/runx/frozen_state_006
runx	frozen	007	/project2/rohs_102/shewchuk/TF-conformation/output/stage3_min/runx/1hjc_state_007.pdb	/project2/rohs_102/shewchuk/TF-conformation/analysis/analyses/dna_relax/pycurves/runx/frozen_state_007
runx	frozen	008	/project2/rohs_102/shewchuk/TF-conformation/output/stage3_min/runx/1hjc_state_008.pdb	/project2/rohs_102/shewchuk/TF-conformation/analysis/analyses/dna_relax/pycurves/runx/frozen_state_008
runx	frozen	009	/project2/rohs_102/shewchuk/TF-conformation/output/stage3_min/runx/1hjc_state_009.pdb	/project2/rohs_102/shewchuk/TF-conformation/analysis/analyses/dna_relax/pycurves/runx/frozen_state_009
runx	frozen	010	/project2/rohs_102/shewchuk/TF-conformation/output/stage3_min/runx/1hjc_state_010.pdb	/project2/rohs_102/shewchuk/TF-conformation/analysis/analyses/dna_relax/pycurves/runx/frozen_state_010
runx	frozen	011	/project2/rohs_102/shewchuk/TF-conformation/output/stage3_min/runx/1hjc_state_011.pdb	/project2/rohs_102/shewchuk/TF-conformation/analysis/analyses/dna_relax/pycurves/runx/frozen_state_011
runx	frozen	012	/project2/rohs_102/shewchuk/TF-conformation/output/stage3_min/runx/1hjc_state_012.pdb	/project2/rohs_102/shewchuk/TF-conformation/analysis/analyses/dna_relax/pycurves/runx/frozen_state_012
runx	frozen	013	/project2/rohs_102/shewchuk/TF-conformation/output/stage3_min/runx/1hjc_state_013.pdb	/project2/rohs_102/shewchuk/TF-conformation/analysis/analyses/dna_relax/pycurves/runx/frozen_state_013
runx	frozen	014	/project2/rohs_102/shewchuk/TF-conformation/output/stage3_min/runx/1hjc_state_014.pdb	/project2/rohs_102/shewchuk/TF-conformation/analysis/analyses/dna_relax/pycurves/runx/frozen_state_014
runx	frozen	015	/project2/rohs_102/shewchuk/TF-conformation/output/stage3_min/runx/1hjc_state_015.pdb	/project2/rohs_102/shewchuk/TF-conformation/analysis/analyses/dna_relax/pycurves/runx/frozen_state_015
runx	frozen	016	/project2/rohs_102/shewchuk/TF-conformation/output/stage3_min/runx/1hjc_state_016.pdb	/project2/rohs_102/shewchuk/TF-conformation/analysis/analyses/dna_relax/pycurves/runx/frozen_state_016
runx	frozen	017	/project2/rohs_102/shewchuk/TF-conformation/output/stage3_min/runx/1hjc_state_017.pdb	/project2/rohs_102/shewchuk/TF-conformation/analysis/analyses/dna_relax/pycurves/runx/frozen_state_017
runx	frozen	018	/project2/rohs_102/shewchuk/TF-conformation/output/stage3_min/runx/1hjc_state_018.pdb	/project2/rohs_102/shewchuk/TF-conformation/analysis/analyses/dna_relax/pycurves/runx/frozen_state_018
runx	frozen	019	/project2/rohs_102/shewchuk/TF-conformation/output/stage3_min/runx/1hjc_state_019.pdb	/project2/rohs_102/shewchuk/TF-conformation/analysis/analyses/dna_relax/pycurves/runx/frozen_state_019
runx	frozen	020	/project2/rohs_102/shewchuk/TF-conformation/output/stage3_min/runx/1hjc_state_020.pdb	/project2/rohs_102/shewchuk/TF-conformation/analysis/analyses/dna_relax/pycurves/runx/frozen_state_020
runx	frozen	021	/project2/rohs_102/shewchuk/TF-conformation/output/stage3_min/runx/1hjc_state_021.pdb	/project2/rohs_102/shewchuk/TF-conformation/analysis/analyses/dna_relax/pycurves/runx/frozen_state_021
runx	frozen	022	/project2/rohs_102/shewchuk/TF-conformation/output/stage3_min/runx/1hjc_state_022.pdb	/project2/rohs_102/shewchuk/TF-conformation/analysis/analyses/dna_relax/pycurves/runx/frozen_state_022
runx	frozen	023	/project2/rohs_102/shewchuk/TF-conformation/output/stage3_min/runx/1hjc_state_023.pdb	/project2/rohs_102/shewchuk/TF-conformation/analysis/analyses/dna_relax/pycurves/runx/frozen_state_023
runx	frozen	024	/project2/rohs_102/shewchuk/TF-conformation/output/stage3_min/runx/1hjc_state_024.pdb	/project2/rohs_102/shewchuk/TF-conformation/analysis/analyses/dna_relax/pycurves/runx/frozen_state_024
runx	frozen	025	/project2/rohs_102/shewchuk/TF-conformation/output/stage3_min/runx/1hjc_state_025.pdb	/project2/rohs_102/shewchuk/TF-conformation/analysis/analyses/dna_relax/pycurves/runx/frozen_state_025
runx	frozen	026	/project2/rohs_102/shewchuk/TF-conformation/output/stage3_min/runx/1hjc_state_026.pdb	/project2/rohs_102/shewchuk/TF-conformation/analysis/analyses/dna_relax/pycurves/runx/frozen_state_026
runx	frozen	027	/project2/rohs_102/shewchuk/TF-conformation/output/stage3_min/runx/1hjc_state_027.pdb	/project2/rohs_102/shewchuk/TF-conformation/analysis/analyses/dna_relax/pycurves/runx/frozen_state_027
runx	frozen	028	/project2/rohs_102/shewchuk/TF-conformation/output/stage3_min/runx/1hjc_state_028.pdb	/project2/rohs_102/shewchuk/TF-conformation/analysis/analyses/dna_relax/pycurves/runx/frozen_state_028
runx	frozen	029	/project2/rohs_102/shewchuk/TF-conformation/output/stage3_min/runx/1hjc_state_029.pdb	/project2/rohs_102/shewchuk/TF-conformation/analysis/analyses/dna_relax/pycurves/runx/frozen_state_029
runx	frozen	030	/project2/rohs_102/shewchuk/TF-conformation/output/stage3_min/runx/1hjc_state_030.pdb	/project2/rohs_102/shewchuk/TF-conformation/analysis/analyses/dna_relax/pycurves/runx/frozen_state_030
runx	frozen	031	/project2/rohs_102/shewchuk/TF-conformation/output/stage3_min/runx/1hjc_state_031.pdb	/project2/rohs_102/shewchuk/TF-conformation/analysis/analyses/dna_relax/pycurves/runx/frozen_state_031
runx	frozen	032	/project2/rohs_102/shewchuk/TF-conformation/output/stage3_min/runx/1hjc_state_032.pdb	/project2/rohs_102/shewchuk/TF-conformation/analysis/analyses/dna_relax/pycurves/runx/frozen_state_032
runx	frozen	033	/project2/rohs_102/shewchuk/TF-conformation/output/stage3_min/runx/1hjc_state_033.pdb	/project2/rohs_102/shewchuk/TF-conformation/analysis/analyses/dna_relax/pycurves/runx/frozen_state_033
runx	frozen	034	/project2/rohs_102/shewchuk/TF-conformation/output/stage3_min/runx/1hjc_state_034.pdb	/project2/rohs_102/shewchuk/TF-conformation/analysis/analyses/dna_relax/pycurves/runx/frozen_state_034
runx	frozen	035	/project2/rohs_102/shewchuk/TF-conformation/output/stage3_min/runx/1hjc_state_035.pdb	/project2/rohs_102/shewchuk/TF-conformation/analysis/analyses/dna_relax/pycurves/runx/frozen_state_035
runx	frozen	036	/project2/rohs_102/shewchuk/TF-conformation/output/stage3_min/runx/1hjc_state_036.pdb	/project2/rohs_102/shewchuk/TF-conformation/analysis/analyses/dna_relax/pycurves/runx/frozen_state_036
runx	frozen	037	/project2/rohs_102/shewchuk/TF-conformation/output/stage3_min/runx/1hjc_state_037.pdb	/project2/rohs_102/shewchuk/TF-conformation/analysis/analyses/dna_relax/pycurves/runx/frozen_state_037
runx	frozen	038	/project2/rohs_102/shewchuk/TF-conformation/output/stage3_min/runx/1hjc_state_038.pdb	/project2/rohs_102/shewchuk/TF-conformation/analysis/analyses/dna_relax/pycurves/runx/frozen_state_038
runx	frozen	039	/project2/rohs_102/shewchuk/TF-conformation/output/stage3_min/runx/1hjc_state_039.pdb	/project2/rohs_102/shewchuk/TF-conformation/analysis/analyses/dna_relax/pycurves/runx/frozen_state_039
runx	frozen	040	/project2/rohs_102/shewchuk/TF-conformation/output/stage3_min/runx/1hjc_state_040.pdb	/project2/rohs_102/shewchuk/TF-conformation/analysis/analyses/dna_relax/pycurves/runx/frozen_state_040
runx	frozen	041	/project2/rohs_102/shewchuk/TF-conformation/output/stage3_min/runx/1hjc_state_041.pdb	/project2/rohs_102/shewchuk/TF-conformation/analysis/analyses/dna_relax/pycurves/runx/frozen_state_041
runx	frozen	042	/project2/rohs_102/shewchuk/TF-conformation/output/stage3_min/runx/1hjc_state_042.pdb	/project2/rohs_102/shewchuk/TF-conformation/analysis/analyses/dna_relax/pycurves/runx/frozen_state_042
runx	frozen	043	/project2/rohs_102/shewchuk/TF-conformation/output/stage3_min/runx/1hjc_state_043.pdb	/project2/rohs_102/shewchuk/TF-conformation/analysis/analyses/dna_relax/pycurves/runx/frozen_state_043
runx	frozen	044	/project2/rohs_102/shewchuk/TF-conformation/output/stage3_min/runx/1hjc_state_044.pdb	/project2/rohs_102/shewchuk/TF-conformation/analysis/analyses/dna_relax/pycurves/runx/frozen_state_044
runx	frozen	045	/project2/rohs_102/shewchuk/TF-conformation/output/stage3_min/runx/1hjc_state_045.pdb	/project2/rohs_102/shewchuk/TF-conformation/analysis/analyses/dna_relax/pycurves/runx/frozen_state_045
runx	frozen	046	/project2/rohs_102/shewchuk/TF-conformation/output/stage3_min/runx/1hjc_state_046.pdb	/project2/rohs_102/shewchuk/TF-conformation/analysis/analyses/dna_relax/pycurves/runx/frozen_state_046
runx	frozen	047	/project2/rohs_102/shewchuk/TF-conformation/output/stage3_min/runx/1hjc_state_047.pdb	/project2/rohs_102/shewchuk/TF-conformation/analysis/analyses/dna_relax/pycurves/runx/frozen_state_047
runx	frozen	048	/project2/rohs_102/shewchuk/TF-conformation/output/stage3_min/runx/1hjc_state_048.pdb	/project2/rohs_102/shewchuk/TF-conformation/analysis/analyses/dna_relax/pycurves/runx/frozen_state_048
runx	frozen	049	/project2/rohs_102/shewchuk/TF-conformation/output/stage3_min/runx/1hjc_state_049.pdb	/project2/rohs_102/shewchuk/TF-conformation/analysis/analyses/dna_relax/pycurves/runx/frozen_state_049
runx	frozen	050	/project2/rohs_102/shewchuk/TF-conformation/output/stage3_min/runx/1hjc_state_050.pdb	/project2/rohs_102/shewchuk/TF-conformation/analysis/analyses/dna_relax/pycurves/runx/frozen_state_050
runx	frozen	051	/project2/rohs_102/shewchuk/TF-conformation/output/stage3_min/runx/1hjc_state_051.pdb	/project2/rohs_102/shewchuk/TF-conformation/analysis/analyses/dna_relax/pycurves/runx/frozen_state_051
runx	frozen	052	/project2/rohs_102/shewchuk/TF-conformation/output/stage3_min/runx/1hjc_state_052.pdb	/project2/rohs_102/shewchuk/TF-conformation/analysis/analyses/dna_relax/pycurves/runx/frozen_state_052
runx	frozen	053	/project2/rohs_102/shewchuk/TF-conformation/output/stage3_min/runx/1hjc_state_053.pdb	/project2/rohs_102/shewchuk/TF-conformation/analysis/analyses/dna_relax/pycurves/runx/frozen_state_053
runx	frozen	054	/project2/rohs_102/shewchuk/TF-conformation/output/stage3_min/runx/1hjc_state_054.pdb	/project2/rohs_102/shewchuk/TF-conformation/analysis/analyses/dna_relax/pycurves/runx/frozen_state_054
runx	frozen	055	/project2/rohs_102/shewchuk/TF-conformation/output/stage3_min/runx/1hjc_state_055.pdb	/project2/rohs_102/shewchuk/TF-conformation/analysis/analyses/dna_relax/pycurves/runx/frozen_state_055
runx	frozen	056	/project2/rohs_102/shewchuk/TF-conformation/output/stage3_min/runx/1hjc_state_056.pdb	/project2/rohs_102/shewchuk/TF-conformation/analysis/analyses/dna_relax/pycurves/runx/frozen_state_056
runx	frozen	057	/project2/rohs_102/shewchuk/TF-conformation/output/stage3_min/runx/1hjc_state_057.pdb	/project2/rohs_102/shewchuk/TF-conformation/analysis/analyses/dna_relax/pycurves/runx/frozen_state_057
runx	frozen	058	/project2/rohs_102/shewchuk/TF-conformation/output/stage3_min/runx/1hjc_state_058.pdb	/project2/rohs_102/shewchuk/TF-conformation/analysis/analyses/dna_relax/pycurves/runx/frozen_state_058
runx	frozen	059	/project2/rohs_102/shewchuk/TF-conformation/output/stage3_min/runx/1hjc_state_059.pdb	/project2/rohs_102/shewchuk/TF-conformation/analysis/analyses/dna_relax/pycurves/runx/frozen_state_059
runx	frozen	060	/project2/rohs_102/shewchuk/TF-conformation/output/stage3_min/runx/1hjc_state_060.pdb	/project2/rohs_102/shewchuk/TF-conformation/analysis/analyses/dna_relax/pycurves/runx/frozen_state_060
runx	frozen	061	/project2/rohs_102/shewchuk/TF-conformation/output/stage3_min/runx/1hjc_state_061.pdb	/project2/rohs_102/shewchuk/TF-conformation/analysis/analyses/dna_relax/pycurves/runx/frozen_state_061
runx	frozen	062	/project2/rohs_102/shewchuk/TF-conformation/output/stage3_min/runx/1hjc_state_062.pdb	/project2/rohs_102/shewchuk/TF-conformation/analysis/analyses/dna_relax/pycurves/runx/frozen_state_062
runx	frozen	063	/project2/rohs_102/shewchuk/TF-conformation/output/stage3_min/runx/1hjc_state_063.pdb	/project2/rohs_102/shewchuk/TF-conformation/analysis/analyses/dna_relax/pycurves/runx/frozen_state_063
runx	frozen	064	/project2/rohs_102/shewchuk/TF-conformation/output/stage3_min/runx/1hjc_state_064.pdb	/project2/rohs_102/shewchuk/TF-conformation/analysis/analyses/dna_relax/pycurves/runx/frozen_state_064
runx	frozen	065	/project2/rohs_102/shewchuk/TF-conformation/output/stage3_min/runx/1hjc_state_065.pdb	/project2/rohs_102/shewchuk/TF-conformation/analysis/analyses/dna_relax/pycurves/runx/frozen_state_065
runx	frozen	066	/project2/rohs_102/shewchuk/TF-conformation/output/stage3_min/runx/1hjc_state_066.pdb	/project2/rohs_102/shewchuk/TF-conformation/analysis/analyses/dna_relax/pycurves/runx/frozen_state_066
runx	frozen	067	/project2/rohs_102/shewchuk/TF-conformation/output/stage3_min/runx/1hjc_state_067.pdb	/project2/rohs_102/shewchuk/TF-conformation/analysis/analyses/dna_relax/pycurves/runx/frozen_state_067
runx	frozen	068	/project2/rohs_102/shewchuk/TF-conformation/output/stage3_min/runx/1hjc_state_068.pdb	/project2/rohs_102/shewchuk/TF-conformation/analysis/analyses/dna_relax/pycurves/runx/frozen_state_068
runx	frozen	069	/project2/rohs_102/shewchuk/TF-conformation/output/stage3_min/runx/1hjc_state_069.pdb	/project2/rohs_102/shewchuk/TF-conformation/analysis/analyses/dna_relax/pycurves/runx/frozen_state_069
runx	frozen	070	/project2/rohs_102/shewchuk/TF-conformation/output/stage3_min/runx/1hjc_state_070.pdb	/project2/rohs_102/shewchuk/TF-conformation/analysis/analyses/dna_relax/pycurves/runx/frozen_state_070
runx	frozen	071	/project2/rohs_102/shewchuk/TF-conformation/output/stage3_min/runx/1hjc_state_071.pdb	/project2/rohs_102/shewchuk/TF-conformation/analysis/analyses/dna_relax/pycurves/runx/frozen_state_071
runx	frozen	072	/project2/rohs_102/shewchuk/TF-conformation/output/stage3_min/runx/1hjc_state_072.pdb	/project2/rohs_102/shewchuk/TF-conformation/analysis/analyses/dna_relax/pycurves/runx/frozen_state_072
runx	frozen	073	/project2/rohs_102/shewchuk/TF-conformation/output/stage3_min/runx/1hjc_state_073.pdb	/project2/rohs_102/shewchuk/TF-conformation/analysis/analyses/dna_relax/pycurves/runx/frozen_state_073
runx	frozen	074	/project2/rohs_102/shewchuk/TF-conformation/output/stage3_min/runx/1hjc_state_074.pdb	/project2/rohs_102/shewchuk/TF-conformation/analysis/analyses/dna_relax/pycurves/runx/frozen_state_074
runx	frozen	075	/project2/rohs_102/shewchuk/TF-conformation/output/stage3_min/runx/1hjc_state_075.pdb	/project2/rohs_102/shewchuk/TF-conformation/analysis/analyses/dna_relax/pycurves/runx/frozen_state_075
runx	frozen	076	/project2/rohs_102/shewchuk/TF-conformation/output/stage3_min/runx/1hjc_state_076.pdb	/project2/rohs_102/shewchuk/TF-conformation/analysis/analyses/dna_relax/pycurves/runx/frozen_state_076
runx	frozen	077	/project2/rohs_102/shewchuk/TF-conformation/output/stage3_min/runx/1hjc_state_077.pdb	/project2/rohs_102/shewchuk/TF-conformation/analysis/analyses/dna_relax/pycurves/runx/frozen_state_077
runx	frozen	078	/project2/rohs_102/shewchuk/TF-conformation/output/stage3_min/runx/1hjc_state_078.pdb	/project2/rohs_102/shewchuk/TF-conformation/analysis/analyses/dna_relax/pycurves/runx/frozen_state_078
runx	frozen	079	/project2/rohs_102/shewchuk/TF-conformation/output/stage3_min/runx/1hjc_state_079.pdb	/project2/rohs_102/shewchuk/TF-conformation/analysis/analyses/dna_relax/pycurves/runx/frozen_state_079
runx	frozen	080	/project2/rohs_102/shewchuk/TF-conformation/output/stage3_min/runx/1hjc_state_080.pdb	/project2/rohs_102/shewchuk/TF-conformation/analysis/analyses/dna_relax/pycurves/runx/frozen_state_080
runx	frozen	081	/project2/rohs_102/shewchuk/TF-conformation/output/stage3_min/runx/1hjc_state_081.pdb	/project2/rohs_102/shewchuk/TF-conformation/analysis/analyses/dna_relax/pycurves/runx/frozen_state_081
runx	frozen	082	/project2/rohs_102/shewchuk/TF-conformation/output/stage3_min/runx/1hjc_state_082.pdb	/project2/rohs_102/shewchuk/TF-conformation/analysis/analyses/dna_relax/pycurves/runx/frozen_state_082
runx	frozen	083	/project2/rohs_102/shewchuk/TF-conformation/output/stage3_min/runx/1hjc_state_083.pdb	/project2/rohs_102/shewchuk/TF-conformation/analysis/analyses/dna_relax/pycurves/runx/frozen_state_083
runx	frozen	084	/project2/rohs_102/shewchuk/TF-conformation/output/stage3_min/runx/1hjc_state_084.pdb	/project2/rohs_102/shewchuk/TF-conformation/analysis/analyses/dna_relax/pycurves/runx/frozen_state_084
runx	frozen	085	/project2/rohs_102/shewchuk/TF-conformation/output/stage3_min/runx/1hjc_state_085.pdb	/project2/rohs_102/shewchuk/TF-conformation/analysis/analyses/dna_relax/pycurves/runx/frozen_state_085
runx	frozen	086	/project2/rohs_102/shewchuk/TF-conformation/output/stage3_min/runx/1hjc_state_086.pdb	/project2/rohs_102/shewchuk/TF-conformation/analysis/analyses/dna_relax/pycurves/runx/frozen_state_086
runx	frozen	087	/project2/rohs_102/shewchuk/TF-conformation/output/stage3_min/runx/1hjc_state_087.pdb	/project2/rohs_102/shewchuk/TF-conformation/analysis/analyses/dna_relax/pycurves/runx/frozen_state_087
runx	frozen	088	/project2/rohs_102/shewchuk/TF-conformation/output/stage3_min/runx/1hjc_state_088.pdb	/project2/rohs_102/shewchuk/TF-conformation/analysis/analyses/dna_relax/pycurves/runx/frozen_state_088
runx	frozen	089	/project2/rohs_102/shewchuk/TF-conformation/output/stage3_min/runx/1hjc_state_089.pdb	/project2/rohs_102/shewchuk/TF-conformation/analysis/analyses/dna_relax/pycurves/runx/frozen_state_089
runx	frozen	090	/project2/rohs_102/shewchuk/TF-conformation/output/stage3_min/runx/1hjc_state_090.pdb	/project2/rohs_102/shewchuk/TF-conformation/analysis/analyses/dna_relax/pycurves/runx/frozen_state_090
runx	frozen	091	/project2/rohs_102/shewchuk/TF-conformation/output/stage3_min/runx/1hjc_state_091.pdb	/project2/rohs_102/shewchuk/TF-conformation/analysis/analyses/dna_relax/pycurves/runx/frozen_state_091
runx	frozen	092	/project2/rohs_102/shewchuk/TF-conformation/output/stage3_min/runx/1hjc_state_092.pdb	/project2/rohs_102/shewchuk/TF-conformation/analysis/analyses/dna_relax/pycurves/runx/frozen_state_092
runx	frozen	093	/project2/rohs_102/shewchuk/TF-conformation/output/stage3_min/runx/1hjc_state_093.pdb	/project2/rohs_102/shewchuk/TF-conformation/analysis/analyses/dna_relax/pycurves/runx/frozen_state_093
runx	frozen	094	/project2/rohs_102/shewchuk/TF-conformation/output/stage3_min/runx/1hjc_state_094.pdb	/project2/rohs_102/shewchuk/TF-conformation/analysis/analyses/dna_relax/pycurves/runx/frozen_state_094
runx	frozen	095	/project2/rohs_102/shewchuk/TF-conformation/output/stage3_min/runx/1hjc_state_095.pdb	/project2/rohs_102/shewchuk/TF-conformation/analysis/analyses/dna_relax/pycurves/runx/frozen_state_095
runx	frozen	096	/project2/rohs_102/shewchuk/TF-conformation/output/stage3_min/runx/1hjc_state_096.pdb	/project2/rohs_102/shewchuk/TF-conformation/analysis/analyses/dna_relax/pycurves/runx/frozen_state_096
runx	frozen	097	/project2/rohs_102/shewchuk/TF-conformation/output/stage3_min/runx/1hjc_state_097.pdb	/project2/rohs_102/shewchuk/TF-conformation/analysis/analyses/dna_relax/pycurves/runx/frozen_state_097
runx	relaxed	001	/project2/rohs_102/shewchuk/TF-conformation/output/stage3_min_dnarelax/runx/1hjc_state_001.pdb	/project2/rohs_102/shewchuk/TF-conformation/analysis/analyses/dna_relax/pycurves/runx/relaxed_state_001
runx	relaxed	002	/project2/rohs_102/shewchuk/TF-conformation/output/stage3_min_dnarelax/runx/1hjc_state_002.pdb	/project2/rohs_102/shewchuk/TF-conformation/analysis/analyses/dna_relax/pycurves/runx/relaxed_state_002
runx	relaxed	003	/project2/rohs_102/shewchuk/TF-conformation/output/stage3_min_dnarelax/runx/1hjc_state_003.pdb	/project2/rohs_102/shewchuk/TF-conformation/analysis/analyses/dna_relax/pycurves/runx/relaxed_state_003
runx	relaxed	004	/project2/rohs_102/shewchuk/TF-conformation/output/stage3_min_dnarelax/runx/1hjc_state_004.pdb	/project2/rohs_102/shewchuk/TF-conformation/analysis/analyses/dna_relax/pycurves/runx/relaxed_state_004
runx	relaxed	005	/project2/rohs_102/shewchuk/TF-conformation/output/stage3_min_dnarelax/runx/1hjc_state_005.pdb	/project2/rohs_102/shewchuk/TF-conformation/analysis/analyses/dna_relax/pycurves/runx/relaxed_state_005
runx	relaxed	006	/project2/rohs_102/shewchuk/TF-conformation/output/stage3_min_dnarelax/runx/1hjc_state_006.pdb	/project2/rohs_102/shewchuk/TF-conformation/analysis/analyses/dna_relax/pycurves/runx/relaxed_state_006
runx	relaxed	007	/project2/rohs_102/shewchuk/TF-conformation/output/stage3_min_dnarelax/runx/1hjc_state_007.pdb	/project2/rohs_102/shewchuk/TF-conformation/analysis/analyses/dna_relax/pycurves/runx/relaxed_state_007
runx	relaxed	008	/project2/rohs_102/shewchuk/TF-conformation/output/stage3_min_dnarelax/runx/1hjc_state_008.pdb	/project2/rohs_102/shewchuk/TF-conformation/analysis/analyses/dna_relax/pycurves/runx/relaxed_state_008
runx	relaxed	009	/project2/rohs_102/shewchuk/TF-conformation/output/stage3_min_dnarelax/runx/1hjc_state_009.pdb	/project2/rohs_102/shewchuk/TF-conformation/analysis/analyses/dna_relax/pycurves/runx/relaxed_state_009
runx	relaxed	010	/project2/rohs_102/shewchuk/TF-conformation/output/stage3_min_dnarelax/runx/1hjc_state_010.pdb	/project2/rohs_102/shewchuk/TF-conformation/analysis/analyses/dna_relax/pycurves/runx/relaxed_state_010
runx	relaxed	011	/project2/rohs_102/shewchuk/TF-conformation/output/stage3_min_dnarelax/runx/1hjc_state_011.pdb	/project2/rohs_102/shewchuk/TF-conformation/analysis/analyses/dna_relax/pycurves/runx/relaxed_state_011
runx	relaxed	012	/project2/rohs_102/shewchuk/TF-conformation/output/stage3_min_dnarelax/runx/1hjc_state_012.pdb	/project2/rohs_102/shewchuk/TF-conformation/analysis/analyses/dna_relax/pycurves/runx/relaxed_state_012
runx	relaxed	013	/project2/rohs_102/shewchuk/TF-conformation/output/stage3_min_dnarelax/runx/1hjc_state_013.pdb	/project2/rohs_102/shewchuk/TF-conformation/analysis/analyses/dna_relax/pycurves/runx/relaxed_state_013
runx	relaxed	014	/project2/rohs_102/shewchuk/TF-conformation/output/stage3_min_dnarelax/runx/1hjc_state_014.pdb	/project2/rohs_102/shewchuk/TF-conformation/analysis/analyses/dna_relax/pycurves/runx/relaxed_state_014
runx	relaxed	015	/project2/rohs_102/shewchuk/TF-conformation/output/stage3_min_dnarelax/runx/1hjc_state_015.pdb	/project2/rohs_102/shewchuk/TF-conformation/analysis/analyses/dna_relax/pycurves/runx/relaxed_state_015
runx	relaxed	016	/project2/rohs_102/shewchuk/TF-conformation/output/stage3_min_dnarelax/runx/1hjc_state_016.pdb	/project2/rohs_102/shewchuk/TF-conformation/analysis/analyses/dna_relax/pycurves/runx/relaxed_state_016
runx	relaxed	017	/project2/rohs_102/shewchuk/TF-conformation/output/stage3_min_dnarelax/runx/1hjc_state_017.pdb	/project2/rohs_102/shewchuk/TF-conformation/analysis/analyses/dna_relax/pycurves/runx/relaxed_state_017
runx	relaxed	018	/project2/rohs_102/shewchuk/TF-conformation/output/stage3_min_dnarelax/runx/1hjc_state_018.pdb	/project2/rohs_102/shewchuk/TF-conformation/analysis/analyses/dna_relax/pycurves/runx/relaxed_state_018
runx	relaxed	019	/project2/rohs_102/shewchuk/TF-conformation/output/stage3_min_dnarelax/runx/1hjc_state_019.pdb	/project2/rohs_102/shewchuk/TF-conformation/analysis/analyses/dna_relax/pycurves/runx/relaxed_state_019
runx	relaxed	020	/project2/rohs_102/shewchuk/TF-conformation/output/stage3_min_dnarelax/runx/1hjc_state_020.pdb	/project2/rohs_102/shewchuk/TF-conformation/analysis/analyses/dna_relax/pycurves/runx/relaxed_state_020
runx	relaxed	021	/project2/rohs_102/shewchuk/TF-conformation/output/stage3_min_dnarelax/runx/1hjc_state_021.pdb	/project2/rohs_102/shewchuk/TF-conformation/analysis/analyses/dna_relax/pycurves/runx/relaxed_state_021
runx	relaxed	022	/project2/rohs_102/shewchuk/TF-conformation/output/stage3_min_dnarelax/runx/1hjc_state_022.pdb	/project2/rohs_102/shewchuk/TF-conformation/analysis/analyses/dna_relax/pycurves/runx/relaxed_state_022
runx	relaxed	023	/project2/rohs_102/shewchuk/TF-conformation/output/stage3_min_dnarelax/runx/1hjc_state_023.pdb	/project2/rohs_102/shewchuk/TF-conformation/analysis/analyses/dna_relax/pycurves/runx/relaxed_state_023
runx	relaxed	024	/project2/rohs_102/shewchuk/TF-conformation/output/stage3_min_dnarelax/runx/1hjc_state_024.pdb	/project2/rohs_102/shewchuk/TF-conformation/analysis/analyses/dna_relax/pycurves/runx/relaxed_state_024
runx	relaxed	025	/project2/rohs_102/shewchuk/TF-conformation/output/stage3_min_dnarelax/runx/1hjc_state_025.pdb	/project2/rohs_102/shewchuk/TF-conformation/analysis/analyses/dna_relax/pycurves/runx/relaxed_state_025
runx	relaxed	026	/project2/rohs_102/shewchuk/TF-conformation/output/stage3_min_dnarelax/runx/1hjc_state_026.pdb	/project2/rohs_102/shewchuk/TF-conformation/analysis/analyses/dna_relax/pycurves/runx/relaxed_state_026
runx	relaxed	027	/project2/rohs_102/shewchuk/TF-conformation/output/stage3_min_dnarelax/runx/1hjc_state_027.pdb	/project2/rohs_102/shewchuk/TF-conformation/analysis/analyses/dna_relax/pycurves/runx/relaxed_state_027
runx	relaxed	028	/project2/rohs_102/shewchuk/TF-conformation/output/stage3_min_dnarelax/runx/1hjc_state_028.pdb	/project2/rohs_102/shewchuk/TF-conformation/analysis/analyses/dna_relax/pycurves/runx/relaxed_state_028
runx	relaxed	029	/project2/rohs_102/shewchuk/TF-conformation/output/stage3_min_dnarelax/runx/1hjc_state_029.pdb	/project2/rohs_102/shewchuk/TF-conformation/analysis/analyses/dna_relax/pycurves/runx/relaxed_state_029
runx	relaxed	030	/project2/rohs_102/shewchuk/TF-conformation/output/stage3_min_dnarelax/runx/1hjc_state_030.pdb	/project2/rohs_102/shewchuk/TF-conformation/analysis/analyses/dna_relax/pycurves/runx/relaxed_state_030
runx	relaxed	031	/project2/rohs_102/shewchuk/TF-conformation/output/stage3_min_dnarelax/runx/1hjc_state_031.pdb	/project2/rohs_102/shewchuk/TF-conformation/analysis/analyses/dna_relax/pycurves/runx/relaxed_state_031
runx	relaxed	032	/project2/rohs_102/shewchuk/TF-conformation/output/stage3_min_dnarelax/runx/1hjc_state_032.pdb	/project2/rohs_102/shewchuk/TF-conformation/analysis/analyses/dna_relax/pycurves/runx/relaxed_state_032
runx	relaxed	033	/project2/rohs_102/shewchuk/TF-conformation/output/stage3_min_dnarelax/runx/1hjc_state_033.pdb	/project2/rohs_102/shewchuk/TF-conformation/analysis/analyses/dna_relax/pycurves/runx/relaxed_state_033
runx	relaxed	034	/project2/rohs_102/shewchuk/TF-conformation/output/stage3_min_dnarelax/runx/1hjc_state_034.pdb	/project2/rohs_102/shewchuk/TF-conformation/analysis/analyses/dna_relax/pycurves/runx/relaxed_state_034
runx	relaxed	035	/project2/rohs_102/shewchuk/TF-conformation/output/stage3_min_dnarelax/runx/1hjc_state_035.pdb	/project2/rohs_102/shewchuk/TF-conformation/analysis/analyses/dna_relax/pycurves/runx/relaxed_state_035
runx	relaxed	036	/project2/rohs_102/shewchuk/TF-conformation/output/stage3_min_dnarelax/runx/1hjc_state_036.pdb	/project2/rohs_102/shewchuk/TF-conformation/analysis/analyses/dna_relax/pycurves/runx/relaxed_state_036
runx	relaxed	037	/project2/rohs_102/shewchuk/TF-conformation/output/stage3_min_dnarelax/runx/1hjc_state_037.pdb	/project2/rohs_102/shewchuk/TF-conformation/analysis/analyses/dna_relax/pycurves/runx/relaxed_state_037
runx	relaxed	038	/project2/rohs_102/shewchuk/TF-conformation/output/stage3_min_dnarelax/runx/1hjc_state_038.pdb	/project2/rohs_102/shewchuk/TF-conformation/analysis/analyses/dna_relax/pycurves/runx/relaxed_state_038
runx	relaxed	039	/project2/rohs_102/shewchuk/TF-conformation/output/stage3_min_dnarelax/runx/1hjc_state_039.pdb	/project2/rohs_102/shewchuk/TF-conformation/analysis/analyses/dna_relax/pycurves/runx/relaxed_state_039
runx	relaxed	040	/project2/rohs_102/shewchuk/TF-conformation/output/stage3_min_dnarelax/runx/1hjc_state_040.pdb	/project2/rohs_102/shewchuk/TF-conformation/analysis/analyses/dna_relax/pycurves/runx/relaxed_state_040
runx	relaxed	041	/project2/rohs_102/shewchuk/TF-conformation/output/stage3_min_dnarelax/runx/1hjc_state_041.pdb	/project2/rohs_102/shewchuk/TF-conformation/analysis/analyses/dna_relax/pycurves/runx/relaxed_state_041
runx	relaxed	042	/project2/rohs_102/shewchuk/TF-conformation/output/stage3_min_dnarelax/runx/1hjc_state_042.pdb	/project2/rohs_102/shewchuk/TF-conformation/analysis/analyses/dna_relax/pycurves/runx/relaxed_state_042
runx	relaxed	043	/project2/rohs_102/shewchuk/TF-conformation/output/stage3_min_dnarelax/runx/1hjc_state_043.pdb	/project2/rohs_102/shewchuk/TF-conformation/analysis/analyses/dna_relax/pycurves/runx/relaxed_state_043
runx	relaxed	044	/project2/rohs_102/shewchuk/TF-conformation/output/stage3_min_dnarelax/runx/1hjc_state_044.pdb	/project2/rohs_102/shewchuk/TF-conformation/analysis/analyses/dna_relax/pycurves/runx/relaxed_state_044
runx	relaxed	045	/project2/rohs_102/shewchuk/TF-conformation/output/stage3_min_dnarelax/runx/1hjc_state_045.pdb	/project2/rohs_102/shewchuk/TF-conformation/analysis/analyses/dna_relax/pycurves/runx/relaxed_state_045
runx	relaxed	046	/project2/rohs_102/shewchuk/TF-conformation/output/stage3_min_dnarelax/runx/1hjc_state_046.pdb	/project2/rohs_102/shewchuk/TF-conformation/analysis/analyses/dna_relax/pycurves/runx/relaxed_state_046
runx	relaxed	047	/project2/rohs_102/shewchuk/TF-conformation/output/stage3_min_dnarelax/runx/1hjc_state_047.pdb	/project2/rohs_102/shewchuk/TF-conformation/analysis/analyses/dna_relax/pycurves/runx/relaxed_state_047
runx	relaxed	048	/project2/rohs_102/shewchuk/TF-conformation/output/stage3_min_dnarelax/runx/1hjc_state_048.pdb	/project2/rohs_102/shewchuk/TF-conformation/analysis/analyses/dna_relax/pycurves/runx/relaxed_state_048
runx	relaxed	049	/project2/rohs_102/shewchuk/TF-conformation/output/stage3_min_dnarelax/runx/1hjc_state_049.pdb	/project2/rohs_102/shewchuk/TF-conformation/analysis/analyses/dna_relax/pycurves/runx/relaxed_state_049
runx	relaxed	050	/project2/rohs_102/shewchuk/TF-conformation/output/stage3_min_dnarelax/runx/1hjc_state_050.pdb	/project2/rohs_102/shewchuk/TF-conformation/analysis/analyses/dna_relax/pycurves/runx/relaxed_state_050
runx	relaxed	051	/project2/rohs_102/shewchuk/TF-conformation/output/stage3_min_dnarelax/runx/1hjc_state_051.pdb	/project2/rohs_102/shewchuk/TF-conformation/analysis/analyses/dna_relax/pycurves/runx/relaxed_state_051
runx	relaxed	052	/project2/rohs_102/shewchuk/TF-conformation/output/stage3_min_dnarelax/runx/1hjc_state_052.pdb	/project2/rohs_102/shewchuk/TF-conformation/analysis/analyses/dna_relax/pycurves/runx/relaxed_state_052
runx	relaxed	053	/project2/rohs_102/shewchuk/TF-conformation/output/stage3_min_dnarelax/runx/1hjc_state_053.pdb	/project2/rohs_102/shewchuk/TF-conformation/analysis/analyses/dna_relax/pycurves/runx/relaxed_state_053
runx	relaxed	054	/project2/rohs_102/shewchuk/TF-conformation/output/stage3_min_dnarelax/runx/1hjc_state_054.pdb	/project2/rohs_102/shewchuk/TF-conformation/analysis/analyses/dna_relax/pycurves/runx/relaxed_state_054
runx	relaxed	055	/project2/rohs_102/shewchuk/TF-conformation/output/stage3_min_dnarelax/runx/1hjc_state_055.pdb	/project2/rohs_102/shewchuk/TF-conformation/analysis/analyses/dna_relax/pycurves/runx/relaxed_state_055
runx	relaxed	056	/project2/rohs_102/shewchuk/TF-conformation/output/stage3_min_dnarelax/runx/1hjc_state_056.pdb	/project2/rohs_102/shewchuk/TF-conformation/analysis/analyses/dna_relax/pycurves/runx/relaxed_state_056
runx	relaxed	057	/project2/rohs_102/shewchuk/TF-conformation/output/stage3_min_dnarelax/runx/1hjc_state_057.pdb	/project2/rohs_102/shewchuk/TF-conformation/analysis/analyses/dna_relax/pycurves/runx/relaxed_state_057
runx	relaxed	058	/project2/rohs_102/shewchuk/TF-conformation/output/stage3_min_dnarelax/runx/1hjc_state_058.pdb	/project2/rohs_102/shewchuk/TF-conformation/analysis/analyses/dna_relax/pycurves/runx/relaxed_state_058
runx	relaxed	059	/project2/rohs_102/shewchuk/TF-conformation/output/stage3_min_dnarelax/runx/1hjc_state_059.pdb	/project2/rohs_102/shewchuk/TF-conformation/analysis/analyses/dna_relax/pycurves/runx/relaxed_state_059
runx	relaxed	060	/project2/rohs_102/shewchuk/TF-conformation/output/stage3_min_dnarelax/runx/1hjc_state_060.pdb	/project2/rohs_102/shewchuk/TF-conformation/analysis/analyses/dna_relax/pycurves/runx/relaxed_state_060
runx	relaxed	061	/project2/rohs_102/shewchuk/TF-conformation/output/stage3_min_dnarelax/runx/1hjc_state_061.pdb	/project2/rohs_102/shewchuk/TF-conformation/analysis/analyses/dna_relax/pycurves/runx/relaxed_state_061
runx	relaxed	062	/project2/rohs_102/shewchuk/TF-conformation/output/stage3_min_dnarelax/runx/1hjc_state_062.pdb	/project2/rohs_102/shewchuk/TF-conformation/analysis/analyses/dna_relax/pycurves/runx/relaxed_state_062
runx	relaxed	063	/project2/rohs_102/shewchuk/TF-conformation/output/stage3_min_dnarelax/runx/1hjc_state_063.pdb	/project2/rohs_102/shewchuk/TF-conformation/analysis/analyses/dna_relax/pycurves/runx/relaxed_state_063
runx	relaxed	064	/project2/rohs_102/shewchuk/TF-conformation/output/stage3_min_dnarelax/runx/1hjc_state_064.pdb	/project2/rohs_102/shewchuk/TF-conformation/analysis/analyses/dna_relax/pycurves/runx/relaxed_state_064
runx	relaxed	065	/project2/rohs_102/shewchuk/TF-conformation/output/stage3_min_dnarelax/runx/1hjc_state_065.pdb	/project2/rohs_102/shewchuk/TF-conformation/analysis/analyses/dna_relax/pycurves/runx/relaxed_state_065
runx	relaxed	066	/project2/rohs_102/shewchuk/TF-conformation/output/stage3_min_dnarelax/runx/1hjc_state_066.pdb	/project2/rohs_102/shewchuk/TF-conformation/analysis/analyses/dna_relax/pycurves/runx/relaxed_state_066
runx	relaxed	067	/project2/rohs_102/shewchuk/TF-conformation/output/stage3_min_dnarelax/runx/1hjc_state_067.pdb	/project2/rohs_102/shewchuk/TF-conformation/analysis/analyses/dna_relax/pycurves/runx/relaxed_state_067
runx	relaxed	068	/project2/rohs_102/shewchuk/TF-conformation/output/stage3_min_dnarelax/runx/1hjc_state_068.pdb	/project2/rohs_102/shewchuk/TF-conformation/analysis/analyses/dna_relax/pycurves/runx/relaxed_state_068
runx	relaxed	070	/project2/rohs_102/shewchuk/TF-conformation/output/stage3_min_dnarelax/runx/1hjc_state_070.pdb	/project2/rohs_102/shewchuk/TF-conformation/analysis/analyses/dna_relax/pycurves/runx/relaxed_state_070
runx	relaxed	071	/project2/rohs_102/shewchuk/TF-conformation/output/stage3_min_dnarelax/runx/1hjc_state_071.pdb	/project2/rohs_102/shewchuk/TF-conformation/analysis/analyses/dna_relax/pycurves/runx/relaxed_state_071
runx	relaxed	072	/project2/rohs_102/shewchuk/TF-conformation/output/stage3_min_dnarelax/runx/1hjc_state_072.pdb	/project2/rohs_102/shewchuk/TF-conformation/analysis/analyses/dna_relax/pycurves/runx/relaxed_state_072
runx	relaxed	073	/project2/rohs_102/shewchuk/TF-conformation/output/stage3_min_dnarelax/runx/1hjc_state_073.pdb	/project2/rohs_102/shewchuk/TF-conformation/analysis/analyses/dna_relax/pycurves/runx/relaxed_state_073
runx	relaxed	074	/project2/rohs_102/shewchuk/TF-conformation/output/stage3_min_dnarelax/runx/1hjc_state_074.pdb	/project2/rohs_102/shewchuk/TF-conformation/analysis/analyses/dna_relax/pycurves/runx/relaxed_state_074
runx	relaxed	075	/project2/rohs_102/shewchuk/TF-conformation/output/stage3_min_dnarelax/runx/1hjc_state_075.pdb	/project2/rohs_102/shewchuk/TF-conformation/analysis/analyses/dna_relax/pycurves/runx/relaxed_state_075
runx	relaxed	076	/project2/rohs_102/shewchuk/TF-conformation/output/stage3_min_dnarelax/runx/1hjc_state_076.pdb	/project2/rohs_102/shewchuk/TF-conformation/analysis/analyses/dna_relax/pycurves/runx/relaxed_state_076
runx	relaxed	077	/project2/rohs_102/shewchuk/TF-conformation/output/stage3_min_dnarelax/runx/1hjc_state_077.pdb	/project2/rohs_102/shewchuk/TF-conformation/analysis/analyses/dna_relax/pycurves/runx/relaxed_state_077
runx	relaxed	078	/project2/rohs_102/shewchuk/TF-conformation/output/stage3_min_dnarelax/runx/1hjc_state_078.pdb	/project2/rohs_102/shewchuk/TF-conformation/analysis/analyses/dna_relax/pycurves/runx/relaxed_state_078
runx	relaxed	079	/project2/rohs_102/shewchuk/TF-conformation/output/stage3_min_dnarelax/runx/1hjc_state_079.pdb	/project2/rohs_102/shewchuk/TF-conformation/analysis/analyses/dna_relax/pycurves/runx/relaxed_state_079
runx	relaxed	080	/project2/rohs_102/shewchuk/TF-conformation/output/stage3_min_dnarelax/runx/1hjc_state_080.pdb	/project2/rohs_102/shewchuk/TF-conformation/analysis/analyses/dna_relax/pycurves/runx/relaxed_state_080
runx	relaxed	081	/project2/rohs_102/shewchuk/TF-conformation/output/stage3_min_dnarelax/runx/1hjc_state_081.pdb	/project2/rohs_102/shewchuk/TF-conformation/analysis/analyses/dna_relax/pycurves/runx/relaxed_state_081
runx	relaxed	082	/project2/rohs_102/shewchuk/TF-conformation/output/stage3_min_dnarelax/runx/1hjc_state_082.pdb	/project2/rohs_102/shewchuk/TF-conformation/analysis/analyses/dna_relax/pycurves/runx/relaxed_state_082
runx	relaxed	083	/project2/rohs_102/shewchuk/TF-conformation/output/stage3_min_dnarelax/runx/1hjc_state_083.pdb	/project2/rohs_102/shewchuk/TF-conformation/analysis/analyses/dna_relax/pycurves/runx/relaxed_state_083
runx	relaxed	084	/project2/rohs_102/shewchuk/TF-conformation/output/stage3_min_dnarelax/runx/1hjc_state_084.pdb	/project2/rohs_102/shewchuk/TF-conformation/analysis/analyses/dna_relax/pycurves/runx/relaxed_state_084
runx	relaxed	085	/project2/rohs_102/shewchuk/TF-conformation/output/stage3_min_dnarelax/runx/1hjc_state_085.pdb	/project2/rohs_102/shewchuk/TF-conformation/analysis/analyses/dna_relax/pycurves/runx/relaxed_state_085
runx	relaxed	086	/project2/rohs_102/shewchuk/TF-conformation/output/stage3_min_dnarelax/runx/1hjc_state_086.pdb	/project2/rohs_102/shewchuk/TF-conformation/analysis/analyses/dna_relax/pycurves/runx/relaxed_state_086
runx	relaxed	087	/project2/rohs_102/shewchuk/TF-conformation/output/stage3_min_dnarelax/runx/1hjc_state_087.pdb	/project2/rohs_102/shewchuk/TF-conformation/analysis/analyses/dna_relax/pycurves/runx/relaxed_state_087
runx	relaxed	088	/project2/rohs_102/shewchuk/TF-conformation/output/stage3_min_dnarelax/runx/1hjc_state_088.pdb	/project2/rohs_102/shewchuk/TF-conformation/analysis/analyses/dna_relax/pycurves/runx/relaxed_state_088
runx	relaxed	089	/project2/rohs_102/shewchuk/TF-conformation/output/stage3_min_dnarelax/runx/1hjc_state_089.pdb	/project2/rohs_102/shewchuk/TF-conformation/analysis/analyses/dna_relax/pycurves/runx/relaxed_state_089
runx	relaxed	090	/project2/rohs_102/shewchuk/TF-conformation/output/stage3_min_dnarelax/runx/1hjc_state_090.pdb	/project2/rohs_102/shewchuk/TF-conformation/analysis/analyses/dna_relax/pycurves/runx/relaxed_state_090
runx	relaxed	091	/project2/rohs_102/shewchuk/TF-conformation/output/stage3_min_dnarelax/runx/1hjc_state_091.pdb	/project2/rohs_102/shewchuk/TF-conformation/analysis/analyses/dna_relax/pycurves/runx/relaxed_state_091
runx	relaxed	092	/project2/rohs_102/shewchuk/TF-conformation/output/stage3_min_dnarelax/runx/1hjc_state_092.pdb	/project2/rohs_102/shewchuk/TF-conformation/analysis/analyses/dna_relax/pycurves/runx/relaxed_state_092
runx	relaxed	093	/project2/rohs_102/shewchuk/TF-conformation/output/stage3_min_dnarelax/runx/1hjc_state_093.pdb	/project2/rohs_102/shewchuk/TF-conformation/analysis/analyses/dna_relax/pycurves/runx/relaxed_state_093
runx	relaxed	094	/project2/rohs_102/shewchuk/TF-conformation/output/stage3_min_dnarelax/runx/1hjc_state_094.pdb	/project2/rohs_102/shewchuk/TF-conformation/analysis/analyses/dna_relax/pycurves/runx/relaxed_state_094
runx	relaxed	095	/project2/rohs_102/shewchuk/TF-conformation/output/stage3_min_dnarelax/runx/1hjc_state_095.pdb	/project2/rohs_102/shewchuk/TF-conformation/analysis/analyses/dna_relax/pycurves/runx/relaxed_state_095
runx	relaxed	096	/project2/rohs_102/shewchuk/TF-conformation/output/stage3_min_dnarelax/runx/1hjc_state_096.pdb	/project2/rohs_102/shewchuk/TF-conformation/analysis/analyses/dna_relax/pycurves/runx/relaxed_state_096
runx	relaxed	097	/project2/rohs_102/shewchuk/TF-conformation/output/stage3_min_dnarelax/runx/1hjc_state_097.pdb	/project2/rohs_102/shewchuk/TF-conformation/analysis/analyses/dna_relax/pycurves/runx/relaxed_state_097
tbp	crystal	crystal	/project2/rohs_102/shewchuk/TF-conformation/structures/source_chains/1tgh_chains/1tgh_dna.pdb	/project2/rohs_102/shewchuk/TF-conformation/analysis/analyses/dna_relax/pycurves/tbp/crystal
tbp	frozen	001	/project2/rohs_102/shewchuk/TF-conformation/output/stage3_min/tbp/1tgh_state_001.pdb	/project2/rohs_102/shewchuk/TF-conformation/analysis/analyses/dna_relax/pycurves/tbp/frozen_state_001
tbp	frozen	002	/project2/rohs_102/shewchuk/TF-conformation/output/stage3_min/tbp/1tgh_state_002.pdb	/project2/rohs_102/shewchuk/TF-conformation/analysis/analyses/dna_relax/pycurves/tbp/frozen_state_002
tbp	frozen	003	/project2/rohs_102/shewchuk/TF-conformation/output/stage3_min/tbp/1tgh_state_003.pdb	/project2/rohs_102/shewchuk/TF-conformation/analysis/analyses/dna_relax/pycurves/tbp/frozen_state_003
tbp	frozen	004	/project2/rohs_102/shewchuk/TF-conformation/output/stage3_min/tbp/1tgh_state_004.pdb	/project2/rohs_102/shewchuk/TF-conformation/analysis/analyses/dna_relax/pycurves/tbp/frozen_state_004
tbp	frozen	005	/project2/rohs_102/shewchuk/TF-conformation/output/stage3_min/tbp/1tgh_state_005.pdb	/project2/rohs_102/shewchuk/TF-conformation/analysis/analyses/dna_relax/pycurves/tbp/frozen_state_005
tbp	frozen	006	/project2/rohs_102/shewchuk/TF-conformation/output/stage3_min/tbp/1tgh_state_006.pdb	/project2/rohs_102/shewchuk/TF-conformation/analysis/analyses/dna_relax/pycurves/tbp/frozen_state_006
tbp	frozen	007	/project2/rohs_102/shewchuk/TF-conformation/output/stage3_min/tbp/1tgh_state_007.pdb	/project2/rohs_102/shewchuk/TF-conformation/analysis/analyses/dna_relax/pycurves/tbp/frozen_state_007
tbp	frozen	008	/project2/rohs_102/shewchuk/TF-conformation/output/stage3_min/tbp/1tgh_state_008.pdb	/project2/rohs_102/shewchuk/TF-conformation/analysis/analyses/dna_relax/pycurves/tbp/frozen_state_008
tbp	frozen	009	/project2/rohs_102/shewchuk/TF-conformation/output/stage3_min/tbp/1tgh_state_009.pdb	/project2/rohs_102/shewchuk/TF-conformation/analysis/analyses/dna_relax/pycurves/tbp/frozen_state_009
tbp	frozen	010	/project2/rohs_102/shewchuk/TF-conformation/output/stage3_min/tbp/1tgh_state_010.pdb	/project2/rohs_102/shewchuk/TF-conformation/analysis/analyses/dna_relax/pycurves/tbp/frozen_state_010
tbp	frozen	011	/project2/rohs_102/shewchuk/TF-conformation/output/stage3_min/tbp/1tgh_state_011.pdb	/project2/rohs_102/shewchuk/TF-conformation/analysis/analyses/dna_relax/pycurves/tbp/frozen_state_011
tbp	frozen	012	/project2/rohs_102/shewchuk/TF-conformation/output/stage3_min/tbp/1tgh_state_012.pdb	/project2/rohs_102/shewchuk/TF-conformation/analysis/analyses/dna_relax/pycurves/tbp/frozen_state_012
tbp	frozen	013	/project2/rohs_102/shewchuk/TF-conformation/output/stage3_min/tbp/1tgh_state_013.pdb	/project2/rohs_102/shewchuk/TF-conformation/analysis/analyses/dna_relax/pycurves/tbp/frozen_state_013
tbp	frozen	014	/project2/rohs_102/shewchuk/TF-conformation/output/stage3_min/tbp/1tgh_state_014.pdb	/project2/rohs_102/shewchuk/TF-conformation/analysis/analyses/dna_relax/pycurves/tbp/frozen_state_014
tbp	frozen	015	/project2/rohs_102/shewchuk/TF-conformation/output/stage3_min/tbp/1tgh_state_015.pdb	/project2/rohs_102/shewchuk/TF-conformation/analysis/analyses/dna_relax/pycurves/tbp/frozen_state_015
tbp	frozen	016	/project2/rohs_102/shewchuk/TF-conformation/output/stage3_min/tbp/1tgh_state_016.pdb	/project2/rohs_102/shewchuk/TF-conformation/analysis/analyses/dna_relax/pycurves/tbp/frozen_state_016
tbp	frozen	017	/project2/rohs_102/shewchuk/TF-conformation/output/stage3_min/tbp/1tgh_state_017.pdb	/project2/rohs_102/shewchuk/TF-conformation/analysis/analyses/dna_relax/pycurves/tbp/frozen_state_017
tbp	frozen	018	/project2/rohs_102/shewchuk/TF-conformation/output/stage3_min/tbp/1tgh_state_018.pdb	/project2/rohs_102/shewchuk/TF-conformation/analysis/analyses/dna_relax/pycurves/tbp/frozen_state_018
tbp	frozen	019	/project2/rohs_102/shewchuk/TF-conformation/output/stage3_min/tbp/1tgh_state_019.pdb	/project2/rohs_102/shewchuk/TF-conformation/analysis/analyses/dna_relax/pycurves/tbp/frozen_state_019
tbp	frozen	020	/project2/rohs_102/shewchuk/TF-conformation/output/stage3_min/tbp/1tgh_state_020.pdb	/project2/rohs_102/shewchuk/TF-conformation/analysis/analyses/dna_relax/pycurves/tbp/frozen_state_020
tbp	frozen	021	/project2/rohs_102/shewchuk/TF-conformation/output/stage3_min/tbp/1tgh_state_021.pdb	/project2/rohs_102/shewchuk/TF-conformation/analysis/analyses/dna_relax/pycurves/tbp/frozen_state_021
tbp	frozen	022	/project2/rohs_102/shewchuk/TF-conformation/output/stage3_min/tbp/1tgh_state_022.pdb	/project2/rohs_102/shewchuk/TF-conformation/analysis/analyses/dna_relax/pycurves/tbp/frozen_state_022
tbp	frozen	024	/project2/rohs_102/shewchuk/TF-conformation/output/stage3_min/tbp/1tgh_state_024.pdb	/project2/rohs_102/shewchuk/TF-conformation/analysis/analyses/dna_relax/pycurves/tbp/frozen_state_024
tbp	frozen	025	/project2/rohs_102/shewchuk/TF-conformation/output/stage3_min/tbp/1tgh_state_025.pdb	/project2/rohs_102/shewchuk/TF-conformation/analysis/analyses/dna_relax/pycurves/tbp/frozen_state_025
tbp	frozen	026	/project2/rohs_102/shewchuk/TF-conformation/output/stage3_min/tbp/1tgh_state_026.pdb	/project2/rohs_102/shewchuk/TF-conformation/analysis/analyses/dna_relax/pycurves/tbp/frozen_state_026
tbp	frozen	028	/project2/rohs_102/shewchuk/TF-conformation/output/stage3_min/tbp/1tgh_state_028.pdb	/project2/rohs_102/shewchuk/TF-conformation/analysis/analyses/dna_relax/pycurves/tbp/frozen_state_028
tbp	frozen	029	/project2/rohs_102/shewchuk/TF-conformation/output/stage3_min/tbp/1tgh_state_029.pdb	/project2/rohs_102/shewchuk/TF-conformation/analysis/analyses/dna_relax/pycurves/tbp/frozen_state_029
tbp	frozen	030	/project2/rohs_102/shewchuk/TF-conformation/output/stage3_min/tbp/1tgh_state_030.pdb	/project2/rohs_102/shewchuk/TF-conformation/analysis/analyses/dna_relax/pycurves/tbp/frozen_state_030
tbp	frozen	031	/project2/rohs_102/shewchuk/TF-conformation/output/stage3_min/tbp/1tgh_state_031.pdb	/project2/rohs_102/shewchuk/TF-conformation/analysis/analyses/dna_relax/pycurves/tbp/frozen_state_031
tbp	frozen	032	/project2/rohs_102/shewchuk/TF-conformation/output/stage3_min/tbp/1tgh_state_032.pdb	/project2/rohs_102/shewchuk/TF-conformation/analysis/analyses/dna_relax/pycurves/tbp/frozen_state_032
tbp	frozen	033	/project2/rohs_102/shewchuk/TF-conformation/output/stage3_min/tbp/1tgh_state_033.pdb	/project2/rohs_102/shewchuk/TF-conformation/analysis/analyses/dna_relax/pycurves/tbp/frozen_state_033
tbp	frozen	034	/project2/rohs_102/shewchuk/TF-conformation/output/stage3_min/tbp/1tgh_state_034.pdb	/project2/rohs_102/shewchuk/TF-conformation/analysis/analyses/dna_relax/pycurves/tbp/frozen_state_034
tbp	frozen	035	/project2/rohs_102/shewchuk/TF-conformation/output/stage3_min/tbp/1tgh_state_035.pdb	/project2/rohs_102/shewchuk/TF-conformation/analysis/analyses/dna_relax/pycurves/tbp/frozen_state_035
tbp	frozen	036	/project2/rohs_102/shewchuk/TF-conformation/output/stage3_min/tbp/1tgh_state_036.pdb	/project2/rohs_102/shewchuk/TF-conformation/analysis/analyses/dna_relax/pycurves/tbp/frozen_state_036
tbp	frozen	037	/project2/rohs_102/shewchuk/TF-conformation/output/stage3_min/tbp/1tgh_state_037.pdb	/project2/rohs_102/shewchuk/TF-conformation/analysis/analyses/dna_relax/pycurves/tbp/frozen_state_037
tbp	frozen	038	/project2/rohs_102/shewchuk/TF-conformation/output/stage3_min/tbp/1tgh_state_038.pdb	/project2/rohs_102/shewchuk/TF-conformation/analysis/analyses/dna_relax/pycurves/tbp/frozen_state_038
tbp	frozen	039	/project2/rohs_102/shewchuk/TF-conformation/output/stage3_min/tbp/1tgh_state_039.pdb	/project2/rohs_102/shewchuk/TF-conformation/analysis/analyses/dna_relax/pycurves/tbp/frozen_state_039
tbp	frozen	040	/project2/rohs_102/shewchuk/TF-conformation/output/stage3_min/tbp/1tgh_state_040.pdb	/project2/rohs_102/shewchuk/TF-conformation/analysis/analyses/dna_relax/pycurves/tbp/frozen_state_040
tbp	frozen	041	/project2/rohs_102/shewchuk/TF-conformation/output/stage3_min/tbp/1tgh_state_041.pdb	/project2/rohs_102/shewchuk/TF-conformation/analysis/analyses/dna_relax/pycurves/tbp/frozen_state_041
tbp	frozen	042	/project2/rohs_102/shewchuk/TF-conformation/output/stage3_min/tbp/1tgh_state_042.pdb	/project2/rohs_102/shewchuk/TF-conformation/analysis/analyses/dna_relax/pycurves/tbp/frozen_state_042
tbp	frozen	043	/project2/rohs_102/shewchuk/TF-conformation/output/stage3_min/tbp/1tgh_state_043.pdb	/project2/rohs_102/shewchuk/TF-conformation/analysis/analyses/dna_relax/pycurves/tbp/frozen_state_043
tbp	frozen	044	/project2/rohs_102/shewchuk/TF-conformation/output/stage3_min/tbp/1tgh_state_044.pdb	/project2/rohs_102/shewchuk/TF-conformation/analysis/analyses/dna_relax/pycurves/tbp/frozen_state_044
tbp	frozen	045	/project2/rohs_102/shewchuk/TF-conformation/output/stage3_min/tbp/1tgh_state_045.pdb	/project2/rohs_102/shewchuk/TF-conformation/analysis/analyses/dna_relax/pycurves/tbp/frozen_state_045
tbp	frozen	046	/project2/rohs_102/shewchuk/TF-conformation/output/stage3_min/tbp/1tgh_state_046.pdb	/project2/rohs_102/shewchuk/TF-conformation/analysis/analyses/dna_relax/pycurves/tbp/frozen_state_046
tbp	frozen	047	/project2/rohs_102/shewchuk/TF-conformation/output/stage3_min/tbp/1tgh_state_047.pdb	/project2/rohs_102/shewchuk/TF-conformation/analysis/analyses/dna_relax/pycurves/tbp/frozen_state_047
tbp	frozen	048	/project2/rohs_102/shewchuk/TF-conformation/output/stage3_min/tbp/1tgh_state_048.pdb	/project2/rohs_102/shewchuk/TF-conformation/analysis/analyses/dna_relax/pycurves/tbp/frozen_state_048
tbp	frozen	049	/project2/rohs_102/shewchuk/TF-conformation/output/stage3_min/tbp/1tgh_state_049.pdb	/project2/rohs_102/shewchuk/TF-conformation/analysis/analyses/dna_relax/pycurves/tbp/frozen_state_049
tbp	frozen	050	/project2/rohs_102/shewchuk/TF-conformation/output/stage3_min/tbp/1tgh_state_050.pdb	/project2/rohs_102/shewchuk/TF-conformation/analysis/analyses/dna_relax/pycurves/tbp/frozen_state_050
tbp	frozen	051	/project2/rohs_102/shewchuk/TF-conformation/output/stage3_min/tbp/1tgh_state_051.pdb	/project2/rohs_102/shewchuk/TF-conformation/analysis/analyses/dna_relax/pycurves/tbp/frozen_state_051
tbp	frozen	052	/project2/rohs_102/shewchuk/TF-conformation/output/stage3_min/tbp/1tgh_state_052.pdb	/project2/rohs_102/shewchuk/TF-conformation/analysis/analyses/dna_relax/pycurves/tbp/frozen_state_052
tbp	frozen	053	/project2/rohs_102/shewchuk/TF-conformation/output/stage3_min/tbp/1tgh_state_053.pdb	/project2/rohs_102/shewchuk/TF-conformation/analysis/analyses/dna_relax/pycurves/tbp/frozen_state_053
tbp	frozen	054	/project2/rohs_102/shewchuk/TF-conformation/output/stage3_min/tbp/1tgh_state_054.pdb	/project2/rohs_102/shewchuk/TF-conformation/analysis/analyses/dna_relax/pycurves/tbp/frozen_state_054
tbp	frozen	055	/project2/rohs_102/shewchuk/TF-conformation/output/stage3_min/tbp/1tgh_state_055.pdb	/project2/rohs_102/shewchuk/TF-conformation/analysis/analyses/dna_relax/pycurves/tbp/frozen_state_055
tbp	frozen	056	/project2/rohs_102/shewchuk/TF-conformation/output/stage3_min/tbp/1tgh_state_056.pdb	/project2/rohs_102/shewchuk/TF-conformation/analysis/analyses/dna_relax/pycurves/tbp/frozen_state_056
tbp	frozen	057	/project2/rohs_102/shewchuk/TF-conformation/output/stage3_min/tbp/1tgh_state_057.pdb	/project2/rohs_102/shewchuk/TF-conformation/analysis/analyses/dna_relax/pycurves/tbp/frozen_state_057
tbp	frozen	058	/project2/rohs_102/shewchuk/TF-conformation/output/stage3_min/tbp/1tgh_state_058.pdb	/project2/rohs_102/shewchuk/TF-conformation/analysis/analyses/dna_relax/pycurves/tbp/frozen_state_058
tbp	frozen	059	/project2/rohs_102/shewchuk/TF-conformation/output/stage3_min/tbp/1tgh_state_059.pdb	/project2/rohs_102/shewchuk/TF-conformation/analysis/analyses/dna_relax/pycurves/tbp/frozen_state_059
tbp	frozen	060	/project2/rohs_102/shewchuk/TF-conformation/output/stage3_min/tbp/1tgh_state_060.pdb	/project2/rohs_102/shewchuk/TF-conformation/analysis/analyses/dna_relax/pycurves/tbp/frozen_state_060
tbp	frozen	061	/project2/rohs_102/shewchuk/TF-conformation/output/stage3_min/tbp/1tgh_state_061.pdb	/project2/rohs_102/shewchuk/TF-conformation/analysis/analyses/dna_relax/pycurves/tbp/frozen_state_061
tbp	frozen	062	/project2/rohs_102/shewchuk/TF-conformation/output/stage3_min/tbp/1tgh_state_062.pdb	/project2/rohs_102/shewchuk/TF-conformation/analysis/analyses/dna_relax/pycurves/tbp/frozen_state_062
tbp	frozen	063	/project2/rohs_102/shewchuk/TF-conformation/output/stage3_min/tbp/1tgh_state_063.pdb	/project2/rohs_102/shewchuk/TF-conformation/analysis/analyses/dna_relax/pycurves/tbp/frozen_state_063
tbp	frozen	064	/project2/rohs_102/shewchuk/TF-conformation/output/stage3_min/tbp/1tgh_state_064.pdb	/project2/rohs_102/shewchuk/TF-conformation/analysis/analyses/dna_relax/pycurves/tbp/frozen_state_064
tbp	frozen	065	/project2/rohs_102/shewchuk/TF-conformation/output/stage3_min/tbp/1tgh_state_065.pdb	/project2/rohs_102/shewchuk/TF-conformation/analysis/analyses/dna_relax/pycurves/tbp/frozen_state_065
tbp	frozen	066	/project2/rohs_102/shewchuk/TF-conformation/output/stage3_min/tbp/1tgh_state_066.pdb	/project2/rohs_102/shewchuk/TF-conformation/analysis/analyses/dna_relax/pycurves/tbp/frozen_state_066
tbp	frozen	067	/project2/rohs_102/shewchuk/TF-conformation/output/stage3_min/tbp/1tgh_state_067.pdb	/project2/rohs_102/shewchuk/TF-conformation/analysis/analyses/dna_relax/pycurves/tbp/frozen_state_067
tbp	frozen	068	/project2/rohs_102/shewchuk/TF-conformation/output/stage3_min/tbp/1tgh_state_068.pdb	/project2/rohs_102/shewchuk/TF-conformation/analysis/analyses/dna_relax/pycurves/tbp/frozen_state_068
tbp	frozen	069	/project2/rohs_102/shewchuk/TF-conformation/output/stage3_min/tbp/1tgh_state_069.pdb	/project2/rohs_102/shewchuk/TF-conformation/analysis/analyses/dna_relax/pycurves/tbp/frozen_state_069
tbp	frozen	070	/project2/rohs_102/shewchuk/TF-conformation/output/stage3_min/tbp/1tgh_state_070.pdb	/project2/rohs_102/shewchuk/TF-conformation/analysis/analyses/dna_relax/pycurves/tbp/frozen_state_070
tbp	frozen	071	/project2/rohs_102/shewchuk/TF-conformation/output/stage3_min/tbp/1tgh_state_071.pdb	/project2/rohs_102/shewchuk/TF-conformation/analysis/analyses/dna_relax/pycurves/tbp/frozen_state_071
tbp	frozen	072	/project2/rohs_102/shewchuk/TF-conformation/output/stage3_min/tbp/1tgh_state_072.pdb	/project2/rohs_102/shewchuk/TF-conformation/analysis/analyses/dna_relax/pycurves/tbp/frozen_state_072
tbp	frozen	073	/project2/rohs_102/shewchuk/TF-conformation/output/stage3_min/tbp/1tgh_state_073.pdb	/project2/rohs_102/shewchuk/TF-conformation/analysis/analyses/dna_relax/pycurves/tbp/frozen_state_073
tbp	frozen	074	/project2/rohs_102/shewchuk/TF-conformation/output/stage3_min/tbp/1tgh_state_074.pdb	/project2/rohs_102/shewchuk/TF-conformation/analysis/analyses/dna_relax/pycurves/tbp/frozen_state_074
tbp	frozen	075	/project2/rohs_102/shewchuk/TF-conformation/output/stage3_min/tbp/1tgh_state_075.pdb	/project2/rohs_102/shewchuk/TF-conformation/analysis/analyses/dna_relax/pycurves/tbp/frozen_state_075
tbp	frozen	076	/project2/rohs_102/shewchuk/TF-conformation/output/stage3_min/tbp/1tgh_state_076.pdb	/project2/rohs_102/shewchuk/TF-conformation/analysis/analyses/dna_relax/pycurves/tbp/frozen_state_076
tbp	frozen	077	/project2/rohs_102/shewchuk/TF-conformation/output/stage3_min/tbp/1tgh_state_077.pdb	/project2/rohs_102/shewchuk/TF-conformation/analysis/analyses/dna_relax/pycurves/tbp/frozen_state_077
tbp	frozen	078	/project2/rohs_102/shewchuk/TF-conformation/output/stage3_min/tbp/1tgh_state_078.pdb	/project2/rohs_102/shewchuk/TF-conformation/analysis/analyses/dna_relax/pycurves/tbp/frozen_state_078
tbp	frozen	079	/project2/rohs_102/shewchuk/TF-conformation/output/stage3_min/tbp/1tgh_state_079.pdb	/project2/rohs_102/shewchuk/TF-conformation/analysis/analyses/dna_relax/pycurves/tbp/frozen_state_079
tbp	frozen	080	/project2/rohs_102/shewchuk/TF-conformation/output/stage3_min/tbp/1tgh_state_080.pdb	/project2/rohs_102/shewchuk/TF-conformation/analysis/analyses/dna_relax/pycurves/tbp/frozen_state_080
tbp	frozen	081	/project2/rohs_102/shewchuk/TF-conformation/output/stage3_min/tbp/1tgh_state_081.pdb	/project2/rohs_102/shewchuk/TF-conformation/analysis/analyses/dna_relax/pycurves/tbp/frozen_state_081
tbp	frozen	082	/project2/rohs_102/shewchuk/TF-conformation/output/stage3_min/tbp/1tgh_state_082.pdb	/project2/rohs_102/shewchuk/TF-conformation/analysis/analyses/dna_relax/pycurves/tbp/frozen_state_082
tbp	frozen	083	/project2/rohs_102/shewchuk/TF-conformation/output/stage3_min/tbp/1tgh_state_083.pdb	/project2/rohs_102/shewchuk/TF-conformation/analysis/analyses/dna_relax/pycurves/tbp/frozen_state_083
tbp	frozen	084	/project2/rohs_102/shewchuk/TF-conformation/output/stage3_min/tbp/1tgh_state_084.pdb	/project2/rohs_102/shewchuk/TF-conformation/analysis/analyses/dna_relax/pycurves/tbp/frozen_state_084
tbp	frozen	086	/project2/rohs_102/shewchuk/TF-conformation/output/stage3_min/tbp/1tgh_state_086.pdb	/project2/rohs_102/shewchuk/TF-conformation/analysis/analyses/dna_relax/pycurves/tbp/frozen_state_086
tbp	frozen	087	/project2/rohs_102/shewchuk/TF-conformation/output/stage3_min/tbp/1tgh_state_087.pdb	/project2/rohs_102/shewchuk/TF-conformation/analysis/analyses/dna_relax/pycurves/tbp/frozen_state_087
tbp	frozen	088	/project2/rohs_102/shewchuk/TF-conformation/output/stage3_min/tbp/1tgh_state_088.pdb	/project2/rohs_102/shewchuk/TF-conformation/analysis/analyses/dna_relax/pycurves/tbp/frozen_state_088
tbp	frozen	089	/project2/rohs_102/shewchuk/TF-conformation/output/stage3_min/tbp/1tgh_state_089.pdb	/project2/rohs_102/shewchuk/TF-conformation/analysis/analyses/dna_relax/pycurves/tbp/frozen_state_089
tbp	frozen	090	/project2/rohs_102/shewchuk/TF-conformation/output/stage3_min/tbp/1tgh_state_090.pdb	/project2/rohs_102/shewchuk/TF-conformation/analysis/analyses/dna_relax/pycurves/tbp/frozen_state_090
tbp	frozen	091	/project2/rohs_102/shewchuk/TF-conformation/output/stage3_min/tbp/1tgh_state_091.pdb	/project2/rohs_102/shewchuk/TF-conformation/analysis/analyses/dna_relax/pycurves/tbp/frozen_state_091
tbp	frozen	092	/project2/rohs_102/shewchuk/TF-conformation/output/stage3_min/tbp/1tgh_state_092.pdb	/project2/rohs_102/shewchuk/TF-conformation/analysis/analyses/dna_relax/pycurves/tbp/frozen_state_092
tbp	frozen	093	/project2/rohs_102/shewchuk/TF-conformation/output/stage3_min/tbp/1tgh_state_093.pdb	/project2/rohs_102/shewchuk/TF-conformation/analysis/analyses/dna_relax/pycurves/tbp/frozen_state_093
tbp	frozen	094	/project2/rohs_102/shewchuk/TF-conformation/output/stage3_min/tbp/1tgh_state_094.pdb	/project2/rohs_102/shewchuk/TF-conformation/analysis/analyses/dna_relax/pycurves/tbp/frozen_state_094
tbp	frozen	095	/project2/rohs_102/shewchuk/TF-conformation/output/stage3_min/tbp/1tgh_state_095.pdb	/project2/rohs_102/shewchuk/TF-conformation/analysis/analyses/dna_relax/pycurves/tbp/frozen_state_095
tbp	frozen	096	/project2/rohs_102/shewchuk/TF-conformation/output/stage3_min/tbp/1tgh_state_096.pdb	/project2/rohs_102/shewchuk/TF-conformation/analysis/analyses/dna_relax/pycurves/tbp/frozen_state_096
tbp	frozen	097	/project2/rohs_102/shewchuk/TF-conformation/output/stage3_min/tbp/1tgh_state_097.pdb	/project2/rohs_102/shewchuk/TF-conformation/analysis/analyses/dna_relax/pycurves/tbp/frozen_state_097
tbp	relaxed	001	/project2/rohs_102/shewchuk/TF-conformation/output/stage3_min_dnarelax/tbp/1tgh_state_001.pdb	/project2/rohs_102/shewchuk/TF-conformation/analysis/analyses/dna_relax/pycurves/tbp/relaxed_state_001
tbp	relaxed	002	/project2/rohs_102/shewchuk/TF-conformation/output/stage3_min_dnarelax/tbp/1tgh_state_002.pdb	/project2/rohs_102/shewchuk/TF-conformation/analysis/analyses/dna_relax/pycurves/tbp/relaxed_state_002
tbp	relaxed	003	/project2/rohs_102/shewchuk/TF-conformation/output/stage3_min_dnarelax/tbp/1tgh_state_003.pdb	/project2/rohs_102/shewchuk/TF-conformation/analysis/analyses/dna_relax/pycurves/tbp/relaxed_state_003
tbp	relaxed	004	/project2/rohs_102/shewchuk/TF-conformation/output/stage3_min_dnarelax/tbp/1tgh_state_004.pdb	/project2/rohs_102/shewchuk/TF-conformation/analysis/analyses/dna_relax/pycurves/tbp/relaxed_state_004
tbp	relaxed	005	/project2/rohs_102/shewchuk/TF-conformation/output/stage3_min_dnarelax/tbp/1tgh_state_005.pdb	/project2/rohs_102/shewchuk/TF-conformation/analysis/analyses/dna_relax/pycurves/tbp/relaxed_state_005
tbp	relaxed	006	/project2/rohs_102/shewchuk/TF-conformation/output/stage3_min_dnarelax/tbp/1tgh_state_006.pdb	/project2/rohs_102/shewchuk/TF-conformation/analysis/analyses/dna_relax/pycurves/tbp/relaxed_state_006
tbp	relaxed	007	/project2/rohs_102/shewchuk/TF-conformation/output/stage3_min_dnarelax/tbp/1tgh_state_007.pdb	/project2/rohs_102/shewchuk/TF-conformation/analysis/analyses/dna_relax/pycurves/tbp/relaxed_state_007
tbp	relaxed	008	/project2/rohs_102/shewchuk/TF-conformation/output/stage3_min_dnarelax/tbp/1tgh_state_008.pdb	/project2/rohs_102/shewchuk/TF-conformation/analysis/analyses/dna_relax/pycurves/tbp/relaxed_state_008
tbp	relaxed	009	/project2/rohs_102/shewchuk/TF-conformation/output/stage3_min_dnarelax/tbp/1tgh_state_009.pdb	/project2/rohs_102/shewchuk/TF-conformation/analysis/analyses/dna_relax/pycurves/tbp/relaxed_state_009
tbp	relaxed	010	/project2/rohs_102/shewchuk/TF-conformation/output/stage3_min_dnarelax/tbp/1tgh_state_010.pdb	/project2/rohs_102/shewchuk/TF-conformation/analysis/analyses/dna_relax/pycurves/tbp/relaxed_state_010
tbp	relaxed	011	/project2/rohs_102/shewchuk/TF-conformation/output/stage3_min_dnarelax/tbp/1tgh_state_011.pdb	/project2/rohs_102/shewchuk/TF-conformation/analysis/analyses/dna_relax/pycurves/tbp/relaxed_state_011
tbp	relaxed	012	/project2/rohs_102/shewchuk/TF-conformation/output/stage3_min_dnarelax/tbp/1tgh_state_012.pdb	/project2/rohs_102/shewchuk/TF-conformation/analysis/analyses/dna_relax/pycurves/tbp/relaxed_state_012
tbp	relaxed	013	/project2/rohs_102/shewchuk/TF-conformation/output/stage3_min_dnarelax/tbp/1tgh_state_013.pdb	/project2/rohs_102/shewchuk/TF-conformation/analysis/analyses/dna_relax/pycurves/tbp/relaxed_state_013
tbp	relaxed	014	/project2/rohs_102/shewchuk/TF-conformation/output/stage3_min_dnarelax/tbp/1tgh_state_014.pdb	/project2/rohs_102/shewchuk/TF-conformation/analysis/analyses/dna_relax/pycurves/tbp/relaxed_state_014
tbp	relaxed	015	/project2/rohs_102/shewchuk/TF-conformation/output/stage3_min_dnarelax/tbp/1tgh_state_015.pdb	/project2/rohs_102/shewchuk/TF-conformation/analysis/analyses/dna_relax/pycurves/tbp/relaxed_state_015
tbp	relaxed	016	/project2/rohs_102/shewchuk/TF-conformation/output/stage3_min_dnarelax/tbp/1tgh_state_016.pdb	/project2/rohs_102/shewchuk/TF-conformation/analysis/analyses/dna_relax/pycurves/tbp/relaxed_state_016
tbp	relaxed	017	/project2/rohs_102/shewchuk/TF-conformation/output/stage3_min_dnarelax/tbp/1tgh_state_017.pdb	/project2/rohs_102/shewchuk/TF-conformation/analysis/analyses/dna_relax/pycurves/tbp/relaxed_state_017
tbp	relaxed	018	/project2/rohs_102/shewchuk/TF-conformation/output/stage3_min_dnarelax/tbp/1tgh_state_018.pdb	/project2/rohs_102/shewchuk/TF-conformation/analysis/analyses/dna_relax/pycurves/tbp/relaxed_state_018
tbp	relaxed	019	/project2/rohs_102/shewchuk/TF-conformation/output/stage3_min_dnarelax/tbp/1tgh_state_019.pdb	/project2/rohs_102/shewchuk/TF-conformation/analysis/analyses/dna_relax/pycurves/tbp/relaxed_state_019
tbp	relaxed	020	/project2/rohs_102/shewchuk/TF-conformation/output/stage3_min_dnarelax/tbp/1tgh_state_020.pdb	/project2/rohs_102/shewchuk/TF-conformation/analysis/analyses/dna_relax/pycurves/tbp/relaxed_state_020
tbp	relaxed	021	/project2/rohs_102/shewchuk/TF-conformation/output/stage3_min_dnarelax/tbp/1tgh_state_021.pdb	/project2/rohs_102/shewchuk/TF-conformation/analysis/analyses/dna_relax/pycurves/tbp/relaxed_state_021
tbp	relaxed	022	/project2/rohs_102/shewchuk/TF-conformation/output/stage3_min_dnarelax/tbp/1tgh_state_022.pdb	/project2/rohs_102/shewchuk/TF-conformation/analysis/analyses/dna_relax/pycurves/tbp/relaxed_state_022
tbp	relaxed	023	/project2/rohs_102/shewchuk/TF-conformation/output/stage3_min_dnarelax/tbp/1tgh_state_023.pdb	/project2/rohs_102/shewchuk/TF-conformation/analysis/analyses/dna_relax/pycurves/tbp/relaxed_state_023
tbp	relaxed	024	/project2/rohs_102/shewchuk/TF-conformation/output/stage3_min_dnarelax/tbp/1tgh_state_024.pdb	/project2/rohs_102/shewchuk/TF-conformation/analysis/analyses/dna_relax/pycurves/tbp/relaxed_state_024
tbp	relaxed	025	/project2/rohs_102/shewchuk/TF-conformation/output/stage3_min_dnarelax/tbp/1tgh_state_025.pdb	/project2/rohs_102/shewchuk/TF-conformation/analysis/analyses/dna_relax/pycurves/tbp/relaxed_state_025
tbp	relaxed	026	/project2/rohs_102/shewchuk/TF-conformation/output/stage3_min_dnarelax/tbp/1tgh_state_026.pdb	/project2/rohs_102/shewchuk/TF-conformation/analysis/analyses/dna_relax/pycurves/tbp/relaxed_state_026
tbp	relaxed	027	/project2/rohs_102/shewchuk/TF-conformation/output/stage3_min_dnarelax/tbp/1tgh_state_027.pdb	/project2/rohs_102/shewchuk/TF-conformation/analysis/analyses/dna_relax/pycurves/tbp/relaxed_state_027
tbp	relaxed	028	/project2/rohs_102/shewchuk/TF-conformation/output/stage3_min_dnarelax/tbp/1tgh_state_028.pdb	/project2/rohs_102/shewchuk/TF-conformation/analysis/analyses/dna_relax/pycurves/tbp/relaxed_state_028
tbp	relaxed	029	/project2/rohs_102/shewchuk/TF-conformation/output/stage3_min_dnarelax/tbp/1tgh_state_029.pdb	/project2/rohs_102/shewchuk/TF-conformation/analysis/analyses/dna_relax/pycurves/tbp/relaxed_state_029
tbp	relaxed	030	/project2/rohs_102/shewchuk/TF-conformation/output/stage3_min_dnarelax/tbp/1tgh_state_030.pdb	/project2/rohs_102/shewchuk/TF-conformation/analysis/analyses/dna_relax/pycurves/tbp/relaxed_state_030
tbp	relaxed	031	/project2/rohs_102/shewchuk/TF-conformation/output/stage3_min_dnarelax/tbp/1tgh_state_031.pdb	/project2/rohs_102/shewchuk/TF-conformation/analysis/analyses/dna_relax/pycurves/tbp/relaxed_state_031
tbp	relaxed	033	/project2/rohs_102/shewchuk/TF-conformation/output/stage3_min_dnarelax/tbp/1tgh_state_033.pdb	/project2/rohs_102/shewchuk/TF-conformation/analysis/analyses/dna_relax/pycurves/tbp/relaxed_state_033
tbp	relaxed	034	/project2/rohs_102/shewchuk/TF-conformation/output/stage3_min_dnarelax/tbp/1tgh_state_034.pdb	/project2/rohs_102/shewchuk/TF-conformation/analysis/analyses/dna_relax/pycurves/tbp/relaxed_state_034
tbp	relaxed	035	/project2/rohs_102/shewchuk/TF-conformation/output/stage3_min_dnarelax/tbp/1tgh_state_035.pdb	/project2/rohs_102/shewchuk/TF-conformation/analysis/analyses/dna_relax/pycurves/tbp/relaxed_state_035
tbp	relaxed	036	/project2/rohs_102/shewchuk/TF-conformation/output/stage3_min_dnarelax/tbp/1tgh_state_036.pdb	/project2/rohs_102/shewchuk/TF-conformation/analysis/analyses/dna_relax/pycurves/tbp/relaxed_state_036
tbp	relaxed	037	/project2/rohs_102/shewchuk/TF-conformation/output/stage3_min_dnarelax/tbp/1tgh_state_037.pdb	/project2/rohs_102/shewchuk/TF-conformation/analysis/analyses/dna_relax/pycurves/tbp/relaxed_state_037
tbp	relaxed	038	/project2/rohs_102/shewchuk/TF-conformation/output/stage3_min_dnarelax/tbp/1tgh_state_038.pdb	/project2/rohs_102/shewchuk/TF-conformation/analysis/analyses/dna_relax/pycurves/tbp/relaxed_state_038
tbp	relaxed	039	/project2/rohs_102/shewchuk/TF-conformation/output/stage3_min_dnarelax/tbp/1tgh_state_039.pdb	/project2/rohs_102/shewchuk/TF-conformation/analysis/analyses/dna_relax/pycurves/tbp/relaxed_state_039
tbp	relaxed	040	/project2/rohs_102/shewchuk/TF-conformation/output/stage3_min_dnarelax/tbp/1tgh_state_040.pdb	/project2/rohs_102/shewchuk/TF-conformation/analysis/analyses/dna_relax/pycurves/tbp/relaxed_state_040
tbp	relaxed	041	/project2/rohs_102/shewchuk/TF-conformation/output/stage3_min_dnarelax/tbp/1tgh_state_041.pdb	/project2/rohs_102/shewchuk/TF-conformation/analysis/analyses/dna_relax/pycurves/tbp/relaxed_state_041
tbp	relaxed	042	/project2/rohs_102/shewchuk/TF-conformation/output/stage3_min_dnarelax/tbp/1tgh_state_042.pdb	/project2/rohs_102/shewchuk/TF-conformation/analysis/analyses/dna_relax/pycurves/tbp/relaxed_state_042
tbp	relaxed	043	/project2/rohs_102/shewchuk/TF-conformation/output/stage3_min_dnarelax/tbp/1tgh_state_043.pdb	/project2/rohs_102/shewchuk/TF-conformation/analysis/analyses/dna_relax/pycurves/tbp/relaxed_state_043
tbp	relaxed	044	/project2/rohs_102/shewchuk/TF-conformation/output/stage3_min_dnarelax/tbp/1tgh_state_044.pdb	/project2/rohs_102/shewchuk/TF-conformation/analysis/analyses/dna_relax/pycurves/tbp/relaxed_state_044
tbp	relaxed	045	/project2/rohs_102/shewchuk/TF-conformation/output/stage3_min_dnarelax/tbp/1tgh_state_045.pdb	/project2/rohs_102/shewchuk/TF-conformation/analysis/analyses/dna_relax/pycurves/tbp/relaxed_state_045
tbp	relaxed	046	/project2/rohs_102/shewchuk/TF-conformation/output/stage3_min_dnarelax/tbp/1tgh_state_046.pdb	/project2/rohs_102/shewchuk/TF-conformation/analysis/analyses/dna_relax/pycurves/tbp/relaxed_state_046
tbp	relaxed	047	/project2/rohs_102/shewchuk/TF-conformation/output/stage3_min_dnarelax/tbp/1tgh_state_047.pdb	/project2/rohs_102/shewchuk/TF-conformation/analysis/analyses/dna_relax/pycurves/tbp/relaxed_state_047
tbp	relaxed	048	/project2/rohs_102/shewchuk/TF-conformation/output/stage3_min_dnarelax/tbp/1tgh_state_048.pdb	/project2/rohs_102/shewchuk/TF-conformation/analysis/analyses/dna_relax/pycurves/tbp/relaxed_state_048
tbp	relaxed	049	/project2/rohs_102/shewchuk/TF-conformation/output/stage3_min_dnarelax/tbp/1tgh_state_049.pdb	/project2/rohs_102/shewchuk/TF-conformation/analysis/analyses/dna_relax/pycurves/tbp/relaxed_state_049
tbp	relaxed	050	/project2/rohs_102/shewchuk/TF-conformation/output/stage3_min_dnarelax/tbp/1tgh_state_050.pdb	/project2/rohs_102/shewchuk/TF-conformation/analysis/analyses/dna_relax/pycurves/tbp/relaxed_state_050
tbp	relaxed	051	/project2/rohs_102/shewchuk/TF-conformation/output/stage3_min_dnarelax/tbp/1tgh_state_051.pdb	/project2/rohs_102/shewchuk/TF-conformation/analysis/analyses/dna_relax/pycurves/tbp/relaxed_state_051
tbp	relaxed	052	/project2/rohs_102/shewchuk/TF-conformation/output/stage3_min_dnarelax/tbp/1tgh_state_052.pdb	/project2/rohs_102/shewchuk/TF-conformation/analysis/analyses/dna_relax/pycurves/tbp/relaxed_state_052
tbp	relaxed	053	/project2/rohs_102/shewchuk/TF-conformation/output/stage3_min_dnarelax/tbp/1tgh_state_053.pdb	/project2/rohs_102/shewchuk/TF-conformation/analysis/analyses/dna_relax/pycurves/tbp/relaxed_state_053
tbp	relaxed	054	/project2/rohs_102/shewchuk/TF-conformation/output/stage3_min_dnarelax/tbp/1tgh_state_054.pdb	/project2/rohs_102/shewchuk/TF-conformation/analysis/analyses/dna_relax/pycurves/tbp/relaxed_state_054
tbp	relaxed	055	/project2/rohs_102/shewchuk/TF-conformation/output/stage3_min_dnarelax/tbp/1tgh_state_055.pdb	/project2/rohs_102/shewchuk/TF-conformation/analysis/analyses/dna_relax/pycurves/tbp/relaxed_state_055
tbp	relaxed	056	/project2/rohs_102/shewchuk/TF-conformation/output/stage3_min_dnarelax/tbp/1tgh_state_056.pdb	/project2/rohs_102/shewchuk/TF-conformation/analysis/analyses/dna_relax/pycurves/tbp/relaxed_state_056
tbp	relaxed	057	/project2/rohs_102/shewchuk/TF-conformation/output/stage3_min_dnarelax/tbp/1tgh_state_057.pdb	/project2/rohs_102/shewchuk/TF-conformation/analysis/analyses/dna_relax/pycurves/tbp/relaxed_state_057
tbp	relaxed	058	/project2/rohs_102/shewchuk/TF-conformation/output/stage3_min_dnarelax/tbp/1tgh_state_058.pdb	/project2/rohs_102/shewchuk/TF-conformation/analysis/analyses/dna_relax/pycurves/tbp/relaxed_state_058
tbp	relaxed	059	/project2/rohs_102/shewchuk/TF-conformation/output/stage3_min_dnarelax/tbp/1tgh_state_059.pdb	/project2/rohs_102/shewchuk/TF-conformation/analysis/analyses/dna_relax/pycurves/tbp/relaxed_state_059
tbp	relaxed	060	/project2/rohs_102/shewchuk/TF-conformation/output/stage3_min_dnarelax/tbp/1tgh_state_060.pdb	/project2/rohs_102/shewchuk/TF-conformation/analysis/analyses/dna_relax/pycurves/tbp/relaxed_state_060
tbp	relaxed	061	/project2/rohs_102/shewchuk/TF-conformation/output/stage3_min_dnarelax/tbp/1tgh_state_061.pdb	/project2/rohs_102/shewchuk/TF-conformation/analysis/analyses/dna_relax/pycurves/tbp/relaxed_state_061
tbp	relaxed	062	/project2/rohs_102/shewchuk/TF-conformation/output/stage3_min_dnarelax/tbp/1tgh_state_062.pdb	/project2/rohs_102/shewchuk/TF-conformation/analysis/analyses/dna_relax/pycurves/tbp/relaxed_state_062
tbp	relaxed	063	/project2/rohs_102/shewchuk/TF-conformation/output/stage3_min_dnarelax/tbp/1tgh_state_063.pdb	/project2/rohs_102/shewchuk/TF-conformation/analysis/analyses/dna_relax/pycurves/tbp/relaxed_state_063
tbp	relaxed	064	/project2/rohs_102/shewchuk/TF-conformation/output/stage3_min_dnarelax/tbp/1tgh_state_064.pdb	/project2/rohs_102/shewchuk/TF-conformation/analysis/analyses/dna_relax/pycurves/tbp/relaxed_state_064
tbp	relaxed	065	/project2/rohs_102/shewchuk/TF-conformation/output/stage3_min_dnarelax/tbp/1tgh_state_065.pdb	/project2/rohs_102/shewchuk/TF-conformation/analysis/analyses/dna_relax/pycurves/tbp/relaxed_state_065
tbp	relaxed	066	/project2/rohs_102/shewchuk/TF-conformation/output/stage3_min_dnarelax/tbp/1tgh_state_066.pdb	/project2/rohs_102/shewchuk/TF-conformation/analysis/analyses/dna_relax/pycurves/tbp/relaxed_state_066
tbp	relaxed	067	/project2/rohs_102/shewchuk/TF-conformation/output/stage3_min_dnarelax/tbp/1tgh_state_067.pdb	/project2/rohs_102/shewchuk/TF-conformation/analysis/analyses/dna_relax/pycurves/tbp/relaxed_state_067
tbp	relaxed	068	/project2/rohs_102/shewchuk/TF-conformation/output/stage3_min_dnarelax/tbp/1tgh_state_068.pdb	/project2/rohs_102/shewchuk/TF-conformation/analysis/analyses/dna_relax/pycurves/tbp/relaxed_state_068
tbp	relaxed	069	/project2/rohs_102/shewchuk/TF-conformation/output/stage3_min_dnarelax/tbp/1tgh_state_069.pdb	/project2/rohs_102/shewchuk/TF-conformation/analysis/analyses/dna_relax/pycurves/tbp/relaxed_state_069
tbp	relaxed	070	/project2/rohs_102/shewchuk/TF-conformation/output/stage3_min_dnarelax/tbp/1tgh_state_070.pdb	/project2/rohs_102/shewchuk/TF-conformation/analysis/analyses/dna_relax/pycurves/tbp/relaxed_state_070
tbp	relaxed	071	/project2/rohs_102/shewchuk/TF-conformation/output/stage3_min_dnarelax/tbp/1tgh_state_071.pdb	/project2/rohs_102/shewchuk/TF-conformation/analysis/analyses/dna_relax/pycurves/tbp/relaxed_state_071
tbp	relaxed	072	/project2/rohs_102/shewchuk/TF-conformation/output/stage3_min_dnarelax/tbp/1tgh_state_072.pdb	/project2/rohs_102/shewchuk/TF-conformation/analysis/analyses/dna_relax/pycurves/tbp/relaxed_state_072
tbp	relaxed	073	/project2/rohs_102/shewchuk/TF-conformation/output/stage3_min_dnarelax/tbp/1tgh_state_073.pdb	/project2/rohs_102/shewchuk/TF-conformation/analysis/analyses/dna_relax/pycurves/tbp/relaxed_state_073
tbp	relaxed	074	/project2/rohs_102/shewchuk/TF-conformation/output/stage3_min_dnarelax/tbp/1tgh_state_074.pdb	/project2/rohs_102/shewchuk/TF-conformation/analysis/analyses/dna_relax/pycurves/tbp/relaxed_state_074
tbp	relaxed	075	/project2/rohs_102/shewchuk/TF-conformation/output/stage3_min_dnarelax/tbp/1tgh_state_075.pdb	/project2/rohs_102/shewchuk/TF-conformation/analysis/analyses/dna_relax/pycurves/tbp/relaxed_state_075
tbp	relaxed	076	/project2/rohs_102/shewchuk/TF-conformation/output/stage3_min_dnarelax/tbp/1tgh_state_076.pdb	/project2/rohs_102/shewchuk/TF-conformation/analysis/analyses/dna_relax/pycurves/tbp/relaxed_state_076
tbp	relaxed	077	/project2/rohs_102/shewchuk/TF-conformation/output/stage3_min_dnarelax/tbp/1tgh_state_077.pdb	/project2/rohs_102/shewchuk/TF-conformation/analysis/analyses/dna_relax/pycurves/tbp/relaxed_state_077
tbp	relaxed	078	/project2/rohs_102/shewchuk/TF-conformation/output/stage3_min_dnarelax/tbp/1tgh_state_078.pdb	/project2/rohs_102/shewchuk/TF-conformation/analysis/analyses/dna_relax/pycurves/tbp/relaxed_state_078
tbp	relaxed	079	/project2/rohs_102/shewchuk/TF-conformation/output/stage3_min_dnarelax/tbp/1tgh_state_079.pdb	/project2/rohs_102/shewchuk/TF-conformation/analysis/analyses/dna_relax/pycurves/tbp/relaxed_state_079
tbp	relaxed	080	/project2/rohs_102/shewchuk/TF-conformation/output/stage3_min_dnarelax/tbp/1tgh_state_080.pdb	/project2/rohs_102/shewchuk/TF-conformation/analysis/analyses/dna_relax/pycurves/tbp/relaxed_state_080
tbp	relaxed	081	/project2/rohs_102/shewchuk/TF-conformation/output/stage3_min_dnarelax/tbp/1tgh_state_081.pdb	/project2/rohs_102/shewchuk/TF-conformation/analysis/analyses/dna_relax/pycurves/tbp/relaxed_state_081
tbp	relaxed	082	/project2/rohs_102/shewchuk/TF-conformation/output/stage3_min_dnarelax/tbp/1tgh_state_082.pdb	/project2/rohs_102/shewchuk/TF-conformation/analysis/analyses/dna_relax/pycurves/tbp/relaxed_state_082
tbp	relaxed	083	/project2/rohs_102/shewchuk/TF-conformation/output/stage3_min_dnarelax/tbp/1tgh_state_083.pdb	/project2/rohs_102/shewchuk/TF-conformation/analysis/analyses/dna_relax/pycurves/tbp/relaxed_state_083
tbp	relaxed	084	/project2/rohs_102/shewchuk/TF-conformation/output/stage3_min_dnarelax/tbp/1tgh_state_084.pdb	/project2/rohs_102/shewchuk/TF-conformation/analysis/analyses/dna_relax/pycurves/tbp/relaxed_state_084
tbp	relaxed	085	/project2/rohs_102/shewchuk/TF-conformation/output/stage3_min_dnarelax/tbp/1tgh_state_085.pdb	/project2/rohs_102/shewchuk/TF-conformation/analysis/analyses/dna_relax/pycurves/tbp/relaxed_state_085
tbp	relaxed	086	/project2/rohs_102/shewchuk/TF-conformation/output/stage3_min_dnarelax/tbp/1tgh_state_086.pdb	/project2/rohs_102/shewchuk/TF-conformation/analysis/analyses/dna_relax/pycurves/tbp/relaxed_state_086
tbp	relaxed	087	/project2/rohs_102/shewchuk/TF-conformation/output/stage3_min_dnarelax/tbp/1tgh_state_087.pdb	/project2/rohs_102/shewchuk/TF-conformation/analysis/analyses/dna_relax/pycurves/tbp/relaxed_state_087
tbp	relaxed	088	/project2/rohs_102/shewchuk/TF-conformation/output/stage3_min_dnarelax/tbp/1tgh_state_088.pdb	/project2/rohs_102/shewchuk/TF-conformation/analysis/analyses/dna_relax/pycurves/tbp/relaxed_state_088
tbp	relaxed	089	/project2/rohs_102/shewchuk/TF-conformation/output/stage3_min_dnarelax/tbp/1tgh_state_089.pdb	/project2/rohs_102/shewchuk/TF-conformation/analysis/analyses/dna_relax/pycurves/tbp/relaxed_state_089
tbp	relaxed	090	/project2/rohs_102/shewchuk/TF-conformation/output/stage3_min_dnarelax/tbp/1tgh_state_090.pdb	/project2/rohs_102/shewchuk/TF-conformation/analysis/analyses/dna_relax/pycurves/tbp/relaxed_state_090
tbp	relaxed	091	/project2/rohs_102/shewchuk/TF-conformation/output/stage3_min_dnarelax/tbp/1tgh_state_091.pdb	/project2/rohs_102/shewchuk/TF-conformation/analysis/analyses/dna_relax/pycurves/tbp/relaxed_state_091
tbp	relaxed	092	/project2/rohs_102/shewchuk/TF-conformation/output/stage3_min_dnarelax/tbp/1tgh_state_092.pdb	/project2/rohs_102/shewchuk/TF-conformation/analysis/analyses/dna_relax/pycurves/tbp/relaxed_state_092
tbp	relaxed	093	/project2/rohs_102/shewchuk/TF-conformation/output/stage3_min_dnarelax/tbp/1tgh_state_093.pdb	/project2/rohs_102/shewchuk/TF-conformation/analysis/analyses/dna_relax/pycurves/tbp/relaxed_state_093
tbp	relaxed	094	/project2/rohs_102/shewchuk/TF-conformation/output/stage3_min_dnarelax/tbp/1tgh_state_094.pdb	/project2/rohs_102/shewchuk/TF-conformation/analysis/analyses/dna_relax/pycurves/tbp/relaxed_state_094
tbp	relaxed	095	/project2/rohs_102/shewchuk/TF-conformation/output/stage3_min_dnarelax/tbp/1tgh_state_095.pdb	/project2/rohs_102/shewchuk/TF-conformation/analysis/analyses/dna_relax/pycurves/tbp/relaxed_state_095
tbp	relaxed	096	/project2/rohs_102/shewchuk/TF-conformation/output/stage3_min_dnarelax/tbp/1tgh_state_096.pdb	/project2/rohs_102/shewchuk/TF-conformation/analysis/analyses/dna_relax/pycurves/tbp/relaxed_state_096
tbp	relaxed	097	/project2/rohs_102/shewchuk/TF-conformation/output/stage3_min_dnarelax/tbp/1tgh_state_097.pdb	/project2/rohs_102/shewchuk/TF-conformation/analysis/analyses/dna_relax/pycurves/tbp/relaxed_state_097
dux4	crystal	crystal	/project2/rohs_102/shewchuk/TF-conformation/structures/source_chains/5z6z_chains/5z6z_dna.pdb	/project2/rohs_102/shewchuk/TF-conformation/analysis/analyses/dna_relax/pycurves/dux4/crystal
dux4	frozen	001	/project2/rohs_102/shewchuk/TF-conformation/output/stage3_min/dux4/5z6z_state_001.pdb	/project2/rohs_102/shewchuk/TF-conformation/analysis/analyses/dna_relax/pycurves/dux4/frozen_state_001
dux4	frozen	002	/project2/rohs_102/shewchuk/TF-conformation/output/stage3_min/dux4/5z6z_state_002.pdb	/project2/rohs_102/shewchuk/TF-conformation/analysis/analyses/dna_relax/pycurves/dux4/frozen_state_002
dux4	frozen	003	/project2/rohs_102/shewchuk/TF-conformation/output/stage3_min/dux4/5z6z_state_003.pdb	/project2/rohs_102/shewchuk/TF-conformation/analysis/analyses/dna_relax/pycurves/dux4/frozen_state_003
dux4	frozen	004	/project2/rohs_102/shewchuk/TF-conformation/output/stage3_min/dux4/5z6z_state_004.pdb	/project2/rohs_102/shewchuk/TF-conformation/analysis/analyses/dna_relax/pycurves/dux4/frozen_state_004
dux4	frozen	005	/project2/rohs_102/shewchuk/TF-conformation/output/stage3_min/dux4/5z6z_state_005.pdb	/project2/rohs_102/shewchuk/TF-conformation/analysis/analyses/dna_relax/pycurves/dux4/frozen_state_005
dux4	frozen	006	/project2/rohs_102/shewchuk/TF-conformation/output/stage3_min/dux4/5z6z_state_006.pdb	/project2/rohs_102/shewchuk/TF-conformation/analysis/analyses/dna_relax/pycurves/dux4/frozen_state_006
dux4	frozen	007	/project2/rohs_102/shewchuk/TF-conformation/output/stage3_min/dux4/5z6z_state_007.pdb	/project2/rohs_102/shewchuk/TF-conformation/analysis/analyses/dna_relax/pycurves/dux4/frozen_state_007
dux4	frozen	008	/project2/rohs_102/shewchuk/TF-conformation/output/stage3_min/dux4/5z6z_state_008.pdb	/project2/rohs_102/shewchuk/TF-conformation/analysis/analyses/dna_relax/pycurves/dux4/frozen_state_008
dux4	frozen	009	/project2/rohs_102/shewchuk/TF-conformation/output/stage3_min/dux4/5z6z_state_009.pdb	/project2/rohs_102/shewchuk/TF-conformation/analysis/analyses/dna_relax/pycurves/dux4/frozen_state_009
dux4	frozen	010	/project2/rohs_102/shewchuk/TF-conformation/output/stage3_min/dux4/5z6z_state_010.pdb	/project2/rohs_102/shewchuk/TF-conformation/analysis/analyses/dna_relax/pycurves/dux4/frozen_state_010
dux4	frozen	011	/project2/rohs_102/shewchuk/TF-conformation/output/stage3_min/dux4/5z6z_state_011.pdb	/project2/rohs_102/shewchuk/TF-conformation/analysis/analyses/dna_relax/pycurves/dux4/frozen_state_011
dux4	frozen	012	/project2/rohs_102/shewchuk/TF-conformation/output/stage3_min/dux4/5z6z_state_012.pdb	/project2/rohs_102/shewchuk/TF-conformation/analysis/analyses/dna_relax/pycurves/dux4/frozen_state_012
dux4	frozen	013	/project2/rohs_102/shewchuk/TF-conformation/output/stage3_min/dux4/5z6z_state_013.pdb	/project2/rohs_102/shewchuk/TF-conformation/analysis/analyses/dna_relax/pycurves/dux4/frozen_state_013
dux4	frozen	014	/project2/rohs_102/shewchuk/TF-conformation/output/stage3_min/dux4/5z6z_state_014.pdb	/project2/rohs_102/shewchuk/TF-conformation/analysis/analyses/dna_relax/pycurves/dux4/frozen_state_014
dux4	frozen	015	/project2/rohs_102/shewchuk/TF-conformation/output/stage3_min/dux4/5z6z_state_015.pdb	/project2/rohs_102/shewchuk/TF-conformation/analysis/analyses/dna_relax/pycurves/dux4/frozen_state_015
dux4	frozen	016	/project2/rohs_102/shewchuk/TF-conformation/output/stage3_min/dux4/5z6z_state_016.pdb	/project2/rohs_102/shewchuk/TF-conformation/analysis/analyses/dna_relax/pycurves/dux4/frozen_state_016
dux4	frozen	017	/project2/rohs_102/shewchuk/TF-conformation/output/stage3_min/dux4/5z6z_state_017.pdb	/project2/rohs_102/shewchuk/TF-conformation/analysis/analyses/dna_relax/pycurves/dux4/frozen_state_017
dux4	frozen	018	/project2/rohs_102/shewchuk/TF-conformation/output/stage3_min/dux4/5z6z_state_018.pdb	/project2/rohs_102/shewchuk/TF-conformation/analysis/analyses/dna_relax/pycurves/dux4/frozen_state_018
dux4	frozen	019	/project2/rohs_102/shewchuk/TF-conformation/output/stage3_min/dux4/5z6z_state_019.pdb	/project2/rohs_102/shewchuk/TF-conformation/analysis/analyses/dna_relax/pycurves/dux4/frozen_state_019
dux4	frozen	020	/project2/rohs_102/shewchuk/TF-conformation/output/stage3_min/dux4/5z6z_state_020.pdb	/project2/rohs_102/shewchuk/TF-conformation/analysis/analyses/dna_relax/pycurves/dux4/frozen_state_020
dux4	frozen	021	/project2/rohs_102/shewchuk/TF-conformation/output/stage3_min/dux4/5z6z_state_021.pdb	/project2/rohs_102/shewchuk/TF-conformation/analysis/analyses/dna_relax/pycurves/dux4/frozen_state_021
dux4	frozen	022	/project2/rohs_102/shewchuk/TF-conformation/output/stage3_min/dux4/5z6z_state_022.pdb	/project2/rohs_102/shewchuk/TF-conformation/analysis/analyses/dna_relax/pycurves/dux4/frozen_state_022
dux4	frozen	023	/project2/rohs_102/shewchuk/TF-conformation/output/stage3_min/dux4/5z6z_state_023.pdb	/project2/rohs_102/shewchuk/TF-conformation/analysis/analyses/dna_relax/pycurves/dux4/frozen_state_023
dux4	frozen	024	/project2/rohs_102/shewchuk/TF-conformation/output/stage3_min/dux4/5z6z_state_024.pdb	/project2/rohs_102/shewchuk/TF-conformation/analysis/analyses/dna_relax/pycurves/dux4/frozen_state_024
dux4	frozen	025	/project2/rohs_102/shewchuk/TF-conformation/output/stage3_min/dux4/5z6z_state_025.pdb	/project2/rohs_102/shewchuk/TF-conformation/analysis/analyses/dna_relax/pycurves/dux4/frozen_state_025
dux4	frozen	026	/project2/rohs_102/shewchuk/TF-conformation/output/stage3_min/dux4/5z6z_state_026.pdb	/project2/rohs_102/shewchuk/TF-conformation/analysis/analyses/dna_relax/pycurves/dux4/frozen_state_026
dux4	frozen	027	/project2/rohs_102/shewchuk/TF-conformation/output/stage3_min/dux4/5z6z_state_027.pdb	/project2/rohs_102/shewchuk/TF-conformation/analysis/analyses/dna_relax/pycurves/dux4/frozen_state_027
dux4	frozen	029	/project2/rohs_102/shewchuk/TF-conformation/output/stage3_min/dux4/5z6z_state_029.pdb	/project2/rohs_102/shewchuk/TF-conformation/analysis/analyses/dna_relax/pycurves/dux4/frozen_state_029
dux4	frozen	030	/project2/rohs_102/shewchuk/TF-conformation/output/stage3_min/dux4/5z6z_state_030.pdb	/project2/rohs_102/shewchuk/TF-conformation/analysis/analyses/dna_relax/pycurves/dux4/frozen_state_030
dux4	frozen	031	/project2/rohs_102/shewchuk/TF-conformation/output/stage3_min/dux4/5z6z_state_031.pdb	/project2/rohs_102/shewchuk/TF-conformation/analysis/analyses/dna_relax/pycurves/dux4/frozen_state_031
dux4	frozen	032	/project2/rohs_102/shewchuk/TF-conformation/output/stage3_min/dux4/5z6z_state_032.pdb	/project2/rohs_102/shewchuk/TF-conformation/analysis/analyses/dna_relax/pycurves/dux4/frozen_state_032
dux4	frozen	033	/project2/rohs_102/shewchuk/TF-conformation/output/stage3_min/dux4/5z6z_state_033.pdb	/project2/rohs_102/shewchuk/TF-conformation/analysis/analyses/dna_relax/pycurves/dux4/frozen_state_033
dux4	frozen	034	/project2/rohs_102/shewchuk/TF-conformation/output/stage3_min/dux4/5z6z_state_034.pdb	/project2/rohs_102/shewchuk/TF-conformation/analysis/analyses/dna_relax/pycurves/dux4/frozen_state_034
dux4	frozen	035	/project2/rohs_102/shewchuk/TF-conformation/output/stage3_min/dux4/5z6z_state_035.pdb	/project2/rohs_102/shewchuk/TF-conformation/analysis/analyses/dna_relax/pycurves/dux4/frozen_state_035
dux4	frozen	036	/project2/rohs_102/shewchuk/TF-conformation/output/stage3_min/dux4/5z6z_state_036.pdb	/project2/rohs_102/shewchuk/TF-conformation/analysis/analyses/dna_relax/pycurves/dux4/frozen_state_036
dux4	frozen	037	/project2/rohs_102/shewchuk/TF-conformation/output/stage3_min/dux4/5z6z_state_037.pdb	/project2/rohs_102/shewchuk/TF-conformation/analysis/analyses/dna_relax/pycurves/dux4/frozen_state_037
dux4	frozen	038	/project2/rohs_102/shewchuk/TF-conformation/output/stage3_min/dux4/5z6z_state_038.pdb	/project2/rohs_102/shewchuk/TF-conformation/analysis/analyses/dna_relax/pycurves/dux4/frozen_state_038
dux4	frozen	039	/project2/rohs_102/shewchuk/TF-conformation/output/stage3_min/dux4/5z6z_state_039.pdb	/project2/rohs_102/shewchuk/TF-conformation/analysis/analyses/dna_relax/pycurves/dux4/frozen_state_039
dux4	frozen	040	/project2/rohs_102/shewchuk/TF-conformation/output/stage3_min/dux4/5z6z_state_040.pdb	/project2/rohs_102/shewchuk/TF-conformation/analysis/analyses/dna_relax/pycurves/dux4/frozen_state_040
dux4	frozen	041	/project2/rohs_102/shewchuk/TF-conformation/output/stage3_min/dux4/5z6z_state_041.pdb	/project2/rohs_102/shewchuk/TF-conformation/analysis/analyses/dna_relax/pycurves/dux4/frozen_state_041
dux4	frozen	042	/project2/rohs_102/shewchuk/TF-conformation/output/stage3_min/dux4/5z6z_state_042.pdb	/project2/rohs_102/shewchuk/TF-conformation/analysis/analyses/dna_relax/pycurves/dux4/frozen_state_042
dux4	frozen	043	/project2/rohs_102/shewchuk/TF-conformation/output/stage3_min/dux4/5z6z_state_043.pdb	/project2/rohs_102/shewchuk/TF-conformation/analysis/analyses/dna_relax/pycurves/dux4/frozen_state_043
dux4	frozen	044	/project2/rohs_102/shewchuk/TF-conformation/output/stage3_min/dux4/5z6z_state_044.pdb	/project2/rohs_102/shewchuk/TF-conformation/analysis/analyses/dna_relax/pycurves/dux4/frozen_state_044
dux4	frozen	045	/project2/rohs_102/shewchuk/TF-conformation/output/stage3_min/dux4/5z6z_state_045.pdb	/project2/rohs_102/shewchuk/TF-conformation/analysis/analyses/dna_relax/pycurves/dux4/frozen_state_045
dux4	frozen	046	/project2/rohs_102/shewchuk/TF-conformation/output/stage3_min/dux4/5z6z_state_046.pdb	/project2/rohs_102/shewchuk/TF-conformation/analysis/analyses/dna_relax/pycurves/dux4/frozen_state_046
dux4	frozen	047	/project2/rohs_102/shewchuk/TF-conformation/output/stage3_min/dux4/5z6z_state_047.pdb	/project2/rohs_102/shewchuk/TF-conformation/analysis/analyses/dna_relax/pycurves/dux4/frozen_state_047
dux4	frozen	048	/project2/rohs_102/shewchuk/TF-conformation/output/stage3_min/dux4/5z6z_state_048.pdb	/project2/rohs_102/shewchuk/TF-conformation/analysis/analyses/dna_relax/pycurves/dux4/frozen_state_048
dux4	frozen	049	/project2/rohs_102/shewchuk/TF-conformation/output/stage3_min/dux4/5z6z_state_049.pdb	/project2/rohs_102/shewchuk/TF-conformation/analysis/analyses/dna_relax/pycurves/dux4/frozen_state_049
dux4	frozen	050	/project2/rohs_102/shewchuk/TF-conformation/output/stage3_min/dux4/5z6z_state_050.pdb	/project2/rohs_102/shewchuk/TF-conformation/analysis/analyses/dna_relax/pycurves/dux4/frozen_state_050
dux4	frozen	051	/project2/rohs_102/shewchuk/TF-conformation/output/stage3_min/dux4/5z6z_state_051.pdb	/project2/rohs_102/shewchuk/TF-conformation/analysis/analyses/dna_relax/pycurves/dux4/frozen_state_051
dux4	frozen	052	/project2/rohs_102/shewchuk/TF-conformation/output/stage3_min/dux4/5z6z_state_052.pdb	/project2/rohs_102/shewchuk/TF-conformation/analysis/analyses/dna_relax/pycurves/dux4/frozen_state_052
dux4	frozen	053	/project2/rohs_102/shewchuk/TF-conformation/output/stage3_min/dux4/5z6z_state_053.pdb	/project2/rohs_102/shewchuk/TF-conformation/analysis/analyses/dna_relax/pycurves/dux4/frozen_state_053
dux4	frozen	054	/project2/rohs_102/shewchuk/TF-conformation/output/stage3_min/dux4/5z6z_state_054.pdb	/project2/rohs_102/shewchuk/TF-conformation/analysis/analyses/dna_relax/pycurves/dux4/frozen_state_054
dux4	frozen	055	/project2/rohs_102/shewchuk/TF-conformation/output/stage3_min/dux4/5z6z_state_055.pdb	/project2/rohs_102/shewchuk/TF-conformation/analysis/analyses/dna_relax/pycurves/dux4/frozen_state_055
dux4	frozen	056	/project2/rohs_102/shewchuk/TF-conformation/output/stage3_min/dux4/5z6z_state_056.pdb	/project2/rohs_102/shewchuk/TF-conformation/analysis/analyses/dna_relax/pycurves/dux4/frozen_state_056
dux4	frozen	057	/project2/rohs_102/shewchuk/TF-conformation/output/stage3_min/dux4/5z6z_state_057.pdb	/project2/rohs_102/shewchuk/TF-conformation/analysis/analyses/dna_relax/pycurves/dux4/frozen_state_057
dux4	frozen	058	/project2/rohs_102/shewchuk/TF-conformation/output/stage3_min/dux4/5z6z_state_058.pdb	/project2/rohs_102/shewchuk/TF-conformation/analysis/analyses/dna_relax/pycurves/dux4/frozen_state_058
dux4	frozen	059	/project2/rohs_102/shewchuk/TF-conformation/output/stage3_min/dux4/5z6z_state_059.pdb	/project2/rohs_102/shewchuk/TF-conformation/analysis/analyses/dna_relax/pycurves/dux4/frozen_state_059
dux4	frozen	060	/project2/rohs_102/shewchuk/TF-conformation/output/stage3_min/dux4/5z6z_state_060.pdb	/project2/rohs_102/shewchuk/TF-conformation/analysis/analyses/dna_relax/pycurves/dux4/frozen_state_060
dux4	frozen	061	/project2/rohs_102/shewchuk/TF-conformation/output/stage3_min/dux4/5z6z_state_061.pdb	/project2/rohs_102/shewchuk/TF-conformation/analysis/analyses/dna_relax/pycurves/dux4/frozen_state_061
dux4	frozen	062	/project2/rohs_102/shewchuk/TF-conformation/output/stage3_min/dux4/5z6z_state_062.pdb	/project2/rohs_102/shewchuk/TF-conformation/analysis/analyses/dna_relax/pycurves/dux4/frozen_state_062
dux4	frozen	063	/project2/rohs_102/shewchuk/TF-conformation/output/stage3_min/dux4/5z6z_state_063.pdb	/project2/rohs_102/shewchuk/TF-conformation/analysis/analyses/dna_relax/pycurves/dux4/frozen_state_063
dux4	frozen	064	/project2/rohs_102/shewchuk/TF-conformation/output/stage3_min/dux4/5z6z_state_064.pdb	/project2/rohs_102/shewchuk/TF-conformation/analysis/analyses/dna_relax/pycurves/dux4/frozen_state_064
dux4	frozen	065	/project2/rohs_102/shewchuk/TF-conformation/output/stage3_min/dux4/5z6z_state_065.pdb	/project2/rohs_102/shewchuk/TF-conformation/analysis/analyses/dna_relax/pycurves/dux4/frozen_state_065
dux4	frozen	066	/project2/rohs_102/shewchuk/TF-conformation/output/stage3_min/dux4/5z6z_state_066.pdb	/project2/rohs_102/shewchuk/TF-conformation/analysis/analyses/dna_relax/pycurves/dux4/frozen_state_066
dux4	frozen	067	/project2/rohs_102/shewchuk/TF-conformation/output/stage3_min/dux4/5z6z_state_067.pdb	/project2/rohs_102/shewchuk/TF-conformation/analysis/analyses/dna_relax/pycurves/dux4/frozen_state_067
dux4	frozen	068	/project2/rohs_102/shewchuk/TF-conformation/output/stage3_min/dux4/5z6z_state_068.pdb	/project2/rohs_102/shewchuk/TF-conformation/analysis/analyses/dna_relax/pycurves/dux4/frozen_state_068
dux4	frozen	069	/project2/rohs_102/shewchuk/TF-conformation/output/stage3_min/dux4/5z6z_state_069.pdb	/project2/rohs_102/shewchuk/TF-conformation/analysis/analyses/dna_relax/pycurves/dux4/frozen_state_069
dux4	frozen	070	/project2/rohs_102/shewchuk/TF-conformation/output/stage3_min/dux4/5z6z_state_070.pdb	/project2/rohs_102/shewchuk/TF-conformation/analysis/analyses/dna_relax/pycurves/dux4/frozen_state_070
dux4	frozen	071	/project2/rohs_102/shewchuk/TF-conformation/output/stage3_min/dux4/5z6z_state_071.pdb	/project2/rohs_102/shewchuk/TF-conformation/analysis/analyses/dna_relax/pycurves/dux4/frozen_state_071
dux4	frozen	072	/project2/rohs_102/shewchuk/TF-conformation/output/stage3_min/dux4/5z6z_state_072.pdb	/project2/rohs_102/shewchuk/TF-conformation/analysis/analyses/dna_relax/pycurves/dux4/frozen_state_072
dux4	frozen	073	/project2/rohs_102/shewchuk/TF-conformation/output/stage3_min/dux4/5z6z_state_073.pdb	/project2/rohs_102/shewchuk/TF-conformation/analysis/analyses/dna_relax/pycurves/dux4/frozen_state_073
dux4	frozen	074	/project2/rohs_102/shewchuk/TF-conformation/output/stage3_min/dux4/5z6z_state_074.pdb	/project2/rohs_102/shewchuk/TF-conformation/analysis/analyses/dna_relax/pycurves/dux4/frozen_state_074
dux4	frozen	075	/project2/rohs_102/shewchuk/TF-conformation/output/stage3_min/dux4/5z6z_state_075.pdb	/project2/rohs_102/shewchuk/TF-conformation/analysis/analyses/dna_relax/pycurves/dux4/frozen_state_075
dux4	frozen	076	/project2/rohs_102/shewchuk/TF-conformation/output/stage3_min/dux4/5z6z_state_076.pdb	/project2/rohs_102/shewchuk/TF-conformation/analysis/analyses/dna_relax/pycurves/dux4/frozen_state_076
dux4	frozen	077	/project2/rohs_102/shewchuk/TF-conformation/output/stage3_min/dux4/5z6z_state_077.pdb	/project2/rohs_102/shewchuk/TF-conformation/analysis/analyses/dna_relax/pycurves/dux4/frozen_state_077
dux4	frozen	078	/project2/rohs_102/shewchuk/TF-conformation/output/stage3_min/dux4/5z6z_state_078.pdb	/project2/rohs_102/shewchuk/TF-conformation/analysis/analyses/dna_relax/pycurves/dux4/frozen_state_078
dux4	frozen	079	/project2/rohs_102/shewchuk/TF-conformation/output/stage3_min/dux4/5z6z_state_079.pdb	/project2/rohs_102/shewchuk/TF-conformation/analysis/analyses/dna_relax/pycurves/dux4/frozen_state_079
dux4	frozen	080	/project2/rohs_102/shewchuk/TF-conformation/output/stage3_min/dux4/5z6z_state_080.pdb	/project2/rohs_102/shewchuk/TF-conformation/analysis/analyses/dna_relax/pycurves/dux4/frozen_state_080
dux4	frozen	081	/project2/rohs_102/shewchuk/TF-conformation/output/stage3_min/dux4/5z6z_state_081.pdb	/project2/rohs_102/shewchuk/TF-conformation/analysis/analyses/dna_relax/pycurves/dux4/frozen_state_081
dux4	frozen	082	/project2/rohs_102/shewchuk/TF-conformation/output/stage3_min/dux4/5z6z_state_082.pdb	/project2/rohs_102/shewchuk/TF-conformation/analysis/analyses/dna_relax/pycurves/dux4/frozen_state_082
dux4	frozen	083	/project2/rohs_102/shewchuk/TF-conformation/output/stage3_min/dux4/5z6z_state_083.pdb	/project2/rohs_102/shewchuk/TF-conformation/analysis/analyses/dna_relax/pycurves/dux4/frozen_state_083
dux4	frozen	084	/project2/rohs_102/shewchuk/TF-conformation/output/stage3_min/dux4/5z6z_state_084.pdb	/project2/rohs_102/shewchuk/TF-conformation/analysis/analyses/dna_relax/pycurves/dux4/frozen_state_084
dux4	frozen	085	/project2/rohs_102/shewchuk/TF-conformation/output/stage3_min/dux4/5z6z_state_085.pdb	/project2/rohs_102/shewchuk/TF-conformation/analysis/analyses/dna_relax/pycurves/dux4/frozen_state_085
dux4	frozen	086	/project2/rohs_102/shewchuk/TF-conformation/output/stage3_min/dux4/5z6z_state_086.pdb	/project2/rohs_102/shewchuk/TF-conformation/analysis/analyses/dna_relax/pycurves/dux4/frozen_state_086
dux4	frozen	087	/project2/rohs_102/shewchuk/TF-conformation/output/stage3_min/dux4/5z6z_state_087.pdb	/project2/rohs_102/shewchuk/TF-conformation/analysis/analyses/dna_relax/pycurves/dux4/frozen_state_087
dux4	frozen	088	/project2/rohs_102/shewchuk/TF-conformation/output/stage3_min/dux4/5z6z_state_088.pdb	/project2/rohs_102/shewchuk/TF-conformation/analysis/analyses/dna_relax/pycurves/dux4/frozen_state_088
dux4	frozen	089	/project2/rohs_102/shewchuk/TF-conformation/output/stage3_min/dux4/5z6z_state_089.pdb	/project2/rohs_102/shewchuk/TF-conformation/analysis/analyses/dna_relax/pycurves/dux4/frozen_state_089
dux4	frozen	090	/project2/rohs_102/shewchuk/TF-conformation/output/stage3_min/dux4/5z6z_state_090.pdb	/project2/rohs_102/shewchuk/TF-conformation/analysis/analyses/dna_relax/pycurves/dux4/frozen_state_090
dux4	frozen	092	/project2/rohs_102/shewchuk/TF-conformation/output/stage3_min/dux4/5z6z_state_092.pdb	/project2/rohs_102/shewchuk/TF-conformation/analysis/analyses/dna_relax/pycurves/dux4/frozen_state_092
dux4	frozen	093	/project2/rohs_102/shewchuk/TF-conformation/output/stage3_min/dux4/5z6z_state_093.pdb	/project2/rohs_102/shewchuk/TF-conformation/analysis/analyses/dna_relax/pycurves/dux4/frozen_state_093
dux4	frozen	094	/project2/rohs_102/shewchuk/TF-conformation/output/stage3_min/dux4/5z6z_state_094.pdb	/project2/rohs_102/shewchuk/TF-conformation/analysis/analyses/dna_relax/pycurves/dux4/frozen_state_094
dux4	relaxed	001	/project2/rohs_102/shewchuk/TF-conformation/output/stage3_min_dnarelax/dux4/5z6z_state_001.pdb	/project2/rohs_102/shewchuk/TF-conformation/analysis/analyses/dna_relax/pycurves/dux4/relaxed_state_001
dux4	relaxed	002	/project2/rohs_102/shewchuk/TF-conformation/output/stage3_min_dnarelax/dux4/5z6z_state_002.pdb	/project2/rohs_102/shewchuk/TF-conformation/analysis/analyses/dna_relax/pycurves/dux4/relaxed_state_002
dux4	relaxed	003	/project2/rohs_102/shewchuk/TF-conformation/output/stage3_min_dnarelax/dux4/5z6z_state_003.pdb	/project2/rohs_102/shewchuk/TF-conformation/analysis/analyses/dna_relax/pycurves/dux4/relaxed_state_003
dux4	relaxed	004	/project2/rohs_102/shewchuk/TF-conformation/output/stage3_min_dnarelax/dux4/5z6z_state_004.pdb	/project2/rohs_102/shewchuk/TF-conformation/analysis/analyses/dna_relax/pycurves/dux4/relaxed_state_004
dux4	relaxed	005	/project2/rohs_102/shewchuk/TF-conformation/output/stage3_min_dnarelax/dux4/5z6z_state_005.pdb	/project2/rohs_102/shewchuk/TF-conformation/analysis/analyses/dna_relax/pycurves/dux4/relaxed_state_005
dux4	relaxed	006	/project2/rohs_102/shewchuk/TF-conformation/output/stage3_min_dnarelax/dux4/5z6z_state_006.pdb	/project2/rohs_102/shewchuk/TF-conformation/analysis/analyses/dna_relax/pycurves/dux4/relaxed_state_006
dux4	relaxed	007	/project2/rohs_102/shewchuk/TF-conformation/output/stage3_min_dnarelax/dux4/5z6z_state_007.pdb	/project2/rohs_102/shewchuk/TF-conformation/analysis/analyses/dna_relax/pycurves/dux4/relaxed_state_007
dux4	relaxed	008	/project2/rohs_102/shewchuk/TF-conformation/output/stage3_min_dnarelax/dux4/5z6z_state_008.pdb	/project2/rohs_102/shewchuk/TF-conformation/analysis/analyses/dna_relax/pycurves/dux4/relaxed_state_008
dux4	relaxed	009	/project2/rohs_102/shewchuk/TF-conformation/output/stage3_min_dnarelax/dux4/5z6z_state_009.pdb	/project2/rohs_102/shewchuk/TF-conformation/analysis/analyses/dna_relax/pycurves/dux4/relaxed_state_009
dux4	relaxed	010	/project2/rohs_102/shewchuk/TF-conformation/output/stage3_min_dnarelax/dux4/5z6z_state_010.pdb	/project2/rohs_102/shewchuk/TF-conformation/analysis/analyses/dna_relax/pycurves/dux4/relaxed_state_010
dux4	relaxed	011	/project2/rohs_102/shewchuk/TF-conformation/output/stage3_min_dnarelax/dux4/5z6z_state_011.pdb	/project2/rohs_102/shewchuk/TF-conformation/analysis/analyses/dna_relax/pycurves/dux4/relaxed_state_011
dux4	relaxed	012	/project2/rohs_102/shewchuk/TF-conformation/output/stage3_min_dnarelax/dux4/5z6z_state_012.pdb	/project2/rohs_102/shewchuk/TF-conformation/analysis/analyses/dna_relax/pycurves/dux4/relaxed_state_012
dux4	relaxed	013	/project2/rohs_102/shewchuk/TF-conformation/output/stage3_min_dnarelax/dux4/5z6z_state_013.pdb	/project2/rohs_102/shewchuk/TF-conformation/analysis/analyses/dna_relax/pycurves/dux4/relaxed_state_013
dux4	relaxed	014	/project2/rohs_102/shewchuk/TF-conformation/output/stage3_min_dnarelax/dux4/5z6z_state_014.pdb	/project2/rohs_102/shewchuk/TF-conformation/analysis/analyses/dna_relax/pycurves/dux4/relaxed_state_014
dux4	relaxed	015	/project2/rohs_102/shewchuk/TF-conformation/output/stage3_min_dnarelax/dux4/5z6z_state_015.pdb	/project2/rohs_102/shewchuk/TF-conformation/analysis/analyses/dna_relax/pycurves/dux4/relaxed_state_015
dux4	relaxed	016	/project2/rohs_102/shewchuk/TF-conformation/output/stage3_min_dnarelax/dux4/5z6z_state_016.pdb	/project2/rohs_102/shewchuk/TF-conformation/analysis/analyses/dna_relax/pycurves/dux4/relaxed_state_016
dux4	relaxed	017	/project2/rohs_102/shewchuk/TF-conformation/output/stage3_min_dnarelax/dux4/5z6z_state_017.pdb	/project2/rohs_102/shewchuk/TF-conformation/analysis/analyses/dna_relax/pycurves/dux4/relaxed_state_017
dux4	relaxed	018	/project2/rohs_102/shewchuk/TF-conformation/output/stage3_min_dnarelax/dux4/5z6z_state_018.pdb	/project2/rohs_102/shewchuk/TF-conformation/analysis/analyses/dna_relax/pycurves/dux4/relaxed_state_018
dux4	relaxed	019	/project2/rohs_102/shewchuk/TF-conformation/output/stage3_min_dnarelax/dux4/5z6z_state_019.pdb	/project2/rohs_102/shewchuk/TF-conformation/analysis/analyses/dna_relax/pycurves/dux4/relaxed_state_019
dux4	relaxed	020	/project2/rohs_102/shewchuk/TF-conformation/output/stage3_min_dnarelax/dux4/5z6z_state_020.pdb	/project2/rohs_102/shewchuk/TF-conformation/analysis/analyses/dna_relax/pycurves/dux4/relaxed_state_020
dux4	relaxed	021	/project2/rohs_102/shewchuk/TF-conformation/output/stage3_min_dnarelax/dux4/5z6z_state_021.pdb	/project2/rohs_102/shewchuk/TF-conformation/analysis/analyses/dna_relax/pycurves/dux4/relaxed_state_021
dux4	relaxed	022	/project2/rohs_102/shewchuk/TF-conformation/output/stage3_min_dnarelax/dux4/5z6z_state_022.pdb	/project2/rohs_102/shewchuk/TF-conformation/analysis/analyses/dna_relax/pycurves/dux4/relaxed_state_022
dux4	relaxed	023	/project2/rohs_102/shewchuk/TF-conformation/output/stage3_min_dnarelax/dux4/5z6z_state_023.pdb	/project2/rohs_102/shewchuk/TF-conformation/analysis/analyses/dna_relax/pycurves/dux4/relaxed_state_023
dux4	relaxed	024	/project2/rohs_102/shewchuk/TF-conformation/output/stage3_min_dnarelax/dux4/5z6z_state_024.pdb	/project2/rohs_102/shewchuk/TF-conformation/analysis/analyses/dna_relax/pycurves/dux4/relaxed_state_024
dux4	relaxed	025	/project2/rohs_102/shewchuk/TF-conformation/output/stage3_min_dnarelax/dux4/5z6z_state_025.pdb	/project2/rohs_102/shewchuk/TF-conformation/analysis/analyses/dna_relax/pycurves/dux4/relaxed_state_025
dux4	relaxed	026	/project2/rohs_102/shewchuk/TF-conformation/output/stage3_min_dnarelax/dux4/5z6z_state_026.pdb	/project2/rohs_102/shewchuk/TF-conformation/analysis/analyses/dna_relax/pycurves/dux4/relaxed_state_026
dux4	relaxed	027	/project2/rohs_102/shewchuk/TF-conformation/output/stage3_min_dnarelax/dux4/5z6z_state_027.pdb	/project2/rohs_102/shewchuk/TF-conformation/analysis/analyses/dna_relax/pycurves/dux4/relaxed_state_027
dux4	relaxed	028	/project2/rohs_102/shewchuk/TF-conformation/output/stage3_min_dnarelax/dux4/5z6z_state_028.pdb	/project2/rohs_102/shewchuk/TF-conformation/analysis/analyses/dna_relax/pycurves/dux4/relaxed_state_028
dux4	relaxed	029	/project2/rohs_102/shewchuk/TF-conformation/output/stage3_min_dnarelax/dux4/5z6z_state_029.pdb	/project2/rohs_102/shewchuk/TF-conformation/analysis/analyses/dna_relax/pycurves/dux4/relaxed_state_029
dux4	relaxed	030	/project2/rohs_102/shewchuk/TF-conformation/output/stage3_min_dnarelax/dux4/5z6z_state_030.pdb	/project2/rohs_102/shewchuk/TF-conformation/analysis/analyses/dna_relax/pycurves/dux4/relaxed_state_030
dux4	relaxed	031	/project2/rohs_102/shewchuk/TF-conformation/output/stage3_min_dnarelax/dux4/5z6z_state_031.pdb	/project2/rohs_102/shewchuk/TF-conformation/analysis/analyses/dna_relax/pycurves/dux4/relaxed_state_031
dux4	relaxed	032	/project2/rohs_102/shewchuk/TF-conformation/output/stage3_min_dnarelax/dux4/5z6z_state_032.pdb	/project2/rohs_102/shewchuk/TF-conformation/analysis/analyses/dna_relax/pycurves/dux4/relaxed_state_032
dux4	relaxed	033	/project2/rohs_102/shewchuk/TF-conformation/output/stage3_min_dnarelax/dux4/5z6z_state_033.pdb	/project2/rohs_102/shewchuk/TF-conformation/analysis/analyses/dna_relax/pycurves/dux4/relaxed_state_033
dux4	relaxed	034	/project2/rohs_102/shewchuk/TF-conformation/output/stage3_min_dnarelax/dux4/5z6z_state_034.pdb	/project2/rohs_102/shewchuk/TF-conformation/analysis/analyses/dna_relax/pycurves/dux4/relaxed_state_034
dux4	relaxed	035	/project2/rohs_102/shewchuk/TF-conformation/output/stage3_min_dnarelax/dux4/5z6z_state_035.pdb	/project2/rohs_102/shewchuk/TF-conformation/analysis/analyses/dna_relax/pycurves/dux4/relaxed_state_035
dux4	relaxed	036	/project2/rohs_102/shewchuk/TF-conformation/output/stage3_min_dnarelax/dux4/5z6z_state_036.pdb	/project2/rohs_102/shewchuk/TF-conformation/analysis/analyses/dna_relax/pycurves/dux4/relaxed_state_036
dux4	relaxed	037	/project2/rohs_102/shewchuk/TF-conformation/output/stage3_min_dnarelax/dux4/5z6z_state_037.pdb	/project2/rohs_102/shewchuk/TF-conformation/analysis/analyses/dna_relax/pycurves/dux4/relaxed_state_037
dux4	relaxed	038	/project2/rohs_102/shewchuk/TF-conformation/output/stage3_min_dnarelax/dux4/5z6z_state_038.pdb	/project2/rohs_102/shewchuk/TF-conformation/analysis/analyses/dna_relax/pycurves/dux4/relaxed_state_038
dux4	relaxed	039	/project2/rohs_102/shewchuk/TF-conformation/output/stage3_min_dnarelax/dux4/5z6z_state_039.pdb	/project2/rohs_102/shewchuk/TF-conformation/analysis/analyses/dna_relax/pycurves/dux4/relaxed_state_039
dux4	relaxed	040	/project2/rohs_102/shewchuk/TF-conformation/output/stage3_min_dnarelax/dux4/5z6z_state_040.pdb	/project2/rohs_102/shewchuk/TF-conformation/analysis/analyses/dna_relax/pycurves/dux4/relaxed_state_040
dux4	relaxed	041	/project2/rohs_102/shewchuk/TF-conformation/output/stage3_min_dnarelax/dux4/5z6z_state_041.pdb	/project2/rohs_102/shewchuk/TF-conformation/analysis/analyses/dna_relax/pycurves/dux4/relaxed_state_041
dux4	relaxed	042	/project2/rohs_102/shewchuk/TF-conformation/output/stage3_min_dnarelax/dux4/5z6z_state_042.pdb	/project2/rohs_102/shewchuk/TF-conformation/analysis/analyses/dna_relax/pycurves/dux4/relaxed_state_042
dux4	relaxed	043	/project2/rohs_102/shewchuk/TF-conformation/output/stage3_min_dnarelax/dux4/5z6z_state_043.pdb	/project2/rohs_102/shewchuk/TF-conformation/analysis/analyses/dna_relax/pycurves/dux4/relaxed_state_043
dux4	relaxed	044	/project2/rohs_102/shewchuk/TF-conformation/output/stage3_min_dnarelax/dux4/5z6z_state_044.pdb	/project2/rohs_102/shewchuk/TF-conformation/analysis/analyses/dna_relax/pycurves/dux4/relaxed_state_044
dux4	relaxed	045	/project2/rohs_102/shewchuk/TF-conformation/output/stage3_min_dnarelax/dux4/5z6z_state_045.pdb	/project2/rohs_102/shewchuk/TF-conformation/analysis/analyses/dna_relax/pycurves/dux4/relaxed_state_045
dux4	relaxed	046	/project2/rohs_102/shewchuk/TF-conformation/output/stage3_min_dnarelax/dux4/5z6z_state_046.pdb	/project2/rohs_102/shewchuk/TF-conformation/analysis/analyses/dna_relax/pycurves/dux4/relaxed_state_046
dux4	relaxed	047	/project2/rohs_102/shewchuk/TF-conformation/output/stage3_min_dnarelax/dux4/5z6z_state_047.pdb	/project2/rohs_102/shewchuk/TF-conformation/analysis/analyses/dna_relax/pycurves/dux4/relaxed_state_047
dux4	relaxed	048	/project2/rohs_102/shewchuk/TF-conformation/output/stage3_min_dnarelax/dux4/5z6z_state_048.pdb	/project2/rohs_102/shewchuk/TF-conformation/analysis/analyses/dna_relax/pycurves/dux4/relaxed_state_048
dux4	relaxed	049	/project2/rohs_102/shewchuk/TF-conformation/output/stage3_min_dnarelax/dux4/5z6z_state_049.pdb	/project2/rohs_102/shewchuk/TF-conformation/analysis/analyses/dna_relax/pycurves/dux4/relaxed_state_049
dux4	relaxed	050	/project2/rohs_102/shewchuk/TF-conformation/output/stage3_min_dnarelax/dux4/5z6z_state_050.pdb	/project2/rohs_102/shewchuk/TF-conformation/analysis/analyses/dna_relax/pycurves/dux4/relaxed_state_050
dux4	relaxed	051	/project2/rohs_102/shewchuk/TF-conformation/output/stage3_min_dnarelax/dux4/5z6z_state_051.pdb	/project2/rohs_102/shewchuk/TF-conformation/analysis/analyses/dna_relax/pycurves/dux4/relaxed_state_051
dux4	relaxed	052	/project2/rohs_102/shewchuk/TF-conformation/output/stage3_min_dnarelax/dux4/5z6z_state_052.pdb	/project2/rohs_102/shewchuk/TF-conformation/analysis/analyses/dna_relax/pycurves/dux4/relaxed_state_052
dux4	relaxed	053	/project2/rohs_102/shewchuk/TF-conformation/output/stage3_min_dnarelax/dux4/5z6z_state_053.pdb	/project2/rohs_102/shewchuk/TF-conformation/analysis/analyses/dna_relax/pycurves/dux4/relaxed_state_053
dux4	relaxed	054	/project2/rohs_102/shewchuk/TF-conformation/output/stage3_min_dnarelax/dux4/5z6z_state_054.pdb	/project2/rohs_102/shewchuk/TF-conformation/analysis/analyses/dna_relax/pycurves/dux4/relaxed_state_054
dux4	relaxed	055	/project2/rohs_102/shewchuk/TF-conformation/output/stage3_min_dnarelax/dux4/5z6z_state_055.pdb	/project2/rohs_102/shewchuk/TF-conformation/analysis/analyses/dna_relax/pycurves/dux4/relaxed_state_055
dux4	relaxed	056	/project2/rohs_102/shewchuk/TF-conformation/output/stage3_min_dnarelax/dux4/5z6z_state_056.pdb	/project2/rohs_102/shewchuk/TF-conformation/analysis/analyses/dna_relax/pycurves/dux4/relaxed_state_056
dux4	relaxed	057	/project2/rohs_102/shewchuk/TF-conformation/output/stage3_min_dnarelax/dux4/5z6z_state_057.pdb	/project2/rohs_102/shewchuk/TF-conformation/analysis/analyses/dna_relax/pycurves/dux4/relaxed_state_057
dux4	relaxed	058	/project2/rohs_102/shewchuk/TF-conformation/output/stage3_min_dnarelax/dux4/5z6z_state_058.pdb	/project2/rohs_102/shewchuk/TF-conformation/analysis/analyses/dna_relax/pycurves/dux4/relaxed_state_058
dux4	relaxed	059	/project2/rohs_102/shewchuk/TF-conformation/output/stage3_min_dnarelax/dux4/5z6z_state_059.pdb	/project2/rohs_102/shewchuk/TF-conformation/analysis/analyses/dna_relax/pycurves/dux4/relaxed_state_059
dux4	relaxed	060	/project2/rohs_102/shewchuk/TF-conformation/output/stage3_min_dnarelax/dux4/5z6z_state_060.pdb	/project2/rohs_102/shewchuk/TF-conformation/analysis/analyses/dna_relax/pycurves/dux4/relaxed_state_060
dux4	relaxed	061	/project2/rohs_102/shewchuk/TF-conformation/output/stage3_min_dnarelax/dux4/5z6z_state_061.pdb	/project2/rohs_102/shewchuk/TF-conformation/analysis/analyses/dna_relax/pycurves/dux4/relaxed_state_061
dux4	relaxed	062	/project2/rohs_102/shewchuk/TF-conformation/output/stage3_min_dnarelax/dux4/5z6z_state_062.pdb	/project2/rohs_102/shewchuk/TF-conformation/analysis/analyses/dna_relax/pycurves/dux4/relaxed_state_062
dux4	relaxed	063	/project2/rohs_102/shewchuk/TF-conformation/output/stage3_min_dnarelax/dux4/5z6z_state_063.pdb	/project2/rohs_102/shewchuk/TF-conformation/analysis/analyses/dna_relax/pycurves/dux4/relaxed_state_063
dux4	relaxed	064	/project2/rohs_102/shewchuk/TF-conformation/output/stage3_min_dnarelax/dux4/5z6z_state_064.pdb	/project2/rohs_102/shewchuk/TF-conformation/analysis/analyses/dna_relax/pycurves/dux4/relaxed_state_064
dux4	relaxed	065	/project2/rohs_102/shewchuk/TF-conformation/output/stage3_min_dnarelax/dux4/5z6z_state_065.pdb	/project2/rohs_102/shewchuk/TF-conformation/analysis/analyses/dna_relax/pycurves/dux4/relaxed_state_065
dux4	relaxed	066	/project2/rohs_102/shewchuk/TF-conformation/output/stage3_min_dnarelax/dux4/5z6z_state_066.pdb	/project2/rohs_102/shewchuk/TF-conformation/analysis/analyses/dna_relax/pycurves/dux4/relaxed_state_066
dux4	relaxed	067	/project2/rohs_102/shewchuk/TF-conformation/output/stage3_min_dnarelax/dux4/5z6z_state_067.pdb	/project2/rohs_102/shewchuk/TF-conformation/analysis/analyses/dna_relax/pycurves/dux4/relaxed_state_067
dux4	relaxed	068	/project2/rohs_102/shewchuk/TF-conformation/output/stage3_min_dnarelax/dux4/5z6z_state_068.pdb	/project2/rohs_102/shewchuk/TF-conformation/analysis/analyses/dna_relax/pycurves/dux4/relaxed_state_068
dux4	relaxed	069	/project2/rohs_102/shewchuk/TF-conformation/output/stage3_min_dnarelax/dux4/5z6z_state_069.pdb	/project2/rohs_102/shewchuk/TF-conformation/analysis/analyses/dna_relax/pycurves/dux4/relaxed_state_069
dux4	relaxed	070	/project2/rohs_102/shewchuk/TF-conformation/output/stage3_min_dnarelax/dux4/5z6z_state_070.pdb	/project2/rohs_102/shewchuk/TF-conformation/analysis/analyses/dna_relax/pycurves/dux4/relaxed_state_070
dux4	relaxed	071	/project2/rohs_102/shewchuk/TF-conformation/output/stage3_min_dnarelax/dux4/5z6z_state_071.pdb	/project2/rohs_102/shewchuk/TF-conformation/analysis/analyses/dna_relax/pycurves/dux4/relaxed_state_071
dux4	relaxed	072	/project2/rohs_102/shewchuk/TF-conformation/output/stage3_min_dnarelax/dux4/5z6z_state_072.pdb	/project2/rohs_102/shewchuk/TF-conformation/analysis/analyses/dna_relax/pycurves/dux4/relaxed_state_072
dux4	relaxed	073	/project2/rohs_102/shewchuk/TF-conformation/output/stage3_min_dnarelax/dux4/5z6z_state_073.pdb	/project2/rohs_102/shewchuk/TF-conformation/analysis/analyses/dna_relax/pycurves/dux4/relaxed_state_073
dux4	relaxed	074	/project2/rohs_102/shewchuk/TF-conformation/output/stage3_min_dnarelax/dux4/5z6z_state_074.pdb	/project2/rohs_102/shewchuk/TF-conformation/analysis/analyses/dna_relax/pycurves/dux4/relaxed_state_074
dux4	relaxed	075	/project2/rohs_102/shewchuk/TF-conformation/output/stage3_min_dnarelax/dux4/5z6z_state_075.pdb	/project2/rohs_102/shewchuk/TF-conformation/analysis/analyses/dna_relax/pycurves/dux4/relaxed_state_075
dux4	relaxed	076	/project2/rohs_102/shewchuk/TF-conformation/output/stage3_min_dnarelax/dux4/5z6z_state_076.pdb	/project2/rohs_102/shewchuk/TF-conformation/analysis/analyses/dna_relax/pycurves/dux4/relaxed_state_076
dux4	relaxed	077	/project2/rohs_102/shewchuk/TF-conformation/output/stage3_min_dnarelax/dux4/5z6z_state_077.pdb	/project2/rohs_102/shewchuk/TF-conformation/analysis/analyses/dna_relax/pycurves/dux4/relaxed_state_077
dux4	relaxed	078	/project2/rohs_102/shewchuk/TF-conformation/output/stage3_min_dnarelax/dux4/5z6z_state_078.pdb	/project2/rohs_102/shewchuk/TF-conformation/analysis/analyses/dna_relax/pycurves/dux4/relaxed_state_078
dux4	relaxed	080	/project2/rohs_102/shewchuk/TF-conformation/output/stage3_min_dnarelax/dux4/5z6z_state_080.pdb	/project2/rohs_102/shewchuk/TF-conformation/analysis/analyses/dna_relax/pycurves/dux4/relaxed_state_080
dux4	relaxed	081	/project2/rohs_102/shewchuk/TF-conformation/output/stage3_min_dnarelax/dux4/5z6z_state_081.pdb	/project2/rohs_102/shewchuk/TF-conformation/analysis/analyses/dna_relax/pycurves/dux4/relaxed_state_081
dux4	relaxed	082	/project2/rohs_102/shewchuk/TF-conformation/output/stage3_min_dnarelax/dux4/5z6z_state_082.pdb	/project2/rohs_102/shewchuk/TF-conformation/analysis/analyses/dna_relax/pycurves/dux4/relaxed_state_082
dux4	relaxed	083	/project2/rohs_102/shewchuk/TF-conformation/output/stage3_min_dnarelax/dux4/5z6z_state_083.pdb	/project2/rohs_102/shewchuk/TF-conformation/analysis/analyses/dna_relax/pycurves/dux4/relaxed_state_083
dux4	relaxed	084	/project2/rohs_102/shewchuk/TF-conformation/output/stage3_min_dnarelax/dux4/5z6z_state_084.pdb	/project2/rohs_102/shewchuk/TF-conformation/analysis/analyses/dna_relax/pycurves/dux4/relaxed_state_084
dux4	relaxed	085	/project2/rohs_102/shewchuk/TF-conformation/output/stage3_min_dnarelax/dux4/5z6z_state_085.pdb	/project2/rohs_102/shewchuk/TF-conformation/analysis/analyses/dna_relax/pycurves/dux4/relaxed_state_085
dux4	relaxed	086	/project2/rohs_102/shewchuk/TF-conformation/output/stage3_min_dnarelax/dux4/5z6z_state_086.pdb	/project2/rohs_102/shewchuk/TF-conformation/analysis/analyses/dna_relax/pycurves/dux4/relaxed_state_086
dux4	relaxed	087	/project2/rohs_102/shewchuk/TF-conformation/output/stage3_min_dnarelax/dux4/5z6z_state_087.pdb	/project2/rohs_102/shewchuk/TF-conformation/analysis/analyses/dna_relax/pycurves/dux4/relaxed_state_087
dux4	relaxed	088	/project2/rohs_102/shewchuk/TF-conformation/output/stage3_min_dnarelax/dux4/5z6z_state_088.pdb	/project2/rohs_102/shewchuk/TF-conformation/analysis/analyses/dna_relax/pycurves/dux4/relaxed_state_088
dux4	relaxed	089	/project2/rohs_102/shewchuk/TF-conformation/output/stage3_min_dnarelax/dux4/5z6z_state_089.pdb	/project2/rohs_102/shewchuk/TF-conformation/analysis/analyses/dna_relax/pycurves/dux4/relaxed_state_089
dux4	relaxed	090	/project2/rohs_102/shewchuk/TF-conformation/output/stage3_min_dnarelax/dux4/5z6z_state_090.pdb	/project2/rohs_102/shewchuk/TF-conformation/analysis/analyses/dna_relax/pycurves/dux4/relaxed_state_090
dux4	relaxed	091	/project2/rohs_102/shewchuk/TF-conformation/output/stage3_min_dnarelax/dux4/5z6z_state_091.pdb	/project2/rohs_102/shewchuk/TF-conformation/analysis/analyses/dna_relax/pycurves/dux4/relaxed_state_091
dux4	relaxed	092	/project2/rohs_102/shewchuk/TF-conformation/output/stage3_min_dnarelax/dux4/5z6z_state_092.pdb	/project2/rohs_102/shewchuk/TF-conformation/analysis/analyses/dna_relax/pycurves/dux4/relaxed_state_092
dux4	relaxed	093	/project2/rohs_102/shewchuk/TF-conformation/output/stage3_min_dnarelax/dux4/5z6z_state_093.pdb	/project2/rohs_102/shewchuk/TF-conformation/analysis/analyses/dna_relax/pycurves/dux4/relaxed_state_093
dux4	relaxed	094	/project2/rohs_102/shewchuk/TF-conformation/output/stage3_min_dnarelax/dux4/5z6z_state_094.pdb	/project2/rohs_102/shewchuk/TF-conformation/analysis/analyses/dna_relax/pycurves/dux4/relaxed_state_094
ets1	crystal	crystal	/project2/rohs_102/shewchuk/TF-conformation/structures/source_chains/1k79_chains/1k79_dna.pdb	/project2/rohs_102/shewchuk/TF-conformation/analysis/analyses/dna_relax/pycurves/ets1/crystal
ets1	frozen	001	/project2/rohs_102/shewchuk/TF-conformation/output/stage3_min/ets1/1k79_state_001.pdb	/project2/rohs_102/shewchuk/TF-conformation/analysis/analyses/dna_relax/pycurves/ets1/frozen_state_001
ets1	frozen	002	/project2/rohs_102/shewchuk/TF-conformation/output/stage3_min/ets1/1k79_state_002.pdb	/project2/rohs_102/shewchuk/TF-conformation/analysis/analyses/dna_relax/pycurves/ets1/frozen_state_002
ets1	frozen	003	/project2/rohs_102/shewchuk/TF-conformation/output/stage3_min/ets1/1k79_state_003.pdb	/project2/rohs_102/shewchuk/TF-conformation/analysis/analyses/dna_relax/pycurves/ets1/frozen_state_003
ets1	frozen	004	/project2/rohs_102/shewchuk/TF-conformation/output/stage3_min/ets1/1k79_state_004.pdb	/project2/rohs_102/shewchuk/TF-conformation/analysis/analyses/dna_relax/pycurves/ets1/frozen_state_004
ets1	frozen	005	/project2/rohs_102/shewchuk/TF-conformation/output/stage3_min/ets1/1k79_state_005.pdb	/project2/rohs_102/shewchuk/TF-conformation/analysis/analyses/dna_relax/pycurves/ets1/frozen_state_005
ets1	frozen	006	/project2/rohs_102/shewchuk/TF-conformation/output/stage3_min/ets1/1k79_state_006.pdb	/project2/rohs_102/shewchuk/TF-conformation/analysis/analyses/dna_relax/pycurves/ets1/frozen_state_006
ets1	frozen	007	/project2/rohs_102/shewchuk/TF-conformation/output/stage3_min/ets1/1k79_state_007.pdb	/project2/rohs_102/shewchuk/TF-conformation/analysis/analyses/dna_relax/pycurves/ets1/frozen_state_007
ets1	frozen	008	/project2/rohs_102/shewchuk/TF-conformation/output/stage3_min/ets1/1k79_state_008.pdb	/project2/rohs_102/shewchuk/TF-conformation/analysis/analyses/dna_relax/pycurves/ets1/frozen_state_008
ets1	frozen	009	/project2/rohs_102/shewchuk/TF-conformation/output/stage3_min/ets1/1k79_state_009.pdb	/project2/rohs_102/shewchuk/TF-conformation/analysis/analyses/dna_relax/pycurves/ets1/frozen_state_009
ets1	frozen	010	/project2/rohs_102/shewchuk/TF-conformation/output/stage3_min/ets1/1k79_state_010.pdb	/project2/rohs_102/shewchuk/TF-conformation/analysis/analyses/dna_relax/pycurves/ets1/frozen_state_010
ets1	frozen	011	/project2/rohs_102/shewchuk/TF-conformation/output/stage3_min/ets1/1k79_state_011.pdb	/project2/rohs_102/shewchuk/TF-conformation/analysis/analyses/dna_relax/pycurves/ets1/frozen_state_011
ets1	frozen	012	/project2/rohs_102/shewchuk/TF-conformation/output/stage3_min/ets1/1k79_state_012.pdb	/project2/rohs_102/shewchuk/TF-conformation/analysis/analyses/dna_relax/pycurves/ets1/frozen_state_012
ets1	frozen	013	/project2/rohs_102/shewchuk/TF-conformation/output/stage3_min/ets1/1k79_state_013.pdb	/project2/rohs_102/shewchuk/TF-conformation/analysis/analyses/dna_relax/pycurves/ets1/frozen_state_013
ets1	frozen	014	/project2/rohs_102/shewchuk/TF-conformation/output/stage3_min/ets1/1k79_state_014.pdb	/project2/rohs_102/shewchuk/TF-conformation/analysis/analyses/dna_relax/pycurves/ets1/frozen_state_014
ets1	frozen	015	/project2/rohs_102/shewchuk/TF-conformation/output/stage3_min/ets1/1k79_state_015.pdb	/project2/rohs_102/shewchuk/TF-conformation/analysis/analyses/dna_relax/pycurves/ets1/frozen_state_015
ets1	frozen	016	/project2/rohs_102/shewchuk/TF-conformation/output/stage3_min/ets1/1k79_state_016.pdb	/project2/rohs_102/shewchuk/TF-conformation/analysis/analyses/dna_relax/pycurves/ets1/frozen_state_016
ets1	frozen	017	/project2/rohs_102/shewchuk/TF-conformation/output/stage3_min/ets1/1k79_state_017.pdb	/project2/rohs_102/shewchuk/TF-conformation/analysis/analyses/dna_relax/pycurves/ets1/frozen_state_017
ets1	frozen	018	/project2/rohs_102/shewchuk/TF-conformation/output/stage3_min/ets1/1k79_state_018.pdb	/project2/rohs_102/shewchuk/TF-conformation/analysis/analyses/dna_relax/pycurves/ets1/frozen_state_018
ets1	frozen	019	/project2/rohs_102/shewchuk/TF-conformation/output/stage3_min/ets1/1k79_state_019.pdb	/project2/rohs_102/shewchuk/TF-conformation/analysis/analyses/dna_relax/pycurves/ets1/frozen_state_019
ets1	frozen	020	/project2/rohs_102/shewchuk/TF-conformation/output/stage3_min/ets1/1k79_state_020.pdb	/project2/rohs_102/shewchuk/TF-conformation/analysis/analyses/dna_relax/pycurves/ets1/frozen_state_020
ets1	frozen	021	/project2/rohs_102/shewchuk/TF-conformation/output/stage3_min/ets1/1k79_state_021.pdb	/project2/rohs_102/shewchuk/TF-conformation/analysis/analyses/dna_relax/pycurves/ets1/frozen_state_021
ets1	frozen	022	/project2/rohs_102/shewchuk/TF-conformation/output/stage3_min/ets1/1k79_state_022.pdb	/project2/rohs_102/shewchuk/TF-conformation/analysis/analyses/dna_relax/pycurves/ets1/frozen_state_022
ets1	frozen	023	/project2/rohs_102/shewchuk/TF-conformation/output/stage3_min/ets1/1k79_state_023.pdb	/project2/rohs_102/shewchuk/TF-conformation/analysis/analyses/dna_relax/pycurves/ets1/frozen_state_023
ets1	frozen	024	/project2/rohs_102/shewchuk/TF-conformation/output/stage3_min/ets1/1k79_state_024.pdb	/project2/rohs_102/shewchuk/TF-conformation/analysis/analyses/dna_relax/pycurves/ets1/frozen_state_024
ets1	frozen	025	/project2/rohs_102/shewchuk/TF-conformation/output/stage3_min/ets1/1k79_state_025.pdb	/project2/rohs_102/shewchuk/TF-conformation/analysis/analyses/dna_relax/pycurves/ets1/frozen_state_025
ets1	frozen	026	/project2/rohs_102/shewchuk/TF-conformation/output/stage3_min/ets1/1k79_state_026.pdb	/project2/rohs_102/shewchuk/TF-conformation/analysis/analyses/dna_relax/pycurves/ets1/frozen_state_026
ets1	frozen	027	/project2/rohs_102/shewchuk/TF-conformation/output/stage3_min/ets1/1k79_state_027.pdb	/project2/rohs_102/shewchuk/TF-conformation/analysis/analyses/dna_relax/pycurves/ets1/frozen_state_027
ets1	frozen	028	/project2/rohs_102/shewchuk/TF-conformation/output/stage3_min/ets1/1k79_state_028.pdb	/project2/rohs_102/shewchuk/TF-conformation/analysis/analyses/dna_relax/pycurves/ets1/frozen_state_028
ets1	frozen	029	/project2/rohs_102/shewchuk/TF-conformation/output/stage3_min/ets1/1k79_state_029.pdb	/project2/rohs_102/shewchuk/TF-conformation/analysis/analyses/dna_relax/pycurves/ets1/frozen_state_029
ets1	frozen	030	/project2/rohs_102/shewchuk/TF-conformation/output/stage3_min/ets1/1k79_state_030.pdb	/project2/rohs_102/shewchuk/TF-conformation/analysis/analyses/dna_relax/pycurves/ets1/frozen_state_030
ets1	frozen	031	/project2/rohs_102/shewchuk/TF-conformation/output/stage3_min/ets1/1k79_state_031.pdb	/project2/rohs_102/shewchuk/TF-conformation/analysis/analyses/dna_relax/pycurves/ets1/frozen_state_031
ets1	frozen	032	/project2/rohs_102/shewchuk/TF-conformation/output/stage3_min/ets1/1k79_state_032.pdb	/project2/rohs_102/shewchuk/TF-conformation/analysis/analyses/dna_relax/pycurves/ets1/frozen_state_032
ets1	frozen	033	/project2/rohs_102/shewchuk/TF-conformation/output/stage3_min/ets1/1k79_state_033.pdb	/project2/rohs_102/shewchuk/TF-conformation/analysis/analyses/dna_relax/pycurves/ets1/frozen_state_033
ets1	frozen	034	/project2/rohs_102/shewchuk/TF-conformation/output/stage3_min/ets1/1k79_state_034.pdb	/project2/rohs_102/shewchuk/TF-conformation/analysis/analyses/dna_relax/pycurves/ets1/frozen_state_034
ets1	frozen	035	/project2/rohs_102/shewchuk/TF-conformation/output/stage3_min/ets1/1k79_state_035.pdb	/project2/rohs_102/shewchuk/TF-conformation/analysis/analyses/dna_relax/pycurves/ets1/frozen_state_035
ets1	frozen	036	/project2/rohs_102/shewchuk/TF-conformation/output/stage3_min/ets1/1k79_state_036.pdb	/project2/rohs_102/shewchuk/TF-conformation/analysis/analyses/dna_relax/pycurves/ets1/frozen_state_036
ets1	frozen	037	/project2/rohs_102/shewchuk/TF-conformation/output/stage3_min/ets1/1k79_state_037.pdb	/project2/rohs_102/shewchuk/TF-conformation/analysis/analyses/dna_relax/pycurves/ets1/frozen_state_037
ets1	frozen	038	/project2/rohs_102/shewchuk/TF-conformation/output/stage3_min/ets1/1k79_state_038.pdb	/project2/rohs_102/shewchuk/TF-conformation/analysis/analyses/dna_relax/pycurves/ets1/frozen_state_038
ets1	frozen	039	/project2/rohs_102/shewchuk/TF-conformation/output/stage3_min/ets1/1k79_state_039.pdb	/project2/rohs_102/shewchuk/TF-conformation/analysis/analyses/dna_relax/pycurves/ets1/frozen_state_039
ets1	frozen	040	/project2/rohs_102/shewchuk/TF-conformation/output/stage3_min/ets1/1k79_state_040.pdb	/project2/rohs_102/shewchuk/TF-conformation/analysis/analyses/dna_relax/pycurves/ets1/frozen_state_040
ets1	frozen	041	/project2/rohs_102/shewchuk/TF-conformation/output/stage3_min/ets1/1k79_state_041.pdb	/project2/rohs_102/shewchuk/TF-conformation/analysis/analyses/dna_relax/pycurves/ets1/frozen_state_041
ets1	frozen	042	/project2/rohs_102/shewchuk/TF-conformation/output/stage3_min/ets1/1k79_state_042.pdb	/project2/rohs_102/shewchuk/TF-conformation/analysis/analyses/dna_relax/pycurves/ets1/frozen_state_042
ets1	frozen	043	/project2/rohs_102/shewchuk/TF-conformation/output/stage3_min/ets1/1k79_state_043.pdb	/project2/rohs_102/shewchuk/TF-conformation/analysis/analyses/dna_relax/pycurves/ets1/frozen_state_043
ets1	frozen	044	/project2/rohs_102/shewchuk/TF-conformation/output/stage3_min/ets1/1k79_state_044.pdb	/project2/rohs_102/shewchuk/TF-conformation/analysis/analyses/dna_relax/pycurves/ets1/frozen_state_044
ets1	frozen	045	/project2/rohs_102/shewchuk/TF-conformation/output/stage3_min/ets1/1k79_state_045.pdb	/project2/rohs_102/shewchuk/TF-conformation/analysis/analyses/dna_relax/pycurves/ets1/frozen_state_045
ets1	frozen	046	/project2/rohs_102/shewchuk/TF-conformation/output/stage3_min/ets1/1k79_state_046.pdb	/project2/rohs_102/shewchuk/TF-conformation/analysis/analyses/dna_relax/pycurves/ets1/frozen_state_046
ets1	frozen	047	/project2/rohs_102/shewchuk/TF-conformation/output/stage3_min/ets1/1k79_state_047.pdb	/project2/rohs_102/shewchuk/TF-conformation/analysis/analyses/dna_relax/pycurves/ets1/frozen_state_047
ets1	frozen	048	/project2/rohs_102/shewchuk/TF-conformation/output/stage3_min/ets1/1k79_state_048.pdb	/project2/rohs_102/shewchuk/TF-conformation/analysis/analyses/dna_relax/pycurves/ets1/frozen_state_048
ets1	frozen	049	/project2/rohs_102/shewchuk/TF-conformation/output/stage3_min/ets1/1k79_state_049.pdb	/project2/rohs_102/shewchuk/TF-conformation/analysis/analyses/dna_relax/pycurves/ets1/frozen_state_049
ets1	frozen	050	/project2/rohs_102/shewchuk/TF-conformation/output/stage3_min/ets1/1k79_state_050.pdb	/project2/rohs_102/shewchuk/TF-conformation/analysis/analyses/dna_relax/pycurves/ets1/frozen_state_050
ets1	frozen	051	/project2/rohs_102/shewchuk/TF-conformation/output/stage3_min/ets1/1k79_state_051.pdb	/project2/rohs_102/shewchuk/TF-conformation/analysis/analyses/dna_relax/pycurves/ets1/frozen_state_051
ets1	frozen	052	/project2/rohs_102/shewchuk/TF-conformation/output/stage3_min/ets1/1k79_state_052.pdb	/project2/rohs_102/shewchuk/TF-conformation/analysis/analyses/dna_relax/pycurves/ets1/frozen_state_052
ets1	frozen	053	/project2/rohs_102/shewchuk/TF-conformation/output/stage3_min/ets1/1k79_state_053.pdb	/project2/rohs_102/shewchuk/TF-conformation/analysis/analyses/dna_relax/pycurves/ets1/frozen_state_053
ets1	frozen	054	/project2/rohs_102/shewchuk/TF-conformation/output/stage3_min/ets1/1k79_state_054.pdb	/project2/rohs_102/shewchuk/TF-conformation/analysis/analyses/dna_relax/pycurves/ets1/frozen_state_054
ets1	frozen	055	/project2/rohs_102/shewchuk/TF-conformation/output/stage3_min/ets1/1k79_state_055.pdb	/project2/rohs_102/shewchuk/TF-conformation/analysis/analyses/dna_relax/pycurves/ets1/frozen_state_055
ets1	frozen	056	/project2/rohs_102/shewchuk/TF-conformation/output/stage3_min/ets1/1k79_state_056.pdb	/project2/rohs_102/shewchuk/TF-conformation/analysis/analyses/dna_relax/pycurves/ets1/frozen_state_056
ets1	frozen	057	/project2/rohs_102/shewchuk/TF-conformation/output/stage3_min/ets1/1k79_state_057.pdb	/project2/rohs_102/shewchuk/TF-conformation/analysis/analyses/dna_relax/pycurves/ets1/frozen_state_057
ets1	frozen	058	/project2/rohs_102/shewchuk/TF-conformation/output/stage3_min/ets1/1k79_state_058.pdb	/project2/rohs_102/shewchuk/TF-conformation/analysis/analyses/dna_relax/pycurves/ets1/frozen_state_058
ets1	frozen	059	/project2/rohs_102/shewchuk/TF-conformation/output/stage3_min/ets1/1k79_state_059.pdb	/project2/rohs_102/shewchuk/TF-conformation/analysis/analyses/dna_relax/pycurves/ets1/frozen_state_059
ets1	frozen	060	/project2/rohs_102/shewchuk/TF-conformation/output/stage3_min/ets1/1k79_state_060.pdb	/project2/rohs_102/shewchuk/TF-conformation/analysis/analyses/dna_relax/pycurves/ets1/frozen_state_060
ets1	frozen	061	/project2/rohs_102/shewchuk/TF-conformation/output/stage3_min/ets1/1k79_state_061.pdb	/project2/rohs_102/shewchuk/TF-conformation/analysis/analyses/dna_relax/pycurves/ets1/frozen_state_061
ets1	frozen	062	/project2/rohs_102/shewchuk/TF-conformation/output/stage3_min/ets1/1k79_state_062.pdb	/project2/rohs_102/shewchuk/TF-conformation/analysis/analyses/dna_relax/pycurves/ets1/frozen_state_062
ets1	frozen	063	/project2/rohs_102/shewchuk/TF-conformation/output/stage3_min/ets1/1k79_state_063.pdb	/project2/rohs_102/shewchuk/TF-conformation/analysis/analyses/dna_relax/pycurves/ets1/frozen_state_063
ets1	frozen	064	/project2/rohs_102/shewchuk/TF-conformation/output/stage3_min/ets1/1k79_state_064.pdb	/project2/rohs_102/shewchuk/TF-conformation/analysis/analyses/dna_relax/pycurves/ets1/frozen_state_064
ets1	frozen	065	/project2/rohs_102/shewchuk/TF-conformation/output/stage3_min/ets1/1k79_state_065.pdb	/project2/rohs_102/shewchuk/TF-conformation/analysis/analyses/dna_relax/pycurves/ets1/frozen_state_065
ets1	frozen	066	/project2/rohs_102/shewchuk/TF-conformation/output/stage3_min/ets1/1k79_state_066.pdb	/project2/rohs_102/shewchuk/TF-conformation/analysis/analyses/dna_relax/pycurves/ets1/frozen_state_066
ets1	frozen	067	/project2/rohs_102/shewchuk/TF-conformation/output/stage3_min/ets1/1k79_state_067.pdb	/project2/rohs_102/shewchuk/TF-conformation/analysis/analyses/dna_relax/pycurves/ets1/frozen_state_067
ets1	frozen	068	/project2/rohs_102/shewchuk/TF-conformation/output/stage3_min/ets1/1k79_state_068.pdb	/project2/rohs_102/shewchuk/TF-conformation/analysis/analyses/dna_relax/pycurves/ets1/frozen_state_068
ets1	frozen	069	/project2/rohs_102/shewchuk/TF-conformation/output/stage3_min/ets1/1k79_state_069.pdb	/project2/rohs_102/shewchuk/TF-conformation/analysis/analyses/dna_relax/pycurves/ets1/frozen_state_069
ets1	frozen	070	/project2/rohs_102/shewchuk/TF-conformation/output/stage3_min/ets1/1k79_state_070.pdb	/project2/rohs_102/shewchuk/TF-conformation/analysis/analyses/dna_relax/pycurves/ets1/frozen_state_070
ets1	frozen	071	/project2/rohs_102/shewchuk/TF-conformation/output/stage3_min/ets1/1k79_state_071.pdb	/project2/rohs_102/shewchuk/TF-conformation/analysis/analyses/dna_relax/pycurves/ets1/frozen_state_071
ets1	frozen	072	/project2/rohs_102/shewchuk/TF-conformation/output/stage3_min/ets1/1k79_state_072.pdb	/project2/rohs_102/shewchuk/TF-conformation/analysis/analyses/dna_relax/pycurves/ets1/frozen_state_072
ets1	frozen	073	/project2/rohs_102/shewchuk/TF-conformation/output/stage3_min/ets1/1k79_state_073.pdb	/project2/rohs_102/shewchuk/TF-conformation/analysis/analyses/dna_relax/pycurves/ets1/frozen_state_073
ets1	frozen	074	/project2/rohs_102/shewchuk/TF-conformation/output/stage3_min/ets1/1k79_state_074.pdb	/project2/rohs_102/shewchuk/TF-conformation/analysis/analyses/dna_relax/pycurves/ets1/frozen_state_074
ets1	frozen	075	/project2/rohs_102/shewchuk/TF-conformation/output/stage3_min/ets1/1k79_state_075.pdb	/project2/rohs_102/shewchuk/TF-conformation/analysis/analyses/dna_relax/pycurves/ets1/frozen_state_075
ets1	frozen	076	/project2/rohs_102/shewchuk/TF-conformation/output/stage3_min/ets1/1k79_state_076.pdb	/project2/rohs_102/shewchuk/TF-conformation/analysis/analyses/dna_relax/pycurves/ets1/frozen_state_076
ets1	frozen	077	/project2/rohs_102/shewchuk/TF-conformation/output/stage3_min/ets1/1k79_state_077.pdb	/project2/rohs_102/shewchuk/TF-conformation/analysis/analyses/dna_relax/pycurves/ets1/frozen_state_077
ets1	frozen	078	/project2/rohs_102/shewchuk/TF-conformation/output/stage3_min/ets1/1k79_state_078.pdb	/project2/rohs_102/shewchuk/TF-conformation/analysis/analyses/dna_relax/pycurves/ets1/frozen_state_078
ets1	frozen	079	/project2/rohs_102/shewchuk/TF-conformation/output/stage3_min/ets1/1k79_state_079.pdb	/project2/rohs_102/shewchuk/TF-conformation/analysis/analyses/dna_relax/pycurves/ets1/frozen_state_079
ets1	frozen	080	/project2/rohs_102/shewchuk/TF-conformation/output/stage3_min/ets1/1k79_state_080.pdb	/project2/rohs_102/shewchuk/TF-conformation/analysis/analyses/dna_relax/pycurves/ets1/frozen_state_080
ets1	frozen	081	/project2/rohs_102/shewchuk/TF-conformation/output/stage3_min/ets1/1k79_state_081.pdb	/project2/rohs_102/shewchuk/TF-conformation/analysis/analyses/dna_relax/pycurves/ets1/frozen_state_081
ets1	frozen	082	/project2/rohs_102/shewchuk/TF-conformation/output/stage3_min/ets1/1k79_state_082.pdb	/project2/rohs_102/shewchuk/TF-conformation/analysis/analyses/dna_relax/pycurves/ets1/frozen_state_082
ets1	frozen	083	/project2/rohs_102/shewchuk/TF-conformation/output/stage3_min/ets1/1k79_state_083.pdb	/project2/rohs_102/shewchuk/TF-conformation/analysis/analyses/dna_relax/pycurves/ets1/frozen_state_083
ets1	frozen	084	/project2/rohs_102/shewchuk/TF-conformation/output/stage3_min/ets1/1k79_state_084.pdb	/project2/rohs_102/shewchuk/TF-conformation/analysis/analyses/dna_relax/pycurves/ets1/frozen_state_084
ets1	frozen	085	/project2/rohs_102/shewchuk/TF-conformation/output/stage3_min/ets1/1k79_state_085.pdb	/project2/rohs_102/shewchuk/TF-conformation/analysis/analyses/dna_relax/pycurves/ets1/frozen_state_085
ets1	frozen	086	/project2/rohs_102/shewchuk/TF-conformation/output/stage3_min/ets1/1k79_state_086.pdb	/project2/rohs_102/shewchuk/TF-conformation/analysis/analyses/dna_relax/pycurves/ets1/frozen_state_086
ets1	frozen	087	/project2/rohs_102/shewchuk/TF-conformation/output/stage3_min/ets1/1k79_state_087.pdb	/project2/rohs_102/shewchuk/TF-conformation/analysis/analyses/dna_relax/pycurves/ets1/frozen_state_087
ets1	frozen	088	/project2/rohs_102/shewchuk/TF-conformation/output/stage3_min/ets1/1k79_state_088.pdb	/project2/rohs_102/shewchuk/TF-conformation/analysis/analyses/dna_relax/pycurves/ets1/frozen_state_088
ets1	frozen	089	/project2/rohs_102/shewchuk/TF-conformation/output/stage3_min/ets1/1k79_state_089.pdb	/project2/rohs_102/shewchuk/TF-conformation/analysis/analyses/dna_relax/pycurves/ets1/frozen_state_089
ets1	frozen	090	/project2/rohs_102/shewchuk/TF-conformation/output/stage3_min/ets1/1k79_state_090.pdb	/project2/rohs_102/shewchuk/TF-conformation/analysis/analyses/dna_relax/pycurves/ets1/frozen_state_090
ets1	frozen	091	/project2/rohs_102/shewchuk/TF-conformation/output/stage3_min/ets1/1k79_state_091.pdb	/project2/rohs_102/shewchuk/TF-conformation/analysis/analyses/dna_relax/pycurves/ets1/frozen_state_091
ets1	frozen	092	/project2/rohs_102/shewchuk/TF-conformation/output/stage3_min/ets1/1k79_state_092.pdb	/project2/rohs_102/shewchuk/TF-conformation/analysis/analyses/dna_relax/pycurves/ets1/frozen_state_092
ets1	frozen	093	/project2/rohs_102/shewchuk/TF-conformation/output/stage3_min/ets1/1k79_state_093.pdb	/project2/rohs_102/shewchuk/TF-conformation/analysis/analyses/dna_relax/pycurves/ets1/frozen_state_093
ets1	frozen	094	/project2/rohs_102/shewchuk/TF-conformation/output/stage3_min/ets1/1k79_state_094.pdb	/project2/rohs_102/shewchuk/TF-conformation/analysis/analyses/dna_relax/pycurves/ets1/frozen_state_094
ets1	frozen	095	/project2/rohs_102/shewchuk/TF-conformation/output/stage3_min/ets1/1k79_state_095.pdb	/project2/rohs_102/shewchuk/TF-conformation/analysis/analyses/dna_relax/pycurves/ets1/frozen_state_095
ets1	frozen	096	/project2/rohs_102/shewchuk/TF-conformation/output/stage3_min/ets1/1k79_state_096.pdb	/project2/rohs_102/shewchuk/TF-conformation/analysis/analyses/dna_relax/pycurves/ets1/frozen_state_096
ets1	frozen	097	/project2/rohs_102/shewchuk/TF-conformation/output/stage3_min/ets1/1k79_state_097.pdb	/project2/rohs_102/shewchuk/TF-conformation/analysis/analyses/dna_relax/pycurves/ets1/frozen_state_097
ets1	frozen	098	/project2/rohs_102/shewchuk/TF-conformation/output/stage3_min/ets1/1k79_state_098.pdb	/project2/rohs_102/shewchuk/TF-conformation/analysis/analyses/dna_relax/pycurves/ets1/frozen_state_098
ets1	frozen	099	/project2/rohs_102/shewchuk/TF-conformation/output/stage3_min/ets1/1k79_state_099.pdb	/project2/rohs_102/shewchuk/TF-conformation/analysis/analyses/dna_relax/pycurves/ets1/frozen_state_099
ets1	frozen	100	/project2/rohs_102/shewchuk/TF-conformation/output/stage3_min/ets1/1k79_state_100.pdb	/project2/rohs_102/shewchuk/TF-conformation/analysis/analyses/dna_relax/pycurves/ets1/frozen_state_100
ets1	relaxed	001	/project2/rohs_102/shewchuk/TF-conformation/output/stage3_min_dnarelax/ets1/1k79_state_001.pdb	/project2/rohs_102/shewchuk/TF-conformation/analysis/analyses/dna_relax/pycurves/ets1/relaxed_state_001
ets1	relaxed	002	/project2/rohs_102/shewchuk/TF-conformation/output/stage3_min_dnarelax/ets1/1k79_state_002.pdb	/project2/rohs_102/shewchuk/TF-conformation/analysis/analyses/dna_relax/pycurves/ets1/relaxed_state_002
ets1	relaxed	003	/project2/rohs_102/shewchuk/TF-conformation/output/stage3_min_dnarelax/ets1/1k79_state_003.pdb	/project2/rohs_102/shewchuk/TF-conformation/analysis/analyses/dna_relax/pycurves/ets1/relaxed_state_003
ets1	relaxed	004	/project2/rohs_102/shewchuk/TF-conformation/output/stage3_min_dnarelax/ets1/1k79_state_004.pdb	/project2/rohs_102/shewchuk/TF-conformation/analysis/analyses/dna_relax/pycurves/ets1/relaxed_state_004
ets1	relaxed	005	/project2/rohs_102/shewchuk/TF-conformation/output/stage3_min_dnarelax/ets1/1k79_state_005.pdb	/project2/rohs_102/shewchuk/TF-conformation/analysis/analyses/dna_relax/pycurves/ets1/relaxed_state_005
ets1	relaxed	006	/project2/rohs_102/shewchuk/TF-conformation/output/stage3_min_dnarelax/ets1/1k79_state_006.pdb	/project2/rohs_102/shewchuk/TF-conformation/analysis/analyses/dna_relax/pycurves/ets1/relaxed_state_006
ets1	relaxed	007	/project2/rohs_102/shewchuk/TF-conformation/output/stage3_min_dnarelax/ets1/1k79_state_007.pdb	/project2/rohs_102/shewchuk/TF-conformation/analysis/analyses/dna_relax/pycurves/ets1/relaxed_state_007
ets1	relaxed	008	/project2/rohs_102/shewchuk/TF-conformation/output/stage3_min_dnarelax/ets1/1k79_state_008.pdb	/project2/rohs_102/shewchuk/TF-conformation/analysis/analyses/dna_relax/pycurves/ets1/relaxed_state_008
ets1	relaxed	009	/project2/rohs_102/shewchuk/TF-conformation/output/stage3_min_dnarelax/ets1/1k79_state_009.pdb	/project2/rohs_102/shewchuk/TF-conformation/analysis/analyses/dna_relax/pycurves/ets1/relaxed_state_009
ets1	relaxed	010	/project2/rohs_102/shewchuk/TF-conformation/output/stage3_min_dnarelax/ets1/1k79_state_010.pdb	/project2/rohs_102/shewchuk/TF-conformation/analysis/analyses/dna_relax/pycurves/ets1/relaxed_state_010
ets1	relaxed	011	/project2/rohs_102/shewchuk/TF-conformation/output/stage3_min_dnarelax/ets1/1k79_state_011.pdb	/project2/rohs_102/shewchuk/TF-conformation/analysis/analyses/dna_relax/pycurves/ets1/relaxed_state_011
ets1	relaxed	012	/project2/rohs_102/shewchuk/TF-conformation/output/stage3_min_dnarelax/ets1/1k79_state_012.pdb	/project2/rohs_102/shewchuk/TF-conformation/analysis/analyses/dna_relax/pycurves/ets1/relaxed_state_012
ets1	relaxed	013	/project2/rohs_102/shewchuk/TF-conformation/output/stage3_min_dnarelax/ets1/1k79_state_013.pdb	/project2/rohs_102/shewchuk/TF-conformation/analysis/analyses/dna_relax/pycurves/ets1/relaxed_state_013
ets1	relaxed	014	/project2/rohs_102/shewchuk/TF-conformation/output/stage3_min_dnarelax/ets1/1k79_state_014.pdb	/project2/rohs_102/shewchuk/TF-conformation/analysis/analyses/dna_relax/pycurves/ets1/relaxed_state_014
ets1	relaxed	015	/project2/rohs_102/shewchuk/TF-conformation/output/stage3_min_dnarelax/ets1/1k79_state_015.pdb	/project2/rohs_102/shewchuk/TF-conformation/analysis/analyses/dna_relax/pycurves/ets1/relaxed_state_015
ets1	relaxed	016	/project2/rohs_102/shewchuk/TF-conformation/output/stage3_min_dnarelax/ets1/1k79_state_016.pdb	/project2/rohs_102/shewchuk/TF-conformation/analysis/analyses/dna_relax/pycurves/ets1/relaxed_state_016
ets1	relaxed	017	/project2/rohs_102/shewchuk/TF-conformation/output/stage3_min_dnarelax/ets1/1k79_state_017.pdb	/project2/rohs_102/shewchuk/TF-conformation/analysis/analyses/dna_relax/pycurves/ets1/relaxed_state_017
ets1	relaxed	018	/project2/rohs_102/shewchuk/TF-conformation/output/stage3_min_dnarelax/ets1/1k79_state_018.pdb	/project2/rohs_102/shewchuk/TF-conformation/analysis/analyses/dna_relax/pycurves/ets1/relaxed_state_018
ets1	relaxed	019	/project2/rohs_102/shewchuk/TF-conformation/output/stage3_min_dnarelax/ets1/1k79_state_019.pdb	/project2/rohs_102/shewchuk/TF-conformation/analysis/analyses/dna_relax/pycurves/ets1/relaxed_state_019
ets1	relaxed	020	/project2/rohs_102/shewchuk/TF-conformation/output/stage3_min_dnarelax/ets1/1k79_state_020.pdb	/project2/rohs_102/shewchuk/TF-conformation/analysis/analyses/dna_relax/pycurves/ets1/relaxed_state_020
ets1	relaxed	021	/project2/rohs_102/shewchuk/TF-conformation/output/stage3_min_dnarelax/ets1/1k79_state_021.pdb	/project2/rohs_102/shewchuk/TF-conformation/analysis/analyses/dna_relax/pycurves/ets1/relaxed_state_021
ets1	relaxed	022	/project2/rohs_102/shewchuk/TF-conformation/output/stage3_min_dnarelax/ets1/1k79_state_022.pdb	/project2/rohs_102/shewchuk/TF-conformation/analysis/analyses/dna_relax/pycurves/ets1/relaxed_state_022
ets1	relaxed	023	/project2/rohs_102/shewchuk/TF-conformation/output/stage3_min_dnarelax/ets1/1k79_state_023.pdb	/project2/rohs_102/shewchuk/TF-conformation/analysis/analyses/dna_relax/pycurves/ets1/relaxed_state_023
ets1	relaxed	024	/project2/rohs_102/shewchuk/TF-conformation/output/stage3_min_dnarelax/ets1/1k79_state_024.pdb	/project2/rohs_102/shewchuk/TF-conformation/analysis/analyses/dna_relax/pycurves/ets1/relaxed_state_024
ets1	relaxed	025	/project2/rohs_102/shewchuk/TF-conformation/output/stage3_min_dnarelax/ets1/1k79_state_025.pdb	/project2/rohs_102/shewchuk/TF-conformation/analysis/analyses/dna_relax/pycurves/ets1/relaxed_state_025
ets1	relaxed	026	/project2/rohs_102/shewchuk/TF-conformation/output/stage3_min_dnarelax/ets1/1k79_state_026.pdb	/project2/rohs_102/shewchuk/TF-conformation/analysis/analyses/dna_relax/pycurves/ets1/relaxed_state_026
ets1	relaxed	027	/project2/rohs_102/shewchuk/TF-conformation/output/stage3_min_dnarelax/ets1/1k79_state_027.pdb	/project2/rohs_102/shewchuk/TF-conformation/analysis/analyses/dna_relax/pycurves/ets1/relaxed_state_027
ets1	relaxed	028	/project2/rohs_102/shewchuk/TF-conformation/output/stage3_min_dnarelax/ets1/1k79_state_028.pdb	/project2/rohs_102/shewchuk/TF-conformation/analysis/analyses/dna_relax/pycurves/ets1/relaxed_state_028
ets1	relaxed	029	/project2/rohs_102/shewchuk/TF-conformation/output/stage3_min_dnarelax/ets1/1k79_state_029.pdb	/project2/rohs_102/shewchuk/TF-conformation/analysis/analyses/dna_relax/pycurves/ets1/relaxed_state_029
ets1	relaxed	030	/project2/rohs_102/shewchuk/TF-conformation/output/stage3_min_dnarelax/ets1/1k79_state_030.pdb	/project2/rohs_102/shewchuk/TF-conformation/analysis/analyses/dna_relax/pycurves/ets1/relaxed_state_030
ets1	relaxed	031	/project2/rohs_102/shewchuk/TF-conformation/output/stage3_min_dnarelax/ets1/1k79_state_031.pdb	/project2/rohs_102/shewchuk/TF-conformation/analysis/analyses/dna_relax/pycurves/ets1/relaxed_state_031
ets1	relaxed	032	/project2/rohs_102/shewchuk/TF-conformation/output/stage3_min_dnarelax/ets1/1k79_state_032.pdb	/project2/rohs_102/shewchuk/TF-conformation/analysis/analyses/dna_relax/pycurves/ets1/relaxed_state_032
ets1	relaxed	033	/project2/rohs_102/shewchuk/TF-conformation/output/stage3_min_dnarelax/ets1/1k79_state_033.pdb	/project2/rohs_102/shewchuk/TF-conformation/analysis/analyses/dna_relax/pycurves/ets1/relaxed_state_033
ets1	relaxed	034	/project2/rohs_102/shewchuk/TF-conformation/output/stage3_min_dnarelax/ets1/1k79_state_034.pdb	/project2/rohs_102/shewchuk/TF-conformation/analysis/analyses/dna_relax/pycurves/ets1/relaxed_state_034
ets1	relaxed	035	/project2/rohs_102/shewchuk/TF-conformation/output/stage3_min_dnarelax/ets1/1k79_state_035.pdb	/project2/rohs_102/shewchuk/TF-conformation/analysis/analyses/dna_relax/pycurves/ets1/relaxed_state_035
ets1	relaxed	036	/project2/rohs_102/shewchuk/TF-conformation/output/stage3_min_dnarelax/ets1/1k79_state_036.pdb	/project2/rohs_102/shewchuk/TF-conformation/analysis/analyses/dna_relax/pycurves/ets1/relaxed_state_036
ets1	relaxed	037	/project2/rohs_102/shewchuk/TF-conformation/output/stage3_min_dnarelax/ets1/1k79_state_037.pdb	/project2/rohs_102/shewchuk/TF-conformation/analysis/analyses/dna_relax/pycurves/ets1/relaxed_state_037
ets1	relaxed	038	/project2/rohs_102/shewchuk/TF-conformation/output/stage3_min_dnarelax/ets1/1k79_state_038.pdb	/project2/rohs_102/shewchuk/TF-conformation/analysis/analyses/dna_relax/pycurves/ets1/relaxed_state_038
ets1	relaxed	039	/project2/rohs_102/shewchuk/TF-conformation/output/stage3_min_dnarelax/ets1/1k79_state_039.pdb	/project2/rohs_102/shewchuk/TF-conformation/analysis/analyses/dna_relax/pycurves/ets1/relaxed_state_039
ets1	relaxed	040	/project2/rohs_102/shewchuk/TF-conformation/output/stage3_min_dnarelax/ets1/1k79_state_040.pdb	/project2/rohs_102/shewchuk/TF-conformation/analysis/analyses/dna_relax/pycurves/ets1/relaxed_state_040
ets1	relaxed	041	/project2/rohs_102/shewchuk/TF-conformation/output/stage3_min_dnarelax/ets1/1k79_state_041.pdb	/project2/rohs_102/shewchuk/TF-conformation/analysis/analyses/dna_relax/pycurves/ets1/relaxed_state_041
ets1	relaxed	042	/project2/rohs_102/shewchuk/TF-conformation/output/stage3_min_dnarelax/ets1/1k79_state_042.pdb	/project2/rohs_102/shewchuk/TF-conformation/analysis/analyses/dna_relax/pycurves/ets1/relaxed_state_042
ets1	relaxed	043	/project2/rohs_102/shewchuk/TF-conformation/output/stage3_min_dnarelax/ets1/1k79_state_043.pdb	/project2/rohs_102/shewchuk/TF-conformation/analysis/analyses/dna_relax/pycurves/ets1/relaxed_state_043
ets1	relaxed	044	/project2/rohs_102/shewchuk/TF-conformation/output/stage3_min_dnarelax/ets1/1k79_state_044.pdb	/project2/rohs_102/shewchuk/TF-conformation/analysis/analyses/dna_relax/pycurves/ets1/relaxed_state_044
ets1	relaxed	045	/project2/rohs_102/shewchuk/TF-conformation/output/stage3_min_dnarelax/ets1/1k79_state_045.pdb	/project2/rohs_102/shewchuk/TF-conformation/analysis/analyses/dna_relax/pycurves/ets1/relaxed_state_045
ets1	relaxed	046	/project2/rohs_102/shewchuk/TF-conformation/output/stage3_min_dnarelax/ets1/1k79_state_046.pdb	/project2/rohs_102/shewchuk/TF-conformation/analysis/analyses/dna_relax/pycurves/ets1/relaxed_state_046
ets1	relaxed	047	/project2/rohs_102/shewchuk/TF-conformation/output/stage3_min_dnarelax/ets1/1k79_state_047.pdb	/project2/rohs_102/shewchuk/TF-conformation/analysis/analyses/dna_relax/pycurves/ets1/relaxed_state_047
ets1	relaxed	048	/project2/rohs_102/shewchuk/TF-conformation/output/stage3_min_dnarelax/ets1/1k79_state_048.pdb	/project2/rohs_102/shewchuk/TF-conformation/analysis/analyses/dna_relax/pycurves/ets1/relaxed_state_048
ets1	relaxed	049	/project2/rohs_102/shewchuk/TF-conformation/output/stage3_min_dnarelax/ets1/1k79_state_049.pdb	/project2/rohs_102/shewchuk/TF-conformation/analysis/analyses/dna_relax/pycurves/ets1/relaxed_state_049
ets1	relaxed	050	/project2/rohs_102/shewchuk/TF-conformation/output/stage3_min_dnarelax/ets1/1k79_state_050.pdb	/project2/rohs_102/shewchuk/TF-conformation/analysis/analyses/dna_relax/pycurves/ets1/relaxed_state_050
ets1	relaxed	051	/project2/rohs_102/shewchuk/TF-conformation/output/stage3_min_dnarelax/ets1/1k79_state_051.pdb	/project2/rohs_102/shewchuk/TF-conformation/analysis/analyses/dna_relax/pycurves/ets1/relaxed_state_051
ets1	relaxed	052	/project2/rohs_102/shewchuk/TF-conformation/output/stage3_min_dnarelax/ets1/1k79_state_052.pdb	/project2/rohs_102/shewchuk/TF-conformation/analysis/analyses/dna_relax/pycurves/ets1/relaxed_state_052
ets1	relaxed	053	/project2/rohs_102/shewchuk/TF-conformation/output/stage3_min_dnarelax/ets1/1k79_state_053.pdb	/project2/rohs_102/shewchuk/TF-conformation/analysis/analyses/dna_relax/pycurves/ets1/relaxed_state_053
ets1	relaxed	054	/project2/rohs_102/shewchuk/TF-conformation/output/stage3_min_dnarelax/ets1/1k79_state_054.pdb	/project2/rohs_102/shewchuk/TF-conformation/analysis/analyses/dna_relax/pycurves/ets1/relaxed_state_054
ets1	relaxed	055	/project2/rohs_102/shewchuk/TF-conformation/output/stage3_min_dnarelax/ets1/1k79_state_055.pdb	/project2/rohs_102/shewchuk/TF-conformation/analysis/analyses/dna_relax/pycurves/ets1/relaxed_state_055
ets1	relaxed	056	/project2/rohs_102/shewchuk/TF-conformation/output/stage3_min_dnarelax/ets1/1k79_state_056.pdb	/project2/rohs_102/shewchuk/TF-conformation/analysis/analyses/dna_relax/pycurves/ets1/relaxed_state_056
ets1	relaxed	057	/project2/rohs_102/shewchuk/TF-conformation/output/stage3_min_dnarelax/ets1/1k79_state_057.pdb	/project2/rohs_102/shewchuk/TF-conformation/analysis/analyses/dna_relax/pycurves/ets1/relaxed_state_057
ets1	relaxed	058	/project2/rohs_102/shewchuk/TF-conformation/output/stage3_min_dnarelax/ets1/1k79_state_058.pdb	/project2/rohs_102/shewchuk/TF-conformation/analysis/analyses/dna_relax/pycurves/ets1/relaxed_state_058
ets1	relaxed	059	/project2/rohs_102/shewchuk/TF-conformation/output/stage3_min_dnarelax/ets1/1k79_state_059.pdb	/project2/rohs_102/shewchuk/TF-conformation/analysis/analyses/dna_relax/pycurves/ets1/relaxed_state_059
ets1	relaxed	060	/project2/rohs_102/shewchuk/TF-conformation/output/stage3_min_dnarelax/ets1/1k79_state_060.pdb	/project2/rohs_102/shewchuk/TF-conformation/analysis/analyses/dna_relax/pycurves/ets1/relaxed_state_060
ets1	relaxed	061	/project2/rohs_102/shewchuk/TF-conformation/output/stage3_min_dnarelax/ets1/1k79_state_061.pdb	/project2/rohs_102/shewchuk/TF-conformation/analysis/analyses/dna_relax/pycurves/ets1/relaxed_state_061
ets1	relaxed	062	/project2/rohs_102/shewchuk/TF-conformation/output/stage3_min_dnarelax/ets1/1k79_state_062.pdb	/project2/rohs_102/shewchuk/TF-conformation/analysis/analyses/dna_relax/pycurves/ets1/relaxed_state_062
ets1	relaxed	063	/project2/rohs_102/shewchuk/TF-conformation/output/stage3_min_dnarelax/ets1/1k79_state_063.pdb	/project2/rohs_102/shewchuk/TF-conformation/analysis/analyses/dna_relax/pycurves/ets1/relaxed_state_063
ets1	relaxed	064	/project2/rohs_102/shewchuk/TF-conformation/output/stage3_min_dnarelax/ets1/1k79_state_064.pdb	/project2/rohs_102/shewchuk/TF-conformation/analysis/analyses/dna_relax/pycurves/ets1/relaxed_state_064
ets1	relaxed	065	/project2/rohs_102/shewchuk/TF-conformation/output/stage3_min_dnarelax/ets1/1k79_state_065.pdb	/project2/rohs_102/shewchuk/TF-conformation/analysis/analyses/dna_relax/pycurves/ets1/relaxed_state_065
ets1	relaxed	066	/project2/rohs_102/shewchuk/TF-conformation/output/stage3_min_dnarelax/ets1/1k79_state_066.pdb	/project2/rohs_102/shewchuk/TF-conformation/analysis/analyses/dna_relax/pycurves/ets1/relaxed_state_066
ets1	relaxed	067	/project2/rohs_102/shewchuk/TF-conformation/output/stage3_min_dnarelax/ets1/1k79_state_067.pdb	/project2/rohs_102/shewchuk/TF-conformation/analysis/analyses/dna_relax/pycurves/ets1/relaxed_state_067
ets1	relaxed	068	/project2/rohs_102/shewchuk/TF-conformation/output/stage3_min_dnarelax/ets1/1k79_state_068.pdb	/project2/rohs_102/shewchuk/TF-conformation/analysis/analyses/dna_relax/pycurves/ets1/relaxed_state_068
ets1	relaxed	069	/project2/rohs_102/shewchuk/TF-conformation/output/stage3_min_dnarelax/ets1/1k79_state_069.pdb	/project2/rohs_102/shewchuk/TF-conformation/analysis/analyses/dna_relax/pycurves/ets1/relaxed_state_069
ets1	relaxed	070	/project2/rohs_102/shewchuk/TF-conformation/output/stage3_min_dnarelax/ets1/1k79_state_070.pdb	/project2/rohs_102/shewchuk/TF-conformation/analysis/analyses/dna_relax/pycurves/ets1/relaxed_state_070
ets1	relaxed	071	/project2/rohs_102/shewchuk/TF-conformation/output/stage3_min_dnarelax/ets1/1k79_state_071.pdb	/project2/rohs_102/shewchuk/TF-conformation/analysis/analyses/dna_relax/pycurves/ets1/relaxed_state_071
ets1	relaxed	072	/project2/rohs_102/shewchuk/TF-conformation/output/stage3_min_dnarelax/ets1/1k79_state_072.pdb	/project2/rohs_102/shewchuk/TF-conformation/analysis/analyses/dna_relax/pycurves/ets1/relaxed_state_072
ets1	relaxed	073	/project2/rohs_102/shewchuk/TF-conformation/output/stage3_min_dnarelax/ets1/1k79_state_073.pdb	/project2/rohs_102/shewchuk/TF-conformation/analysis/analyses/dna_relax/pycurves/ets1/relaxed_state_073
ets1	relaxed	074	/project2/rohs_102/shewchuk/TF-conformation/output/stage3_min_dnarelax/ets1/1k79_state_074.pdb	/project2/rohs_102/shewchuk/TF-conformation/analysis/analyses/dna_relax/pycurves/ets1/relaxed_state_074
ets1	relaxed	075	/project2/rohs_102/shewchuk/TF-conformation/output/stage3_min_dnarelax/ets1/1k79_state_075.pdb	/project2/rohs_102/shewchuk/TF-conformation/analysis/analyses/dna_relax/pycurves/ets1/relaxed_state_075
ets1	relaxed	077	/project2/rohs_102/shewchuk/TF-conformation/output/stage3_min_dnarelax/ets1/1k79_state_077.pdb	/project2/rohs_102/shewchuk/TF-conformation/analysis/analyses/dna_relax/pycurves/ets1/relaxed_state_077
ets1	relaxed	078	/project2/rohs_102/shewchuk/TF-conformation/output/stage3_min_dnarelax/ets1/1k79_state_078.pdb	/project2/rohs_102/shewchuk/TF-conformation/analysis/analyses/dna_relax/pycurves/ets1/relaxed_state_078
ets1	relaxed	079	/project2/rohs_102/shewchuk/TF-conformation/output/stage3_min_dnarelax/ets1/1k79_state_079.pdb	/project2/rohs_102/shewchuk/TF-conformation/analysis/analyses/dna_relax/pycurves/ets1/relaxed_state_079
ets1	relaxed	080	/project2/rohs_102/shewchuk/TF-conformation/output/stage3_min_dnarelax/ets1/1k79_state_080.pdb	/project2/rohs_102/shewchuk/TF-conformation/analysis/analyses/dna_relax/pycurves/ets1/relaxed_state_080
ets1	relaxed	081	/project2/rohs_102/shewchuk/TF-conformation/output/stage3_min_dnarelax/ets1/1k79_state_081.pdb	/project2/rohs_102/shewchuk/TF-conformation/analysis/analyses/dna_relax/pycurves/ets1/relaxed_state_081
ets1	relaxed	082	/project2/rohs_102/shewchuk/TF-conformation/output/stage3_min_dnarelax/ets1/1k79_state_082.pdb	/project2/rohs_102/shewchuk/TF-conformation/analysis/analyses/dna_relax/pycurves/ets1/relaxed_state_082
ets1	relaxed	083	/project2/rohs_102/shewchuk/TF-conformation/output/stage3_min_dnarelax/ets1/1k79_state_083.pdb	/project2/rohs_102/shewchuk/TF-conformation/analysis/analyses/dna_relax/pycurves/ets1/relaxed_state_083
ets1	relaxed	084	/project2/rohs_102/shewchuk/TF-conformation/output/stage3_min_dnarelax/ets1/1k79_state_084.pdb	/project2/rohs_102/shewchuk/TF-conformation/analysis/analyses/dna_relax/pycurves/ets1/relaxed_state_084
ets1	relaxed	085	/project2/rohs_102/shewchuk/TF-conformation/output/stage3_min_dnarelax/ets1/1k79_state_085.pdb	/project2/rohs_102/shewchuk/TF-conformation/analysis/analyses/dna_relax/pycurves/ets1/relaxed_state_085
ets1	relaxed	086	/project2/rohs_102/shewchuk/TF-conformation/output/stage3_min_dnarelax/ets1/1k79_state_086.pdb	/project2/rohs_102/shewchuk/TF-conformation/analysis/analyses/dna_relax/pycurves/ets1/relaxed_state_086
ets1	relaxed	087	/project2/rohs_102/shewchuk/TF-conformation/output/stage3_min_dnarelax/ets1/1k79_state_087.pdb	/project2/rohs_102/shewchuk/TF-conformation/analysis/analyses/dna_relax/pycurves/ets1/relaxed_state_087
ets1	relaxed	088	/project2/rohs_102/shewchuk/TF-conformation/output/stage3_min_dnarelax/ets1/1k79_state_088.pdb	/project2/rohs_102/shewchuk/TF-conformation/analysis/analyses/dna_relax/pycurves/ets1/relaxed_state_088
ets1	relaxed	089	/project2/rohs_102/shewchuk/TF-conformation/output/stage3_min_dnarelax/ets1/1k79_state_089.pdb	/project2/rohs_102/shewchuk/TF-conformation/analysis/analyses/dna_relax/pycurves/ets1/relaxed_state_089
ets1	relaxed	090	/project2/rohs_102/shewchuk/TF-conformation/output/stage3_min_dnarelax/ets1/1k79_state_090.pdb	/project2/rohs_102/shewchuk/TF-conformation/analysis/analyses/dna_relax/pycurves/ets1/relaxed_state_090
ets1	relaxed	091	/project2/rohs_102/shewchuk/TF-conformation/output/stage3_min_dnarelax/ets1/1k79_state_091.pdb	/project2/rohs_102/shewchuk/TF-conformation/analysis/analyses/dna_relax/pycurves/ets1/relaxed_state_091
ets1	relaxed	092	/project2/rohs_102/shewchuk/TF-conformation/output/stage3_min_dnarelax/ets1/1k79_state_092.pdb	/project2/rohs_102/shewchuk/TF-conformation/analysis/analyses/dna_relax/pycurves/ets1/relaxed_state_092
ets1	relaxed	094	/project2/rohs_102/shewchuk/TF-conformation/output/stage3_min_dnarelax/ets1/1k79_state_094.pdb	/project2/rohs_102/shewchuk/TF-conformation/analysis/analyses/dna_relax/pycurves/ets1/relaxed_state_094
ets1	relaxed	095	/project2/rohs_102/shewchuk/TF-conformation/output/stage3_min_dnarelax/ets1/1k79_state_095.pdb	/project2/rohs_102/shewchuk/TF-conformation/analysis/analyses/dna_relax/pycurves/ets1/relaxed_state_095
ets1	relaxed	096	/project2/rohs_102/shewchuk/TF-conformation/output/stage3_min_dnarelax/ets1/1k79_state_096.pdb	/project2/rohs_102/shewchuk/TF-conformation/analysis/analyses/dna_relax/pycurves/ets1/relaxed_state_096
ets1	relaxed	097	/project2/rohs_102/shewchuk/TF-conformation/output/stage3_min_dnarelax/ets1/1k79_state_097.pdb	/project2/rohs_102/shewchuk/TF-conformation/analysis/analyses/dna_relax/pycurves/ets1/relaxed_state_097
ets1	relaxed	098	/project2/rohs_102/shewchuk/TF-conformation/output/stage3_min_dnarelax/ets1/1k79_state_098.pdb	/project2/rohs_102/shewchuk/TF-conformation/analysis/analyses/dna_relax/pycurves/ets1/relaxed_state_098
ets1	relaxed	099	/project2/rohs_102/shewchuk/TF-conformation/output/stage3_min_dnarelax/ets1/1k79_state_099.pdb	/project2/rohs_102/shewchuk/TF-conformation/analysis/analyses/dna_relax/pycurves/ets1/relaxed_state_099
ets1	relaxed	100	/project2/rohs_102/shewchuk/TF-conformation/output/stage3_min_dnarelax/ets1/1k79_state_100.pdb	/project2/rohs_102/shewchuk/TF-conformation/analysis/analyses/dna_relax/pycurves/ets1/relaxed_state_100
foxa	crystal	crystal	/project2/rohs_102/shewchuk/TF-conformation/structures/source_chains/1vtn_chains/1vtn_dna.pdb	/project2/rohs_102/shewchuk/TF-conformation/analysis/analyses/dna_relax/pycurves/foxa/crystal
foxa	frozen	001	/project2/rohs_102/shewchuk/TF-conformation/output/stage3_min/foxa/1vtn_state_001.pdb	/project2/rohs_102/shewchuk/TF-conformation/analysis/analyses/dna_relax/pycurves/foxa/frozen_state_001
foxa	frozen	002	/project2/rohs_102/shewchuk/TF-conformation/output/stage3_min/foxa/1vtn_state_002.pdb	/project2/rohs_102/shewchuk/TF-conformation/analysis/analyses/dna_relax/pycurves/foxa/frozen_state_002
foxa	frozen	003	/project2/rohs_102/shewchuk/TF-conformation/output/stage3_min/foxa/1vtn_state_003.pdb	/project2/rohs_102/shewchuk/TF-conformation/analysis/analyses/dna_relax/pycurves/foxa/frozen_state_003
foxa	frozen	004	/project2/rohs_102/shewchuk/TF-conformation/output/stage3_min/foxa/1vtn_state_004.pdb	/project2/rohs_102/shewchuk/TF-conformation/analysis/analyses/dna_relax/pycurves/foxa/frozen_state_004
foxa	frozen	005	/project2/rohs_102/shewchuk/TF-conformation/output/stage3_min/foxa/1vtn_state_005.pdb	/project2/rohs_102/shewchuk/TF-conformation/analysis/analyses/dna_relax/pycurves/foxa/frozen_state_005
foxa	frozen	006	/project2/rohs_102/shewchuk/TF-conformation/output/stage3_min/foxa/1vtn_state_006.pdb	/project2/rohs_102/shewchuk/TF-conformation/analysis/analyses/dna_relax/pycurves/foxa/frozen_state_006
foxa	frozen	007	/project2/rohs_102/shewchuk/TF-conformation/output/stage3_min/foxa/1vtn_state_007.pdb	/project2/rohs_102/shewchuk/TF-conformation/analysis/analyses/dna_relax/pycurves/foxa/frozen_state_007
foxa	frozen	008	/project2/rohs_102/shewchuk/TF-conformation/output/stage3_min/foxa/1vtn_state_008.pdb	/project2/rohs_102/shewchuk/TF-conformation/analysis/analyses/dna_relax/pycurves/foxa/frozen_state_008
foxa	frozen	009	/project2/rohs_102/shewchuk/TF-conformation/output/stage3_min/foxa/1vtn_state_009.pdb	/project2/rohs_102/shewchuk/TF-conformation/analysis/analyses/dna_relax/pycurves/foxa/frozen_state_009
foxa	frozen	010	/project2/rohs_102/shewchuk/TF-conformation/output/stage3_min/foxa/1vtn_state_010.pdb	/project2/rohs_102/shewchuk/TF-conformation/analysis/analyses/dna_relax/pycurves/foxa/frozen_state_010
foxa	frozen	011	/project2/rohs_102/shewchuk/TF-conformation/output/stage3_min/foxa/1vtn_state_011.pdb	/project2/rohs_102/shewchuk/TF-conformation/analysis/analyses/dna_relax/pycurves/foxa/frozen_state_011
foxa	frozen	012	/project2/rohs_102/shewchuk/TF-conformation/output/stage3_min/foxa/1vtn_state_012.pdb	/project2/rohs_102/shewchuk/TF-conformation/analysis/analyses/dna_relax/pycurves/foxa/frozen_state_012
foxa	frozen	013	/project2/rohs_102/shewchuk/TF-conformation/output/stage3_min/foxa/1vtn_state_013.pdb	/project2/rohs_102/shewchuk/TF-conformation/analysis/analyses/dna_relax/pycurves/foxa/frozen_state_013
foxa	frozen	014	/project2/rohs_102/shewchuk/TF-conformation/output/stage3_min/foxa/1vtn_state_014.pdb	/project2/rohs_102/shewchuk/TF-conformation/analysis/analyses/dna_relax/pycurves/foxa/frozen_state_014
foxa	frozen	015	/project2/rohs_102/shewchuk/TF-conformation/output/stage3_min/foxa/1vtn_state_015.pdb	/project2/rohs_102/shewchuk/TF-conformation/analysis/analyses/dna_relax/pycurves/foxa/frozen_state_015
foxa	frozen	016	/project2/rohs_102/shewchuk/TF-conformation/output/stage3_min/foxa/1vtn_state_016.pdb	/project2/rohs_102/shewchuk/TF-conformation/analysis/analyses/dna_relax/pycurves/foxa/frozen_state_016
foxa	frozen	017	/project2/rohs_102/shewchuk/TF-conformation/output/stage3_min/foxa/1vtn_state_017.pdb	/project2/rohs_102/shewchuk/TF-conformation/analysis/analyses/dna_relax/pycurves/foxa/frozen_state_017
foxa	frozen	018	/project2/rohs_102/shewchuk/TF-conformation/output/stage3_min/foxa/1vtn_state_018.pdb	/project2/rohs_102/shewchuk/TF-conformation/analysis/analyses/dna_relax/pycurves/foxa/frozen_state_018
foxa	frozen	019	/project2/rohs_102/shewchuk/TF-conformation/output/stage3_min/foxa/1vtn_state_019.pdb	/project2/rohs_102/shewchuk/TF-conformation/analysis/analyses/dna_relax/pycurves/foxa/frozen_state_019
foxa	frozen	020	/project2/rohs_102/shewchuk/TF-conformation/output/stage3_min/foxa/1vtn_state_020.pdb	/project2/rohs_102/shewchuk/TF-conformation/analysis/analyses/dna_relax/pycurves/foxa/frozen_state_020
foxa	frozen	021	/project2/rohs_102/shewchuk/TF-conformation/output/stage3_min/foxa/1vtn_state_021.pdb	/project2/rohs_102/shewchuk/TF-conformation/analysis/analyses/dna_relax/pycurves/foxa/frozen_state_021
foxa	frozen	022	/project2/rohs_102/shewchuk/TF-conformation/output/stage3_min/foxa/1vtn_state_022.pdb	/project2/rohs_102/shewchuk/TF-conformation/analysis/analyses/dna_relax/pycurves/foxa/frozen_state_022
foxa	frozen	023	/project2/rohs_102/shewchuk/TF-conformation/output/stage3_min/foxa/1vtn_state_023.pdb	/project2/rohs_102/shewchuk/TF-conformation/analysis/analyses/dna_relax/pycurves/foxa/frozen_state_023
foxa	frozen	024	/project2/rohs_102/shewchuk/TF-conformation/output/stage3_min/foxa/1vtn_state_024.pdb	/project2/rohs_102/shewchuk/TF-conformation/analysis/analyses/dna_relax/pycurves/foxa/frozen_state_024
foxa	frozen	025	/project2/rohs_102/shewchuk/TF-conformation/output/stage3_min/foxa/1vtn_state_025.pdb	/project2/rohs_102/shewchuk/TF-conformation/analysis/analyses/dna_relax/pycurves/foxa/frozen_state_025
foxa	frozen	026	/project2/rohs_102/shewchuk/TF-conformation/output/stage3_min/foxa/1vtn_state_026.pdb	/project2/rohs_102/shewchuk/TF-conformation/analysis/analyses/dna_relax/pycurves/foxa/frozen_state_026
foxa	frozen	027	/project2/rohs_102/shewchuk/TF-conformation/output/stage3_min/foxa/1vtn_state_027.pdb	/project2/rohs_102/shewchuk/TF-conformation/analysis/analyses/dna_relax/pycurves/foxa/frozen_state_027
foxa	frozen	028	/project2/rohs_102/shewchuk/TF-conformation/output/stage3_min/foxa/1vtn_state_028.pdb	/project2/rohs_102/shewchuk/TF-conformation/analysis/analyses/dna_relax/pycurves/foxa/frozen_state_028
foxa	frozen	029	/project2/rohs_102/shewchuk/TF-conformation/output/stage3_min/foxa/1vtn_state_029.pdb	/project2/rohs_102/shewchuk/TF-conformation/analysis/analyses/dna_relax/pycurves/foxa/frozen_state_029
foxa	frozen	030	/project2/rohs_102/shewchuk/TF-conformation/output/stage3_min/foxa/1vtn_state_030.pdb	/project2/rohs_102/shewchuk/TF-conformation/analysis/analyses/dna_relax/pycurves/foxa/frozen_state_030
foxa	frozen	031	/project2/rohs_102/shewchuk/TF-conformation/output/stage3_min/foxa/1vtn_state_031.pdb	/project2/rohs_102/shewchuk/TF-conformation/analysis/analyses/dna_relax/pycurves/foxa/frozen_state_031
foxa	frozen	032	/project2/rohs_102/shewchuk/TF-conformation/output/stage3_min/foxa/1vtn_state_032.pdb	/project2/rohs_102/shewchuk/TF-conformation/analysis/analyses/dna_relax/pycurves/foxa/frozen_state_032
foxa	frozen	033	/project2/rohs_102/shewchuk/TF-conformation/output/stage3_min/foxa/1vtn_state_033.pdb	/project2/rohs_102/shewchuk/TF-conformation/analysis/analyses/dna_relax/pycurves/foxa/frozen_state_033
foxa	frozen	034	/project2/rohs_102/shewchuk/TF-conformation/output/stage3_min/foxa/1vtn_state_034.pdb	/project2/rohs_102/shewchuk/TF-conformation/analysis/analyses/dna_relax/pycurves/foxa/frozen_state_034
foxa	frozen	035	/project2/rohs_102/shewchuk/TF-conformation/output/stage3_min/foxa/1vtn_state_035.pdb	/project2/rohs_102/shewchuk/TF-conformation/analysis/analyses/dna_relax/pycurves/foxa/frozen_state_035
foxa	frozen	036	/project2/rohs_102/shewchuk/TF-conformation/output/stage3_min/foxa/1vtn_state_036.pdb	/project2/rohs_102/shewchuk/TF-conformation/analysis/analyses/dna_relax/pycurves/foxa/frozen_state_036
foxa	frozen	037	/project2/rohs_102/shewchuk/TF-conformation/output/stage3_min/foxa/1vtn_state_037.pdb	/project2/rohs_102/shewchuk/TF-conformation/analysis/analyses/dna_relax/pycurves/foxa/frozen_state_037
foxa	frozen	038	/project2/rohs_102/shewchuk/TF-conformation/output/stage3_min/foxa/1vtn_state_038.pdb	/project2/rohs_102/shewchuk/TF-conformation/analysis/analyses/dna_relax/pycurves/foxa/frozen_state_038
foxa	frozen	039	/project2/rohs_102/shewchuk/TF-conformation/output/stage3_min/foxa/1vtn_state_039.pdb	/project2/rohs_102/shewchuk/TF-conformation/analysis/analyses/dna_relax/pycurves/foxa/frozen_state_039
foxa	frozen	040	/project2/rohs_102/shewchuk/TF-conformation/output/stage3_min/foxa/1vtn_state_040.pdb	/project2/rohs_102/shewchuk/TF-conformation/analysis/analyses/dna_relax/pycurves/foxa/frozen_state_040
foxa	frozen	041	/project2/rohs_102/shewchuk/TF-conformation/output/stage3_min/foxa/1vtn_state_041.pdb	/project2/rohs_102/shewchuk/TF-conformation/analysis/analyses/dna_relax/pycurves/foxa/frozen_state_041
foxa	frozen	042	/project2/rohs_102/shewchuk/TF-conformation/output/stage3_min/foxa/1vtn_state_042.pdb	/project2/rohs_102/shewchuk/TF-conformation/analysis/analyses/dna_relax/pycurves/foxa/frozen_state_042
foxa	frozen	043	/project2/rohs_102/shewchuk/TF-conformation/output/stage3_min/foxa/1vtn_state_043.pdb	/project2/rohs_102/shewchuk/TF-conformation/analysis/analyses/dna_relax/pycurves/foxa/frozen_state_043
foxa	frozen	044	/project2/rohs_102/shewchuk/TF-conformation/output/stage3_min/foxa/1vtn_state_044.pdb	/project2/rohs_102/shewchuk/TF-conformation/analysis/analyses/dna_relax/pycurves/foxa/frozen_state_044
foxa	frozen	045	/project2/rohs_102/shewchuk/TF-conformation/output/stage3_min/foxa/1vtn_state_045.pdb	/project2/rohs_102/shewchuk/TF-conformation/analysis/analyses/dna_relax/pycurves/foxa/frozen_state_045
foxa	frozen	046	/project2/rohs_102/shewchuk/TF-conformation/output/stage3_min/foxa/1vtn_state_046.pdb	/project2/rohs_102/shewchuk/TF-conformation/analysis/analyses/dna_relax/pycurves/foxa/frozen_state_046
foxa	frozen	047	/project2/rohs_102/shewchuk/TF-conformation/output/stage3_min/foxa/1vtn_state_047.pdb	/project2/rohs_102/shewchuk/TF-conformation/analysis/analyses/dna_relax/pycurves/foxa/frozen_state_047
foxa	frozen	048	/project2/rohs_102/shewchuk/TF-conformation/output/stage3_min/foxa/1vtn_state_048.pdb	/project2/rohs_102/shewchuk/TF-conformation/analysis/analyses/dna_relax/pycurves/foxa/frozen_state_048
foxa	frozen	049	/project2/rohs_102/shewchuk/TF-conformation/output/stage3_min/foxa/1vtn_state_049.pdb	/project2/rohs_102/shewchuk/TF-conformation/analysis/analyses/dna_relax/pycurves/foxa/frozen_state_049
foxa	frozen	050	/project2/rohs_102/shewchuk/TF-conformation/output/stage3_min/foxa/1vtn_state_050.pdb	/project2/rohs_102/shewchuk/TF-conformation/analysis/analyses/dna_relax/pycurves/foxa/frozen_state_050
foxa	frozen	051	/project2/rohs_102/shewchuk/TF-conformation/output/stage3_min/foxa/1vtn_state_051.pdb	/project2/rohs_102/shewchuk/TF-conformation/analysis/analyses/dna_relax/pycurves/foxa/frozen_state_051
foxa	frozen	052	/project2/rohs_102/shewchuk/TF-conformation/output/stage3_min/foxa/1vtn_state_052.pdb	/project2/rohs_102/shewchuk/TF-conformation/analysis/analyses/dna_relax/pycurves/foxa/frozen_state_052
foxa	frozen	053	/project2/rohs_102/shewchuk/TF-conformation/output/stage3_min/foxa/1vtn_state_053.pdb	/project2/rohs_102/shewchuk/TF-conformation/analysis/analyses/dna_relax/pycurves/foxa/frozen_state_053
foxa	frozen	054	/project2/rohs_102/shewchuk/TF-conformation/output/stage3_min/foxa/1vtn_state_054.pdb	/project2/rohs_102/shewchuk/TF-conformation/analysis/analyses/dna_relax/pycurves/foxa/frozen_state_054
foxa	frozen	055	/project2/rohs_102/shewchuk/TF-conformation/output/stage3_min/foxa/1vtn_state_055.pdb	/project2/rohs_102/shewchuk/TF-conformation/analysis/analyses/dna_relax/pycurves/foxa/frozen_state_055
foxa	frozen	056	/project2/rohs_102/shewchuk/TF-conformation/output/stage3_min/foxa/1vtn_state_056.pdb	/project2/rohs_102/shewchuk/TF-conformation/analysis/analyses/dna_relax/pycurves/foxa/frozen_state_056
foxa	frozen	057	/project2/rohs_102/shewchuk/TF-conformation/output/stage3_min/foxa/1vtn_state_057.pdb	/project2/rohs_102/shewchuk/TF-conformation/analysis/analyses/dna_relax/pycurves/foxa/frozen_state_057
foxa	frozen	058	/project2/rohs_102/shewchuk/TF-conformation/output/stage3_min/foxa/1vtn_state_058.pdb	/project2/rohs_102/shewchuk/TF-conformation/analysis/analyses/dna_relax/pycurves/foxa/frozen_state_058
foxa	frozen	059	/project2/rohs_102/shewchuk/TF-conformation/output/stage3_min/foxa/1vtn_state_059.pdb	/project2/rohs_102/shewchuk/TF-conformation/analysis/analyses/dna_relax/pycurves/foxa/frozen_state_059
foxa	frozen	060	/project2/rohs_102/shewchuk/TF-conformation/output/stage3_min/foxa/1vtn_state_060.pdb	/project2/rohs_102/shewchuk/TF-conformation/analysis/analyses/dna_relax/pycurves/foxa/frozen_state_060
foxa	frozen	061	/project2/rohs_102/shewchuk/TF-conformation/output/stage3_min/foxa/1vtn_state_061.pdb	/project2/rohs_102/shewchuk/TF-conformation/analysis/analyses/dna_relax/pycurves/foxa/frozen_state_061
foxa	frozen	062	/project2/rohs_102/shewchuk/TF-conformation/output/stage3_min/foxa/1vtn_state_062.pdb	/project2/rohs_102/shewchuk/TF-conformation/analysis/analyses/dna_relax/pycurves/foxa/frozen_state_062
foxa	frozen	063	/project2/rohs_102/shewchuk/TF-conformation/output/stage3_min/foxa/1vtn_state_063.pdb	/project2/rohs_102/shewchuk/TF-conformation/analysis/analyses/dna_relax/pycurves/foxa/frozen_state_063
foxa	frozen	064	/project2/rohs_102/shewchuk/TF-conformation/output/stage3_min/foxa/1vtn_state_064.pdb	/project2/rohs_102/shewchuk/TF-conformation/analysis/analyses/dna_relax/pycurves/foxa/frozen_state_064
foxa	frozen	065	/project2/rohs_102/shewchuk/TF-conformation/output/stage3_min/foxa/1vtn_state_065.pdb	/project2/rohs_102/shewchuk/TF-conformation/analysis/analyses/dna_relax/pycurves/foxa/frozen_state_065
foxa	frozen	066	/project2/rohs_102/shewchuk/TF-conformation/output/stage3_min/foxa/1vtn_state_066.pdb	/project2/rohs_102/shewchuk/TF-conformation/analysis/analyses/dna_relax/pycurves/foxa/frozen_state_066
foxa	frozen	067	/project2/rohs_102/shewchuk/TF-conformation/output/stage3_min/foxa/1vtn_state_067.pdb	/project2/rohs_102/shewchuk/TF-conformation/analysis/analyses/dna_relax/pycurves/foxa/frozen_state_067
foxa	frozen	068	/project2/rohs_102/shewchuk/TF-conformation/output/stage3_min/foxa/1vtn_state_068.pdb	/project2/rohs_102/shewchuk/TF-conformation/analysis/analyses/dna_relax/pycurves/foxa/frozen_state_068
foxa	frozen	069	/project2/rohs_102/shewchuk/TF-conformation/output/stage3_min/foxa/1vtn_state_069.pdb	/project2/rohs_102/shewchuk/TF-conformation/analysis/analyses/dna_relax/pycurves/foxa/frozen_state_069
foxa	frozen	070	/project2/rohs_102/shewchuk/TF-conformation/output/stage3_min/foxa/1vtn_state_070.pdb	/project2/rohs_102/shewchuk/TF-conformation/analysis/analyses/dna_relax/pycurves/foxa/frozen_state_070
foxa	frozen	071	/project2/rohs_102/shewchuk/TF-conformation/output/stage3_min/foxa/1vtn_state_071.pdb	/project2/rohs_102/shewchuk/TF-conformation/analysis/analyses/dna_relax/pycurves/foxa/frozen_state_071
foxa	frozen	072	/project2/rohs_102/shewchuk/TF-conformation/output/stage3_min/foxa/1vtn_state_072.pdb	/project2/rohs_102/shewchuk/TF-conformation/analysis/analyses/dna_relax/pycurves/foxa/frozen_state_072
foxa	frozen	073	/project2/rohs_102/shewchuk/TF-conformation/output/stage3_min/foxa/1vtn_state_073.pdb	/project2/rohs_102/shewchuk/TF-conformation/analysis/analyses/dna_relax/pycurves/foxa/frozen_state_073
foxa	frozen	075	/project2/rohs_102/shewchuk/TF-conformation/output/stage3_min/foxa/1vtn_state_075.pdb	/project2/rohs_102/shewchuk/TF-conformation/analysis/analyses/dna_relax/pycurves/foxa/frozen_state_075
foxa	frozen	076	/project2/rohs_102/shewchuk/TF-conformation/output/stage3_min/foxa/1vtn_state_076.pdb	/project2/rohs_102/shewchuk/TF-conformation/analysis/analyses/dna_relax/pycurves/foxa/frozen_state_076
foxa	frozen	077	/project2/rohs_102/shewchuk/TF-conformation/output/stage3_min/foxa/1vtn_state_077.pdb	/project2/rohs_102/shewchuk/TF-conformation/analysis/analyses/dna_relax/pycurves/foxa/frozen_state_077
foxa	frozen	078	/project2/rohs_102/shewchuk/TF-conformation/output/stage3_min/foxa/1vtn_state_078.pdb	/project2/rohs_102/shewchuk/TF-conformation/analysis/analyses/dna_relax/pycurves/foxa/frozen_state_078
foxa	frozen	079	/project2/rohs_102/shewchuk/TF-conformation/output/stage3_min/foxa/1vtn_state_079.pdb	/project2/rohs_102/shewchuk/TF-conformation/analysis/analyses/dna_relax/pycurves/foxa/frozen_state_079
foxa	frozen	080	/project2/rohs_102/shewchuk/TF-conformation/output/stage3_min/foxa/1vtn_state_080.pdb	/project2/rohs_102/shewchuk/TF-conformation/analysis/analyses/dna_relax/pycurves/foxa/frozen_state_080
foxa	frozen	081	/project2/rohs_102/shewchuk/TF-conformation/output/stage3_min/foxa/1vtn_state_081.pdb	/project2/rohs_102/shewchuk/TF-conformation/analysis/analyses/dna_relax/pycurves/foxa/frozen_state_081
foxa	frozen	082	/project2/rohs_102/shewchuk/TF-conformation/output/stage3_min/foxa/1vtn_state_082.pdb	/project2/rohs_102/shewchuk/TF-conformation/analysis/analyses/dna_relax/pycurves/foxa/frozen_state_082
foxa	frozen	083	/project2/rohs_102/shewchuk/TF-conformation/output/stage3_min/foxa/1vtn_state_083.pdb	/project2/rohs_102/shewchuk/TF-conformation/analysis/analyses/dna_relax/pycurves/foxa/frozen_state_083
foxa	frozen	084	/project2/rohs_102/shewchuk/TF-conformation/output/stage3_min/foxa/1vtn_state_084.pdb	/project2/rohs_102/shewchuk/TF-conformation/analysis/analyses/dna_relax/pycurves/foxa/frozen_state_084
foxa	frozen	085	/project2/rohs_102/shewchuk/TF-conformation/output/stage3_min/foxa/1vtn_state_085.pdb	/project2/rohs_102/shewchuk/TF-conformation/analysis/analyses/dna_relax/pycurves/foxa/frozen_state_085
foxa	frozen	086	/project2/rohs_102/shewchuk/TF-conformation/output/stage3_min/foxa/1vtn_state_086.pdb	/project2/rohs_102/shewchuk/TF-conformation/analysis/analyses/dna_relax/pycurves/foxa/frozen_state_086
foxa	frozen	087	/project2/rohs_102/shewchuk/TF-conformation/output/stage3_min/foxa/1vtn_state_087.pdb	/project2/rohs_102/shewchuk/TF-conformation/analysis/analyses/dna_relax/pycurves/foxa/frozen_state_087
foxa	frozen	088	/project2/rohs_102/shewchuk/TF-conformation/output/stage3_min/foxa/1vtn_state_088.pdb	/project2/rohs_102/shewchuk/TF-conformation/analysis/analyses/dna_relax/pycurves/foxa/frozen_state_088
foxa	frozen	089	/project2/rohs_102/shewchuk/TF-conformation/output/stage3_min/foxa/1vtn_state_089.pdb	/project2/rohs_102/shewchuk/TF-conformation/analysis/analyses/dna_relax/pycurves/foxa/frozen_state_089
foxa	frozen	090	/project2/rohs_102/shewchuk/TF-conformation/output/stage3_min/foxa/1vtn_state_090.pdb	/project2/rohs_102/shewchuk/TF-conformation/analysis/analyses/dna_relax/pycurves/foxa/frozen_state_090
foxa	frozen	091	/project2/rohs_102/shewchuk/TF-conformation/output/stage3_min/foxa/1vtn_state_091.pdb	/project2/rohs_102/shewchuk/TF-conformation/analysis/analyses/dna_relax/pycurves/foxa/frozen_state_091
foxa	frozen	092	/project2/rohs_102/shewchuk/TF-conformation/output/stage3_min/foxa/1vtn_state_092.pdb	/project2/rohs_102/shewchuk/TF-conformation/analysis/analyses/dna_relax/pycurves/foxa/frozen_state_092
foxa	relaxed	001	/project2/rohs_102/shewchuk/TF-conformation/output/stage3_min_dnarelax/foxa/1vtn_state_001.pdb	/project2/rohs_102/shewchuk/TF-conformation/analysis/analyses/dna_relax/pycurves/foxa/relaxed_state_001
foxa	relaxed	002	/project2/rohs_102/shewchuk/TF-conformation/output/stage3_min_dnarelax/foxa/1vtn_state_002.pdb	/project2/rohs_102/shewchuk/TF-conformation/analysis/analyses/dna_relax/pycurves/foxa/relaxed_state_002
foxa	relaxed	003	/project2/rohs_102/shewchuk/TF-conformation/output/stage3_min_dnarelax/foxa/1vtn_state_003.pdb	/project2/rohs_102/shewchuk/TF-conformation/analysis/analyses/dna_relax/pycurves/foxa/relaxed_state_003
foxa	relaxed	004	/project2/rohs_102/shewchuk/TF-conformation/output/stage3_min_dnarelax/foxa/1vtn_state_004.pdb	/project2/rohs_102/shewchuk/TF-conformation/analysis/analyses/dna_relax/pycurves/foxa/relaxed_state_004
foxa	relaxed	005	/project2/rohs_102/shewchuk/TF-conformation/output/stage3_min_dnarelax/foxa/1vtn_state_005.pdb	/project2/rohs_102/shewchuk/TF-conformation/analysis/analyses/dna_relax/pycurves/foxa/relaxed_state_005
foxa	relaxed	006	/project2/rohs_102/shewchuk/TF-conformation/output/stage3_min_dnarelax/foxa/1vtn_state_006.pdb	/project2/rohs_102/shewchuk/TF-conformation/analysis/analyses/dna_relax/pycurves/foxa/relaxed_state_006
foxa	relaxed	007	/project2/rohs_102/shewchuk/TF-conformation/output/stage3_min_dnarelax/foxa/1vtn_state_007.pdb	/project2/rohs_102/shewchuk/TF-conformation/analysis/analyses/dna_relax/pycurves/foxa/relaxed_state_007
foxa	relaxed	008	/project2/rohs_102/shewchuk/TF-conformation/output/stage3_min_dnarelax/foxa/1vtn_state_008.pdb	/project2/rohs_102/shewchuk/TF-conformation/analysis/analyses/dna_relax/pycurves/foxa/relaxed_state_008
foxa	relaxed	009	/project2/rohs_102/shewchuk/TF-conformation/output/stage3_min_dnarelax/foxa/1vtn_state_009.pdb	/project2/rohs_102/shewchuk/TF-conformation/analysis/analyses/dna_relax/pycurves/foxa/relaxed_state_009
foxa	relaxed	010	/project2/rohs_102/shewchuk/TF-conformation/output/stage3_min_dnarelax/foxa/1vtn_state_010.pdb	/project2/rohs_102/shewchuk/TF-conformation/analysis/analyses/dna_relax/pycurves/foxa/relaxed_state_010
foxa	relaxed	011	/project2/rohs_102/shewchuk/TF-conformation/output/stage3_min_dnarelax/foxa/1vtn_state_011.pdb	/project2/rohs_102/shewchuk/TF-conformation/analysis/analyses/dna_relax/pycurves/foxa/relaxed_state_011
foxa	relaxed	012	/project2/rohs_102/shewchuk/TF-conformation/output/stage3_min_dnarelax/foxa/1vtn_state_012.pdb	/project2/rohs_102/shewchuk/TF-conformation/analysis/analyses/dna_relax/pycurves/foxa/relaxed_state_012
foxa	relaxed	013	/project2/rohs_102/shewchuk/TF-conformation/output/stage3_min_dnarelax/foxa/1vtn_state_013.pdb	/project2/rohs_102/shewchuk/TF-conformation/analysis/analyses/dna_relax/pycurves/foxa/relaxed_state_013
foxa	relaxed	014	/project2/rohs_102/shewchuk/TF-conformation/output/stage3_min_dnarelax/foxa/1vtn_state_014.pdb	/project2/rohs_102/shewchuk/TF-conformation/analysis/analyses/dna_relax/pycurves/foxa/relaxed_state_014
foxa	relaxed	015	/project2/rohs_102/shewchuk/TF-conformation/output/stage3_min_dnarelax/foxa/1vtn_state_015.pdb	/project2/rohs_102/shewchuk/TF-conformation/analysis/analyses/dna_relax/pycurves/foxa/relaxed_state_015
foxa	relaxed	017	/project2/rohs_102/shewchuk/TF-conformation/output/stage3_min_dnarelax/foxa/1vtn_state_017.pdb	/project2/rohs_102/shewchuk/TF-conformation/analysis/analyses/dna_relax/pycurves/foxa/relaxed_state_017
foxa	relaxed	018	/project2/rohs_102/shewchuk/TF-conformation/output/stage3_min_dnarelax/foxa/1vtn_state_018.pdb	/project2/rohs_102/shewchuk/TF-conformation/analysis/analyses/dna_relax/pycurves/foxa/relaxed_state_018
foxa	relaxed	019	/project2/rohs_102/shewchuk/TF-conformation/output/stage3_min_dnarelax/foxa/1vtn_state_019.pdb	/project2/rohs_102/shewchuk/TF-conformation/analysis/analyses/dna_relax/pycurves/foxa/relaxed_state_019
foxa	relaxed	020	/project2/rohs_102/shewchuk/TF-conformation/output/stage3_min_dnarelax/foxa/1vtn_state_020.pdb	/project2/rohs_102/shewchuk/TF-conformation/analysis/analyses/dna_relax/pycurves/foxa/relaxed_state_020
foxa	relaxed	021	/project2/rohs_102/shewchuk/TF-conformation/output/stage3_min_dnarelax/foxa/1vtn_state_021.pdb	/project2/rohs_102/shewchuk/TF-conformation/analysis/analyses/dna_relax/pycurves/foxa/relaxed_state_021
foxa	relaxed	022	/project2/rohs_102/shewchuk/TF-conformation/output/stage3_min_dnarelax/foxa/1vtn_state_022.pdb	/project2/rohs_102/shewchuk/TF-conformation/analysis/analyses/dna_relax/pycurves/foxa/relaxed_state_022
foxa	relaxed	023	/project2/rohs_102/shewchuk/TF-conformation/output/stage3_min_dnarelax/foxa/1vtn_state_023.pdb	/project2/rohs_102/shewchuk/TF-conformation/analysis/analyses/dna_relax/pycurves/foxa/relaxed_state_023
foxa	relaxed	024	/project2/rohs_102/shewchuk/TF-conformation/output/stage3_min_dnarelax/foxa/1vtn_state_024.pdb	/project2/rohs_102/shewchuk/TF-conformation/analysis/analyses/dna_relax/pycurves/foxa/relaxed_state_024
foxa	relaxed	025	/project2/rohs_102/shewchuk/TF-conformation/output/stage3_min_dnarelax/foxa/1vtn_state_025.pdb	/project2/rohs_102/shewchuk/TF-conformation/analysis/analyses/dna_relax/pycurves/foxa/relaxed_state_025
foxa	relaxed	026	/project2/rohs_102/shewchuk/TF-conformation/output/stage3_min_dnarelax/foxa/1vtn_state_026.pdb	/project2/rohs_102/shewchuk/TF-conformation/analysis/analyses/dna_relax/pycurves/foxa/relaxed_state_026
foxa	relaxed	027	/project2/rohs_102/shewchuk/TF-conformation/output/stage3_min_dnarelax/foxa/1vtn_state_027.pdb	/project2/rohs_102/shewchuk/TF-conformation/analysis/analyses/dna_relax/pycurves/foxa/relaxed_state_027
foxa	relaxed	028	/project2/rohs_102/shewchuk/TF-conformation/output/stage3_min_dnarelax/foxa/1vtn_state_028.pdb	/project2/rohs_102/shewchuk/TF-conformation/analysis/analyses/dna_relax/pycurves/foxa/relaxed_state_028
foxa	relaxed	029	/project2/rohs_102/shewchuk/TF-conformation/output/stage3_min_dnarelax/foxa/1vtn_state_029.pdb	/project2/rohs_102/shewchuk/TF-conformation/analysis/analyses/dna_relax/pycurves/foxa/relaxed_state_029
foxa	relaxed	030	/project2/rohs_102/shewchuk/TF-conformation/output/stage3_min_dnarelax/foxa/1vtn_state_030.pdb	/project2/rohs_102/shewchuk/TF-conformation/analysis/analyses/dna_relax/pycurves/foxa/relaxed_state_030
foxa	relaxed	031	/project2/rohs_102/shewchuk/TF-conformation/output/stage3_min_dnarelax/foxa/1vtn_state_031.pdb	/project2/rohs_102/shewchuk/TF-conformation/analysis/analyses/dna_relax/pycurves/foxa/relaxed_state_031
foxa	relaxed	032	/project2/rohs_102/shewchuk/TF-conformation/output/stage3_min_dnarelax/foxa/1vtn_state_032.pdb	/project2/rohs_102/shewchuk/TF-conformation/analysis/analyses/dna_relax/pycurves/foxa/relaxed_state_032
foxa	relaxed	033	/project2/rohs_102/shewchuk/TF-conformation/output/stage3_min_dnarelax/foxa/1vtn_state_033.pdb	/project2/rohs_102/shewchuk/TF-conformation/analysis/analyses/dna_relax/pycurves/foxa/relaxed_state_033
foxa	relaxed	034	/project2/rohs_102/shewchuk/TF-conformation/output/stage3_min_dnarelax/foxa/1vtn_state_034.pdb	/project2/rohs_102/shewchuk/TF-conformation/analysis/analyses/dna_relax/pycurves/foxa/relaxed_state_034
foxa	relaxed	035	/project2/rohs_102/shewchuk/TF-conformation/output/stage3_min_dnarelax/foxa/1vtn_state_035.pdb	/project2/rohs_102/shewchuk/TF-conformation/analysis/analyses/dna_relax/pycurves/foxa/relaxed_state_035
foxa	relaxed	036	/project2/rohs_102/shewchuk/TF-conformation/output/stage3_min_dnarelax/foxa/1vtn_state_036.pdb	/project2/rohs_102/shewchuk/TF-conformation/analysis/analyses/dna_relax/pycurves/foxa/relaxed_state_036
foxa	relaxed	037	/project2/rohs_102/shewchuk/TF-conformation/output/stage3_min_dnarelax/foxa/1vtn_state_037.pdb	/project2/rohs_102/shewchuk/TF-conformation/analysis/analyses/dna_relax/pycurves/foxa/relaxed_state_037
foxa	relaxed	038	/project2/rohs_102/shewchuk/TF-conformation/output/stage3_min_dnarelax/foxa/1vtn_state_038.pdb	/project2/rohs_102/shewchuk/TF-conformation/analysis/analyses/dna_relax/pycurves/foxa/relaxed_state_038
foxa	relaxed	039	/project2/rohs_102/shewchuk/TF-conformation/output/stage3_min_dnarelax/foxa/1vtn_state_039.pdb	/project2/rohs_102/shewchuk/TF-conformation/analysis/analyses/dna_relax/pycurves/foxa/relaxed_state_039
foxa	relaxed	040	/project2/rohs_102/shewchuk/TF-conformation/output/stage3_min_dnarelax/foxa/1vtn_state_040.pdb	/project2/rohs_102/shewchuk/TF-conformation/analysis/analyses/dna_relax/pycurves/foxa/relaxed_state_040
foxa	relaxed	041	/project2/rohs_102/shewchuk/TF-conformation/output/stage3_min_dnarelax/foxa/1vtn_state_041.pdb	/project2/rohs_102/shewchuk/TF-conformation/analysis/analyses/dna_relax/pycurves/foxa/relaxed_state_041
foxa	relaxed	042	/project2/rohs_102/shewchuk/TF-conformation/output/stage3_min_dnarelax/foxa/1vtn_state_042.pdb	/project2/rohs_102/shewchuk/TF-conformation/analysis/analyses/dna_relax/pycurves/foxa/relaxed_state_042
foxa	relaxed	043	/project2/rohs_102/shewchuk/TF-conformation/output/stage3_min_dnarelax/foxa/1vtn_state_043.pdb	/project2/rohs_102/shewchuk/TF-conformation/analysis/analyses/dna_relax/pycurves/foxa/relaxed_state_043
foxa	relaxed	044	/project2/rohs_102/shewchuk/TF-conformation/output/stage3_min_dnarelax/foxa/1vtn_state_044.pdb	/project2/rohs_102/shewchuk/TF-conformation/analysis/analyses/dna_relax/pycurves/foxa/relaxed_state_044
foxa	relaxed	045	/project2/rohs_102/shewchuk/TF-conformation/output/stage3_min_dnarelax/foxa/1vtn_state_045.pdb	/project2/rohs_102/shewchuk/TF-conformation/analysis/analyses/dna_relax/pycurves/foxa/relaxed_state_045
foxa	relaxed	046	/project2/rohs_102/shewchuk/TF-conformation/output/stage3_min_dnarelax/foxa/1vtn_state_046.pdb	/project2/rohs_102/shewchuk/TF-conformation/analysis/analyses/dna_relax/pycurves/foxa/relaxed_state_046
foxa	relaxed	047	/project2/rohs_102/shewchuk/TF-conformation/output/stage3_min_dnarelax/foxa/1vtn_state_047.pdb	/project2/rohs_102/shewchuk/TF-conformation/analysis/analyses/dna_relax/pycurves/foxa/relaxed_state_047
foxa	relaxed	048	/project2/rohs_102/shewchuk/TF-conformation/output/stage3_min_dnarelax/foxa/1vtn_state_048.pdb	/project2/rohs_102/shewchuk/TF-conformation/analysis/analyses/dna_relax/pycurves/foxa/relaxed_state_048
foxa	relaxed	049	/project2/rohs_102/shewchuk/TF-conformation/output/stage3_min_dnarelax/foxa/1vtn_state_049.pdb	/project2/rohs_102/shewchuk/TF-conformation/analysis/analyses/dna_relax/pycurves/foxa/relaxed_state_049
foxa	relaxed	050	/project2/rohs_102/shewchuk/TF-conformation/output/stage3_min_dnarelax/foxa/1vtn_state_050.pdb	/project2/rohs_102/shewchuk/TF-conformation/analysis/analyses/dna_relax/pycurves/foxa/relaxed_state_050
foxa	relaxed	051	/project2/rohs_102/shewchuk/TF-conformation/output/stage3_min_dnarelax/foxa/1vtn_state_051.pdb	/project2/rohs_102/shewchuk/TF-conformation/analysis/analyses/dna_relax/pycurves/foxa/relaxed_state_051
foxa	relaxed	052	/project2/rohs_102/shewchuk/TF-conformation/output/stage3_min_dnarelax/foxa/1vtn_state_052.pdb	/project2/rohs_102/shewchuk/TF-conformation/analysis/analyses/dna_relax/pycurves/foxa/relaxed_state_052
foxa	relaxed	053	/project2/rohs_102/shewchuk/TF-conformation/output/stage3_min_dnarelax/foxa/1vtn_state_053.pdb	/project2/rohs_102/shewchuk/TF-conformation/analysis/analyses/dna_relax/pycurves/foxa/relaxed_state_053
foxa	relaxed	054	/project2/rohs_102/shewchuk/TF-conformation/output/stage3_min_dnarelax/foxa/1vtn_state_054.pdb	/project2/rohs_102/shewchuk/TF-conformation/analysis/analyses/dna_relax/pycurves/foxa/relaxed_state_054
foxa	relaxed	055	/project2/rohs_102/shewchuk/TF-conformation/output/stage3_min_dnarelax/foxa/1vtn_state_055.pdb	/project2/rohs_102/shewchuk/TF-conformation/analysis/analyses/dna_relax/pycurves/foxa/relaxed_state_055
foxa	relaxed	056	/project2/rohs_102/shewchuk/TF-conformation/output/stage3_min_dnarelax/foxa/1vtn_state_056.pdb	/project2/rohs_102/shewchuk/TF-conformation/analysis/analyses/dna_relax/pycurves/foxa/relaxed_state_056
foxa	relaxed	057	/project2/rohs_102/shewchuk/TF-conformation/output/stage3_min_dnarelax/foxa/1vtn_state_057.pdb	/project2/rohs_102/shewchuk/TF-conformation/analysis/analyses/dna_relax/pycurves/foxa/relaxed_state_057
foxa	relaxed	058	/project2/rohs_102/shewchuk/TF-conformation/output/stage3_min_dnarelax/foxa/1vtn_state_058.pdb	/project2/rohs_102/shewchuk/TF-conformation/analysis/analyses/dna_relax/pycurves/foxa/relaxed_state_058
foxa	relaxed	059	/project2/rohs_102/shewchuk/TF-conformation/output/stage3_min_dnarelax/foxa/1vtn_state_059.pdb	/project2/rohs_102/shewchuk/TF-conformation/analysis/analyses/dna_relax/pycurves/foxa/relaxed_state_059
foxa	relaxed	060	/project2/rohs_102/shewchuk/TF-conformation/output/stage3_min_dnarelax/foxa/1vtn_state_060.pdb	/project2/rohs_102/shewchuk/TF-conformation/analysis/analyses/dna_relax/pycurves/foxa/relaxed_state_060
foxa	relaxed	061	/project2/rohs_102/shewchuk/TF-conformation/output/stage3_min_dnarelax/foxa/1vtn_state_061.pdb	/project2/rohs_102/shewchuk/TF-conformation/analysis/analyses/dna_relax/pycurves/foxa/relaxed_state_061
foxa	relaxed	062	/project2/rohs_102/shewchuk/TF-conformation/output/stage3_min_dnarelax/foxa/1vtn_state_062.pdb	/project2/rohs_102/shewchuk/TF-conformation/analysis/analyses/dna_relax/pycurves/foxa/relaxed_state_062
foxa	relaxed	063	/project2/rohs_102/shewchuk/TF-conformation/output/stage3_min_dnarelax/foxa/1vtn_state_063.pdb	/project2/rohs_102/shewchuk/TF-conformation/analysis/analyses/dna_relax/pycurves/foxa/relaxed_state_063
foxa	relaxed	064	/project2/rohs_102/shewchuk/TF-conformation/output/stage3_min_dnarelax/foxa/1vtn_state_064.pdb	/project2/rohs_102/shewchuk/TF-conformation/analysis/analyses/dna_relax/pycurves/foxa/relaxed_state_064
foxa	relaxed	065	/project2/rohs_102/shewchuk/TF-conformation/output/stage3_min_dnarelax/foxa/1vtn_state_065.pdb	/project2/rohs_102/shewchuk/TF-conformation/analysis/analyses/dna_relax/pycurves/foxa/relaxed_state_065
foxa	relaxed	066	/project2/rohs_102/shewchuk/TF-conformation/output/stage3_min_dnarelax/foxa/1vtn_state_066.pdb	/project2/rohs_102/shewchuk/TF-conformation/analysis/analyses/dna_relax/pycurves/foxa/relaxed_state_066
foxa	relaxed	067	/project2/rohs_102/shewchuk/TF-conformation/output/stage3_min_dnarelax/foxa/1vtn_state_067.pdb	/project2/rohs_102/shewchuk/TF-conformation/analysis/analyses/dna_relax/pycurves/foxa/relaxed_state_067
foxa	relaxed	068	/project2/rohs_102/shewchuk/TF-conformation/output/stage3_min_dnarelax/foxa/1vtn_state_068.pdb	/project2/rohs_102/shewchuk/TF-conformation/analysis/analyses/dna_relax/pycurves/foxa/relaxed_state_068
foxa	relaxed	069	/project2/rohs_102/shewchuk/TF-conformation/output/stage3_min_dnarelax/foxa/1vtn_state_069.pdb	/project2/rohs_102/shewchuk/TF-conformation/analysis/analyses/dna_relax/pycurves/foxa/relaxed_state_069
foxa	relaxed	071	/project2/rohs_102/shewchuk/TF-conformation/output/stage3_min_dnarelax/foxa/1vtn_state_071.pdb	/project2/rohs_102/shewchuk/TF-conformation/analysis/analyses/dna_relax/pycurves/foxa/relaxed_state_071
foxa	relaxed	072	/project2/rohs_102/shewchuk/TF-conformation/output/stage3_min_dnarelax/foxa/1vtn_state_072.pdb	/project2/rohs_102/shewchuk/TF-conformation/analysis/analyses/dna_relax/pycurves/foxa/relaxed_state_072
foxa	relaxed	073	/project2/rohs_102/shewchuk/TF-conformation/output/stage3_min_dnarelax/foxa/1vtn_state_073.pdb	/project2/rohs_102/shewchuk/TF-conformation/analysis/analyses/dna_relax/pycurves/foxa/relaxed_state_073
foxa	relaxed	074	/project2/rohs_102/shewchuk/TF-conformation/output/stage3_min_dnarelax/foxa/1vtn_state_074.pdb	/project2/rohs_102/shewchuk/TF-conformation/analysis/analyses/dna_relax/pycurves/foxa/relaxed_state_074
foxa	relaxed	075	/project2/rohs_102/shewchuk/TF-conformation/output/stage3_min_dnarelax/foxa/1vtn_state_075.pdb	/project2/rohs_102/shewchuk/TF-conformation/analysis/analyses/dna_relax/pycurves/foxa/relaxed_state_075
foxa	relaxed	076	/project2/rohs_102/shewchuk/TF-conformation/output/stage3_min_dnarelax/foxa/1vtn_state_076.pdb	/project2/rohs_102/shewchuk/TF-conformation/analysis/analyses/dna_relax/pycurves/foxa/relaxed_state_076
foxa	relaxed	077	/project2/rohs_102/shewchuk/TF-conformation/output/stage3_min_dnarelax/foxa/1vtn_state_077.pdb	/project2/rohs_102/shewchuk/TF-conformation/analysis/analyses/dna_relax/pycurves/foxa/relaxed_state_077
foxa	relaxed	078	/project2/rohs_102/shewchuk/TF-conformation/output/stage3_min_dnarelax/foxa/1vtn_state_078.pdb	/project2/rohs_102/shewchuk/TF-conformation/analysis/analyses/dna_relax/pycurves/foxa/relaxed_state_078
foxa	relaxed	079	/project2/rohs_102/shewchuk/TF-conformation/output/stage3_min_dnarelax/foxa/1vtn_state_079.pdb	/project2/rohs_102/shewchuk/TF-conformation/analysis/analyses/dna_relax/pycurves/foxa/relaxed_state_079
foxa	relaxed	080	/project2/rohs_102/shewchuk/TF-conformation/output/stage3_min_dnarelax/foxa/1vtn_state_080.pdb	/project2/rohs_102/shewchuk/TF-conformation/analysis/analyses/dna_relax/pycurves/foxa/relaxed_state_080
foxa	relaxed	081	/project2/rohs_102/shewchuk/TF-conformation/output/stage3_min_dnarelax/foxa/1vtn_state_081.pdb	/project2/rohs_102/shewchuk/TF-conformation/analysis/analyses/dna_relax/pycurves/foxa/relaxed_state_081
foxa	relaxed	082	/project2/rohs_102/shewchuk/TF-conformation/output/stage3_min_dnarelax/foxa/1vtn_state_082.pdb	/project2/rohs_102/shewchuk/TF-conformation/analysis/analyses/dna_relax/pycurves/foxa/relaxed_state_082
foxa	relaxed	083	/project2/rohs_102/shewchuk/TF-conformation/output/stage3_min_dnarelax/foxa/1vtn_state_083.pdb	/project2/rohs_102/shewchuk/TF-conformation/analysis/analyses/dna_relax/pycurves/foxa/relaxed_state_083
foxa	relaxed	084	/project2/rohs_102/shewchuk/TF-conformation/output/stage3_min_dnarelax/foxa/1vtn_state_084.pdb	/project2/rohs_102/shewchuk/TF-conformation/analysis/analyses/dna_relax/pycurves/foxa/relaxed_state_084
foxa	relaxed	085	/project2/rohs_102/shewchuk/TF-conformation/output/stage3_min_dnarelax/foxa/1vtn_state_085.pdb	/project2/rohs_102/shewchuk/TF-conformation/analysis/analyses/dna_relax/pycurves/foxa/relaxed_state_085
foxa	relaxed	086	/project2/rohs_102/shewchuk/TF-conformation/output/stage3_min_dnarelax/foxa/1vtn_state_086.pdb	/project2/rohs_102/shewchuk/TF-conformation/analysis/analyses/dna_relax/pycurves/foxa/relaxed_state_086
foxa	relaxed	087	/project2/rohs_102/shewchuk/TF-conformation/output/stage3_min_dnarelax/foxa/1vtn_state_087.pdb	/project2/rohs_102/shewchuk/TF-conformation/analysis/analyses/dna_relax/pycurves/foxa/relaxed_state_087
foxa	relaxed	088	/project2/rohs_102/shewchuk/TF-conformation/output/stage3_min_dnarelax/foxa/1vtn_state_088.pdb	/project2/rohs_102/shewchuk/TF-conformation/analysis/analyses/dna_relax/pycurves/foxa/relaxed_state_088
foxa	relaxed	089	/project2/rohs_102/shewchuk/TF-conformation/output/stage3_min_dnarelax/foxa/1vtn_state_089.pdb	/project2/rohs_102/shewchuk/TF-conformation/analysis/analyses/dna_relax/pycurves/foxa/relaxed_state_089
foxa	relaxed	090	/project2/rohs_102/shewchuk/TF-conformation/output/stage3_min_dnarelax/foxa/1vtn_state_090.pdb	/project2/rohs_102/shewchuk/TF-conformation/analysis/analyses/dna_relax/pycurves/foxa/relaxed_state_090
foxa	relaxed	091	/project2/rohs_102/shewchuk/TF-conformation/output/stage3_min_dnarelax/foxa/1vtn_state_091.pdb	/project2/rohs_102/shewchuk/TF-conformation/analysis/analyses/dna_relax/pycurves/foxa/relaxed_state_091
foxa	relaxed	092	/project2/rohs_102/shewchuk/TF-conformation/output/stage3_min_dnarelax/foxa/1vtn_state_092.pdb	/project2/rohs_102/shewchuk/TF-conformation/analysis/analyses/dna_relax/pycurves/foxa/relaxed_state_092
irf	crystal	crystal	/project2/rohs_102/shewchuk/TF-conformation/structures/source_chains/1if1_chains/1if1_dna.pdb	/project2/rohs_102/shewchuk/TF-conformation/analysis/analyses/dna_relax/pycurves/irf/crystal
irf	frozen	001	/project2/rohs_102/shewchuk/TF-conformation/output/stage3_min/irf/1if1_state_001.pdb	/project2/rohs_102/shewchuk/TF-conformation/analysis/analyses/dna_relax/pycurves/irf/frozen_state_001
irf	frozen	002	/project2/rohs_102/shewchuk/TF-conformation/output/stage3_min/irf/1if1_state_002.pdb	/project2/rohs_102/shewchuk/TF-conformation/analysis/analyses/dna_relax/pycurves/irf/frozen_state_002
irf	frozen	003	/project2/rohs_102/shewchuk/TF-conformation/output/stage3_min/irf/1if1_state_003.pdb	/project2/rohs_102/shewchuk/TF-conformation/analysis/analyses/dna_relax/pycurves/irf/frozen_state_003
irf	frozen	004	/project2/rohs_102/shewchuk/TF-conformation/output/stage3_min/irf/1if1_state_004.pdb	/project2/rohs_102/shewchuk/TF-conformation/analysis/analyses/dna_relax/pycurves/irf/frozen_state_004
irf	frozen	005	/project2/rohs_102/shewchuk/TF-conformation/output/stage3_min/irf/1if1_state_005.pdb	/project2/rohs_102/shewchuk/TF-conformation/analysis/analyses/dna_relax/pycurves/irf/frozen_state_005
irf	frozen	006	/project2/rohs_102/shewchuk/TF-conformation/output/stage3_min/irf/1if1_state_006.pdb	/project2/rohs_102/shewchuk/TF-conformation/analysis/analyses/dna_relax/pycurves/irf/frozen_state_006
irf	frozen	007	/project2/rohs_102/shewchuk/TF-conformation/output/stage3_min/irf/1if1_state_007.pdb	/project2/rohs_102/shewchuk/TF-conformation/analysis/analyses/dna_relax/pycurves/irf/frozen_state_007
irf	frozen	008	/project2/rohs_102/shewchuk/TF-conformation/output/stage3_min/irf/1if1_state_008.pdb	/project2/rohs_102/shewchuk/TF-conformation/analysis/analyses/dna_relax/pycurves/irf/frozen_state_008
irf	frozen	009	/project2/rohs_102/shewchuk/TF-conformation/output/stage3_min/irf/1if1_state_009.pdb	/project2/rohs_102/shewchuk/TF-conformation/analysis/analyses/dna_relax/pycurves/irf/frozen_state_009
irf	frozen	010	/project2/rohs_102/shewchuk/TF-conformation/output/stage3_min/irf/1if1_state_010.pdb	/project2/rohs_102/shewchuk/TF-conformation/analysis/analyses/dna_relax/pycurves/irf/frozen_state_010
irf	frozen	012	/project2/rohs_102/shewchuk/TF-conformation/output/stage3_min/irf/1if1_state_012.pdb	/project2/rohs_102/shewchuk/TF-conformation/analysis/analyses/dna_relax/pycurves/irf/frozen_state_012
irf	frozen	013	/project2/rohs_102/shewchuk/TF-conformation/output/stage3_min/irf/1if1_state_013.pdb	/project2/rohs_102/shewchuk/TF-conformation/analysis/analyses/dna_relax/pycurves/irf/frozen_state_013
irf	frozen	014	/project2/rohs_102/shewchuk/TF-conformation/output/stage3_min/irf/1if1_state_014.pdb	/project2/rohs_102/shewchuk/TF-conformation/analysis/analyses/dna_relax/pycurves/irf/frozen_state_014
irf	frozen	015	/project2/rohs_102/shewchuk/TF-conformation/output/stage3_min/irf/1if1_state_015.pdb	/project2/rohs_102/shewchuk/TF-conformation/analysis/analyses/dna_relax/pycurves/irf/frozen_state_015
irf	frozen	016	/project2/rohs_102/shewchuk/TF-conformation/output/stage3_min/irf/1if1_state_016.pdb	/project2/rohs_102/shewchuk/TF-conformation/analysis/analyses/dna_relax/pycurves/irf/frozen_state_016
irf	frozen	017	/project2/rohs_102/shewchuk/TF-conformation/output/stage3_min/irf/1if1_state_017.pdb	/project2/rohs_102/shewchuk/TF-conformation/analysis/analyses/dna_relax/pycurves/irf/frozen_state_017
irf	frozen	018	/project2/rohs_102/shewchuk/TF-conformation/output/stage3_min/irf/1if1_state_018.pdb	/project2/rohs_102/shewchuk/TF-conformation/analysis/analyses/dna_relax/pycurves/irf/frozen_state_018
irf	frozen	019	/project2/rohs_102/shewchuk/TF-conformation/output/stage3_min/irf/1if1_state_019.pdb	/project2/rohs_102/shewchuk/TF-conformation/analysis/analyses/dna_relax/pycurves/irf/frozen_state_019
irf	frozen	020	/project2/rohs_102/shewchuk/TF-conformation/output/stage3_min/irf/1if1_state_020.pdb	/project2/rohs_102/shewchuk/TF-conformation/analysis/analyses/dna_relax/pycurves/irf/frozen_state_020
irf	frozen	021	/project2/rohs_102/shewchuk/TF-conformation/output/stage3_min/irf/1if1_state_021.pdb	/project2/rohs_102/shewchuk/TF-conformation/analysis/analyses/dna_relax/pycurves/irf/frozen_state_021
irf	frozen	022	/project2/rohs_102/shewchuk/TF-conformation/output/stage3_min/irf/1if1_state_022.pdb	/project2/rohs_102/shewchuk/TF-conformation/analysis/analyses/dna_relax/pycurves/irf/frozen_state_022
irf	frozen	023	/project2/rohs_102/shewchuk/TF-conformation/output/stage3_min/irf/1if1_state_023.pdb	/project2/rohs_102/shewchuk/TF-conformation/analysis/analyses/dna_relax/pycurves/irf/frozen_state_023
irf	frozen	024	/project2/rohs_102/shewchuk/TF-conformation/output/stage3_min/irf/1if1_state_024.pdb	/project2/rohs_102/shewchuk/TF-conformation/analysis/analyses/dna_relax/pycurves/irf/frozen_state_024
irf	frozen	025	/project2/rohs_102/shewchuk/TF-conformation/output/stage3_min/irf/1if1_state_025.pdb	/project2/rohs_102/shewchuk/TF-conformation/analysis/analyses/dna_relax/pycurves/irf/frozen_state_025
irf	frozen	026	/project2/rohs_102/shewchuk/TF-conformation/output/stage3_min/irf/1if1_state_026.pdb	/project2/rohs_102/shewchuk/TF-conformation/analysis/analyses/dna_relax/pycurves/irf/frozen_state_026
irf	frozen	027	/project2/rohs_102/shewchuk/TF-conformation/output/stage3_min/irf/1if1_state_027.pdb	/project2/rohs_102/shewchuk/TF-conformation/analysis/analyses/dna_relax/pycurves/irf/frozen_state_027
irf	frozen	028	/project2/rohs_102/shewchuk/TF-conformation/output/stage3_min/irf/1if1_state_028.pdb	/project2/rohs_102/shewchuk/TF-conformation/analysis/analyses/dna_relax/pycurves/irf/frozen_state_028
irf	frozen	029	/project2/rohs_102/shewchuk/TF-conformation/output/stage3_min/irf/1if1_state_029.pdb	/project2/rohs_102/shewchuk/TF-conformation/analysis/analyses/dna_relax/pycurves/irf/frozen_state_029
irf	frozen	030	/project2/rohs_102/shewchuk/TF-conformation/output/stage3_min/irf/1if1_state_030.pdb	/project2/rohs_102/shewchuk/TF-conformation/analysis/analyses/dna_relax/pycurves/irf/frozen_state_030
irf	frozen	031	/project2/rohs_102/shewchuk/TF-conformation/output/stage3_min/irf/1if1_state_031.pdb	/project2/rohs_102/shewchuk/TF-conformation/analysis/analyses/dna_relax/pycurves/irf/frozen_state_031
irf	frozen	032	/project2/rohs_102/shewchuk/TF-conformation/output/stage3_min/irf/1if1_state_032.pdb	/project2/rohs_102/shewchuk/TF-conformation/analysis/analyses/dna_relax/pycurves/irf/frozen_state_032
irf	frozen	033	/project2/rohs_102/shewchuk/TF-conformation/output/stage3_min/irf/1if1_state_033.pdb	/project2/rohs_102/shewchuk/TF-conformation/analysis/analyses/dna_relax/pycurves/irf/frozen_state_033
irf	frozen	034	/project2/rohs_102/shewchuk/TF-conformation/output/stage3_min/irf/1if1_state_034.pdb	/project2/rohs_102/shewchuk/TF-conformation/analysis/analyses/dna_relax/pycurves/irf/frozen_state_034
irf	frozen	035	/project2/rohs_102/shewchuk/TF-conformation/output/stage3_min/irf/1if1_state_035.pdb	/project2/rohs_102/shewchuk/TF-conformation/analysis/analyses/dna_relax/pycurves/irf/frozen_state_035
irf	frozen	036	/project2/rohs_102/shewchuk/TF-conformation/output/stage3_min/irf/1if1_state_036.pdb	/project2/rohs_102/shewchuk/TF-conformation/analysis/analyses/dna_relax/pycurves/irf/frozen_state_036
irf	frozen	038	/project2/rohs_102/shewchuk/TF-conformation/output/stage3_min/irf/1if1_state_038.pdb	/project2/rohs_102/shewchuk/TF-conformation/analysis/analyses/dna_relax/pycurves/irf/frozen_state_038
irf	frozen	039	/project2/rohs_102/shewchuk/TF-conformation/output/stage3_min/irf/1if1_state_039.pdb	/project2/rohs_102/shewchuk/TF-conformation/analysis/analyses/dna_relax/pycurves/irf/frozen_state_039
irf	frozen	040	/project2/rohs_102/shewchuk/TF-conformation/output/stage3_min/irf/1if1_state_040.pdb	/project2/rohs_102/shewchuk/TF-conformation/analysis/analyses/dna_relax/pycurves/irf/frozen_state_040
irf	frozen	041	/project2/rohs_102/shewchuk/TF-conformation/output/stage3_min/irf/1if1_state_041.pdb	/project2/rohs_102/shewchuk/TF-conformation/analysis/analyses/dna_relax/pycurves/irf/frozen_state_041
irf	frozen	042	/project2/rohs_102/shewchuk/TF-conformation/output/stage3_min/irf/1if1_state_042.pdb	/project2/rohs_102/shewchuk/TF-conformation/analysis/analyses/dna_relax/pycurves/irf/frozen_state_042
irf	frozen	043	/project2/rohs_102/shewchuk/TF-conformation/output/stage3_min/irf/1if1_state_043.pdb	/project2/rohs_102/shewchuk/TF-conformation/analysis/analyses/dna_relax/pycurves/irf/frozen_state_043
irf	frozen	044	/project2/rohs_102/shewchuk/TF-conformation/output/stage3_min/irf/1if1_state_044.pdb	/project2/rohs_102/shewchuk/TF-conformation/analysis/analyses/dna_relax/pycurves/irf/frozen_state_044
irf	frozen	045	/project2/rohs_102/shewchuk/TF-conformation/output/stage3_min/irf/1if1_state_045.pdb	/project2/rohs_102/shewchuk/TF-conformation/analysis/analyses/dna_relax/pycurves/irf/frozen_state_045
irf	frozen	046	/project2/rohs_102/shewchuk/TF-conformation/output/stage3_min/irf/1if1_state_046.pdb	/project2/rohs_102/shewchuk/TF-conformation/analysis/analyses/dna_relax/pycurves/irf/frozen_state_046
irf	frozen	047	/project2/rohs_102/shewchuk/TF-conformation/output/stage3_min/irf/1if1_state_047.pdb	/project2/rohs_102/shewchuk/TF-conformation/analysis/analyses/dna_relax/pycurves/irf/frozen_state_047
irf	frozen	048	/project2/rohs_102/shewchuk/TF-conformation/output/stage3_min/irf/1if1_state_048.pdb	/project2/rohs_102/shewchuk/TF-conformation/analysis/analyses/dna_relax/pycurves/irf/frozen_state_048
irf	frozen	049	/project2/rohs_102/shewchuk/TF-conformation/output/stage3_min/irf/1if1_state_049.pdb	/project2/rohs_102/shewchuk/TF-conformation/analysis/analyses/dna_relax/pycurves/irf/frozen_state_049
irf	frozen	050	/project2/rohs_102/shewchuk/TF-conformation/output/stage3_min/irf/1if1_state_050.pdb	/project2/rohs_102/shewchuk/TF-conformation/analysis/analyses/dna_relax/pycurves/irf/frozen_state_050
irf	frozen	051	/project2/rohs_102/shewchuk/TF-conformation/output/stage3_min/irf/1if1_state_051.pdb	/project2/rohs_102/shewchuk/TF-conformation/analysis/analyses/dna_relax/pycurves/irf/frozen_state_051
irf	frozen	052	/project2/rohs_102/shewchuk/TF-conformation/output/stage3_min/irf/1if1_state_052.pdb	/project2/rohs_102/shewchuk/TF-conformation/analysis/analyses/dna_relax/pycurves/irf/frozen_state_052
irf	frozen	053	/project2/rohs_102/shewchuk/TF-conformation/output/stage3_min/irf/1if1_state_053.pdb	/project2/rohs_102/shewchuk/TF-conformation/analysis/analyses/dna_relax/pycurves/irf/frozen_state_053
irf	frozen	054	/project2/rohs_102/shewchuk/TF-conformation/output/stage3_min/irf/1if1_state_054.pdb	/project2/rohs_102/shewchuk/TF-conformation/analysis/analyses/dna_relax/pycurves/irf/frozen_state_054
irf	frozen	055	/project2/rohs_102/shewchuk/TF-conformation/output/stage3_min/irf/1if1_state_055.pdb	/project2/rohs_102/shewchuk/TF-conformation/analysis/analyses/dna_relax/pycurves/irf/frozen_state_055
irf	frozen	056	/project2/rohs_102/shewchuk/TF-conformation/output/stage3_min/irf/1if1_state_056.pdb	/project2/rohs_102/shewchuk/TF-conformation/analysis/analyses/dna_relax/pycurves/irf/frozen_state_056
irf	frozen	057	/project2/rohs_102/shewchuk/TF-conformation/output/stage3_min/irf/1if1_state_057.pdb	/project2/rohs_102/shewchuk/TF-conformation/analysis/analyses/dna_relax/pycurves/irf/frozen_state_057
irf	frozen	058	/project2/rohs_102/shewchuk/TF-conformation/output/stage3_min/irf/1if1_state_058.pdb	/project2/rohs_102/shewchuk/TF-conformation/analysis/analyses/dna_relax/pycurves/irf/frozen_state_058
irf	frozen	059	/project2/rohs_102/shewchuk/TF-conformation/output/stage3_min/irf/1if1_state_059.pdb	/project2/rohs_102/shewchuk/TF-conformation/analysis/analyses/dna_relax/pycurves/irf/frozen_state_059
irf	frozen	060	/project2/rohs_102/shewchuk/TF-conformation/output/stage3_min/irf/1if1_state_060.pdb	/project2/rohs_102/shewchuk/TF-conformation/analysis/analyses/dna_relax/pycurves/irf/frozen_state_060
irf	frozen	061	/project2/rohs_102/shewchuk/TF-conformation/output/stage3_min/irf/1if1_state_061.pdb	/project2/rohs_102/shewchuk/TF-conformation/analysis/analyses/dna_relax/pycurves/irf/frozen_state_061
irf	frozen	062	/project2/rohs_102/shewchuk/TF-conformation/output/stage3_min/irf/1if1_state_062.pdb	/project2/rohs_102/shewchuk/TF-conformation/analysis/analyses/dna_relax/pycurves/irf/frozen_state_062
irf	frozen	063	/project2/rohs_102/shewchuk/TF-conformation/output/stage3_min/irf/1if1_state_063.pdb	/project2/rohs_102/shewchuk/TF-conformation/analysis/analyses/dna_relax/pycurves/irf/frozen_state_063
irf	frozen	064	/project2/rohs_102/shewchuk/TF-conformation/output/stage3_min/irf/1if1_state_064.pdb	/project2/rohs_102/shewchuk/TF-conformation/analysis/analyses/dna_relax/pycurves/irf/frozen_state_064
irf	frozen	065	/project2/rohs_102/shewchuk/TF-conformation/output/stage3_min/irf/1if1_state_065.pdb	/project2/rohs_102/shewchuk/TF-conformation/analysis/analyses/dna_relax/pycurves/irf/frozen_state_065
irf	frozen	066	/project2/rohs_102/shewchuk/TF-conformation/output/stage3_min/irf/1if1_state_066.pdb	/project2/rohs_102/shewchuk/TF-conformation/analysis/analyses/dna_relax/pycurves/irf/frozen_state_066
irf	frozen	067	/project2/rohs_102/shewchuk/TF-conformation/output/stage3_min/irf/1if1_state_067.pdb	/project2/rohs_102/shewchuk/TF-conformation/analysis/analyses/dna_relax/pycurves/irf/frozen_state_067
irf	frozen	068	/project2/rohs_102/shewchuk/TF-conformation/output/stage3_min/irf/1if1_state_068.pdb	/project2/rohs_102/shewchuk/TF-conformation/analysis/analyses/dna_relax/pycurves/irf/frozen_state_068
irf	frozen	069	/project2/rohs_102/shewchuk/TF-conformation/output/stage3_min/irf/1if1_state_069.pdb	/project2/rohs_102/shewchuk/TF-conformation/analysis/analyses/dna_relax/pycurves/irf/frozen_state_069
irf	frozen	070	/project2/rohs_102/shewchuk/TF-conformation/output/stage3_min/irf/1if1_state_070.pdb	/project2/rohs_102/shewchuk/TF-conformation/analysis/analyses/dna_relax/pycurves/irf/frozen_state_070
irf	frozen	071	/project2/rohs_102/shewchuk/TF-conformation/output/stage3_min/irf/1if1_state_071.pdb	/project2/rohs_102/shewchuk/TF-conformation/analysis/analyses/dna_relax/pycurves/irf/frozen_state_071
irf	frozen	073	/project2/rohs_102/shewchuk/TF-conformation/output/stage3_min/irf/1if1_state_073.pdb	/project2/rohs_102/shewchuk/TF-conformation/analysis/analyses/dna_relax/pycurves/irf/frozen_state_073
irf	frozen	074	/project2/rohs_102/shewchuk/TF-conformation/output/stage3_min/irf/1if1_state_074.pdb	/project2/rohs_102/shewchuk/TF-conformation/analysis/analyses/dna_relax/pycurves/irf/frozen_state_074
irf	frozen	075	/project2/rohs_102/shewchuk/TF-conformation/output/stage3_min/irf/1if1_state_075.pdb	/project2/rohs_102/shewchuk/TF-conformation/analysis/analyses/dna_relax/pycurves/irf/frozen_state_075
irf	frozen	076	/project2/rohs_102/shewchuk/TF-conformation/output/stage3_min/irf/1if1_state_076.pdb	/project2/rohs_102/shewchuk/TF-conformation/analysis/analyses/dna_relax/pycurves/irf/frozen_state_076
irf	frozen	078	/project2/rohs_102/shewchuk/TF-conformation/output/stage3_min/irf/1if1_state_078.pdb	/project2/rohs_102/shewchuk/TF-conformation/analysis/analyses/dna_relax/pycurves/irf/frozen_state_078
irf	frozen	079	/project2/rohs_102/shewchuk/TF-conformation/output/stage3_min/irf/1if1_state_079.pdb	/project2/rohs_102/shewchuk/TF-conformation/analysis/analyses/dna_relax/pycurves/irf/frozen_state_079
irf	frozen	080	/project2/rohs_102/shewchuk/TF-conformation/output/stage3_min/irf/1if1_state_080.pdb	/project2/rohs_102/shewchuk/TF-conformation/analysis/analyses/dna_relax/pycurves/irf/frozen_state_080
irf	frozen	081	/project2/rohs_102/shewchuk/TF-conformation/output/stage3_min/irf/1if1_state_081.pdb	/project2/rohs_102/shewchuk/TF-conformation/analysis/analyses/dna_relax/pycurves/irf/frozen_state_081
irf	frozen	082	/project2/rohs_102/shewchuk/TF-conformation/output/stage3_min/irf/1if1_state_082.pdb	/project2/rohs_102/shewchuk/TF-conformation/analysis/analyses/dna_relax/pycurves/irf/frozen_state_082
irf	frozen	083	/project2/rohs_102/shewchuk/TF-conformation/output/stage3_min/irf/1if1_state_083.pdb	/project2/rohs_102/shewchuk/TF-conformation/analysis/analyses/dna_relax/pycurves/irf/frozen_state_083
irf	frozen	084	/project2/rohs_102/shewchuk/TF-conformation/output/stage3_min/irf/1if1_state_084.pdb	/project2/rohs_102/shewchuk/TF-conformation/analysis/analyses/dna_relax/pycurves/irf/frozen_state_084
irf	frozen	085	/project2/rohs_102/shewchuk/TF-conformation/output/stage3_min/irf/1if1_state_085.pdb	/project2/rohs_102/shewchuk/TF-conformation/analysis/analyses/dna_relax/pycurves/irf/frozen_state_085
irf	frozen	086	/project2/rohs_102/shewchuk/TF-conformation/output/stage3_min/irf/1if1_state_086.pdb	/project2/rohs_102/shewchuk/TF-conformation/analysis/analyses/dna_relax/pycurves/irf/frozen_state_086
irf	frozen	087	/project2/rohs_102/shewchuk/TF-conformation/output/stage3_min/irf/1if1_state_087.pdb	/project2/rohs_102/shewchuk/TF-conformation/analysis/analyses/dna_relax/pycurves/irf/frozen_state_087
irf	frozen	088	/project2/rohs_102/shewchuk/TF-conformation/output/stage3_min/irf/1if1_state_088.pdb	/project2/rohs_102/shewchuk/TF-conformation/analysis/analyses/dna_relax/pycurves/irf/frozen_state_088
irf	frozen	089	/project2/rohs_102/shewchuk/TF-conformation/output/stage3_min/irf/1if1_state_089.pdb	/project2/rohs_102/shewchuk/TF-conformation/analysis/analyses/dna_relax/pycurves/irf/frozen_state_089
irf	frozen	090	/project2/rohs_102/shewchuk/TF-conformation/output/stage3_min/irf/1if1_state_090.pdb	/project2/rohs_102/shewchuk/TF-conformation/analysis/analyses/dna_relax/pycurves/irf/frozen_state_090
irf	frozen	091	/project2/rohs_102/shewchuk/TF-conformation/output/stage3_min/irf/1if1_state_091.pdb	/project2/rohs_102/shewchuk/TF-conformation/analysis/analyses/dna_relax/pycurves/irf/frozen_state_091
irf	frozen	092	/project2/rohs_102/shewchuk/TF-conformation/output/stage3_min/irf/1if1_state_092.pdb	/project2/rohs_102/shewchuk/TF-conformation/analysis/analyses/dna_relax/pycurves/irf/frozen_state_092
irf	frozen	093	/project2/rohs_102/shewchuk/TF-conformation/output/stage3_min/irf/1if1_state_093.pdb	/project2/rohs_102/shewchuk/TF-conformation/analysis/analyses/dna_relax/pycurves/irf/frozen_state_093
irf	frozen	094	/project2/rohs_102/shewchuk/TF-conformation/output/stage3_min/irf/1if1_state_094.pdb	/project2/rohs_102/shewchuk/TF-conformation/analysis/analyses/dna_relax/pycurves/irf/frozen_state_094
irf	frozen	095	/project2/rohs_102/shewchuk/TF-conformation/output/stage3_min/irf/1if1_state_095.pdb	/project2/rohs_102/shewchuk/TF-conformation/analysis/analyses/dna_relax/pycurves/irf/frozen_state_095
irf	relaxed	001	/project2/rohs_102/shewchuk/TF-conformation/output/stage3_min_dnarelax/irf/1if1_state_001.pdb	/project2/rohs_102/shewchuk/TF-conformation/analysis/analyses/dna_relax/pycurves/irf/relaxed_state_001
irf	relaxed	002	/project2/rohs_102/shewchuk/TF-conformation/output/stage3_min_dnarelax/irf/1if1_state_002.pdb	/project2/rohs_102/shewchuk/TF-conformation/analysis/analyses/dna_relax/pycurves/irf/relaxed_state_002
irf	relaxed	003	/project2/rohs_102/shewchuk/TF-conformation/output/stage3_min_dnarelax/irf/1if1_state_003.pdb	/project2/rohs_102/shewchuk/TF-conformation/analysis/analyses/dna_relax/pycurves/irf/relaxed_state_003
irf	relaxed	004	/project2/rohs_102/shewchuk/TF-conformation/output/stage3_min_dnarelax/irf/1if1_state_004.pdb	/project2/rohs_102/shewchuk/TF-conformation/analysis/analyses/dna_relax/pycurves/irf/relaxed_state_004
irf	relaxed	005	/project2/rohs_102/shewchuk/TF-conformation/output/stage3_min_dnarelax/irf/1if1_state_005.pdb	/project2/rohs_102/shewchuk/TF-conformation/analysis/analyses/dna_relax/pycurves/irf/relaxed_state_005
irf	relaxed	006	/project2/rohs_102/shewchuk/TF-conformation/output/stage3_min_dnarelax/irf/1if1_state_006.pdb	/project2/rohs_102/shewchuk/TF-conformation/analysis/analyses/dna_relax/pycurves/irf/relaxed_state_006
irf	relaxed	007	/project2/rohs_102/shewchuk/TF-conformation/output/stage3_min_dnarelax/irf/1if1_state_007.pdb	/project2/rohs_102/shewchuk/TF-conformation/analysis/analyses/dna_relax/pycurves/irf/relaxed_state_007
irf	relaxed	008	/project2/rohs_102/shewchuk/TF-conformation/output/stage3_min_dnarelax/irf/1if1_state_008.pdb	/project2/rohs_102/shewchuk/TF-conformation/analysis/analyses/dna_relax/pycurves/irf/relaxed_state_008
irf	relaxed	009	/project2/rohs_102/shewchuk/TF-conformation/output/stage3_min_dnarelax/irf/1if1_state_009.pdb	/project2/rohs_102/shewchuk/TF-conformation/analysis/analyses/dna_relax/pycurves/irf/relaxed_state_009
irf	relaxed	010	/project2/rohs_102/shewchuk/TF-conformation/output/stage3_min_dnarelax/irf/1if1_state_010.pdb	/project2/rohs_102/shewchuk/TF-conformation/analysis/analyses/dna_relax/pycurves/irf/relaxed_state_010
irf	relaxed	011	/project2/rohs_102/shewchuk/TF-conformation/output/stage3_min_dnarelax/irf/1if1_state_011.pdb	/project2/rohs_102/shewchuk/TF-conformation/analysis/analyses/dna_relax/pycurves/irf/relaxed_state_011
irf	relaxed	013	/project2/rohs_102/shewchuk/TF-conformation/output/stage3_min_dnarelax/irf/1if1_state_013.pdb	/project2/rohs_102/shewchuk/TF-conformation/analysis/analyses/dna_relax/pycurves/irf/relaxed_state_013
irf	relaxed	014	/project2/rohs_102/shewchuk/TF-conformation/output/stage3_min_dnarelax/irf/1if1_state_014.pdb	/project2/rohs_102/shewchuk/TF-conformation/analysis/analyses/dna_relax/pycurves/irf/relaxed_state_014
irf	relaxed	015	/project2/rohs_102/shewchuk/TF-conformation/output/stage3_min_dnarelax/irf/1if1_state_015.pdb	/project2/rohs_102/shewchuk/TF-conformation/analysis/analyses/dna_relax/pycurves/irf/relaxed_state_015
irf	relaxed	016	/project2/rohs_102/shewchuk/TF-conformation/output/stage3_min_dnarelax/irf/1if1_state_016.pdb	/project2/rohs_102/shewchuk/TF-conformation/analysis/analyses/dna_relax/pycurves/irf/relaxed_state_016
irf	relaxed	017	/project2/rohs_102/shewchuk/TF-conformation/output/stage3_min_dnarelax/irf/1if1_state_017.pdb	/project2/rohs_102/shewchuk/TF-conformation/analysis/analyses/dna_relax/pycurves/irf/relaxed_state_017
irf	relaxed	018	/project2/rohs_102/shewchuk/TF-conformation/output/stage3_min_dnarelax/irf/1if1_state_018.pdb	/project2/rohs_102/shewchuk/TF-conformation/analysis/analyses/dna_relax/pycurves/irf/relaxed_state_018
irf	relaxed	019	/project2/rohs_102/shewchuk/TF-conformation/output/stage3_min_dnarelax/irf/1if1_state_019.pdb	/project2/rohs_102/shewchuk/TF-conformation/analysis/analyses/dna_relax/pycurves/irf/relaxed_state_019
irf	relaxed	020	/project2/rohs_102/shewchuk/TF-conformation/output/stage3_min_dnarelax/irf/1if1_state_020.pdb	/project2/rohs_102/shewchuk/TF-conformation/analysis/analyses/dna_relax/pycurves/irf/relaxed_state_020
irf	relaxed	021	/project2/rohs_102/shewchuk/TF-conformation/output/stage3_min_dnarelax/irf/1if1_state_021.pdb	/project2/rohs_102/shewchuk/TF-conformation/analysis/analyses/dna_relax/pycurves/irf/relaxed_state_021
irf	relaxed	022	/project2/rohs_102/shewchuk/TF-conformation/output/stage3_min_dnarelax/irf/1if1_state_022.pdb	/project2/rohs_102/shewchuk/TF-conformation/analysis/analyses/dna_relax/pycurves/irf/relaxed_state_022
irf	relaxed	023	/project2/rohs_102/shewchuk/TF-conformation/output/stage3_min_dnarelax/irf/1if1_state_023.pdb	/project2/rohs_102/shewchuk/TF-conformation/analysis/analyses/dna_relax/pycurves/irf/relaxed_state_023
irf	relaxed	024	/project2/rohs_102/shewchuk/TF-conformation/output/stage3_min_dnarelax/irf/1if1_state_024.pdb	/project2/rohs_102/shewchuk/TF-conformation/analysis/analyses/dna_relax/pycurves/irf/relaxed_state_024
irf	relaxed	025	/project2/rohs_102/shewchuk/TF-conformation/output/stage3_min_dnarelax/irf/1if1_state_025.pdb	/project2/rohs_102/shewchuk/TF-conformation/analysis/analyses/dna_relax/pycurves/irf/relaxed_state_025
irf	relaxed	026	/project2/rohs_102/shewchuk/TF-conformation/output/stage3_min_dnarelax/irf/1if1_state_026.pdb	/project2/rohs_102/shewchuk/TF-conformation/analysis/analyses/dna_relax/pycurves/irf/relaxed_state_026
irf	relaxed	027	/project2/rohs_102/shewchuk/TF-conformation/output/stage3_min_dnarelax/irf/1if1_state_027.pdb	/project2/rohs_102/shewchuk/TF-conformation/analysis/analyses/dna_relax/pycurves/irf/relaxed_state_027
irf	relaxed	028	/project2/rohs_102/shewchuk/TF-conformation/output/stage3_min_dnarelax/irf/1if1_state_028.pdb	/project2/rohs_102/shewchuk/TF-conformation/analysis/analyses/dna_relax/pycurves/irf/relaxed_state_028
irf	relaxed	029	/project2/rohs_102/shewchuk/TF-conformation/output/stage3_min_dnarelax/irf/1if1_state_029.pdb	/project2/rohs_102/shewchuk/TF-conformation/analysis/analyses/dna_relax/pycurves/irf/relaxed_state_029
irf	relaxed	030	/project2/rohs_102/shewchuk/TF-conformation/output/stage3_min_dnarelax/irf/1if1_state_030.pdb	/project2/rohs_102/shewchuk/TF-conformation/analysis/analyses/dna_relax/pycurves/irf/relaxed_state_030
irf	relaxed	031	/project2/rohs_102/shewchuk/TF-conformation/output/stage3_min_dnarelax/irf/1if1_state_031.pdb	/project2/rohs_102/shewchuk/TF-conformation/analysis/analyses/dna_relax/pycurves/irf/relaxed_state_031
irf	relaxed	032	/project2/rohs_102/shewchuk/TF-conformation/output/stage3_min_dnarelax/irf/1if1_state_032.pdb	/project2/rohs_102/shewchuk/TF-conformation/analysis/analyses/dna_relax/pycurves/irf/relaxed_state_032
irf	relaxed	033	/project2/rohs_102/shewchuk/TF-conformation/output/stage3_min_dnarelax/irf/1if1_state_033.pdb	/project2/rohs_102/shewchuk/TF-conformation/analysis/analyses/dna_relax/pycurves/irf/relaxed_state_033
irf	relaxed	034	/project2/rohs_102/shewchuk/TF-conformation/output/stage3_min_dnarelax/irf/1if1_state_034.pdb	/project2/rohs_102/shewchuk/TF-conformation/analysis/analyses/dna_relax/pycurves/irf/relaxed_state_034
irf	relaxed	035	/project2/rohs_102/shewchuk/TF-conformation/output/stage3_min_dnarelax/irf/1if1_state_035.pdb	/project2/rohs_102/shewchuk/TF-conformation/analysis/analyses/dna_relax/pycurves/irf/relaxed_state_035
irf	relaxed	036	/project2/rohs_102/shewchuk/TF-conformation/output/stage3_min_dnarelax/irf/1if1_state_036.pdb	/project2/rohs_102/shewchuk/TF-conformation/analysis/analyses/dna_relax/pycurves/irf/relaxed_state_036
irf	relaxed	037	/project2/rohs_102/shewchuk/TF-conformation/output/stage3_min_dnarelax/irf/1if1_state_037.pdb	/project2/rohs_102/shewchuk/TF-conformation/analysis/analyses/dna_relax/pycurves/irf/relaxed_state_037
irf	relaxed	038	/project2/rohs_102/shewchuk/TF-conformation/output/stage3_min_dnarelax/irf/1if1_state_038.pdb	/project2/rohs_102/shewchuk/TF-conformation/analysis/analyses/dna_relax/pycurves/irf/relaxed_state_038
irf	relaxed	039	/project2/rohs_102/shewchuk/TF-conformation/output/stage3_min_dnarelax/irf/1if1_state_039.pdb	/project2/rohs_102/shewchuk/TF-conformation/analysis/analyses/dna_relax/pycurves/irf/relaxed_state_039
irf	relaxed	040	/project2/rohs_102/shewchuk/TF-conformation/output/stage3_min_dnarelax/irf/1if1_state_040.pdb	/project2/rohs_102/shewchuk/TF-conformation/analysis/analyses/dna_relax/pycurves/irf/relaxed_state_040
irf	relaxed	041	/project2/rohs_102/shewchuk/TF-conformation/output/stage3_min_dnarelax/irf/1if1_state_041.pdb	/project2/rohs_102/shewchuk/TF-conformation/analysis/analyses/dna_relax/pycurves/irf/relaxed_state_041
irf	relaxed	042	/project2/rohs_102/shewchuk/TF-conformation/output/stage3_min_dnarelax/irf/1if1_state_042.pdb	/project2/rohs_102/shewchuk/TF-conformation/analysis/analyses/dna_relax/pycurves/irf/relaxed_state_042
irf	relaxed	043	/project2/rohs_102/shewchuk/TF-conformation/output/stage3_min_dnarelax/irf/1if1_state_043.pdb	/project2/rohs_102/shewchuk/TF-conformation/analysis/analyses/dna_relax/pycurves/irf/relaxed_state_043
irf	relaxed	044	/project2/rohs_102/shewchuk/TF-conformation/output/stage3_min_dnarelax/irf/1if1_state_044.pdb	/project2/rohs_102/shewchuk/TF-conformation/analysis/analyses/dna_relax/pycurves/irf/relaxed_state_044
irf	relaxed	045	/project2/rohs_102/shewchuk/TF-conformation/output/stage3_min_dnarelax/irf/1if1_state_045.pdb	/project2/rohs_102/shewchuk/TF-conformation/analysis/analyses/dna_relax/pycurves/irf/relaxed_state_045
irf	relaxed	046	/project2/rohs_102/shewchuk/TF-conformation/output/stage3_min_dnarelax/irf/1if1_state_046.pdb	/project2/rohs_102/shewchuk/TF-conformation/analysis/analyses/dna_relax/pycurves/irf/relaxed_state_046
irf	relaxed	047	/project2/rohs_102/shewchuk/TF-conformation/output/stage3_min_dnarelax/irf/1if1_state_047.pdb	/project2/rohs_102/shewchuk/TF-conformation/analysis/analyses/dna_relax/pycurves/irf/relaxed_state_047
irf	relaxed	048	/project2/rohs_102/shewchuk/TF-conformation/output/stage3_min_dnarelax/irf/1if1_state_048.pdb	/project2/rohs_102/shewchuk/TF-conformation/analysis/analyses/dna_relax/pycurves/irf/relaxed_state_048
irf	relaxed	049	/project2/rohs_102/shewchuk/TF-conformation/output/stage3_min_dnarelax/irf/1if1_state_049.pdb	/project2/rohs_102/shewchuk/TF-conformation/analysis/analyses/dna_relax/pycurves/irf/relaxed_state_049
irf	relaxed	050	/project2/rohs_102/shewchuk/TF-conformation/output/stage3_min_dnarelax/irf/1if1_state_050.pdb	/project2/rohs_102/shewchuk/TF-conformation/analysis/analyses/dna_relax/pycurves/irf/relaxed_state_050
irf	relaxed	051	/project2/rohs_102/shewchuk/TF-conformation/output/stage3_min_dnarelax/irf/1if1_state_051.pdb	/project2/rohs_102/shewchuk/TF-conformation/analysis/analyses/dna_relax/pycurves/irf/relaxed_state_051
irf	relaxed	052	/project2/rohs_102/shewchuk/TF-conformation/output/stage3_min_dnarelax/irf/1if1_state_052.pdb	/project2/rohs_102/shewchuk/TF-conformation/analysis/analyses/dna_relax/pycurves/irf/relaxed_state_052
irf	relaxed	053	/project2/rohs_102/shewchuk/TF-conformation/output/stage3_min_dnarelax/irf/1if1_state_053.pdb	/project2/rohs_102/shewchuk/TF-conformation/analysis/analyses/dna_relax/pycurves/irf/relaxed_state_053
irf	relaxed	054	/project2/rohs_102/shewchuk/TF-conformation/output/stage3_min_dnarelax/irf/1if1_state_054.pdb	/project2/rohs_102/shewchuk/TF-conformation/analysis/analyses/dna_relax/pycurves/irf/relaxed_state_054
irf	relaxed	055	/project2/rohs_102/shewchuk/TF-conformation/output/stage3_min_dnarelax/irf/1if1_state_055.pdb	/project2/rohs_102/shewchuk/TF-conformation/analysis/analyses/dna_relax/pycurves/irf/relaxed_state_055
irf	relaxed	056	/project2/rohs_102/shewchuk/TF-conformation/output/stage3_min_dnarelax/irf/1if1_state_056.pdb	/project2/rohs_102/shewchuk/TF-conformation/analysis/analyses/dna_relax/pycurves/irf/relaxed_state_056
irf	relaxed	057	/project2/rohs_102/shewchuk/TF-conformation/output/stage3_min_dnarelax/irf/1if1_state_057.pdb	/project2/rohs_102/shewchuk/TF-conformation/analysis/analyses/dna_relax/pycurves/irf/relaxed_state_057
irf	relaxed	058	/project2/rohs_102/shewchuk/TF-conformation/output/stage3_min_dnarelax/irf/1if1_state_058.pdb	/project2/rohs_102/shewchuk/TF-conformation/analysis/analyses/dna_relax/pycurves/irf/relaxed_state_058
irf	relaxed	059	/project2/rohs_102/shewchuk/TF-conformation/output/stage3_min_dnarelax/irf/1if1_state_059.pdb	/project2/rohs_102/shewchuk/TF-conformation/analysis/analyses/dna_relax/pycurves/irf/relaxed_state_059
irf	relaxed	060	/project2/rohs_102/shewchuk/TF-conformation/output/stage3_min_dnarelax/irf/1if1_state_060.pdb	/project2/rohs_102/shewchuk/TF-conformation/analysis/analyses/dna_relax/pycurves/irf/relaxed_state_060
irf	relaxed	061	/project2/rohs_102/shewchuk/TF-conformation/output/stage3_min_dnarelax/irf/1if1_state_061.pdb	/project2/rohs_102/shewchuk/TF-conformation/analysis/analyses/dna_relax/pycurves/irf/relaxed_state_061
irf	relaxed	062	/project2/rohs_102/shewchuk/TF-conformation/output/stage3_min_dnarelax/irf/1if1_state_062.pdb	/project2/rohs_102/shewchuk/TF-conformation/analysis/analyses/dna_relax/pycurves/irf/relaxed_state_062
irf	relaxed	063	/project2/rohs_102/shewchuk/TF-conformation/output/stage3_min_dnarelax/irf/1if1_state_063.pdb	/project2/rohs_102/shewchuk/TF-conformation/analysis/analyses/dna_relax/pycurves/irf/relaxed_state_063
irf	relaxed	064	/project2/rohs_102/shewchuk/TF-conformation/output/stage3_min_dnarelax/irf/1if1_state_064.pdb	/project2/rohs_102/shewchuk/TF-conformation/analysis/analyses/dna_relax/pycurves/irf/relaxed_state_064
irf	relaxed	065	/project2/rohs_102/shewchuk/TF-conformation/output/stage3_min_dnarelax/irf/1if1_state_065.pdb	/project2/rohs_102/shewchuk/TF-conformation/analysis/analyses/dna_relax/pycurves/irf/relaxed_state_065
irf	relaxed	066	/project2/rohs_102/shewchuk/TF-conformation/output/stage3_min_dnarelax/irf/1if1_state_066.pdb	/project2/rohs_102/shewchuk/TF-conformation/analysis/analyses/dna_relax/pycurves/irf/relaxed_state_066
irf	relaxed	067	/project2/rohs_102/shewchuk/TF-conformation/output/stage3_min_dnarelax/irf/1if1_state_067.pdb	/project2/rohs_102/shewchuk/TF-conformation/analysis/analyses/dna_relax/pycurves/irf/relaxed_state_067
irf	relaxed	068	/project2/rohs_102/shewchuk/TF-conformation/output/stage3_min_dnarelax/irf/1if1_state_068.pdb	/project2/rohs_102/shewchuk/TF-conformation/analysis/analyses/dna_relax/pycurves/irf/relaxed_state_068
irf	relaxed	069	/project2/rohs_102/shewchuk/TF-conformation/output/stage3_min_dnarelax/irf/1if1_state_069.pdb	/project2/rohs_102/shewchuk/TF-conformation/analysis/analyses/dna_relax/pycurves/irf/relaxed_state_069
irf	relaxed	070	/project2/rohs_102/shewchuk/TF-conformation/output/stage3_min_dnarelax/irf/1if1_state_070.pdb	/project2/rohs_102/shewchuk/TF-conformation/analysis/analyses/dna_relax/pycurves/irf/relaxed_state_070
irf	relaxed	071	/project2/rohs_102/shewchuk/TF-conformation/output/stage3_min_dnarelax/irf/1if1_state_071.pdb	/project2/rohs_102/shewchuk/TF-conformation/analysis/analyses/dna_relax/pycurves/irf/relaxed_state_071
irf	relaxed	072	/project2/rohs_102/shewchuk/TF-conformation/output/stage3_min_dnarelax/irf/1if1_state_072.pdb	/project2/rohs_102/shewchuk/TF-conformation/analysis/analyses/dna_relax/pycurves/irf/relaxed_state_072
irf	relaxed	073	/project2/rohs_102/shewchuk/TF-conformation/output/stage3_min_dnarelax/irf/1if1_state_073.pdb	/project2/rohs_102/shewchuk/TF-conformation/analysis/analyses/dna_relax/pycurves/irf/relaxed_state_073
irf	relaxed	074	/project2/rohs_102/shewchuk/TF-conformation/output/stage3_min_dnarelax/irf/1if1_state_074.pdb	/project2/rohs_102/shewchuk/TF-conformation/analysis/analyses/dna_relax/pycurves/irf/relaxed_state_074
irf	relaxed	075	/project2/rohs_102/shewchuk/TF-conformation/output/stage3_min_dnarelax/irf/1if1_state_075.pdb	/project2/rohs_102/shewchuk/TF-conformation/analysis/analyses/dna_relax/pycurves/irf/relaxed_state_075
irf	relaxed	076	/project2/rohs_102/shewchuk/TF-conformation/output/stage3_min_dnarelax/irf/1if1_state_076.pdb	/project2/rohs_102/shewchuk/TF-conformation/analysis/analyses/dna_relax/pycurves/irf/relaxed_state_076
irf	relaxed	078	/project2/rohs_102/shewchuk/TF-conformation/output/stage3_min_dnarelax/irf/1if1_state_078.pdb	/project2/rohs_102/shewchuk/TF-conformation/analysis/analyses/dna_relax/pycurves/irf/relaxed_state_078
irf	relaxed	079	/project2/rohs_102/shewchuk/TF-conformation/output/stage3_min_dnarelax/irf/1if1_state_079.pdb	/project2/rohs_102/shewchuk/TF-conformation/analysis/analyses/dna_relax/pycurves/irf/relaxed_state_079
irf	relaxed	080	/project2/rohs_102/shewchuk/TF-conformation/output/stage3_min_dnarelax/irf/1if1_state_080.pdb	/project2/rohs_102/shewchuk/TF-conformation/analysis/analyses/dna_relax/pycurves/irf/relaxed_state_080
irf	relaxed	081	/project2/rohs_102/shewchuk/TF-conformation/output/stage3_min_dnarelax/irf/1if1_state_081.pdb	/project2/rohs_102/shewchuk/TF-conformation/analysis/analyses/dna_relax/pycurves/irf/relaxed_state_081
irf	relaxed	082	/project2/rohs_102/shewchuk/TF-conformation/output/stage3_min_dnarelax/irf/1if1_state_082.pdb	/project2/rohs_102/shewchuk/TF-conformation/analysis/analyses/dna_relax/pycurves/irf/relaxed_state_082
irf	relaxed	083	/project2/rohs_102/shewchuk/TF-conformation/output/stage3_min_dnarelax/irf/1if1_state_083.pdb	/project2/rohs_102/shewchuk/TF-conformation/analysis/analyses/dna_relax/pycurves/irf/relaxed_state_083
irf	relaxed	084	/project2/rohs_102/shewchuk/TF-conformation/output/stage3_min_dnarelax/irf/1if1_state_084.pdb	/project2/rohs_102/shewchuk/TF-conformation/analysis/analyses/dna_relax/pycurves/irf/relaxed_state_084
irf	relaxed	085	/project2/rohs_102/shewchuk/TF-conformation/output/stage3_min_dnarelax/irf/1if1_state_085.pdb	/project2/rohs_102/shewchuk/TF-conformation/analysis/analyses/dna_relax/pycurves/irf/relaxed_state_085
irf	relaxed	086	/project2/rohs_102/shewchuk/TF-conformation/output/stage3_min_dnarelax/irf/1if1_state_086.pdb	/project2/rohs_102/shewchuk/TF-conformation/analysis/analyses/dna_relax/pycurves/irf/relaxed_state_086
irf	relaxed	087	/project2/rohs_102/shewchuk/TF-conformation/output/stage3_min_dnarelax/irf/1if1_state_087.pdb	/project2/rohs_102/shewchuk/TF-conformation/analysis/analyses/dna_relax/pycurves/irf/relaxed_state_087
irf	relaxed	088	/project2/rohs_102/shewchuk/TF-conformation/output/stage3_min_dnarelax/irf/1if1_state_088.pdb	/project2/rohs_102/shewchuk/TF-conformation/analysis/analyses/dna_relax/pycurves/irf/relaxed_state_088
irf	relaxed	089	/project2/rohs_102/shewchuk/TF-conformation/output/stage3_min_dnarelax/irf/1if1_state_089.pdb	/project2/rohs_102/shewchuk/TF-conformation/analysis/analyses/dna_relax/pycurves/irf/relaxed_state_089
irf	relaxed	090	/project2/rohs_102/shewchuk/TF-conformation/output/stage3_min_dnarelax/irf/1if1_state_090.pdb	/project2/rohs_102/shewchuk/TF-conformation/analysis/analyses/dna_relax/pycurves/irf/relaxed_state_090
irf	relaxed	091	/project2/rohs_102/shewchuk/TF-conformation/output/stage3_min_dnarelax/irf/1if1_state_091.pdb	/project2/rohs_102/shewchuk/TF-conformation/analysis/analyses/dna_relax/pycurves/irf/relaxed_state_091
irf	relaxed	092	/project2/rohs_102/shewchuk/TF-conformation/output/stage3_min_dnarelax/irf/1if1_state_092.pdb	/project2/rohs_102/shewchuk/TF-conformation/analysis/analyses/dna_relax/pycurves/irf/relaxed_state_092
irf	relaxed	093	/project2/rohs_102/shewchuk/TF-conformation/output/stage3_min_dnarelax/irf/1if1_state_093.pdb	/project2/rohs_102/shewchuk/TF-conformation/analysis/analyses/dna_relax/pycurves/irf/relaxed_state_093
irf	relaxed	094	/project2/rohs_102/shewchuk/TF-conformation/output/stage3_min_dnarelax/irf/1if1_state_094.pdb	/project2/rohs_102/shewchuk/TF-conformation/analysis/analyses/dna_relax/pycurves/irf/relaxed_state_094
irf	relaxed	095	/project2/rohs_102/shewchuk/TF-conformation/output/stage3_min_dnarelax/irf/1if1_state_095.pdb	/project2/rohs_102/shewchuk/TF-conformation/analysis/analyses/dna_relax/pycurves/irf/relaxed_state_095
nfat	crystal	crystal	/project2/rohs_102/shewchuk/TF-conformation/structures/source_chains/1a66_chains/1a66_dna.pdb	/project2/rohs_102/shewchuk/TF-conformation/analysis/analyses/dna_relax/pycurves/nfat/crystal
nfat	frozen	001	/project2/rohs_102/shewchuk/TF-conformation/output/stage3_min/nfat/1a66_state_001.pdb	/project2/rohs_102/shewchuk/TF-conformation/analysis/analyses/dna_relax/pycurves/nfat/frozen_state_001
nfat	frozen	002	/project2/rohs_102/shewchuk/TF-conformation/output/stage3_min/nfat/1a66_state_002.pdb	/project2/rohs_102/shewchuk/TF-conformation/analysis/analyses/dna_relax/pycurves/nfat/frozen_state_002
nfat	frozen	004	/project2/rohs_102/shewchuk/TF-conformation/output/stage3_min/nfat/1a66_state_004.pdb	/project2/rohs_102/shewchuk/TF-conformation/analysis/analyses/dna_relax/pycurves/nfat/frozen_state_004
nfat	frozen	005	/project2/rohs_102/shewchuk/TF-conformation/output/stage3_min/nfat/1a66_state_005.pdb	/project2/rohs_102/shewchuk/TF-conformation/analysis/analyses/dna_relax/pycurves/nfat/frozen_state_005
nfat	frozen	006	/project2/rohs_102/shewchuk/TF-conformation/output/stage3_min/nfat/1a66_state_006.pdb	/project2/rohs_102/shewchuk/TF-conformation/analysis/analyses/dna_relax/pycurves/nfat/frozen_state_006
nfat	frozen	007	/project2/rohs_102/shewchuk/TF-conformation/output/stage3_min/nfat/1a66_state_007.pdb	/project2/rohs_102/shewchuk/TF-conformation/analysis/analyses/dna_relax/pycurves/nfat/frozen_state_007
nfat	frozen	008	/project2/rohs_102/shewchuk/TF-conformation/output/stage3_min/nfat/1a66_state_008.pdb	/project2/rohs_102/shewchuk/TF-conformation/analysis/analyses/dna_relax/pycurves/nfat/frozen_state_008
nfat	frozen	009	/project2/rohs_102/shewchuk/TF-conformation/output/stage3_min/nfat/1a66_state_009.pdb	/project2/rohs_102/shewchuk/TF-conformation/analysis/analyses/dna_relax/pycurves/nfat/frozen_state_009
nfat	frozen	010	/project2/rohs_102/shewchuk/TF-conformation/output/stage3_min/nfat/1a66_state_010.pdb	/project2/rohs_102/shewchuk/TF-conformation/analysis/analyses/dna_relax/pycurves/nfat/frozen_state_010
nfat	frozen	011	/project2/rohs_102/shewchuk/TF-conformation/output/stage3_min/nfat/1a66_state_011.pdb	/project2/rohs_102/shewchuk/TF-conformation/analysis/analyses/dna_relax/pycurves/nfat/frozen_state_011
nfat	frozen	012	/project2/rohs_102/shewchuk/TF-conformation/output/stage3_min/nfat/1a66_state_012.pdb	/project2/rohs_102/shewchuk/TF-conformation/analysis/analyses/dna_relax/pycurves/nfat/frozen_state_012
nfat	frozen	013	/project2/rohs_102/shewchuk/TF-conformation/output/stage3_min/nfat/1a66_state_013.pdb	/project2/rohs_102/shewchuk/TF-conformation/analysis/analyses/dna_relax/pycurves/nfat/frozen_state_013
nfat	frozen	014	/project2/rohs_102/shewchuk/TF-conformation/output/stage3_min/nfat/1a66_state_014.pdb	/project2/rohs_102/shewchuk/TF-conformation/analysis/analyses/dna_relax/pycurves/nfat/frozen_state_014
nfat	frozen	015	/project2/rohs_102/shewchuk/TF-conformation/output/stage3_min/nfat/1a66_state_015.pdb	/project2/rohs_102/shewchuk/TF-conformation/analysis/analyses/dna_relax/pycurves/nfat/frozen_state_015
nfat	frozen	016	/project2/rohs_102/shewchuk/TF-conformation/output/stage3_min/nfat/1a66_state_016.pdb	/project2/rohs_102/shewchuk/TF-conformation/analysis/analyses/dna_relax/pycurves/nfat/frozen_state_016
nfat	frozen	017	/project2/rohs_102/shewchuk/TF-conformation/output/stage3_min/nfat/1a66_state_017.pdb	/project2/rohs_102/shewchuk/TF-conformation/analysis/analyses/dna_relax/pycurves/nfat/frozen_state_017
nfat	frozen	018	/project2/rohs_102/shewchuk/TF-conformation/output/stage3_min/nfat/1a66_state_018.pdb	/project2/rohs_102/shewchuk/TF-conformation/analysis/analyses/dna_relax/pycurves/nfat/frozen_state_018
nfat	frozen	019	/project2/rohs_102/shewchuk/TF-conformation/output/stage3_min/nfat/1a66_state_019.pdb	/project2/rohs_102/shewchuk/TF-conformation/analysis/analyses/dna_relax/pycurves/nfat/frozen_state_019
nfat	frozen	020	/project2/rohs_102/shewchuk/TF-conformation/output/stage3_min/nfat/1a66_state_020.pdb	/project2/rohs_102/shewchuk/TF-conformation/analysis/analyses/dna_relax/pycurves/nfat/frozen_state_020
nfat	frozen	021	/project2/rohs_102/shewchuk/TF-conformation/output/stage3_min/nfat/1a66_state_021.pdb	/project2/rohs_102/shewchuk/TF-conformation/analysis/analyses/dna_relax/pycurves/nfat/frozen_state_021
nfat	frozen	022	/project2/rohs_102/shewchuk/TF-conformation/output/stage3_min/nfat/1a66_state_022.pdb	/project2/rohs_102/shewchuk/TF-conformation/analysis/analyses/dna_relax/pycurves/nfat/frozen_state_022
nfat	frozen	023	/project2/rohs_102/shewchuk/TF-conformation/output/stage3_min/nfat/1a66_state_023.pdb	/project2/rohs_102/shewchuk/TF-conformation/analysis/analyses/dna_relax/pycurves/nfat/frozen_state_023
nfat	frozen	024	/project2/rohs_102/shewchuk/TF-conformation/output/stage3_min/nfat/1a66_state_024.pdb	/project2/rohs_102/shewchuk/TF-conformation/analysis/analyses/dna_relax/pycurves/nfat/frozen_state_024
nfat	frozen	025	/project2/rohs_102/shewchuk/TF-conformation/output/stage3_min/nfat/1a66_state_025.pdb	/project2/rohs_102/shewchuk/TF-conformation/analysis/analyses/dna_relax/pycurves/nfat/frozen_state_025
nfat	frozen	026	/project2/rohs_102/shewchuk/TF-conformation/output/stage3_min/nfat/1a66_state_026.pdb	/project2/rohs_102/shewchuk/TF-conformation/analysis/analyses/dna_relax/pycurves/nfat/frozen_state_026
nfat	frozen	027	/project2/rohs_102/shewchuk/TF-conformation/output/stage3_min/nfat/1a66_state_027.pdb	/project2/rohs_102/shewchuk/TF-conformation/analysis/analyses/dna_relax/pycurves/nfat/frozen_state_027
nfat	frozen	028	/project2/rohs_102/shewchuk/TF-conformation/output/stage3_min/nfat/1a66_state_028.pdb	/project2/rohs_102/shewchuk/TF-conformation/analysis/analyses/dna_relax/pycurves/nfat/frozen_state_028
nfat	frozen	029	/project2/rohs_102/shewchuk/TF-conformation/output/stage3_min/nfat/1a66_state_029.pdb	/project2/rohs_102/shewchuk/TF-conformation/analysis/analyses/dna_relax/pycurves/nfat/frozen_state_029
nfat	frozen	030	/project2/rohs_102/shewchuk/TF-conformation/output/stage3_min/nfat/1a66_state_030.pdb	/project2/rohs_102/shewchuk/TF-conformation/analysis/analyses/dna_relax/pycurves/nfat/frozen_state_030
nfat	frozen	031	/project2/rohs_102/shewchuk/TF-conformation/output/stage3_min/nfat/1a66_state_031.pdb	/project2/rohs_102/shewchuk/TF-conformation/analysis/analyses/dna_relax/pycurves/nfat/frozen_state_031
nfat	frozen	032	/project2/rohs_102/shewchuk/TF-conformation/output/stage3_min/nfat/1a66_state_032.pdb	/project2/rohs_102/shewchuk/TF-conformation/analysis/analyses/dna_relax/pycurves/nfat/frozen_state_032
nfat	frozen	033	/project2/rohs_102/shewchuk/TF-conformation/output/stage3_min/nfat/1a66_state_033.pdb	/project2/rohs_102/shewchuk/TF-conformation/analysis/analyses/dna_relax/pycurves/nfat/frozen_state_033
nfat	frozen	034	/project2/rohs_102/shewchuk/TF-conformation/output/stage3_min/nfat/1a66_state_034.pdb	/project2/rohs_102/shewchuk/TF-conformation/analysis/analyses/dna_relax/pycurves/nfat/frozen_state_034
nfat	frozen	035	/project2/rohs_102/shewchuk/TF-conformation/output/stage3_min/nfat/1a66_state_035.pdb	/project2/rohs_102/shewchuk/TF-conformation/analysis/analyses/dna_relax/pycurves/nfat/frozen_state_035
nfat	frozen	036	/project2/rohs_102/shewchuk/TF-conformation/output/stage3_min/nfat/1a66_state_036.pdb	/project2/rohs_102/shewchuk/TF-conformation/analysis/analyses/dna_relax/pycurves/nfat/frozen_state_036
nfat	frozen	037	/project2/rohs_102/shewchuk/TF-conformation/output/stage3_min/nfat/1a66_state_037.pdb	/project2/rohs_102/shewchuk/TF-conformation/analysis/analyses/dna_relax/pycurves/nfat/frozen_state_037
nfat	frozen	038	/project2/rohs_102/shewchuk/TF-conformation/output/stage3_min/nfat/1a66_state_038.pdb	/project2/rohs_102/shewchuk/TF-conformation/analysis/analyses/dna_relax/pycurves/nfat/frozen_state_038
nfat	frozen	039	/project2/rohs_102/shewchuk/TF-conformation/output/stage3_min/nfat/1a66_state_039.pdb	/project2/rohs_102/shewchuk/TF-conformation/analysis/analyses/dna_relax/pycurves/nfat/frozen_state_039
nfat	frozen	040	/project2/rohs_102/shewchuk/TF-conformation/output/stage3_min/nfat/1a66_state_040.pdb	/project2/rohs_102/shewchuk/TF-conformation/analysis/analyses/dna_relax/pycurves/nfat/frozen_state_040
nfat	frozen	041	/project2/rohs_102/shewchuk/TF-conformation/output/stage3_min/nfat/1a66_state_041.pdb	/project2/rohs_102/shewchuk/TF-conformation/analysis/analyses/dna_relax/pycurves/nfat/frozen_state_041
nfat	frozen	042	/project2/rohs_102/shewchuk/TF-conformation/output/stage3_min/nfat/1a66_state_042.pdb	/project2/rohs_102/shewchuk/TF-conformation/analysis/analyses/dna_relax/pycurves/nfat/frozen_state_042
nfat	frozen	043	/project2/rohs_102/shewchuk/TF-conformation/output/stage3_min/nfat/1a66_state_043.pdb	/project2/rohs_102/shewchuk/TF-conformation/analysis/analyses/dna_relax/pycurves/nfat/frozen_state_043
nfat	frozen	044	/project2/rohs_102/shewchuk/TF-conformation/output/stage3_min/nfat/1a66_state_044.pdb	/project2/rohs_102/shewchuk/TF-conformation/analysis/analyses/dna_relax/pycurves/nfat/frozen_state_044
nfat	frozen	045	/project2/rohs_102/shewchuk/TF-conformation/output/stage3_min/nfat/1a66_state_045.pdb	/project2/rohs_102/shewchuk/TF-conformation/analysis/analyses/dna_relax/pycurves/nfat/frozen_state_045
nfat	frozen	046	/project2/rohs_102/shewchuk/TF-conformation/output/stage3_min/nfat/1a66_state_046.pdb	/project2/rohs_102/shewchuk/TF-conformation/analysis/analyses/dna_relax/pycurves/nfat/frozen_state_046
nfat	frozen	047	/project2/rohs_102/shewchuk/TF-conformation/output/stage3_min/nfat/1a66_state_047.pdb	/project2/rohs_102/shewchuk/TF-conformation/analysis/analyses/dna_relax/pycurves/nfat/frozen_state_047
nfat	frozen	048	/project2/rohs_102/shewchuk/TF-conformation/output/stage3_min/nfat/1a66_state_048.pdb	/project2/rohs_102/shewchuk/TF-conformation/analysis/analyses/dna_relax/pycurves/nfat/frozen_state_048
nfat	frozen	049	/project2/rohs_102/shewchuk/TF-conformation/output/stage3_min/nfat/1a66_state_049.pdb	/project2/rohs_102/shewchuk/TF-conformation/analysis/analyses/dna_relax/pycurves/nfat/frozen_state_049
nfat	frozen	050	/project2/rohs_102/shewchuk/TF-conformation/output/stage3_min/nfat/1a66_state_050.pdb	/project2/rohs_102/shewchuk/TF-conformation/analysis/analyses/dna_relax/pycurves/nfat/frozen_state_050
nfat	frozen	051	/project2/rohs_102/shewchuk/TF-conformation/output/stage3_min/nfat/1a66_state_051.pdb	/project2/rohs_102/shewchuk/TF-conformation/analysis/analyses/dna_relax/pycurves/nfat/frozen_state_051
nfat	frozen	052	/project2/rohs_102/shewchuk/TF-conformation/output/stage3_min/nfat/1a66_state_052.pdb	/project2/rohs_102/shewchuk/TF-conformation/analysis/analyses/dna_relax/pycurves/nfat/frozen_state_052
nfat	frozen	053	/project2/rohs_102/shewchuk/TF-conformation/output/stage3_min/nfat/1a66_state_053.pdb	/project2/rohs_102/shewchuk/TF-conformation/analysis/analyses/dna_relax/pycurves/nfat/frozen_state_053
nfat	frozen	054	/project2/rohs_102/shewchuk/TF-conformation/output/stage3_min/nfat/1a66_state_054.pdb	/project2/rohs_102/shewchuk/TF-conformation/analysis/analyses/dna_relax/pycurves/nfat/frozen_state_054
nfat	frozen	055	/project2/rohs_102/shewchuk/TF-conformation/output/stage3_min/nfat/1a66_state_055.pdb	/project2/rohs_102/shewchuk/TF-conformation/analysis/analyses/dna_relax/pycurves/nfat/frozen_state_055
nfat	frozen	056	/project2/rohs_102/shewchuk/TF-conformation/output/stage3_min/nfat/1a66_state_056.pdb	/project2/rohs_102/shewchuk/TF-conformation/analysis/analyses/dna_relax/pycurves/nfat/frozen_state_056
nfat	frozen	057	/project2/rohs_102/shewchuk/TF-conformation/output/stage3_min/nfat/1a66_state_057.pdb	/project2/rohs_102/shewchuk/TF-conformation/analysis/analyses/dna_relax/pycurves/nfat/frozen_state_057
nfat	frozen	058	/project2/rohs_102/shewchuk/TF-conformation/output/stage3_min/nfat/1a66_state_058.pdb	/project2/rohs_102/shewchuk/TF-conformation/analysis/analyses/dna_relax/pycurves/nfat/frozen_state_058
nfat	frozen	059	/project2/rohs_102/shewchuk/TF-conformation/output/stage3_min/nfat/1a66_state_059.pdb	/project2/rohs_102/shewchuk/TF-conformation/analysis/analyses/dna_relax/pycurves/nfat/frozen_state_059
nfat	frozen	060	/project2/rohs_102/shewchuk/TF-conformation/output/stage3_min/nfat/1a66_state_060.pdb	/project2/rohs_102/shewchuk/TF-conformation/analysis/analyses/dna_relax/pycurves/nfat/frozen_state_060
nfat	frozen	061	/project2/rohs_102/shewchuk/TF-conformation/output/stage3_min/nfat/1a66_state_061.pdb	/project2/rohs_102/shewchuk/TF-conformation/analysis/analyses/dna_relax/pycurves/nfat/frozen_state_061
nfat	frozen	062	/project2/rohs_102/shewchuk/TF-conformation/output/stage3_min/nfat/1a66_state_062.pdb	/project2/rohs_102/shewchuk/TF-conformation/analysis/analyses/dna_relax/pycurves/nfat/frozen_state_062
nfat	frozen	063	/project2/rohs_102/shewchuk/TF-conformation/output/stage3_min/nfat/1a66_state_063.pdb	/project2/rohs_102/shewchuk/TF-conformation/analysis/analyses/dna_relax/pycurves/nfat/frozen_state_063
nfat	frozen	064	/project2/rohs_102/shewchuk/TF-conformation/output/stage3_min/nfat/1a66_state_064.pdb	/project2/rohs_102/shewchuk/TF-conformation/analysis/analyses/dna_relax/pycurves/nfat/frozen_state_064
nfat	frozen	065	/project2/rohs_102/shewchuk/TF-conformation/output/stage3_min/nfat/1a66_state_065.pdb	/project2/rohs_102/shewchuk/TF-conformation/analysis/analyses/dna_relax/pycurves/nfat/frozen_state_065
nfat	frozen	066	/project2/rohs_102/shewchuk/TF-conformation/output/stage3_min/nfat/1a66_state_066.pdb	/project2/rohs_102/shewchuk/TF-conformation/analysis/analyses/dna_relax/pycurves/nfat/frozen_state_066
nfat	frozen	067	/project2/rohs_102/shewchuk/TF-conformation/output/stage3_min/nfat/1a66_state_067.pdb	/project2/rohs_102/shewchuk/TF-conformation/analysis/analyses/dna_relax/pycurves/nfat/frozen_state_067
nfat	frozen	068	/project2/rohs_102/shewchuk/TF-conformation/output/stage3_min/nfat/1a66_state_068.pdb	/project2/rohs_102/shewchuk/TF-conformation/analysis/analyses/dna_relax/pycurves/nfat/frozen_state_068
nfat	frozen	069	/project2/rohs_102/shewchuk/TF-conformation/output/stage3_min/nfat/1a66_state_069.pdb	/project2/rohs_102/shewchuk/TF-conformation/analysis/analyses/dna_relax/pycurves/nfat/frozen_state_069
nfat	frozen	070	/project2/rohs_102/shewchuk/TF-conformation/output/stage3_min/nfat/1a66_state_070.pdb	/project2/rohs_102/shewchuk/TF-conformation/analysis/analyses/dna_relax/pycurves/nfat/frozen_state_070
nfat	frozen	071	/project2/rohs_102/shewchuk/TF-conformation/output/stage3_min/nfat/1a66_state_071.pdb	/project2/rohs_102/shewchuk/TF-conformation/analysis/analyses/dna_relax/pycurves/nfat/frozen_state_071
nfat	frozen	072	/project2/rohs_102/shewchuk/TF-conformation/output/stage3_min/nfat/1a66_state_072.pdb	/project2/rohs_102/shewchuk/TF-conformation/analysis/analyses/dna_relax/pycurves/nfat/frozen_state_072
nfat	frozen	073	/project2/rohs_102/shewchuk/TF-conformation/output/stage3_min/nfat/1a66_state_073.pdb	/project2/rohs_102/shewchuk/TF-conformation/analysis/analyses/dna_relax/pycurves/nfat/frozen_state_073
nfat	frozen	074	/project2/rohs_102/shewchuk/TF-conformation/output/stage3_min/nfat/1a66_state_074.pdb	/project2/rohs_102/shewchuk/TF-conformation/analysis/analyses/dna_relax/pycurves/nfat/frozen_state_074
nfat	frozen	075	/project2/rohs_102/shewchuk/TF-conformation/output/stage3_min/nfat/1a66_state_075.pdb	/project2/rohs_102/shewchuk/TF-conformation/analysis/analyses/dna_relax/pycurves/nfat/frozen_state_075
nfat	frozen	076	/project2/rohs_102/shewchuk/TF-conformation/output/stage3_min/nfat/1a66_state_076.pdb	/project2/rohs_102/shewchuk/TF-conformation/analysis/analyses/dna_relax/pycurves/nfat/frozen_state_076
nfat	frozen	077	/project2/rohs_102/shewchuk/TF-conformation/output/stage3_min/nfat/1a66_state_077.pdb	/project2/rohs_102/shewchuk/TF-conformation/analysis/analyses/dna_relax/pycurves/nfat/frozen_state_077
nfat	frozen	078	/project2/rohs_102/shewchuk/TF-conformation/output/stage3_min/nfat/1a66_state_078.pdb	/project2/rohs_102/shewchuk/TF-conformation/analysis/analyses/dna_relax/pycurves/nfat/frozen_state_078
nfat	frozen	079	/project2/rohs_102/shewchuk/TF-conformation/output/stage3_min/nfat/1a66_state_079.pdb	/project2/rohs_102/shewchuk/TF-conformation/analysis/analyses/dna_relax/pycurves/nfat/frozen_state_079
nfat	frozen	080	/project2/rohs_102/shewchuk/TF-conformation/output/stage3_min/nfat/1a66_state_080.pdb	/project2/rohs_102/shewchuk/TF-conformation/analysis/analyses/dna_relax/pycurves/nfat/frozen_state_080
nfat	frozen	081	/project2/rohs_102/shewchuk/TF-conformation/output/stage3_min/nfat/1a66_state_081.pdb	/project2/rohs_102/shewchuk/TF-conformation/analysis/analyses/dna_relax/pycurves/nfat/frozen_state_081
nfat	frozen	082	/project2/rohs_102/shewchuk/TF-conformation/output/stage3_min/nfat/1a66_state_082.pdb	/project2/rohs_102/shewchuk/TF-conformation/analysis/analyses/dna_relax/pycurves/nfat/frozen_state_082
nfat	frozen	083	/project2/rohs_102/shewchuk/TF-conformation/output/stage3_min/nfat/1a66_state_083.pdb	/project2/rohs_102/shewchuk/TF-conformation/analysis/analyses/dna_relax/pycurves/nfat/frozen_state_083
nfat	frozen	085	/project2/rohs_102/shewchuk/TF-conformation/output/stage3_min/nfat/1a66_state_085.pdb	/project2/rohs_102/shewchuk/TF-conformation/analysis/analyses/dna_relax/pycurves/nfat/frozen_state_085
nfat	frozen	086	/project2/rohs_102/shewchuk/TF-conformation/output/stage3_min/nfat/1a66_state_086.pdb	/project2/rohs_102/shewchuk/TF-conformation/analysis/analyses/dna_relax/pycurves/nfat/frozen_state_086
nfat	frozen	087	/project2/rohs_102/shewchuk/TF-conformation/output/stage3_min/nfat/1a66_state_087.pdb	/project2/rohs_102/shewchuk/TF-conformation/analysis/analyses/dna_relax/pycurves/nfat/frozen_state_087
nfat	frozen	088	/project2/rohs_102/shewchuk/TF-conformation/output/stage3_min/nfat/1a66_state_088.pdb	/project2/rohs_102/shewchuk/TF-conformation/analysis/analyses/dna_relax/pycurves/nfat/frozen_state_088
nfat	relaxed	001	/project2/rohs_102/shewchuk/TF-conformation/output/stage3_min_dnarelax/nfat/1a66_state_001.pdb	/project2/rohs_102/shewchuk/TF-conformation/analysis/analyses/dna_relax/pycurves/nfat/relaxed_state_001
nfat	relaxed	002	/project2/rohs_102/shewchuk/TF-conformation/output/stage3_min_dnarelax/nfat/1a66_state_002.pdb	/project2/rohs_102/shewchuk/TF-conformation/analysis/analyses/dna_relax/pycurves/nfat/relaxed_state_002
nfat	relaxed	003	/project2/rohs_102/shewchuk/TF-conformation/output/stage3_min_dnarelax/nfat/1a66_state_003.pdb	/project2/rohs_102/shewchuk/TF-conformation/analysis/analyses/dna_relax/pycurves/nfat/relaxed_state_003
nfat	relaxed	004	/project2/rohs_102/shewchuk/TF-conformation/output/stage3_min_dnarelax/nfat/1a66_state_004.pdb	/project2/rohs_102/shewchuk/TF-conformation/analysis/analyses/dna_relax/pycurves/nfat/relaxed_state_004
nfat	relaxed	005	/project2/rohs_102/shewchuk/TF-conformation/output/stage3_min_dnarelax/nfat/1a66_state_005.pdb	/project2/rohs_102/shewchuk/TF-conformation/analysis/analyses/dna_relax/pycurves/nfat/relaxed_state_005
nfat	relaxed	006	/project2/rohs_102/shewchuk/TF-conformation/output/stage3_min_dnarelax/nfat/1a66_state_006.pdb	/project2/rohs_102/shewchuk/TF-conformation/analysis/analyses/dna_relax/pycurves/nfat/relaxed_state_006
nfat	relaxed	007	/project2/rohs_102/shewchuk/TF-conformation/output/stage3_min_dnarelax/nfat/1a66_state_007.pdb	/project2/rohs_102/shewchuk/TF-conformation/analysis/analyses/dna_relax/pycurves/nfat/relaxed_state_007
nfat	relaxed	008	/project2/rohs_102/shewchuk/TF-conformation/output/stage3_min_dnarelax/nfat/1a66_state_008.pdb	/project2/rohs_102/shewchuk/TF-conformation/analysis/analyses/dna_relax/pycurves/nfat/relaxed_state_008
nfat	relaxed	009	/project2/rohs_102/shewchuk/TF-conformation/output/stage3_min_dnarelax/nfat/1a66_state_009.pdb	/project2/rohs_102/shewchuk/TF-conformation/analysis/analyses/dna_relax/pycurves/nfat/relaxed_state_009
nfat	relaxed	010	/project2/rohs_102/shewchuk/TF-conformation/output/stage3_min_dnarelax/nfat/1a66_state_010.pdb	/project2/rohs_102/shewchuk/TF-conformation/analysis/analyses/dna_relax/pycurves/nfat/relaxed_state_010
nfat	relaxed	011	/project2/rohs_102/shewchuk/TF-conformation/output/stage3_min_dnarelax/nfat/1a66_state_011.pdb	/project2/rohs_102/shewchuk/TF-conformation/analysis/analyses/dna_relax/pycurves/nfat/relaxed_state_011
nfat	relaxed	012	/project2/rohs_102/shewchuk/TF-conformation/output/stage3_min_dnarelax/nfat/1a66_state_012.pdb	/project2/rohs_102/shewchuk/TF-conformation/analysis/analyses/dna_relax/pycurves/nfat/relaxed_state_012
nfat	relaxed	013	/project2/rohs_102/shewchuk/TF-conformation/output/stage3_min_dnarelax/nfat/1a66_state_013.pdb	/project2/rohs_102/shewchuk/TF-conformation/analysis/analyses/dna_relax/pycurves/nfat/relaxed_state_013
nfat	relaxed	014	/project2/rohs_102/shewchuk/TF-conformation/output/stage3_min_dnarelax/nfat/1a66_state_014.pdb	/project2/rohs_102/shewchuk/TF-conformation/analysis/analyses/dna_relax/pycurves/nfat/relaxed_state_014
nfat	relaxed	015	/project2/rohs_102/shewchuk/TF-conformation/output/stage3_min_dnarelax/nfat/1a66_state_015.pdb	/project2/rohs_102/shewchuk/TF-conformation/analysis/analyses/dna_relax/pycurves/nfat/relaxed_state_015
nfat	relaxed	016	/project2/rohs_102/shewchuk/TF-conformation/output/stage3_min_dnarelax/nfat/1a66_state_016.pdb	/project2/rohs_102/shewchuk/TF-conformation/analysis/analyses/dna_relax/pycurves/nfat/relaxed_state_016
nfat	relaxed	017	/project2/rohs_102/shewchuk/TF-conformation/output/stage3_min_dnarelax/nfat/1a66_state_017.pdb	/project2/rohs_102/shewchuk/TF-conformation/analysis/analyses/dna_relax/pycurves/nfat/relaxed_state_017
nfat	relaxed	018	/project2/rohs_102/shewchuk/TF-conformation/output/stage3_min_dnarelax/nfat/1a66_state_018.pdb	/project2/rohs_102/shewchuk/TF-conformation/analysis/analyses/dna_relax/pycurves/nfat/relaxed_state_018
nfat	relaxed	019	/project2/rohs_102/shewchuk/TF-conformation/output/stage3_min_dnarelax/nfat/1a66_state_019.pdb	/project2/rohs_102/shewchuk/TF-conformation/analysis/analyses/dna_relax/pycurves/nfat/relaxed_state_019
nfat	relaxed	020	/project2/rohs_102/shewchuk/TF-conformation/output/stage3_min_dnarelax/nfat/1a66_state_020.pdb	/project2/rohs_102/shewchuk/TF-conformation/analysis/analyses/dna_relax/pycurves/nfat/relaxed_state_020
nfat	relaxed	021	/project2/rohs_102/shewchuk/TF-conformation/output/stage3_min_dnarelax/nfat/1a66_state_021.pdb	/project2/rohs_102/shewchuk/TF-conformation/analysis/analyses/dna_relax/pycurves/nfat/relaxed_state_021
nfat	relaxed	022	/project2/rohs_102/shewchuk/TF-conformation/output/stage3_min_dnarelax/nfat/1a66_state_022.pdb	/project2/rohs_102/shewchuk/TF-conformation/analysis/analyses/dna_relax/pycurves/nfat/relaxed_state_022
nfat	relaxed	023	/project2/rohs_102/shewchuk/TF-conformation/output/stage3_min_dnarelax/nfat/1a66_state_023.pdb	/project2/rohs_102/shewchuk/TF-conformation/analysis/analyses/dna_relax/pycurves/nfat/relaxed_state_023
nfat	relaxed	024	/project2/rohs_102/shewchuk/TF-conformation/output/stage3_min_dnarelax/nfat/1a66_state_024.pdb	/project2/rohs_102/shewchuk/TF-conformation/analysis/analyses/dna_relax/pycurves/nfat/relaxed_state_024
nfat	relaxed	025	/project2/rohs_102/shewchuk/TF-conformation/output/stage3_min_dnarelax/nfat/1a66_state_025.pdb	/project2/rohs_102/shewchuk/TF-conformation/analysis/analyses/dna_relax/pycurves/nfat/relaxed_state_025
nfat	relaxed	026	/project2/rohs_102/shewchuk/TF-conformation/output/stage3_min_dnarelax/nfat/1a66_state_026.pdb	/project2/rohs_102/shewchuk/TF-conformation/analysis/analyses/dna_relax/pycurves/nfat/relaxed_state_026
nfat	relaxed	027	/project2/rohs_102/shewchuk/TF-conformation/output/stage3_min_dnarelax/nfat/1a66_state_027.pdb	/project2/rohs_102/shewchuk/TF-conformation/analysis/analyses/dna_relax/pycurves/nfat/relaxed_state_027
nfat	relaxed	028	/project2/rohs_102/shewchuk/TF-conformation/output/stage3_min_dnarelax/nfat/1a66_state_028.pdb	/project2/rohs_102/shewchuk/TF-conformation/analysis/analyses/dna_relax/pycurves/nfat/relaxed_state_028
nfat	relaxed	029	/project2/rohs_102/shewchuk/TF-conformation/output/stage3_min_dnarelax/nfat/1a66_state_029.pdb	/project2/rohs_102/shewchuk/TF-conformation/analysis/analyses/dna_relax/pycurves/nfat/relaxed_state_029
nfat	relaxed	030	/project2/rohs_102/shewchuk/TF-conformation/output/stage3_min_dnarelax/nfat/1a66_state_030.pdb	/project2/rohs_102/shewchuk/TF-conformation/analysis/analyses/dna_relax/pycurves/nfat/relaxed_state_030
nfat	relaxed	031	/project2/rohs_102/shewchuk/TF-conformation/output/stage3_min_dnarelax/nfat/1a66_state_031.pdb	/project2/rohs_102/shewchuk/TF-conformation/analysis/analyses/dna_relax/pycurves/nfat/relaxed_state_031
nfat	relaxed	032	/project2/rohs_102/shewchuk/TF-conformation/output/stage3_min_dnarelax/nfat/1a66_state_032.pdb	/project2/rohs_102/shewchuk/TF-conformation/analysis/analyses/dna_relax/pycurves/nfat/relaxed_state_032
nfat	relaxed	033	/project2/rohs_102/shewchuk/TF-conformation/output/stage3_min_dnarelax/nfat/1a66_state_033.pdb	/project2/rohs_102/shewchuk/TF-conformation/analysis/analyses/dna_relax/pycurves/nfat/relaxed_state_033
nfat	relaxed	034	/project2/rohs_102/shewchuk/TF-conformation/output/stage3_min_dnarelax/nfat/1a66_state_034.pdb	/project2/rohs_102/shewchuk/TF-conformation/analysis/analyses/dna_relax/pycurves/nfat/relaxed_state_034
nfat	relaxed	035	/project2/rohs_102/shewchuk/TF-conformation/output/stage3_min_dnarelax/nfat/1a66_state_035.pdb	/project2/rohs_102/shewchuk/TF-conformation/analysis/analyses/dna_relax/pycurves/nfat/relaxed_state_035
nfat	relaxed	036	/project2/rohs_102/shewchuk/TF-conformation/output/stage3_min_dnarelax/nfat/1a66_state_036.pdb	/project2/rohs_102/shewchuk/TF-conformation/analysis/analyses/dna_relax/pycurves/nfat/relaxed_state_036
nfat	relaxed	037	/project2/rohs_102/shewchuk/TF-conformation/output/stage3_min_dnarelax/nfat/1a66_state_037.pdb	/project2/rohs_102/shewchuk/TF-conformation/analysis/analyses/dna_relax/pycurves/nfat/relaxed_state_037
nfat	relaxed	038	/project2/rohs_102/shewchuk/TF-conformation/output/stage3_min_dnarelax/nfat/1a66_state_038.pdb	/project2/rohs_102/shewchuk/TF-conformation/analysis/analyses/dna_relax/pycurves/nfat/relaxed_state_038
nfat	relaxed	039	/project2/rohs_102/shewchuk/TF-conformation/output/stage3_min_dnarelax/nfat/1a66_state_039.pdb	/project2/rohs_102/shewchuk/TF-conformation/analysis/analyses/dna_relax/pycurves/nfat/relaxed_state_039
nfat	relaxed	040	/project2/rohs_102/shewchuk/TF-conformation/output/stage3_min_dnarelax/nfat/1a66_state_040.pdb	/project2/rohs_102/shewchuk/TF-conformation/analysis/analyses/dna_relax/pycurves/nfat/relaxed_state_040
nfat	relaxed	041	/project2/rohs_102/shewchuk/TF-conformation/output/stage3_min_dnarelax/nfat/1a66_state_041.pdb	/project2/rohs_102/shewchuk/TF-conformation/analysis/analyses/dna_relax/pycurves/nfat/relaxed_state_041
nfat	relaxed	042	/project2/rohs_102/shewchuk/TF-conformation/output/stage3_min_dnarelax/nfat/1a66_state_042.pdb	/project2/rohs_102/shewchuk/TF-conformation/analysis/analyses/dna_relax/pycurves/nfat/relaxed_state_042
nfat	relaxed	043	/project2/rohs_102/shewchuk/TF-conformation/output/stage3_min_dnarelax/nfat/1a66_state_043.pdb	/project2/rohs_102/shewchuk/TF-conformation/analysis/analyses/dna_relax/pycurves/nfat/relaxed_state_043
nfat	relaxed	044	/project2/rohs_102/shewchuk/TF-conformation/output/stage3_min_dnarelax/nfat/1a66_state_044.pdb	/project2/rohs_102/shewchuk/TF-conformation/analysis/analyses/dna_relax/pycurves/nfat/relaxed_state_044
nfat	relaxed	045	/project2/rohs_102/shewchuk/TF-conformation/output/stage3_min_dnarelax/nfat/1a66_state_045.pdb	/project2/rohs_102/shewchuk/TF-conformation/analysis/analyses/dna_relax/pycurves/nfat/relaxed_state_045
nfat	relaxed	046	/project2/rohs_102/shewchuk/TF-conformation/output/stage3_min_dnarelax/nfat/1a66_state_046.pdb	/project2/rohs_102/shewchuk/TF-conformation/analysis/analyses/dna_relax/pycurves/nfat/relaxed_state_046
nfat	relaxed	047	/project2/rohs_102/shewchuk/TF-conformation/output/stage3_min_dnarelax/nfat/1a66_state_047.pdb	/project2/rohs_102/shewchuk/TF-conformation/analysis/analyses/dna_relax/pycurves/nfat/relaxed_state_047
nfat	relaxed	048	/project2/rohs_102/shewchuk/TF-conformation/output/stage3_min_dnarelax/nfat/1a66_state_048.pdb	/project2/rohs_102/shewchuk/TF-conformation/analysis/analyses/dna_relax/pycurves/nfat/relaxed_state_048
nfat	relaxed	049	/project2/rohs_102/shewchuk/TF-conformation/output/stage3_min_dnarelax/nfat/1a66_state_049.pdb	/project2/rohs_102/shewchuk/TF-conformation/analysis/analyses/dna_relax/pycurves/nfat/relaxed_state_049
nfat	relaxed	050	/project2/rohs_102/shewchuk/TF-conformation/output/stage3_min_dnarelax/nfat/1a66_state_050.pdb	/project2/rohs_102/shewchuk/TF-conformation/analysis/analyses/dna_relax/pycurves/nfat/relaxed_state_050
nfat	relaxed	051	/project2/rohs_102/shewchuk/TF-conformation/output/stage3_min_dnarelax/nfat/1a66_state_051.pdb	/project2/rohs_102/shewchuk/TF-conformation/analysis/analyses/dna_relax/pycurves/nfat/relaxed_state_051
nfat	relaxed	052	/project2/rohs_102/shewchuk/TF-conformation/output/stage3_min_dnarelax/nfat/1a66_state_052.pdb	/project2/rohs_102/shewchuk/TF-conformation/analysis/analyses/dna_relax/pycurves/nfat/relaxed_state_052
nfat	relaxed	053	/project2/rohs_102/shewchuk/TF-conformation/output/stage3_min_dnarelax/nfat/1a66_state_053.pdb	/project2/rohs_102/shewchuk/TF-conformation/analysis/analyses/dna_relax/pycurves/nfat/relaxed_state_053
nfat	relaxed	054	/project2/rohs_102/shewchuk/TF-conformation/output/stage3_min_dnarelax/nfat/1a66_state_054.pdb	/project2/rohs_102/shewchuk/TF-conformation/analysis/analyses/dna_relax/pycurves/nfat/relaxed_state_054
nfat	relaxed	055	/project2/rohs_102/shewchuk/TF-conformation/output/stage3_min_dnarelax/nfat/1a66_state_055.pdb	/project2/rohs_102/shewchuk/TF-conformation/analysis/analyses/dna_relax/pycurves/nfat/relaxed_state_055
nfat	relaxed	056	/project2/rohs_102/shewchuk/TF-conformation/output/stage3_min_dnarelax/nfat/1a66_state_056.pdb	/project2/rohs_102/shewchuk/TF-conformation/analysis/analyses/dna_relax/pycurves/nfat/relaxed_state_056
nfat	relaxed	057	/project2/rohs_102/shewchuk/TF-conformation/output/stage3_min_dnarelax/nfat/1a66_state_057.pdb	/project2/rohs_102/shewchuk/TF-conformation/analysis/analyses/dna_relax/pycurves/nfat/relaxed_state_057
nfat	relaxed	058	/project2/rohs_102/shewchuk/TF-conformation/output/stage3_min_dnarelax/nfat/1a66_state_058.pdb	/project2/rohs_102/shewchuk/TF-conformation/analysis/analyses/dna_relax/pycurves/nfat/relaxed_state_058
nfat	relaxed	059	/project2/rohs_102/shewchuk/TF-conformation/output/stage3_min_dnarelax/nfat/1a66_state_059.pdb	/project2/rohs_102/shewchuk/TF-conformation/analysis/analyses/dna_relax/pycurves/nfat/relaxed_state_059
nfat	relaxed	060	/project2/rohs_102/shewchuk/TF-conformation/output/stage3_min_dnarelax/nfat/1a66_state_060.pdb	/project2/rohs_102/shewchuk/TF-conformation/analysis/analyses/dna_relax/pycurves/nfat/relaxed_state_060
nfat	relaxed	061	/project2/rohs_102/shewchuk/TF-conformation/output/stage3_min_dnarelax/nfat/1a66_state_061.pdb	/project2/rohs_102/shewchuk/TF-conformation/analysis/analyses/dna_relax/pycurves/nfat/relaxed_state_061
nfat	relaxed	062	/project2/rohs_102/shewchuk/TF-conformation/output/stage3_min_dnarelax/nfat/1a66_state_062.pdb	/project2/rohs_102/shewchuk/TF-conformation/analysis/analyses/dna_relax/pycurves/nfat/relaxed_state_062
nfat	relaxed	063	/project2/rohs_102/shewchuk/TF-conformation/output/stage3_min_dnarelax/nfat/1a66_state_063.pdb	/project2/rohs_102/shewchuk/TF-conformation/analysis/analyses/dna_relax/pycurves/nfat/relaxed_state_063
nfat	relaxed	064	/project2/rohs_102/shewchuk/TF-conformation/output/stage3_min_dnarelax/nfat/1a66_state_064.pdb	/project2/rohs_102/shewchuk/TF-conformation/analysis/analyses/dna_relax/pycurves/nfat/relaxed_state_064
nfat	relaxed	065	/project2/rohs_102/shewchuk/TF-conformation/output/stage3_min_dnarelax/nfat/1a66_state_065.pdb	/project2/rohs_102/shewchuk/TF-conformation/analysis/analyses/dna_relax/pycurves/nfat/relaxed_state_065
nfat	relaxed	066	/project2/rohs_102/shewchuk/TF-conformation/output/stage3_min_dnarelax/nfat/1a66_state_066.pdb	/project2/rohs_102/shewchuk/TF-conformation/analysis/analyses/dna_relax/pycurves/nfat/relaxed_state_066
nfat	relaxed	067	/project2/rohs_102/shewchuk/TF-conformation/output/stage3_min_dnarelax/nfat/1a66_state_067.pdb	/project2/rohs_102/shewchuk/TF-conformation/analysis/analyses/dna_relax/pycurves/nfat/relaxed_state_067
nfat	relaxed	068	/project2/rohs_102/shewchuk/TF-conformation/output/stage3_min_dnarelax/nfat/1a66_state_068.pdb	/project2/rohs_102/shewchuk/TF-conformation/analysis/analyses/dna_relax/pycurves/nfat/relaxed_state_068
nfat	relaxed	069	/project2/rohs_102/shewchuk/TF-conformation/output/stage3_min_dnarelax/nfat/1a66_state_069.pdb	/project2/rohs_102/shewchuk/TF-conformation/analysis/analyses/dna_relax/pycurves/nfat/relaxed_state_069
nfat	relaxed	070	/project2/rohs_102/shewchuk/TF-conformation/output/stage3_min_dnarelax/nfat/1a66_state_070.pdb	/project2/rohs_102/shewchuk/TF-conformation/analysis/analyses/dna_relax/pycurves/nfat/relaxed_state_070
nfat	relaxed	071	/project2/rohs_102/shewchuk/TF-conformation/output/stage3_min_dnarelax/nfat/1a66_state_071.pdb	/project2/rohs_102/shewchuk/TF-conformation/analysis/analyses/dna_relax/pycurves/nfat/relaxed_state_071
nfat	relaxed	072	/project2/rohs_102/shewchuk/TF-conformation/output/stage3_min_dnarelax/nfat/1a66_state_072.pdb	/project2/rohs_102/shewchuk/TF-conformation/analysis/analyses/dna_relax/pycurves/nfat/relaxed_state_072
nfat	relaxed	073	/project2/rohs_102/shewchuk/TF-conformation/output/stage3_min_dnarelax/nfat/1a66_state_073.pdb	/project2/rohs_102/shewchuk/TF-conformation/analysis/analyses/dna_relax/pycurves/nfat/relaxed_state_073
nfat	relaxed	074	/project2/rohs_102/shewchuk/TF-conformation/output/stage3_min_dnarelax/nfat/1a66_state_074.pdb	/project2/rohs_102/shewchuk/TF-conformation/analysis/analyses/dna_relax/pycurves/nfat/relaxed_state_074
nfat	relaxed	075	/project2/rohs_102/shewchuk/TF-conformation/output/stage3_min_dnarelax/nfat/1a66_state_075.pdb	/project2/rohs_102/shewchuk/TF-conformation/analysis/analyses/dna_relax/pycurves/nfat/relaxed_state_075
nfat	relaxed	076	/project2/rohs_102/shewchuk/TF-conformation/output/stage3_min_dnarelax/nfat/1a66_state_076.pdb	/project2/rohs_102/shewchuk/TF-conformation/analysis/analyses/dna_relax/pycurves/nfat/relaxed_state_076
nfat	relaxed	077	/project2/rohs_102/shewchuk/TF-conformation/output/stage3_min_dnarelax/nfat/1a66_state_077.pdb	/project2/rohs_102/shewchuk/TF-conformation/analysis/analyses/dna_relax/pycurves/nfat/relaxed_state_077
nfat	relaxed	078	/project2/rohs_102/shewchuk/TF-conformation/output/stage3_min_dnarelax/nfat/1a66_state_078.pdb	/project2/rohs_102/shewchuk/TF-conformation/analysis/analyses/dna_relax/pycurves/nfat/relaxed_state_078
nfat	relaxed	079	/project2/rohs_102/shewchuk/TF-conformation/output/stage3_min_dnarelax/nfat/1a66_state_079.pdb	/project2/rohs_102/shewchuk/TF-conformation/analysis/analyses/dna_relax/pycurves/nfat/relaxed_state_079
nfat	relaxed	080	/project2/rohs_102/shewchuk/TF-conformation/output/stage3_min_dnarelax/nfat/1a66_state_080.pdb	/project2/rohs_102/shewchuk/TF-conformation/analysis/analyses/dna_relax/pycurves/nfat/relaxed_state_080
nfat	relaxed	081	/project2/rohs_102/shewchuk/TF-conformation/output/stage3_min_dnarelax/nfat/1a66_state_081.pdb	/project2/rohs_102/shewchuk/TF-conformation/analysis/analyses/dna_relax/pycurves/nfat/relaxed_state_081
nfat	relaxed	082	/project2/rohs_102/shewchuk/TF-conformation/output/stage3_min_dnarelax/nfat/1a66_state_082.pdb	/project2/rohs_102/shewchuk/TF-conformation/analysis/analyses/dna_relax/pycurves/nfat/relaxed_state_082
nfat	relaxed	083	/project2/rohs_102/shewchuk/TF-conformation/output/stage3_min_dnarelax/nfat/1a66_state_083.pdb	/project2/rohs_102/shewchuk/TF-conformation/analysis/analyses/dna_relax/pycurves/nfat/relaxed_state_083
nfat	relaxed	084	/project2/rohs_102/shewchuk/TF-conformation/output/stage3_min_dnarelax/nfat/1a66_state_084.pdb	/project2/rohs_102/shewchuk/TF-conformation/analysis/analyses/dna_relax/pycurves/nfat/relaxed_state_084
nfat	relaxed	085	/project2/rohs_102/shewchuk/TF-conformation/output/stage3_min_dnarelax/nfat/1a66_state_085.pdb	/project2/rohs_102/shewchuk/TF-conformation/analysis/analyses/dna_relax/pycurves/nfat/relaxed_state_085
nfat	relaxed	086	/project2/rohs_102/shewchuk/TF-conformation/output/stage3_min_dnarelax/nfat/1a66_state_086.pdb	/project2/rohs_102/shewchuk/TF-conformation/analysis/analyses/dna_relax/pycurves/nfat/relaxed_state_086
nfat	relaxed	087	/project2/rohs_102/shewchuk/TF-conformation/output/stage3_min_dnarelax/nfat/1a66_state_087.pdb	/project2/rohs_102/shewchuk/TF-conformation/analysis/analyses/dna_relax/pycurves/nfat/relaxed_state_087
nfat	relaxed	088	/project2/rohs_102/shewchuk/TF-conformation/output/stage3_min_dnarelax/nfat/1a66_state_088.pdb	/project2/rohs_102/shewchuk/TF-conformation/analysis/analyses/dna_relax/pycurves/nfat/relaxed_state_088
csl	crystal	crystal	/project2/rohs_102/shewchuk/TF-conformation/structures/source_chains/3brg_chains/3brg_dna.pdb	/project2/rohs_102/shewchuk/TF-conformation/analysis/analyses/dna_relax/pycurves/csl/crystal
csl	frozen	001	/project2/rohs_102/shewchuk/TF-conformation/output/stage3_min/csl/3brg_state_001.pdb	/project2/rohs_102/shewchuk/TF-conformation/analysis/analyses/dna_relax/pycurves/csl/frozen_state_001
csl	frozen	002	/project2/rohs_102/shewchuk/TF-conformation/output/stage3_min/csl/3brg_state_002.pdb	/project2/rohs_102/shewchuk/TF-conformation/analysis/analyses/dna_relax/pycurves/csl/frozen_state_002
csl	frozen	003	/project2/rohs_102/shewchuk/TF-conformation/output/stage3_min/csl/3brg_state_003.pdb	/project2/rohs_102/shewchuk/TF-conformation/analysis/analyses/dna_relax/pycurves/csl/frozen_state_003
csl	frozen	004	/project2/rohs_102/shewchuk/TF-conformation/output/stage3_min/csl/3brg_state_004.pdb	/project2/rohs_102/shewchuk/TF-conformation/analysis/analyses/dna_relax/pycurves/csl/frozen_state_004
csl	frozen	005	/project2/rohs_102/shewchuk/TF-conformation/output/stage3_min/csl/3brg_state_005.pdb	/project2/rohs_102/shewchuk/TF-conformation/analysis/analyses/dna_relax/pycurves/csl/frozen_state_005
csl	frozen	006	/project2/rohs_102/shewchuk/TF-conformation/output/stage3_min/csl/3brg_state_006.pdb	/project2/rohs_102/shewchuk/TF-conformation/analysis/analyses/dna_relax/pycurves/csl/frozen_state_006
csl	frozen	007	/project2/rohs_102/shewchuk/TF-conformation/output/stage3_min/csl/3brg_state_007.pdb	/project2/rohs_102/shewchuk/TF-conformation/analysis/analyses/dna_relax/pycurves/csl/frozen_state_007
csl	frozen	008	/project2/rohs_102/shewchuk/TF-conformation/output/stage3_min/csl/3brg_state_008.pdb	/project2/rohs_102/shewchuk/TF-conformation/analysis/analyses/dna_relax/pycurves/csl/frozen_state_008
csl	frozen	009	/project2/rohs_102/shewchuk/TF-conformation/output/stage3_min/csl/3brg_state_009.pdb	/project2/rohs_102/shewchuk/TF-conformation/analysis/analyses/dna_relax/pycurves/csl/frozen_state_009
csl	frozen	010	/project2/rohs_102/shewchuk/TF-conformation/output/stage3_min/csl/3brg_state_010.pdb	/project2/rohs_102/shewchuk/TF-conformation/analysis/analyses/dna_relax/pycurves/csl/frozen_state_010
csl	frozen	011	/project2/rohs_102/shewchuk/TF-conformation/output/stage3_min/csl/3brg_state_011.pdb	/project2/rohs_102/shewchuk/TF-conformation/analysis/analyses/dna_relax/pycurves/csl/frozen_state_011
csl	frozen	012	/project2/rohs_102/shewchuk/TF-conformation/output/stage3_min/csl/3brg_state_012.pdb	/project2/rohs_102/shewchuk/TF-conformation/analysis/analyses/dna_relax/pycurves/csl/frozen_state_012
csl	frozen	013	/project2/rohs_102/shewchuk/TF-conformation/output/stage3_min/csl/3brg_state_013.pdb	/project2/rohs_102/shewchuk/TF-conformation/analysis/analyses/dna_relax/pycurves/csl/frozen_state_013
csl	frozen	014	/project2/rohs_102/shewchuk/TF-conformation/output/stage3_min/csl/3brg_state_014.pdb	/project2/rohs_102/shewchuk/TF-conformation/analysis/analyses/dna_relax/pycurves/csl/frozen_state_014
csl	frozen	015	/project2/rohs_102/shewchuk/TF-conformation/output/stage3_min/csl/3brg_state_015.pdb	/project2/rohs_102/shewchuk/TF-conformation/analysis/analyses/dna_relax/pycurves/csl/frozen_state_015
csl	frozen	016	/project2/rohs_102/shewchuk/TF-conformation/output/stage3_min/csl/3brg_state_016.pdb	/project2/rohs_102/shewchuk/TF-conformation/analysis/analyses/dna_relax/pycurves/csl/frozen_state_016
csl	frozen	017	/project2/rohs_102/shewchuk/TF-conformation/output/stage3_min/csl/3brg_state_017.pdb	/project2/rohs_102/shewchuk/TF-conformation/analysis/analyses/dna_relax/pycurves/csl/frozen_state_017
csl	frozen	018	/project2/rohs_102/shewchuk/TF-conformation/output/stage3_min/csl/3brg_state_018.pdb	/project2/rohs_102/shewchuk/TF-conformation/analysis/analyses/dna_relax/pycurves/csl/frozen_state_018
csl	frozen	020	/project2/rohs_102/shewchuk/TF-conformation/output/stage3_min/csl/3brg_state_020.pdb	/project2/rohs_102/shewchuk/TF-conformation/analysis/analyses/dna_relax/pycurves/csl/frozen_state_020
csl	frozen	021	/project2/rohs_102/shewchuk/TF-conformation/output/stage3_min/csl/3brg_state_021.pdb	/project2/rohs_102/shewchuk/TF-conformation/analysis/analyses/dna_relax/pycurves/csl/frozen_state_021
csl	frozen	022	/project2/rohs_102/shewchuk/TF-conformation/output/stage3_min/csl/3brg_state_022.pdb	/project2/rohs_102/shewchuk/TF-conformation/analysis/analyses/dna_relax/pycurves/csl/frozen_state_022
csl	frozen	023	/project2/rohs_102/shewchuk/TF-conformation/output/stage3_min/csl/3brg_state_023.pdb	/project2/rohs_102/shewchuk/TF-conformation/analysis/analyses/dna_relax/pycurves/csl/frozen_state_023
csl	frozen	024	/project2/rohs_102/shewchuk/TF-conformation/output/stage3_min/csl/3brg_state_024.pdb	/project2/rohs_102/shewchuk/TF-conformation/analysis/analyses/dna_relax/pycurves/csl/frozen_state_024
csl	frozen	025	/project2/rohs_102/shewchuk/TF-conformation/output/stage3_min/csl/3brg_state_025.pdb	/project2/rohs_102/shewchuk/TF-conformation/analysis/analyses/dna_relax/pycurves/csl/frozen_state_025
csl	frozen	026	/project2/rohs_102/shewchuk/TF-conformation/output/stage3_min/csl/3brg_state_026.pdb	/project2/rohs_102/shewchuk/TF-conformation/analysis/analyses/dna_relax/pycurves/csl/frozen_state_026
csl	frozen	027	/project2/rohs_102/shewchuk/TF-conformation/output/stage3_min/csl/3brg_state_027.pdb	/project2/rohs_102/shewchuk/TF-conformation/analysis/analyses/dna_relax/pycurves/csl/frozen_state_027
csl	frozen	028	/project2/rohs_102/shewchuk/TF-conformation/output/stage3_min/csl/3brg_state_028.pdb	/project2/rohs_102/shewchuk/TF-conformation/analysis/analyses/dna_relax/pycurves/csl/frozen_state_028
csl	frozen	029	/project2/rohs_102/shewchuk/TF-conformation/output/stage3_min/csl/3brg_state_029.pdb	/project2/rohs_102/shewchuk/TF-conformation/analysis/analyses/dna_relax/pycurves/csl/frozen_state_029
csl	frozen	030	/project2/rohs_102/shewchuk/TF-conformation/output/stage3_min/csl/3brg_state_030.pdb	/project2/rohs_102/shewchuk/TF-conformation/analysis/analyses/dna_relax/pycurves/csl/frozen_state_030
csl	frozen	031	/project2/rohs_102/shewchuk/TF-conformation/output/stage3_min/csl/3brg_state_031.pdb	/project2/rohs_102/shewchuk/TF-conformation/analysis/analyses/dna_relax/pycurves/csl/frozen_state_031
csl	frozen	032	/project2/rohs_102/shewchuk/TF-conformation/output/stage3_min/csl/3brg_state_032.pdb	/project2/rohs_102/shewchuk/TF-conformation/analysis/analyses/dna_relax/pycurves/csl/frozen_state_032
csl	frozen	033	/project2/rohs_102/shewchuk/TF-conformation/output/stage3_min/csl/3brg_state_033.pdb	/project2/rohs_102/shewchuk/TF-conformation/analysis/analyses/dna_relax/pycurves/csl/frozen_state_033
csl	frozen	035	/project2/rohs_102/shewchuk/TF-conformation/output/stage3_min/csl/3brg_state_035.pdb	/project2/rohs_102/shewchuk/TF-conformation/analysis/analyses/dna_relax/pycurves/csl/frozen_state_035
csl	frozen	036	/project2/rohs_102/shewchuk/TF-conformation/output/stage3_min/csl/3brg_state_036.pdb	/project2/rohs_102/shewchuk/TF-conformation/analysis/analyses/dna_relax/pycurves/csl/frozen_state_036
csl	frozen	037	/project2/rohs_102/shewchuk/TF-conformation/output/stage3_min/csl/3brg_state_037.pdb	/project2/rohs_102/shewchuk/TF-conformation/analysis/analyses/dna_relax/pycurves/csl/frozen_state_037
csl	frozen	038	/project2/rohs_102/shewchuk/TF-conformation/output/stage3_min/csl/3brg_state_038.pdb	/project2/rohs_102/shewchuk/TF-conformation/analysis/analyses/dna_relax/pycurves/csl/frozen_state_038
csl	frozen	039	/project2/rohs_102/shewchuk/TF-conformation/output/stage3_min/csl/3brg_state_039.pdb	/project2/rohs_102/shewchuk/TF-conformation/analysis/analyses/dna_relax/pycurves/csl/frozen_state_039
csl	frozen	040	/project2/rohs_102/shewchuk/TF-conformation/output/stage3_min/csl/3brg_state_040.pdb	/project2/rohs_102/shewchuk/TF-conformation/analysis/analyses/dna_relax/pycurves/csl/frozen_state_040
csl	frozen	041	/project2/rohs_102/shewchuk/TF-conformation/output/stage3_min/csl/3brg_state_041.pdb	/project2/rohs_102/shewchuk/TF-conformation/analysis/analyses/dna_relax/pycurves/csl/frozen_state_041
csl	frozen	042	/project2/rohs_102/shewchuk/TF-conformation/output/stage3_min/csl/3brg_state_042.pdb	/project2/rohs_102/shewchuk/TF-conformation/analysis/analyses/dna_relax/pycurves/csl/frozen_state_042
csl	frozen	043	/project2/rohs_102/shewchuk/TF-conformation/output/stage3_min/csl/3brg_state_043.pdb	/project2/rohs_102/shewchuk/TF-conformation/analysis/analyses/dna_relax/pycurves/csl/frozen_state_043
csl	frozen	044	/project2/rohs_102/shewchuk/TF-conformation/output/stage3_min/csl/3brg_state_044.pdb	/project2/rohs_102/shewchuk/TF-conformation/analysis/analyses/dna_relax/pycurves/csl/frozen_state_044
csl	frozen	045	/project2/rohs_102/shewchuk/TF-conformation/output/stage3_min/csl/3brg_state_045.pdb	/project2/rohs_102/shewchuk/TF-conformation/analysis/analyses/dna_relax/pycurves/csl/frozen_state_045
csl	frozen	046	/project2/rohs_102/shewchuk/TF-conformation/output/stage3_min/csl/3brg_state_046.pdb	/project2/rohs_102/shewchuk/TF-conformation/analysis/analyses/dna_relax/pycurves/csl/frozen_state_046
csl	frozen	047	/project2/rohs_102/shewchuk/TF-conformation/output/stage3_min/csl/3brg_state_047.pdb	/project2/rohs_102/shewchuk/TF-conformation/analysis/analyses/dna_relax/pycurves/csl/frozen_state_047
csl	frozen	049	/project2/rohs_102/shewchuk/TF-conformation/output/stage3_min/csl/3brg_state_049.pdb	/project2/rohs_102/shewchuk/TF-conformation/analysis/analyses/dna_relax/pycurves/csl/frozen_state_049
csl	frozen	050	/project2/rohs_102/shewchuk/TF-conformation/output/stage3_min/csl/3brg_state_050.pdb	/project2/rohs_102/shewchuk/TF-conformation/analysis/analyses/dna_relax/pycurves/csl/frozen_state_050
csl	frozen	051	/project2/rohs_102/shewchuk/TF-conformation/output/stage3_min/csl/3brg_state_051.pdb	/project2/rohs_102/shewchuk/TF-conformation/analysis/analyses/dna_relax/pycurves/csl/frozen_state_051
csl	frozen	054	/project2/rohs_102/shewchuk/TF-conformation/output/stage3_min/csl/3brg_state_054.pdb	/project2/rohs_102/shewchuk/TF-conformation/analysis/analyses/dna_relax/pycurves/csl/frozen_state_054
csl	frozen	055	/project2/rohs_102/shewchuk/TF-conformation/output/stage3_min/csl/3brg_state_055.pdb	/project2/rohs_102/shewchuk/TF-conformation/analysis/analyses/dna_relax/pycurves/csl/frozen_state_055
csl	frozen	056	/project2/rohs_102/shewchuk/TF-conformation/output/stage3_min/csl/3brg_state_056.pdb	/project2/rohs_102/shewchuk/TF-conformation/analysis/analyses/dna_relax/pycurves/csl/frozen_state_056
csl	frozen	057	/project2/rohs_102/shewchuk/TF-conformation/output/stage3_min/csl/3brg_state_057.pdb	/project2/rohs_102/shewchuk/TF-conformation/analysis/analyses/dna_relax/pycurves/csl/frozen_state_057
csl	frozen	059	/project2/rohs_102/shewchuk/TF-conformation/output/stage3_min/csl/3brg_state_059.pdb	/project2/rohs_102/shewchuk/TF-conformation/analysis/analyses/dna_relax/pycurves/csl/frozen_state_059
csl	frozen	060	/project2/rohs_102/shewchuk/TF-conformation/output/stage3_min/csl/3brg_state_060.pdb	/project2/rohs_102/shewchuk/TF-conformation/analysis/analyses/dna_relax/pycurves/csl/frozen_state_060
csl	frozen	061	/project2/rohs_102/shewchuk/TF-conformation/output/stage3_min/csl/3brg_state_061.pdb	/project2/rohs_102/shewchuk/TF-conformation/analysis/analyses/dna_relax/pycurves/csl/frozen_state_061
csl	frozen	062	/project2/rohs_102/shewchuk/TF-conformation/output/stage3_min/csl/3brg_state_062.pdb	/project2/rohs_102/shewchuk/TF-conformation/analysis/analyses/dna_relax/pycurves/csl/frozen_state_062
csl	frozen	063	/project2/rohs_102/shewchuk/TF-conformation/output/stage3_min/csl/3brg_state_063.pdb	/project2/rohs_102/shewchuk/TF-conformation/analysis/analyses/dna_relax/pycurves/csl/frozen_state_063
csl	frozen	064	/project2/rohs_102/shewchuk/TF-conformation/output/stage3_min/csl/3brg_state_064.pdb	/project2/rohs_102/shewchuk/TF-conformation/analysis/analyses/dna_relax/pycurves/csl/frozen_state_064
csl	frozen	065	/project2/rohs_102/shewchuk/TF-conformation/output/stage3_min/csl/3brg_state_065.pdb	/project2/rohs_102/shewchuk/TF-conformation/analysis/analyses/dna_relax/pycurves/csl/frozen_state_065
csl	frozen	067	/project2/rohs_102/shewchuk/TF-conformation/output/stage3_min/csl/3brg_state_067.pdb	/project2/rohs_102/shewchuk/TF-conformation/analysis/analyses/dna_relax/pycurves/csl/frozen_state_067
csl	frozen	068	/project2/rohs_102/shewchuk/TF-conformation/output/stage3_min/csl/3brg_state_068.pdb	/project2/rohs_102/shewchuk/TF-conformation/analysis/analyses/dna_relax/pycurves/csl/frozen_state_068
csl	frozen	069	/project2/rohs_102/shewchuk/TF-conformation/output/stage3_min/csl/3brg_state_069.pdb	/project2/rohs_102/shewchuk/TF-conformation/analysis/analyses/dna_relax/pycurves/csl/frozen_state_069
csl	frozen	070	/project2/rohs_102/shewchuk/TF-conformation/output/stage3_min/csl/3brg_state_070.pdb	/project2/rohs_102/shewchuk/TF-conformation/analysis/analyses/dna_relax/pycurves/csl/frozen_state_070
csl	frozen	071	/project2/rohs_102/shewchuk/TF-conformation/output/stage3_min/csl/3brg_state_071.pdb	/project2/rohs_102/shewchuk/TF-conformation/analysis/analyses/dna_relax/pycurves/csl/frozen_state_071
csl	frozen	072	/project2/rohs_102/shewchuk/TF-conformation/output/stage3_min/csl/3brg_state_072.pdb	/project2/rohs_102/shewchuk/TF-conformation/analysis/analyses/dna_relax/pycurves/csl/frozen_state_072
csl	frozen	073	/project2/rohs_102/shewchuk/TF-conformation/output/stage3_min/csl/3brg_state_073.pdb	/project2/rohs_102/shewchuk/TF-conformation/analysis/analyses/dna_relax/pycurves/csl/frozen_state_073
csl	frozen	074	/project2/rohs_102/shewchuk/TF-conformation/output/stage3_min/csl/3brg_state_074.pdb	/project2/rohs_102/shewchuk/TF-conformation/analysis/analyses/dna_relax/pycurves/csl/frozen_state_074
csl	frozen	075	/project2/rohs_102/shewchuk/TF-conformation/output/stage3_min/csl/3brg_state_075.pdb	/project2/rohs_102/shewchuk/TF-conformation/analysis/analyses/dna_relax/pycurves/csl/frozen_state_075
csl	frozen	076	/project2/rohs_102/shewchuk/TF-conformation/output/stage3_min/csl/3brg_state_076.pdb	/project2/rohs_102/shewchuk/TF-conformation/analysis/analyses/dna_relax/pycurves/csl/frozen_state_076
csl	frozen	077	/project2/rohs_102/shewchuk/TF-conformation/output/stage3_min/csl/3brg_state_077.pdb	/project2/rohs_102/shewchuk/TF-conformation/analysis/analyses/dna_relax/pycurves/csl/frozen_state_077
csl	frozen	078	/project2/rohs_102/shewchuk/TF-conformation/output/stage3_min/csl/3brg_state_078.pdb	/project2/rohs_102/shewchuk/TF-conformation/analysis/analyses/dna_relax/pycurves/csl/frozen_state_078
csl	frozen	079	/project2/rohs_102/shewchuk/TF-conformation/output/stage3_min/csl/3brg_state_079.pdb	/project2/rohs_102/shewchuk/TF-conformation/analysis/analyses/dna_relax/pycurves/csl/frozen_state_079
csl	frozen	080	/project2/rohs_102/shewchuk/TF-conformation/output/stage3_min/csl/3brg_state_080.pdb	/project2/rohs_102/shewchuk/TF-conformation/analysis/analyses/dna_relax/pycurves/csl/frozen_state_080
csl	frozen	081	/project2/rohs_102/shewchuk/TF-conformation/output/stage3_min/csl/3brg_state_081.pdb	/project2/rohs_102/shewchuk/TF-conformation/analysis/analyses/dna_relax/pycurves/csl/frozen_state_081
csl	frozen	082	/project2/rohs_102/shewchuk/TF-conformation/output/stage3_min/csl/3brg_state_082.pdb	/project2/rohs_102/shewchuk/TF-conformation/analysis/analyses/dna_relax/pycurves/csl/frozen_state_082
csl	frozen	083	/project2/rohs_102/shewchuk/TF-conformation/output/stage3_min/csl/3brg_state_083.pdb	/project2/rohs_102/shewchuk/TF-conformation/analysis/analyses/dna_relax/pycurves/csl/frozen_state_083
csl	frozen	084	/project2/rohs_102/shewchuk/TF-conformation/output/stage3_min/csl/3brg_state_084.pdb	/project2/rohs_102/shewchuk/TF-conformation/analysis/analyses/dna_relax/pycurves/csl/frozen_state_084
csl	frozen	085	/project2/rohs_102/shewchuk/TF-conformation/output/stage3_min/csl/3brg_state_085.pdb	/project2/rohs_102/shewchuk/TF-conformation/analysis/analyses/dna_relax/pycurves/csl/frozen_state_085
csl	frozen	086	/project2/rohs_102/shewchuk/TF-conformation/output/stage3_min/csl/3brg_state_086.pdb	/project2/rohs_102/shewchuk/TF-conformation/analysis/analyses/dna_relax/pycurves/csl/frozen_state_086
csl	frozen	087	/project2/rohs_102/shewchuk/TF-conformation/output/stage3_min/csl/3brg_state_087.pdb	/project2/rohs_102/shewchuk/TF-conformation/analysis/analyses/dna_relax/pycurves/csl/frozen_state_087
csl	frozen	089	/project2/rohs_102/shewchuk/TF-conformation/output/stage3_min/csl/3brg_state_089.pdb	/project2/rohs_102/shewchuk/TF-conformation/analysis/analyses/dna_relax/pycurves/csl/frozen_state_089
csl	frozen	090	/project2/rohs_102/shewchuk/TF-conformation/output/stage3_min/csl/3brg_state_090.pdb	/project2/rohs_102/shewchuk/TF-conformation/analysis/analyses/dna_relax/pycurves/csl/frozen_state_090
csl	frozen	091	/project2/rohs_102/shewchuk/TF-conformation/output/stage3_min/csl/3brg_state_091.pdb	/project2/rohs_102/shewchuk/TF-conformation/analysis/analyses/dna_relax/pycurves/csl/frozen_state_091
csl	frozen	092	/project2/rohs_102/shewchuk/TF-conformation/output/stage3_min/csl/3brg_state_092.pdb	/project2/rohs_102/shewchuk/TF-conformation/analysis/analyses/dna_relax/pycurves/csl/frozen_state_092
csl	relaxed	001	/project2/rohs_102/shewchuk/TF-conformation/output/stage3_min_dnarelax/csl/3brg_state_001.pdb	/project2/rohs_102/shewchuk/TF-conformation/analysis/analyses/dna_relax/pycurves/csl/relaxed_state_001
csl	relaxed	002	/project2/rohs_102/shewchuk/TF-conformation/output/stage3_min_dnarelax/csl/3brg_state_002.pdb	/project2/rohs_102/shewchuk/TF-conformation/analysis/analyses/dna_relax/pycurves/csl/relaxed_state_002
csl	relaxed	003	/project2/rohs_102/shewchuk/TF-conformation/output/stage3_min_dnarelax/csl/3brg_state_003.pdb	/project2/rohs_102/shewchuk/TF-conformation/analysis/analyses/dna_relax/pycurves/csl/relaxed_state_003
csl	relaxed	004	/project2/rohs_102/shewchuk/TF-conformation/output/stage3_min_dnarelax/csl/3brg_state_004.pdb	/project2/rohs_102/shewchuk/TF-conformation/analysis/analyses/dna_relax/pycurves/csl/relaxed_state_004
csl	relaxed	005	/project2/rohs_102/shewchuk/TF-conformation/output/stage3_min_dnarelax/csl/3brg_state_005.pdb	/project2/rohs_102/shewchuk/TF-conformation/analysis/analyses/dna_relax/pycurves/csl/relaxed_state_005
csl	relaxed	006	/project2/rohs_102/shewchuk/TF-conformation/output/stage3_min_dnarelax/csl/3brg_state_006.pdb	/project2/rohs_102/shewchuk/TF-conformation/analysis/analyses/dna_relax/pycurves/csl/relaxed_state_006
csl	relaxed	007	/project2/rohs_102/shewchuk/TF-conformation/output/stage3_min_dnarelax/csl/3brg_state_007.pdb	/project2/rohs_102/shewchuk/TF-conformation/analysis/analyses/dna_relax/pycurves/csl/relaxed_state_007
csl	relaxed	008	/project2/rohs_102/shewchuk/TF-conformation/output/stage3_min_dnarelax/csl/3brg_state_008.pdb	/project2/rohs_102/shewchuk/TF-conformation/analysis/analyses/dna_relax/pycurves/csl/relaxed_state_008
csl	relaxed	009	/project2/rohs_102/shewchuk/TF-conformation/output/stage3_min_dnarelax/csl/3brg_state_009.pdb	/project2/rohs_102/shewchuk/TF-conformation/analysis/analyses/dna_relax/pycurves/csl/relaxed_state_009
csl	relaxed	010	/project2/rohs_102/shewchuk/TF-conformation/output/stage3_min_dnarelax/csl/3brg_state_010.pdb	/project2/rohs_102/shewchuk/TF-conformation/analysis/analyses/dna_relax/pycurves/csl/relaxed_state_010
csl	relaxed	011	/project2/rohs_102/shewchuk/TF-conformation/output/stage3_min_dnarelax/csl/3brg_state_011.pdb	/project2/rohs_102/shewchuk/TF-conformation/analysis/analyses/dna_relax/pycurves/csl/relaxed_state_011
csl	relaxed	012	/project2/rohs_102/shewchuk/TF-conformation/output/stage3_min_dnarelax/csl/3brg_state_012.pdb	/project2/rohs_102/shewchuk/TF-conformation/analysis/analyses/dna_relax/pycurves/csl/relaxed_state_012
csl	relaxed	013	/project2/rohs_102/shewchuk/TF-conformation/output/stage3_min_dnarelax/csl/3brg_state_013.pdb	/project2/rohs_102/shewchuk/TF-conformation/analysis/analyses/dna_relax/pycurves/csl/relaxed_state_013
csl	relaxed	014	/project2/rohs_102/shewchuk/TF-conformation/output/stage3_min_dnarelax/csl/3brg_state_014.pdb	/project2/rohs_102/shewchuk/TF-conformation/analysis/analyses/dna_relax/pycurves/csl/relaxed_state_014
csl	relaxed	015	/project2/rohs_102/shewchuk/TF-conformation/output/stage3_min_dnarelax/csl/3brg_state_015.pdb	/project2/rohs_102/shewchuk/TF-conformation/analysis/analyses/dna_relax/pycurves/csl/relaxed_state_015
csl	relaxed	016	/project2/rohs_102/shewchuk/TF-conformation/output/stage3_min_dnarelax/csl/3brg_state_016.pdb	/project2/rohs_102/shewchuk/TF-conformation/analysis/analyses/dna_relax/pycurves/csl/relaxed_state_016
csl	relaxed	017	/project2/rohs_102/shewchuk/TF-conformation/output/stage3_min_dnarelax/csl/3brg_state_017.pdb	/project2/rohs_102/shewchuk/TF-conformation/analysis/analyses/dna_relax/pycurves/csl/relaxed_state_017
csl	relaxed	018	/project2/rohs_102/shewchuk/TF-conformation/output/stage3_min_dnarelax/csl/3brg_state_018.pdb	/project2/rohs_102/shewchuk/TF-conformation/analysis/analyses/dna_relax/pycurves/csl/relaxed_state_018
csl	relaxed	019	/project2/rohs_102/shewchuk/TF-conformation/output/stage3_min_dnarelax/csl/3brg_state_019.pdb	/project2/rohs_102/shewchuk/TF-conformation/analysis/analyses/dna_relax/pycurves/csl/relaxed_state_019
csl	relaxed	020	/project2/rohs_102/shewchuk/TF-conformation/output/stage3_min_dnarelax/csl/3brg_state_020.pdb	/project2/rohs_102/shewchuk/TF-conformation/analysis/analyses/dna_relax/pycurves/csl/relaxed_state_020
csl	relaxed	021	/project2/rohs_102/shewchuk/TF-conformation/output/stage3_min_dnarelax/csl/3brg_state_021.pdb	/project2/rohs_102/shewchuk/TF-conformation/analysis/analyses/dna_relax/pycurves/csl/relaxed_state_021
csl	relaxed	022	/project2/rohs_102/shewchuk/TF-conformation/output/stage3_min_dnarelax/csl/3brg_state_022.pdb	/project2/rohs_102/shewchuk/TF-conformation/analysis/analyses/dna_relax/pycurves/csl/relaxed_state_022
csl	relaxed	023	/project2/rohs_102/shewchuk/TF-conformation/output/stage3_min_dnarelax/csl/3brg_state_023.pdb	/project2/rohs_102/shewchuk/TF-conformation/analysis/analyses/dna_relax/pycurves/csl/relaxed_state_023
csl	relaxed	024	/project2/rohs_102/shewchuk/TF-conformation/output/stage3_min_dnarelax/csl/3brg_state_024.pdb	/project2/rohs_102/shewchuk/TF-conformation/analysis/analyses/dna_relax/pycurves/csl/relaxed_state_024
csl	relaxed	025	/project2/rohs_102/shewchuk/TF-conformation/output/stage3_min_dnarelax/csl/3brg_state_025.pdb	/project2/rohs_102/shewchuk/TF-conformation/analysis/analyses/dna_relax/pycurves/csl/relaxed_state_025
csl	relaxed	026	/project2/rohs_102/shewchuk/TF-conformation/output/stage3_min_dnarelax/csl/3brg_state_026.pdb	/project2/rohs_102/shewchuk/TF-conformation/analysis/analyses/dna_relax/pycurves/csl/relaxed_state_026
csl	relaxed	027	/project2/rohs_102/shewchuk/TF-conformation/output/stage3_min_dnarelax/csl/3brg_state_027.pdb	/project2/rohs_102/shewchuk/TF-conformation/analysis/analyses/dna_relax/pycurves/csl/relaxed_state_027
csl	relaxed	029	/project2/rohs_102/shewchuk/TF-conformation/output/stage3_min_dnarelax/csl/3brg_state_029.pdb	/project2/rohs_102/shewchuk/TF-conformation/analysis/analyses/dna_relax/pycurves/csl/relaxed_state_029
csl	relaxed	030	/project2/rohs_102/shewchuk/TF-conformation/output/stage3_min_dnarelax/csl/3brg_state_030.pdb	/project2/rohs_102/shewchuk/TF-conformation/analysis/analyses/dna_relax/pycurves/csl/relaxed_state_030
csl	relaxed	031	/project2/rohs_102/shewchuk/TF-conformation/output/stage3_min_dnarelax/csl/3brg_state_031.pdb	/project2/rohs_102/shewchuk/TF-conformation/analysis/analyses/dna_relax/pycurves/csl/relaxed_state_031
csl	relaxed	032	/project2/rohs_102/shewchuk/TF-conformation/output/stage3_min_dnarelax/csl/3brg_state_032.pdb	/project2/rohs_102/shewchuk/TF-conformation/analysis/analyses/dna_relax/pycurves/csl/relaxed_state_032
csl	relaxed	033	/project2/rohs_102/shewchuk/TF-conformation/output/stage3_min_dnarelax/csl/3brg_state_033.pdb	/project2/rohs_102/shewchuk/TF-conformation/analysis/analyses/dna_relax/pycurves/csl/relaxed_state_033
csl	relaxed	034	/project2/rohs_102/shewchuk/TF-conformation/output/stage3_min_dnarelax/csl/3brg_state_034.pdb	/project2/rohs_102/shewchuk/TF-conformation/analysis/analyses/dna_relax/pycurves/csl/relaxed_state_034
csl	relaxed	035	/project2/rohs_102/shewchuk/TF-conformation/output/stage3_min_dnarelax/csl/3brg_state_035.pdb	/project2/rohs_102/shewchuk/TF-conformation/analysis/analyses/dna_relax/pycurves/csl/relaxed_state_035
csl	relaxed	036	/project2/rohs_102/shewchuk/TF-conformation/output/stage3_min_dnarelax/csl/3brg_state_036.pdb	/project2/rohs_102/shewchuk/TF-conformation/analysis/analyses/dna_relax/pycurves/csl/relaxed_state_036
csl	relaxed	037	/project2/rohs_102/shewchuk/TF-conformation/output/stage3_min_dnarelax/csl/3brg_state_037.pdb	/project2/rohs_102/shewchuk/TF-conformation/analysis/analyses/dna_relax/pycurves/csl/relaxed_state_037
csl	relaxed	038	/project2/rohs_102/shewchuk/TF-conformation/output/stage3_min_dnarelax/csl/3brg_state_038.pdb	/project2/rohs_102/shewchuk/TF-conformation/analysis/analyses/dna_relax/pycurves/csl/relaxed_state_038
csl	relaxed	039	/project2/rohs_102/shewchuk/TF-conformation/output/stage3_min_dnarelax/csl/3brg_state_039.pdb	/project2/rohs_102/shewchuk/TF-conformation/analysis/analyses/dna_relax/pycurves/csl/relaxed_state_039
csl	relaxed	040	/project2/rohs_102/shewchuk/TF-conformation/output/stage3_min_dnarelax/csl/3brg_state_040.pdb	/project2/rohs_102/shewchuk/TF-conformation/analysis/analyses/dna_relax/pycurves/csl/relaxed_state_040
csl	relaxed	041	/project2/rohs_102/shewchuk/TF-conformation/output/stage3_min_dnarelax/csl/3brg_state_041.pdb	/project2/rohs_102/shewchuk/TF-conformation/analysis/analyses/dna_relax/pycurves/csl/relaxed_state_041
csl	relaxed	042	/project2/rohs_102/shewchuk/TF-conformation/output/stage3_min_dnarelax/csl/3brg_state_042.pdb	/project2/rohs_102/shewchuk/TF-conformation/analysis/analyses/dna_relax/pycurves/csl/relaxed_state_042
csl	relaxed	043	/project2/rohs_102/shewchuk/TF-conformation/output/stage3_min_dnarelax/csl/3brg_state_043.pdb	/project2/rohs_102/shewchuk/TF-conformation/analysis/analyses/dna_relax/pycurves/csl/relaxed_state_043
csl	relaxed	044	/project2/rohs_102/shewchuk/TF-conformation/output/stage3_min_dnarelax/csl/3brg_state_044.pdb	/project2/rohs_102/shewchuk/TF-conformation/analysis/analyses/dna_relax/pycurves/csl/relaxed_state_044
csl	relaxed	045	/project2/rohs_102/shewchuk/TF-conformation/output/stage3_min_dnarelax/csl/3brg_state_045.pdb	/project2/rohs_102/shewchuk/TF-conformation/analysis/analyses/dna_relax/pycurves/csl/relaxed_state_045
csl	relaxed	046	/project2/rohs_102/shewchuk/TF-conformation/output/stage3_min_dnarelax/csl/3brg_state_046.pdb	/project2/rohs_102/shewchuk/TF-conformation/analysis/analyses/dna_relax/pycurves/csl/relaxed_state_046
csl	relaxed	047	/project2/rohs_102/shewchuk/TF-conformation/output/stage3_min_dnarelax/csl/3brg_state_047.pdb	/project2/rohs_102/shewchuk/TF-conformation/analysis/analyses/dna_relax/pycurves/csl/relaxed_state_047
csl	relaxed	048	/project2/rohs_102/shewchuk/TF-conformation/output/stage3_min_dnarelax/csl/3brg_state_048.pdb	/project2/rohs_102/shewchuk/TF-conformation/analysis/analyses/dna_relax/pycurves/csl/relaxed_state_048
csl	relaxed	049	/project2/rohs_102/shewchuk/TF-conformation/output/stage3_min_dnarelax/csl/3brg_state_049.pdb	/project2/rohs_102/shewchuk/TF-conformation/analysis/analyses/dna_relax/pycurves/csl/relaxed_state_049
csl	relaxed	050	/project2/rohs_102/shewchuk/TF-conformation/output/stage3_min_dnarelax/csl/3brg_state_050.pdb	/project2/rohs_102/shewchuk/TF-conformation/analysis/analyses/dna_relax/pycurves/csl/relaxed_state_050
csl	relaxed	051	/project2/rohs_102/shewchuk/TF-conformation/output/stage3_min_dnarelax/csl/3brg_state_051.pdb	/project2/rohs_102/shewchuk/TF-conformation/analysis/analyses/dna_relax/pycurves/csl/relaxed_state_051
csl	relaxed	052	/project2/rohs_102/shewchuk/TF-conformation/output/stage3_min_dnarelax/csl/3brg_state_052.pdb	/project2/rohs_102/shewchuk/TF-conformation/analysis/analyses/dna_relax/pycurves/csl/relaxed_state_052
csl	relaxed	053	/project2/rohs_102/shewchuk/TF-conformation/output/stage3_min_dnarelax/csl/3brg_state_053.pdb	/project2/rohs_102/shewchuk/TF-conformation/analysis/analyses/dna_relax/pycurves/csl/relaxed_state_053
csl	relaxed	054	/project2/rohs_102/shewchuk/TF-conformation/output/stage3_min_dnarelax/csl/3brg_state_054.pdb	/project2/rohs_102/shewchuk/TF-conformation/analysis/analyses/dna_relax/pycurves/csl/relaxed_state_054
csl	relaxed	055	/project2/rohs_102/shewchuk/TF-conformation/output/stage3_min_dnarelax/csl/3brg_state_055.pdb	/project2/rohs_102/shewchuk/TF-conformation/analysis/analyses/dna_relax/pycurves/csl/relaxed_state_055
csl	relaxed	056	/project2/rohs_102/shewchuk/TF-conformation/output/stage3_min_dnarelax/csl/3brg_state_056.pdb	/project2/rohs_102/shewchuk/TF-conformation/analysis/analyses/dna_relax/pycurves/csl/relaxed_state_056
csl	relaxed	057	/project2/rohs_102/shewchuk/TF-conformation/output/stage3_min_dnarelax/csl/3brg_state_057.pdb	/project2/rohs_102/shewchuk/TF-conformation/analysis/analyses/dna_relax/pycurves/csl/relaxed_state_057
csl	relaxed	058	/project2/rohs_102/shewchuk/TF-conformation/output/stage3_min_dnarelax/csl/3brg_state_058.pdb	/project2/rohs_102/shewchuk/TF-conformation/analysis/analyses/dna_relax/pycurves/csl/relaxed_state_058
csl	relaxed	059	/project2/rohs_102/shewchuk/TF-conformation/output/stage3_min_dnarelax/csl/3brg_state_059.pdb	/project2/rohs_102/shewchuk/TF-conformation/analysis/analyses/dna_relax/pycurves/csl/relaxed_state_059
csl	relaxed	060	/project2/rohs_102/shewchuk/TF-conformation/output/stage3_min_dnarelax/csl/3brg_state_060.pdb	/project2/rohs_102/shewchuk/TF-conformation/analysis/analyses/dna_relax/pycurves/csl/relaxed_state_060
csl	relaxed	061	/project2/rohs_102/shewchuk/TF-conformation/output/stage3_min_dnarelax/csl/3brg_state_061.pdb	/project2/rohs_102/shewchuk/TF-conformation/analysis/analyses/dna_relax/pycurves/csl/relaxed_state_061
csl	relaxed	062	/project2/rohs_102/shewchuk/TF-conformation/output/stage3_min_dnarelax/csl/3brg_state_062.pdb	/project2/rohs_102/shewchuk/TF-conformation/analysis/analyses/dna_relax/pycurves/csl/relaxed_state_062
csl	relaxed	063	/project2/rohs_102/shewchuk/TF-conformation/output/stage3_min_dnarelax/csl/3brg_state_063.pdb	/project2/rohs_102/shewchuk/TF-conformation/analysis/analyses/dna_relax/pycurves/csl/relaxed_state_063
csl	relaxed	064	/project2/rohs_102/shewchuk/TF-conformation/output/stage3_min_dnarelax/csl/3brg_state_064.pdb	/project2/rohs_102/shewchuk/TF-conformation/analysis/analyses/dna_relax/pycurves/csl/relaxed_state_064
csl	relaxed	065	/project2/rohs_102/shewchuk/TF-conformation/output/stage3_min_dnarelax/csl/3brg_state_065.pdb	/project2/rohs_102/shewchuk/TF-conformation/analysis/analyses/dna_relax/pycurves/csl/relaxed_state_065
csl	relaxed	066	/project2/rohs_102/shewchuk/TF-conformation/output/stage3_min_dnarelax/csl/3brg_state_066.pdb	/project2/rohs_102/shewchuk/TF-conformation/analysis/analyses/dna_relax/pycurves/csl/relaxed_state_066
csl	relaxed	067	/project2/rohs_102/shewchuk/TF-conformation/output/stage3_min_dnarelax/csl/3brg_state_067.pdb	/project2/rohs_102/shewchuk/TF-conformation/analysis/analyses/dna_relax/pycurves/csl/relaxed_state_067
csl	relaxed	068	/project2/rohs_102/shewchuk/TF-conformation/output/stage3_min_dnarelax/csl/3brg_state_068.pdb	/project2/rohs_102/shewchuk/TF-conformation/analysis/analyses/dna_relax/pycurves/csl/relaxed_state_068
csl	relaxed	069	/project2/rohs_102/shewchuk/TF-conformation/output/stage3_min_dnarelax/csl/3brg_state_069.pdb	/project2/rohs_102/shewchuk/TF-conformation/analysis/analyses/dna_relax/pycurves/csl/relaxed_state_069
csl	relaxed	070	/project2/rohs_102/shewchuk/TF-conformation/output/stage3_min_dnarelax/csl/3brg_state_070.pdb	/project2/rohs_102/shewchuk/TF-conformation/analysis/analyses/dna_relax/pycurves/csl/relaxed_state_070
csl	relaxed	071	/project2/rohs_102/shewchuk/TF-conformation/output/stage3_min_dnarelax/csl/3brg_state_071.pdb	/project2/rohs_102/shewchuk/TF-conformation/analysis/analyses/dna_relax/pycurves/csl/relaxed_state_071
csl	relaxed	072	/project2/rohs_102/shewchuk/TF-conformation/output/stage3_min_dnarelax/csl/3brg_state_072.pdb	/project2/rohs_102/shewchuk/TF-conformation/analysis/analyses/dna_relax/pycurves/csl/relaxed_state_072
csl	relaxed	073	/project2/rohs_102/shewchuk/TF-conformation/output/stage3_min_dnarelax/csl/3brg_state_073.pdb	/project2/rohs_102/shewchuk/TF-conformation/analysis/analyses/dna_relax/pycurves/csl/relaxed_state_073
csl	relaxed	074	/project2/rohs_102/shewchuk/TF-conformation/output/stage3_min_dnarelax/csl/3brg_state_074.pdb	/project2/rohs_102/shewchuk/TF-conformation/analysis/analyses/dna_relax/pycurves/csl/relaxed_state_074
csl	relaxed	075	/project2/rohs_102/shewchuk/TF-conformation/output/stage3_min_dnarelax/csl/3brg_state_075.pdb	/project2/rohs_102/shewchuk/TF-conformation/analysis/analyses/dna_relax/pycurves/csl/relaxed_state_075
csl	relaxed	076	/project2/rohs_102/shewchuk/TF-conformation/output/stage3_min_dnarelax/csl/3brg_state_076.pdb	/project2/rohs_102/shewchuk/TF-conformation/analysis/analyses/dna_relax/pycurves/csl/relaxed_state_076
csl	relaxed	077	/project2/rohs_102/shewchuk/TF-conformation/output/stage3_min_dnarelax/csl/3brg_state_077.pdb	/project2/rohs_102/shewchuk/TF-conformation/analysis/analyses/dna_relax/pycurves/csl/relaxed_state_077
csl	relaxed	078	/project2/rohs_102/shewchuk/TF-conformation/output/stage3_min_dnarelax/csl/3brg_state_078.pdb	/project2/rohs_102/shewchuk/TF-conformation/analysis/analyses/dna_relax/pycurves/csl/relaxed_state_078
csl	relaxed	079	/project2/rohs_102/shewchuk/TF-conformation/output/stage3_min_dnarelax/csl/3brg_state_079.pdb	/project2/rohs_102/shewchuk/TF-conformation/analysis/analyses/dna_relax/pycurves/csl/relaxed_state_079
csl	relaxed	080	/project2/rohs_102/shewchuk/TF-conformation/output/stage3_min_dnarelax/csl/3brg_state_080.pdb	/project2/rohs_102/shewchuk/TF-conformation/analysis/analyses/dna_relax/pycurves/csl/relaxed_state_080
csl	relaxed	082	/project2/rohs_102/shewchuk/TF-conformation/output/stage3_min_dnarelax/csl/3brg_state_082.pdb	/project2/rohs_102/shewchuk/TF-conformation/analysis/analyses/dna_relax/pycurves/csl/relaxed_state_082
csl	relaxed	083	/project2/rohs_102/shewchuk/TF-conformation/output/stage3_min_dnarelax/csl/3brg_state_083.pdb	/project2/rohs_102/shewchuk/TF-conformation/analysis/analyses/dna_relax/pycurves/csl/relaxed_state_083
csl	relaxed	084	/project2/rohs_102/shewchuk/TF-conformation/output/stage3_min_dnarelax/csl/3brg_state_084.pdb	/project2/rohs_102/shewchuk/TF-conformation/analysis/analyses/dna_relax/pycurves/csl/relaxed_state_084
csl	relaxed	085	/project2/rohs_102/shewchuk/TF-conformation/output/stage3_min_dnarelax/csl/3brg_state_085.pdb	/project2/rohs_102/shewchuk/TF-conformation/analysis/analyses/dna_relax/pycurves/csl/relaxed_state_085
csl	relaxed	086	/project2/rohs_102/shewchuk/TF-conformation/output/stage3_min_dnarelax/csl/3brg_state_086.pdb	/project2/rohs_102/shewchuk/TF-conformation/analysis/analyses/dna_relax/pycurves/csl/relaxed_state_086
csl	relaxed	088	/project2/rohs_102/shewchuk/TF-conformation/output/stage3_min_dnarelax/csl/3brg_state_088.pdb	/project2/rohs_102/shewchuk/TF-conformation/analysis/analyses/dna_relax/pycurves/csl/relaxed_state_088
csl	relaxed	089	/project2/rohs_102/shewchuk/TF-conformation/output/stage3_min_dnarelax/csl/3brg_state_089.pdb	/project2/rohs_102/shewchuk/TF-conformation/analysis/analyses/dna_relax/pycurves/csl/relaxed_state_089
csl	relaxed	090	/project2/rohs_102/shewchuk/TF-conformation/output/stage3_min_dnarelax/csl/3brg_state_090.pdb	/project2/rohs_102/shewchuk/TF-conformation/analysis/analyses/dna_relax/pycurves/csl/relaxed_state_090
csl	relaxed	091	/project2/rohs_102/shewchuk/TF-conformation/output/stage3_min_dnarelax/csl/3brg_state_091.pdb	/project2/rohs_102/shewchuk/TF-conformation/analysis/analyses/dna_relax/pycurves/csl/relaxed_state_091
csl	relaxed	092	/project2/rohs_102/shewchuk/TF-conformation/output/stage3_min_dnarelax/csl/3brg_state_092.pdb	/project2/rohs_102/shewchuk/TF-conformation/analysis/analyses/dna_relax/pycurves/csl/relaxed_state_092
hsf	crystal	crystal	/project2/rohs_102/shewchuk/TF-conformation/structures/source_chains/5d5u_chains/5d5u_dna.pdb	/project2/rohs_102/shewchuk/TF-conformation/analysis/analyses/dna_relax/pycurves/hsf/crystal
hsf	frozen	001	/project2/rohs_102/shewchuk/TF-conformation/output/stage3_min/hsf/5d5u_state_001.pdb	/project2/rohs_102/shewchuk/TF-conformation/analysis/analyses/dna_relax/pycurves/hsf/frozen_state_001
hsf	frozen	002	/project2/rohs_102/shewchuk/TF-conformation/output/stage3_min/hsf/5d5u_state_002.pdb	/project2/rohs_102/shewchuk/TF-conformation/analysis/analyses/dna_relax/pycurves/hsf/frozen_state_002
hsf	frozen	003	/project2/rohs_102/shewchuk/TF-conformation/output/stage3_min/hsf/5d5u_state_003.pdb	/project2/rohs_102/shewchuk/TF-conformation/analysis/analyses/dna_relax/pycurves/hsf/frozen_state_003
hsf	frozen	004	/project2/rohs_102/shewchuk/TF-conformation/output/stage3_min/hsf/5d5u_state_004.pdb	/project2/rohs_102/shewchuk/TF-conformation/analysis/analyses/dna_relax/pycurves/hsf/frozen_state_004
hsf	frozen	005	/project2/rohs_102/shewchuk/TF-conformation/output/stage3_min/hsf/5d5u_state_005.pdb	/project2/rohs_102/shewchuk/TF-conformation/analysis/analyses/dna_relax/pycurves/hsf/frozen_state_005
hsf	frozen	006	/project2/rohs_102/shewchuk/TF-conformation/output/stage3_min/hsf/5d5u_state_006.pdb	/project2/rohs_102/shewchuk/TF-conformation/analysis/analyses/dna_relax/pycurves/hsf/frozen_state_006
hsf	frozen	007	/project2/rohs_102/shewchuk/TF-conformation/output/stage3_min/hsf/5d5u_state_007.pdb	/project2/rohs_102/shewchuk/TF-conformation/analysis/analyses/dna_relax/pycurves/hsf/frozen_state_007
hsf	frozen	008	/project2/rohs_102/shewchuk/TF-conformation/output/stage3_min/hsf/5d5u_state_008.pdb	/project2/rohs_102/shewchuk/TF-conformation/analysis/analyses/dna_relax/pycurves/hsf/frozen_state_008
hsf	frozen	009	/project2/rohs_102/shewchuk/TF-conformation/output/stage3_min/hsf/5d5u_state_009.pdb	/project2/rohs_102/shewchuk/TF-conformation/analysis/analyses/dna_relax/pycurves/hsf/frozen_state_009
hsf	frozen	010	/project2/rohs_102/shewchuk/TF-conformation/output/stage3_min/hsf/5d5u_state_010.pdb	/project2/rohs_102/shewchuk/TF-conformation/analysis/analyses/dna_relax/pycurves/hsf/frozen_state_010
hsf	frozen	011	/project2/rohs_102/shewchuk/TF-conformation/output/stage3_min/hsf/5d5u_state_011.pdb	/project2/rohs_102/shewchuk/TF-conformation/analysis/analyses/dna_relax/pycurves/hsf/frozen_state_011
hsf	frozen	012	/project2/rohs_102/shewchuk/TF-conformation/output/stage3_min/hsf/5d5u_state_012.pdb	/project2/rohs_102/shewchuk/TF-conformation/analysis/analyses/dna_relax/pycurves/hsf/frozen_state_012
hsf	frozen	013	/project2/rohs_102/shewchuk/TF-conformation/output/stage3_min/hsf/5d5u_state_013.pdb	/project2/rohs_102/shewchuk/TF-conformation/analysis/analyses/dna_relax/pycurves/hsf/frozen_state_013
hsf	frozen	014	/project2/rohs_102/shewchuk/TF-conformation/output/stage3_min/hsf/5d5u_state_014.pdb	/project2/rohs_102/shewchuk/TF-conformation/analysis/analyses/dna_relax/pycurves/hsf/frozen_state_014
hsf	frozen	015	/project2/rohs_102/shewchuk/TF-conformation/output/stage3_min/hsf/5d5u_state_015.pdb	/project2/rohs_102/shewchuk/TF-conformation/analysis/analyses/dna_relax/pycurves/hsf/frozen_state_015
hsf	frozen	016	/project2/rohs_102/shewchuk/TF-conformation/output/stage3_min/hsf/5d5u_state_016.pdb	/project2/rohs_102/shewchuk/TF-conformation/analysis/analyses/dna_relax/pycurves/hsf/frozen_state_016
hsf	frozen	017	/project2/rohs_102/shewchuk/TF-conformation/output/stage3_min/hsf/5d5u_state_017.pdb	/project2/rohs_102/shewchuk/TF-conformation/analysis/analyses/dna_relax/pycurves/hsf/frozen_state_017
hsf	frozen	018	/project2/rohs_102/shewchuk/TF-conformation/output/stage3_min/hsf/5d5u_state_018.pdb	/project2/rohs_102/shewchuk/TF-conformation/analysis/analyses/dna_relax/pycurves/hsf/frozen_state_018
hsf	frozen	019	/project2/rohs_102/shewchuk/TF-conformation/output/stage3_min/hsf/5d5u_state_019.pdb	/project2/rohs_102/shewchuk/TF-conformation/analysis/analyses/dna_relax/pycurves/hsf/frozen_state_019
hsf	frozen	020	/project2/rohs_102/shewchuk/TF-conformation/output/stage3_min/hsf/5d5u_state_020.pdb	/project2/rohs_102/shewchuk/TF-conformation/analysis/analyses/dna_relax/pycurves/hsf/frozen_state_020
hsf	frozen	021	/project2/rohs_102/shewchuk/TF-conformation/output/stage3_min/hsf/5d5u_state_021.pdb	/project2/rohs_102/shewchuk/TF-conformation/analysis/analyses/dna_relax/pycurves/hsf/frozen_state_021
hsf	frozen	022	/project2/rohs_102/shewchuk/TF-conformation/output/stage3_min/hsf/5d5u_state_022.pdb	/project2/rohs_102/shewchuk/TF-conformation/analysis/analyses/dna_relax/pycurves/hsf/frozen_state_022
hsf	frozen	023	/project2/rohs_102/shewchuk/TF-conformation/output/stage3_min/hsf/5d5u_state_023.pdb	/project2/rohs_102/shewchuk/TF-conformation/analysis/analyses/dna_relax/pycurves/hsf/frozen_state_023
hsf	frozen	024	/project2/rohs_102/shewchuk/TF-conformation/output/stage3_min/hsf/5d5u_state_024.pdb	/project2/rohs_102/shewchuk/TF-conformation/analysis/analyses/dna_relax/pycurves/hsf/frozen_state_024
hsf	frozen	025	/project2/rohs_102/shewchuk/TF-conformation/output/stage3_min/hsf/5d5u_state_025.pdb	/project2/rohs_102/shewchuk/TF-conformation/analysis/analyses/dna_relax/pycurves/hsf/frozen_state_025
hsf	frozen	026	/project2/rohs_102/shewchuk/TF-conformation/output/stage3_min/hsf/5d5u_state_026.pdb	/project2/rohs_102/shewchuk/TF-conformation/analysis/analyses/dna_relax/pycurves/hsf/frozen_state_026
hsf	frozen	027	/project2/rohs_102/shewchuk/TF-conformation/output/stage3_min/hsf/5d5u_state_027.pdb	/project2/rohs_102/shewchuk/TF-conformation/analysis/analyses/dna_relax/pycurves/hsf/frozen_state_027
hsf	frozen	028	/project2/rohs_102/shewchuk/TF-conformation/output/stage3_min/hsf/5d5u_state_028.pdb	/project2/rohs_102/shewchuk/TF-conformation/analysis/analyses/dna_relax/pycurves/hsf/frozen_state_028
hsf	frozen	029	/project2/rohs_102/shewchuk/TF-conformation/output/stage3_min/hsf/5d5u_state_029.pdb	/project2/rohs_102/shewchuk/TF-conformation/analysis/analyses/dna_relax/pycurves/hsf/frozen_state_029
hsf	frozen	030	/project2/rohs_102/shewchuk/TF-conformation/output/stage3_min/hsf/5d5u_state_030.pdb	/project2/rohs_102/shewchuk/TF-conformation/analysis/analyses/dna_relax/pycurves/hsf/frozen_state_030
hsf	frozen	031	/project2/rohs_102/shewchuk/TF-conformation/output/stage3_min/hsf/5d5u_state_031.pdb	/project2/rohs_102/shewchuk/TF-conformation/analysis/analyses/dna_relax/pycurves/hsf/frozen_state_031
hsf	frozen	032	/project2/rohs_102/shewchuk/TF-conformation/output/stage3_min/hsf/5d5u_state_032.pdb	/project2/rohs_102/shewchuk/TF-conformation/analysis/analyses/dna_relax/pycurves/hsf/frozen_state_032
hsf	frozen	033	/project2/rohs_102/shewchuk/TF-conformation/output/stage3_min/hsf/5d5u_state_033.pdb	/project2/rohs_102/shewchuk/TF-conformation/analysis/analyses/dna_relax/pycurves/hsf/frozen_state_033
hsf	frozen	034	/project2/rohs_102/shewchuk/TF-conformation/output/stage3_min/hsf/5d5u_state_034.pdb	/project2/rohs_102/shewchuk/TF-conformation/analysis/analyses/dna_relax/pycurves/hsf/frozen_state_034
hsf	frozen	035	/project2/rohs_102/shewchuk/TF-conformation/output/stage3_min/hsf/5d5u_state_035.pdb	/project2/rohs_102/shewchuk/TF-conformation/analysis/analyses/dna_relax/pycurves/hsf/frozen_state_035
hsf	frozen	036	/project2/rohs_102/shewchuk/TF-conformation/output/stage3_min/hsf/5d5u_state_036.pdb	/project2/rohs_102/shewchuk/TF-conformation/analysis/analyses/dna_relax/pycurves/hsf/frozen_state_036
hsf	frozen	038	/project2/rohs_102/shewchuk/TF-conformation/output/stage3_min/hsf/5d5u_state_038.pdb	/project2/rohs_102/shewchuk/TF-conformation/analysis/analyses/dna_relax/pycurves/hsf/frozen_state_038
hsf	frozen	039	/project2/rohs_102/shewchuk/TF-conformation/output/stage3_min/hsf/5d5u_state_039.pdb	/project2/rohs_102/shewchuk/TF-conformation/analysis/analyses/dna_relax/pycurves/hsf/frozen_state_039
hsf	frozen	040	/project2/rohs_102/shewchuk/TF-conformation/output/stage3_min/hsf/5d5u_state_040.pdb	/project2/rohs_102/shewchuk/TF-conformation/analysis/analyses/dna_relax/pycurves/hsf/frozen_state_040
hsf	frozen	041	/project2/rohs_102/shewchuk/TF-conformation/output/stage3_min/hsf/5d5u_state_041.pdb	/project2/rohs_102/shewchuk/TF-conformation/analysis/analyses/dna_relax/pycurves/hsf/frozen_state_041
hsf	frozen	042	/project2/rohs_102/shewchuk/TF-conformation/output/stage3_min/hsf/5d5u_state_042.pdb	/project2/rohs_102/shewchuk/TF-conformation/analysis/analyses/dna_relax/pycurves/hsf/frozen_state_042
hsf	frozen	043	/project2/rohs_102/shewchuk/TF-conformation/output/stage3_min/hsf/5d5u_state_043.pdb	/project2/rohs_102/shewchuk/TF-conformation/analysis/analyses/dna_relax/pycurves/hsf/frozen_state_043
hsf	frozen	044	/project2/rohs_102/shewchuk/TF-conformation/output/stage3_min/hsf/5d5u_state_044.pdb	/project2/rohs_102/shewchuk/TF-conformation/analysis/analyses/dna_relax/pycurves/hsf/frozen_state_044
hsf	frozen	045	/project2/rohs_102/shewchuk/TF-conformation/output/stage3_min/hsf/5d5u_state_045.pdb	/project2/rohs_102/shewchuk/TF-conformation/analysis/analyses/dna_relax/pycurves/hsf/frozen_state_045
hsf	frozen	047	/project2/rohs_102/shewchuk/TF-conformation/output/stage3_min/hsf/5d5u_state_047.pdb	/project2/rohs_102/shewchuk/TF-conformation/analysis/analyses/dna_relax/pycurves/hsf/frozen_state_047
hsf	frozen	048	/project2/rohs_102/shewchuk/TF-conformation/output/stage3_min/hsf/5d5u_state_048.pdb	/project2/rohs_102/shewchuk/TF-conformation/analysis/analyses/dna_relax/pycurves/hsf/frozen_state_048
hsf	frozen	049	/project2/rohs_102/shewchuk/TF-conformation/output/stage3_min/hsf/5d5u_state_049.pdb	/project2/rohs_102/shewchuk/TF-conformation/analysis/analyses/dna_relax/pycurves/hsf/frozen_state_049
hsf	frozen	050	/project2/rohs_102/shewchuk/TF-conformation/output/stage3_min/hsf/5d5u_state_050.pdb	/project2/rohs_102/shewchuk/TF-conformation/analysis/analyses/dna_relax/pycurves/hsf/frozen_state_050
hsf	frozen	051	/project2/rohs_102/shewchuk/TF-conformation/output/stage3_min/hsf/5d5u_state_051.pdb	/project2/rohs_102/shewchuk/TF-conformation/analysis/analyses/dna_relax/pycurves/hsf/frozen_state_051
hsf	frozen	052	/project2/rohs_102/shewchuk/TF-conformation/output/stage3_min/hsf/5d5u_state_052.pdb	/project2/rohs_102/shewchuk/TF-conformation/analysis/analyses/dna_relax/pycurves/hsf/frozen_state_052
hsf	frozen	053	/project2/rohs_102/shewchuk/TF-conformation/output/stage3_min/hsf/5d5u_state_053.pdb	/project2/rohs_102/shewchuk/TF-conformation/analysis/analyses/dna_relax/pycurves/hsf/frozen_state_053
hsf	frozen	054	/project2/rohs_102/shewchuk/TF-conformation/output/stage3_min/hsf/5d5u_state_054.pdb	/project2/rohs_102/shewchuk/TF-conformation/analysis/analyses/dna_relax/pycurves/hsf/frozen_state_054
hsf	frozen	055	/project2/rohs_102/shewchuk/TF-conformation/output/stage3_min/hsf/5d5u_state_055.pdb	/project2/rohs_102/shewchuk/TF-conformation/analysis/analyses/dna_relax/pycurves/hsf/frozen_state_055
hsf	frozen	056	/project2/rohs_102/shewchuk/TF-conformation/output/stage3_min/hsf/5d5u_state_056.pdb	/project2/rohs_102/shewchuk/TF-conformation/analysis/analyses/dna_relax/pycurves/hsf/frozen_state_056
hsf	frozen	057	/project2/rohs_102/shewchuk/TF-conformation/output/stage3_min/hsf/5d5u_state_057.pdb	/project2/rohs_102/shewchuk/TF-conformation/analysis/analyses/dna_relax/pycurves/hsf/frozen_state_057
hsf	frozen	058	/project2/rohs_102/shewchuk/TF-conformation/output/stage3_min/hsf/5d5u_state_058.pdb	/project2/rohs_102/shewchuk/TF-conformation/analysis/analyses/dna_relax/pycurves/hsf/frozen_state_058
hsf	frozen	059	/project2/rohs_102/shewchuk/TF-conformation/output/stage3_min/hsf/5d5u_state_059.pdb	/project2/rohs_102/shewchuk/TF-conformation/analysis/analyses/dna_relax/pycurves/hsf/frozen_state_059
hsf	frozen	060	/project2/rohs_102/shewchuk/TF-conformation/output/stage3_min/hsf/5d5u_state_060.pdb	/project2/rohs_102/shewchuk/TF-conformation/analysis/analyses/dna_relax/pycurves/hsf/frozen_state_060
hsf	frozen	061	/project2/rohs_102/shewchuk/TF-conformation/output/stage3_min/hsf/5d5u_state_061.pdb	/project2/rohs_102/shewchuk/TF-conformation/analysis/analyses/dna_relax/pycurves/hsf/frozen_state_061
hsf	frozen	062	/project2/rohs_102/shewchuk/TF-conformation/output/stage3_min/hsf/5d5u_state_062.pdb	/project2/rohs_102/shewchuk/TF-conformation/analysis/analyses/dna_relax/pycurves/hsf/frozen_state_062
hsf	frozen	063	/project2/rohs_102/shewchuk/TF-conformation/output/stage3_min/hsf/5d5u_state_063.pdb	/project2/rohs_102/shewchuk/TF-conformation/analysis/analyses/dna_relax/pycurves/hsf/frozen_state_063
hsf	frozen	064	/project2/rohs_102/shewchuk/TF-conformation/output/stage3_min/hsf/5d5u_state_064.pdb	/project2/rohs_102/shewchuk/TF-conformation/analysis/analyses/dna_relax/pycurves/hsf/frozen_state_064
hsf	frozen	065	/project2/rohs_102/shewchuk/TF-conformation/output/stage3_min/hsf/5d5u_state_065.pdb	/project2/rohs_102/shewchuk/TF-conformation/analysis/analyses/dna_relax/pycurves/hsf/frozen_state_065
hsf	frozen	066	/project2/rohs_102/shewchuk/TF-conformation/output/stage3_min/hsf/5d5u_state_066.pdb	/project2/rohs_102/shewchuk/TF-conformation/analysis/analyses/dna_relax/pycurves/hsf/frozen_state_066
hsf	frozen	067	/project2/rohs_102/shewchuk/TF-conformation/output/stage3_min/hsf/5d5u_state_067.pdb	/project2/rohs_102/shewchuk/TF-conformation/analysis/analyses/dna_relax/pycurves/hsf/frozen_state_067
hsf	frozen	068	/project2/rohs_102/shewchuk/TF-conformation/output/stage3_min/hsf/5d5u_state_068.pdb	/project2/rohs_102/shewchuk/TF-conformation/analysis/analyses/dna_relax/pycurves/hsf/frozen_state_068
hsf	frozen	069	/project2/rohs_102/shewchuk/TF-conformation/output/stage3_min/hsf/5d5u_state_069.pdb	/project2/rohs_102/shewchuk/TF-conformation/analysis/analyses/dna_relax/pycurves/hsf/frozen_state_069
hsf	frozen	070	/project2/rohs_102/shewchuk/TF-conformation/output/stage3_min/hsf/5d5u_state_070.pdb	/project2/rohs_102/shewchuk/TF-conformation/analysis/analyses/dna_relax/pycurves/hsf/frozen_state_070
hsf	frozen	071	/project2/rohs_102/shewchuk/TF-conformation/output/stage3_min/hsf/5d5u_state_071.pdb	/project2/rohs_102/shewchuk/TF-conformation/analysis/analyses/dna_relax/pycurves/hsf/frozen_state_071
hsf	frozen	072	/project2/rohs_102/shewchuk/TF-conformation/output/stage3_min/hsf/5d5u_state_072.pdb	/project2/rohs_102/shewchuk/TF-conformation/analysis/analyses/dna_relax/pycurves/hsf/frozen_state_072
hsf	frozen	073	/project2/rohs_102/shewchuk/TF-conformation/output/stage3_min/hsf/5d5u_state_073.pdb	/project2/rohs_102/shewchuk/TF-conformation/analysis/analyses/dna_relax/pycurves/hsf/frozen_state_073
hsf	frozen	074	/project2/rohs_102/shewchuk/TF-conformation/output/stage3_min/hsf/5d5u_state_074.pdb	/project2/rohs_102/shewchuk/TF-conformation/analysis/analyses/dna_relax/pycurves/hsf/frozen_state_074
hsf	frozen	075	/project2/rohs_102/shewchuk/TF-conformation/output/stage3_min/hsf/5d5u_state_075.pdb	/project2/rohs_102/shewchuk/TF-conformation/analysis/analyses/dna_relax/pycurves/hsf/frozen_state_075
hsf	frozen	076	/project2/rohs_102/shewchuk/TF-conformation/output/stage3_min/hsf/5d5u_state_076.pdb	/project2/rohs_102/shewchuk/TF-conformation/analysis/analyses/dna_relax/pycurves/hsf/frozen_state_076
hsf	frozen	077	/project2/rohs_102/shewchuk/TF-conformation/output/stage3_min/hsf/5d5u_state_077.pdb	/project2/rohs_102/shewchuk/TF-conformation/analysis/analyses/dna_relax/pycurves/hsf/frozen_state_077
hsf	frozen	078	/project2/rohs_102/shewchuk/TF-conformation/output/stage3_min/hsf/5d5u_state_078.pdb	/project2/rohs_102/shewchuk/TF-conformation/analysis/analyses/dna_relax/pycurves/hsf/frozen_state_078
hsf	frozen	079	/project2/rohs_102/shewchuk/TF-conformation/output/stage3_min/hsf/5d5u_state_079.pdb	/project2/rohs_102/shewchuk/TF-conformation/analysis/analyses/dna_relax/pycurves/hsf/frozen_state_079
hsf	frozen	080	/project2/rohs_102/shewchuk/TF-conformation/output/stage3_min/hsf/5d5u_state_080.pdb	/project2/rohs_102/shewchuk/TF-conformation/analysis/analyses/dna_relax/pycurves/hsf/frozen_state_080
hsf	frozen	081	/project2/rohs_102/shewchuk/TF-conformation/output/stage3_min/hsf/5d5u_state_081.pdb	/project2/rohs_102/shewchuk/TF-conformation/analysis/analyses/dna_relax/pycurves/hsf/frozen_state_081
hsf	frozen	082	/project2/rohs_102/shewchuk/TF-conformation/output/stage3_min/hsf/5d5u_state_082.pdb	/project2/rohs_102/shewchuk/TF-conformation/analysis/analyses/dna_relax/pycurves/hsf/frozen_state_082
hsf	frozen	083	/project2/rohs_102/shewchuk/TF-conformation/output/stage3_min/hsf/5d5u_state_083.pdb	/project2/rohs_102/shewchuk/TF-conformation/analysis/analyses/dna_relax/pycurves/hsf/frozen_state_083
hsf	frozen	084	/project2/rohs_102/shewchuk/TF-conformation/output/stage3_min/hsf/5d5u_state_084.pdb	/project2/rohs_102/shewchuk/TF-conformation/analysis/analyses/dna_relax/pycurves/hsf/frozen_state_084
hsf	frozen	085	/project2/rohs_102/shewchuk/TF-conformation/output/stage3_min/hsf/5d5u_state_085.pdb	/project2/rohs_102/shewchuk/TF-conformation/analysis/analyses/dna_relax/pycurves/hsf/frozen_state_085
hsf	frozen	086	/project2/rohs_102/shewchuk/TF-conformation/output/stage3_min/hsf/5d5u_state_086.pdb	/project2/rohs_102/shewchuk/TF-conformation/analysis/analyses/dna_relax/pycurves/hsf/frozen_state_086
hsf	frozen	087	/project2/rohs_102/shewchuk/TF-conformation/output/stage3_min/hsf/5d5u_state_087.pdb	/project2/rohs_102/shewchuk/TF-conformation/analysis/analyses/dna_relax/pycurves/hsf/frozen_state_087
hsf	frozen	088	/project2/rohs_102/shewchuk/TF-conformation/output/stage3_min/hsf/5d5u_state_088.pdb	/project2/rohs_102/shewchuk/TF-conformation/analysis/analyses/dna_relax/pycurves/hsf/frozen_state_088
hsf	frozen	089	/project2/rohs_102/shewchuk/TF-conformation/output/stage3_min/hsf/5d5u_state_089.pdb	/project2/rohs_102/shewchuk/TF-conformation/analysis/analyses/dna_relax/pycurves/hsf/frozen_state_089
hsf	frozen	090	/project2/rohs_102/shewchuk/TF-conformation/output/stage3_min/hsf/5d5u_state_090.pdb	/project2/rohs_102/shewchuk/TF-conformation/analysis/analyses/dna_relax/pycurves/hsf/frozen_state_090
hsf	frozen	091	/project2/rohs_102/shewchuk/TF-conformation/output/stage3_min/hsf/5d5u_state_091.pdb	/project2/rohs_102/shewchuk/TF-conformation/analysis/analyses/dna_relax/pycurves/hsf/frozen_state_091
hsf	frozen	092	/project2/rohs_102/shewchuk/TF-conformation/output/stage3_min/hsf/5d5u_state_092.pdb	/project2/rohs_102/shewchuk/TF-conformation/analysis/analyses/dna_relax/pycurves/hsf/frozen_state_092
hsf	frozen	093	/project2/rohs_102/shewchuk/TF-conformation/output/stage3_min/hsf/5d5u_state_093.pdb	/project2/rohs_102/shewchuk/TF-conformation/analysis/analyses/dna_relax/pycurves/hsf/frozen_state_093
hsf	frozen	094	/project2/rohs_102/shewchuk/TF-conformation/output/stage3_min/hsf/5d5u_state_094.pdb	/project2/rohs_102/shewchuk/TF-conformation/analysis/analyses/dna_relax/pycurves/hsf/frozen_state_094
hsf	frozen	095	/project2/rohs_102/shewchuk/TF-conformation/output/stage3_min/hsf/5d5u_state_095.pdb	/project2/rohs_102/shewchuk/TF-conformation/analysis/analyses/dna_relax/pycurves/hsf/frozen_state_095
hsf	frozen	096	/project2/rohs_102/shewchuk/TF-conformation/output/stage3_min/hsf/5d5u_state_096.pdb	/project2/rohs_102/shewchuk/TF-conformation/analysis/analyses/dna_relax/pycurves/hsf/frozen_state_096
hsf	frozen	097	/project2/rohs_102/shewchuk/TF-conformation/output/stage3_min/hsf/5d5u_state_097.pdb	/project2/rohs_102/shewchuk/TF-conformation/analysis/analyses/dna_relax/pycurves/hsf/frozen_state_097
hsf	frozen	098	/project2/rohs_102/shewchuk/TF-conformation/output/stage3_min/hsf/5d5u_state_098.pdb	/project2/rohs_102/shewchuk/TF-conformation/analysis/analyses/dna_relax/pycurves/hsf/frozen_state_098
hsf	frozen	099	/project2/rohs_102/shewchuk/TF-conformation/output/stage3_min/hsf/5d5u_state_099.pdb	/project2/rohs_102/shewchuk/TF-conformation/analysis/analyses/dna_relax/pycurves/hsf/frozen_state_099
hsf	relaxed	001	/project2/rohs_102/shewchuk/TF-conformation/output/stage3_min_dnarelax/hsf/5d5u_state_001.pdb	/project2/rohs_102/shewchuk/TF-conformation/analysis/analyses/dna_relax/pycurves/hsf/relaxed_state_001
hsf	relaxed	002	/project2/rohs_102/shewchuk/TF-conformation/output/stage3_min_dnarelax/hsf/5d5u_state_002.pdb	/project2/rohs_102/shewchuk/TF-conformation/analysis/analyses/dna_relax/pycurves/hsf/relaxed_state_002
hsf	relaxed	003	/project2/rohs_102/shewchuk/TF-conformation/output/stage3_min_dnarelax/hsf/5d5u_state_003.pdb	/project2/rohs_102/shewchuk/TF-conformation/analysis/analyses/dna_relax/pycurves/hsf/relaxed_state_003
hsf	relaxed	004	/project2/rohs_102/shewchuk/TF-conformation/output/stage3_min_dnarelax/hsf/5d5u_state_004.pdb	/project2/rohs_102/shewchuk/TF-conformation/analysis/analyses/dna_relax/pycurves/hsf/relaxed_state_004
hsf	relaxed	005	/project2/rohs_102/shewchuk/TF-conformation/output/stage3_min_dnarelax/hsf/5d5u_state_005.pdb	/project2/rohs_102/shewchuk/TF-conformation/analysis/analyses/dna_relax/pycurves/hsf/relaxed_state_005
hsf	relaxed	006	/project2/rohs_102/shewchuk/TF-conformation/output/stage3_min_dnarelax/hsf/5d5u_state_006.pdb	/project2/rohs_102/shewchuk/TF-conformation/analysis/analyses/dna_relax/pycurves/hsf/relaxed_state_006
hsf	relaxed	007	/project2/rohs_102/shewchuk/TF-conformation/output/stage3_min_dnarelax/hsf/5d5u_state_007.pdb	/project2/rohs_102/shewchuk/TF-conformation/analysis/analyses/dna_relax/pycurves/hsf/relaxed_state_007
hsf	relaxed	008	/project2/rohs_102/shewchuk/TF-conformation/output/stage3_min_dnarelax/hsf/5d5u_state_008.pdb	/project2/rohs_102/shewchuk/TF-conformation/analysis/analyses/dna_relax/pycurves/hsf/relaxed_state_008
hsf	relaxed	009	/project2/rohs_102/shewchuk/TF-conformation/output/stage3_min_dnarelax/hsf/5d5u_state_009.pdb	/project2/rohs_102/shewchuk/TF-conformation/analysis/analyses/dna_relax/pycurves/hsf/relaxed_state_009
hsf	relaxed	010	/project2/rohs_102/shewchuk/TF-conformation/output/stage3_min_dnarelax/hsf/5d5u_state_010.pdb	/project2/rohs_102/shewchuk/TF-conformation/analysis/analyses/dna_relax/pycurves/hsf/relaxed_state_010
hsf	relaxed	011	/project2/rohs_102/shewchuk/TF-conformation/output/stage3_min_dnarelax/hsf/5d5u_state_011.pdb	/project2/rohs_102/shewchuk/TF-conformation/analysis/analyses/dna_relax/pycurves/hsf/relaxed_state_011
hsf	relaxed	012	/project2/rohs_102/shewchuk/TF-conformation/output/stage3_min_dnarelax/hsf/5d5u_state_012.pdb	/project2/rohs_102/shewchuk/TF-conformation/analysis/analyses/dna_relax/pycurves/hsf/relaxed_state_012
hsf	relaxed	013	/project2/rohs_102/shewchuk/TF-conformation/output/stage3_min_dnarelax/hsf/5d5u_state_013.pdb	/project2/rohs_102/shewchuk/TF-conformation/analysis/analyses/dna_relax/pycurves/hsf/relaxed_state_013
hsf	relaxed	014	/project2/rohs_102/shewchuk/TF-conformation/output/stage3_min_dnarelax/hsf/5d5u_state_014.pdb	/project2/rohs_102/shewchuk/TF-conformation/analysis/analyses/dna_relax/pycurves/hsf/relaxed_state_014
hsf	relaxed	015	/project2/rohs_102/shewchuk/TF-conformation/output/stage3_min_dnarelax/hsf/5d5u_state_015.pdb	/project2/rohs_102/shewchuk/TF-conformation/analysis/analyses/dna_relax/pycurves/hsf/relaxed_state_015
hsf	relaxed	016	/project2/rohs_102/shewchuk/TF-conformation/output/stage3_min_dnarelax/hsf/5d5u_state_016.pdb	/project2/rohs_102/shewchuk/TF-conformation/analysis/analyses/dna_relax/pycurves/hsf/relaxed_state_016
hsf	relaxed	017	/project2/rohs_102/shewchuk/TF-conformation/output/stage3_min_dnarelax/hsf/5d5u_state_017.pdb	/project2/rohs_102/shewchuk/TF-conformation/analysis/analyses/dna_relax/pycurves/hsf/relaxed_state_017
hsf	relaxed	018	/project2/rohs_102/shewchuk/TF-conformation/output/stage3_min_dnarelax/hsf/5d5u_state_018.pdb	/project2/rohs_102/shewchuk/TF-conformation/analysis/analyses/dna_relax/pycurves/hsf/relaxed_state_018
hsf	relaxed	019	/project2/rohs_102/shewchuk/TF-conformation/output/stage3_min_dnarelax/hsf/5d5u_state_019.pdb	/project2/rohs_102/shewchuk/TF-conformation/analysis/analyses/dna_relax/pycurves/hsf/relaxed_state_019
hsf	relaxed	020	/project2/rohs_102/shewchuk/TF-conformation/output/stage3_min_dnarelax/hsf/5d5u_state_020.pdb	/project2/rohs_102/shewchuk/TF-conformation/analysis/analyses/dna_relax/pycurves/hsf/relaxed_state_020
hsf	relaxed	021	/project2/rohs_102/shewchuk/TF-conformation/output/stage3_min_dnarelax/hsf/5d5u_state_021.pdb	/project2/rohs_102/shewchuk/TF-conformation/analysis/analyses/dna_relax/pycurves/hsf/relaxed_state_021
hsf	relaxed	022	/project2/rohs_102/shewchuk/TF-conformation/output/stage3_min_dnarelax/hsf/5d5u_state_022.pdb	/project2/rohs_102/shewchuk/TF-conformation/analysis/analyses/dna_relax/pycurves/hsf/relaxed_state_022
hsf	relaxed	023	/project2/rohs_102/shewchuk/TF-conformation/output/stage3_min_dnarelax/hsf/5d5u_state_023.pdb	/project2/rohs_102/shewchuk/TF-conformation/analysis/analyses/dna_relax/pycurves/hsf/relaxed_state_023
hsf	relaxed	024	/project2/rohs_102/shewchuk/TF-conformation/output/stage3_min_dnarelax/hsf/5d5u_state_024.pdb	/project2/rohs_102/shewchuk/TF-conformation/analysis/analyses/dna_relax/pycurves/hsf/relaxed_state_024
hsf	relaxed	025	/project2/rohs_102/shewchuk/TF-conformation/output/stage3_min_dnarelax/hsf/5d5u_state_025.pdb	/project2/rohs_102/shewchuk/TF-conformation/analysis/analyses/dna_relax/pycurves/hsf/relaxed_state_025
hsf	relaxed	026	/project2/rohs_102/shewchuk/TF-conformation/output/stage3_min_dnarelax/hsf/5d5u_state_026.pdb	/project2/rohs_102/shewchuk/TF-conformation/analysis/analyses/dna_relax/pycurves/hsf/relaxed_state_026
hsf	relaxed	027	/project2/rohs_102/shewchuk/TF-conformation/output/stage3_min_dnarelax/hsf/5d5u_state_027.pdb	/project2/rohs_102/shewchuk/TF-conformation/analysis/analyses/dna_relax/pycurves/hsf/relaxed_state_027
hsf	relaxed	028	/project2/rohs_102/shewchuk/TF-conformation/output/stage3_min_dnarelax/hsf/5d5u_state_028.pdb	/project2/rohs_102/shewchuk/TF-conformation/analysis/analyses/dna_relax/pycurves/hsf/relaxed_state_028
hsf	relaxed	029	/project2/rohs_102/shewchuk/TF-conformation/output/stage3_min_dnarelax/hsf/5d5u_state_029.pdb	/project2/rohs_102/shewchuk/TF-conformation/analysis/analyses/dna_relax/pycurves/hsf/relaxed_state_029
hsf	relaxed	030	/project2/rohs_102/shewchuk/TF-conformation/output/stage3_min_dnarelax/hsf/5d5u_state_030.pdb	/project2/rohs_102/shewchuk/TF-conformation/analysis/analyses/dna_relax/pycurves/hsf/relaxed_state_030
hsf	relaxed	031	/project2/rohs_102/shewchuk/TF-conformation/output/stage3_min_dnarelax/hsf/5d5u_state_031.pdb	/project2/rohs_102/shewchuk/TF-conformation/analysis/analyses/dna_relax/pycurves/hsf/relaxed_state_031
hsf	relaxed	032	/project2/rohs_102/shewchuk/TF-conformation/output/stage3_min_dnarelax/hsf/5d5u_state_032.pdb	/project2/rohs_102/shewchuk/TF-conformation/analysis/analyses/dna_relax/pycurves/hsf/relaxed_state_032
hsf	relaxed	033	/project2/rohs_102/shewchuk/TF-conformation/output/stage3_min_dnarelax/hsf/5d5u_state_033.pdb	/project2/rohs_102/shewchuk/TF-conformation/analysis/analyses/dna_relax/pycurves/hsf/relaxed_state_033
hsf	relaxed	034	/project2/rohs_102/shewchuk/TF-conformation/output/stage3_min_dnarelax/hsf/5d5u_state_034.pdb	/project2/rohs_102/shewchuk/TF-conformation/analysis/analyses/dna_relax/pycurves/hsf/relaxed_state_034
hsf	relaxed	035	/project2/rohs_102/shewchuk/TF-conformation/output/stage3_min_dnarelax/hsf/5d5u_state_035.pdb	/project2/rohs_102/shewchuk/TF-conformation/analysis/analyses/dna_relax/pycurves/hsf/relaxed_state_035
hsf	relaxed	036	/project2/rohs_102/shewchuk/TF-conformation/output/stage3_min_dnarelax/hsf/5d5u_state_036.pdb	/project2/rohs_102/shewchuk/TF-conformation/analysis/analyses/dna_relax/pycurves/hsf/relaxed_state_036
hsf	relaxed	037	/project2/rohs_102/shewchuk/TF-conformation/output/stage3_min_dnarelax/hsf/5d5u_state_037.pdb	/project2/rohs_102/shewchuk/TF-conformation/analysis/analyses/dna_relax/pycurves/hsf/relaxed_state_037
hsf	relaxed	038	/project2/rohs_102/shewchuk/TF-conformation/output/stage3_min_dnarelax/hsf/5d5u_state_038.pdb	/project2/rohs_102/shewchuk/TF-conformation/analysis/analyses/dna_relax/pycurves/hsf/relaxed_state_038
hsf	relaxed	039	/project2/rohs_102/shewchuk/TF-conformation/output/stage3_min_dnarelax/hsf/5d5u_state_039.pdb	/project2/rohs_102/shewchuk/TF-conformation/analysis/analyses/dna_relax/pycurves/hsf/relaxed_state_039
hsf	relaxed	040	/project2/rohs_102/shewchuk/TF-conformation/output/stage3_min_dnarelax/hsf/5d5u_state_040.pdb	/project2/rohs_102/shewchuk/TF-conformation/analysis/analyses/dna_relax/pycurves/hsf/relaxed_state_040
hsf	relaxed	041	/project2/rohs_102/shewchuk/TF-conformation/output/stage3_min_dnarelax/hsf/5d5u_state_041.pdb	/project2/rohs_102/shewchuk/TF-conformation/analysis/analyses/dna_relax/pycurves/hsf/relaxed_state_041
hsf	relaxed	042	/project2/rohs_102/shewchuk/TF-conformation/output/stage3_min_dnarelax/hsf/5d5u_state_042.pdb	/project2/rohs_102/shewchuk/TF-conformation/analysis/analyses/dna_relax/pycurves/hsf/relaxed_state_042
hsf	relaxed	043	/project2/rohs_102/shewchuk/TF-conformation/output/stage3_min_dnarelax/hsf/5d5u_state_043.pdb	/project2/rohs_102/shewchuk/TF-conformation/analysis/analyses/dna_relax/pycurves/hsf/relaxed_state_043
hsf	relaxed	045	/project2/rohs_102/shewchuk/TF-conformation/output/stage3_min_dnarelax/hsf/5d5u_state_045.pdb	/project2/rohs_102/shewchuk/TF-conformation/analysis/analyses/dna_relax/pycurves/hsf/relaxed_state_045
hsf	relaxed	046	/project2/rohs_102/shewchuk/TF-conformation/output/stage3_min_dnarelax/hsf/5d5u_state_046.pdb	/project2/rohs_102/shewchuk/TF-conformation/analysis/analyses/dna_relax/pycurves/hsf/relaxed_state_046
hsf	relaxed	047	/project2/rohs_102/shewchuk/TF-conformation/output/stage3_min_dnarelax/hsf/5d5u_state_047.pdb	/project2/rohs_102/shewchuk/TF-conformation/analysis/analyses/dna_relax/pycurves/hsf/relaxed_state_047
hsf	relaxed	048	/project2/rohs_102/shewchuk/TF-conformation/output/stage3_min_dnarelax/hsf/5d5u_state_048.pdb	/project2/rohs_102/shewchuk/TF-conformation/analysis/analyses/dna_relax/pycurves/hsf/relaxed_state_048
hsf	relaxed	049	/project2/rohs_102/shewchuk/TF-conformation/output/stage3_min_dnarelax/hsf/5d5u_state_049.pdb	/project2/rohs_102/shewchuk/TF-conformation/analysis/analyses/dna_relax/pycurves/hsf/relaxed_state_049
hsf	relaxed	050	/project2/rohs_102/shewchuk/TF-conformation/output/stage3_min_dnarelax/hsf/5d5u_state_050.pdb	/project2/rohs_102/shewchuk/TF-conformation/analysis/analyses/dna_relax/pycurves/hsf/relaxed_state_050
hsf	relaxed	051	/project2/rohs_102/shewchuk/TF-conformation/output/stage3_min_dnarelax/hsf/5d5u_state_051.pdb	/project2/rohs_102/shewchuk/TF-conformation/analysis/analyses/dna_relax/pycurves/hsf/relaxed_state_051
hsf	relaxed	052	/project2/rohs_102/shewchuk/TF-conformation/output/stage3_min_dnarelax/hsf/5d5u_state_052.pdb	/project2/rohs_102/shewchuk/TF-conformation/analysis/analyses/dna_relax/pycurves/hsf/relaxed_state_052
hsf	relaxed	053	/project2/rohs_102/shewchuk/TF-conformation/output/stage3_min_dnarelax/hsf/5d5u_state_053.pdb	/project2/rohs_102/shewchuk/TF-conformation/analysis/analyses/dna_relax/pycurves/hsf/relaxed_state_053
hsf	relaxed	054	/project2/rohs_102/shewchuk/TF-conformation/output/stage3_min_dnarelax/hsf/5d5u_state_054.pdb	/project2/rohs_102/shewchuk/TF-conformation/analysis/analyses/dna_relax/pycurves/hsf/relaxed_state_054
hsf	relaxed	055	/project2/rohs_102/shewchuk/TF-conformation/output/stage3_min_dnarelax/hsf/5d5u_state_055.pdb	/project2/rohs_102/shewchuk/TF-conformation/analysis/analyses/dna_relax/pycurves/hsf/relaxed_state_055
hsf	relaxed	056	/project2/rohs_102/shewchuk/TF-conformation/output/stage3_min_dnarelax/hsf/5d5u_state_056.pdb	/project2/rohs_102/shewchuk/TF-conformation/analysis/analyses/dna_relax/pycurves/hsf/relaxed_state_056
hsf	relaxed	057	/project2/rohs_102/shewchuk/TF-conformation/output/stage3_min_dnarelax/hsf/5d5u_state_057.pdb	/project2/rohs_102/shewchuk/TF-conformation/analysis/analyses/dna_relax/pycurves/hsf/relaxed_state_057
hsf	relaxed	058	/project2/rohs_102/shewchuk/TF-conformation/output/stage3_min_dnarelax/hsf/5d5u_state_058.pdb	/project2/rohs_102/shewchuk/TF-conformation/analysis/analyses/dna_relax/pycurves/hsf/relaxed_state_058
hsf	relaxed	059	/project2/rohs_102/shewchuk/TF-conformation/output/stage3_min_dnarelax/hsf/5d5u_state_059.pdb	/project2/rohs_102/shewchuk/TF-conformation/analysis/analyses/dna_relax/pycurves/hsf/relaxed_state_059
hsf	relaxed	060	/project2/rohs_102/shewchuk/TF-conformation/output/stage3_min_dnarelax/hsf/5d5u_state_060.pdb	/project2/rohs_102/shewchuk/TF-conformation/analysis/analyses/dna_relax/pycurves/hsf/relaxed_state_060
hsf	relaxed	061	/project2/rohs_102/shewchuk/TF-conformation/output/stage3_min_dnarelax/hsf/5d5u_state_061.pdb	/project2/rohs_102/shewchuk/TF-conformation/analysis/analyses/dna_relax/pycurves/hsf/relaxed_state_061
hsf	relaxed	062	/project2/rohs_102/shewchuk/TF-conformation/output/stage3_min_dnarelax/hsf/5d5u_state_062.pdb	/project2/rohs_102/shewchuk/TF-conformation/analysis/analyses/dna_relax/pycurves/hsf/relaxed_state_062
hsf	relaxed	063	/project2/rohs_102/shewchuk/TF-conformation/output/stage3_min_dnarelax/hsf/5d5u_state_063.pdb	/project2/rohs_102/shewchuk/TF-conformation/analysis/analyses/dna_relax/pycurves/hsf/relaxed_state_063
hsf	relaxed	064	/project2/rohs_102/shewchuk/TF-conformation/output/stage3_min_dnarelax/hsf/5d5u_state_064.pdb	/project2/rohs_102/shewchuk/TF-conformation/analysis/analyses/dna_relax/pycurves/hsf/relaxed_state_064
hsf	relaxed	065	/project2/rohs_102/shewchuk/TF-conformation/output/stage3_min_dnarelax/hsf/5d5u_state_065.pdb	/project2/rohs_102/shewchuk/TF-conformation/analysis/analyses/dna_relax/pycurves/hsf/relaxed_state_065
hsf	relaxed	066	/project2/rohs_102/shewchuk/TF-conformation/output/stage3_min_dnarelax/hsf/5d5u_state_066.pdb	/project2/rohs_102/shewchuk/TF-conformation/analysis/analyses/dna_relax/pycurves/hsf/relaxed_state_066
hsf	relaxed	067	/project2/rohs_102/shewchuk/TF-conformation/output/stage3_min_dnarelax/hsf/5d5u_state_067.pdb	/project2/rohs_102/shewchuk/TF-conformation/analysis/analyses/dna_relax/pycurves/hsf/relaxed_state_067
hsf	relaxed	068	/project2/rohs_102/shewchuk/TF-conformation/output/stage3_min_dnarelax/hsf/5d5u_state_068.pdb	/project2/rohs_102/shewchuk/TF-conformation/analysis/analyses/dna_relax/pycurves/hsf/relaxed_state_068
hsf	relaxed	069	/project2/rohs_102/shewchuk/TF-conformation/output/stage3_min_dnarelax/hsf/5d5u_state_069.pdb	/project2/rohs_102/shewchuk/TF-conformation/analysis/analyses/dna_relax/pycurves/hsf/relaxed_state_069
hsf	relaxed	070	/project2/rohs_102/shewchuk/TF-conformation/output/stage3_min_dnarelax/hsf/5d5u_state_070.pdb	/project2/rohs_102/shewchuk/TF-conformation/analysis/analyses/dna_relax/pycurves/hsf/relaxed_state_070
hsf	relaxed	071	/project2/rohs_102/shewchuk/TF-conformation/output/stage3_min_dnarelax/hsf/5d5u_state_071.pdb	/project2/rohs_102/shewchuk/TF-conformation/analysis/analyses/dna_relax/pycurves/hsf/relaxed_state_071
hsf	relaxed	072	/project2/rohs_102/shewchuk/TF-conformation/output/stage3_min_dnarelax/hsf/5d5u_state_072.pdb	/project2/rohs_102/shewchuk/TF-conformation/analysis/analyses/dna_relax/pycurves/hsf/relaxed_state_072
hsf	relaxed	073	/project2/rohs_102/shewchuk/TF-conformation/output/stage3_min_dnarelax/hsf/5d5u_state_073.pdb	/project2/rohs_102/shewchuk/TF-conformation/analysis/analyses/dna_relax/pycurves/hsf/relaxed_state_073
hsf	relaxed	074	/project2/rohs_102/shewchuk/TF-conformation/output/stage3_min_dnarelax/hsf/5d5u_state_074.pdb	/project2/rohs_102/shewchuk/TF-conformation/analysis/analyses/dna_relax/pycurves/hsf/relaxed_state_074
hsf	relaxed	075	/project2/rohs_102/shewchuk/TF-conformation/output/stage3_min_dnarelax/hsf/5d5u_state_075.pdb	/project2/rohs_102/shewchuk/TF-conformation/analysis/analyses/dna_relax/pycurves/hsf/relaxed_state_075
hsf	relaxed	076	/project2/rohs_102/shewchuk/TF-conformation/output/stage3_min_dnarelax/hsf/5d5u_state_076.pdb	/project2/rohs_102/shewchuk/TF-conformation/analysis/analyses/dna_relax/pycurves/hsf/relaxed_state_076
hsf	relaxed	077	/project2/rohs_102/shewchuk/TF-conformation/output/stage3_min_dnarelax/hsf/5d5u_state_077.pdb	/project2/rohs_102/shewchuk/TF-conformation/analysis/analyses/dna_relax/pycurves/hsf/relaxed_state_077
hsf	relaxed	078	/project2/rohs_102/shewchuk/TF-conformation/output/stage3_min_dnarelax/hsf/5d5u_state_078.pdb	/project2/rohs_102/shewchuk/TF-conformation/analysis/analyses/dna_relax/pycurves/hsf/relaxed_state_078
hsf	relaxed	079	/project2/rohs_102/shewchuk/TF-conformation/output/stage3_min_dnarelax/hsf/5d5u_state_079.pdb	/project2/rohs_102/shewchuk/TF-conformation/analysis/analyses/dna_relax/pycurves/hsf/relaxed_state_079
hsf	relaxed	080	/project2/rohs_102/shewchuk/TF-conformation/output/stage3_min_dnarelax/hsf/5d5u_state_080.pdb	/project2/rohs_102/shewchuk/TF-conformation/analysis/analyses/dna_relax/pycurves/hsf/relaxed_state_080
hsf	relaxed	081	/project2/rohs_102/shewchuk/TF-conformation/output/stage3_min_dnarelax/hsf/5d5u_state_081.pdb	/project2/rohs_102/shewchuk/TF-conformation/analysis/analyses/dna_relax/pycurves/hsf/relaxed_state_081
hsf	relaxed	082	/project2/rohs_102/shewchuk/TF-conformation/output/stage3_min_dnarelax/hsf/5d5u_state_082.pdb	/project2/rohs_102/shewchuk/TF-conformation/analysis/analyses/dna_relax/pycurves/hsf/relaxed_state_082
hsf	relaxed	083	/project2/rohs_102/shewchuk/TF-conformation/output/stage3_min_dnarelax/hsf/5d5u_state_083.pdb	/project2/rohs_102/shewchuk/TF-conformation/analysis/analyses/dna_relax/pycurves/hsf/relaxed_state_083
hsf	relaxed	084	/project2/rohs_102/shewchuk/TF-conformation/output/stage3_min_dnarelax/hsf/5d5u_state_084.pdb	/project2/rohs_102/shewchuk/TF-conformation/analysis/analyses/dna_relax/pycurves/hsf/relaxed_state_084
hsf	relaxed	085	/project2/rohs_102/shewchuk/TF-conformation/output/stage3_min_dnarelax/hsf/5d5u_state_085.pdb	/project2/rohs_102/shewchuk/TF-conformation/analysis/analyses/dna_relax/pycurves/hsf/relaxed_state_085
hsf	relaxed	086	/project2/rohs_102/shewchuk/TF-conformation/output/stage3_min_dnarelax/hsf/5d5u_state_086.pdb	/project2/rohs_102/shewchuk/TF-conformation/analysis/analyses/dna_relax/pycurves/hsf/relaxed_state_086
hsf	relaxed	087	/project2/rohs_102/shewchuk/TF-conformation/output/stage3_min_dnarelax/hsf/5d5u_state_087.pdb	/project2/rohs_102/shewchuk/TF-conformation/analysis/analyses/dna_relax/pycurves/hsf/relaxed_state_087
hsf	relaxed	088	/project2/rohs_102/shewchuk/TF-conformation/output/stage3_min_dnarelax/hsf/5d5u_state_088.pdb	/project2/rohs_102/shewchuk/TF-conformation/analysis/analyses/dna_relax/pycurves/hsf/relaxed_state_088
hsf	relaxed	089	/project2/rohs_102/shewchuk/TF-conformation/output/stage3_min_dnarelax/hsf/5d5u_state_089.pdb	/project2/rohs_102/shewchuk/TF-conformation/analysis/analyses/dna_relax/pycurves/hsf/relaxed_state_089
hsf	relaxed	090	/project2/rohs_102/shewchuk/TF-conformation/output/stage3_min_dnarelax/hsf/5d5u_state_090.pdb	/project2/rohs_102/shewchuk/TF-conformation/analysis/analyses/dna_relax/pycurves/hsf/relaxed_state_090
hsf	relaxed	091	/project2/rohs_102/shewchuk/TF-conformation/output/stage3_min_dnarelax/hsf/5d5u_state_091.pdb	/project2/rohs_102/shewchuk/TF-conformation/analysis/analyses/dna_relax/pycurves/hsf/relaxed_state_091
hsf	relaxed	092	/project2/rohs_102/shewchuk/TF-conformation/output/stage3_min_dnarelax/hsf/5d5u_state_092.pdb	/project2/rohs_102/shewchuk/TF-conformation/analysis/analyses/dna_relax/pycurves/hsf/relaxed_state_092
hsf	relaxed	093	/project2/rohs_102/shewchuk/TF-conformation/output/stage3_min_dnarelax/hsf/5d5u_state_093.pdb	/project2/rohs_102/shewchuk/TF-conformation/analysis/analyses/dna_relax/pycurves/hsf/relaxed_state_093
hsf	relaxed	094	/project2/rohs_102/shewchuk/TF-conformation/output/stage3_min_dnarelax/hsf/5d5u_state_094.pdb	/project2/rohs_102/shewchuk/TF-conformation/analysis/analyses/dna_relax/pycurves/hsf/relaxed_state_094
hsf	relaxed	095	/project2/rohs_102/shewchuk/TF-conformation/output/stage3_min_dnarelax/hsf/5d5u_state_095.pdb	/project2/rohs_102/shewchuk/TF-conformation/analysis/analyses/dna_relax/pycurves/hsf/relaxed_state_095
hsf	relaxed	096	/project2/rohs_102/shewchuk/TF-conformation/output/stage3_min_dnarelax/hsf/5d5u_state_096.pdb	/project2/rohs_102/shewchuk/TF-conformation/analysis/analyses/dna_relax/pycurves/hsf/relaxed_state_096
hsf	relaxed	097	/project2/rohs_102/shewchuk/TF-conformation/output/stage3_min_dnarelax/hsf/5d5u_state_097.pdb	/project2/rohs_102/shewchuk/TF-conformation/analysis/analyses/dna_relax/pycurves/hsf/relaxed_state_097
hsf	relaxed	098	/project2/rohs_102/shewchuk/TF-conformation/output/stage3_min_dnarelax/hsf/5d5u_state_098.pdb	/project2/rohs_102/shewchuk/TF-conformation/analysis/analyses/dna_relax/pycurves/hsf/relaxed_state_098
hsf	relaxed	099	/project2/rohs_102/shewchuk/TF-conformation/output/stage3_min_dnarelax/hsf/5d5u_state_099.pdb	/project2/rohs_102/shewchuk/TF-conformation/analysis/analyses/dna_relax/pycurves/hsf/relaxed_state_099
lef1	crystal	crystal	/project2/rohs_102/shewchuk/TF-conformation/structures/source_chains/2lef_chains/2lef_dna.pdb	/project2/rohs_102/shewchuk/TF-conformation/analysis/analyses/dna_relax/pycurves/lef1/crystal
lef1	frozen	002	/project2/rohs_102/shewchuk/TF-conformation/output/stage3_min/lef1/2lef_state_002.pdb	/project2/rohs_102/shewchuk/TF-conformation/analysis/analyses/dna_relax/pycurves/lef1/frozen_state_002
lef1	frozen	003	/project2/rohs_102/shewchuk/TF-conformation/output/stage3_min/lef1/2lef_state_003.pdb	/project2/rohs_102/shewchuk/TF-conformation/analysis/analyses/dna_relax/pycurves/lef1/frozen_state_003
lef1	frozen	004	/project2/rohs_102/shewchuk/TF-conformation/output/stage3_min/lef1/2lef_state_004.pdb	/project2/rohs_102/shewchuk/TF-conformation/analysis/analyses/dna_relax/pycurves/lef1/frozen_state_004
lef1	frozen	005	/project2/rohs_102/shewchuk/TF-conformation/output/stage3_min/lef1/2lef_state_005.pdb	/project2/rohs_102/shewchuk/TF-conformation/analysis/analyses/dna_relax/pycurves/lef1/frozen_state_005
lef1	frozen	006	/project2/rohs_102/shewchuk/TF-conformation/output/stage3_min/lef1/2lef_state_006.pdb	/project2/rohs_102/shewchuk/TF-conformation/analysis/analyses/dna_relax/pycurves/lef1/frozen_state_006
lef1	frozen	007	/project2/rohs_102/shewchuk/TF-conformation/output/stage3_min/lef1/2lef_state_007.pdb	/project2/rohs_102/shewchuk/TF-conformation/analysis/analyses/dna_relax/pycurves/lef1/frozen_state_007
lef1	frozen	008	/project2/rohs_102/shewchuk/TF-conformation/output/stage3_min/lef1/2lef_state_008.pdb	/project2/rohs_102/shewchuk/TF-conformation/analysis/analyses/dna_relax/pycurves/lef1/frozen_state_008
lef1	frozen	009	/project2/rohs_102/shewchuk/TF-conformation/output/stage3_min/lef1/2lef_state_009.pdb	/project2/rohs_102/shewchuk/TF-conformation/analysis/analyses/dna_relax/pycurves/lef1/frozen_state_009
lef1	frozen	010	/project2/rohs_102/shewchuk/TF-conformation/output/stage3_min/lef1/2lef_state_010.pdb	/project2/rohs_102/shewchuk/TF-conformation/analysis/analyses/dna_relax/pycurves/lef1/frozen_state_010
lef1	frozen	011	/project2/rohs_102/shewchuk/TF-conformation/output/stage3_min/lef1/2lef_state_011.pdb	/project2/rohs_102/shewchuk/TF-conformation/analysis/analyses/dna_relax/pycurves/lef1/frozen_state_011
lef1	frozen	012	/project2/rohs_102/shewchuk/TF-conformation/output/stage3_min/lef1/2lef_state_012.pdb	/project2/rohs_102/shewchuk/TF-conformation/analysis/analyses/dna_relax/pycurves/lef1/frozen_state_012
lef1	frozen	015	/project2/rohs_102/shewchuk/TF-conformation/output/stage3_min/lef1/2lef_state_015.pdb	/project2/rohs_102/shewchuk/TF-conformation/analysis/analyses/dna_relax/pycurves/lef1/frozen_state_015
lef1	frozen	016	/project2/rohs_102/shewchuk/TF-conformation/output/stage3_min/lef1/2lef_state_016.pdb	/project2/rohs_102/shewchuk/TF-conformation/analysis/analyses/dna_relax/pycurves/lef1/frozen_state_016
lef1	frozen	017	/project2/rohs_102/shewchuk/TF-conformation/output/stage3_min/lef1/2lef_state_017.pdb	/project2/rohs_102/shewchuk/TF-conformation/analysis/analyses/dna_relax/pycurves/lef1/frozen_state_017
lef1	frozen	018	/project2/rohs_102/shewchuk/TF-conformation/output/stage3_min/lef1/2lef_state_018.pdb	/project2/rohs_102/shewchuk/TF-conformation/analysis/analyses/dna_relax/pycurves/lef1/frozen_state_018
lef1	frozen	019	/project2/rohs_102/shewchuk/TF-conformation/output/stage3_min/lef1/2lef_state_019.pdb	/project2/rohs_102/shewchuk/TF-conformation/analysis/analyses/dna_relax/pycurves/lef1/frozen_state_019
lef1	frozen	020	/project2/rohs_102/shewchuk/TF-conformation/output/stage3_min/lef1/2lef_state_020.pdb	/project2/rohs_102/shewchuk/TF-conformation/analysis/analyses/dna_relax/pycurves/lef1/frozen_state_020
lef1	frozen	021	/project2/rohs_102/shewchuk/TF-conformation/output/stage3_min/lef1/2lef_state_021.pdb	/project2/rohs_102/shewchuk/TF-conformation/analysis/analyses/dna_relax/pycurves/lef1/frozen_state_021
lef1	frozen	022	/project2/rohs_102/shewchuk/TF-conformation/output/stage3_min/lef1/2lef_state_022.pdb	/project2/rohs_102/shewchuk/TF-conformation/analysis/analyses/dna_relax/pycurves/lef1/frozen_state_022
lef1	frozen	023	/project2/rohs_102/shewchuk/TF-conformation/output/stage3_min/lef1/2lef_state_023.pdb	/project2/rohs_102/shewchuk/TF-conformation/analysis/analyses/dna_relax/pycurves/lef1/frozen_state_023
lef1	frozen	024	/project2/rohs_102/shewchuk/TF-conformation/output/stage3_min/lef1/2lef_state_024.pdb	/project2/rohs_102/shewchuk/TF-conformation/analysis/analyses/dna_relax/pycurves/lef1/frozen_state_024
lef1	frozen	025	/project2/rohs_102/shewchuk/TF-conformation/output/stage3_min/lef1/2lef_state_025.pdb	/project2/rohs_102/shewchuk/TF-conformation/analysis/analyses/dna_relax/pycurves/lef1/frozen_state_025
lef1	frozen	026	/project2/rohs_102/shewchuk/TF-conformation/output/stage3_min/lef1/2lef_state_026.pdb	/project2/rohs_102/shewchuk/TF-conformation/analysis/analyses/dna_relax/pycurves/lef1/frozen_state_026
lef1	frozen	027	/project2/rohs_102/shewchuk/TF-conformation/output/stage3_min/lef1/2lef_state_027.pdb	/project2/rohs_102/shewchuk/TF-conformation/analysis/analyses/dna_relax/pycurves/lef1/frozen_state_027
lef1	frozen	028	/project2/rohs_102/shewchuk/TF-conformation/output/stage3_min/lef1/2lef_state_028.pdb	/project2/rohs_102/shewchuk/TF-conformation/analysis/analyses/dna_relax/pycurves/lef1/frozen_state_028
lef1	frozen	029	/project2/rohs_102/shewchuk/TF-conformation/output/stage3_min/lef1/2lef_state_029.pdb	/project2/rohs_102/shewchuk/TF-conformation/analysis/analyses/dna_relax/pycurves/lef1/frozen_state_029
lef1	frozen	030	/project2/rohs_102/shewchuk/TF-conformation/output/stage3_min/lef1/2lef_state_030.pdb	/project2/rohs_102/shewchuk/TF-conformation/analysis/analyses/dna_relax/pycurves/lef1/frozen_state_030
lef1	frozen	031	/project2/rohs_102/shewchuk/TF-conformation/output/stage3_min/lef1/2lef_state_031.pdb	/project2/rohs_102/shewchuk/TF-conformation/analysis/analyses/dna_relax/pycurves/lef1/frozen_state_031
lef1	frozen	032	/project2/rohs_102/shewchuk/TF-conformation/output/stage3_min/lef1/2lef_state_032.pdb	/project2/rohs_102/shewchuk/TF-conformation/analysis/analyses/dna_relax/pycurves/lef1/frozen_state_032
lef1	frozen	033	/project2/rohs_102/shewchuk/TF-conformation/output/stage3_min/lef1/2lef_state_033.pdb	/project2/rohs_102/shewchuk/TF-conformation/analysis/analyses/dna_relax/pycurves/lef1/frozen_state_033
lef1	frozen	034	/project2/rohs_102/shewchuk/TF-conformation/output/stage3_min/lef1/2lef_state_034.pdb	/project2/rohs_102/shewchuk/TF-conformation/analysis/analyses/dna_relax/pycurves/lef1/frozen_state_034
lef1	frozen	035	/project2/rohs_102/shewchuk/TF-conformation/output/stage3_min/lef1/2lef_state_035.pdb	/project2/rohs_102/shewchuk/TF-conformation/analysis/analyses/dna_relax/pycurves/lef1/frozen_state_035
lef1	frozen	036	/project2/rohs_102/shewchuk/TF-conformation/output/stage3_min/lef1/2lef_state_036.pdb	/project2/rohs_102/shewchuk/TF-conformation/analysis/analyses/dna_relax/pycurves/lef1/frozen_state_036
lef1	frozen	037	/project2/rohs_102/shewchuk/TF-conformation/output/stage3_min/lef1/2lef_state_037.pdb	/project2/rohs_102/shewchuk/TF-conformation/analysis/analyses/dna_relax/pycurves/lef1/frozen_state_037
lef1	frozen	038	/project2/rohs_102/shewchuk/TF-conformation/output/stage3_min/lef1/2lef_state_038.pdb	/project2/rohs_102/shewchuk/TF-conformation/analysis/analyses/dna_relax/pycurves/lef1/frozen_state_038
lef1	frozen	039	/project2/rohs_102/shewchuk/TF-conformation/output/stage3_min/lef1/2lef_state_039.pdb	/project2/rohs_102/shewchuk/TF-conformation/analysis/analyses/dna_relax/pycurves/lef1/frozen_state_039
lef1	frozen	040	/project2/rohs_102/shewchuk/TF-conformation/output/stage3_min/lef1/2lef_state_040.pdb	/project2/rohs_102/shewchuk/TF-conformation/analysis/analyses/dna_relax/pycurves/lef1/frozen_state_040
lef1	frozen	041	/project2/rohs_102/shewchuk/TF-conformation/output/stage3_min/lef1/2lef_state_041.pdb	/project2/rohs_102/shewchuk/TF-conformation/analysis/analyses/dna_relax/pycurves/lef1/frozen_state_041
lef1	frozen	042	/project2/rohs_102/shewchuk/TF-conformation/output/stage3_min/lef1/2lef_state_042.pdb	/project2/rohs_102/shewchuk/TF-conformation/analysis/analyses/dna_relax/pycurves/lef1/frozen_state_042
lef1	frozen	043	/project2/rohs_102/shewchuk/TF-conformation/output/stage3_min/lef1/2lef_state_043.pdb	/project2/rohs_102/shewchuk/TF-conformation/analysis/analyses/dna_relax/pycurves/lef1/frozen_state_043
lef1	frozen	044	/project2/rohs_102/shewchuk/TF-conformation/output/stage3_min/lef1/2lef_state_044.pdb	/project2/rohs_102/shewchuk/TF-conformation/analysis/analyses/dna_relax/pycurves/lef1/frozen_state_044
lef1	frozen	045	/project2/rohs_102/shewchuk/TF-conformation/output/stage3_min/lef1/2lef_state_045.pdb	/project2/rohs_102/shewchuk/TF-conformation/analysis/analyses/dna_relax/pycurves/lef1/frozen_state_045
lef1	frozen	046	/project2/rohs_102/shewchuk/TF-conformation/output/stage3_min/lef1/2lef_state_046.pdb	/project2/rohs_102/shewchuk/TF-conformation/analysis/analyses/dna_relax/pycurves/lef1/frozen_state_046
lef1	frozen	047	/project2/rohs_102/shewchuk/TF-conformation/output/stage3_min/lef1/2lef_state_047.pdb	/project2/rohs_102/shewchuk/TF-conformation/analysis/analyses/dna_relax/pycurves/lef1/frozen_state_047
lef1	frozen	048	/project2/rohs_102/shewchuk/TF-conformation/output/stage3_min/lef1/2lef_state_048.pdb	/project2/rohs_102/shewchuk/TF-conformation/analysis/analyses/dna_relax/pycurves/lef1/frozen_state_048
lef1	frozen	049	/project2/rohs_102/shewchuk/TF-conformation/output/stage3_min/lef1/2lef_state_049.pdb	/project2/rohs_102/shewchuk/TF-conformation/analysis/analyses/dna_relax/pycurves/lef1/frozen_state_049
lef1	frozen	051	/project2/rohs_102/shewchuk/TF-conformation/output/stage3_min/lef1/2lef_state_051.pdb	/project2/rohs_102/shewchuk/TF-conformation/analysis/analyses/dna_relax/pycurves/lef1/frozen_state_051
lef1	frozen	052	/project2/rohs_102/shewchuk/TF-conformation/output/stage3_min/lef1/2lef_state_052.pdb	/project2/rohs_102/shewchuk/TF-conformation/analysis/analyses/dna_relax/pycurves/lef1/frozen_state_052
lef1	frozen	054	/project2/rohs_102/shewchuk/TF-conformation/output/stage3_min/lef1/2lef_state_054.pdb	/project2/rohs_102/shewchuk/TF-conformation/analysis/analyses/dna_relax/pycurves/lef1/frozen_state_054
lef1	frozen	055	/project2/rohs_102/shewchuk/TF-conformation/output/stage3_min/lef1/2lef_state_055.pdb	/project2/rohs_102/shewchuk/TF-conformation/analysis/analyses/dna_relax/pycurves/lef1/frozen_state_055
lef1	frozen	056	/project2/rohs_102/shewchuk/TF-conformation/output/stage3_min/lef1/2lef_state_056.pdb	/project2/rohs_102/shewchuk/TF-conformation/analysis/analyses/dna_relax/pycurves/lef1/frozen_state_056
lef1	frozen	057	/project2/rohs_102/shewchuk/TF-conformation/output/stage3_min/lef1/2lef_state_057.pdb	/project2/rohs_102/shewchuk/TF-conformation/analysis/analyses/dna_relax/pycurves/lef1/frozen_state_057
lef1	frozen	058	/project2/rohs_102/shewchuk/TF-conformation/output/stage3_min/lef1/2lef_state_058.pdb	/project2/rohs_102/shewchuk/TF-conformation/analysis/analyses/dna_relax/pycurves/lef1/frozen_state_058
lef1	frozen	059	/project2/rohs_102/shewchuk/TF-conformation/output/stage3_min/lef1/2lef_state_059.pdb	/project2/rohs_102/shewchuk/TF-conformation/analysis/analyses/dna_relax/pycurves/lef1/frozen_state_059
lef1	frozen	061	/project2/rohs_102/shewchuk/TF-conformation/output/stage3_min/lef1/2lef_state_061.pdb	/project2/rohs_102/shewchuk/TF-conformation/analysis/analyses/dna_relax/pycurves/lef1/frozen_state_061
lef1	frozen	062	/project2/rohs_102/shewchuk/TF-conformation/output/stage3_min/lef1/2lef_state_062.pdb	/project2/rohs_102/shewchuk/TF-conformation/analysis/analyses/dna_relax/pycurves/lef1/frozen_state_062
lef1	frozen	063	/project2/rohs_102/shewchuk/TF-conformation/output/stage3_min/lef1/2lef_state_063.pdb	/project2/rohs_102/shewchuk/TF-conformation/analysis/analyses/dna_relax/pycurves/lef1/frozen_state_063
lef1	frozen	064	/project2/rohs_102/shewchuk/TF-conformation/output/stage3_min/lef1/2lef_state_064.pdb	/project2/rohs_102/shewchuk/TF-conformation/analysis/analyses/dna_relax/pycurves/lef1/frozen_state_064
lef1	frozen	065	/project2/rohs_102/shewchuk/TF-conformation/output/stage3_min/lef1/2lef_state_065.pdb	/project2/rohs_102/shewchuk/TF-conformation/analysis/analyses/dna_relax/pycurves/lef1/frozen_state_065
lef1	frozen	066	/project2/rohs_102/shewchuk/TF-conformation/output/stage3_min/lef1/2lef_state_066.pdb	/project2/rohs_102/shewchuk/TF-conformation/analysis/analyses/dna_relax/pycurves/lef1/frozen_state_066
lef1	frozen	067	/project2/rohs_102/shewchuk/TF-conformation/output/stage3_min/lef1/2lef_state_067.pdb	/project2/rohs_102/shewchuk/TF-conformation/analysis/analyses/dna_relax/pycurves/lef1/frozen_state_067
lef1	frozen	068	/project2/rohs_102/shewchuk/TF-conformation/output/stage3_min/lef1/2lef_state_068.pdb	/project2/rohs_102/shewchuk/TF-conformation/analysis/analyses/dna_relax/pycurves/lef1/frozen_state_068
lef1	frozen	069	/project2/rohs_102/shewchuk/TF-conformation/output/stage3_min/lef1/2lef_state_069.pdb	/project2/rohs_102/shewchuk/TF-conformation/analysis/analyses/dna_relax/pycurves/lef1/frozen_state_069
lef1	frozen	070	/project2/rohs_102/shewchuk/TF-conformation/output/stage3_min/lef1/2lef_state_070.pdb	/project2/rohs_102/shewchuk/TF-conformation/analysis/analyses/dna_relax/pycurves/lef1/frozen_state_070
lef1	frozen	071	/project2/rohs_102/shewchuk/TF-conformation/output/stage3_min/lef1/2lef_state_071.pdb	/project2/rohs_102/shewchuk/TF-conformation/analysis/analyses/dna_relax/pycurves/lef1/frozen_state_071
lef1	frozen	072	/project2/rohs_102/shewchuk/TF-conformation/output/stage3_min/lef1/2lef_state_072.pdb	/project2/rohs_102/shewchuk/TF-conformation/analysis/analyses/dna_relax/pycurves/lef1/frozen_state_072
lef1	frozen	073	/project2/rohs_102/shewchuk/TF-conformation/output/stage3_min/lef1/2lef_state_073.pdb	/project2/rohs_102/shewchuk/TF-conformation/analysis/analyses/dna_relax/pycurves/lef1/frozen_state_073
lef1	frozen	074	/project2/rohs_102/shewchuk/TF-conformation/output/stage3_min/lef1/2lef_state_074.pdb	/project2/rohs_102/shewchuk/TF-conformation/analysis/analyses/dna_relax/pycurves/lef1/frozen_state_074
lef1	frozen	075	/project2/rohs_102/shewchuk/TF-conformation/output/stage3_min/lef1/2lef_state_075.pdb	/project2/rohs_102/shewchuk/TF-conformation/analysis/analyses/dna_relax/pycurves/lef1/frozen_state_075
lef1	frozen	076	/project2/rohs_102/shewchuk/TF-conformation/output/stage3_min/lef1/2lef_state_076.pdb	/project2/rohs_102/shewchuk/TF-conformation/analysis/analyses/dna_relax/pycurves/lef1/frozen_state_076
lef1	frozen	077	/project2/rohs_102/shewchuk/TF-conformation/output/stage3_min/lef1/2lef_state_077.pdb	/project2/rohs_102/shewchuk/TF-conformation/analysis/analyses/dna_relax/pycurves/lef1/frozen_state_077
lef1	frozen	078	/project2/rohs_102/shewchuk/TF-conformation/output/stage3_min/lef1/2lef_state_078.pdb	/project2/rohs_102/shewchuk/TF-conformation/analysis/analyses/dna_relax/pycurves/lef1/frozen_state_078
lef1	frozen	079	/project2/rohs_102/shewchuk/TF-conformation/output/stage3_min/lef1/2lef_state_079.pdb	/project2/rohs_102/shewchuk/TF-conformation/analysis/analyses/dna_relax/pycurves/lef1/frozen_state_079
lef1	frozen	080	/project2/rohs_102/shewchuk/TF-conformation/output/stage3_min/lef1/2lef_state_080.pdb	/project2/rohs_102/shewchuk/TF-conformation/analysis/analyses/dna_relax/pycurves/lef1/frozen_state_080
lef1	frozen	081	/project2/rohs_102/shewchuk/TF-conformation/output/stage3_min/lef1/2lef_state_081.pdb	/project2/rohs_102/shewchuk/TF-conformation/analysis/analyses/dna_relax/pycurves/lef1/frozen_state_081
lef1	frozen	082	/project2/rohs_102/shewchuk/TF-conformation/output/stage3_min/lef1/2lef_state_082.pdb	/project2/rohs_102/shewchuk/TF-conformation/analysis/analyses/dna_relax/pycurves/lef1/frozen_state_082
lef1	frozen	083	/project2/rohs_102/shewchuk/TF-conformation/output/stage3_min/lef1/2lef_state_083.pdb	/project2/rohs_102/shewchuk/TF-conformation/analysis/analyses/dna_relax/pycurves/lef1/frozen_state_083
lef1	frozen	084	/project2/rohs_102/shewchuk/TF-conformation/output/stage3_min/lef1/2lef_state_084.pdb	/project2/rohs_102/shewchuk/TF-conformation/analysis/analyses/dna_relax/pycurves/lef1/frozen_state_084
lef1	frozen	085	/project2/rohs_102/shewchuk/TF-conformation/output/stage3_min/lef1/2lef_state_085.pdb	/project2/rohs_102/shewchuk/TF-conformation/analysis/analyses/dna_relax/pycurves/lef1/frozen_state_085
lef1	frozen	086	/project2/rohs_102/shewchuk/TF-conformation/output/stage3_min/lef1/2lef_state_086.pdb	/project2/rohs_102/shewchuk/TF-conformation/analysis/analyses/dna_relax/pycurves/lef1/frozen_state_086
lef1	frozen	087	/project2/rohs_102/shewchuk/TF-conformation/output/stage3_min/lef1/2lef_state_087.pdb	/project2/rohs_102/shewchuk/TF-conformation/analysis/analyses/dna_relax/pycurves/lef1/frozen_state_087
lef1	frozen	088	/project2/rohs_102/shewchuk/TF-conformation/output/stage3_min/lef1/2lef_state_088.pdb	/project2/rohs_102/shewchuk/TF-conformation/analysis/analyses/dna_relax/pycurves/lef1/frozen_state_088
lef1	frozen	089	/project2/rohs_102/shewchuk/TF-conformation/output/stage3_min/lef1/2lef_state_089.pdb	/project2/rohs_102/shewchuk/TF-conformation/analysis/analyses/dna_relax/pycurves/lef1/frozen_state_089
lef1	relaxed	001	/project2/rohs_102/shewchuk/TF-conformation/output/stage3_min_dnarelax/lef1/2lef_state_001.pdb	/project2/rohs_102/shewchuk/TF-conformation/analysis/analyses/dna_relax/pycurves/lef1/relaxed_state_001
lef1	relaxed	002	/project2/rohs_102/shewchuk/TF-conformation/output/stage3_min_dnarelax/lef1/2lef_state_002.pdb	/project2/rohs_102/shewchuk/TF-conformation/analysis/analyses/dna_relax/pycurves/lef1/relaxed_state_002
lef1	relaxed	003	/project2/rohs_102/shewchuk/TF-conformation/output/stage3_min_dnarelax/lef1/2lef_state_003.pdb	/project2/rohs_102/shewchuk/TF-conformation/analysis/analyses/dna_relax/pycurves/lef1/relaxed_state_003
lef1	relaxed	004	/project2/rohs_102/shewchuk/TF-conformation/output/stage3_min_dnarelax/lef1/2lef_state_004.pdb	/project2/rohs_102/shewchuk/TF-conformation/analysis/analyses/dna_relax/pycurves/lef1/relaxed_state_004
lef1	relaxed	006	/project2/rohs_102/shewchuk/TF-conformation/output/stage3_min_dnarelax/lef1/2lef_state_006.pdb	/project2/rohs_102/shewchuk/TF-conformation/analysis/analyses/dna_relax/pycurves/lef1/relaxed_state_006
lef1	relaxed	007	/project2/rohs_102/shewchuk/TF-conformation/output/stage3_min_dnarelax/lef1/2lef_state_007.pdb	/project2/rohs_102/shewchuk/TF-conformation/analysis/analyses/dna_relax/pycurves/lef1/relaxed_state_007
lef1	relaxed	008	/project2/rohs_102/shewchuk/TF-conformation/output/stage3_min_dnarelax/lef1/2lef_state_008.pdb	/project2/rohs_102/shewchuk/TF-conformation/analysis/analyses/dna_relax/pycurves/lef1/relaxed_state_008
lef1	relaxed	009	/project2/rohs_102/shewchuk/TF-conformation/output/stage3_min_dnarelax/lef1/2lef_state_009.pdb	/project2/rohs_102/shewchuk/TF-conformation/analysis/analyses/dna_relax/pycurves/lef1/relaxed_state_009
lef1	relaxed	011	/project2/rohs_102/shewchuk/TF-conformation/output/stage3_min_dnarelax/lef1/2lef_state_011.pdb	/project2/rohs_102/shewchuk/TF-conformation/analysis/analyses/dna_relax/pycurves/lef1/relaxed_state_011
lef1	relaxed	012	/project2/rohs_102/shewchuk/TF-conformation/output/stage3_min_dnarelax/lef1/2lef_state_012.pdb	/project2/rohs_102/shewchuk/TF-conformation/analysis/analyses/dna_relax/pycurves/lef1/relaxed_state_012
lef1	relaxed	013	/project2/rohs_102/shewchuk/TF-conformation/output/stage3_min_dnarelax/lef1/2lef_state_013.pdb	/project2/rohs_102/shewchuk/TF-conformation/analysis/analyses/dna_relax/pycurves/lef1/relaxed_state_013
lef1	relaxed	014	/project2/rohs_102/shewchuk/TF-conformation/output/stage3_min_dnarelax/lef1/2lef_state_014.pdb	/project2/rohs_102/shewchuk/TF-conformation/analysis/analyses/dna_relax/pycurves/lef1/relaxed_state_014
lef1	relaxed	015	/project2/rohs_102/shewchuk/TF-conformation/output/stage3_min_dnarelax/lef1/2lef_state_015.pdb	/project2/rohs_102/shewchuk/TF-conformation/analysis/analyses/dna_relax/pycurves/lef1/relaxed_state_015
lef1	relaxed	016	/project2/rohs_102/shewchuk/TF-conformation/output/stage3_min_dnarelax/lef1/2lef_state_016.pdb	/project2/rohs_102/shewchuk/TF-conformation/analysis/analyses/dna_relax/pycurves/lef1/relaxed_state_016
lef1	relaxed	017	/project2/rohs_102/shewchuk/TF-conformation/output/stage3_min_dnarelax/lef1/2lef_state_017.pdb	/project2/rohs_102/shewchuk/TF-conformation/analysis/analyses/dna_relax/pycurves/lef1/relaxed_state_017
lef1	relaxed	018	/project2/rohs_102/shewchuk/TF-conformation/output/stage3_min_dnarelax/lef1/2lef_state_018.pdb	/project2/rohs_102/shewchuk/TF-conformation/analysis/analyses/dna_relax/pycurves/lef1/relaxed_state_018
lef1	relaxed	019	/project2/rohs_102/shewchuk/TF-conformation/output/stage3_min_dnarelax/lef1/2lef_state_019.pdb	/project2/rohs_102/shewchuk/TF-conformation/analysis/analyses/dna_relax/pycurves/lef1/relaxed_state_019
lef1	relaxed	020	/project2/rohs_102/shewchuk/TF-conformation/output/stage3_min_dnarelax/lef1/2lef_state_020.pdb	/project2/rohs_102/shewchuk/TF-conformation/analysis/analyses/dna_relax/pycurves/lef1/relaxed_state_020
lef1	relaxed	021	/project2/rohs_102/shewchuk/TF-conformation/output/stage3_min_dnarelax/lef1/2lef_state_021.pdb	/project2/rohs_102/shewchuk/TF-conformation/analysis/analyses/dna_relax/pycurves/lef1/relaxed_state_021
lef1	relaxed	022	/project2/rohs_102/shewchuk/TF-conformation/output/stage3_min_dnarelax/lef1/2lef_state_022.pdb	/project2/rohs_102/shewchuk/TF-conformation/analysis/analyses/dna_relax/pycurves/lef1/relaxed_state_022
lef1	relaxed	023	/project2/rohs_102/shewchuk/TF-conformation/output/stage3_min_dnarelax/lef1/2lef_state_023.pdb	/project2/rohs_102/shewchuk/TF-conformation/analysis/analyses/dna_relax/pycurves/lef1/relaxed_state_023
lef1	relaxed	024	/project2/rohs_102/shewchuk/TF-conformation/output/stage3_min_dnarelax/lef1/2lef_state_024.pdb	/project2/rohs_102/shewchuk/TF-conformation/analysis/analyses/dna_relax/pycurves/lef1/relaxed_state_024
lef1	relaxed	025	/project2/rohs_102/shewchuk/TF-conformation/output/stage3_min_dnarelax/lef1/2lef_state_025.pdb	/project2/rohs_102/shewchuk/TF-conformation/analysis/analyses/dna_relax/pycurves/lef1/relaxed_state_025
lef1	relaxed	026	/project2/rohs_102/shewchuk/TF-conformation/output/stage3_min_dnarelax/lef1/2lef_state_026.pdb	/project2/rohs_102/shewchuk/TF-conformation/analysis/analyses/dna_relax/pycurves/lef1/relaxed_state_026
lef1	relaxed	027	/project2/rohs_102/shewchuk/TF-conformation/output/stage3_min_dnarelax/lef1/2lef_state_027.pdb	/project2/rohs_102/shewchuk/TF-conformation/analysis/analyses/dna_relax/pycurves/lef1/relaxed_state_027
lef1	relaxed	028	/project2/rohs_102/shewchuk/TF-conformation/output/stage3_min_dnarelax/lef1/2lef_state_028.pdb	/project2/rohs_102/shewchuk/TF-conformation/analysis/analyses/dna_relax/pycurves/lef1/relaxed_state_028
lef1	relaxed	029	/project2/rohs_102/shewchuk/TF-conformation/output/stage3_min_dnarelax/lef1/2lef_state_029.pdb	/project2/rohs_102/shewchuk/TF-conformation/analysis/analyses/dna_relax/pycurves/lef1/relaxed_state_029
lef1	relaxed	030	/project2/rohs_102/shewchuk/TF-conformation/output/stage3_min_dnarelax/lef1/2lef_state_030.pdb	/project2/rohs_102/shewchuk/TF-conformation/analysis/analyses/dna_relax/pycurves/lef1/relaxed_state_030
lef1	relaxed	031	/project2/rohs_102/shewchuk/TF-conformation/output/stage3_min_dnarelax/lef1/2lef_state_031.pdb	/project2/rohs_102/shewchuk/TF-conformation/analysis/analyses/dna_relax/pycurves/lef1/relaxed_state_031
lef1	relaxed	032	/project2/rohs_102/shewchuk/TF-conformation/output/stage3_min_dnarelax/lef1/2lef_state_032.pdb	/project2/rohs_102/shewchuk/TF-conformation/analysis/analyses/dna_relax/pycurves/lef1/relaxed_state_032
lef1	relaxed	033	/project2/rohs_102/shewchuk/TF-conformation/output/stage3_min_dnarelax/lef1/2lef_state_033.pdb	/project2/rohs_102/shewchuk/TF-conformation/analysis/analyses/dna_relax/pycurves/lef1/relaxed_state_033
lef1	relaxed	034	/project2/rohs_102/shewchuk/TF-conformation/output/stage3_min_dnarelax/lef1/2lef_state_034.pdb	/project2/rohs_102/shewchuk/TF-conformation/analysis/analyses/dna_relax/pycurves/lef1/relaxed_state_034
lef1	relaxed	035	/project2/rohs_102/shewchuk/TF-conformation/output/stage3_min_dnarelax/lef1/2lef_state_035.pdb	/project2/rohs_102/shewchuk/TF-conformation/analysis/analyses/dna_relax/pycurves/lef1/relaxed_state_035
lef1	relaxed	036	/project2/rohs_102/shewchuk/TF-conformation/output/stage3_min_dnarelax/lef1/2lef_state_036.pdb	/project2/rohs_102/shewchuk/TF-conformation/analysis/analyses/dna_relax/pycurves/lef1/relaxed_state_036
lef1	relaxed	037	/project2/rohs_102/shewchuk/TF-conformation/output/stage3_min_dnarelax/lef1/2lef_state_037.pdb	/project2/rohs_102/shewchuk/TF-conformation/analysis/analyses/dna_relax/pycurves/lef1/relaxed_state_037
lef1	relaxed	038	/project2/rohs_102/shewchuk/TF-conformation/output/stage3_min_dnarelax/lef1/2lef_state_038.pdb	/project2/rohs_102/shewchuk/TF-conformation/analysis/analyses/dna_relax/pycurves/lef1/relaxed_state_038
lef1	relaxed	039	/project2/rohs_102/shewchuk/TF-conformation/output/stage3_min_dnarelax/lef1/2lef_state_039.pdb	/project2/rohs_102/shewchuk/TF-conformation/analysis/analyses/dna_relax/pycurves/lef1/relaxed_state_039
lef1	relaxed	040	/project2/rohs_102/shewchuk/TF-conformation/output/stage3_min_dnarelax/lef1/2lef_state_040.pdb	/project2/rohs_102/shewchuk/TF-conformation/analysis/analyses/dna_relax/pycurves/lef1/relaxed_state_040
lef1	relaxed	041	/project2/rohs_102/shewchuk/TF-conformation/output/stage3_min_dnarelax/lef1/2lef_state_041.pdb	/project2/rohs_102/shewchuk/TF-conformation/analysis/analyses/dna_relax/pycurves/lef1/relaxed_state_041
lef1	relaxed	042	/project2/rohs_102/shewchuk/TF-conformation/output/stage3_min_dnarelax/lef1/2lef_state_042.pdb	/project2/rohs_102/shewchuk/TF-conformation/analysis/analyses/dna_relax/pycurves/lef1/relaxed_state_042
lef1	relaxed	043	/project2/rohs_102/shewchuk/TF-conformation/output/stage3_min_dnarelax/lef1/2lef_state_043.pdb	/project2/rohs_102/shewchuk/TF-conformation/analysis/analyses/dna_relax/pycurves/lef1/relaxed_state_043
lef1	relaxed	044	/project2/rohs_102/shewchuk/TF-conformation/output/stage3_min_dnarelax/lef1/2lef_state_044.pdb	/project2/rohs_102/shewchuk/TF-conformation/analysis/analyses/dna_relax/pycurves/lef1/relaxed_state_044
lef1	relaxed	045	/project2/rohs_102/shewchuk/TF-conformation/output/stage3_min_dnarelax/lef1/2lef_state_045.pdb	/project2/rohs_102/shewchuk/TF-conformation/analysis/analyses/dna_relax/pycurves/lef1/relaxed_state_045
lef1	relaxed	046	/project2/rohs_102/shewchuk/TF-conformation/output/stage3_min_dnarelax/lef1/2lef_state_046.pdb	/project2/rohs_102/shewchuk/TF-conformation/analysis/analyses/dna_relax/pycurves/lef1/relaxed_state_046
lef1	relaxed	047	/project2/rohs_102/shewchuk/TF-conformation/output/stage3_min_dnarelax/lef1/2lef_state_047.pdb	/project2/rohs_102/shewchuk/TF-conformation/analysis/analyses/dna_relax/pycurves/lef1/relaxed_state_047
lef1	relaxed	048	/project2/rohs_102/shewchuk/TF-conformation/output/stage3_min_dnarelax/lef1/2lef_state_048.pdb	/project2/rohs_102/shewchuk/TF-conformation/analysis/analyses/dna_relax/pycurves/lef1/relaxed_state_048
lef1	relaxed	049	/project2/rohs_102/shewchuk/TF-conformation/output/stage3_min_dnarelax/lef1/2lef_state_049.pdb	/project2/rohs_102/shewchuk/TF-conformation/analysis/analyses/dna_relax/pycurves/lef1/relaxed_state_049
lef1	relaxed	050	/project2/rohs_102/shewchuk/TF-conformation/output/stage3_min_dnarelax/lef1/2lef_state_050.pdb	/project2/rohs_102/shewchuk/TF-conformation/analysis/analyses/dna_relax/pycurves/lef1/relaxed_state_050
lef1	relaxed	051	/project2/rohs_102/shewchuk/TF-conformation/output/stage3_min_dnarelax/lef1/2lef_state_051.pdb	/project2/rohs_102/shewchuk/TF-conformation/analysis/analyses/dna_relax/pycurves/lef1/relaxed_state_051
lef1	relaxed	052	/project2/rohs_102/shewchuk/TF-conformation/output/stage3_min_dnarelax/lef1/2lef_state_052.pdb	/project2/rohs_102/shewchuk/TF-conformation/analysis/analyses/dna_relax/pycurves/lef1/relaxed_state_052
lef1	relaxed	053	/project2/rohs_102/shewchuk/TF-conformation/output/stage3_min_dnarelax/lef1/2lef_state_053.pdb	/project2/rohs_102/shewchuk/TF-conformation/analysis/analyses/dna_relax/pycurves/lef1/relaxed_state_053
lef1	relaxed	054	/project2/rohs_102/shewchuk/TF-conformation/output/stage3_min_dnarelax/lef1/2lef_state_054.pdb	/project2/rohs_102/shewchuk/TF-conformation/analysis/analyses/dna_relax/pycurves/lef1/relaxed_state_054
lef1	relaxed	055	/project2/rohs_102/shewchuk/TF-conformation/output/stage3_min_dnarelax/lef1/2lef_state_055.pdb	/project2/rohs_102/shewchuk/TF-conformation/analysis/analyses/dna_relax/pycurves/lef1/relaxed_state_055
lef1	relaxed	056	/project2/rohs_102/shewchuk/TF-conformation/output/stage3_min_dnarelax/lef1/2lef_state_056.pdb	/project2/rohs_102/shewchuk/TF-conformation/analysis/analyses/dna_relax/pycurves/lef1/relaxed_state_056
lef1	relaxed	057	/project2/rohs_102/shewchuk/TF-conformation/output/stage3_min_dnarelax/lef1/2lef_state_057.pdb	/project2/rohs_102/shewchuk/TF-conformation/analysis/analyses/dna_relax/pycurves/lef1/relaxed_state_057
lef1	relaxed	058	/project2/rohs_102/shewchuk/TF-conformation/output/stage3_min_dnarelax/lef1/2lef_state_058.pdb	/project2/rohs_102/shewchuk/TF-conformation/analysis/analyses/dna_relax/pycurves/lef1/relaxed_state_058
lef1	relaxed	059	/project2/rohs_102/shewchuk/TF-conformation/output/stage3_min_dnarelax/lef1/2lef_state_059.pdb	/project2/rohs_102/shewchuk/TF-conformation/analysis/analyses/dna_relax/pycurves/lef1/relaxed_state_059
lef1	relaxed	060	/project2/rohs_102/shewchuk/TF-conformation/output/stage3_min_dnarelax/lef1/2lef_state_060.pdb	/project2/rohs_102/shewchuk/TF-conformation/analysis/analyses/dna_relax/pycurves/lef1/relaxed_state_060
lef1	relaxed	061	/project2/rohs_102/shewchuk/TF-conformation/output/stage3_min_dnarelax/lef1/2lef_state_061.pdb	/project2/rohs_102/shewchuk/TF-conformation/analysis/analyses/dna_relax/pycurves/lef1/relaxed_state_061
lef1	relaxed	062	/project2/rohs_102/shewchuk/TF-conformation/output/stage3_min_dnarelax/lef1/2lef_state_062.pdb	/project2/rohs_102/shewchuk/TF-conformation/analysis/analyses/dna_relax/pycurves/lef1/relaxed_state_062
lef1	relaxed	063	/project2/rohs_102/shewchuk/TF-conformation/output/stage3_min_dnarelax/lef1/2lef_state_063.pdb	/project2/rohs_102/shewchuk/TF-conformation/analysis/analyses/dna_relax/pycurves/lef1/relaxed_state_063
lef1	relaxed	064	/project2/rohs_102/shewchuk/TF-conformation/output/stage3_min_dnarelax/lef1/2lef_state_064.pdb	/project2/rohs_102/shewchuk/TF-conformation/analysis/analyses/dna_relax/pycurves/lef1/relaxed_state_064
lef1	relaxed	065	/project2/rohs_102/shewchuk/TF-conformation/output/stage3_min_dnarelax/lef1/2lef_state_065.pdb	/project2/rohs_102/shewchuk/TF-conformation/analysis/analyses/dna_relax/pycurves/lef1/relaxed_state_065
lef1	relaxed	066	/project2/rohs_102/shewchuk/TF-conformation/output/stage3_min_dnarelax/lef1/2lef_state_066.pdb	/project2/rohs_102/shewchuk/TF-conformation/analysis/analyses/dna_relax/pycurves/lef1/relaxed_state_066
lef1	relaxed	067	/project2/rohs_102/shewchuk/TF-conformation/output/stage3_min_dnarelax/lef1/2lef_state_067.pdb	/project2/rohs_102/shewchuk/TF-conformation/analysis/analyses/dna_relax/pycurves/lef1/relaxed_state_067
lef1	relaxed	068	/project2/rohs_102/shewchuk/TF-conformation/output/stage3_min_dnarelax/lef1/2lef_state_068.pdb	/project2/rohs_102/shewchuk/TF-conformation/analysis/analyses/dna_relax/pycurves/lef1/relaxed_state_068
lef1	relaxed	069	/project2/rohs_102/shewchuk/TF-conformation/output/stage3_min_dnarelax/lef1/2lef_state_069.pdb	/project2/rohs_102/shewchuk/TF-conformation/analysis/analyses/dna_relax/pycurves/lef1/relaxed_state_069
lef1	relaxed	070	/project2/rohs_102/shewchuk/TF-conformation/output/stage3_min_dnarelax/lef1/2lef_state_070.pdb	/project2/rohs_102/shewchuk/TF-conformation/analysis/analyses/dna_relax/pycurves/lef1/relaxed_state_070
lef1	relaxed	071	/project2/rohs_102/shewchuk/TF-conformation/output/stage3_min_dnarelax/lef1/2lef_state_071.pdb	/project2/rohs_102/shewchuk/TF-conformation/analysis/analyses/dna_relax/pycurves/lef1/relaxed_state_071
lef1	relaxed	072	/project2/rohs_102/shewchuk/TF-conformation/output/stage3_min_dnarelax/lef1/2lef_state_072.pdb	/project2/rohs_102/shewchuk/TF-conformation/analysis/analyses/dna_relax/pycurves/lef1/relaxed_state_072
lef1	relaxed	073	/project2/rohs_102/shewchuk/TF-conformation/output/stage3_min_dnarelax/lef1/2lef_state_073.pdb	/project2/rohs_102/shewchuk/TF-conformation/analysis/analyses/dna_relax/pycurves/lef1/relaxed_state_073
lef1	relaxed	074	/project2/rohs_102/shewchuk/TF-conformation/output/stage3_min_dnarelax/lef1/2lef_state_074.pdb	/project2/rohs_102/shewchuk/TF-conformation/analysis/analyses/dna_relax/pycurves/lef1/relaxed_state_074
lef1	relaxed	075	/project2/rohs_102/shewchuk/TF-conformation/output/stage3_min_dnarelax/lef1/2lef_state_075.pdb	/project2/rohs_102/shewchuk/TF-conformation/analysis/analyses/dna_relax/pycurves/lef1/relaxed_state_075
lef1	relaxed	077	/project2/rohs_102/shewchuk/TF-conformation/output/stage3_min_dnarelax/lef1/2lef_state_077.pdb	/project2/rohs_102/shewchuk/TF-conformation/analysis/analyses/dna_relax/pycurves/lef1/relaxed_state_077
lef1	relaxed	078	/project2/rohs_102/shewchuk/TF-conformation/output/stage3_min_dnarelax/lef1/2lef_state_078.pdb	/project2/rohs_102/shewchuk/TF-conformation/analysis/analyses/dna_relax/pycurves/lef1/relaxed_state_078
lef1	relaxed	079	/project2/rohs_102/shewchuk/TF-conformation/output/stage3_min_dnarelax/lef1/2lef_state_079.pdb	/project2/rohs_102/shewchuk/TF-conformation/analysis/analyses/dna_relax/pycurves/lef1/relaxed_state_079
lef1	relaxed	080	/project2/rohs_102/shewchuk/TF-conformation/output/stage3_min_dnarelax/lef1/2lef_state_080.pdb	/project2/rohs_102/shewchuk/TF-conformation/analysis/analyses/dna_relax/pycurves/lef1/relaxed_state_080
lef1	relaxed	081	/project2/rohs_102/shewchuk/TF-conformation/output/stage3_min_dnarelax/lef1/2lef_state_081.pdb	/project2/rohs_102/shewchuk/TF-conformation/analysis/analyses/dna_relax/pycurves/lef1/relaxed_state_081
lef1	relaxed	082	/project2/rohs_102/shewchuk/TF-conformation/output/stage3_min_dnarelax/lef1/2lef_state_082.pdb	/project2/rohs_102/shewchuk/TF-conformation/analysis/analyses/dna_relax/pycurves/lef1/relaxed_state_082
lef1	relaxed	083	/project2/rohs_102/shewchuk/TF-conformation/output/stage3_min_dnarelax/lef1/2lef_state_083.pdb	/project2/rohs_102/shewchuk/TF-conformation/analysis/analyses/dna_relax/pycurves/lef1/relaxed_state_083
lef1	relaxed	085	/project2/rohs_102/shewchuk/TF-conformation/output/stage3_min_dnarelax/lef1/2lef_state_085.pdb	/project2/rohs_102/shewchuk/TF-conformation/analysis/analyses/dna_relax/pycurves/lef1/relaxed_state_085
lef1	relaxed	086	/project2/rohs_102/shewchuk/TF-conformation/output/stage3_min_dnarelax/lef1/2lef_state_086.pdb	/project2/rohs_102/shewchuk/TF-conformation/analysis/analyses/dna_relax/pycurves/lef1/relaxed_state_086
lef1	relaxed	087	/project2/rohs_102/shewchuk/TF-conformation/output/stage3_min_dnarelax/lef1/2lef_state_087.pdb	/project2/rohs_102/shewchuk/TF-conformation/analysis/analyses/dna_relax/pycurves/lef1/relaxed_state_087
lef1	relaxed	088	/project2/rohs_102/shewchuk/TF-conformation/output/stage3_min_dnarelax/lef1/2lef_state_088.pdb	/project2/rohs_102/shewchuk/TF-conformation/analysis/analyses/dna_relax/pycurves/lef1/relaxed_state_088
lef1	relaxed	089	/project2/rohs_102/shewchuk/TF-conformation/output/stage3_min_dnarelax/lef1/2lef_state_089.pdb	/project2/rohs_102/shewchuk/TF-conformation/analysis/analyses/dna_relax/pycurves/lef1/relaxed_state_089
engrailed	crystal	crystal	/project2/rohs_102/shewchuk/TF-conformation/structures/source_chains/3hdd_chains/3hdd_dna.pdb	/project2/rohs_102/shewchuk/TF-conformation/analysis/analyses/dna_relax/pycurves/engrailed/crystal
engrailed	frozen	001	/project2/rohs_102/shewchuk/TF-conformation/output/stage3_min/engrailed/3hdd_state_001.pdb	/project2/rohs_102/shewchuk/TF-conformation/analysis/analyses/dna_relax/pycurves/engrailed/frozen_state_001
engrailed	frozen	002	/project2/rohs_102/shewchuk/TF-conformation/output/stage3_min/engrailed/3hdd_state_002.pdb	/project2/rohs_102/shewchuk/TF-conformation/analysis/analyses/dna_relax/pycurves/engrailed/frozen_state_002
engrailed	frozen	003	/project2/rohs_102/shewchuk/TF-conformation/output/stage3_min/engrailed/3hdd_state_003.pdb	/project2/rohs_102/shewchuk/TF-conformation/analysis/analyses/dna_relax/pycurves/engrailed/frozen_state_003
engrailed	frozen	004	/project2/rohs_102/shewchuk/TF-conformation/output/stage3_min/engrailed/3hdd_state_004.pdb	/project2/rohs_102/shewchuk/TF-conformation/analysis/analyses/dna_relax/pycurves/engrailed/frozen_state_004
engrailed	frozen	005	/project2/rohs_102/shewchuk/TF-conformation/output/stage3_min/engrailed/3hdd_state_005.pdb	/project2/rohs_102/shewchuk/TF-conformation/analysis/analyses/dna_relax/pycurves/engrailed/frozen_state_005
engrailed	frozen	006	/project2/rohs_102/shewchuk/TF-conformation/output/stage3_min/engrailed/3hdd_state_006.pdb	/project2/rohs_102/shewchuk/TF-conformation/analysis/analyses/dna_relax/pycurves/engrailed/frozen_state_006
engrailed	frozen	007	/project2/rohs_102/shewchuk/TF-conformation/output/stage3_min/engrailed/3hdd_state_007.pdb	/project2/rohs_102/shewchuk/TF-conformation/analysis/analyses/dna_relax/pycurves/engrailed/frozen_state_007
engrailed	frozen	008	/project2/rohs_102/shewchuk/TF-conformation/output/stage3_min/engrailed/3hdd_state_008.pdb	/project2/rohs_102/shewchuk/TF-conformation/analysis/analyses/dna_relax/pycurves/engrailed/frozen_state_008
engrailed	frozen	009	/project2/rohs_102/shewchuk/TF-conformation/output/stage3_min/engrailed/3hdd_state_009.pdb	/project2/rohs_102/shewchuk/TF-conformation/analysis/analyses/dna_relax/pycurves/engrailed/frozen_state_009
engrailed	frozen	010	/project2/rohs_102/shewchuk/TF-conformation/output/stage3_min/engrailed/3hdd_state_010.pdb	/project2/rohs_102/shewchuk/TF-conformation/analysis/analyses/dna_relax/pycurves/engrailed/frozen_state_010
engrailed	frozen	011	/project2/rohs_102/shewchuk/TF-conformation/output/stage3_min/engrailed/3hdd_state_011.pdb	/project2/rohs_102/shewchuk/TF-conformation/analysis/analyses/dna_relax/pycurves/engrailed/frozen_state_011
engrailed	frozen	012	/project2/rohs_102/shewchuk/TF-conformation/output/stage3_min/engrailed/3hdd_state_012.pdb	/project2/rohs_102/shewchuk/TF-conformation/analysis/analyses/dna_relax/pycurves/engrailed/frozen_state_012
engrailed	frozen	013	/project2/rohs_102/shewchuk/TF-conformation/output/stage3_min/engrailed/3hdd_state_013.pdb	/project2/rohs_102/shewchuk/TF-conformation/analysis/analyses/dna_relax/pycurves/engrailed/frozen_state_013
engrailed	frozen	014	/project2/rohs_102/shewchuk/TF-conformation/output/stage3_min/engrailed/3hdd_state_014.pdb	/project2/rohs_102/shewchuk/TF-conformation/analysis/analyses/dna_relax/pycurves/engrailed/frozen_state_014
engrailed	frozen	015	/project2/rohs_102/shewchuk/TF-conformation/output/stage3_min/engrailed/3hdd_state_015.pdb	/project2/rohs_102/shewchuk/TF-conformation/analysis/analyses/dna_relax/pycurves/engrailed/frozen_state_015
engrailed	frozen	016	/project2/rohs_102/shewchuk/TF-conformation/output/stage3_min/engrailed/3hdd_state_016.pdb	/project2/rohs_102/shewchuk/TF-conformation/analysis/analyses/dna_relax/pycurves/engrailed/frozen_state_016
engrailed	frozen	017	/project2/rohs_102/shewchuk/TF-conformation/output/stage3_min/engrailed/3hdd_state_017.pdb	/project2/rohs_102/shewchuk/TF-conformation/analysis/analyses/dna_relax/pycurves/engrailed/frozen_state_017
engrailed	frozen	018	/project2/rohs_102/shewchuk/TF-conformation/output/stage3_min/engrailed/3hdd_state_018.pdb	/project2/rohs_102/shewchuk/TF-conformation/analysis/analyses/dna_relax/pycurves/engrailed/frozen_state_018
engrailed	frozen	019	/project2/rohs_102/shewchuk/TF-conformation/output/stage3_min/engrailed/3hdd_state_019.pdb	/project2/rohs_102/shewchuk/TF-conformation/analysis/analyses/dna_relax/pycurves/engrailed/frozen_state_019
engrailed	frozen	020	/project2/rohs_102/shewchuk/TF-conformation/output/stage3_min/engrailed/3hdd_state_020.pdb	/project2/rohs_102/shewchuk/TF-conformation/analysis/analyses/dna_relax/pycurves/engrailed/frozen_state_020
engrailed	frozen	021	/project2/rohs_102/shewchuk/TF-conformation/output/stage3_min/engrailed/3hdd_state_021.pdb	/project2/rohs_102/shewchuk/TF-conformation/analysis/analyses/dna_relax/pycurves/engrailed/frozen_state_021
engrailed	frozen	022	/project2/rohs_102/shewchuk/TF-conformation/output/stage3_min/engrailed/3hdd_state_022.pdb	/project2/rohs_102/shewchuk/TF-conformation/analysis/analyses/dna_relax/pycurves/engrailed/frozen_state_022
engrailed	frozen	023	/project2/rohs_102/shewchuk/TF-conformation/output/stage3_min/engrailed/3hdd_state_023.pdb	/project2/rohs_102/shewchuk/TF-conformation/analysis/analyses/dna_relax/pycurves/engrailed/frozen_state_023
engrailed	frozen	024	/project2/rohs_102/shewchuk/TF-conformation/output/stage3_min/engrailed/3hdd_state_024.pdb	/project2/rohs_102/shewchuk/TF-conformation/analysis/analyses/dna_relax/pycurves/engrailed/frozen_state_024
engrailed	frozen	025	/project2/rohs_102/shewchuk/TF-conformation/output/stage3_min/engrailed/3hdd_state_025.pdb	/project2/rohs_102/shewchuk/TF-conformation/analysis/analyses/dna_relax/pycurves/engrailed/frozen_state_025
engrailed	frozen	026	/project2/rohs_102/shewchuk/TF-conformation/output/stage3_min/engrailed/3hdd_state_026.pdb	/project2/rohs_102/shewchuk/TF-conformation/analysis/analyses/dna_relax/pycurves/engrailed/frozen_state_026
engrailed	frozen	027	/project2/rohs_102/shewchuk/TF-conformation/output/stage3_min/engrailed/3hdd_state_027.pdb	/project2/rohs_102/shewchuk/TF-conformation/analysis/analyses/dna_relax/pycurves/engrailed/frozen_state_027
engrailed	frozen	028	/project2/rohs_102/shewchuk/TF-conformation/output/stage3_min/engrailed/3hdd_state_028.pdb	/project2/rohs_102/shewchuk/TF-conformation/analysis/analyses/dna_relax/pycurves/engrailed/frozen_state_028
engrailed	frozen	029	/project2/rohs_102/shewchuk/TF-conformation/output/stage3_min/engrailed/3hdd_state_029.pdb	/project2/rohs_102/shewchuk/TF-conformation/analysis/analyses/dna_relax/pycurves/engrailed/frozen_state_029
engrailed	frozen	030	/project2/rohs_102/shewchuk/TF-conformation/output/stage3_min/engrailed/3hdd_state_030.pdb	/project2/rohs_102/shewchuk/TF-conformation/analysis/analyses/dna_relax/pycurves/engrailed/frozen_state_030
engrailed	frozen	031	/project2/rohs_102/shewchuk/TF-conformation/output/stage3_min/engrailed/3hdd_state_031.pdb	/project2/rohs_102/shewchuk/TF-conformation/analysis/analyses/dna_relax/pycurves/engrailed/frozen_state_031
engrailed	frozen	032	/project2/rohs_102/shewchuk/TF-conformation/output/stage3_min/engrailed/3hdd_state_032.pdb	/project2/rohs_102/shewchuk/TF-conformation/analysis/analyses/dna_relax/pycurves/engrailed/frozen_state_032
engrailed	frozen	033	/project2/rohs_102/shewchuk/TF-conformation/output/stage3_min/engrailed/3hdd_state_033.pdb	/project2/rohs_102/shewchuk/TF-conformation/analysis/analyses/dna_relax/pycurves/engrailed/frozen_state_033
engrailed	frozen	034	/project2/rohs_102/shewchuk/TF-conformation/output/stage3_min/engrailed/3hdd_state_034.pdb	/project2/rohs_102/shewchuk/TF-conformation/analysis/analyses/dna_relax/pycurves/engrailed/frozen_state_034
engrailed	frozen	035	/project2/rohs_102/shewchuk/TF-conformation/output/stage3_min/engrailed/3hdd_state_035.pdb	/project2/rohs_102/shewchuk/TF-conformation/analysis/analyses/dna_relax/pycurves/engrailed/frozen_state_035
engrailed	frozen	036	/project2/rohs_102/shewchuk/TF-conformation/output/stage3_min/engrailed/3hdd_state_036.pdb	/project2/rohs_102/shewchuk/TF-conformation/analysis/analyses/dna_relax/pycurves/engrailed/frozen_state_036
engrailed	frozen	037	/project2/rohs_102/shewchuk/TF-conformation/output/stage3_min/engrailed/3hdd_state_037.pdb	/project2/rohs_102/shewchuk/TF-conformation/analysis/analyses/dna_relax/pycurves/engrailed/frozen_state_037
engrailed	frozen	038	/project2/rohs_102/shewchuk/TF-conformation/output/stage3_min/engrailed/3hdd_state_038.pdb	/project2/rohs_102/shewchuk/TF-conformation/analysis/analyses/dna_relax/pycurves/engrailed/frozen_state_038
engrailed	frozen	039	/project2/rohs_102/shewchuk/TF-conformation/output/stage3_min/engrailed/3hdd_state_039.pdb	/project2/rohs_102/shewchuk/TF-conformation/analysis/analyses/dna_relax/pycurves/engrailed/frozen_state_039
engrailed	frozen	040	/project2/rohs_102/shewchuk/TF-conformation/output/stage3_min/engrailed/3hdd_state_040.pdb	/project2/rohs_102/shewchuk/TF-conformation/analysis/analyses/dna_relax/pycurves/engrailed/frozen_state_040
engrailed	frozen	041	/project2/rohs_102/shewchuk/TF-conformation/output/stage3_min/engrailed/3hdd_state_041.pdb	/project2/rohs_102/shewchuk/TF-conformation/analysis/analyses/dna_relax/pycurves/engrailed/frozen_state_041
engrailed	frozen	042	/project2/rohs_102/shewchuk/TF-conformation/output/stage3_min/engrailed/3hdd_state_042.pdb	/project2/rohs_102/shewchuk/TF-conformation/analysis/analyses/dna_relax/pycurves/engrailed/frozen_state_042
engrailed	frozen	043	/project2/rohs_102/shewchuk/TF-conformation/output/stage3_min/engrailed/3hdd_state_043.pdb	/project2/rohs_102/shewchuk/TF-conformation/analysis/analyses/dna_relax/pycurves/engrailed/frozen_state_043
engrailed	frozen	044	/project2/rohs_102/shewchuk/TF-conformation/output/stage3_min/engrailed/3hdd_state_044.pdb	/project2/rohs_102/shewchuk/TF-conformation/analysis/analyses/dna_relax/pycurves/engrailed/frozen_state_044
engrailed	frozen	045	/project2/rohs_102/shewchuk/TF-conformation/output/stage3_min/engrailed/3hdd_state_045.pdb	/project2/rohs_102/shewchuk/TF-conformation/analysis/analyses/dna_relax/pycurves/engrailed/frozen_state_045
engrailed	frozen	046	/project2/rohs_102/shewchuk/TF-conformation/output/stage3_min/engrailed/3hdd_state_046.pdb	/project2/rohs_102/shewchuk/TF-conformation/analysis/analyses/dna_relax/pycurves/engrailed/frozen_state_046
engrailed	frozen	047	/project2/rohs_102/shewchuk/TF-conformation/output/stage3_min/engrailed/3hdd_state_047.pdb	/project2/rohs_102/shewchuk/TF-conformation/analysis/analyses/dna_relax/pycurves/engrailed/frozen_state_047
engrailed	frozen	048	/project2/rohs_102/shewchuk/TF-conformation/output/stage3_min/engrailed/3hdd_state_048.pdb	/project2/rohs_102/shewchuk/TF-conformation/analysis/analyses/dna_relax/pycurves/engrailed/frozen_state_048
engrailed	frozen	049	/project2/rohs_102/shewchuk/TF-conformation/output/stage3_min/engrailed/3hdd_state_049.pdb	/project2/rohs_102/shewchuk/TF-conformation/analysis/analyses/dna_relax/pycurves/engrailed/frozen_state_049
engrailed	frozen	050	/project2/rohs_102/shewchuk/TF-conformation/output/stage3_min/engrailed/3hdd_state_050.pdb	/project2/rohs_102/shewchuk/TF-conformation/analysis/analyses/dna_relax/pycurves/engrailed/frozen_state_050
engrailed	frozen	051	/project2/rohs_102/shewchuk/TF-conformation/output/stage3_min/engrailed/3hdd_state_051.pdb	/project2/rohs_102/shewchuk/TF-conformation/analysis/analyses/dna_relax/pycurves/engrailed/frozen_state_051
engrailed	frozen	053	/project2/rohs_102/shewchuk/TF-conformation/output/stage3_min/engrailed/3hdd_state_053.pdb	/project2/rohs_102/shewchuk/TF-conformation/analysis/analyses/dna_relax/pycurves/engrailed/frozen_state_053
engrailed	frozen	054	/project2/rohs_102/shewchuk/TF-conformation/output/stage3_min/engrailed/3hdd_state_054.pdb	/project2/rohs_102/shewchuk/TF-conformation/analysis/analyses/dna_relax/pycurves/engrailed/frozen_state_054
engrailed	frozen	055	/project2/rohs_102/shewchuk/TF-conformation/output/stage3_min/engrailed/3hdd_state_055.pdb	/project2/rohs_102/shewchuk/TF-conformation/analysis/analyses/dna_relax/pycurves/engrailed/frozen_state_055
engrailed	frozen	056	/project2/rohs_102/shewchuk/TF-conformation/output/stage3_min/engrailed/3hdd_state_056.pdb	/project2/rohs_102/shewchuk/TF-conformation/analysis/analyses/dna_relax/pycurves/engrailed/frozen_state_056
engrailed	frozen	057	/project2/rohs_102/shewchuk/TF-conformation/output/stage3_min/engrailed/3hdd_state_057.pdb	/project2/rohs_102/shewchuk/TF-conformation/analysis/analyses/dna_relax/pycurves/engrailed/frozen_state_057
engrailed	frozen	058	/project2/rohs_102/shewchuk/TF-conformation/output/stage3_min/engrailed/3hdd_state_058.pdb	/project2/rohs_102/shewchuk/TF-conformation/analysis/analyses/dna_relax/pycurves/engrailed/frozen_state_058
engrailed	frozen	059	/project2/rohs_102/shewchuk/TF-conformation/output/stage3_min/engrailed/3hdd_state_059.pdb	/project2/rohs_102/shewchuk/TF-conformation/analysis/analyses/dna_relax/pycurves/engrailed/frozen_state_059
engrailed	frozen	060	/project2/rohs_102/shewchuk/TF-conformation/output/stage3_min/engrailed/3hdd_state_060.pdb	/project2/rohs_102/shewchuk/TF-conformation/analysis/analyses/dna_relax/pycurves/engrailed/frozen_state_060
engrailed	frozen	062	/project2/rohs_102/shewchuk/TF-conformation/output/stage3_min/engrailed/3hdd_state_062.pdb	/project2/rohs_102/shewchuk/TF-conformation/analysis/analyses/dna_relax/pycurves/engrailed/frozen_state_062
engrailed	frozen	063	/project2/rohs_102/shewchuk/TF-conformation/output/stage3_min/engrailed/3hdd_state_063.pdb	/project2/rohs_102/shewchuk/TF-conformation/analysis/analyses/dna_relax/pycurves/engrailed/frozen_state_063
engrailed	frozen	064	/project2/rohs_102/shewchuk/TF-conformation/output/stage3_min/engrailed/3hdd_state_064.pdb	/project2/rohs_102/shewchuk/TF-conformation/analysis/analyses/dna_relax/pycurves/engrailed/frozen_state_064
engrailed	frozen	065	/project2/rohs_102/shewchuk/TF-conformation/output/stage3_min/engrailed/3hdd_state_065.pdb	/project2/rohs_102/shewchuk/TF-conformation/analysis/analyses/dna_relax/pycurves/engrailed/frozen_state_065
engrailed	frozen	066	/project2/rohs_102/shewchuk/TF-conformation/output/stage3_min/engrailed/3hdd_state_066.pdb	/project2/rohs_102/shewchuk/TF-conformation/analysis/analyses/dna_relax/pycurves/engrailed/frozen_state_066
engrailed	frozen	067	/project2/rohs_102/shewchuk/TF-conformation/output/stage3_min/engrailed/3hdd_state_067.pdb	/project2/rohs_102/shewchuk/TF-conformation/analysis/analyses/dna_relax/pycurves/engrailed/frozen_state_067
engrailed	frozen	068	/project2/rohs_102/shewchuk/TF-conformation/output/stage3_min/engrailed/3hdd_state_068.pdb	/project2/rohs_102/shewchuk/TF-conformation/analysis/analyses/dna_relax/pycurves/engrailed/frozen_state_068
engrailed	frozen	069	/project2/rohs_102/shewchuk/TF-conformation/output/stage3_min/engrailed/3hdd_state_069.pdb	/project2/rohs_102/shewchuk/TF-conformation/analysis/analyses/dna_relax/pycurves/engrailed/frozen_state_069
engrailed	frozen	070	/project2/rohs_102/shewchuk/TF-conformation/output/stage3_min/engrailed/3hdd_state_070.pdb	/project2/rohs_102/shewchuk/TF-conformation/analysis/analyses/dna_relax/pycurves/engrailed/frozen_state_070
engrailed	frozen	071	/project2/rohs_102/shewchuk/TF-conformation/output/stage3_min/engrailed/3hdd_state_071.pdb	/project2/rohs_102/shewchuk/TF-conformation/analysis/analyses/dna_relax/pycurves/engrailed/frozen_state_071
engrailed	frozen	072	/project2/rohs_102/shewchuk/TF-conformation/output/stage3_min/engrailed/3hdd_state_072.pdb	/project2/rohs_102/shewchuk/TF-conformation/analysis/analyses/dna_relax/pycurves/engrailed/frozen_state_072
engrailed	frozen	073	/project2/rohs_102/shewchuk/TF-conformation/output/stage3_min/engrailed/3hdd_state_073.pdb	/project2/rohs_102/shewchuk/TF-conformation/analysis/analyses/dna_relax/pycurves/engrailed/frozen_state_073
engrailed	frozen	074	/project2/rohs_102/shewchuk/TF-conformation/output/stage3_min/engrailed/3hdd_state_074.pdb	/project2/rohs_102/shewchuk/TF-conformation/analysis/analyses/dna_relax/pycurves/engrailed/frozen_state_074
engrailed	frozen	075	/project2/rohs_102/shewchuk/TF-conformation/output/stage3_min/engrailed/3hdd_state_075.pdb	/project2/rohs_102/shewchuk/TF-conformation/analysis/analyses/dna_relax/pycurves/engrailed/frozen_state_075
engrailed	frozen	076	/project2/rohs_102/shewchuk/TF-conformation/output/stage3_min/engrailed/3hdd_state_076.pdb	/project2/rohs_102/shewchuk/TF-conformation/analysis/analyses/dna_relax/pycurves/engrailed/frozen_state_076
engrailed	frozen	077	/project2/rohs_102/shewchuk/TF-conformation/output/stage3_min/engrailed/3hdd_state_077.pdb	/project2/rohs_102/shewchuk/TF-conformation/analysis/analyses/dna_relax/pycurves/engrailed/frozen_state_077
engrailed	frozen	078	/project2/rohs_102/shewchuk/TF-conformation/output/stage3_min/engrailed/3hdd_state_078.pdb	/project2/rohs_102/shewchuk/TF-conformation/analysis/analyses/dna_relax/pycurves/engrailed/frozen_state_078
engrailed	frozen	079	/project2/rohs_102/shewchuk/TF-conformation/output/stage3_min/engrailed/3hdd_state_079.pdb	/project2/rohs_102/shewchuk/TF-conformation/analysis/analyses/dna_relax/pycurves/engrailed/frozen_state_079
engrailed	frozen	080	/project2/rohs_102/shewchuk/TF-conformation/output/stage3_min/engrailed/3hdd_state_080.pdb	/project2/rohs_102/shewchuk/TF-conformation/analysis/analyses/dna_relax/pycurves/engrailed/frozen_state_080
engrailed	frozen	081	/project2/rohs_102/shewchuk/TF-conformation/output/stage3_min/engrailed/3hdd_state_081.pdb	/project2/rohs_102/shewchuk/TF-conformation/analysis/analyses/dna_relax/pycurves/engrailed/frozen_state_081
engrailed	frozen	082	/project2/rohs_102/shewchuk/TF-conformation/output/stage3_min/engrailed/3hdd_state_082.pdb	/project2/rohs_102/shewchuk/TF-conformation/analysis/analyses/dna_relax/pycurves/engrailed/frozen_state_082
engrailed	frozen	083	/project2/rohs_102/shewchuk/TF-conformation/output/stage3_min/engrailed/3hdd_state_083.pdb	/project2/rohs_102/shewchuk/TF-conformation/analysis/analyses/dna_relax/pycurves/engrailed/frozen_state_083
engrailed	frozen	084	/project2/rohs_102/shewchuk/TF-conformation/output/stage3_min/engrailed/3hdd_state_084.pdb	/project2/rohs_102/shewchuk/TF-conformation/analysis/analyses/dna_relax/pycurves/engrailed/frozen_state_084
engrailed	frozen	085	/project2/rohs_102/shewchuk/TF-conformation/output/stage3_min/engrailed/3hdd_state_085.pdb	/project2/rohs_102/shewchuk/TF-conformation/analysis/analyses/dna_relax/pycurves/engrailed/frozen_state_085
engrailed	frozen	086	/project2/rohs_102/shewchuk/TF-conformation/output/stage3_min/engrailed/3hdd_state_086.pdb	/project2/rohs_102/shewchuk/TF-conformation/analysis/analyses/dna_relax/pycurves/engrailed/frozen_state_086
engrailed	frozen	087	/project2/rohs_102/shewchuk/TF-conformation/output/stage3_min/engrailed/3hdd_state_087.pdb	/project2/rohs_102/shewchuk/TF-conformation/analysis/analyses/dna_relax/pycurves/engrailed/frozen_state_087
engrailed	frozen	088	/project2/rohs_102/shewchuk/TF-conformation/output/stage3_min/engrailed/3hdd_state_088.pdb	/project2/rohs_102/shewchuk/TF-conformation/analysis/analyses/dna_relax/pycurves/engrailed/frozen_state_088
engrailed	frozen	089	/project2/rohs_102/shewchuk/TF-conformation/output/stage3_min/engrailed/3hdd_state_089.pdb	/project2/rohs_102/shewchuk/TF-conformation/analysis/analyses/dna_relax/pycurves/engrailed/frozen_state_089
engrailed	frozen	090	/project2/rohs_102/shewchuk/TF-conformation/output/stage3_min/engrailed/3hdd_state_090.pdb	/project2/rohs_102/shewchuk/TF-conformation/analysis/analyses/dna_relax/pycurves/engrailed/frozen_state_090
engrailed	frozen	091	/project2/rohs_102/shewchuk/TF-conformation/output/stage3_min/engrailed/3hdd_state_091.pdb	/project2/rohs_102/shewchuk/TF-conformation/analysis/analyses/dna_relax/pycurves/engrailed/frozen_state_091
engrailed	frozen	092	/project2/rohs_102/shewchuk/TF-conformation/output/stage3_min/engrailed/3hdd_state_092.pdb	/project2/rohs_102/shewchuk/TF-conformation/analysis/analyses/dna_relax/pycurves/engrailed/frozen_state_092
engrailed	frozen	093	/project2/rohs_102/shewchuk/TF-conformation/output/stage3_min/engrailed/3hdd_state_093.pdb	/project2/rohs_102/shewchuk/TF-conformation/analysis/analyses/dna_relax/pycurves/engrailed/frozen_state_093
engrailed	frozen	094	/project2/rohs_102/shewchuk/TF-conformation/output/stage3_min/engrailed/3hdd_state_094.pdb	/project2/rohs_102/shewchuk/TF-conformation/analysis/analyses/dna_relax/pycurves/engrailed/frozen_state_094
engrailed	frozen	095	/project2/rohs_102/shewchuk/TF-conformation/output/stage3_min/engrailed/3hdd_state_095.pdb	/project2/rohs_102/shewchuk/TF-conformation/analysis/analyses/dna_relax/pycurves/engrailed/frozen_state_095
engrailed	frozen	096	/project2/rohs_102/shewchuk/TF-conformation/output/stage3_min/engrailed/3hdd_state_096.pdb	/project2/rohs_102/shewchuk/TF-conformation/analysis/analyses/dna_relax/pycurves/engrailed/frozen_state_096
engrailed	frozen	097	/project2/rohs_102/shewchuk/TF-conformation/output/stage3_min/engrailed/3hdd_state_097.pdb	/project2/rohs_102/shewchuk/TF-conformation/analysis/analyses/dna_relax/pycurves/engrailed/frozen_state_097
engrailed	relaxed	001	/project2/rohs_102/shewchuk/TF-conformation/output/stage3_min_dnarelax/engrailed/3hdd_state_001.pdb	/project2/rohs_102/shewchuk/TF-conformation/analysis/analyses/dna_relax/pycurves/engrailed/relaxed_state_001
engrailed	relaxed	002	/project2/rohs_102/shewchuk/TF-conformation/output/stage3_min_dnarelax/engrailed/3hdd_state_002.pdb	/project2/rohs_102/shewchuk/TF-conformation/analysis/analyses/dna_relax/pycurves/engrailed/relaxed_state_002
engrailed	relaxed	003	/project2/rohs_102/shewchuk/TF-conformation/output/stage3_min_dnarelax/engrailed/3hdd_state_003.pdb	/project2/rohs_102/shewchuk/TF-conformation/analysis/analyses/dna_relax/pycurves/engrailed/relaxed_state_003
engrailed	relaxed	004	/project2/rohs_102/shewchuk/TF-conformation/output/stage3_min_dnarelax/engrailed/3hdd_state_004.pdb	/project2/rohs_102/shewchuk/TF-conformation/analysis/analyses/dna_relax/pycurves/engrailed/relaxed_state_004
engrailed	relaxed	005	/project2/rohs_102/shewchuk/TF-conformation/output/stage3_min_dnarelax/engrailed/3hdd_state_005.pdb	/project2/rohs_102/shewchuk/TF-conformation/analysis/analyses/dna_relax/pycurves/engrailed/relaxed_state_005
engrailed	relaxed	006	/project2/rohs_102/shewchuk/TF-conformation/output/stage3_min_dnarelax/engrailed/3hdd_state_006.pdb	/project2/rohs_102/shewchuk/TF-conformation/analysis/analyses/dna_relax/pycurves/engrailed/relaxed_state_006
engrailed	relaxed	007	/project2/rohs_102/shewchuk/TF-conformation/output/stage3_min_dnarelax/engrailed/3hdd_state_007.pdb	/project2/rohs_102/shewchuk/TF-conformation/analysis/analyses/dna_relax/pycurves/engrailed/relaxed_state_007
engrailed	relaxed	008	/project2/rohs_102/shewchuk/TF-conformation/output/stage3_min_dnarelax/engrailed/3hdd_state_008.pdb	/project2/rohs_102/shewchuk/TF-conformation/analysis/analyses/dna_relax/pycurves/engrailed/relaxed_state_008
engrailed	relaxed	009	/project2/rohs_102/shewchuk/TF-conformation/output/stage3_min_dnarelax/engrailed/3hdd_state_009.pdb	/project2/rohs_102/shewchuk/TF-conformation/analysis/analyses/dna_relax/pycurves/engrailed/relaxed_state_009
engrailed	relaxed	010	/project2/rohs_102/shewchuk/TF-conformation/output/stage3_min_dnarelax/engrailed/3hdd_state_010.pdb	/project2/rohs_102/shewchuk/TF-conformation/analysis/analyses/dna_relax/pycurves/engrailed/relaxed_state_010
engrailed	relaxed	011	/project2/rohs_102/shewchuk/TF-conformation/output/stage3_min_dnarelax/engrailed/3hdd_state_011.pdb	/project2/rohs_102/shewchuk/TF-conformation/analysis/analyses/dna_relax/pycurves/engrailed/relaxed_state_011
engrailed	relaxed	012	/project2/rohs_102/shewchuk/TF-conformation/output/stage3_min_dnarelax/engrailed/3hdd_state_012.pdb	/project2/rohs_102/shewchuk/TF-conformation/analysis/analyses/dna_relax/pycurves/engrailed/relaxed_state_012
engrailed	relaxed	013	/project2/rohs_102/shewchuk/TF-conformation/output/stage3_min_dnarelax/engrailed/3hdd_state_013.pdb	/project2/rohs_102/shewchuk/TF-conformation/analysis/analyses/dna_relax/pycurves/engrailed/relaxed_state_013
engrailed	relaxed	014	/project2/rohs_102/shewchuk/TF-conformation/output/stage3_min_dnarelax/engrailed/3hdd_state_014.pdb	/project2/rohs_102/shewchuk/TF-conformation/analysis/analyses/dna_relax/pycurves/engrailed/relaxed_state_014
engrailed	relaxed	015	/project2/rohs_102/shewchuk/TF-conformation/output/stage3_min_dnarelax/engrailed/3hdd_state_015.pdb	/project2/rohs_102/shewchuk/TF-conformation/analysis/analyses/dna_relax/pycurves/engrailed/relaxed_state_015
engrailed	relaxed	016	/project2/rohs_102/shewchuk/TF-conformation/output/stage3_min_dnarelax/engrailed/3hdd_state_016.pdb	/project2/rohs_102/shewchuk/TF-conformation/analysis/analyses/dna_relax/pycurves/engrailed/relaxed_state_016
engrailed	relaxed	017	/project2/rohs_102/shewchuk/TF-conformation/output/stage3_min_dnarelax/engrailed/3hdd_state_017.pdb	/project2/rohs_102/shewchuk/TF-conformation/analysis/analyses/dna_relax/pycurves/engrailed/relaxed_state_017
engrailed	relaxed	018	/project2/rohs_102/shewchuk/TF-conformation/output/stage3_min_dnarelax/engrailed/3hdd_state_018.pdb	/project2/rohs_102/shewchuk/TF-conformation/analysis/analyses/dna_relax/pycurves/engrailed/relaxed_state_018
engrailed	relaxed	019	/project2/rohs_102/shewchuk/TF-conformation/output/stage3_min_dnarelax/engrailed/3hdd_state_019.pdb	/project2/rohs_102/shewchuk/TF-conformation/analysis/analyses/dna_relax/pycurves/engrailed/relaxed_state_019
engrailed	relaxed	020	/project2/rohs_102/shewchuk/TF-conformation/output/stage3_min_dnarelax/engrailed/3hdd_state_020.pdb	/project2/rohs_102/shewchuk/TF-conformation/analysis/analyses/dna_relax/pycurves/engrailed/relaxed_state_020
engrailed	relaxed	021	/project2/rohs_102/shewchuk/TF-conformation/output/stage3_min_dnarelax/engrailed/3hdd_state_021.pdb	/project2/rohs_102/shewchuk/TF-conformation/analysis/analyses/dna_relax/pycurves/engrailed/relaxed_state_021
engrailed	relaxed	022	/project2/rohs_102/shewchuk/TF-conformation/output/stage3_min_dnarelax/engrailed/3hdd_state_022.pdb	/project2/rohs_102/shewchuk/TF-conformation/analysis/analyses/dna_relax/pycurves/engrailed/relaxed_state_022
engrailed	relaxed	023	/project2/rohs_102/shewchuk/TF-conformation/output/stage3_min_dnarelax/engrailed/3hdd_state_023.pdb	/project2/rohs_102/shewchuk/TF-conformation/analysis/analyses/dna_relax/pycurves/engrailed/relaxed_state_023
engrailed	relaxed	024	/project2/rohs_102/shewchuk/TF-conformation/output/stage3_min_dnarelax/engrailed/3hdd_state_024.pdb	/project2/rohs_102/shewchuk/TF-conformation/analysis/analyses/dna_relax/pycurves/engrailed/relaxed_state_024
engrailed	relaxed	025	/project2/rohs_102/shewchuk/TF-conformation/output/stage3_min_dnarelax/engrailed/3hdd_state_025.pdb	/project2/rohs_102/shewchuk/TF-conformation/analysis/analyses/dna_relax/pycurves/engrailed/relaxed_state_025
engrailed	relaxed	026	/project2/rohs_102/shewchuk/TF-conformation/output/stage3_min_dnarelax/engrailed/3hdd_state_026.pdb	/project2/rohs_102/shewchuk/TF-conformation/analysis/analyses/dna_relax/pycurves/engrailed/relaxed_state_026
engrailed	relaxed	027	/project2/rohs_102/shewchuk/TF-conformation/output/stage3_min_dnarelax/engrailed/3hdd_state_027.pdb	/project2/rohs_102/shewchuk/TF-conformation/analysis/analyses/dna_relax/pycurves/engrailed/relaxed_state_027
engrailed	relaxed	028	/project2/rohs_102/shewchuk/TF-conformation/output/stage3_min_dnarelax/engrailed/3hdd_state_028.pdb	/project2/rohs_102/shewchuk/TF-conformation/analysis/analyses/dna_relax/pycurves/engrailed/relaxed_state_028
engrailed	relaxed	029	/project2/rohs_102/shewchuk/TF-conformation/output/stage3_min_dnarelax/engrailed/3hdd_state_029.pdb	/project2/rohs_102/shewchuk/TF-conformation/analysis/analyses/dna_relax/pycurves/engrailed/relaxed_state_029
engrailed	relaxed	030	/project2/rohs_102/shewchuk/TF-conformation/output/stage3_min_dnarelax/engrailed/3hdd_state_030.pdb	/project2/rohs_102/shewchuk/TF-conformation/analysis/analyses/dna_relax/pycurves/engrailed/relaxed_state_030
engrailed	relaxed	031	/project2/rohs_102/shewchuk/TF-conformation/output/stage3_min_dnarelax/engrailed/3hdd_state_031.pdb	/project2/rohs_102/shewchuk/TF-conformation/analysis/analyses/dna_relax/pycurves/engrailed/relaxed_state_031
engrailed	relaxed	032	/project2/rohs_102/shewchuk/TF-conformation/output/stage3_min_dnarelax/engrailed/3hdd_state_032.pdb	/project2/rohs_102/shewchuk/TF-conformation/analysis/analyses/dna_relax/pycurves/engrailed/relaxed_state_032
engrailed	relaxed	033	/project2/rohs_102/shewchuk/TF-conformation/output/stage3_min_dnarelax/engrailed/3hdd_state_033.pdb	/project2/rohs_102/shewchuk/TF-conformation/analysis/analyses/dna_relax/pycurves/engrailed/relaxed_state_033
engrailed	relaxed	034	/project2/rohs_102/shewchuk/TF-conformation/output/stage3_min_dnarelax/engrailed/3hdd_state_034.pdb	/project2/rohs_102/shewchuk/TF-conformation/analysis/analyses/dna_relax/pycurves/engrailed/relaxed_state_034
engrailed	relaxed	035	/project2/rohs_102/shewchuk/TF-conformation/output/stage3_min_dnarelax/engrailed/3hdd_state_035.pdb	/project2/rohs_102/shewchuk/TF-conformation/analysis/analyses/dna_relax/pycurves/engrailed/relaxed_state_035
engrailed	relaxed	036	/project2/rohs_102/shewchuk/TF-conformation/output/stage3_min_dnarelax/engrailed/3hdd_state_036.pdb	/project2/rohs_102/shewchuk/TF-conformation/analysis/analyses/dna_relax/pycurves/engrailed/relaxed_state_036
engrailed	relaxed	037	/project2/rohs_102/shewchuk/TF-conformation/output/stage3_min_dnarelax/engrailed/3hdd_state_037.pdb	/project2/rohs_102/shewchuk/TF-conformation/analysis/analyses/dna_relax/pycurves/engrailed/relaxed_state_037
engrailed	relaxed	038	/project2/rohs_102/shewchuk/TF-conformation/output/stage3_min_dnarelax/engrailed/3hdd_state_038.pdb	/project2/rohs_102/shewchuk/TF-conformation/analysis/analyses/dna_relax/pycurves/engrailed/relaxed_state_038
engrailed	relaxed	039	/project2/rohs_102/shewchuk/TF-conformation/output/stage3_min_dnarelax/engrailed/3hdd_state_039.pdb	/project2/rohs_102/shewchuk/TF-conformation/analysis/analyses/dna_relax/pycurves/engrailed/relaxed_state_039
engrailed	relaxed	040	/project2/rohs_102/shewchuk/TF-conformation/output/stage3_min_dnarelax/engrailed/3hdd_state_040.pdb	/project2/rohs_102/shewchuk/TF-conformation/analysis/analyses/dna_relax/pycurves/engrailed/relaxed_state_040
engrailed	relaxed	041	/project2/rohs_102/shewchuk/TF-conformation/output/stage3_min_dnarelax/engrailed/3hdd_state_041.pdb	/project2/rohs_102/shewchuk/TF-conformation/analysis/analyses/dna_relax/pycurves/engrailed/relaxed_state_041
engrailed	relaxed	042	/project2/rohs_102/shewchuk/TF-conformation/output/stage3_min_dnarelax/engrailed/3hdd_state_042.pdb	/project2/rohs_102/shewchuk/TF-conformation/analysis/analyses/dna_relax/pycurves/engrailed/relaxed_state_042
engrailed	relaxed	043	/project2/rohs_102/shewchuk/TF-conformation/output/stage3_min_dnarelax/engrailed/3hdd_state_043.pdb	/project2/rohs_102/shewchuk/TF-conformation/analysis/analyses/dna_relax/pycurves/engrailed/relaxed_state_043
engrailed	relaxed	044	/project2/rohs_102/shewchuk/TF-conformation/output/stage3_min_dnarelax/engrailed/3hdd_state_044.pdb	/project2/rohs_102/shewchuk/TF-conformation/analysis/analyses/dna_relax/pycurves/engrailed/relaxed_state_044
engrailed	relaxed	045	/project2/rohs_102/shewchuk/TF-conformation/output/stage3_min_dnarelax/engrailed/3hdd_state_045.pdb	/project2/rohs_102/shewchuk/TF-conformation/analysis/analyses/dna_relax/pycurves/engrailed/relaxed_state_045
engrailed	relaxed	046	/project2/rohs_102/shewchuk/TF-conformation/output/stage3_min_dnarelax/engrailed/3hdd_state_046.pdb	/project2/rohs_102/shewchuk/TF-conformation/analysis/analyses/dna_relax/pycurves/engrailed/relaxed_state_046
engrailed	relaxed	047	/project2/rohs_102/shewchuk/TF-conformation/output/stage3_min_dnarelax/engrailed/3hdd_state_047.pdb	/project2/rohs_102/shewchuk/TF-conformation/analysis/analyses/dna_relax/pycurves/engrailed/relaxed_state_047
engrailed	relaxed	048	/project2/rohs_102/shewchuk/TF-conformation/output/stage3_min_dnarelax/engrailed/3hdd_state_048.pdb	/project2/rohs_102/shewchuk/TF-conformation/analysis/analyses/dna_relax/pycurves/engrailed/relaxed_state_048
engrailed	relaxed	049	/project2/rohs_102/shewchuk/TF-conformation/output/stage3_min_dnarelax/engrailed/3hdd_state_049.pdb	/project2/rohs_102/shewchuk/TF-conformation/analysis/analyses/dna_relax/pycurves/engrailed/relaxed_state_049
engrailed	relaxed	050	/project2/rohs_102/shewchuk/TF-conformation/output/stage3_min_dnarelax/engrailed/3hdd_state_050.pdb	/project2/rohs_102/shewchuk/TF-conformation/analysis/analyses/dna_relax/pycurves/engrailed/relaxed_state_050
engrailed	relaxed	051	/project2/rohs_102/shewchuk/TF-conformation/output/stage3_min_dnarelax/engrailed/3hdd_state_051.pdb	/project2/rohs_102/shewchuk/TF-conformation/analysis/analyses/dna_relax/pycurves/engrailed/relaxed_state_051
engrailed	relaxed	052	/project2/rohs_102/shewchuk/TF-conformation/output/stage3_min_dnarelax/engrailed/3hdd_state_052.pdb	/project2/rohs_102/shewchuk/TF-conformation/analysis/analyses/dna_relax/pycurves/engrailed/relaxed_state_052
engrailed	relaxed	053	/project2/rohs_102/shewchuk/TF-conformation/output/stage3_min_dnarelax/engrailed/3hdd_state_053.pdb	/project2/rohs_102/shewchuk/TF-conformation/analysis/analyses/dna_relax/pycurves/engrailed/relaxed_state_053
engrailed	relaxed	054	/project2/rohs_102/shewchuk/TF-conformation/output/stage3_min_dnarelax/engrailed/3hdd_state_054.pdb	/project2/rohs_102/shewchuk/TF-conformation/analysis/analyses/dna_relax/pycurves/engrailed/relaxed_state_054
engrailed	relaxed	055	/project2/rohs_102/shewchuk/TF-conformation/output/stage3_min_dnarelax/engrailed/3hdd_state_055.pdb	/project2/rohs_102/shewchuk/TF-conformation/analysis/analyses/dna_relax/pycurves/engrailed/relaxed_state_055
engrailed	relaxed	056	/project2/rohs_102/shewchuk/TF-conformation/output/stage3_min_dnarelax/engrailed/3hdd_state_056.pdb	/project2/rohs_102/shewchuk/TF-conformation/analysis/analyses/dna_relax/pycurves/engrailed/relaxed_state_056
engrailed	relaxed	057	/project2/rohs_102/shewchuk/TF-conformation/output/stage3_min_dnarelax/engrailed/3hdd_state_057.pdb	/project2/rohs_102/shewchuk/TF-conformation/analysis/analyses/dna_relax/pycurves/engrailed/relaxed_state_057
engrailed	relaxed	058	/project2/rohs_102/shewchuk/TF-conformation/output/stage3_min_dnarelax/engrailed/3hdd_state_058.pdb	/project2/rohs_102/shewchuk/TF-conformation/analysis/analyses/dna_relax/pycurves/engrailed/relaxed_state_058
engrailed	relaxed	059	/project2/rohs_102/shewchuk/TF-conformation/output/stage3_min_dnarelax/engrailed/3hdd_state_059.pdb	/project2/rohs_102/shewchuk/TF-conformation/analysis/analyses/dna_relax/pycurves/engrailed/relaxed_state_059
engrailed	relaxed	060	/project2/rohs_102/shewchuk/TF-conformation/output/stage3_min_dnarelax/engrailed/3hdd_state_060.pdb	/project2/rohs_102/shewchuk/TF-conformation/analysis/analyses/dna_relax/pycurves/engrailed/relaxed_state_060
engrailed	relaxed	061	/project2/rohs_102/shewchuk/TF-conformation/output/stage3_min_dnarelax/engrailed/3hdd_state_061.pdb	/project2/rohs_102/shewchuk/TF-conformation/analysis/analyses/dna_relax/pycurves/engrailed/relaxed_state_061
engrailed	relaxed	062	/project2/rohs_102/shewchuk/TF-conformation/output/stage3_min_dnarelax/engrailed/3hdd_state_062.pdb	/project2/rohs_102/shewchuk/TF-conformation/analysis/analyses/dna_relax/pycurves/engrailed/relaxed_state_062
engrailed	relaxed	063	/project2/rohs_102/shewchuk/TF-conformation/output/stage3_min_dnarelax/engrailed/3hdd_state_063.pdb	/project2/rohs_102/shewchuk/TF-conformation/analysis/analyses/dna_relax/pycurves/engrailed/relaxed_state_063
engrailed	relaxed	064	/project2/rohs_102/shewchuk/TF-conformation/output/stage3_min_dnarelax/engrailed/3hdd_state_064.pdb	/project2/rohs_102/shewchuk/TF-conformation/analysis/analyses/dna_relax/pycurves/engrailed/relaxed_state_064
engrailed	relaxed	065	/project2/rohs_102/shewchuk/TF-conformation/output/stage3_min_dnarelax/engrailed/3hdd_state_065.pdb	/project2/rohs_102/shewchuk/TF-conformation/analysis/analyses/dna_relax/pycurves/engrailed/relaxed_state_065
engrailed	relaxed	066	/project2/rohs_102/shewchuk/TF-conformation/output/stage3_min_dnarelax/engrailed/3hdd_state_066.pdb	/project2/rohs_102/shewchuk/TF-conformation/analysis/analyses/dna_relax/pycurves/engrailed/relaxed_state_066
engrailed	relaxed	067	/project2/rohs_102/shewchuk/TF-conformation/output/stage3_min_dnarelax/engrailed/3hdd_state_067.pdb	/project2/rohs_102/shewchuk/TF-conformation/analysis/analyses/dna_relax/pycurves/engrailed/relaxed_state_067
engrailed	relaxed	068	/project2/rohs_102/shewchuk/TF-conformation/output/stage3_min_dnarelax/engrailed/3hdd_state_068.pdb	/project2/rohs_102/shewchuk/TF-conformation/analysis/analyses/dna_relax/pycurves/engrailed/relaxed_state_068
engrailed	relaxed	069	/project2/rohs_102/shewchuk/TF-conformation/output/stage3_min_dnarelax/engrailed/3hdd_state_069.pdb	/project2/rohs_102/shewchuk/TF-conformation/analysis/analyses/dna_relax/pycurves/engrailed/relaxed_state_069
engrailed	relaxed	070	/project2/rohs_102/shewchuk/TF-conformation/output/stage3_min_dnarelax/engrailed/3hdd_state_070.pdb	/project2/rohs_102/shewchuk/TF-conformation/analysis/analyses/dna_relax/pycurves/engrailed/relaxed_state_070
engrailed	relaxed	071	/project2/rohs_102/shewchuk/TF-conformation/output/stage3_min_dnarelax/engrailed/3hdd_state_071.pdb	/project2/rohs_102/shewchuk/TF-conformation/analysis/analyses/dna_relax/pycurves/engrailed/relaxed_state_071
engrailed	relaxed	072	/project2/rohs_102/shewchuk/TF-conformation/output/stage3_min_dnarelax/engrailed/3hdd_state_072.pdb	/project2/rohs_102/shewchuk/TF-conformation/analysis/analyses/dna_relax/pycurves/engrailed/relaxed_state_072
engrailed	relaxed	073	/project2/rohs_102/shewchuk/TF-conformation/output/stage3_min_dnarelax/engrailed/3hdd_state_073.pdb	/project2/rohs_102/shewchuk/TF-conformation/analysis/analyses/dna_relax/pycurves/engrailed/relaxed_state_073
engrailed	relaxed	074	/project2/rohs_102/shewchuk/TF-conformation/output/stage3_min_dnarelax/engrailed/3hdd_state_074.pdb	/project2/rohs_102/shewchuk/TF-conformation/analysis/analyses/dna_relax/pycurves/engrailed/relaxed_state_074
engrailed	relaxed	075	/project2/rohs_102/shewchuk/TF-conformation/output/stage3_min_dnarelax/engrailed/3hdd_state_075.pdb	/project2/rohs_102/shewchuk/TF-conformation/analysis/analyses/dna_relax/pycurves/engrailed/relaxed_state_075
engrailed	relaxed	076	/project2/rohs_102/shewchuk/TF-conformation/output/stage3_min_dnarelax/engrailed/3hdd_state_076.pdb	/project2/rohs_102/shewchuk/TF-conformation/analysis/analyses/dna_relax/pycurves/engrailed/relaxed_state_076
engrailed	relaxed	077	/project2/rohs_102/shewchuk/TF-conformation/output/stage3_min_dnarelax/engrailed/3hdd_state_077.pdb	/project2/rohs_102/shewchuk/TF-conformation/analysis/analyses/dna_relax/pycurves/engrailed/relaxed_state_077
engrailed	relaxed	079	/project2/rohs_102/shewchuk/TF-conformation/output/stage3_min_dnarelax/engrailed/3hdd_state_079.pdb	/project2/rohs_102/shewchuk/TF-conformation/analysis/analyses/dna_relax/pycurves/engrailed/relaxed_state_079
engrailed	relaxed	080	/project2/rohs_102/shewchuk/TF-conformation/output/stage3_min_dnarelax/engrailed/3hdd_state_080.pdb	/project2/rohs_102/shewchuk/TF-conformation/analysis/analyses/dna_relax/pycurves/engrailed/relaxed_state_080
engrailed	relaxed	081	/project2/rohs_102/shewchuk/TF-conformation/output/stage3_min_dnarelax/engrailed/3hdd_state_081.pdb	/project2/rohs_102/shewchuk/TF-conformation/analysis/analyses/dna_relax/pycurves/engrailed/relaxed_state_081
engrailed	relaxed	082	/project2/rohs_102/shewchuk/TF-conformation/output/stage3_min_dnarelax/engrailed/3hdd_state_082.pdb	/project2/rohs_102/shewchuk/TF-conformation/analysis/analyses/dna_relax/pycurves/engrailed/relaxed_state_082
engrailed	relaxed	083	/project2/rohs_102/shewchuk/TF-conformation/output/stage3_min_dnarelax/engrailed/3hdd_state_083.pdb	/project2/rohs_102/shewchuk/TF-conformation/analysis/analyses/dna_relax/pycurves/engrailed/relaxed_state_083
engrailed	relaxed	084	/project2/rohs_102/shewchuk/TF-conformation/output/stage3_min_dnarelax/engrailed/3hdd_state_084.pdb	/project2/rohs_102/shewchuk/TF-conformation/analysis/analyses/dna_relax/pycurves/engrailed/relaxed_state_084
engrailed	relaxed	085	/project2/rohs_102/shewchuk/TF-conformation/output/stage3_min_dnarelax/engrailed/3hdd_state_085.pdb	/project2/rohs_102/shewchuk/TF-conformation/analysis/analyses/dna_relax/pycurves/engrailed/relaxed_state_085
engrailed	relaxed	086	/project2/rohs_102/shewchuk/TF-conformation/output/stage3_min_dnarelax/engrailed/3hdd_state_086.pdb	/project2/rohs_102/shewchuk/TF-conformation/analysis/analyses/dna_relax/pycurves/engrailed/relaxed_state_086
engrailed	relaxed	087	/project2/rohs_102/shewchuk/TF-conformation/output/stage3_min_dnarelax/engrailed/3hdd_state_087.pdb	/project2/rohs_102/shewchuk/TF-conformation/analysis/analyses/dna_relax/pycurves/engrailed/relaxed_state_087
engrailed	relaxed	088	/project2/rohs_102/shewchuk/TF-conformation/output/stage3_min_dnarelax/engrailed/3hdd_state_088.pdb	/project2/rohs_102/shewchuk/TF-conformation/analysis/analyses/dna_relax/pycurves/engrailed/relaxed_state_088
engrailed	relaxed	089	/project2/rohs_102/shewchuk/TF-conformation/output/stage3_min_dnarelax/engrailed/3hdd_state_089.pdb	/project2/rohs_102/shewchuk/TF-conformation/analysis/analyses/dna_relax/pycurves/engrailed/relaxed_state_089
engrailed	relaxed	090	/project2/rohs_102/shewchuk/TF-conformation/output/stage3_min_dnarelax/engrailed/3hdd_state_090.pdb	/project2/rohs_102/shewchuk/TF-conformation/analysis/analyses/dna_relax/pycurves/engrailed/relaxed_state_090
engrailed	relaxed	091	/project2/rohs_102/shewchuk/TF-conformation/output/stage3_min_dnarelax/engrailed/3hdd_state_091.pdb	/project2/rohs_102/shewchuk/TF-conformation/analysis/analyses/dna_relax/pycurves/engrailed/relaxed_state_091
engrailed	relaxed	092	/project2/rohs_102/shewchuk/TF-conformation/output/stage3_min_dnarelax/engrailed/3hdd_state_092.pdb	/project2/rohs_102/shewchuk/TF-conformation/analysis/analyses/dna_relax/pycurves/engrailed/relaxed_state_092
engrailed	relaxed	093	/project2/rohs_102/shewchuk/TF-conformation/output/stage3_min_dnarelax/engrailed/3hdd_state_093.pdb	/project2/rohs_102/shewchuk/TF-conformation/analysis/analyses/dna_relax/pycurves/engrailed/relaxed_state_093
engrailed	relaxed	094	/project2/rohs_102/shewchuk/TF-conformation/output/stage3_min_dnarelax/engrailed/3hdd_state_094.pdb	/project2/rohs_102/shewchuk/TF-conformation/analysis/analyses/dna_relax/pycurves/engrailed/relaxed_state_094
engrailed	relaxed	095	/project2/rohs_102/shewchuk/TF-conformation/output/stage3_min_dnarelax/engrailed/3hdd_state_095.pdb	/project2/rohs_102/shewchuk/TF-conformation/analysis/analyses/dna_relax/pycurves/engrailed/relaxed_state_095
engrailed	relaxed	096	/project2/rohs_102/shewchuk/TF-conformation/output/stage3_min_dnarelax/engrailed/3hdd_state_096.pdb	/project2/rohs_102/shewchuk/TF-conformation/analysis/analyses/dna_relax/pycurves/engrailed/relaxed_state_096
engrailed	relaxed	097	/project2/rohs_102/shewchuk/TF-conformation/output/stage3_min_dnarelax/engrailed/3hdd_state_097.pdb	/project2/rohs_102/shewchuk/TF-conformation/analysis/analyses/dna_relax/pycurves/engrailed/relaxed_state_097
egr1	crystal	crystal	/project2/rohs_102/shewchuk/TF-conformation/structures/source_chains/1aay_chains/1aay_dna.pdb	/project2/rohs_102/shewchuk/TF-conformation/analysis/analyses/dna_relax/pycurves/egr1/crystal
egr1	frozen	001	/project2/rohs_102/shewchuk/TF-conformation/output/stage3_min/egr1/1aay_state_001.pdb	/project2/rohs_102/shewchuk/TF-conformation/analysis/analyses/dna_relax/pycurves/egr1/frozen_state_001
egr1	frozen	002	/project2/rohs_102/shewchuk/TF-conformation/output/stage3_min/egr1/1aay_state_002.pdb	/project2/rohs_102/shewchuk/TF-conformation/analysis/analyses/dna_relax/pycurves/egr1/frozen_state_002
egr1	frozen	003	/project2/rohs_102/shewchuk/TF-conformation/output/stage3_min/egr1/1aay_state_003.pdb	/project2/rohs_102/shewchuk/TF-conformation/analysis/analyses/dna_relax/pycurves/egr1/frozen_state_003
egr1	frozen	004	/project2/rohs_102/shewchuk/TF-conformation/output/stage3_min/egr1/1aay_state_004.pdb	/project2/rohs_102/shewchuk/TF-conformation/analysis/analyses/dna_relax/pycurves/egr1/frozen_state_004
egr1	frozen	005	/project2/rohs_102/shewchuk/TF-conformation/output/stage3_min/egr1/1aay_state_005.pdb	/project2/rohs_102/shewchuk/TF-conformation/analysis/analyses/dna_relax/pycurves/egr1/frozen_state_005
egr1	frozen	006	/project2/rohs_102/shewchuk/TF-conformation/output/stage3_min/egr1/1aay_state_006.pdb	/project2/rohs_102/shewchuk/TF-conformation/analysis/analyses/dna_relax/pycurves/egr1/frozen_state_006
egr1	frozen	007	/project2/rohs_102/shewchuk/TF-conformation/output/stage3_min/egr1/1aay_state_007.pdb	/project2/rohs_102/shewchuk/TF-conformation/analysis/analyses/dna_relax/pycurves/egr1/frozen_state_007
egr1	frozen	008	/project2/rohs_102/shewchuk/TF-conformation/output/stage3_min/egr1/1aay_state_008.pdb	/project2/rohs_102/shewchuk/TF-conformation/analysis/analyses/dna_relax/pycurves/egr1/frozen_state_008
egr1	frozen	009	/project2/rohs_102/shewchuk/TF-conformation/output/stage3_min/egr1/1aay_state_009.pdb	/project2/rohs_102/shewchuk/TF-conformation/analysis/analyses/dna_relax/pycurves/egr1/frozen_state_009
egr1	frozen	010	/project2/rohs_102/shewchuk/TF-conformation/output/stage3_min/egr1/1aay_state_010.pdb	/project2/rohs_102/shewchuk/TF-conformation/analysis/analyses/dna_relax/pycurves/egr1/frozen_state_010
egr1	frozen	011	/project2/rohs_102/shewchuk/TF-conformation/output/stage3_min/egr1/1aay_state_011.pdb	/project2/rohs_102/shewchuk/TF-conformation/analysis/analyses/dna_relax/pycurves/egr1/frozen_state_011
egr1	frozen	012	/project2/rohs_102/shewchuk/TF-conformation/output/stage3_min/egr1/1aay_state_012.pdb	/project2/rohs_102/shewchuk/TF-conformation/analysis/analyses/dna_relax/pycurves/egr1/frozen_state_012
egr1	frozen	013	/project2/rohs_102/shewchuk/TF-conformation/output/stage3_min/egr1/1aay_state_013.pdb	/project2/rohs_102/shewchuk/TF-conformation/analysis/analyses/dna_relax/pycurves/egr1/frozen_state_013
egr1	frozen	014	/project2/rohs_102/shewchuk/TF-conformation/output/stage3_min/egr1/1aay_state_014.pdb	/project2/rohs_102/shewchuk/TF-conformation/analysis/analyses/dna_relax/pycurves/egr1/frozen_state_014
egr1	frozen	015	/project2/rohs_102/shewchuk/TF-conformation/output/stage3_min/egr1/1aay_state_015.pdb	/project2/rohs_102/shewchuk/TF-conformation/analysis/analyses/dna_relax/pycurves/egr1/frozen_state_015
egr1	frozen	016	/project2/rohs_102/shewchuk/TF-conformation/output/stage3_min/egr1/1aay_state_016.pdb	/project2/rohs_102/shewchuk/TF-conformation/analysis/analyses/dna_relax/pycurves/egr1/frozen_state_016
egr1	frozen	017	/project2/rohs_102/shewchuk/TF-conformation/output/stage3_min/egr1/1aay_state_017.pdb	/project2/rohs_102/shewchuk/TF-conformation/analysis/analyses/dna_relax/pycurves/egr1/frozen_state_017
egr1	frozen	018	/project2/rohs_102/shewchuk/TF-conformation/output/stage3_min/egr1/1aay_state_018.pdb	/project2/rohs_102/shewchuk/TF-conformation/analysis/analyses/dna_relax/pycurves/egr1/frozen_state_018
egr1	frozen	019	/project2/rohs_102/shewchuk/TF-conformation/output/stage3_min/egr1/1aay_state_019.pdb	/project2/rohs_102/shewchuk/TF-conformation/analysis/analyses/dna_relax/pycurves/egr1/frozen_state_019
egr1	frozen	020	/project2/rohs_102/shewchuk/TF-conformation/output/stage3_min/egr1/1aay_state_020.pdb	/project2/rohs_102/shewchuk/TF-conformation/analysis/analyses/dna_relax/pycurves/egr1/frozen_state_020
egr1	frozen	021	/project2/rohs_102/shewchuk/TF-conformation/output/stage3_min/egr1/1aay_state_021.pdb	/project2/rohs_102/shewchuk/TF-conformation/analysis/analyses/dna_relax/pycurves/egr1/frozen_state_021
egr1	frozen	022	/project2/rohs_102/shewchuk/TF-conformation/output/stage3_min/egr1/1aay_state_022.pdb	/project2/rohs_102/shewchuk/TF-conformation/analysis/analyses/dna_relax/pycurves/egr1/frozen_state_022
egr1	frozen	023	/project2/rohs_102/shewchuk/TF-conformation/output/stage3_min/egr1/1aay_state_023.pdb	/project2/rohs_102/shewchuk/TF-conformation/analysis/analyses/dna_relax/pycurves/egr1/frozen_state_023
egr1	frozen	024	/project2/rohs_102/shewchuk/TF-conformation/output/stage3_min/egr1/1aay_state_024.pdb	/project2/rohs_102/shewchuk/TF-conformation/analysis/analyses/dna_relax/pycurves/egr1/frozen_state_024
egr1	frozen	025	/project2/rohs_102/shewchuk/TF-conformation/output/stage3_min/egr1/1aay_state_025.pdb	/project2/rohs_102/shewchuk/TF-conformation/analysis/analyses/dna_relax/pycurves/egr1/frozen_state_025
egr1	frozen	026	/project2/rohs_102/shewchuk/TF-conformation/output/stage3_min/egr1/1aay_state_026.pdb	/project2/rohs_102/shewchuk/TF-conformation/analysis/analyses/dna_relax/pycurves/egr1/frozen_state_026
egr1	frozen	027	/project2/rohs_102/shewchuk/TF-conformation/output/stage3_min/egr1/1aay_state_027.pdb	/project2/rohs_102/shewchuk/TF-conformation/analysis/analyses/dna_relax/pycurves/egr1/frozen_state_027
egr1	frozen	028	/project2/rohs_102/shewchuk/TF-conformation/output/stage3_min/egr1/1aay_state_028.pdb	/project2/rohs_102/shewchuk/TF-conformation/analysis/analyses/dna_relax/pycurves/egr1/frozen_state_028
egr1	frozen	029	/project2/rohs_102/shewchuk/TF-conformation/output/stage3_min/egr1/1aay_state_029.pdb	/project2/rohs_102/shewchuk/TF-conformation/analysis/analyses/dna_relax/pycurves/egr1/frozen_state_029
egr1	frozen	030	/project2/rohs_102/shewchuk/TF-conformation/output/stage3_min/egr1/1aay_state_030.pdb	/project2/rohs_102/shewchuk/TF-conformation/analysis/analyses/dna_relax/pycurves/egr1/frozen_state_030
egr1	frozen	031	/project2/rohs_102/shewchuk/TF-conformation/output/stage3_min/egr1/1aay_state_031.pdb	/project2/rohs_102/shewchuk/TF-conformation/analysis/analyses/dna_relax/pycurves/egr1/frozen_state_031
egr1	frozen	032	/project2/rohs_102/shewchuk/TF-conformation/output/stage3_min/egr1/1aay_state_032.pdb	/project2/rohs_102/shewchuk/TF-conformation/analysis/analyses/dna_relax/pycurves/egr1/frozen_state_032
egr1	frozen	033	/project2/rohs_102/shewchuk/TF-conformation/output/stage3_min/egr1/1aay_state_033.pdb	/project2/rohs_102/shewchuk/TF-conformation/analysis/analyses/dna_relax/pycurves/egr1/frozen_state_033
egr1	frozen	034	/project2/rohs_102/shewchuk/TF-conformation/output/stage3_min/egr1/1aay_state_034.pdb	/project2/rohs_102/shewchuk/TF-conformation/analysis/analyses/dna_relax/pycurves/egr1/frozen_state_034
egr1	frozen	035	/project2/rohs_102/shewchuk/TF-conformation/output/stage3_min/egr1/1aay_state_035.pdb	/project2/rohs_102/shewchuk/TF-conformation/analysis/analyses/dna_relax/pycurves/egr1/frozen_state_035
egr1	frozen	036	/project2/rohs_102/shewchuk/TF-conformation/output/stage3_min/egr1/1aay_state_036.pdb	/project2/rohs_102/shewchuk/TF-conformation/analysis/analyses/dna_relax/pycurves/egr1/frozen_state_036
egr1	frozen	037	/project2/rohs_102/shewchuk/TF-conformation/output/stage3_min/egr1/1aay_state_037.pdb	/project2/rohs_102/shewchuk/TF-conformation/analysis/analyses/dna_relax/pycurves/egr1/frozen_state_037
egr1	frozen	038	/project2/rohs_102/shewchuk/TF-conformation/output/stage3_min/egr1/1aay_state_038.pdb	/project2/rohs_102/shewchuk/TF-conformation/analysis/analyses/dna_relax/pycurves/egr1/frozen_state_038
egr1	frozen	039	/project2/rohs_102/shewchuk/TF-conformation/output/stage3_min/egr1/1aay_state_039.pdb	/project2/rohs_102/shewchuk/TF-conformation/analysis/analyses/dna_relax/pycurves/egr1/frozen_state_039
egr1	frozen	040	/project2/rohs_102/shewchuk/TF-conformation/output/stage3_min/egr1/1aay_state_040.pdb	/project2/rohs_102/shewchuk/TF-conformation/analysis/analyses/dna_relax/pycurves/egr1/frozen_state_040
egr1	frozen	041	/project2/rohs_102/shewchuk/TF-conformation/output/stage3_min/egr1/1aay_state_041.pdb	/project2/rohs_102/shewchuk/TF-conformation/analysis/analyses/dna_relax/pycurves/egr1/frozen_state_041
egr1	frozen	042	/project2/rohs_102/shewchuk/TF-conformation/output/stage3_min/egr1/1aay_state_042.pdb	/project2/rohs_102/shewchuk/TF-conformation/analysis/analyses/dna_relax/pycurves/egr1/frozen_state_042
egr1	frozen	043	/project2/rohs_102/shewchuk/TF-conformation/output/stage3_min/egr1/1aay_state_043.pdb	/project2/rohs_102/shewchuk/TF-conformation/analysis/analyses/dna_relax/pycurves/egr1/frozen_state_043
egr1	frozen	044	/project2/rohs_102/shewchuk/TF-conformation/output/stage3_min/egr1/1aay_state_044.pdb	/project2/rohs_102/shewchuk/TF-conformation/analysis/analyses/dna_relax/pycurves/egr1/frozen_state_044
egr1	frozen	045	/project2/rohs_102/shewchuk/TF-conformation/output/stage3_min/egr1/1aay_state_045.pdb	/project2/rohs_102/shewchuk/TF-conformation/analysis/analyses/dna_relax/pycurves/egr1/frozen_state_045
egr1	frozen	046	/project2/rohs_102/shewchuk/TF-conformation/output/stage3_min/egr1/1aay_state_046.pdb	/project2/rohs_102/shewchuk/TF-conformation/analysis/analyses/dna_relax/pycurves/egr1/frozen_state_046
egr1	frozen	047	/project2/rohs_102/shewchuk/TF-conformation/output/stage3_min/egr1/1aay_state_047.pdb	/project2/rohs_102/shewchuk/TF-conformation/analysis/analyses/dna_relax/pycurves/egr1/frozen_state_047
egr1	frozen	048	/project2/rohs_102/shewchuk/TF-conformation/output/stage3_min/egr1/1aay_state_048.pdb	/project2/rohs_102/shewchuk/TF-conformation/analysis/analyses/dna_relax/pycurves/egr1/frozen_state_048
egr1	frozen	049	/project2/rohs_102/shewchuk/TF-conformation/output/stage3_min/egr1/1aay_state_049.pdb	/project2/rohs_102/shewchuk/TF-conformation/analysis/analyses/dna_relax/pycurves/egr1/frozen_state_049
egr1	frozen	050	/project2/rohs_102/shewchuk/TF-conformation/output/stage3_min/egr1/1aay_state_050.pdb	/project2/rohs_102/shewchuk/TF-conformation/analysis/analyses/dna_relax/pycurves/egr1/frozen_state_050
egr1	frozen	051	/project2/rohs_102/shewchuk/TF-conformation/output/stage3_min/egr1/1aay_state_051.pdb	/project2/rohs_102/shewchuk/TF-conformation/analysis/analyses/dna_relax/pycurves/egr1/frozen_state_051
egr1	frozen	052	/project2/rohs_102/shewchuk/TF-conformation/output/stage3_min/egr1/1aay_state_052.pdb	/project2/rohs_102/shewchuk/TF-conformation/analysis/analyses/dna_relax/pycurves/egr1/frozen_state_052
egr1	frozen	053	/project2/rohs_102/shewchuk/TF-conformation/output/stage3_min/egr1/1aay_state_053.pdb	/project2/rohs_102/shewchuk/TF-conformation/analysis/analyses/dna_relax/pycurves/egr1/frozen_state_053
egr1	frozen	054	/project2/rohs_102/shewchuk/TF-conformation/output/stage3_min/egr1/1aay_state_054.pdb	/project2/rohs_102/shewchuk/TF-conformation/analysis/analyses/dna_relax/pycurves/egr1/frozen_state_054
egr1	frozen	055	/project2/rohs_102/shewchuk/TF-conformation/output/stage3_min/egr1/1aay_state_055.pdb	/project2/rohs_102/shewchuk/TF-conformation/analysis/analyses/dna_relax/pycurves/egr1/frozen_state_055
egr1	frozen	056	/project2/rohs_102/shewchuk/TF-conformation/output/stage3_min/egr1/1aay_state_056.pdb	/project2/rohs_102/shewchuk/TF-conformation/analysis/analyses/dna_relax/pycurves/egr1/frozen_state_056
egr1	frozen	057	/project2/rohs_102/shewchuk/TF-conformation/output/stage3_min/egr1/1aay_state_057.pdb	/project2/rohs_102/shewchuk/TF-conformation/analysis/analyses/dna_relax/pycurves/egr1/frozen_state_057
egr1	frozen	058	/project2/rohs_102/shewchuk/TF-conformation/output/stage3_min/egr1/1aay_state_058.pdb	/project2/rohs_102/shewchuk/TF-conformation/analysis/analyses/dna_relax/pycurves/egr1/frozen_state_058
egr1	frozen	059	/project2/rohs_102/shewchuk/TF-conformation/output/stage3_min/egr1/1aay_state_059.pdb	/project2/rohs_102/shewchuk/TF-conformation/analysis/analyses/dna_relax/pycurves/egr1/frozen_state_059
egr1	frozen	060	/project2/rohs_102/shewchuk/TF-conformation/output/stage3_min/egr1/1aay_state_060.pdb	/project2/rohs_102/shewchuk/TF-conformation/analysis/analyses/dna_relax/pycurves/egr1/frozen_state_060
egr1	frozen	061	/project2/rohs_102/shewchuk/TF-conformation/output/stage3_min/egr1/1aay_state_061.pdb	/project2/rohs_102/shewchuk/TF-conformation/analysis/analyses/dna_relax/pycurves/egr1/frozen_state_061
egr1	frozen	062	/project2/rohs_102/shewchuk/TF-conformation/output/stage3_min/egr1/1aay_state_062.pdb	/project2/rohs_102/shewchuk/TF-conformation/analysis/analyses/dna_relax/pycurves/egr1/frozen_state_062
egr1	frozen	063	/project2/rohs_102/shewchuk/TF-conformation/output/stage3_min/egr1/1aay_state_063.pdb	/project2/rohs_102/shewchuk/TF-conformation/analysis/analyses/dna_relax/pycurves/egr1/frozen_state_063
egr1	frozen	064	/project2/rohs_102/shewchuk/TF-conformation/output/stage3_min/egr1/1aay_state_064.pdb	/project2/rohs_102/shewchuk/TF-conformation/analysis/analyses/dna_relax/pycurves/egr1/frozen_state_064
egr1	frozen	065	/project2/rohs_102/shewchuk/TF-conformation/output/stage3_min/egr1/1aay_state_065.pdb	/project2/rohs_102/shewchuk/TF-conformation/analysis/analyses/dna_relax/pycurves/egr1/frozen_state_065
egr1	frozen	066	/project2/rohs_102/shewchuk/TF-conformation/output/stage3_min/egr1/1aay_state_066.pdb	/project2/rohs_102/shewchuk/TF-conformation/analysis/analyses/dna_relax/pycurves/egr1/frozen_state_066
egr1	frozen	067	/project2/rohs_102/shewchuk/TF-conformation/output/stage3_min/egr1/1aay_state_067.pdb	/project2/rohs_102/shewchuk/TF-conformation/analysis/analyses/dna_relax/pycurves/egr1/frozen_state_067
egr1	frozen	068	/project2/rohs_102/shewchuk/TF-conformation/output/stage3_min/egr1/1aay_state_068.pdb	/project2/rohs_102/shewchuk/TF-conformation/analysis/analyses/dna_relax/pycurves/egr1/frozen_state_068
egr1	frozen	069	/project2/rohs_102/shewchuk/TF-conformation/output/stage3_min/egr1/1aay_state_069.pdb	/project2/rohs_102/shewchuk/TF-conformation/analysis/analyses/dna_relax/pycurves/egr1/frozen_state_069
egr1	frozen	070	/project2/rohs_102/shewchuk/TF-conformation/output/stage3_min/egr1/1aay_state_070.pdb	/project2/rohs_102/shewchuk/TF-conformation/analysis/analyses/dna_relax/pycurves/egr1/frozen_state_070
egr1	frozen	071	/project2/rohs_102/shewchuk/TF-conformation/output/stage3_min/egr1/1aay_state_071.pdb	/project2/rohs_102/shewchuk/TF-conformation/analysis/analyses/dna_relax/pycurves/egr1/frozen_state_071
egr1	frozen	072	/project2/rohs_102/shewchuk/TF-conformation/output/stage3_min/egr1/1aay_state_072.pdb	/project2/rohs_102/shewchuk/TF-conformation/analysis/analyses/dna_relax/pycurves/egr1/frozen_state_072
egr1	frozen	073	/project2/rohs_102/shewchuk/TF-conformation/output/stage3_min/egr1/1aay_state_073.pdb	/project2/rohs_102/shewchuk/TF-conformation/analysis/analyses/dna_relax/pycurves/egr1/frozen_state_073
egr1	frozen	074	/project2/rohs_102/shewchuk/TF-conformation/output/stage3_min/egr1/1aay_state_074.pdb	/project2/rohs_102/shewchuk/TF-conformation/analysis/analyses/dna_relax/pycurves/egr1/frozen_state_074
egr1	frozen	075	/project2/rohs_102/shewchuk/TF-conformation/output/stage3_min/egr1/1aay_state_075.pdb	/project2/rohs_102/shewchuk/TF-conformation/analysis/analyses/dna_relax/pycurves/egr1/frozen_state_075
egr1	frozen	076	/project2/rohs_102/shewchuk/TF-conformation/output/stage3_min/egr1/1aay_state_076.pdb	/project2/rohs_102/shewchuk/TF-conformation/analysis/analyses/dna_relax/pycurves/egr1/frozen_state_076
egr1	frozen	077	/project2/rohs_102/shewchuk/TF-conformation/output/stage3_min/egr1/1aay_state_077.pdb	/project2/rohs_102/shewchuk/TF-conformation/analysis/analyses/dna_relax/pycurves/egr1/frozen_state_077
egr1	frozen	078	/project2/rohs_102/shewchuk/TF-conformation/output/stage3_min/egr1/1aay_state_078.pdb	/project2/rohs_102/shewchuk/TF-conformation/analysis/analyses/dna_relax/pycurves/egr1/frozen_state_078
egr1	frozen	079	/project2/rohs_102/shewchuk/TF-conformation/output/stage3_min/egr1/1aay_state_079.pdb	/project2/rohs_102/shewchuk/TF-conformation/analysis/analyses/dna_relax/pycurves/egr1/frozen_state_079
egr1	frozen	080	/project2/rohs_102/shewchuk/TF-conformation/output/stage3_min/egr1/1aay_state_080.pdb	/project2/rohs_102/shewchuk/TF-conformation/analysis/analyses/dna_relax/pycurves/egr1/frozen_state_080
egr1	frozen	081	/project2/rohs_102/shewchuk/TF-conformation/output/stage3_min/egr1/1aay_state_081.pdb	/project2/rohs_102/shewchuk/TF-conformation/analysis/analyses/dna_relax/pycurves/egr1/frozen_state_081
egr1	frozen	082	/project2/rohs_102/shewchuk/TF-conformation/output/stage3_min/egr1/1aay_state_082.pdb	/project2/rohs_102/shewchuk/TF-conformation/analysis/analyses/dna_relax/pycurves/egr1/frozen_state_082
egr1	frozen	083	/project2/rohs_102/shewchuk/TF-conformation/output/stage3_min/egr1/1aay_state_083.pdb	/project2/rohs_102/shewchuk/TF-conformation/analysis/analyses/dna_relax/pycurves/egr1/frozen_state_083
egr1	frozen	084	/project2/rohs_102/shewchuk/TF-conformation/output/stage3_min/egr1/1aay_state_084.pdb	/project2/rohs_102/shewchuk/TF-conformation/analysis/analyses/dna_relax/pycurves/egr1/frozen_state_084
egr1	frozen	085	/project2/rohs_102/shewchuk/TF-conformation/output/stage3_min/egr1/1aay_state_085.pdb	/project2/rohs_102/shewchuk/TF-conformation/analysis/analyses/dna_relax/pycurves/egr1/frozen_state_085
egr1	frozen	086	/project2/rohs_102/shewchuk/TF-conformation/output/stage3_min/egr1/1aay_state_086.pdb	/project2/rohs_102/shewchuk/TF-conformation/analysis/analyses/dna_relax/pycurves/egr1/frozen_state_086
egr1	frozen	087	/project2/rohs_102/shewchuk/TF-conformation/output/stage3_min/egr1/1aay_state_087.pdb	/project2/rohs_102/shewchuk/TF-conformation/analysis/analyses/dna_relax/pycurves/egr1/frozen_state_087
egr1	frozen	088	/project2/rohs_102/shewchuk/TF-conformation/output/stage3_min/egr1/1aay_state_088.pdb	/project2/rohs_102/shewchuk/TF-conformation/analysis/analyses/dna_relax/pycurves/egr1/frozen_state_088
egr1	frozen	089	/project2/rohs_102/shewchuk/TF-conformation/output/stage3_min/egr1/1aay_state_089.pdb	/project2/rohs_102/shewchuk/TF-conformation/analysis/analyses/dna_relax/pycurves/egr1/frozen_state_089
egr1	frozen	090	/project2/rohs_102/shewchuk/TF-conformation/output/stage3_min/egr1/1aay_state_090.pdb	/project2/rohs_102/shewchuk/TF-conformation/analysis/analyses/dna_relax/pycurves/egr1/frozen_state_090
egr1	frozen	091	/project2/rohs_102/shewchuk/TF-conformation/output/stage3_min/egr1/1aay_state_091.pdb	/project2/rohs_102/shewchuk/TF-conformation/analysis/analyses/dna_relax/pycurves/egr1/frozen_state_091
egr1	frozen	092	/project2/rohs_102/shewchuk/TF-conformation/output/stage3_min/egr1/1aay_state_092.pdb	/project2/rohs_102/shewchuk/TF-conformation/analysis/analyses/dna_relax/pycurves/egr1/frozen_state_092
egr1	frozen	093	/project2/rohs_102/shewchuk/TF-conformation/output/stage3_min/egr1/1aay_state_093.pdb	/project2/rohs_102/shewchuk/TF-conformation/analysis/analyses/dna_relax/pycurves/egr1/frozen_state_093
egr1	frozen	094	/project2/rohs_102/shewchuk/TF-conformation/output/stage3_min/egr1/1aay_state_094.pdb	/project2/rohs_102/shewchuk/TF-conformation/analysis/analyses/dna_relax/pycurves/egr1/frozen_state_094
egr1	frozen	095	/project2/rohs_102/shewchuk/TF-conformation/output/stage3_min/egr1/1aay_state_095.pdb	/project2/rohs_102/shewchuk/TF-conformation/analysis/analyses/dna_relax/pycurves/egr1/frozen_state_095
egr1	frozen	096	/project2/rohs_102/shewchuk/TF-conformation/output/stage3_min/egr1/1aay_state_096.pdb	/project2/rohs_102/shewchuk/TF-conformation/analysis/analyses/dna_relax/pycurves/egr1/frozen_state_096
egr1	frozen	097	/project2/rohs_102/shewchuk/TF-conformation/output/stage3_min/egr1/1aay_state_097.pdb	/project2/rohs_102/shewchuk/TF-conformation/analysis/analyses/dna_relax/pycurves/egr1/frozen_state_097
egr1	frozen	098	/project2/rohs_102/shewchuk/TF-conformation/output/stage3_min/egr1/1aay_state_098.pdb	/project2/rohs_102/shewchuk/TF-conformation/analysis/analyses/dna_relax/pycurves/egr1/frozen_state_098
egr1	relaxed	001	/project2/rohs_102/shewchuk/TF-conformation/output/stage3_min_dnarelax/egr1/1aay_state_001.pdb	/project2/rohs_102/shewchuk/TF-conformation/analysis/analyses/dna_relax/pycurves/egr1/relaxed_state_001
egr1	relaxed	002	/project2/rohs_102/shewchuk/TF-conformation/output/stage3_min_dnarelax/egr1/1aay_state_002.pdb	/project2/rohs_102/shewchuk/TF-conformation/analysis/analyses/dna_relax/pycurves/egr1/relaxed_state_002
egr1	relaxed	003	/project2/rohs_102/shewchuk/TF-conformation/output/stage3_min_dnarelax/egr1/1aay_state_003.pdb	/project2/rohs_102/shewchuk/TF-conformation/analysis/analyses/dna_relax/pycurves/egr1/relaxed_state_003
egr1	relaxed	004	/project2/rohs_102/shewchuk/TF-conformation/output/stage3_min_dnarelax/egr1/1aay_state_004.pdb	/project2/rohs_102/shewchuk/TF-conformation/analysis/analyses/dna_relax/pycurves/egr1/relaxed_state_004
egr1	relaxed	005	/project2/rohs_102/shewchuk/TF-conformation/output/stage3_min_dnarelax/egr1/1aay_state_005.pdb	/project2/rohs_102/shewchuk/TF-conformation/analysis/analyses/dna_relax/pycurves/egr1/relaxed_state_005
egr1	relaxed	006	/project2/rohs_102/shewchuk/TF-conformation/output/stage3_min_dnarelax/egr1/1aay_state_006.pdb	/project2/rohs_102/shewchuk/TF-conformation/analysis/analyses/dna_relax/pycurves/egr1/relaxed_state_006
egr1	relaxed	007	/project2/rohs_102/shewchuk/TF-conformation/output/stage3_min_dnarelax/egr1/1aay_state_007.pdb	/project2/rohs_102/shewchuk/TF-conformation/analysis/analyses/dna_relax/pycurves/egr1/relaxed_state_007
egr1	relaxed	008	/project2/rohs_102/shewchuk/TF-conformation/output/stage3_min_dnarelax/egr1/1aay_state_008.pdb	/project2/rohs_102/shewchuk/TF-conformation/analysis/analyses/dna_relax/pycurves/egr1/relaxed_state_008
egr1	relaxed	009	/project2/rohs_102/shewchuk/TF-conformation/output/stage3_min_dnarelax/egr1/1aay_state_009.pdb	/project2/rohs_102/shewchuk/TF-conformation/analysis/analyses/dna_relax/pycurves/egr1/relaxed_state_009
egr1	relaxed	010	/project2/rohs_102/shewchuk/TF-conformation/output/stage3_min_dnarelax/egr1/1aay_state_010.pdb	/project2/rohs_102/shewchuk/TF-conformation/analysis/analyses/dna_relax/pycurves/egr1/relaxed_state_010
egr1	relaxed	011	/project2/rohs_102/shewchuk/TF-conformation/output/stage3_min_dnarelax/egr1/1aay_state_011.pdb	/project2/rohs_102/shewchuk/TF-conformation/analysis/analyses/dna_relax/pycurves/egr1/relaxed_state_011
egr1	relaxed	012	/project2/rohs_102/shewchuk/TF-conformation/output/stage3_min_dnarelax/egr1/1aay_state_012.pdb	/project2/rohs_102/shewchuk/TF-conformation/analysis/analyses/dna_relax/pycurves/egr1/relaxed_state_012
egr1	relaxed	013	/project2/rohs_102/shewchuk/TF-conformation/output/stage3_min_dnarelax/egr1/1aay_state_013.pdb	/project2/rohs_102/shewchuk/TF-conformation/analysis/analyses/dna_relax/pycurves/egr1/relaxed_state_013
egr1	relaxed	014	/project2/rohs_102/shewchuk/TF-conformation/output/stage3_min_dnarelax/egr1/1aay_state_014.pdb	/project2/rohs_102/shewchuk/TF-conformation/analysis/analyses/dna_relax/pycurves/egr1/relaxed_state_014
egr1	relaxed	015	/project2/rohs_102/shewchuk/TF-conformation/output/stage3_min_dnarelax/egr1/1aay_state_015.pdb	/project2/rohs_102/shewchuk/TF-conformation/analysis/analyses/dna_relax/pycurves/egr1/relaxed_state_015
egr1	relaxed	016	/project2/rohs_102/shewchuk/TF-conformation/output/stage3_min_dnarelax/egr1/1aay_state_016.pdb	/project2/rohs_102/shewchuk/TF-conformation/analysis/analyses/dna_relax/pycurves/egr1/relaxed_state_016
egr1	relaxed	017	/project2/rohs_102/shewchuk/TF-conformation/output/stage3_min_dnarelax/egr1/1aay_state_017.pdb	/project2/rohs_102/shewchuk/TF-conformation/analysis/analyses/dna_relax/pycurves/egr1/relaxed_state_017
egr1	relaxed	018	/project2/rohs_102/shewchuk/TF-conformation/output/stage3_min_dnarelax/egr1/1aay_state_018.pdb	/project2/rohs_102/shewchuk/TF-conformation/analysis/analyses/dna_relax/pycurves/egr1/relaxed_state_018
egr1	relaxed	019	/project2/rohs_102/shewchuk/TF-conformation/output/stage3_min_dnarelax/egr1/1aay_state_019.pdb	/project2/rohs_102/shewchuk/TF-conformation/analysis/analyses/dna_relax/pycurves/egr1/relaxed_state_019
egr1	relaxed	020	/project2/rohs_102/shewchuk/TF-conformation/output/stage3_min_dnarelax/egr1/1aay_state_020.pdb	/project2/rohs_102/shewchuk/TF-conformation/analysis/analyses/dna_relax/pycurves/egr1/relaxed_state_020
egr1	relaxed	021	/project2/rohs_102/shewchuk/TF-conformation/output/stage3_min_dnarelax/egr1/1aay_state_021.pdb	/project2/rohs_102/shewchuk/TF-conformation/analysis/analyses/dna_relax/pycurves/egr1/relaxed_state_021
egr1	relaxed	022	/project2/rohs_102/shewchuk/TF-conformation/output/stage3_min_dnarelax/egr1/1aay_state_022.pdb	/project2/rohs_102/shewchuk/TF-conformation/analysis/analyses/dna_relax/pycurves/egr1/relaxed_state_022
egr1	relaxed	023	/project2/rohs_102/shewchuk/TF-conformation/output/stage3_min_dnarelax/egr1/1aay_state_023.pdb	/project2/rohs_102/shewchuk/TF-conformation/analysis/analyses/dna_relax/pycurves/egr1/relaxed_state_023
egr1	relaxed	024	/project2/rohs_102/shewchuk/TF-conformation/output/stage3_min_dnarelax/egr1/1aay_state_024.pdb	/project2/rohs_102/shewchuk/TF-conformation/analysis/analyses/dna_relax/pycurves/egr1/relaxed_state_024
egr1	relaxed	025	/project2/rohs_102/shewchuk/TF-conformation/output/stage3_min_dnarelax/egr1/1aay_state_025.pdb	/project2/rohs_102/shewchuk/TF-conformation/analysis/analyses/dna_relax/pycurves/egr1/relaxed_state_025
egr1	relaxed	026	/project2/rohs_102/shewchuk/TF-conformation/output/stage3_min_dnarelax/egr1/1aay_state_026.pdb	/project2/rohs_102/shewchuk/TF-conformation/analysis/analyses/dna_relax/pycurves/egr1/relaxed_state_026
egr1	relaxed	027	/project2/rohs_102/shewchuk/TF-conformation/output/stage3_min_dnarelax/egr1/1aay_state_027.pdb	/project2/rohs_102/shewchuk/TF-conformation/analysis/analyses/dna_relax/pycurves/egr1/relaxed_state_027
egr1	relaxed	028	/project2/rohs_102/shewchuk/TF-conformation/output/stage3_min_dnarelax/egr1/1aay_state_028.pdb	/project2/rohs_102/shewchuk/TF-conformation/analysis/analyses/dna_relax/pycurves/egr1/relaxed_state_028
egr1	relaxed	029	/project2/rohs_102/shewchuk/TF-conformation/output/stage3_min_dnarelax/egr1/1aay_state_029.pdb	/project2/rohs_102/shewchuk/TF-conformation/analysis/analyses/dna_relax/pycurves/egr1/relaxed_state_029
egr1	relaxed	030	/project2/rohs_102/shewchuk/TF-conformation/output/stage3_min_dnarelax/egr1/1aay_state_030.pdb	/project2/rohs_102/shewchuk/TF-conformation/analysis/analyses/dna_relax/pycurves/egr1/relaxed_state_030
egr1	relaxed	031	/project2/rohs_102/shewchuk/TF-conformation/output/stage3_min_dnarelax/egr1/1aay_state_031.pdb	/project2/rohs_102/shewchuk/TF-conformation/analysis/analyses/dna_relax/pycurves/egr1/relaxed_state_031
egr1	relaxed	032	/project2/rohs_102/shewchuk/TF-conformation/output/stage3_min_dnarelax/egr1/1aay_state_032.pdb	/project2/rohs_102/shewchuk/TF-conformation/analysis/analyses/dna_relax/pycurves/egr1/relaxed_state_032
egr1	relaxed	033	/project2/rohs_102/shewchuk/TF-conformation/output/stage3_min_dnarelax/egr1/1aay_state_033.pdb	/project2/rohs_102/shewchuk/TF-conformation/analysis/analyses/dna_relax/pycurves/egr1/relaxed_state_033
egr1	relaxed	034	/project2/rohs_102/shewchuk/TF-conformation/output/stage3_min_dnarelax/egr1/1aay_state_034.pdb	/project2/rohs_102/shewchuk/TF-conformation/analysis/analyses/dna_relax/pycurves/egr1/relaxed_state_034
egr1	relaxed	035	/project2/rohs_102/shewchuk/TF-conformation/output/stage3_min_dnarelax/egr1/1aay_state_035.pdb	/project2/rohs_102/shewchuk/TF-conformation/analysis/analyses/dna_relax/pycurves/egr1/relaxed_state_035
egr1	relaxed	037	/project2/rohs_102/shewchuk/TF-conformation/output/stage3_min_dnarelax/egr1/1aay_state_037.pdb	/project2/rohs_102/shewchuk/TF-conformation/analysis/analyses/dna_relax/pycurves/egr1/relaxed_state_037
egr1	relaxed	038	/project2/rohs_102/shewchuk/TF-conformation/output/stage3_min_dnarelax/egr1/1aay_state_038.pdb	/project2/rohs_102/shewchuk/TF-conformation/analysis/analyses/dna_relax/pycurves/egr1/relaxed_state_038
egr1	relaxed	039	/project2/rohs_102/shewchuk/TF-conformation/output/stage3_min_dnarelax/egr1/1aay_state_039.pdb	/project2/rohs_102/shewchuk/TF-conformation/analysis/analyses/dna_relax/pycurves/egr1/relaxed_state_039
egr1	relaxed	040	/project2/rohs_102/shewchuk/TF-conformation/output/stage3_min_dnarelax/egr1/1aay_state_040.pdb	/project2/rohs_102/shewchuk/TF-conformation/analysis/analyses/dna_relax/pycurves/egr1/relaxed_state_040
egr1	relaxed	041	/project2/rohs_102/shewchuk/TF-conformation/output/stage3_min_dnarelax/egr1/1aay_state_041.pdb	/project2/rohs_102/shewchuk/TF-conformation/analysis/analyses/dna_relax/pycurves/egr1/relaxed_state_041
egr1	relaxed	042	/project2/rohs_102/shewchuk/TF-conformation/output/stage3_min_dnarelax/egr1/1aay_state_042.pdb	/project2/rohs_102/shewchuk/TF-conformation/analysis/analyses/dna_relax/pycurves/egr1/relaxed_state_042
egr1	relaxed	043	/project2/rohs_102/shewchuk/TF-conformation/output/stage3_min_dnarelax/egr1/1aay_state_043.pdb	/project2/rohs_102/shewchuk/TF-conformation/analysis/analyses/dna_relax/pycurves/egr1/relaxed_state_043
egr1	relaxed	044	/project2/rohs_102/shewchuk/TF-conformation/output/stage3_min_dnarelax/egr1/1aay_state_044.pdb	/project2/rohs_102/shewchuk/TF-conformation/analysis/analyses/dna_relax/pycurves/egr1/relaxed_state_044
egr1	relaxed	046	/project2/rohs_102/shewchuk/TF-conformation/output/stage3_min_dnarelax/egr1/1aay_state_046.pdb	/project2/rohs_102/shewchuk/TF-conformation/analysis/analyses/dna_relax/pycurves/egr1/relaxed_state_046
egr1	relaxed	047	/project2/rohs_102/shewchuk/TF-conformation/output/stage3_min_dnarelax/egr1/1aay_state_047.pdb	/project2/rohs_102/shewchuk/TF-conformation/analysis/analyses/dna_relax/pycurves/egr1/relaxed_state_047
egr1	relaxed	048	/project2/rohs_102/shewchuk/TF-conformation/output/stage3_min_dnarelax/egr1/1aay_state_048.pdb	/project2/rohs_102/shewchuk/TF-conformation/analysis/analyses/dna_relax/pycurves/egr1/relaxed_state_048
egr1	relaxed	049	/project2/rohs_102/shewchuk/TF-conformation/output/stage3_min_dnarelax/egr1/1aay_state_049.pdb	/project2/rohs_102/shewchuk/TF-conformation/analysis/analyses/dna_relax/pycurves/egr1/relaxed_state_049
egr1	relaxed	050	/project2/rohs_102/shewchuk/TF-conformation/output/stage3_min_dnarelax/egr1/1aay_state_050.pdb	/project2/rohs_102/shewchuk/TF-conformation/analysis/analyses/dna_relax/pycurves/egr1/relaxed_state_050
egr1	relaxed	051	/project2/rohs_102/shewchuk/TF-conformation/output/stage3_min_dnarelax/egr1/1aay_state_051.pdb	/project2/rohs_102/shewchuk/TF-conformation/analysis/analyses/dna_relax/pycurves/egr1/relaxed_state_051
egr1	relaxed	052	/project2/rohs_102/shewchuk/TF-conformation/output/stage3_min_dnarelax/egr1/1aay_state_052.pdb	/project2/rohs_102/shewchuk/TF-conformation/analysis/analyses/dna_relax/pycurves/egr1/relaxed_state_052
egr1	relaxed	053	/project2/rohs_102/shewchuk/TF-conformation/output/stage3_min_dnarelax/egr1/1aay_state_053.pdb	/project2/rohs_102/shewchuk/TF-conformation/analysis/analyses/dna_relax/pycurves/egr1/relaxed_state_053
egr1	relaxed	054	/project2/rohs_102/shewchuk/TF-conformation/output/stage3_min_dnarelax/egr1/1aay_state_054.pdb	/project2/rohs_102/shewchuk/TF-conformation/analysis/analyses/dna_relax/pycurves/egr1/relaxed_state_054
egr1	relaxed	055	/project2/rohs_102/shewchuk/TF-conformation/output/stage3_min_dnarelax/egr1/1aay_state_055.pdb	/project2/rohs_102/shewchuk/TF-conformation/analysis/analyses/dna_relax/pycurves/egr1/relaxed_state_055
egr1	relaxed	056	/project2/rohs_102/shewchuk/TF-conformation/output/stage3_min_dnarelax/egr1/1aay_state_056.pdb	/project2/rohs_102/shewchuk/TF-conformation/analysis/analyses/dna_relax/pycurves/egr1/relaxed_state_056
egr1	relaxed	057	/project2/rohs_102/shewchuk/TF-conformation/output/stage3_min_dnarelax/egr1/1aay_state_057.pdb	/project2/rohs_102/shewchuk/TF-conformation/analysis/analyses/dna_relax/pycurves/egr1/relaxed_state_057
egr1	relaxed	058	/project2/rohs_102/shewchuk/TF-conformation/output/stage3_min_dnarelax/egr1/1aay_state_058.pdb	/project2/rohs_102/shewchuk/TF-conformation/analysis/analyses/dna_relax/pycurves/egr1/relaxed_state_058
egr1	relaxed	059	/project2/rohs_102/shewchuk/TF-conformation/output/stage3_min_dnarelax/egr1/1aay_state_059.pdb	/project2/rohs_102/shewchuk/TF-conformation/analysis/analyses/dna_relax/pycurves/egr1/relaxed_state_059
egr1	relaxed	060	/project2/rohs_102/shewchuk/TF-conformation/output/stage3_min_dnarelax/egr1/1aay_state_060.pdb	/project2/rohs_102/shewchuk/TF-conformation/analysis/analyses/dna_relax/pycurves/egr1/relaxed_state_060
egr1	relaxed	061	/project2/rohs_102/shewchuk/TF-conformation/output/stage3_min_dnarelax/egr1/1aay_state_061.pdb	/project2/rohs_102/shewchuk/TF-conformation/analysis/analyses/dna_relax/pycurves/egr1/relaxed_state_061
egr1	relaxed	062	/project2/rohs_102/shewchuk/TF-conformation/output/stage3_min_dnarelax/egr1/1aay_state_062.pdb	/project2/rohs_102/shewchuk/TF-conformation/analysis/analyses/dna_relax/pycurves/egr1/relaxed_state_062
egr1	relaxed	063	/project2/rohs_102/shewchuk/TF-conformation/output/stage3_min_dnarelax/egr1/1aay_state_063.pdb	/project2/rohs_102/shewchuk/TF-conformation/analysis/analyses/dna_relax/pycurves/egr1/relaxed_state_063
egr1	relaxed	064	/project2/rohs_102/shewchuk/TF-conformation/output/stage3_min_dnarelax/egr1/1aay_state_064.pdb	/project2/rohs_102/shewchuk/TF-conformation/analysis/analyses/dna_relax/pycurves/egr1/relaxed_state_064
egr1	relaxed	065	/project2/rohs_102/shewchuk/TF-conformation/output/stage3_min_dnarelax/egr1/1aay_state_065.pdb	/project2/rohs_102/shewchuk/TF-conformation/analysis/analyses/dna_relax/pycurves/egr1/relaxed_state_065
egr1	relaxed	066	/project2/rohs_102/shewchuk/TF-conformation/output/stage3_min_dnarelax/egr1/1aay_state_066.pdb	/project2/rohs_102/shewchuk/TF-conformation/analysis/analyses/dna_relax/pycurves/egr1/relaxed_state_066
egr1	relaxed	067	/project2/rohs_102/shewchuk/TF-conformation/output/stage3_min_dnarelax/egr1/1aay_state_067.pdb	/project2/rohs_102/shewchuk/TF-conformation/analysis/analyses/dna_relax/pycurves/egr1/relaxed_state_067
egr1	relaxed	068	/project2/rohs_102/shewchuk/TF-conformation/output/stage3_min_dnarelax/egr1/1aay_state_068.pdb	/project2/rohs_102/shewchuk/TF-conformation/analysis/analyses/dna_relax/pycurves/egr1/relaxed_state_068
egr1	relaxed	069	/project2/rohs_102/shewchuk/TF-conformation/output/stage3_min_dnarelax/egr1/1aay_state_069.pdb	/project2/rohs_102/shewchuk/TF-conformation/analysis/analyses/dna_relax/pycurves/egr1/relaxed_state_069
egr1	relaxed	070	/project2/rohs_102/shewchuk/TF-conformation/output/stage3_min_dnarelax/egr1/1aay_state_070.pdb	/project2/rohs_102/shewchuk/TF-conformation/analysis/analyses/dna_relax/pycurves/egr1/relaxed_state_070
egr1	relaxed	071	/project2/rohs_102/shewchuk/TF-conformation/output/stage3_min_dnarelax/egr1/1aay_state_071.pdb	/project2/rohs_102/shewchuk/TF-conformation/analysis/analyses/dna_relax/pycurves/egr1/relaxed_state_071
egr1	relaxed	072	/project2/rohs_102/shewchuk/TF-conformation/output/stage3_min_dnarelax/egr1/1aay_state_072.pdb	/project2/rohs_102/shewchuk/TF-conformation/analysis/analyses/dna_relax/pycurves/egr1/relaxed_state_072
egr1	relaxed	073	/project2/rohs_102/shewchuk/TF-conformation/output/stage3_min_dnarelax/egr1/1aay_state_073.pdb	/project2/rohs_102/shewchuk/TF-conformation/analysis/analyses/dna_relax/pycurves/egr1/relaxed_state_073
egr1	relaxed	074	/project2/rohs_102/shewchuk/TF-conformation/output/stage3_min_dnarelax/egr1/1aay_state_074.pdb	/project2/rohs_102/shewchuk/TF-conformation/analysis/analyses/dna_relax/pycurves/egr1/relaxed_state_074
egr1	relaxed	075	/project2/rohs_102/shewchuk/TF-conformation/output/stage3_min_dnarelax/egr1/1aay_state_075.pdb	/project2/rohs_102/shewchuk/TF-conformation/analysis/analyses/dna_relax/pycurves/egr1/relaxed_state_075
egr1	relaxed	076	/project2/rohs_102/shewchuk/TF-conformation/output/stage3_min_dnarelax/egr1/1aay_state_076.pdb	/project2/rohs_102/shewchuk/TF-conformation/analysis/analyses/dna_relax/pycurves/egr1/relaxed_state_076
egr1	relaxed	077	/project2/rohs_102/shewchuk/TF-conformation/output/stage3_min_dnarelax/egr1/1aay_state_077.pdb	/project2/rohs_102/shewchuk/TF-conformation/analysis/analyses/dna_relax/pycurves/egr1/relaxed_state_077
egr1	relaxed	078	/project2/rohs_102/shewchuk/TF-conformation/output/stage3_min_dnarelax/egr1/1aay_state_078.pdb	/project2/rohs_102/shewchuk/TF-conformation/analysis/analyses/dna_relax/pycurves/egr1/relaxed_state_078
egr1	relaxed	079	/project2/rohs_102/shewchuk/TF-conformation/output/stage3_min_dnarelax/egr1/1aay_state_079.pdb	/project2/rohs_102/shewchuk/TF-conformation/analysis/analyses/dna_relax/pycurves/egr1/relaxed_state_079
egr1	relaxed	080	/project2/rohs_102/shewchuk/TF-conformation/output/stage3_min_dnarelax/egr1/1aay_state_080.pdb	/project2/rohs_102/shewchuk/TF-conformation/analysis/analyses/dna_relax/pycurves/egr1/relaxed_state_080
egr1	relaxed	081	/project2/rohs_102/shewchuk/TF-conformation/output/stage3_min_dnarelax/egr1/1aay_state_081.pdb	/project2/rohs_102/shewchuk/TF-conformation/analysis/analyses/dna_relax/pycurves/egr1/relaxed_state_081
egr1	relaxed	082	/project2/rohs_102/shewchuk/TF-conformation/output/stage3_min_dnarelax/egr1/1aay_state_082.pdb	/project2/rohs_102/shewchuk/TF-conformation/analysis/analyses/dna_relax/pycurves/egr1/relaxed_state_082
egr1	relaxed	083	/project2/rohs_102/shewchuk/TF-conformation/output/stage3_min_dnarelax/egr1/1aay_state_083.pdb	/project2/rohs_102/shewchuk/TF-conformation/analysis/analyses/dna_relax/pycurves/egr1/relaxed_state_083
egr1	relaxed	084	/project2/rohs_102/shewchuk/TF-conformation/output/stage3_min_dnarelax/egr1/1aay_state_084.pdb	/project2/rohs_102/shewchuk/TF-conformation/analysis/analyses/dna_relax/pycurves/egr1/relaxed_state_084
egr1	relaxed	085	/project2/rohs_102/shewchuk/TF-conformation/output/stage3_min_dnarelax/egr1/1aay_state_085.pdb	/project2/rohs_102/shewchuk/TF-conformation/analysis/analyses/dna_relax/pycurves/egr1/relaxed_state_085
egr1	relaxed	086	/project2/rohs_102/shewchuk/TF-conformation/output/stage3_min_dnarelax/egr1/1aay_state_086.pdb	/project2/rohs_102/shewchuk/TF-conformation/analysis/analyses/dna_relax/pycurves/egr1/relaxed_state_086
egr1	relaxed	087	/project2/rohs_102/shewchuk/TF-conformation/output/stage3_min_dnarelax/egr1/1aay_state_087.pdb	/project2/rohs_102/shewchuk/TF-conformation/analysis/analyses/dna_relax/pycurves/egr1/relaxed_state_087
egr1	relaxed	088	/project2/rohs_102/shewchuk/TF-conformation/output/stage3_min_dnarelax/egr1/1aay_state_088.pdb	/project2/rohs_102/shewchuk/TF-conformation/analysis/analyses/dna_relax/pycurves/egr1/relaxed_state_088
egr1	relaxed	089	/project2/rohs_102/shewchuk/TF-conformation/output/stage3_min_dnarelax/egr1/1aay_state_089.pdb	/project2/rohs_102/shewchuk/TF-conformation/analysis/analyses/dna_relax/pycurves/egr1/relaxed_state_089
egr1	relaxed	090	/project2/rohs_102/shewchuk/TF-conformation/output/stage3_min_dnarelax/egr1/1aay_state_090.pdb	/project2/rohs_102/shewchuk/TF-conformation/analysis/analyses/dna_relax/pycurves/egr1/relaxed_state_090
egr1	relaxed	091	/project2/rohs_102/shewchuk/TF-conformation/output/stage3_min_dnarelax/egr1/1aay_state_091.pdb	/project2/rohs_102/shewchuk/TF-conformation/analysis/analyses/dna_relax/pycurves/egr1/relaxed_state_091
egr1	relaxed	092	/project2/rohs_102/shewchuk/TF-conformation/output/stage3_min_dnarelax/egr1/1aay_state_092.pdb	/project2/rohs_102/shewchuk/TF-conformation/analysis/analyses/dna_relax/pycurves/egr1/relaxed_state_092
egr1	relaxed	093	/project2/rohs_102/shewchuk/TF-conformation/output/stage3_min_dnarelax/egr1/1aay_state_093.pdb	/project2/rohs_102/shewchuk/TF-conformation/analysis/analyses/dna_relax/pycurves/egr1/relaxed_state_093
egr1	relaxed	094	/project2/rohs_102/shewchuk/TF-conformation/output/stage3_min_dnarelax/egr1/1aay_state_094.pdb	/project2/rohs_102/shewchuk/TF-conformation/analysis/analyses/dna_relax/pycurves/egr1/relaxed_state_094
egr1	relaxed	095	/project2/rohs_102/shewchuk/TF-conformation/output/stage3_min_dnarelax/egr1/1aay_state_095.pdb	/project2/rohs_102/shewchuk/TF-conformation/analysis/analyses/dna_relax/pycurves/egr1/relaxed_state_095
egr1	relaxed	096	/project2/rohs_102/shewchuk/TF-conformation/output/stage3_min_dnarelax/egr1/1aay_state_096.pdb	/project2/rohs_102/shewchuk/TF-conformation/analysis/analyses/dna_relax/pycurves/egr1/relaxed_state_096
egr1	relaxed	097	/project2/rohs_102/shewchuk/TF-conformation/output/stage3_min_dnarelax/egr1/1aay_state_097.pdb	/project2/rohs_102/shewchuk/TF-conformation/analysis/analyses/dna_relax/pycurves/egr1/relaxed_state_097
egr1	relaxed	098	/project2/rohs_102/shewchuk/TF-conformation/output/stage3_min_dnarelax/egr1/1aay_state_098.pdb	/project2/rohs_102/shewchuk/TF-conformation/analysis/analyses/dna_relax/pycurves/egr1/relaxed_state_098
