variant,pilot,pdb,state,success,init_clash,final_clash,collapse_stage,runtime_s,n_metals,n_clusters,drift_mean,drift_max,final_pe,init_min_d,final_min_d
frozen,foxa,1vtn,1,1,73,0,5,54.3,1,0,,,-36000.0,0.7,2.57
frozen,foxa,1vtn,12,1,118,0,6,487.9,1,0,,,-35800.0,0.34,2.69
frozen,foxa,1vtn,14,1,94,0,5,203.0,1,0,,,-25200.0,0.59,2.55
frozen,foxa,1vtn,15,1,50,0,5,509.8,1,0,,,-36400.0,0.69,2.65
frozen,foxa,1vtn,16,0,18,,,,1,0,,,,0.86,
frozen,foxa,1vtn,17,1,42,0,5,311.5,1,0,,,-36400.0,1.01,2.69
frozen,foxa,1vtn,19,1,213,0,5,583.6,1,0,,,-35000.0,0.56,2.59
frozen,foxa,1vtn,2,1,92,11,,450.7,1,0,,,-26800.0,0.47,2.15
frozen,foxa,1vtn,20,0,67,,,,1,0,,,,0.56,
frozen,foxa,1vtn,21,1,63,10,,360.4,1,0,,,-28900.0,0.42,2.21
frozen,foxa,1vtn,22,1,41,0,5,54.9,1,0,,,-36500.0,0.51,2.54
frozen,foxa,1vtn,23,1,94,0,5,111.3,1,0,,,-35100.0,0.44,2.57
frozen,foxa,1vtn,24,1,161,0,5,134.6,1,0,,,-33900.0,0.56,2.51
frozen,foxa,1vtn,25,0,250,,,,1,0,,,,0.46,
frozen,foxa,1vtn,26,1,190,0,5,222.8,1,0,,,-34700.0,0.56,2.65
frozen,foxa,1vtn,27,1,105,0,5,231.7,1,0,,,-34800.0,0.57,2.53
frozen,foxa,1vtn,28,1,49,0,5,143.2,1,0,,,-36200.0,0.52,2.54
frozen,foxa,1vtn,3,1,44,0,5,188.7,1,0,,,-36600.0,0.34,2.61
frozen,foxa,1vtn,30,1,64,0,5,101.8,1,0,,,-36600.0,0.61,2.55
frozen,foxa,1vtn,31,1,58,0,5,150.5,1,0,,,-36800.0,0.77,2.59
frozen,foxa,1vtn,33,1,139,0,5,548.2,1,0,,,-35500.0,0.53,2.52
frozen,foxa,1vtn,34,1,44,0,5,359.8,1,0,,,-36900.0,0.76,2.59
frozen,foxa,1vtn,36,1,225,22,,162.0,1,0,,,-20000.0,0.52,2.2
frozen,foxa,1vtn,37,0,65,,,,1,0,,,,0.48,
frozen,foxa,1vtn,39,1,82,0,5,64.1,1,0,,,-23700.0,0.39,2.52
frozen,foxa,1vtn,4,1,22,0,5,960.0,1,0,,,-37000.0,1.04,2.59
frozen,foxa,1vtn,40,1,36,0,5,157.5,1,0,,,-36700.0,0.58,2.62
frozen,foxa,1vtn,41,1,43,0,5,91.0,1,0,,,-36500.0,0.25,2.58
frozen,foxa,1vtn,42,1,183,0,5,233.1,1,0,,,-35000.0,0.39,2.56
frozen,foxa,1vtn,43,1,53,0,5,984.4,1,0,,,-36300.0,0.33,2.59
frozen,foxa,1vtn,45,1,33,0,5,469.7,1,0,,,-36800.0,0.6,2.56
frozen,foxa,1vtn,46,1,169,12,,161.6,1,0,,,-28000.0,0.15,2.26
frozen,foxa,1vtn,47,1,175,0,5,351.1,1,0,,,-34400.0,0.57,2.75
frozen,foxa,1vtn,48,0,41,,,,1,0,,,,0.65,
frozen,foxa,1vtn,49,1,59,0,5,327.7,1,0,,,-36000.0,0.44,2.59
frozen,foxa,1vtn,50,1,185,0,5,632.1,1,0,,,-34300.0,0.62,2.64
frozen,foxa,1vtn,51,1,27,0,5,456.4,1,0,,,-36900.0,1.16,2.58
frozen,foxa,1vtn,53,1,128,12,,327.4,1,0,,,-28800.0,0.52,2.28
frozen,foxa,1vtn,54,1,48,0,5,275.3,1,0,,,-36000.0,0.54,2.54
frozen,foxa,1vtn,55,1,38,0,5,49.4,1,0,,,-35800.0,0.57,2.6
frozen,foxa,1vtn,58,1,109,0,5,64.0,1,0,,,-34700.0,0.3,2.58
frozen,foxa,1vtn,59,1,77,0,5,51.1,1,0,,,-36700.0,0.78,2.57
frozen,foxa,1vtn,60,1,205,20,,534.1,1,0,,,-19200.0,0.34,2.12
frozen,foxa,1vtn,61,1,72,0,5,95.3,1,0,,,-36400.0,0.83,2.58
frozen,foxa,1vtn,62,1,190,10,,205.1,1,0,,,-25100.0,0.19,2.02
frozen,foxa,1vtn,63,1,77,0,5,394.6,1,0,,,-36200.0,0.64,2.61
frozen,foxa,1vtn,64,1,76,0,5,362.5,1,0,,,-36100.0,0.78,2.59
frozen,foxa,1vtn,65,0,98,,,,1,0,,,,0.51,
frozen,foxa,1vtn,67,1,39,0,5,66.0,1,0,,,-36900.0,0.57,2.58
frozen,foxa,1vtn,68,1,35,0,,636.2,1,0,,,-36600.0,1.13,2.59
frozen,foxa,1vtn,69,1,17,0,5,210.4,1,0,,,-36900.0,0.61,2.58
frozen,foxa,1vtn,70,1,190,20,,236.5,1,0,,,-14100.0,0.18,2.13
frozen,foxa,1vtn,71,1,40,0,5,288.4,1,0,,,-36900.0,0.87,2.59
frozen,foxa,1vtn,72,0,83,,,,1,0,,,,0.54,
frozen,foxa,1vtn,73,0,44,,,,1,0,,,,0.89,
frozen,foxa,1vtn,75,1,76,0,5,491.4,1,0,,,-36400.0,0.25,2.56
frozen,foxa,1vtn,76,1,156,0,5,157.8,1,0,,,-35600.0,0.47,2.56
frozen,foxa,1vtn,77,1,180,12,,331.8,1,0,,,-27900.0,0.35,2.27
frozen,foxa,1vtn,78,1,152,10,,290.8,1,0,,,-27200.0,0.53,2.24
frozen,foxa,1vtn,79,1,41,10,,343.1,1,0,,,-27900.0,0.54,2.16
frozen,foxa,1vtn,8,1,77,16,,34.2,1,0,,,-23600.0,0.65,2.08
frozen,foxa,1vtn,80,0,9,,,,1,0,,,,1.5,
frozen,foxa,1vtn,81,0,35,,,,1,0,,,,0.85,
frozen,foxa,1vtn,82,0,273,,,,1,0,,,,0.31,
frozen,foxa,1vtn,83,1,78,0,5,82.3,1,0,,,-36500.0,0.54,2.54
frozen,foxa,1vtn,84,1,40,0,5,346.2,1,0,,,-36600.0,0.92,2.6
frozen,foxa,1vtn,87,1,51,0,5,248.4,1,0,,,-36500.0,0.75,2.54
frozen,foxa,1vtn,88,1,9,11,,915.0,1,0,,,-20200000.0,1.82,0.96
frozen,foxa,1vtn,89,1,58,0,5,175.9,1,0,,,-36300.0,0.51,2.58
frozen,foxa,1vtn,9,1,104,0,5,581.3,1,0,,,-35900.0,0.87,2.6
frozen,foxa,1vtn,90,1,57,0,5,299.2,1,0,,,-36200.0,0.82,2.55
frozen,foxa,1vtn,91,1,194,17,,250.6,1,0,,,-24000.0,0.18,2.13
frozen,foxa,1vtn,92,1,40,0,5,169.6,1,0,,,-36500.0,0.72,2.61
frozen,egr1,1aay,1,1,24,0,5,47.9,3,2,0.1,0.39,-39300.0,0.88,2.71
frozen,egr1,1aay,10,1,7,0,5,31.9,3,3,0.12,0.26,-39500.0,1.98,2.67
frozen,egr1,1aay,11,1,58,0,5,75.5,3,3,0.14,0.35,-39400.0,0.31,2.71
frozen,egr1,1aay,12,1,68,0,5,234.5,3,2,0.11,0.26,-39100.0,0.44,2.57
frozen,egr1,1aay,13,1,75,0,5,403.5,3,2,0.25,0.84,-39100.0,0.8,2.52
frozen,egr1,1aay,14,1,44,0,5,429.0,3,2,0.12,0.26,-39500.0,0.22,2.53
frozen,egr1,1aay,16,1,62,12,,117.5,3,2,0.16,0.23,-30700.0,1.05,2.21
frozen,egr1,1aay,17,1,58,12,,105.2,3,3,0.09,0.3,-30700.0,0.56,2.21
frozen,egr1,1aay,18,1,40,36,,398.0,3,3,0.04,0.09,-10200000.0,1.35,0.96
frozen,egr1,1aay,19,1,52,0,5,44.8,3,3,0.1,0.23,-39300.0,0.73,2.67
frozen,egr1,1aay,2,1,44,0,5,114.1,3,3,0.12,0.27,-39600.0,1.14,2.55
frozen,egr1,1aay,20,1,22,0,5,91.0,3,3,0.09,0.32,-39300.0,1.6,2.73
frozen,egr1,1aay,21,1,26,0,5,316.4,3,3,0.12,0.23,-39400.0,1.19,2.66
frozen,egr1,1aay,22,1,27,0,5,42.9,3,3,0.08,0.23,-39500.0,1.26,2.71
frozen,egr1,1aay,23,0,58,,,,3,2,,,,0.35,
frozen,egr1,1aay,24,1,36,0,5,42.4,3,3,0.14,0.34,-39400.0,0.61,2.61
frozen,egr1,1aay,25,1,22,0,5,321.5,3,3,0.15,0.31,-39300.0,1.34,2.58
frozen,egr1,1aay,26,1,56,0,5,148.1,3,2,0.12,0.18,-39500.0,0.71,2.53
frozen,egr1,1aay,27,1,128,0,5,136.5,3,2,0.21,0.33,-38900.0,0.22,2.53
frozen,egr1,1aay,28,1,64,12,,384.2,3,3,0.09,0.16,-30800.0,0.64,2.21
frozen,egr1,1aay,29,1,25,0,5,356.8,3,3,0.13,0.3,-39500.0,1.02,2.71
frozen,egr1,1aay,30,0,81,,,,3,2,,,,0.45,
frozen,egr1,1aay,31,1,33,31,,764.2,3,2,0.03,0.06,-85400000.0,1.0,0.96
frozen,egr1,1aay,32,1,18,0,5,26.2,3,2,0.11,0.29,-39500.0,1.4,2.6
frozen,egr1,1aay,33,1,15,0,5,19.6,3,2,0.13,0.4,-39500.0,1.0,2.56
frozen,egr1,1aay,34,0,74,,,,3,2,,,,0.34,
frozen,egr1,1aay,36,1,40,0,5,425.1,3,3,0.12,0.18,-39500.0,0.74,2.49
frozen,egr1,1aay,37,0,38,,,,3,3,,,,0.67,
frozen,egr1,1aay,38,1,35,12,,172.0,3,3,0.12,0.35,-30800.0,0.64,2.21
frozen,egr1,1aay,39,1,68,0,5,81.7,3,3,0.17,0.68,-39100.0,0.73,2.54
frozen,egr1,1aay,40,1,27,0,5,188.0,3,2,0.06,0.08,-39400.0,0.6,2.71
frozen,egr1,1aay,41,1,73,0,5,80.5,3,2,0.1,0.19,-39200.0,0.42,2.54
frozen,egr1,1aay,42,1,19,0,5,571.7,3,3,0.14,0.55,-39600.0,1.15,2.59
frozen,egr1,1aay,43,1,9,0,5,45.1,3,3,0.11,0.31,-39500.0,1.45,2.72
frozen,egr1,1aay,44,1,59,12,,55.9,3,2,0.09,0.23,-30700.0,0.59,2.21
frozen,egr1,1aay,45,0,56,,,,3,0,,,,0.95,
frozen,egr1,1aay,46,1,8,0,5,102.6,3,2,0.07,0.2,-39600.0,1.72,2.61
frozen,egr1,1aay,47,1,48,0,5,95.5,3,3,0.09,0.26,-39400.0,0.68,2.64
frozen,egr1,1aay,48,0,64,,,,3,2,,,,0.6,
frozen,egr1,1aay,49,1,100,12,,119.9,3,2,0.1,0.2,-30000.0,0.43,2.22
frozen,egr1,1aay,5,1,55,0,6,254.5,3,3,0.16,0.23,-39200.0,0.77,2.68
frozen,egr1,1aay,50,0,56,,,,3,2,,,,0.74,
frozen,egr1,1aay,51,1,38,0,5,47.0,3,3,0.13,0.26,-39500.0,1.58,2.48
frozen,egr1,1aay,52,1,52,0,5,424.4,3,2,0.15,0.27,-39200.0,0.27,2.53
frozen,egr1,1aay,53,1,47,0,5,97.9,3,2,0.14,0.26,-39400.0,0.38,2.53
frozen,egr1,1aay,54,0,25,,,,3,3,,,,1.17,
frozen,egr1,1aay,55,1,41,0,5,35.4,3,2,0.17,0.39,-39400.0,0.89,2.53
frozen,egr1,1aay,56,1,15,0,5,155.8,3,2,0.07,0.18,-39400.0,1.36,2.56
frozen,egr1,1aay,57,1,79,12,,230.0,3,2,0.15,0.35,-30300.0,0.54,2.21
frozen,egr1,1aay,58,1,30,0,5,58.6,3,3,0.1,0.31,-39400.0,0.51,2.71
frozen,egr1,1aay,59,1,55,0,5,227.4,3,2,0.16,0.34,-39400.0,0.4,2.57
frozen,egr1,1aay,6,1,59,0,5,227.5,3,2,0.14,0.26,-39100.0,0.61,2.62
frozen,egr1,1aay,60,1,83,0,5,28.7,3,0,,,-38700.0,0.69,2.52
frozen,egr1,1aay,61,1,101,0,5,445.7,3,2,0.14,0.34,-39100.0,0.45,2.55
frozen,egr1,1aay,62,1,25,19,,446.9,3,3,0.08,0.18,2210000.0,0.98,1.34
frozen,egr1,1aay,63,1,33,0,5,456.4,3,3,0.15,0.47,-39500.0,0.21,2.73
frozen,egr1,1aay,64,1,30,0,5,330.2,3,2,0.09,0.27,-39500.0,0.9,2.61
frozen,egr1,1aay,65,1,50,10,,499.9,3,2,0.12,0.2,-28200.0,0.39,2.16
frozen,egr1,1aay,66,1,47,0,5,342.1,3,2,0.1,0.23,-39600.0,0.77,2.72
frozen,egr1,1aay,67,1,32,0,5,113.7,3,3,0.12,0.28,-39600.0,0.67,2.68
frozen,egr1,1aay,68,1,56,0,5,176.4,3,2,0.1,0.16,-39300.0,0.54,2.54
frozen,egr1,1aay,7,1,79,0,5,45.5,3,2,0.12,0.33,-39400.0,0.25,2.54
frozen,egr1,1aay,71,1,20,0,5,53.6,3,3,0.12,0.3,-39700.0,0.85,2.68
frozen,egr1,1aay,73,0,45,,,,3,3,,,,0.59,
frozen,egr1,1aay,74,1,40,0,5,57.3,3,3,0.11,0.25,-39700.0,1.0,2.63
frozen,egr1,1aay,76,1,44,0,5,205.7,3,2,0.17,0.26,-39200.0,0.7,2.66
frozen,egr1,1aay,77,1,44,0,5,38.1,3,3,0.13,0.28,-39500.0,1.17,2.72
frozen,egr1,1aay,78,1,35,0,5,79.0,3,3,0.12,0.24,-39500.0,0.96,2.64
frozen,egr1,1aay,79,1,92,0,5,72.0,3,2,0.09,0.27,-38700.0,0.85,2.6
frozen,egr1,1aay,8,1,24,0,5,165.0,3,3,0.09,0.26,-39400.0,1.44,2.52
frozen,egr1,1aay,80,1,16,0,5,240.1,3,2,0.09,0.25,-39500.0,1.07,2.57
frozen,egr1,1aay,81,1,24,0,5,216.1,3,3,0.12,0.28,-39300.0,1.09,2.54
frozen,egr1,1aay,83,1,64,0,5,89.3,3,0,,,-38700.0,0.35,2.71
frozen,egr1,1aay,84,1,17,0,5,174.8,3,3,0.1,0.26,-39500.0,1.28,2.66
frozen,egr1,1aay,85,1,56,0,5,73.6,3,2,0.1,0.16,-39300.0,0.95,2.51
frozen,egr1,1aay,86,1,52,0,5,297.4,3,2,0.11,0.34,-39200.0,0.59,2.61
frozen,egr1,1aay,87,1,53,0,5,88.7,3,2,0.14,0.21,-39300.0,0.67,2.66
frozen,egr1,1aay,88,1,26,0,5,183.4,3,2,0.13,0.38,-39400.0,0.26,2.71
frozen,egr1,1aay,89,1,8,0,5,151.9,3,2,0.17,0.29,-39500.0,1.15,2.74
frozen,egr1,1aay,9,1,18,0,5,75.1,3,3,0.13,0.26,-39400.0,1.2,2.67
frozen,egr1,1aay,90,1,52,0,5,143.8,3,3,0.11,0.24,-39200.0,0.76,2.62
frozen,egr1,1aay,91,0,40,,,,3,2,,,,0.65,
frozen,egr1,1aay,92,0,61,,,825.1,3,2,0.03,0.05,,0.41,
frozen,egr1,1aay,93,1,26,0,5,64.1,3,2,0.11,0.26,-39600.0,0.82,2.59
frozen,egr1,1aay,94,1,46,12,,390.8,3,3,0.11,0.31,-30800.0,0.63,2.21
frozen,egr1,1aay,95,1,16,0,5,238.5,3,2,0.17,0.37,-39300.0,1.44,2.67
frozen,egr1,1aay,96,1,27,0,5,331.7,3,2,0.12,0.26,-39400.0,0.3,2.7
frozen,egr1,1aay,97,1,49,0,5,45.6,3,3,0.1,0.45,-39200.0,0.7,2.63
frozen,egr1,1aay,98,1,78,0,5,379.3,3,2,0.1,0.31,-39400.0,0.74,2.56
frozen,tbp,1tgh,1,1,23,0,5,1497.6,0,0,,,-46500.0,0.61,2.57
frozen,tbp,1tgh,10,1,33,0,5,534.6,0,0,,,-45900.0,0.76,2.64
frozen,tbp,1tgh,11,1,44,0,5,156.1,0,0,,,-45400.0,0.62,2.54
frozen,tbp,1tgh,12,1,23,0,6,396.3,0,0,,,-46400.0,1.08,2.58
frozen,tbp,1tgh,13,1,18,0,5,368.5,0,0,,,-46100.0,1.08,2.67
frozen,tbp,1tgh,14,1,27,0,5,686.7,0,0,,,-46200.0,0.59,2.62
frozen,tbp,1tgh,15,1,72,0,5,217.4,0,0,,,-45200.0,0.75,2.57
frozen,tbp,1tgh,16,1,28,0,5,144.5,0,0,,,-46300.0,0.59,2.71
frozen,tbp,1tgh,17,1,35,0,5,69.8,0,0,,,-46600.0,0.6,2.57
frozen,tbp,1tgh,18,1,20,0,5,1801.0,0,0,,,-45900.0,0.73,2.65
frozen,tbp,1tgh,19,1,138,0,5,1091.6,0,0,,,-45100.0,0.19,2.57
frozen,tbp,1tgh,2,1,25,0,5,264.6,0,0,,,-46100.0,0.88,2.58
frozen,tbp,1tgh,20,1,31,0,5,59.4,0,0,,,-46100.0,0.93,2.54
frozen,tbp,1tgh,21,1,42,0,5,337.5,0,0,,,-46000.0,0.71,2.57
frozen,tbp,1tgh,22,1,23,0,5,530.3,0,0,,,-45900.0,1.18,2.76
frozen,tbp,1tgh,23,0,15,,,,0,0,,,,1.7,
frozen,tbp,1tgh,24,1,6,0,5,308.8,0,0,,,-46600.0,1.24,2.6
frozen,tbp,1tgh,25,1,34,0,5,246.3,0,0,,,-46400.0,0.94,2.57
frozen,tbp,1tgh,26,1,10,0,5,493.6,0,0,,,-46500.0,1.82,2.58
frozen,tbp,1tgh,27,0,39,,,,0,0,,,,0.95,
frozen,tbp,1tgh,28,1,15,0,5,166.9,0,0,,,-46200.0,0.66,2.58
frozen,tbp,1tgh,29,1,31,0,5,233.4,0,0,,,-46300.0,0.47,2.57
frozen,tbp,1tgh,3,1,15,0,5,211.7,0,0,,,-46600.0,0.72,2.57
frozen,tbp,1tgh,30,1,14,0,5,130.1,0,0,,,-46000.0,0.85,2.6
frozen,tbp,1tgh,31,1,43,10,,345.0,0,0,,,-38100.0,0.68,2.28
frozen,tbp,1tgh,32,1,39,0,5,133.2,0,0,,,-46100.0,0.46,2.56
frozen,tbp,1tgh,33,1,49,0,5,717.6,0,0,,,-46200.0,0.74,2.54
frozen,tbp,1tgh,34,1,56,0,5,132.1,0,0,,,-46400.0,0.76,2.57
frozen,tbp,1tgh,35,1,5,0,5,929.8,0,0,,,-46400.0,1.54,2.57
frozen,tbp,1tgh,36,1,32,0,5,412.3,0,0,,,-45700.0,0.84,2.58
frozen,tbp,1tgh,37,1,8,0,5,42.1,0,0,,,-46400.0,1.56,2.57
frozen,tbp,1tgh,38,1,13,0,5,408.2,0,0,,,-46300.0,1.48,2.72
frozen,tbp,1tgh,39,1,42,0,5,270.5,0,0,,,-46000.0,0.55,2.59
frozen,tbp,1tgh,4,1,27,0,5,301.0,0,0,,,-46400.0,0.99,2.58
frozen,tbp,1tgh,40,1,29,0,5,939.7,0,0,,,-45900.0,0.84,2.68
frozen,tbp,1tgh,41,1,29,0,5,184.0,0,0,,,-46300.0,0.86,2.58
frozen,tbp,1tgh,42,1,150,0,5,923.5,0,0,,,-44300.0,0.2,2.55
frozen,tbp,1tgh,43,1,24,0,5,526.7,0,0,,,-46200.0,1.3,2.62
frozen,tbp,1tgh,44,1,22,0,5,670.5,0,0,,,-46100.0,0.97,2.56
frozen,tbp,1tgh,45,1,18,0,5,479.0,0,0,,,-45900.0,1.34,2.59
frozen,tbp,1tgh,46,1,27,0,5,614.0,0,0,,,-46100.0,0.87,2.56
frozen,tbp,1tgh,47,1,24,0,5,112.2,0,0,,,-46100.0,0.79,2.57
frozen,tbp,1tgh,48,1,25,0,5,458.1,0,0,,,-46200.0,0.86,2.6
frozen,tbp,1tgh,49,1,77,0,5,315.3,0,0,,,-45900.0,0.91,2.57
frozen,tbp,1tgh,5,1,49,0,5,151.3,0,0,,,-45500.0,0.97,2.66
frozen,tbp,1tgh,50,1,71,0,5,104.9,0,0,,,-45900.0,0.42,2.59
frozen,tbp,1tgh,51,1,10,0,5,1023.7,0,0,,,-46000.0,0.77,2.55
frozen,tbp,1tgh,52,0,23,,,,0,0,,,,1.71,
frozen,tbp,1tgh,53,1,24,0,5,328.4,0,0,,,-46200.0,0.41,2.61
frozen,tbp,1tgh,54,1,31,0,5,411.6,0,0,,,-46200.0,0.81,2.63
frozen,tbp,1tgh,55,1,22,0,5,316.9,0,0,,,-46400.0,0.66,2.61
frozen,tbp,1tgh,56,1,31,0,5,1165.0,0,0,,,-45400.0,1.18,2.63
frozen,tbp,1tgh,57,1,24,0,5,96.0,0,0,,,-46400.0,1.1,2.6
frozen,tbp,1tgh,58,1,12,0,5,450.8,0,0,,,-46000.0,1.23,2.59
frozen,tbp,1tgh,59,1,25,0,5,850.7,0,0,,,-46100.0,0.4,2.52
frozen,tbp,1tgh,6,1,6,0,5,519.2,0,0,,,-45900.0,1.45,2.75
frozen,tbp,1tgh,60,1,10,0,5,847.4,0,0,,,-46400.0,1.45,2.58
frozen,tbp,1tgh,61,1,22,0,5,483.8,0,0,,,-46300.0,0.78,2.71
frozen,tbp,1tgh,62,1,52,0,5,742.8,0,0,,,-45200.0,0.64,2.52
frozen,tbp,1tgh,63,1,40,0,5,72.0,0,0,,,-46100.0,0.81,2.54
frozen,tbp,1tgh,64,0,19,,,,0,0,,,,0.67,
frozen,tbp,1tgh,65,1,16,0,5,692.8,0,0,,,-45800.0,1.1,2.7
frozen,tbp,1tgh,66,1,21,0,5,161.9,0,0,,,-46200.0,0.69,2.58
frozen,tbp,1tgh,67,1,59,0,5,100.7,0,0,,,-38000.0,0.69,2.6
frozen,tbp,1tgh,68,1,9,0,5,1485.0,0,0,,,-46200.0,1.39,2.58
frozen,tbp,1tgh,69,1,7,0,5,176.8,0,0,,,-46600.0,1.59,2.58
frozen,tbp,1tgh,7,1,25,0,5,230.1,0,0,,,-46100.0,0.85,2.59
frozen,tbp,1tgh,70,1,15,0,5,78.4,0,0,,,-46500.0,0.83,2.59
frozen,tbp,1tgh,71,1,42,0,5,311.1,0,0,,,-45900.0,0.3,2.54
frozen,tbp,1tgh,72,1,36,0,5,120.4,0,0,,,-45800.0,0.92,2.77
frozen,tbp,1tgh,73,1,31,0,5,275.6,0,0,,,-45900.0,0.53,2.55
frozen,tbp,1tgh,74,1,15,0,5,1250.2,0,0,,,-46000.0,1.11,2.6
frozen,tbp,1tgh,75,1,39,0,5,661.3,0,0,,,-46000.0,0.57,2.59
frozen,tbp,1tgh,76,1,21,0,5,63.9,0,0,,,-46100.0,0.45,2.57
frozen,tbp,1tgh,77,1,24,0,5,482.6,0,0,,,-46500.0,0.82,2.58
frozen,tbp,1tgh,78,1,68,0,5,1348.1,0,0,,,-45800.0,0.57,2.55
frozen,tbp,1tgh,79,1,22,0,5,395.7,0,0,,,-45600.0,1.03,2.67
frozen,tbp,1tgh,8,1,28,0,5,536.6,0,0,,,-46300.0,1.15,2.68
frozen,tbp,1tgh,81,1,28,0,5,618.6,0,0,,,-46500.0,1.08,2.54
frozen,tbp,1tgh,82,0,31,,,,0,0,,,,1.48,
frozen,tbp,1tgh,83,1,14,0,5,222.4,0,0,,,-46000.0,1.55,2.57
frozen,tbp,1tgh,84,1,32,0,5,104.3,0,0,,,-46500.0,0.36,2.55
frozen,tbp,1tgh,85,0,33,,,,0,0,,,,0.84,
frozen,tbp,1tgh,86,0,23,,,,0,0,,,,0.86,
frozen,tbp,1tgh,87,1,11,0,5,63.8,0,0,,,-46500.0,1.24,2.53
frozen,tbp,1tgh,88,1,40,0,5,1786.7,0,0,,,-46100.0,0.84,2.67
frozen,tbp,1tgh,89,1,25,0,5,168.2,0,0,,,-46200.0,1.02,2.6
frozen,tbp,1tgh,9,1,19,0,5,115.1,0,0,,,-46500.0,0.23,2.59
frozen,tbp,1tgh,90,1,99,0,5,357.7,0,0,,,-45600.0,0.21,2.58
frozen,tbp,1tgh,91,1,40,0,5,374.5,0,0,,,-45500.0,1.07,2.6
frozen,tbp,1tgh,92,1,26,0,5,600.3,0,0,,,-45900.0,0.84,2.58
frozen,tbp,1tgh,93,1,25,0,5,1565.5,0,0,,,-46200.0,0.29,2.6
frozen,tbp,1tgh,94,1,23,0,5,91.5,0,0,,,-46100.0,0.85,2.57
frozen,tbp,1tgh,95,1,20,0,5,395.5,0,0,,,-46300.0,1.24,2.58
frozen,tbp,1tgh,96,0,73,,,,0,0,,,,0.43,
frozen,tbp,1tgh,97,1,34,0,5,866.2,0,0,,,-46100.0,0.42,2.57
frozen,lef1,2lef,1,1,193,0,6,33.8,0,0,,,-41800.0,0.36,2.59
frozen,lef1,2lef,10,1,432,0,5,284.0,0,0,,,-37400.0,0.26,2.65
frozen,lef1,2lef,11,1,171,11,,67.7,0,0,,,-29800.0,0.52,2.15
frozen,lef1,2lef,12,1,102,0,5,173.5,0,0,,,-41600.0,0.66,2.54
frozen,lef1,2lef,13,0,243,,,,0,0,,,,0.15,
frozen,lef1,2lef,14,0,172,,,,0,0,,,,0.32,
frozen,lef1,2lef,15,1,910,54,,268.6,0,0,,,4070.0,0.27,2.23
frozen,lef1,2lef,16,1,401,0,5,109.4,0,0,,,-38500.0,0.4,2.6
frozen,lef1,2lef,17,1,261,12,5,598.2,0,0,,,-32800.0,0.4,2.29
frozen,lef1,2lef,18,0,225,,,,0,0,,,,0.44,
frozen,lef1,2lef,19,1,299,10,5,667.5,0,0,,,-32500.0,0.22,2.24
frozen,lef1,2lef,2,1,128,10,,249.7,0,0,,,-34400.0,0.35,2.19
frozen,lef1,2lef,20,1,136,12,,536.3,0,0,,,-28300.0,0.32,2.17
frozen,lef1,2lef,21,0,212,,,,0,0,,,,0.18,
frozen,lef1,2lef,22,1,188,11,,83.0,0,0,,,-30900.0,0.4,2.01
frozen,lef1,2lef,23,1,230,23,,490.5,0,0,,,-21100.0,0.13,2.12
frozen,lef1,2lef,24,0,229,,,,0,0,,,,0.25,
frozen,lef1,2lef,25,1,81,0,5,64.2,0,0,,,-42100.0,0.56,2.67
frozen,lef1,2lef,26,1,270,12,5,897.5,0,0,,,-30900.0,0.5,2.11
frozen,lef1,2lef,27,1,271,32,,264.7,0,0,,,-16000.0,0.3,2.14
frozen,lef1,2lef,28,0,179,,,,0,0,,,,0.36,
frozen,lef1,2lef,29,1,289,0,5,296.8,0,0,,,-39200.0,0.2,2.63
frozen,lef1,2lef,3,1,197,0,5,254.4,0,0,,,-41100.0,0.11,2.55
frozen,lef1,2lef,30,1,140,0,5,56.7,0,0,,,-41600.0,0.51,2.63
frozen,lef1,2lef,31,1,433,34,,370.6,0,0,,,-18300.0,0.34,2.17
frozen,lef1,2lef,32,1,280,10,5,187.9,0,0,,,-32500.0,0.4,2.2
frozen,lef1,2lef,33,1,344,22,,257.5,0,0,,,-20000.0,0.1,2.14
frozen,lef1,2lef,34,1,128,0,5,434.2,0,0,,,-41300.0,0.27,2.52
frozen,lef1,2lef,35,1,212,0,5,292.3,0,0,,,-40600.0,0.22,2.64
frozen,lef1,2lef,36,1,213,0,5,307.4,0,0,,,-39000.0,0.17,2.51
frozen,lef1,2lef,37,1,151,10,,144.7,0,0,,,-35000.0,0.52,2.2
frozen,lef1,2lef,38,1,233,21,,100.1,0,0,,,-24100.0,0.29,2.14
frozen,lef1,2lef,39,1,105,0,5,88.8,0,0,,,-41700.0,0.64,2.58
frozen,lef1,2lef,4,1,556,10,5,275.6,0,0,,,-20900.0,0.17,2.2
frozen,lef1,2lef,40,1,237,10,5,164.2,0,0,,,-32300.0,0.48,2.18
frozen,lef1,2lef,41,0,160,,,,0,0,,,,0.59,
frozen,lef1,2lef,42,1,412,11,5,487.3,0,0,,,-29800.0,0.37,2.25
frozen,lef1,2lef,43,1,27,0,5,39.0,0,0,,,-42500.0,0.52,2.73
frozen,lef1,2lef,44,1,619,54,,229.6,0,0,,,827.0,0.24,2.11
frozen,lef1,2lef,45,0,423,,,,0,0,,,,0.21,
frozen,lef1,2lef,46,1,199,8,5,223.6,0,0,,,-32000.0,0.34,2.17
frozen,lef1,2lef,47,1,292,22,,139.7,0,0,,,-21300.0,0.41,2.1
frozen,lef1,2lef,48,1,247,0,5,189.2,0,0,,,-41000.0,0.32,2.65
frozen,lef1,2lef,49,1,73,0,5,377.8,0,0,,,-42600.0,0.45,2.54
frozen,lef1,2lef,5,1,564,51,,266.3,0,0,,,-3320.0,0.36,2.04
frozen,lef1,2lef,50,0,558,,,,0,0,,,,0.21,
frozen,lef1,2lef,51,1,260,0,5,157.7,0,0,,,-40800.0,0.35,2.6
frozen,lef1,2lef,52,1,251,0,5,241.5,0,0,,,-41100.0,0.33,2.57
frozen,lef1,2lef,53,0,275,,,,0,0,,,,0.51,
frozen,lef1,2lef,54,1,210,0,5,296.5,0,0,,,-41100.0,0.39,2.67
frozen,lef1,2lef,55,1,158,0,5,319.1,0,0,,,-41100.0,0.6,2.6
frozen,lef1,2lef,56,1,38,0,5,44.8,0,0,,,-43000.0,0.8,2.58
frozen,lef1,2lef,57,1,150,0,5,415.0,0,0,,,-39500.0,0.38,2.49
frozen,lef1,2lef,58,1,273,11,5,162.1,0,0,,,-29100.0,0.37,2.1
frozen,lef1,2lef,59,1,301,13,5,463.2,0,0,,,-30500.0,0.19,2.21
frozen,lef1,2lef,6,0,97,,,,0,0,,,,0.5,
frozen,lef1,2lef,60,0,141,,,,0,0,,,,0.51,
frozen,lef1,2lef,61,1,211,12,,115.9,0,0,,,-34400.0,0.41,2.28
frozen,lef1,2lef,62,1,391,36,,520.2,0,0,,,-12100.0,0.2,2.19
frozen,lef1,2lef,63,1,133,0,5,408.8,0,0,,,-42800.0,0.28,2.66
frozen,lef1,2lef,64,1,591,12,5,330.3,0,0,,,-28000.0,0.38,2.26
frozen,lef1,2lef,65,1,195,0,5,495.7,0,0,,,-39900.0,0.51,2.54
frozen,lef1,2lef,66,1,382,20,,209.0,0,0,,,-20000.0,0.31,2.06
frozen,lef1,2lef,67,1,88,0,5,36.1,0,0,,,-42900.0,0.31,2.59
frozen,lef1,2lef,68,1,46,0,5,296.5,0,0,,,-42900.0,0.77,2.76
frozen,lef1,2lef,69,1,73,0,5,222.8,0,0,,,-43000.0,0.75,2.6
frozen,lef1,2lef,7,1,391,6,5,122.6,0,0,,,-31200.0,0.23,2.26
frozen,lef1,2lef,70,1,227,30,,405.8,0,0,,,-19200.0,0.33,2.13
frozen,lef1,2lef,71,1,188,32,,190.0,0,0,,,-22000.0,0.21,2.11
frozen,lef1,2lef,72,0,377,,,,0,0,,,,0.49,
frozen,lef1,2lef,73,1,216,10,5,56.4,0,0,,,-34200.0,0.21,2.22
frozen,lef1,2lef,74,1,114,0,5,837.4,0,0,,,-42000.0,0.44,2.59
frozen,lef1,2lef,75,1,135,0,5,220.0,0,0,,,-42300.0,0.54,2.61
frozen,lef1,2lef,76,1,51,0,5,746.7,0,0,,,-42900.0,0.39,2.64
frozen,lef1,2lef,77,1,259,0,5,101.7,0,0,,,-39600.0,0.34,2.57
frozen,lef1,2lef,78,1,288,12,5,106.8,0,0,,,-32700.0,0.33,2.29
frozen,lef1,2lef,79,1,328,15,5,221.0,0,0,,,-25400.0,0.3,2.18
frozen,lef1,2lef,8,1,224,0,5,249.9,0,0,,,-40200.0,0.41,2.58
frozen,lef1,2lef,80,1,28,0,5,122.3,0,0,,,-42800.0,0.57,2.55
frozen,lef1,2lef,81,1,161,0,5,275.0,0,0,,,-42400.0,0.28,2.69
frozen,lef1,2lef,82,1,94,0,5,113.6,0,0,,,-42200.0,0.56,2.69
frozen,lef1,2lef,83,1,126,12,,120.1,0,0,,,-33300.0,0.3,2.22
frozen,lef1,2lef,84,1,250,0,5,130.4,0,0,,,-41400.0,0.33,2.57
frozen,lef1,2lef,85,1,91,21,,225.3,0,0,,,-25000.0,0.21,2.16
frozen,lef1,2lef,86,1,115,0,5,293.8,0,0,,,-41400.0,0.74,2.51
frozen,lef1,2lef,87,1,244,0,5,88.8,0,0,,,-39600.0,0.39,2.49
frozen,lef1,2lef,88,1,184,0,5,80.0,0,0,,,-39100.0,0.52,2.53
frozen,lef1,2lef,89,1,318,10,5,711.2,0,0,,,-33200.0,0.22,2.18
frozen,lef1,2lef,9,1,137,0,5,188.9,0,0,,,-41100.0,0.41,2.63
frozen,egr1,1aay,15,1,27,0,5,48.4,3,3,0.1,0.27,-39300.0,0.62,2.66
frozen,egr1,1aay,3,1,98,0,5,203.9,3,0,,,-37700.0,0.6,2.59
frozen,egr1,1aay,35,1,28,0,5,191.5,3,0,,,-39100.0,0.97,2.6
frozen,egr1,1aay,4,1,57,10,,21.1,3,1,0.28,0.59,-30300.0,0.44,2.14
frozen,egr1,1aay,69,1,487,21,5,85.8,3,0,,,-10200.0,0.21,2.14
frozen,egr1,1aay,70,1,118,0,6,453.5,3,1,0.25,0.25,-38400.0,0.23,2.61
frozen,egr1,1aay,72,0,156,,,,3,0,,,,0.43,
frozen,egr1,1aay,75,1,11,0,5,225.3,3,2,0.13,0.32,-39500.0,1.34,2.61
frozen,egr1,1aay,82,1,283,32,,178.0,3,0,,,-12600.0,0.28,2.16
frozen,foxa,1vtn,10,1,418,22,,117.9,1,0,,,-9540.0,0.36,2.1
frozen,foxa,1vtn,11,1,297,18,,577.7,1,0,,,-23100.0,0.27,2.12
frozen,foxa,1vtn,13,1,212,12,6,383.5,1,0,,,-27000.0,0.32,2.27
frozen,foxa,1vtn,18,0,282,,,,1,0,,,,0.51,
frozen,foxa,1vtn,29,1,63,0,5,441.3,1,0,,,-36200.0,0.57,2.72
frozen,foxa,1vtn,32,0,221,,,,1,0,,,,0.36,
frozen,foxa,1vtn,35,1,354,0,5,599.7,1,0,,,-32300.0,0.2,2.65
frozen,foxa,1vtn,38,1,73,0,5,72.6,1,0,,,-34700.0,0.65,2.56
frozen,foxa,1vtn,44,1,148,19,,539.1,1,0,,,-26100.0,0.31,2.13
frozen,foxa,1vtn,5,1,247,17,,185.6,1,0,,,-19300.0,0.24,2.16
frozen,foxa,1vtn,52,1,97,10,,384.9,1,0,,,-29000.0,0.37,2.22
frozen,foxa,1vtn,56,1,177,0,5,243.4,1,0,,,-33200.0,0.26,2.56
frozen,foxa,1vtn,57,0,225,,,,1,0,,,,0.48,
frozen,foxa,1vtn,6,1,121,20,,894.7,1,0,,,-25500.0,0.59,2.13
frozen,foxa,1vtn,66,0,279,,,,1,0,,,,0.29,
frozen,foxa,1vtn,7,1,57,0,5,96.2,1,0,,,-36700.0,0.58,2.58
frozen,foxa,1vtn,74,0,216,,,,1,0,,,,0.55,
frozen,foxa,1vtn,85,1,62,0,5,777.7,1,0,,,-36000.0,0.2,2.59
frozen,foxa,1vtn,86,1,333,18,,521.5,1,0,,,-15600.0,0.47,2.19
frozen,ets1,1k79,1,1,67,0,6,41.6,0,0,,,-42700.0,0.84,2.58
frozen,ets1,1k79,10,1,55,0,5,183.3,0,0,,,-42900.0,0.54,2.55
frozen,ets1,1k79,100,1,48,0,5,228.1,0,0,,,-42600.0,0.47,2.58
frozen,ets1,1k79,11,1,49,0,5,40.7,0,0,,,-42900.0,1.01,2.57
frozen,ets1,1k79,12,0,49,,,,0,0,,,,0.59,
frozen,ets1,1k79,13,1,42,0,5,137.2,0,0,,,-43200.0,0.88,2.53
frozen,ets1,1k79,14,1,60,0,5,206.5,0,0,,,-32000.0,0.53,2.54
frozen,ets1,1k79,15,0,48,,,,0,0,,,,0.84,
frozen,ets1,1k79,16,1,47,11,,253.3,0,0,,,-34500.0,0.6,2.13
frozen,ets1,1k79,17,1,65,0,5,336.6,0,0,,,-43100.0,0.43,2.57
frozen,ets1,1k79,18,1,80,11,,133.5,0,0,,,-34100.0,0.51,2.15
frozen,ets1,1k79,19,1,50,0,5,552.8,0,0,,,-42900.0,0.88,2.59
frozen,ets1,1k79,2,1,49,0,5,166.3,0,0,,,-42700.0,0.58,2.56
frozen,ets1,1k79,20,0,66,,,,0,0,,,,1.13,
frozen,ets1,1k79,21,1,57,0,5,336.7,0,0,,,-42500.0,0.3,2.54
frozen,ets1,1k79,22,1,44,0,5,190.0,0,0,,,-43200.0,0.1,2.62
frozen,ets1,1k79,23,1,97,23,,378.5,0,0,,,-22400.0,0.27,2.17
frozen,ets1,1k79,24,1,72,0,5,277.0,0,0,,,-42900.0,0.76,2.58
frozen,ets1,1k79,25,1,58,0,5,66.4,0,0,,,-42800.0,0.72,2.56
frozen,ets1,1k79,26,0,47,,,,0,0,,,,0.93,
frozen,ets1,1k79,27,1,50,0,5,214.9,0,0,,,-43000.0,0.58,2.53
frozen,ets1,1k79,28,0,55,,,,0,0,,,,0.35,
frozen,ets1,1k79,29,1,55,12,,146.8,0,0,,,-23700.0,0.83,2.21
frozen,ets1,1k79,3,1,62,0,5,230.7,0,0,,,-42800.0,0.52,2.61
frozen,ets1,1k79,30,1,65,0,5,94.7,0,0,,,-43300.0,0.36,2.6
frozen,ets1,1k79,31,1,57,0,5,227.0,0,0,,,-43100.0,0.65,2.53
frozen,ets1,1k79,32,1,46,0,5,72.5,0,0,,,-43200.0,0.76,2.53
frozen,ets1,1k79,33,1,62,0,5,373.5,0,0,,,-42700.0,0.64,2.56
frozen,ets1,1k79,34,1,50,0,5,310.2,0,0,,,-42400.0,1.1,2.56
frozen,ets1,1k79,35,1,65,0,5,76.7,0,0,,,-43100.0,0.66,2.54
frozen,ets1,1k79,36,1,50,0,5,452.8,0,0,,,-42300.0,0.71,2.55
frozen,ets1,1k79,37,1,33,0,5,106.0,0,0,,,-32200.0,0.24,2.58
frozen,ets1,1k79,38,1,45,10,,165.2,0,0,,,-31500.0,0.68,2.16
frozen,ets1,1k79,39,1,55,0,5,104.9,0,0,,,-43000.0,0.58,2.52
frozen,ets1,1k79,4,1,87,0,5,194.6,0,0,,,-32100.0,0.68,2.65
frozen,ets1,1k79,40,1,43,0,5,94.1,0,0,,,-42900.0,0.46,2.55
frozen,ets1,1k79,41,1,36,0,5,216.8,0,0,,,-42700.0,1.07,2.7
frozen,ets1,1k79,42,1,41,0,5,274.3,0,0,,,-43200.0,0.57,2.56
frozen,ets1,1k79,43,1,39,0,5,68.5,0,0,,,-43000.0,0.61,2.55
frozen,ets1,1k79,44,1,63,0,5,244.0,0,0,,,-32500.0,0.31,2.6
frozen,ets1,1k79,45,1,47,0,5,483.3,0,0,,,-43100.0,0.44,2.58
frozen,ets1,1k79,46,1,67,0,5,430.9,0,0,,,-42900.0,0.68,2.52
frozen,ets1,1k79,47,1,59,0,5,252.7,0,0,,,-42500.0,0.44,2.52
frozen,ets1,1k79,48,1,48,0,5,310.0,0,0,,,-42800.0,0.46,2.56
frozen,ets1,1k79,49,1,52,0,5,260.8,0,0,,,-42800.0,0.86,2.57
frozen,ets1,1k79,5,1,49,0,5,656.0,0,0,,,-42800.0,0.43,2.57
frozen,ets1,1k79,50,1,51,0,5,115.0,0,0,,,-43200.0,0.36,2.51
frozen,ets1,1k79,51,1,44,0,5,399.4,0,0,,,-42900.0,0.72,2.52
frozen,ets1,1k79,52,1,36,0,5,72.4,0,0,,,-43100.0,0.36,2.55
frozen,ets1,1k79,53,1,53,0,5,177.0,0,0,,,-43000.0,0.73,2.58
frozen,ets1,1k79,54,1,48,0,5,181.1,0,0,,,-42600.0,0.85,2.58
frozen,ets1,1k79,55,0,49,,,,0,0,,,,0.79,
frozen,ets1,1k79,56,1,42,0,5,548.4,0,0,,,-43200.0,1.28,2.57
frozen,ets1,1k79,57,1,52,0,5,277.0,0,0,,,-43100.0,0.45,2.57
frozen,ets1,1k79,58,1,45,0,5,127.9,0,0,,,-43000.0,0.54,2.68
frozen,ets1,1k79,59,0,49,,,,0,0,,,,0.35,
frozen,ets1,1k79,6,1,55,0,5,314.9,0,0,,,-42800.0,0.44,2.57
frozen,ets1,1k79,60,1,51,0,5,66.7,0,0,,,-43000.0,0.73,2.55
frozen,ets1,1k79,61,1,46,0,5,31.7,0,0,,,-42600.0,0.62,2.55
frozen,ets1,1k79,62,1,41,0,5,101.9,0,0,,,-43100.0,0.7,2.6
frozen,ets1,1k79,63,1,46,0,5,36.9,0,0,,,-42800.0,0.95,2.56
frozen,ets1,1k79,64,1,67,0,5,137.7,0,0,,,-43000.0,0.71,2.55
frozen,ets1,1k79,65,1,60,0,5,87.9,0,0,,,-42900.0,0.6,2.52
frozen,ets1,1k79,66,1,38,0,5,22.1,0,0,,,-43100.0,0.71,2.56
frozen,ets1,1k79,67,0,52,,,,0,0,,,,0.88,
frozen,ets1,1k79,68,0,52,,,,0,0,,,,0.43,
frozen,ets1,1k79,69,0,34,,,,0,0,,,,0.75,
frozen,ets1,1k79,7,1,44,0,5,471.9,0,0,,,-42200.0,1.0,2.53
frozen,ets1,1k79,70,1,45,0,5,506.6,0,0,,,-42800.0,0.73,2.54
frozen,ets1,1k79,71,1,65,0,5,296.1,0,0,,,-43000.0,0.63,2.56
frozen,ets1,1k79,72,0,50,,,,0,0,,,,0.96,
frozen,ets1,1k79,73,1,54,0,5,832.1,0,0,,,-42900.0,0.87,2.58
frozen,ets1,1k79,74,1,47,0,5,68.1,0,0,,,-43000.0,0.84,2.56
frozen,ets1,1k79,75,1,41,0,5,431.1,0,0,,,-43100.0,0.97,2.56
frozen,ets1,1k79,76,1,47,0,5,272.3,0,0,,,-42400.0,0.24,2.56
frozen,ets1,1k79,77,1,44,0,5,552.9,0,0,,,-43400.0,0.94,2.59
frozen,ets1,1k79,78,1,49,0,5,1150.3,0,0,,,-43200.0,0.24,2.54
frozen,ets1,1k79,79,1,46,0,5,89.7,0,0,,,-42600.0,0.56,2.53
frozen,ets1,1k79,8,1,60,0,5,59.7,0,0,,,-43000.0,0.79,2.57
frozen,ets1,1k79,80,1,44,0,5,105.3,0,0,,,-43100.0,0.34,2.54
frozen,ets1,1k79,81,1,38,0,5,94.3,0,0,,,-43100.0,0.61,2.59
frozen,ets1,1k79,82,1,44,0,5,289.9,0,0,,,-42900.0,0.88,2.66
frozen,ets1,1k79,83,1,37,0,5,66.1,0,0,,,-32900.0,0.91,2.55
frozen,ets1,1k79,84,1,62,0,5,238.7,0,0,,,-32300.0,0.44,2.59
frozen,ets1,1k79,85,1,43,0,5,687.8,0,0,,,-43000.0,0.85,2.58
frozen,ets1,1k79,86,1,46,0,5,587.0,0,0,,,-43200.0,0.84,2.56
frozen,ets1,1k79,87,1,48,0,5,213.2,0,0,,,-43000.0,0.5,2.58
frozen,ets1,1k79,88,1,62,10,,596.2,0,0,,,-31700.0,0.27,2.16
frozen,ets1,1k79,89,1,66,0,6,419.6,0,0,,,-43100.0,0.76,2.61
frozen,ets1,1k79,9,0,47,,,,0,0,,,,0.7,
frozen,ets1,1k79,90,1,52,0,5,65.9,0,0,,,-42800.0,0.45,2.58
frozen,ets1,1k79,91,1,46,0,5,108.4,0,0,,,-43000.0,0.8,2.57
frozen,ets1,1k79,92,1,58,0,5,515.4,0,0,,,-43100.0,1.09,2.56
frozen,ets1,1k79,93,0,39,,,,0,0,,,,0.65,
frozen,ets1,1k79,94,1,32,0,5,330.6,0,0,,,-43200.0,0.83,2.55
frozen,ets1,1k79,95,1,58,0,5,415.0,0,0,,,-42900.0,0.67,2.55
frozen,ets1,1k79,96,1,52,0,5,293.8,0,0,,,-42900.0,0.18,2.55
frozen,ets1,1k79,97,1,55,0,5,153.2,0,0,,,-42700.0,0.67,2.56
frozen,ets1,1k79,98,1,45,0,5,128.1,0,0,,,-42900.0,0.87,2.55
frozen,ets1,1k79,99,1,64,0,5,213.4,0,0,,,-43100.0,0.77,2.53
frozen,engrailed,3hdd,1,1,4,0,5,70.4,0,0,,,-47500.0,1.61,2.6
frozen,engrailed,3hdd,10,0,54,,,,0,0,,,,0.83,
frozen,engrailed,3hdd,11,1,13,0,5,326.0,0,0,,,-47300.0,0.76,2.74
frozen,engrailed,3hdd,12,1,7,0,5,70.4,0,0,,,-47300.0,1.62,2.76
frozen,engrailed,3hdd,13,1,3,0,5,206.3,0,0,,,-47500.0,1.4,2.58
frozen,engrailed,3hdd,14,1,112,0,5,168.4,0,0,,,-46400.0,0.64,2.67
frozen,engrailed,3hdd,15,1,9,0,5,279.7,0,0,,,-47400.0,1.9,2.74
frozen,engrailed,3hdd,16,1,20,0,5,369.9,0,0,,,-47300.0,1.17,2.71
frozen,engrailed,3hdd,17,1,31,0,5,430.8,0,0,,,-46800.0,0.72,2.69
frozen,engrailed,3hdd,18,1,6,0,5,28.4,0,0,,,-47200.0,0.81,2.62
frozen,engrailed,3hdd,19,1,49,10,,195.4,0,0,,,-38200.0,0.74,2.15
frozen,engrailed,3hdd,2,1,36,0,5,111.7,0,0,,,-46900.0,0.86,2.73
frozen,engrailed,3hdd,20,1,41,0,5,71.0,0,0,,,-47000.0,1.29,2.72
frozen,engrailed,3hdd,21,1,25,0,5,77.4,0,0,,,-47200.0,0.4,2.74
frozen,engrailed,3hdd,22,1,50,0,5,164.5,0,0,,,-47100.0,0.39,2.51
frozen,engrailed,3hdd,23,1,28,0,5,86.8,0,0,,,-47200.0,0.66,2.68
frozen,engrailed,3hdd,24,1,40,0,5,94.9,0,0,,,-47000.0,0.71,2.76
frozen,engrailed,3hdd,25,1,28,0,5,51.2,0,0,,,-47100.0,0.7,2.75
frozen,engrailed,3hdd,26,1,4,0,5,54.4,0,0,,,-47300.0,1.44,2.72
frozen,engrailed,3hdd,27,0,30,,,,0,0,,,,0.57,
frozen,engrailed,3hdd,28,0,19,,,,0,0,,,,0.61,
frozen,engrailed,3hdd,29,1,5,0,5,315.2,0,0,,,-46800.0,1.82,2.69
frozen,engrailed,3hdd,3,1,41,0,5,173.2,0,0,,,-46800.0,1.15,2.75
frozen,engrailed,3hdd,30,1,40,0,5,297.6,0,0,,,-46500.0,0.27,2.68
frozen,engrailed,3hdd,31,1,47,10,,157.4,0,0,,,-39700.0,0.5,2.11
frozen,engrailed,3hdd,32,1,4,0,5,113.9,0,0,,,-47300.0,1.64,2.75
frozen,engrailed,3hdd,33,0,39,,,,0,0,,,,0.67,
frozen,engrailed,3hdd,34,1,39,0,5,63.7,0,0,,,-47200.0,0.73,2.71
frozen,engrailed,3hdd,35,0,24,,,,0,0,,,,1.03,
frozen,engrailed,3hdd,36,0,14,,,,0,0,,,,0.78,
frozen,engrailed,3hdd,37,1,29,0,5,146.6,0,0,,,-47300.0,0.72,2.8
frozen,engrailed,3hdd,38,1,12,0,5,250.4,0,0,,,-47300.0,0.78,2.79
frozen,engrailed,3hdd,39,1,26,0,5,351.0,0,0,,,-47200.0,0.61,2.59
frozen,engrailed,3hdd,4,1,18,0,5,264.3,0,0,,,-47200.0,1.09,2.72
frozen,engrailed,3hdd,40,0,49,,,,0,0,,,,0.6,
frozen,engrailed,3hdd,41,1,53,0,5,181.8,0,0,,,-46700.0,0.52,2.66
frozen,engrailed,3hdd,42,1,21,0,5,332.9,0,0,,,-47000.0,0.71,2.67
frozen,engrailed,3hdd,43,1,63,10,,63.8,0,0,,,-38600.0,0.38,2.2
frozen,engrailed,3hdd,44,1,38,0,5,145.8,0,0,,,-46900.0,0.59,2.71
frozen,engrailed,3hdd,45,1,18,0,5,310.9,0,0,,,-46900.0,0.57,2.51
frozen,engrailed,3hdd,46,1,35,0,5,75.2,0,0,,,-46900.0,0.74,2.77
frozen,engrailed,3hdd,47,1,38,0,5,105.1,0,0,,,-46800.0,0.41,2.65
frozen,engrailed,3hdd,48,1,2,0,1,79.2,0,0,,,-47300.0,2.1,2.72
frozen,engrailed,3hdd,49,0,65,,,,0,0,,,,0.5,
frozen,engrailed,3hdd,5,1,106,0,5,113.5,0,0,,,-46300.0,0.52,2.59
frozen,engrailed,3hdd,50,1,6,0,5,188.1,0,0,,,-47100.0,1.33,2.73
frozen,engrailed,3hdd,51,1,49,0,5,160.6,0,0,,,-46900.0,0.53,2.68
frozen,engrailed,3hdd,52,0,27,,,,0,0,,,,0.7,
frozen,engrailed,3hdd,53,1,0,0,,135.5,0,0,,,-47400.0,2.66,2.74
frozen,engrailed,3hdd,54,1,11,0,5,129.1,0,0,,,-47500.0,1.0,2.74
frozen,engrailed,3hdd,55,1,14,0,5,201.2,0,0,,,-47100.0,0.69,2.79
frozen,engrailed,3hdd,56,0,41,,,,0,0,,,,0.51,
frozen,engrailed,3hdd,57,1,24,0,5,235.6,0,0,,,-47200.0,0.63,2.74
frozen,engrailed,3hdd,58,1,40,0,5,172.3,0,0,,,-47000.0,0.9,2.65
frozen,engrailed,3hdd,59,0,36,,,,0,0,,,,0.62,
frozen,engrailed,3hdd,6,1,19,0,5,151.1,0,0,,,-47300.0,0.92,2.73
frozen,engrailed,3hdd,60,1,46,0,5,146.8,0,0,,,-46800.0,0.54,2.67
frozen,engrailed,3hdd,61,0,71,,,,0,0,,,,0.45,
frozen,engrailed,3hdd,62,1,2,0,5,88.8,0,0,,,-47200.0,2.11,2.78
frozen,engrailed,3hdd,63,1,35,0,5,145.2,0,0,,,-47400.0,0.82,2.72
frozen,engrailed,3hdd,64,1,43,0,5,286.9,0,0,,,-47000.0,0.78,2.75
frozen,engrailed,3hdd,65,1,19,0,5,83.6,0,0,,,-47000.0,1.07,2.76
frozen,engrailed,3hdd,66,1,78,0,5,30.2,0,0,,,-46700.0,0.47,2.53
frozen,engrailed,3hdd,67,1,61,0,5,134.8,0,0,,,-46800.0,0.68,2.56
frozen,engrailed,3hdd,68,1,21,0,5,178.4,0,0,,,-47400.0,0.82,2.71
frozen,engrailed,3hdd,69,1,1,0,1,28.5,0,0,,,-47500.0,1.85,2.77
frozen,engrailed,3hdd,7,1,14,0,5,34.0,0,0,,,-47000.0,1.65,2.6
frozen,engrailed,3hdd,70,1,8,0,5,100.0,0,0,,,-47300.0,1.78,2.79
frozen,engrailed,3hdd,71,1,29,0,5,166.3,0,0,,,-46700.0,0.46,2.78
frozen,engrailed,3hdd,72,0,52,,,,0,0,,,,0.59,
frozen,engrailed,3hdd,73,1,42,0,5,43.9,0,0,,,-47100.0,0.71,2.69
frozen,engrailed,3hdd,74,1,4,0,5,174.2,0,0,,,-47400.0,1.56,2.76
frozen,engrailed,3hdd,75,1,10,0,5,193.9,0,0,,,-47100.0,1.38,2.73
frozen,engrailed,3hdd,76,1,17,0,5,170.7,0,0,,,-47400.0,1.12,2.72
frozen,engrailed,3hdd,77,0,21,,,,0,0,,,,0.27,
frozen,engrailed,3hdd,78,1,23,0,5,211.1,0,0,,,-38900.0,1.0,2.61
frozen,engrailed,3hdd,79,1,21,0,5,207.7,0,0,,,-46900.0,0.98,2.7
frozen,engrailed,3hdd,8,1,35,0,6,565.7,0,0,,,-46900.0,0.98,2.77
frozen,engrailed,3hdd,80,1,24,0,5,395.2,0,0,,,-47200.0,0.65,2.56
frozen,engrailed,3hdd,81,1,20,0,5,117.8,0,0,,,-47600.0,0.99,2.78
frozen,engrailed,3hdd,82,1,24,0,5,81.9,0,0,,,-47000.0,0.47,2.74
frozen,engrailed,3hdd,83,1,25,0,5,96.8,0,0,,,-47200.0,0.8,2.68
frozen,engrailed,3hdd,84,1,52,0,5,126.0,0,0,,,-46900.0,0.74,2.65
frozen,engrailed,3hdd,85,1,23,0,5,55.3,0,0,,,-47100.0,1.15,2.74
frozen,engrailed,3hdd,86,1,15,0,5,234.4,0,0,,,-46600.0,0.84,2.76
frozen,engrailed,3hdd,87,1,9,0,5,55.5,0,0,,,-40400.0,1.49,2.75
frozen,engrailed,3hdd,88,1,18,0,5,158.3,0,0,,,-47200.0,0.71,2.69
frozen,engrailed,3hdd,89,1,13,0,5,68.9,0,0,,,-47200.0,0.98,2.73
frozen,engrailed,3hdd,9,1,36,0,5,145.8,0,0,,,-40400.0,0.6,2.68
frozen,engrailed,3hdd,90,1,26,0,5,261.1,0,0,,,-47400.0,0.91,2.78
frozen,engrailed,3hdd,91,1,23,0,5,290.7,0,0,,,-46900.0,0.69,2.65
frozen,engrailed,3hdd,92,1,11,0,5,125.8,0,0,,,-47200.0,1.34,2.74
frozen,engrailed,3hdd,93,1,12,0,5,160.6,0,0,,,-47200.0,0.97,2.75
frozen,engrailed,3hdd,94,1,31,0,5,222.3,0,0,,,-47000.0,0.41,2.66
frozen,engrailed,3hdd,95,1,34,0,5,25.3,0,0,,,-47200.0,0.47,2.72
frozen,engrailed,3hdd,96,1,36,0,5,117.2,0,0,,,-47100.0,0.27,2.68
frozen,engrailed,3hdd,97,1,6,0,5,90.6,0,0,,,-47200.0,0.97,2.7
frozen,dux4,5z6z,1,1,478,20,5,988.6,0,0,,,-45100.0,0.47,2.2
frozen,dux4,5z6z,10,1,352,22,,313.6,0,0,,,-47400.0,0.32,2.2
frozen,dux4,5z6z,11,1,283,10,5,825.6,0,0,,,-49400.0,0.43,2.12
frozen,dux4,5z6z,12,1,300,22,,679.2,0,0,,,-47100.0,0.5,2.19
frozen,dux4,5z6z,13,1,608,0,5,309.4,0,0,,,-56600.0,0.32,2.55
frozen,dux4,5z6z,14,1,141,0,5,540.2,0,0,,,-63600.0,0.46,2.79
frozen,dux4,5z6z,15,0,426,,,,0,0,,,,0.26,
frozen,dux4,5z6z,16,1,514,23,5,1010.1,0,0,,,-43600.0,0.3,2.17
frozen,dux4,5z6z,17,1,483,44,,512.5,0,0,,,-22000.0,0.25,2.16
frozen,dux4,5z6z,18,1,514,42,,210.4,0,0,,,-24600.0,0.37,2.05
frozen,dux4,5z6z,19,1,482,12,5,1025.6,0,0,,,-51000.0,0.17,2.25
frozen,dux4,5z6z,2,1,418,0,5,337.6,0,0,,,-58000.0,0.16,2.56
frozen,dux4,5z6z,20,1,484,10,5,273.2,0,0,,,-42900.0,0.18,2.1
frozen,dux4,5z6z,21,1,518,47,,1508.0,0,0,,,-27600.0,0.2,2.21
frozen,dux4,5z6z,22,1,471,52,,684.6,0,0,,,-18500.0,0.4,2.16
frozen,dux4,5z6z,23,0,506,,,,0,0,,,,0.27,
frozen,dux4,5z6z,24,1,493,33,,462.7,0,0,,,-31400.0,0.35,2.15
frozen,dux4,5z6z,25,1,390,21,,270.7,0,0,,,-44200.0,0.11,2.27
frozen,dux4,5z6z,26,1,270,12,5,598.9,0,0,,,-55400.0,0.48,2.27
frozen,dux4,5z6z,27,1,395,12,5,1154.7,0,0,,,-52000.0,0.21,2.25
frozen,dux4,5z6z,28,1,579,34,6,561.3,0,0,,,-32200.0,0.25,2.07
frozen,dux4,5z6z,29,1,410,12,5,648.1,0,0,,,-52700.0,0.15,2.25
frozen,dux4,5z6z,30,1,394,46,,1131.6,0,0,,,-21700.0,0.22,2.17
frozen,dux4,5z6z,31,0,415,,,,0,0,,,,0.32,
frozen,dux4,5z6z,32,1,391,22,,553.5,0,0,,,-46400.0,0.24,2.2
frozen,dux4,5z6z,33,0,443,,,,0,0,,,,0.1,
frozen,dux4,5z6z,34,1,582,10,5,150.3,0,0,,,-50800.0,0.33,2.17
frozen,dux4,5z6z,35,1,398,24,,259.0,0,0,,,-41800.0,0.23,2.1
frozen,dux4,5z6z,36,1,403,32,,82.5,0,0,,,-39000.0,0.44,2.2
frozen,dux4,5z6z,37,0,521,,,,0,0,,,,0.25,
frozen,dux4,5z6z,38,1,472,23,5,760.6,0,0,,,-41100.0,0.26,2.08
frozen,dux4,5z6z,39,1,480,68,,792.7,0,0,,,-11000.0,0.19,2.04
frozen,dux4,5z6z,4,0,443,,,,0,0,,,,0.3,
frozen,dux4,5z6z,40,0,439,,,,0,0,,,,0.4,
frozen,dux4,5z6z,41,1,520,20,5,235.1,0,0,,,-39500.0,0.13,2.01
frozen,dux4,5z6z,42,1,191,13,,537.2,0,0,,,-54100.0,0.32,2.22
frozen,dux4,5z6z,43,1,416,24,,721.2,0,0,,,-35800.0,0.32,2.2
frozen,dux4,5z6z,44,1,516,21,5,1222.7,0,0,,,-44000.0,0.32,2.15
frozen,dux4,5z6z,45,1,505,11,5,189.4,0,0,,,-48600.0,0.41,2.15
frozen,dux4,5z6z,46,1,537,55,,287.4,0,0,,,-13400.0,0.15,2.04
frozen,dux4,5z6z,47,1,449,23,,407.8,0,0,,,-43100.0,0.34,2.15
frozen,dux4,5z6z,48,1,505,24,5,480.0,0,0,,,-46200.0,0.44,2.26
frozen,dux4,5z6z,49,1,534,19,5,264.1,0,0,,,-41800.0,0.16,2.22
frozen,dux4,5z6z,5,1,377,22,,443.4,0,0,,,-46200.0,0.36,2.2
frozen,dux4,5z6z,50,0,971,,,,0,0,,,,0.36,
frozen,dux4,5z6z,51,0,686,,,,0,0,,,,0.22,
frozen,dux4,5z6z,52,0,464,,,,0,0,,,,0.42,
frozen,dux4,5z6z,53,1,558,34,,369.5,0,0,,,-35000.0,0.29,2.18
frozen,dux4,5z6z,54,0,475,,,,0,0,,,,0.11,
frozen,dux4,5z6z,55,1,498,30,,465.0,0,0,,,-34400.0,0.45,2.18
frozen,dux4,5z6z,56,0,377,,,,0,0,,,,0.35,
frozen,dux4,5z6z,57,1,344,10,5,284.8,0,0,,,-49800.0,0.3,2.22
frozen,dux4,5z6z,58,1,436,10,5,918.9,0,0,,,-51300.0,0.13,2.19
frozen,dux4,5z6z,59,1,462,24,,341.1,0,0,,,-40100.0,0.28,2.21
frozen,dux4,5z6z,6,1,405,23,,339.1,0,0,,,-41600.0,0.29,2.04
frozen,dux4,5z6z,60,1,457,34,,797.2,0,0,,,-32200.0,0.16,2.16
frozen,dux4,5z6z,61,0,571,,,,0,0,,,,0.28,
frozen,dux4,5z6z,62,1,477,11,5,448.5,0,0,,,-50400.0,0.14,2.12
frozen,dux4,5z6z,63,1,382,10,5,180.5,0,0,,,-51900.0,0.42,2.02
frozen,dux4,5z6z,64,1,746,12,5,348.0,0,0,,,-49000.0,0.21,2.26
frozen,dux4,5z6z,65,1,479,10,5,374.9,0,0,,,-51500.0,0.48,2.23
frozen,dux4,5z6z,66,1,518,0,5,227.9,0,0,,,-59500.0,0.4,2.62
frozen,dux4,5z6z,67,1,700,52,,623.4,0,0,,,-13100.0,0.27,2.06
frozen,dux4,5z6z,68,1,424,22,,353.1,0,0,,,-42200.0,0.58,2.16
frozen,dux4,5z6z,69,1,406,12,5,324.4,0,0,,,-50500.0,0.36,2.21
frozen,dux4,5z6z,7,1,324,0,5,603.2,0,0,,,-59800.0,0.23,2.64
frozen,dux4,5z6z,70,1,353,12,5,392.6,0,0,,,-52500.0,0.34,2.22
frozen,dux4,5z6z,71,0,375,,,,0,0,,,,0.47,
frozen,dux4,5z6z,72,1,360,36,,268.7,0,0,,,-38400.0,0.14,2.27
frozen,dux4,5z6z,73,1,428,21,5,226.5,0,0,,,-38800.0,0.41,2.14
frozen,dux4,5z6z,74,1,472,22,5,611.6,0,0,,,-42300.0,0.16,2.23
frozen,dux4,5z6z,75,1,435,12,5,424.4,0,0,,,-52400.0,0.44,2.23
frozen,dux4,5z6z,76,0,485,,,,0,0,,,,0.32,
frozen,dux4,5z6z,77,0,491,,,,0,0,,,,0.35,
frozen,dux4,5z6z,78,1,611,35,,218.7,0,0,,,-30900.0,0.31,2.13
frozen,dux4,5z6z,79,1,429,0,5,690.1,0,0,,,-57900.0,0.38,2.51
frozen,dux4,5z6z,8,1,463,10,5,581.5,0,0,,,-50000.0,0.34,2.2
frozen,dux4,5z6z,80,1,502,45,,783.1,0,0,,,-23200.0,0.07,2.14
frozen,dux4,5z6z,81,1,483,34,,284.4,0,0,,,-35200.0,0.44,2.2
frozen,dux4,5z6z,82,1,445,0,5,322.6,0,0,,,-57300.0,0.16,2.49
frozen,dux4,5z6z,83,1,552,10,5,191.0,0,0,,,-48200.0,0.35,2.06
frozen,dux4,5z6z,84,1,523,36,,307.9,0,0,,,-34600.0,0.12,2.21
frozen,dux4,5z6z,85,1,403,0,5,330.5,0,0,,,-58200.0,0.43,2.5
frozen,dux4,5z6z,86,1,496,60,,1187.6,0,0,,,-22200.0,0.31,2.15
frozen,dux4,5z6z,87,1,477,12,5,226.9,0,0,,,-50800.0,0.3,2.22
frozen,dux4,5z6z,88,0,496,,,,0,0,,,,0.08,
frozen,dux4,5z6z,89,1,474,33,,508.4,0,0,,,-31900.0,0.16,2.07
frozen,dux4,5z6z,9,1,560,48,,420.3,0,0,,,-28800.0,0.17,2.21
frozen,dux4,5z6z,90,1,534,10,5,421.0,0,0,,,-50100.0,0.32,2.18
frozen,dux4,5z6z,91,0,687,,,,0,0,,,,0.22,
frozen,dux4,5z6z,92,1,475,34,,245.9,0,0,,,-33800.0,0.38,2.05
frozen,dux4,5z6z,93,1,276,12,5,470.1,0,0,,,-53700.0,0.09,2.25
frozen,dux4,5z6z,94,1,330,0,5,466.6,0,0,,,-60000.0,0.18,2.6
dnarelax,tbp,1tgh,1,1,23,0,5,433.4,0,0,,,-46700.0,0.61,2.6
dnarelax,tbp,1tgh,10,0,33,,,,0,0,,,,0.76,
dnarelax,tbp,1tgh,11,1,44,0,6,196.1,0,0,,,-45800.0,0.62,2.59
dnarelax,tbp,1tgh,12,1,23,0,5,914.9,0,0,,,-46500.0,1.08,2.6
dnarelax,tbp,1tgh,13,1,18,0,5,537.8,0,0,,,-46600.0,1.08,2.58
dnarelax,tbp,1tgh,14,1,27,0,5,529.0,0,0,,,-46400.0,0.59,2.59
dnarelax,tbp,1tgh,15,1,72,0,5,840.6,0,0,,,-46100.0,0.75,2.6
dnarelax,tbp,1tgh,16,1,28,0,5,522.0,0,0,,,-46400.0,0.59,2.73
dnarelax,tbp,1tgh,17,1,35,0,5,473.4,0,0,,,-47000.0,0.6,2.58
dnarelax,tbp,1tgh,18,1,20,0,5,1127.7,0,0,,,-46100.0,0.73,2.61
dnarelax,tbp,1tgh,19,1,138,0,5,1194.7,0,0,,,-45700.0,0.19,2.58
dnarelax,tbp,1tgh,2,1,25,0,5,175.8,0,0,,,-46400.0,0.88,2.6
dnarelax,tbp,1tgh,20,1,31,0,5,44.7,0,0,,,-46300.0,0.93,2.55
dnarelax,tbp,1tgh,21,1,42,0,5,295.2,0,0,,,-46200.0,0.71,2.58
dnarelax,tbp,1tgh,22,1,23,0,5,1075.0,0,0,,,-46100.0,1.18,2.71
dnarelax,tbp,1tgh,23,1,15,0,6,30.1,0,0,,,-46500.0,1.7,2.59
dnarelax,tbp,1tgh,24,1,6,0,5,375.2,0,0,,,-46700.0,1.24,2.59
dnarelax,tbp,1tgh,25,1,34,0,5,189.9,0,0,,,-46700.0,0.94,2.57
dnarelax,tbp,1tgh,26,1,10,0,5,786.3,0,0,,,-46700.0,1.82,2.58
dnarelax,tbp,1tgh,27,1,39,0,5,346.7,0,0,,,-46300.0,0.95,2.64
dnarelax,tbp,1tgh,28,1,15,0,5,173.2,0,0,,,-46400.0,0.66,2.59
dnarelax,tbp,1tgh,29,1,31,0,5,230.7,0,0,,,-46500.0,0.47,2.58
dnarelax,tbp,1tgh,3,1,15,0,5,304.9,0,0,,,-46700.0,0.72,2.57
dnarelax,tbp,1tgh,30,1,14,0,5,262.6,0,0,,,-46100.0,0.85,2.57
dnarelax,tbp,1tgh,31,1,43,9,,119.1,0,0,,,-38400.0,0.68,2.28
dnarelax,tbp,1tgh,32,0,39,,,,0,0,,,,0.46,
dnarelax,tbp,1tgh,33,1,49,0,5,78.7,0,0,,,-46600.0,0.74,2.56
dnarelax,tbp,1tgh,34,1,56,0,5,792.8,0,0,,,-46800.0,0.76,2.58
dnarelax,tbp,1tgh,35,1,5,0,5,535.0,0,0,,,-46500.0,1.54,2.57
dnarelax,tbp,1tgh,36,1,32,0,5,113.2,0,0,,,-46300.0,0.84,2.58
dnarelax,tbp,1tgh,37,1,8,0,5,35.9,0,0,,,-46700.0,1.56,2.59
dnarelax,tbp,1tgh,38,1,13,0,5,670.8,0,0,,,-46400.0,1.48,2.63
dnarelax,tbp,1tgh,39,1,42,0,5,726.7,0,0,,,-46100.0,0.55,2.63
dnarelax,tbp,1tgh,4,1,27,0,5,201.7,0,0,,,-46200.0,0.99,2.58
dnarelax,tbp,1tgh,40,1,29,0,6,950.5,0,0,,,-46300.0,0.84,2.65
dnarelax,tbp,1tgh,41,1,29,0,5,61.6,0,0,,,-46600.0,0.86,2.56
dnarelax,tbp,1tgh,42,1,150,0,5,160.2,0,0,,,-45600.0,0.2,2.59
dnarelax,tbp,1tgh,43,1,24,0,5,1138.3,0,0,,,-46400.0,1.3,2.58
dnarelax,tbp,1tgh,44,1,22,0,5,63.5,0,0,,,-46300.0,0.97,2.57
dnarelax,tbp,1tgh,45,1,18,0,5,144.5,0,0,,,-45900.0,1.34,2.59
dnarelax,tbp,1tgh,46,1,27,0,5,151.9,0,0,,,-46400.0,0.87,2.57
dnarelax,tbp,1tgh,47,1,24,0,5,550.4,0,0,,,-46100.0,0.79,2.52
dnarelax,tbp,1tgh,48,1,25,0,5,1193.2,0,0,,,-46400.0,0.86,2.59
dnarelax,tbp,1tgh,49,1,77,0,5,232.9,0,0,,,-46300.0,0.91,2.58
dnarelax,tbp,1tgh,5,1,49,0,6,269.4,0,0,,,-46000.0,0.97,2.67
dnarelax,tbp,1tgh,50,1,71,0,5,209.7,0,0,,,-46200.0,0.42,2.6
dnarelax,tbp,1tgh,51,1,10,0,5,540.1,0,0,,,-46600.0,0.77,2.56
dnarelax,tbp,1tgh,52,1,23,0,5,194.7,0,0,,,-45700.0,1.71,2.59
dnarelax,tbp,1tgh,53,1,24,0,5,609.8,0,0,,,-46400.0,0.41,2.61
dnarelax,tbp,1tgh,54,1,31,0,5,193.5,0,0,,,-46500.0,0.81,2.6
dnarelax,tbp,1tgh,55,1,22,0,5,368.1,0,0,,,-46700.0,0.66,2.59
dnarelax,tbp,1tgh,56,1,31,0,5,151.5,0,0,,,-46500.0,1.18,2.61
dnarelax,tbp,1tgh,57,1,24,0,5,460.0,0,0,,,-46700.0,1.1,2.59
dnarelax,tbp,1tgh,58,1,12,0,5,249.9,0,0,,,-46000.0,1.23,2.57
dnarelax,tbp,1tgh,59,1,25,0,5,743.1,0,0,,,-46700.0,0.4,2.59
dnarelax,tbp,1tgh,6,1,6,0,5,339.4,0,0,,,-46000.0,1.45,2.65
dnarelax,tbp,1tgh,60,1,10,0,6,980.8,0,0,,,-46700.0,1.45,2.56
dnarelax,tbp,1tgh,61,1,22,0,5,645.4,0,0,,,-46600.0,0.78,2.63
dnarelax,tbp,1tgh,62,1,52,0,6,1391.2,0,0,,,-45700.0,0.64,2.58
dnarelax,tbp,1tgh,63,1,40,0,5,223.5,0,0,,,-46300.0,0.81,2.59
dnarelax,tbp,1tgh,64,1,19,0,5,61.4,0,0,,,-46700.0,0.67,2.58
dnarelax,tbp,1tgh,65,1,16,0,5,1006.8,0,0,,,-46000.0,1.1,2.59
dnarelax,tbp,1tgh,66,1,21,0,5,154.2,0,0,,,-46700.0,0.69,2.58
dnarelax,tbp,1tgh,67,1,59,0,5,462.5,0,0,,,-38900.0,0.69,2.56
dnarelax,tbp,1tgh,68,1,9,0,5,1571.7,0,0,,,-46400.0,1.39,2.58
dnarelax,tbp,1tgh,69,1,7,0,5,77.9,0,0,,,-46800.0,1.59,2.6
dnarelax,tbp,1tgh,7,1,25,0,5,1033.2,0,0,,,-46100.0,0.85,2.6
dnarelax,tbp,1tgh,70,1,15,0,5,36.8,0,0,,,-46400.0,0.83,2.59
dnarelax,tbp,1tgh,71,1,42,0,5,89.8,0,0,,,-46300.0,0.3,2.56
dnarelax,tbp,1tgh,72,1,36,0,5,93.1,0,0,,,-46300.0,0.92,2.62
dnarelax,tbp,1tgh,73,1,31,0,6,261.4,0,0,,,-46400.0,0.53,2.56
dnarelax,tbp,1tgh,74,1,15,0,5,99.3,0,0,,,-46600.0,1.11,2.59
dnarelax,tbp,1tgh,75,1,39,0,5,229.5,0,0,,,-46400.0,0.57,2.56
dnarelax,tbp,1tgh,76,1,21,0,,1020.2,0,0,,,-46700.0,0.45,2.57
dnarelax,tbp,1tgh,77,1,24,21,,1239.1,0,0,,,-5900000.0,0.82,1.15
dnarelax,tbp,1tgh,78,1,68,0,5,771.2,0,0,,,-46200.0,0.57,2.55
dnarelax,tbp,1tgh,79,1,22,0,5,967.0,0,0,,,-45900.0,1.03,2.61
dnarelax,tbp,1tgh,8,1,28,0,5,581.6,0,0,,,-46500.0,1.15,2.61
dnarelax,tbp,1tgh,80,1,18,0,5,92.0,0,0,,,-46300.0,0.9,2.63
dnarelax,tbp,1tgh,81,1,28,0,5,961.2,0,0,,,-46700.0,1.08,2.63
dnarelax,tbp,1tgh,82,1,31,0,5,68.5,0,0,,,-46000.0,1.48,2.69
dnarelax,tbp,1tgh,83,1,14,0,5,273.6,0,0,,,-46300.0,1.55,2.61
dnarelax,tbp,1tgh,84,1,32,0,5,52.1,0,0,,,-46400.0,0.36,2.6
dnarelax,tbp,1tgh,85,1,33,0,5,208.8,0,0,,,-46000.0,0.84,2.59
dnarelax,tbp,1tgh,86,1,23,0,5,85.3,0,0,,,-46700.0,0.86,2.58
dnarelax,tbp,1tgh,87,1,11,0,5,68.1,0,0,,,-46600.0,1.24,2.57
dnarelax,tbp,1tgh,88,1,40,0,5,366.0,0,0,,,-46300.0,0.84,2.64
dnarelax,tbp,1tgh,89,1,25,0,5,447.5,0,0,,,-46200.0,1.02,2.61
dnarelax,tbp,1tgh,9,1,19,0,5,701.1,0,0,,,-46700.0,0.23,2.59
dnarelax,tbp,1tgh,90,1,99,0,5,381.7,0,0,,,-46200.0,0.21,2.57
dnarelax,tbp,1tgh,91,1,40,0,5,632.4,0,0,,,-46200.0,1.07,2.61
dnarelax,tbp,1tgh,92,1,26,0,5,1448.4,0,0,,,-46100.0,0.84,2.6
dnarelax,tbp,1tgh,93,1,25,0,5,548.7,0,0,,,-46400.0,0.29,2.58
dnarelax,tbp,1tgh,94,1,23,0,6,347.3,0,0,,,-46500.0,0.85,2.56
dnarelax,tbp,1tgh,95,1,20,0,5,167.8,0,0,,,-46600.0,1.24,2.6
dnarelax,tbp,1tgh,96,1,73,12,,114.4,0,0,,,-39800.0,0.43,2.29
dnarelax,tbp,1tgh,97,1,34,0,6,171.2,0,0,,,-46400.0,0.42,2.59
frozen,runx,1hjc,1,1,32,0,5,124.8,0,0,,,-47300.0,0.42,2.74
frozen,runx,1hjc,2,1,20,0,5,61.4,0,0,,,-47500.0,0.56,2.74
frozen,runx,1hjc,4,1,17,0,5,163.3,0,0,,,-47200.0,0.74,2.61
frozen,runx,1hjc,5,1,15,0,5,29.1,0,0,,,-47500.0,1.36,2.72
frozen,runx,1hjc,7,1,139,0,5,197.8,0,0,,,-46100.0,0.5,2.7
frozen,runx,1hjc,10,1,91,10,,384.4,0,0,,,-37600.0,0.23,2.13
frozen,runx,1hjc,11,0,16,,,,0,0,,,,0.49,
frozen,runx,1hjc,12,1,23,0,5,510.3,0,0,,,-47500.0,1.11,2.73
frozen,runx,1hjc,13,1,26,0,5,80.3,0,0,,,-47300.0,0.51,2.6
frozen,runx,1hjc,14,1,46,0,5,104.1,0,0,,,-47300.0,0.54,2.62
frozen,runx,1hjc,15,1,69,0,5,78.9,0,0,,,-47000.0,0.64,2.7
frozen,runx,1hjc,16,1,115,22,,230.9,0,0,,,-30300.0,0.33,2.1
frozen,runx,1hjc,17,1,201,27,,913.6,0,0,,,-25500.0,0.33,2.12
frozen,runx,1hjc,18,1,13,0,5,93.7,0,0,,,-47500.0,0.57,2.71
frozen,runx,1hjc,19,1,85,0,5,272.9,0,0,,,-46800.0,0.5,2.7
frozen,runx,1hjc,20,1,11,0,5,14.4,0,0,,,-47400.0,1.2,2.78
frozen,runx,1hjc,21,0,101,,,,0,0,,,,0.55,
frozen,runx,1hjc,22,1,129,0,5,166.5,0,0,,,-45500.0,0.34,2.69
frozen,runx,1hjc,23,1,12,0,5,66.8,0,0,,,-47500.0,1.2,2.72
frozen,runx,1hjc,24,1,46,0,5,53.8,0,0,,,-47400.0,0.93,2.75
frozen,runx,1hjc,25,1,85,0,5,89.5,0,0,,,-46800.0,0.62,2.7
frozen,runx,1hjc,26,1,17,0,5,150.6,0,0,,,-47300.0,1.16,2.74
frozen,runx,1hjc,27,1,141,12,,143.7,0,0,,,-37000.0,0.46,2.2
frozen,runx,1hjc,28,1,52,0,5,582.0,0,0,,,-47000.0,0.52,2.75
frozen,runx,1hjc,29,1,14,0,5,249.3,0,0,,,-47300.0,1.33,2.7
frozen,runx,1hjc,3,1,43,0,5,400.8,0,0,,,-47000.0,0.67,2.65
frozen,runx,1hjc,30,1,58,0,5,575.9,0,0,,,-46700.0,0.68,2.7
frozen,runx,1hjc,31,0,67,,,,0,0,,,,0.69,
frozen,runx,1hjc,32,1,64,0,5,546.4,0,0,,,-47100.0,0.74,2.74
frozen,runx,1hjc,33,1,83,12,,111.2,0,0,,,-39700.0,0.2,2.29
frozen,runx,1hjc,34,1,10,0,5,87.0,0,0,,,-47300.0,1.18,2.77
frozen,runx,1hjc,35,1,71,0,5,581.3,0,0,,,-47200.0,0.52,2.71
frozen,runx,1hjc,36,1,24,0,5,138.4,0,0,,,-47200.0,1.33,2.73
frozen,runx,1hjc,37,1,25,0,5,130.1,0,0,,,-47400.0,0.94,2.68
frozen,runx,1hjc,38,1,46,0,5,146.2,0,0,,,-46800.0,0.94,2.59
frozen,runx,1hjc,39,1,41,0,5,309.2,0,0,,,-47400.0,0.75,2.75
frozen,runx,1hjc,40,1,29,0,5,67.6,0,0,,,-47200.0,0.31,2.73
frozen,runx,1hjc,41,1,34,0,5,62.7,0,0,,,-47200.0,1.1,2.58
frozen,runx,1hjc,42,1,83,12,,310.4,0,0,,,-38400.0,0.63,2.11
frozen,runx,1hjc,43,0,40,,,,0,0,,,,0.72,
frozen,runx,1hjc,44,1,48,0,5,298.3,0,0,,,-46900.0,0.8,2.63
frozen,runx,1hjc,45,1,140,111,,426.4,0,0,,,-13200000.0,0.31,1.25
frozen,runx,1hjc,46,1,102,0,5,167.7,0,0,,,-46100.0,0.26,2.48
frozen,runx,1hjc,47,1,47,0,5,134.8,0,0,,,-47400.0,1.08,2.61
frozen,runx,1hjc,48,1,52,0,5,81.5,0,0,,,-47100.0,0.95,2.65
frozen,runx,1hjc,49,1,25,0,5,229.5,0,0,,,-47100.0,0.74,2.64
frozen,runx,1hjc,50,1,134,0,5,76.0,0,0,,,-45800.0,0.27,2.56
frozen,runx,1hjc,51,0,29,,,,0,0,,,,0.36,
frozen,runx,1hjc,52,1,15,0,5,129.5,0,0,,,-47400.0,1.4,2.76
frozen,runx,1hjc,53,1,58,0,5,196.1,0,0,,,-47100.0,0.29,2.73
frozen,runx,1hjc,54,1,118,10,,324.7,0,0,,,-35700.0,0.35,2.16
frozen,runx,1hjc,55,1,19,0,5,75.5,0,0,,,-47300.0,0.7,2.73
frozen,runx,1hjc,56,0,22,,,,0,0,,,,1.0,
frozen,runx,1hjc,57,1,30,0,5,424.2,0,0,,,-47000.0,0.34,2.77
frozen,runx,1hjc,58,1,31,0,5,67.8,0,0,,,-47000.0,0.99,2.76
frozen,runx,1hjc,59,1,44,10,,533.9,0,0,,,-35800.0,0.65,2.16
frozen,runx,1hjc,6,1,76,0,5,164.7,0,0,,,-46900.0,0.41,2.59
frozen,runx,1hjc,60,1,26,0,5,142.6,0,0,,,-47300.0,0.66,2.71
frozen,runx,1hjc,61,1,52,0,5,205.4,0,0,,,-47100.0,0.2,2.67
frozen,runx,1hjc,62,1,45,0,5,119.8,0,0,,,-47300.0,0.66,2.68
frozen,runx,1hjc,63,1,101,0,5,118.9,0,0,,,-45600.0,0.48,2.6
frozen,runx,1hjc,64,1,10,0,5,87.4,0,0,,,-47200.0,1.34,2.78
frozen,runx,1hjc,65,1,40,0,5,243.6,0,0,,,-47300.0,1.03,2.57
frozen,runx,1hjc,66,1,41,0,5,53.6,0,0,,,-47400.0,0.94,2.67
frozen,runx,1hjc,67,1,121,0,5,132.5,0,0,,,-46300.0,0.31,2.67
frozen,runx,1hjc,68,1,29,0,5,203.6,0,0,,,-47200.0,0.99,2.77
frozen,runx,1hjc,69,1,100,0,5,249.4,0,0,,,-45300.0,0.35,2.6
frozen,runx,1hjc,70,1,343,44,,271.2,0,0,,,-11900.0,0.2,2.1
frozen,runx,1hjc,71,1,30,0,5,36.7,0,0,,,-47300.0,1.44,2.74
frozen,runx,1hjc,72,0,81,,,,0,0,,,,0.4,
frozen,runx,1hjc,73,1,55,0,5,68.9,0,0,,,-46400.0,0.65,2.67
frozen,runx,1hjc,74,1,13,0,5,49.7,0,0,,,-46900.0,0.96,2.82
frozen,runx,1hjc,75,1,69,0,5,112.8,0,0,,,-46900.0,0.41,2.68
frozen,runx,1hjc,76,1,121,15,,369.0,0,0,,,-30300.0,0.33,2.1
frozen,runx,1hjc,77,1,208,0,5,527.4,0,0,,,-44800.0,0.4,2.61
frozen,runx,1hjc,78,1,165,34,,711.8,0,0,,,-21300.0,0.25,2.14
frozen,runx,1hjc,79,1,49,0,5,71.9,0,0,,,-46800.0,0.45,2.77
frozen,runx,1hjc,8,1,21,0,6,228.6,0,0,,,-47300.0,1.3,2.73
frozen,runx,1hjc,80,1,24,0,5,75.5,0,0,,,-47100.0,1.18,2.65
frozen,runx,1hjc,81,0,99,,,,0,0,,,,0.65,
frozen,runx,1hjc,82,1,40,0,5,389.3,0,0,,,-47000.0,0.67,2.5
frozen,runx,1hjc,83,1,79,0,5,228.8,0,0,,,-45600.0,0.41,2.58
frozen,runx,1hjc,84,0,43,,,,0,0,,,,0.64,
frozen,runx,1hjc,85,1,34,30,,567.2,0,0,,,981000000.0,0.47,0.69
frozen,runx,1hjc,86,0,85,,,,0,0,,,,0.51,
frozen,runx,1hjc,87,1,291,0,5,357.0,0,0,,,-44400.0,0.27,2.65
frozen,runx,1hjc,88,1,37,0,5,195.1,0,0,,,-47100.0,1.23,2.63
frozen,runx,1hjc,89,1,29,0,5,32.1,0,0,,,-47200.0,0.72,2.78
frozen,runx,1hjc,9,1,94,0,5,158.3,0,0,,,-45300.0,0.43,2.47
frozen,runx,1hjc,90,1,43,0,5,312.1,0,0,,,-46800.0,0.61,2.73
frozen,runx,1hjc,91,1,72,0,5,109.8,0,0,,,-46900.0,0.51,2.72
frozen,runx,1hjc,92,1,418,23,,194.9,0,0,,,-27000.0,0.22,2.15
frozen,runx,1hjc,93,1,46,11,,82.9,0,0,,,-35100.0,0.5,2.06
frozen,runx,1hjc,94,1,36,0,5,322.3,0,0,,,-47100.0,1.15,2.59
frozen,runx,1hjc,95,1,63,0,5,254.4,0,0,,,-46700.0,0.46,2.55
frozen,runx,1hjc,96,1,100,10,,117.8,0,0,,,-39600.0,0.53,2.18
frozen,runx,1hjc,97,1,68,0,5,129.8,0,0,,,-47200.0,0.61,2.75
frozen,err,1lo1,1,1,112,0,5,48.7,2,2,0.45,0.82,-37600.0,0.63,2.73
frozen,err,1lo1,10,0,304,,,,2,1,,,,0.6,
frozen,err,1lo1,11,1,207,22,,58.1,2,1,0.04,0.04,-18800.0,0.59,2.16
frozen,err,1lo1,12,1,106,0,5,34.0,2,2,0.1,0.24,-37300.0,0.7,2.58
frozen,err,1lo1,13,0,152,,,,2,0,,,,0.51,
frozen,err,1lo1,14,1,71,0,5,373.2,2,2,0.11,0.17,-38400.0,1.04,2.61
frozen,err,1lo1,15,1,197,10,,219.4,2,1,0.09,0.17,-29600.0,0.36,2.23
frozen,err,1lo1,16,0,248,,,,2,1,,,,0.36,
frozen,err,1lo1,17,1,268,22,,130.1,2,1,0.23,0.39,-21800.0,0.22,2.17
frozen,err,1lo1,18,1,176,0,5,148.8,2,0,,,-36800.0,0.22,2.57
frozen,err,1lo1,19,1,138,0,5,496.9,2,1,0.13,0.23,-37100.0,0.4,2.62
frozen,err,1lo1,2,1,228,20,,34.3,2,0,,,-19300.0,0.26,2.21
frozen,err,1lo1,20,1,142,12,,182.7,2,1,0.13,0.13,-30400.0,0.42,2.25
frozen,err,1lo1,21,1,102,0,5,82.1,2,1,0.0,0.0,-38300.0,0.57,2.58
frozen,err,1lo1,22,0,65,,,,2,2,,,,0.32,
frozen,err,1lo1,23,1,83,0,5,106.4,2,1,0.04,0.04,-38600.0,0.23,2.7
frozen,err,1lo1,24,0,109,,,,2,2,,,,0.46,
frozen,err,1lo1,25,1,66,0,5,81.9,2,2,0.33,0.83,-38600.0,0.28,2.69
frozen,err,1lo1,26,1,77,0,5,20.0,2,1,0.15,0.15,-38200.0,1.0,2.7
frozen,err,1lo1,27,1,184,22,,239.2,2,2,0.34,0.87,-18000.0,0.41,2.16
frozen,err,1lo1,28,1,190,21,,93.5,2,1,0.22,0.22,-20700.0,0.51,2.13
frozen,err,1lo1,29,0,149,,,,2,0,,,,0.28,
frozen,err,1lo1,3,1,146,0,5,104.7,2,1,0.27,0.75,-37400.0,0.31,2.7
frozen,err,1lo1,30,1,157,10,,70.3,2,1,0.08,0.08,-29900.0,0.58,2.23
frozen,err,1lo1,31,1,165,0,5,201.2,2,2,0.11,0.27,-37100.0,0.52,2.63
frozen,err,1lo1,32,1,127,11,,145.2,2,2,0.15,0.2,-29800.0,0.16,2.17
frozen,err,1lo1,33,1,199,0,5,321.5,2,1,0.12,0.24,-36300.0,0.45,2.67
frozen,err,1lo1,34,1,95,0,5,72.7,2,2,0.04,0.11,-39000.0,0.78,2.7
frozen,err,1lo1,35,1,110,0,5,75.8,2,1,0.31,0.7,-37300.0,0.58,2.59
frozen,err,1lo1,36,1,152,10,,96.0,2,2,0.15,0.43,-28900.0,0.11,2.17
frozen,err,1lo1,37,1,81,11,,171.3,2,2,0.13,0.22,-27900.0,0.51,2.16
frozen,err,1lo1,38,1,108,0,5,141.9,2,2,0.13,0.21,-37700.0,0.33,2.63
frozen,err,1lo1,39,1,107,0,5,72.1,2,1,0.33,0.68,-37900.0,0.44,2.71
frozen,err,1lo1,4,1,134,0,5,170.1,2,1,0.08,0.24,-38200.0,0.3,2.62
frozen,err,1lo1,40,1,79,10,,48.9,2,2,0.16,0.29,-31200.0,0.73,2.21
frozen,err,1lo1,41,0,151,,,,2,2,,,,0.44,
frozen,err,1lo1,42,1,123,11,,24.0,2,1,0.13,0.13,-29000.0,0.54,2.15
frozen,err,1lo1,43,1,105,0,5,104.5,2,1,0.47,0.79,-37800.0,0.63,2.63
frozen,err,1lo1,44,1,194,0,5,181.5,2,1,0.12,0.24,-37300.0,0.44,2.71
frozen,err,1lo1,45,1,124,12,,643.5,2,1,0.16,0.3,-31200.0,0.35,2.25
frozen,err,1lo1,46,1,196,0,5,63.6,2,1,0.04,0.05,-37100.0,0.27,2.63
frozen,err,1lo1,47,1,231,12,,534.7,2,0,,,-30100.0,0.44,2.28
frozen,err,1lo1,48,1,265,12,5,106.4,2,1,0.32,0.75,-29000.0,0.24,2.25
frozen,err,1lo1,49,1,325,10,5,355.2,2,0,,,-23100.0,0.26,2.16
frozen,err,1lo1,5,1,93,0,6,381.9,2,1,0.13,0.13,-35800.0,0.87,2.51
frozen,err,1lo1,50,1,73,0,5,228.4,2,2,0.19,0.6,-38000.0,1.03,2.61
frozen,err,1lo1,51,1,87,10,,50.4,2,0,,,-26200.0,0.34,2.16
frozen,err,1lo1,52,1,120,21,,42.2,2,1,0.05,0.12,-23000.0,0.22,2.14
frozen,err,1lo1,53,1,140,0,5,230.9,2,1,0.08,0.14,-37400.0,0.48,2.72
frozen,err,1lo1,54,1,26,0,5,81.3,2,0,,,-37300.0,0.58,2.72
frozen,err,1lo1,55,1,114,10,,75.4,2,1,0.04,0.06,-31300.0,0.45,2.2
frozen,err,1lo1,56,1,131,0,5,141.1,2,1,0.0,0.0,-38200.0,0.7,2.62
frozen,err,1lo1,57,1,92,0,5,56.1,2,1,0.3,0.3,-37600.0,0.47,2.68
frozen,err,1lo1,58,1,176,33,,91.8,2,1,0.13,0.22,-11500.0,0.39,2.13
frozen,err,1lo1,59,1,220,0,5,33.5,2,1,0.13,0.13,-36700.0,0.27,2.65
frozen,err,1lo1,6,1,200,10,5,167.9,2,1,0.18,0.49,-29900.0,0.36,2.2
frozen,err,1lo1,60,1,282,12,5,50.9,2,1,0.07,0.13,-27700.0,0.41,2.26
frozen,err,1lo1,61,1,172,22,,286.5,2,1,0.09,0.14,-21600.0,0.24,2.21
frozen,err,1lo1,62,1,127,0,5,99.5,2,1,0.25,0.25,-37500.0,0.53,2.67
frozen,err,1lo1,63,1,155,12,,69.5,2,2,0.37,0.73,-27300.0,0.44,2.21
frozen,err,1lo1,64,1,120,0,5,64.5,2,2,0.03,0.06,-37800.0,0.55,2.62
frozen,err,1lo1,65,0,132,,,,2,2,,,,0.52,
frozen,err,1lo1,66,1,121,0,5,50.5,2,1,0.05,0.06,-38000.0,0.18,2.66
frozen,err,1lo1,67,1,332,10,5,56.1,2,1,0.09,0.25,-27500.0,0.36,2.2
frozen,err,1lo1,68,1,66,0,5,43.8,2,2,0.15,0.45,-38100.0,0.68,2.66
frozen,err,1lo1,69,1,61,0,5,614.8,2,2,0.13,0.26,-38500.0,0.71,2.69
frozen,err,1lo1,7,1,170,10,,49.4,2,0,,,-27600.0,0.2,2.18
frozen,err,1lo1,70,1,166,0,5,146.7,2,1,0.06,0.12,-36400.0,0.49,2.57
frozen,err,1lo1,71,1,237,10,,270.4,2,1,0.07,0.17,-29800.0,0.31,2.2
frozen,err,1lo1,72,1,102,18,,284.0,2,1,0.1,0.17,-23900.0,0.25,2.2
frozen,err,1lo1,73,1,175,12,,125.3,2,0,,,-28500.0,0.18,2.21
frozen,err,1lo1,74,1,178,12,,61.9,2,0,,,-29500.0,0.5,2.23
frozen,err,1lo1,75,1,174,10,,159.6,2,1,0.51,0.84,-29900.0,0.27,2.17
frozen,err,1lo1,76,1,267,33,,110.8,2,2,0.07,0.16,-12100.0,0.31,2.19
frozen,err,1lo1,77,1,171,0,5,72.1,2,1,0.18,0.27,-28000.0,0.31,2.55
frozen,err,1lo1,78,1,129,0,5,287.0,2,2,0.14,0.84,-37500.0,0.19,2.67
frozen,err,1lo1,79,1,153,18,,169.0,2,2,0.15,0.33,-16600.0,0.26,2.07
frozen,err,1lo1,8,1,147,0,5,287.1,2,1,0.08,0.17,-37700.0,0.63,2.7
frozen,err,1lo1,80,1,153,22,,250.4,2,1,0.07,0.25,-22200.0,0.6,2.15
frozen,err,1lo1,81,1,120,10,,111.2,2,2,0.1,0.24,-26600.0,0.89,2.16
frozen,err,1lo1,82,1,143,0,5,44.5,2,1,0.11,0.11,-37500.0,0.41,2.59
frozen,err,1lo1,83,1,165,0,5,281.8,2,1,0.04,0.04,-36400.0,0.54,2.59
frozen,err,1lo1,84,1,178,21,,102.8,2,1,0.15,0.29,-13900.0,0.33,2.06
frozen,err,1lo1,85,1,81,0,5,63.9,2,2,0.17,0.23,-37900.0,0.6,2.68
frozen,err,1lo1,86,1,150,10,,86.4,2,1,0.07,0.15,-28500.0,0.44,2.2
frozen,err,1lo1,87,0,131,,,,2,0,,,,0.35,
frozen,err,1lo1,88,1,187,0,5,81.0,2,1,0.23,0.77,-35700.0,0.37,2.47
frozen,err,1lo1,89,1,58,11,,151.4,2,1,0.09,0.21,-29900.0,0.94,2.12
frozen,err,1lo1,9,1,101,10,,180.2,2,2,0.06,0.18,-31300.0,0.43,2.21
frozen,err,1lo1,90,0,177,,,,2,1,,,,0.64,
frozen,err,1lo1,91,0,340,,,,2,1,,,,0.35,
frozen,err,1lo1,92,1,85,0,5,93.2,2,2,0.12,0.25,-38200.0,0.65,2.67
frozen,nfat,1a66,1,1,258,34,,941.6,0,0,,,-19100.0,0.39,2.06
frozen,nfat,1a66,10,1,121,12,,126.0,0,0,,,-39800.0,0.46,2.25
frozen,nfat,1a66,11,1,132,0,5,929.6,0,0,,,-47600.0,0.3,2.58
frozen,nfat,1a66,12,1,146,0,5,108.1,0,0,,,-47200.0,0.42,2.54
frozen,nfat,1a66,13,0,180,,,,0,0,,,,0.41,
frozen,nfat,1a66,14,1,93,0,5,307.2,0,0,,,-47700.0,0.63,2.58
frozen,nfat,1a66,15,1,137,0,5,536.5,0,0,,,-46400.0,0.58,2.76
frozen,nfat,1a66,16,1,106,0,5,57.4,0,0,,,-47800.0,0.48,2.67
frozen,nfat,1a66,17,1,136,0,5,649.9,0,0,,,-47400.0,0.44,2.6
frozen,nfat,1a66,18,1,221,21,,440.2,0,0,,,-26900.0,0.31,2.03
frozen,nfat,1a66,19,1,246,10,5,264.2,0,0,,,-37400.0,0.12,2.12
frozen,nfat,1a66,2,1,93,0,5,272.6,0,0,,,-47500.0,0.49,2.62
frozen,nfat,1a66,20,1,102,0,5,314.9,0,0,,,-47500.0,0.63,2.73
frozen,nfat,1a66,21,1,175,20,,242.7,0,0,,,-36100.0,0.62,2.13
frozen,nfat,1a66,22,1,152,12,,1002.9,0,0,,,-33200.0,0.53,2.28
frozen,nfat,1a66,23,1,140,12,,260.4,0,0,,,-39800.0,0.28,2.28
frozen,nfat,1a66,24,1,155,12,,182.9,0,0,,,-27500.0,0.33,2.2
frozen,nfat,1a66,25,1,169,10,,481.4,0,0,,,-39400.0,0.24,2.19
frozen,nfat,1a66,26,1,133,0,5,127.8,0,0,,,-47600.0,0.35,2.54
frozen,nfat,1a66,27,1,154,0,5,980.4,0,0,,,-46500.0,0.54,2.71
frozen,nfat,1a66,28,1,174,34,,575.8,0,0,,,-19700.0,0.36,2.11
frozen,nfat,1a66,29,1,161,23,,139.6,0,0,,,-31500.0,0.44,2.15
frozen,nfat,1a66,3,1,161,20,6,506.6,0,0,,,-28100.0,0.51,2.09
frozen,nfat,1a66,30,1,158,12,,1570.4,0,0,,,-37900.0,0.4,2.22
frozen,nfat,1a66,31,1,129,0,5,368.1,0,0,,,-46300.0,0.57,2.67
frozen,nfat,1a66,32,1,153,0,5,596.1,0,0,,,-46900.0,0.46,2.63
frozen,nfat,1a66,33,1,80,0,5,172.4,0,0,,,-47300.0,0.56,2.63
frozen,nfat,1a66,34,1,127,11,,290.9,0,0,,,-39200.0,0.3,2.13
frozen,nfat,1a66,35,1,197,0,5,212.4,0,0,,,-46400.0,0.52,2.72
frozen,nfat,1a66,36,1,239,12,,800.7,0,0,,,-36800.0,0.3,2.2
frozen,nfat,1a66,37,1,192,0,5,251.7,0,0,,,-46800.0,0.46,2.57
frozen,nfat,1a66,38,1,135,10,,728.7,0,0,,,-38100.0,0.3,2.2
frozen,nfat,1a66,39,1,173,11,,428.3,0,0,,,-38900.0,0.37,2.15
frozen,nfat,1a66,4,1,204,0,5,284.6,0,0,,,-46200.0,0.41,2.56
frozen,nfat,1a66,40,1,159,0,5,727.8,0,0,,,-45700.0,0.38,2.74
frozen,nfat,1a66,41,1,233,0,5,615.4,0,0,,,-44800.0,0.12,2.63
frozen,nfat,1a66,42,1,162,12,,430.1,0,0,,,-40400.0,0.39,2.29
frozen,nfat,1a66,43,0,115,,,,0,0,,,,0.37,
frozen,nfat,1a66,44,1,311,22,,626.6,0,0,,,-28700.0,0.37,2.23
frozen,nfat,1a66,45,1,223,29,,342.9,0,0,,,-25600.0,0.35,2.12
frozen,nfat,1a66,46,0,213,,,,0,0,,,,0.39,
frozen,nfat,1a66,47,1,208,0,5,199.9,0,0,,,-46800.0,0.2,2.6
frozen,nfat,1a66,48,1,104,0,5,210.3,0,0,,,-47700.0,0.67,2.64
frozen,nfat,1a66,49,1,158,24,,443.2,0,0,,,-32200.0,0.2,2.27
frozen,nfat,1a66,5,1,101,0,5,306.7,0,0,,,-47400.0,0.53,2.61
frozen,nfat,1a66,51,1,130,12,,357.6,0,0,,,-40700.0,0.55,2.28
frozen,nfat,1a66,52,1,138,10,,927.1,0,0,,,-35700.0,0.41,2.16
frozen,nfat,1a66,53,1,126,0,5,191.0,0,0,,,-46500.0,0.66,2.71
frozen,nfat,1a66,54,1,206,0,5,123.0,0,0,,,-45500.0,0.5,2.56
frozen,nfat,1a66,55,1,156,0,5,737.6,0,0,,,-46900.0,0.28,2.67
frozen,nfat,1a66,56,1,123,0,5,50.9,0,0,,,-47100.0,0.39,2.67
frozen,nfat,1a66,57,0,134,,,,0,0,,,,0.3,
frozen,nfat,1a66,58,1,132,0,5,64.2,0,0,,,-47000.0,0.67,2.67
frozen,nfat,1a66,59,1,184,24,,173.8,0,0,,,-32600.0,0.41,2.26
frozen,nfat,1a66,6,1,223,10,5,214.9,0,0,,,-38200.0,0.44,2.22
frozen,nfat,1a66,60,1,300,22,,337.0,0,0,,,-30400.0,0.25,2.17
frozen,nfat,1a66,61,1,113,8,,319.9,0,0,,,-38900.0,0.41,2.17
frozen,nfat,1a66,62,1,140,0,5,90.2,0,0,,,-47300.0,0.22,2.59
frozen,nfat,1a66,63,1,114,0,5,752.6,0,0,,,-46900.0,0.59,2.64
frozen,nfat,1a66,64,1,158,0,5,689.6,0,0,,,-46700.0,0.47,2.65
frozen,nfat,1a66,65,1,168,0,5,375.5,0,0,,,-47100.0,0.54,2.58
frozen,nfat,1a66,66,1,151,0,5,463.8,0,0,,,-46400.0,0.51,2.59
frozen,nfat,1a66,67,1,111,0,5,304.0,0,0,,,-46900.0,0.62,2.57
frozen,nfat,1a66,68,1,198,12,,546.7,0,0,,,-39000.0,0.37,2.29
frozen,nfat,1a66,69,1,185,10,,317.2,0,0,,,-38900.0,0.48,2.21
frozen,nfat,1a66,7,0,106,,,,0,0,,,,0.46,
frozen,nfat,1a66,70,1,209,0,5,568.8,0,0,,,-45900.0,0.22,2.53
frozen,nfat,1a66,71,1,216,22,,656.9,0,0,,,-29900.0,0.57,2.22
frozen,nfat,1a66,72,1,157,0,5,186.8,0,0,,,-46600.0,0.17,2.57
frozen,nfat,1a66,73,1,105,0,5,308.5,0,0,,,-47400.0,0.52,2.64
frozen,nfat,1a66,74,1,154,0,5,822.1,0,0,,,-46900.0,0.4,2.58
frozen,nfat,1a66,75,1,133,0,5,372.1,0,0,,,-46900.0,0.47,2.56
frozen,nfat,1a66,76,1,153,12,,574.4,0,0,,,-39700.0,0.34,2.29
frozen,nfat,1a66,77,1,72,0,5,375.4,0,0,,,-47300.0,0.91,2.63
frozen,nfat,1a66,78,1,140,0,5,461.8,0,0,,,-46900.0,0.65,2.56
frozen,nfat,1a66,79,0,151,,,,0,0,,,,0.38,
frozen,nfat,1a66,8,1,188,0,5,135.6,0,0,,,-47000.0,0.41,2.67
frozen,nfat,1a66,80,1,114,0,5,254.9,0,0,,,-47200.0,0.59,2.52
frozen,nfat,1a66,81,1,152,12,,754.2,0,0,,,-39900.0,0.47,2.29
frozen,nfat,1a66,82,1,115,11,,828.7,0,0,,,-38900.0,0.54,2.15
frozen,nfat,1a66,83,1,101,0,5,434.3,0,0,,,-47300.0,0.88,2.63
frozen,nfat,1a66,84,0,187,,,,0,0,,,,0.56,
frozen,nfat,1a66,85,1,343,12,5,507.0,0,0,,,-38800.0,0.37,2.29
frozen,nfat,1a66,86,1,389,24,,798.5,0,0,,,-21800.0,0.41,2.18
frozen,nfat,1a66,87,1,180,24,,386.2,0,0,,,-31600.0,0.44,2.21
frozen,nfat,1a66,88,0,241,,,,0,0,,,,0.42,
frozen,nfat,1a66,9,1,129,0,5,341.1,0,0,,,-46900.0,0.46,2.68
frozen,csl,3brg,1,1,50,0,5,1112.4,0,0,,,-82200.0,0.94,2.55
frozen,csl,3brg,11,1,16,0,5,282.3,0,0,,,-83700.0,1.3,2.61
frozen,csl,3brg,12,1,34,0,5,292.5,0,0,,,-83300.0,0.54,2.73
frozen,csl,3brg,14,1,38,0,5,476.7,0,0,,,-83700.0,1.13,2.74
frozen,csl,3brg,17,1,82,0,5,1792.2,0,0,,,-82900.0,0.5,2.78
frozen,csl,3brg,18,1,34,0,5,503.9,0,0,,,-83800.0,0.3,2.58
frozen,csl,3brg,21,1,95,0,5,857.6,0,0,,,-81500.0,0.39,2.68
frozen,csl,3brg,23,1,30,0,5,257.4,0,0,,,-84200.0,0.94,2.54
frozen,csl,3brg,24,1,47,0,5,216.6,0,0,,,-83300.0,0.42,2.69
frozen,csl,3brg,25,1,71,0,5,1484.6,0,0,,,-83500.0,0.43,2.58
frozen,csl,3brg,26,1,21,0,5,1422.3,0,0,,,-83600.0,0.75,2.65
frozen,csl,3brg,3,1,106,0,5,897.2,0,0,,,-82200.0,0.4,2.57
frozen,csl,3brg,30,1,98,0,5,111.0,0,0,,,-83100.0,0.58,2.61
frozen,csl,3brg,31,1,30,0,5,298.3,0,0,,,-83800.0,0.95,2.58
frozen,csl,3brg,32,1,73,0,5,1400.6,0,0,,,-83000.0,0.28,2.61
frozen,csl,3brg,33,1,33,0,5,1605.7,0,0,,,-82800.0,0.25,2.59
frozen,csl,3brg,35,1,45,0,5,768.8,0,0,,,-72100.0,0.69,2.52
frozen,csl,3brg,38,1,30,0,5,1295.6,0,0,,,-83400.0,0.89,2.62
frozen,csl,3brg,39,1,69,0,5,341.6,0,0,,,-82400.0,0.62,2.57
frozen,csl,3brg,4,1,39,0,5,1620.1,0,0,,,-83600.0,0.56,2.7
frozen,csl,3brg,40,1,67,0,5,1725.4,0,0,,,-82900.0,0.23,2.59
frozen,csl,3brg,44,1,55,0,,188.9,0,0,,,-83900.0,0.54,2.61
frozen,csl,3brg,45,1,14,0,5,1089.3,0,0,,,-83700.0,1.1,2.55
frozen,csl,3brg,47,1,51,0,5,127.3,0,0,,,-82100.0,0.32,2.62
frozen,csl,3brg,49,1,59,0,5,509.7,0,0,,,-83800.0,0.55,2.53
frozen,csl,3brg,50,1,13,0,5,1614.8,0,0,,,-73200.0,1.22,2.58
frozen,csl,3brg,51,1,42,0,5,581.6,0,0,,,-83500.0,0.84,2.62
frozen,csl,3brg,54,1,35,0,5,529.7,0,0,,,-83500.0,0.12,2.76
frozen,csl,3brg,55,1,25,0,5,205.8,0,0,,,-83400.0,0.9,2.78
frozen,csl,3brg,56,1,41,0,5,254.0,0,0,,,-83500.0,0.88,2.58
frozen,csl,3brg,57,1,73,0,5,655.0,0,0,,,-82800.0,0.6,2.55
frozen,csl,3brg,59,1,63,0,5,788.7,0,0,,,-82700.0,0.8,2.59
frozen,csl,3brg,60,1,50,0,5,1108.7,0,0,,,-82400.0,1.17,2.65
frozen,csl,3brg,61,1,158,20,,340.6,0,0,,,-71200.0,0.36,2.12
frozen,csl,3brg,62,1,48,0,6,721.9,0,0,,,-83700.0,0.82,2.63
frozen,csl,3brg,63,1,63,12,,1739.4,0,0,,,-76500.0,0.44,2.25
frozen,csl,3brg,7,1,69,0,5,1542.0,0,0,,,-84100.0,0.44,2.61
frozen,csl,3brg,70,1,58,0,6,726.7,0,0,,,-68600.0,0.65,2.77
frozen,csl,3brg,73,1,87,0,5,1693.2,0,0,,,-81700.0,0.59,2.61
frozen,csl,3brg,74,1,26,0,5,801.7,0,0,,,-73200.0,0.2,2.67
frozen,csl,3brg,75,1,36,0,5,262.9,0,0,,,-83400.0,1.06,2.64
frozen,csl,3brg,79,1,50,12,,498.1,0,0,,,-76500.0,0.55,2.24
frozen,csl,3brg,8,1,46,0,5,651.1,0,0,,,-82900.0,0.92,2.64
frozen,csl,3brg,80,1,82,0,5,1393.9,0,0,,,-83400.0,0.6,2.73
frozen,csl,3brg,84,1,63,0,5,975.7,0,0,,,-82400.0,0.4,2.58
frozen,csl,3brg,86,1,48,0,6,6133.1,0,0,,,-83800.0,0.91,2.52
frozen,csl,3brg,89,1,69,0,5,657.6,0,0,,,-82600.0,0.39,2.61
frozen,csl,3brg,9,1,78,12,,1254.1,0,0,,,-76100.0,0.7,2.3
frozen,csl,3brg,92,1,94,0,5,501.6,0,0,,,-83400.0,0.45,2.61
dnarelax,dux4,5z6z,1,1,478,20,5,968.5,0,0,,,-45300.0,0.47,2.21
dnarelax,dux4,5z6z,10,1,352,22,,989.4,0,0,,,-48700.0,0.32,2.2
dnarelax,dux4,5z6z,11,1,283,11,5,407.8,0,0,,,-52600.0,0.43,2.12
dnarelax,dux4,5z6z,12,1,300,22,,1326.0,0,0,,,-48700.0,0.5,2.19
dnarelax,dux4,5z6z,13,1,608,12,5,738.5,0,0,,,-50800.0,0.32,2.21
dnarelax,dux4,5z6z,14,1,141,0,5,776.8,0,0,,,-63900.0,0.46,2.74
dnarelax,dux4,5z6z,15,1,426,0,5,365.2,0,0,,,-59200.0,0.26,2.52
dnarelax,dux4,5z6z,16,1,514,23,5,133.6,0,0,,,-45400.0,0.3,2.17
dnarelax,dux4,5z6z,17,1,483,45,,293.7,0,0,,,-25000.0,0.25,2.14
dnarelax,dux4,5z6z,18,1,514,42,,444.9,0,0,,,-26600.0,0.37,2.03
dnarelax,dux4,5z6z,19,1,482,81,,1206.6,0,0,,,-8220.0,0.17,2.13
dnarelax,dux4,5z6z,2,1,418,0,5,553.9,0,0,,,-61300.0,0.16,2.72
dnarelax,dux4,5z6z,20,1,484,23,5,861.2,0,0,,,-38900.0,0.18,2.1
dnarelax,dux4,5z6z,21,1,518,46,,1668.3,0,0,,,-30000.0,0.2,2.21
dnarelax,dux4,5z6z,22,0,471,,,,0,0,,,,0.4,
dnarelax,dux4,5z6z,23,0,506,,,,0,0,,,,0.27,
dnarelax,dux4,5z6z,24,1,493,24,5,334.5,0,0,,,-44100.0,0.35,2.15
dnarelax,dux4,5z6z,25,1,390,146,,449.9,0,0,,,294000.0,0.11,1.64
dnarelax,dux4,5z6z,26,1,270,0,5,746.7,0,0,,,-63200.0,0.48,2.64
dnarelax,dux4,5z6z,27,0,395,,,,0,0,,,,0.21,
dnarelax,dux4,5z6z,28,1,579,43,,1170.2,0,0,,,-28000.0,0.25,2.15
dnarelax,dux4,5z6z,29,1,410,12,5,590.6,0,0,,,-54800.0,0.15,2.24
dnarelax,dux4,5z6z,3,1,554,21,5,256.8,0,0,,,-40600.0,0.25,2.14
dnarelax,dux4,5z6z,30,1,394,48,,681.6,0,0,,,-30400.0,0.22,2.19
dnarelax,dux4,5z6z,31,1,415,0,,481.9,0,0,,,-62600.0,0.32,2.53
dnarelax,dux4,5z6z,32,1,391,34,,498.1,0,0,,,-41300.0,0.24,2.21
dnarelax,dux4,5z6z,33,1,443,22,5,811.0,0,0,,,-46300.0,0.1,2.22
dnarelax,dux4,5z6z,34,1,582,0,5,275.1,0,0,,,-60600.0,0.33,2.54
dnarelax,dux4,5z6z,35,1,398,23,,410.3,0,0,,,-45100.0,0.23,2.1
dnarelax,dux4,5z6z,36,1,403,32,,554.6,0,0,,,-41400.0,0.44,2.2
dnarelax,dux4,5z6z,37,1,521,43,,852.5,0,0,,,-27500.0,0.25,2.03
dnarelax,dux4,5z6z,38,1,472,34,,934.8,0,0,,,-39300.0,0.26,2.1
dnarelax,dux4,5z6z,39,1,480,68,,149.6,0,0,,,-13400.0,0.19,2.03
dnarelax,dux4,5z6z,4,1,443,12,5,435.7,0,0,,,-55000.0,0.3,2.28
dnarelax,dux4,5z6z,40,1,439,0,5,907.9,0,0,,,-53700.0,0.4,2.75
dnarelax,dux4,5z6z,41,1,520,20,5,408.3,0,0,,,-42500.0,0.13,2.02
dnarelax,dux4,5z6z,42,1,191,13,,633.4,0,0,,,-55200.0,0.32,2.22
dnarelax,dux4,5z6z,43,0,416,,,,0,0,,,,0.32,
dnarelax,dux4,5z6z,44,1,516,508,6,2109.9,0,0,,,1.4e+19,0.32,0.1
dnarelax,dux4,5z6z,45,1,505,0,5,679.2,0,0,,,-61700.0,0.41,2.56
dnarelax,dux4,5z6z,46,0,537,,,,0,0,,,,0.15,
dnarelax,dux4,5z6z,47,1,449,34,,560.7,0,0,,,-38400.0,0.34,2.14
dnarelax,dux4,5z6z,48,1,505,34,,571.9,0,0,,,-36500.0,0.44,2.16
dnarelax,dux4,5z6z,49,1,534,10,5,179.4,0,0,,,-53300.0,0.16,2.17
dnarelax,dux4,5z6z,5,1,377,22,,812.4,0,0,,,-48000.0,0.36,2.19
dnarelax,dux4,5z6z,50,1,971,74,,665.4,0,0,,,-4530.0,0.36,2.18
dnarelax,dux4,5z6z,51,1,686,42,,880.3,0,0,,,-24000.0,0.22,2.13
dnarelax,dux4,5z6z,52,1,464,22,5,101.3,0,0,,,-46900.0,0.42,2.24
dnarelax,dux4,5z6z,53,1,558,34,,920.0,0,0,,,-38900.0,0.29,2.18
dnarelax,dux4,5z6z,54,1,475,34,,670.0,0,0,,,-36800.0,0.11,2.14
dnarelax,dux4,5z6z,55,1,498,20,5,188.3,0,0,,,-46400.0,0.45,2.23
dnarelax,dux4,5z6z,56,1,377,33,,686.5,0,0,,,-36400.0,0.35,2.06
dnarelax,dux4,5z6z,57,1,344,12,5,261.6,0,0,,,-53600.0,0.3,2.22
dnarelax,dux4,5z6z,58,1,436,10,5,1470.0,0,0,,,-54900.0,0.13,2.2
dnarelax,dux4,5z6z,59,1,462,24,,601.6,0,0,,,-42900.0,0.28,2.22
dnarelax,dux4,5z6z,6,1,405,13,5,290.8,0,0,,,-52400.0,0.29,2.19
dnarelax,dux4,5z6z,60,1,457,58,,372.0,0,0,,,-18800.0,0.16,2.16
dnarelax,dux4,5z6z,61,1,571,55,,371.0,0,0,,,-20800.0,0.28,2.13
dnarelax,dux4,5z6z,62,1,477,11,5,193.6,0,0,,,-52400.0,0.14,2.12
dnarelax,dux4,5z6z,63,1,382,10,5,422.2,0,0,,,-55100.0,0.42,2.22
dnarelax,dux4,5z6z,64,1,746,12,5,640.1,0,0,,,-51400.0,0.21,2.26
dnarelax,dux4,5z6z,65,1,479,0,5,377.6,0,0,,,-60700.0,0.48,2.5
dnarelax,dux4,5z6z,66,1,518,0,5,105.4,0,0,,,-61700.0,0.4,2.63
dnarelax,dux4,5z6z,67,1,700,44,,970.1,0,0,,,-24600.0,0.27,2.06
dnarelax,dux4,5z6z,68,1,424,10,5,562.8,0,0,,,-52300.0,0.58,2.15
dnarelax,dux4,5z6z,69,1,406,12,5,358.9,0,0,,,-53800.0,0.36,2.21
dnarelax,dux4,5z6z,7,1,324,0,5,621.4,0,0,,,-62200.0,0.23,2.65
dnarelax,dux4,5z6z,70,0,353,,,,0,0,,,,0.34,
dnarelax,dux4,5z6z,71,1,375,10,5,1145.3,0,0,,,-55400.0,0.47,2.18
dnarelax,dux4,5z6z,72,1,360,12,5,288.1,0,0,,,-52900.0,0.14,2.21
dnarelax,dux4,5z6z,73,1,428,21,5,813.8,0,0,,,-40900.0,0.41,2.14
dnarelax,dux4,5z6z,74,1,472,23,5,592.5,0,0,,,-44400.0,0.16,2.23
dnarelax,dux4,5z6z,75,1,435,12,5,771.8,0,0,,,-54200.0,0.44,2.23
dnarelax,dux4,5z6z,76,1,485,66,,773.8,0,0,,,-12600.0,0.32,2.14
dnarelax,dux4,5z6z,77,1,491,10,5,906.3,0,0,,,-53400.0,0.35,2.23
dnarelax,dux4,5z6z,78,1,611,46,,425.3,0,0,,,-22700.0,0.31,2.13
dnarelax,dux4,5z6z,79,0,429,,,,0,0,,,,0.38,
dnarelax,dux4,5z6z,8,1,463,10,5,541.7,0,0,,,-51900.0,0.34,2.2
dnarelax,dux4,5z6z,80,1,502,35,,771.5,0,0,,,-36200.0,0.07,2.14
dnarelax,dux4,5z6z,81,1,483,34,,728.2,0,0,,,-37400.0,0.44,2.2
dnarelax,dux4,5z6z,82,1,445,0,5,629.9,0,0,,,-59900.0,0.16,2.53
dnarelax,dux4,5z6z,83,1,552,10,5,808.9,0,0,,,-50700.0,0.35,2.06
dnarelax,dux4,5z6z,84,1,523,58,,281.1,0,0,,,-21300.0,0.12,2.2
dnarelax,dux4,5z6z,85,1,403,0,5,1171.6,0,0,,,-60500.0,0.43,2.5
dnarelax,dux4,5z6z,86,1,496,46,,724.1,0,0,,,-32000.0,0.31,2.23
dnarelax,dux4,5z6z,87,1,477,12,5,177.8,0,0,,,-46800.0,0.3,2.22
dnarelax,dux4,5z6z,88,1,496,24,5,1253.1,0,0,,,-44500.0,0.08,2.24
dnarelax,dux4,5z6z,89,1,474,23,5,464.4,0,0,,,-46000.0,0.16,2.16
dnarelax,dux4,5z6z,9,1,560,48,,529.4,0,0,,,-30700.0,0.17,2.22
dnarelax,dux4,5z6z,90,1,534,10,5,388.0,0,0,,,-53000.0,0.32,2.2
dnarelax,dux4,5z6z,91,1,687,34,,170.4,0,0,,,-34700.0,0.22,2.14
dnarelax,dux4,5z6z,92,1,475,44,,1119.7,0,0,,,-30800.0,0.38,2.13
dnarelax,dux4,5z6z,93,1,276,12,5,244.3,0,0,,,-55000.0,0.09,2.3
dnarelax,dux4,5z6z,94,1,330,0,5,666.5,0,0,,,-62100.0,0.18,2.62
dnarelax,egr1,1aay,1,1,24,0,5,41.0,3,2,0.11,0.39,-39200.0,0.88,2.68
dnarelax,egr1,1aay,10,1,7,0,5,67.8,3,3,0.1,0.18,-39700.0,1.98,2.7
dnarelax,egr1,1aay,11,1,58,47,,414.2,3,3,0.03,0.06,-16300000.0,0.31,0.96
dnarelax,egr1,1aay,12,0,68,,,,3,2,,,,0.44,
dnarelax,egr1,1aay,13,1,75,0,5,216.3,3,2,0.26,0.84,-39400.0,0.8,2.56
dnarelax,egr1,1aay,14,1,44,0,5,411.8,3,2,0.12,0.26,-39600.0,0.22,2.58
dnarelax,egr1,1aay,15,1,27,0,5,72.5,3,3,0.09,0.27,-39300.0,0.62,2.66
dnarelax,egr1,1aay,16,1,62,12,,35.4,3,2,0.15,0.2,-30900.0,1.05,2.21
dnarelax,egr1,1aay,17,1,58,12,,92.9,3,3,0.1,0.28,-31000.0,0.56,2.21
dnarelax,egr1,1aay,18,1,40,0,5,140.7,3,3,0.1,0.23,-39600.0,1.35,2.67
dnarelax,egr1,1aay,19,1,52,0,5,90.4,3,3,0.1,0.23,-39500.0,0.73,2.67
dnarelax,egr1,1aay,2,1,44,0,5,221.1,3,3,0.13,0.3,-39600.0,1.14,2.58
dnarelax,egr1,1aay,20,1,22,0,5,152.5,3,3,0.1,0.32,-39500.0,1.6,2.67
dnarelax,egr1,1aay,21,1,26,0,5,474.9,3,3,0.11,0.19,-39600.0,1.19,2.65
dnarelax,egr1,1aay,22,1,27,0,5,69.4,3,3,0.08,0.27,-39600.0,1.26,2.72
dnarelax,egr1,1aay,23,1,58,0,5,282.1,3,2,0.15,0.25,-39400.0,0.35,2.57
dnarelax,egr1,1aay,24,1,36,0,5,153.1,3,3,0.14,0.36,-39500.0,0.61,2.62
dnarelax,egr1,1aay,25,1,22,0,5,125.3,3,3,0.16,0.4,-39600.0,1.34,2.62
dnarelax,egr1,1aay,26,0,56,,,,3,2,,,,0.71,
dnarelax,egr1,1aay,27,0,128,,,,3,2,,,,0.22,
dnarelax,egr1,1aay,28,1,64,0,5,173.7,3,3,0.09,0.14,-39600.0,0.64,2.58
dnarelax,egr1,1aay,29,1,25,0,5,64.2,3,3,0.13,0.29,-39700.0,1.02,2.64
dnarelax,egr1,1aay,3,1,98,0,5,168.3,3,0,,,-39200.0,0.6,2.57
dnarelax,egr1,1aay,30,1,81,12,,190.9,3,2,0.29,1.08,-30700.0,0.45,2.21
dnarelax,egr1,1aay,31,1,33,0,5,304.8,3,2,0.09,0.23,-39600.0,1.0,2.64
dnarelax,egr1,1aay,32,1,18,0,5,26.4,3,2,0.11,0.33,-39600.0,1.4,2.68
dnarelax,egr1,1aay,33,1,15,0,5,20.2,3,2,0.14,0.4,-39500.0,1.0,2.59
dnarelax,egr1,1aay,34,1,74,0,5,250.5,3,2,0.12,0.22,-39300.0,0.34,2.61
dnarelax,egr1,1aay,35,1,28,0,5,74.1,3,0,,,-39200.0,0.97,2.62
dnarelax,egr1,1aay,36,0,40,,,,3,3,,,,0.74,
dnarelax,egr1,1aay,37,1,38,0,5,63.9,3,3,0.18,0.28,-39500.0,0.67,2.58
dnarelax,egr1,1aay,38,1,35,12,,124.6,3,3,0.12,0.37,-30900.0,0.64,2.21
dnarelax,egr1,1aay,39,1,68,0,5,68.4,3,3,0.16,0.68,-39200.0,0.73,2.58
dnarelax,egr1,1aay,4,1,57,11,6,191.7,3,1,0.28,0.59,-30600.0,0.44,2.14
dnarelax,egr1,1aay,40,1,27,0,5,77.6,3,2,0.07,0.08,-39400.0,0.6,2.65
dnarelax,egr1,1aay,41,1,73,0,5,115.3,3,2,0.1,0.19,-39300.0,0.42,2.62
dnarelax,egr1,1aay,42,1,19,0,5,218.7,3,3,0.15,0.52,-39600.0,1.15,2.65
dnarelax,egr1,1aay,43,1,9,0,5,144.8,3,3,0.11,0.31,-39500.0,1.45,2.73
dnarelax,egr1,1aay,44,1,59,12,,107.6,3,2,0.08,0.21,-30700.0,0.59,2.21
dnarelax,egr1,1aay,45,0,56,,,,3,0,,,,0.95,
dnarelax,egr1,1aay,46,1,8,0,5,40.8,3,2,0.08,0.2,-39700.0,1.72,2.66
dnarelax,egr1,1aay,47,1,48,0,5,292.9,3,3,0.08,0.26,-39400.0,0.68,2.7
dnarelax,egr1,1aay,48,1,64,0,5,35.0,3,2,0.09,0.2,-39400.0,0.6,2.58
dnarelax,egr1,1aay,49,0,100,,,,3,2,,,,0.43,
dnarelax,egr1,1aay,5,1,55,0,5,60.7,3,3,0.13,0.19,-39300.0,0.77,2.7
dnarelax,egr1,1aay,50,0,56,,,,3,2,,,,0.74,
dnarelax,egr1,1aay,51,0,38,,,,3,3,,,,1.58,
dnarelax,egr1,1aay,52,1,52,0,5,446.9,3,2,0.15,0.28,-39500.0,0.27,2.59
dnarelax,egr1,1aay,53,1,47,0,5,417.1,3,2,0.14,0.27,-39400.0,0.38,2.57
dnarelax,egr1,1aay,54,1,25,0,5,87.8,3,3,0.14,0.4,-39400.0,1.17,2.6
dnarelax,egr1,1aay,55,1,41,0,5,140.5,3,2,0.18,0.38,-39400.0,0.89,2.57
dnarelax,egr1,1aay,56,1,15,0,5,80.0,3,2,0.07,0.18,-39500.0,1.36,2.6
dnarelax,egr1,1aay,57,1,79,12,,194.4,3,2,0.14,0.36,-30800.0,0.54,2.21
dnarelax,egr1,1aay,58,1,30,0,5,181.8,3,3,0.09,0.31,-39500.0,0.51,2.69
dnarelax,egr1,1aay,59,1,55,0,5,135.4,3,2,0.15,0.28,-39500.0,0.4,2.68
dnarelax,egr1,1aay,6,1,59,0,5,307.0,3,2,0.14,0.23,-39300.0,0.61,2.63
dnarelax,egr1,1aay,60,1,83,0,5,45.2,3,0,,,-39100.0,0.69,2.57
dnarelax,egr1,1aay,61,1,101,0,5,534.5,3,2,0.13,0.32,-39400.0,0.45,2.61
dnarelax,egr1,1aay,62,1,25,0,5,362.0,3,3,0.16,0.51,-39500.0,0.98,2.59
dnarelax,egr1,1aay,63,1,33,0,5,126.7,3,3,0.13,0.47,-39700.0,0.21,2.64
dnarelax,egr1,1aay,64,1,30,0,5,153.4,3,2,0.07,0.22,-39700.0,0.9,2.62
dnarelax,egr1,1aay,65,1,50,0,5,258.6,3,2,0.12,0.2,-39700.0,0.39,2.54
dnarelax,egr1,1aay,66,1,47,0,5,92.5,3,2,0.1,0.22,-39700.0,0.77,2.71
dnarelax,egr1,1aay,67,1,32,12,,39.2,3,3,0.14,0.28,-31000.0,0.67,2.21
dnarelax,egr1,1aay,68,1,56,0,5,37.3,3,2,0.09,0.11,-39500.0,0.54,2.59
dnarelax,egr1,1aay,69,1,487,21,5,393.3,3,0,,,-14900.0,0.21,2.14
dnarelax,egr1,1aay,7,1,79,0,5,90.5,3,2,0.13,0.31,-39300.0,0.25,2.61
dnarelax,egr1,1aay,70,1,118,0,5,322.5,3,1,0.22,0.22,-39000.0,0.23,2.75
dnarelax,egr1,1aay,71,1,20,0,5,45.5,3,3,0.12,0.3,-39600.0,0.85,2.66
dnarelax,egr1,1aay,72,1,156,0,5,564.7,3,0,,,-37300.0,0.43,2.51
dnarelax,egr1,1aay,73,1,45,0,5,123.3,3,3,0.11,0.34,-39600.0,0.59,2.66
dnarelax,egr1,1aay,74,1,40,0,5,43.1,3,3,0.11,0.25,-39500.0,1.0,2.64
dnarelax,egr1,1aay,75,1,11,0,5,279.2,3,2,0.12,0.31,-39500.0,1.34,2.63
dnarelax,egr1,1aay,76,0,44,,,,3,2,,,,0.7,
dnarelax,egr1,1aay,77,1,44,36,,232.7,3,3,0.07,0.14,-12700000.0,1.17,0.96
dnarelax,egr1,1aay,78,1,35,0,5,176.6,3,3,0.11,0.21,-39500.0,0.96,2.7
dnarelax,egr1,1aay,79,1,92,0,5,24.3,3,2,0.06,0.13,-39100.0,0.85,2.62
dnarelax,egr1,1aay,8,1,24,0,5,47.9,3,3,0.07,0.24,-39400.0,1.44,2.59
dnarelax,egr1,1aay,80,1,16,0,5,273.9,3,2,0.09,0.24,-39200.0,1.07,2.61
dnarelax,egr1,1aay,81,0,24,,,,3,3,,,,1.09,
dnarelax,egr1,1aay,82,1,283,22,,207.0,3,0,,,-22100.0,0.28,2.16
dnarelax,egr1,1aay,83,1,64,0,5,467.6,3,0,,,-38900.0,0.35,2.74
dnarelax,egr1,1aay,84,1,17,0,5,189.2,3,3,0.09,0.27,-39500.0,1.28,2.67
dnarelax,egr1,1aay,85,1,56,0,5,30.1,3,2,0.11,0.16,-39600.0,0.95,2.59
dnarelax,egr1,1aay,86,1,52,0,5,161.0,3,2,0.11,0.34,-39400.0,0.59,2.62
dnarelax,egr1,1aay,87,1,53,0,5,102.1,3,2,0.13,0.21,-39500.0,0.67,2.67
dnarelax,egr1,1aay,88,1,26,0,5,233.8,3,2,0.13,0.38,-39500.0,0.26,2.7
dnarelax,egr1,1aay,89,1,8,0,5,92.3,3,2,0.17,0.33,-39600.0,1.15,2.77
dnarelax,egr1,1aay,9,1,18,0,5,101.0,3,3,0.13,0.29,-39800.0,1.2,2.62
dnarelax,egr1,1aay,90,1,52,0,5,91.5,3,3,0.09,0.21,-39300.0,0.76,2.64
dnarelax,egr1,1aay,91,1,40,0,5,109.8,3,2,0.12,0.18,-39500.0,0.65,2.7
dnarelax,egr1,1aay,92,1,61,0,5,170.7,3,2,0.07,0.12,-39400.0,0.41,2.63
dnarelax,egr1,1aay,93,1,26,0,5,171.2,3,2,0.12,0.24,-39600.0,0.82,2.61
dnarelax,egr1,1aay,94,1,46,12,,209.2,3,3,0.1,0.23,-31000.0,0.63,2.21
dnarelax,egr1,1aay,95,1,16,0,5,36.8,3,2,0.18,0.37,-39500.0,1.44,2.71
dnarelax,egr1,1aay,96,1,27,0,5,117.2,3,2,0.13,0.22,-39500.0,0.3,2.63
dnarelax,egr1,1aay,97,0,49,,,,3,3,,,,0.7,
dnarelax,egr1,1aay,98,1,78,0,5,29.8,3,2,0.1,0.3,-39600.0,0.74,2.59
dnarelax,foxa,1vtn,1,1,73,0,5,246.1,1,0,,,-36700.0,0.7,2.58
dnarelax,foxa,1vtn,10,1,418,21,,499.6,1,0,,,-14600.0,0.36,2.17
dnarelax,foxa,1vtn,11,1,297,18,,437.1,1,0,,,-25200.0,0.27,2.12
dnarelax,foxa,1vtn,12,1,118,0,5,471.1,1,0,,,-36300.0,0.34,2.58
dnarelax,foxa,1vtn,13,1,212,12,,52.4,1,0,,,-28700.0,0.32,2.28
dnarelax,foxa,1vtn,14,1,94,0,5,94.6,1,0,,,-25800.0,0.59,2.57
dnarelax,foxa,1vtn,15,1,50,0,5,423.8,1,0,,,-36900.0,0.69,2.61
dnarelax,foxa,1vtn,16,0,18,,,,1,0,,,,0.86,
dnarelax,foxa,1vtn,17,1,42,0,5,19.2,1,0,,,-37000.0,1.01,2.61
dnarelax,foxa,1vtn,18,1,282,10,5,429.4,1,0,,,-26500.0,0.51,2.23
dnarelax,foxa,1vtn,19,0,213,,,,1,0,,,,0.56,
dnarelax,foxa,1vtn,2,1,92,0,5,231.1,1,0,,,-34800.0,0.47,2.52
dnarelax,foxa,1vtn,20,1,67,0,5,302.3,1,0,,,-36600.0,0.56,2.59
dnarelax,foxa,1vtn,21,1,63,0,5,449.3,1,0,,,-36400.0,0.42,2.6
dnarelax,foxa,1vtn,22,1,41,0,5,49.4,1,0,,,-36600.0,0.51,2.55
dnarelax,foxa,1vtn,23,1,94,0,5,265.0,1,0,,,-36500.0,0.44,2.58
dnarelax,foxa,1vtn,24,1,161,0,5,203.4,1,0,,,-34800.0,0.56,2.58
dnarelax,foxa,1vtn,25,1,250,16,,213.3,1,0,,,-22700.0,0.46,2.21
dnarelax,foxa,1vtn,26,1,190,0,5,132.5,1,0,,,-35800.0,0.56,2.64
dnarelax,foxa,1vtn,27,0,105,,,,1,0,,,,0.57,
dnarelax,foxa,1vtn,28,1,49,0,5,59.6,1,0,,,-36500.0,0.52,2.58
dnarelax,foxa,1vtn,29,1,63,0,5,554.5,1,0,,,-36300.0,0.57,2.77
dnarelax,foxa,1vtn,3,1,44,0,5,90.8,1,0,,,-36700.0,0.34,2.63
dnarelax,foxa,1vtn,30,1,64,0,5,338.6,1,0,,,-36900.0,0.61,2.56
dnarelax,foxa,1vtn,31,1,58,0,5,75.7,1,0,,,-37100.0,0.77,2.58
dnarelax,foxa,1vtn,32,1,221,11,5,703.2,1,0,,,-24600.0,0.36,2.16
dnarelax,foxa,1vtn,33,1,139,0,5,594.4,1,0,,,-36100.0,0.53,2.57
dnarelax,foxa,1vtn,34,1,44,0,5,491.5,1,0,,,-37100.0,0.76,2.63
dnarelax,foxa,1vtn,35,1,354,0,5,402.3,1,0,,,-34000.0,0.2,2.62
dnarelax,foxa,1vtn,36,1,225,10,5,179.6,1,0,,,-28600.0,0.52,2.21
dnarelax,foxa,1vtn,37,1,65,0,5,357.5,1,0,,,-36600.0,0.48,2.61
dnarelax,foxa,1vtn,38,1,73,0,5,91.6,1,0,,,-35600.0,0.65,2.58
dnarelax,foxa,1vtn,39,1,82,0,5,75.4,1,0,,,-24100.0,0.39,2.57
dnarelax,foxa,1vtn,4,1,22,0,5,393.0,1,0,,,-37200.0,1.04,2.59
dnarelax,foxa,1vtn,40,0,36,,,,1,0,,,,0.58,
dnarelax,foxa,1vtn,41,1,43,0,5,225.4,1,0,,,-36900.0,0.25,2.57
dnarelax,foxa,1vtn,42,1,183,0,5,998.8,1,0,,,-35800.0,0.39,2.54
dnarelax,foxa,1vtn,43,1,53,0,5,431.9,1,0,,,-36600.0,0.33,2.62
dnarelax,foxa,1vtn,44,1,148,19,,646.5,1,0,,,-26800.0,0.31,2.13
dnarelax,foxa,1vtn,45,1,33,0,5,72.3,1,0,,,-37000.0,0.6,2.58
dnarelax,foxa,1vtn,46,0,169,,,,1,0,,,,0.15,
dnarelax,foxa,1vtn,47,1,175,0,5,163.8,1,0,,,-35400.0,0.57,2.74
dnarelax,foxa,1vtn,48,1,41,0,5,46.7,1,0,,,-37200.0,0.65,2.62
dnarelax,foxa,1vtn,49,1,59,0,5,206.2,1,0,,,-36100.0,0.44,2.6
dnarelax,foxa,1vtn,5,1,247,17,,455.1,1,0,,,-21000.0,0.24,2.17
dnarelax,foxa,1vtn,50,1,185,10,,116.5,1,0,,,-28300.0,0.62,2.13
dnarelax,foxa,1vtn,51,1,27,0,5,247.6,1,0,,,-36900.0,1.16,2.61
dnarelax,foxa,1vtn,52,1,97,20,,232.1,1,0,,,-19400.0,0.37,2.14
dnarelax,foxa,1vtn,53,1,128,129,,1145.9,1,0,,,205000000.0,0.52,0.8
dnarelax,foxa,1vtn,54,1,48,0,5,177.8,1,0,,,-36300.0,0.54,2.58
dnarelax,foxa,1vtn,55,1,38,0,5,149.5,1,0,,,-36200.0,0.57,2.55
dnarelax,foxa,1vtn,56,1,177,0,5,213.8,1,0,,,-34100.0,0.26,2.64
dnarelax,foxa,1vtn,57,1,225,11,5,359.0,1,0,,,-26300.0,0.48,2.11
dnarelax,foxa,1vtn,58,0,109,,,,1,0,,,,0.3,
dnarelax,foxa,1vtn,59,0,77,,,,1,0,,,,0.78,
dnarelax,foxa,1vtn,6,1,121,20,,230.1,1,0,,,-26100.0,0.59,2.13
dnarelax,foxa,1vtn,60,0,205,,,,1,0,,,,0.34,
dnarelax,foxa,1vtn,61,1,72,10,,497.0,1,0,,,-29700.0,0.83,2.2
dnarelax,foxa,1vtn,62,1,190,10,,690.5,1,0,,,-26400.0,0.19,2.02
dnarelax,foxa,1vtn,63,1,77,0,5,139.2,1,0,,,-36500.0,0.64,2.58
dnarelax,foxa,1vtn,64,1,76,0,5,206.5,1,0,,,-36500.0,0.78,2.6
dnarelax,foxa,1vtn,65,1,98,0,5,40.1,1,0,,,-36400.0,0.51,2.61
dnarelax,foxa,1vtn,66,1,279,0,5,175.8,1,0,,,-35300.0,0.29,2.76
dnarelax,foxa,1vtn,67,1,39,0,5,57.3,1,0,,,-37000.0,0.57,2.59
dnarelax,foxa,1vtn,68,1,35,0,5,541.4,1,0,,,-36800.0,1.13,2.62
dnarelax,foxa,1vtn,69,0,17,,,,1,0,,,,0.61,
dnarelax,foxa,1vtn,7,1,57,0,6,87.0,1,0,,,-37000.0,0.58,2.6
dnarelax,foxa,1vtn,70,0,190,,,,1,0,,,,0.18,
dnarelax,foxa,1vtn,71,1,40,0,5,216.3,1,0,,,-36900.0,0.87,2.6
dnarelax,foxa,1vtn,72,1,83,0,5,334.1,1,0,,,-36400.0,0.54,2.61
dnarelax,foxa,1vtn,73,1,44,0,5,593.5,1,0,,,-28900.0,0.89,2.6
dnarelax,foxa,1vtn,74,1,216,12,,229.1,1,0,,,-27900.0,0.55,2.18
dnarelax,foxa,1vtn,75,1,76,0,5,856.1,1,0,,,-36500.0,0.25,2.58
dnarelax,foxa,1vtn,76,1,156,6,5,228.9,1,0,,,-28000.0,0.47,2.11
dnarelax,foxa,1vtn,77,1,180,12,,202.1,1,0,,,-28200.0,0.35,2.28
dnarelax,foxa,1vtn,78,1,152,10,,123.2,1,0,,,-27600.0,0.53,2.24
dnarelax,foxa,1vtn,79,1,41,10,,480.1,1,0,,,-28200.0,0.54,2.12
dnarelax,foxa,1vtn,8,1,77,0,5,129.0,1,0,,,-36800.0,0.65,2.63
dnarelax,foxa,1vtn,80,1,9,0,5,514.0,1,0,,,-36900.0,1.5,2.71
dnarelax,foxa,1vtn,81,0,35,,,,1,0,,,,0.85,
dnarelax,foxa,1vtn,82,1,273,0,,414.1,1,0,,,-34200.0,0.31,2.67
dnarelax,foxa,1vtn,83,1,78,0,5,225.1,1,0,,,-36900.0,0.54,2.57
dnarelax,foxa,1vtn,84,1,40,0,5,58.9,1,0,,,-36800.0,0.92,2.61
dnarelax,foxa,1vtn,85,1,62,0,5,506.7,1,0,,,-36200.0,0.2,2.75
dnarelax,foxa,1vtn,86,1,333,18,,316.4,1,0,,,-19300.0,0.47,2.2
dnarelax,foxa,1vtn,87,1,51,0,5,33.8,1,0,,,-36800.0,0.75,2.59
dnarelax,foxa,1vtn,88,1,9,0,5,452.4,1,0,,,-36900.0,1.82,2.58
dnarelax,foxa,1vtn,89,1,58,0,5,111.4,1,0,,,-37000.0,0.51,2.58
dnarelax,foxa,1vtn,9,1,104,0,5,388.9,1,0,,,-36500.0,0.87,2.61
dnarelax,foxa,1vtn,90,1,57,0,5,474.0,1,0,,,-35300.0,0.82,2.55
dnarelax,foxa,1vtn,91,1,194,0,5,186.8,1,0,,,-35700.0,0.18,2.57
dnarelax,foxa,1vtn,92,1,40,40,,236.0,1,0,,,-20300000.0,0.72,1.08
dnarelax,engrailed,3hdd,1,1,4,0,5,71.6,0,0,,,-47600.0,1.61,2.62
dnarelax,engrailed,3hdd,10,1,54,0,5,259.5,0,0,,,-47200.0,0.83,2.66
dnarelax,engrailed,3hdd,11,1,13,0,5,148.2,0,0,,,-47400.0,0.76,2.74
dnarelax,engrailed,3hdd,12,1,7,0,5,58.1,0,0,,,-47500.0,1.62,2.74
dnarelax,engrailed,3hdd,13,0,3,,,,0,0,,,,1.4,
dnarelax,engrailed,3hdd,14,0,112,,,,0,0,,,,0.64,
dnarelax,engrailed,3hdd,15,1,9,0,5,111.1,0,0,,,-47600.0,1.9,2.71
dnarelax,engrailed,3hdd,16,1,20,0,5,192.0,0,0,,,-47400.0,1.17,2.74
dnarelax,engrailed,3hdd,17,1,31,0,5,214.7,0,0,,,-47200.0,0.72,2.7
dnarelax,engrailed,3hdd,18,1,6,0,5,37.1,0,0,,,-47500.0,0.81,2.68
dnarelax,engrailed,3hdd,19,1,49,0,5,135.6,0,0,,,-47200.0,0.74,2.6
dnarelax,engrailed,3hdd,2,1,36,0,5,44.8,0,0,,,-47000.0,0.86,2.76
dnarelax,engrailed,3hdd,20,1,41,0,5,70.7,0,0,,,-47400.0,1.29,2.75
dnarelax,engrailed,3hdd,21,1,25,0,5,239.7,0,0,,,-47300.0,0.4,2.76
dnarelax,engrailed,3hdd,22,1,50,0,5,68.9,0,0,,,-47300.0,0.39,2.65
dnarelax,engrailed,3hdd,23,1,28,0,5,54.4,0,0,,,-47300.0,0.66,2.78
dnarelax,engrailed,3hdd,24,1,40,0,5,104.6,0,0,,,-47100.0,0.71,2.78
dnarelax,engrailed,3hdd,25,1,28,0,5,36.1,0,0,,,-47400.0,0.7,2.77
dnarelax,engrailed,3hdd,26,1,4,0,5,35.1,0,0,,,-47500.0,1.44,2.77
dnarelax,engrailed,3hdd,27,1,30,0,5,139.9,0,0,,,-47300.0,0.57,2.6
dnarelax,engrailed,3hdd,28,1,19,0,5,37.2,0,0,,,-47600.0,0.61,2.6
dnarelax,engrailed,3hdd,29,1,5,0,5,54.5,0,0,,,-47500.0,1.82,2.65
dnarelax,engrailed,3hdd,3,1,41,0,5,193.3,0,0,,,-47200.0,1.15,2.71
dnarelax,engrailed,3hdd,30,1,40,0,5,136.7,0,0,,,-46900.0,0.27,2.62
dnarelax,engrailed,3hdd,31,1,47,10,,262.8,0,0,,,-40100.0,0.5,2.12
dnarelax,engrailed,3hdd,32,1,4,0,5,70.7,0,0,,,-47500.0,1.64,2.74
dnarelax,engrailed,3hdd,33,1,39,0,5,40.2,0,0,,,-36700.0,0.67,2.7
dnarelax,engrailed,3hdd,34,1,39,0,5,216.5,0,0,,,-47400.0,0.73,2.73
dnarelax,engrailed,3hdd,35,1,24,0,5,25.6,0,0,,,-47500.0,1.03,2.64
dnarelax,engrailed,3hdd,36,1,14,0,5,177.2,0,0,,,-47500.0,0.78,2.75
dnarelax,engrailed,3hdd,37,1,29,0,5,232.2,0,0,,,-47500.0,0.72,2.78
dnarelax,engrailed,3hdd,38,1,12,0,5,58.2,0,0,,,-47500.0,0.78,2.78
dnarelax,engrailed,3hdd,39,1,26,0,5,311.5,0,0,,,-47300.0,0.61,2.57
dnarelax,engrailed,3hdd,4,1,18,0,5,81.4,0,0,,,-47500.0,1.09,2.76
dnarelax,engrailed,3hdd,40,1,49,0,5,103.9,0,0,,,-47200.0,0.6,2.72
dnarelax,engrailed,3hdd,41,1,53,0,5,161.2,0,0,,,-47200.0,0.52,2.66
dnarelax,engrailed,3hdd,42,1,21,0,5,146.9,0,0,,,-47300.0,0.71,2.68
dnarelax,engrailed,3hdd,43,1,63,10,,57.2,0,0,,,-39700.0,0.38,2.19
dnarelax,engrailed,3hdd,44,1,38,0,5,61.7,0,0,,,-47300.0,0.59,2.74
dnarelax,engrailed,3hdd,45,1,18,0,5,143.7,0,0,,,-47300.0,0.57,2.66
dnarelax,engrailed,3hdd,46,0,35,,,,0,0,,,,0.74,
dnarelax,engrailed,3hdd,47,1,38,0,5,127.5,0,0,,,-47200.0,0.41,2.71
dnarelax,engrailed,3hdd,48,1,2,0,5,151.2,0,0,,,-47500.0,2.1,2.75
dnarelax,engrailed,3hdd,49,1,65,0,5,43.1,0,0,,,-46900.0,0.5,2.57
dnarelax,engrailed,3hdd,5,1,106,0,6,104.8,0,0,,,-46700.0,0.52,2.62
dnarelax,engrailed,3hdd,50,1,6,0,5,51.0,0,0,,,-47000.0,1.33,2.72
dnarelax,engrailed,3hdd,51,1,49,0,5,75.8,0,0,,,-47300.0,0.53,2.73
dnarelax,engrailed,3hdd,52,0,27,,,,0,0,,,,0.7,
dnarelax,engrailed,3hdd,53,1,0,0,,118.3,0,0,,,-47600.0,2.66,2.75
dnarelax,engrailed,3hdd,54,1,11,0,5,193.9,0,0,,,-47600.0,1.0,2.74
dnarelax,engrailed,3hdd,55,1,14,0,5,132.6,0,0,,,-47300.0,0.69,2.81
dnarelax,engrailed,3hdd,56,1,41,10,,47.9,0,0,,,-40200.0,0.51,2.2
dnarelax,engrailed,3hdd,57,1,24,0,5,162.4,0,0,,,-47400.0,0.63,2.76
dnarelax,engrailed,3hdd,58,1,40,0,5,38.1,0,0,,,-47200.0,0.9,2.73
dnarelax,engrailed,3hdd,59,0,36,,,,0,0,,,,0.62,
dnarelax,engrailed,3hdd,6,1,19,0,5,334.4,0,0,,,-47500.0,0.92,2.76
dnarelax,engrailed,3hdd,60,1,46,0,5,61.0,0,0,,,-47400.0,0.54,2.65
dnarelax,engrailed,3hdd,61,1,71,0,5,303.5,0,0,,,-47400.0,0.45,2.63
dnarelax,engrailed,3hdd,62,1,2,0,1,120.4,0,0,,,-47200.0,2.11,2.77
dnarelax,engrailed,3hdd,63,1,35,0,5,57.9,0,0,,,-47500.0,0.82,2.78
dnarelax,engrailed,3hdd,64,0,43,,,,0,0,,,,0.78,
dnarelax,engrailed,3hdd,65,1,19,0,5,126.2,0,0,,,-47300.0,1.07,2.76
dnarelax,engrailed,3hdd,66,0,78,,,,0,0,,,,0.47,
dnarelax,engrailed,3hdd,67,1,61,12,,205.5,0,0,,,-40400.0,0.68,2.29
dnarelax,engrailed,3hdd,68,1,21,0,5,126.9,0,0,,,-47600.0,0.82,2.76
dnarelax,engrailed,3hdd,69,1,1,0,1,14.3,0,0,,,-47600.0,1.85,2.77
dnarelax,engrailed,3hdd,7,1,14,0,5,128.4,0,0,,,-47200.0,1.65,2.72
dnarelax,engrailed,3hdd,70,1,8,0,5,59.3,0,0,,,-47500.0,1.78,2.77
dnarelax,engrailed,3hdd,71,1,29,0,5,228.2,0,0,,,-47300.0,0.46,2.74
dnarelax,engrailed,3hdd,72,1,52,0,5,260.3,0,0,,,-47300.0,0.59,2.72
dnarelax,engrailed,3hdd,73,1,42,0,5,149.7,0,0,,,-47300.0,0.71,2.77
dnarelax,engrailed,3hdd,74,1,4,0,5,108.7,0,0,,,-47500.0,1.56,2.77
dnarelax,engrailed,3hdd,75,1,10,0,5,63.3,0,0,,,-47300.0,1.38,2.77
dnarelax,engrailed,3hdd,76,1,17,0,5,35.6,0,0,,,-47600.0,1.12,2.81
dnarelax,engrailed,3hdd,77,1,21,0,5,238.0,0,0,,,-47300.0,0.27,2.74
dnarelax,engrailed,3hdd,78,0,23,,,,0,0,,,,1.0,
dnarelax,engrailed,3hdd,79,1,21,0,5,167.2,0,0,,,-47400.0,0.98,2.67
dnarelax,engrailed,3hdd,8,1,35,0,5,69.1,0,0,,,-47300.0,0.98,2.76
dnarelax,engrailed,3hdd,80,1,24,0,5,98.6,0,0,,,-47400.0,0.65,2.56
dnarelax,engrailed,3hdd,81,1,20,0,5,96.9,0,0,,,-47600.0,0.99,2.76
dnarelax,engrailed,3hdd,82,1,24,0,5,94.3,0,0,,,-47300.0,0.47,2.61
dnarelax,engrailed,3hdd,83,1,25,0,5,22.5,0,0,,,-47500.0,0.8,2.74
dnarelax,engrailed,3hdd,84,1,52,0,5,88.5,0,0,,,-47200.0,0.74,2.59
dnarelax,engrailed,3hdd,85,1,23,0,5,72.2,0,0,,,-47200.0,1.15,2.78
dnarelax,engrailed,3hdd,86,1,15,0,5,83.0,0,0,,,-47300.0,0.84,2.76
dnarelax,engrailed,3hdd,87,1,9,0,5,53.2,0,0,,,-47500.0,1.49,2.76
dnarelax,engrailed,3hdd,88,0,18,,,,0,0,,,,0.71,
dnarelax,engrailed,3hdd,89,1,13,0,5,247.9,0,0,,,-47400.0,0.98,2.74
dnarelax,engrailed,3hdd,9,1,36,0,5,240.8,0,0,,,-40600.0,0.6,2.71
dnarelax,engrailed,3hdd,90,1,26,0,5,331.7,0,0,,,-47600.0,0.91,2.75
dnarelax,engrailed,3hdd,91,1,23,0,5,16.1,0,0,,,-47200.0,0.69,2.65
dnarelax,engrailed,3hdd,92,1,11,0,5,40.9,0,0,,,-47400.0,1.34,2.71
dnarelax,engrailed,3hdd,93,1,12,0,5,151.8,0,0,,,-47400.0,0.97,2.75
dnarelax,engrailed,3hdd,94,1,31,0,5,174.1,0,0,,,-46600.0,0.41,2.6
dnarelax,engrailed,3hdd,95,1,34,0,5,18.3,0,0,,,-47400.0,0.47,2.77
dnarelax,engrailed,3hdd,96,1,36,0,5,54.5,0,0,,,-47200.0,0.27,2.71
dnarelax,engrailed,3hdd,97,1,6,0,5,71.6,0,0,,,-47500.0,0.97,2.73
dnarelax,ets1,1k79,1,1,67,0,5,22.6,0,0,,,-42900.0,0.84,2.56
dnarelax,ets1,1k79,10,1,55,0,5,106.6,0,0,,,-43400.0,0.54,2.57
dnarelax,ets1,1k79,100,1,48,0,5,603.5,0,0,,,-42900.0,0.47,2.59
dnarelax,ets1,1k79,11,0,49,,,,0,0,,,,1.01,
dnarelax,ets1,1k79,12,1,49,0,5,58.2,0,0,,,-43200.0,0.59,2.57
dnarelax,ets1,1k79,13,0,42,,,,0,0,,,,0.88,
dnarelax,ets1,1k79,14,1,60,0,5,73.8,0,0,,,-42800.0,0.53,2.58
dnarelax,ets1,1k79,15,1,48,0,5,142.2,0,0,,,-43100.0,0.84,2.57
dnarelax,ets1,1k79,16,1,47,11,,265.9,0,0,,,-34700.0,0.6,2.13
dnarelax,ets1,1k79,17,1,65,0,5,187.2,0,0,,,-43200.0,0.43,2.57
dnarelax,ets1,1k79,18,1,80,11,,106.6,0,0,,,-34300.0,0.51,2.16
dnarelax,ets1,1k79,19,1,50,0,5,342.8,0,0,,,-43100.0,0.88,2.6
dnarelax,ets1,1k79,2,1,49,0,5,33.8,0,0,,,-42700.0,0.58,2.59
dnarelax,ets1,1k79,20,1,66,0,5,279.7,0,0,,,-43000.0,1.13,2.56
dnarelax,ets1,1k79,21,1,57,0,5,42.9,0,0,,,-42700.0,0.3,2.6
dnarelax,ets1,1k79,22,1,44,11,,105.3,0,0,,,-26700.0,0.1,2.07
dnarelax,ets1,1k79,23,1,97,10,,37.5,0,0,,,-34400.0,0.27,2.26
dnarelax,ets1,1k79,24,0,72,,,,0,0,,,,0.76,
dnarelax,ets1,1k79,25,1,58,0,5,12.7,0,0,,,-43200.0,0.72,2.58
dnarelax,ets1,1k79,26,1,47,0,5,112.5,0,0,,,-43100.0,0.93,2.62
dnarelax,ets1,1k79,27,0,50,,,,0,0,,,,0.58,
dnarelax,ets1,1k79,28,0,55,,,,0,0,,,,0.35,
dnarelax,ets1,1k79,29,1,55,12,,23.4,0,0,,,-24200.0,0.83,2.21
dnarelax,ets1,1k79,3,1,62,0,6,110.1,0,0,,,-43000.0,0.52,2.59
dnarelax,ets1,1k79,30,1,65,0,5,65.4,0,0,,,-43400.0,0.36,2.61
dnarelax,ets1,1k79,31,1,57,12,,168.9,0,0,,,-34900.0,0.65,2.21
dnarelax,ets1,1k79,32,1,46,0,5,129.5,0,0,,,-43500.0,0.76,2.56
dnarelax,ets1,1k79,33,1,62,0,5,177.3,0,0,,,-42900.0,0.64,2.59
dnarelax,ets1,1k79,34,1,50,0,5,147.2,0,0,,,-42600.0,1.1,2.56
dnarelax,ets1,1k79,35,1,65,0,5,168.9,0,0,,,-43200.0,0.66,2.55
dnarelax,ets1,1k79,36,1,50,0,5,128.6,0,0,,,-42800.0,0.71,2.6
dnarelax,ets1,1k79,37,1,33,0,5,103.1,0,0,,,-32500.0,0.24,2.59
dnarelax,ets1,1k79,38,1,45,0,5,338.6,0,0,,,-43000.0,0.68,2.6
dnarelax,ets1,1k79,39,1,55,0,5,216.0,0,0,,,-43100.0,0.58,2.53
dnarelax,ets1,1k79,4,0,87,,,,0,0,,,,0.68,
dnarelax,ets1,1k79,40,1,43,0,5,237.6,0,0,,,-42900.0,0.46,2.57
dnarelax,ets1,1k79,41,1,36,0,5,221.8,0,0,,,-43100.0,1.07,2.59
dnarelax,ets1,1k79,42,1,41,0,5,47.0,0,0,,,-43400.0,0.57,2.58
dnarelax,ets1,1k79,43,0,39,,,,0,0,,,,0.61,
dnarelax,ets1,1k79,44,1,63,0,5,240.3,0,0,,,-32700.0,0.31,2.65
dnarelax,ets1,1k79,45,1,47,0,5,81.5,0,0,,,-43100.0,0.44,2.55
dnarelax,ets1,1k79,46,1,67,0,5,337.8,0,0,,,-43200.0,0.68,2.55
dnarelax,ets1,1k79,47,0,59,,,,0,0,,,,0.44,
dnarelax,ets1,1k79,48,1,48,0,5,256.0,0,0,,,-43000.0,0.46,2.59
dnarelax,ets1,1k79,49,1,52,0,5,73.5,0,0,,,-43000.0,0.86,2.59
dnarelax,ets1,1k79,5,1,49,0,5,387.5,0,0,,,-43100.0,0.43,2.58
dnarelax,ets1,1k79,50,0,51,,,,0,0,,,,0.36,
dnarelax,ets1,1k79,51,1,44,0,5,142.4,0,0,,,-43100.0,0.72,2.57
dnarelax,ets1,1k79,52,1,36,0,5,100.5,0,0,,,-43400.0,0.36,2.57
dnarelax,ets1,1k79,53,1,53,0,5,305.0,0,0,,,-43200.0,0.73,2.59
dnarelax,ets1,1k79,54,1,48,0,5,27.9,0,0,,,-42800.0,0.85,2.61
dnarelax,ets1,1k79,55,1,49,0,5,19.6,0,0,,,-42600.0,0.79,2.55
dnarelax,ets1,1k79,56,1,42,0,5,126.1,0,0,,,-43400.0,1.28,2.58
dnarelax,ets1,1k79,57,1,52,0,5,159.8,0,0,,,-43200.0,0.45,2.6
dnarelax,ets1,1k79,58,0,45,,,,0,0,,,,0.54,
dnarelax,ets1,1k79,59,1,49,0,5,128.9,0,0,,,-43400.0,0.35,2.56
dnarelax,ets1,1k79,6,1,55,0,5,42.0,0,0,,,-43000.0,0.44,2.6
dnarelax,ets1,1k79,60,1,51,0,5,28.6,0,0,,,-43200.0,0.73,2.57
dnarelax,ets1,1k79,61,1,46,0,5,144.2,0,0,,,-43200.0,0.62,2.57
dnarelax,ets1,1k79,62,1,41,0,5,43.7,0,0,,,-43300.0,0.7,2.59
dnarelax,ets1,1k79,63,0,46,,,,0,0,,,,0.95,
dnarelax,ets1,1k79,64,1,67,0,5,222.2,0,0,,,-43300.0,0.71,2.57
dnarelax,ets1,1k79,65,1,60,0,5,75.4,0,0,,,-42900.0,0.6,2.61
dnarelax,ets1,1k79,66,1,38,0,5,22.4,0,0,,,-43300.0,0.71,2.56
dnarelax,ets1,1k79,67,1,52,0,5,177.1,0,0,,,-43000.0,0.88,2.58
dnarelax,ets1,1k79,68,0,52,,,,0,0,,,,0.43,
dnarelax,ets1,1k79,69,1,34,0,5,51.1,0,0,,,-42800.0,0.75,2.6
dnarelax,ets1,1k79,7,1,44,0,5,462.9,0,0,,,-42600.0,1.0,2.59
dnarelax,ets1,1k79,70,1,45,0,5,254.2,0,0,,,-43100.0,0.73,2.6
dnarelax,ets1,1k79,71,1,65,0,5,104.2,0,0,,,-43000.0,0.63,2.56
dnarelax,ets1,1k79,72,1,50,0,5,27.7,0,0,,,-43100.0,0.96,2.59
dnarelax,ets1,1k79,73,1,54,0,5,114.6,0,0,,,-43200.0,0.87,2.61
dnarelax,ets1,1k79,74,1,47,0,5,48.2,0,0,,,-43000.0,0.84,2.57
dnarelax,ets1,1k79,75,1,41,0,5,364.7,0,0,,,-43300.0,0.97,2.58
dnarelax,ets1,1k79,76,0,47,,,,0,0,,,,0.24,
dnarelax,ets1,1k79,77,1,44,0,5,126.2,0,0,,,-43500.0,0.94,2.6
dnarelax,ets1,1k79,78,1,49,0,5,415.5,0,0,,,-43100.0,0.24,2.56
dnarelax,ets1,1k79,79,1,46,0,5,56.1,0,0,,,-43100.0,0.56,2.57
dnarelax,ets1,1k79,8,1,60,0,5,34.2,0,0,,,-43000.0,0.79,2.57
dnarelax,ets1,1k79,80,1,44,0,5,124.0,0,0,,,-43200.0,0.34,2.56
dnarelax,ets1,1k79,81,1,38,0,5,135.3,0,0,,,-43200.0,0.61,2.6
dnarelax,ets1,1k79,82,1,44,41,,500.7,0,0,,,-12600000.0,0.88,1.46
dnarelax,ets1,1k79,83,1,37,0,5,56.0,0,0,,,-43500.0,0.91,2.57
dnarelax,ets1,1k79,84,1,62,0,5,93.1,0,0,,,-32300.0,0.44,2.58
dnarelax,ets1,1k79,85,1,43,0,5,106.6,0,0,,,-43100.0,0.85,2.59
dnarelax,ets1,1k79,86,1,46,0,5,99.3,0,0,,,-43200.0,0.84,2.57
dnarelax,ets1,1k79,87,1,48,0,5,103.7,0,0,,,-43100.0,0.5,2.58
dnarelax,ets1,1k79,88,1,62,10,,404.0,0,0,,,-31500.0,0.27,2.16
dnarelax,ets1,1k79,89,1,66,0,5,118.0,0,0,,,-42800.0,0.76,2.63
dnarelax,ets1,1k79,9,1,47,0,5,156.8,0,0,,,-43100.0,0.7,2.56
dnarelax,ets1,1k79,90,1,52,0,5,62.9,0,0,,,-43300.0,0.45,2.57
dnarelax,ets1,1k79,91,1,46,0,5,129.0,0,0,,,-43000.0,0.8,2.59
dnarelax,ets1,1k79,92,0,58,,,,0,0,,,,1.09,
dnarelax,ets1,1k79,93,0,39,,,,0,0,,,,0.65,
dnarelax,ets1,1k79,94,0,32,,,,0,0,,,,0.83,
dnarelax,ets1,1k79,95,1,58,0,5,379.3,0,0,,,-43200.0,0.67,2.58
dnarelax,ets1,1k79,96,1,52,12,,67.4,0,0,,,-34600.0,0.18,2.21
dnarelax,ets1,1k79,97,1,55,0,5,23.0,0,0,,,-43100.0,0.67,2.59
dnarelax,ets1,1k79,98,1,45,0,5,102.5,0,0,,,-43100.0,0.87,2.55
dnarelax,ets1,1k79,99,1,64,0,5,175.0,0,0,,,-43200.0,0.77,2.54
dnarelax,lef1,2lef,1,1,193,20,,355.1,0,0,,,-30100.0,0.36,2.13
dnarelax,lef1,2lef,10,0,432,,,,0,0,,,,0.26,
dnarelax,lef1,2lef,11,1,171,10,,23.3,0,0,,,-33200.0,0.52,2.2
dnarelax,lef1,2lef,12,1,102,0,5,375.3,0,0,,,-42800.0,0.66,2.6
dnarelax,lef1,2lef,13,1,243,34,,306.8,0,0,,,-20200.0,0.15,2.16
dnarelax,lef1,2lef,14,1,172,0,5,466.5,0,0,,,-42000.0,0.32,2.64
dnarelax,lef1,2lef,15,1,910,66,,70.0,0,0,,,7310.0,0.27,2.22
dnarelax,lef1,2lef,16,1,401,10,5,78.3,0,0,,,-33000.0,0.4,2.16
dnarelax,lef1,2lef,17,1,261,194,,392.3,0,0,,,-11900000.0,0.4,1.24
dnarelax,lef1,2lef,18,1,225,20,,106.9,0,0,,,-27900.0,0.44,2.19
dnarelax,lef1,2lef,19,1,299,10,5,135.8,0,0,,,-34000.0,0.22,2.24
dnarelax,lef1,2lef,2,1,128,30,,368.7,0,0,,,-24500.0,0.35,2.12
dnarelax,lef1,2lef,20,1,136,10,,454.9,0,0,,,-33300.0,0.32,2.14
dnarelax,lef1,2lef,21,0,212,,,,0,0,,,,0.18,
dnarelax,lef1,2lef,22,1,188,10,,176.1,0,0,,,-32200.0,0.4,2.02
dnarelax,lef1,2lef,23,1,230,18,,276.1,0,0,,,-28400.0,0.13,2.21
dnarelax,lef1,2lef,24,1,229,22,,213.2,0,0,,,-26500.0,0.25,2.2
dnarelax,lef1,2lef,25,1,81,0,5,300.8,0,0,,,-42800.0,0.56,2.75
dnarelax,lef1,2lef,26,1,270,12,5,217.4,0,0,,,-32700.0,0.5,2.11
dnarelax,lef1,2lef,27,0,271,,,,0,0,,,,0.3,
dnarelax,lef1,2lef,28,1,179,12,,117.3,0,0,,,-36200.0,0.36,2.19
dnarelax,lef1,2lef,29,1,289,19,,214.2,0,0,,,-23000.0,0.2,2.2
dnarelax,lef1,2lef,3,1,197,0,5,124.4,0,0,,,-41800.0,0.11,2.56
dnarelax,lef1,2lef,30,1,140,0,5,52.9,0,0,,,-42400.0,0.51,2.64
dnarelax,lef1,2lef,31,1,433,28,,247.3,0,0,,,-21100.0,0.34,2.18
dnarelax,lef1,2lef,32,1,280,0,5,289.0,0,0,,,-41100.0,0.4,2.68
dnarelax,lef1,2lef,33,1,344,22,,64.5,0,0,,,-23800.0,0.1,2.13
dnarelax,lef1,2lef,34,1,128,0,5,183.8,0,0,,,-41800.0,0.27,2.66
dnarelax,lef1,2lef,35,1,212,10,5,158.0,0,0,,,-34700.0,0.22,2.16
dnarelax,lef1,2lef,36,1,213,0,5,240.4,0,0,,,-39900.0,0.17,2.56
dnarelax,lef1,2lef,37,1,151,10,,53.1,0,0,,,-35700.0,0.52,2.21
dnarelax,lef1,2lef,38,1,233,21,,151.1,0,0,,,-25600.0,0.29,2.13
dnarelax,lef1,2lef,39,1,105,0,5,62.9,0,0,,,-42700.0,0.64,2.67
dnarelax,lef1,2lef,4,1,556,20,5,133.0,0,0,,,-17800.0,0.17,2.19
dnarelax,lef1,2lef,40,1,237,10,5,212.8,0,0,,,-34700.0,0.48,2.2
dnarelax,lef1,2lef,41,1,160,0,5,648.2,0,0,,,-42500.0,0.59,2.6
dnarelax,lef1,2lef,42,1,412,0,5,128.7,0,0,,,-39000.0,0.37,2.52
dnarelax,lef1,2lef,43,1,27,0,5,40.6,0,0,,,-42900.0,0.52,2.75
dnarelax,lef1,2lef,44,1,619,59,,234.2,0,0,,,2990.0,0.24,2.12
dnarelax,lef1,2lef,45,1,423,71,,485.5,0,0,,,13200.0,0.21,2.16
dnarelax,lef1,2lef,46,0,199,,,,0,0,,,,0.34,
dnarelax,lef1,2lef,47,1,292,22,,107.7,0,0,,,-23100.0,0.41,2.1
dnarelax,lef1,2lef,48,1,247,0,5,82.9,0,0,,,-42200.0,0.32,2.67
dnarelax,lef1,2lef,49,1,73,0,5,66.0,0,0,,,-43000.0,0.45,2.53
dnarelax,lef1,2lef,5,1,564,0,6,411.6,0,0,,,-42400.0,0.36,2.64
dnarelax,lef1,2lef,50,1,558,36,,299.9,0,0,,,-9260.0,0.21,2.12
dnarelax,lef1,2lef,51,1,260,0,5,83.8,0,0,,,-42200.0,0.35,2.72
dnarelax,lef1,2lef,52,1,251,0,5,294.0,0,0,,,-42000.0,0.33,2.59
dnarelax,lef1,2lef,53,1,275,25,,441.4,0,0,,,-25000.0,0.51,2.21
dnarelax,lef1,2lef,54,1,210,0,5,367.3,0,0,,,-42400.0,0.39,2.67
dnarelax,lef1,2lef,55,1,158,0,5,112.4,0,0,,,-42000.0,0.6,2.69
dnarelax,lef1,2lef,56,0,38,,,,0,0,,,,0.8,
dnarelax,lef1,2lef,57,0,150,,,,0,0,,,,0.38,
dnarelax,lef1,2lef,58,1,273,11,5,54.4,0,0,,,-31600.0,0.37,2.11
dnarelax,lef1,2lef,59,1,301,12,5,296.5,0,0,,,-29400.0,0.19,2.21
dnarelax,lef1,2lef,6,1,97,0,5,314.5,0,0,,,-42300.0,0.5,2.57
dnarelax,lef1,2lef,60,1,141,11,,343.2,0,0,,,-34300.0,0.51,2.13
dnarelax,lef1,2lef,61,1,211,12,,306.7,0,0,,,-35500.0,0.41,2.29
dnarelax,lef1,2lef,62,1,391,34,,48.8,0,0,,,-15400.0,0.2,2.2
dnarelax,lef1,2lef,63,1,133,0,5,84.6,0,0,,,-43100.0,0.28,2.68
dnarelax,lef1,2lef,64,1,591,12,5,495.1,0,0,,,-30800.0,0.38,2.27
dnarelax,lef1,2lef,65,0,195,,,,0,0,,,,0.51,
dnarelax,lef1,2lef,66,1,382,20,,239.5,0,0,,,-21900.0,0.31,2.06
dnarelax,lef1,2lef,67,1,88,0,5,102.6,0,0,,,-43000.0,0.31,2.6
dnarelax,lef1,2lef,68,1,46,0,5,190.3,0,0,,,-43100.0,0.77,2.68
dnarelax,lef1,2lef,69,1,73,0,5,239.1,0,0,,,-43300.0,0.75,2.6
dnarelax,lef1,2lef,7,1,391,0,5,94.6,0,0,,,-41100.0,0.23,2.51
dnarelax,lef1,2lef,70,0,227,,,,0,0,,,,0.33,
dnarelax,lef1,2lef,71,1,188,20,,346.2,0,0,,,-31000.0,0.21,2.12
dnarelax,lef1,2lef,72,1,377,22,,99.4,0,0,,,-24500.0,0.49,2.2
dnarelax,lef1,2lef,73,1,216,10,5,69.7,0,0,,,-35100.0,0.21,2.21
dnarelax,lef1,2lef,74,1,114,0,5,238.3,0,0,,,-42600.0,0.44,2.6
dnarelax,lef1,2lef,75,1,135,6,5,343.2,0,0,,,-34900.0,0.54,2.11
dnarelax,lef1,2lef,76,0,51,,,,0,0,,,,0.39,
dnarelax,lef1,2lef,77,1,259,0,5,55.1,0,0,,,-41400.0,0.34,2.69
dnarelax,lef1,2lef,78,1,288,12,5,141.4,0,0,,,-34400.0,0.33,2.29
dnarelax,lef1,2lef,79,1,328,15,5,300.2,0,0,,,-26900.0,0.3,2.18
dnarelax,lef1,2lef,8,0,224,,,,0,0,,,,0.41,
dnarelax,lef1,2lef,80,1,28,0,5,92.4,0,0,,,-42800.0,0.57,2.57
dnarelax,lef1,2lef,81,1,161,0,5,355.0,0,0,,,-42900.0,0.28,2.72
dnarelax,lef1,2lef,82,1,94,0,5,166.3,0,0,,,-42700.0,0.56,2.75
dnarelax,lef1,2lef,83,1,126,24,,78.9,0,0,,,-26900.0,0.3,2.22
dnarelax,lef1,2lef,84,0,250,,,,0,0,,,,0.33,
dnarelax,lef1,2lef,85,1,91,21,,262.9,0,0,,,-25300.0,0.21,2.16
dnarelax,lef1,2lef,86,1,115,10,,185.1,0,0,,,-35600.0,0.74,2.21
dnarelax,lef1,2lef,87,1,244,0,5,60.8,0,0,,,-41200.0,0.39,2.57
dnarelax,lef1,2lef,88,1,184,0,5,114.0,0,0,,,-40600.0,0.52,2.53
dnarelax,lef1,2lef,89,0,318,,,,0,0,,,,0.22,
dnarelax,lef1,2lef,9,1,137,0,5,95.2,0,0,,,-42100.0,0.41,2.69
dnarelax,csl,3brg,1,1,50,0,5,178.3,0,0,,,-83200.0,0.94,2.59
dnarelax,csl,3brg,10,1,92,11,,497.5,0,0,,,-76800.0,0.52,2.19
dnarelax,csl,3brg,11,1,16,0,5,427.9,0,0,,,-83900.0,1.3,2.64
dnarelax,csl,3brg,12,1,34,0,5,4086.4,0,0,,,-83400.0,0.54,2.66
dnarelax,csl,3brg,14,1,38,0,5,943.1,0,0,,,-83000.0,1.13,2.73
dnarelax,csl,3brg,15,1,183,0,5,1007.4,0,0,,,-83200.0,0.49,2.52
dnarelax,csl,3brg,16,1,43,0,5,390.1,0,0,,,-83400.0,0.69,2.68
dnarelax,csl,3brg,3,1,106,0,5,1324.9,0,0,,,-82900.0,0.4,2.65
dnarelax,csl,3brg,5,1,81,0,5,243.2,0,0,,,-82300.0,0.68,2.6
dnarelax,csl,3brg,6,1,55,12,,1122.4,0,0,,,-76200.0,0.45,2.24
dnarelax,csl,3brg,8,0,46,,,,0,0,,,,0.92,
dnarelax,nfat,1a66,1,1,258,34,,300.2,0,0,,,-23500.0,0.39,2.21
dnarelax,nfat,1a66,10,0,121,,,,0,0,,,,0.46,
dnarelax,nfat,1a66,11,1,132,0,5,97.8,0,0,,,-48200.0,0.3,2.61
dnarelax,nfat,1a66,12,1,146,0,5,63.3,0,0,,,-47800.0,0.42,2.59
dnarelax,nfat,1a66,13,0,180,,,,0,0,,,,0.41,
dnarelax,nfat,1a66,14,1,93,0,5,160.8,0,0,,,-48500.0,0.63,2.61
dnarelax,nfat,1a66,15,1,137,0,5,1149.4,0,0,,,-47600.0,0.58,2.63
dnarelax,nfat,1a66,16,1,106,0,5,662.4,0,0,,,-48300.0,0.48,2.71
dnarelax,nfat,1a66,17,1,136,12,,796.2,0,0,,,-39500.0,0.44,2.21
dnarelax,nfat,1a66,18,1,221,20,,721.6,0,0,,,-27900.0,0.31,2.03
dnarelax,nfat,1a66,19,1,246,10,5,763.1,0,0,,,-38800.0,0.12,2.12
dnarelax,nfat,1a66,2,1,93,0,6,1117.7,0,0,,,-48000.0,0.49,2.59
dnarelax,nfat,1a66,20,1,102,0,5,167.2,0,0,,,-47900.0,0.63,2.72
dnarelax,nfat,1a66,21,1,175,0,5,557.7,0,0,,,-47600.0,0.62,2.7
dnarelax,nfat,1a66,22,1,152,13,,382.3,0,0,,,-39300.0,0.53,2.1
dnarelax,nfat,1a66,23,0,140,,,,0,0,,,,0.28,
dnarelax,nfat,1a66,24,1,155,10,,575.3,0,0,,,-26000.0,0.33,2.16
dnarelax,nfat,1a66,25,1,169,10,,530.9,0,0,,,-39900.0,0.24,2.21
dnarelax,nfat,1a66,26,1,133,0,5,255.6,0,0,,,-48200.0,0.35,2.59
dnarelax,nfat,1a66,27,1,154,0,5,512.1,0,0,,,-47200.0,0.54,2.67
dnarelax,nfat,1a66,28,0,174,,,,0,0,,,,0.36,
dnarelax,nfat,1a66,29,1,161,23,,311.1,0,0,,,-32300.0,0.44,2.15
dnarelax,nfat,1a66,3,1,161,11,,252.5,0,0,,,-39100.0,0.51,2.14
dnarelax,nfat,1a66,30,1,158,12,,140.8,0,0,,,-40600.0,0.4,2.25
dnarelax,nfat,1a66,31,1,129,0,5,714.6,0,0,,,-47500.0,0.57,2.6
dnarelax,nfat,1a66,32,1,153,21,,830.2,0,0,,,-30300.0,0.46,2.13
dnarelax,nfat,1a66,33,1,80,0,5,160.5,0,0,,,-48400.0,0.56,2.59
dnarelax,nfat,1a66,34,1,127,0,5,627.9,0,0,,,-48100.0,0.3,2.59
dnarelax,nfat,1a66,35,1,197,0,5,260.8,0,0,,,-47200.0,0.52,2.58
dnarelax,nfat,1a66,36,1,239,32,,879.4,0,0,,,-27100.0,0.3,2.11
dnarelax,nfat,1a66,37,0,192,,,,0,0,,,,0.46,
dnarelax,nfat,1a66,38,1,135,16,,183.4,0,0,,,-30500.0,0.3,2.11
dnarelax,nfat,1a66,39,1,173,11,,157.2,0,0,,,-39600.0,0.37,2.15
dnarelax,nfat,1a66,4,1,204,0,5,514.0,0,0,,,-47500.0,0.41,2.61
dnarelax,nfat,1a66,40,1,159,0,5,181.2,0,0,,,-46800.0,0.38,2.74
dnarelax,nfat,1a66,41,1,233,0,5,948.2,0,0,,,-46600.0,0.12,2.62
dnarelax,nfat,1a66,42,1,162,12,,643.8,0,0,,,-41300.0,0.39,2.29
dnarelax,nfat,1a66,43,1,115,0,5,119.4,0,0,,,-48200.0,0.37,2.58
dnarelax,nfat,1a66,44,0,311,,,,0,0,,,,0.37,
dnarelax,nfat,1a66,45,1,223,28,,121.6,0,0,,,-27100.0,0.35,2.13
dnarelax,nfat,1a66,46,1,213,12,,250.7,0,0,,,-40800.0,0.39,2.27
dnarelax,nfat,1a66,47,1,208,0,5,415.2,0,0,,,-47600.0,0.2,2.59
dnarelax,nfat,1a66,48,1,104,0,5,77.8,0,0,,,-48200.0,0.67,2.56
dnarelax,nfat,1a66,49,0,158,,,,0,0,,,,0.2,
dnarelax,nfat,1a66,5,0,101,,,,0,0,,,,0.53,
dnarelax,nfat,1a66,50,1,230,22,,518.9,0,0,,,-31000.0,0.36,2.1
dnarelax,nfat,1a66,51,1,130,12,,936.2,0,0,,,-41200.0,0.55,2.29
dnarelax,nfat,1a66,52,1,138,10,,230.7,0,0,,,-36500.0,0.41,2.16
dnarelax,nfat,1a66,53,1,126,0,5,710.8,0,0,,,-47400.0,0.66,2.57
dnarelax,nfat,1a66,54,1,206,0,5,980.5,0,0,,,-46900.0,0.5,2.57
dnarelax,nfat,1a66,55,1,156,0,5,945.5,0,0,,,-47700.0,0.28,2.61
dnarelax,nfat,1a66,56,1,123,0,5,108.2,0,0,,,-47700.0,0.39,2.56
dnarelax,nfat,1a66,57,1,134,0,5,481.0,0,0,,,-47900.0,0.3,2.64
dnarelax,nfat,1a66,58,0,132,,,,0,0,,,,0.67,
dnarelax,nfat,1a66,59,1,184,12,,882.4,0,0,,,-40200.0,0.41,2.26
dnarelax,nfat,1a66,6,1,223,12,,66.0,0,0,,,-40600.0,0.44,2.29
dnarelax,nfat,1a66,60,1,300,22,,342.1,0,0,,,-32400.0,0.25,2.19
dnarelax,nfat,1a66,61,1,113,8,,435.8,0,0,,,-39400.0,0.41,2.18
dnarelax,nfat,1a66,62,1,140,0,5,678.0,0,0,,,-47800.0,0.22,2.7
dnarelax,nfat,1a66,63,0,114,,,,0,0,,,,0.59,
dnarelax,nfat,1a66,64,1,158,0,5,889.9,0,0,,,-47600.0,0.47,2.56
dnarelax,nfat,1a66,65,0,168,,,,0,0,,,,0.54,
dnarelax,nfat,1a66,66,1,151,0,5,277.2,0,0,,,-47500.0,0.51,2.59
dnarelax,nfat,1a66,67,1,111,0,5,217.0,0,0,,,-47300.0,0.62,2.61
dnarelax,nfat,1a66,68,1,197,12,,862.4,0,0,,,-40000.0,0.37,2.28
dnarelax,nfat,1a66,69,1,185,10,,128.9,0,0,,,-39100.0,0.48,2.21
dnarelax,nfat,1a66,7,1,106,22,,262.8,0,0,,,-31400.0,0.46,2.09
dnarelax,nfat,1a66,70,1,209,0,5,410.7,0,0,,,-47000.0,0.22,2.62
dnarelax,nfat,1a66,71,1,216,22,,644.1,0,0,,,-30900.0,0.57,2.22
dnarelax,nfat,1a66,72,1,157,0,5,171.8,0,0,,,-47800.0,0.17,2.54
dnarelax,nfat,1a66,73,0,105,,,,0,0,,,,0.52,
dnarelax,nfat,1a66,74,1,154,12,,255.4,0,0,,,-39600.0,0.4,2.17
dnarelax,nfat,1a66,75,0,133,,,,0,0,,,,0.47,
dnarelax,nfat,1a66,76,1,153,12,,524.4,0,0,,,-40500.0,0.34,2.28
dnarelax,nfat,1a66,77,1,72,0,5,395.8,0,0,,,-47400.0,0.91,2.7
dnarelax,nfat,1a66,78,1,140,0,5,781.1,0,0,,,-48000.0,0.65,2.58
dnarelax,nfat,1a66,79,1,151,10,,913.1,0,0,,,-39000.0,0.38,2.2
dnarelax,nfat,1a66,8,1,188,23,,100.4,0,0,,,-31100.0,0.41,2.13
dnarelax,nfat,1a66,80,1,114,0,5,275.7,0,0,,,-48000.0,0.59,2.56
dnarelax,nfat,1a66,81,1,152,0,5,484.1,0,0,,,-47600.0,0.47,2.66
dnarelax,nfat,1a66,82,1,115,11,,281.1,0,0,,,-39300.0,0.54,2.13
dnarelax,nfat,1a66,83,0,101,,,,0,0,,,,0.88,
dnarelax,nfat,1a66,84,0,187,,,,0,0,,,,0.56,
dnarelax,nfat,1a66,85,1,343,0,5,661.9,0,0,,,-46900.0,0.37,2.74
dnarelax,nfat,1a66,86,1,389,24,,255.3,0,0,,,-23100.0,0.41,2.19
dnarelax,nfat,1a66,87,1,180,12,,86.0,0,0,,,-40900.0,0.44,2.28
dnarelax,nfat,1a66,88,1,241,13,,395.9,0,0,,,-38800.0,0.42,2.1
dnarelax,nfat,1a66,9,1,129,0,5,213.2,0,0,,,-47600.0,0.46,2.73
dnarelax,runx,1hjc,1,1,32,0,5,98.6,0,0,,,-47500.0,0.42,2.74
dnarelax,runx,1hjc,10,1,91,16,,262.4,0,0,,,-31900.0,0.23,2.13
dnarelax,runx,1hjc,11,1,16,0,5,30.1,0,0,,,-47500.0,0.49,2.75
dnarelax,runx,1hjc,12,1,23,0,5,254.6,0,0,,,-47600.0,1.11,2.71
dnarelax,runx,1hjc,13,1,26,0,5,106.7,0,0,,,-47600.0,0.51,2.62
dnarelax,runx,1hjc,14,1,46,0,5,110.6,0,0,,,-47400.0,0.54,2.67
dnarelax,runx,1hjc,15,1,69,0,5,113.4,0,0,,,-47400.0,0.64,2.71
dnarelax,runx,1hjc,16,1,115,10,,212.7,0,0,,,-38300.0,0.33,2.2
dnarelax,runx,1hjc,17,1,201,30,,260.8,0,0,,,-27100.0,0.33,2.12
dnarelax,runx,1hjc,18,1,13,0,5,154.8,0,0,,,-47700.0,0.57,2.71
dnarelax,runx,1hjc,19,0,85,,,,0,0,,,,0.5,
dnarelax,runx,1hjc,2,1,20,0,5,173.0,0,0,,,-47600.0,0.56,2.76
dnarelax,runx,1hjc,20,1,11,0,5,174.5,0,0,,,-47700.0,1.2,2.74
dnarelax,runx,1hjc,21,0,101,,,,0,0,,,,0.55,
dnarelax,runx,1hjc,22,0,129,,,,0,0,,,,0.34,
dnarelax,runx,1hjc,23,1,12,0,5,251.6,0,0,,,-47600.0,1.2,2.71
dnarelax,runx,1hjc,24,1,46,0,5,260.1,0,0,,,-47600.0,0.93,2.72
dnarelax,runx,1hjc,25,1,85,0,5,73.4,0,0,,,-47300.0,0.62,2.78
dnarelax,runx,1hjc,26,1,17,0,5,235.1,0,0,,,-47600.0,1.16,2.76
dnarelax,runx,1hjc,27,1,141,12,,136.3,0,0,,,-37300.0,0.46,2.2
dnarelax,runx,1hjc,28,0,52,,,,0,0,,,,0.52,
dnarelax,runx,1hjc,29,1,14,0,5,429.5,0,0,,,-47500.0,1.33,2.74
dnarelax,runx,1hjc,3,1,43,0,5,226.0,0,0,,,-47300.0,0.67,2.66
dnarelax,runx,1hjc,30,1,58,0,5,32.8,0,0,,,-46900.0,0.68,2.74
dnarelax,runx,1hjc,31,0,67,,,,0,0,,,,0.69,
dnarelax,runx,1hjc,32,1,64,0,5,63.5,0,0,,,-47200.0,0.74,2.76
dnarelax,runx,1hjc,33,1,83,0,5,221.8,0,0,,,-46800.0,0.2,2.76
dnarelax,runx,1hjc,34,1,10,0,5,153.0,0,0,,,-47500.0,1.18,2.76
dnarelax,runx,1hjc,35,1,71,0,5,109.8,0,0,,,-47600.0,0.52,2.68
dnarelax,runx,1hjc,36,1,24,0,5,72.0,0,0,,,-47100.0,1.33,2.77
dnarelax,runx,1hjc,37,1,25,0,5,399.6,0,0,,,-47500.0,0.94,2.68
dnarelax,runx,1hjc,38,1,46,0,5,42.4,0,0,,,-47400.0,0.94,2.63
dnarelax,runx,1hjc,39,1,41,0,5,226.5,0,0,,,-47500.0,0.75,2.77
dnarelax,runx,1hjc,4,1,17,0,5,156.4,0,0,,,-47500.0,0.74,2.67
dnarelax,runx,1hjc,40,1,29,0,5,95.3,0,0,,,-47400.0,0.31,2.73
dnarelax,runx,1hjc,41,1,34,0,5,45.3,0,0,,,-47300.0,1.1,2.57
dnarelax,runx,1hjc,42,1,83,12,,260.3,0,0,,,-38700.0,0.63,2.11
dnarelax,runx,1hjc,43,1,40,0,5,226.9,0,0,,,-47600.0,0.72,2.77
dnarelax,runx,1hjc,44,1,48,0,5,251.9,0,0,,,-47500.0,0.8,2.64
dnarelax,runx,1hjc,45,1,140,0,5,288.7,0,0,,,-46800.0,0.31,2.75
dnarelax,runx,1hjc,46,1,102,0,5,146.7,0,0,,,-38400.0,0.26,2.63
dnarelax,runx,1hjc,47,1,47,0,5,219.8,0,0,,,-47600.0,1.08,2.78
dnarelax,runx,1hjc,48,1,52,0,5,88.3,0,0,,,-47400.0,0.95,2.66
dnarelax,runx,1hjc,49,1,25,0,5,190.8,0,0,,,-47400.0,0.74,2.73
dnarelax,runx,1hjc,5,1,15,0,5,42.0,0,0,,,-47500.0,1.36,2.75
dnarelax,runx,1hjc,50,1,134,12,,65.5,0,0,,,-38600.0,0.27,2.21
dnarelax,runx,1hjc,51,1,29,0,5,19.2,0,0,,,-47400.0,0.36,2.78
dnarelax,runx,1hjc,52,1,15,0,5,26.5,0,0,,,-47600.0,1.4,2.78
dnarelax,runx,1hjc,53,1,58,0,5,55.6,0,0,,,-46900.0,0.29,2.77
dnarelax,runx,1hjc,54,1,118,20,,232.7,0,0,,,-28600.0,0.35,2.16
dnarelax,runx,1hjc,55,1,19,0,5,72.4,0,0,,,-47500.0,0.7,2.76
dnarelax,runx,1hjc,56,1,22,0,5,35.0,0,0,,,-47800.0,1.0,2.71
dnarelax,runx,1hjc,57,1,30,0,5,284.1,0,0,,,-47100.0,0.34,2.77
dnarelax,runx,1hjc,58,1,31,0,5,87.8,0,0,,,-47300.0,0.99,2.73
dnarelax,runx,1hjc,59,1,44,10,,168.9,0,0,,,-36400.0,0.65,2.16
dnarelax,runx,1hjc,6,1,76,0,6,172.3,0,0,,,-47100.0,0.41,2.62
dnarelax,runx,1hjc,60,1,26,0,5,544.0,0,0,,,-47300.0,0.66,2.73
dnarelax,runx,1hjc,61,1,52,0,5,286.2,0,0,,,-47200.0,0.2,2.71
dnarelax,runx,1hjc,62,1,45,0,5,120.1,0,0,,,-47500.0,0.66,2.69
dnarelax,runx,1hjc,63,1,101,0,5,68.9,0,0,,,-46300.0,0.48,2.62
dnarelax,runx,1hjc,64,1,10,0,5,182.5,0,0,,,-47200.0,1.34,2.78
dnarelax,runx,1hjc,65,1,40,0,5,128.3,0,0,,,-47300.0,1.03,2.63
dnarelax,runx,1hjc,66,1,41,0,5,70.3,0,0,,,-47400.0,0.94,2.78
dnarelax,runx,1hjc,67,1,121,0,5,57.6,0,0,,,-46800.0,0.31,2.56
dnarelax,runx,1hjc,68,1,29,0,5,133.3,0,0,,,-47400.0,0.99,2.8
dnarelax,runx,1hjc,69,0,100,,,,0,0,,,,0.35,
dnarelax,runx,1hjc,7,1,139,0,5,278.8,0,0,,,-46600.0,0.5,2.75
dnarelax,runx,1hjc,70,0,343,,,,0,0,,,,0.2,
dnarelax,runx,1hjc,71,1,30,0,5,260.1,0,0,,,-47500.0,1.44,2.7
dnarelax,runx,1hjc,72,1,81,12,,115.0,0,0,,,-38600.0,0.4,2.22
dnarelax,runx,1hjc,73,1,55,0,5,32.4,0,0,,,-46900.0,0.65,2.7
dnarelax,runx,1hjc,74,1,13,0,5,103.9,0,0,,,-47400.0,0.96,2.72
dnarelax,runx,1hjc,75,1,69,0,5,109.2,0,0,,,-47300.0,0.41,2.79
dnarelax,runx,1hjc,76,1,121,10,,90.2,0,0,,,-40100.0,0.33,2.19
dnarelax,runx,1hjc,77,1,208,0,5,175.0,0,0,,,-46600.0,0.4,2.58
dnarelax,runx,1hjc,78,0,165,,,,0,0,,,,0.25,
dnarelax,runx,1hjc,79,1,49,0,5,305.9,0,0,,,-46900.0,0.45,2.81
dnarelax,runx,1hjc,8,1,21,0,5,366.0,0,0,,,-47200.0,1.3,2.75
dnarelax,runx,1hjc,80,1,24,0,5,304.9,0,0,,,-47500.0,1.18,2.71
dnarelax,runx,1hjc,81,1,99,0,5,316.1,0,0,,,-46900.0,0.65,2.73
dnarelax,runx,1hjc,82,1,40,0,5,323.1,0,0,,,-47400.0,0.67,2.58
dnarelax,runx,1hjc,83,1,79,0,,92.3,0,0,,,-46400.0,0.41,2.61
dnarelax,runx,1hjc,84,1,43,0,5,40.8,0,0,,,-47500.0,0.64,2.61
dnarelax,runx,1hjc,85,1,34,0,5,572.5,0,0,,,-47600.0,0.47,2.72
dnarelax,runx,1hjc,86,1,85,0,5,457.7,0,0,,,-47200.0,0.51,2.73
dnarelax,runx,1hjc,87,1,291,0,5,569.3,0,0,,,-46000.0,0.27,2.71
dnarelax,runx,1hjc,88,1,37,0,5,123.8,0,0,,,-47300.0,1.23,2.64
dnarelax,runx,1hjc,89,1,29,0,5,447.8,0,0,,,-47400.0,0.72,2.76
dnarelax,runx,1hjc,9,1,94,17,,121.4,0,0,,,-28800.0,0.43,2.1
dnarelax,runx,1hjc,90,0,43,,,,0,0,,,,0.61,
dnarelax,runx,1hjc,91,1,72,0,5,116.5,0,0,,,-47300.0,0.51,2.72
dnarelax,runx,1hjc,92,1,418,35,,192.9,0,0,,,-22300.0,0.22,2.15
dnarelax,runx,1hjc,93,1,46,0,5,92.9,0,0,,,-47200.0,0.5,2.72
dnarelax,runx,1hjc,94,1,36,0,5,508.5,0,0,,,-47200.0,1.15,2.58
dnarelax,runx,1hjc,95,1,63,0,5,117.9,0,0,,,-47200.0,0.46,2.71
dnarelax,runx,1hjc,96,1,100,0,5,172.1,0,0,,,-47200.0,0.53,2.69
dnarelax,runx,1hjc,97,1,68,0,5,222.3,0,0,,,-47300.0,0.61,2.84
dnarelax,csl,3brg,13,1,65,0,5,781.4,0,0,,,-82500.0,0.82,2.68
dnarelax,csl,3brg,19,1,45,0,5,877.3,0,0,,,-83300.0,0.94,2.57
dnarelax,csl,3brg,21,1,95,0,5,1383.5,0,0,,,-82900.0,0.39,2.6
dnarelax,csl,3brg,23,1,30,0,5,1796.8,0,0,,,-84400.0,0.94,2.58
dnarelax,csl,3brg,25,1,71,0,5,1368.9,0,0,,,-83700.0,0.43,2.6
dnarelax,csl,3brg,29,1,67,0,5,444.5,0,0,,,-82900.0,0.63,2.65
dnarelax,csl,3brg,31,1,30,0,5,1730.5,0,0,,,-83700.0,0.95,2.64
dnarelax,csl,3brg,32,1,73,0,5,4379.8,0,0,,,-83100.0,0.28,2.6
dnarelax,csl,3brg,33,1,33,0,5,1756.2,0,0,,,-83300.0,0.25,2.65
dnarelax,csl,3brg,35,1,45,0,5,425.7,0,0,,,-72400.0,0.69,2.65
dnarelax,csl,3brg,38,1,30,0,5,678.5,0,0,,,-83900.0,0.89,2.59
dnarelax,csl,3brg,39,1,69,0,5,1554.0,0,0,,,-83600.0,0.62,2.61
dnarelax,csl,3brg,40,1,67,0,5,1572.8,0,0,,,-83800.0,0.23,2.62
dnarelax,csl,3brg,42,1,54,0,5,694.3,0,0,,,-83700.0,0.24,2.56
dnarelax,csl,3brg,45,1,14,0,5,799.8,0,0,,,-83900.0,1.1,2.6
dnarelax,csl,3brg,47,1,51,0,5,1621.4,0,0,,,-82600.0,0.32,2.63
dnarelax,csl,3brg,48,1,125,0,5,826.9,0,0,,,-82600.0,0.23,2.65
dnarelax,csl,3brg,50,1,13,0,5,2008.1,0,0,,,-73500.0,1.22,2.59
dnarelax,csl,3brg,51,1,42,0,5,4036.2,0,0,,,-84000.0,0.84,2.63
dnarelax,csl,3brg,56,1,41,0,5,949.7,0,0,,,-83600.0,0.88,2.59
dnarelax,csl,3brg,57,1,73,0,5,178.8,0,0,,,-82700.0,0.6,2.61
dnarelax,csl,3brg,59,1,63,0,5,1825.6,0,0,,,-83500.0,0.8,2.59
dnarelax,csl,3brg,61,1,158,20,,2929.3,0,0,,,-71600.0,0.36,2.12
dnarelax,csl,3brg,62,1,48,0,5,1500.0,0,0,,,-83500.0,0.82,2.62
dnarelax,csl,3brg,64,1,116,0,5,538.5,0,0,,,-83000.0,0.48,2.73
dnarelax,csl,3brg,66,1,78,0,5,3643.9,0,0,,,-83800.0,0.46,2.69
dnarelax,csl,3brg,69,1,47,0,5,1610.5,0,0,,,-83000.0,0.55,2.59
dnarelax,csl,3brg,70,1,58,0,5,632.0,0,0,,,-75600.0,0.65,2.67
dnarelax,csl,3brg,71,1,45,0,5,1637.9,0,0,,,-73600.0,0.52,2.67
dnarelax,csl,3brg,72,1,31,0,5,2861.3,0,0,,,-83200.0,0.43,2.59
dnarelax,csl,3brg,73,1,87,0,5,2103.0,0,0,,,-83100.0,0.59,2.64
dnarelax,csl,3brg,76,1,46,0,5,1671.6,0,0,,,-83600.0,0.57,2.7
dnarelax,csl,3brg,79,1,50,12,,276.2,0,0,,,-76600.0,0.55,2.25
dnarelax,csl,3brg,80,1,82,0,5,289.8,0,0,,,-83600.0,0.6,2.72
dnarelax,csl,3brg,83,1,88,12,,1617.9,0,0,,,-76800.0,0.66,2.25
dnarelax,csl,3brg,84,1,63,0,5,565.2,0,0,,,-83400.0,0.4,2.64
dnarelax,csl,3brg,85,1,63,0,5,897.2,0,0,,,-84000.0,0.96,2.58
dnarelax,csl,3brg,86,1,48,0,5,1427.0,0,0,,,-84100.0,0.91,2.6
dnarelax,csl,3brg,87,1,69,0,5,1768.2,0,0,,,-74500.0,0.54,2.56
dnarelax,csl,3brg,9,1,78,12,,684.0,0,0,,,-76900.0,0.7,2.29
dnarelax,csl,3brg,90,1,96,0,5,2416.3,0,0,,,-72800.0,0.51,2.6
dnarelax,err,1lo1,1,1,112,0,5,89.1,2,2,0.44,0.81,-37900.0,0.63,2.71
dnarelax,err,1lo1,10,1,304,24,,75.9,2,1,0.15,0.15,-22800.0,0.6,2.27
dnarelax,err,1lo1,11,1,207,23,,143.9,2,1,0.03,0.03,-20100.0,0.59,2.15
dnarelax,err,1lo1,12,1,106,0,5,46.9,2,2,0.1,0.24,-37900.0,0.7,2.63
dnarelax,err,1lo1,13,1,152,0,5,267.4,2,0,,,-32900.0,0.51,2.43
dnarelax,err,1lo1,14,1,71,0,5,179.2,2,2,0.1,0.2,-38900.0,1.04,2.66
dnarelax,err,1lo1,15,1,197,10,,75.1,2,1,0.11,0.23,-30400.0,0.36,2.23
dnarelax,err,1lo1,16,1,247,10,5,420.5,2,1,0.07,0.11,-29000.0,0.36,2.05
dnarelax,err,1lo1,17,1,268,33,,275.9,2,1,0.23,0.39,-14200.0,0.22,2.19
dnarelax,err,1lo1,18,1,176,0,6,282.3,2,0,0.34,0.87,-37300.0,0.22,2.61
dnarelax,err,1lo1,19,1,138,0,5,274.2,2,1,0.17,0.32,-38100.0,0.4,2.67
dnarelax,err,1lo1,2,1,228,20,,101.5,2,0,,,-20400.0,0.26,2.2
dnarelax,err,1lo1,20,1,142,12,,62.3,2,1,0.01,0.01,-31400.0,0.42,2.25
dnarelax,err,1lo1,21,1,102,0,5,161.9,2,1,0.02,0.02,-38600.0,0.57,2.59
dnarelax,err,1lo1,22,1,65,0,5,238.5,2,2,0.04,0.04,-39000.0,0.32,2.6
dnarelax,err,1lo1,23,1,83,0,5,132.7,2,1,0.07,0.09,-38600.0,0.23,2.56
dnarelax,err,1lo1,24,1,109,0,5,277.2,2,2,0.18,0.8,-37600.0,0.46,2.53
dnarelax,err,1lo1,25,1,66,0,5,84.2,2,2,0.33,0.83,-38800.0,0.28,2.72
dnarelax,err,1lo1,26,1,77,0,5,665.4,2,1,0.14,0.14,-38500.0,1.0,2.72
dnarelax,err,1lo1,27,0,184,,,,2,2,,,,0.41,
dnarelax,err,1lo1,28,1,190,20,,88.8,2,1,0.23,0.23,-21600.0,0.51,2.13
dnarelax,err,1lo1,29,1,149,0,5,88.8,2,0,,,-37200.0,0.28,2.5
dnarelax,err,1lo1,3,1,146,0,5,350.9,2,1,0.27,0.75,-38000.0,0.31,2.69
dnarelax,err,1lo1,30,1,157,10,,152.1,2,1,0.09,0.09,-30500.0,0.58,2.24
dnarelax,err,1lo1,31,1,165,0,5,54.5,2,2,0.14,0.25,-37900.0,0.52,2.7
dnarelax,err,1lo1,32,1,127,10,,157.0,2,2,0.13,0.2,-29600.0,0.16,2.16
dnarelax,err,1lo1,33,1,199,0,5,425.4,2,1,0.12,0.18,-36700.0,0.45,2.64
dnarelax,err,1lo1,34,1,95,0,5,112.0,2,2,0.06,0.12,-39200.0,0.78,2.74
dnarelax,err,1lo1,35,1,110,20,,71.3,2,1,0.36,0.71,-23900.0,0.58,2.2
dnarelax,err,1lo1,36,1,152,10,,102.0,2,2,0.19,0.44,-30600.0,0.11,2.17
dnarelax,err,1lo1,37,1,81,10,,152.8,2,2,0.11,0.21,-29600.0,0.51,2.12
dnarelax,err,1lo1,38,1,108,0,5,212.1,2,2,0.08,0.22,-38500.0,0.33,2.57
dnarelax,err,1lo1,39,1,107,0,5,95.2,2,1,0.35,0.69,-38500.0,0.44,2.75
dnarelax,err,1lo1,4,1,134,0,5,85.6,2,1,0.09,0.26,-38500.0,0.3,2.69
dnarelax,err,1lo1,40,1,79,10,,253.9,2,2,0.17,0.3,-31400.0,0.73,2.21
dnarelax,err,1lo1,41,0,151,,,,2,2,,,,0.44,
dnarelax,err,1lo1,42,1,123,11,,233.9,2,1,0.07,0.07,-30000.0,0.54,2.14
dnarelax,err,1lo1,43,1,105,0,5,130.1,2,1,0.47,0.79,-38500.0,0.63,2.57
dnarelax,err,1lo1,44,1,194,0,5,329.8,2,1,0.14,0.3,-37900.0,0.44,2.71
dnarelax,err,1lo1,45,1,124,24,,133.9,2,1,0.17,0.38,-23100.0,0.35,2.2
dnarelax,err,1lo1,46,1,196,22,,165.8,2,1,0.05,0.09,-21200.0,0.27,2.2
dnarelax,err,1lo1,47,1,231,12,,230.5,2,0,,,-30800.0,0.44,2.27
dnarelax,err,1lo1,48,1,265,12,5,110.6,2,1,0.31,0.76,-30400.0,0.24,2.27
dnarelax,err,1lo1,49,1,325,10,5,160.6,2,0,,,-24800.0,0.26,2.15
dnarelax,err,1lo1,5,1,93,0,5,251.7,2,1,0.08,0.13,-38300.0,0.87,2.76
dnarelax,err,1lo1,50,1,73,0,5,307.0,2,2,0.2,0.6,-38500.0,1.03,2.7
dnarelax,err,1lo1,51,1,87,10,,61.8,2,0,,,-27100.0,0.34,2.16
dnarelax,err,1lo1,52,1,120,21,,177.1,2,1,0.06,0.11,-23400.0,0.22,2.15
dnarelax,err,1lo1,53,1,140,0,5,107.9,2,1,0.12,0.24,-38300.0,0.48,2.54
dnarelax,err,1lo1,54,1,26,0,5,190.0,2,0,,,-37600.0,0.58,2.75
dnarelax,err,1lo1,55,1,114,10,,80.0,2,1,0.07,0.12,-31500.0,0.45,2.2
dnarelax,err,1lo1,56,1,131,0,5,792.5,2,1,0.01,0.01,-38400.0,0.7,2.69
dnarelax,err,1lo1,57,1,92,0,5,104.0,2,1,0.29,0.29,-38100.0,0.47,2.47
dnarelax,err,1lo1,58,1,176,31,,91.5,2,1,0.14,0.22,-11500.0,0.39,2.13
dnarelax,err,1lo1,59,1,220,0,5,126.2,2,1,0.03,0.03,-38000.0,0.27,2.56
dnarelax,err,1lo1,6,1,200,9,5,190.1,2,1,0.2,0.49,-29800.0,0.36,2.19
dnarelax,err,1lo1,60,1,282,259,,207.9,2,1,0.06,0.14,-34200000.0,0.41,1.25
dnarelax,err,1lo1,61,1,172,12,,250.3,2,1,0.05,0.13,-29600.0,0.24,2.21
dnarelax,err,1lo1,62,1,127,0,5,319.6,2,1,0.22,0.22,-38000.0,0.53,2.69
dnarelax,err,1lo1,63,1,155,12,,99.7,2,2,0.37,0.73,-28800.0,0.44,2.21
dnarelax,err,1lo1,64,1,120,0,5,247.2,2,2,0.04,0.06,-38200.0,0.55,2.53
dnarelax,err,1lo1,65,1,132,20,,165.1,2,2,0.02,0.02,-17600.0,0.52,2.06
dnarelax,err,1lo1,66,1,121,0,5,118.3,2,1,0.05,0.07,-38500.0,0.18,2.61
dnarelax,err,1lo1,67,1,332,10,5,600.1,2,1,0.08,0.23,-28600.0,0.36,2.2
dnarelax,err,1lo1,68,1,66,0,5,61.4,2,2,0.16,0.45,-38500.0,0.68,2.6
dnarelax,err,1lo1,69,1,61,0,5,83.3,2,2,0.14,0.26,-39000.0,0.71,2.67
dnarelax,err,1lo1,7,1,170,10,,65.6,2,0,,,-29800.0,0.2,2.19
dnarelax,err,1lo1,70,1,166,0,5,112.6,2,1,0.07,0.12,-37900.0,0.49,2.57
dnarelax,err,1lo1,71,1,237,10,5,412.5,2,1,0.07,0.21,-30400.0,0.31,2.2
dnarelax,err,1lo1,72,1,102,21,,266.9,2,1,0.1,0.17,-18800.0,0.25,2.11
dnarelax,err,1lo1,73,1,175,12,,185.7,2,0,,,-29000.0,0.18,2.21
dnarelax,err,1lo1,74,1,178,12,,103.5,2,0,,,-29900.0,0.5,2.22
dnarelax,err,1lo1,75,1,174,10,,256.5,2,1,0.47,0.81,-30500.0,0.27,2.17
dnarelax,err,1lo1,76,1,267,21,,204.4,2,2,0.09,0.2,-21400.0,0.31,2.19
dnarelax,err,1lo1,77,1,171,0,5,76.6,2,1,0.19,0.24,-28300.0,0.31,2.59
dnarelax,err,1lo1,78,1,129,0,5,130.0,2,2,0.15,0.84,-38000.0,0.19,2.72
dnarelax,err,1lo1,79,1,153,18,,197.5,2,2,0.14,0.32,-17100.0,0.26,2.06
dnarelax,err,1lo1,8,1,147,0,5,55.9,2,1,0.06,0.17,-38400.0,0.63,2.65
dnarelax,err,1lo1,80,1,153,0,5,116.0,2,1,0.08,0.25,-37900.0,0.6,2.67
dnarelax,err,1lo1,81,1,120,0,5,93.2,2,2,0.1,0.24,-38400.0,0.89,2.57
dnarelax,err,1lo1,82,1,143,0,5,220.2,2,1,0.0,0.0,-38100.0,0.41,2.75
dnarelax,err,1lo1,83,0,165,,,,2,1,,,,0.54,
dnarelax,err,1lo1,84,1,178,20,,155.6,2,1,0.11,0.2,-14100.0,0.33,2.03
dnarelax,err,1lo1,85,1,81,0,5,78.0,2,2,0.16,0.23,-38800.0,0.6,2.58
dnarelax,err,1lo1,86,1,150,11,,142.6,2,1,0.08,0.13,-29700.0,0.44,2.13
dnarelax,err,1lo1,87,1,131,12,,65.0,2,0,,,-27900.0,0.35,2.28
dnarelax,err,1lo1,88,1,187,0,5,104.2,2,1,0.23,0.77,-36700.0,0.37,2.57
dnarelax,err,1lo1,89,1,58,11,,57.1,2,1,0.15,0.29,-29900.0,0.94,2.15
dnarelax,err,1lo1,9,1,101,10,,223.1,2,2,0.08,0.17,-31500.0,0.43,2.21
dnarelax,err,1lo1,90,1,177,0,5,95.3,2,1,0.09,0.17,-38500.0,0.64,2.68
dnarelax,err,1lo1,91,1,340,22,,318.8,2,1,0.05,0.05,-22700.0,0.35,2.21
dnarelax,err,1lo1,92,1,85,0,5,376.5,2,2,0.09,0.22,-38600.0,0.65,2.68
dnarelax,csl,3brg,17,1,82,0,5,4121.2,0,0,,,-83800.0,0.5,2.76
dnarelax,csl,3brg,24,1,47,0,5,915.8,0,0,,,-84100.0,0.42,2.65
dnarelax,csl,3brg,27,1,56,0,5,839.5,0,0,,,-83400.0,0.32,2.66
dnarelax,csl,3brg,37,1,27,0,5,3656.3,0,0,,,-83900.0,0.69,2.64
dnarelax,csl,3brg,44,1,55,0,5,314.5,0,0,,,-84000.0,0.54,2.65
dnarelax,csl,3brg,49,1,59,0,5,824.8,0,0,,,-84000.0,0.55,2.56
dnarelax,csl,3brg,52,1,51,0,5,1394.8,0,0,,,-84000.0,0.26,2.66
dnarelax,csl,3brg,55,1,25,0,5,310.6,0,0,,,-83200.0,0.9,2.77
dnarelax,csl,3brg,75,1,36,0,5,3352.8,0,0,,,-83700.0,1.06,2.66
frozen,hsf,5d5u,1,1,51,0,5,143.9,0,0,,,-24900.0,0.73,2.59
frozen,hsf,5d5u,10,1,46,0,5,108.4,0,0,,,-35500.0,0.66,2.61
frozen,hsf,5d5u,11,1,53,0,5,120.5,0,0,,,-35800.0,0.58,2.62
frozen,hsf,5d5u,12,1,42,0,5,256.6,0,0,,,-35800.0,1.18,2.54
frozen,hsf,5d5u,13,1,29,0,5,278.7,0,0,,,-35900.0,0.87,2.65
frozen,hsf,5d5u,14,1,92,0,5,648.8,0,0,,,-33700.0,0.46,2.6
frozen,hsf,5d5u,15,1,17,0,5,37.9,0,0,,,-36100.0,1.34,2.57
frozen,hsf,5d5u,16,1,57,0,5,433.9,0,0,,,-36000.0,0.39,2.74
frozen,hsf,5d5u,17,1,21,0,5,837.6,0,0,,,-35600.0,0.74,2.59
frozen,hsf,5d5u,18,1,43,0,5,61.6,0,0,,,-35800.0,0.74,2.58
frozen,hsf,5d5u,19,1,47,0,5,476.9,0,0,,,-35900.0,0.41,2.58
frozen,hsf,5d5u,2,1,53,0,5,128.7,0,0,,,-36100.0,0.48,2.6
frozen,hsf,5d5u,20,1,54,0,5,42.3,0,0,,,-35400.0,0.37,2.59
frozen,hsf,5d5u,21,1,30,0,5,109.8,0,0,,,-35800.0,1.09,2.58
frozen,hsf,5d5u,22,1,26,0,5,55.2,0,0,,,-35700.0,0.98,2.58
frozen,hsf,5d5u,23,1,32,0,5,322.1,0,0,,,-25700.0,0.7,2.59
frozen,hsf,5d5u,24,1,14,0,5,699.0,0,0,,,-35800.0,1.77,2.58
frozen,hsf,5d5u,25,1,14,0,5,157.5,0,0,,,-25400.0,1.41,2.6
frozen,hsf,5d5u,26,1,57,0,5,407.1,0,0,,,-35400.0,0.69,2.71
frozen,hsf,5d5u,27,1,15,0,5,293.2,0,0,,,-25200.0,0.83,2.61
frozen,hsf,5d5u,28,1,39,0,5,59.1,0,0,,,-36000.0,0.91,2.68
frozen,hsf,5d5u,29,1,27,0,5,320.8,0,0,,,-36000.0,1.17,2.62
frozen,hsf,5d5u,3,1,46,0,5,111.5,0,0,,,-35800.0,0.35,2.54
frozen,hsf,5d5u,30,1,17,0,5,37.8,0,0,,,-25400.0,0.84,2.63
frozen,hsf,5d5u,31,1,30,0,5,236.3,0,0,,,-36200.0,0.77,2.58
frozen,hsf,5d5u,32,1,62,10,,268.7,0,0,,,-26800.0,0.57,2.14
frozen,hsf,5d5u,33,1,46,0,5,900.1,0,0,,,-35700.0,0.55,2.58
frozen,hsf,5d5u,34,1,17,0,5,198.7,0,0,,,-25100.0,0.75,2.67
frozen,hsf,5d5u,35,1,29,0,5,766.2,0,0,,,-35900.0,1.03,2.59
frozen,hsf,5d5u,36,1,23,0,5,38.2,0,0,,,-35900.0,1.36,2.57
frozen,hsf,5d5u,37,1,14,0,5,28.9,0,0,,,-25400.0,1.03,2.71
frozen,hsf,5d5u,38,1,20,0,5,113.8,0,0,,,-35900.0,0.64,2.61
frozen,hsf,5d5u,39,1,50,0,5,64.3,0,0,,,-35800.0,0.56,2.7
frozen,hsf,5d5u,4,1,86,0,5,216.9,0,0,,,-35000.0,0.62,2.77
frozen,hsf,5d5u,40,1,31,0,5,249.1,0,0,,,-36000.0,0.75,2.61
frozen,hsf,5d5u,41,1,47,0,5,60.2,0,0,,,-35900.0,1.34,2.62
frozen,hsf,5d5u,42,1,61,0,5,227.5,0,0,,,-35800.0,0.55,2.56
frozen,hsf,5d5u,43,1,35,0,5,195.0,0,0,,,-35800.0,1.34,2.67
frozen,hsf,5d5u,44,1,23,0,5,322.8,0,0,,,-35800.0,1.22,2.62
frozen,hsf,5d5u,45,1,38,0,5,848.6,0,0,,,-35800.0,1.05,2.64
frozen,hsf,5d5u,46,0,26,,,,0,0,,,,1.23,
frozen,hsf,5d5u,47,1,28,0,5,213.5,0,0,,,-35900.0,1.1,2.62
frozen,hsf,5d5u,48,1,13,0,5,277.7,0,0,,,-36000.0,1.34,2.68
frozen,hsf,5d5u,49,1,38,0,5,120.3,0,0,,,-35800.0,0.3,2.6
frozen,hsf,5d5u,5,1,16,0,5,92.5,0,0,,,-36200.0,1.21,2.57
frozen,hsf,5d5u,50,1,23,0,5,224.7,0,0,,,-36000.0,0.64,2.69
frozen,hsf,5d5u,51,1,15,0,5,144.0,0,0,,,-36100.0,1.02,2.63
frozen,hsf,5d5u,52,1,19,0,5,47.3,0,0,,,-36100.0,0.79,2.55
frozen,hsf,5d5u,53,1,43,0,5,331.3,0,0,,,-35900.0,0.95,2.62
frozen,hsf,5d5u,54,1,39,0,5,53.4,0,0,,,-36200.0,0.53,2.6
frozen,hsf,5d5u,55,1,29,0,5,478.8,0,0,,,-35900.0,0.87,2.6
frozen,hsf,5d5u,56,1,31,0,5,72.5,0,0,,,-36100.0,0.87,2.59
frozen,hsf,5d5u,57,1,32,0,5,255.2,0,0,,,-35800.0,0.73,2.61
frozen,hsf,5d5u,58,1,40,12,,464.0,0,0,,,-16800.0,0.38,2.2
frozen,hsf,5d5u,59,1,28,0,5,618.3,0,0,,,-36100.0,0.35,2.65
frozen,hsf,5d5u,6,1,34,0,5,150.0,0,0,,,-36000.0,1.21,2.62
frozen,hsf,5d5u,60,1,48,0,5,361.8,0,0,,,-35700.0,0.46,2.53
frozen,hsf,5d5u,61,1,30,0,5,307.6,0,0,,,-35900.0,0.88,2.61
frozen,hsf,5d5u,62,1,60,0,5,420.3,0,0,,,-35700.0,0.39,2.58
frozen,hsf,5d5u,63,1,30,0,5,137.3,0,0,,,-36000.0,0.89,2.65
frozen,hsf,5d5u,64,1,28,0,5,141.8,0,0,,,-25400.0,0.25,2.57
frozen,hsf,5d5u,65,1,47,0,5,127.2,0,0,,,-35900.0,0.44,2.68
frozen,hsf,5d5u,66,1,18,12,,245.1,0,0,,,-27500.0,0.54,2.2
frozen,hsf,5d5u,67,1,42,0,5,312.5,0,0,,,-35700.0,0.04,2.54
frozen,hsf,5d5u,68,1,34,0,5,108.0,0,0,,,-35800.0,0.93,2.57
frozen,hsf,5d5u,69,1,21,0,5,38.5,0,0,,,-25400.0,0.79,2.6
frozen,hsf,5d5u,7,1,34,32,,427.1,0,0,,,640000000.0,0.83,0.77
frozen,hsf,5d5u,70,1,40,0,5,268.4,0,0,,,-35800.0,0.49,2.62
frozen,hsf,5d5u,71,1,8,0,5,82.2,0,0,,,-25500.0,1.06,2.59
frozen,hsf,5d5u,72,1,50,10,,236.1,0,0,,,-27500.0,0.57,2.13
frozen,hsf,5d5u,73,1,22,0,5,267.5,0,0,,,-25400.0,0.67,2.6
frozen,hsf,5d5u,74,1,28,0,5,483.8,0,0,,,-25400.0,0.41,2.57
frozen,hsf,5d5u,75,1,82,0,5,197.2,0,0,,,-35800.0,0.65,2.58
frozen,hsf,5d5u,76,1,29,0,5,93.4,0,0,,,-25400.0,0.5,2.58
frozen,hsf,5d5u,77,1,23,0,5,149.4,0,0,,,-36000.0,1.27,2.56
frozen,hsf,5d5u,78,1,36,0,5,284.8,0,0,,,-35800.0,0.6,2.73
frozen,hsf,5d5u,79,1,48,0,5,346.4,0,0,,,-35600.0,0.21,2.61
frozen,hsf,5d5u,8,1,29,0,5,147.8,0,0,,,-36100.0,0.78,2.68
frozen,hsf,5d5u,80,1,36,0,5,72.0,0,0,,,-35800.0,0.61,2.65
frozen,hsf,5d5u,81,1,24,0,5,136.9,0,0,,,-35900.0,0.66,2.69
frozen,hsf,5d5u,82,0,52,,,,0,0,,,,0.47,
frozen,hsf,5d5u,83,1,24,0,5,530.3,0,0,,,-35900.0,0.5,2.57
frozen,hsf,5d5u,84,1,21,0,5,475.8,0,0,,,-35800.0,1.01,2.57
frozen,hsf,5d5u,85,1,43,0,5,155.0,0,0,,,-35800.0,0.88,2.6
frozen,hsf,5d5u,86,1,22,0,5,81.3,0,0,,,-36200.0,0.56,2.62
frozen,hsf,5d5u,87,1,31,0,5,227.1,0,0,,,-36100.0,1.13,2.58
frozen,hsf,5d5u,88,1,24,0,5,286.5,0,0,,,-36000.0,0.27,2.58
frozen,hsf,5d5u,89,1,31,0,5,155.3,0,0,,,-25300.0,0.36,2.63
frozen,hsf,5d5u,9,1,61,0,5,138.5,0,0,,,-27800.0,0.54,2.72
frozen,hsf,5d5u,90,1,20,0,5,34.9,0,0,,,-36100.0,0.77,2.67
frozen,hsf,5d5u,91,1,27,0,5,554.8,0,0,,,-36000.0,0.58,2.62
frozen,hsf,5d5u,92,1,38,0,5,86.0,0,0,,,-35800.0,0.83,2.62
frozen,hsf,5d5u,93,1,26,0,5,485.4,0,0,,,-35700.0,0.91,2.57
frozen,hsf,5d5u,94,1,14,0,5,106.9,0,0,,,-36100.0,0.99,2.7
frozen,hsf,5d5u,95,1,73,0,5,121.7,0,0,,,-35300.0,0.65,2.58
frozen,hsf,5d5u,96,1,32,0,5,468.9,0,0,,,-35800.0,0.88,2.61
frozen,hsf,5d5u,97,1,42,0,5,343.9,0,0,,,-35900.0,0.55,2.6
frozen,hsf,5d5u,98,1,39,0,5,149.2,0,0,,,-35900.0,0.83,2.58
frozen,hsf,5d5u,99,1,31,0,5,241.5,0,0,,,-35800.0,0.64,2.59
frozen,irf,1if1,1,1,79,5,,1151.9,0,0,,,-50700.0,0.29,2.18
frozen,irf,1if1,10,1,42,0,5,209.4,0,0,,,-58600.0,0.9,2.53
frozen,irf,1if1,11,1,37,0,6,538.9,0,0,,,-58200.0,0.83,2.54
frozen,irf,1if1,12,1,39,0,5,162.8,0,0,,,-58500.0,0.8,2.68
frozen,irf,1if1,13,1,52,0,5,229.6,0,0,,,-48100.0,0.69,2.59
frozen,irf,1if1,14,0,68,,,,0,0,,,,0.78,
frozen,irf,1if1,15,1,49,0,5,499.1,0,0,,,-47700.0,1.25,2.52
frozen,irf,1if1,16,1,88,0,5,199.9,0,0,,,-58700.0,0.84,2.7
frozen,irf,1if1,17,0,49,,,,0,0,,,,0.33,
frozen,irf,1if1,18,1,118,0,5,442.2,0,0,,,-56500.0,0.38,2.71
frozen,irf,1if1,19,1,72,0,5,356.2,0,0,,,-58000.0,0.77,2.71
frozen,irf,1if1,2,1,42,0,5,121.8,0,0,,,-57900.0,0.42,2.66
frozen,irf,1if1,20,1,68,0,5,292.9,0,0,,,-57900.0,0.69,2.7
frozen,irf,1if1,21,1,52,0,5,131.5,0,0,,,-58600.0,0.69,2.72
frozen,irf,1if1,22,1,82,10,,627.5,0,0,,,-49400.0,0.61,2.14
frozen,irf,1if1,23,0,64,,,,0,0,,,,0.63,
frozen,irf,1if1,24,0,95,,,,0,0,,,,0.1,
frozen,irf,1if1,25,1,33,0,5,124.5,0,0,,,-59000.0,0.36,2.7
frozen,irf,1if1,26,1,52,0,5,267.9,0,0,,,-58600.0,0.73,2.74
frozen,irf,1if1,27,1,61,0,5,85.5,0,0,,,-58600.0,0.35,2.65
frozen,irf,1if1,28,1,109,0,5,215.7,0,0,,,-50000.0,0.26,2.7
frozen,irf,1if1,29,0,61,,,,0,0,,,,0.62,
frozen,irf,1if1,3,1,42,0,5,191.4,0,0,,,-58700.0,0.35,2.71
frozen,irf,1if1,30,1,42,0,5,271.9,0,0,,,-58600.0,0.81,2.71
frozen,irf,1if1,31,1,135,0,5,246.9,0,0,,,-45400.0,0.23,2.65
frozen,irf,1if1,33,1,105,0,5,754.9,0,0,,,-57000.0,0.41,2.59
frozen,irf,1if1,34,1,74,0,5,152.6,0,0,,,-58500.0,0.19,2.71
frozen,irf,1if1,35,1,69,11,,116.6,0,0,,,-49700.0,0.45,2.13
frozen,irf,1if1,36,0,69,,,,0,0,,,,0.67,
frozen,irf,1if1,37,0,107,,,,0,0,,,,0.61,
frozen,irf,1if1,38,1,65,0,5,651.0,0,0,,,-58100.0,0.45,2.66
frozen,irf,1if1,39,1,31,0,5,152.4,0,0,,,-58700.0,1.02,2.68
frozen,irf,1if1,4,1,44,0,5,224.2,0,0,,,-58200.0,0.62,2.64
frozen,irf,1if1,40,1,29,0,5,336.8,0,0,,,-57300.0,0.43,2.64
frozen,irf,1if1,41,1,44,0,5,118.5,0,0,,,-58400.0,0.53,2.61
frozen,irf,1if1,42,1,45,0,5,654.8,0,0,,,-58400.0,0.67,2.67
frozen,irf,1if1,43,1,59,0,5,279.1,0,0,,,-58200.0,0.46,2.61
frozen,irf,1if1,44,1,60,0,5,96.6,0,0,,,-58300.0,0.38,2.75
frozen,irf,1if1,45,1,32,0,5,90.8,0,0,,,-58900.0,1.13,2.73
frozen,irf,1if1,46,0,39,,,,0,0,,,,1.11,
frozen,irf,1if1,47,1,119,0,5,463.7,0,0,,,-56700.0,0.37,2.59
frozen,irf,1if1,48,1,35,0,5,120.6,0,0,,,-48100.0,0.46,2.66
frozen,irf,1if1,49,1,28,0,5,290.0,0,0,,,-58200.0,0.95,2.57
frozen,irf,1if1,5,1,35,0,5,150.0,0,0,,,-57900.0,0.37,2.75
frozen,irf,1if1,50,1,60,10,,873.8,0,0,,,-49800.0,0.58,2.13
frozen,irf,1if1,51,1,97,0,5,58.9,0,0,,,-57100.0,0.25,2.66
frozen,irf,1if1,52,1,38,0,5,353.5,0,0,,,-47400.0,0.8,2.66
frozen,irf,1if1,53,1,61,0,5,695.2,0,0,,,-58300.0,0.36,2.58
frozen,irf,1if1,54,1,50,0,5,228.1,0,0,,,-58500.0,0.5,2.71
frozen,irf,1if1,55,1,87,0,5,562.8,0,0,,,-58200.0,0.43,2.69
frozen,irf,1if1,56,0,55,,,,0,0,,,,0.88,
frozen,irf,1if1,57,1,46,0,5,442.1,0,0,,,-58800.0,0.63,2.6
frozen,irf,1if1,58,1,40,0,5,615.8,0,0,,,-58000.0,0.87,2.72
frozen,irf,1if1,59,1,114,0,5,169.1,0,0,,,-57400.0,0.35,2.53
frozen,irf,1if1,6,1,49,0,5,267.3,0,0,,,-42200.0,0.8,2.56
frozen,irf,1if1,60,1,85,0,5,649.8,0,0,,,-58200.0,0.75,2.64
frozen,irf,1if1,61,1,38,0,5,145.1,0,0,,,-58100.0,0.41,2.69
frozen,irf,1if1,62,1,60,0,5,148.9,0,0,,,-58300.0,0.74,2.64
frozen,irf,1if1,63,1,32,0,5,218.8,0,0,,,-57800.0,0.65,2.54
frozen,irf,1if1,64,1,64,0,5,65.4,0,0,,,-58000.0,0.51,2.67
frozen,irf,1if1,65,1,44,0,5,477.6,0,0,,,-58600.0,0.88,2.58
frozen,irf,1if1,66,1,42,0,5,190.2,0,0,,,-58500.0,1.07,2.72
frozen,irf,1if1,67,1,54,0,5,29.6,0,0,,,-58200.0,0.84,2.57
frozen,irf,1if1,68,1,90,0,5,894.7,0,0,,,-58500.0,0.24,2.7
frozen,irf,1if1,69,1,61,0,5,555.6,0,0,,,-57000.0,0.87,2.64
frozen,irf,1if1,7,1,59,0,5,115.5,0,0,,,-58700.0,0.66,2.67
frozen,irf,1if1,70,1,43,0,5,155.3,0,0,,,-58500.0,0.54,2.72
frozen,irf,1if1,71,1,38,0,5,136.9,0,0,,,-58700.0,0.45,2.71
frozen,irf,1if1,72,0,70,,,,0,0,,,,0.25,
frozen,irf,1if1,73,1,40,0,5,474.9,0,0,,,-57900.0,0.7,2.71
frozen,irf,1if1,74,1,69,0,5,609.2,0,0,,,-58000.0,0.57,2.66
frozen,irf,1if1,75,1,43,0,5,189.5,0,0,,,-57400.0,0.52,2.67
frozen,irf,1if1,76,1,24,0,5,244.5,0,0,,,-58600.0,1.15,2.67
frozen,irf,1if1,77,0,69,,,,0,0,,,,0.74,
frozen,irf,1if1,78,1,60,0,5,388.9,0,0,,,-58700.0,0.46,2.7
frozen,irf,1if1,79,1,26,0,5,109.5,0,0,,,-58800.0,0.73,2.68
frozen,irf,1if1,8,1,58,0,5,195.5,0,0,,,-58300.0,0.62,2.69
frozen,irf,1if1,80,1,44,0,5,260.7,0,0,,,-58700.0,0.47,2.67
frozen,irf,1if1,81,1,75,0,5,268.1,0,0,,,-57400.0,0.71,2.59
frozen,irf,1if1,82,1,28,0,5,559.6,0,0,,,-58800.0,1.02,2.69
frozen,irf,1if1,83,1,58,0,5,315.2,0,0,,,-57900.0,0.66,2.73
frozen,irf,1if1,84,1,74,0,5,525.4,0,0,,,-56700.0,0.71,2.56
frozen,irf,1if1,85,0,53,,,,0,0,,,,0.87,
frozen,irf,1if1,86,1,139,0,5,686.4,0,0,,,-57600.0,0.46,2.65
frozen,irf,1if1,87,1,47,0,5,166.8,0,0,,,-58000.0,0.53,2.77
frozen,irf,1if1,88,1,63,0,5,343.4,0,0,,,-48100.0,0.52,2.69
frozen,irf,1if1,89,1,108,0,5,864.8,0,0,,,-57900.0,0.23,2.73
frozen,irf,1if1,9,1,74,0,5,520.5,0,0,,,-57600.0,0.58,2.7
frozen,irf,1if1,90,1,41,0,5,352.0,0,0,,,-58800.0,0.94,2.65
frozen,irf,1if1,91,1,50,0,5,1014.0,0,0,,,-58400.0,0.84,2.66
frozen,irf,1if1,92,1,76,0,5,182.4,0,0,,,-57800.0,0.5,2.68
frozen,irf,1if1,93,1,61,0,5,71.5,0,0,,,-58300.0,0.47,2.68
frozen,irf,1if1,94,1,70,0,5,502.8,0,0,,,-58000.0,0.9,2.63
frozen,irf,1if1,95,1,52,0,5,108.7,0,0,,,-58100.0,0.61,2.71
dnarelax,csl,3brg,20,1,25,0,5,792.5,0,0,,,-84000.0,0.93,2.61
dnarelax,csl,3brg,26,1,21,0,5,954.6,0,0,,,-83700.0,0.75,2.64
dnarelax,csl,3brg,30,1,98,0,5,1569.4,0,0,,,-83500.0,0.58,2.6
dnarelax,csl,3brg,46,1,72,0,5,619.5,0,0,,,-83300.0,0.66,2.64
dnarelax,csl,3brg,63,1,63,12,,1231.5,0,0,,,-76700.0,0.44,2.25
dnarelax,csl,3brg,65,1,26,0,5,812.0,0,0,,,-84400.0,0.57,2.66
dnarelax,csl,3brg,74,1,26,0,5,509.3,0,0,,,-73400.0,0.2,2.64
dnarelax,csl,3brg,82,1,69,10,,945.7,0,0,,,-74500.0,0.38,2.16
dnarelax,csl,3brg,89,1,69,0,5,533.2,0,0,,,-82800.0,0.39,2.58
dnarelax,csl,3brg,92,1,94,0,5,548.2,0,0,,,-83200.0,0.45,2.63
dnarelax,csl,3brg,18,1,34,0,5,5356.6,0,0,,,-83800.0,0.3,2.56
dnarelax,csl,3brg,36,1,59,0,5,3124.1,0,0,,,-82500.0,0.27,2.54
dnarelax,csl,3brg,41,1,87,0,5,308.3,0,0,,,-82500.0,0.77,2.57
dnarelax,csl,3brg,43,1,82,11,,2076.3,0,0,,,-76000.0,0.24,2.19
dnarelax,csl,3brg,53,1,53,0,5,2167.3,0,0,,,-83300.0,0.85,2.6
dnarelax,csl,3brg,54,1,35,0,5,317.5,0,0,,,-83500.0,0.12,2.72
dnarelax,csl,3brg,58,1,71,0,5,5020.3,0,0,,,-73200.0,0.31,2.6
dnarelax,csl,3brg,60,1,50,0,5,4568.0,0,0,,,-83600.0,1.17,2.64
dnarelax,csl,3brg,67,1,104,0,5,5130.9,0,0,,,-83000.0,0.5,2.67
dnarelax,csl,3brg,68,1,74,0,5,1528.4,0,0,,,-83300.0,0.66,2.68
dnarelax,csl,3brg,77,1,49,0,5,4339.4,0,0,,,-83500.0,0.32,2.65
dnarelax,csl,3brg,78,1,59,0,5,3653.8,0,0,,,-83800.0,0.53,2.58
dnarelax,csl,3brg,88,1,41,0,5,2374.8,0,0,,,-83700.0,0.54,2.64
dnarelax,csl,3brg,91,1,109,0,5,3731.5,0,0,,,-83600.0,0.55,2.61
dnarelax,hsf,5d5u,1,1,51,0,5,265.2,0,0,,,-25500.0,0.73,2.75
dnarelax,hsf,5d5u,10,1,46,0,5,204.2,0,0,,,-35900.0,0.66,2.6
dnarelax,hsf,5d5u,11,1,53,0,5,100.6,0,0,,,-35900.0,0.58,2.59
dnarelax,hsf,5d5u,12,1,42,0,5,40.3,0,0,,,-36100.0,1.18,2.57
dnarelax,hsf,5d5u,13,1,29,0,5,403.5,0,0,,,-36100.0,0.87,2.6
dnarelax,hsf,5d5u,14,1,92,0,5,259.0,0,0,,,-34600.0,0.46,2.59
dnarelax,hsf,5d5u,15,1,17,0,5,62.2,0,0,,,-36300.0,1.34,2.57
dnarelax,hsf,5d5u,16,1,57,0,5,95.4,0,0,,,-36000.0,0.39,2.71
dnarelax,hsf,5d5u,17,1,21,0,5,340.7,0,0,,,-35800.0,0.74,2.66
dnarelax,hsf,5d5u,18,1,43,0,5,270.4,0,0,,,-35900.0,0.74,2.54
dnarelax,hsf,5d5u,19,1,47,0,5,76.6,0,0,,,-36100.0,0.41,2.59
dnarelax,hsf,5d5u,2,1,53,0,5,76.1,0,0,,,-36100.0,0.48,2.57
dnarelax,hsf,5d5u,20,1,54,0,5,81.6,0,0,,,-35800.0,0.37,2.56
dnarelax,hsf,5d5u,21,1,30,0,5,175.3,0,0,,,-36000.0,1.09,2.59
dnarelax,hsf,5d5u,22,1,26,0,5,341.2,0,0,,,-35900.0,0.98,2.6
dnarelax,hsf,5d5u,23,1,32,0,5,372.7,0,0,,,-25600.0,0.7,2.6
dnarelax,hsf,5d5u,24,1,14,0,5,307.6,0,0,,,-36000.0,1.77,2.58
dnarelax,hsf,5d5u,25,1,71,0,5,637.0,0,0,,,-35900.0,0.98,2.59
dnarelax,hsf,5d5u,26,1,57,0,5,270.9,0,0,,,-35500.0,0.69,2.56
dnarelax,hsf,5d5u,27,1,33,0,5,553.6,0,0,,,-36100.0,0.65,2.6
dnarelax,hsf,5d5u,28,1,39,0,5,219.9,0,0,,,-36000.0,0.91,2.61
dnarelax,hsf,5d5u,29,1,27,0,6,412.6,0,0,,,-36200.0,1.17,2.61
dnarelax,hsf,5d5u,3,1,46,0,5,217.8,0,0,,,-35900.0,0.35,2.56
dnarelax,hsf,5d5u,30,1,26,0,5,82.2,0,0,,,-36100.0,1.02,2.62
dnarelax,hsf,5d5u,31,1,30,0,5,175.2,0,0,,,-36300.0,0.77,2.6
dnarelax,hsf,5d5u,32,1,62,10,,294.7,0,0,,,-26900.0,0.57,2.14
dnarelax,hsf,5d5u,33,1,46,0,5,205.3,0,0,,,-36000.0,0.55,2.68
dnarelax,hsf,5d5u,34,1,32,0,5,331.4,0,0,,,-28300.0,1.02,2.64
dnarelax,hsf,5d5u,35,1,29,0,5,309.7,0,0,,,-35900.0,1.03,2.6
dnarelax,hsf,5d5u,36,1,23,0,5,39.0,0,0,,,-35800.0,1.36,2.58
dnarelax,hsf,5d5u,37,1,18,0,5,104.7,0,0,,,-36300.0,1.0,2.6
dnarelax,hsf,5d5u,38,1,20,0,5,89.8,0,0,,,-35900.0,0.64,2.61
dnarelax,hsf,5d5u,39,1,50,0,5,195.3,0,0,,,-35900.0,0.56,2.68
dnarelax,hsf,5d5u,4,1,86,0,5,43.7,0,0,,,-35600.0,0.62,2.76
dnarelax,hsf,5d5u,40,1,31,0,5,575.5,0,0,,,-36200.0,0.75,2.58
dnarelax,hsf,5d5u,41,1,47,0,5,205.6,0,0,,,-36100.0,1.34,2.63
dnarelax,hsf,5d5u,42,1,61,0,5,41.1,0,0,,,-35800.0,0.55,2.59
dnarelax,hsf,5d5u,43,0,35,,,,0,0,,,,1.34,
dnarelax,hsf,5d5u,44,0,23,,,,0,0,,,,1.22,
dnarelax,hsf,5d5u,45,1,38,0,5,350.1,0,0,,,-36000.0,1.05,2.62
dnarelax,hsf,5d5u,46,0,26,,,,0,0,,,,1.23,
dnarelax,hsf,5d5u,47,1,28,0,5,213.8,0,0,,,-36200.0,1.1,2.58
dnarelax,hsf,5d5u,48,1,13,0,5,47.6,0,0,,,-35500.0,1.34,2.59
dnarelax,hsf,5d5u,49,1,38,0,5,106.6,0,0,,,-36100.0,0.3,2.59
dnarelax,hsf,5d5u,5,1,16,0,5,96.7,0,0,,,-36100.0,1.21,2.6
dnarelax,hsf,5d5u,50,1,23,0,5,64.0,0,0,,,-36100.0,0.64,2.67
dnarelax,hsf,5d5u,51,1,15,0,5,234.9,0,0,,,-36100.0,1.02,2.65
dnarelax,hsf,5d5u,52,1,19,0,5,24.5,0,0,,,-36400.0,0.79,2.58
dnarelax,hsf,5d5u,53,1,43,0,5,625.7,0,0,,,-36100.0,0.95,2.58
dnarelax,hsf,5d5u,54,1,39,0,5,52.3,0,0,,,-35900.0,0.53,2.6
dnarelax,hsf,5d5u,55,1,29,0,5,324.4,0,0,,,-36000.0,0.87,2.58
dnarelax,hsf,5d5u,56,1,31,0,5,167.3,0,0,,,-36100.0,0.87,2.68
dnarelax,hsf,5d5u,57,1,32,0,5,107.7,0,0,,,-36000.0,0.73,2.63
dnarelax,hsf,5d5u,58,1,40,0,5,433.9,0,0,,,-36000.0,0.38,2.6
dnarelax,hsf,5d5u,59,1,28,0,5,111.6,0,0,,,-36200.0,0.35,2.62
dnarelax,hsf,5d5u,6,1,34,0,5,467.8,0,0,,,-36100.0,1.21,2.61
dnarelax,hsf,5d5u,60,1,48,0,5,212.5,0,0,,,-36000.0,0.46,2.58
dnarelax,hsf,5d5u,61,1,30,0,5,65.7,0,0,,,-36100.0,0.88,2.56
dnarelax,hsf,5d5u,62,1,60,0,5,1326.6,0,0,,,-35600.0,0.39,2.61
dnarelax,hsf,5d5u,63,0,30,,,,0,0,,,,0.89,
dnarelax,hsf,5d5u,64,1,46,0,5,407.9,0,0,,,-36000.0,0.48,2.58
dnarelax,hsf,5d5u,65,1,47,0,5,342.3,0,0,,,-35900.0,0.44,2.62
dnarelax,hsf,5d5u,66,0,18,,,,0,0,,,,0.54,
dnarelax,hsf,5d5u,67,1,42,0,5,151.0,0,0,,,-35800.0,0.04,2.56
dnarelax,hsf,5d5u,68,1,34,0,5,103.6,0,0,,,-36100.0,0.93,2.61
dnarelax,hsf,5d5u,69,1,34,0,5,48.3,0,0,,,-36200.0,0.57,2.59
dnarelax,hsf,5d5u,7,1,34,0,5,148.6,0,0,,,-35800.0,0.83,2.68
dnarelax,hsf,5d5u,70,1,40,0,5,422.4,0,0,,,-35800.0,0.49,2.6
dnarelax,hsf,5d5u,71,1,29,0,5,105.2,0,0,,,-35900.0,0.64,2.58
dnarelax,hsf,5d5u,72,1,50,0,5,228.3,0,0,,,-35700.0,0.57,2.61
dnarelax,hsf,5d5u,73,1,30,0,5,215.4,0,0,,,-36000.0,0.65,2.59
dnarelax,hsf,5d5u,74,1,42,0,5,450.2,0,0,,,-36200.0,0.61,2.58
dnarelax,hsf,5d5u,75,1,82,0,5,115.6,0,0,,,-35700.0,0.65,2.6
dnarelax,hsf,5d5u,76,1,61,0,5,105.2,0,0,,,-35900.0,0.25,2.67
dnarelax,hsf,5d5u,77,1,23,0,5,302.4,0,0,,,-36000.0,1.27,2.56
dnarelax,hsf,5d5u,78,1,36,0,5,60.6,0,0,,,-35900.0,0.6,2.63
dnarelax,hsf,5d5u,79,1,48,0,5,45.4,0,0,,,-36000.0,0.21,2.58
dnarelax,hsf,5d5u,8,1,29,0,5,93.9,0,0,,,-36100.0,0.78,2.68
dnarelax,hsf,5d5u,80,1,36,0,5,66.4,0,0,,,-36100.0,0.61,2.64
dnarelax,hsf,5d5u,81,1,24,0,5,166.6,0,0,,,-35900.0,0.66,2.74
dnarelax,hsf,5d5u,82,1,52,0,5,221.6,0,0,,,-36200.0,0.47,2.65
dnarelax,hsf,5d5u,83,1,24,0,5,279.6,0,0,,,-35900.0,0.5,2.58
dnarelax,hsf,5d5u,84,1,21,0,5,98.5,0,0,,,-36100.0,1.01,2.62
dnarelax,hsf,5d5u,85,0,43,,,,0,0,,,,0.88,
dnarelax,hsf,5d5u,86,1,22,0,5,35.1,0,0,,,-36200.0,0.56,2.63
dnarelax,hsf,5d5u,87,1,31,0,5,435.8,0,0,,,-36000.0,1.13,2.56
dnarelax,hsf,5d5u,88,0,24,,,,0,0,,,,0.27,
dnarelax,hsf,5d5u,89,0,34,,,,0,0,,,,0.41,
dnarelax,hsf,5d5u,9,1,61,0,5,36.3,0,0,,,-35700.0,0.54,2.6
dnarelax,hsf,5d5u,90,1,20,0,5,27.9,0,0,,,-36000.0,0.77,2.76
dnarelax,hsf,5d5u,91,1,27,0,5,420.5,0,0,,,-36300.0,0.58,2.64
dnarelax,hsf,5d5u,92,1,38,0,5,114.1,0,0,,,-35800.0,0.83,2.61
dnarelax,hsf,5d5u,93,1,26,0,5,823.8,0,0,,,-35800.0,0.91,2.61
dnarelax,hsf,5d5u,94,1,14,0,5,452.9,0,0,,,-36100.0,0.99,2.67
dnarelax,hsf,5d5u,95,1,73,0,5,262.8,0,0,,,-35600.0,0.65,2.59
dnarelax,hsf,5d5u,96,1,32,0,5,186.8,0,0,,,-36000.0,0.88,2.63
dnarelax,hsf,5d5u,97,1,42,0,5,209.4,0,0,,,-35900.0,0.55,2.58
dnarelax,hsf,5d5u,98,0,39,,,,0,0,,,,0.83,
dnarelax,hsf,5d5u,99,0,31,,,,0,0,,,,0.64,
dnarelax,irf,1if1,1,1,79,0,,852.2,0,0,,,-58400.0,0.29,2.7
dnarelax,irf,1if1,10,0,42,,,,0,0,,,,0.9,
dnarelax,irf,1if1,11,1,37,0,5,763.2,0,0,,,-59300.0,0.83,2.73
dnarelax,irf,1if1,12,0,39,,,,0,0,,,,0.8,
dnarelax,irf,1if1,13,1,52,0,5,435.2,0,0,,,-49000.0,0.69,2.65
dnarelax,irf,1if1,14,1,68,0,5,375.0,0,0,,,-59500.0,0.78,2.73
dnarelax,irf,1if1,15,0,49,,,,0,0,,,,1.25,
dnarelax,irf,1if1,16,1,88,0,5,161.4,0,0,,,-59400.0,0.84,2.67
dnarelax,irf,1if1,17,1,49,0,5,502.8,0,0,,,-59100.0,0.33,2.77
dnarelax,irf,1if1,18,1,118,0,5,482.5,0,0,,,-57800.0,0.38,2.62
dnarelax,irf,1if1,19,1,72,0,5,994.7,0,0,,,-59700.0,0.77,2.66
dnarelax,irf,1if1,2,1,42,10,,253.7,0,0,,,-52500.0,0.42,2.2
dnarelax,irf,1if1,20,1,68,0,5,185.6,0,0,,,-59200.0,0.69,2.74
dnarelax,irf,1if1,21,1,52,0,5,259.0,0,0,,,-59300.0,0.69,2.72
dnarelax,irf,1if1,22,1,82,10,,2082.3,0,0,,,-50500.0,0.61,2.15
dnarelax,irf,1if1,23,1,64,0,5,266.5,0,0,,,-59300.0,0.63,2.69
dnarelax,irf,1if1,24,1,95,0,5,497.7,0,0,,,-59700.0,0.1,2.72
dnarelax,irf,1if1,25,1,33,0,5,561.2,0,0,,,-60000.0,0.36,2.73
dnarelax,irf,1if1,26,1,52,0,5,204.0,0,0,,,-59100.0,0.73,2.74
dnarelax,irf,1if1,27,1,61,0,5,421.6,0,0,,,-59200.0,0.35,2.71
dnarelax,irf,1if1,28,1,109,0,5,456.0,0,0,,,-51600.0,0.26,2.67
dnarelax,irf,1if1,29,1,61,0,5,1085.8,0,0,,,-48000.0,0.62,2.67
dnarelax,irf,1if1,3,1,42,0,6,1257.8,0,0,,,-59600.0,0.35,2.74
dnarelax,irf,1if1,30,1,42,0,5,269.1,0,0,,,-59500.0,0.81,2.73
dnarelax,irf,1if1,31,1,135,14,,253.3,0,0,,,-31100.0,0.23,2.12
dnarelax,irf,1if1,32,1,159,0,5,924.6,0,0,,,-57500.0,0.42,2.6
dnarelax,irf,1if1,33,0,103,,,,0,0,,,,0.41,
dnarelax,irf,1if1,34,1,74,0,5,568.7,0,0,,,-59500.0,0.19,2.77
dnarelax,irf,1if1,35,1,69,0,5,525.7,0,0,,,-59000.0,0.45,2.71
dnarelax,irf,1if1,36,0,69,,,,0,0,,,,0.67,
dnarelax,irf,1if1,37,1,107,0,5,901.1,0,0,,,-59300.0,0.61,2.67
dnarelax,irf,1if1,38,1,65,0,5,313.3,0,0,,,-59200.0,0.45,2.67
dnarelax,irf,1if1,39,1,31,0,5,333.8,0,0,,,-59600.0,1.02,2.71
dnarelax,irf,1if1,4,1,44,0,5,200.4,0,0,,,-59300.0,0.62,2.76
dnarelax,irf,1if1,40,1,29,0,5,155.1,0,0,,,-58300.0,0.43,2.67
dnarelax,irf,1if1,41,1,44,0,5,178.8,0,0,,,-59400.0,0.53,2.62
dnarelax,irf,1if1,42,1,45,0,5,389.1,0,0,,,-58900.0,0.67,2.68
dnarelax,irf,1if1,43,1,59,0,5,679.8,0,0,,,-59600.0,0.46,2.62
dnarelax,irf,1if1,44,1,60,0,5,372.1,0,0,,,-59600.0,0.38,2.75
dnarelax,irf,1if1,45,1,32,0,5,229.1,0,0,,,-59200.0,1.13,2.72
dnarelax,irf,1if1,46,1,39,0,5,295.8,0,0,,,-58900.0,1.11,2.59
dnarelax,irf,1if1,47,0,119,,,,0,0,,,,0.37,
dnarelax,irf,1if1,48,0,35,,,,0,0,,,,0.46,
dnarelax,irf,1if1,49,1,28,0,5,659.8,0,0,,,-59300.0,0.95,2.62
dnarelax,irf,1if1,5,1,35,0,5,231.4,0,0,,,-59000.0,0.37,2.73
dnarelax,irf,1if1,50,1,60,0,5,760.7,0,0,,,-59600.0,0.58,2.71
dnarelax,irf,1if1,51,1,97,0,5,368.6,0,0,,,-59000.0,0.25,2.69
dnarelax,irf,1if1,52,1,38,0,5,134.3,0,0,,,-49000.0,0.8,2.62
dnarelax,irf,1if1,53,1,61,0,5,736.0,0,0,,,-59300.0,0.36,2.72
dnarelax,irf,1if1,54,1,50,0,5,158.2,0,0,,,-59400.0,0.5,2.68
dnarelax,irf,1if1,55,1,87,0,5,829.1,0,0,,,-59300.0,0.43,2.72
dnarelax,irf,1if1,56,1,55,0,5,552.6,0,0,,,-59500.0,0.88,2.7
dnarelax,irf,1if1,57,1,46,0,5,349.5,0,0,,,-59900.0,0.63,2.64
dnarelax,irf,1if1,58,1,40,0,5,1230.3,0,0,,,-59500.0,0.87,2.65
dnarelax,irf,1if1,59,1,114,0,5,287.9,0,0,,,-59300.0,0.35,2.64
dnarelax,irf,1if1,6,1,49,0,5,346.0,0,0,,,-43300.0,0.8,2.59
dnarelax,irf,1if1,60,1,85,0,5,1016.7,0,0,,,-59000.0,0.75,2.67
dnarelax,irf,1if1,61,1,38,0,5,539.9,0,0,,,-58800.0,0.41,2.7
dnarelax,irf,1if1,62,1,60,0,5,239.8,0,0,,,-59400.0,0.74,2.67
dnarelax,irf,1if1,63,0,32,,,,0,0,,,,0.65,
dnarelax,irf,1if1,64,1,64,0,5,894.3,0,0,,,-59200.0,0.51,2.66
dnarelax,irf,1if1,65,1,44,0,5,505.4,0,0,,,-59100.0,0.88,2.62
dnarelax,irf,1if1,66,1,42,0,5,216.8,0,0,,,-59500.0,1.07,2.67
dnarelax,irf,1if1,67,1,54,0,5,307.3,0,0,,,-59300.0,0.84,2.61
dnarelax,irf,1if1,68,1,90,10,,437.0,0,0,,,-51600.0,0.24,2.21
dnarelax,irf,1if1,69,1,61,0,5,663.6,0,0,,,-58200.0,0.87,2.62
dnarelax,irf,1if1,7,1,59,0,5,227.3,0,0,,,-59600.0,0.66,2.66
dnarelax,irf,1if1,70,1,43,0,5,570.0,0,0,,,-59400.0,0.54,2.7
dnarelax,irf,1if1,71,1,38,0,5,220.1,0,0,,,-59500.0,0.45,2.73
dnarelax,irf,1if1,72,1,70,0,5,189.0,0,0,,,-59400.0,0.25,2.67
dnarelax,irf,1if1,73,1,40,0,5,922.1,0,0,,,-59500.0,0.7,2.71
dnarelax,irf,1if1,74,1,69,0,5,162.1,0,0,,,-58400.0,0.57,2.74
dnarelax,irf,1if1,75,1,43,0,5,262.8,0,0,,,-58700.0,0.52,2.6
dnarelax,irf,1if1,76,1,24,0,5,475.9,0,0,,,-59300.0,1.15,2.66
dnarelax,irf,1if1,77,0,69,,,,0,0,,,,0.74,
dnarelax,irf,1if1,78,1,60,0,5,336.9,0,0,,,-59400.0,0.46,2.76
dnarelax,irf,1if1,79,1,26,0,5,579.2,0,0,,,-59900.0,0.73,2.72
dnarelax,irf,1if1,8,1,58,0,5,378.2,0,0,,,-59400.0,0.62,2.7
dnarelax,irf,1if1,80,1,44,0,5,114.9,0,0,,,-59700.0,0.47,2.72
dnarelax,irf,1if1,81,1,75,0,5,449.2,0,0,,,-58700.0,0.71,2.57
dnarelax,irf,1if1,82,1,28,0,5,71.4,0,0,,,-59600.0,1.02,2.7
dnarelax,irf,1if1,83,1,58,0,5,379.4,0,0,,,-59000.0,0.66,2.76
dnarelax,irf,1if1,84,1,74,0,5,239.8,0,0,,,-58500.0,0.71,2.68
dnarelax,irf,1if1,85,1,53,0,5,1254.8,0,0,,,-58700.0,0.87,2.6
dnarelax,irf,1if1,86,1,139,0,5,622.1,0,0,,,-58500.0,0.46,2.58
dnarelax,irf,1if1,87,1,47,0,5,478.6,0,0,,,-59500.0,0.53,2.75
dnarelax,irf,1if1,88,1,63,0,5,541.3,0,0,,,-49100.0,0.52,2.68
dnarelax,irf,1if1,89,1,108,0,5,810.3,0,0,,,-58800.0,0.23,2.75
dnarelax,irf,1if1,9,1,74,0,5,589.1,0,0,,,-59300.0,0.58,2.72
dnarelax,irf,1if1,90,1,41,0,5,419.9,0,0,,,-59800.0,0.94,2.57
dnarelax,irf,1if1,91,0,50,,,,0,0,,,,0.84,
dnarelax,irf,1if1,92,1,76,0,5,708.1,0,0,,,-59100.0,0.5,2.62
dnarelax,irf,1if1,93,1,61,0,5,43.8,0,0,,,-58900.0,0.47,2.69
dnarelax,irf,1if1,94,1,70,0,5,133.6,0,0,,,-59200.0,0.9,2.69
dnarelax,irf,1if1,95,1,52,0,5,65.4,0,0,,,-59400.0,0.61,2.74
frozen,dux4,5z6z,3,1,554,31,6,897.8,0,0,,,-27800.0,0.25,2.06
frozen,csl,3brg,2,1,68,0,6,3772.2,0,0,,,-83600.0,0.66,2.59
dnarelax,csl,3brg,2,1,68,0,6,5304.5,0,0,,,-83700.0,0.66,2.68
frozen,csl,3brg,13,1,65,0,6,6815.7,0,0,,,-82700.0,0.82,2.67
frozen,csl,3brg,20,1,25,0,6,1810.2,0,0,,,-83800.0,0.93,2.6
frozen,csl,3brg,22,1,51,0,6,5513.7,0,0,,,-82100.0,0.25,2.56
frozen,csl,3brg,27,1,56,12,,2493.0,0,0,,,-77000.0,0.32,2.29
frozen,csl,3brg,28,1,34,0,6,7120.3,0,0,,,-83800.0,1.23,2.68
frozen,csl,3brg,29,1,67,0,6,2988.4,0,0,,,-83200.0,0.63,2.69
frozen,csl,3brg,34,0,65,,,,0,0,,,,0.62,
frozen,csl,3brg,36,1,59,0,6,1411.3,0,0,,,-82800.0,0.27,2.52
frozen,csl,3brg,37,1,27,0,6,1301.9,0,0,,,-83600.0,0.69,2.68
frozen,csl,3brg,41,1,87,0,6,1271.9,0,0,,,-82700.0,0.77,2.52
frozen,csl,3brg,42,1,54,0,6,652.8,0,0,,,-83500.0,0.24,2.56
frozen,csl,3brg,43,1,82,0,6,1328.5,0,0,,,-83600.0,0.24,2.56
frozen,csl,3brg,46,1,72,0,6,353.8,0,0,,,-83800.0,0.66,2.58
frozen,csl,3brg,48,0,125,,,,0,0,,,,0.23,
frozen,csl,3brg,53,0,53,,,,0,0,,,,0.85,
frozen,csl,3brg,58,0,71,,,,0,0,,,,0.31,
frozen,csl,3brg,64,1,116,0,6,4323.0,0,0,,,-82000.0,0.48,2.68
frozen,csl,3brg,65,1,26,0,6,1368.9,0,0,,,-73600.0,0.57,2.67
frozen,csl,3brg,66,0,78,,,,0,0,,,,0.46,
frozen,csl,3brg,67,1,104,0,6,955.8,0,0,,,-82200.0,0.5,2.56
frozen,csl,3brg,68,1,74,0,6,3577.6,0,0,,,-83000.0,0.66,2.62
frozen,csl,3brg,69,1,47,0,6,2729.3,0,0,,,-83300.0,0.55,2.59
frozen,csl,3brg,71,1,45,0,6,1520.0,0,0,,,-76600.0,0.52,2.73
frozen,csl,3brg,72,1,31,0,6,3938.6,0,0,,,-83400.0,0.43,2.6
frozen,csl,3brg,76,1,46,0,6,2368.0,0,0,,,-83800.0,0.57,2.71
frozen,csl,3brg,77,1,49,0,6,2121.4,0,0,,,-83200.0,0.32,2.66
frozen,csl,3brg,78,1,59,11,,2767.3,0,0,,,-75200.0,0.53,2.14
frozen,csl,3brg,81,1,55,0,6,4087.6,0,0,,,-83100.0,0.62,2.57
frozen,csl,3brg,82,1,69,11,,1754.8,0,0,,,-74100.0,0.38,2.14
frozen,csl,3brg,83,1,88,0,6,2051.9,0,0,,,-83000.0,0.66,2.6
frozen,csl,3brg,85,1,63,0,6,4024.1,0,0,,,-83800.0,0.96,2.56
frozen,csl,3brg,87,1,69,0,6,549.1,0,0,,,-83000.0,0.54,2.55
frozen,csl,3brg,88,0,41,,,,0,0,,,,0.54,
frozen,csl,3brg,90,1,96,0,6,261.0,0,0,,,-72000.0,0.51,2.56
frozen,csl,3brg,91,1,109,0,6,2421.0,0,0,,,-83000.0,0.55,2.59
