variant,pilot,state,point,label,sigma,clashes,pe,min_d
frozen,foxa,1,0,init,,73,,0.7
frozen,foxa,1,1,H-min,,73,,0.7
frozen,foxa,1,2,s0.1,0.1,71,-14900.0,0.7
frozen,foxa,1,3,s0.3,0.3,71,-14800.0,0.7
frozen,foxa,1,4,s0.5,0.5,71,79000.0,0.7
frozen,foxa,1,5,s0.7,0.7,23,-35400.0,1.56
frozen,foxa,1,6,s1.0,1.0,0,-35800.0,2.58
frozen,foxa,1,7,final,,0,-36000.0,2.57
frozen,foxa,2,0,init,,92,,0.47
frozen,foxa,2,1,H-min,,92,,0.47
frozen,foxa,2,2,s0.1,0.1,91,-9360.0,0.5
frozen,foxa,2,3,s0.3,0.3,90,-19300.0,0.77
frozen,foxa,2,4,s0.5,0.5,90,43400.0,0.77
frozen,foxa,2,5,s0.7,0.7,33,-32400.0,1.55
frozen,foxa,2,6,s1.0,1.0,11,-26400.0,2.15
frozen,foxa,2,7,final,,11,-26800.0,2.15
frozen,foxa,3,0,init,,44,,0.34
frozen,foxa,3,1,H-min,,44,,0.34
frozen,foxa,3,2,s0.1,0.1,44,-12800.0,0.37
frozen,foxa,3,3,s0.3,0.3,44,222000.0,0.37
frozen,foxa,3,4,s0.5,0.5,44,108000000.0,0.37
frozen,foxa,3,5,s0.7,0.7,23,-35300.0,1.55
frozen,foxa,3,6,s1.0,1.0,0,-36300.0,2.62
frozen,foxa,3,7,final,,0,-36600.0,2.61
frozen,foxa,4,0,init,,22,,1.04
frozen,foxa,4,1,H-min,,22,,1.04
frozen,foxa,4,2,s0.1,0.1,22,3750.0,1.05
frozen,foxa,4,3,s0.3,0.3,22,4520.0,1.05
frozen,foxa,4,4,s0.5,0.5,22,387000.0,1.05
frozen,foxa,4,5,s0.7,0.7,14,-34700.0,1.56
frozen,foxa,4,6,s1.0,1.0,0,-36800.0,2.58
frozen,foxa,4,7,final,,0,-37000.0,2.59
frozen,foxa,5,0,init,,247,,0.24
frozen,foxa,5,1,H-min,,247,,0.24
frozen,foxa,5,2,s0.1,0.1,247,20000.0,0.22
frozen,foxa,5,3,s0.3,0.3,250,-306000.0,0.8
frozen,foxa,5,4,s0.5,0.5,250,-581000.0,0.8
frozen,foxa,5,5,s0.7,0.7,94,-29400.0,1.53
frozen,foxa,5,6,s1.0,1.0,17,-18300.0,2.16
frozen,foxa,5,7,final,,17,-19300.0,2.16
frozen,foxa,6,0,init,,121,,0.59
frozen,foxa,6,1,H-min,,121,,0.59
frozen,foxa,6,2,s0.1,0.1,121,-13500.0,0.6
frozen,foxa,6,3,s0.3,0.3,115,-27600.0,0.78
frozen,foxa,6,4,s0.5,0.5,98,-49600.0,0.97
frozen,foxa,6,5,s0.7,0.7,98,-246000.0,0.96
frozen,foxa,6,6,s1.0,1.0,19,-25300.0,2.13
frozen,foxa,6,7,final,,20,-25500.0,2.13
frozen,foxa,7,0,init,,57,,0.58
frozen,foxa,7,1,H-min,,57,,0.58
frozen,foxa,7,2,s0.1,0.1,56,-2430.0,0.62
frozen,foxa,7,3,s0.3,0.3,56,-1570.0,0.62
frozen,foxa,7,4,s0.5,0.5,56,428000.0,0.62
frozen,foxa,7,5,s0.7,0.7,28,-34600.0,1.55
frozen,foxa,7,6,s1.0,1.0,0,-36600.0,2.56
frozen,foxa,7,7,final,,0,-36700.0,2.58
frozen,foxa,8,0,init,,77,,0.65
frozen,foxa,8,1,H-min,,77,,0.65
frozen,foxa,8,2,s0.1,0.1,79,6750.0,0.66
frozen,foxa,8,3,s0.3,0.3,79,7650.0,0.66
frozen,foxa,8,4,s0.5,0.5,79,463000.0,0.66
frozen,foxa,8,5,s0.7,0.7,41,-31800.0,1.56
frozen,foxa,8,6,s1.0,1.0,16,-23400.0,2.08
frozen,foxa,8,7,final,,16,-23600.0,2.08
frozen,foxa,9,0,init,,104,,0.87
frozen,foxa,9,1,H-min,,104,,0.87
frozen,foxa,9,2,s0.1,0.1,96,-65200.0,0.3
frozen,foxa,9,3,s0.3,0.3,96,2470000.0,0.3
frozen,foxa,9,4,s0.5,0.5,96,1160000000.0,0.3
frozen,foxa,9,5,s0.7,0.7,45,-34400.0,1.55
frozen,foxa,9,6,s1.0,1.0,0,-35700.0,2.6
frozen,foxa,9,7,final,,0,-35900.0,2.6
frozen,foxa,10,0,init,,418,,0.36
frozen,foxa,10,1,H-min,,418,,0.36
frozen,foxa,10,2,s0.1,0.1,416,16000.0,0.35
frozen,foxa,10,3,s0.3,0.3,416,1510000.0,0.35
frozen,foxa,10,4,s0.5,0.5,416,689000000.0,0.35
frozen,foxa,10,5,s0.7,0.7,180,-26900.0,1.63
frozen,foxa,10,6,s1.0,1.0,21,-7490.0,2.1
frozen,foxa,10,7,final,,22,-9540.0,2.1
frozen,foxa,11,0,init,,297,,0.27
frozen,foxa,11,1,H-min,,297,,0.27
frozen,foxa,11,2,s0.1,0.1,296,-4150.0,0.29
frozen,foxa,11,3,s0.3,0.3,296,9070000.0,0.29
frozen,foxa,11,4,s0.5,0.5,296,4170000000.0,0.29
frozen,foxa,11,5,s0.7,0.7,130,-31000.0,1.56
frozen,foxa,11,6,s1.0,1.0,18,-22000.0,2.12
frozen,foxa,11,7,final,,18,-23100.0,2.12
frozen,foxa,12,0,init,,118,,0.34
frozen,foxa,12,1,H-min,,118,,0.34
frozen,foxa,12,2,s0.05,0.05,116,-6830.0,0.34
frozen,foxa,12,3,s0.1,0.1,116,-6830.0,0.34
frozen,foxa,12,4,s0.2,0.2,116,-2200.0,0.34
frozen,foxa,12,5,s0.4,0.4,116,19600000.0,0.34
frozen,foxa,12,6,s0.7,0.7,26,-35900.0,1.54
frozen,foxa,12,7,s1.0,1.0,0,-35800.0,2.69
frozen,foxa,12,2,s0.05,0.05,88,-262000.0,0.68
frozen,foxa,12,3,s0.1,0.1,88,-737000.0,0.68
frozen,foxa,12,4,s0.2,0.2,88,-737000.0,0.68
frozen,foxa,12,5,s0.4,0.4,88,-728000.0,0.68
frozen,foxa,12,6,s0.7,0.7,32,-35900.0,1.54
frozen,foxa,12,7,s1.0,1.0,0,-36000.0,2.64
frozen,foxa,12,14,final,,0,-35800.0,2.69
frozen,foxa,13,0,init,,212,,0.32
frozen,foxa,13,1,H-min,,212,,0.32
frozen,foxa,13,2,s0.05,0.05,213,1680.0,0.35
frozen,foxa,13,3,s0.1,0.1,213,1680.0,0.35
frozen,foxa,13,4,s0.2,0.2,213,6410.0,0.35
frozen,foxa,13,5,s0.4,0.4,197,-25300.0,0.81
frozen,foxa,13,6,s0.7,0.7,88,-33200.0,1.55
frozen,foxa,13,7,s1.0,1.0,12,-27000.0,2.27
frozen,foxa,13,2,s0.05,0.05,280,11200.0,0.53
frozen,foxa,13,3,s0.1,0.1,281,-6990.0,0.23
frozen,foxa,13,4,s0.2,0.2,281,424000.0,0.23
frozen,foxa,13,5,s0.4,0.4,281,1770000000.0,0.23
frozen,foxa,13,6,s0.7,0.7,90,-32900.0,1.68
frozen,foxa,13,7,s1.0,1.0,10,-24200.0,2.22
frozen,foxa,13,2,s0.05,0.05,203,-36200.0,0.12
frozen,foxa,13,3,s0.1,0.1,203,4340000.0,0.12
frozen,foxa,13,4,s0.2,0.2,192,-169000.0,0.6
frozen,foxa,13,5,s0.4,0.4,192,-107000.0,0.6
frozen,foxa,13,6,s0.7,0.7,71,-33300.0,1.55
frozen,foxa,13,7,s1.0,1.0,10,-23500.0,2.16
frozen,foxa,13,2,s0.05,0.05,213,2250000000000.0,0.02
frozen,foxa,13,3,s0.1,0.1,207,206000.0,0.28
frozen,foxa,13,4,s0.2,0.2,207,255000.0,0.28
frozen,foxa,13,5,s0.4,0.4,207,204000000.0,0.28
frozen,foxa,13,6,s0.7,0.7,94,-34100.0,1.54
frozen,foxa,13,7,s1.0,1.0,0,-33000.0,2.52
frozen,foxa,13,2,s0.05,0.05,279,28000.0,0.28
frozen,foxa,13,3,s0.1,0.1,279,28000.0,0.28
frozen,foxa,13,4,s0.2,0.2,279,20100.0,0.51
frozen,foxa,13,5,s0.4,0.4,279,433000.0,0.51
frozen,foxa,13,6,s0.7,0.7,73,-34600.0,1.41
frozen,foxa,13,7,s1.0,1.0,0,-34100.0,2.62
frozen,foxa,13,2,s0.05,0.05,203,-40400.0,0.33
frozen,foxa,13,3,s0.1,0.1,203,-40400.0,0.33
frozen,foxa,13,4,s0.2,0.2,203,-31500.0,0.33
frozen,foxa,13,35,final,,12,-27000.0,2.27
frozen,foxa,14,0,init,,94,,0.59
frozen,foxa,14,1,H-min,,94,,0.59
frozen,foxa,14,2,s0.1,0.1,94,10400.0,0.59
frozen,foxa,14,3,s0.3,0.3,94,14100.0,0.59
frozen,foxa,14,4,s0.5,0.5,94,1790000.0,0.59
frozen,foxa,14,5,s0.7,0.7,54,-32500.0,1.55
frozen,foxa,14,6,s1.0,1.0,0,-24400.0,2.55
frozen,foxa,14,7,final,,0,-25200.0,2.55
frozen,foxa,15,0,init,,50,,0.69
frozen,foxa,15,1,H-min,,50,,0.69
frozen,foxa,15,2,s0.1,0.1,46,-573000.0,0.83
frozen,foxa,15,3,s0.3,0.3,46,-573000.0,0.83
frozen,foxa,15,4,s0.5,0.5,46,-567000.0,0.83
frozen,foxa,15,5,s0.7,0.7,46,-193000.0,0.83
frozen,foxa,15,6,s1.0,1.0,0,-36400.0,2.65
frozen,foxa,15,7,final,,0,-36400.0,2.65
frozen,foxa,17,0,init,,42,,1.01
frozen,foxa,17,1,H-min,,42,,1.01
frozen,foxa,17,2,s0.1,0.1,44,-60200.0,0.96
frozen,foxa,17,3,s0.3,0.3,44,-60200.0,0.96
frozen,foxa,17,4,s0.5,0.5,44,-57600.0,0.96
frozen,foxa,17,5,s0.7,0.7,14,-35500.0,1.59
frozen,foxa,17,6,s1.0,1.0,0,-36400.0,2.69
frozen,foxa,17,7,final,,0,-36400.0,2.69
frozen,foxa,19,0,init,,213,,0.56
frozen,foxa,19,1,H-min,,213,,0.56
frozen,foxa,19,2,s0.1,0.1,211,-16700.0,0.22
frozen,foxa,19,3,s0.3,0.3,202,-248000.0,0.59
frozen,foxa,19,4,s0.5,0.5,202,-776000.0,0.59
frozen,foxa,19,5,s0.7,0.7,74,-35400.0,1.87
frozen,foxa,19,6,s1.0,1.0,0,-35000.0,2.59
frozen,foxa,19,7,final,,0,-35000.0,2.59
frozen,foxa,21,0,init,,63,,0.42
frozen,foxa,21,1,H-min,,63,,0.42
frozen,foxa,21,2,s0.1,0.1,64,-14800.0,0.49
frozen,foxa,21,3,s0.3,0.3,64,-3350.0,0.49
frozen,foxa,21,4,s0.5,0.5,64,5310000.0,0.49
frozen,foxa,21,5,s0.7,0.7,43,-32900.0,1.56
frozen,foxa,21,6,s1.0,1.0,10,-28700.0,2.21
frozen,foxa,21,7,final,,10,-28900.0,2.21
frozen,foxa,22,0,init,,41,,0.51
frozen,foxa,22,1,H-min,,41,,0.51
frozen,foxa,22,2,s0.1,0.1,41,-10200.0,0.52
frozen,foxa,22,3,s0.3,0.3,41,-6870.0,0.52
frozen,foxa,22,4,s0.5,0.5,41,1570000.0,0.52
frozen,foxa,22,5,s0.7,0.7,21,-34100.0,1.55
frozen,foxa,22,6,s1.0,1.0,0,-36200.0,2.54
frozen,foxa,22,7,final,,0,-36500.0,2.54
frozen,foxa,23,0,init,,94,,0.44
frozen,foxa,23,1,H-min,,94,,0.44
frozen,foxa,23,2,s0.1,0.1,94,1110.0,0.46
frozen,foxa,23,3,s0.3,0.3,94,19500.0,0.46
frozen,foxa,23,4,s0.5,0.5,94,8600000.0,0.46
frozen,foxa,23,5,s0.7,0.7,45,-33800.0,1.54
frozen,foxa,23,6,s1.0,1.0,0,-35100.0,2.57
frozen,foxa,23,7,final,,0,-35100.0,2.57
frozen,foxa,24,0,init,,161,,0.56
frozen,foxa,24,1,H-min,,161,,0.56
frozen,foxa,24,2,s0.1,0.1,162,-8360.0,0.56
frozen,foxa,24,3,s0.3,0.3,152,-24900.0,0.72
frozen,foxa,24,4,s0.5,0.5,152,84800.0,0.72
frozen,foxa,24,5,s0.7,0.7,83,-33200.0,1.55
frozen,foxa,24,6,s1.0,1.0,0,-32600.0,2.51
frozen,foxa,24,7,final,,0,-33900.0,2.51
frozen,foxa,26,0,init,,190,,0.56
frozen,foxa,26,1,H-min,,190,,0.56
frozen,foxa,26,2,s0.1,0.1,197,-42200.0,0.21
frozen,foxa,26,3,s0.3,0.3,197,1060000000.0,0.21
frozen,foxa,26,4,s0.5,0.5,197,486000000000.0,0.21
frozen,foxa,26,5,s0.7,0.7,74,-33900.0,1.58
frozen,foxa,26,6,s1.0,1.0,0,-34700.0,2.65
frozen,foxa,26,7,final,,0,-34700.0,2.65
frozen,foxa,27,0,init,,105,,0.57
frozen,foxa,27,1,H-min,,105,,0.57
frozen,foxa,27,2,s0.1,0.1,102,15400.0,0.56
frozen,foxa,27,3,s0.3,0.3,102,16900.0,0.56
frozen,foxa,27,4,s0.5,0.5,102,739000.0,0.56
frozen,foxa,27,5,s0.7,0.7,47,-33200.0,1.55
frozen,foxa,27,6,s1.0,1.0,0,-34300.0,2.52
frozen,foxa,27,7,final,,0,-34800.0,2.53
frozen,foxa,28,0,init,,49,,0.52
frozen,foxa,28,1,H-min,,49,,0.52
frozen,foxa,28,2,s0.1,0.1,49,-16100.0,0.52
frozen,foxa,28,3,s0.3,0.3,49,-12400.0,0.52
frozen,foxa,28,4,s0.5,0.5,49,1710000.0,0.52
frozen,foxa,28,5,s0.7,0.7,18,-34800.0,1.55
frozen,foxa,28,6,s1.0,1.0,0,-36200.0,2.54
frozen,foxa,28,7,final,,0,-36200.0,2.54
frozen,foxa,29,0,init,,63,,0.57
frozen,foxa,29,1,H-min,,63,,0.57
frozen,foxa,29,2,s0.1,0.1,63,2940.0,0.6
frozen,foxa,29,3,s0.3,0.3,63,5290.0,0.6
frozen,foxa,29,4,s0.5,0.5,63,1140000.0,0.6
frozen,foxa,29,5,s0.7,0.7,18,-34500.0,1.61
frozen,foxa,29,6,s1.0,1.0,0,-36000.0,2.75
frozen,foxa,29,7,final,,0,-36200.0,2.72
frozen,foxa,30,0,init,,64,,0.61
frozen,foxa,30,1,H-min,,64,,0.61
frozen,foxa,30,2,s0.1,0.1,65,-8910.0,0.66
frozen,foxa,30,3,s0.3,0.3,65,-8730.0,0.66
frozen,foxa,30,4,s0.5,0.5,65,-392000.0,0.72
frozen,foxa,30,5,s0.7,0.7,28,-34500.0,1.55
frozen,foxa,30,6,s1.0,1.0,0,-36100.0,2.56
frozen,foxa,30,7,final,,0,-36600.0,2.55
frozen,foxa,31,0,init,,58,,0.77
frozen,foxa,31,1,H-min,,58,,0.77
frozen,foxa,31,2,s0.1,0.1,57,-16000.0,0.77
frozen,foxa,31,3,s0.3,0.3,57,-16000.0,0.77
frozen,foxa,31,4,s0.5,0.5,57,3910.0,0.77
frozen,foxa,31,5,s0.7,0.7,36,-35300.0,1.56
frozen,foxa,31,6,s1.0,1.0,0,-36700.0,2.6
frozen,foxa,31,7,final,,0,-36800.0,2.59
frozen,foxa,33,0,init,,139,,0.53
frozen,foxa,33,1,H-min,,139,,0.53
frozen,foxa,33,2,s0.1,0.1,139,55600.0,0.54
frozen,foxa,33,3,s0.3,0.3,139,59100.0,0.54
frozen,foxa,33,4,s0.5,0.5,139,1770000.0,0.54
frozen,foxa,33,5,s0.7,0.7,55,-33800.0,1.55
frozen,foxa,33,6,s1.0,1.0,0,-34900.0,2.55
frozen,foxa,33,7,final,,0,-35500.0,2.52
frozen,foxa,34,0,init,,44,,0.76
frozen,foxa,34,1,H-min,,44,,0.76
frozen,foxa,34,2,s0.1,0.1,44,-16700.0,0.77
frozen,foxa,34,3,s0.3,0.3,44,-16700.0,0.77
frozen,foxa,34,4,s0.5,0.5,44,-628.0,0.77
frozen,foxa,34,5,s0.7,0.7,24,-35700.0,1.54
frozen,foxa,34,6,s1.0,1.0,0,-36600.0,2.61
frozen,foxa,34,7,final,,0,-36900.0,2.59
frozen,foxa,35,0,init,,354,,0.2
frozen,foxa,35,1,H-min,,354,,0.2
frozen,foxa,35,2,s0.1,0.1,353,-111000.0,0.21
frozen,foxa,35,3,s0.3,0.3,353,347000000.0,0.21
frozen,foxa,35,4,s0.5,0.5,353,160000000000.0,0.21
frozen,foxa,35,5,s0.7,0.7,165,-29700.0,1.73
frozen,foxa,35,6,s1.0,1.0,0,-29800.0,2.53
frozen,foxa,35,7,final,,0,-32300.0,2.65
frozen,foxa,36,0,init,,225,,0.52
frozen,foxa,36,1,H-min,,225,,0.52
frozen,foxa,36,2,s0.1,0.1,224,121000000.0,0.54
frozen,foxa,36,3,s0.3,0.3,211,-24400.0,0.76
frozen,foxa,36,4,s0.5,0.5,211,164000.0,0.76
frozen,foxa,36,5,s0.7,0.7,127,-30400.0,1.54
frozen,foxa,36,6,s1.0,1.0,22,-19000.0,2.2
frozen,foxa,36,7,final,,22,-20000.0,2.2
frozen,foxa,38,0,init,,73,,0.65
frozen,foxa,38,1,H-min,,73,,0.65
frozen,foxa,38,2,s0.1,0.1,73,122000.0,0.69
frozen,foxa,38,3,s0.3,0.3,74,89000.0,0.7
frozen,foxa,38,4,s0.5,0.5,74,315000.0,0.7
frozen,foxa,38,5,s0.7,0.7,32,-32500.0,1.61
frozen,foxa,38,6,s1.0,1.0,0,-33900.0,2.56
frozen,foxa,38,7,final,,0,-34700.0,2.56
frozen,foxa,39,0,init,,82,,0.39
frozen,foxa,39,1,H-min,,82,,0.39
frozen,foxa,39,2,s0.1,0.1,82,-14800.0,0.39
frozen,foxa,39,3,s0.3,0.3,82,157000.0,0.39
frozen,foxa,39,4,s0.5,0.5,82,79100000.0,0.39
frozen,foxa,39,5,s0.7,0.7,42,-30900.0,1.55
frozen,foxa,39,6,s1.0,1.0,0,-22600.0,2.48
frozen,foxa,39,7,final,,0,-23700.0,2.52
frozen,foxa,40,0,init,,36,,0.58
frozen,foxa,40,1,H-min,,36,,0.58
frozen,foxa,40,2,s0.1,0.1,37,12200.0,0.58
frozen,foxa,40,3,s0.3,0.3,37,12700.0,0.58
frozen,foxa,40,4,s0.5,0.5,37,271000.0,0.58
frozen,foxa,40,5,s0.7,0.7,29,-34300.0,1.56
frozen,foxa,40,6,s1.0,1.0,0,-36300.0,2.62
frozen,foxa,40,7,final,,0,-36700.0,2.62
frozen,foxa,41,0,init,,43,,0.25
frozen,foxa,41,1,H-min,,43,,0.25
frozen,foxa,41,2,s0.1,0.1,43,-18500.0,0.26
frozen,foxa,41,3,s0.3,0.3,43,12300000.0,0.26
frozen,foxa,41,4,s0.5,0.5,43,5650000000.0,0.26
frozen,foxa,41,5,s0.7,0.7,16,-35000.0,1.55
frozen,foxa,41,6,s1.0,1.0,0,-36300.0,2.58
frozen,foxa,41,7,final,,0,-36500.0,2.58
frozen,foxa,42,0,init,,183,,0.39
frozen,foxa,42,1,H-min,,183,,0.39
frozen,foxa,42,2,s0.1,0.1,183,-4440.0,0.44
frozen,foxa,42,3,s0.3,0.3,183,40200.0,0.44
frozen,foxa,42,4,s0.5,0.5,183,20800000.0,0.44
frozen,foxa,42,5,s0.7,0.7,62,-32800.0,1.73
frozen,foxa,42,6,s1.0,1.0,0,-34500.0,2.52
frozen,foxa,42,7,final,,0,-35000.0,2.56
frozen,foxa,43,0,init,,53,,0.33
frozen,foxa,43,1,H-min,,53,,0.33
frozen,foxa,43,2,s0.1,0.1,53,-155000.0,0.35
frozen,foxa,43,3,s0.3,0.3,53,530000.0,0.35
frozen,foxa,43,4,s0.5,0.5,57,-62900.0,0.95
frozen,foxa,43,5,s0.7,0.7,57,-1250000.0,0.95
frozen,foxa,43,6,s1.0,1.0,0,-36100.0,2.6
frozen,foxa,43,7,final,,0,-36300.0,2.59
frozen,foxa,44,0,init,,148,,0.31
frozen,foxa,44,1,H-min,,148,,0.31
frozen,foxa,44,2,s0.1,0.1,136,-35200.0,0.21
frozen,foxa,44,3,s0.3,0.3,136,520000000.0,0.21
frozen,foxa,44,4,s0.5,0.5,136,239000000000.0,0.21
frozen,foxa,44,5,s0.7,0.7,55,-32800.0,1.69
frozen,foxa,44,6,s1.0,1.0,18,-25800.0,2.13
frozen,foxa,44,7,final,,19,-26100.0,2.13
frozen,foxa,45,0,init,,33,,0.6
frozen,foxa,45,1,H-min,,33,,0.6
frozen,foxa,45,2,s0.1,0.1,33,-16700.0,0.65
frozen,foxa,45,3,s0.3,0.3,33,-402000.0,0.65
frozen,foxa,45,4,s0.5,0.5,33,-2850000.0,0.65
frozen,foxa,45,5,s0.7,0.7,33,-4890000.0,0.65
frozen,foxa,45,6,s1.0,1.0,0,-36500.0,2.58
frozen,foxa,45,7,final,,0,-36800.0,2.56
frozen,foxa,46,0,init,,169,,0.15
frozen,foxa,46,1,H-min,,169,,0.15
frozen,foxa,46,2,s0.1,0.1,168,17800.0,0.16
frozen,foxa,46,3,s0.3,0.3,168,5330000000.0,0.16
frozen,foxa,46,4,s0.5,0.5,168,2450000000000.0,0.16
frozen,foxa,46,5,s0.7,0.7,85,-31700.0,1.53
frozen,foxa,46,6,s1.0,1.0,12,-27100.0,2.27
frozen,foxa,46,7,final,,12,-28000.0,2.26
frozen,foxa,47,0,init,,175,,0.57
frozen,foxa,47,1,H-min,,175,,0.57
frozen,foxa,47,2,s0.1,0.1,174,-4010.0,0.59
frozen,foxa,47,3,s0.3,0.3,174,-3210.0,0.59
frozen,foxa,47,4,s0.5,0.5,174,413000.0,0.59
frozen,foxa,47,5,s0.7,0.7,98,-33200.0,1.74
frozen,foxa,47,6,s1.0,1.0,0,-32300.0,2.5
frozen,foxa,47,7,final,,0,-34400.0,2.75
frozen,foxa,49,0,init,,59,,0.44
frozen,foxa,49,1,H-min,,59,,0.44
frozen,foxa,49,2,s0.1,0.1,55,-72600.0,0.26
frozen,foxa,49,3,s0.3,0.3,55,13300000.0,0.26
frozen,foxa,49,4,s0.5,0.5,55,6130000000.0,0.26
frozen,foxa,49,5,s0.7,0.7,39,-33700.0,1.56
frozen,foxa,49,6,s1.0,1.0,0,-35700.0,2.59
frozen,foxa,49,7,final,,0,-36000.0,2.59
frozen,foxa,50,0,init,,185,,0.62
frozen,foxa,50,1,H-min,,185,,0.62
frozen,foxa,50,2,s0.1,0.1,178,-22600.0,0.23
frozen,foxa,50,3,s0.3,0.3,175,-421000.0,0.64
frozen,foxa,50,4,s0.5,0.5,175,-221000.0,0.64
frozen,foxa,50,5,s0.7,0.7,60,-33800.0,1.57
frozen,foxa,50,6,s1.0,1.0,0,-33700.0,2.49
frozen,foxa,50,7,final,,0,-34300.0,2.64
frozen,foxa,51,0,init,,27,,1.16
frozen,foxa,51,1,H-min,,27,,1.16
frozen,foxa,51,2,s0.1,0.1,25,-42300.0,0.96
frozen,foxa,51,3,s0.3,0.3,25,667000000.0,0.96
frozen,foxa,51,4,s0.5,0.5,16,-33700.0,1.54
frozen,foxa,51,5,s0.7,0.7,16,-35900.0,1.55
frozen,foxa,51,6,s1.0,1.0,0,-36700.0,2.6
frozen,foxa,51,7,final,,0,-36900.0,2.58
frozen,foxa,52,0,init,,97,,0.37
frozen,foxa,52,1,H-min,,97,,0.37
frozen,foxa,52,2,s0.1,0.1,97,-11000.0,0.34
frozen,foxa,52,3,s0.3,0.3,92,-44600.0,0.71
frozen,foxa,52,4,s0.5,0.5,92,102000.0,0.71
frozen,foxa,52,5,s0.7,0.7,36,-32400.0,1.56
frozen,foxa,52,6,s1.0,1.0,10,-28700.0,2.22
frozen,foxa,52,7,final,,10,-29000.0,2.22
frozen,foxa,53,0,init,,128,,0.52
frozen,foxa,53,1,H-min,,128,,0.52
frozen,foxa,53,2,s0.1,0.1,130,127000.0,0.46
frozen,foxa,53,3,s0.3,0.3,130,1240000.0,0.46
frozen,foxa,53,4,s0.5,0.5,130,514000000.0,0.46
frozen,foxa,53,5,s0.7,0.7,57,-33000.0,1.55
frozen,foxa,53,6,s1.0,1.0,12,-28800.0,2.28
frozen,foxa,53,7,final,,12,-28800.0,2.28
frozen,foxa,54,0,init,,48,,0.54
frozen,foxa,54,1,H-min,,48,,0.54
frozen,foxa,54,2,s0.1,0.1,48,-11900.0,0.57
frozen,foxa,54,3,s0.3,0.3,42,-21300.0,0.72
frozen,foxa,54,4,s0.5,0.5,42,16900.0,0.72
frozen,foxa,54,5,s0.7,0.7,12,-34600.0,1.55
frozen,foxa,54,6,s1.0,1.0,0,-35700.0,2.53
frozen,foxa,54,7,final,,0,-36000.0,2.54
frozen,foxa,55,0,init,,38,,0.57
frozen,foxa,55,1,H-min,,38,,0.57
frozen,foxa,55,2,s0.1,0.1,38,27700.0,0.61
frozen,foxa,55,3,s0.3,0.3,38,-31900.0,0.64
frozen,foxa,55,4,s0.5,0.5,38,374000.0,0.64
frozen,foxa,55,5,s0.7,0.7,11,-33700.0,1.64
frozen,foxa,55,6,s1.0,1.0,0,-35800.0,2.6
frozen,foxa,55,7,final,,0,-35800.0,2.6
frozen,foxa,56,0,init,,177,,0.26
frozen,foxa,56,1,H-min,,177,,0.26
frozen,foxa,56,2,s0.1,0.1,181,-101000.0,0.27
frozen,foxa,56,3,s0.3,0.3,181,33800000.0,0.27
frozen,foxa,56,4,s0.5,0.5,176,269000.0,0.8
frozen,foxa,56,5,s0.7,0.7,90,-30800.0,1.54
frozen,foxa,56,6,s1.0,1.0,0,-31600.0,2.43
frozen,foxa,56,7,final,,0,-33200.0,2.56
frozen,foxa,58,0,init,,109,,0.3
frozen,foxa,58,1,H-min,,109,,0.3
frozen,foxa,58,2,s0.1,0.1,109,-7610.0,0.33
frozen,foxa,58,3,s0.3,0.3,109,1090000.0,0.33
frozen,foxa,58,4,s0.5,0.5,89,-31100.0,1.29
frozen,foxa,58,5,s0.7,0.7,55,-34200.0,1.82
frozen,foxa,58,6,s1.0,1.0,0,-34300.0,2.59
frozen,foxa,58,7,final,,0,-34700.0,2.58
frozen,foxa,59,0,init,,77,,0.78
frozen,foxa,59,1,H-min,,77,,0.78
frozen,foxa,59,2,s0.1,0.1,76,-9080.0,0.78
frozen,foxa,59,3,s0.3,0.3,76,-9080.0,0.78
frozen,foxa,59,4,s0.5,0.5,76,-25300.0,1.0
frozen,foxa,59,5,s0.7,0.7,52,-23800.0,1.63
frozen,foxa,59,6,s1.0,1.0,0,-36200.0,2.57
frozen,foxa,59,7,final,,0,-36700.0,2.57
frozen,foxa,60,0,init,,205,,0.34
frozen,foxa,60,1,H-min,,205,,0.34
frozen,foxa,60,2,s0.1,0.1,206,-5310.0,0.43
frozen,foxa,60,3,s0.3,0.3,206,56600.0,0.43
frozen,foxa,60,4,s0.5,0.5,206,28700000.0,0.43
frozen,foxa,60,5,s0.7,0.7,99,-30300.0,1.55
frozen,foxa,60,6,s1.0,1.0,20,-18500.0,2.11
frozen,foxa,60,7,final,,20,-19200.0,2.12
frozen,foxa,61,0,init,,72,,0.83
frozen,foxa,61,1,H-min,,72,,0.83
frozen,foxa,61,2,s0.1,0.1,70,-34500.0,0.25
frozen,foxa,61,3,s0.3,0.3,70,165000000.0,0.25
frozen,foxa,61,4,s0.5,0.5,70,75700000000.0,0.25
frozen,foxa,61,5,s0.7,0.7,25,-35000.0,1.55
frozen,foxa,61,6,s1.0,1.0,0,-36000.0,2.59
frozen,foxa,61,7,final,,0,-36400.0,2.58
frozen,foxa,62,0,init,,190,,0.19
frozen,foxa,62,1,H-min,,190,,0.19
frozen,foxa,62,2,s0.1,0.1,190,17400.0,0.15
frozen,foxa,62,3,s0.3,0.3,190,13400000000.0,0.15
frozen,foxa,62,4,s0.5,0.5,190,6150000000000.0,0.15
frozen,foxa,62,5,s0.7,0.7,90,-31800.0,1.55
frozen,foxa,62,6,s1.0,1.0,10,-24300.0,2.02
frozen,foxa,62,7,final,,10,-25100.0,2.02
frozen,foxa,63,0,init,,77,,0.64
frozen,foxa,63,1,H-min,,77,,0.64
frozen,foxa,63,2,s0.1,0.1,76,-15000.0,0.66
frozen,foxa,63,3,s0.3,0.3,76,-14600.0,0.66
frozen,foxa,63,4,s0.5,0.5,76,190000.0,0.66
frozen,foxa,63,5,s0.7,0.7,27,-34800.0,1.55
frozen,foxa,63,6,s1.0,1.0,0,-35700.0,2.64
frozen,foxa,63,7,final,,0,-36200.0,2.61
frozen,foxa,64,0,init,,76,,0.78
frozen,foxa,64,1,H-min,,76,,0.78
frozen,foxa,64,2,s0.1,0.1,77,-47500.0,0.22
frozen,foxa,64,3,s0.3,0.3,77,1150000000.0,0.22
frozen,foxa,64,4,s0.5,0.5,77,530000000000.0,0.22
frozen,foxa,64,5,s0.7,0.7,31,-34700.0,1.56
frozen,foxa,64,6,s1.0,1.0,0,-35900.0,2.58
frozen,foxa,64,7,final,,0,-36100.0,2.59
frozen,foxa,67,0,init,,39,,0.57
frozen,foxa,67,1,H-min,,39,,0.57
frozen,foxa,67,2,s0.1,0.1,39,-8490.0,0.64
frozen,foxa,67,3,s0.3,0.3,39,-8000.0,0.64
frozen,foxa,67,4,s0.5,0.5,39,249000.0,0.64
frozen,foxa,67,5,s0.7,0.7,12,-34800.0,1.54
frozen,foxa,67,6,s1.0,1.0,0,-36600.0,2.58
frozen,foxa,67,7,final,,0,-36900.0,2.58
frozen,foxa,68,0,init,,35,,1.13
frozen,foxa,68,1,H-min,,35,,1.13
frozen,foxa,68,2,s0.1,0.1,35,-4670.0,1.13
frozen,foxa,68,3,s0.3,0.3,23,-2530000.0,0.76
frozen,foxa,68,4,s0.5,0.5,23,-7370000.0,0.76
frozen,foxa,68,5,s0.7,0.7,23,-136000000.0,0.76
frozen,foxa,68,6,s1.0,1.0,23,62900000.0,0.76
frozen,foxa,68,7,final,,0,-36600.0,2.59
frozen,foxa,69,0,init,,17,,0.61
frozen,foxa,69,1,H-min,,17,,0.61
frozen,foxa,69,2,s0.1,0.1,17,-11800.0,0.6
frozen,foxa,69,3,s0.3,0.3,17,-11200.0,0.6
frozen,foxa,69,4,s0.5,0.5,15,-126000.0,0.96
frozen,foxa,69,5,s0.7,0.7,15,-430000.0,0.96
frozen,foxa,69,6,s1.0,1.0,0,-36600.0,2.58
frozen,foxa,69,7,final,,0,-36900.0,2.58
frozen,foxa,70,0,init,,190,,0.18
frozen,foxa,70,1,H-min,,190,,0.18
frozen,foxa,70,2,s0.1,0.1,189,7000.0,0.2
frozen,foxa,70,3,s0.3,0.3,189,537000000.0,0.2
frozen,foxa,70,4,s0.5,0.5,183,-80800.0,0.96
frozen,foxa,70,5,s0.7,0.7,107,-29100.0,1.62
frozen,foxa,70,6,s1.0,1.0,20,-13200.0,2.13
frozen,foxa,70,7,final,,20,-14100.0,2.13
frozen,egr1,1,0,init,,24,,0.88
frozen,egr1,1,1,H-min,,24,,0.88
frozen,egr1,1,2,s0.1,0.1,24,-27200.0,0.9
frozen,egr1,1,3,s0.3,0.3,24,-27200.0,0.9
frozen,egr1,1,4,s0.5,0.5,15,-34300.0,1.41
frozen,egr1,1,5,s0.7,0.7,20,-38800.0,1.59
frozen,egr1,1,6,s1.0,1.0,0,-39300.0,2.71
frozen,egr1,1,7,final,,0,-39300.0,2.71
frozen,egr1,2,0,init,,44,,1.14
frozen,egr1,2,1,H-min,,44,,1.14
frozen,egr1,2,2,s0.1,0.1,45,-25300.0,1.14
frozen,egr1,2,3,s0.3,0.3,45,-25400.0,1.14
frozen,egr1,2,4,s0.5,0.5,41,-34000.0,1.41
frozen,egr1,2,5,s0.7,0.7,34,-39400.0,1.54
frozen,egr1,2,6,s1.0,1.0,0,-39400.0,2.55
frozen,egr1,2,7,final,,0,-39600.0,2.55
frozen,egr1,3,0,init,,98,,0.6
frozen,egr1,3,1,H-min,,98,,0.6
frozen,egr1,3,2,s0.1,0.1,105,-99800.0,0.21
frozen,egr1,3,3,s0.3,0.3,105,4010000000.0,0.21
frozen,egr1,3,4,s0.5,0.5,79,-81000.0,0.96
frozen,egr1,3,5,s0.7,0.7,79,25900.0,0.96
frozen,egr1,3,6,s1.0,1.0,0,-37300.0,2.54
frozen,egr1,3,7,final,,0,-37700.0,2.59
frozen,egr1,4,0,init,,57,,0.44
frozen,egr1,4,1,H-min,,57,,0.44
frozen,egr1,4,2,s0.1,0.1,57,-14800.0,0.44
frozen,egr1,4,3,s0.3,0.3,57,8480.0,0.44
frozen,egr1,4,4,s0.5,0.5,57,10800000.0,0.44
frozen,egr1,4,5,s0.7,0.7,35,-37500.0,1.65
frozen,egr1,4,6,s1.0,1.0,10,-30100.0,2.14
frozen,egr1,4,7,final,,10,-30300.0,2.14
frozen,egr1,5,0,init,,55,,0.77
frozen,egr1,5,1,H-min,,55,,0.77
frozen,egr1,5,2,s0.05,0.05,46,-47200.0,0.88
frozen,egr1,5,3,s0.1,0.1,46,3850000.0,0.88
frozen,egr1,5,4,s0.2,0.2,46,16000000000.0,0.88
frozen,egr1,5,5,s0.4,0.4,46,65400000000000.0,0.88
frozen,egr1,5,6,s0.7,0.7,23,-39700.0,1.56
frozen,egr1,5,7,s1.0,1.0,0,-39200.0,2.69
frozen,egr1,5,2,s0.05,0.05,67,-23100.0,0.46
frozen,egr1,5,3,s0.1,0.1,67,-23100.0,0.46
frozen,egr1,5,4,s0.2,0.2,67,-23000.0,0.46
frozen,egr1,5,11,final,,0,-39200.0,2.68
frozen,egr1,6,0,init,,59,,0.61
frozen,egr1,6,1,H-min,,59,,0.61
frozen,egr1,6,2,s0.1,0.1,59,-24900.0,0.65
frozen,egr1,6,3,s0.3,0.3,56,-38300.0,0.74
frozen,egr1,6,4,s0.5,0.5,56,311000.0,0.74
frozen,egr1,6,5,s0.7,0.7,27,-38600.0,1.54
frozen,egr1,6,6,s1.0,1.0,0,-39100.0,2.62
frozen,egr1,6,7,final,,0,-39100.0,2.62
frozen,egr1,7,0,init,,79,,0.25
frozen,egr1,7,1,H-min,,79,,0.25
frozen,egr1,7,2,s0.1,0.1,79,-22400.0,0.27
frozen,egr1,7,3,s0.3,0.3,79,16200000.0,0.27
frozen,egr1,7,4,s0.5,0.5,79,7460000000.0,0.27
frozen,egr1,7,5,s0.7,0.7,27,-38700.0,1.54
frozen,egr1,7,6,s1.0,1.0,0,-39200.0,2.54
frozen,egr1,7,7,final,,0,-39400.0,2.54
frozen,egr1,8,0,init,,24,,1.44
frozen,egr1,8,1,H-min,,24,,1.44
frozen,egr1,8,2,s0.1,0.1,24,-27000.0,1.44
frozen,egr1,8,3,s0.3,0.3,24,-27000.0,1.44
frozen,egr1,8,4,s0.5,0.5,24,-27100.0,1.44
frozen,egr1,8,5,s0.7,0.7,20,-39000.0,1.54
frozen,egr1,8,6,s1.0,1.0,0,-39400.0,2.52
frozen,egr1,8,7,final,,0,-39400.0,2.52
frozen,egr1,9,0,init,,18,,1.2
frozen,egr1,9,1,H-min,,18,,1.2
frozen,egr1,9,2,s0.1,0.1,26,-43300.0,0.91
frozen,egr1,9,3,s0.3,0.3,24,-41000.0,0.71
frozen,egr1,9,4,s0.5,0.5,25,-39800.0,1.33
frozen,egr1,9,5,s0.7,0.7,14,-38800.0,1.95
frozen,egr1,9,6,s1.0,1.0,0,-39400.0,2.67
frozen,egr1,9,7,final,,0,-39400.0,2.67
frozen,egr1,10,0,init,,7,,1.98
frozen,egr1,10,1,H-min,,7,,1.98
frozen,egr1,10,2,s0.1,0.1,7,-26300.0,1.98
frozen,egr1,10,3,s0.3,0.3,7,-26300.0,1.98
frozen,egr1,10,4,s0.5,0.5,7,-26400.0,1.98
frozen,egr1,10,5,s0.7,0.7,12,-38900.0,1.57
frozen,egr1,10,6,s1.0,1.0,0,-39500.0,2.66
frozen,egr1,10,7,final,,0,-39500.0,2.67
frozen,egr1,11,0,init,,58,,0.31
frozen,egr1,11,1,H-min,,58,,0.31
frozen,egr1,11,2,s0.1,0.1,62,-68700.0,0.21
frozen,egr1,11,3,s0.3,0.3,62,2200000000.0,0.21
frozen,egr1,11,4,s0.5,0.5,46,-37200.0,1.3
frozen,egr1,11,5,s0.7,0.7,26,-38900.0,1.93
frozen,egr1,11,6,s1.0,1.0,0,-39100.0,2.65
frozen,egr1,11,7,final,,0,-39400.0,2.71
frozen,egr1,12,0,init,,68,,0.44
frozen,egr1,12,1,H-min,,68,,0.44
frozen,egr1,12,2,s0.1,0.1,67,-23000.0,0.44
frozen,egr1,12,3,s0.3,0.3,62,-37800.0,0.7
frozen,egr1,12,4,s0.5,0.5,62,322000.0,0.7
frozen,egr1,12,5,s0.7,0.7,35,-39300.0,1.54
frozen,egr1,12,6,s1.0,1.0,0,-39000.0,2.57
frozen,egr1,12,7,final,,0,-39100.0,2.57
frozen,egr1,13,0,init,,75,,0.8
frozen,egr1,13,1,H-min,,75,,0.8
frozen,egr1,13,2,s0.1,0.1,75,-25500.0,0.81
frozen,egr1,13,3,s0.3,0.3,75,-25400.0,0.81
frozen,egr1,13,4,s0.5,0.5,74,-55500.0,0.93
frozen,egr1,13,5,s0.7,0.7,36,-38600.0,1.54
frozen,egr1,13,6,s1.0,1.0,0,-39100.0,2.52
frozen,egr1,13,7,final,,0,-39100.0,2.52
frozen,egr1,14,0,init,,44,,0.22
frozen,egr1,14,1,H-min,,44,,0.22
frozen,egr1,14,2,s0.1,0.1,44,-22600.0,0.19
frozen,egr1,14,3,s0.3,0.3,44,953000000.0,0.19
frozen,egr1,14,4,s0.5,0.5,44,438000000000.0,0.19
frozen,egr1,14,5,s0.7,0.7,27,-38300.0,1.54
frozen,egr1,14,6,s1.0,1.0,0,-39300.0,2.52
frozen,egr1,14,7,final,,0,-39500.0,2.53
frozen,egr1,15,0,init,,27,,0.62
frozen,egr1,15,1,H-min,,27,,0.62
frozen,egr1,15,2,s0.1,0.1,26,-41600.0,0.38
frozen,egr1,15,3,s0.3,0.3,22,-38900.0,1.4
frozen,egr1,15,4,s0.5,0.5,22,260000.0,1.4
frozen,egr1,15,5,s0.7,0.7,10,-38300.0,1.56
frozen,egr1,15,6,s1.0,1.0,0,-39300.0,2.66
frozen,egr1,15,7,final,,0,-39300.0,2.66
frozen,egr1,16,0,init,,62,,1.05
frozen,egr1,16,1,H-min,,62,,1.05
frozen,egr1,16,2,s0.1,0.1,62,-25200.0,1.05
frozen,egr1,16,3,s0.3,0.3,61,-44300.0,0.84
frozen,egr1,16,4,s0.5,0.5,61,-98100.0,0.84
frozen,egr1,16,5,s0.7,0.7,48,-35600.0,1.54
frozen,egr1,16,6,s1.0,1.0,12,-30600.0,2.21
frozen,egr1,16,7,final,,12,-30700.0,2.21
frozen,egr1,17,0,init,,58,,0.56
frozen,egr1,17,1,H-min,,58,,0.56
frozen,egr1,17,2,s0.1,0.1,58,-26100.0,0.58
frozen,egr1,17,3,s0.3,0.3,59,-41000.0,0.74
frozen,egr1,17,4,s0.5,0.5,59,385000.0,0.74
frozen,egr1,17,5,s0.7,0.7,39,-37200.0,1.55
frozen,egr1,17,6,s1.0,1.0,12,-30500.0,2.21
frozen,egr1,17,7,final,,12,-30700.0,2.21
frozen,egr1,18,0,init,,40,,1.35
frozen,egr1,18,1,H-min,,40,,1.35
frozen,egr1,18,2,s0.1,0.1,36,-58400000.0,0.96
frozen,egr1,18,3,s0.3,0.3,36,-222000000.0,0.96
frozen,egr1,18,4,s0.5,0.5,36,-5020000.0,0.96
frozen,egr1,18,5,s0.7,0.7,36,-6690000.0,0.96
frozen,egr1,18,6,s1.0,1.0,36,-10200000.0,0.96
frozen,egr1,18,7,final,,36,-10200000.0,0.96
frozen,egr1,19,0,init,,52,,0.73
frozen,egr1,19,1,H-min,,52,,0.73
frozen,egr1,19,2,s0.1,0.1,52,-24500.0,0.72
frozen,egr1,19,3,s0.3,0.3,39,-36500.0,1.13
frozen,egr1,19,4,s0.5,0.5,39,151000.0,1.13
frozen,egr1,19,5,s0.7,0.7,24,-39200.0,1.53
frozen,egr1,19,6,s1.0,1.0,0,-39300.0,2.67
frozen,egr1,19,7,final,,0,-39300.0,2.67
frozen,egr1,20,0,init,,22,,1.6
frozen,egr1,20,1,H-min,,22,,1.6
frozen,egr1,20,2,s0.1,0.1,45,-67500.0,0.23
frozen,egr1,20,3,s0.3,0.3,18,-40500.0,1.34
frozen,egr1,20,4,s0.5,0.5,18,33700.0,1.34
frozen,egr1,20,5,s0.7,0.7,15,-37000.0,1.9
frozen,egr1,20,6,s1.0,1.0,0,-39300.0,2.73
frozen,egr1,20,7,final,,0,-39300.0,2.73
frozen,egr1,21,0,init,,26,,1.19
frozen,egr1,21,1,H-min,,26,,1.19
frozen,egr1,21,2,s0.1,0.1,26,-26500.0,1.19
frozen,egr1,21,3,s0.3,0.3,26,-26500.0,1.19
frozen,egr1,21,4,s0.5,0.5,22,-41400.0,1.45
frozen,egr1,21,5,s0.7,0.7,22,-12100.0,1.45
frozen,egr1,21,6,s1.0,1.0,0,-39300.0,2.66
frozen,egr1,21,7,final,,0,-39400.0,2.66
frozen,egr1,22,0,init,,27,,1.26
frozen,egr1,22,1,H-min,,27,,1.26
frozen,egr1,22,2,s0.1,0.1,27,-28000.0,1.27
frozen,egr1,22,3,s0.3,0.3,27,-28000.0,1.27
frozen,egr1,22,4,s0.5,0.5,27,-28100.0,1.27
frozen,egr1,22,5,s0.7,0.7,21,-39000.0,1.97
frozen,egr1,22,6,s1.0,1.0,0,-39500.0,2.71
frozen,egr1,22,7,final,,0,-39500.0,2.71
frozen,egr1,24,0,init,,36,,0.61
frozen,egr1,24,1,H-min,,36,,0.61
frozen,egr1,24,2,s0.1,0.1,38,-44500.0,0.92
frozen,egr1,24,3,s0.3,0.3,38,-35500.0,0.92
frozen,egr1,24,4,s0.5,0.5,38,132000.0,0.92
frozen,egr1,24,5,s0.7,0.7,13,-38100.0,1.56
frozen,egr1,24,6,s1.0,1.0,0,-39400.0,2.62
frozen,egr1,24,7,final,,0,-39400.0,2.61
frozen,egr1,25,0,init,,22,,1.34
frozen,egr1,25,1,H-min,,22,,1.34
frozen,egr1,25,2,s0.1,0.1,19,-35400.0,1.13
frozen,egr1,25,3,s0.3,0.3,19,108000000.0,1.13
frozen,egr1,25,4,s0.5,0.5,19,49700000000.0,1.13
frozen,egr1,25,5,s0.7,0.7,11,-38200.0,1.54
frozen,egr1,25,6,s1.0,1.0,0,-39300.0,2.58
frozen,egr1,25,7,final,,0,-39300.0,2.58
frozen,egr1,26,0,init,,56,,0.71
frozen,egr1,26,1,H-min,,56,,0.71
frozen,egr1,26,2,s0.1,0.1,56,-13300.0,0.71
frozen,egr1,26,3,s0.3,0.3,56,-13300.0,0.71
frozen,egr1,26,4,s0.5,0.5,56,21900.0,0.71
frozen,egr1,26,5,s0.7,0.7,56,2020000.0,0.71
frozen,egr1,26,6,s1.0,1.0,0,-39300.0,2.52
frozen,egr1,26,7,final,,0,-39500.0,2.53
frozen,egr1,27,0,init,,128,,0.22
frozen,egr1,27,1,H-min,,128,,0.22
frozen,egr1,27,2,s0.1,0.1,127,-21200.0,0.49
frozen,egr1,27,3,s0.3,0.3,127,-4690.0,0.49
frozen,egr1,27,4,s0.5,0.5,127,7740000.0,0.49
frozen,egr1,27,5,s0.7,0.7,61,-37100.0,1.54
frozen,egr1,27,6,s1.0,1.0,0,-38500.0,2.53
frozen,egr1,27,7,final,,0,-38900.0,2.53
frozen,egr1,28,0,init,,64,,0.64
frozen,egr1,28,1,H-min,,64,,0.64
frozen,egr1,28,2,s0.1,0.1,64,-24000.0,0.68
frozen,egr1,28,3,s0.3,0.3,64,-23800.0,0.68
frozen,egr1,28,4,s0.5,0.5,52,-129000.0,0.96
frozen,egr1,28,5,s0.7,0.7,52,-72000.0,0.96
frozen,egr1,28,6,s1.0,1.0,12,-30600.0,2.2
frozen,egr1,28,7,final,,12,-30800.0,2.21
frozen,egr1,29,0,init,,25,,1.02
frozen,egr1,29,1,H-min,,25,,1.02
frozen,egr1,29,2,s0.1,0.1,34,-49300.0,1.13
frozen,egr1,29,3,s0.3,0.3,34,740000000.0,1.13
frozen,egr1,29,4,s0.5,0.5,19,-31300.0,1.63
frozen,egr1,29,5,s0.7,0.7,17,-38500.0,1.54
frozen,egr1,29,6,s1.0,1.0,0,-39400.0,2.67
frozen,egr1,29,7,final,,0,-39500.0,2.71
frozen,egr1,31,0,init,,33,,1.0
frozen,egr1,31,1,H-min,,33,,1.0
frozen,egr1,31,2,s0.1,0.1,33,10600.0,1.0
frozen,egr1,31,3,s0.3,0.3,33,10500.0,1.0
frozen,egr1,31,4,s0.5,0.5,31,-13600000.0,0.96
frozen,egr1,31,5,s0.7,0.7,31,-132000000.0,0.96
frozen,egr1,31,6,s1.0,1.0,31,-5220000.0,0.96
frozen,egr1,31,7,final,,31,-85400000.0,0.96
frozen,egr1,32,0,init,,18,,1.4
frozen,egr1,32,1,H-min,,18,,1.4
frozen,egr1,32,2,s0.1,0.1,18,-25200.0,1.4
frozen,egr1,32,3,s0.3,0.3,16,-33600.0,1.55
frozen,egr1,32,4,s0.5,0.5,16,-33700.0,1.55
frozen,egr1,32,5,s0.7,0.7,16,-38900.0,1.55
frozen,egr1,32,6,s1.0,1.0,0,-39400.0,2.59
frozen,egr1,32,7,final,,0,-39500.0,2.6
frozen,egr1,33,0,init,,15,,1.0
frozen,egr1,33,1,H-min,,15,,1.0
frozen,egr1,33,2,s0.1,0.1,15,-26800.0,1.01
frozen,egr1,33,3,s0.3,0.3,15,-26800.0,1.01
frozen,egr1,33,4,s0.5,0.5,15,-26100.0,1.01
frozen,egr1,33,5,s0.7,0.7,16,-38500.0,1.55
frozen,egr1,33,6,s1.0,1.0,0,-39400.0,2.57
frozen,egr1,33,7,final,,0,-39500.0,2.56
frozen,egr1,35,0,init,,28,,0.97
frozen,egr1,35,1,H-min,,28,,0.97
frozen,egr1,35,2,s0.1,0.1,28,-26800.0,0.97
frozen,egr1,35,3,s0.3,0.3,34,-38400.0,0.72
frozen,egr1,35,4,s0.5,0.5,34,213000.0,0.72
frozen,egr1,35,5,s0.7,0.7,14,-38500.0,1.58
frozen,egr1,35,6,s1.0,1.0,0,-39100.0,2.61
frozen,egr1,35,7,final,,0,-39100.0,2.6
frozen,egr1,36,0,init,,40,,0.74
frozen,egr1,36,1,H-min,,40,,0.74
frozen,egr1,36,2,s0.1,0.1,40,-7280.0,0.76
frozen,egr1,36,3,s0.3,0.3,43,-59200.0,0.71
frozen,egr1,36,4,s0.5,0.5,43,-1910.0,0.71
frozen,egr1,36,5,s0.7,0.7,21,-38400.0,1.54
frozen,egr1,36,6,s1.0,1.0,0,-39500.0,2.49
frozen,egr1,36,7,final,,0,-39500.0,2.49
frozen,egr1,38,0,init,,35,,0.64
frozen,egr1,38,1,H-min,,35,,0.64
frozen,egr1,38,2,s0.1,0.1,35,-26700.0,0.66
frozen,egr1,38,3,s0.3,0.3,35,-26500.0,0.66
frozen,egr1,38,4,s0.5,0.5,35,115000.0,0.66
frozen,egr1,38,5,s0.7,0.7,34,-36800.0,1.55
frozen,egr1,38,6,s1.0,1.0,12,-30700.0,2.21
frozen,egr1,38,7,final,,12,-30800.0,2.21
frozen,egr1,39,0,init,,68,,0.73
frozen,egr1,39,1,H-min,,68,,0.73
frozen,egr1,39,2,s0.1,0.1,68,-23500.0,0.73
frozen,egr1,39,3,s0.3,0.3,68,-23500.0,0.73
frozen,egr1,39,4,s0.5,0.5,68,11100.0,0.73
frozen,egr1,39,5,s0.7,0.7,31,-38600.0,1.54
frozen,egr1,39,6,s1.0,1.0,0,-39100.0,2.54
frozen,egr1,39,7,final,,0,-39100.0,2.54
frozen,egr1,40,0,init,,27,,0.6
frozen,egr1,40,1,H-min,,27,,0.6
frozen,egr1,40,2,s0.1,0.1,27,-26100.0,0.55
frozen,egr1,40,3,s0.3,0.3,27,-24000.0,0.55
frozen,egr1,40,4,s0.5,0.5,27,1010000.0,0.55
frozen,egr1,40,5,s0.7,0.7,12,-37400.0,1.93
frozen,egr1,40,6,s1.0,1.0,0,-39000.0,2.71
frozen,egr1,40,7,final,,0,-39400.0,2.71
frozen,egr1,41,0,init,,73,,0.42
frozen,egr1,41,1,H-min,,73,,0.42
frozen,egr1,41,2,s0.1,0.1,63,-38300.0,0.21
frozen,egr1,41,3,s0.3,0.3,61,-34200.0,0.93
frozen,egr1,41,4,s0.5,0.5,61,-152000.0,0.96
frozen,egr1,41,5,s0.7,0.7,61,-8460.0,0.96
frozen,egr1,41,6,s1.0,1.0,0,-39100.0,2.56
frozen,egr1,41,7,final,,0,-39200.0,2.54
frozen,egr1,42,0,init,,19,,1.15
frozen,egr1,42,1,H-min,,19,,1.15
frozen,egr1,42,2,s0.1,0.1,15,-33000.0,1.58
frozen,egr1,42,3,s0.3,0.3,15,-33000.0,1.58
frozen,egr1,42,4,s0.5,0.5,16,-414000.0,0.96
frozen,egr1,42,5,s0.7,0.7,16,-364000.0,0.96
frozen,egr1,42,6,s1.0,1.0,0,-39400.0,2.62
frozen,egr1,42,7,final,,0,-39600.0,2.59
frozen,egr1,43,0,init,,9,,1.45
frozen,egr1,43,1,H-min,,9,,1.45
frozen,egr1,43,2,s0.1,0.1,10,-43000.0,1.13
frozen,egr1,43,3,s0.3,0.3,10,489000000.0,1.13
frozen,egr1,43,4,s0.5,0.5,5,-38100.0,1.37
frozen,egr1,43,5,s0.7,0.7,13,-38700.0,1.95
frozen,egr1,43,6,s1.0,1.0,0,-39300.0,2.71
frozen,egr1,43,7,final,,0,-39500.0,2.72
frozen,egr1,44,0,init,,59,,0.59
frozen,egr1,44,1,H-min,,59,,0.59
frozen,egr1,44,2,s0.1,0.1,59,-14100.0,0.61
frozen,egr1,44,3,s0.3,0.3,59,-12900.0,0.61
frozen,egr1,44,4,s0.5,0.5,59,613000.0,0.61
frozen,egr1,44,5,s0.7,0.7,41,-36800.0,1.58
frozen,egr1,44,6,s1.0,1.0,12,-30500.0,2.21
frozen,egr1,44,7,final,,12,-30700.0,2.21
frozen,egr1,46,0,init,,8,,1.72
frozen,egr1,46,1,H-min,,8,,1.72
frozen,egr1,46,2,s0.1,0.1,16,-48700.0,1.09
frozen,egr1,46,3,s0.3,0.3,16,790000000.0,1.09
frozen,egr1,46,4,s0.5,0.5,16,363000000000.0,1.09
frozen,egr1,46,5,s0.7,0.7,10,-38900.0,1.56
frozen,egr1,46,6,s1.0,1.0,0,-39600.0,2.61
frozen,egr1,46,7,final,,0,-39600.0,2.61
frozen,egr1,47,0,init,,48,,0.68
frozen,egr1,47,1,H-min,,48,,0.68
frozen,egr1,47,2,s0.1,0.1,48,-23700.0,0.7
frozen,egr1,47,3,s0.3,0.3,50,-39800.0,0.73
frozen,egr1,47,4,s0.5,0.5,50,375000.0,0.73
frozen,egr1,47,5,s0.7,0.7,20,-38400.0,1.56
frozen,egr1,47,6,s1.0,1.0,0,-39300.0,2.65
frozen,egr1,47,7,final,,0,-39400.0,2.64
frozen,egr1,49,0,init,,100,,0.43
frozen,egr1,49,1,H-min,,100,,0.43
frozen,egr1,49,2,s0.1,0.1,101,-21600.0,0.5
frozen,egr1,49,3,s0.3,0.3,101,-6180.0,0.5
frozen,egr1,49,4,s0.5,0.5,82,-82800.0,0.97
frozen,egr1,49,5,s0.7,0.7,82,-20900.0,0.97
frozen,egr1,49,6,s1.0,1.0,12,-29800.0,2.22
frozen,egr1,49,7,final,,12,-30000.0,2.22
frozen,egr1,51,0,init,,38,,1.58
frozen,egr1,51,1,H-min,,38,,1.58
frozen,egr1,51,2,s0.1,0.1,38,-31200.0,1.14
frozen,egr1,51,3,s0.3,0.3,39,-46500.0,0.93
frozen,egr1,51,4,s0.5,0.5,39,-63900.0,0.95
frozen,egr1,51,5,s0.7,0.7,24,-39400.0,1.54
frozen,egr1,51,6,s1.0,1.0,0,-39400.0,2.48
frozen,egr1,51,7,final,,0,-39500.0,2.48
frozen,egr1,52,0,init,,52,,0.27
frozen,egr1,52,1,H-min,,52,,0.27
frozen,egr1,52,2,s0.1,0.1,46,-31000.0,0.3
frozen,egr1,52,3,s0.3,0.3,46,9700000.0,0.3
frozen,egr1,52,4,s0.5,0.5,46,4470000000.0,0.3
frozen,egr1,52,5,s0.7,0.7,20,-38800.0,1.54
frozen,egr1,52,6,s1.0,1.0,0,-39100.0,2.54
frozen,egr1,52,7,final,,0,-39200.0,2.53
frozen,egr1,53,0,init,,47,,0.38
frozen,egr1,53,1,H-min,,47,,0.38
frozen,egr1,53,2,s0.1,0.1,44,-37200.0,0.8
frozen,egr1,53,3,s0.3,0.3,44,-64400.0,0.8
frozen,egr1,53,4,s0.5,0.5,44,-71400.0,0.8
frozen,egr1,53,5,s0.7,0.7,44,837000.0,0.8
frozen,egr1,53,6,s1.0,1.0,0,-39000.0,2.54
frozen,egr1,53,7,final,,0,-39400.0,2.53
frozen,egr1,55,0,init,,41,,0.89
frozen,egr1,55,1,H-min,,41,,0.89
frozen,egr1,55,2,s0.1,0.1,39,-32700.0,0.94
frozen,egr1,55,3,s0.3,0.3,39,-40100.0,0.94
frozen,egr1,55,4,s0.5,0.5,39,-89400.0,0.94
frozen,egr1,55,5,s0.7,0.7,27,-38900.0,1.54
frozen,egr1,55,6,s1.0,1.0,0,-39300.0,2.53
frozen,egr1,55,7,final,,0,-39400.0,2.53
frozen,egr1,56,0,init,,15,,1.36
frozen,egr1,56,1,H-min,,15,,1.36
frozen,egr1,56,2,s0.1,0.1,23,-72800.0,1.12
frozen,egr1,56,3,s0.3,0.3,13,-30300.0,1.37
frozen,egr1,56,4,s0.5,0.5,13,78600.0,1.37
frozen,egr1,56,5,s0.7,0.7,12,-37800.0,1.55
frozen,egr1,56,6,s1.0,1.0,0,-39200.0,2.56
frozen,egr1,56,7,final,,0,-39400.0,2.56
frozen,egr1,57,0,init,,79,,0.54
frozen,egr1,57,1,H-min,,79,,0.54
frozen,egr1,57,2,s0.1,0.1,86,-69500.0,0.21
frozen,egr1,57,3,s0.3,0.3,86,2280000000.0,0.21
frozen,egr1,57,4,s0.5,0.5,86,1050000000000.0,0.21
frozen,egr1,57,5,s0.7,0.7,54,-37100.0,1.55
frozen,egr1,57,6,s1.0,1.0,12,-30200.0,2.21
frozen,egr1,57,7,final,,12,-30300.0,2.21
frozen,egr1,58,0,init,,30,,0.51
frozen,egr1,58,1,H-min,,30,,0.51
frozen,egr1,58,2,s0.1,0.1,30,-25400.0,0.55
frozen,egr1,58,3,s0.3,0.3,30,-22500.0,0.55
frozen,egr1,58,4,s0.5,0.5,30,1340000.0,0.55
frozen,egr1,58,5,s0.7,0.7,20,-38200.0,1.57
frozen,egr1,58,6,s1.0,1.0,0,-39300.0,2.71
frozen,egr1,58,7,final,,0,-39400.0,2.71
frozen,egr1,59,0,init,,55,,0.4
frozen,egr1,59,1,H-min,,55,,0.4
frozen,egr1,59,2,s0.1,0.1,55,-24200.0,0.44
frozen,egr1,59,3,s0.3,0.3,55,-5100.0,0.44
frozen,egr1,59,4,s0.5,0.5,54,-33000.0,0.9
frozen,egr1,59,5,s0.7,0.7,39,-38800.0,1.53
frozen,egr1,59,6,s1.0,1.0,0,-39300.0,2.6
frozen,egr1,59,7,final,,0,-39400.0,2.57
frozen,egr1,60,0,init,,83,,0.69
frozen,egr1,60,1,H-min,,83,,0.69
frozen,egr1,60,2,s0.1,0.1,83,-17200.0,0.74
frozen,egr1,60,3,s0.3,0.3,83,-17100.0,0.74
frozen,egr1,60,4,s0.5,0.5,83,9390.0,0.74
frozen,egr1,60,5,s0.7,0.7,35,-38500.0,1.54
frozen,egr1,60,6,s1.0,1.0,0,-38700.0,2.52
frozen,egr1,60,7,final,,0,-38700.0,2.52
frozen,egr1,61,0,init,,101,,0.45
frozen,egr1,61,1,H-min,,101,,0.45
frozen,egr1,61,2,s0.1,0.1,101,-21600.0,0.45
frozen,egr1,61,3,s0.3,0.3,97,-345000.0,0.69
frozen,egr1,61,4,s0.5,0.5,97,-274000.0,0.69
frozen,egr1,61,5,s0.7,0.7,42,-38900.0,1.54
frozen,egr1,61,6,s1.0,1.0,0,-38700.0,2.56
frozen,egr1,61,7,final,,0,-39100.0,2.55
frozen,egr1,62,0,init,,25,,0.98
frozen,egr1,62,1,H-min,,25,,0.98
frozen,egr1,62,2,s0.1,0.1,40,-72000.0,1.12
frozen,egr1,62,3,s0.3,0.3,40,2310000000.0,1.12
frozen,egr1,62,4,s0.5,0.5,19,-123000.0,1.34
frozen,egr1,62,5,s0.7,0.7,19,-4710000.0,1.34
frozen,egr1,62,6,s1.0,1.0,19,-4230000.0,1.34
frozen,egr1,62,7,final,,19,2210000.0,1.34
frozen,egr1,63,0,init,,33,,0.21
frozen,egr1,63,1,H-min,,33,,0.21
frozen,egr1,63,2,s0.1,0.1,33,-26700.0,0.21
frozen,egr1,63,3,s0.3,0.3,33,260000000.0,0.21
frozen,egr1,63,4,s0.5,0.5,33,119000000000.0,0.21
frozen,egr1,63,5,s0.7,0.7,20,-38500.0,1.92
frozen,egr1,63,6,s1.0,1.0,0,-39200.0,2.75
frozen,egr1,63,7,final,,0,-39500.0,2.73
frozen,egr1,64,0,init,,30,,0.9
frozen,egr1,64,1,H-min,,30,,0.9
frozen,egr1,64,2,s0.1,0.1,30,-24800.0,0.92
frozen,egr1,64,3,s0.3,0.3,30,-24800.0,0.92
frozen,egr1,64,4,s0.5,0.5,30,-22100.0,0.92
frozen,egr1,64,5,s0.7,0.7,22,-39300.0,1.54
frozen,egr1,64,6,s1.0,1.0,0,-39400.0,2.61
frozen,egr1,64,7,final,,0,-39500.0,2.61
frozen,egr1,65,0,init,,50,,0.39
frozen,egr1,65,1,H-min,,50,,0.39
frozen,egr1,65,2,s0.1,0.1,50,-24200.0,0.42
frozen,egr1,65,3,s0.3,0.3,50,36100.0,0.42
frozen,egr1,65,4,s0.5,0.5,50,27800000.0,0.42
frozen,egr1,65,5,s0.7,0.7,44,-36500.0,1.54
frozen,egr1,65,6,s1.0,1.0,10,-28000.0,2.16
frozen,egr1,65,7,final,,10,-28200.0,2.16
frozen,egr1,66,0,init,,47,,0.77
frozen,egr1,66,1,H-min,,47,,0.77
frozen,egr1,66,2,s0.1,0.1,47,-2930.0,0.81
frozen,egr1,66,3,s0.3,0.3,47,-2920.0,0.81
frozen,egr1,66,4,s0.5,0.5,47,12800.0,0.81
frozen,egr1,66,5,s0.7,0.7,22,-38100.0,1.62
frozen,egr1,66,6,s1.0,1.0,0,-39600.0,2.72
frozen,egr1,66,7,final,,0,-39600.0,2.72
frozen,egr1,67,0,init,,32,,0.67
frozen,egr1,67,1,H-min,,32,,0.67
frozen,egr1,67,2,s0.1,0.1,52,-84900.0,0.21
frozen,egr1,67,3,s0.3,0.3,52,2980000000.0,0.21
frozen,egr1,67,4,s0.5,0.5,52,1370000000000.0,0.21
frozen,egr1,67,5,s0.7,0.7,19,-39100.0,1.57
frozen,egr1,67,6,s1.0,1.0,0,-39500.0,2.69
frozen,egr1,67,7,final,,0,-39600.0,2.68
frozen,egr1,68,0,init,,56,,0.54
frozen,egr1,68,1,H-min,,56,,0.54
frozen,egr1,68,2,s0.1,0.1,57,-24200.0,0.54
frozen,egr1,68,3,s0.3,0.3,57,-21000.0,0.54
frozen,egr1,68,4,s0.5,0.5,46,-32000.0,1.22
frozen,egr1,68,5,s0.7,0.7,23,-38800.0,1.54
frozen,egr1,68,6,s1.0,1.0,0,-39200.0,2.55
frozen,egr1,68,7,final,,0,-39300.0,2.54
frozen,tbp,1,0,init,,23,,0.61
frozen,tbp,1,1,H-min,,23,,0.61
frozen,tbp,1,2,s0.1,0.1,23,-21700.0,0.61
frozen,tbp,1,3,s0.3,0.3,23,-119000.0,0.92
frozen,tbp,1,4,s0.5,0.5,23,-116000.0,0.92
frozen,tbp,1,5,s0.7,0.7,23,80300.0,0.92
frozen,tbp,1,6,s1.0,1.0,0,-46200.0,2.57
frozen,tbp,1,7,final,,0,-46500.0,2.57
frozen,tbp,2,0,init,,25,,0.88
frozen,tbp,2,1,H-min,,25,,0.88
frozen,tbp,2,2,s0.1,0.1,25,-22100.0,0.88
frozen,tbp,2,3,s0.3,0.3,25,-22100.0,0.88
frozen,tbp,2,4,s0.5,0.5,25,-18400.0,0.88
frozen,tbp,2,5,s0.7,0.7,12,-43400.0,1.55
frozen,tbp,2,6,s1.0,1.0,0,-46100.0,2.58
frozen,tbp,2,7,final,,0,-46100.0,2.58
frozen,tbp,3,0,init,,15,,0.72
frozen,tbp,3,1,H-min,,15,,0.72
frozen,tbp,3,2,s0.1,0.1,15,-23400.0,0.72
frozen,tbp,3,3,s0.3,0.3,15,-23300.0,0.72
frozen,tbp,3,4,s0.5,0.5,15,4650.0,0.72
frozen,tbp,3,5,s0.7,0.7,12,-43300.0,1.55
frozen,tbp,3,6,s1.0,1.0,0,-46400.0,2.57
frozen,tbp,3,7,final,,0,-46600.0,2.57
frozen,tbp,4,0,init,,27,,0.99
frozen,tbp,4,1,H-min,,27,,0.99
frozen,tbp,4,2,s0.1,0.1,27,-24500.0,0.97
frozen,tbp,4,3,s0.3,0.3,27,-24500.0,0.97
frozen,tbp,4,4,s0.5,0.5,27,-21900.0,0.97
frozen,tbp,4,5,s0.7,0.7,16,-43100.0,1.55
frozen,tbp,4,6,s1.0,1.0,0,-46100.0,2.59
frozen,tbp,4,7,final,,0,-46400.0,2.58
frozen,tbp,5,0,init,,49,,0.97
frozen,tbp,5,1,H-min,,49,,0.97
frozen,tbp,5,2,s0.1,0.1,49,-59400.0,0.96
frozen,tbp,5,3,s0.3,0.3,49,-137000.0,0.96
frozen,tbp,5,4,s0.5,0.5,49,-297000.0,0.96
frozen,tbp,5,5,s0.7,0.7,49,-1170000.0,0.96
frozen,tbp,5,6,s1.0,1.0,0,-45000.0,2.62
frozen,tbp,5,7,final,,0,-45500.0,2.66
frozen,tbp,6,0,init,,6,,1.45
frozen,tbp,6,1,H-min,,6,,1.45
frozen,tbp,6,2,s0.1,0.1,6,-19000.0,1.45
frozen,tbp,6,3,s0.3,0.3,6,-33800.0,1.68
frozen,tbp,6,4,s0.5,0.5,6,-35700.0,1.82
frozen,tbp,6,5,s0.7,0.7,5,-42800.0,1.69
frozen,tbp,6,6,s1.0,1.0,0,-45700.0,2.78
frozen,tbp,6,7,final,,0,-45900.0,2.75
frozen,tbp,7,0,init,,25,,0.85
frozen,tbp,7,1,H-min,,25,,0.85
frozen,tbp,7,2,s0.1,0.1,25,-20800.0,0.85
frozen,tbp,7,3,s0.3,0.3,25,-20800.0,0.85
frozen,tbp,7,4,s0.5,0.5,17,-44700.0,1.02
frozen,tbp,7,5,s0.7,0.7,17,7190.0,1.02
frozen,tbp,7,6,s1.0,1.0,0,-45900.0,2.61
frozen,tbp,7,7,final,,0,-46100.0,2.59
frozen,tbp,8,0,init,,28,,1.15
frozen,tbp,8,1,H-min,,28,,1.15
frozen,tbp,8,2,s0.1,0.1,44,-69600.0,0.23
frozen,tbp,8,3,s0.3,0.3,44,2120000000.0,0.23
frozen,tbp,8,4,s0.5,0.5,44,976000000000.0,0.23
frozen,tbp,8,5,s0.7,0.7,15,-42200.0,1.95
frozen,tbp,8,6,s1.0,1.0,0,-46000.0,2.69
frozen,tbp,8,7,final,,0,-46300.0,2.68
frozen,tbp,9,0,init,,19,,0.23
frozen,tbp,9,1,H-min,,19,,0.23
frozen,tbp,9,2,s0.1,0.1,19,-22700.0,0.19
frozen,tbp,9,3,s0.3,0.3,18,-38500.0,0.96
frozen,tbp,9,4,s0.5,0.5,14,-40700.0,1.4
frozen,tbp,9,5,s0.7,0.7,9,-43900.0,1.55
frozen,tbp,9,6,s1.0,1.0,0,-46500.0,2.6
frozen,tbp,9,7,final,,0,-46500.0,2.59
frozen,tbp,10,0,init,,33,,0.76
frozen,tbp,10,1,H-min,,33,,0.76
frozen,tbp,10,2,s0.1,0.1,33,-19600.0,0.76
frozen,tbp,10,3,s0.3,0.3,33,-19600.0,0.76
frozen,tbp,10,4,s0.5,0.5,23,-32700.0,1.39
frozen,tbp,10,5,s0.7,0.7,14,-42700.0,1.54
frozen,tbp,10,6,s1.0,1.0,0,-45700.0,2.63
frozen,tbp,10,7,final,,0,-45900.0,2.64
frozen,tbp,11,0,init,,44,,0.62
frozen,tbp,11,1,H-min,,44,,0.62
frozen,tbp,11,2,s0.1,0.1,44,-22200.0,0.65
frozen,tbp,11,3,s0.3,0.3,44,-21200.0,0.65
frozen,tbp,11,4,s0.5,0.5,44,455000.0,0.65
frozen,tbp,11,5,s0.7,0.7,16,-42800.0,1.54
frozen,tbp,11,6,s1.0,1.0,0,-45400.0,2.54
frozen,tbp,11,7,final,,0,-45400.0,2.54
frozen,tbp,12,0,init,,23,,1.08
frozen,tbp,12,1,H-min,,23,,1.08
frozen,tbp,12,2,s0.05,0.05,23,-22800.0,1.08
frozen,tbp,12,3,s0.1,0.1,23,-22800.0,1.08
frozen,tbp,12,4,s0.2,0.2,23,-22800.0,1.08
frozen,tbp,12,5,s0.4,0.4,19,-47000.0,0.93
frozen,tbp,12,6,s0.7,0.7,14,-44400.0,1.55
frozen,tbp,12,7,s1.0,1.0,0,-46400.0,2.58
frozen,tbp,12,2,s0.05,0.05,15,508.0,1.7
frozen,tbp,12,3,s0.1,0.1,11,-120000.0,0.96
frozen,tbp,12,4,s0.2,0.2,11,-448000.0,0.96
frozen,tbp,12,5,s0.4,0.4,11,-3290000.0,0.96
frozen,tbp,12,2,s0.05,0.05,39,-21100.0,0.99
frozen,tbp,12,3,s0.1,0.1,34,-59200.0,0.98
frozen,tbp,12,4,s0.2,0.2,34,-313000.0,0.96
frozen,tbp,12,5,s0.4,0.4,34,-245000000.0,0.96
frozen,tbp,12,2,s0.05,0.05,23,-22400.0,1.71
frozen,tbp,12,3,s0.1,0.1,23,-22400.0,1.71
frozen,tbp,12,4,s0.2,0.2,18,-53100.0,1.0
frozen,tbp,12,5,s0.4,0.4,18,2650000.0,1.0
frozen,tbp,12,6,s0.7,0.7,13,-43900.0,1.55
frozen,tbp,12,7,s1.0,1.0,0,-46100.0,2.56
frozen,tbp,12,2,s0.05,0.05,19,-22000.0,0.68
frozen,tbp,12,3,s0.1,0.1,19,-47900.0,0.78
frozen,tbp,12,4,s0.2,0.2,19,-47500.0,0.78
frozen,tbp,12,5,s0.4,0.4,19,-51100.0,0.78
frozen,tbp,12,6,s0.7,0.7,13,-42400.0,1.55
frozen,tbp,12,7,s1.0,1.0,0,-46500.0,2.58
frozen,tbp,12,2,s0.05,0.05,18,-18300.0,0.93
frozen,tbp,12,3,s0.1,0.1,18,-18300.0,0.93
frozen,tbp,12,4,s0.2,0.2,18,-18300.0,0.93
frozen,tbp,12,5,s0.4,0.4,18,-18300.0,0.93
frozen,tbp,12,6,s0.7,0.7,14,-43600.0,1.56
frozen,tbp,12,7,s1.0,1.0,0,-46300.0,2.62
frozen,tbp,12,2,s0.05,0.05,31,-21300.0,1.48
frozen,tbp,12,3,s0.1,0.1,31,-21300.0,1.48
frozen,tbp,12,4,s0.2,0.2,31,-21300.0,1.48
frozen,tbp,12,5,s0.4,0.4,31,-21400.0,1.48
frozen,tbp,12,6,s0.7,0.7,17,-43900.0,1.63
frozen,tbp,12,7,s1.0,1.0,0,-45700.0,2.76
frozen,tbp,12,2,s0.05,0.05,33,34500.0,0.89
frozen,tbp,12,3,s0.1,0.1,33,-453000.0,0.89
frozen,tbp,12,4,s0.2,0.2,33,-13800000.0,0.89
frozen,tbp,12,2,s0.05,0.05,20,-35400.0,0.97
frozen,tbp,12,3,s0.1,0.1,20,-35400.0,0.97
frozen,tbp,12,4,s0.2,0.2,20,-35400.0,0.97
frozen,tbp,12,5,s0.4,0.4,20,-35200.0,0.97
frozen,tbp,12,6,s0.7,0.7,13,-44900.0,1.55
frozen,tbp,12,7,s1.0,1.0,0,-46400.0,2.57
frozen,tbp,12,2,s0.05,0.05,73,-19700.0,0.5
frozen,tbp,12,3,s0.1,0.1,73,-19700.0,0.5
frozen,tbp,12,4,s0.2,0.2,73,-19600.0,0.5
frozen,tbp,12,5,s0.4,0.4,73,277000.0,0.5
frozen,tbp,12,6,s0.7,0.7,33,-42500.0,1.55
frozen,tbp,12,7,s1.0,1.0,12,-39300.0,2.29
frozen,tbp,12,55,final,,0,-46400.0,2.58
frozen,tbp,13,0,init,,18,,1.08
frozen,tbp,13,1,H-min,,18,,1.08
frozen,tbp,13,2,s0.1,0.1,28,-65800.0,0.22
frozen,tbp,13,3,s0.3,0.3,28,1730000000.0,0.22
frozen,tbp,13,4,s0.5,0.5,28,796000000000.0,0.22
frozen,tbp,13,5,s0.7,0.7,11,-42200.0,1.77
frozen,tbp,13,6,s1.0,1.0,0,-46000.0,2.67
frozen,tbp,13,7,final,,0,-46100.0,2.67
frozen,tbp,14,0,init,,27,,0.59
frozen,tbp,14,1,H-min,,27,,0.59
frozen,tbp,14,2,s0.1,0.1,31,-44100.0,0.22
frozen,tbp,14,3,s0.3,0.3,31,361000000.0,0.22
frozen,tbp,14,4,s0.5,0.5,22,-37700.0,1.7
frozen,tbp,14,5,s0.7,0.7,6,-42600.0,1.96
frozen,tbp,14,6,s1.0,1.0,0,-46200.0,2.62
frozen,tbp,14,7,final,,0,-46200.0,2.62
frozen,tbp,15,0,init,,72,,0.75
frozen,tbp,15,1,H-min,,72,,0.75
frozen,tbp,15,2,s0.1,0.1,59,-40900.0,0.78
frozen,tbp,15,3,s0.3,0.3,59,-52300.0,0.78
frozen,tbp,15,4,s0.5,0.5,59,-37000.0,0.79
frozen,tbp,15,5,s0.7,0.7,16,-42800.0,1.54
frozen,tbp,15,6,s1.0,1.0,0,-45200.0,2.57
frozen,tbp,15,7,final,,0,-45200.0,2.57
frozen,tbp,16,0,init,,28,,0.59
frozen,tbp,16,1,H-min,,28,,0.59
frozen,tbp,16,2,s0.1,0.1,26,-47100.0,0.28
frozen,tbp,16,3,s0.3,0.3,25,-42000.0,0.84
frozen,tbp,16,4,s0.5,0.5,25,65300.0,0.84
frozen,tbp,16,5,s0.7,0.7,13,-44600.0,1.68
frozen,tbp,16,6,s1.0,1.0,0,-46300.0,2.71
frozen,tbp,16,7,final,,0,-46300.0,2.71
frozen,tbp,17,0,init,,35,,0.6
frozen,tbp,17,1,H-min,,35,,0.6
frozen,tbp,17,2,s0.1,0.1,35,-24100.0,0.62
frozen,tbp,17,3,s0.3,0.3,35,-22500.0,0.62
frozen,tbp,17,4,s0.5,0.5,35,739000.0,0.62
frozen,tbp,17,5,s0.7,0.7,15,-43100.0,1.56
frozen,tbp,17,6,s1.0,1.0,0,-46300.0,2.55
frozen,tbp,17,7,final,,0,-46600.0,2.57
frozen,tbp,18,0,init,,20,,0.73
frozen,tbp,18,1,H-min,,20,,0.73
frozen,tbp,18,2,s0.1,0.1,16,2460.0,0.97
frozen,tbp,18,3,s0.3,0.3,16,2440.0,0.97
frozen,tbp,18,4,s0.5,0.5,16,3580.0,0.97
frozen,tbp,18,5,s0.7,0.7,16,88600.0,0.97
frozen,tbp,18,6,s1.0,1.0,0,-45500.0,2.7
frozen,tbp,18,7,final,,0,-45900.0,2.65
frozen,tbp,19,0,init,,138,,0.19
frozen,tbp,19,1,H-min,,138,,0.19
frozen,tbp,19,2,s0.1,0.1,137,-14500.0,0.21
frozen,tbp,19,3,s0.3,0.3,137,762000000.0,0.21
frozen,tbp,19,4,s0.5,0.5,137,350000000000.0,0.21
frozen,tbp,19,5,s0.7,0.7,39,-41300.0,1.62
frozen,tbp,19,6,s1.0,1.0,0,-44800.0,2.57
frozen,tbp,19,7,final,,0,-45100.0,2.57
frozen,tbp,20,0,init,,31,,0.93
frozen,tbp,20,1,H-min,,31,,0.93
frozen,tbp,20,2,s0.1,0.1,31,-16200.0,0.94
frozen,tbp,20,3,s0.3,0.3,31,-16200.0,0.94
frozen,tbp,20,4,s0.5,0.5,23,-34700.0,1.0
frozen,tbp,20,5,s0.7,0.7,23,-32300.0,1.77
frozen,tbp,20,6,s1.0,1.0,0,-45600.0,2.54
frozen,tbp,20,7,final,,0,-46100.0,2.54
frozen,tbp,21,0,init,,42,,0.71
frozen,tbp,21,1,H-min,,42,,0.71
frozen,tbp,21,2,s0.1,0.1,42,-18500.0,0.74
frozen,tbp,21,3,s0.3,0.3,42,-18400.0,0.74
frozen,tbp,21,4,s0.5,0.5,42,83100.0,0.74
frozen,tbp,21,5,s0.7,0.7,22,-42900.0,1.55
frozen,tbp,21,6,s1.0,1.0,0,-46000.0,2.57
frozen,tbp,21,7,final,,0,-46000.0,2.57
frozen,tbp,22,0,init,,23,,1.18
frozen,tbp,22,1,H-min,,23,,1.18
frozen,tbp,22,2,s0.1,0.1,23,-19500.0,1.18
frozen,tbp,22,3,s0.3,0.3,23,-19500.0,1.18
frozen,tbp,22,4,s0.5,0.5,19,-36200.0,1.48
frozen,tbp,22,5,s0.7,0.7,11,-42800.0,1.73
frozen,tbp,22,6,s1.0,1.0,0,-45900.0,2.77
frozen,tbp,22,7,final,,0,-45900.0,2.76
frozen,tbp,24,0,init,,6,,1.24
frozen,tbp,24,1,H-min,,6,,1.24
frozen,tbp,24,2,s0.1,0.1,6,-24400.0,1.24
frozen,tbp,24,3,s0.3,0.3,7,-42700.0,1.35
frozen,tbp,24,4,s0.5,0.5,6,-42100.0,1.48
frozen,tbp,24,5,s0.7,0.7,7,-43200.0,1.56
frozen,tbp,24,6,s1.0,1.0,0,-46300.0,2.6
frozen,tbp,24,7,final,,0,-46600.0,2.6
frozen,tbp,25,0,init,,34,,0.94
frozen,tbp,25,1,H-min,,34,,0.94
frozen,tbp,25,2,s0.1,0.1,34,-22700.0,0.94
frozen,tbp,25,3,s0.3,0.3,34,-22700.0,0.94
frozen,tbp,25,4,s0.5,0.5,34,-20200.0,0.94
frozen,tbp,25,5,s0.7,0.7,17,-43100.0,1.55
frozen,tbp,25,6,s1.0,1.0,0,-46300.0,2.57
frozen,tbp,25,7,final,,0,-46400.0,2.57
frozen,tbp,26,0,init,,10,,1.82
frozen,tbp,26,1,H-min,,10,,1.82
frozen,tbp,26,2,s0.1,0.1,10,-25400.0,1.82
frozen,tbp,26,3,s0.3,0.3,10,-25500.0,1.82
frozen,tbp,26,4,s0.5,0.5,7,-37500.0,1.96
frozen,tbp,26,5,s0.7,0.7,12,-43900.0,1.55
frozen,tbp,26,6,s1.0,1.0,0,-46500.0,2.58
frozen,tbp,26,7,final,,0,-46500.0,2.58
frozen,tbp,28,0,init,,15,,0.66
frozen,tbp,28,1,H-min,,15,,0.66
frozen,tbp,28,2,s0.1,0.1,15,-22200.0,0.66
frozen,tbp,28,3,s0.3,0.3,15,-22000.0,0.66
frozen,tbp,28,4,s0.5,0.5,15,74500.0,0.66
frozen,tbp,28,5,s0.7,0.7,12,-43200.0,1.55
frozen,tbp,28,6,s1.0,1.0,0,-46200.0,2.58
frozen,tbp,28,7,final,,0,-46200.0,2.58
frozen,tbp,29,0,init,,31,,0.47
frozen,tbp,29,1,H-min,,31,,0.47
frozen,tbp,29,2,s0.1,0.1,31,-22300.0,0.5
frozen,tbp,29,3,s0.3,0.3,31,2600.0,0.5
frozen,tbp,29,4,s0.5,0.5,31,11600000.0,0.5
frozen,tbp,29,5,s0.7,0.7,13,-43400.0,1.55
frozen,tbp,29,6,s1.0,1.0,0,-46300.0,2.57
frozen,tbp,29,7,final,,0,-46300.0,2.57
frozen,tbp,30,0,init,,14,,0.85
frozen,tbp,30,1,H-min,,14,,0.85
frozen,tbp,30,2,s0.1,0.1,13,-42000.0,1.13
frozen,tbp,30,3,s0.3,0.3,13,295000000.0,1.13
frozen,tbp,30,4,s0.5,0.5,13,135000000000.0,1.13
frozen,tbp,30,5,s0.7,0.7,14,-43000.0,1.55
frozen,tbp,30,6,s1.0,1.0,0,-46000.0,2.6
frozen,tbp,30,7,final,,0,-46000.0,2.6
frozen,tbp,31,0,init,,43,,0.68
frozen,tbp,31,1,H-min,,43,,0.68
frozen,tbp,31,2,s0.1,0.1,43,-20100.0,0.68
frozen,tbp,31,3,s0.3,0.3,43,-19900.0,0.68
frozen,tbp,31,4,s0.5,0.5,43,117000.0,0.68
frozen,tbp,31,5,s0.7,0.7,28,-41800.0,1.55
frozen,tbp,31,6,s1.0,1.0,10,-38100.0,2.28
frozen,tbp,31,7,final,,10,-38100.0,2.28
frozen,tbp,32,0,init,,39,,0.46
frozen,tbp,32,1,H-min,,39,,0.46
frozen,tbp,32,2,s0.1,0.1,39,19300.0,0.48
frozen,tbp,32,3,s0.3,0.3,39,28000.0,0.48
frozen,tbp,32,4,s0.5,0.5,39,4090000.0,0.48
frozen,tbp,32,5,s0.7,0.7,39,231000000.0,0.48
frozen,tbp,32,6,s1.0,1.0,0,-45500.0,2.55
frozen,tbp,32,7,final,,0,-46100.0,2.56
frozen,tbp,33,0,init,,49,,0.74
frozen,tbp,33,1,H-min,,49,,0.74
frozen,tbp,33,2,s0.1,0.1,49,-19600.0,0.76
frozen,tbp,33,3,s0.3,0.3,40,-43700.0,0.95
frozen,tbp,33,4,s0.5,0.5,40,-50700.0,0.95
frozen,tbp,33,5,s0.7,0.7,16,-43000.0,1.56
frozen,tbp,33,6,s1.0,1.0,0,-46200.0,2.54
frozen,tbp,33,7,final,,0,-46200.0,2.54
frozen,tbp,34,0,init,,56,,0.76
frozen,tbp,34,1,H-min,,56,,0.76
frozen,tbp,34,2,s0.1,0.1,56,-24600.0,0.77
frozen,tbp,34,3,s0.3,0.3,56,-24500.0,0.77
frozen,tbp,34,4,s0.5,0.5,56,30700.0,0.77
frozen,tbp,34,5,s0.7,0.7,23,-43700.0,1.55
frozen,tbp,34,6,s1.0,1.0,0,-46400.0,2.57
frozen,tbp,34,7,final,,0,-46400.0,2.57
frozen,tbp,35,0,init,,5,,1.54
frozen,tbp,35,1,H-min,,5,,1.54
frozen,tbp,35,2,s0.1,0.1,5,-24800.0,1.54
frozen,tbp,35,3,s0.3,0.3,5,-24800.0,1.54
frozen,tbp,35,4,s0.5,0.5,5,-25100.0,1.54
frozen,tbp,35,5,s0.7,0.7,6,-43600.0,1.56
frozen,tbp,35,6,s1.0,1.0,0,-46300.0,2.56
frozen,tbp,35,7,final,,0,-46400.0,2.57
frozen,tbp,36,0,init,,32,,0.84
frozen,tbp,36,1,H-min,,32,,0.84
frozen,tbp,36,2,s0.1,0.1,32,-18700.0,0.85
frozen,tbp,36,3,s0.3,0.3,32,-18700.0,0.85
frozen,tbp,36,4,s0.5,0.5,32,-677.0,0.85
frozen,tbp,36,5,s0.7,0.7,18,-42600.0,1.55
frozen,tbp,36,6,s1.0,1.0,0,-45700.0,2.58
frozen,tbp,36,7,final,,0,-45700.0,2.58
frozen,tbp,37,0,init,,8,,1.56
frozen,tbp,37,1,H-min,,8,,1.56
frozen,tbp,37,2,s0.1,0.1,7,-25500.0,1.56
frozen,tbp,37,3,s0.3,0.3,7,-25500.0,1.56
frozen,tbp,37,4,s0.5,0.5,8,-37300.0,1.17
frozen,tbp,37,5,s0.7,0.7,14,-43400.0,1.55
frozen,tbp,37,6,s1.0,1.0,0,-46400.0,2.57
frozen,tbp,37,7,final,,0,-46400.0,2.57
frozen,tbp,38,0,init,,13,,1.48
frozen,tbp,38,1,H-min,,13,,1.48
frozen,tbp,38,2,s0.1,0.1,13,-23000.0,1.48
frozen,tbp,38,3,s0.3,0.3,13,-23000.0,1.48
frozen,tbp,38,4,s0.5,0.5,13,-23300.0,1.48
frozen,tbp,38,5,s0.7,0.7,10,-43000.0,1.65
frozen,tbp,38,6,s1.0,1.0,0,-46300.0,2.72
frozen,tbp,38,7,final,,0,-46300.0,2.72
frozen,tbp,39,0,init,,42,,0.55
frozen,tbp,39,1,H-min,,42,,0.55
frozen,tbp,39,2,s0.1,0.1,42,-19600.0,0.55
frozen,tbp,39,3,s0.3,0.3,42,-18500.0,0.55
frozen,tbp,39,4,s0.5,0.5,42,529000.0,0.55
frozen,tbp,39,5,s0.7,0.7,9,-42700.0,1.56
frozen,tbp,39,6,s1.0,1.0,0,-46000.0,2.6
frozen,tbp,39,7,final,,0,-46000.0,2.59
frozen,tbp,40,0,init,,29,,0.84
frozen,tbp,40,1,H-min,,29,,0.84
frozen,tbp,40,2,s0.1,0.1,27,-38000.0,0.96
frozen,tbp,40,3,s0.3,0.3,27,-180000.0,0.96
frozen,tbp,40,4,s0.5,0.5,27,-179000.0,0.96
frozen,tbp,40,5,s0.7,0.7,27,-56000.0,0.96
frozen,tbp,40,6,s1.0,1.0,0,-45700.0,2.66
frozen,tbp,40,7,final,,0,-45900.0,2.68
frozen,tbp,41,0,init,,29,,0.86
frozen,tbp,41,1,H-min,,29,,0.86
frozen,tbp,41,2,s0.1,0.1,25,-38000.0,0.59
frozen,tbp,41,3,s0.3,0.3,26,-159000.0,0.63
frozen,tbp,41,4,s0.5,0.5,26,367000.0,0.63
frozen,tbp,41,5,s0.7,0.7,10,-43000.0,1.56
frozen,tbp,41,6,s1.0,1.0,0,-46100.0,2.59
frozen,tbp,41,7,final,,0,-46300.0,2.58
frozen,tbp,42,0,init,,150,,0.2
frozen,tbp,42,1,H-min,,150,,0.2
frozen,tbp,42,2,s0.1,0.1,148,-23100.0,0.57
frozen,tbp,42,3,s0.3,0.3,127,-57200.0,0.68
frozen,tbp,42,4,s0.5,0.5,127,188000.0,0.68
frozen,tbp,42,5,s0.7,0.7,127,13900000.0,0.68
frozen,tbp,42,6,s1.0,1.0,0,-43700.0,2.55
frozen,tbp,42,7,final,,0,-44300.0,2.55
frozen,tbp,43,0,init,,24,,1.3
frozen,tbp,43,1,H-min,,24,,1.3
frozen,tbp,43,2,s0.1,0.1,30,-43800.0,0.25
frozen,tbp,43,3,s0.3,0.3,31,-43700.0,1.12
frozen,tbp,43,4,s0.5,0.5,31,382000.0,1.12
frozen,tbp,43,5,s0.7,0.7,13,-42800.0,1.55
frozen,tbp,43,6,s1.0,1.0,0,-46000.0,2.62
frozen,tbp,43,7,final,,0,-46200.0,2.62
frozen,tbp,44,0,init,,22,,0.97
frozen,tbp,44,1,H-min,,22,,0.97
frozen,tbp,44,2,s0.1,0.1,24,-315000.0,0.42
frozen,tbp,44,3,s0.3,0.3,24,-157000.0,0.42
frozen,tbp,44,4,s0.5,0.5,24,72800000.0,0.42
frozen,tbp,44,5,s0.7,0.7,8,-42900.0,1.55
frozen,tbp,44,6,s1.0,1.0,0,-45700.0,2.55
frozen,tbp,44,7,final,,0,-46100.0,2.56
frozen,tbp,45,0,init,,18,,1.34
frozen,tbp,45,1,H-min,,18,,1.34
frozen,tbp,45,2,s0.1,0.1,20,-51300.0,0.22
frozen,tbp,45,3,s0.3,0.3,20,847000000.0,0.22
frozen,tbp,45,4,s0.5,0.5,21,-39200.0,0.92
frozen,tbp,45,5,s0.7,0.7,12,-43000.0,1.55
frozen,tbp,45,6,s1.0,1.0,0,-45900.0,2.59
frozen,tbp,45,7,final,,0,-45900.0,2.59
frozen,tbp,46,0,init,,27,,0.87
frozen,tbp,46,1,H-min,,27,,0.87
frozen,tbp,46,2,s0.1,0.1,29,-37800.0,0.25
frozen,tbp,46,3,s0.3,0.3,29,78800000.0,0.25
frozen,tbp,46,4,s0.5,0.5,29,36200000000.0,0.25
frozen,tbp,46,5,s0.7,0.7,19,-43400.0,1.55
frozen,tbp,46,6,s1.0,1.0,0,-46100.0,2.56
frozen,tbp,46,7,final,,0,-46100.0,2.56
frozen,tbp,47,0,init,,24,,0.79
frozen,tbp,47,1,H-min,,24,,0.79
frozen,tbp,47,2,s0.1,0.1,25,-20800.0,0.79
frozen,tbp,47,3,s0.3,0.3,25,-20800.0,0.79
frozen,tbp,47,4,s0.5,0.5,25,-10900.0,0.79
frozen,tbp,47,5,s0.7,0.7,13,-43300.0,1.55
frozen,tbp,47,6,s1.0,1.0,0,-46100.0,2.57
frozen,tbp,47,7,final,,0,-46100.0,2.57
frozen,tbp,48,0,init,,25,,0.86
frozen,tbp,48,1,H-min,,25,,0.86
frozen,tbp,48,2,s0.1,0.1,25,-24400.0,0.86
frozen,tbp,48,3,s0.3,0.3,25,-24400.0,0.86
frozen,tbp,48,4,s0.5,0.5,19,-35800.0,1.42
frozen,tbp,48,5,s0.7,0.7,13,-43600.0,1.57
frozen,tbp,48,6,s1.0,1.0,0,-46200.0,2.6
frozen,tbp,48,7,final,,0,-46200.0,2.6
frozen,tbp,49,0,init,,77,,0.91
frozen,tbp,49,1,H-min,,77,,0.91
frozen,tbp,49,2,s0.1,0.1,77,9500.0,0.92
frozen,tbp,49,3,s0.3,0.3,77,9480.0,0.92
frozen,tbp,49,4,s0.5,0.5,77,14600.0,0.92
frozen,tbp,49,5,s0.7,0.7,29,-41000.0,1.55
frozen,tbp,49,6,s1.0,1.0,0,-45400.0,2.56
frozen,tbp,49,7,final,,0,-45900.0,2.57
frozen,tbp,50,0,init,,71,,0.42
frozen,tbp,50,1,H-min,,71,,0.42
frozen,tbp,50,2,s0.1,0.1,71,-19100.0,0.45
frozen,tbp,50,3,s0.3,0.3,71,9740.0,0.45
frozen,tbp,50,4,s0.5,0.5,71,13400000.0,0.45
frozen,tbp,50,5,s0.7,0.7,31,-42300.0,1.55
frozen,tbp,50,6,s1.0,1.0,0,-45100.0,2.58
frozen,tbp,50,7,final,,0,-45900.0,2.59
frozen,tbp,51,0,init,,10,,0.77
frozen,tbp,51,1,H-min,,10,,0.77
frozen,tbp,51,2,s0.1,0.1,10,-22100.0,0.8
frozen,tbp,51,3,s0.3,0.3,10,-36200.0,1.31
frozen,tbp,51,4,s0.5,0.5,10,8910.0,1.31
frozen,tbp,51,5,s0.7,0.7,12,-43500.0,1.57
frozen,tbp,51,6,s1.0,1.0,0,-46000.0,2.55
frozen,tbp,51,7,final,,0,-46000.0,2.55
frozen,tbp,53,0,init,,24,,0.41
frozen,tbp,53,1,H-min,,24,,0.41
frozen,tbp,53,2,s0.1,0.1,24,-23400.0,0.44
frozen,tbp,53,3,s0.3,0.3,24,18800.0,0.44
frozen,tbp,53,4,s0.5,0.5,15,-39200.0,1.51
frozen,tbp,53,5,s0.7,0.7,14,-43500.0,1.54
frozen,tbp,53,6,s1.0,1.0,0,-46200.0,2.61
frozen,tbp,53,7,final,,0,-46200.0,2.61
frozen,tbp,54,0,init,,31,,0.81
frozen,tbp,54,1,H-min,,31,,0.81
frozen,tbp,54,2,s0.1,0.1,31,-47100.0,1.1
frozen,tbp,54,3,s0.3,0.3,31,617000000.0,1.1
frozen,tbp,54,4,s0.5,0.5,31,284000000000.0,1.1
frozen,tbp,54,5,s0.7,0.7,18,-43300.0,1.55
frozen,tbp,54,6,s1.0,1.0,0,-46200.0,2.63
frozen,tbp,54,7,final,,0,-46200.0,2.63
frozen,tbp,55,0,init,,22,,0.66
frozen,tbp,55,1,H-min,,22,,0.66
frozen,tbp,55,2,s0.1,0.1,22,-22200.0,0.7
frozen,tbp,55,3,s0.3,0.3,22,-22000.0,0.7
frozen,tbp,55,4,s0.5,0.5,16,-34700.0,1.62
frozen,tbp,55,5,s0.7,0.7,12,-43500.0,1.55
frozen,tbp,55,6,s1.0,1.0,0,-46100.0,2.6
frozen,tbp,55,7,final,,0,-46400.0,2.61
frozen,tbp,56,0,init,,31,,1.18
frozen,tbp,56,1,H-min,,31,,1.18
frozen,tbp,56,2,s0.1,0.1,31,-21100.0,1.18
frozen,tbp,56,3,s0.3,0.3,25,-122000.0,0.96
frozen,tbp,56,4,s0.5,0.5,25,-175000.0,0.96
frozen,tbp,56,5,s0.7,0.7,20,-42600.0,1.57
frozen,tbp,56,6,s1.0,1.0,0,-45400.0,2.63
frozen,tbp,56,7,final,,0,-45400.0,2.63
frozen,tbp,57,0,init,,24,,1.1
frozen,tbp,57,1,H-min,,24,,1.1
frozen,tbp,57,2,s0.1,0.1,27,-46900.0,1.11
frozen,tbp,57,3,s0.3,0.3,27,489000000.0,1.11
frozen,tbp,57,4,s0.5,0.5,14,-36800.0,1.14
frozen,tbp,57,5,s0.7,0.7,15,-43300.0,1.55
frozen,tbp,57,6,s1.0,1.0,0,-46200.0,2.59
frozen,tbp,57,7,final,,0,-46400.0,2.6
frozen,tbp,58,0,init,,12,,1.23
frozen,tbp,58,1,H-min,,12,,1.23
frozen,tbp,58,2,s0.1,0.1,12,-21300.0,1.23
frozen,tbp,58,3,s0.3,0.3,12,-21300.0,1.23
frozen,tbp,58,4,s0.5,0.5,12,-21600.0,1.23
frozen,tbp,58,5,s0.7,0.7,12,-43200.0,1.55
frozen,tbp,58,6,s1.0,1.0,0,-46000.0,2.59
frozen,tbp,58,7,final,,0,-46000.0,2.59
frozen,tbp,59,0,init,,25,,0.4
frozen,tbp,59,1,H-min,,25,,0.4
frozen,tbp,59,2,s0.1,0.1,22,-4190.0,0.43
frozen,tbp,59,3,s0.3,0.3,22,135000.0,0.43
frozen,tbp,59,4,s0.5,0.5,22,-306000.0,0.92
frozen,tbp,59,5,s0.7,0.7,22,-144000.0,0.92
frozen,tbp,59,6,s1.0,1.0,0,-45800.0,2.51
frozen,tbp,59,7,final,,0,-46100.0,2.52
frozen,tbp,60,0,init,,10,,1.45
frozen,tbp,60,1,H-min,,10,,1.45
frozen,tbp,60,2,s0.1,0.1,10,-25300.0,1.44
frozen,tbp,60,3,s0.3,0.3,10,-25300.0,1.44
frozen,tbp,60,4,s0.5,0.5,10,-25600.0,1.44
frozen,tbp,60,5,s0.7,0.7,12,-43600.0,1.55
frozen,tbp,60,6,s1.0,1.0,0,-46400.0,2.58
frozen,tbp,60,7,final,,0,-46400.0,2.58
frozen,tbp,61,0,init,,22,,0.78
frozen,tbp,61,1,H-min,,22,,0.78
frozen,tbp,61,2,s0.1,0.1,28,-96900.0,0.23
frozen,tbp,61,3,s0.3,0.3,24,-53100.0,0.87
frozen,tbp,61,4,s0.5,0.5,24,1080000.0,0.87
frozen,tbp,61,5,s0.7,0.7,9,-42900.0,1.79
frozen,tbp,61,6,s1.0,1.0,0,-46300.0,2.71
frozen,tbp,61,7,final,,0,-46300.0,2.71
frozen,tbp,62,0,init,,52,,0.64
frozen,tbp,62,1,H-min,,52,,0.64
frozen,tbp,62,2,s0.1,0.1,52,47300.0,0.67
frozen,tbp,62,3,s0.3,0.3,52,47400.0,0.67
frozen,tbp,62,4,s0.5,0.5,52,123000.0,0.67
frozen,tbp,62,5,s0.7,0.7,14,-41000.0,1.54
frozen,tbp,62,6,s1.0,1.0,0,-45200.0,2.52
frozen,tbp,62,7,final,,0,-45200.0,2.52
frozen,tbp,63,0,init,,40,,0.81
frozen,tbp,63,1,H-min,,40,,0.81
frozen,tbp,63,2,s0.1,0.1,40,-3210.0,0.83
frozen,tbp,63,3,s0.3,0.3,40,-3190.0,0.83
frozen,tbp,63,4,s0.5,0.5,40,-12500.0,0.93
frozen,tbp,63,5,s0.7,0.7,20,-41700.0,1.56
frozen,tbp,63,6,s1.0,1.0,0,-45900.0,2.54
frozen,tbp,63,7,final,,0,-46100.0,2.54
frozen,lef1,1,0,init,,193,,0.36
frozen,lef1,1,1,H-min,,193,,0.36
frozen,lef1,1,2,s0.05,0.05,193,-20500.0,0.4
frozen,lef1,1,3,s0.1,0.1,193,-20500.0,0.4
frozen,lef1,1,4,s0.2,0.2,193,-18900.0,0.4
frozen,lef1,1,2,s0.05,0.05,97,-20100.0,0.54
frozen,lef1,1,3,s0.1,0.1,97,-20100.0,0.54
frozen,lef1,1,4,s0.2,0.2,96,-25200.0,0.49
frozen,lef1,1,5,s0.4,0.4,96,-61200.0,0.86
frozen,lef1,1,6,s0.7,0.7,34,-42000.0,1.56
frozen,lef1,1,7,s1.0,1.0,0,-41800.0,2.59
frozen,lef1,1,2,s0.05,0.05,243,-13500.0,0.21
frozen,lef1,1,3,s0.1,0.1,243,-12800.0,0.21
frozen,lef1,1,4,s0.2,0.2,243,2730000.0,0.21
frozen,lef1,1,2,s0.05,0.05,171,-14600.0,0.38
frozen,lef1,1,3,s0.1,0.1,171,-61100.0,0.21
frozen,lef1,1,4,s0.2,0.2,171,7760000.0,0.21
frozen,lef1,1,5,s0.4,0.4,156,95200.0,0.61
frozen,lef1,1,2,s0.05,0.05,225,-8150.0,0.47
frozen,lef1,1,3,s0.1,0.1,225,-8150.0,0.47
frozen,lef1,1,4,s0.2,0.2,225,-7970.0,0.47
frozen,lef1,1,5,s0.4,0.4,225,901000.0,0.47
frozen,lef1,1,6,s0.7,0.7,99,-38200.0,1.67
frozen,lef1,1,7,s1.0,1.0,20,-26800.0,2.19
frozen,lef1,1,2,s0.05,0.05,211,-2200.0,0.1
frozen,lef1,1,3,s0.1,0.1,211,3510000.0,0.1
frozen,lef1,1,4,s0.2,0.2,211,14400000000.0,0.1
frozen,lef1,1,5,s0.4,0.4,211,59000000000000.0,0.1
frozen,lef1,1,6,s0.7,0.7,59,-41200.0,1.61
frozen,lef1,1,7,s1.0,1.0,0,-41500.0,2.7
frozen,lef1,1,2,s0.05,0.05,271,-140000.0,0.1
frozen,lef1,1,3,s0.1,0.1,271,45100000.0,0.1
frozen,lef1,1,4,s0.2,0.2,258,-59600.0,0.45
frozen,lef1,1,5,s0.4,0.4,258,14400000.0,0.45
frozen,lef1,1,6,s0.7,0.7,96,-38300.0,1.65
frozen,lef1,1,7,s1.0,1.0,10,-33400.0,2.2
frozen,lef1,1,2,s0.05,0.05,179,-21200.0,0.38
frozen,lef1,1,3,s0.1,0.1,168,-59600.0,0.22
frozen,lef1,1,4,s0.2,0.2,152,-348000.0,0.55
frozen,lef1,1,5,s0.4,0.4,152,-51600.0,0.55
frozen,lef1,1,6,s0.7,0.7,83,-37700.0,1.65
frozen,lef1,1,7,s1.0,1.0,83,198000.0,1.65
frozen,lef1,1,2,s0.05,0.05,160,-43400.0,0.1
frozen,lef1,1,3,s0.1,0.1,160,12100000.0,0.1
frozen,lef1,1,4,s0.2,0.2,160,49700000000.0,0.1
frozen,lef1,1,5,s0.4,0.4,158,337000.0,0.55
frozen,lef1,1,6,s0.7,0.7,158,71800000.0,0.55
frozen,lef1,1,7,s1.0,1.0,0,-42000.0,2.58
frozen,lef1,1,2,s0.05,0.05,403,-40800.0,0.1
frozen,lef1,1,3,s0.1,0.1,403,19800000.0,0.1
frozen,lef1,1,4,s0.2,0.2,401,-1430.0,0.57
frozen,lef1,1,5,s0.4,0.4,401,394000.0,0.57
frozen,lef1,1,6,s0.7,0.7,205,-32500.0,1.56
frozen,lef1,1,7,s1.0,1.0,51,-195.0,2.11
frozen,lef1,1,2,s0.05,0.05,556,23200.0,0.11
frozen,lef1,1,3,s0.1,0.1,556,719000.0,0.11
frozen,lef1,1,4,s0.2,0.2,556,2860000000.0,0.11
frozen,lef1,1,2,s0.05,0.05,274,-3010.0,0.4
frozen,lef1,1,3,s0.1,0.1,274,-3010.0,0.4
frozen,lef1,1,4,s0.2,0.2,274,-2230.0,0.4
frozen,lef1,1,2,s0.05,0.05,140,62100.0,0.51
frozen,lef1,1,3,s0.1,0.1,136,-3790000.0,0.87
frozen,lef1,1,2,s0.05,0.05,376,-1690.0,0.52
frozen,lef1,1,3,s0.1,0.1,364,-34600.0,0.18
frozen,lef1,1,4,s0.2,0.2,364,13400000.0,0.18
frozen,lef1,1,5,s0.4,0.4,364,55200000000.0,0.18
frozen,lef1,1,6,s0.7,0.7,186,-36700.0,1.55
frozen,lef1,1,7,s1.0,1.0,22,-21100.0,2.2
frozen,lef1,1,68,final,,0,-41800.0,2.59
frozen,lef1,2,0,init,,128,,0.35
frozen,lef1,2,1,H-min,,128,,0.35
frozen,lef1,2,2,s0.1,0.1,128,-25100.0,0.35
frozen,lef1,2,3,s0.3,0.3,128,442000.0,0.35
frozen,lef1,2,4,s0.5,0.5,94,-34100.0,1.28
frozen,lef1,2,5,s0.7,0.7,37,-40300.0,1.63
frozen,lef1,2,6,s1.0,1.0,10,-34400.0,2.19
frozen,lef1,2,7,final,,10,-34400.0,2.19
frozen,lef1,3,0,init,,197,,0.11
frozen,lef1,3,1,H-min,,197,,0.11
frozen,lef1,3,2,s0.1,0.1,198,921000000.0,0.06
frozen,lef1,3,3,s0.3,0.3,198,490000000000000.0,0.06
frozen,lef1,3,4,s0.5,0.5,175,22400.0,1.0
frozen,lef1,3,5,s0.7,0.7,175,200000.0,1.0
frozen,lef1,3,6,s1.0,1.0,0,-40000.0,2.54
frozen,lef1,3,7,final,,0,-41100.0,2.55
frozen,lef1,4,0,init,,556,,0.17
frozen,lef1,4,1,H-min,,556,,0.17
frozen,lef1,4,2,s0.1,0.1,530,-72100.0,0.2
frozen,lef1,4,3,s0.3,0.3,534,-315000.0,0.54
frozen,lef1,4,4,s0.5,0.5,534,3060000.0,0.54
frozen,lef1,4,5,s0.7,0.7,314,-30600.0,1.58
frozen,lef1,4,6,s1.0,1.0,10,-18800.0,2.19
frozen,lef1,4,7,final,,10,-20900.0,2.2
frozen,lef1,5,0,init,,564,,0.36
frozen,lef1,5,1,H-min,,564,,0.36
frozen,lef1,5,2,s0.1,0.1,562,3530.0,0.33
frozen,lef1,5,3,s0.3,0.3,562,1380000.0,0.33
frozen,lef1,5,4,s0.5,0.5,562,633000000.0,0.33
frozen,lef1,5,5,s0.7,0.7,274,-31800.0,1.62
frozen,lef1,5,6,s1.0,1.0,52,-101.0,2.04
frozen,lef1,5,7,final,,51,-3320.0,2.04
frozen,lef1,7,0,init,,391,,0.23
frozen,lef1,7,1,H-min,,391,,0.23
frozen,lef1,7,2,s0.1,0.1,393,-9030.0,0.23
frozen,lef1,7,3,s0.3,0.3,365,-57300.0,0.71
frozen,lef1,7,4,s0.5,0.5,295,-41200.0,1.26
frozen,lef1,7,5,s0.7,0.7,169,-35300.0,1.68
frozen,lef1,7,6,s1.0,1.0,6,-29400.0,2.27
frozen,lef1,7,7,final,,6,-31200.0,2.26
frozen,lef1,8,0,init,,224,,0.41
frozen,lef1,8,1,H-min,,224,,0.41
frozen,lef1,8,2,s0.1,0.1,224,161000.0,0.42
frozen,lef1,8,3,s0.3,0.3,224,260000.0,0.42
frozen,lef1,8,4,s0.5,0.5,224,46300000.0,0.42
frozen,lef1,8,5,s0.7,0.7,65,-38200.0,1.65
frozen,lef1,8,6,s1.0,1.0,0,-39800.0,2.61
frozen,lef1,8,7,final,,0,-40200.0,2.58
frozen,lef1,9,0,init,,137,,0.41
frozen,lef1,9,1,H-min,,137,,0.41
frozen,lef1,9,2,s0.1,0.1,137,-58300.0,0.21
frozen,lef1,9,3,s0.3,0.3,139,-41900.0,0.72
frozen,lef1,9,4,s0.5,0.5,139,344000.0,0.72
frozen,lef1,9,5,s0.7,0.7,71,-40700.0,1.67
frozen,lef1,9,6,s1.0,1.0,0,-40600.0,2.57
frozen,lef1,9,7,final,,0,-41100.0,2.63
frozen,lef1,10,0,init,,432,,0.26
frozen,lef1,10,1,H-min,,432,,0.26
frozen,lef1,10,2,s0.1,0.1,431,65.5,0.19
frozen,lef1,10,3,s0.3,0.3,431,3090000000.0,0.19
frozen,lef1,10,4,s0.5,0.5,431,1420000000000.0,0.19
frozen,lef1,10,5,s0.7,0.7,152,-36800.0,1.71
frozen,lef1,10,6,s1.0,1.0,0,-36300.0,2.56
frozen,lef1,10,7,final,,0,-37400.0,2.65
frozen,lef1,11,0,init,,171,,0.52
frozen,lef1,11,1,H-min,,171,,0.52
frozen,lef1,11,2,s0.1,0.1,170,-20700.0,0.55
frozen,lef1,11,3,s0.3,0.3,165,-31300.0,0.78
frozen,lef1,11,4,s0.5,0.5,165,22900.0,0.78
frozen,lef1,11,5,s0.7,0.7,69,-37700.0,1.56
frozen,lef1,11,6,s1.0,1.0,11,-29500.0,2.16
frozen,lef1,11,7,final,,11,-29800.0,2.15
frozen,lef1,12,0,init,,102,,0.66
frozen,lef1,12,1,H-min,,102,,0.66
frozen,lef1,12,2,s0.1,0.1,100,-22400.0,0.66
frozen,lef1,12,3,s0.3,0.3,100,-29400.0,0.66
frozen,lef1,12,4,s0.5,0.5,100,35600.0,0.66
frozen,lef1,12,5,s0.7,0.7,30,-41100.0,1.55
frozen,lef1,12,6,s1.0,1.0,0,-41600.0,2.54
frozen,lef1,12,7,final,,0,-41600.0,2.54
frozen,lef1,15,0,init,,910,,0.27
frozen,lef1,15,1,H-min,,910,,0.27
frozen,lef1,15,2,s0.1,0.1,907,75300.0,0.27
frozen,lef1,15,3,s0.3,0.3,907,10000000.0,0.27
frozen,lef1,15,4,s0.5,0.5,907,4560000000.0,0.27
frozen,lef1,15,5,s0.7,0.7,462,-21600.0,1.61
frozen,lef1,15,6,s1.0,1.0,54,8280.0,2.22
frozen,lef1,15,7,final,,54,4070.0,2.23
frozen,lef1,16,0,init,,401,,0.4
frozen,lef1,16,1,H-min,,401,,0.4
frozen,lef1,16,2,s0.1,0.1,401,980.0,0.39
frozen,lef1,16,3,s0.3,0.3,401,207000.0,0.39
frozen,lef1,16,4,s0.5,0.5,319,-34600.0,1.23
frozen,lef1,16,5,s0.7,0.7,133,-37800.0,1.7
frozen,lef1,16,6,s1.0,1.0,0,-37000.0,2.6
frozen,lef1,16,7,final,,0,-38500.0,2.6
frozen,lef1,17,0,init,,261,,0.4
frozen,lef1,17,1,H-min,,261,,0.4
frozen,lef1,17,2,s0.1,0.1,249,-35300.0,0.21
frozen,lef1,17,3,s0.3,0.3,249,487000000.0,0.21
frozen,lef1,17,4,s0.5,0.5,249,224000000000.0,0.21
frozen,lef1,17,5,s0.7,0.7,112,-38500.0,1.7
frozen,lef1,17,6,s1.0,1.0,12,-32300.0,2.28
frozen,lef1,17,7,final,,12,-32800.0,2.29
frozen,lef1,19,0,init,,299,,0.22
frozen,lef1,19,1,H-min,,299,,0.22
frozen,lef1,19,2,s0.1,0.1,295,-638000.0,0.44
frozen,lef1,19,3,s0.3,0.3,295,-12700000.0,0.44
frozen,lef1,19,4,s0.5,0.5,295,16700000.0,0.44
frozen,lef1,19,5,s0.7,0.7,110,-37200.0,1.6
frozen,lef1,19,6,s1.0,1.0,10,-31900.0,2.24
frozen,lef1,19,7,final,,10,-32500.0,2.24
frozen,lef1,20,0,init,,136,,0.32
frozen,lef1,20,1,H-min,,136,,0.32
frozen,lef1,20,2,s0.1,0.1,125,-42500.0,0.21
frozen,lef1,20,3,s0.3,0.3,126,-39200.0,0.7
frozen,lef1,20,4,s0.5,0.5,126,224000.0,0.7
frozen,lef1,20,5,s0.7,0.7,66,-37400.0,1.59
frozen,lef1,20,6,s1.0,1.0,12,-28300.0,2.17
frozen,lef1,20,7,final,,12,-28300.0,2.17
frozen,lef1,22,0,init,,188,,0.4
frozen,lef1,22,1,H-min,,188,,0.4
frozen,lef1,22,2,s0.1,0.1,189,-18500.0,0.43
frozen,lef1,22,3,s0.3,0.3,189,88900.0,0.43
frozen,lef1,22,4,s0.5,0.5,186,-3870.0,1.02
frozen,lef1,22,5,s0.7,0.7,120,-37100.0,1.55
frozen,lef1,22,6,s1.0,1.0,11,-29800.0,2.0
frozen,lef1,22,7,final,,11,-30900.0,2.01
frozen,lef1,23,0,init,,230,,0.13
frozen,lef1,23,1,H-min,,230,,0.13
frozen,lef1,23,2,s0.1,0.1,228,-240000.0,0.23
frozen,lef1,23,3,s0.3,0.3,223,-25200.0,0.71
frozen,lef1,23,4,s0.5,0.5,223,134000.0,0.71
frozen,lef1,23,5,s0.7,0.7,124,-36100.0,1.62
frozen,lef1,23,6,s1.0,1.0,23,-19700.0,2.12
frozen,lef1,23,7,final,,23,-21100.0,2.12
frozen,lef1,25,0,init,,81,,0.56
frozen,lef1,25,1,H-min,,81,,0.56
frozen,lef1,25,2,s0.1,0.1,81,-13300.0,0.58
frozen,lef1,25,3,s0.3,0.3,81,-9750.0,0.58
frozen,lef1,25,4,s0.5,0.5,81,1700000.0,0.58
frozen,lef1,25,5,s0.7,0.7,22,-40400.0,1.89
frozen,lef1,25,6,s1.0,1.0,0,-42000.0,2.66
frozen,lef1,25,7,final,,0,-42100.0,2.67
frozen,lef1,26,0,init,,270,,0.5
frozen,lef1,26,1,H-min,,270,,0.5
frozen,lef1,26,2,s0.1,0.1,250,-94200.0,0.41
frozen,lef1,26,3,s0.3,0.3,250,-20600.0,0.41
frozen,lef1,26,4,s0.5,0.5,250,34100000.0,0.41
frozen,lef1,26,5,s0.7,0.7,145,-37900.0,1.62
frozen,lef1,26,6,s1.0,1.0,12,-29400.0,2.1
frozen,lef1,26,7,final,,12,-30900.0,2.11
frozen,lef1,27,0,init,,271,,0.3
frozen,lef1,27,1,H-min,,271,,0.3
frozen,lef1,27,2,s0.1,0.1,263,-289000.0,0.24
frozen,lef1,27,3,s0.3,0.3,263,42900000.0,0.24
frozen,lef1,27,4,s0.5,0.5,263,19800000000.0,0.24
frozen,lef1,27,5,s0.7,0.7,152,-35000.0,1.58
frozen,lef1,27,6,s1.0,1.0,32,-15100.0,2.14
frozen,lef1,27,7,final,,32,-16000.0,2.14
frozen,lef1,29,0,init,,289,,0.2
frozen,lef1,29,1,H-min,,289,,0.2
frozen,lef1,29,2,s0.1,0.1,285,424000.0,0.2
frozen,lef1,29,3,s0.3,0.3,285,603000000.0,0.2
frozen,lef1,29,4,s0.5,0.5,285,277000000000.0,0.2
frozen,lef1,29,5,s0.7,0.7,77,-40700.0,1.9
frozen,lef1,29,6,s1.0,1.0,0,-38600.0,2.58
frozen,lef1,29,7,final,,0,-39200.0,2.63
frozen,lef1,30,0,init,,140,,0.51
frozen,lef1,30,1,H-min,,140,,0.51
frozen,lef1,30,2,s0.1,0.1,140,-19600.0,0.51
frozen,lef1,30,3,s0.3,0.3,140,-14900.0,0.51
frozen,lef1,30,4,s0.5,0.5,108,-61500.0,0.95
frozen,lef1,30,5,s0.7,0.7,46,-41200.0,1.56
frozen,lef1,30,6,s1.0,1.0,0,-41000.0,2.54
frozen,lef1,30,7,final,,0,-41600.0,2.63
frozen,lef1,31,0,init,,433,,0.34
frozen,lef1,31,1,H-min,,433,,0.34
frozen,lef1,31,2,s0.1,0.1,418,-33500.0,0.21
frozen,lef1,31,3,s0.3,0.3,418,344000000.0,0.21
frozen,lef1,31,4,s0.5,0.5,418,158000000000.0,0.21
frozen,lef1,31,5,s0.7,0.7,168,-34400.0,1.57
frozen,lef1,31,6,s1.0,1.0,34,-17400.0,2.16
frozen,lef1,31,7,final,,34,-18300.0,2.17
frozen,lef1,32,0,init,,280,,0.4
frozen,lef1,32,1,H-min,,280,,0.4
frozen,lef1,32,2,s0.1,0.1,278,-8800.0,0.42
frozen,lef1,32,3,s0.3,0.3,278,58600.0,0.42
frozen,lef1,32,4,s0.5,0.5,244,-23100.0,1.14
frozen,lef1,32,5,s0.7,0.7,127,-38100.0,1.56
frozen,lef1,32,6,s1.0,1.0,10,-31400.0,2.2
frozen,lef1,32,7,final,,10,-32500.0,2.2
frozen,lef1,33,0,init,,344,,0.1
frozen,lef1,33,1,H-min,,344,,0.1
frozen,lef1,33,2,s0.1,0.1,346,1940000.0,0.1
frozen,lef1,33,3,s0.3,0.3,346,987000000000.0,0.1
frozen,lef1,33,4,s0.5,0.5,308,-21900.0,1.19
frozen,lef1,33,5,s0.7,0.7,156,-34500.0,1.59
frozen,lef1,33,6,s1.0,1.0,22,-19000.0,2.13
frozen,lef1,33,7,final,,22,-20000.0,2.14
frozen,lef1,34,0,init,,128,,0.27
frozen,lef1,34,1,H-min,,128,,0.27
frozen,lef1,34,2,s0.1,0.1,129,19500.0,0.18
frozen,lef1,34,3,s0.3,0.3,125,-147000.0,0.87
frozen,lef1,34,4,s0.5,0.5,125,-130000.0,0.87
frozen,lef1,34,5,s0.7,0.7,125,875000.0,0.87
frozen,lef1,34,6,s1.0,1.0,0,-40100.0,2.45
frozen,lef1,34,7,final,,0,-41300.0,2.52
frozen,lef1,35,0,init,,212,,0.22
frozen,lef1,35,1,H-min,,212,,0.22
frozen,lef1,35,2,s0.1,0.1,210,-11200.0,0.26
frozen,lef1,35,3,s0.3,0.3,210,21000000.0,0.26
frozen,lef1,35,4,s0.5,0.5,210,9640000000.0,0.26
frozen,lef1,35,5,s0.7,0.7,75,-41100.0,1.59
frozen,lef1,35,6,s1.0,1.0,0,-39500.0,2.5
frozen,lef1,35,7,final,,0,-40600.0,2.64
frozen,lef1,36,0,init,,213,,0.17
frozen,lef1,36,1,H-min,,213,,0.17
frozen,lef1,36,2,s0.1,0.1,194,-76100.0,0.21
frozen,lef1,36,3,s0.3,0.3,194,2560000000.0,0.21
frozen,lef1,36,4,s0.5,0.5,171,-33400.0,1.19
frozen,lef1,36,5,s0.7,0.7,98,-40200.0,1.61
frozen,lef1,36,6,s1.0,1.0,0,-38400.0,2.49
frozen,lef1,36,7,final,,0,-39000.0,2.51
frozen,lef1,37,0,init,,151,,0.52
frozen,lef1,37,1,H-min,,151,,0.52
frozen,lef1,37,2,s0.1,0.1,150,-22200.0,0.57
frozen,lef1,37,3,s0.3,0.3,150,-19600.0,0.57
frozen,lef1,37,4,s0.5,0.5,150,1280000.0,0.57
frozen,lef1,37,5,s0.7,0.7,75,-39700.0,1.72
frozen,lef1,37,6,s1.0,1.0,10,-34600.0,2.2
frozen,lef1,37,7,final,,10,-35000.0,2.2
frozen,lef1,38,0,init,,233,,0.29
frozen,lef1,38,1,H-min,,233,,0.29
frozen,lef1,38,2,s0.1,0.1,232,-9120.0,0.3
frozen,lef1,38,3,s0.3,0.3,232,2630000.0,0.3
frozen,lef1,38,4,s0.5,0.5,219,-10200.0,1.09
frozen,lef1,38,5,s0.7,0.7,106,-38500.0,1.65
frozen,lef1,38,6,s1.0,1.0,21,-24100.0,2.14
frozen,lef1,38,7,final,,21,-24100.0,2.14
frozen,lef1,39,0,init,,105,,0.64
frozen,lef1,39,1,H-min,,105,,0.64
frozen,lef1,39,2,s0.1,0.1,105,-19600.0,0.69
frozen,lef1,39,3,s0.3,0.3,98,-41600.0,0.71
frozen,lef1,39,4,s0.5,0.5,95,-38400.0,1.31
frozen,lef1,39,5,s0.7,0.7,55,-41100.0,1.77
frozen,lef1,39,6,s1.0,1.0,0,-41200.0,2.53
frozen,lef1,39,7,final,,0,-41700.0,2.58
frozen,lef1,40,0,init,,237,,0.48
frozen,lef1,40,1,H-min,,237,,0.48
frozen,lef1,40,2,s0.1,0.1,234,147000.0,0.48
frozen,lef1,40,3,s0.3,0.3,234,172000.0,0.48
frozen,lef1,40,4,s0.5,0.5,234,12000000.0,0.48
frozen,lef1,40,5,s0.7,0.7,101,-37600.0,1.53
frozen,lef1,40,6,s1.0,1.0,10,-31800.0,2.18
frozen,lef1,40,7,final,,10,-32300.0,2.18
frozen,lef1,42,0,init,,412,,0.37
frozen,lef1,42,1,H-min,,412,,0.37
frozen,lef1,42,2,s0.1,0.1,412,78600.0,0.34
frozen,lef1,42,3,s0.3,0.3,412,2240000.0,0.34
frozen,lef1,42,4,s0.5,0.5,412,995000000.0,0.34
frozen,lef1,42,5,s0.7,0.7,138,-38800.0,1.74
frozen,lef1,42,6,s1.0,1.0,11,-29000.0,2.25
frozen,lef1,42,7,final,,11,-29800.0,2.25
frozen,lef1,43,0,init,,27,,0.52
frozen,lef1,43,1,H-min,,27,,0.52
frozen,lef1,43,2,s0.1,0.1,23,-44200.0,0.25
frozen,lef1,43,3,s0.3,0.3,23,-37600.0,0.81
frozen,lef1,43,4,s0.5,0.5,15,-38700.0,1.28
frozen,lef1,43,5,s0.7,0.7,6,-41400.0,1.78
frozen,lef1,43,6,s1.0,1.0,0,-42500.0,2.73
frozen,lef1,43,7,final,,0,-42500.0,2.73
frozen,lef1,44,0,init,,619,,0.24
frozen,lef1,44,1,H-min,,619,,0.24
frozen,lef1,44,2,s0.1,0.1,619,7970.0,0.24
frozen,lef1,44,3,s0.3,0.3,619,36600000.0,0.24
frozen,lef1,44,4,s0.5,0.5,619,16800000000.0,0.24
frozen,lef1,44,5,s0.7,0.7,381,-27600.0,1.56
frozen,lef1,44,6,s1.0,1.0,53,7630.0,2.1
frozen,lef1,44,7,final,,54,827.0,2.11
frozen,lef1,46,0,init,,199,,0.34
frozen,lef1,46,1,H-min,,199,,0.34
frozen,lef1,46,2,s0.1,0.1,188,-38400.0,0.22
frozen,lef1,46,3,s0.3,0.3,188,378000000.0,0.22
frozen,lef1,46,4,s0.5,0.5,188,174000000000.0,0.22
frozen,lef1,46,5,s0.7,0.7,96,-37900.0,1.59
frozen,lef1,46,6,s1.0,1.0,9,-30400.0,2.19
frozen,lef1,46,7,final,,8,-32000.0,2.17
frozen,lef1,47,0,init,,292,,0.41
frozen,lef1,47,1,H-min,,292,,0.41
frozen,lef1,47,2,s0.1,0.1,291,-14200.0,0.41
frozen,lef1,47,3,s0.3,0.3,291,75700.0,0.41
frozen,lef1,47,4,s0.5,0.5,291,41800000.0,0.41
frozen,lef1,47,5,s0.7,0.7,158,-35100.0,1.53
frozen,lef1,47,6,s1.0,1.0,23,-19800.0,2.1
frozen,lef1,47,7,final,,22,-21300.0,2.1
frozen,lef1,48,0,init,,247,,0.32
frozen,lef1,48,1,H-min,,247,,0.32
frozen,lef1,48,2,s0.1,0.1,247,-11600.0,0.32
frozen,lef1,48,3,s0.3,0.3,229,-164000.0,0.75
frozen,lef1,48,4,s0.5,0.5,229,-34800.0,0.75
frozen,lef1,48,5,s0.7,0.7,106,-38000.0,1.55
frozen,lef1,48,6,s1.0,1.0,0,-40600.0,2.61
frozen,lef1,48,7,final,,0,-41000.0,2.65
frozen,lef1,49,0,init,,73,,0.45
frozen,lef1,49,1,H-min,,73,,0.45
frozen,lef1,49,2,s0.1,0.1,73,-23100.0,0.49
frozen,lef1,49,3,s0.3,0.3,73,-15200.0,0.49
frozen,lef1,49,4,s0.5,0.5,73,3700000.0,0.49
frozen,lef1,49,5,s0.7,0.7,30,-40300.0,1.8
frozen,lef1,49,6,s1.0,1.0,0,-42200.0,2.68
frozen,lef1,49,7,final,,0,-42600.0,2.54
frozen,lef1,51,0,init,,260,,0.35
frozen,lef1,51,1,H-min,,260,,0.35
frozen,lef1,51,2,s0.1,0.1,258,-12200.0,0.35
frozen,lef1,51,3,s0.3,0.3,258,842000.0,0.35
frozen,lef1,51,4,s0.5,0.5,258,394000000.0,0.35
frozen,lef1,51,5,s0.7,0.7,76,-42000.0,1.66
frozen,lef1,51,6,s1.0,1.0,0,-39900.0,2.6
frozen,lef1,51,7,final,,0,-40800.0,2.6
frozen,lef1,52,0,init,,251,,0.33
frozen,lef1,52,1,H-min,,251,,0.33
frozen,lef1,52,2,s0.1,0.1,251,-6590.0,0.35
frozen,lef1,52,3,s0.3,0.3,248,-173000.0,0.66
frozen,lef1,52,4,s0.5,0.5,248,-83900.0,0.66
frozen,lef1,52,5,s0.7,0.7,87,-37900.0,1.5
frozen,lef1,52,6,s1.0,1.0,0,-40300.0,2.58
frozen,lef1,52,7,final,,0,-41100.0,2.57
frozen,lef1,54,0,init,,210,,0.39
frozen,lef1,54,1,H-min,,210,,0.39
frozen,lef1,54,2,s0.1,0.1,211,-16300.0,0.39
frozen,lef1,54,3,s0.3,0.3,211,131000.0,0.39
frozen,lef1,54,4,s0.5,0.5,211,67900000.0,0.39
frozen,lef1,54,5,s0.7,0.7,55,-39900.0,1.64
frozen,lef1,54,6,s1.0,1.0,0,-40800.0,2.63
frozen,lef1,54,7,final,,0,-41100.0,2.67
frozen,lef1,55,0,init,,158,,0.6
frozen,lef1,55,1,H-min,,158,,0.6
frozen,lef1,55,2,s0.1,0.1,157,-28600.0,0.61
frozen,lef1,55,3,s0.3,0.3,157,-27600.0,0.61
frozen,lef1,55,4,s0.5,0.5,157,462000.0,0.61
frozen,lef1,55,5,s0.7,0.7,68,-40900.0,1.62
frozen,lef1,55,6,s1.0,1.0,0,-40800.0,2.6
frozen,lef1,55,7,final,,0,-41100.0,2.6
frozen,lef1,56,0,init,,38,,0.8
frozen,lef1,56,1,H-min,,38,,0.8
frozen,lef1,56,2,s0.1,0.1,38,-25400.0,0.82
frozen,lef1,56,3,s0.3,0.3,48,-55900.0,0.78
frozen,lef1,56,4,s0.5,0.5,48,1330000.0,0.78
frozen,lef1,56,5,s0.7,0.7,23,-41800.0,1.55
frozen,lef1,56,6,s1.0,1.0,0,-42900.0,2.63
frozen,lef1,56,7,final,,0,-43000.0,2.58
frozen,lef1,57,0,init,,150,,0.38
frozen,lef1,57,1,H-min,,150,,0.38
frozen,lef1,57,2,s0.1,0.1,134,-48200.0,0.21
frozen,lef1,57,3,s0.3,0.3,129,-39300.0,0.72
frozen,lef1,57,4,s0.5,0.5,129,256000.0,0.72
frozen,lef1,57,5,s0.7,0.7,75,-39300.0,1.66
frozen,lef1,57,6,s1.0,1.0,0,-38800.0,2.46
frozen,lef1,57,7,final,,0,-39500.0,2.49
frozen,lef1,58,0,init,,273,,0.37
frozen,lef1,58,1,H-min,,273,,0.37
frozen,lef1,58,2,s0.1,0.1,272,-6320.0,0.43
frozen,lef1,58,3,s0.3,0.3,271,-10200.0,0.59
frozen,lef1,58,4,s0.5,0.5,271,1090000.0,0.59
frozen,lef1,58,5,s0.7,0.7,126,-36900.0,1.56
frozen,lef1,58,6,s1.0,1.0,11,-28000.0,2.1
frozen,lef1,58,7,final,,11,-29100.0,2.1
frozen,lef1,59,0,init,,301,,0.19
frozen,lef1,59,1,H-min,,301,,0.19
frozen,lef1,59,2,s0.1,0.1,301,-19100.0,0.2
frozen,lef1,59,3,s0.3,0.3,301,564000000.0,0.2
frozen,lef1,59,4,s0.5,0.5,301,259000000000.0,0.2
frozen,lef1,59,5,s0.7,0.7,148,-37200.0,1.7
frozen,lef1,59,6,s1.0,1.0,13,-29700.0,2.2
frozen,lef1,59,7,final,,13,-30500.0,2.21
frozen,lef1,61,0,init,,211,,0.41
frozen,lef1,61,1,H-min,,211,,0.41
frozen,lef1,61,2,s0.1,0.1,211,-14000.0,0.45
frozen,lef1,61,3,s0.3,0.3,210,-16600.0,0.67
frozen,lef1,61,4,s0.5,0.5,211,815.0,0.86
frozen,lef1,61,5,s0.7,0.7,68,-38700.0,1.66
frozen,lef1,61,6,s1.0,1.0,12,-33800.0,2.29
frozen,lef1,61,7,final,,12,-34400.0,2.28
frozen,lef1,62,0,init,,391,,0.2
frozen,lef1,62,1,H-min,,391,,0.2
frozen,lef1,62,2,s0.1,0.1,388,-419.0,0.19
frozen,lef1,62,3,s0.3,0.3,388,1160000000.0,0.19
frozen,lef1,62,4,s0.5,0.5,338,-19000.0,1.12
frozen,lef1,62,5,s0.7,0.7,188,-36400.0,1.62
frozen,lef1,62,6,s1.0,1.0,36,-11400.0,2.19
frozen,lef1,62,7,final,,36,-12100.0,2.19
frozen,lef1,63,0,init,,133,,0.28
frozen,lef1,63,1,H-min,,133,,0.28
frozen,lef1,63,2,s0.1,0.1,132,-19100.0,0.3
frozen,lef1,63,3,s0.3,0.3,132,3960000.0,0.3
frozen,lef1,63,4,s0.5,0.5,132,1830000000.0,0.3
frozen,lef1,63,5,s0.7,0.7,53,-41400.0,1.55
frozen,lef1,63,6,s1.0,1.0,0,-42500.0,2.63
frozen,lef1,63,7,final,,0,-42800.0,2.66
frozen,lef1,64,0,init,,591,,0.38
frozen,lef1,64,1,H-min,,591,,0.38
frozen,lef1,64,2,s0.1,0.1,593,71800.0,0.23
frozen,lef1,64,3,s0.3,0.3,593,72600000.0,0.23
frozen,lef1,64,4,s0.5,0.5,593,33300000000.0,0.23
frozen,lef1,64,5,s0.7,0.7,223,-31400.0,1.55
frozen,lef1,64,6,s1.0,1.0,12,-26900.0,2.26
frozen,lef1,64,7,final,,12,-28000.0,2.26
frozen,lef1,65,0,init,,195,,0.51
frozen,lef1,65,1,H-min,,195,,0.51
frozen,lef1,65,2,s0.1,0.1,191,-253000.0,0.18
frozen,lef1,65,3,s0.3,0.3,191,2760000000.0,0.18
frozen,lef1,65,4,s0.5,0.5,183,-2160000.0,0.64
frozen,lef1,65,5,s0.7,0.7,183,16100000.0,0.64
frozen,lef1,65,6,s1.0,1.0,0,-38700.0,2.58
frozen,lef1,65,7,final,,0,-39900.0,2.54
frozen,lef1,66,0,init,,382,,0.31
frozen,lef1,66,1,H-min,,382,,0.31
frozen,lef1,66,2,s0.1,0.1,382,-10900.0,0.3
frozen,lef1,66,3,s0.3,0.3,382,5400000.0,0.3
frozen,lef1,66,4,s0.5,0.5,320,-34000.0,1.24
frozen,lef1,66,5,s0.7,0.7,182,-34400.0,1.58
frozen,lef1,66,6,s1.0,1.0,21,-18800.0,2.06
frozen,lef1,66,7,final,,20,-20000.0,2.06
frozen,lef1,67,0,init,,88,,0.31
frozen,lef1,67,1,H-min,,88,,0.31
frozen,lef1,67,2,s0.1,0.1,88,19200.0,0.31
frozen,lef1,67,3,s0.3,0.3,88,1410000.0,0.31
frozen,lef1,67,4,s0.5,0.5,88,638000000.0,0.31
frozen,lef1,67,5,s0.7,0.7,27,-40000.0,1.55
frozen,lef1,67,6,s1.0,1.0,0,-42400.0,2.57
frozen,lef1,67,7,final,,0,-42900.0,2.59
frozen,lef1,68,0,init,,46,,0.77
frozen,lef1,68,1,H-min,,46,,0.77
frozen,lef1,68,2,s0.1,0.1,45,-26800.0,0.77
frozen,lef1,68,3,s0.3,0.3,45,-26800.0,0.77
frozen,lef1,68,4,s0.5,0.5,36,-35400.0,1.48
frozen,lef1,68,5,s0.7,0.7,16,-42600.0,1.71
frozen,lef1,68,6,s1.0,1.0,0,-42900.0,2.76
frozen,lef1,68,7,final,,0,-42900.0,2.76
frozen,lef1,69,0,init,,73,,0.75
frozen,lef1,69,1,H-min,,73,,0.75
frozen,lef1,69,2,s0.1,0.1,73,-58500.0,0.22
frozen,lef1,69,3,s0.3,0.3,73,1390000000.0,0.22
frozen,lef1,69,4,s0.5,0.5,73,637000000000.0,0.22
frozen,lef1,69,5,s0.7,0.7,29,-41900.0,1.58
frozen,lef1,69,6,s1.0,1.0,0,-42800.0,2.6
frozen,lef1,69,7,final,,0,-43000.0,2.6
frozen,lef1,70,0,init,,227,,0.33
frozen,lef1,70,1,H-min,,227,,0.33
frozen,lef1,70,2,s0.1,0.1,227,-18200.0,0.34
frozen,lef1,70,3,s0.3,0.3,227,1180000.0,0.34
frozen,lef1,70,4,s0.5,0.5,227,552000000.0,0.34
frozen,lef1,70,5,s0.7,0.7,140,-34800.0,1.66
frozen,lef1,70,6,s1.0,1.0,30,-18100.0,2.13
frozen,lef1,70,7,final,,30,-19200.0,2.13
frozen,lef1,71,0,init,,188,,0.21
frozen,lef1,71,1,H-min,,188,,0.21
frozen,lef1,71,2,s0.1,0.1,188,-18900.0,0.21
frozen,lef1,71,3,s0.3,0.3,188,194000000.0,0.21
frozen,lef1,71,4,s0.5,0.5,188,88900000000.0,0.21
frozen,lef1,71,5,s0.7,0.7,94,-36500.0,1.64
frozen,lef1,71,6,s1.0,1.0,31,-21400.0,2.11
frozen,lef1,71,7,final,,32,-22000.0,2.11
frozen,lef1,73,0,init,,216,,0.21
frozen,lef1,73,1,H-min,,216,,0.21
frozen,lef1,73,2,s0.1,0.1,215,-14800.0,0.25
frozen,lef1,73,3,s0.3,0.3,203,-31300.0,0.75
frozen,lef1,73,4,s0.5,0.5,200,-34500.0,1.07
frozen,lef1,73,5,s0.7,0.7,111,-40100.0,1.66
frozen,lef1,73,6,s1.0,1.0,10,-31500.0,2.23
frozen,lef1,73,7,final,,10,-34200.0,2.22
frozen,ets1,1,0,init,,67,,0.84
frozen,ets1,1,1,H-min,,67,,0.84
frozen,ets1,1,2,s0.05,0.05,67,17700.0,0.85
frozen,ets1,1,3,s0.1,0.1,67,17700.0,0.85
frozen,ets1,1,4,s0.2,0.2,67,17700.0,0.85
frozen,ets1,1,5,s0.4,0.4,65,7400.0,1.09
frozen,ets1,1,6,s0.7,0.7,42,-42400.0,1.55
frozen,ets1,1,7,s1.0,1.0,0,-42700.0,2.58
frozen,ets1,1,2,s0.05,0.05,45,-42400.0,0.99
frozen,ets1,1,3,s0.1,0.1,45,-42400.0,0.99
frozen,ets1,1,4,s0.2,0.2,45,-42400.0,0.99
frozen,ets1,1,5,s0.4,0.4,45,-42500.0,0.99
frozen,ets1,1,6,s0.7,0.7,45,23600.0,0.99
frozen,ets1,1,7,s1.0,1.0,0,-43000.0,2.55
frozen,ets1,1,2,s0.05,0.05,45,-65100.0,0.09
frozen,ets1,1,3,s0.1,0.1,45,19400000.0,0.09
frozen,ets1,1,4,s0.2,0.2,45,79700000000.0,0.09
frozen,ets1,1,5,s0.4,0.4,45,326000000000000.0,0.09
frozen,ets1,1,6,s0.7,0.7,36,-73600.0,0.96
frozen,ets1,1,7,s1.0,1.0,0,-42900.0,2.53
frozen,ets1,1,2,s0.05,0.05,47,-6720.0,0.53
frozen,ets1,1,3,s0.1,0.1,47,-15900.0,0.52
frozen,ets1,1,4,s0.2,0.2,47,-360000.0,0.52
frozen,ets1,1,5,s0.4,0.4,47,192000.0,0.52
frozen,ets1,1,6,s0.7,0.7,31,-42400.0,1.56
frozen,ets1,1,7,s1.0,1.0,0,-42700.0,2.58
frozen,ets1,1,2,s0.05,0.05,64,-21500.0,1.14
frozen,ets1,1,3,s0.1,0.1,64,-21500.0,1.14
frozen,ets1,1,4,s0.2,0.2,64,-21500.0,1.14
frozen,ets1,1,5,s0.4,0.4,64,-21600.0,1.14
frozen,ets1,1,6,s0.7,0.7,38,-43200.0,1.56
frozen,ets1,1,7,s1.0,1.0,0,-42800.0,2.53
frozen,ets1,1,2,s0.05,0.05,47,-17000.0,0.91
frozen,ets1,1,3,s0.1,0.1,47,-17000.0,0.91
frozen,ets1,1,4,s0.2,0.2,47,-17000.0,0.91
frozen,ets1,1,5,s0.4,0.4,45,-39200.0,0.96
frozen,ets1,1,6,s0.7,0.7,35,-42300.0,1.56
frozen,ets1,1,7,s1.0,1.0,0,-43000.0,2.6
frozen,ets1,1,2,s0.05,0.05,55,-20900.0,0.38
frozen,ets1,1,3,s0.1,0.1,55,-20900.0,0.38
frozen,ets1,1,4,s0.2,0.2,55,-19300.0,0.38
frozen,ets1,1,5,s0.4,0.4,55,6830000.0,0.38
frozen,ets1,1,6,s0.7,0.7,26,-42500.0,1.55
frozen,ets1,1,7,s1.0,1.0,0,-42800.0,2.55
frozen,ets1,1,2,s0.05,0.05,50,-24000.0,0.82
frozen,ets1,1,3,s0.1,0.1,50,-24000.0,0.82
frozen,ets1,1,4,s0.2,0.2,51,-34300.0,0.83
frozen,ets1,1,5,s0.4,0.4,51,-34000.0,0.83
frozen,ets1,1,6,s0.7,0.7,37,-42800.0,1.55
frozen,ets1,1,7,s1.0,1.0,0,-42600.0,2.53
frozen,ets1,1,2,s0.05,0.05,49,-33800.0,0.42
frozen,ets1,1,3,s0.1,0.1,49,-33800.0,0.42
frozen,ets1,1,4,s0.2,0.2,49,-33300.0,0.42
frozen,ets1,1,5,s0.4,0.4,49,-187000.0,0.67
frozen,ets1,1,6,s0.7,0.7,27,-42800.0,1.56
frozen,ets1,1,7,s1.0,1.0,0,-43200.0,2.53
frozen,ets1,1,2,s0.05,0.05,52,-23200.0,0.89
frozen,ets1,1,3,s0.1,0.1,52,-23200.0,0.89
frozen,ets1,1,4,s0.2,0.2,42,-42300.0,0.53
frozen,ets1,1,5,s0.4,0.4,42,3630000.0,0.53
frozen,ets1,1,6,s0.7,0.7,19,-41900.0,1.55
frozen,ets1,1,7,s1.0,1.0,0,-42800.0,2.56
frozen,ets1,1,2,s0.05,0.05,52,-26200.0,0.44
frozen,ets1,1,3,s0.1,0.1,52,-26200.0,0.44
frozen,ets1,1,4,s0.2,0.2,52,-25900.0,0.44
frozen,ets1,1,5,s0.4,0.4,52,1040000.0,0.44
frozen,ets1,1,6,s0.7,0.7,31,-42600.0,1.56
frozen,ets1,1,7,s1.0,1.0,0,-42900.0,2.55
frozen,ets1,1,2,s0.05,0.05,34,-59400.0,0.96
frozen,ets1,1,3,s0.1,0.1,34,-59400.0,0.96
frozen,ets1,1,4,s0.2,0.2,34,-59400.0,0.96
frozen,ets1,1,5,s0.4,0.4,34,-59400.0,0.96
frozen,ets1,1,6,s0.7,0.7,32,-42600.0,1.56
frozen,ets1,1,7,s1.0,1.0,0,-42900.0,2.55
frozen,ets1,1,2,s0.05,0.05,50,-21400.0,0.96
frozen,ets1,1,3,s0.1,0.1,50,-21400.0,0.96
frozen,ets1,1,4,s0.2,0.2,50,-39600.0,0.41
frozen,ets1,1,5,s0.4,0.4,50,-80600.0,0.75
frozen,ets1,1,6,s0.7,0.7,25,-40600.0,1.55
frozen,ets1,1,7,s1.0,1.0,0,-43000.0,2.58
frozen,ets1,1,2,s0.05,0.05,66,-21100.0,0.77
frozen,ets1,1,3,s0.1,0.1,66,-21100.0,0.77
frozen,ets1,1,4,s0.2,0.2,66,-21100.0,0.77
frozen,ets1,1,2,s0.05,0.05,42,-35100.0,0.13
frozen,ets1,1,3,s0.1,0.1,42,152000.0,0.13
frozen,ets1,1,4,s0.2,0.2,42,768000000.0,0.13
frozen,ets1,1,5,s0.4,0.4,42,3140000000000.0,0.13
frozen,ets1,1,6,s0.7,0.7,17,-41800.0,1.56
frozen,ets1,1,7,s1.0,1.0,0,-43000.0,2.54
frozen,ets1,1,2,s0.05,0.05,64,-22400.0,0.78
frozen,ets1,1,3,s0.1,0.1,64,-22400.0,0.78
frozen,ets1,1,4,s0.2,0.2,64,-22400.0,0.78
frozen,ets1,1,2,s0.05,0.05,45,-106000.0,0.1
frozen,ets1,1,3,s0.1,0.1,45,2000000.0,0.1
frozen,ets1,1,4,s0.2,0.2,42,-53300.0,0.44
frozen,ets1,1,95,final,,0,-42700.0,2.58
frozen,ets1,2,0,init,,49,,0.58
frozen,ets1,2,1,H-min,,49,,0.58
frozen,ets1,2,2,s0.1,0.1,49,-125000.0,0.55
frozen,ets1,2,3,s0.3,0.3,49,378000.0,0.55
frozen,ets1,2,4,s0.5,0.5,49,231000000.0,0.55
frozen,ets1,2,5,s0.7,0.7,26,-40700.0,1.55
frozen,ets1,2,6,s1.0,1.0,0,-42500.0,2.56
frozen,ets1,2,7,final,,0,-42700.0,2.56
frozen,ets1,3,0,init,,62,,0.52
frozen,ets1,3,1,H-min,,62,,0.52
frozen,ets1,3,2,s0.1,0.1,75,-76100.0,0.21
frozen,ets1,3,3,s0.3,0.3,75,2410000000.0,0.21
frozen,ets1,3,4,s0.5,0.5,75,1110000000000.0,0.21
frozen,ets1,3,5,s0.7,0.7,35,-41400.0,1.56
frozen,ets1,3,6,s1.0,1.0,0,-42600.0,2.59
frozen,ets1,3,7,final,,0,-42800.0,2.61
frozen,ets1,4,0,init,,87,,0.68
frozen,ets1,4,1,H-min,,87,,0.68
frozen,ets1,4,2,s0.1,0.1,87,250000.0,0.7
frozen,ets1,4,3,s0.3,0.3,87,251000.0,0.7
frozen,ets1,4,4,s0.5,0.5,87,766000.0,0.7
frozen,ets1,4,5,s0.7,0.7,37,-37900.0,1.55
frozen,ets1,4,6,s1.0,1.0,0,-31700.0,2.64
frozen,ets1,4,7,final,,0,-32100.0,2.65
frozen,ets1,5,0,init,,49,,0.43
frozen,ets1,5,1,H-min,,49,,0.43
frozen,ets1,5,2,s0.1,0.1,49,-10900.0,0.44
frozen,ets1,5,3,s0.3,0.3,49,28800.0,0.44
frozen,ets1,5,4,s0.5,0.5,49,18400000.0,0.44
frozen,ets1,5,5,s0.7,0.7,33,-40400.0,1.55
frozen,ets1,5,6,s1.0,1.0,0,-42500.0,2.59
frozen,ets1,5,7,final,,0,-42800.0,2.57
frozen,ets1,6,0,init,,55,,0.44
frozen,ets1,6,1,H-min,,55,,0.44
frozen,ets1,6,2,s0.1,0.1,56,-20200.0,0.46
frozen,ets1,6,3,s0.3,0.3,56,2660.0,0.46
frozen,ets1,6,4,s0.5,0.5,56,10600000.0,0.46
frozen,ets1,6,5,s0.7,0.7,23,-41300.0,1.56
frozen,ets1,6,6,s1.0,1.0,0,-42800.0,2.57
frozen,ets1,6,7,final,,0,-42800.0,2.57
frozen,ets1,7,0,init,,44,,1.0
frozen,ets1,7,1,H-min,,44,,1.0
frozen,ets1,7,2,s0.1,0.1,49,-52500.0,1.06
frozen,ets1,7,3,s0.3,0.3,43,-35700.0,1.03
frozen,ets1,7,4,s0.5,0.5,43,-35600.0,1.37
frozen,ets1,7,5,s0.7,0.7,20,-41400.0,1.54
frozen,ets1,7,6,s1.0,1.0,0,-42200.0,2.53
frozen,ets1,7,7,final,,0,-42200.0,2.53
frozen,ets1,8,0,init,,60,,0.79
frozen,ets1,8,1,H-min,,60,,0.79
frozen,ets1,8,2,s0.1,0.1,60,-25000.0,0.78
frozen,ets1,8,3,s0.3,0.3,60,-25000.0,0.78
frozen,ets1,8,4,s0.5,0.5,60,-13300.0,0.78
frozen,ets1,8,5,s0.7,0.7,27,-42200.0,1.55
frozen,ets1,8,6,s1.0,1.0,0,-42800.0,2.58
frozen,ets1,8,7,final,,0,-43000.0,2.57
frozen,ets1,10,0,init,,55,,0.54
frozen,ets1,10,1,H-min,,55,,0.54
frozen,ets1,10,2,s0.1,0.1,54,-46500.0,0.21
frozen,ets1,10,3,s0.3,0.3,54,699000000.0,0.21
frozen,ets1,10,4,s0.5,0.5,54,321000000000.0,0.21
frozen,ets1,10,5,s0.7,0.7,31,-41800.0,1.56
frozen,ets1,10,6,s1.0,1.0,0,-42900.0,2.55
frozen,ets1,10,7,final,,0,-42900.0,2.55
frozen,ets1,11,0,init,,49,,1.01
frozen,ets1,11,1,H-min,,49,,1.01
frozen,ets1,11,2,s0.1,0.1,48,7940.0,1.01
frozen,ets1,11,3,s0.3,0.3,48,7920.0,1.01
frozen,ets1,11,4,s0.5,0.5,48,8630.0,1.01
frozen,ets1,11,5,s0.7,0.7,35,-40600.0,1.56
frozen,ets1,11,6,s1.0,1.0,0,-42600.0,2.58
frozen,ets1,11,7,final,,0,-42900.0,2.57
frozen,ets1,13,0,init,,42,,0.88
frozen,ets1,13,1,H-min,,42,,0.88
frozen,ets1,13,2,s0.1,0.1,42,-28400.0,0.89
frozen,ets1,13,3,s0.3,0.3,42,-32700.0,0.89
frozen,ets1,13,4,s0.5,0.5,42,-822000.0,0.89
frozen,ets1,13,5,s0.7,0.7,42,1220000.0,0.89
frozen,ets1,13,6,s1.0,1.0,0,-42900.0,2.52
frozen,ets1,13,7,final,,0,-43200.0,2.53
frozen,ets1,14,0,init,,60,,0.53
frozen,ets1,14,1,H-min,,60,,0.53
frozen,ets1,14,2,s0.1,0.1,64,-57300.0,0.21
frozen,ets1,14,3,s0.3,0.3,64,1360000000.0,0.21
frozen,ets1,14,4,s0.5,0.5,64,627000000000.0,0.21
frozen,ets1,14,5,s0.7,0.7,34,-39200.0,1.57
frozen,ets1,14,6,s1.0,1.0,0,-31600.0,2.55
frozen,ets1,14,7,final,,0,-32000.0,2.54
frozen,ets1,16,0,init,,47,,0.6
frozen,ets1,16,1,H-min,,47,,0.6
frozen,ets1,16,2,s0.1,0.1,47,-22400.0,0.61
frozen,ets1,16,3,s0.3,0.3,47,-21700.0,0.61
frozen,ets1,16,4,s0.5,0.5,50,-35100.0,1.09
frozen,ets1,16,5,s0.7,0.7,37,-39700.0,1.56
frozen,ets1,16,6,s1.0,1.0,11,-34200.0,2.13
frozen,ets1,16,7,final,,11,-34500.0,2.13
frozen,ets1,17,0,init,,65,,0.43
frozen,ets1,17,1,H-min,,65,,0.43
frozen,ets1,17,2,s0.1,0.1,65,-25200.0,0.44
frozen,ets1,17,3,s0.3,0.3,65,7700.0,0.44
frozen,ets1,17,4,s0.5,0.5,52,-36000.0,1.36
frozen,ets1,17,5,s0.7,0.7,32,-42000.0,1.56
frozen,ets1,17,6,s1.0,1.0,0,-43100.0,2.57
frozen,ets1,17,7,final,,0,-43100.0,2.57
frozen,ets1,18,0,init,,80,,0.51
frozen,ets1,18,1,H-min,,80,,0.51
frozen,ets1,18,2,s0.1,0.1,80,-20300.0,0.54
frozen,ets1,18,3,s0.3,0.3,80,-16500.0,0.54
frozen,ets1,18,4,s0.5,0.5,80,1790000.0,0.54
frozen,ets1,18,5,s0.7,0.7,56,-39000.0,1.56
frozen,ets1,18,6,s1.0,1.0,11,-33700.0,2.15
frozen,ets1,18,7,final,,11,-34100.0,2.15
frozen,ets1,19,0,init,,50,,0.88
frozen,ets1,19,1,H-min,,50,,0.88
frozen,ets1,19,2,s0.1,0.1,50,-25500.0,0.88
frozen,ets1,19,3,s0.3,0.3,50,-25500.0,0.88
frozen,ets1,19,4,s0.5,0.5,50,-11700.0,0.88
frozen,ets1,19,5,s0.7,0.7,25,-41500.0,1.55
frozen,ets1,19,6,s1.0,1.0,0,-42800.0,2.59
frozen,ets1,19,7,final,,0,-42900.0,2.59
frozen,ets1,21,0,init,,57,,0.3
frozen,ets1,21,1,H-min,,57,,0.3
frozen,ets1,21,2,s0.1,0.1,57,11300.0,0.32
frozen,ets1,21,3,s0.3,0.3,57,1350000.0,0.32
frozen,ets1,21,4,s0.5,0.5,48,-49100.0,0.97
frozen,ets1,21,5,s0.7,0.7,48,-94200.0,0.96
frozen,ets1,21,6,s1.0,1.0,0,-42300.0,2.57
frozen,ets1,21,7,final,,0,-42500.0,2.54
frozen,ets1,22,0,init,,44,,0.1
frozen,ets1,22,1,H-min,,44,,0.1
frozen,ets1,22,2,s0.1,0.1,44,193000.0,0.13
frozen,ets1,22,3,s0.3,0.3,46,-34600.0,0.82
frozen,ets1,22,4,s0.5,0.5,46,-1980.0,0.82
frozen,ets1,22,5,s0.7,0.7,18,-40700.0,1.56
frozen,ets1,22,6,s1.0,1.0,0,-43100.0,2.63
frozen,ets1,22,7,final,,0,-43200.0,2.62
frozen,ets1,23,0,init,,97,,0.27
frozen,ets1,23,1,H-min,,97,,0.27
frozen,ets1,23,2,s0.1,0.1,97,-18200.0,0.29
frozen,ets1,23,3,s0.3,0.3,97,9470000.0,0.29
frozen,ets1,23,4,s0.5,0.5,84,-29900.0,1.09
frozen,ets1,23,5,s0.7,0.7,68,-36800.0,1.55
frozen,ets1,23,6,s1.0,1.0,23,-22100.0,2.17
frozen,ets1,23,7,final,,23,-22400.0,2.17
frozen,ets1,24,0,init,,72,,0.76
frozen,ets1,24,1,H-min,,72,,0.76
frozen,ets1,24,2,s0.1,0.1,72,-21700.0,0.74
frozen,ets1,24,3,s0.3,0.3,72,-21700.0,0.74
frozen,ets1,24,4,s0.5,0.5,72,16300.0,0.74
frozen,ets1,24,5,s0.7,0.7,34,-41100.0,1.56
frozen,ets1,24,6,s1.0,1.0,0,-42700.0,2.58
frozen,ets1,24,7,final,,0,-42900.0,2.58
frozen,ets1,25,0,init,,58,,0.72
frozen,ets1,25,1,H-min,,58,,0.72
frozen,ets1,25,2,s0.1,0.1,58,-23500.0,0.73
frozen,ets1,25,3,s0.3,0.3,53,-35000.0,0.74
frozen,ets1,25,4,s0.5,0.5,53,43400.0,0.74
frozen,ets1,25,5,s0.7,0.7,24,-41300.0,1.56
frozen,ets1,25,6,s1.0,1.0,0,-42800.0,2.56
frozen,ets1,25,7,final,,0,-42800.0,2.56
frozen,ets1,27,0,init,,50,,0.58
frozen,ets1,27,1,H-min,,50,,0.58
frozen,ets1,27,2,s0.1,0.1,51,116000.0,0.61
frozen,ets1,27,3,s0.3,0.3,51,117000.0,0.61
frozen,ets1,27,4,s0.5,0.5,51,487000.0,0.61
frozen,ets1,27,5,s0.7,0.7,22,-40100.0,1.67
frozen,ets1,27,6,s1.0,1.0,0,-42800.0,2.55
frozen,ets1,27,7,final,,0,-43000.0,2.53
frozen,ets1,29,0,init,,55,,0.83
frozen,ets1,29,1,H-min,,55,,0.83
frozen,ets1,29,2,s0.1,0.1,55,-22600.0,0.85
frozen,ets1,29,3,s0.3,0.3,55,-22600.0,0.85
frozen,ets1,29,4,s0.5,0.5,55,-4610.0,0.85
frozen,ets1,29,5,s0.7,0.7,34,-38700.0,1.56
frozen,ets1,29,6,s1.0,1.0,12,-23700.0,2.21
frozen,ets1,29,7,final,,12,-23700.0,2.21
frozen,ets1,30,0,init,,65,,0.36
frozen,ets1,30,1,H-min,,65,,0.36
frozen,ets1,30,2,s0.1,0.1,65,-23600.0,0.38
frozen,ets1,30,3,s0.3,0.3,66,-40600.0,0.71
frozen,ets1,30,4,s0.5,0.5,63,-50600.0,1.22
frozen,ets1,30,5,s0.7,0.7,34,-41200.0,1.56
frozen,ets1,30,6,s1.0,1.0,0,-42900.0,2.61
frozen,ets1,30,7,final,,0,-43300.0,2.6
frozen,ets1,31,0,init,,57,,0.65
frozen,ets1,31,1,H-min,,57,,0.65
frozen,ets1,31,2,s0.1,0.1,58,-104000.0,0.21
frozen,ets1,31,3,s0.3,0.3,58,835000000.0,0.21
frozen,ets1,31,4,s0.5,0.5,58,384000000000.0,0.21
frozen,ets1,31,5,s0.7,0.7,27,-41100.0,1.56
frozen,ets1,31,6,s1.0,1.0,0,-42700.0,2.54
frozen,ets1,31,7,final,,0,-43100.0,2.53
frozen,ets1,32,0,init,,46,,0.76
frozen,ets1,32,1,H-min,,46,,0.76
frozen,ets1,32,2,s0.1,0.1,44,-32800.0,0.77
frozen,ets1,32,3,s0.3,0.3,44,-32700.0,0.77
frozen,ets1,32,4,s0.5,0.5,44,-881.0,0.77
frozen,ets1,32,5,s0.7,0.7,29,-40500.0,1.55
frozen,ets1,32,6,s1.0,1.0,0,-43200.0,2.53
frozen,ets1,32,7,final,,0,-43200.0,2.53
frozen,ets1,33,0,init,,62,,0.64
frozen,ets1,33,1,H-min,,62,,0.64
frozen,ets1,33,2,s0.1,0.1,62,-24500.0,0.65
frozen,ets1,33,3,s0.3,0.3,65,-40900.0,0.72
frozen,ets1,33,4,s0.5,0.5,65,417000.0,0.72
frozen,ets1,33,5,s0.7,0.7,34,-41200.0,1.56
frozen,ets1,33,6,s1.0,1.0,0,-42200.0,2.58
frozen,ets1,33,7,final,,0,-42700.0,2.56
frozen,ets1,34,0,init,,50,,1.1
frozen,ets1,34,1,H-min,,50,,1.1
frozen,ets1,34,2,s0.1,0.1,49,-42200.0,0.21
frozen,ets1,34,3,s0.3,0.3,51,-34500.0,1.11
frozen,ets1,34,4,s0.5,0.5,45,-36100.0,1.12
frozen,ets1,34,5,s0.7,0.7,31,-41200.0,1.54
frozen,ets1,34,6,s1.0,1.0,0,-42200.0,2.56
frozen,ets1,34,7,final,,0,-42400.0,2.56
frozen,ets1,35,0,init,,65,,0.66
frozen,ets1,35,1,H-min,,65,,0.66
frozen,ets1,35,2,s0.1,0.1,65,-24700.0,0.66
frozen,ets1,35,3,s0.3,0.3,65,-23600.0,0.66
frozen,ets1,35,4,s0.5,0.5,65,508000.0,0.66
frozen,ets1,35,5,s0.7,0.7,29,-41000.0,1.56
frozen,ets1,35,6,s1.0,1.0,0,-42800.0,2.52
frozen,ets1,35,7,final,,0,-43100.0,2.54
frozen,ets1,36,0,init,,50,,0.71
frozen,ets1,36,1,H-min,,50,,0.71
frozen,ets1,36,2,s0.1,0.1,48,-31900.0,0.84
frozen,ets1,36,3,s0.3,0.3,48,-28600.0,0.84
frozen,ets1,36,4,s0.5,0.5,47,-414000.0,0.96
frozen,ets1,36,5,s0.7,0.7,47,-47600.0,0.96
frozen,ets1,36,6,s1.0,1.0,0,-42300.0,2.54
frozen,ets1,36,7,final,,0,-42300.0,2.55
frozen,ets1,37,0,init,,33,,0.24
frozen,ets1,37,1,H-min,,33,,0.24
frozen,ets1,37,2,s0.1,0.1,33,-21700.0,0.26
frozen,ets1,37,3,s0.3,0.3,33,14500000.0,0.26
frozen,ets1,37,4,s0.5,0.5,33,6670000000.0,0.26
frozen,ets1,37,5,s0.7,0.7,26,-39800.0,1.56
frozen,ets1,37,6,s1.0,1.0,0,-32000.0,2.58
frozen,ets1,37,7,final,,0,-32200.0,2.58
frozen,ets1,38,0,init,,45,,0.68
frozen,ets1,38,1,H-min,,45,,0.68
frozen,ets1,38,2,s0.1,0.1,45,-31500.0,0.86
frozen,ets1,38,3,s0.3,0.3,45,-31500.0,0.86
frozen,ets1,38,4,s0.5,0.5,45,-32400.0,1.1
frozen,ets1,38,5,s0.7,0.7,42,-38900.0,1.55
frozen,ets1,38,6,s1.0,1.0,10,-31400.0,2.16
frozen,ets1,38,7,final,,10,-31500.0,2.16
frozen,ets1,39,0,init,,55,,0.58
frozen,ets1,39,1,H-min,,55,,0.58
frozen,ets1,39,2,s0.1,0.1,68,-66100.0,0.21
frozen,ets1,39,3,s0.3,0.3,68,1900000000.0,0.21
frozen,ets1,39,4,s0.5,0.5,68,871000000000.0,0.21
frozen,ets1,39,5,s0.7,0.7,36,-41100.0,1.56
frozen,ets1,39,6,s1.0,1.0,0,-42700.0,2.49
frozen,ets1,39,7,final,,0,-43000.0,2.52
frozen,ets1,40,0,init,,43,,0.46
frozen,ets1,40,1,H-min,,43,,0.46
frozen,ets1,40,2,s0.1,0.1,50,-37500.0,0.21
frozen,ets1,40,3,s0.3,0.3,50,269000000.0,0.21
frozen,ets1,40,4,s0.5,0.5,46,-17600.0,1.03
frozen,ets1,40,5,s0.7,0.7,26,-41600.0,1.55
frozen,ets1,40,6,s1.0,1.0,0,-42700.0,2.56
frozen,ets1,40,7,final,,0,-42900.0,2.55
frozen,ets1,41,0,init,,36,,1.07
frozen,ets1,41,1,H-min,,36,,1.07
frozen,ets1,41,2,s0.1,0.1,36,-24200.0,1.07
frozen,ets1,41,3,s0.3,0.3,36,-24200.0,1.07
frozen,ets1,41,4,s0.5,0.5,36,-24100.0,1.07
frozen,ets1,41,5,s0.7,0.7,23,-40600.0,1.56
frozen,ets1,41,6,s1.0,1.0,0,-42600.0,2.7
frozen,ets1,41,7,final,,0,-42700.0,2.7
frozen,ets1,42,0,init,,41,,0.57
frozen,ets1,42,1,H-min,,41,,0.57
frozen,ets1,42,2,s0.1,0.1,41,-26000.0,0.58
frozen,ets1,42,3,s0.3,0.3,41,-24800.0,0.58
frozen,ets1,42,4,s0.5,0.5,41,551000.0,0.58
frozen,ets1,42,5,s0.7,0.7,25,-42000.0,1.56
frozen,ets1,42,6,s1.0,1.0,0,-43100.0,2.54
frozen,ets1,42,7,final,,0,-43200.0,2.56
frozen,ets1,43,0,init,,39,,0.61
frozen,ets1,43,1,H-min,,39,,0.61
frozen,ets1,43,2,s0.1,0.1,40,-25000.0,0.77
frozen,ets1,43,3,s0.3,0.3,40,-25000.0,0.77
frozen,ets1,43,4,s0.5,0.5,40,967.0,0.77
frozen,ets1,43,5,s0.7,0.7,27,-41700.0,1.56
frozen,ets1,43,6,s1.0,1.0,0,-42900.0,2.56
frozen,ets1,43,7,final,,0,-43000.0,2.55
frozen,ets1,44,0,init,,63,,0.31
frozen,ets1,44,1,H-min,,63,,0.31
frozen,ets1,44,2,s0.1,0.1,63,-19600.0,0.23
frozen,ets1,44,3,s0.3,0.3,63,97700000.0,0.23
frozen,ets1,44,4,s0.5,0.5,59,289000.0,0.85
frozen,ets1,44,5,s0.7,0.7,28,-39400.0,1.55
frozen,ets1,44,6,s1.0,1.0,0,-32000.0,2.6
frozen,ets1,44,7,final,,0,-32500.0,2.6
frozen,ets1,45,0,init,,47,,0.44
frozen,ets1,45,1,H-min,,47,,0.44
frozen,ets1,45,2,s0.1,0.1,47,-28200.0,0.47
frozen,ets1,45,3,s0.3,0.3,48,-357000.0,0.68
frozen,ets1,45,4,s0.5,0.5,48,-4150000.0,0.68
frozen,ets1,45,5,s0.7,0.7,48,-2580000.0,0.68
frozen,ets1,45,6,s1.0,1.0,0,-42900.0,2.58
frozen,ets1,45,7,final,,0,-43100.0,2.58
frozen,ets1,46,0,init,,67,,0.68
frozen,ets1,46,1,H-min,,67,,0.68
frozen,ets1,46,2,s0.1,0.1,67,-19800.0,0.69
frozen,ets1,46,3,s0.3,0.3,67,-16800.0,0.69
frozen,ets1,46,4,s0.5,0.5,67,1440000.0,0.69
frozen,ets1,46,5,s0.7,0.7,30,-41300.0,1.55
frozen,ets1,46,6,s1.0,1.0,0,-42700.0,2.52
frozen,ets1,46,7,final,,0,-42900.0,2.52
frozen,ets1,47,0,init,,59,,0.44
frozen,ets1,47,1,H-min,,59,,0.44
frozen,ets1,47,2,s0.1,0.1,60,-20100.0,0.4
frozen,ets1,47,3,s0.3,0.3,60,111000.0,0.4
frozen,ets1,47,4,s0.5,0.5,60,60600000.0,0.4
frozen,ets1,47,5,s0.7,0.7,28,-40700.0,1.55
frozen,ets1,47,6,s1.0,1.0,0,-42500.0,2.52
frozen,ets1,47,7,final,,0,-42500.0,2.52
frozen,ets1,48,0,init,,48,,0.46
frozen,ets1,48,1,H-min,,48,,0.46
frozen,ets1,48,2,s0.1,0.1,43,-46000.0,0.66
frozen,ets1,48,3,s0.3,0.3,43,285000.0,0.66
frozen,ets1,48,4,s0.5,0.5,43,152000000.0,0.66
frozen,ets1,48,5,s0.7,0.7,28,-41000.0,1.56
frozen,ets1,48,6,s1.0,1.0,0,-42800.0,2.56
frozen,ets1,48,7,final,,0,-42800.0,2.56
frozen,ets1,49,0,init,,52,,0.86
frozen,ets1,49,1,H-min,,52,,0.86
frozen,ets1,49,2,s0.1,0.1,51,-17800.0,0.87
frozen,ets1,49,3,s0.3,0.3,51,-17800.0,0.87
frozen,ets1,49,4,s0.5,0.5,50,-28900.0,1.08
frozen,ets1,49,5,s0.7,0.7,23,-41800.0,1.55
frozen,ets1,49,6,s1.0,1.0,0,-42800.0,2.57
frozen,ets1,49,7,final,,0,-42800.0,2.57
frozen,ets1,50,0,init,,51,,0.36
frozen,ets1,50,1,H-min,,51,,0.36
frozen,ets1,50,2,s0.1,0.1,51,-22700.0,0.43
frozen,ets1,50,3,s0.3,0.3,49,-39400.0,0.74
frozen,ets1,50,4,s0.5,0.5,47,-37400.0,1.34
frozen,ets1,50,5,s0.7,0.7,25,-42400.0,1.56
frozen,ets1,50,6,s1.0,1.0,0,-43100.0,2.52
frozen,ets1,50,7,final,,0,-43200.0,2.51
frozen,ets1,51,0,init,,44,,0.72
frozen,ets1,51,1,H-min,,44,,0.72
frozen,ets1,51,2,s0.1,0.1,49,-53000.0,0.21
frozen,ets1,51,3,s0.3,0.3,49,821000000.0,0.21
frozen,ets1,51,4,s0.5,0.5,49,377000000000.0,0.21
frozen,ets1,51,5,s0.7,0.7,33,-41400.0,1.55
frozen,ets1,51,6,s1.0,1.0,0,-42600.0,2.52
frozen,ets1,51,7,final,,0,-42900.0,2.52
frozen,ets1,52,0,init,,36,,0.36
frozen,ets1,52,1,H-min,,36,,0.36
frozen,ets1,52,2,s0.1,0.1,36,-29900.0,0.36
frozen,ets1,52,3,s0.3,0.3,36,603000.0,0.36
frozen,ets1,52,4,s0.5,0.5,26,-31600.0,1.09
frozen,ets1,52,5,s0.7,0.7,19,-41800.0,1.55
frozen,ets1,52,6,s1.0,1.0,0,-43100.0,2.55
frozen,ets1,52,7,final,,0,-43100.0,2.55
frozen,ets1,53,0,init,,53,,0.73
frozen,ets1,53,1,H-min,,53,,0.73
frozen,ets1,53,2,s0.1,0.1,53,-21900.0,0.73
frozen,ets1,53,3,s0.3,0.3,53,-21900.0,0.73
frozen,ets1,53,4,s0.5,0.5,53,17500.0,0.73
frozen,ets1,53,5,s0.7,0.7,32,-41700.0,1.55
frozen,ets1,53,6,s1.0,1.0,0,-43000.0,2.58
frozen,ets1,53,7,final,,0,-43000.0,2.58
frozen,ets1,54,0,init,,48,,0.85
frozen,ets1,54,1,H-min,,48,,0.85
frozen,ets1,54,2,s0.1,0.1,49,-28900.0,0.9
frozen,ets1,54,3,s0.3,0.3,49,-43400.0,0.9
frozen,ets1,54,4,s0.5,0.5,49,-37700.0,0.9
frozen,ets1,54,5,s0.7,0.7,34,-40900.0,1.56
frozen,ets1,54,6,s1.0,1.0,0,-42600.0,2.58
frozen,ets1,54,7,final,,0,-42600.0,2.58
frozen,ets1,56,0,init,,42,,1.28
frozen,ets1,56,1,H-min,,42,,1.28
frozen,ets1,56,2,s0.1,0.1,40,-22100.0,1.28
frozen,ets1,56,3,s0.3,0.3,40,-22100.0,1.28
frozen,ets1,56,4,s0.5,0.5,40,-22200.0,1.28
frozen,ets1,56,5,s0.7,0.7,24,-41600.0,1.55
frozen,ets1,56,6,s1.0,1.0,0,-43000.0,2.59
frozen,ets1,56,7,final,,0,-43200.0,2.57
frozen,ets1,57,0,init,,52,,0.45
frozen,ets1,57,1,H-min,,52,,0.45
frozen,ets1,57,2,s0.1,0.1,56,-51400.0,0.23
frozen,ets1,57,3,s0.3,0.3,51,-197000.0,0.46
frozen,ets1,57,4,s0.5,0.5,51,12300000.0,0.46
frozen,ets1,57,5,s0.7,0.7,20,-41500.0,1.56
frozen,ets1,57,6,s1.0,1.0,0,-42900.0,2.58
frozen,ets1,57,7,final,,0,-43100.0,2.57
frozen,ets1,58,0,init,,45,,0.54
frozen,ets1,58,1,H-min,,45,,0.54
frozen,ets1,58,2,s0.1,0.1,45,-6460.0,0.55
frozen,ets1,58,3,s0.3,0.3,45,-3760.0,0.55
frozen,ets1,58,4,s0.5,0.5,45,1300000.0,0.55
frozen,ets1,58,5,s0.7,0.7,22,-39500.0,1.55
frozen,ets1,58,6,s1.0,1.0,0,-42700.0,2.72
frozen,ets1,58,7,final,,0,-43000.0,2.68
frozen,ets1,60,0,init,,51,,0.73
frozen,ets1,60,1,H-min,,51,,0.73
frozen,ets1,60,2,s0.1,0.1,52,-19700.0,0.75
frozen,ets1,60,3,s0.3,0.3,52,-19600.0,0.75
frozen,ets1,60,4,s0.5,0.5,52,72700.0,0.75
frozen,ets1,60,5,s0.7,0.7,25,-40700.0,1.55
frozen,ets1,60,6,s1.0,1.0,0,-42500.0,2.55
frozen,ets1,60,7,final,,0,-43000.0,2.55
frozen,ets1,61,0,init,,46,,0.62
frozen,ets1,61,1,H-min,,46,,0.62
frozen,ets1,61,2,s0.1,0.1,46,-22000.0,0.63
frozen,ets1,61,3,s0.3,0.3,41,-33700.0,0.85
frozen,ets1,61,4,s0.5,0.5,41,29700.0,0.85
frozen,ets1,61,5,s0.7,0.7,25,-40800.0,1.56
frozen,ets1,61,6,s1.0,1.0,0,-42600.0,2.55
frozen,ets1,61,7,final,,0,-42600.0,2.55
frozen,ets1,62,0,init,,41,,0.7
frozen,ets1,62,1,H-min,,41,,0.7
frozen,ets1,62,2,s0.1,0.1,41,-22300.0,0.71
frozen,ets1,62,3,s0.3,0.3,41,-53500.0,0.7
frozen,ets1,62,4,s0.5,0.5,41,-286000.0,0.71
frozen,ets1,62,5,s0.7,0.7,31,-41000.0,1.66
frozen,ets1,62,6,s1.0,1.0,0,-42700.0,2.59
frozen,ets1,62,7,final,,0,-43100.0,2.6
frozen,ets1,63,0,init,,46,,0.95
frozen,ets1,63,1,H-min,,46,,0.95
frozen,ets1,63,2,s0.1,0.1,46,-3770.0,0.96
frozen,ets1,63,3,s0.3,0.3,46,-3790.0,0.96
frozen,ets1,63,4,s0.5,0.5,46,461.0,0.96
frozen,ets1,63,5,s0.7,0.7,20,-40500.0,1.55
frozen,ets1,63,6,s1.0,1.0,0,-42500.0,2.55
frozen,ets1,63,7,final,,0,-42800.0,2.56
frozen,ets1,64,0,init,,67,,0.71
frozen,ets1,64,1,H-min,,67,,0.71
frozen,ets1,64,2,s0.1,0.1,67,-22500.0,0.72
frozen,ets1,64,3,s0.3,0.3,67,-22400.0,0.72
frozen,ets1,64,4,s0.5,0.5,67,22000.0,0.72
frozen,ets1,64,5,s0.7,0.7,22,-41900.0,1.56
frozen,ets1,64,6,s1.0,1.0,0,-43000.0,2.55
frozen,ets1,64,7,final,,0,-43000.0,2.55
frozen,ets1,65,0,init,,60,,0.6
frozen,ets1,65,1,H-min,,60,,0.6
frozen,ets1,65,2,s0.1,0.1,84,-79800.0,0.21
frozen,ets1,65,3,s0.3,0.3,77,-36600.0,0.72
frozen,ets1,65,4,s0.5,0.5,77,251000.0,0.72
frozen,ets1,65,5,s0.7,0.7,32,-41500.0,1.57
frozen,ets1,65,6,s1.0,1.0,0,-42800.0,2.53
frozen,ets1,65,7,final,,0,-42900.0,2.52
frozen,ets1,66,0,init,,38,,0.71
frozen,ets1,66,1,H-min,,38,,0.71
frozen,ets1,66,2,s0.1,0.1,38,-26000.0,0.71
frozen,ets1,66,3,s0.3,0.3,38,-25900.0,0.71
frozen,ets1,66,4,s0.5,0.5,38,-32200.0,1.01
frozen,ets1,66,5,s0.7,0.7,38,-3310.0,1.01
frozen,ets1,66,6,s1.0,1.0,0,-42900.0,2.57
frozen,ets1,66,7,final,,0,-43100.0,2.56
frozen,ets1,70,0,init,,45,,0.73
frozen,ets1,70,1,H-min,,45,,0.73
frozen,ets1,70,2,s0.1,0.1,45,-22700.0,0.74
frozen,ets1,70,3,s0.3,0.3,50,-199000.0,0.62
frozen,ets1,70,4,s0.5,0.5,50,44600.0,0.62
frozen,ets1,70,5,s0.7,0.7,26,-41900.0,1.56
frozen,ets1,70,6,s1.0,1.0,0,-42800.0,2.54
frozen,ets1,70,7,final,,0,-42800.0,2.54
frozen,ets1,71,0,init,,65,,0.63
frozen,ets1,71,1,H-min,,65,,0.63
frozen,ets1,71,2,s0.1,0.1,65,-21600.0,0.64
frozen,ets1,71,3,s0.3,0.3,65,-21200.0,0.64
frozen,ets1,71,4,s0.5,0.5,65,196000.0,0.64
frozen,ets1,71,5,s0.7,0.7,38,-41900.0,1.55
frozen,ets1,71,6,s1.0,1.0,0,-42600.0,2.55
frozen,ets1,71,7,final,,0,-43000.0,2.56
frozen,engrailed,1,0,init,,4,,1.61
frozen,engrailed,1,1,H-min,,4,,1.61
frozen,engrailed,1,2,s0.1,0.1,4,-37200.0,1.61
frozen,engrailed,1,3,s0.3,0.3,4,-37200.0,1.61
frozen,engrailed,1,4,s0.5,0.5,4,-37400.0,1.61
frozen,engrailed,1,5,s0.7,0.7,8,-46500.0,1.55
frozen,engrailed,1,6,s1.0,1.0,0,-47400.0,2.6
frozen,engrailed,1,7,final,,0,-47500.0,2.6
frozen,engrailed,2,0,init,,36,,0.86
frozen,engrailed,2,1,H-min,,36,,0.86
frozen,engrailed,2,2,s0.1,0.1,36,-32200.0,0.86
frozen,engrailed,2,3,s0.3,0.3,36,-32200.0,0.86
frozen,engrailed,2,4,s0.5,0.5,36,-28500.0,0.86
frozen,engrailed,2,5,s0.7,0.7,16,-47300.0,1.97
frozen,engrailed,2,6,s1.0,1.0,0,-46900.0,2.73
frozen,engrailed,2,7,final,,0,-46900.0,2.73
frozen,engrailed,3,0,init,,41,,1.15
frozen,engrailed,3,1,H-min,,41,,1.15
frozen,engrailed,3,2,s0.1,0.1,41,-28600.0,1.1
frozen,engrailed,3,3,s0.3,0.3,45,-60600.0,0.75
frozen,engrailed,3,4,s0.5,0.5,45,1440000.0,0.75
frozen,engrailed,3,5,s0.7,0.7,23,-46600.0,1.85
frozen,engrailed,3,6,s1.0,1.0,0,-46800.0,2.75
frozen,engrailed,3,7,final,,0,-46800.0,2.75
frozen,engrailed,4,0,init,,18,,1.09
frozen,engrailed,4,1,H-min,,18,,1.09
frozen,engrailed,4,2,s0.1,0.1,21,-54100.0,0.22
frozen,engrailed,4,3,s0.3,0.3,22,-43600.0,0.81
frozen,engrailed,4,4,s0.5,0.5,22,72800.0,0.81
frozen,engrailed,4,5,s0.7,0.7,14,-47100.0,1.85
frozen,engrailed,4,6,s1.0,1.0,0,-47200.0,2.72
frozen,engrailed,4,7,final,,0,-47200.0,2.72
frozen,engrailed,5,0,init,,106,,0.52
frozen,engrailed,5,1,H-min,,106,,0.52
frozen,engrailed,5,2,s0.1,0.1,105,-29100.0,0.55
frozen,engrailed,5,3,s0.3,0.3,105,-26500.0,0.55
frozen,engrailed,5,4,s0.5,0.5,105,1250000.0,0.55
frozen,engrailed,5,5,s0.7,0.7,52,-44900.0,1.57
frozen,engrailed,5,6,s1.0,1.0,0,-45900.0,2.58
frozen,engrailed,5,7,final,,0,-46300.0,2.59
frozen,engrailed,6,0,init,,19,,0.92
frozen,engrailed,6,1,H-min,,19,,0.92
frozen,engrailed,6,2,s0.1,0.1,19,-35100.0,0.92
frozen,engrailed,6,3,s0.3,0.3,19,-35100.0,0.92
frozen,engrailed,6,4,s0.5,0.5,17,-45800.0,1.55
frozen,engrailed,6,5,s0.7,0.7,14,-47400.0,1.65
frozen,engrailed,6,6,s1.0,1.0,0,-47300.0,2.73
frozen,engrailed,6,7,final,,0,-47300.0,2.73
frozen,engrailed,7,0,init,,14,,1.65
frozen,engrailed,7,1,H-min,,14,,1.65
frozen,engrailed,7,2,s0.1,0.1,14,-31500.0,1.65
frozen,engrailed,7,3,s0.3,0.3,14,-31600.0,1.65
frozen,engrailed,7,4,s0.5,0.5,14,-31800.0,1.65
frozen,engrailed,7,5,s0.7,0.7,10,-45600.0,1.99
frozen,engrailed,7,6,s1.0,1.0,0,-46800.0,2.62
frozen,engrailed,7,7,final,,0,-47000.0,2.6
frozen,engrailed,8,0,init,,35,,0.98
frozen,engrailed,8,1,H-min,,35,,0.98
frozen,engrailed,8,2,s0.05,0.05,35,-31100.0,1.0
frozen,engrailed,8,3,s0.1,0.1,31,-108000.0,0.96
frozen,engrailed,8,4,s0.2,0.2,31,-108000.0,0.96
frozen,engrailed,8,5,s0.4,0.4,31,-108000.0,0.96
frozen,engrailed,8,6,s0.7,0.7,31,-32200.0,0.96
frozen,engrailed,8,7,s1.0,1.0,0,-46900.0,2.77
frozen,engrailed,8,2,s0.05,0.05,54,-18700.0,0.79
frozen,engrailed,8,3,s0.1,0.1,54,-18700.0,0.79
frozen,engrailed,8,4,s0.2,0.2,54,-414000.0,0.96
frozen,engrailed,8,5,s0.4,0.4,54,-414000.0,0.96
frozen,engrailed,8,6,s0.7,0.7,54,-208000.0,0.96
frozen,engrailed,8,7,s1.0,1.0,0,-46800.0,2.62
frozen,engrailed,8,2,s0.05,0.05,31,-34100.0,0.53
frozen,engrailed,8,3,s0.1,0.1,35,-180000.0,0.79
frozen,engrailed,8,4,s0.2,0.2,35,-2590000.0,0.79
frozen,engrailed,8,5,s0.4,0.4,35,-4520000.0,0.79
frozen,engrailed,8,6,s0.7,0.7,16,-46700.0,1.54
frozen,engrailed,8,7,s1.0,1.0,0,-47100.0,2.58
frozen,engrailed,8,2,s0.05,0.05,19,-29500.0,0.62
frozen,engrailed,8,3,s0.1,0.1,19,-29500.0,0.62
frozen,engrailed,8,4,s0.2,0.2,19,-29500.0,0.62
frozen,engrailed,8,5,s0.4,0.4,19,-50300.0,0.78
frozen,engrailed,8,6,s0.7,0.7,19,-47300.0,1.65
frozen,engrailed,8,7,s1.0,1.0,0,-47500.0,2.58
frozen,engrailed,8,2,s0.05,0.05,39,-21400.0,0.71
frozen,engrailed,8,3,s0.1,0.1,39,-21400.0,0.71
frozen,engrailed,8,4,s0.2,0.2,39,-21400.0,0.71
frozen,engrailed,8,5,s0.4,0.4,39,-41900.0,0.95
frozen,engrailed,8,6,s0.7,0.7,15,-46200.0,1.98
frozen,engrailed,8,7,s1.0,1.0,0,-36300.0,2.71
frozen,engrailed,8,2,s0.05,0.05,24,-32700.0,1.04
frozen,engrailed,8,3,s0.1,0.1,28,-58400.0,0.26
frozen,engrailed,8,4,s0.2,0.2,28,747000.0,0.26
frozen,engrailed,8,5,s0.4,0.4,28,3310000000.0,0.26
frozen,engrailed,8,6,s0.7,0.7,16,-46900.0,1.55
frozen,engrailed,8,7,s1.0,1.0,0,-47300.0,2.6
frozen,engrailed,8,2,s0.05,0.05,8,-41200.0,1.41
frozen,engrailed,8,3,s0.1,0.1,21,-118000.0,1.12
frozen,engrailed,8,4,s0.2,0.2,21,35300000.0,1.12
frozen,engrailed,8,5,s0.4,0.4,21,145000000000.0,1.12
frozen,engrailed,8,6,s0.7,0.7,11,-46500.0,1.99
frozen,engrailed,8,7,s1.0,1.0,0,-47200.0,2.73
frozen,engrailed,8,2,s0.05,0.05,48,-32200.0,0.62
frozen,engrailed,8,3,s0.1,0.1,48,-32200.0,0.62
frozen,engrailed,8,4,s0.2,0.2,48,-32200.0,0.62
frozen,engrailed,8,5,s0.4,0.4,48,-8690.0,0.62
frozen,engrailed,8,6,s0.7,0.7,14,-46600.0,1.56
frozen,engrailed,8,7,s1.0,1.0,0,-47100.0,2.65
frozen,engrailed,8,2,s0.05,0.05,64,-24600.0,0.48
frozen,engrailed,8,3,s0.1,0.1,72,-89000.0,0.22
frozen,engrailed,8,4,s0.2,0.2,72,-1050000.0,0.39
frozen,engrailed,8,5,s0.4,0.4,72,82400000.0,0.39
frozen,engrailed,8,6,s0.7,0.7,16,-47000.0,1.55
frozen,engrailed,8,7,s1.0,1.0,0,-46200.0,2.55
frozen,engrailed,8,2,s0.05,0.05,27,-30800.0,0.71
frozen,engrailed,8,3,s0.1,0.1,27,-30800.0,0.71
frozen,engrailed,8,2,s0.05,0.05,41,-77600.0,0.49
frozen,engrailed,8,3,s0.1,0.1,41,15600000.0,0.49
frozen,engrailed,8,4,s0.2,0.2,41,64300000000.0,0.49
frozen,engrailed,8,5,s0.4,0.4,46,-48700.0,1.1
frozen,engrailed,8,6,s0.7,0.7,33,-46600.0,1.69
frozen,engrailed,8,7,s1.0,1.0,10,-39800.0,2.19
frozen,engrailed,8,2,s0.05,0.05,36,-8060.0,0.62
frozen,engrailed,8,3,s0.1,0.1,36,-8060.0,0.62
frozen,engrailed,8,4,s0.2,0.2,35,-16200.0,0.71
frozen,engrailed,8,5,s0.4,0.4,35,-2570.0,0.71
frozen,engrailed,8,6,s0.7,0.7,16,-47100.0,1.55
frozen,engrailed,8,7,s1.0,1.0,0,-47200.0,2.55
frozen,engrailed,8,2,s0.05,0.05,51,-69000.0,0.1
frozen,engrailed,8,3,s0.1,0.1,51,4000000.0,0.1
frozen,engrailed,8,4,s0.2,0.2,51,16700000000.0,0.1
frozen,engrailed,8,5,s0.4,0.4,47,-52600.0,0.96
frozen,engrailed,8,6,s0.7,0.7,31,-46900.0,1.66
frozen,engrailed,8,7,s1.0,1.0,0,-47100.0,2.69
frozen,engrailed,8,2,s0.05,0.05,20,-32700.0,0.29
frozen,engrailed,8,3,s0.1,0.1,26,-85200.0,0.22
frozen,engrailed,8,4,s0.2,0.2,26,20000000.0,0.22
frozen,engrailed,8,5,s0.4,0.4,30,-51500.0,1.05
frozen,engrailed,8,6,s0.7,0.7,18,-47100.0,1.96
frozen,engrailed,8,7,s1.0,1.0,0,-47200.0,2.7
frozen,engrailed,8,82,final,,0,-46900.0,2.77
frozen,engrailed,9,0,init,,36,,0.6
frozen,engrailed,9,1,H-min,,36,,0.6
frozen,engrailed,9,2,s0.1,0.1,34,-95900.0,0.61
frozen,engrailed,9,3,s0.3,0.3,34,-165000.0,0.61
frozen,engrailed,9,4,s0.5,0.5,34,211000.0,0.61
frozen,engrailed,9,5,s0.7,0.7,22,-46400.0,1.96
frozen,engrailed,9,6,s1.0,1.0,0,-40400.0,2.68
frozen,engrailed,9,7,final,,0,-40400.0,2.68
frozen,engrailed,11,0,init,,13,,0.76
frozen,engrailed,11,1,H-min,,13,,0.76
frozen,engrailed,11,2,s0.1,0.1,13,-35300.0,0.76
frozen,engrailed,11,3,s0.3,0.3,16,-61200.0,0.71
frozen,engrailed,11,4,s0.5,0.5,15,-304000.0,1.33
frozen,engrailed,11,5,s0.7,0.7,15,-186000.0,1.33
frozen,engrailed,11,6,s1.0,1.0,0,-47300.0,2.74
frozen,engrailed,11,7,final,,0,-47300.0,2.74
frozen,engrailed,12,0,init,,7,,1.62
frozen,engrailed,12,1,H-min,,7,,1.62
frozen,engrailed,12,2,s0.1,0.1,8,-55300.0,1.12
frozen,engrailed,12,3,s0.3,0.3,10,-66500.0,1.42
frozen,engrailed,12,4,s0.5,0.5,12,-51900.0,1.37
frozen,engrailed,12,5,s0.7,0.7,10,-48000.0,2.02
frozen,engrailed,12,6,s1.0,1.0,0,-47300.0,2.76
frozen,engrailed,12,7,final,,0,-47300.0,2.76
frozen,engrailed,13,0,init,,3,,1.4
frozen,engrailed,13,1,H-min,,3,,1.4
frozen,engrailed,13,2,s0.1,0.1,3,-41700.0,1.87
frozen,engrailed,13,3,s0.3,0.3,3,-42900.0,1.31
frozen,engrailed,13,4,s0.5,0.5,3,-18600.0,1.31
frozen,engrailed,13,5,s0.7,0.7,5,-46100.0,1.55
frozen,engrailed,13,6,s1.0,1.0,0,-47500.0,2.58
frozen,engrailed,13,7,final,,0,-47500.0,2.58
frozen,engrailed,14,0,init,,112,,0.64
frozen,engrailed,14,1,H-min,,112,,0.64
frozen,engrailed,14,2,s0.1,0.1,106,-56700.0,0.21
frozen,engrailed,14,3,s0.3,0.3,98,-45300.0,0.82
frozen,engrailed,14,4,s0.5,0.5,98,395000.0,0.82
frozen,engrailed,14,5,s0.7,0.7,44,-45100.0,1.57
frozen,engrailed,14,6,s1.0,1.0,0,-45000.0,2.62
frozen,engrailed,14,7,final,,0,-46400.0,2.67
frozen,engrailed,15,0,init,,9,,1.9
frozen,engrailed,15,1,H-min,,9,,1.9
frozen,engrailed,15,2,s0.1,0.1,9,-33100.0,1.9
frozen,engrailed,15,3,s0.3,0.3,9,-33100.0,1.9
frozen,engrailed,15,4,s0.5,0.5,10,-43900.0,1.74
frozen,engrailed,15,5,s0.7,0.7,13,-47700.0,1.65
frozen,engrailed,15,6,s1.0,1.0,0,-47400.0,2.74
frozen,engrailed,15,7,final,,0,-47400.0,2.74
frozen,engrailed,16,0,init,,20,,1.17
frozen,engrailed,16,1,H-min,,20,,1.17
frozen,engrailed,16,2,s0.1,0.1,14,-51800.0,1.25
frozen,engrailed,16,3,s0.3,0.3,16,-55000.0,1.06
frozen,engrailed,16,4,s0.5,0.5,16,-425000.0,0.96
frozen,engrailed,16,5,s0.7,0.7,16,-104000.0,0.96
frozen,engrailed,16,6,s1.0,1.0,0,-47300.0,2.71
frozen,engrailed,16,7,final,,0,-47300.0,2.71
frozen,engrailed,17,0,init,,31,,0.72
frozen,engrailed,17,1,H-min,,31,,0.72
frozen,engrailed,17,2,s0.1,0.1,42,-107000.0,0.21
frozen,engrailed,17,3,s0.3,0.3,32,-43900.0,0.96
frozen,engrailed,17,4,s0.5,0.5,32,355000.0,0.96
frozen,engrailed,17,5,s0.7,0.7,21,-46000.0,1.56
frozen,engrailed,17,6,s1.0,1.0,0,-46800.0,2.69
frozen,engrailed,17,7,final,,0,-46800.0,2.69
frozen,engrailed,18,0,init,,6,,0.81
frozen,engrailed,18,1,H-min,,6,,0.81
frozen,engrailed,18,2,s0.1,0.1,6,-33600.0,0.81
frozen,engrailed,18,3,s0.3,0.3,5,-42400.0,1.4
frozen,engrailed,18,4,s0.5,0.5,5,84600.0,1.4
frozen,engrailed,18,5,s0.7,0.7,4,-46000.0,1.53
frozen,engrailed,18,6,s1.0,1.0,0,-47100.0,2.63
frozen,engrailed,18,7,final,,0,-47200.0,2.62
frozen,engrailed,19,0,init,,49,,0.74
frozen,engrailed,19,1,H-min,,49,,0.74
frozen,engrailed,19,2,s0.1,0.1,48,-33200.0,0.77
frozen,engrailed,19,3,s0.3,0.3,47,-40200.0,0.8
frozen,engrailed,19,4,s0.5,0.5,45,-41200.0,1.19
frozen,engrailed,19,5,s0.7,0.7,44,-44400.0,1.56
frozen,engrailed,19,6,s1.0,1.0,10,-38000.0,2.15
frozen,engrailed,19,7,final,,10,-38200.0,2.15
frozen,engrailed,20,0,init,,41,,1.29
frozen,engrailed,20,1,H-min,,41,,1.29
frozen,engrailed,20,2,s0.1,0.1,41,-27300.0,1.29
frozen,engrailed,20,3,s0.3,0.3,41,1980000000.0,1.29
frozen,engrailed,20,4,s0.5,0.5,41,912000000000.0,1.29
frozen,engrailed,20,5,s0.7,0.7,27,-47600.0,1.65
frozen,engrailed,20,6,s1.0,1.0,0,-47000.0,2.72
frozen,engrailed,20,7,final,,0,-47000.0,2.72
frozen,engrailed,21,0,init,,25,,0.4
frozen,engrailed,21,1,H-min,,25,,0.4
frozen,engrailed,21,2,s0.1,0.1,27,-104000.0,0.21
frozen,engrailed,21,3,s0.3,0.3,27,-42400.0,0.75
frozen,engrailed,21,4,s0.5,0.5,22,-66900.0,1.24
frozen,engrailed,21,5,s0.7,0.7,12,-47300.0,1.99
frozen,engrailed,21,6,s1.0,1.0,0,-47200.0,2.74
frozen,engrailed,21,7,final,,0,-47200.0,2.74
frozen,engrailed,22,0,init,,50,,0.39
frozen,engrailed,22,1,H-min,,50,,0.39
frozen,engrailed,22,2,s0.1,0.1,50,-34600.0,0.49
frozen,engrailed,22,3,s0.3,0.3,57,-45600.0,0.75
frozen,engrailed,22,4,s0.5,0.5,57,200000.0,0.75
frozen,engrailed,22,5,s0.7,0.7,29,-45600.0,1.57
frozen,engrailed,22,6,s1.0,1.0,0,-46800.0,2.72
frozen,engrailed,22,7,final,,0,-47100.0,2.51
frozen,engrailed,23,0,init,,28,,0.66
frozen,engrailed,23,1,H-min,,28,,0.66
frozen,engrailed,23,2,s0.1,0.1,32,-59400.0,0.26
frozen,engrailed,23,3,s0.3,0.3,25,-44200.0,0.89
frozen,engrailed,23,4,s0.5,0.5,25,227000.0,0.89
frozen,engrailed,23,5,s0.7,0.7,22,-47000.0,1.93
frozen,engrailed,23,6,s1.0,1.0,0,-47200.0,2.68
frozen,engrailed,23,7,final,,0,-47200.0,2.68
frozen,engrailed,24,0,init,,40,,0.71
frozen,engrailed,24,1,H-min,,40,,0.71
frozen,engrailed,24,2,s0.1,0.1,56,-94200.0,0.21
frozen,engrailed,24,3,s0.3,0.3,57,-62200.0,0.7
frozen,engrailed,24,4,s0.5,0.5,57,1620000.0,0.7
frozen,engrailed,24,5,s0.7,0.7,13,-45700.0,1.84
frozen,engrailed,24,6,s1.0,1.0,0,-46600.0,2.71
frozen,engrailed,24,7,final,,0,-47000.0,2.76
frozen,engrailed,25,0,init,,28,,0.7
frozen,engrailed,25,1,H-min,,28,,0.7
frozen,engrailed,25,2,s0.1,0.1,27,-33900.0,0.75
frozen,engrailed,25,3,s0.3,0.3,35,-46900.0,0.84
frozen,engrailed,25,4,s0.5,0.5,35,320000.0,0.84
frozen,engrailed,25,5,s0.7,0.7,13,-47000.0,2.0
frozen,engrailed,25,6,s1.0,1.0,0,-47100.0,2.75
frozen,engrailed,25,7,final,,0,-47100.0,2.75
frozen,engrailed,26,0,init,,4,,1.44
frozen,engrailed,26,1,H-min,,4,,1.44
frozen,engrailed,26,2,s0.1,0.1,4,-34700.0,1.44
frozen,engrailed,26,3,s0.3,0.3,10,-61000.0,1.15
frozen,engrailed,26,4,s0.5,0.5,10,1400000.0,1.15
frozen,engrailed,26,5,s0.7,0.7,9,-47300.0,2.02
frozen,engrailed,26,6,s1.0,1.0,0,-47300.0,2.72
frozen,engrailed,26,7,final,,0,-47300.0,2.72
frozen,engrailed,29,0,init,,5,,1.82
frozen,engrailed,29,1,H-min,,5,,1.82
frozen,engrailed,29,2,s0.1,0.1,4,-112000.0,1.27
frozen,engrailed,29,3,s0.3,0.3,4,-875000.0,1.27
frozen,engrailed,29,4,s0.5,0.5,4,8400000.0,1.27
frozen,engrailed,29,5,s0.7,0.7,5,-45800.0,1.56
frozen,engrailed,29,6,s1.0,1.0,0,-46700.0,2.7
frozen,engrailed,29,7,final,,0,-46800.0,2.69
frozen,engrailed,30,0,init,,40,,0.27
frozen,engrailed,30,1,H-min,,40,,0.27
frozen,engrailed,30,2,s0.1,0.1,42,-43500.0,0.22
frozen,engrailed,30,3,s0.3,0.3,34,224000.0,0.66
frozen,engrailed,30,4,s0.5,0.5,34,395000.0,0.66
frozen,engrailed,30,5,s0.7,0.7,21,-45100.0,1.84
frozen,engrailed,30,6,s1.0,1.0,0,-45500.0,2.43
frozen,engrailed,30,7,final,,0,-46500.0,2.68
frozen,engrailed,31,0,init,,47,,0.5
frozen,engrailed,31,1,H-min,,47,,0.5
frozen,engrailed,31,2,s0.1,0.1,47,-32500.0,0.54
frozen,engrailed,31,3,s0.3,0.3,47,-29800.0,0.54
frozen,engrailed,31,4,s0.5,0.5,41,-44000.0,1.19
frozen,engrailed,31,5,s0.7,0.7,28,-45400.0,1.56
frozen,engrailed,31,6,s1.0,1.0,10,-39700.0,2.12
frozen,engrailed,31,7,final,,10,-39700.0,2.11
frozen,engrailed,32,0,init,,4,,1.64
frozen,engrailed,32,1,H-min,,4,,1.64
frozen,engrailed,32,2,s0.1,0.1,13,-113000.0,1.05
frozen,engrailed,32,3,s0.3,0.3,13,4430000000.0,1.05
frozen,engrailed,32,4,s0.5,0.5,8,-36400.0,1.57
frozen,engrailed,32,5,s0.7,0.7,7,-46900.0,1.77
frozen,engrailed,32,6,s1.0,1.0,0,-47300.0,2.75
frozen,engrailed,32,7,final,,0,-47300.0,2.75
frozen,engrailed,34,0,init,,39,,0.73
frozen,engrailed,34,1,H-min,,39,,0.73
frozen,engrailed,34,2,s0.1,0.1,33,-43800.0,0.6
frozen,engrailed,34,3,s0.3,0.3,33,151000000.0,0.6
frozen,engrailed,34,4,s0.5,0.5,33,69600000000.0,0.6
frozen,engrailed,34,5,s0.7,0.7,12,-46100.0,1.97
frozen,engrailed,34,6,s1.0,1.0,0,-47200.0,2.71
frozen,engrailed,34,7,final,,0,-47200.0,2.71
frozen,engrailed,37,0,init,,29,,0.72
frozen,engrailed,37,1,H-min,,29,,0.72
frozen,engrailed,37,2,s0.1,0.1,43,-96800.0,0.21
frozen,engrailed,37,3,s0.3,0.3,43,3370000000.0,0.21
frozen,engrailed,37,4,s0.5,0.5,43,1550000000000.0,0.21
frozen,engrailed,37,5,s0.7,0.7,9,-46800.0,1.94
frozen,engrailed,37,6,s1.0,1.0,0,-47300.0,2.8
frozen,engrailed,37,7,final,,0,-47300.0,2.8
frozen,engrailed,38,0,init,,12,,0.78
frozen,engrailed,38,1,H-min,,12,,0.78
frozen,engrailed,38,2,s0.1,0.1,12,-35800.0,0.79
frozen,engrailed,38,3,s0.3,0.3,10,-61800.0,1.14
frozen,engrailed,38,4,s0.5,0.5,10,1470000.0,1.14
frozen,engrailed,38,5,s0.7,0.7,8,-47200.0,1.78
frozen,engrailed,38,6,s1.0,1.0,0,-47300.0,2.79
frozen,engrailed,38,7,final,,0,-47300.0,2.79
frozen,engrailed,39,0,init,,26,,0.61
frozen,engrailed,39,1,H-min,,26,,0.61
frozen,engrailed,39,2,s0.1,0.1,26,-32700.0,0.61
frozen,engrailed,39,3,s0.3,0.3,26,-32300.0,0.61
frozen,engrailed,39,4,s0.5,0.5,26,198000.0,0.61
frozen,engrailed,39,5,s0.7,0.7,11,-46100.0,1.57
frozen,engrailed,39,6,s1.0,1.0,0,-47100.0,2.58
frozen,engrailed,39,7,final,,0,-47200.0,2.59
frozen,engrailed,41,0,init,,53,,0.52
frozen,engrailed,41,1,H-min,,53,,0.52
frozen,engrailed,41,2,s0.1,0.1,50,-56400.0,0.23
frozen,engrailed,41,3,s0.3,0.3,50,958000000.0,0.23
frozen,engrailed,41,4,s0.5,0.5,50,440000000000.0,0.23
frozen,engrailed,41,5,s0.7,0.7,21,-47100.0,1.55
frozen,engrailed,41,6,s1.0,1.0,0,-46400.0,2.65
frozen,engrailed,41,7,final,,0,-46700.0,2.66
frozen,engrailed,42,0,init,,21,,0.71
frozen,engrailed,42,1,H-min,,21,,0.71
frozen,engrailed,42,2,s0.1,0.1,22,-24800.0,0.74
frozen,engrailed,42,3,s0.3,0.3,22,-24700.0,0.74
frozen,engrailed,42,4,s0.5,0.5,22,11800.0,0.74
frozen,engrailed,42,5,s0.7,0.7,21,-47200.0,1.77
frozen,engrailed,42,6,s1.0,1.0,0,-47000.0,2.67
frozen,engrailed,42,7,final,,0,-47000.0,2.67
frozen,engrailed,43,0,init,,63,,0.38
frozen,engrailed,43,1,H-min,,63,,0.38
frozen,engrailed,43,2,s0.1,0.1,67,-66600.0,0.21
frozen,engrailed,43,3,s0.3,0.3,65,-45400.0,0.77
frozen,engrailed,43,4,s0.5,0.5,65,179000.0,0.77
frozen,engrailed,43,5,s0.7,0.7,55,-45300.0,1.69
frozen,engrailed,43,6,s1.0,1.0,10,-38600.0,2.2
frozen,engrailed,43,7,final,,10,-38600.0,2.2
frozen,engrailed,44,0,init,,38,,0.59
frozen,engrailed,44,1,H-min,,38,,0.59
frozen,engrailed,44,2,s0.1,0.1,36,-43000.0,0.25
frozen,engrailed,44,3,s0.3,0.3,36,149000000.0,0.25
frozen,engrailed,44,4,s0.5,0.5,25,-43000.0,1.44
frozen,engrailed,44,5,s0.7,0.7,14,-47200.0,1.94
frozen,engrailed,44,6,s1.0,1.0,0,-46900.0,2.71
frozen,engrailed,44,7,final,,0,-46900.0,2.71
frozen,engrailed,45,0,init,,18,,0.57
frozen,engrailed,45,1,H-min,,18,,0.57
frozen,engrailed,45,2,s0.1,0.1,25,-66200.0,0.21
frozen,engrailed,45,3,s0.3,0.3,25,1510000000.0,0.21
frozen,engrailed,45,4,s0.5,0.5,12,-42800.0,1.46
frozen,engrailed,45,5,s0.7,0.7,9,-46200.0,1.55
frozen,engrailed,45,6,s1.0,1.0,0,-46900.0,2.51
frozen,engrailed,45,7,final,,0,-46900.0,2.51
frozen,engrailed,46,0,init,,35,,0.74
frozen,engrailed,46,1,H-min,,35,,0.74
frozen,engrailed,46,2,s0.1,0.1,27,-37900.0,0.59
frozen,engrailed,46,3,s0.3,0.3,27,-37200.0,0.59
frozen,engrailed,46,4,s0.5,0.5,27,322000.0,0.59
frozen,engrailed,46,5,s0.7,0.7,15,-47200.0,1.92
frozen,engrailed,46,6,s1.0,1.0,0,-46900.0,2.77
frozen,engrailed,46,7,final,,0,-46900.0,2.77
frozen,engrailed,47,0,init,,38,,0.41
frozen,engrailed,47,1,H-min,,38,,0.41
frozen,engrailed,47,2,s0.1,0.1,41,-66500.0,0.21
frozen,engrailed,47,3,s0.3,0.3,41,1600000000.0,0.21
frozen,engrailed,47,4,s0.5,0.5,41,733000000000.0,0.21
frozen,engrailed,47,5,s0.7,0.7,24,-47200.0,1.67
frozen,engrailed,47,6,s1.0,1.0,0,-46800.0,2.65
frozen,engrailed,47,7,final,,0,-46800.0,2.65
frozen,engrailed,48,0,init,,2,,2.1
frozen,engrailed,48,1,H-min,,2,,2.1
frozen,engrailed,48,2,s0.1,0.1,2,-35000.0,2.1
frozen,engrailed,48,3,s0.3,0.3,5,-44700.0,1.4
frozen,engrailed,48,4,s0.5,0.5,5,114000.0,1.4
frozen,engrailed,48,5,s0.7,0.7,6,-47300.0,1.9
frozen,engrailed,48,6,s1.0,1.0,0,-47300.0,2.72
frozen,engrailed,48,7,final,,0,-47300.0,2.72
frozen,engrailed,50,0,init,,6,,1.33
frozen,engrailed,50,1,H-min,,6,,1.33
frozen,engrailed,50,2,s0.1,0.1,6,-32500.0,1.34
frozen,engrailed,50,3,s0.3,0.3,10,-59100.0,1.16
frozen,engrailed,50,4,s0.5,0.5,8,-48700.0,1.33
frozen,engrailed,50,5,s0.7,0.7,6,-46000.0,1.81
frozen,engrailed,50,6,s1.0,1.0,0,-47100.0,2.73
frozen,engrailed,50,7,final,,0,-47100.0,2.73
frozen,engrailed,51,0,init,,49,,0.53
frozen,engrailed,51,1,H-min,,49,,0.53
frozen,engrailed,51,2,s0.1,0.1,51,-87600.0,0.24
frozen,engrailed,51,3,s0.3,0.3,51,2790000000.0,0.24
frozen,engrailed,51,4,s0.5,0.5,51,1280000000000.0,0.24
frozen,engrailed,51,5,s0.7,0.7,22,-47000.0,1.87
frozen,engrailed,51,6,s1.0,1.0,0,-46900.0,2.68
frozen,engrailed,51,7,final,,0,-46900.0,2.68
frozen,engrailed,53,0,init,,0,,2.66
frozen,engrailed,53,1,H-min,,0,,2.66
frozen,engrailed,53,2,s0.1,0.1,4,-52100.0,1.13
frozen,engrailed,53,3,s0.3,0.3,1,-50200.0,1.47
frozen,engrailed,53,4,s0.5,0.5,1,567000.0,1.47
frozen,engrailed,53,5,s0.7,0.7,7,-47200.0,2.02
frozen,engrailed,53,6,s1.0,1.0,0,-47400.0,2.74
frozen,engrailed,53,7,final,,0,-47400.0,2.74
frozen,engrailed,54,0,init,,11,,1.0
frozen,engrailed,54,1,H-min,,11,,1.0
frozen,engrailed,54,2,s0.1,0.1,11,-35400.0,1.0
frozen,engrailed,54,3,s0.3,0.3,10,-59200.0,1.17
frozen,engrailed,54,4,s0.5,0.5,10,1240000.0,1.17
frozen,engrailed,54,5,s0.7,0.7,9,-46000.0,1.79
frozen,engrailed,54,6,s1.0,1.0,0,-47500.0,2.74
frozen,engrailed,54,7,final,,0,-47500.0,2.74
frozen,engrailed,55,0,init,,14,,0.69
frozen,engrailed,55,1,H-min,,14,,0.69
frozen,engrailed,55,2,s0.1,0.1,14,-33000.0,0.74
frozen,engrailed,55,3,s0.3,0.3,13,-41600.0,1.22
frozen,engrailed,55,4,s0.5,0.5,15,-48000.0,1.33
frozen,engrailed,55,5,s0.7,0.7,8,-46200.0,2.0
frozen,engrailed,55,6,s1.0,1.0,0,-47100.0,2.79
frozen,engrailed,55,7,final,,0,-47100.0,2.79
frozen,engrailed,57,0,init,,24,,0.63
frozen,engrailed,57,1,H-min,,24,,0.63
frozen,engrailed,57,2,s0.1,0.1,23,-32800.0,0.66
frozen,engrailed,57,3,s0.3,0.3,23,-32400.0,0.66
frozen,engrailed,57,4,s0.5,0.5,21,-43200.0,1.45
frozen,engrailed,57,5,s0.7,0.7,13,-47100.0,1.88
frozen,engrailed,57,6,s1.0,1.0,0,-47200.0,2.74
frozen,engrailed,57,7,final,,0,-47200.0,2.74
frozen,engrailed,58,0,init,,40,,0.9
frozen,engrailed,58,1,H-min,,40,,0.9
frozen,engrailed,58,2,s0.1,0.1,40,-70500.0,0.21
frozen,engrailed,58,3,s0.3,0.3,35,-60700.0,0.74
frozen,engrailed,58,4,s0.5,0.5,35,1520000.0,0.74
frozen,engrailed,58,5,s0.7,0.7,15,-46900.0,1.98
frozen,engrailed,58,6,s1.0,1.0,0,-47000.0,2.66
frozen,engrailed,58,7,final,,0,-47000.0,2.65
frozen,engrailed,60,0,init,,46,,0.54
frozen,engrailed,60,1,H-min,,46,,0.54
frozen,engrailed,60,2,s0.1,0.1,64,-108000.0,0.21
frozen,engrailed,60,3,s0.3,0.3,64,4110000000.0,0.21
frozen,engrailed,60,4,s0.5,0.5,64,1890000000000.0,0.21
frozen,engrailed,60,5,s0.7,0.7,48,-46000.0,1.86
frozen,engrailed,60,6,s1.0,1.0,0,-46300.0,2.72
frozen,engrailed,60,7,final,,0,-46800.0,2.67
frozen,engrailed,62,0,init,,2,,2.11
frozen,engrailed,62,1,H-min,,2,,2.11
frozen,engrailed,62,2,s0.1,0.1,3,-49600.0,1.89
frozen,engrailed,62,3,s0.3,0.3,3,454000000.0,1.89
frozen,engrailed,62,4,s0.5,0.5,4,-42700.0,1.75
frozen,engrailed,62,5,s0.7,0.7,3,-45800.0,1.89
frozen,engrailed,62,6,s1.0,1.0,0,-47200.0,2.78
frozen,engrailed,62,7,final,,0,-47200.0,2.78
frozen,engrailed,63,0,init,,35,,0.82
frozen,engrailed,63,1,H-min,,35,,0.82
frozen,engrailed,63,2,s0.1,0.1,34,-40300.0,0.79
frozen,engrailed,63,3,s0.3,0.3,33,-44400.0,0.97
frozen,engrailed,63,4,s0.5,0.5,33,107000.0,0.97
frozen,engrailed,63,5,s0.7,0.7,20,-47200.0,1.89
frozen,engrailed,63,6,s1.0,1.0,0,-46300.0,2.65
frozen,engrailed,63,7,final,,0,-47400.0,2.72
frozen,engrailed,64,0,init,,43,,0.78
frozen,engrailed,64,1,H-min,,43,,0.78
frozen,engrailed,64,2,s0.1,0.1,43,-32600.0,0.79
frozen,engrailed,64,3,s0.3,0.3,43,-32600.0,0.79
frozen,engrailed,64,4,s0.5,0.5,43,-7320.0,0.79
frozen,engrailed,64,5,s0.7,0.7,21,-47500.0,1.88
frozen,engrailed,64,6,s1.0,1.0,0,-47000.0,2.75
frozen,engrailed,64,7,final,,0,-47000.0,2.75
frozen,engrailed,65,0,init,,19,,1.07
frozen,engrailed,65,1,H-min,,19,,1.07
frozen,engrailed,65,2,s0.1,0.1,28,-117000.0,0.23
frozen,engrailed,65,3,s0.3,0.3,28,4690000000.0,0.23
frozen,engrailed,65,4,s0.5,0.5,28,2160000000000.0,0.23
frozen,engrailed,65,5,s0.7,0.7,12,-46800.0,1.89
frozen,engrailed,65,6,s1.0,1.0,0,-47000.0,2.76
frozen,engrailed,65,7,final,,0,-47000.0,2.76
frozen,engrailed,66,0,init,,78,,0.47
frozen,engrailed,66,1,H-min,,78,,0.47
frozen,engrailed,66,2,s0.1,0.1,77,-26800.0,0.5
frozen,engrailed,66,3,s0.3,0.3,77,-18800.0,0.5
frozen,engrailed,66,4,s0.5,0.5,77,3720000.0,0.5
frozen,engrailed,66,5,s0.7,0.7,29,-44700.0,1.58
frozen,engrailed,66,6,s1.0,1.0,0,-46500.0,2.53
frozen,engrailed,66,7,final,,0,-46700.0,2.53
frozen,engrailed,67,0,init,,61,,0.68
frozen,engrailed,67,1,H-min,,61,,0.68
frozen,engrailed,67,2,s0.1,0.1,60,50800.0,0.71
frozen,engrailed,67,3,s0.3,0.3,60,51100.0,0.71
frozen,engrailed,67,4,s0.5,0.5,60,196000.0,0.71
frozen,engrailed,67,5,s0.7,0.7,28,-44300.0,1.57
frozen,engrailed,67,6,s1.0,1.0,0,-46200.0,2.66
frozen,engrailed,67,7,final,,0,-46800.0,2.56
frozen,engrailed,68,0,init,,21,,0.82
frozen,engrailed,68,1,H-min,,21,,0.82
frozen,engrailed,68,2,s0.1,0.1,22,-68700.0,0.21
frozen,engrailed,68,3,s0.3,0.3,37,-72100.0,0.71
frozen,engrailed,68,4,s0.5,0.5,37,2340000.0,0.71
frozen,engrailed,68,5,s0.7,0.7,16,-47600.0,1.95
frozen,engrailed,68,6,s1.0,1.0,0,-47400.0,2.71
frozen,engrailed,68,7,final,,0,-47400.0,2.71
frozen,engrailed,69,0,init,,1,,1.85
frozen,engrailed,69,1,H-min,,1,,1.85
frozen,engrailed,69,2,s0.1,0.1,1,-36000.0,1.85
frozen,engrailed,69,3,s0.3,0.3,1,-36000.0,1.85
frozen,engrailed,69,4,s0.5,0.5,1,-36100.0,1.85
frozen,engrailed,69,5,s0.7,0.7,10,-47500.0,1.97
frozen,engrailed,69,6,s1.0,1.0,0,-47500.0,2.77
frozen,engrailed,69,7,final,,0,-47500.0,2.77
frozen,engrailed,70,0,init,,8,,1.78
frozen,engrailed,70,1,H-min,,8,,1.78
frozen,engrailed,70,2,s0.1,0.1,17,-104000.0,0.21
frozen,engrailed,70,3,s0.3,0.3,25,-61700.0,0.72
frozen,engrailed,70,4,s0.5,0.5,25,1530000.0,0.72
frozen,engrailed,70,5,s0.7,0.7,12,-47200.0,1.96
frozen,engrailed,70,6,s1.0,1.0,0,-47300.0,2.79
frozen,engrailed,70,7,final,,0,-47300.0,2.79
frozen,engrailed,71,0,init,,29,,0.46
frozen,engrailed,71,1,H-min,,29,,0.46
frozen,engrailed,71,2,s0.1,0.1,29,-33300.0,0.47
frozen,engrailed,71,3,s0.3,0.3,29,12300.0,0.47
frozen,engrailed,71,4,s0.5,0.5,29,21100000.0,0.47
frozen,engrailed,71,5,s0.7,0.7,11,-46000.0,1.8
frozen,engrailed,71,6,s1.0,1.0,0,-46700.0,2.78
frozen,engrailed,71,7,final,,0,-46700.0,2.78
frozen,engrailed,73,0,init,,42,,0.71
frozen,engrailed,73,1,H-min,,42,,0.71
frozen,engrailed,73,2,s0.1,0.1,42,-32100.0,0.71
frozen,engrailed,73,3,s0.3,0.3,42,-32000.0,0.71
frozen,engrailed,73,4,s0.5,0.5,42,27500.0,0.71
frozen,engrailed,73,5,s0.7,0.7,25,-45800.0,1.93
frozen,engrailed,73,6,s1.0,1.0,0,-47100.0,2.69
frozen,engrailed,73,7,final,,0,-47100.0,2.69
frozen,dux4,1,0,init,,478,,0.47
frozen,dux4,1,1,H-min,,478,,0.47
frozen,dux4,1,2,s0.1,0.1,478,-16900.0,0.47
frozen,dux4,1,3,s0.3,0.3,478,32000.0,0.47
frozen,dux4,1,4,s0.5,0.5,478,23000000.0,0.47
frozen,dux4,1,5,s0.7,0.7,234,-54500.0,1.55
frozen,dux4,1,6,s1.0,1.0,20,-40600.0,2.2
frozen,dux4,1,7,final,,20,-45100.0,2.2
frozen,dux4,2,0,init,,418,,0.16
frozen,dux4,2,1,H-min,,418,,0.16
frozen,dux4,2,2,s0.1,0.1,417,-2000.0,0.18
frozen,dux4,2,3,s0.3,0.3,417,4580000000.0,0.18
frozen,dux4,2,4,s0.5,0.5,417,2110000000000.0,0.18
frozen,dux4,2,5,s0.7,0.7,151,-61200.0,1.64
frozen,dux4,2,6,s1.0,1.0,0,-55700.0,2.57
frozen,dux4,2,7,final,,0,-58000.0,2.56
frozen,dux4,3,0,init,,554,,0.25
frozen,dux4,3,1,H-min,,554,,0.25
frozen,dux4,3,2,s0.05,0.05,554,-43000.0,0.1
frozen,dux4,3,3,s0.1,0.1,554,1800000.0,0.1
frozen,dux4,3,4,s0.2,0.2,554,7550000000.0,0.1
frozen,dux4,3,5,s0.4,0.4,554,30900000000000.0,0.1
frozen,dux4,3,6,s0.7,0.7,222,-55600.0,1.58
frozen,dux4,3,7,s1.0,1.0,32,-26700.0,2.06
frozen,dux4,3,2,s0.05,0.05,444,-18000.0,0.29
frozen,dux4,3,3,s0.1,0.1,444,-18000.0,0.29
frozen,dux4,3,4,s0.2,0.2,436,-86800.0,0.46
frozen,dux4,3,5,s0.4,0.4,436,20700000.0,0.46
frozen,dux4,3,6,s0.7,0.7,192,-58300.0,1.7
frozen,dux4,3,7,s1.0,1.0,22,-44100.0,2.19
frozen,dux4,3,2,s0.05,0.05,427,-15400.0,0.25
frozen,dux4,3,3,s0.1,0.1,427,-15400.0,0.25
frozen,dux4,3,4,s0.2,0.2,427,205000.0,0.25
frozen,dux4,3,5,s0.4,0.4,427,906000000.0,0.25
frozen,dux4,3,6,s0.7,0.7,210,-60200.0,1.62
frozen,dux4,3,7,s1.0,1.0,0,-55500.0,2.49
frozen,dux4,3,2,s0.05,0.05,506,92200.0,0.27
frozen,dux4,3,3,s0.1,0.1,506,92200.0,0.27
frozen,dux4,3,4,s0.2,0.2,508,52200.0,0.55
frozen,dux4,3,5,s0.4,0.4,508,646000.0,0.55
frozen,dux4,3,6,s0.7,0.7,267,-51100.0,1.55
frozen,dux4,3,7,s1.0,1.0,43,-21900.0,2.13
frozen,dux4,3,2,s0.05,0.05,576,252000.0,0.22
frozen,dux4,3,3,s0.1,0.1,576,252000.0,0.22
frozen,dux4,3,4,s0.2,0.2,560,-280000.0,0.51
frozen,dux4,3,2,s0.05,0.05,412,-3280.0,0.32
frozen,dux4,3,3,s0.1,0.1,412,-3290.0,0.32
frozen,dux4,3,4,s0.2,0.2,413,-13800.0,0.46
frozen,dux4,3,5,s0.4,0.4,413,1720000.0,0.46
frozen,dux4,3,6,s0.7,0.7,145,-61000.0,1.64
frozen,dux4,3,7,s1.0,1.0,11,-51900.0,2.16
frozen,dux4,3,2,s0.05,0.05,443,311000.0,0.09
frozen,dux4,3,3,s0.1,0.1,443,5980000.0,0.09
frozen,dux4,3,4,s0.2,0.2,443,23200000000.0,0.09
frozen,dux4,3,5,s0.4,0.4,443,95200000000000.0,0.09
frozen,dux4,3,2,s0.05,0.05,519,64300.0,0.19
frozen,dux4,3,3,s0.1,0.1,521,-7570.0,0.22
frozen,dux4,3,4,s0.2,0.2,518,-17200.0,0.37
frozen,dux4,3,5,s0.4,0.4,518,24400000.0,0.37
frozen,dux4,3,6,s0.7,0.7,258,-52600.0,1.54
frozen,dux4,3,7,s1.0,1.0,54,-19200.0,2.03
frozen,dux4,3,2,s0.05,0.05,437,64900.0,0.38
frozen,dux4,3,3,s0.1,0.1,437,64900.0,0.38
frozen,dux4,3,4,s0.2,0.2,437,67200.0,0.38
frozen,dux4,3,5,s0.4,0.4,437,9970000.0,0.38
frozen,dux4,3,6,s0.7,0.7,138,-57900.0,1.57
frozen,dux4,3,7,s1.0,1.0,0,-51000.0,2.55
frozen,dux4,3,2,s0.05,0.05,922,-133000.0,0.1
frozen,dux4,3,3,s0.1,0.1,922,37700000.0,0.1
frozen,dux4,3,4,s0.2,0.2,922,155000000000.0,0.1
frozen,dux4,3,5,s0.4,0.4,902,-56300.0,0.95
frozen,dux4,3,6,s0.7,0.7,454,-48300.0,1.62
frozen,dux4,3,7,s1.0,1.0,77,7220.0,2.2
frozen,dux4,3,2,s0.05,0.05,685,84800.0,0.25
frozen,dux4,3,3,s0.1,0.1,675,-584000.0,0.19
frozen,dux4,3,4,s0.2,0.2,675,3990000.0,0.19
frozen,dux4,3,2,s0.05,0.05,463,-25400.0,0.38
frozen,dux4,3,3,s0.1,0.1,463,-25400.0,0.38
frozen,dux4,3,4,s0.2,0.2,463,-23200.0,0.38
frozen,dux4,3,5,s0.4,0.4,463,9930000.0,0.38
frozen,dux4,3,6,s0.7,0.7,463,8220000000.0,0.38
frozen,dux4,3,7,s1.0,1.0,22,-42500.0,2.23
frozen,dux4,3,2,s0.05,0.05,463,-365000.0,0.1
frozen,dux4,3,3,s0.1,0.1,463,31600000.0,0.1
frozen,dux4,3,4,s0.2,0.2,463,131000000000.0,0.1
frozen,dux4,3,5,s0.4,0.4,425,57200.0,0.77
frozen,dux4,3,6,s0.7,0.7,173,-56900.0,1.56
frozen,dux4,3,7,s1.0,1.0,21,-42800.0,2.15
frozen,dux4,3,2,s0.05,0.05,375,-18000.0,0.35
frozen,dux4,3,2,s0.05,0.05,571,-11500.0,0.28
frozen,dux4,3,3,s0.1,0.1,571,-254000.0,0.23
frozen,dux4,3,4,s0.2,0.2,571,1030000.0,0.23
frozen,dux4,3,5,s0.4,0.4,571,5270000000.0,0.23
frozen,dux4,3,6,s0.7,0.7,287,-55400.0,1.6
frozen,dux4,3,7,s1.0,1.0,45,-25100.0,2.13
frozen,dux4,3,2,s0.05,0.05,374,-24000.0,0.47
frozen,dux4,3,3,s0.1,0.1,353,-85000.0,0.21
frozen,dux4,3,4,s0.2,0.2,353,12600000.0,0.21
frozen,dux4,3,5,s0.4,0.4,353,52000000000.0,0.21
frozen,dux4,3,6,s0.7,0.7,146,-56900.0,1.55
frozen,dux4,3,7,s1.0,1.0,20,-41000.0,2.15
frozen,dux4,3,2,s0.05,0.05,483,-14200.0,0.37
frozen,dux4,3,3,s0.1,0.1,483,-14200.0,0.37
frozen,dux4,3,4,s0.2,0.2,483,-11300.0,0.37
frozen,dux4,3,5,s0.4,0.4,483,12500000.0,0.37
frozen,dux4,3,6,s0.7,0.7,253,-52100.0,1.64
frozen,dux4,3,7,s1.0,1.0,64,-8450.0,2.16
frozen,dux4,3,91,final,,31,-27800.0,2.06
frozen,dux4,5,0,init,,377,,0.36
frozen,dux4,5,1,H-min,,377,,0.36
frozen,dux4,5,2,s0.1,0.1,375,-21100.0,0.29
frozen,dux4,5,3,s0.3,0.3,375,6460000.0,0.29
frozen,dux4,5,4,s0.5,0.5,375,2980000000.0,0.29
frozen,dux4,5,5,s0.7,0.7,161,-58200.0,1.7
frozen,dux4,5,6,s1.0,1.0,22,-43400.0,2.21
frozen,dux4,5,7,final,,22,-46200.0,2.2
frozen,dux4,6,0,init,,405,,0.29
frozen,dux4,6,1,H-min,,405,,0.29
frozen,dux4,6,2,s0.1,0.1,400,-126000.0,0.21
frozen,dux4,6,3,s0.3,0.3,385,-36000.0,0.7
frozen,dux4,6,4,s0.5,0.5,384,9180.0,0.9
frozen,dux4,6,5,s0.7,0.7,158,-58400.0,1.62
frozen,dux4,6,6,s1.0,1.0,23,-40800.0,2.05
frozen,dux4,6,7,final,,23,-41600.0,2.04
frozen,dux4,7,0,init,,324,,0.23
frozen,dux4,7,1,H-min,,324,,0.23
frozen,dux4,7,2,s0.1,0.1,309,-183000.0,0.3
frozen,dux4,7,3,s0.3,0.3,309,-115000.0,0.57
frozen,dux4,7,4,s0.5,0.5,309,3010000.0,0.57
frozen,dux4,7,5,s0.7,0.7,121,-61600.0,1.73
frozen,dux4,7,6,s1.0,1.0,0,-59800.0,2.64
frozen,dux4,7,7,final,,0,-59800.0,2.64
frozen,dux4,8,0,init,,463,,0.34
frozen,dux4,8,1,H-min,,463,,0.34
frozen,dux4,8,2,s0.1,0.1,465,-10800.0,0.4
frozen,dux4,8,3,s0.3,0.3,465,403000.0,0.4
frozen,dux4,8,4,s0.5,0.5,433,-27300.0,0.98
frozen,dux4,8,5,s0.7,0.7,166,-55400.0,1.61
frozen,dux4,8,6,s1.0,1.0,10,-49000.0,2.21
frozen,dux4,8,7,final,,10,-50000.0,2.2
frozen,dux4,9,0,init,,560,,0.17
frozen,dux4,9,1,H-min,,560,,0.17
frozen,dux4,9,2,s0.1,0.1,561,12400.0,0.17
frozen,dux4,9,3,s0.3,0.3,561,1230000000.0,0.17
frozen,dux4,9,4,s0.5,0.5,561,566000000000.0,0.17
frozen,dux4,9,5,s0.7,0.7,268,-51300.0,1.7
frozen,dux4,9,6,s1.0,1.0,48,-27200.0,2.21
frozen,dux4,9,7,final,,48,-28800.0,2.21
frozen,dux4,10,0,init,,352,,0.32
frozen,dux4,10,1,H-min,,352,,0.32
frozen,dux4,10,2,s0.1,0.1,350,178000.0,0.36
frozen,dux4,10,3,s0.3,0.3,350,1060000.0,0.36
frozen,dux4,10,4,s0.5,0.5,350,407000000.0,0.36
frozen,dux4,10,5,s0.7,0.7,172,-54700.0,1.62
frozen,dux4,10,6,s1.0,1.0,22,-47400.0,2.2
frozen,dux4,10,7,final,,22,-47400.0,2.2
frozen,dux4,11,0,init,,283,,0.43
frozen,dux4,11,1,H-min,,283,,0.43
frozen,dux4,11,2,s0.1,0.1,281,-22500.0,0.45
frozen,dux4,11,3,s0.3,0.3,281,34700.0,0.45
frozen,dux4,11,4,s0.5,0.5,281,26600000.0,0.45
frozen,dux4,11,5,s0.7,0.7,167,-54700.0,1.58
frozen,dux4,11,6,s1.0,1.0,10,-46600.0,2.12
frozen,dux4,11,7,final,,10,-49400.0,2.12
frozen,dux4,12,0,init,,300,,0.5
frozen,dux4,12,1,H-min,,300,,0.5
frozen,dux4,12,2,s0.1,0.1,300,-26000.0,0.5
frozen,dux4,12,3,s0.3,0.3,300,-14200.0,0.5
frozen,dux4,12,4,s0.5,0.5,269,-45900.0,0.94
frozen,dux4,12,5,s0.7,0.7,111,-59900.0,1.62
frozen,dux4,12,6,s1.0,1.0,22,-46400.0,2.18
frozen,dux4,12,7,final,,22,-47100.0,2.19
frozen,dux4,13,0,init,,608,,0.32
frozen,dux4,13,1,H-min,,608,,0.32
frozen,dux4,13,2,s0.1,0.1,577,-87600.0,0.21
frozen,dux4,13,3,s0.3,0.3,577,2700000000.0,0.21
frozen,dux4,13,4,s0.5,0.5,530,-53700.0,0.96
frozen,dux4,13,5,s0.7,0.7,232,-56400.0,1.58
frozen,dux4,13,6,s1.0,1.0,0,-54200.0,2.54
frozen,dux4,13,7,final,,0,-56600.0,2.55
frozen,dux4,14,0,init,,141,,0.46
frozen,dux4,14,1,H-min,,141,,0.46
frozen,dux4,14,2,s0.1,0.1,143,-89500.0,0.21
frozen,dux4,14,3,s0.3,0.3,134,-65600.0,0.66
frozen,dux4,14,4,s0.5,0.5,134,702000.0,0.66
frozen,dux4,14,5,s0.7,0.7,44,-63300.0,1.91
frozen,dux4,14,6,s1.0,1.0,0,-63600.0,2.79
frozen,dux4,14,7,final,,0,-63600.0,2.79
frozen,dux4,16,0,init,,514,,0.3
frozen,dux4,16,1,H-min,,514,,0.3
frozen,dux4,16,2,s0.1,0.1,520,10300.0,0.34
frozen,dux4,16,3,s0.3,0.3,520,793000.0,0.34
frozen,dux4,16,4,s0.5,0.5,493,-179000.0,0.96
frozen,dux4,16,5,s0.7,0.7,493,-480000.0,0.96
frozen,dux4,16,6,s1.0,1.0,23,-40400.0,2.15
frozen,dux4,16,7,final,,23,-43600.0,2.17
frozen,dux4,17,0,init,,483,,0.25
frozen,dux4,17,1,H-min,,483,,0.25
frozen,dux4,17,2,s0.1,0.1,480,-75000.0,0.25
frozen,dux4,17,3,s0.3,0.3,480,28200000.0,0.25
frozen,dux4,17,4,s0.5,0.5,480,13000000000.0,0.25
frozen,dux4,17,5,s0.7,0.7,238,-53600.0,1.65
frozen,dux4,17,6,s1.0,1.0,44,-20400.0,2.15
frozen,dux4,17,7,final,,44,-22000.0,2.16
frozen,dux4,18,0,init,,514,,0.37
frozen,dux4,18,1,H-min,,514,,0.37
frozen,dux4,18,2,s0.1,0.1,513,-15700.0,0.37
frozen,dux4,18,3,s0.3,0.3,513,341000.0,0.37
frozen,dux4,18,4,s0.5,0.5,460,-4070.0,1.03
frozen,dux4,18,5,s0.7,0.7,207,-55400.0,1.6
frozen,dux4,18,6,s1.0,1.0,42,-23300.0,2.04
frozen,dux4,18,7,final,,42,-24600.0,2.05
frozen,dux4,19,0,init,,482,,0.17
frozen,dux4,19,1,H-min,,482,,0.17
frozen,dux4,19,2,s0.1,0.1,509,-114000.0,0.21
frozen,dux4,19,3,s0.3,0.3,509,4960000000.0,0.21
frozen,dux4,19,4,s0.5,0.5,465,-104000.0,0.96
frozen,dux4,19,5,s0.7,0.7,465,-816000.0,0.96
frozen,dux4,19,6,s1.0,1.0,12,-49400.0,2.24
frozen,dux4,19,7,final,,12,-51000.0,2.25
frozen,dux4,20,0,init,,484,,0.18
frozen,dux4,20,1,H-min,,484,,0.18
frozen,dux4,20,2,s0.1,0.1,485,-167000.0,0.21
frozen,dux4,20,3,s0.3,0.3,479,-68500.0,0.71
frozen,dux4,20,4,s0.5,0.5,423,-56900.0,1.18
frozen,dux4,20,5,s0.7,0.7,223,-53900.0,1.56
frozen,dux4,20,6,s1.0,1.0,10,-41500.0,2.09
frozen,dux4,20,7,final,,10,-42900.0,2.1
frozen,dux4,21,0,init,,518,,0.2
frozen,dux4,21,1,H-min,,518,,0.2
frozen,dux4,21,2,s0.1,0.1,519,-75400000.0,0.18
frozen,dux4,21,3,s0.3,0.3,519,1640000000.0,0.18
frozen,dux4,21,4,s0.5,0.5,519,788000000000.0,0.18
frozen,dux4,21,5,s0.7,0.7,226,-49300.0,1.62
frozen,dux4,21,6,s1.0,1.0,47,-26500.0,2.21
frozen,dux4,21,7,final,,47,-27600.0,2.21
frozen,dux4,22,0,init,,471,,0.4
frozen,dux4,22,1,H-min,,471,,0.4
frozen,dux4,22,2,s0.1,0.1,470,-17200.0,0.4
frozen,dux4,22,3,s0.3,0.3,470,329000.0,0.4
frozen,dux4,22,4,s0.5,0.5,416,-63400.0,0.95
frozen,dux4,22,5,s0.7,0.7,227,-52800.0,1.67
frozen,dux4,22,6,s1.0,1.0,52,-18500.0,2.16
frozen,dux4,22,7,final,,52,-18500.0,2.16
frozen,dux4,24,0,init,,493,,0.35
frozen,dux4,24,1,H-min,,493,,0.35
frozen,dux4,24,2,s0.1,0.1,491,-18300.0,0.36
frozen,dux4,24,3,s0.3,0.3,491,-61600.0,0.71
frozen,dux4,24,4,s0.5,0.5,491,800000.0,0.71
frozen,dux4,24,5,s0.7,0.7,241,-51800.0,1.58
frozen,dux4,24,6,s1.0,1.0,33,-29500.0,2.15
frozen,dux4,24,7,final,,33,-31400.0,2.15
frozen,dux4,25,0,init,,390,,0.11
frozen,dux4,25,1,H-min,,390,,0.11
frozen,dux4,25,2,s0.1,0.1,391,63300.0,0.14
frozen,dux4,25,3,s0.3,0.3,391,43100000000.0,0.14
frozen,dux4,25,4,s0.5,0.5,391,19800000000000.0,0.14
frozen,dux4,25,5,s0.7,0.7,142,-58600.0,1.62
frozen,dux4,25,6,s1.0,1.0,21,-41900.0,2.27
frozen,dux4,25,7,final,,21,-44200.0,2.27
frozen,dux4,26,0,init,,270,,0.48
frozen,dux4,26,1,H-min,,270,,0.48
frozen,dux4,26,2,s0.1,0.1,270,-29000.0,0.49
frozen,dux4,26,3,s0.3,0.3,257,-87100.0,0.7
frozen,dux4,26,4,s0.5,0.5,257,229000.0,0.7
frozen,dux4,26,5,s0.7,0.7,97,-61400.0,1.74
frozen,dux4,26,6,s1.0,1.0,12,-55400.0,2.27
frozen,dux4,26,7,final,,12,-55400.0,2.27
frozen,dux4,27,0,init,,395,,0.21
frozen,dux4,27,1,H-min,,395,,0.21
frozen,dux4,27,2,s0.1,0.1,395,-7670.0,0.22
frozen,dux4,27,3,s0.3,0.3,395,176000000.0,0.22
frozen,dux4,27,4,s0.5,0.5,395,80800000000.0,0.22
frozen,dux4,27,5,s0.7,0.7,195,-59900.0,1.64
frozen,dux4,27,6,s1.0,1.0,12,-49300.0,2.24
frozen,dux4,27,7,final,,12,-52000.0,2.25
frozen,dux4,28,0,init,,579,,0.25
frozen,dux4,28,1,H-min,,579,,0.25
frozen,dux4,28,2,s0.05,0.05,578,114000.0,0.21
frozen,dux4,28,3,s0.1,0.1,578,114000.0,0.21
frozen,dux4,28,2,s0.05,0.05,443,308000.0,0.09
frozen,dux4,28,3,s0.1,0.1,443,5750000.0,0.09
frozen,dux4,28,4,s0.2,0.2,443,22300000000.0,0.09
frozen,dux4,28,5,s0.4,0.4,423,-60100.0,0.97
frozen,dux4,28,6,s0.7,0.7,185,-57500.0,1.59
frozen,dux4,28,7,s1.0,1.0,34,-32200.0,2.07
frozen,dux4,28,2,s0.05,0.05,684,65400.0,0.25
frozen,dux4,28,3,s0.1,0.1,684,65400.0,0.25
frozen,dux4,28,4,s0.2,0.2,684,314000.0,0.25
frozen,dux4,28,5,s0.4,0.4,684,1020000000.0,0.25
frozen,dux4,28,6,s0.7,0.7,312,-48800.0,1.6
frozen,dux4,28,7,s1.0,1.0,49,-6390.0,2.14
frozen,dux4,28,2,s0.05,0.05,376,-17100.0,0.35
frozen,dux4,28,3,s0.1,0.1,376,-17100.0,0.35
frozen,dux4,28,4,s0.2,0.2,376,-15100.0,0.35
frozen,dux4,28,5,s0.4,0.4,376,8750000.0,0.35
frozen,dux4,28,6,s0.7,0.7,143,-55700.0,1.57
frozen,dux4,28,7,s1.0,1.0,33,-34500.0,2.06
frozen,dux4,28,2,s0.05,0.05,493,22300.0,0.26
frozen,dux4,28,3,s0.1,0.1,493,22300.0,0.26
frozen,dux4,28,4,s0.2,0.2,493,187000.0,0.26
frozen,dux4,28,5,s0.4,0.4,493,678000000.0,0.26
frozen,dux4,28,6,s0.7,0.7,203,-56900.0,1.56
frozen,dux4,28,7,s1.0,1.0,10,-50100.0,2.23
frozen,dux4,28,2,s0.05,0.05,495,20800.0,0.08
frozen,dux4,28,3,s0.1,0.1,495,42400000.0,0.08
frozen,dux4,28,4,s0.2,0.2,495,174000000000.0,0.08
frozen,dux4,28,5,s0.4,0.4,495,711000000000000.0,0.08
frozen,dux4,28,6,s0.7,0.7,226,-56900.0,1.69
frozen,dux4,28,7,s1.0,1.0,24,-40500.0,2.25
frozen,dux4,28,2,s0.05,0.05,686,-43500.0,0.17
frozen,dux4,28,3,s0.1,0.1,686,-35300.0,0.17
frozen,dux4,28,4,s0.2,0.2,686,34300000.0,0.17
frozen,dux4,28,37,final,,34,-32200.0,2.07
frozen,dux4,29,0,init,,410,,0.15
frozen,dux4,29,1,H-min,,410,,0.15
frozen,dux4,29,2,s0.1,0.1,410,28600.0,0.19
frozen,dux4,29,3,s0.3,0.3,409,-520000.0,0.74
frozen,dux4,29,4,s0.5,0.5,409,-323000.0,0.74
frozen,dux4,29,5,s0.7,0.7,165,-56300.0,1.62
frozen,dux4,29,6,s1.0,1.0,12,-51300.0,2.26
frozen,dux4,29,7,final,,12,-52700.0,2.25
frozen,dux4,30,0,init,,394,,0.22
frozen,dux4,30,1,H-min,,394,,0.22
frozen,dux4,30,2,s0.1,0.1,392,-4400000.0,0.22
frozen,dux4,30,3,s0.3,0.3,392,343000000.0,0.22
frozen,dux4,30,4,s0.5,0.5,392,160000000000.0,0.22
frozen,dux4,30,5,s0.7,0.7,193,-51600.0,1.64
frozen,dux4,30,6,s1.0,1.0,46,-21700.0,2.17
frozen,dux4,30,7,final,,46,-21700.0,2.17
frozen,dux4,32,0,init,,391,,0.24
frozen,dux4,32,1,H-min,,391,,0.24
frozen,dux4,32,2,s0.1,0.1,418,-117000.0,0.21
frozen,dux4,32,3,s0.3,0.3,418,4210000000.0,0.21
frozen,dux4,32,4,s0.5,0.5,340,-49000.0,1.18
frozen,dux4,32,5,s0.7,0.7,186,-58100.0,1.71
frozen,dux4,32,6,s1.0,1.0,22,-44800.0,2.21
frozen,dux4,32,7,final,,22,-46400.0,2.2
frozen,dux4,34,0,init,,582,,0.33
frozen,dux4,34,1,H-min,,582,,0.33
frozen,dux4,34,2,s0.1,0.1,582,-12300.0,0.35
frozen,dux4,34,3,s0.3,0.3,582,583000.0,0.35
frozen,dux4,34,4,s0.5,0.5,582,275000000.0,0.35
frozen,dux4,34,5,s0.7,0.7,242,-53700.0,1.58
frozen,dux4,34,6,s1.0,1.0,10,-46300.0,2.15
frozen,dux4,34,7,final,,10,-50800.0,2.17
frozen,dux4,35,0,init,,398,,0.23
frozen,dux4,35,1,H-min,,398,,0.23
frozen,dux4,35,2,s0.1,0.1,385,-87000.0,0.21
frozen,dux4,35,3,s0.3,0.3,385,2220000000.0,0.21
frozen,dux4,35,4,s0.5,0.5,385,1020000000000.0,0.21
frozen,dux4,35,5,s0.7,0.7,172,-58200.0,1.63
frozen,dux4,35,6,s1.0,1.0,24,-40700.0,2.1
frozen,dux4,35,7,final,,24,-41800.0,2.1
frozen,dux4,36,0,init,,403,,0.44
frozen,dux4,36,1,H-min,,403,,0.44
frozen,dux4,36,2,s0.1,0.1,402,-21900.0,0.51
frozen,dux4,36,3,s0.3,0.3,386,-42800.0,0.66
frozen,dux4,36,4,s0.5,0.5,386,194000.0,0.66
frozen,dux4,36,5,s0.7,0.7,216,-53600.0,1.53
frozen,dux4,36,6,s1.0,1.0,32,-39000.0,2.2
frozen,dux4,36,7,final,,32,-39000.0,2.2
frozen,dux4,38,0,init,,472,,0.26
frozen,dux4,38,1,H-min,,472,,0.26
frozen,dux4,38,2,s0.1,0.1,449,-91600.0,0.21
frozen,dux4,38,3,s0.3,0.3,449,2620000000.0,0.21
frozen,dux4,38,4,s0.5,0.5,449,1200000000000.0,0.21
frozen,dux4,38,5,s0.7,0.7,166,-57900.0,1.6
frozen,dux4,38,6,s1.0,1.0,23,-40000.0,2.08
frozen,dux4,38,7,final,,23,-41100.0,2.08
frozen,dux4,39,0,init,,480,,0.19
frozen,dux4,39,1,H-min,,480,,0.19
frozen,dux4,39,2,s0.1,0.1,477,12900.0,0.25
frozen,dux4,39,3,s0.3,0.3,477,23400000.0,0.25
frozen,dux4,39,4,s0.5,0.5,477,10700000000.0,0.25
frozen,dux4,39,5,s0.7,0.7,253,-50100.0,1.56
frozen,dux4,39,6,s1.0,1.0,69,-9910.0,2.02
frozen,dux4,39,7,final,,68,-11000.0,2.04
frozen,dux4,41,0,init,,520,,0.13
frozen,dux4,41,1,H-min,,520,,0.13
frozen,dux4,41,2,s0.1,0.1,518,77900.0,0.13
frozen,dux4,41,3,s0.3,0.3,518,43600000000.0,0.13
frozen,dux4,41,4,s0.5,0.5,518,20000000000000.0,0.13
frozen,dux4,41,5,s0.7,0.7,219,-56800.0,1.55
frozen,dux4,41,6,s1.0,1.0,21,-37100.0,2.02
frozen,dux4,41,7,final,,20,-39500.0,2.01
frozen,dux4,42,0,init,,191,,0.32
frozen,dux4,42,1,H-min,,191,,0.32
frozen,dux4,42,2,s0.1,0.1,178,-80800.0,0.21
frozen,dux4,42,3,s0.3,0.3,162,-59400.0,0.75
frozen,dux4,42,4,s0.5,0.5,162,324000.0,0.75
frozen,dux4,42,5,s0.7,0.7,69,-58800.0,1.54
frozen,dux4,42,6,s1.0,1.0,13,-53000.0,2.2
frozen,dux4,42,7,final,,13,-54100.0,2.22
frozen,dux4,43,0,init,,416,,0.32
frozen,dux4,43,1,H-min,,416,,0.32
frozen,dux4,43,2,s0.1,0.1,416,24300.0,0.34
frozen,dux4,43,3,s0.3,0.3,417,-1080000.0,0.6
frozen,dux4,43,4,s0.5,0.5,417,-88100.0,0.6
frozen,dux4,43,5,s0.7,0.7,174,-56500.0,1.7
frozen,dux4,43,6,s1.0,1.0,25,-34600.0,2.19
frozen,dux4,43,7,final,,24,-35800.0,2.2
frozen,dux4,44,0,init,,516,,0.32
frozen,dux4,44,1,H-min,,516,,0.32
frozen,dux4,44,2,s0.1,0.1,514,-13600.0,0.32
frozen,dux4,44,3,s0.3,0.3,503,-35800.0,0.64
frozen,dux4,44,4,s0.5,0.5,503,531000.0,0.64
frozen,dux4,44,5,s0.7,0.7,168,-57800.0,1.64
frozen,dux4,44,6,s1.0,1.0,21,-43900.0,2.15
frozen,dux4,44,7,final,,21,-44000.0,2.15
frozen,dux4,45,0,init,,505,,0.41
frozen,dux4,45,1,H-min,,505,,0.41
frozen,dux4,45,2,s0.1,0.1,505,-21000.0,0.41
frozen,dux4,45,3,s0.3,0.3,505,265000.0,0.41
frozen,dux4,45,4,s0.5,0.5,505,132000000.0,0.41
frozen,dux4,45,5,s0.7,0.7,216,-54200.0,1.63
frozen,dux4,45,6,s1.0,1.0,10,-46200.0,2.14
frozen,dux4,45,7,final,,11,-48600.0,2.15
frozen,dux4,46,0,init,,537,,0.15
frozen,dux4,46,1,H-min,,537,,0.15
frozen,dux4,46,2,s0.1,0.1,538,-11000.0,0.2
frozen,dux4,46,3,s0.3,0.3,516,-41100.0,0.72
frozen,dux4,46,4,s0.5,0.5,516,153000.0,0.72
frozen,dux4,46,5,s0.7,0.7,281,-49400.0,1.58
frozen,dux4,46,6,s1.0,1.0,55,-10500.0,2.04
frozen,dux4,46,7,final,,55,-13400.0,2.04
frozen,dux4,47,0,init,,449,,0.34
frozen,dux4,47,1,H-min,,449,,0.34
frozen,dux4,47,2,s0.1,0.1,439,-53900.0,0.22
frozen,dux4,47,3,s0.3,0.3,438,-89000.0,0.51
frozen,dux4,47,4,s0.5,0.5,438,5620000.0,0.51
frozen,dux4,47,5,s0.7,0.7,200,-53200.0,1.58
frozen,dux4,47,6,s1.0,1.0,25,-41400.0,2.15
frozen,dux4,47,7,final,,23,-43100.0,2.15
frozen,dux4,48,0,init,,505,,0.44
frozen,dux4,48,1,H-min,,505,,0.44
frozen,dux4,48,2,s0.1,0.1,504,-9670.0,0.44
frozen,dux4,48,3,s0.3,0.3,478,-64000.0,0.71
frozen,dux4,48,4,s0.5,0.5,478,1130000.0,0.71
frozen,dux4,48,5,s0.7,0.7,260,-54300.0,1.74
frozen,dux4,48,6,s1.0,1.0,24,-44100.0,2.26
frozen,dux4,48,7,final,,24,-46200.0,2.26
frozen,dux4,49,0,init,,534,,0.16
frozen,dux4,49,1,H-min,,534,,0.16
frozen,dux4,49,2,s0.1,0.1,531,-9110.0,0.21
frozen,dux4,49,3,s0.3,0.3,531,949000000.0,0.21
frozen,dux4,49,4,s0.5,0.5,457,-33500.0,1.03
frozen,dux4,49,5,s0.7,0.7,180,-53200.0,1.57
frozen,dux4,49,6,s1.0,1.0,19,-40700.0,2.21
frozen,dux4,49,7,final,,19,-41800.0,2.22
frozen,dux4,53,0,init,,558,,0.29
frozen,dux4,53,1,H-min,,558,,0.29
frozen,dux4,53,2,s0.1,0.1,600,-169000.0,0.21
frozen,dux4,53,3,s0.3,0.3,600,7580000000.0,0.21
frozen,dux4,53,4,s0.5,0.5,600,3480000000000.0,0.21
frozen,dux4,53,5,s0.7,0.7,277,-55500.0,1.65
frozen,dux4,53,6,s1.0,1.0,35,-32700.0,2.14
frozen,dux4,53,7,final,,34,-35000.0,2.18
frozen,dux4,55,0,init,,498,,0.45
frozen,dux4,55,1,H-min,,498,,0.45
frozen,dux4,55,2,s0.1,0.1,499,-2390.0,0.4
frozen,dux4,55,3,s0.3,0.3,500,-18500.0,0.49
frozen,dux4,55,4,s0.5,0.5,500,10900000.0,0.49
frozen,dux4,55,5,s0.7,0.7,254,-50800.0,1.6
frozen,dux4,55,6,s1.0,1.0,30,-31600.0,2.18
frozen,dux4,55,7,final,,30,-34400.0,2.18
frozen,dux4,57,0,init,,344,,0.3
frozen,dux4,57,1,H-min,,344,,0.3
frozen,dux4,57,2,s0.1,0.1,345,-90500.0,0.21
frozen,dux4,57,3,s0.3,0.3,345,2400000000.0,0.21
frozen,dux4,57,4,s0.5,0.5,345,1100000000000.0,0.21
frozen,dux4,57,5,s0.7,0.7,151,-55900.0,1.55
frozen,dux4,57,6,s1.0,1.0,10,-48000.0,2.22
frozen,dux4,57,7,final,,10,-49800.0,2.22
frozen,dux4,58,0,init,,436,,0.13
frozen,dux4,58,1,H-min,,436,,0.13
frozen,dux4,58,2,s0.1,0.1,435,79700.0,0.14
frozen,dux4,58,3,s0.3,0.3,435,30400000000.0,0.14
frozen,dux4,58,4,s0.5,0.5,435,14000000000000.0,0.14
frozen,dux4,58,5,s0.7,0.7,225,-54400.0,1.54
frozen,dux4,58,6,s1.0,1.0,10,-48800.0,2.18
frozen,dux4,58,7,final,,10,-51300.0,2.19
frozen,dux4,59,0,init,,462,,0.28
frozen,dux4,59,1,H-min,,462,,0.28
frozen,dux4,59,2,s0.1,0.1,506,-156000.0,0.21
frozen,dux4,59,3,s0.3,0.3,496,-82900.0,0.7
frozen,dux4,59,4,s0.5,0.5,427,-60800.0,1.17
frozen,dux4,59,5,s0.7,0.7,228,-58300.0,1.68
frozen,dux4,59,6,s1.0,1.0,24,-37700.0,2.21
frozen,dux4,59,7,final,,24,-40100.0,2.21
frozen,dux4,60,0,init,,457,,0.16
frozen,dux4,60,1,H-min,,457,,0.16
frozen,dux4,60,2,s0.1,0.1,460,-1690.0,0.2
frozen,dux4,60,3,s0.3,0.3,460,-19000.0,0.64
frozen,dux4,60,4,s0.5,0.5,460,627000.0,0.64
frozen,dux4,60,5,s0.7,0.7,199,-56800.0,1.65
frozen,dux4,60,6,s1.0,1.0,34,-31100.0,2.16
frozen,dux4,60,7,final,,34,-32200.0,2.16
frozen,dux4,62,0,init,,477,,0.14
frozen,dux4,62,1,H-min,,477,,0.14
frozen,dux4,62,2,s0.1,0.1,475,-6690.0,0.16
frozen,dux4,62,3,s0.3,0.3,475,4170000000.0,0.16
frozen,dux4,62,4,s0.5,0.5,388,-42300.0,1.27
frozen,dux4,62,5,s0.7,0.7,142,-59800.0,1.64
frozen,dux4,62,6,s1.0,1.0,11,-49400.0,2.12
frozen,dux4,62,7,final,,11,-50400.0,2.12
frozen,dux4,63,0,init,,382,,0.42
frozen,dux4,63,1,H-min,,382,,0.42
frozen,dux4,63,2,s0.1,0.1,383,-24400.0,0.4
frozen,dux4,63,3,s0.3,0.3,383,180000.0,0.4
frozen,dux4,63,4,s0.5,0.5,383,94800000.0,0.4
frozen,dux4,63,5,s0.7,0.7,120,-56600.0,1.61
frozen,dux4,63,6,s1.0,1.0,10,-51300.0,2.02
frozen,dux4,63,7,final,,10,-51900.0,2.02
frozen,dux4,64,0,init,,746,,0.21
frozen,dux4,64,1,H-min,,746,,0.21
frozen,dux4,64,2,s0.1,0.1,746,14600.0,0.2
frozen,dux4,64,3,s0.3,0.3,719,4630.0,0.68
frozen,dux4,64,4,s0.5,0.5,719,434000.0,0.68
frozen,dux4,64,5,s0.7,0.7,330,-51300.0,1.63
frozen,dux4,64,6,s1.0,1.0,12,-43100.0,2.26
frozen,dux4,64,7,final,,12,-49000.0,2.26
frozen,dux4,65,0,init,,479,,0.48
frozen,dux4,65,1,H-min,,479,,0.48
frozen,dux4,65,2,s0.1,0.1,478,-12200.0,0.45
frozen,dux4,65,3,s0.3,0.3,443,-60200.0,0.71
frozen,dux4,65,4,s0.5,0.5,443,787000.0,0.71
frozen,dux4,65,5,s0.7,0.7,174,-55700.0,1.68
frozen,dux4,65,6,s1.0,1.0,11,-50600.0,2.23
frozen,dux4,65,7,final,,10,-51500.0,2.23
frozen,dux4,66,0,init,,518,,0.4
frozen,dux4,66,1,H-min,,518,,0.4
frozen,dux4,66,2,s0.1,0.1,520,11900.0,0.41
frozen,dux4,66,3,s0.3,0.3,518,4540.0,0.7
frozen,dux4,66,4,s0.5,0.5,518,736000.0,0.7
frozen,dux4,66,5,s0.7,0.7,152,-61000.0,1.6
frozen,dux4,66,6,s1.0,1.0,0,-57700.0,2.54
frozen,dux4,66,7,final,,0,-59500.0,2.62
frozen,dux4,67,0,init,,700,,0.27
frozen,dux4,67,1,H-min,,700,,0.27
frozen,dux4,67,2,s0.1,0.1,701,6190.0,0.34
frozen,dux4,67,3,s0.3,0.3,701,1240000.0,0.34
frozen,dux4,67,4,s0.5,0.5,701,568000000.0,0.34
frozen,dux4,67,5,s0.7,0.7,343,-43700.0,1.55
frozen,dux4,67,6,s1.0,1.0,52,-11000.0,2.06
frozen,dux4,67,7,final,,52,-13100.0,2.06
frozen,dux4,68,0,init,,424,,0.58
frozen,dux4,68,1,H-min,,424,,0.58
frozen,dux4,68,2,s0.1,0.1,411,-32100.0,0.22
frozen,dux4,68,3,s0.3,0.3,411,210000000.0,0.22
frozen,dux4,68,4,s0.5,0.5,411,96300000000.0,0.22
frozen,dux4,68,5,s0.7,0.7,211,-54300.0,1.59
frozen,dux4,68,6,s1.0,1.0,22,-41000.0,2.16
frozen,dux4,68,7,final,,22,-42200.0,2.16
frozen,dux4,69,0,init,,406,,0.36
frozen,dux4,69,1,H-min,,406,,0.36
frozen,dux4,69,2,s0.1,0.1,408,12500.0,0.36
frozen,dux4,69,3,s0.3,0.3,408,350000.0,0.36
frozen,dux4,69,4,s0.5,0.5,408,156000000.0,0.36
frozen,dux4,69,5,s0.7,0.7,153,-59500.0,1.68
frozen,dux4,69,6,s1.0,1.0,12,-49600.0,2.21
frozen,dux4,69,7,final,,12,-50500.0,2.21
frozen,dux4,70,0,init,,353,,0.34
frozen,dux4,70,1,H-min,,353,,0.34
frozen,dux4,70,2,s0.1,0.1,355,-135000.0,0.21
frozen,dux4,70,3,s0.3,0.3,365,-80900.0,0.71
frozen,dux4,70,4,s0.5,0.5,365,2280000.0,0.71
frozen,dux4,70,5,s0.7,0.7,155,-57400.0,1.55
frozen,dux4,70,6,s1.0,1.0,12,-50700.0,2.22
frozen,dux4,70,7,final,,12,-52500.0,2.22
frozen,dux4,72,0,init,,360,,0.14
frozen,dux4,72,1,H-min,,360,,0.14
frozen,dux4,72,2,s0.1,0.1,353,-97700.0,0.22
frozen,dux4,72,3,s0.3,0.3,353,2680000000.0,0.22
frozen,dux4,72,4,s0.5,0.5,308,-55300.0,1.25
frozen,dux4,72,5,s0.7,0.7,193,-57500.0,1.76
frozen,dux4,72,6,s1.0,1.0,36,-37000.0,2.26
frozen,dux4,72,7,final,,36,-38400.0,2.27
frozen,dux4,73,0,init,,428,,0.41
frozen,dux4,73,1,H-min,,428,,0.41
frozen,dux4,73,2,s0.1,0.1,428,-14900.0,0.43
frozen,dux4,73,3,s0.3,0.3,428,-215000.0,0.6
frozen,dux4,73,4,s0.5,0.5,428,1950000.0,0.6
frozen,dux4,73,5,s0.7,0.7,222,-55900.0,1.66
frozen,dux4,73,6,s1.0,1.0,21,-35500.0,2.14
frozen,dux4,73,7,final,,21,-38800.0,2.14
frozen,dux4,74,0,init,,472,,0.16
frozen,dux4,74,1,H-min,,472,,0.16
frozen,dux4,74,2,s0.1,0.1,473,-5550.0,0.16
frozen,dux4,74,3,s0.3,0.3,473,3280000000.0,0.16
frozen,dux4,74,4,s0.5,0.5,473,1510000000000.0,0.16
frozen,dux4,74,5,s0.7,0.7,222,-54900.0,1.64
frozen,dux4,74,6,s1.0,1.0,22,-40700.0,2.24
frozen,dux4,74,7,final,,22,-42300.0,2.23
dnarelax,tbp,1,0,init,,23,,0.61
dnarelax,tbp,1,1,H-min,,23,,0.61
dnarelax,tbp,1,2,s0.1,0.1,25,-135000.0,0.75
dnarelax,tbp,1,3,s0.3,0.3,25,-135000.0,0.75
dnarelax,tbp,1,4,s0.5,0.5,25,-101000.0,0.75
dnarelax,tbp,1,5,s0.7,0.7,12,-42300.0,1.55
dnarelax,tbp,1,6,s1.0,1.0,0,-46500.0,2.6
dnarelax,tbp,1,7,final,,0,-46700.0,2.6
dnarelax,tbp,2,0,init,,25,,0.88
dnarelax,tbp,2,1,H-min,,25,,0.88
dnarelax,tbp,2,2,s0.1,0.1,28,-40900.0,0.25
dnarelax,tbp,2,3,s0.3,0.3,28,345000000.0,0.25
dnarelax,tbp,2,4,s0.5,0.5,28,158000000000.0,0.25
dnarelax,tbp,2,5,s0.7,0.7,12,-43300.0,1.54
dnarelax,tbp,2,6,s1.0,1.0,0,-46400.0,2.6
dnarelax,tbp,2,7,final,,0,-46400.0,2.6
dnarelax,tbp,3,0,init,,15,,0.72
dnarelax,tbp,3,1,H-min,,15,,0.72
dnarelax,tbp,3,2,s0.1,0.1,15,-36000.0,0.98
dnarelax,tbp,3,3,s0.3,0.3,15,-36000.0,0.98
dnarelax,tbp,3,4,s0.5,0.5,13,-38800.0,1.15
dnarelax,tbp,3,5,s0.7,0.7,11,-43200.0,1.55
dnarelax,tbp,3,6,s1.0,1.0,0,-46500.0,2.58
dnarelax,tbp,3,7,final,,0,-46700.0,2.57
dnarelax,tbp,4,0,init,,27,,0.99
dnarelax,tbp,4,1,H-min,,27,,0.99
dnarelax,tbp,4,2,s0.1,0.1,32,-42400.0,0.23
dnarelax,tbp,4,3,s0.3,0.3,32,263000000.0,0.23
dnarelax,tbp,4,4,s0.5,0.5,32,121000000000.0,0.23
dnarelax,tbp,4,5,s0.7,0.7,9,-43100.0,1.56
dnarelax,tbp,4,6,s1.0,1.0,0,-46200.0,2.58
dnarelax,tbp,4,7,final,,0,-46200.0,2.58
dnarelax,tbp,5,0,init,,49,,0.97
dnarelax,tbp,5,1,H-min,,49,,0.97
dnarelax,tbp,5,2,s0.05,0.05,49,-5450.0,0.98
dnarelax,tbp,5,3,s0.1,0.1,49,-5450.0,0.98
dnarelax,tbp,5,4,s0.2,0.2,49,-5450.0,0.98
dnarelax,tbp,5,5,s0.4,0.4,49,-5460.0,0.98
dnarelax,tbp,5,6,s0.7,0.7,17,-44800.0,1.66
dnarelax,tbp,5,7,s1.0,1.0,0,-46000.0,2.67
dnarelax,tbp,5,2,s0.05,0.05,33,-19600.0,0.76
dnarelax,tbp,5,3,s0.1,0.1,33,-19600.0,0.76
dnarelax,tbp,5,4,s0.2,0.2,33,-19600.0,0.76
dnarelax,tbp,5,5,s0.4,0.4,33,-18500.0,0.76
dnarelax,tbp,5,6,s0.7,0.7,21,-43900.0,1.55
dnarelax,tbp,5,7,s1.0,1.0,0,-46000.0,2.6
dnarelax,tbp,5,14,final,,0,-46000.0,2.67
dnarelax,tbp,6,0,init,,6,,1.45
dnarelax,tbp,6,1,H-min,,6,,1.45
dnarelax,tbp,6,2,s0.1,0.1,6,-19000.0,1.45
dnarelax,tbp,6,3,s0.3,0.3,8,-48500.0,1.44
dnarelax,tbp,6,4,s0.5,0.5,8,851000.0,1.44
dnarelax,tbp,6,5,s0.7,0.7,14,-44100.0,1.65
dnarelax,tbp,6,6,s1.0,1.0,0,-45800.0,2.78
dnarelax,tbp,6,7,final,,0,-46000.0,2.65
dnarelax,tbp,7,0,init,,25,,0.85
dnarelax,tbp,7,1,H-min,,25,,0.85
dnarelax,tbp,7,2,s0.1,0.1,25,-20800.0,0.85
dnarelax,tbp,7,3,s0.3,0.3,25,-20800.0,0.85
dnarelax,tbp,7,4,s0.5,0.5,17,-37700.0,1.6
dnarelax,tbp,7,5,s0.7,0.7,9,-43200.0,1.57
dnarelax,tbp,7,6,s1.0,1.0,0,-46100.0,2.6
dnarelax,tbp,7,7,final,,0,-46100.0,2.6
dnarelax,tbp,8,0,init,,28,,1.15
dnarelax,tbp,8,1,H-min,,28,,1.15
dnarelax,tbp,8,2,s0.1,0.1,39,-49900.0,1.08
dnarelax,tbp,8,3,s0.3,0.3,39,742000000.0,1.08
dnarelax,tbp,8,4,s0.5,0.5,39,341000000000.0,1.08
dnarelax,tbp,8,5,s0.7,0.7,10,-42400.0,2.07
dnarelax,tbp,8,6,s1.0,1.0,0,-46300.0,2.6
dnarelax,tbp,8,7,final,,0,-46500.0,2.61
dnarelax,tbp,9,0,init,,19,,0.23
dnarelax,tbp,9,1,H-min,,19,,0.23
dnarelax,tbp,9,2,s0.1,0.1,17,-38000.0,0.92
dnarelax,tbp,9,3,s0.3,0.3,19,-38900.0,0.88
dnarelax,tbp,9,4,s0.5,0.5,17,-39500.0,1.26
dnarelax,tbp,9,5,s0.7,0.7,9,-43500.0,1.54
dnarelax,tbp,9,6,s1.0,1.0,0,-46700.0,2.59
dnarelax,tbp,9,7,final,,0,-46700.0,2.59
dnarelax,tbp,11,0,init,,44,,0.62
dnarelax,tbp,11,1,H-min,,44,,0.62
dnarelax,tbp,11,2,s0.05,0.05,44,166000.0,0.7
dnarelax,tbp,11,3,s0.1,0.1,44,166000.0,0.7
dnarelax,tbp,11,4,s0.2,0.2,44,166000.0,0.7
dnarelax,tbp,11,5,s0.4,0.4,44,185000.0,0.7
dnarelax,tbp,11,6,s0.7,0.7,15,-43500.0,1.54
dnarelax,tbp,11,7,s1.0,1.0,0,-45800.0,2.59
dnarelax,tbp,11,8,final,,0,-45800.0,2.59
dnarelax,tbp,12,0,init,,23,,1.08
dnarelax,tbp,12,1,H-min,,23,,1.08
dnarelax,tbp,12,2,s0.1,0.1,23,-22500.0,1.08
dnarelax,tbp,12,3,s0.3,0.3,20,-93300.0,0.93
dnarelax,tbp,12,4,s0.5,0.5,20,-89200.0,0.93
dnarelax,tbp,12,5,s0.7,0.7,10,-43300.0,1.55
dnarelax,tbp,12,6,s1.0,1.0,0,-46500.0,2.6
dnarelax,tbp,12,7,final,,0,-46500.0,2.6
dnarelax,tbp,13,0,init,,18,,1.08
dnarelax,tbp,13,1,H-min,,18,,1.08
dnarelax,tbp,13,2,s0.1,0.1,17,-23500.0,1.08
dnarelax,tbp,13,3,s0.3,0.3,17,-23500.0,1.08
dnarelax,tbp,13,4,s0.5,0.5,16,-39600.0,1.5
dnarelax,tbp,13,5,s0.7,0.7,11,-43300.0,1.56
dnarelax,tbp,13,6,s1.0,1.0,0,-46300.0,2.55
dnarelax,tbp,13,7,final,,0,-46600.0,2.58
dnarelax,tbp,14,0,init,,27,,0.59
dnarelax,tbp,14,1,H-min,,27,,0.59
dnarelax,tbp,14,2,s0.1,0.1,27,-24100.0,0.59
dnarelax,tbp,14,3,s0.3,0.3,27,-23300.0,0.59
dnarelax,tbp,14,4,s0.5,0.5,27,376000.0,0.59
dnarelax,tbp,14,5,s0.7,0.7,7,-42500.0,2.0
dnarelax,tbp,14,6,s1.0,1.0,0,-46400.0,2.59
dnarelax,tbp,14,7,final,,0,-46400.0,2.59
dnarelax,tbp,15,0,init,,72,,0.75
dnarelax,tbp,15,1,H-min,,72,,0.75
dnarelax,tbp,15,2,s0.1,0.1,62,-64300.0,0.81
dnarelax,tbp,15,3,s0.3,0.3,62,-64300.0,0.81
dnarelax,tbp,15,4,s0.5,0.5,62,-1820000.0,0.81
dnarelax,tbp,15,5,s0.7,0.7,62,-2260000.0,0.81
dnarelax,tbp,15,6,s1.0,1.0,0,-45800.0,2.65
dnarelax,tbp,15,7,final,,0,-46100.0,2.6
dnarelax,tbp,16,0,init,,28,,0.59
dnarelax,tbp,16,1,H-min,,28,,0.59
dnarelax,tbp,16,2,s0.1,0.1,28,-46700.0,0.23
dnarelax,tbp,16,3,s0.3,0.3,28,484000000.0,0.23
dnarelax,tbp,16,4,s0.5,0.5,28,222000000000.0,0.23
dnarelax,tbp,16,5,s0.7,0.7,13,-44900.0,1.68
dnarelax,tbp,16,6,s1.0,1.0,0,-46400.0,2.73
dnarelax,tbp,16,7,final,,0,-46400.0,2.73
dnarelax,tbp,17,0,init,,35,,0.6
dnarelax,tbp,17,1,H-min,,35,,0.6
dnarelax,tbp,17,2,s0.1,0.1,35,-24300.0,0.62
dnarelax,tbp,17,3,s0.3,0.3,35,-22700.0,0.62
dnarelax,tbp,17,4,s0.5,0.5,35,738000.0,0.62
dnarelax,tbp,17,5,s0.7,0.7,13,-43500.0,1.55
dnarelax,tbp,17,6,s1.0,1.0,0,-46700.0,2.57
dnarelax,tbp,17,7,final,,0,-47000.0,2.58
dnarelax,tbp,18,0,init,,20,,0.73
dnarelax,tbp,18,1,H-min,,20,,0.73
dnarelax,tbp,18,2,s0.1,0.1,21,-16800.0,0.73
dnarelax,tbp,18,3,s0.3,0.3,21,-16700.0,0.73
dnarelax,tbp,18,4,s0.5,0.5,21,-487.0,0.73
dnarelax,tbp,18,5,s0.7,0.7,7,-42300.0,1.78
dnarelax,tbp,18,6,s1.0,1.0,0,-45900.0,2.6
dnarelax,tbp,18,7,final,,0,-46100.0,2.61
dnarelax,tbp,19,0,init,,138,,0.19
dnarelax,tbp,19,1,H-min,,138,,0.19
dnarelax,tbp,19,2,s0.1,0.1,130,-42000.0,0.24
dnarelax,tbp,19,3,s0.3,0.3,114,-37000.0,0.77
dnarelax,tbp,19,4,s0.5,0.5,114,195000.0,0.77
dnarelax,tbp,19,5,s0.7,0.7,34,-41900.0,1.56
dnarelax,tbp,19,6,s1.0,1.0,0,-45500.0,2.58
dnarelax,tbp,19,7,final,,0,-45700.0,2.58
dnarelax,tbp,20,0,init,,31,,0.93
dnarelax,tbp,20,1,H-min,,31,,0.93
dnarelax,tbp,20,2,s0.1,0.1,31,-7630.0,0.94
dnarelax,tbp,20,3,s0.3,0.3,31,-7650.0,0.94
dnarelax,tbp,20,4,s0.5,0.5,27,-33300.0,0.94
dnarelax,tbp,20,5,s0.7,0.7,20,-42600.0,1.55
dnarelax,tbp,20,6,s1.0,1.0,0,-45900.0,2.57
dnarelax,tbp,20,7,final,,0,-46300.0,2.55
dnarelax,tbp,21,0,init,,42,,0.71
dnarelax,tbp,21,1,H-min,,42,,0.71
dnarelax,tbp,21,2,s0.1,0.1,46,-44300.0,0.25
dnarelax,tbp,21,3,s0.3,0.3,46,481000000.0,0.25
dnarelax,tbp,21,4,s0.5,0.5,46,221000000000.0,0.25
dnarelax,tbp,21,5,s0.7,0.7,19,-43000.0,1.55
dnarelax,tbp,21,6,s1.0,1.0,0,-46200.0,2.58
dnarelax,tbp,21,7,final,,0,-46200.0,2.58
dnarelax,tbp,22,0,init,,23,,1.18
dnarelax,tbp,22,1,H-min,,23,,1.18
dnarelax,tbp,22,2,s0.1,0.1,23,-19500.0,1.18
dnarelax,tbp,22,3,s0.3,0.3,22,-36100.0,1.35
dnarelax,tbp,22,4,s0.5,0.5,22,-36400.0,1.35
dnarelax,tbp,22,5,s0.7,0.7,10,-43200.0,1.75
dnarelax,tbp,22,6,s1.0,1.0,0,-45900.0,2.77
dnarelax,tbp,22,7,final,,0,-46100.0,2.71
dnarelax,tbp,23,0,init,,15,,1.7
dnarelax,tbp,23,1,H-min,,15,,1.7
dnarelax,tbp,23,2,s0.05,0.05,15,3330.0,1.69
dnarelax,tbp,23,3,s0.1,0.1,15,3330.0,1.69
dnarelax,tbp,23,4,s0.2,0.2,15,3330.0,1.69
dnarelax,tbp,23,5,s0.4,0.4,15,3240.0,1.69
dnarelax,tbp,23,6,s0.7,0.7,10,-44100.0,1.55
dnarelax,tbp,23,7,s1.0,1.0,0,-46500.0,2.59
dnarelax,tbp,23,8,final,,0,-46500.0,2.59
dnarelax,tbp,24,0,init,,6,,1.24
dnarelax,tbp,24,1,H-min,,6,,1.24
dnarelax,tbp,24,2,s0.1,0.1,6,-23800.0,1.24
dnarelax,tbp,24,3,s0.3,0.3,6,-23800.0,1.24
dnarelax,tbp,24,4,s0.5,0.5,6,-24100.0,1.24
dnarelax,tbp,24,5,s0.7,0.7,6,-43300.0,1.57
dnarelax,tbp,24,6,s1.0,1.0,0,-46500.0,2.6
dnarelax,tbp,24,7,final,,0,-46700.0,2.59
dnarelax,tbp,25,0,init,,34,,0.94
dnarelax,tbp,25,1,H-min,,34,,0.94
dnarelax,tbp,25,2,s0.1,0.1,34,-22600.0,0.94
dnarelax,tbp,25,3,s0.3,0.3,34,-22600.0,0.94
dnarelax,tbp,25,4,s0.5,0.5,34,-20100.0,0.94
dnarelax,tbp,25,5,s0.7,0.7,17,-43000.0,1.55
dnarelax,tbp,25,6,s1.0,1.0,0,-46500.0,2.57
dnarelax,tbp,25,7,final,,0,-46700.0,2.57
dnarelax,tbp,26,0,init,,10,,1.82
dnarelax,tbp,26,1,H-min,,10,,1.82
dnarelax,tbp,26,2,s0.1,0.1,10,-25700.0,1.82
dnarelax,tbp,26,3,s0.3,0.3,9,-37300.0,1.82
dnarelax,tbp,26,4,s0.5,0.5,12,-41500.0,0.89
dnarelax,tbp,26,5,s0.7,0.7,13,-43900.0,1.55
dnarelax,tbp,26,6,s1.0,1.0,0,-46700.0,2.58
dnarelax,tbp,26,7,final,,0,-46700.0,2.58
dnarelax,tbp,27,0,init,,39,,0.95
dnarelax,tbp,27,1,H-min,,39,,0.95
dnarelax,tbp,27,2,s0.1,0.1,39,-21000.0,0.99
dnarelax,tbp,27,3,s0.3,0.3,39,-21000.0,0.99
dnarelax,tbp,27,4,s0.5,0.5,39,-19700.0,0.99
dnarelax,tbp,27,5,s0.7,0.7,11,-42700.0,1.55
dnarelax,tbp,27,6,s1.0,1.0,0,-46100.0,2.65
dnarelax,tbp,27,7,final,,0,-46300.0,2.64
dnarelax,tbp,28,0,init,,15,,0.66
dnarelax,tbp,28,1,H-min,,15,,0.66
dnarelax,tbp,28,2,s0.1,0.1,15,-22300.0,0.66
dnarelax,tbp,28,3,s0.3,0.3,15,-22100.0,0.66
dnarelax,tbp,28,4,s0.5,0.5,15,74300.0,0.66
dnarelax,tbp,28,5,s0.7,0.7,12,-43200.0,1.55
dnarelax,tbp,28,6,s1.0,1.0,0,-46400.0,2.59
dnarelax,tbp,28,7,final,,0,-46400.0,2.59
dnarelax,tbp,29,0,init,,31,,0.47
dnarelax,tbp,29,1,H-min,,31,,0.47
dnarelax,tbp,29,2,s0.1,0.1,31,-22700.0,0.5
dnarelax,tbp,29,3,s0.3,0.3,27,-37400.0,0.88
dnarelax,tbp,29,4,s0.5,0.5,27,31700.0,0.88
dnarelax,tbp,29,5,s0.7,0.7,15,-43500.0,1.55
dnarelax,tbp,29,6,s1.0,1.0,0,-46500.0,2.58
dnarelax,tbp,29,7,final,,0,-46500.0,2.58
dnarelax,tbp,30,0,init,,14,,0.85
dnarelax,tbp,30,1,H-min,,14,,0.85
dnarelax,tbp,30,2,s0.1,0.1,14,-44400.0,1.04
dnarelax,tbp,30,3,s0.3,0.3,14,416000000.0,1.04
dnarelax,tbp,30,4,s0.5,0.5,14,191000000000.0,1.04
dnarelax,tbp,30,5,s0.7,0.7,11,-42400.0,1.55
dnarelax,tbp,30,6,s1.0,1.0,0,-46100.0,2.57
dnarelax,tbp,30,7,final,,0,-46100.0,2.57
dnarelax,tbp,31,0,init,,43,,0.68
dnarelax,tbp,31,1,H-min,,43,,0.68
dnarelax,tbp,31,2,s0.05,0.05,43,-19400.0,0.68
dnarelax,tbp,31,3,s0.1,0.1,43,-19400.0,0.68
dnarelax,tbp,31,4,s0.2,0.2,40,-35200.0,0.66
dnarelax,tbp,31,5,s0.4,0.4,40,-25200.0,0.66
dnarelax,tbp,31,6,s0.7,0.7,29,-42900.0,1.55
dnarelax,tbp,31,7,s1.0,1.0,9,-38200.0,2.28
dnarelax,tbp,31,8,final,,9,-38400.0,2.28
dnarelax,tbp,33,0,init,,49,,0.74
dnarelax,tbp,33,1,H-min,,49,,0.74
dnarelax,tbp,33,2,s0.1,0.1,49,-20500.0,0.76
dnarelax,tbp,33,3,s0.3,0.3,49,-20400.0,0.76
dnarelax,tbp,33,4,s0.5,0.5,49,46500.0,0.76
dnarelax,tbp,33,5,s0.7,0.7,18,-42800.0,1.55
dnarelax,tbp,33,6,s1.0,1.0,0,-46500.0,2.57
dnarelax,tbp,33,7,final,,0,-46600.0,2.56
dnarelax,tbp,34,0,init,,56,,0.76
dnarelax,tbp,34,1,H-min,,56,,0.76
dnarelax,tbp,34,2,s0.1,0.1,47,-66300.0,0.23
dnarelax,tbp,34,3,s0.3,0.3,47,242000000.0,0.23
dnarelax,tbp,34,4,s0.5,0.5,40,86300.0,0.8
dnarelax,tbp,34,5,s0.7,0.7,40,1360000.0,0.8
dnarelax,tbp,34,6,s1.0,1.0,0,-46600.0,2.58
dnarelax,tbp,34,7,final,,0,-46800.0,2.58
dnarelax,tbp,35,0,init,,5,,1.54
dnarelax,tbp,35,1,H-min,,5,,1.54
dnarelax,tbp,35,2,s0.1,0.1,5,-24600.0,1.54
dnarelax,tbp,35,3,s0.3,0.3,5,-24600.0,1.54
dnarelax,tbp,35,4,s0.5,0.5,5,-24900.0,1.54
dnarelax,tbp,35,5,s0.7,0.7,5,-43200.0,1.56
dnarelax,tbp,35,6,s1.0,1.0,0,-46500.0,2.57
dnarelax,tbp,35,7,final,,0,-46500.0,2.57
dnarelax,tbp,36,0,init,,32,,0.84
dnarelax,tbp,36,1,H-min,,32,,0.84
dnarelax,tbp,36,2,s0.1,0.1,32,-19500.0,0.85
dnarelax,tbp,36,3,s0.3,0.3,32,-19400.0,0.85
dnarelax,tbp,36,4,s0.5,0.5,32,-1550.0,0.85
dnarelax,tbp,36,5,s0.7,0.7,18,-43100.0,1.55
dnarelax,tbp,36,6,s1.0,1.0,0,-46100.0,2.58
dnarelax,tbp,36,7,final,,0,-46300.0,2.58
dnarelax,tbp,37,0,init,,8,,1.56
dnarelax,tbp,37,1,H-min,,8,,1.56
dnarelax,tbp,37,2,s0.1,0.1,7,-25400.0,1.56
dnarelax,tbp,37,3,s0.3,0.3,7,-25500.0,1.56
dnarelax,tbp,37,4,s0.5,0.5,7,-25800.0,1.56
dnarelax,tbp,37,5,s0.7,0.7,10,-43400.0,1.55
dnarelax,tbp,37,6,s1.0,1.0,0,-46600.0,2.58
dnarelax,tbp,37,7,final,,0,-46700.0,2.59
dnarelax,tbp,38,0,init,,13,,1.48
dnarelax,tbp,38,1,H-min,,13,,1.48
dnarelax,tbp,38,2,s0.1,0.1,13,-23400.0,1.48
dnarelax,tbp,38,3,s0.3,0.3,13,-23400.0,1.48
dnarelax,tbp,38,4,s0.5,0.5,13,-23700.0,1.48
dnarelax,tbp,38,5,s0.7,0.7,9,-42500.0,1.65
dnarelax,tbp,38,6,s1.0,1.0,0,-46400.0,2.63
dnarelax,tbp,38,7,final,,0,-46400.0,2.63
dnarelax,tbp,39,0,init,,42,,0.55
dnarelax,tbp,39,1,H-min,,42,,0.55
dnarelax,tbp,39,2,s0.1,0.1,42,-20000.0,0.55
dnarelax,tbp,39,3,s0.3,0.3,42,-18900.0,0.55
dnarelax,tbp,39,4,s0.5,0.5,31,-77600.0,0.97
dnarelax,tbp,39,5,s0.7,0.7,31,-500000.0,0.96
dnarelax,tbp,39,6,s1.0,1.0,0,-45800.0,2.61
dnarelax,tbp,39,7,final,,0,-46100.0,2.63
dnarelax,tbp,40,0,init,,29,,0.84
dnarelax,tbp,40,1,H-min,,29,,0.84
dnarelax,tbp,40,2,s0.05,0.05,29,-17600.0,0.84
dnarelax,tbp,40,3,s0.1,0.1,29,-17600.0,0.84
dnarelax,tbp,40,4,s0.2,0.2,29,-17600.0,0.84
dnarelax,tbp,40,5,s0.4,0.4,29,-17400.0,0.84
dnarelax,tbp,40,6,s0.7,0.7,14,-44700.0,1.54
dnarelax,tbp,40,7,s1.0,1.0,0,-46300.0,2.65
dnarelax,tbp,40,8,final,,0,-46300.0,2.65
dnarelax,tbp,41,0,init,,29,,0.86
dnarelax,tbp,41,1,H-min,,29,,0.86
dnarelax,tbp,41,2,s0.1,0.1,29,3770.0,0.87
dnarelax,tbp,41,3,s0.3,0.3,29,13400000000.0,0.87
dnarelax,tbp,41,4,s0.5,0.5,24,-33800.0,1.47
dnarelax,tbp,41,5,s0.7,0.7,11,-43100.0,1.56
dnarelax,tbp,41,6,s1.0,1.0,0,-46400.0,2.57
dnarelax,tbp,41,7,final,,0,-46600.0,2.56
dnarelax,tbp,42,0,init,,150,,0.2
dnarelax,tbp,42,1,H-min,,150,,0.2
dnarelax,tbp,42,2,s0.1,0.1,149,15700.0,0.18
dnarelax,tbp,42,3,s0.3,0.3,149,1750000000.0,0.18
dnarelax,tbp,42,4,s0.5,0.5,149,803000000000.0,0.18
dnarelax,tbp,42,5,s0.7,0.7,54,-39800.0,1.54
dnarelax,tbp,42,6,s1.0,1.0,0,-44800.0,2.59
dnarelax,tbp,42,7,final,,0,-45600.0,2.59
dnarelax,tbp,43,0,init,,24,,1.3
dnarelax,tbp,43,1,H-min,,24,,1.3
dnarelax,tbp,43,2,s0.1,0.1,24,-20400.0,1.3
dnarelax,tbp,43,3,s0.3,0.3,24,-20500.0,1.3
dnarelax,tbp,43,4,s0.5,0.5,23,-36400.0,1.47
dnarelax,tbp,43,5,s0.7,0.7,12,-42900.0,1.56
dnarelax,tbp,43,6,s1.0,1.0,0,-46200.0,2.54
dnarelax,tbp,43,7,final,,0,-46400.0,2.58
dnarelax,tbp,44,0,init,,22,,0.97
dnarelax,tbp,44,1,H-min,,22,,0.97
dnarelax,tbp,44,2,s0.1,0.1,22,-20600.0,0.98
dnarelax,tbp,44,3,s0.3,0.3,22,-20600.0,0.98
dnarelax,tbp,44,4,s0.5,0.5,22,-17700.0,0.98
dnarelax,tbp,44,5,s0.7,0.7,8,-42900.0,1.55
dnarelax,tbp,44,6,s1.0,1.0,0,-45800.0,2.57
dnarelax,tbp,44,7,final,,0,-46300.0,2.57
dnarelax,tbp,45,0,init,,18,,1.34
dnarelax,tbp,45,1,H-min,,18,,1.34
dnarelax,tbp,45,2,s0.1,0.1,20,-46200.0,0.21
dnarelax,tbp,45,3,s0.3,0.3,22,-38600.0,1.2
dnarelax,tbp,45,4,s0.5,0.5,22,-40000.0,1.13
dnarelax,tbp,45,5,s0.7,0.7,11,-43000.0,1.55
dnarelax,tbp,45,6,s1.0,1.0,0,-45900.0,2.6
dnarelax,tbp,45,7,final,,0,-45900.0,2.59
dnarelax,tbp,46,0,init,,27,,0.87
dnarelax,tbp,46,1,H-min,,27,,0.87
dnarelax,tbp,46,2,s0.1,0.1,29,-40600.0,0.25
dnarelax,tbp,46,3,s0.3,0.3,29,303000000.0,0.25
dnarelax,tbp,46,4,s0.5,0.5,31,-40100.0,1.03
dnarelax,tbp,46,5,s0.7,0.7,16,-43800.0,1.55
dnarelax,tbp,46,6,s1.0,1.0,0,-46300.0,2.57
dnarelax,tbp,46,7,final,,0,-46400.0,2.57
dnarelax,tbp,47,0,init,,24,,0.79
dnarelax,tbp,47,1,H-min,,24,,0.79
dnarelax,tbp,47,2,s0.1,0.1,24,-33100.0,0.97
dnarelax,tbp,47,3,s0.3,0.3,24,-45600.0,0.97
dnarelax,tbp,47,4,s0.5,0.5,24,-113000.0,0.97
dnarelax,tbp,47,5,s0.7,0.7,24,-223000.0,0.96
dnarelax,tbp,47,6,s1.0,1.0,0,-46100.0,2.52
dnarelax,tbp,47,7,final,,0,-46100.0,2.52
dnarelax,tbp,48,0,init,,25,,0.86
dnarelax,tbp,48,1,H-min,,25,,0.86
dnarelax,tbp,48,2,s0.1,0.1,21,-36300.0,1.14
dnarelax,tbp,48,3,s0.3,0.3,23,-38700.0,0.95
dnarelax,tbp,48,4,s0.5,0.5,23,-18700.0,0.95
dnarelax,tbp,48,5,s0.7,0.7,11,-43200.0,1.56
dnarelax,tbp,48,6,s1.0,1.0,0,-46400.0,2.59
dnarelax,tbp,48,7,final,,0,-46400.0,2.59
dnarelax,tbp,49,0,init,,77,,0.91
dnarelax,tbp,49,1,H-min,,77,,0.91
dnarelax,tbp,49,2,s0.1,0.1,77,2020.0,0.94
dnarelax,tbp,49,3,s0.3,0.3,77,2000.0,0.94
dnarelax,tbp,49,4,s0.5,0.5,77,7230.0,0.94
dnarelax,tbp,49,5,s0.7,0.7,32,-41900.0,1.54
dnarelax,tbp,49,6,s1.0,1.0,0,-45900.0,2.58
dnarelax,tbp,49,7,final,,0,-46300.0,2.58
dnarelax,tbp,50,0,init,,71,,0.42
dnarelax,tbp,50,1,H-min,,71,,0.42
dnarelax,tbp,50,2,s0.1,0.1,64,-40500.0,0.25
dnarelax,tbp,50,3,s0.3,0.3,64,218000000.0,0.25
dnarelax,tbp,50,4,s0.5,0.5,64,100000000000.0,0.25
dnarelax,tbp,50,5,s0.7,0.7,30,-42600.0,1.55
dnarelax,tbp,50,6,s1.0,1.0,0,-45500.0,2.59
dnarelax,tbp,50,7,final,,0,-46200.0,2.6
dnarelax,tbp,51,0,init,,10,,0.77
dnarelax,tbp,51,1,H-min,,10,,0.77
dnarelax,tbp,51,2,s0.1,0.1,9,-37000.0,1.24
dnarelax,tbp,51,3,s0.3,0.3,9,99300000.0,1.24
dnarelax,tbp,51,4,s0.5,0.5,10,-41400.0,0.91
dnarelax,tbp,51,5,s0.7,0.7,10,-43200.0,1.56
dnarelax,tbp,51,6,s1.0,1.0,0,-46300.0,2.56
dnarelax,tbp,51,7,final,,0,-46600.0,2.56
dnarelax,tbp,52,0,init,,23,,1.71
dnarelax,tbp,52,1,H-min,,23,,1.71
dnarelax,tbp,52,2,s0.1,0.1,18,-49500.0,1.14
dnarelax,tbp,52,3,s0.3,0.3,18,571000000.0,1.14
dnarelax,tbp,52,4,s0.5,0.5,18,262000000000.0,1.14
dnarelax,tbp,52,5,s0.7,0.7,9,-42500.0,1.55
dnarelax,tbp,52,6,s1.0,1.0,0,-45700.0,2.59
dnarelax,tbp,52,7,final,,0,-45700.0,2.59
dnarelax,tbp,53,0,init,,24,,0.41
dnarelax,tbp,53,1,H-min,,24,,0.41
dnarelax,tbp,53,2,s0.1,0.1,22,-57500.0,0.91
dnarelax,tbp,53,3,s0.3,0.3,22,1100000000.0,0.91
dnarelax,tbp,53,4,s0.5,0.5,22,507000000000.0,0.91
dnarelax,tbp,53,5,s0.7,0.7,16,-42700.0,1.55
dnarelax,tbp,53,6,s1.0,1.0,0,-46400.0,2.6
dnarelax,tbp,53,7,final,,0,-46400.0,2.61
dnarelax,tbp,54,0,init,,31,,0.81
dnarelax,tbp,54,1,H-min,,31,,0.81
dnarelax,tbp,54,2,s0.1,0.1,32,-47100.0,1.1
dnarelax,tbp,54,3,s0.3,0.3,21,-38500.0,1.41
dnarelax,tbp,54,4,s0.5,0.5,21,31200.0,1.41
dnarelax,tbp,54,5,s0.7,0.7,19,-43100.0,1.55
dnarelax,tbp,54,6,s1.0,1.0,0,-46300.0,2.6
dnarelax,tbp,54,7,final,,0,-46500.0,2.6
dnarelax,tbp,55,0,init,,22,,0.66
dnarelax,tbp,55,1,H-min,,22,,0.66
dnarelax,tbp,55,2,s0.1,0.1,22,-22000.0,0.7
dnarelax,tbp,55,3,s0.3,0.3,22,-21900.0,0.7
dnarelax,tbp,55,4,s0.5,0.5,15,-35100.0,1.3
dnarelax,tbp,55,5,s0.7,0.7,8,-43200.0,1.55
dnarelax,tbp,55,6,s1.0,1.0,0,-46400.0,2.58
dnarelax,tbp,55,7,final,,0,-46700.0,2.59
dnarelax,tbp,56,0,init,,31,,1.18
dnarelax,tbp,56,1,H-min,,31,,1.18
dnarelax,tbp,56,2,s0.1,0.1,26,-38200.0,1.0
dnarelax,tbp,56,3,s0.3,0.3,26,13000000.0,1.0
dnarelax,tbp,56,4,s0.5,0.5,26,5990000000.0,1.0
dnarelax,tbp,56,5,s0.7,0.7,19,-43200.0,1.55
dnarelax,tbp,56,6,s1.0,1.0,0,-46300.0,2.61
dnarelax,tbp,56,7,final,,0,-46500.0,2.61
dnarelax,tbp,57,0,init,,24,,1.1
dnarelax,tbp,57,1,H-min,,24,,1.1
dnarelax,tbp,57,2,s0.1,0.1,24,-21800.0,1.09
dnarelax,tbp,57,3,s0.3,0.3,24,-21800.0,1.09
dnarelax,tbp,57,4,s0.5,0.5,24,-21900.0,1.09
dnarelax,tbp,57,5,s0.7,0.7,13,-43600.0,1.56
dnarelax,tbp,57,6,s1.0,1.0,0,-46500.0,2.59
dnarelax,tbp,57,7,final,,0,-46700.0,2.59
dnarelax,tbp,58,0,init,,12,,1.23
dnarelax,tbp,58,1,H-min,,12,,1.23
dnarelax,tbp,58,2,s0.1,0.1,12,-21300.0,1.24
dnarelax,tbp,58,3,s0.3,0.3,12,-21300.0,1.24
dnarelax,tbp,58,4,s0.5,0.5,12,-37900.0,1.31
dnarelax,tbp,58,5,s0.7,0.7,9,-43200.0,1.56
dnarelax,tbp,58,6,s1.0,1.0,0,-46000.0,2.57
dnarelax,tbp,58,7,final,,0,-46000.0,2.57
dnarelax,tbp,59,0,init,,25,,0.4
dnarelax,tbp,59,1,H-min,,25,,0.4
dnarelax,tbp,59,2,s0.1,0.1,24,-285000.0,0.25
dnarelax,tbp,59,3,s0.3,0.3,24,86700000.0,0.25
dnarelax,tbp,59,4,s0.5,0.5,15,-35500.0,1.29
dnarelax,tbp,59,5,s0.7,0.7,10,-43100.0,1.55
dnarelax,tbp,59,6,s1.0,1.0,0,-46500.0,2.6
dnarelax,tbp,59,7,final,,0,-46700.0,2.59
dnarelax,tbp,60,0,init,,10,,1.45
dnarelax,tbp,60,1,H-min,,10,,1.45
dnarelax,tbp,60,2,s0.05,0.05,10,-25600.0,1.44
dnarelax,tbp,60,3,s0.1,0.1,10,-25600.0,1.44
dnarelax,tbp,60,4,s0.2,0.2,10,-25600.0,1.44
dnarelax,tbp,60,5,s0.4,0.4,10,-25700.0,1.44
dnarelax,tbp,60,6,s0.7,0.7,14,-44800.0,1.55
dnarelax,tbp,60,7,s1.0,1.0,0,-46700.0,2.56
dnarelax,tbp,60,8,final,,0,-46700.0,2.56
dnarelax,tbp,61,0,init,,22,,0.78
dnarelax,tbp,61,1,H-min,,22,,0.78
dnarelax,tbp,61,2,s0.1,0.1,22,-24300.0,0.78
dnarelax,tbp,61,3,s0.3,0.3,22,-24300.0,0.78
dnarelax,tbp,61,4,s0.5,0.5,16,-40200.0,1.4
dnarelax,tbp,61,5,s0.7,0.7,12,-44600.0,1.99
dnarelax,tbp,61,6,s1.0,1.0,0,-46600.0,2.63
dnarelax,tbp,61,7,final,,0,-46600.0,2.63
dnarelax,tbp,62,0,init,,52,,0.64
dnarelax,tbp,62,1,H-min,,52,,0.64
dnarelax,tbp,62,2,s0.05,0.05,45,-483000.0,0.34
dnarelax,tbp,62,3,s0.1,0.1,45,-483000.0,0.34
dnarelax,tbp,62,4,s0.2,0.2,45,-473000.0,0.34
dnarelax,tbp,62,5,s0.4,0.4,45,44900000.0,0.34
dnarelax,tbp,62,6,s0.7,0.7,16,-43800.0,1.64
dnarelax,tbp,62,7,s1.0,1.0,0,-45700.0,2.58
dnarelax,tbp,62,8,final,,0,-45700.0,2.58
frozen,runx,1,0,init,,32,,0.42
frozen,runx,1,1,H-min,,32,,0.42
frozen,runx,1,2,s0.1,0.1,41,-60000.0,0.21
frozen,runx,1,3,s0.3,0.3,41,1330000000.0,0.21
frozen,runx,1,4,s0.5,0.5,41,612000000000.0,0.21
frozen,runx,1,5,s0.7,0.7,14,-47000.0,1.97
frozen,runx,1,6,s1.0,1.0,0,-47300.0,2.74
frozen,runx,1,7,final,,0,-47300.0,2.74
frozen,runx,2,0,init,,20,,0.56
frozen,runx,2,1,H-min,,20,,0.56
frozen,runx,2,2,s0.1,0.1,21,-17800.0,0.55
frozen,runx,2,3,s0.3,0.3,21,-16300.0,0.55
frozen,runx,2,4,s0.5,0.5,21,-21000.0,1.06
frozen,runx,2,5,s0.7,0.7,15,-45100.0,1.56
frozen,runx,2,6,s1.0,1.0,0,-47300.0,2.74
frozen,runx,2,7,final,,0,-47500.0,2.74
frozen,runx,3,0,init,,43,,0.67
frozen,runx,3,1,H-min,,43,,0.67
frozen,runx,3,2,s0.1,0.1,43,-25300.0,0.68
frozen,runx,3,3,s0.3,0.3,43,-25100.0,0.68
frozen,runx,3,4,s0.5,0.5,42,-36200.0,1.15
frozen,runx,3,5,s0.7,0.7,24,-46200.0,1.55
frozen,runx,3,6,s1.0,1.0,0,-46700.0,2.55
frozen,runx,3,7,final,,0,-47000.0,2.65
frozen,runx,4,0,init,,17,,0.74
frozen,runx,4,1,H-min,,17,,0.74
frozen,runx,4,2,s0.1,0.1,17,-17900.0,0.74
frozen,runx,4,3,s0.3,0.3,17,-17900.0,0.74
frozen,runx,4,4,s0.5,0.5,17,10500.0,0.74
frozen,runx,4,5,s0.7,0.7,10,-45500.0,1.56
frozen,runx,4,6,s1.0,1.0,0,-47200.0,2.61
frozen,runx,4,7,final,,0,-47200.0,2.61
frozen,runx,5,0,init,,15,,1.36
frozen,runx,5,1,H-min,,15,,1.36
frozen,runx,5,2,s0.1,0.1,15,-11400.0,1.36
frozen,runx,5,3,s0.3,0.3,15,-11400.0,1.36
frozen,runx,5,4,s0.5,0.5,15,-22700.0,1.43
frozen,runx,5,5,s0.7,0.7,15,-40800.0,2.0
frozen,runx,5,6,s1.0,1.0,0,-47300.0,2.72
frozen,runx,5,7,final,,0,-47500.0,2.72
frozen,runx,6,0,init,,76,,0.41
frozen,runx,6,1,H-min,,76,,0.41
frozen,runx,6,2,s0.1,0.1,77,-21700.0,0.43
frozen,runx,6,3,s0.3,0.3,77,133000.0,0.43
frozen,runx,6,4,s0.5,0.5,77,71300000.0,0.43
frozen,runx,6,5,s0.7,0.7,28,-45100.0,1.58
frozen,runx,6,6,s1.0,1.0,0,-46900.0,2.59
frozen,runx,6,7,final,,0,-46900.0,2.59
frozen,runx,7,0,init,,139,,0.5
frozen,runx,7,1,H-min,,139,,0.5
frozen,runx,7,2,s0.1,0.1,139,-17900.0,0.52
frozen,runx,7,3,s0.3,0.3,139,-12300.0,0.52
frozen,runx,7,4,s0.5,0.5,139,2620000.0,0.52
frozen,runx,7,5,s0.7,0.7,35,-44200.0,1.84
frozen,runx,7,6,s1.0,1.0,0,-46100.0,2.7
frozen,runx,7,7,final,,0,-46100.0,2.7
frozen,runx,8,0,init,,21,,1.3
frozen,runx,8,1,H-min,,21,,1.3
frozen,runx,8,2,s0.05,0.05,21,-26900.0,1.3
frozen,runx,8,3,s0.1,0.1,26,-45600.0,1.12
frozen,runx,8,4,s0.2,0.2,26,2550000.0,1.12
frozen,runx,8,5,s0.4,0.4,21,-42800.0,1.01
frozen,runx,8,6,s0.7,0.7,15,-47300.0,2.02
frozen,runx,8,7,s1.0,1.0,0,-47300.0,2.73
frozen,runx,8,2,s0.05,0.05,16,-26400.0,0.56
frozen,runx,8,3,s0.1,0.1,16,-26400.0,0.56
frozen,runx,8,4,s0.2,0.2,16,-26400.0,0.56
frozen,runx,8,5,s0.4,0.4,16,43800.0,0.56
frozen,runx,8,6,s0.7,0.7,15,-47400.0,1.99
frozen,runx,8,7,s1.0,1.0,0,-47500.0,2.76
frozen,runx,8,2,s0.05,0.05,95,-78700.0,0.52
frozen,runx,8,3,s0.1,0.1,95,-78700.0,0.52
frozen,runx,8,4,s0.2,0.2,95,-78700.0,0.52
frozen,runx,8,5,s0.4,0.4,95,51600.0,0.52
frozen,runx,8,6,s0.7,0.7,33,-46700.0,1.56
frozen,runx,8,7,s1.0,1.0,0,-46300.0,2.54
frozen,runx,8,2,s0.05,0.05,67,-26200.0,0.7
frozen,runx,8,3,s0.1,0.1,67,-26200.0,0.7
frozen,runx,8,4,s0.2,0.2,67,-26200.0,0.7
frozen,runx,8,5,s0.4,0.4,67,-15600.0,0.7
frozen,runx,8,6,s0.7,0.7,26,-48300.0,1.76
frozen,runx,8,7,s1.0,1.0,0,-47100.0,2.73
frozen,runx,8,2,s0.05,0.05,40,-27500.0,0.72
frozen,runx,8,3,s0.1,0.1,40,-27500.0,0.72
frozen,runx,8,4,s0.2,0.2,40,-27500.0,0.72
frozen,runx,8,5,s0.4,0.4,35,-84100.0,1.12
frozen,runx,8,6,s0.7,0.7,35,-26000.0,1.12
frozen,runx,8,7,s1.0,1.0,0,-47400.0,2.8
frozen,runx,8,2,s0.05,0.05,28,-9540.0,0.39
frozen,runx,8,3,s0.1,0.1,28,-9540.0,0.39
frozen,runx,8,4,s0.2,0.2,28,-8320.0,0.39
frozen,runx,8,5,s0.4,0.4,28,5230000.0,0.39
frozen,runx,8,6,s0.7,0.7,16,-46700.0,1.78
frozen,runx,8,7,s1.0,1.0,0,-47200.0,2.78
frozen,runx,8,2,s0.05,0.05,22,-32700.0,1.0
frozen,runx,8,3,s0.1,0.1,22,-32700.0,1.0
frozen,runx,8,4,s0.2,0.2,22,-32700.0,1.0
frozen,runx,8,5,s0.4,0.4,22,-32700.0,1.0
frozen,runx,8,6,s0.7,0.7,17,-47400.0,1.97
frozen,runx,8,7,s1.0,1.0,0,-47700.0,2.71
frozen,runx,8,2,s0.05,0.05,80,-23000.0,0.41
frozen,runx,8,3,s0.1,0.1,80,-23000.0,0.41
frozen,runx,8,4,s0.2,0.2,80,-21600.0,0.41
frozen,runx,8,5,s0.4,0.4,80,6230000.0,0.41
frozen,runx,8,6,s0.7,0.7,25,-46100.0,1.55
frozen,runx,8,7,s1.0,1.0,0,-45900.0,2.62
frozen,runx,8,2,s0.05,0.05,99,-24600.0,0.68
frozen,runx,8,3,s0.1,0.1,99,-24600.0,0.68
frozen,runx,8,4,s0.2,0.2,99,-24600.0,0.68
frozen,runx,8,5,s0.4,0.4,99,-12900.0,0.68
frozen,runx,8,6,s0.7,0.7,33,-47000.0,1.97
frozen,runx,8,7,s1.0,1.0,0,-46100.0,2.69
frozen,runx,8,2,s0.05,0.05,43,-28100.0,0.65
frozen,runx,8,3,s0.1,0.1,43,-28100.0,0.65
frozen,runx,8,4,s0.2,0.2,43,-28100.0,0.65
frozen,runx,8,5,s0.4,0.4,43,-5310.0,0.65
frozen,runx,8,6,s0.7,0.7,27,-46900.0,1.56
frozen,runx,8,7,s1.0,1.0,0,-47100.0,2.61
frozen,runx,8,2,s0.05,0.05,81,-67000.0,0.1
frozen,runx,8,3,s0.1,0.1,75,-50400.0,0.23
frozen,runx,8,4,s0.2,0.2,75,1540000.0,0.23
frozen,runx,8,5,s0.4,0.4,71,-89000.0,0.78
frozen,runx,8,6,s0.7,0.7,27,-46800.0,1.57
frozen,runx,8,7,s1.0,1.0,0,-46900.0,2.74
frozen,runx,8,68,final,,0,-47300.0,2.73
frozen,runx,9,0,init,,94,,0.43
frozen,runx,9,1,H-min,,94,,0.43
frozen,runx,9,2,s0.1,0.1,85,-66200.0,0.22
frozen,runx,9,3,s0.3,0.3,63,166000.0,0.62
frozen,runx,9,4,s0.5,0.5,63,482000.0,0.62
frozen,runx,9,5,s0.7,0.7,61,-44700.0,1.83
frozen,runx,9,6,s1.0,1.0,0,-45300.0,2.47
frozen,runx,9,7,final,,0,-45300.0,2.47
frozen,runx,10,0,init,,91,,0.23
frozen,runx,10,1,H-min,,91,,0.23
frozen,runx,10,2,s0.1,0.1,103,-78800.0,0.21
frozen,runx,10,3,s0.3,0.3,103,2610000000.0,0.21
frozen,runx,10,4,s0.5,0.5,103,1200000000000.0,0.21
frozen,runx,10,5,s0.7,0.7,38,-43200.0,1.56
frozen,runx,10,6,s1.0,1.0,10,-37200.0,2.12
frozen,runx,10,7,final,,10,-37600.0,2.13
frozen,runx,12,0,init,,23,,1.11
frozen,runx,12,1,H-min,,23,,1.11
frozen,runx,12,2,s0.1,0.1,19,-70400.0,0.91
frozen,runx,12,3,s0.3,0.3,19,-40700.0,0.77
frozen,runx,12,4,s0.5,0.5,19,-47100.0,0.85
frozen,runx,12,5,s0.7,0.7,16,-47300.0,1.93
frozen,runx,12,6,s1.0,1.0,0,-47500.0,2.73
frozen,runx,12,7,final,,0,-47500.0,2.73
frozen,runx,13,0,init,,26,,0.51
frozen,runx,13,1,H-min,,26,,0.51
frozen,runx,13,2,s0.1,0.1,27,-9780.0,0.54
frozen,runx,13,3,s0.3,0.3,27,-7500.0,0.54
frozen,runx,13,4,s0.5,0.5,27,1090000.0,0.54
frozen,runx,13,5,s0.7,0.7,12,-44900.0,1.56
frozen,runx,13,6,s1.0,1.0,0,-47200.0,2.59
frozen,runx,13,7,final,,0,-47300.0,2.6
frozen,runx,14,0,init,,46,,0.54
frozen,runx,14,1,H-min,,46,,0.54
frozen,runx,14,2,s0.1,0.1,46,-27400.0,0.54
frozen,runx,14,3,s0.3,0.3,46,-25200.0,0.54
frozen,runx,14,4,s0.5,0.5,46,1040000.0,0.54
frozen,runx,14,5,s0.7,0.7,33,-45500.0,1.54
frozen,runx,14,6,s1.0,1.0,0,-46800.0,2.57
frozen,runx,14,7,final,,0,-47300.0,2.62
frozen,runx,15,0,init,,69,,0.64
frozen,runx,15,1,H-min,,69,,0.64
frozen,runx,15,2,s0.1,0.1,69,-25900.0,0.65
frozen,runx,15,3,s0.3,0.3,69,-25300.0,0.65
frozen,runx,15,4,s0.5,0.5,69,285000.0,0.65
frozen,runx,15,5,s0.7,0.7,45,-47800.0,1.87
frozen,runx,15,6,s1.0,1.0,0,-46800.0,2.71
frozen,runx,15,7,final,,0,-47000.0,2.7
frozen,runx,16,0,init,,115,,0.33
frozen,runx,16,1,H-min,,115,,0.33
frozen,runx,16,2,s0.1,0.1,115,-19700.0,0.42
frozen,runx,16,3,s0.3,0.3,110,-34200.0,0.77
frozen,runx,16,4,s0.5,0.5,110,914.0,0.77
frozen,runx,16,5,s0.7,0.7,53,-42300.0,1.55
frozen,runx,16,6,s1.0,1.0,22,-29900.0,2.1
frozen,runx,16,7,final,,22,-30300.0,2.1
frozen,runx,17,0,init,,201,,0.33
frozen,runx,17,1,H-min,,201,,0.33
frozen,runx,17,2,s0.1,0.1,201,-6230.0,0.33
frozen,runx,17,3,s0.3,0.3,196,-342000.0,0.67
frozen,runx,17,4,s0.5,0.5,196,-933000.0,0.67
frozen,runx,17,5,s0.7,0.7,104,-40700.0,1.53
frozen,runx,17,6,s1.0,1.0,27,-25200.0,2.12
frozen,runx,17,7,final,,27,-25500.0,2.12
frozen,runx,18,0,init,,13,,0.57
frozen,runx,18,1,H-min,,13,,0.57
frozen,runx,18,2,s0.1,0.1,18,-53100.0,0.21
frozen,runx,18,3,s0.3,0.3,18,699000000.0,0.21
frozen,runx,18,4,s0.5,0.5,16,-30600.0,1.22
frozen,runx,18,5,s0.7,0.7,16,-48000.0,1.97
frozen,runx,18,6,s1.0,1.0,0,-47500.0,2.71
frozen,runx,18,7,final,,0,-47500.0,2.71
frozen,runx,19,0,init,,85,,0.5
frozen,runx,19,1,H-min,,85,,0.5
frozen,runx,19,2,s0.1,0.1,71,-45100.0,0.23
frozen,runx,19,3,s0.3,0.3,71,187000000.0,0.23
frozen,runx,19,4,s0.5,0.5,67,95500.0,1.0
frozen,runx,19,5,s0.7,0.7,20,-46600.0,1.95
frozen,runx,19,6,s1.0,1.0,0,-46800.0,2.7
frozen,runx,19,7,final,,0,-46800.0,2.7
frozen,runx,20,0,init,,11,,1.2
frozen,runx,20,1,H-min,,11,,1.2
frozen,runx,20,2,s0.1,0.1,11,-26500.0,1.2
frozen,runx,20,3,s0.3,0.3,11,-26500.0,1.2
frozen,runx,20,4,s0.5,0.5,10,-39100.0,1.57
frozen,runx,20,5,s0.7,0.7,6,-46300.0,1.81
frozen,runx,20,6,s1.0,1.0,0,-47200.0,2.71
frozen,runx,20,7,final,,0,-47400.0,2.78
frozen,runx,22,0,init,,129,,0.34
frozen,runx,22,1,H-min,,129,,0.34
frozen,runx,22,2,s0.1,0.1,129,-20000.0,0.35
frozen,runx,22,3,s0.3,0.3,129,344000.0,0.35
frozen,runx,22,4,s0.5,0.5,129,168000000.0,0.35
frozen,runx,22,5,s0.7,0.7,55,-43500.0,1.55
frozen,runx,22,6,s1.0,1.0,0,-44500.0,2.47
frozen,runx,22,7,final,,0,-45500.0,2.69
frozen,runx,23,0,init,,12,,1.2
frozen,runx,23,1,H-min,,12,,1.2
frozen,runx,23,2,s0.1,0.1,16,-54100.0,1.13
frozen,runx,23,3,s0.3,0.3,16,769000000.0,1.13
frozen,runx,23,4,s0.5,0.5,8,-36800.0,1.86
frozen,runx,23,5,s0.7,0.7,7,-47500.0,1.94
frozen,runx,23,6,s1.0,1.0,0,-47500.0,2.72
frozen,runx,23,7,final,,0,-47500.0,2.72
frozen,runx,24,0,init,,46,,0.93
frozen,runx,24,1,H-min,,46,,0.93
frozen,runx,24,2,s0.1,0.1,46,-28300.0,0.94
frozen,runx,24,3,s0.3,0.3,46,-28100.0,0.94
frozen,runx,24,4,s0.5,0.5,36,-41500.0,1.32
frozen,runx,24,5,s0.7,0.7,26,-47500.0,1.92
frozen,runx,24,6,s1.0,1.0,0,-47100.0,2.79
frozen,runx,24,7,final,,0,-47400.0,2.75
frozen,runx,25,0,init,,85,,0.62
frozen,runx,25,1,H-min,,85,,0.62
frozen,runx,25,2,s0.1,0.1,91,-67600.0,0.22
frozen,runx,25,3,s0.3,0.3,91,1750000000.0,0.22
frozen,runx,25,4,s0.5,0.5,70,-33900.0,1.13
frozen,runx,25,5,s0.7,0.7,31,-46500.0,1.84
frozen,runx,25,6,s1.0,1.0,0,-46800.0,2.7
frozen,runx,25,7,final,,0,-46800.0,2.7
frozen,runx,26,0,init,,17,,1.16
frozen,runx,26,1,H-min,,17,,1.16
frozen,runx,26,2,s0.1,0.1,22,-54000.0,0.93
frozen,runx,26,3,s0.3,0.3,27,-46200.0,0.69
frozen,runx,26,4,s0.5,0.5,27,390000.0,0.69
frozen,runx,26,5,s0.7,0.7,13,-47100.0,2.02
frozen,runx,26,6,s1.0,1.0,0,-47200.0,2.75
frozen,runx,26,7,final,,0,-47300.0,2.74
frozen,runx,27,0,init,,141,,0.46
frozen,runx,27,1,H-min,,141,,0.46
frozen,runx,27,2,s0.1,0.1,144,-67800.0,0.21
frozen,runx,27,3,s0.3,0.3,144,1830000000.0,0.21
frozen,runx,27,4,s0.5,0.5,144,843000000000.0,0.21
frozen,runx,27,5,s0.7,0.7,92,-43200.0,1.65
frozen,runx,27,6,s1.0,1.0,12,-36100.0,2.19
frozen,runx,27,7,final,,12,-37000.0,2.2
frozen,runx,28,0,init,,52,,0.52
frozen,runx,28,1,H-min,,52,,0.52
frozen,runx,28,2,s0.1,0.1,52,-83000.0,0.7
frozen,runx,28,3,s0.3,0.3,52,-667000.0,0.7
frozen,runx,28,4,s0.5,0.5,52,-605000.0,0.7
frozen,runx,28,5,s0.7,0.7,52,2900000.0,0.7
frozen,runx,28,6,s1.0,1.0,0,-46600.0,2.71
frozen,runx,28,7,final,,0,-47000.0,2.75
frozen,runx,29,0,init,,14,,1.33
frozen,runx,29,1,H-min,,14,,1.33
frozen,runx,29,2,s0.1,0.1,14,-29300.0,1.33
frozen,runx,29,3,s0.3,0.3,14,-29300.0,1.33
frozen,runx,29,4,s0.5,0.5,12,-42000.0,1.48
frozen,runx,29,5,s0.7,0.7,12,-46100.0,1.93
frozen,runx,29,6,s1.0,1.0,0,-47300.0,2.7
frozen,runx,29,7,final,,0,-47300.0,2.7
frozen,runx,30,0,init,,58,,0.68
frozen,runx,30,1,H-min,,58,,0.68
frozen,runx,30,2,s0.1,0.1,58,-26200.0,0.69
frozen,runx,30,3,s0.3,0.3,58,-25700.0,0.69
frozen,runx,30,4,s0.5,0.5,58,233000.0,0.69
frozen,runx,30,5,s0.7,0.7,27,-45400.0,1.91
frozen,runx,30,6,s1.0,1.0,0,-46500.0,2.69
frozen,runx,30,7,final,,0,-46700.0,2.7
frozen,runx,32,0,init,,64,,0.74
frozen,runx,32,1,H-min,,64,,0.74
frozen,runx,32,2,s0.1,0.1,64,-24500.0,0.76
frozen,runx,32,3,s0.3,0.3,58,-48300.0,0.77
frozen,runx,32,4,s0.5,0.5,58,1720.0,0.77
frozen,runx,32,5,s0.7,0.7,18,-45500.0,1.77
frozen,runx,32,6,s1.0,1.0,0,-47100.0,2.74
frozen,runx,32,7,final,,0,-47100.0,2.74
frozen,runx,33,0,init,,83,,0.2
frozen,runx,33,1,H-min,,83,,0.2
frozen,runx,33,2,s0.1,0.1,82,-62100.0,0.21
frozen,runx,33,3,s0.3,0.3,82,1410000000.0,0.21
frozen,runx,33,4,s0.5,0.5,82,646000000000.0,0.21
frozen,runx,33,5,s0.7,0.7,53,-43000.0,1.78
frozen,runx,33,6,s1.0,1.0,12,-39700.0,2.29
frozen,runx,33,7,final,,12,-39700.0,2.29
frozen,runx,34,0,init,,10,,1.18
frozen,runx,34,1,H-min,,10,,1.18
frozen,runx,34,2,s0.1,0.1,10,-56600.0,1.11
frozen,runx,34,3,s0.3,0.3,10,954000000.0,1.11
frozen,runx,34,4,s0.5,0.5,8,-43500.0,1.72
frozen,runx,34,5,s0.7,0.7,13,-47300.0,1.99
frozen,runx,34,6,s1.0,1.0,0,-47300.0,2.77
frozen,runx,34,7,final,,0,-47300.0,2.77
frozen,runx,35,0,init,,71,,0.52
frozen,runx,35,1,H-min,,71,,0.52
frozen,runx,35,2,s0.1,0.1,70,-59600.0,0.22
frozen,runx,35,3,s0.3,0.3,70,1210000000.0,0.22
frozen,runx,35,4,s0.5,0.5,70,557000000000.0,0.22
frozen,runx,35,5,s0.7,0.7,23,-47900.0,1.7
frozen,runx,35,6,s1.0,1.0,0,-47200.0,2.71
frozen,runx,35,7,final,,0,-47200.0,2.71
frozen,runx,36,0,init,,24,,1.33
frozen,runx,36,1,H-min,,24,,1.33
frozen,runx,36,2,s0.1,0.1,24,-25600.0,1.32
frozen,runx,36,3,s0.3,0.3,24,-44400.0,1.39
frozen,runx,36,4,s0.5,0.5,20,-43600.0,1.68
frozen,runx,36,5,s0.7,0.7,7,-46500.0,1.99
frozen,runx,36,6,s1.0,1.0,0,-47200.0,2.73
frozen,runx,36,7,final,,0,-47200.0,2.73
frozen,runx,37,0,init,,25,,0.94
frozen,runx,37,1,H-min,,25,,0.94
frozen,runx,37,2,s0.1,0.1,25,-28500.0,0.94
frozen,runx,37,3,s0.3,0.3,24,-42200.0,1.16
frozen,runx,37,4,s0.5,0.5,24,-77900.0,1.18
frozen,runx,37,5,s0.7,0.7,24,-25400.0,1.18
frozen,runx,37,6,s1.0,1.0,0,-47400.0,2.68
frozen,runx,37,7,final,,0,-47400.0,2.68
frozen,runx,38,0,init,,46,,0.94
frozen,runx,38,1,H-min,,46,,0.94
frozen,runx,38,2,s0.1,0.1,53,-48100.0,0.92
frozen,runx,38,3,s0.3,0.3,51,-48900.0,0.74
frozen,runx,38,4,s0.5,0.5,51,87200.0,0.74
frozen,runx,38,5,s0.7,0.7,31,-45800.0,1.57
frozen,runx,38,6,s1.0,1.0,0,-46800.0,2.59
frozen,runx,38,7,final,,0,-46800.0,2.59
frozen,runx,39,0,init,,41,,0.75
frozen,runx,39,1,H-min,,41,,0.75
frozen,runx,39,2,s0.1,0.1,41,-26200.0,0.75
frozen,runx,39,3,s0.3,0.3,41,-26100.0,0.75
frozen,runx,39,4,s0.5,0.5,41,19100.0,0.75
frozen,runx,39,5,s0.7,0.7,19,-47300.0,1.91
frozen,runx,39,6,s1.0,1.0,0,-47400.0,2.75
frozen,runx,39,7,final,,0,-47400.0,2.75
frozen,runx,40,0,init,,29,,0.31
frozen,runx,40,1,H-min,,29,,0.31
frozen,runx,40,2,s0.1,0.1,27,-49400.0,1.1
frozen,runx,40,3,s0.3,0.3,21,-43100.0,1.38
frozen,runx,40,4,s0.5,0.5,21,198000.0,1.38
frozen,runx,40,5,s0.7,0.7,15,-47300.0,1.93
frozen,runx,40,6,s1.0,1.0,0,-47200.0,2.73
frozen,runx,40,7,final,,0,-47200.0,2.73
frozen,runx,41,0,init,,34,,1.1
frozen,runx,41,1,H-min,,34,,1.1
frozen,runx,41,2,s0.1,0.1,36,-50500.0,1.06
frozen,runx,41,3,s0.3,0.3,36,685000000.0,1.06
frozen,runx,41,4,s0.5,0.5,36,315000000000.0,1.06
frozen,runx,41,5,s0.7,0.7,9,-45700.0,1.63
frozen,runx,41,6,s1.0,1.0,0,-46800.0,2.57
frozen,runx,41,7,final,,0,-47200.0,2.58
frozen,runx,42,0,init,,83,,0.63
frozen,runx,42,1,H-min,,83,,0.63
frozen,runx,42,2,s0.1,0.1,83,-23900.0,0.6
frozen,runx,42,3,s0.3,0.3,83,-22900.0,0.6
frozen,runx,42,4,s0.5,0.5,67,-43200.0,1.29
frozen,runx,42,5,s0.7,0.7,40,-44900.0,1.61
frozen,runx,42,6,s1.0,1.0,12,-38100.0,2.11
frozen,runx,42,7,final,,12,-38400.0,2.11
frozen,runx,44,0,init,,48,,0.8
frozen,runx,44,1,H-min,,48,,0.8
frozen,runx,44,2,s0.1,0.1,47,-54300.0,0.25
frozen,runx,44,3,s0.3,0.3,47,875000000.0,0.25
frozen,runx,44,4,s0.5,0.5,47,402000000000.0,0.25
frozen,runx,44,5,s0.7,0.7,15,-44900.0,1.61
frozen,runx,44,6,s1.0,1.0,0,-46600.0,2.71
frozen,runx,44,7,final,,0,-46900.0,2.63
frozen,runx,45,0,init,,140,,0.31
frozen,runx,45,1,H-min,,140,,0.31
frozen,runx,45,2,s0.1,0.1,139,-21300.0,0.31
frozen,runx,45,3,s0.3,0.3,137,-42600.0,0.69
frozen,runx,45,4,s0.5,0.5,111,-1600000.0,1.25
frozen,runx,45,5,s0.7,0.7,111,-5390000.0,1.25
frozen,runx,45,6,s1.0,1.0,111,-13200000.0,1.25
frozen,runx,45,7,final,,111,-13200000.0,1.25
frozen,runx,46,0,init,,102,,0.26
frozen,runx,46,1,H-min,,102,,0.26
frozen,runx,46,2,s0.1,0.1,102,-41900.0,0.22
frozen,runx,46,3,s0.3,0.3,102,255000000.0,0.22
frozen,runx,46,4,s0.5,0.5,81,-26000.0,1.31
frozen,runx,46,5,s0.7,0.7,29,-45600.0,1.57
frozen,runx,46,6,s1.0,1.0,0,-45600.0,2.53
frozen,runx,46,7,final,,0,-46100.0,2.48
frozen,runx,47,0,init,,47,,1.08
frozen,runx,47,1,H-min,,47,,1.08
frozen,runx,47,2,s0.1,0.1,51,-60900.0,0.21
frozen,runx,47,3,s0.3,0.3,51,1230000000.0,0.21
frozen,runx,47,4,s0.5,0.5,51,564000000000.0,0.21
frozen,runx,47,5,s0.7,0.7,19,-46100.0,1.87
frozen,runx,47,6,s1.0,1.0,0,-47400.0,2.61
frozen,runx,47,7,final,,0,-47400.0,2.61
frozen,runx,48,0,init,,52,,0.95
frozen,runx,48,1,H-min,,52,,0.95
frozen,runx,48,2,s0.1,0.1,52,-27500.0,0.96
frozen,runx,48,3,s0.3,0.3,52,-27600.0,0.96
frozen,runx,48,4,s0.5,0.5,52,-24700.0,0.96
frozen,runx,48,5,s0.7,0.7,28,-47000.0,1.91
frozen,runx,48,6,s1.0,1.0,0,-47100.0,2.65
frozen,runx,48,7,final,,0,-47100.0,2.65
frozen,runx,49,0,init,,25,,0.74
frozen,runx,49,1,H-min,,25,,0.74
frozen,runx,49,2,s0.1,0.1,25,-27300.0,0.74
frozen,runx,49,3,s0.3,0.3,25,-27200.0,0.74
frozen,runx,49,4,s0.5,0.5,25,44700.0,0.74
frozen,runx,49,5,s0.7,0.7,14,-46200.0,1.93
frozen,runx,49,6,s1.0,1.0,0,-47100.0,2.64
frozen,runx,49,7,final,,0,-47100.0,2.64
frozen,runx,50,0,init,,134,,0.27
frozen,runx,50,1,H-min,,134,,0.27
frozen,runx,50,2,s0.1,0.1,134,11900.0,0.32
frozen,runx,50,3,s0.3,0.3,134,1790000.0,0.32
frozen,runx,50,4,s0.5,0.5,134,816000000.0,0.32
frozen,runx,50,5,s0.7,0.7,64,-43800.0,1.56
frozen,runx,50,6,s1.0,1.0,0,-45100.0,2.57
frozen,runx,50,7,final,,0,-45800.0,2.56
frozen,runx,52,0,init,,15,,1.4
frozen,runx,52,1,H-min,,15,,1.4
frozen,runx,52,2,s0.1,0.1,19,-54300.0,1.14
frozen,runx,52,3,s0.3,0.3,19,-46000.0,1.58
frozen,runx,52,4,s0.5,0.5,19,-26100.0,1.58
frozen,runx,52,5,s0.7,0.7,7,-47300.0,2.16
frozen,runx,52,6,s1.0,1.0,0,-47400.0,2.76
frozen,runx,52,7,final,,0,-47400.0,2.76
frozen,runx,53,0,init,,58,,0.29
frozen,runx,53,1,H-min,,58,,0.29
frozen,runx,53,2,s0.1,0.1,58,-26300.0,0.35
frozen,runx,53,3,s0.3,0.3,58,452000.0,0.35
frozen,runx,53,4,s0.5,0.5,45,-42200.0,1.35
frozen,runx,53,5,s0.7,0.7,20,-45900.0,1.92
frozen,runx,53,6,s1.0,1.0,0,-46800.0,2.73
frozen,runx,53,7,final,,0,-47100.0,2.73
frozen,runx,54,0,init,,118,,0.35
frozen,runx,54,1,H-min,,118,,0.35
frozen,runx,54,2,s0.1,0.1,117,-26800.0,0.4
frozen,runx,54,3,s0.3,0.3,117,73900.0,0.4
frozen,runx,54,4,s0.5,0.5,117,46500000.0,0.4
frozen,runx,54,5,s0.7,0.7,63,-43300.0,1.63
frozen,runx,54,6,s1.0,1.0,10,-35200.0,2.16
frozen,runx,54,7,final,,10,-35700.0,2.16
frozen,runx,55,0,init,,19,,0.7
frozen,runx,55,1,H-min,,19,,0.7
frozen,runx,55,2,s0.1,0.1,21,-51900.0,0.99
frozen,runx,55,3,s0.3,0.3,24,-58800.0,0.71
frozen,runx,55,4,s0.5,0.5,22,-46200.0,1.27
frozen,runx,55,5,s0.7,0.7,16,-46700.0,1.89
frozen,runx,55,6,s1.0,1.0,0,-47300.0,2.73
frozen,runx,55,7,final,,0,-47300.0,2.73
frozen,runx,57,0,init,,30,,0.34
frozen,runx,57,1,H-min,,30,,0.34
frozen,runx,57,2,s0.1,0.1,31,-23600.0,0.34
frozen,runx,57,3,s0.3,0.3,31,291000.0,0.34
frozen,runx,57,4,s0.5,0.5,25,-39500.0,1.33
frozen,runx,57,5,s0.7,0.7,14,-46000.0,2.01
frozen,runx,57,6,s1.0,1.0,0,-47000.0,2.77
frozen,runx,57,7,final,,0,-47000.0,2.77
frozen,runx,58,0,init,,31,,0.99
frozen,runx,58,1,H-min,,31,,0.99
frozen,runx,58,2,s0.1,0.1,31,-27600.0,0.99
frozen,runx,58,3,s0.3,0.3,31,-27600.0,0.99
frozen,runx,58,4,s0.5,0.5,31,-24400.0,0.99
frozen,runx,58,5,s0.7,0.7,11,-47100.0,1.94
frozen,runx,58,6,s1.0,1.0,0,-47000.0,2.76
frozen,runx,58,7,final,,0,-47000.0,2.76
frozen,runx,59,0,init,,44,,0.65
frozen,runx,59,1,H-min,,44,,0.65
frozen,runx,59,2,s0.1,0.1,39,-49600.0,0.24
frozen,runx,59,3,s0.3,0.3,40,-41000.0,0.75
frozen,runx,59,4,s0.5,0.5,40,81100.0,0.75
frozen,runx,59,5,s0.7,0.7,28,-43300.0,1.55
frozen,runx,59,6,s1.0,1.0,10,-35800.0,2.16
frozen,runx,59,7,final,,10,-35800.0,2.16
frozen,runx,60,0,init,,26,,0.66
frozen,runx,60,1,H-min,,26,,0.66
frozen,runx,60,2,s0.1,0.1,26,-28300.0,0.66
frozen,runx,60,3,s0.3,0.3,22,-41200.0,1.11
frozen,runx,60,4,s0.5,0.5,21,-53100.0,1.4
frozen,runx,60,5,s0.7,0.7,18,-47800.0,1.92
frozen,runx,60,6,s1.0,1.0,0,-47300.0,2.71
frozen,runx,60,7,final,,0,-47300.0,2.71
frozen,runx,61,0,init,,52,,0.2
frozen,runx,61,1,H-min,,52,,0.2
frozen,runx,61,2,s0.1,0.1,53,302000.0,0.2
frozen,runx,61,3,s0.3,0.3,53,551000000.0,0.2
frozen,runx,61,4,s0.5,0.5,53,253000000000.0,0.2
frozen,runx,61,5,s0.7,0.7,14,-43200.0,1.56
frozen,runx,61,6,s1.0,1.0,0,-46700.0,2.67
frozen,runx,61,7,final,,0,-47100.0,2.67
frozen,runx,62,0,init,,45,,0.66
frozen,runx,62,1,H-min,,45,,0.66
frozen,runx,62,2,s0.1,0.1,45,-26700.0,0.68
frozen,runx,62,3,s0.3,0.3,45,-26500.0,0.68
frozen,runx,62,4,s0.5,0.5,41,-37900.0,1.22
frozen,runx,62,5,s0.7,0.7,18,-47000.0,1.97
frozen,runx,62,6,s1.0,1.0,0,-47300.0,2.68
frozen,runx,62,7,final,,0,-47300.0,2.68
frozen,runx,63,0,init,,101,,0.48
frozen,runx,63,1,H-min,,101,,0.48
frozen,runx,63,2,s0.1,0.1,88,-85400.0,0.22
frozen,runx,63,3,s0.3,0.3,82,-49200.0,0.73
frozen,runx,63,4,s0.5,0.5,75,-43100.0,1.27
frozen,runx,63,5,s0.7,0.7,33,-45100.0,1.86
frozen,runx,63,6,s1.0,1.0,0,-45600.0,2.6
frozen,runx,63,7,final,,0,-45600.0,2.6
frozen,runx,64,0,init,,10,,1.34
frozen,runx,64,1,H-min,,10,,1.34
frozen,runx,64,2,s0.1,0.1,10,-28300.0,1.34
frozen,runx,64,3,s0.3,0.3,13,-46000.0,1.37
frozen,runx,64,4,s0.5,0.5,11,-52600.0,1.42
frozen,runx,64,5,s0.7,0.7,6,-46200.0,2.09
frozen,runx,64,6,s1.0,1.0,0,-47200.0,2.78
frozen,runx,64,7,final,,0,-47200.0,2.78
frozen,runx,65,0,init,,40,,1.03
frozen,runx,65,1,H-min,,40,,1.03
frozen,runx,65,2,s0.1,0.1,46,-57500.0,1.04
frozen,runx,65,3,s0.3,0.3,46,1080000000.0,1.04
frozen,runx,65,4,s0.5,0.5,46,496000000000.0,1.04
frozen,runx,65,5,s0.7,0.7,26,-45800.0,1.56
frozen,runx,65,6,s1.0,1.0,0,-46700.0,2.53
frozen,runx,65,7,final,,0,-47300.0,2.57
frozen,runx,66,0,init,,41,,0.94
frozen,runx,66,1,H-min,,41,,0.94
frozen,runx,66,2,s0.1,0.1,41,-23500.0,0.94
frozen,runx,66,3,s0.3,0.3,32,-41000.0,0.75
frozen,runx,66,4,s0.5,0.5,32,36500.0,0.75
frozen,runx,66,5,s0.7,0.7,18,-46100.0,1.94
frozen,runx,66,6,s1.0,1.0,0,-47400.0,2.67
frozen,runx,66,7,final,,0,-47400.0,2.67
frozen,err,1,0,init,,112,,0.63
frozen,err,1,1,H-min,,112,,0.63
frozen,err,1,2,s0.1,0.1,100,-51800.0,0.21
frozen,err,1,3,s0.3,0.3,104,-50700.0,0.72
frozen,err,1,4,s0.5,0.5,104,1350000.0,0.72
frozen,err,1,5,s0.7,0.7,58,-38100.0,1.78
frozen,err,1,6,s1.0,1.0,0,-37600.0,2.74
frozen,err,1,7,final,,0,-37600.0,2.73
frozen,err,2,0,init,,228,,0.26
frozen,err,2,1,H-min,,228,,0.26
frozen,err,2,2,s0.1,0.1,230,-7150.0,0.29
frozen,err,2,3,s0.3,0.3,230,5240000.0,0.29
frozen,err,2,4,s0.5,0.5,230,2410000000.0,0.29
frozen,err,2,5,s0.7,0.7,112,-31900.0,1.57
frozen,err,2,6,s1.0,1.0,20,-18700.0,2.21
frozen,err,2,7,final,,20,-19300.0,2.21
frozen,err,3,0,init,,146,,0.31
frozen,err,3,1,H-min,,146,,0.31
frozen,err,3,2,s0.1,0.1,141,-50600.0,0.21
frozen,err,3,3,s0.3,0.3,141,1150000000.0,0.21
frozen,err,3,4,s0.5,0.5,141,529000000000.0,0.21
frozen,err,3,5,s0.7,0.7,58,-36500.0,1.85
frozen,err,3,6,s1.0,1.0,0,-37000.0,2.67
frozen,err,3,7,final,,0,-37400.0,2.7
frozen,err,4,0,init,,134,,0.3
frozen,err,4,1,H-min,,134,,0.3
frozen,err,4,2,s0.1,0.1,120,-53600.0,0.2
frozen,err,4,3,s0.3,0.3,120,715000000.0,0.2
frozen,err,4,4,s0.5,0.5,120,329000000000.0,0.2
frozen,err,4,5,s0.7,0.7,35,-38600.0,1.94
frozen,err,4,6,s1.0,1.0,0,-38200.0,2.62
frozen,err,4,7,final,,0,-38200.0,2.62
frozen,err,5,0,init,,93,,0.87
frozen,err,5,1,H-min,,93,,0.87
frozen,err,5,2,s0.05,0.05,94,-48800.0,0.11
frozen,err,5,3,s0.1,0.1,100,-45000.0,0.24
frozen,err,5,2,s0.05,0.05,303,-7180.0,0.6
frozen,err,5,3,s0.1,0.1,269,-57400.0,0.21
frozen,err,5,4,s0.2,0.2,269,8780000.0,0.21
frozen,err,5,5,s0.4,0.4,261,-336000.0,0.66
frozen,err,5,6,s0.7,0.7,88,-36000.0,1.83
frozen,err,5,7,s1.0,1.0,0,-35400.0,2.49
frozen,err,5,2,s0.05,0.05,152,-14100.0,0.51
frozen,err,5,3,s0.1,0.1,152,-78800.0,0.21
frozen,err,5,4,s0.2,0.2,167,-79700.0,0.44
frozen,err,5,5,s0.4,0.4,167,27800000.0,0.44
frozen,err,5,6,s0.7,0.7,119,-34700.0,1.56
frozen,err,5,7,s1.0,1.0,0,-30000.0,2.41
frozen,err,5,2,s0.05,0.05,243,-20200.0,0.39
frozen,err,5,3,s0.1,0.1,243,-33100.0,0.39
frozen,err,5,4,s0.2,0.2,243,-32200.0,0.39
frozen,err,5,5,s0.4,0.4,243,4000000.0,0.39
frozen,err,5,6,s0.7,0.7,103,-35400.0,1.55
frozen,err,5,7,s1.0,1.0,10,-27100.0,2.11
frozen,err,5,2,s0.05,0.05,64,-23000.0,0.32
frozen,err,5,3,s0.1,0.1,64,-23000.0,0.32
frozen,err,5,4,s0.2,0.2,64,-16000.0,0.32
frozen,err,5,5,s0.4,0.4,64,29100000.0,0.32
frozen,err,5,6,s0.7,0.7,34,-39500.0,1.93
frozen,err,5,7,s1.0,1.0,0,-38500.0,2.64
frozen,err,5,2,s0.05,0.05,109,-12200.0,0.5
frozen,err,5,3,s0.1,0.1,117,-70900.0,0.21
frozen,err,5,4,s0.2,0.2,117,17600000.0,0.21
frozen,err,5,5,s0.4,0.4,117,72600000000.0,0.21
frozen,err,5,6,s0.7,0.7,58,-37900.0,1.57
frozen,err,5,7,s1.0,1.0,0,-37200.0,2.66
frozen,err,5,2,s0.05,0.05,149,3050.0,0.33
frozen,err,5,3,s0.1,0.1,150,-716.0,0.33
frozen,err,5,4,s0.2,0.2,150,-15400.0,0.44
frozen,err,5,5,s0.4,0.4,150,968000.0,0.44
frozen,err,5,6,s0.7,0.7,67,-38300.0,1.71
frozen,err,5,7,s1.0,1.0,0,-36500.0,2.55
frozen,err,5,2,s0.05,0.05,151,-8320.0,0.43
frozen,err,5,3,s0.1,0.1,151,-8320.0,0.43
frozen,err,5,4,s0.2,0.2,151,-8080.0,0.43
frozen,err,5,2,s0.05,0.05,125,-57800.0,0.1
frozen,err,5,3,s0.1,0.1,140,-59800.0,0.22
frozen,err,5,4,s0.2,0.2,140,12200000.0,0.22
frozen,err,5,5,s0.4,0.4,140,50200000000.0,0.22
frozen,err,5,6,s0.7,0.7,71,-34900.0,1.68
frozen,err,5,7,s1.0,1.0,10,-28500.0,2.23
frozen,err,5,2,s0.05,0.05,129,-14400.0,0.4
frozen,err,5,3,s0.1,0.1,121,-52700.0,0.22
frozen,err,5,4,s0.2,0.2,121,9720000.0,0.22
frozen,err,5,5,s0.4,0.4,109,-42400.0,0.98
frozen,err,5,6,s0.7,0.7,50,-37300.0,1.62
frozen,err,5,7,s1.0,1.0,12,-31100.0,2.29
frozen,err,5,2,s0.05,0.05,178,-15600.0,0.56
frozen,err,5,3,s0.1,0.1,178,-15600.0,0.56
frozen,err,5,4,s0.2,0.2,178,-15600.0,0.56
frozen,err,5,5,s0.4,0.4,155,-33100.0,0.94
frozen,err,5,6,s0.7,0.7,71,-37900.0,1.67
frozen,err,5,7,s1.0,1.0,10,-30300.0,2.16
frozen,err,5,2,s0.05,0.05,340,-5700.0,0.42
frozen,err,5,3,s0.1,0.1,340,-5710.0,0.42
frozen,err,5,4,s0.2,0.2,340,-5120.0,0.42
frozen,err,5,5,s0.4,0.4,314,-37800.0,0.98
frozen,err,5,6,s0.7,0.7,167,-34200.0,1.73
frozen,err,5,7,s1.0,1.0,12,-26800.0,2.27
frozen,err,5,67,final,,0,-35800.0,2.51
frozen,err,6,0,init,,200,,0.36
frozen,err,6,1,H-min,,200,,0.36
frozen,err,6,2,s0.1,0.1,198,61000.0,0.33
frozen,err,6,3,s0.3,0.3,198,1730000.0,0.33
frozen,err,6,4,s0.5,0.5,198,769000000.0,0.33
frozen,err,6,5,s0.7,0.7,82,-36300.0,1.67
frozen,err,6,6,s1.0,1.0,10,-29900.0,2.2
frozen,err,6,7,final,,10,-29900.0,2.2
frozen,err,7,0,init,,170,,0.2
frozen,err,7,1,H-min,,170,,0.2
frozen,err,7,2,s0.1,0.1,171,-16500.0,0.2
frozen,err,7,3,s0.3,0.3,171,253000000.0,0.2
frozen,err,7,4,s0.5,0.5,171,116000000000.0,0.2
frozen,err,7,5,s0.7,0.7,86,-36000.0,1.72
frozen,err,7,6,s1.0,1.0,10,-27000.0,2.18
frozen,err,7,7,final,,10,-27600.0,2.18
frozen,err,8,0,init,,147,,0.63
frozen,err,8,1,H-min,,147,,0.63
frozen,err,8,2,s0.1,0.1,144,-27600.0,0.76
frozen,err,8,3,s0.3,0.3,144,-27500.0,0.76
frozen,err,8,4,s0.5,0.5,144,27200.0,0.76
frozen,err,8,5,s0.7,0.7,50,-36300.0,1.81
frozen,err,8,6,s1.0,1.0,0,-37400.0,2.62
frozen,err,8,7,final,,0,-37700.0,2.7
frozen,err,9,0,init,,101,,0.43
frozen,err,9,1,H-min,,101,,0.43
frozen,err,9,2,s0.1,0.1,101,193000.0,0.43
frozen,err,9,3,s0.3,0.3,101,229000.0,0.43
frozen,err,9,4,s0.5,0.5,101,17000000.0,0.43
frozen,err,9,5,s0.7,0.7,56,-37200.0,1.56
frozen,err,9,6,s1.0,1.0,10,-31300.0,2.21
frozen,err,9,7,final,,10,-31300.0,2.21
frozen,err,11,0,init,,207,,0.59
frozen,err,11,1,H-min,,207,,0.59
frozen,err,11,2,s0.1,0.1,206,-7050.0,0.59
frozen,err,11,3,s0.3,0.3,206,-5780.0,0.59
frozen,err,11,4,s0.5,0.5,206,666000.0,0.59
frozen,err,11,5,s0.7,0.7,107,-31300.0,1.65
frozen,err,11,6,s1.0,1.0,23,-17700.0,2.15
frozen,err,11,7,final,,22,-18800.0,2.16
frozen,err,12,0,init,,106,,0.7
frozen,err,12,1,H-min,,106,,0.7
frozen,err,12,2,s0.1,0.1,107,-18600.0,0.7
frozen,err,12,3,s0.3,0.3,107,-18400.0,0.7
frozen,err,12,4,s0.5,0.5,91,-34500.0,1.23
frozen,err,12,5,s0.7,0.7,53,-38600.0,1.8
frozen,err,12,6,s1.0,1.0,0,-37100.0,2.58
frozen,err,12,7,final,,0,-37300.0,2.58
frozen,err,14,0,init,,71,,1.04
frozen,err,14,1,H-min,,71,,1.04
frozen,err,14,2,s0.1,0.1,72,-21900.0,1.04
frozen,err,14,3,s0.3,0.3,72,-21900.0,1.04
frozen,err,14,4,s0.5,0.5,72,-21700.0,1.04
frozen,err,14,5,s0.7,0.7,35,-38300.0,1.94
frozen,err,14,6,s1.0,1.0,0,-38400.0,2.61
frozen,err,14,7,final,,0,-38400.0,2.61
frozen,err,15,0,init,,197,,0.36
frozen,err,15,1,H-min,,197,,0.36
frozen,err,15,2,s0.1,0.1,197,755.0,0.36
frozen,err,15,3,s0.3,0.3,197,246000.0,0.36
frozen,err,15,4,s0.5,0.5,171,-49700.0,0.97
frozen,err,15,5,s0.7,0.7,171,-612000.0,0.96
frozen,err,15,6,s1.0,1.0,10,-29600.0,2.23
frozen,err,15,7,final,,10,-29600.0,2.23
frozen,err,17,0,init,,268,,0.22
frozen,err,17,1,H-min,,268,,0.22
frozen,err,17,2,s0.1,0.1,269,-7880.0,0.25
frozen,err,17,3,s0.3,0.3,269,26400000.0,0.25
frozen,err,17,4,s0.5,0.5,232,-31200.0,1.29
frozen,err,17,5,s0.7,0.7,133,-34300.0,1.7
frozen,err,17,6,s1.0,1.0,22,-21000.0,2.17
frozen,err,17,7,final,,22,-21800.0,2.17
frozen,err,18,0,init,,176,,0.22
frozen,err,18,1,H-min,,176,,0.22
frozen,err,18,2,s0.1,0.1,176,-10600.0,0.22
frozen,err,18,3,s0.3,0.3,176,197000000.0,0.22
frozen,err,18,4,s0.5,0.5,176,90300000000.0,0.22
frozen,err,18,5,s0.7,0.7,176,5120000000000.0,0.22
frozen,err,18,6,s1.0,1.0,0,-36000.0,2.53
frozen,err,18,7,final,,0,-36800.0,2.57
frozen,err,19,0,init,,138,,0.4
frozen,err,19,1,H-min,,138,,0.4
frozen,err,19,2,s0.1,0.1,138,12500.0,0.42
frozen,err,19,3,s0.3,0.3,138,109000.0,0.42
frozen,err,19,4,s0.5,0.5,138,44800000.0,0.42
frozen,err,19,5,s0.7,0.7,61,-34700.0,1.76
frozen,err,19,6,s1.0,1.0,0,-37100.0,2.62
frozen,err,19,7,final,,0,-37100.0,2.62
frozen,err,20,0,init,,142,,0.42
frozen,err,20,1,H-min,,142,,0.42
frozen,err,20,2,s0.1,0.1,146,-68400.0,0.21
frozen,err,20,3,s0.3,0.3,154,-52800.0,0.69
frozen,err,20,4,s0.5,0.5,154,1720000.0,0.69
frozen,err,20,5,s0.7,0.7,64,-37000.0,1.72
frozen,err,20,6,s1.0,1.0,12,-30400.0,2.25
frozen,err,20,7,final,,12,-30400.0,2.25
frozen,err,21,0,init,,102,,0.57
frozen,err,21,1,H-min,,102,,0.57
frozen,err,21,2,s0.1,0.1,100,-16700.0,0.54
frozen,err,21,3,s0.3,0.3,100,-14400.0,0.54
frozen,err,21,4,s0.5,0.5,100,1100000.0,0.54
frozen,err,21,5,s0.7,0.7,51,-38400.0,1.63
frozen,err,21,6,s1.0,1.0,0,-37900.0,2.53
frozen,err,21,7,final,,0,-38300.0,2.58
frozen,err,23,0,init,,83,,0.23
frozen,err,23,1,H-min,,83,,0.23
frozen,err,23,2,s0.1,0.1,83,-17300.0,0.27
frozen,err,23,3,s0.3,0.3,83,11400000.0,0.27
frozen,err,23,4,s0.5,0.5,83,5240000000.0,0.27
frozen,err,23,5,s0.7,0.7,40,-38700.0,1.95
frozen,err,23,6,s1.0,1.0,0,-38000.0,2.69
frozen,err,23,7,final,,0,-38600.0,2.7
frozen,err,25,0,init,,66,,0.28
frozen,err,25,1,H-min,,66,,0.28
frozen,err,25,2,s0.1,0.1,66,-18500.0,0.29
frozen,err,25,3,s0.3,0.3,74,-37700.0,0.78
frozen,err,25,4,s0.5,0.5,74,292000.0,0.78
frozen,err,25,5,s0.7,0.7,37,-39400.0,1.79
frozen,err,25,6,s1.0,1.0,0,-38600.0,2.69
frozen,err,25,7,final,,0,-38600.0,2.69
frozen,err,26,0,init,,77,,1.0
frozen,err,26,1,H-min,,77,,1.0
frozen,err,26,2,s0.1,0.1,76,-4640.0,0.99
frozen,err,26,3,s0.3,0.3,76,-4660.0,0.99
frozen,err,26,4,s0.5,0.5,76,-3670.0,0.99
frozen,err,26,5,s0.7,0.7,35,-38000.0,1.96
frozen,err,26,6,s1.0,1.0,0,-38200.0,2.7
frozen,err,26,7,final,,0,-38200.0,2.7
frozen,err,27,0,init,,184,,0.41
frozen,err,27,1,H-min,,184,,0.41
frozen,err,27,2,s0.1,0.1,184,-14100.0,0.41
frozen,err,27,3,s0.3,0.3,184,98900.0,0.41
frozen,err,27,4,s0.5,0.5,184,52300000.0,0.41
frozen,err,27,5,s0.7,0.7,112,-34700.0,1.65
frozen,err,27,6,s1.0,1.0,22,-18000.0,2.16
frozen,err,27,7,final,,22,-18000.0,2.16
frozen,err,28,0,init,,190,,0.51
frozen,err,28,1,H-min,,190,,0.51
frozen,err,28,2,s0.1,0.1,190,-11200.0,0.52
frozen,err,28,3,s0.3,0.3,190,-4970.0,0.52
frozen,err,28,4,s0.5,0.5,147,-30600.0,1.26
frozen,err,28,5,s0.7,0.7,90,-34900.0,1.64
frozen,err,28,6,s1.0,1.0,21,-20700.0,2.13
frozen,err,28,7,final,,21,-20700.0,2.13
frozen,err,30,0,init,,157,,0.58
frozen,err,30,1,H-min,,157,,0.58
frozen,err,30,2,s0.1,0.1,156,-12600.0,0.58
frozen,err,30,3,s0.3,0.3,144,-37400.0,0.72
frozen,err,30,4,s0.5,0.5,144,403000.0,0.72
frozen,err,30,5,s0.7,0.7,47,-36500.0,1.71
frozen,err,30,6,s1.0,1.0,10,-29900.0,2.23
frozen,err,30,7,final,,10,-29900.0,2.23
frozen,err,31,0,init,,165,,0.52
frozen,err,31,1,H-min,,165,,0.52
frozen,err,31,2,s0.1,0.1,163,-647.0,0.52
frozen,err,31,3,s0.3,0.3,163,2010.0,0.52
frozen,err,31,4,s0.5,0.5,163,1310000.0,0.52
frozen,err,31,5,s0.7,0.7,61,-38100.0,1.87
frozen,err,31,6,s1.0,1.0,0,-37100.0,2.63
frozen,err,31,7,final,,0,-37100.0,2.63
frozen,err,32,0,init,,127,,0.16
frozen,err,32,1,H-min,,127,,0.16
frozen,err,32,2,s0.1,0.1,127,-12100.0,0.18
frozen,err,32,3,s0.3,0.3,127,3430000000.0,0.18
frozen,err,32,4,s0.5,0.5,108,-39700.0,1.26
frozen,err,32,5,s0.7,0.7,76,-35900.0,1.67
frozen,err,32,6,s1.0,1.0,11,-29400.0,2.16
frozen,err,32,7,final,,11,-29800.0,2.17
frozen,err,33,0,init,,199,,0.45
frozen,err,33,1,H-min,,199,,0.45
frozen,err,33,2,s0.1,0.1,198,-99100.0,0.23
frozen,err,33,3,s0.3,0.3,198,217000000.0,0.23
frozen,err,33,4,s0.5,0.5,198,99700000000.0,0.23
frozen,err,33,5,s0.7,0.7,74,-37000.0,1.92
frozen,err,33,6,s1.0,1.0,0,-34400.0,2.64
frozen,err,33,7,final,,0,-36300.0,2.67
frozen,err,34,0,init,,95,,0.78
frozen,err,34,1,H-min,,95,,0.78
frozen,err,34,2,s0.1,0.1,106,-59200.0,0.21
frozen,err,34,3,s0.3,0.3,106,1610000000.0,0.21
frozen,err,34,4,s0.5,0.5,106,740000000000.0,0.21
frozen,err,34,5,s0.7,0.7,38,-38100.0,1.96
frozen,err,34,6,s1.0,1.0,0,-38700.0,2.69
frozen,err,34,7,final,,0,-39000.0,2.7
frozen,err,35,0,init,,110,,0.58
frozen,err,35,1,H-min,,110,,0.58
frozen,err,35,2,s0.1,0.1,110,-17700.0,0.58
frozen,err,35,3,s0.3,0.3,110,-15400.0,0.58
frozen,err,35,4,s0.5,0.5,110,-36900.0,0.85
frozen,err,35,5,s0.7,0.7,23,-36300.0,1.84
frozen,err,35,6,s1.0,1.0,0,-37000.0,2.72
frozen,err,35,7,final,,0,-37300.0,2.59
frozen,err,36,0,init,,152,,0.11
frozen,err,36,1,H-min,,152,,0.11
frozen,err,36,2,s0.1,0.1,151,3090000.0,0.1
frozen,err,36,3,s0.3,0.3,186,-45000.0,0.72
frozen,err,36,4,s0.5,0.5,186,945000.0,0.72
frozen,err,36,5,s0.7,0.7,94,-36300.0,1.68
frozen,err,36,6,s1.0,1.0,10,-27500.0,2.17
frozen,err,36,7,final,,10,-28900.0,2.17
frozen,err,37,0,init,,81,,0.51
frozen,err,37,1,H-min,,81,,0.51
frozen,err,37,2,s0.1,0.1,81,-21700.0,0.53
frozen,err,37,3,s0.3,0.3,81,-14100.0,0.53
frozen,err,37,4,s0.5,0.5,81,3590000.0,0.53
frozen,err,37,5,s0.7,0.7,54,-34500.0,1.64
frozen,err,37,6,s1.0,1.0,11,-27600.0,2.17
frozen,err,37,7,final,,11,-27900.0,2.16
frozen,err,38,0,init,,108,,0.33
frozen,err,38,1,H-min,,108,,0.33
frozen,err,38,2,s0.1,0.1,128,-79300.0,0.21
frozen,err,38,3,s0.3,0.3,128,3010000000.0,0.21
frozen,err,38,4,s0.5,0.5,103,-30900.0,1.18
frozen,err,38,5,s0.7,0.7,43,-38500.0,1.96
frozen,err,38,6,s1.0,1.0,0,-37600.0,2.63
frozen,err,38,7,final,,0,-37700.0,2.63
frozen,err,39,0,init,,107,,0.44
frozen,err,39,1,H-min,,107,,0.44
frozen,err,39,2,s0.1,0.1,135,-62400.0,0.22
frozen,err,39,3,s0.3,0.3,137,-54200.0,0.7
frozen,err,39,4,s0.5,0.5,110,-42300.0,1.29
frozen,err,39,5,s0.7,0.7,62,-37300.0,1.84
frozen,err,39,6,s1.0,1.0,0,-37600.0,2.72
frozen,err,39,7,final,,0,-37900.0,2.71
frozen,err,40,0,init,,79,,0.73
frozen,err,40,1,H-min,,79,,0.73
frozen,err,40,2,s0.1,0.1,80,-17600.0,0.73
frozen,err,40,3,s0.3,0.3,79,-34300.0,0.86
frozen,err,40,4,s0.5,0.5,79,-25800.0,0.86
frozen,err,40,5,s0.7,0.7,60,-32400.0,1.54
frozen,err,40,6,s1.0,1.0,10,-30800.0,2.21
frozen,err,40,7,final,,10,-31200.0,2.21
frozen,err,42,0,init,,123,,0.54
frozen,err,42,1,H-min,,123,,0.54
frozen,err,42,2,s0.1,0.1,123,-18800.0,0.55
frozen,err,42,3,s0.3,0.3,123,-14300.0,0.55
frozen,err,42,4,s0.5,0.5,123,2150000.0,0.55
frozen,err,42,5,s0.7,0.7,63,-35500.0,1.55
frozen,err,42,6,s1.0,1.0,11,-28900.0,2.15
frozen,err,42,7,final,,11,-29000.0,2.15
frozen,err,43,0,init,,105,,0.63
frozen,err,43,1,H-min,,105,,0.63
frozen,err,43,2,s0.1,0.1,106,-19900.0,0.63
frozen,err,43,3,s0.3,0.3,94,-47500.0,0.72
frozen,err,43,4,s0.5,0.5,94,1120000.0,0.72
frozen,err,43,5,s0.7,0.7,51,-38100.0,1.76
frozen,err,43,6,s1.0,1.0,0,-37800.0,2.63
frozen,err,43,7,final,,0,-37800.0,2.63
frozen,err,44,0,init,,194,,0.44
frozen,err,44,1,H-min,,194,,0.44
frozen,err,44,2,s0.1,0.1,193,-41800.0,0.21
frozen,err,44,3,s0.3,0.3,193,263000000.0,0.21
frozen,err,44,4,s0.5,0.5,193,121000000000.0,0.21
frozen,err,44,5,s0.7,0.7,81,-37900.0,1.81
frozen,err,44,6,s1.0,1.0,0,-37300.0,2.71
frozen,err,44,7,final,,0,-37300.0,2.71
frozen,err,45,0,init,,124,,0.35
frozen,err,45,1,H-min,,124,,0.35
frozen,err,45,2,s0.1,0.1,119,-536000.0,0.2
frozen,err,45,3,s0.3,0.3,119,309000000.0,0.2
frozen,err,45,4,s0.5,0.5,119,142000000000.0,0.2
frozen,err,45,5,s0.7,0.7,53,-35900.0,1.57
frozen,err,45,6,s1.0,1.0,12,-31000.0,2.25
frozen,err,45,7,final,,12,-31200.0,2.25
frozen,err,46,0,init,,196,,0.27
frozen,err,46,1,H-min,,196,,0.27
frozen,err,46,2,s0.1,0.1,195,32700.0,0.26
frozen,err,46,3,s0.3,0.3,195,19600000.0,0.26
frozen,err,46,4,s0.5,0.5,175,-95400.0,1.13
frozen,err,46,5,s0.7,0.7,175,12100.0,1.13
frozen,err,46,6,s1.0,1.0,0,-36100.0,2.6
frozen,err,46,7,final,,0,-37100.0,2.63
frozen,err,47,0,init,,231,,0.44
frozen,err,47,1,H-min,,231,,0.44
frozen,err,47,2,s0.1,0.1,231,-11800.0,0.46
frozen,err,47,3,s0.3,0.3,231,30800.0,0.46
frozen,err,47,4,s0.5,0.5,231,19900000.0,0.46
frozen,err,47,5,s0.7,0.7,104,-34000.0,1.68
frozen,err,47,6,s1.0,1.0,12,-29800.0,2.28
frozen,err,47,7,final,,12,-30100.0,2.28
frozen,err,48,0,init,,265,,0.24
frozen,err,48,1,H-min,,265,,0.24
frozen,err,48,2,s0.1,0.1,273,-70900.0,0.21
frozen,err,48,3,s0.3,0.3,273,2530000000.0,0.21
frozen,err,48,4,s0.5,0.5,233,-32800.0,1.24
frozen,err,48,5,s0.7,0.7,85,-35500.0,1.67
frozen,err,48,6,s1.0,1.0,12,-29000.0,2.25
frozen,err,48,7,final,,12,-29000.0,2.25
frozen,err,49,0,init,,325,,0.26
frozen,err,49,1,H-min,,325,,0.26
frozen,err,49,2,s0.1,0.1,303,-63600.0,0.21
frozen,err,49,3,s0.3,0.3,303,1890000000.0,0.21
frozen,err,49,4,s0.5,0.5,303,868000000000.0,0.21
frozen,err,49,5,s0.7,0.7,97,-34800.0,1.65
frozen,err,49,6,s1.0,1.0,10,-22300.0,2.16
frozen,err,49,7,final,,10,-23100.0,2.16
frozen,err,50,0,init,,73,,1.03
frozen,err,50,1,H-min,,73,,1.03
frozen,err,50,2,s0.1,0.1,69,-104000.0,1.09
frozen,err,50,3,s0.3,0.3,69,-104000.0,1.09
frozen,err,50,4,s0.5,0.5,69,-103000.0,1.09
frozen,err,50,5,s0.7,0.7,69,-27900.0,1.09
frozen,err,50,6,s1.0,1.0,0,-38000.0,2.63
frozen,err,50,7,final,,0,-38000.0,2.61
frozen,err,51,0,init,,87,,0.34
frozen,err,51,1,H-min,,87,,0.34
frozen,err,51,2,s0.1,0.1,87,-59900.0,0.22
frozen,err,51,3,s0.3,0.3,104,-57800.0,0.72
frozen,err,51,4,s0.5,0.5,81,-40700.0,1.25
frozen,err,51,5,s0.7,0.7,53,-35900.0,1.64
frozen,err,51,6,s1.0,1.0,10,-26200.0,2.16
frozen,err,51,7,final,,10,-26200.0,2.16
frozen,err,52,0,init,,120,,0.22
frozen,err,52,1,H-min,,120,,0.22
frozen,err,52,2,s0.1,0.1,119,-17900.0,0.22
frozen,err,52,3,s0.3,0.3,119,207000000.0,0.22
frozen,err,52,4,s0.5,0.5,119,95200000000.0,0.22
frozen,err,52,5,s0.7,0.7,64,-35600.0,1.66
frozen,err,52,6,s1.0,1.0,21,-22600.0,2.15
frozen,err,52,7,final,,21,-23000.0,2.14
frozen,err,53,0,init,,140,,0.48
frozen,err,53,1,H-min,,140,,0.48
frozen,err,53,2,s0.1,0.1,123,-54300.0,0.21
frozen,err,53,3,s0.3,0.3,123,1460000000.0,0.21
frozen,err,53,4,s0.5,0.5,123,673000000000.0,0.21
frozen,err,53,5,s0.7,0.7,33,-38100.0,1.91
frozen,err,53,6,s1.0,1.0,0,-37400.0,2.72
frozen,err,53,7,final,,0,-37400.0,2.72
frozen,err,54,0,init,,26,,0.58
frozen,err,54,1,H-min,,26,,0.58
frozen,err,54,2,s0.1,0.1,26,-16600.0,0.53
frozen,err,54,3,s0.3,0.3,26,-14000.0,0.53
frozen,err,54,4,s0.5,0.5,18,-33300.0,1.5
frozen,err,54,5,s0.7,0.7,11,-37600.0,1.73
frozen,err,54,6,s1.0,1.0,0,-37300.0,2.73
frozen,err,54,7,final,,0,-37300.0,2.72
frozen,err,55,0,init,,114,,0.45
frozen,err,55,1,H-min,,114,,0.45
frozen,err,55,2,s0.1,0.1,116,-74700.0,0.21
frozen,err,55,3,s0.3,0.3,116,2690000000.0,0.21
frozen,err,55,4,s0.5,0.5,116,1240000000000.0,0.21
frozen,err,55,5,s0.7,0.7,60,-37700.0,1.71
frozen,err,55,6,s1.0,1.0,10,-31300.0,2.2
frozen,err,55,7,final,,10,-31300.0,2.2
frozen,err,56,0,init,,131,,0.7
frozen,err,56,1,H-min,,131,,0.7
frozen,err,56,2,s0.1,0.1,131,-17600.0,0.7
frozen,err,56,3,s0.3,0.3,131,-17300.0,0.7
frozen,err,56,4,s0.5,0.5,131,175000.0,0.7
frozen,err,56,5,s0.7,0.7,48,-37200.0,1.55
frozen,err,56,6,s1.0,1.0,0,-37900.0,2.62
frozen,err,56,7,final,,0,-38200.0,2.62
frozen,err,57,0,init,,92,,0.47
frozen,err,57,1,H-min,,92,,0.47
frozen,err,57,2,s0.1,0.1,99,-62900.0,0.21
frozen,err,57,3,s0.3,0.3,91,-48300.0,0.72
frozen,err,57,4,s0.5,0.5,91,1230000.0,0.72
frozen,err,57,5,s0.7,0.7,37,-37000.0,1.94
frozen,err,57,6,s1.0,1.0,0,-37600.0,2.68
frozen,err,57,7,final,,0,-37600.0,2.68
frozen,err,58,0,init,,176,,0.39
frozen,err,58,1,H-min,,176,,0.39
frozen,err,58,2,s0.1,0.1,169,-79800.0,0.21
frozen,err,58,3,s0.3,0.3,169,2960000000.0,0.21
frozen,err,58,4,s0.5,0.5,169,1360000000000.0,0.21
frozen,err,58,5,s0.7,0.7,100,-32000.0,1.63
frozen,err,58,6,s1.0,1.0,33,-11200.0,2.13
frozen,err,58,7,final,,33,-11500.0,2.13
frozen,err,59,0,init,,220,,0.27
frozen,err,59,1,H-min,,220,,0.27
frozen,err,59,2,s0.1,0.1,218,-6100.0,0.25
frozen,err,59,3,s0.3,0.3,209,-30600.0,0.76
frozen,err,59,4,s0.5,0.5,209,152000.0,0.76
frozen,err,59,5,s0.7,0.7,71,-38000.0,1.72
frozen,err,59,6,s1.0,1.0,0,-35600.0,2.62
frozen,err,59,7,final,,0,-36700.0,2.65
frozen,err,60,0,init,,282,,0.41
frozen,err,60,1,H-min,,282,,0.41
frozen,err,60,2,s0.1,0.1,281,-10100.0,0.41
frozen,err,60,3,s0.3,0.3,281,32900.0,0.41
frozen,err,60,4,s0.5,0.5,263,-32200.0,1.29
frozen,err,60,5,s0.7,0.7,114,-36100.0,1.76
frozen,err,60,6,s1.0,1.0,13,-26800.0,2.28
frozen,err,60,7,final,,12,-27700.0,2.26
frozen,err,61,0,init,,172,,0.24
frozen,err,61,1,H-min,,172,,0.24
frozen,err,61,2,s0.1,0.1,171,-10000.0,0.25
frozen,err,61,3,s0.3,0.3,169,-38000.0,0.7
frozen,err,61,4,s0.5,0.5,154,-32200.0,1.22
frozen,err,61,5,s0.7,0.7,91,-34000.0,1.54
frozen,err,61,6,s1.0,1.0,22,-21100.0,2.21
frozen,err,61,7,final,,22,-21600.0,2.21
frozen,err,62,0,init,,127,,0.53
frozen,err,62,1,H-min,,127,,0.53
frozen,err,62,2,s0.1,0.1,127,-17200.0,0.53
frozen,err,62,3,s0.3,0.3,127,-11100.0,0.53
frozen,err,62,4,s0.5,0.5,102,-29900.0,1.22
frozen,err,62,5,s0.7,0.7,55,-39100.0,1.94
frozen,err,62,6,s1.0,1.0,0,-37200.0,2.56
frozen,err,62,7,final,,0,-37500.0,2.67
frozen,err,63,0,init,,155,,0.44
frozen,err,63,1,H-min,,155,,0.44
frozen,err,63,2,s0.1,0.1,156,-14000.0,0.43
frozen,err,63,3,s0.3,0.3,166,-49100.0,0.72
frozen,err,63,4,s0.5,0.5,166,1340000.0,0.72
frozen,err,63,5,s0.7,0.7,99,-36400.0,1.69
frozen,err,63,6,s1.0,1.0,12,-27300.0,2.21
frozen,err,63,7,final,,12,-27300.0,2.21
frozen,err,64,0,init,,120,,0.55
frozen,err,64,1,H-min,,120,,0.55
frozen,err,64,2,s0.1,0.1,132,-72400.0,0.21
frozen,err,64,3,s0.3,0.3,139,-44100.0,0.71
frozen,err,64,4,s0.5,0.5,139,791000.0,0.71
frozen,err,64,5,s0.7,0.7,68,-36800.0,1.83
frozen,err,64,6,s1.0,1.0,0,-37000.0,2.59
frozen,err,64,7,final,,0,-37800.0,2.62
frozen,err,66,0,init,,121,,0.18
frozen,err,66,1,H-min,,121,,0.18
frozen,err,66,2,s0.1,0.1,121,-19800.0,0.21
frozen,err,66,3,s0.3,0.3,114,-37500.0,0.74
frozen,err,66,4,s0.5,0.5,101,-51000.0,1.29
frozen,err,66,5,s0.7,0.7,51,-38500.0,1.72
frozen,err,66,6,s1.0,1.0,0,-38000.0,2.66
frozen,err,66,7,final,,0,-38000.0,2.66
frozen,err,67,0,init,,332,,0.36
frozen,err,67,1,H-min,,332,,0.36
frozen,err,67,2,s0.1,0.1,330,6170.0,0.38
frozen,err,67,3,s0.3,0.3,330,310000.0,0.38
frozen,err,67,4,s0.5,0.5,330,140000000.0,0.38
frozen,err,67,5,s0.7,0.7,134,-35500.0,1.59
frozen,err,67,6,s1.0,1.0,10,-27500.0,2.2
frozen,err,67,7,final,,10,-27500.0,2.2
frozen,err,68,0,init,,66,,0.68
frozen,err,68,1,H-min,,66,,0.68
frozen,err,68,2,s0.1,0.1,66,-19700.0,0.71
frozen,err,68,3,s0.3,0.3,66,-19600.0,0.71
frozen,err,68,4,s0.5,0.5,66,46500.0,0.71
frozen,err,68,5,s0.7,0.7,42,-37100.0,1.83
frozen,err,68,6,s1.0,1.0,0,-37900.0,2.63
frozen,err,68,7,final,,0,-38100.0,2.66
frozen,nfat,1,0,init,,258,,0.39
frozen,nfat,1,1,H-min,,258,,0.39
frozen,nfat,1,2,s0.1,0.1,259,-11400.0,0.39
frozen,nfat,1,3,s0.3,0.3,259,2730000.0,0.39
frozen,nfat,1,4,s0.5,0.5,260,14100.0,0.86
frozen,nfat,1,5,s0.7,0.7,133,-42500.0,1.56
frozen,nfat,1,6,s1.0,1.0,34,-18300.0,2.05
frozen,nfat,1,7,final,,34,-19100.0,2.06
frozen,nfat,2,0,init,,93,,0.49
frozen,nfat,2,1,H-min,,93,,0.49
frozen,nfat,2,2,s0.1,0.1,93,-15400.0,0.46
frozen,nfat,2,3,s0.3,0.3,93,4950.0,0.46
frozen,nfat,2,4,s0.5,0.5,93,9450000.0,0.46
frozen,nfat,2,5,s0.7,0.7,43,-45900.0,1.59
frozen,nfat,2,6,s1.0,1.0,0,-47000.0,2.57
frozen,nfat,2,7,final,,0,-47500.0,2.62
frozen,nfat,3,0,init,,161,,0.51
frozen,nfat,3,1,H-min,,161,,0.51
frozen,nfat,3,2,s0.05,0.05,157,-8930.0,0.1
frozen,nfat,3,3,s0.1,0.1,158,-21000.0,0.27
frozen,nfat,3,4,s0.2,0.2,158,65700.0,0.27
frozen,nfat,3,2,s0.05,0.05,106,-330.0,0.47
frozen,nfat,3,3,s0.1,0.1,106,-331.0,0.47
frozen,nfat,3,4,s0.2,0.2,106,-162.0,0.47
frozen,nfat,3,5,s0.4,0.4,110,-31700.0,0.78
frozen,nfat,3,6,s0.7,0.7,66,-42400.0,1.56
frozen,nfat,3,7,s1.0,1.0,20,-28100.0,2.09
frozen,nfat,3,2,s0.05,0.05,180,159000.0,0.45
frozen,nfat,3,3,s0.1,0.1,180,159000.0,0.45
frozen,nfat,3,4,s0.2,0.2,180,161000.0,0.45
frozen,nfat,3,5,s0.4,0.4,180,7250000.0,0.45
frozen,nfat,3,6,s0.7,0.7,70,-42600.0,1.56
frozen,nfat,3,7,s1.0,1.0,11,-35000.0,2.06
frozen,nfat,3,2,s0.05,0.05,115,50300.0,0.38
frozen,nfat,3,3,s0.1,0.1,115,50300.0,0.38
frozen,nfat,3,4,s0.2,0.2,116,14100.0,0.73
frozen,nfat,3,5,s0.4,0.4,116,18400.0,0.73
frozen,nfat,3,6,s0.7,0.7,41,-46400.0,1.64
frozen,nfat,3,7,s1.0,1.0,0,-47200.0,2.57
frozen,nfat,3,2,s0.05,0.05,218,131000.0,0.13
frozen,nfat,3,3,s0.1,0.1,218,244000.0,0.13
frozen,nfat,3,4,s0.2,0.2,216,153000.0,0.54
frozen,nfat,3,5,s0.4,0.4,216,-463000.0,0.58
frozen,nfat,3,6,s0.7,0.7,94,-44500.0,1.56
frozen,nfat,3,7,s1.0,1.0,12,-39400.0,2.26
frozen,nfat,3,2,s0.05,0.05,226,-1740000.0,0.34
frozen,nfat,3,3,s0.1,0.1,226,-2720000.0,0.34
frozen,nfat,3,4,s0.2,0.2,226,-5580000.0,0.34
frozen,nfat,3,5,s0.4,0.4,226,-10800000.0,0.34
frozen,nfat,3,6,s0.7,0.7,134,-43300.0,1.61
frozen,nfat,3,7,s1.0,1.0,23,-29600.0,2.1
frozen,nfat,3,2,s0.05,0.05,134,3960.0,0.31
frozen,nfat,3,3,s0.1,0.1,134,3960.0,0.31
frozen,nfat,3,4,s0.2,0.2,134,23400.0,0.31
frozen,nfat,3,5,s0.4,0.4,134,80600000.0,0.31
frozen,nfat,3,6,s0.7,0.7,46,-46500.0,1.64
frozen,nfat,3,7,s1.0,1.0,0,-47300.0,2.56
frozen,nfat,3,2,s0.05,0.05,155,-125000.0,0.28
frozen,nfat,3,3,s0.1,0.1,155,-1640000.0,0.28
frozen,nfat,3,4,s0.2,0.2,155,-4620000.0,0.28
frozen,nfat,3,5,s0.4,0.4,155,180000000.0,0.28
frozen,nfat,3,6,s0.7,0.7,64,-44700.0,1.7
frozen,nfat,3,7,s1.0,1.0,10,-37900.0,2.2
frozen,nfat,3,2,s0.05,0.05,185,-12400.0,0.58
frozen,nfat,3,3,s0.1,0.1,185,-12400.0,0.58
frozen,nfat,3,2,s0.05,0.05,241,880000.0,0.46
frozen,nfat,3,3,s0.1,0.1,241,880000.0,0.46
frozen,nfat,3,4,s0.2,0.2,241,880000.0,0.46
frozen,nfat,3,5,s0.4,0.4,241,1740000.0,0.46
frozen,nfat,3,6,s0.7,0.7,98,-44800.0,1.56
frozen,nfat,3,7,s1.0,1.0,13,-38000.0,2.1
frozen,nfat,3,55,final,,20,-28100.0,2.09
frozen,nfat,4,0,init,,204,,0.41
frozen,nfat,4,1,H-min,,204,,0.41
frozen,nfat,4,2,s0.1,0.1,202,49000.0,0.38
frozen,nfat,4,3,s0.3,0.3,202,254000.0,0.38
frozen,nfat,4,4,s0.5,0.5,202,94600000.0,0.38
frozen,nfat,4,5,s0.7,0.7,73,-42500.0,1.65
frozen,nfat,4,6,s1.0,1.0,0,-45000.0,2.53
frozen,nfat,4,7,final,,0,-46200.0,2.56
frozen,nfat,5,0,init,,101,,0.53
frozen,nfat,5,1,H-min,,101,,0.53
frozen,nfat,5,2,s0.1,0.1,101,-15400.0,0.52
frozen,nfat,5,3,s0.3,0.3,101,17600.0,0.52
frozen,nfat,5,4,s0.5,0.5,95,-34800.0,1.36
frozen,nfat,5,5,s0.7,0.7,40,-46300.0,1.54
frozen,nfat,5,6,s1.0,1.0,0,-47200.0,2.64
frozen,nfat,5,7,final,,0,-47400.0,2.61
frozen,nfat,6,0,init,,223,,0.44
frozen,nfat,6,1,H-min,,223,,0.44
frozen,nfat,6,2,s0.1,0.1,222,204000.0,0.44
frozen,nfat,6,3,s0.3,0.3,222,246000.0,0.44
frozen,nfat,6,4,s0.5,0.5,222,19900000.0,0.44
frozen,nfat,6,5,s0.7,0.7,90,-41600.0,1.57
frozen,nfat,6,6,s1.0,1.0,10,-37700.0,2.22
frozen,nfat,6,7,final,,10,-38200.0,2.22
frozen,nfat,8,0,init,,188,,0.41
frozen,nfat,8,1,H-min,,188,,0.41
frozen,nfat,8,2,s0.1,0.1,179,-106000.0,0.22
frozen,nfat,8,3,s0.3,0.3,160,-39100.0,0.72
frozen,nfat,8,4,s0.5,0.5,156,-34800.0,1.16
frozen,nfat,8,5,s0.7,0.7,82,-47100.0,1.62
frozen,nfat,8,6,s1.0,1.0,0,-46400.0,2.67
frozen,nfat,8,7,final,,0,-47000.0,2.67
frozen,nfat,9,0,init,,129,,0.46
frozen,nfat,9,1,H-min,,129,,0.46
frozen,nfat,9,2,s0.1,0.1,127,-18000.0,0.22
frozen,nfat,9,3,s0.3,0.3,127,125000000.0,0.22
frozen,nfat,9,4,s0.5,0.5,124,313000.0,0.91
frozen,nfat,9,5,s0.7,0.7,44,-44500.0,1.63
frozen,nfat,9,6,s1.0,1.0,0,-46100.0,2.62
frozen,nfat,9,7,final,,0,-46900.0,2.68
frozen,nfat,10,0,init,,121,,0.46
frozen,nfat,10,1,H-min,,121,,0.46
frozen,nfat,10,2,s0.1,0.1,121,40100.0,0.43
frozen,nfat,10,3,s0.3,0.3,121,92400.0,0.43
frozen,nfat,10,4,s0.5,0.5,121,24200000.0,0.43
frozen,nfat,10,5,s0.7,0.7,55,-43500.0,1.56
frozen,nfat,10,6,s1.0,1.0,12,-39400.0,2.25
frozen,nfat,10,7,final,,12,-39800.0,2.25
frozen,nfat,11,0,init,,132,,0.3
frozen,nfat,11,1,H-min,,132,,0.3
frozen,nfat,11,2,s0.1,0.1,133,-20400.0,0.71
frozen,nfat,11,3,s0.3,0.3,133,-20100.0,0.71
frozen,nfat,11,4,s0.5,0.5,133,188000.0,0.71
frozen,nfat,11,5,s0.7,0.7,47,-44500.0,1.63
frozen,nfat,11,6,s1.0,1.0,0,-46900.0,2.55
frozen,nfat,11,7,final,,0,-47600.0,2.58
frozen,nfat,12,0,init,,146,,0.42
frozen,nfat,12,1,H-min,,146,,0.42
frozen,nfat,12,2,s0.1,0.1,145,-5130.0,0.42
frozen,nfat,12,3,s0.3,0.3,145,43700.0,0.42
frozen,nfat,12,4,s0.5,0.5,145,22600000.0,0.42
frozen,nfat,12,5,s0.7,0.7,71,-43900.0,1.65
frozen,nfat,12,6,s1.0,1.0,0,-46400.0,2.56
frozen,nfat,12,7,final,,0,-47200.0,2.54
frozen,nfat,14,0,init,,93,,0.63
frozen,nfat,14,1,H-min,,93,,0.63
frozen,nfat,14,2,s0.1,0.1,93,-4880.0,0.65
frozen,nfat,14,3,s0.3,0.3,93,-4440.0,0.65
frozen,nfat,14,4,s0.5,0.5,94,-88600.0,0.94
frozen,nfat,14,5,s0.7,0.7,41,-45200.0,1.64
frozen,nfat,14,6,s1.0,1.0,0,-47300.0,2.59
frozen,nfat,14,7,final,,0,-47700.0,2.58
frozen,nfat,15,0,init,,137,,0.58
frozen,nfat,15,1,H-min,,137,,0.58
frozen,nfat,15,2,s0.1,0.1,135,-8510.0,0.6
frozen,nfat,15,3,s0.3,0.3,135,-7800.0,0.6
frozen,nfat,15,4,s0.5,0.5,135,372000.0,0.6
frozen,nfat,15,5,s0.7,0.7,53,-43800.0,1.9
frozen,nfat,15,6,s1.0,1.0,0,-45900.0,2.7
frozen,nfat,15,7,final,,0,-46400.0,2.76
frozen,nfat,16,0,init,,106,,0.48
frozen,nfat,16,1,H-min,,106,,0.48
frozen,nfat,16,2,s0.1,0.1,105,-17900.0,0.53
frozen,nfat,16,3,s0.3,0.3,105,-14900.0,0.53
frozen,nfat,16,4,s0.5,0.5,105,1410000.0,0.53
frozen,nfat,16,5,s0.7,0.7,43,-48000.0,1.64
frozen,nfat,16,6,s1.0,1.0,0,-47800.0,2.67
frozen,nfat,16,7,final,,0,-47800.0,2.67
frozen,nfat,17,0,init,,136,,0.44
frozen,nfat,17,1,H-min,,136,,0.44
frozen,nfat,17,2,s0.1,0.1,135,-18500.0,0.4
frozen,nfat,17,3,s0.3,0.3,135,162000.0,0.4
frozen,nfat,17,4,s0.5,0.5,126,21400.0,0.9
frozen,nfat,17,5,s0.7,0.7,46,-45300.0,1.52
frozen,nfat,17,6,s1.0,1.0,0,-46900.0,2.57
frozen,nfat,17,7,final,,0,-47400.0,2.6
frozen,nfat,18,0,init,,221,,0.31
frozen,nfat,18,1,H-min,,221,,0.31
frozen,nfat,18,2,s0.1,0.1,221,-4490.0,0.33
frozen,nfat,18,3,s0.3,0.3,221,3810000.0,0.33
frozen,nfat,18,4,s0.5,0.5,221,1750000000.0,0.33
frozen,nfat,18,5,s0.7,0.7,109,-39900.0,1.53
frozen,nfat,18,6,s1.0,1.0,20,-26200.0,2.03
frozen,nfat,18,7,final,,21,-26900.0,2.03
frozen,nfat,19,0,init,,246,,0.12
frozen,nfat,19,1,H-min,,246,,0.12
frozen,nfat,19,2,s0.1,0.1,247,40300.0,0.14
frozen,nfat,19,3,s0.3,0.3,247,22400000000.0,0.14
frozen,nfat,19,4,s0.5,0.5,247,10300000000000.0,0.14
frozen,nfat,19,5,s0.7,0.7,115,-42400.0,1.62
frozen,nfat,19,6,s1.0,1.0,11,-36000.0,2.11
frozen,nfat,19,7,final,,10,-37400.0,2.12
frozen,nfat,20,0,init,,102,,0.63
frozen,nfat,20,1,H-min,,102,,0.63
frozen,nfat,20,2,s0.1,0.1,99,-41000.0,0.51
frozen,nfat,20,3,s0.3,0.3,99,-174000.0,0.51
frozen,nfat,20,4,s0.5,0.5,99,2920000.0,0.51
frozen,nfat,20,5,s0.7,0.7,39,-47100.0,1.72
frozen,nfat,20,6,s1.0,1.0,0,-47500.0,2.74
frozen,nfat,20,7,final,,0,-47500.0,2.73
frozen,nfat,21,0,init,,175,,0.62
frozen,nfat,21,1,H-min,,175,,0.62
frozen,nfat,21,2,s0.1,0.1,174,-5010.0,0.63
frozen,nfat,21,3,s0.3,0.3,174,-1840.0,0.63
frozen,nfat,21,4,s0.5,0.5,174,1520000.0,0.63
frozen,nfat,21,5,s0.7,0.7,73,-42300.0,1.53
frozen,nfat,21,6,s1.0,1.0,20,-35400.0,2.13
frozen,nfat,21,7,final,,20,-36100.0,2.13
frozen,nfat,22,0,init,,152,,0.53
frozen,nfat,22,1,H-min,,152,,0.53
frozen,nfat,22,2,s0.1,0.1,152,-37200.0,0.55
frozen,nfat,22,3,s0.3,0.3,152,-32600.0,0.55
frozen,nfat,22,4,s0.5,0.5,146,-92700.0,0.96
frozen,nfat,22,5,s0.7,0.7,146,-349000.0,0.96
frozen,nfat,22,6,s1.0,1.0,12,-32400.0,2.29
frozen,nfat,22,7,final,,12,-33200.0,2.28
frozen,nfat,23,0,init,,140,,0.28
frozen,nfat,23,1,H-min,,140,,0.28
frozen,nfat,23,2,s0.1,0.1,140,-2950.0,0.27
frozen,nfat,23,3,s0.3,0.3,140,15600000.0,0.27
frozen,nfat,23,4,s0.5,0.5,140,7190000000.0,0.27
frozen,nfat,23,5,s0.7,0.7,72,-42200.0,1.59
frozen,nfat,23,6,s1.0,1.0,12,-39400.0,2.28
frozen,nfat,23,7,final,,12,-39800.0,2.28
frozen,nfat,24,0,init,,155,,0.33
frozen,nfat,24,1,H-min,,155,,0.33
frozen,nfat,24,2,s0.1,0.1,154,-9850.0,0.36
frozen,nfat,24,3,s0.3,0.3,154,336000.0,0.36
frozen,nfat,24,4,s0.5,0.5,154,160000000.0,0.36
frozen,nfat,24,5,s0.7,0.7,81,-42900.0,1.55
frozen,nfat,24,6,s1.0,1.0,12,-26900.0,2.2
frozen,nfat,24,7,final,,12,-27500.0,2.2
frozen,nfat,25,0,init,,169,,0.24
frozen,nfat,25,1,H-min,,169,,0.24
frozen,nfat,25,2,s0.1,0.1,168,-8180.0,0.36
frozen,nfat,25,3,s0.3,0.3,168,466000.0,0.36
frozen,nfat,25,4,s0.5,0.5,168,218000000.0,0.36
frozen,nfat,25,5,s0.7,0.7,70,-43600.0,1.56
frozen,nfat,25,6,s1.0,1.0,10,-38800.0,2.19
frozen,nfat,25,7,final,,10,-39400.0,2.19
frozen,nfat,26,0,init,,133,,0.35
frozen,nfat,26,1,H-min,,133,,0.35
frozen,nfat,26,2,s0.1,0.1,132,-17500.0,0.36
frozen,nfat,26,3,s0.3,0.3,132,1920000.0,0.36
frozen,nfat,26,4,s0.5,0.5,132,891000000.0,0.36
frozen,nfat,26,5,s0.7,0.7,51,-45100.0,1.65
frozen,nfat,26,6,s1.0,1.0,0,-47200.0,2.52
frozen,nfat,26,7,final,,0,-47600.0,2.54
frozen,nfat,27,0,init,,154,,0.54
frozen,nfat,27,1,H-min,,154,,0.54
frozen,nfat,27,2,s0.1,0.1,154,-10200.0,0.55
frozen,nfat,27,3,s0.3,0.3,154,-7240.0,0.55
frozen,nfat,27,4,s0.5,0.5,149,-47300.0,1.22
frozen,nfat,27,5,s0.7,0.7,50,-44400.0,1.92
frozen,nfat,27,6,s1.0,1.0,0,-45600.0,2.66
frozen,nfat,27,7,final,,0,-46500.0,2.71
frozen,nfat,28,0,init,,174,,0.36
frozen,nfat,28,1,H-min,,174,,0.36
frozen,nfat,28,2,s0.1,0.1,173,7350.0,0.34
frozen,nfat,28,3,s0.3,0.3,173,1260000.0,0.34
frozen,nfat,28,4,s0.5,0.5,173,576000000.0,0.34
frozen,nfat,28,5,s0.7,0.7,96,-40400.0,1.55
frozen,nfat,28,6,s1.0,1.0,34,-19000.0,2.1
frozen,nfat,28,7,final,,34,-19700.0,2.11
frozen,nfat,29,0,init,,161,,0.44
frozen,nfat,29,1,H-min,,161,,0.44
frozen,nfat,29,2,s0.1,0.1,161,-15100.0,0.45
frozen,nfat,29,3,s0.3,0.3,161,10100.0,0.45
frozen,nfat,29,4,s0.5,0.5,143,-37500.0,1.29
frozen,nfat,29,5,s0.7,0.7,86,-42500.0,1.66
frozen,nfat,29,6,s1.0,1.0,23,-31100.0,2.15
frozen,nfat,29,7,final,,23,-31500.0,2.15
frozen,nfat,30,0,init,,158,,0.4
frozen,nfat,30,1,H-min,,158,,0.4
frozen,nfat,30,2,s0.1,0.1,155,-38000.0,0.21
frozen,nfat,30,3,s0.3,0.3,155,401000000.0,0.21
frozen,nfat,30,4,s0.5,0.5,155,184000000000.0,0.21
frozen,nfat,30,5,s0.7,0.7,91,-43300.0,1.59
frozen,nfat,30,6,s1.0,1.0,12,-37900.0,2.22
frozen,nfat,30,7,final,,12,-37900.0,2.22
frozen,nfat,31,0,init,,129,,0.57
frozen,nfat,31,1,H-min,,129,,0.57
frozen,nfat,31,2,s0.1,0.1,129,8490.0,0.57
frozen,nfat,31,3,s0.3,0.3,129,9720.0,0.57
frozen,nfat,31,4,s0.5,0.5,125,-3660.0,1.01
frozen,nfat,31,5,s0.7,0.7,58,-43500.0,1.61
frozen,nfat,31,6,s1.0,1.0,0,-45600.0,2.56
frozen,nfat,31,7,final,,0,-46300.0,2.67
frozen,nfat,32,0,init,,153,,0.46
frozen,nfat,32,1,H-min,,153,,0.46
frozen,nfat,32,2,s0.1,0.1,145,-57200.0,0.2
frozen,nfat,32,3,s0.3,0.3,145,1470000000.0,0.2
frozen,nfat,32,4,s0.5,0.5,145,675000000000.0,0.2
frozen,nfat,32,5,s0.7,0.7,52,-45900.0,1.56
frozen,nfat,32,6,s1.0,1.0,0,-46700.0,2.62
frozen,nfat,32,7,final,,0,-46900.0,2.63
frozen,nfat,33,0,init,,80,,0.56
frozen,nfat,33,1,H-min,,80,,0.56
frozen,nfat,33,2,s0.1,0.1,80,-18500.0,0.51
frozen,nfat,33,3,s0.3,0.3,78,-36600.0,0.83
frozen,nfat,33,4,s0.5,0.5,74,-36400.0,1.27
frozen,nfat,33,5,s0.7,0.7,38,-45300.0,1.55
frozen,nfat,33,6,s1.0,1.0,0,-47300.0,2.63
frozen,nfat,33,7,final,,0,-47300.0,2.63
frozen,nfat,34,0,init,,127,,0.3
frozen,nfat,34,1,H-min,,127,,0.3
frozen,nfat,34,2,s0.1,0.1,128,-16200.0,0.26
frozen,nfat,34,3,s0.3,0.3,128,24700000.0,0.26
frozen,nfat,34,4,s0.5,0.5,128,11300000000.0,0.26
frozen,nfat,34,5,s0.7,0.7,57,-42500.0,1.64
frozen,nfat,34,6,s1.0,1.0,11,-38800.0,2.13
frozen,nfat,34,7,final,,11,-39200.0,2.13
frozen,nfat,35,0,init,,197,,0.52
frozen,nfat,35,1,H-min,,197,,0.52
frozen,nfat,35,2,s0.1,0.1,197,-7470.0,0.54
frozen,nfat,35,3,s0.3,0.3,176,-44100.0,0.72
frozen,nfat,35,4,s0.5,0.5,176,442000.0,0.72
frozen,nfat,35,5,s0.7,0.7,72,-46900.0,1.56
frozen,nfat,35,6,s1.0,1.0,0,-45300.0,2.71
frozen,nfat,35,7,final,,0,-46400.0,2.72
frozen,nfat,36,0,init,,239,,0.3
frozen,nfat,36,1,H-min,,239,,0.3
frozen,nfat,36,2,s0.1,0.1,240,301000.0,0.27
frozen,nfat,36,3,s0.3,0.3,240,19500000.0,0.27
frozen,nfat,36,4,s0.5,0.5,240,8830000000.0,0.27
frozen,nfat,36,5,s0.7,0.7,120,-40300.0,1.63
frozen,nfat,36,6,s1.0,1.0,12,-35600.0,2.2
frozen,nfat,36,7,final,,12,-36800.0,2.2
frozen,nfat,37,0,init,,192,,0.46
frozen,nfat,37,1,H-min,,192,,0.46
frozen,nfat,37,2,s0.1,0.1,192,2990.0,0.46
frozen,nfat,37,3,s0.3,0.3,192,2950000.0,0.46
frozen,nfat,37,4,s0.5,0.5,192,1360000000.0,0.46
frozen,nfat,37,5,s0.7,0.7,68,-43800.0,1.65
frozen,nfat,37,6,s1.0,1.0,0,-46300.0,2.53
frozen,nfat,37,7,final,,0,-46800.0,2.57
frozen,nfat,38,0,init,,135,,0.3
frozen,nfat,38,1,H-min,,135,,0.3
frozen,nfat,38,2,s0.1,0.1,129,-50300.0,0.22
frozen,nfat,38,3,s0.3,0.3,129,924000000.0,0.22
frozen,nfat,38,4,s0.5,0.5,129,424000000000.0,0.22
frozen,nfat,38,5,s0.7,0.7,67,-42800.0,1.54
frozen,nfat,38,6,s1.0,1.0,10,-37100.0,2.21
frozen,nfat,38,7,final,,10,-38100.0,2.2
frozen,nfat,39,0,init,,173,,0.37
frozen,nfat,39,1,H-min,,173,,0.37
frozen,nfat,39,2,s0.1,0.1,173,-10600.0,0.38
frozen,nfat,39,3,s0.3,0.3,173,218000.0,0.38
frozen,nfat,39,4,s0.5,0.5,173,105000000.0,0.38
frozen,nfat,39,5,s0.7,0.7,74,-44000.0,1.55
frozen,nfat,39,6,s1.0,1.0,11,-38000.0,2.14
frozen,nfat,39,7,final,,11,-38900.0,2.15
frozen,nfat,40,0,init,,159,,0.38
frozen,nfat,40,1,H-min,,159,,0.38
frozen,nfat,40,2,s0.1,0.1,157,-7770.0,0.39
frozen,nfat,40,3,s0.3,0.3,157,121000.0,0.39
frozen,nfat,40,4,s0.5,0.5,139,-33900.0,1.2
frozen,nfat,40,5,s0.7,0.7,62,-44300.0,1.61
frozen,nfat,40,6,s1.0,1.0,0,-45200.0,2.65
frozen,nfat,40,7,final,,0,-45700.0,2.74
frozen,nfat,41,0,init,,233,,0.12
frozen,nfat,41,1,H-min,,233,,0.12
frozen,nfat,41,2,s0.1,0.1,232,11100.0,0.16
frozen,nfat,41,3,s0.3,0.3,232,7210000000.0,0.16
frozen,nfat,41,4,s0.5,0.5,232,3310000000000.0,0.16
frozen,nfat,41,5,s0.7,0.7,95,-42900.0,1.6
frozen,nfat,41,6,s1.0,1.0,0,-44300.0,2.61
frozen,nfat,41,7,final,,0,-44800.0,2.63
frozen,nfat,42,0,init,,162,,0.39
frozen,nfat,42,1,H-min,,162,,0.39
frozen,nfat,42,2,s0.1,0.1,157,26500.0,0.21
frozen,nfat,42,3,s0.3,0.3,151,241000.0,0.62
frozen,nfat,42,4,s0.5,0.5,151,778000.0,0.62
frozen,nfat,42,5,s0.7,0.7,79,-43200.0,1.64
frozen,nfat,42,6,s1.0,1.0,12,-39900.0,2.3
frozen,nfat,42,7,final,,12,-40400.0,2.29
frozen,nfat,44,0,init,,311,,0.37
frozen,nfat,44,1,H-min,,311,,0.37
frozen,nfat,44,2,s0.1,0.1,311,-947.0,0.38
frozen,nfat,44,3,s0.3,0.3,309,-41300.0,0.76
frozen,nfat,44,4,s0.5,0.5,309,91300.0,0.76
frozen,nfat,44,5,s0.7,0.7,145,-40900.0,1.68
frozen,nfat,44,6,s1.0,1.0,22,-26900.0,2.23
frozen,nfat,44,7,final,,22,-28700.0,2.23
frozen,nfat,45,0,init,,223,,0.35
frozen,nfat,45,1,H-min,,223,,0.35
frozen,nfat,45,2,s0.1,0.1,221,-2940.0,0.36
frozen,nfat,45,3,s0.3,0.3,217,-14000.0,0.72
frozen,nfat,45,4,s0.5,0.5,217,107000.0,0.72
frozen,nfat,45,5,s0.7,0.7,141,-42900.0,1.64
frozen,nfat,45,6,s1.0,1.0,29,-24400.0,2.12
frozen,nfat,45,7,final,,29,-25600.0,2.12
frozen,nfat,47,0,init,,208,,0.2
frozen,nfat,47,1,H-min,,208,,0.2
frozen,nfat,47,2,s0.1,0.1,206,1630.0,0.28
frozen,nfat,47,3,s0.3,0.3,212,-14900.0,0.65
frozen,nfat,47,4,s0.5,0.5,212,417000.0,0.65
frozen,nfat,47,5,s0.7,0.7,212,24700000.0,0.65
frozen,nfat,47,6,s1.0,1.0,0,-46100.0,2.57
frozen,nfat,47,7,final,,0,-46800.0,2.6
frozen,nfat,48,0,init,,104,,0.67
frozen,nfat,48,1,H-min,,104,,0.67
frozen,nfat,48,2,s0.1,0.1,104,-14900.0,0.68
frozen,nfat,48,3,s0.3,0.3,104,-14500.0,0.68
frozen,nfat,48,4,s0.5,0.5,104,200000.0,0.68
frozen,nfat,48,5,s0.7,0.7,47,-44900.0,1.96
frozen,nfat,48,6,s1.0,1.0,0,-47200.0,2.62
frozen,nfat,48,7,final,,0,-47700.0,2.64
frozen,nfat,49,0,init,,158,,0.2
frozen,nfat,49,1,H-min,,158,,0.2
frozen,nfat,49,2,s0.1,0.1,158,6720.0,0.2
frozen,nfat,49,3,s0.3,0.3,158,443000000.0,0.2
frozen,nfat,49,4,s0.5,0.5,158,203000000000.0,0.2
frozen,nfat,49,5,s0.7,0.7,87,-40500.0,1.7
frozen,nfat,49,6,s1.0,1.0,24,-31600.0,2.27
frozen,nfat,49,7,final,,24,-32200.0,2.27
frozen,nfat,51,0,init,,130,,0.55
frozen,nfat,51,1,H-min,,130,,0.55
frozen,nfat,51,2,s0.1,0.1,130,131000.0,0.52
frozen,nfat,51,3,s0.3,0.3,130,319000.0,0.52
frozen,nfat,51,4,s0.5,0.5,130,87100000.0,0.52
frozen,nfat,51,5,s0.7,0.7,70,-42400.0,1.56
frozen,nfat,51,6,s1.0,1.0,12,-40200.0,2.28
frozen,nfat,51,7,final,,12,-40700.0,2.28
frozen,nfat,52,0,init,,138,,0.41
frozen,nfat,52,1,H-min,,138,,0.41
frozen,nfat,52,2,s0.1,0.1,137,370000.0,0.44
frozen,nfat,52,3,s0.3,0.3,137,411000.0,0.44
frozen,nfat,52,4,s0.5,0.5,137,19500000.0,0.44
frozen,nfat,52,5,s0.7,0.7,64,-41400.0,1.63
frozen,nfat,52,6,s1.0,1.0,10,-34900.0,2.17
frozen,nfat,52,7,final,,10,-35700.0,2.16
frozen,nfat,53,0,init,,126,,0.66
frozen,nfat,53,1,H-min,,126,,0.66
frozen,nfat,53,2,s0.1,0.1,126,-71000.0,0.21
frozen,nfat,53,3,s0.3,0.3,126,2200000000.0,0.21
frozen,nfat,53,4,s0.5,0.5,126,1010000000000.0,0.21
frozen,nfat,53,5,s0.7,0.7,51,-44400.0,1.89
frozen,nfat,53,6,s1.0,1.0,0,-45900.0,2.69
frozen,nfat,53,7,final,,0,-46500.0,2.71
frozen,nfat,54,0,init,,206,,0.5
frozen,nfat,54,1,H-min,,206,,0.5
frozen,nfat,54,2,s0.1,0.1,208,54900.0,0.5
frozen,nfat,54,3,s0.3,0.3,208,67600.0,0.5
frozen,nfat,54,4,s0.5,0.5,208,6110000.0,0.5
frozen,nfat,54,5,s0.7,0.7,76,-43700.0,1.55
frozen,nfat,54,6,s1.0,1.0,0,-44600.0,2.52
frozen,nfat,54,7,final,,0,-45500.0,2.56
frozen,nfat,55,0,init,,156,,0.28
frozen,nfat,55,1,H-min,,156,,0.28
frozen,nfat,55,2,s0.1,0.1,155,-13500.0,0.23
frozen,nfat,55,3,s0.3,0.3,148,-43500.0,0.68
frozen,nfat,55,4,s0.5,0.5,148,147000.0,0.68
frozen,nfat,55,5,s0.7,0.7,148,10900000.0,0.68
frozen,nfat,55,6,s1.0,1.0,0,-46300.0,2.7
frozen,nfat,55,7,final,,0,-46900.0,2.67
frozen,nfat,56,0,init,,123,,0.39
frozen,nfat,56,1,H-min,,123,,0.39
frozen,nfat,56,2,s0.1,0.1,123,12900.0,0.35
frozen,nfat,56,3,s0.3,0.3,123,559000.0,0.35
frozen,nfat,56,4,s0.5,0.5,118,-7380.0,0.93
frozen,nfat,56,5,s0.7,0.7,63,-45400.0,1.56
frozen,nfat,56,6,s1.0,1.0,0,-46700.0,2.69
frozen,nfat,56,7,final,,0,-47100.0,2.67
frozen,nfat,58,0,init,,132,,0.67
frozen,nfat,58,1,H-min,,132,,0.67
frozen,nfat,58,2,s0.1,0.1,132,-5570.0,0.64
frozen,nfat,58,3,s0.3,0.3,132,-5170.0,0.64
frozen,nfat,58,4,s0.5,0.5,132,231000.0,0.64
frozen,nfat,58,5,s0.7,0.7,53,-44500.0,1.91
frozen,nfat,58,6,s1.0,1.0,0,-46100.0,2.7
frozen,nfat,58,7,final,,0,-47000.0,2.67
frozen,nfat,59,0,init,,184,,0.41
frozen,nfat,59,1,H-min,,184,,0.41
frozen,nfat,59,2,s0.1,0.1,182,28300.0,0.42
frozen,nfat,59,3,s0.3,0.3,182,116000.0,0.42
frozen,nfat,59,4,s0.5,0.5,182,40500000.0,0.42
frozen,nfat,59,5,s0.7,0.7,113,-40500.0,1.59
frozen,nfat,59,6,s1.0,1.0,24,-31900.0,2.26
frozen,nfat,59,7,final,,24,-32600.0,2.26
frozen,nfat,60,0,init,,300,,0.25
frozen,nfat,60,1,H-min,,300,,0.25
frozen,nfat,60,2,s0.1,0.1,298,246000.0,0.25
frozen,nfat,60,3,s0.3,0.3,298,27500000.0,0.25
frozen,nfat,60,4,s0.5,0.5,298,12500000000.0,0.25
frozen,nfat,60,5,s0.7,0.7,150,-39100.0,1.64
frozen,nfat,60,6,s1.0,1.0,22,-29000.0,2.17
frozen,nfat,60,7,final,,22,-30400.0,2.17
frozen,nfat,61,0,init,,113,,0.41
frozen,nfat,61,1,H-min,,113,,0.41
frozen,nfat,61,2,s0.1,0.1,113,-15800.0,0.42
frozen,nfat,61,3,s0.3,0.3,113,60900.0,0.42
frozen,nfat,61,4,s0.5,0.5,113,35400000.0,0.42
frozen,nfat,61,5,s0.7,0.7,45,-42900.0,1.65
frozen,nfat,61,6,s1.0,1.0,8,-38300.0,2.17
frozen,nfat,61,7,final,,8,-38900.0,2.17
frozen,nfat,62,0,init,,140,,0.22
frozen,nfat,62,1,H-min,,140,,0.22
frozen,nfat,62,2,s0.1,0.1,140,-12600.0,0.22
frozen,nfat,62,3,s0.3,0.3,140,178000000.0,0.22
frozen,nfat,62,4,s0.5,0.5,116,-37100.0,1.25
frozen,nfat,62,5,s0.7,0.7,54,-45200.0,1.66
frozen,nfat,62,6,s1.0,1.0,0,-46700.0,2.68
frozen,nfat,62,7,final,,0,-47300.0,2.59
frozen,nfat,63,0,init,,114,,0.59
frozen,nfat,63,1,H-min,,114,,0.59
frozen,nfat,63,2,s0.1,0.1,113,-4870.0,0.59
frozen,nfat,63,3,s0.3,0.3,113,-3050.0,0.59
frozen,nfat,63,4,s0.5,0.5,108,-296000.0,0.96
frozen,nfat,63,5,s0.7,0.7,108,-901000.0,0.96
frozen,nfat,63,6,s1.0,1.0,0,-46000.0,2.69
frozen,nfat,63,7,final,,0,-46900.0,2.64
frozen,nfat,64,0,init,,158,,0.47
frozen,nfat,64,1,H-min,,158,,0.47
frozen,nfat,64,2,s0.1,0.1,154,-75500.0,0.21
frozen,nfat,64,3,s0.3,0.3,154,2430000000.0,0.21
frozen,nfat,64,4,s0.5,0.5,154,1110000000000.0,0.21
frozen,nfat,64,5,s0.7,0.7,59,-44200.0,1.68
frozen,nfat,64,6,s1.0,1.0,0,-46300.0,2.62
frozen,nfat,64,7,final,,0,-46700.0,2.65
frozen,nfat,65,0,init,,168,,0.54
frozen,nfat,65,1,H-min,,168,,0.54
frozen,nfat,65,2,s0.1,0.1,164,10100.0,0.4
frozen,nfat,65,3,s0.3,0.3,164,154000.0,0.4
frozen,nfat,65,4,s0.5,0.5,164,66700000.0,0.4
frozen,nfat,65,5,s0.7,0.7,63,-44500.0,1.54
frozen,nfat,65,6,s1.0,1.0,0,-46100.0,2.61
frozen,nfat,65,7,final,,0,-47100.0,2.58
frozen,nfat,66,0,init,,151,,0.51
frozen,nfat,66,1,H-min,,151,,0.51
frozen,nfat,66,2,s0.1,0.1,150,24300.0,0.54
frozen,nfat,66,3,s0.3,0.3,150,26500.0,0.54
frozen,nfat,66,4,s0.5,0.5,150,1060000.0,0.54
frozen,nfat,66,5,s0.7,0.7,56,-44800.0,1.55
frozen,nfat,66,6,s1.0,1.0,0,-46000.0,2.59
frozen,nfat,66,7,final,,0,-46400.0,2.59
frozen,csl,1,0,init,,50,,0.94
frozen,csl,1,1,H-min,,50,,0.94
frozen,csl,1,2,s0.1,0.1,50,-29200.0,0.95
frozen,csl,1,3,s0.3,0.3,47,-59900.0,1.26
frozen,csl,1,4,s0.5,0.5,47,-60100.0,1.26
frozen,csl,1,5,s0.7,0.7,24,-77400.0,1.59
frozen,csl,1,6,s1.0,1.0,0,-82200.0,2.55
frozen,csl,1,7,final,,0,-82200.0,2.55
frozen,csl,2,0,init,,68,,0.66
frozen,csl,2,1,H-min,,68,,0.66
frozen,csl,2,2,s0.05,0.05,68,-34100.0,0.67
frozen,csl,2,3,s0.1,0.1,68,-34100.0,0.67
frozen,csl,2,4,s0.2,0.2,68,-34100.0,0.67
frozen,csl,2,5,s0.4,0.4,63,-52300.0,1.06
frozen,csl,2,6,s0.7,0.7,21,-80000.0,1.54
frozen,csl,2,7,s1.0,1.0,0,-83600.0,2.59
frozen,csl,2,2,s0.05,0.05,81,-23600.0,0.72
frozen,csl,2,3,s0.1,0.1,81,-23600.0,0.72
frozen,csl,2,4,s0.2,0.2,81,-23600.0,0.72
frozen,csl,2,5,s0.4,0.4,81,-19400.0,0.72
frozen,csl,2,6,s0.7,0.7,21,-80100.0,1.55
frozen,csl,2,7,s1.0,1.0,0,-82400.0,2.6
frozen,csl,2,2,s0.05,0.05,55,-6710.0,0.47
frozen,csl,2,3,s0.1,0.1,55,-6710.0,0.47
frozen,csl,2,4,s0.2,0.2,55,-6610.0,0.47
frozen,csl,2,5,s0.4,0.4,55,483000.0,0.47
frozen,csl,2,6,s0.7,0.7,26,-77800.0,1.55
frozen,csl,2,7,s1.0,1.0,12,-75900.0,2.25
frozen,csl,2,2,s0.05,0.05,94,-11000.0,0.54
frozen,csl,2,3,s0.1,0.1,94,-11000.0,0.54
frozen,csl,2,4,s0.2,0.2,94,-11000.0,0.54
frozen,csl,2,5,s0.4,0.4,94,112000.0,0.54
frozen,csl,2,6,s0.7,0.7,47,-78700.0,1.62
frozen,csl,2,7,s1.0,1.0,10,-76400.0,2.18
frozen,csl,2,2,s0.05,0.05,66,-10100.0,0.81
frozen,csl,2,3,s0.1,0.1,66,-10100.0,0.81
frozen,csl,2,4,s0.2,0.2,66,-10100.0,0.81
frozen,csl,2,2,s0.05,0.05,184,-19900.0,0.49
frozen,csl,2,3,s0.1,0.1,184,-19900.0,0.49
frozen,csl,2,4,s0.2,0.2,184,-19800.0,0.49
frozen,csl,2,5,s0.4,0.4,184,346000.0,0.49
frozen,csl,2,6,s0.7,0.7,73,-77500.0,1.6
frozen,csl,2,7,s1.0,1.0,0,-82200.0,2.71
frozen,csl,2,2,s0.05,0.05,42,-3860.0,0.68
frozen,csl,2,3,s0.1,0.1,42,-3860.0,0.68
frozen,csl,2,4,s0.2,0.2,42,-3870.0,0.68
frozen,csl,2,5,s0.4,0.4,42,11200.0,0.68
frozen,csl,2,6,s0.7,0.7,10,-80300.0,1.54
frozen,csl,2,7,s1.0,1.0,0,-83400.0,2.63
frozen,csl,2,41,final,,0,-83600.0,2.59
frozen,csl,3,0,init,,106,,0.4
frozen,csl,3,1,H-min,,106,,0.4
frozen,csl,3,2,s0.1,0.1,106,-19800.0,0.43
frozen,csl,3,3,s0.3,0.3,106,12300.0,0.43
frozen,csl,3,4,s0.5,0.5,106,14900000.0,0.43
frozen,csl,3,5,s0.7,0.7,49,-76100.0,1.55
frozen,csl,3,6,s1.0,1.0,0,-81700.0,2.56
frozen,csl,3,7,final,,0,-82200.0,2.57
frozen,csl,4,0,init,,39,,0.56
frozen,csl,4,1,H-min,,39,,0.56
frozen,csl,4,2,s0.1,0.1,39,10600.0,0.58
frozen,csl,4,3,s0.3,0.3,39,121000000.0,0.58
frozen,csl,4,4,s0.5,0.5,39,55700000000.0,0.58
frozen,csl,4,5,s0.7,0.7,10,-75700.0,1.84
frozen,csl,4,6,s1.0,1.0,0,-83300.0,2.7
frozen,csl,4,7,final,,0,-83600.0,2.7
frozen,csl,7,0,init,,69,,0.44
frozen,csl,7,1,H-min,,69,,0.44
frozen,csl,7,2,s0.1,0.1,69,-33200.0,0.5
frozen,csl,7,3,s0.3,0.3,69,-27500.0,0.5
frozen,csl,7,4,s0.5,0.5,69,2660000.0,0.5
frozen,csl,7,5,s0.7,0.7,31,-76400.0,1.58
frozen,csl,7,6,s1.0,1.0,0,-83500.0,2.61
frozen,csl,7,7,final,,0,-84100.0,2.61
frozen,csl,8,0,init,,46,,0.92
frozen,csl,8,1,H-min,,46,,0.92
frozen,csl,8,2,s0.1,0.1,39,-56100.0,1.2
frozen,csl,8,3,s0.3,0.3,39,-56100.0,1.2
frozen,csl,8,4,s0.5,0.5,39,-60300.0,1.2
frozen,csl,8,5,s0.7,0.7,18,-63200.0,1.81
frozen,csl,8,6,s1.0,1.0,0,-82300.0,2.64
frozen,csl,8,7,final,,0,-82900.0,2.64
frozen,csl,9,0,init,,78,,0.7
frozen,csl,9,1,H-min,,78,,0.7
frozen,csl,9,2,s0.1,0.1,78,-29800.0,0.74
frozen,csl,9,3,s0.3,0.3,75,-58400.0,0.82
frozen,csl,9,4,s0.5,0.5,75,-31900.0,0.82
frozen,csl,9,5,s0.7,0.7,41,-75700.0,1.78
frozen,csl,9,6,s1.0,1.0,12,-76100.0,2.3
frozen,csl,9,7,final,,12,-76100.0,2.3
frozen,csl,11,0,init,,16,,1.3
frozen,csl,11,1,H-min,,16,,1.3
frozen,csl,11,2,s0.1,0.1,16,-32300.0,1.3
frozen,csl,11,3,s0.3,0.3,16,-32400.0,1.3
frozen,csl,11,4,s0.5,0.5,16,-30000.0,1.3
frozen,csl,11,5,s0.7,0.7,12,-76900.0,1.55
frozen,csl,11,6,s1.0,1.0,0,-83100.0,2.6
frozen,csl,11,7,final,,0,-83700.0,2.61
frozen,csl,12,0,init,,34,,0.54
frozen,csl,12,1,H-min,,34,,0.54
frozen,csl,12,2,s0.1,0.1,34,-29000.0,0.65
frozen,csl,12,3,s0.3,0.3,34,-28600.0,0.65
frozen,csl,12,4,s0.5,0.5,34,225000.0,0.65
frozen,csl,12,5,s0.7,0.7,21,-77500.0,1.72
frozen,csl,12,6,s1.0,1.0,0,-83000.0,2.72
frozen,csl,12,7,final,,0,-83300.0,2.73
frozen,csl,13,0,init,,65,,0.82
frozen,csl,13,1,H-min,,65,,0.82
frozen,csl,13,2,s0.05,0.05,66,295000.0,0.82
frozen,csl,13,3,s0.1,0.1,63,96100.0,0.83
frozen,csl,13,4,s0.2,0.2,63,-561000.0,0.83
frozen,csl,13,5,s0.4,0.4,63,99300000.0,0.83
frozen,csl,13,6,s0.7,0.7,27,-78500.0,1.75
frozen,csl,13,7,s1.0,1.0,0,-82700.0,2.67
frozen,csl,13,8,final,,0,-82700.0,2.67
frozen,csl,14,0,init,,38,,1.13
frozen,csl,14,1,H-min,,38,,1.13
frozen,csl,14,2,s0.1,0.1,38,-27500.0,1.13
frozen,csl,14,3,s0.3,0.3,38,-27500.0,1.13
frozen,csl,14,4,s0.5,0.5,37,-59100.0,1.4
frozen,csl,14,5,s0.7,0.7,24,-76800.0,1.79
frozen,csl,14,6,s1.0,1.0,0,-83100.0,2.71
frozen,csl,14,7,final,,0,-83700.0,2.74
frozen,csl,17,0,init,,82,,0.5
frozen,csl,17,1,H-min,,82,,0.5
frozen,csl,17,2,s0.1,0.1,82,-23800.0,0.54
frozen,csl,17,3,s0.3,0.3,82,-16600.0,0.54
frozen,csl,17,4,s0.5,0.5,82,3380000.0,0.54
frozen,csl,17,5,s0.7,0.7,46,-76000.0,1.86
frozen,csl,17,6,s1.0,1.0,0,-82900.0,2.78
frozen,csl,17,7,final,,0,-82900.0,2.78
frozen,csl,18,0,init,,34,,0.3
frozen,csl,18,1,H-min,,34,,0.3
frozen,csl,18,2,s0.1,0.1,34,-33600.0,0.38
frozen,csl,18,3,s0.3,0.3,35,-59800.0,0.88
frozen,csl,18,4,s0.5,0.5,35,-52900.0,0.88
frozen,csl,18,5,s0.7,0.7,22,-77200.0,1.56
frozen,csl,18,6,s1.0,1.0,0,-83400.0,2.57
frozen,csl,18,7,final,,0,-83800.0,2.58
frozen,csl,20,0,init,,25,,0.93
frozen,csl,20,1,H-min,,25,,0.93
frozen,csl,20,2,s0.05,0.05,25,-31700.0,0.94
frozen,csl,20,3,s0.1,0.1,25,-31700.0,0.94
frozen,csl,20,4,s0.2,0.2,25,-31700.0,0.94
frozen,csl,20,5,s0.4,0.4,25,-31500.0,0.94
frozen,csl,20,6,s0.7,0.7,16,-80700.0,1.55
frozen,csl,20,7,s1.0,1.0,0,-83800.0,2.6
frozen,csl,20,8,final,,0,-83800.0,2.6
frozen,csl,21,0,init,,95,,0.39
frozen,csl,21,1,H-min,,95,,0.39
frozen,csl,21,2,s0.1,0.1,95,12100.0,0.4
frozen,csl,21,3,s0.3,0.3,95,140000.0,0.4
frozen,csl,21,4,s0.5,0.5,95,58900000.0,0.4
frozen,csl,21,5,s0.7,0.7,43,-74900.0,1.57
frozen,csl,21,6,s1.0,1.0,0,-81500.0,2.68
frozen,csl,21,7,final,,0,-81500.0,2.68
frozen,csl,22,0,init,,51,,0.25
frozen,csl,22,1,H-min,,51,,0.25
frozen,csl,22,2,s0.05,0.05,52,248000.0,0.34
frozen,csl,22,3,s0.1,0.1,52,248000.0,0.34
frozen,csl,22,4,s0.2,0.2,52,256000.0,0.34
frozen,csl,22,5,s0.4,0.4,52,33000000.0,0.34
frozen,csl,22,6,s0.7,0.7,26,-78600.0,1.54
frozen,csl,22,7,s1.0,1.0,0,-82100.0,2.56
frozen,csl,22,8,final,,0,-82100.0,2.56
frozen,csl,23,0,init,,30,,0.94
frozen,csl,23,1,H-min,,30,,0.94
frozen,csl,23,2,s0.1,0.1,30,-37500.0,0.96
frozen,csl,23,3,s0.3,0.3,30,91100.0,0.96
frozen,csl,23,4,s0.5,0.5,30,59300000.0,0.96
frozen,csl,23,5,s0.7,0.7,15,-78200.0,1.55
frozen,csl,23,6,s1.0,1.0,0,-83700.0,2.55
frozen,csl,23,7,final,,0,-84200.0,2.54
frozen,csl,24,0,init,,47,,0.42
frozen,csl,24,1,H-min,,47,,0.42
frozen,csl,24,2,s0.1,0.1,47,-29300.0,0.43
frozen,csl,24,3,s0.3,0.3,47,22700.0,0.43
frozen,csl,24,4,s0.5,0.5,47,24100000.0,0.43
frozen,csl,24,5,s0.7,0.7,30,-78300.0,1.55
frozen,csl,24,6,s1.0,1.0,0,-83300.0,2.69
frozen,csl,24,7,final,,0,-83300.0,2.69
frozen,csl,25,0,init,,71,,0.43
frozen,csl,25,1,H-min,,71,,0.43
frozen,csl,25,2,s0.1,0.1,71,-5470.0,0.47
frozen,csl,25,3,s0.3,0.3,71,4120.0,0.47
frozen,csl,25,4,s0.5,0.5,71,4520000.0,0.47
frozen,csl,25,5,s0.7,0.7,20,-76300.0,1.55
frozen,csl,25,6,s1.0,1.0,0,-82900.0,2.61
frozen,csl,25,7,final,,0,-83500.0,2.58
frozen,csl,26,0,init,,21,,0.75
frozen,csl,26,1,H-min,,21,,0.75
frozen,csl,26,2,s0.1,0.1,21,-30300.0,0.79
frozen,csl,26,3,s0.3,0.3,21,-30300.0,0.79
frozen,csl,26,4,s0.5,0.5,21,-15000.0,0.79
frozen,csl,26,5,s0.7,0.7,13,-77900.0,1.91
frozen,csl,26,6,s1.0,1.0,0,-83600.0,2.64
frozen,csl,26,7,final,,0,-83600.0,2.65
frozen,csl,27,0,init,,56,,0.32
frozen,csl,27,1,H-min,,56,,0.32
frozen,csl,27,2,s0.05,0.05,56,81500.0,0.25
frozen,csl,27,3,s0.1,0.1,56,81500.0,0.25
frozen,csl,27,4,s0.2,0.2,58,32700.0,0.66
frozen,csl,27,5,s0.4,0.4,58,2940000.0,0.66
frozen,csl,27,6,s0.7,0.7,40,-77800.0,1.6
frozen,csl,27,7,s1.0,1.0,12,-77000.0,2.29
frozen,csl,27,8,final,,12,-77000.0,2.29
frozen,csl,28,0,init,,34,,1.23
frozen,csl,28,1,H-min,,34,,1.23
frozen,csl,28,2,s0.05,0.05,33,-24100.0,1.23
frozen,csl,28,3,s0.1,0.1,33,-24100.0,1.23
frozen,csl,28,4,s0.2,0.2,33,-24100.0,1.23
frozen,csl,28,5,s0.4,0.4,33,159000.0,1.23
frozen,csl,28,6,s0.7,0.7,22,-79500.0,1.79
frozen,csl,28,7,s1.0,1.0,0,-83800.0,2.68
frozen,csl,28,8,final,,0,-83800.0,2.68
frozen,csl,29,0,init,,67,,0.63
frozen,csl,29,1,H-min,,67,,0.63
frozen,csl,29,2,s0.05,0.05,67,15900.0,0.64
frozen,csl,29,3,s0.1,0.1,67,15900.0,0.64
frozen,csl,29,4,s0.2,0.2,67,15900.0,0.64
frozen,csl,29,5,s0.4,0.4,66,-24300.0,0.97
frozen,csl,29,6,s0.7,0.7,32,-79600.0,1.73
frozen,csl,29,7,s1.0,1.0,0,-83200.0,2.69
frozen,csl,29,8,final,,0,-83200.0,2.69
frozen,csl,30,0,init,,98,,0.58
frozen,csl,30,1,H-min,,98,,0.58
frozen,csl,30,2,s0.1,0.1,98,7800.0,0.6
frozen,csl,30,3,s0.3,0.3,98,10500.0,0.6
frozen,csl,30,4,s0.5,0.5,85,-24600.0,0.99
frozen,csl,30,5,s0.7,0.7,35,-74500.0,1.64
frozen,csl,30,6,s1.0,1.0,0,-82600.0,2.57
frozen,csl,30,7,final,,0,-83100.0,2.61
frozen,csl,31,0,init,,30,,0.95
frozen,csl,31,1,H-min,,30,,0.95
frozen,csl,31,2,s0.1,0.1,30,-33900.0,0.96
frozen,csl,31,3,s0.3,0.3,30,-33900.0,0.96
frozen,csl,31,4,s0.5,0.5,30,-18000.0,0.96
frozen,csl,31,5,s0.7,0.7,17,-75900.0,1.54
frozen,csl,31,6,s1.0,1.0,0,-83000.0,2.58
frozen,csl,31,7,final,,0,-83800.0,2.58
frozen,csl,32,0,init,,73,,0.28
frozen,csl,32,1,H-min,,73,,0.28
frozen,csl,32,2,s0.1,0.1,70,-63900.0,0.27
frozen,csl,32,3,s0.3,0.3,70,44300000.0,0.27
frozen,csl,32,4,s0.5,0.5,70,20400000000.0,0.27
frozen,csl,32,5,s0.7,0.7,32,-68000.0,1.58
frozen,csl,32,6,s1.0,1.0,0,-82700.0,2.62
frozen,csl,32,7,final,,0,-83000.0,2.61
frozen,csl,33,0,init,,33,,0.25
frozen,csl,33,1,H-min,,33,,0.25
frozen,csl,33,2,s0.1,0.1,37,32500.0,0.21
frozen,csl,33,3,s0.3,0.3,31,5000.0,0.95
frozen,csl,33,4,s0.5,0.5,31,91200.0,0.95
frozen,csl,33,5,s0.7,0.7,17,-75600.0,1.71
frozen,csl,33,6,s1.0,1.0,0,-82800.0,2.59
frozen,csl,33,7,final,,0,-82800.0,2.59
frozen,csl,35,0,init,,45,,0.69
frozen,csl,35,1,H-min,,45,,0.69
frozen,csl,35,2,s0.1,0.1,45,-17900.0,0.7
frozen,csl,35,3,s0.3,0.3,45,17200.0,0.7
frozen,csl,35,4,s0.5,0.5,45,16300000.0,0.7
frozen,csl,35,5,s0.7,0.7,18,-73300.0,1.88
frozen,csl,35,6,s1.0,1.0,0,-71400.0,2.53
frozen,csl,35,7,final,,0,-72100.0,2.52
frozen,csl,36,0,init,,59,,0.27
frozen,csl,36,1,H-min,,59,,0.27
frozen,csl,36,2,s0.05,0.05,59,-9250.0,0.28
frozen,csl,36,3,s0.1,0.1,59,-9240.0,0.28
frozen,csl,36,4,s0.2,0.2,59,42000.0,0.28
frozen,csl,36,5,s0.4,0.4,60,-65200.0,0.92
frozen,csl,36,6,s0.7,0.7,33,-80200.0,1.65
frozen,csl,36,7,s1.0,1.0,0,-82800.0,2.52
frozen,csl,36,8,final,,0,-82800.0,2.52
frozen,csl,37,0,init,,27,,0.69
frozen,csl,37,1,H-min,,27,,0.69
frozen,csl,37,2,s0.05,0.05,27,99400.0,0.75
frozen,csl,37,3,s0.1,0.1,27,99400.0,0.75
frozen,csl,37,4,s0.2,0.2,27,99400.0,0.75
frozen,csl,37,5,s0.4,0.4,27,103000.0,0.75
frozen,csl,37,6,s0.7,0.7,16,-79600.0,1.73
frozen,csl,37,7,s1.0,1.0,0,-83600.0,2.68
frozen,csl,37,8,final,,0,-83600.0,2.68
frozen,csl,38,0,init,,30,,0.89
frozen,csl,38,1,H-min,,30,,0.89
frozen,csl,38,2,s0.1,0.1,30,-28400.0,0.88
frozen,csl,38,3,s0.3,0.3,30,-28400.0,0.88
frozen,csl,38,4,s0.5,0.5,30,-18100.0,0.88
frozen,csl,38,5,s0.7,0.7,11,-77100.0,1.56
frozen,csl,38,6,s1.0,1.0,0,-83400.0,2.62
frozen,csl,38,7,final,,0,-83400.0,2.62
frozen,csl,39,0,init,,69,,0.62
frozen,csl,39,1,H-min,,69,,0.62
frozen,csl,39,2,s0.1,0.1,69,-33000.0,0.64
frozen,csl,39,3,s0.3,0.3,65,-79500.0,0.9
frozen,csl,39,4,s0.5,0.5,65,-42300.0,0.9
frozen,csl,39,5,s0.7,0.7,23,-77500.0,1.54
frozen,csl,39,6,s1.0,1.0,0,-82400.0,2.57
frozen,csl,39,7,final,,0,-82400.0,2.57
frozen,csl,40,0,init,,67,,0.23
frozen,csl,40,1,H-min,,67,,0.23
frozen,csl,40,2,s0.1,0.1,67,-14800.0,0.24
frozen,csl,40,3,s0.3,0.3,68,-20400.0,0.6
frozen,csl,40,4,s0.5,0.5,68,378000.0,0.6
frozen,csl,40,5,s0.7,0.7,43,-75900.0,1.56
frozen,csl,40,6,s1.0,1.0,0,-82900.0,2.59
frozen,csl,40,7,final,,0,-82900.0,2.59
frozen,csl,41,0,init,,87,,0.77
frozen,csl,41,1,H-min,,87,,0.77
frozen,csl,41,2,s0.05,0.05,87,-3160.0,0.77
frozen,csl,41,3,s0.1,0.1,87,-3160.0,0.77
frozen,csl,41,4,s0.2,0.2,87,-3160.0,0.77
frozen,csl,41,5,s0.4,0.4,87,15600.0,0.77
frozen,csl,41,6,s0.7,0.7,28,-79200.0,1.62
frozen,csl,41,7,s1.0,1.0,0,-82700.0,2.52
frozen,csl,41,8,final,,0,-82700.0,2.52
frozen,csl,42,0,init,,54,,0.24
frozen,csl,42,1,H-min,,54,,0.24
frozen,csl,42,2,s0.05,0.05,54,-10200.0,0.26
frozen,csl,42,3,s0.1,0.1,54,-10200.0,0.26
frozen,csl,42,4,s0.2,0.2,54,133000.0,0.26
frozen,csl,42,5,s0.4,0.4,53,-14500.0,0.78
frozen,csl,42,6,s0.7,0.7,12,-79400.0,1.54
frozen,csl,42,7,s1.0,1.0,0,-83500.0,2.56
frozen,csl,42,8,final,,0,-83500.0,2.56
frozen,csl,43,0,init,,82,,0.24
frozen,csl,43,1,H-min,,82,,0.24
frozen,csl,43,2,s0.05,0.05,81,17200.0,0.17
frozen,csl,43,3,s0.1,0.1,81,24900.0,0.17
frozen,csl,43,4,s0.2,0.2,81,32000000.0,0.17
frozen,csl,43,5,s0.4,0.4,74,-1820.0,0.8
frozen,csl,43,6,s0.7,0.7,18,-79100.0,1.53
frozen,csl,43,7,s1.0,1.0,0,-83600.0,2.56
frozen,csl,43,8,final,,0,-83600.0,2.56
frozen,csl,44,0,init,,55,,0.54
frozen,csl,44,1,H-min,,55,,0.54
frozen,csl,44,2,s0.1,0.1,53,44900.0,0.59
frozen,csl,44,3,s0.3,0.3,53,46600.0,0.59
frozen,csl,44,4,s0.5,0.5,53,874000.0,0.59
frozen,csl,44,5,s0.7,0.7,28,-74800.0,1.56
frozen,csl,44,6,s1.0,1.0,28,136000.0,1.56
frozen,csl,44,7,final,,0,-83900.0,2.61
frozen,csl,45,0,init,,14,,1.1
frozen,csl,45,1,H-min,,14,,1.1
frozen,csl,45,2,s0.1,0.1,14,-39200.0,1.1
frozen,csl,45,3,s0.3,0.3,14,-39200.0,1.1
frozen,csl,45,4,s0.5,0.5,14,-39400.0,1.1
frozen,csl,45,5,s0.7,0.7,11,-78400.0,1.56
frozen,csl,45,6,s1.0,1.0,0,-83700.0,2.55
frozen,csl,45,7,final,,0,-83700.0,2.55
frozen,csl,46,0,init,,72,,0.66
frozen,csl,46,1,H-min,,72,,0.66
frozen,csl,46,2,s0.05,0.05,72,-33800.0,0.68
frozen,csl,46,3,s0.1,0.1,64,-60400.0,0.23
frozen,csl,46,4,s0.2,0.2,64,386000.0,0.23
frozen,csl,46,5,s0.4,0.4,64,1830000000.0,0.23
frozen,csl,46,6,s0.7,0.7,23,-81100.0,1.55
frozen,csl,46,7,s1.0,1.0,0,-83800.0,2.58
frozen,csl,46,8,final,,0,-83800.0,2.58
frozen,csl,47,0,init,,51,,0.32
frozen,csl,47,1,H-min,,51,,0.32
frozen,csl,47,2,s0.1,0.1,51,-28600.0,0.32
frozen,csl,47,3,s0.3,0.3,51,1180000.0,0.32
frozen,csl,47,4,s0.5,0.5,51,555000000.0,0.32
frozen,csl,47,5,s0.7,0.7,19,-77200.0,1.55
frozen,csl,47,6,s1.0,1.0,0,-82100.0,2.62
frozen,csl,47,7,final,,0,-82100.0,2.62
frozen,csl,49,0,init,,59,,0.55
frozen,csl,49,1,H-min,,59,,0.55
frozen,csl,49,2,s0.1,0.1,59,25100.0,0.52
frozen,csl,49,3,s0.3,0.3,61,-3790.0,0.78
frozen,csl,49,4,s0.5,0.5,61,133000.0,0.78
frozen,csl,49,5,s0.7,0.7,61,7880000.0,0.78
frozen,csl,49,6,s1.0,1.0,0,-83000.0,2.55
frozen,csl,49,7,final,,0,-83800.0,2.53
frozen,csl,50,0,init,,13,,1.22
frozen,csl,50,1,H-min,,13,,1.22
frozen,csl,50,2,s0.1,0.1,13,-25900.0,1.23
frozen,csl,50,3,s0.3,0.3,13,-26000.0,1.23
frozen,csl,50,4,s0.5,0.5,13,-21500.0,1.23
frozen,csl,50,5,s0.7,0.7,6,-75600.0,1.55
frozen,csl,50,6,s1.0,1.0,0,-72700.0,2.58
frozen,csl,50,7,final,,0,-73200.0,2.58
frozen,csl,51,0,init,,42,,0.84
frozen,csl,51,1,H-min,,42,,0.84
frozen,csl,51,2,s0.1,0.1,41,-8810.0,0.84
frozen,csl,51,3,s0.3,0.3,41,-13300.0,0.9
frozen,csl,51,4,s0.5,0.5,41,409000.0,0.9
frozen,csl,51,5,s0.7,0.7,12,-75200.0,1.54
frozen,csl,51,6,s1.0,1.0,0,-83500.0,2.62
frozen,csl,51,7,final,,0,-83500.0,2.62
frozen,csl,54,0,init,,35,,0.12
frozen,csl,54,1,H-min,,35,,0.12
frozen,csl,54,2,s0.1,0.1,34,-86200.0,0.3
frozen,csl,54,3,s0.3,0.3,31,-65800.0,0.87
frozen,csl,54,4,s0.5,0.5,31,138000.0,0.87
frozen,csl,54,5,s0.7,0.7,31,11600000.0,0.87
frozen,csl,54,6,s1.0,1.0,0,-82800.0,2.79
frozen,csl,54,7,final,,0,-83500.0,2.76
frozen,csl,55,0,init,,25,,0.9
frozen,csl,55,1,H-min,,25,,0.9
frozen,csl,55,2,s0.1,0.1,24,-32600.0,0.9
frozen,csl,55,3,s0.3,0.3,24,-48100.0,0.95
frozen,csl,55,4,s0.5,0.5,24,146000.0,0.95
frozen,csl,55,5,s0.7,0.7,26,-76400.0,1.56
frozen,csl,55,6,s1.0,1.0,0,-83000.0,2.8
frozen,csl,55,7,final,,0,-83400.0,2.78
frozen,csl,56,0,init,,41,,0.88
frozen,csl,56,1,H-min,,41,,0.88
frozen,csl,56,2,s0.1,0.1,39,-50900.0,0.93
frozen,csl,56,3,s0.3,0.3,39,-50900.0,0.93
frozen,csl,56,4,s0.5,0.5,39,-54500.0,1.03
frozen,csl,56,5,s0.7,0.7,26,-77500.0,1.56
frozen,csl,56,6,s1.0,1.0,0,-83500.0,2.58
frozen,csl,56,7,final,,0,-83500.0,2.58
frozen,csl,57,0,init,,73,,0.6
frozen,csl,57,1,H-min,,73,,0.6
frozen,csl,57,2,s0.1,0.1,73,-20000.0,0.6
frozen,csl,57,3,s0.3,0.3,69,-38700.0,0.94
frozen,csl,57,4,s0.5,0.5,69,-38900.0,0.99
frozen,csl,57,5,s0.7,0.7,28,-75600.0,1.55
frozen,csl,57,6,s1.0,1.0,0,-82400.0,2.51
frozen,csl,57,7,final,,0,-82800.0,2.55
frozen,csl,59,0,init,,63,,0.8
frozen,csl,59,1,H-min,,63,,0.8
frozen,csl,59,2,s0.1,0.1,62,-32900.0,0.76
frozen,csl,59,3,s0.3,0.3,62,-32800.0,0.76
frozen,csl,59,4,s0.5,0.5,62,-29900.0,0.87
frozen,csl,59,5,s0.7,0.7,26,-76200.0,1.54
frozen,csl,59,6,s1.0,1.0,0,-82700.0,2.59
frozen,csl,59,7,final,,0,-82700.0,2.59
frozen,csl,60,0,init,,50,,1.17
frozen,csl,60,1,H-min,,50,,1.17
frozen,csl,60,2,s0.1,0.1,50,-28100.0,1.17
frozen,csl,60,3,s0.3,0.3,50,-28100.0,1.17
frozen,csl,60,4,s0.5,0.5,50,-8270.0,1.17
frozen,csl,60,5,s0.7,0.7,16,-76400.0,1.53
frozen,csl,60,6,s1.0,1.0,0,-82400.0,2.65
frozen,csl,60,7,final,,0,-82400.0,2.65
frozen,csl,61,0,init,,158,,0.36
frozen,csl,61,1,H-min,,158,,0.36
frozen,csl,61,2,s0.1,0.1,159,17900.0,0.39
frozen,csl,61,3,s0.3,0.3,151,-75000.0,0.66
frozen,csl,61,4,s0.5,0.5,151,367000.0,0.66
frozen,csl,61,5,s0.7,0.7,60,-73000.0,1.55
frozen,csl,61,6,s1.0,1.0,20,-70100.0,2.12
frozen,csl,61,7,final,,20,-71200.0,2.12
frozen,csl,62,0,init,,48,,0.82
frozen,csl,62,1,H-min,,48,,0.82
frozen,csl,62,2,s0.05,0.05,49,761000.0,0.82
frozen,csl,62,3,s0.1,0.1,49,761000.0,0.82
frozen,csl,62,4,s0.2,0.2,49,761000.0,0.82
frozen,csl,62,5,s0.4,0.4,49,762000.0,0.82
frozen,csl,62,6,s0.7,0.7,49,1240000.0,0.82
frozen,csl,62,7,s1.0,1.0,0,-83700.0,2.63
frozen,csl,62,8,final,,0,-83700.0,2.63
frozen,csl,63,0,init,,63,,0.44
frozen,csl,63,1,H-min,,63,,0.44
frozen,csl,63,2,s0.1,0.1,63,-32000.0,0.47
frozen,csl,63,3,s0.3,0.3,63,1170000.0,0.47
frozen,csl,63,4,s0.5,0.5,54,-47600.0,1.11
frozen,csl,63,5,s0.7,0.7,29,-77100.0,1.55
frozen,csl,63,6,s1.0,1.0,12,-76100.0,2.25
frozen,csl,63,7,final,,12,-76500.0,2.25
frozen,csl,64,0,init,,116,,0.48
frozen,csl,64,1,H-min,,116,,0.48
frozen,csl,64,2,s0.05,0.05,115,8700.0,0.37
frozen,csl,64,3,s0.1,0.1,115,-418000.0,0.38
frozen,csl,64,4,s0.2,0.2,115,-852000.0,0.38
frozen,csl,64,5,s0.4,0.4,115,4510000.0,0.38
frozen,csl,64,6,s0.7,0.7,33,-78000.0,1.56
frozen,csl,64,7,s1.0,1.0,0,-82000.0,2.68
frozen,csl,64,8,final,,0,-82000.0,2.68
frozen,csl,65,0,init,,26,,0.57
frozen,csl,65,1,H-min,,26,,0.57
frozen,csl,65,2,s0.05,0.05,26,-26400.0,0.65
frozen,csl,65,3,s0.1,0.1,26,-26400.0,0.65
frozen,csl,65,4,s0.2,0.2,26,-26400.0,0.65
frozen,csl,65,5,s0.4,0.4,26,-3480.0,0.65
frozen,csl,65,6,s0.7,0.7,11,-78000.0,1.56
frozen,csl,65,7,s1.0,1.0,0,-73600.0,2.67
frozen,csl,65,8,final,,0,-73600.0,2.67
frozen,csl,67,0,init,,104,,0.5
frozen,csl,67,1,H-min,,104,,0.5
frozen,csl,67,2,s0.05,0.05,104,103000.0,0.37
frozen,csl,67,3,s0.1,0.1,104,103000.0,0.37
frozen,csl,67,4,s0.2,0.2,104,105000.0,0.37
frozen,csl,67,5,s0.4,0.4,104,10400000.0,0.37
frozen,csl,67,6,s0.7,0.7,41,-77400.0,1.81
frozen,csl,67,7,s1.0,1.0,0,-82200.0,2.56
frozen,csl,67,8,final,,0,-82200.0,2.56
frozen,csl,68,0,init,,74,,0.66
frozen,csl,68,1,H-min,,74,,0.66
frozen,csl,68,2,s0.05,0.05,73,-15700.0,0.49
frozen,csl,68,3,s0.1,0.1,73,-15700.0,0.49
frozen,csl,68,4,s0.2,0.2,73,-15700.0,0.49
frozen,csl,68,5,s0.4,0.4,75,-126000.0,0.92
frozen,csl,68,6,s0.7,0.7,33,-80100.0,1.58
frozen,csl,68,7,s1.0,1.0,0,-83000.0,2.62
frozen,csl,68,8,final,,0,-83000.0,2.62
frozen,csl,69,0,init,,47,,0.55
frozen,csl,69,1,H-min,,47,,0.55
frozen,csl,69,2,s0.05,0.05,46,-36900.0,0.59
frozen,csl,69,3,s0.1,0.1,46,-36900.0,0.59
frozen,csl,69,4,s0.2,0.2,46,-36900.0,0.59
frozen,csl,69,5,s0.4,0.4,46,13300.0,0.59
frozen,csl,69,6,s0.7,0.7,19,-79600.0,1.54
frozen,csl,69,7,s1.0,1.0,0,-83300.0,2.59
frozen,csl,69,8,final,,0,-83300.0,2.59
frozen,csl,70,0,init,,58,,0.65
frozen,csl,70,1,H-min,,58,,0.65
frozen,csl,70,2,s0.05,0.05,58,114000.0,0.65
frozen,csl,70,3,s0.1,0.1,58,114000.0,0.65
frozen,csl,70,4,s0.2,0.2,58,114000.0,0.65
frozen,csl,70,5,s0.4,0.4,58,129000.0,0.65
frozen,csl,70,6,s0.7,0.7,13,-77200.0,1.93
frozen,csl,70,7,s1.0,1.0,0,-68600.0,2.77
frozen,csl,70,8,final,,0,-68600.0,2.77
frozen,csl,71,0,init,,45,,0.52
frozen,csl,71,1,H-min,,45,,0.52
frozen,csl,71,2,s0.05,0.05,45,447000.0,0.59
frozen,csl,71,3,s0.1,0.1,45,447000.0,0.59
frozen,csl,71,4,s0.2,0.2,45,448000.0,0.59
frozen,csl,71,5,s0.4,0.4,45,6240000.0,0.59
frozen,csl,71,6,s0.7,0.7,38,-77900.0,1.61
frozen,csl,71,7,s1.0,1.0,0,-76600.0,2.73
frozen,csl,71,8,final,,0,-76600.0,2.73
frozen,csl,72,0,init,,31,,0.43
frozen,csl,72,1,H-min,,31,,0.43
frozen,csl,72,2,s0.05,0.05,30,-591.0,0.46
frozen,csl,72,3,s0.1,0.1,30,-592.0,0.46
frozen,csl,72,4,s0.2,0.2,30,4130.0,0.46
frozen,csl,72,5,s0.4,0.4,30,20000000.0,0.46
frozen,csl,72,6,s0.7,0.7,15,-80400.0,1.62
frozen,csl,72,7,s1.0,1.0,0,-83400.0,2.6
frozen,csl,72,8,final,,0,-83400.0,2.6
dnarelax,dux4,1,0,init,,478,,0.47
dnarelax,dux4,1,1,H-min,,478,,0.47
dnarelax,dux4,1,2,s0.1,0.1,478,-17400.0,0.47
dnarelax,dux4,1,3,s0.3,0.3,478,31500.0,0.47
dnarelax,dux4,1,4,s0.5,0.5,389,-54600.0,1.25
dnarelax,dux4,1,5,s0.7,0.7,238,-54400.0,1.55
dnarelax,dux4,1,6,s1.0,1.0,20,-42300.0,2.21
dnarelax,dux4,1,7,final,,20,-45300.0,2.21
dnarelax,dux4,2,0,init,,418,,0.16
dnarelax,dux4,2,1,H-min,,418,,0.16
dnarelax,dux4,2,2,s0.1,0.1,416,-4050.0,0.18
dnarelax,dux4,2,3,s0.3,0.3,416,4040000000.0,0.18
dnarelax,dux4,2,4,s0.5,0.5,416,1860000000000.0,0.18
dnarelax,dux4,2,5,s0.7,0.7,154,-61300.0,1.65
dnarelax,dux4,2,6,s1.0,1.0,0,-58400.0,2.59
dnarelax,dux4,2,7,final,,0,-61300.0,2.72
dnarelax,dux4,3,0,init,,554,,0.25
dnarelax,dux4,3,1,H-min,,554,,0.25
dnarelax,dux4,3,2,s0.1,0.1,553,13200.0,0.3
dnarelax,dux4,3,3,s0.3,0.3,553,6930000.0,0.3
dnarelax,dux4,3,4,s0.5,0.5,553,3180000000.0,0.3
dnarelax,dux4,3,5,s0.7,0.7,229,-55900.0,1.67
dnarelax,dux4,3,6,s1.0,1.0,21,-38900.0,2.14
dnarelax,dux4,3,7,final,,21,-40600.0,2.14
dnarelax,dux4,4,0,init,,443,,0.3
dnarelax,dux4,4,1,H-min,,443,,0.3
dnarelax,dux4,4,2,s0.1,0.1,444,-19100.0,0.29
dnarelax,dux4,4,3,s0.3,0.3,444,3790000.0,0.29
dnarelax,dux4,4,4,s0.5,0.5,444,1750000000.0,0.29
dnarelax,dux4,4,5,s0.7,0.7,166,-58900.0,1.75
dnarelax,dux4,4,6,s1.0,1.0,12,-55000.0,2.28
dnarelax,dux4,4,7,final,,12,-55000.0,2.28
dnarelax,dux4,5,0,init,,377,,0.36
dnarelax,dux4,5,1,H-min,,377,,0.36
dnarelax,dux4,5,2,s0.1,0.1,375,-21400.0,0.29
dnarelax,dux4,5,3,s0.3,0.3,375,6230000.0,0.29
dnarelax,dux4,5,4,s0.5,0.5,375,2870000000.0,0.29
dnarelax,dux4,5,5,s0.7,0.7,187,-54500.0,1.72
dnarelax,dux4,5,6,s1.0,1.0,22,-43800.0,2.2
dnarelax,dux4,5,7,final,,22,-48000.0,2.19
dnarelax,dux4,6,0,init,,405,,0.29
dnarelax,dux4,6,1,H-min,,405,,0.29
dnarelax,dux4,6,2,s0.1,0.1,405,-25000.0,0.29
dnarelax,dux4,6,3,s0.3,0.3,405,5650000.0,0.29
dnarelax,dux4,6,4,s0.5,0.5,405,2610000000.0,0.29
dnarelax,dux4,6,5,s0.7,0.7,152,-59100.0,1.71
dnarelax,dux4,6,6,s1.0,1.0,13,-51300.0,2.19
dnarelax,dux4,6,7,final,,13,-52400.0,2.19
dnarelax,dux4,7,0,init,,324,,0.23
dnarelax,dux4,7,1,H-min,,324,,0.23
dnarelax,dux4,7,2,s0.1,0.1,323,-22000.0,0.28
dnarelax,dux4,7,3,s0.3,0.3,291,-63000.0,0.71
dnarelax,dux4,7,4,s0.5,0.5,275,-57900.0,1.28
dnarelax,dux4,7,5,s0.7,0.7,115,-61900.0,1.89
dnarelax,dux4,7,6,s1.0,1.0,0,-62200.0,2.65
dnarelax,dux4,7,7,final,,0,-62200.0,2.65
dnarelax,dux4,8,0,init,,463,,0.34
dnarelax,dux4,8,1,H-min,,463,,0.34
dnarelax,dux4,8,2,s0.1,0.1,466,-9310.0,0.4
dnarelax,dux4,8,3,s0.3,0.3,466,428000.0,0.4
dnarelax,dux4,8,4,s0.5,0.5,466,202000000.0,0.4
dnarelax,dux4,8,5,s0.7,0.7,159,-59500.0,1.54
dnarelax,dux4,8,6,s1.0,1.0,10,-50500.0,2.2
dnarelax,dux4,8,7,final,,10,-51900.0,2.2
dnarelax,dux4,9,0,init,,560,,0.17
dnarelax,dux4,9,1,H-min,,560,,0.17
dnarelax,dux4,9,2,s0.1,0.1,559,3610.0,0.17
dnarelax,dux4,9,3,s0.3,0.3,559,1230000000.0,0.17
dnarelax,dux4,9,4,s0.5,0.5,559,566000000000.0,0.17
dnarelax,dux4,9,5,s0.7,0.7,240,-55800.0,1.66
dnarelax,dux4,9,6,s1.0,1.0,48,-29000.0,2.22
dnarelax,dux4,9,7,final,,48,-30700.0,2.22
dnarelax,dux4,10,0,init,,352,,0.32
dnarelax,dux4,10,1,H-min,,352,,0.32
dnarelax,dux4,10,2,s0.1,0.1,349,58900.0,0.37
dnarelax,dux4,10,3,s0.3,0.3,349,646000.0,0.37
dnarelax,dux4,10,4,s0.5,0.5,349,271000000.0,0.37
dnarelax,dux4,10,5,s0.7,0.7,158,-55100.0,1.56
dnarelax,dux4,10,6,s1.0,1.0,22,-48700.0,2.19
dnarelax,dux4,10,7,final,,22,-48700.0,2.2
dnarelax,dux4,11,0,init,,283,,0.43
dnarelax,dux4,11,1,H-min,,283,,0.43
dnarelax,dux4,11,2,s0.1,0.1,281,-25100.0,0.45
dnarelax,dux4,11,3,s0.3,0.3,281,32100.0,0.45
dnarelax,dux4,11,4,s0.5,0.5,281,26600000.0,0.45
dnarelax,dux4,11,5,s0.7,0.7,182,-54900.0,1.54
dnarelax,dux4,11,6,s1.0,1.0,10,-48500.0,2.11
dnarelax,dux4,11,7,final,,11,-52600.0,2.12
dnarelax,dux4,12,0,init,,300,,0.5
dnarelax,dux4,12,1,H-min,,300,,0.5
dnarelax,dux4,12,2,s0.1,0.1,285,-94500.0,0.37
dnarelax,dux4,12,3,s0.3,0.3,285,198000.0,0.37
dnarelax,dux4,12,4,s0.5,0.5,285,135000000.0,0.37
dnarelax,dux4,12,5,s0.7,0.7,129,-57000.0,1.6
dnarelax,dux4,12,6,s1.0,1.0,22,-47600.0,2.19
dnarelax,dux4,12,7,final,,22,-48700.0,2.19
dnarelax,dux4,13,0,init,,608,,0.32
dnarelax,dux4,13,1,H-min,,608,,0.32
dnarelax,dux4,13,2,s0.1,0.1,606,-3670.0,0.32
dnarelax,dux4,13,3,s0.3,0.3,606,1330000.0,0.32
dnarelax,dux4,13,4,s0.5,0.5,606,612000000.0,0.32
dnarelax,dux4,13,5,s0.7,0.7,258,-54700.0,1.57
dnarelax,dux4,13,6,s1.0,1.0,12,-48200.0,2.21
dnarelax,dux4,13,7,final,,12,-50800.0,2.21
dnarelax,dux4,14,0,init,,141,,0.46
dnarelax,dux4,14,1,H-min,,141,,0.46
dnarelax,dux4,14,2,s0.1,0.1,147,-167000.0,0.2
dnarelax,dux4,14,3,s0.3,0.3,139,-111000.0,0.71
dnarelax,dux4,14,4,s0.5,0.5,139,406000.0,0.71
dnarelax,dux4,14,5,s0.7,0.7,55,-63300.0,1.9
dnarelax,dux4,14,6,s1.0,1.0,0,-63400.0,2.72
dnarelax,dux4,14,7,final,,0,-63900.0,2.74
dnarelax,dux4,15,0,init,,426,,0.26
dnarelax,dux4,15,1,H-min,,426,,0.26
dnarelax,dux4,15,2,s0.1,0.1,425,77500.0,0.22
dnarelax,dux4,15,3,s0.3,0.3,425,167000000.0,0.22
dnarelax,dux4,15,4,s0.5,0.5,425,76500000000.0,0.22
dnarelax,dux4,15,5,s0.7,0.7,425,4340000000000.0,0.22
dnarelax,dux4,15,6,s1.0,1.0,0,-55200.0,2.45
dnarelax,dux4,15,7,final,,0,-59200.0,2.52
dnarelax,dux4,16,0,init,,514,,0.3
dnarelax,dux4,16,1,H-min,,514,,0.3
dnarelax,dux4,16,2,s0.1,0.1,520,173.0,0.36
dnarelax,dux4,16,3,s0.3,0.3,520,641000.0,0.36
dnarelax,dux4,16,4,s0.5,0.5,520,296000000.0,0.36
dnarelax,dux4,16,5,s0.7,0.7,173,-58100.0,1.68
dnarelax,dux4,16,6,s1.0,1.0,23,-43600.0,2.16
dnarelax,dux4,16,7,final,,23,-45400.0,2.17
dnarelax,dux4,17,0,init,,483,,0.25
dnarelax,dux4,17,1,H-min,,483,,0.25
dnarelax,dux4,17,2,s0.1,0.1,480,79400.0,0.25
dnarelax,dux4,17,3,s0.3,0.3,480,28000000.0,0.25
dnarelax,dux4,17,4,s0.5,0.5,480,12800000000.0,0.25
dnarelax,dux4,17,5,s0.7,0.7,229,-52900.0,1.65
dnarelax,dux4,17,6,s1.0,1.0,44,-22300.0,2.15
dnarelax,dux4,17,7,final,,45,-25000.0,2.14
dnarelax,dux4,18,0,init,,514,,0.37
dnarelax,dux4,18,1,H-min,,514,,0.37
dnarelax,dux4,18,2,s0.1,0.1,499,-62300.0,0.21
dnarelax,dux4,18,3,s0.3,0.3,499,635000000.0,0.21
dnarelax,dux4,18,4,s0.5,0.5,499,292000000000.0,0.21
dnarelax,dux4,18,5,s0.7,0.7,223,-55300.0,1.59
dnarelax,dux4,18,6,s1.0,1.0,42,-24600.0,2.04
dnarelax,dux4,18,7,final,,42,-26600.0,2.03
dnarelax,dux4,19,0,init,,482,,0.17
dnarelax,dux4,19,1,H-min,,482,,0.17
dnarelax,dux4,19,2,s0.1,0.1,475,17700.0,0.22
dnarelax,dux4,19,3,s0.3,0.3,475,-49000.0,0.67
dnarelax,dux4,19,4,s0.5,0.5,475,634000.0,0.67
dnarelax,dux4,19,5,s0.7,0.7,304,-47100.0,1.59
dnarelax,dux4,19,6,s1.0,1.0,80,-6590.0,2.14
dnarelax,dux4,19,7,final,,81,-8220.0,2.13
dnarelax,dux4,20,0,init,,484,,0.18
dnarelax,dux4,20,1,H-min,,484,,0.18
dnarelax,dux4,20,2,s0.1,0.1,480,-12200.0,0.18
dnarelax,dux4,20,3,s0.3,0.3,465,-49000.0,0.66
dnarelax,dux4,20,4,s0.5,0.5,465,766000.0,0.66
dnarelax,dux4,20,5,s0.7,0.7,227,-53400.0,1.55
dnarelax,dux4,20,6,s1.0,1.0,23,-38500.0,2.1
dnarelax,dux4,20,7,final,,23,-38900.0,2.1
dnarelax,dux4,21,0,init,,518,,0.2
dnarelax,dux4,21,1,H-min,,518,,0.2
dnarelax,dux4,21,2,s0.1,0.1,519,-200000.0,0.21
dnarelax,dux4,21,3,s0.3,0.3,508,184000.0,0.47
dnarelax,dux4,21,4,s0.5,0.5,431,-54000.0,1.24
dnarelax,dux4,21,5,s0.7,0.7,210,-55900.0,1.61
dnarelax,dux4,21,6,s1.0,1.0,47,-28400.0,2.21
dnarelax,dux4,21,7,final,,46,-30000.0,2.21
dnarelax,dux4,24,0,init,,493,,0.35
dnarelax,dux4,24,1,H-min,,493,,0.35
dnarelax,dux4,24,2,s0.1,0.1,511,-146000.0,0.21
dnarelax,dux4,24,3,s0.3,0.3,511,5970000000.0,0.21
dnarelax,dux4,24,4,s0.5,0.5,409,-51400.0,1.2
dnarelax,dux4,24,5,s0.7,0.7,218,-54200.0,1.59
dnarelax,dux4,24,6,s1.0,1.0,24,-42200.0,2.15
dnarelax,dux4,24,7,final,,24,-44100.0,2.15
dnarelax,dux4,25,0,init,,390,,0.11
dnarelax,dux4,25,1,H-min,,390,,0.11
dnarelax,dux4,25,2,s0.1,0.1,378,-81800.0,0.21
dnarelax,dux4,25,3,s0.3,0.3,378,2060000000.0,0.21
dnarelax,dux4,25,4,s0.5,0.5,378,946000000000.0,0.21
dnarelax,dux4,25,5,s0.7,0.7,146,-58100.0,1.64
dnarelax,dux4,25,6,s1.0,1.0,146,294000.0,1.64
dnarelax,dux4,25,7,final,,146,294000.0,1.64
dnarelax,dux4,26,0,init,,270,,0.48
dnarelax,dux4,26,1,H-min,,270,,0.48
dnarelax,dux4,26,2,s0.1,0.1,271,-26500.0,0.49
dnarelax,dux4,26,3,s0.3,0.3,271,-6310.0,0.49
dnarelax,dux4,26,4,s0.5,0.5,230,-51100.0,1.08
dnarelax,dux4,26,5,s0.7,0.7,78,-62400.0,1.75
dnarelax,dux4,26,6,s1.0,1.0,0,-63200.0,2.64
dnarelax,dux4,26,7,final,,0,-63200.0,2.64
dnarelax,dux4,28,0,init,,579,,0.25
dnarelax,dux4,28,1,H-min,,579,,0.25
dnarelax,dux4,28,2,s0.1,0.1,568,-47800.0,0.27
dnarelax,dux4,28,3,s0.3,0.3,568,9390000.0,0.27
dnarelax,dux4,28,4,s0.5,0.5,568,4340000000.0,0.27
dnarelax,dux4,28,5,s0.7,0.7,277,-48700.0,1.57
dnarelax,dux4,28,6,s1.0,1.0,41,-26200.0,2.16
dnarelax,dux4,28,7,final,,43,-28000.0,2.15
dnarelax,dux4,29,0,init,,410,,0.15
dnarelax,dux4,29,1,H-min,,410,,0.15
dnarelax,dux4,29,2,s0.1,0.1,410,57700.0,0.18
dnarelax,dux4,29,3,s0.3,0.3,405,-2470.0,0.69
dnarelax,dux4,29,4,s0.5,0.5,405,411000.0,0.69
dnarelax,dux4,29,5,s0.7,0.7,152,-56500.0,1.54
dnarelax,dux4,29,6,s1.0,1.0,12,-53300.0,2.25
dnarelax,dux4,29,7,final,,12,-54800.0,2.24
dnarelax,dux4,30,0,init,,394,,0.22
dnarelax,dux4,30,1,H-min,,394,,0.22
dnarelax,dux4,30,2,s0.1,0.1,391,-207000.0,0.22
dnarelax,dux4,30,3,s0.3,0.3,384,220000.0,0.6
dnarelax,dux4,30,4,s0.5,0.5,384,1380000.0,0.6
dnarelax,dux4,30,5,s0.7,0.7,201,-53900.0,1.65
dnarelax,dux4,30,6,s1.0,1.0,48,-29100.0,2.19
dnarelax,dux4,30,7,final,,48,-30400.0,2.19
dnarelax,dux4,31,0,init,,415,,0.32
dnarelax,dux4,31,1,H-min,,415,,0.32
dnarelax,dux4,31,2,s0.1,0.1,414,20800.0,0.32
dnarelax,dux4,31,3,s0.3,0.3,414,1310000.0,0.32
dnarelax,dux4,31,4,s0.5,0.5,414,595000000.0,0.32
dnarelax,dux4,31,5,s0.7,0.7,414,33800000000.0,0.32
dnarelax,dux4,31,6,s1.0,1.0,414,2440000000000.0,0.32
dnarelax,dux4,31,7,final,,0,-62600.0,2.53
dnarelax,dux4,32,0,init,,391,,0.24
dnarelax,dux4,32,1,H-min,,391,,0.24
dnarelax,dux4,32,2,s0.1,0.1,392,314000.0,0.23
dnarelax,dux4,32,3,s0.3,0.3,352,-52400.0,0.72
dnarelax,dux4,32,4,s0.5,0.5,352,862000.0,0.72
dnarelax,dux4,32,5,s0.7,0.7,154,-56800.0,1.71
dnarelax,dux4,32,6,s1.0,1.0,34,-41300.0,2.21
dnarelax,dux4,32,7,final,,34,-41300.0,2.21
dnarelax,dux4,33,0,init,,443,,0.1
dnarelax,dux4,33,1,H-min,,443,,0.1
dnarelax,dux4,33,2,s0.1,0.1,428,9040.0,0.2
dnarelax,dux4,33,3,s0.3,0.3,428,1710000000.0,0.2
dnarelax,dux4,33,4,s0.5,0.5,428,787000000000.0,0.2
dnarelax,dux4,33,5,s0.7,0.7,177,-57800.0,1.6
dnarelax,dux4,33,6,s1.0,1.0,22,-46300.0,2.22
dnarelax,dux4,33,7,final,,22,-46300.0,2.22
dnarelax,dux4,34,0,init,,582,,0.33
dnarelax,dux4,34,1,H-min,,582,,0.33
dnarelax,dux4,34,2,s0.1,0.1,582,-12500.0,0.35
dnarelax,dux4,34,3,s0.3,0.3,532,-112000.0,0.67
dnarelax,dux4,34,4,s0.5,0.5,452,-52900.0,1.28
dnarelax,dux4,34,5,s0.7,0.7,220,-56900.0,1.58
dnarelax,dux4,34,6,s1.0,1.0,0,-58300.0,2.57
dnarelax,dux4,34,7,final,,0,-60600.0,2.54
dnarelax,dux4,35,0,init,,398,,0.23
dnarelax,dux4,35,1,H-min,,398,,0.23
dnarelax,dux4,35,2,s0.1,0.1,382,-89100.0,0.21
dnarelax,dux4,35,3,s0.3,0.3,370,-57900.0,0.68
dnarelax,dux4,35,4,s0.5,0.5,370,674000.0,0.68
dnarelax,dux4,35,5,s0.7,0.7,181,-57500.0,1.61
dnarelax,dux4,35,6,s1.0,1.0,23,-42700.0,2.1
dnarelax,dux4,35,7,final,,23,-45100.0,2.1
dnarelax,dux4,36,0,init,,403,,0.44
dnarelax,dux4,36,1,H-min,,403,,0.44
dnarelax,dux4,36,2,s0.1,0.1,402,-22100.0,0.51
dnarelax,dux4,36,3,s0.3,0.3,402,874.0,0.51
dnarelax,dux4,36,4,s0.5,0.5,402,10900000.0,0.51
dnarelax,dux4,36,5,s0.7,0.7,217,-53200.0,1.54
dnarelax,dux4,36,6,s1.0,1.0,32,-41400.0,2.2
dnarelax,dux4,36,7,final,,32,-41400.0,2.2
dnarelax,dux4,37,0,init,,521,,0.25
dnarelax,dux4,37,1,H-min,,521,,0.25
dnarelax,dux4,37,2,s0.1,0.1,517,48300.0,0.21
dnarelax,dux4,37,3,s0.3,0.3,519,-7640.0,0.67
dnarelax,dux4,37,4,s0.5,0.5,519,309000.0,0.67
dnarelax,dux4,37,5,s0.7,0.7,251,-50400.0,1.52
dnarelax,dux4,37,6,s1.0,1.0,43,-25600.0,2.03
dnarelax,dux4,37,7,final,,43,-27500.0,2.03
dnarelax,dux4,38,0,init,,472,,0.26
dnarelax,dux4,38,1,H-min,,472,,0.26
dnarelax,dux4,38,2,s0.1,0.1,446,-86400.0,0.21
dnarelax,dux4,38,3,s0.3,0.3,454,-55900.0,0.72
dnarelax,dux4,38,4,s0.5,0.5,454,601000.0,0.72
dnarelax,dux4,38,5,s0.7,0.7,211,-53800.0,1.61
dnarelax,dux4,38,6,s1.0,1.0,34,-38900.0,2.11
dnarelax,dux4,38,7,final,,34,-39300.0,2.1
dnarelax,dux4,39,0,init,,480,,0.19
dnarelax,dux4,39,1,H-min,,480,,0.19
dnarelax,dux4,39,2,s0.1,0.1,478,-14400.0,0.26
dnarelax,dux4,39,3,s0.3,0.3,478,17000000.0,0.26
dnarelax,dux4,39,4,s0.5,0.5,478,7800000000.0,0.26
dnarelax,dux4,39,5,s0.7,0.7,265,-49100.0,1.56
dnarelax,dux4,39,6,s1.0,1.0,69,-11400.0,2.03
dnarelax,dux4,39,7,final,,68,-13400.0,2.03
dnarelax,dux4,40,0,init,,439,,0.4
dnarelax,dux4,40,1,H-min,,439,,0.4
dnarelax,dux4,40,2,s0.1,0.1,438,8970000.0,0.39
dnarelax,dux4,40,3,s0.3,0.3,442,-615000.0,0.59
dnarelax,dux4,40,4,s0.5,0.5,442,208000.0,0.59
dnarelax,dux4,40,5,s0.7,0.7,154,-55000.0,1.57
dnarelax,dux4,40,6,s1.0,1.0,0,-53600.0,2.75
dnarelax,dux4,40,7,final,,0,-53700.0,2.75
dnarelax,dux4,41,0,init,,520,,0.13
dnarelax,dux4,41,1,H-min,,520,,0.13
dnarelax,dux4,41,2,s0.1,0.1,517,78400.0,0.13
dnarelax,dux4,41,3,s0.3,0.3,517,43600000000.0,0.13
dnarelax,dux4,41,4,s0.5,0.5,517,20000000000000.0,0.13
dnarelax,dux4,41,5,s0.7,0.7,210,-56800.0,1.56
dnarelax,dux4,41,6,s1.0,1.0,20,-39400.0,2.01
dnarelax,dux4,41,7,final,,20,-42500.0,2.02
dnarelax,dux4,42,0,init,,191,,0.32
dnarelax,dux4,42,1,H-min,,191,,0.32
dnarelax,dux4,42,2,s0.1,0.1,180,-81400.0,0.21
dnarelax,dux4,42,3,s0.3,0.3,180,1840000000.0,0.21
dnarelax,dux4,42,4,s0.5,0.5,180,847000000000.0,0.21
dnarelax,dux4,42,5,s0.7,0.7,83,-58800.0,1.68
dnarelax,dux4,42,6,s1.0,1.0,13,-54300.0,2.21
dnarelax,dux4,42,7,final,,13,-55200.0,2.22
dnarelax,dux4,44,0,init,,516,,0.32
dnarelax,dux4,44,1,H-min,,516,,0.32
dnarelax,dux4,44,2,s0.05,0.05,508,-61000.0,0.1
dnarelax,dux4,44,3,s0.1,0.1,508,13900000.0,0.1
dnarelax,dux4,44,4,s0.2,0.2,508,57400000000.0,0.1
dnarelax,dux4,44,5,s0.4,0.4,508,235000000000000.0,0.1
dnarelax,dux4,44,6,s0.7,0.7,508,1.94e+17,0.1
dnarelax,dux4,44,7,s1.0,1.0,508,1.4e+19,0.1
dnarelax,dux4,44,2,s0.05,0.05,537,-10100.0,0.2
dnarelax,dux4,44,3,s0.1,0.1,537,-9110.0,0.2
dnarelax,dux4,44,4,s0.2,0.2,519,-59700.0,0.46
dnarelax,dux4,44,5,s0.4,0.4,522,-56100.0,0.7
dnarelax,dux4,44,6,s0.7,0.7,250,-51900.0,1.55
dnarelax,dux4,44,7,s1.0,1.0,52,-14800.0,2.03
dnarelax,dux4,44,2,s0.05,0.05,330,-148000.0,0.1
dnarelax,dux4,44,3,s0.1,0.1,358,-126000.0,0.21
dnarelax,dux4,44,4,s0.2,0.2,359,-89700.0,0.47
dnarelax,dux4,44,5,s0.4,0.4,359,22100000.0,0.47
dnarelax,dux4,44,6,s0.7,0.7,150,-57700.0,1.58
dnarelax,dux4,44,7,s1.0,1.0,22,-38500.0,2.17
dnarelax,dux4,44,2,s0.05,0.05,429,-9460.0,0.38
dnarelax,dux4,44,3,s0.1,0.1,429,-9460.0,0.38
dnarelax,dux4,44,4,s0.2,0.2,430,-5470000.0,0.53
dnarelax,dux4,44,5,s0.4,0.4,430,-7340000.0,0.53
dnarelax,dux4,44,24,final,,508,1.4e+19,0.1
dnarelax,dux4,45,0,init,,505,,0.41
dnarelax,dux4,45,1,H-min,,505,,0.41
dnarelax,dux4,45,2,s0.1,0.1,504,-20000.0,0.32
dnarelax,dux4,45,3,s0.3,0.3,504,1750000.0,0.32
dnarelax,dux4,45,4,s0.5,0.5,504,815000000.0,0.32
dnarelax,dux4,45,5,s0.7,0.7,171,-60600.0,1.58
dnarelax,dux4,45,6,s1.0,1.0,0,-60200.0,2.52
dnarelax,dux4,45,7,final,,0,-61700.0,2.56
dnarelax,dux4,47,0,init,,449,,0.34
dnarelax,dux4,47,1,H-min,,449,,0.34
dnarelax,dux4,47,2,s0.1,0.1,447,-15400.0,0.35
dnarelax,dux4,47,3,s0.3,0.3,447,591000.0,0.35
dnarelax,dux4,47,4,s0.5,0.5,447,280000000.0,0.35
dnarelax,dux4,47,5,s0.7,0.7,210,-53400.0,1.58
dnarelax,dux4,47,6,s1.0,1.0,34,-36800.0,2.14
dnarelax,dux4,47,7,final,,34,-38400.0,2.14
dnarelax,dux4,48,0,init,,505,,0.44
dnarelax,dux4,48,1,H-min,,505,,0.44
dnarelax,dux4,48,2,s0.1,0.1,488,-162000.0,0.21
dnarelax,dux4,48,3,s0.3,0.3,488,6860000000.0,0.21
dnarelax,dux4,48,4,s0.5,0.5,488,3150000000000.0,0.21
dnarelax,dux4,48,5,s0.7,0.7,243,-55800.0,1.63
dnarelax,dux4,48,6,s1.0,1.0,34,-36300.0,2.16
dnarelax,dux4,48,7,final,,34,-36500.0,2.16
dnarelax,dux4,49,0,init,,534,,0.16
dnarelax,dux4,49,1,H-min,,534,,0.16
dnarelax,dux4,49,2,s0.1,0.1,530,-8050.0,0.2
dnarelax,dux4,49,3,s0.3,0.3,506,-49600.0,0.7
dnarelax,dux4,49,4,s0.5,0.5,506,237000.0,0.7
dnarelax,dux4,49,5,s0.7,0.7,172,-55400.0,1.57
dnarelax,dux4,49,6,s1.0,1.0,10,-51700.0,2.19
dnarelax,dux4,49,7,final,,10,-53300.0,2.17
dnarelax,dux4,50,0,init,,971,,0.36
dnarelax,dux4,50,1,H-min,,971,,0.36
dnarelax,dux4,50,2,s0.1,0.1,967,21200.0,0.45
dnarelax,dux4,50,3,s0.3,0.3,931,-34800.0,0.73
dnarelax,dux4,50,4,s0.5,0.5,931,459000.0,0.73
dnarelax,dux4,50,5,s0.7,0.7,495,-42000.0,1.61
dnarelax,dux4,50,6,s1.0,1.0,74,8420.0,2.18
dnarelax,dux4,50,7,final,,74,-4530.0,2.18
dnarelax,dux4,51,0,init,,686,,0.22
dnarelax,dux4,51,1,H-min,,686,,0.22
dnarelax,dux4,51,2,s0.1,0.1,683,67600.0,0.25
dnarelax,dux4,51,3,s0.3,0.3,683,29500000.0,0.25
dnarelax,dux4,51,4,s0.5,0.5,683,13500000000.0,0.25
dnarelax,dux4,51,5,s0.7,0.7,333,-47700.0,1.6
dnarelax,dux4,51,6,s1.0,1.0,41,-21100.0,2.13
dnarelax,dux4,51,7,final,,42,-24000.0,2.13
dnarelax,dux4,52,0,init,,464,,0.42
dnarelax,dux4,52,1,H-min,,464,,0.42
dnarelax,dux4,52,2,s0.1,0.1,464,43300.0,0.38
dnarelax,dux4,52,3,s0.3,0.3,464,507000.0,0.38
dnarelax,dux4,52,4,s0.5,0.5,464,214000000.0,0.38
dnarelax,dux4,52,5,s0.7,0.7,182,-55900.0,1.68
dnarelax,dux4,52,6,s1.0,1.0,22,-46900.0,2.24
dnarelax,dux4,52,7,final,,22,-46900.0,2.24
dnarelax,dux4,53,0,init,,558,,0.29
dnarelax,dux4,53,1,H-min,,558,,0.29
dnarelax,dux4,53,2,s0.1,0.1,598,-170000.0,0.21
dnarelax,dux4,53,3,s0.3,0.3,598,7530000000.0,0.21
dnarelax,dux4,53,4,s0.5,0.5,598,3460000000000.0,0.21
dnarelax,dux4,53,5,s0.7,0.7,268,-55700.0,1.66
dnarelax,dux4,53,6,s1.0,1.0,35,-35400.0,2.16
dnarelax,dux4,53,7,final,,34,-38900.0,2.18
dnarelax,dux4,54,0,init,,475,,0.11
dnarelax,dux4,54,1,H-min,,475,,0.11
dnarelax,dux4,54,2,s0.1,0.1,472,384000.0,0.12
dnarelax,dux4,54,3,s0.3,0.3,468,-43300.0,0.68
dnarelax,dux4,54,4,s0.5,0.5,468,692000.0,0.68
dnarelax,dux4,54,5,s0.7,0.7,196,-55700.0,1.65
dnarelax,dux4,54,6,s1.0,1.0,34,-34300.0,2.14
dnarelax,dux4,54,7,final,,34,-36800.0,2.14
dnarelax,dux4,55,0,init,,498,,0.45
dnarelax,dux4,55,1,H-min,,498,,0.45
dnarelax,dux4,55,2,s0.1,0.1,500,-23300.0,0.41
dnarelax,dux4,55,3,s0.3,0.3,500,131000.0,0.41
dnarelax,dux4,55,4,s0.5,0.5,500,71300000.0,0.41
dnarelax,dux4,55,5,s0.7,0.7,210,-55000.0,1.71
dnarelax,dux4,55,6,s1.0,1.0,20,-43900.0,2.23
dnarelax,dux4,55,7,final,,20,-46400.0,2.23
dnarelax,dux4,56,0,init,,377,,0.35
dnarelax,dux4,56,1,H-min,,377,,0.35
dnarelax,dux4,56,2,s0.1,0.1,372,-47700.0,0.25
dnarelax,dux4,56,3,s0.3,0.3,372,58700000.0,0.25
dnarelax,dux4,56,4,s0.5,0.5,372,27000000000.0,0.25
dnarelax,dux4,56,5,s0.7,0.7,165,-53300.0,1.57
dnarelax,dux4,56,6,s1.0,1.0,33,-35400.0,2.06
dnarelax,dux4,56,7,final,,33,-36400.0,2.06
dnarelax,dux4,57,0,init,,344,,0.3
dnarelax,dux4,57,1,H-min,,344,,0.3
dnarelax,dux4,57,2,s0.1,0.1,339,-84300.0,0.21
dnarelax,dux4,57,3,s0.3,0.3,339,2030000000.0,0.21
dnarelax,dux4,57,4,s0.5,0.5,283,-48200.0,1.13
dnarelax,dux4,57,5,s0.7,0.7,124,-58000.0,1.56
dnarelax,dux4,57,6,s1.0,1.0,12,-52400.0,2.21
dnarelax,dux4,57,7,final,,12,-53600.0,2.22
dnarelax,dux4,58,0,init,,436,,0.13
dnarelax,dux4,58,1,H-min,,436,,0.13
dnarelax,dux4,58,2,s0.1,0.1,435,96400.0,0.13
dnarelax,dux4,58,3,s0.3,0.3,435,37700000000.0,0.13
dnarelax,dux4,58,4,s0.5,0.5,435,17300000000000.0,0.13
dnarelax,dux4,58,5,s0.7,0.7,435,983000000000000.0,0.13
dnarelax,dux4,58,6,s1.0,1.0,10,-49300.0,2.19
dnarelax,dux4,58,7,final,,10,-54900.0,2.2
dnarelax,dux4,59,0,init,,462,,0.28
dnarelax,dux4,59,1,H-min,,462,,0.28
dnarelax,dux4,59,2,s0.1,0.1,479,-139000.0,0.21
dnarelax,dux4,59,3,s0.3,0.3,479,5680000000.0,0.21
dnarelax,dux4,59,4,s0.5,0.5,479,2610000000000.0,0.21
dnarelax,dux4,59,5,s0.7,0.7,220,-57600.0,1.64
dnarelax,dux4,59,6,s1.0,1.0,24,-40200.0,2.21
dnarelax,dux4,59,7,final,,24,-42900.0,2.22
dnarelax,dux4,60,0,init,,457,,0.16
dnarelax,dux4,60,1,H-min,,457,,0.16
dnarelax,dux4,60,2,s0.1,0.1,432,-70100.0,0.22
dnarelax,dux4,60,3,s0.3,0.3,432,1200000000.0,0.22
dnarelax,dux4,60,4,s0.5,0.5,415,-17400.0,0.99
dnarelax,dux4,60,5,s0.7,0.7,222,-54600.0,1.63
dnarelax,dux4,60,6,s1.0,1.0,58,-18000.0,2.16
dnarelax,dux4,60,7,final,,58,-18800.0,2.16
dnarelax,dux4,61,0,init,,571,,0.28
dnarelax,dux4,61,1,H-min,,571,,0.28
dnarelax,dux4,61,2,s0.1,0.1,570,-11900.0,0.28
dnarelax,dux4,61,3,s0.3,0.3,570,14600000.0,0.28
dnarelax,dux4,61,4,s0.5,0.5,570,6730000000.0,0.28
dnarelax,dux4,61,5,s0.7,0.7,301,-48200.0,1.63
dnarelax,dux4,61,6,s1.0,1.0,54,-17700.0,2.13
dnarelax,dux4,61,7,final,,55,-20800.0,2.13
dnarelax,dux4,62,0,init,,477,,0.14
dnarelax,dux4,62,1,H-min,,477,,0.14
dnarelax,dux4,62,2,s0.1,0.1,475,-5960.0,0.16
dnarelax,dux4,62,3,s0.3,0.3,475,4230000000.0,0.16
dnarelax,dux4,62,4,s0.5,0.5,394,-43800.0,1.17
dnarelax,dux4,62,5,s0.7,0.7,167,-56300.0,1.59
dnarelax,dux4,62,6,s1.0,1.0,11,-52400.0,2.12
dnarelax,dux4,62,7,final,,11,-52400.0,2.12
dnarelax,dux4,63,0,init,,382,,0.42
dnarelax,dux4,63,1,H-min,,382,,0.42
dnarelax,dux4,63,2,s0.1,0.1,383,-22800.0,0.44
dnarelax,dux4,63,3,s0.3,0.3,364,-59700.0,0.71
dnarelax,dux4,63,4,s0.5,0.5,364,659000.0,0.71
dnarelax,dux4,63,5,s0.7,0.7,146,-57000.0,1.73
dnarelax,dux4,63,6,s1.0,1.0,10,-54400.0,2.23
dnarelax,dux4,63,7,final,,10,-55100.0,2.22
dnarelax,dux4,64,0,init,,746,,0.21
dnarelax,dux4,64,1,H-min,,746,,0.21
dnarelax,dux4,64,2,s0.1,0.1,741,38100.0,0.24
dnarelax,dux4,64,3,s0.3,0.3,741,70300000.0,0.24
dnarelax,dux4,64,4,s0.5,0.5,741,32300000000.0,0.24
dnarelax,dux4,64,5,s0.7,0.7,326,-52100.0,1.55
dnarelax,dux4,64,6,s1.0,1.0,13,-46300.0,2.26
dnarelax,dux4,64,7,final,,12,-51400.0,2.26
dnarelax,dux4,65,0,init,,479,,0.48
dnarelax,dux4,65,1,H-min,,479,,0.48
dnarelax,dux4,65,2,s0.1,0.1,479,-12900.0,0.45
dnarelax,dux4,65,3,s0.3,0.3,443,-61500.0,0.71
dnarelax,dux4,65,4,s0.5,0.5,427,-140000.0,0.96
dnarelax,dux4,65,5,s0.7,0.7,427,330000.0,0.96
dnarelax,dux4,65,6,s1.0,1.0,0,-58600.0,2.43
dnarelax,dux4,65,7,final,,0,-60700.0,2.5
dnarelax,egr1,1,0,init,,24,,0.88
dnarelax,egr1,1,1,H-min,,24,,0.88
dnarelax,egr1,1,2,s0.1,0.1,24,-27300.0,0.89
dnarelax,egr1,1,3,s0.3,0.3,23,-39200.0,1.02
dnarelax,egr1,1,4,s0.5,0.5,23,172000.0,1.02
dnarelax,egr1,1,5,s0.7,0.7,14,-38000.0,2.0
dnarelax,egr1,1,6,s1.0,1.0,0,-38900.0,2.7
dnarelax,egr1,1,7,final,,0,-39200.0,2.68
dnarelax,egr1,2,0,init,,44,,1.14
dnarelax,egr1,2,1,H-min,,44,,1.14
dnarelax,egr1,2,2,s0.1,0.1,45,-25000.0,1.14
dnarelax,egr1,2,3,s0.3,0.3,47,-37400.0,0.78
dnarelax,egr1,2,4,s0.5,0.5,47,203000.0,0.78
dnarelax,egr1,2,5,s0.7,0.7,30,-38600.0,1.55
dnarelax,egr1,2,6,s1.0,1.0,0,-39500.0,2.56
dnarelax,egr1,2,7,final,,0,-39600.0,2.58
dnarelax,egr1,3,0,init,,98,,0.6
dnarelax,egr1,3,1,H-min,,98,,0.6
dnarelax,egr1,3,2,s0.1,0.1,98,-21600.0,0.6
dnarelax,egr1,3,3,s0.3,0.3,98,-21100.0,0.6
dnarelax,egr1,3,4,s0.5,0.5,98,243000.0,0.6
dnarelax,egr1,3,5,s0.7,0.7,28,-38700.0,1.72
dnarelax,egr1,3,6,s1.0,1.0,0,-38800.0,2.67
dnarelax,egr1,3,7,final,,0,-39200.0,2.57
dnarelax,egr1,4,0,init,,57,,0.44
dnarelax,egr1,4,1,H-min,,57,,0.44
dnarelax,egr1,4,2,s0.05,0.05,57,-16200.0,0.44
dnarelax,egr1,4,3,s0.1,0.1,57,-16200.0,0.44
dnarelax,egr1,4,4,s0.2,0.2,57,-16000.0,0.44
dnarelax,egr1,4,5,s0.4,0.4,57,794000.0,0.44
dnarelax,egr1,4,6,s0.7,0.7,32,-36900.0,1.65
dnarelax,egr1,4,7,s1.0,1.0,11,-30600.0,2.14
dnarelax,egr1,4,2,s0.05,0.05,67,-23200.0,0.46
dnarelax,egr1,4,3,s0.1,0.1,75,-94700.0,0.21
dnarelax,egr1,4,4,s0.2,0.2,74,-76900.0,0.37
dnarelax,egr1,4,5,s0.4,0.4,67,-549000.0,0.89
dnarelax,egr1,4,6,s0.7,0.7,67,247000.0,0.89
dnarelax,egr1,4,7,s1.0,1.0,0,-39500.0,2.66
dnarelax,egr1,4,2,s0.05,0.05,56,-21700.0,0.71
dnarelax,egr1,4,3,s0.1,0.1,56,-21700.0,0.71
dnarelax,egr1,4,4,s0.2,0.2,56,-21700.0,0.71
dnarelax,egr1,4,5,s0.4,0.4,56,-19200.0,0.71
dnarelax,egr1,4,6,s0.7,0.7,25,-37000.0,1.53
dnarelax,egr1,4,7,s1.0,1.0,0,-39600.0,2.59
dnarelax,egr1,4,2,s0.05,0.05,128,-14600.0,0.24
dnarelax,egr1,4,3,s0.1,0.1,128,-14500.0,0.24
dnarelax,egr1,4,4,s0.2,0.2,128,529000.0,0.24
dnarelax,egr1,4,5,s0.4,0.4,128,2230000000.0,0.24
dnarelax,egr1,4,6,s0.7,0.7,52,-37100.0,1.54
dnarelax,egr1,4,7,s1.0,1.0,11,-27300.0,2.05
dnarelax,egr1,4,2,s0.05,0.05,55,-23100.0,0.98
dnarelax,egr1,4,3,s0.1,0.1,55,-23100.0,0.98
dnarelax,egr1,4,4,s0.2,0.2,55,-23100.0,0.98
dnarelax,egr1,4,2,s0.05,0.05,100,-21800.0,0.48
dnarelax,egr1,4,3,s0.1,0.1,91,-179000.0,0.22
dnarelax,egr1,4,4,s0.2,0.2,91,5030000.0,0.22
dnarelax,egr1,4,5,s0.4,0.4,91,21400000000.0,0.22
dnarelax,egr1,4,6,s0.7,0.7,57,-38300.0,1.53
dnarelax,egr1,4,7,s1.0,1.0,12,-30700.0,2.22
dnarelax,egr1,4,2,s0.05,0.05,56,-23800.0,0.75
dnarelax,egr1,4,3,s0.1,0.1,56,-23800.0,0.75
dnarelax,egr1,4,4,s0.2,0.2,49,-67900.0,0.35
dnarelax,egr1,4,5,s0.4,0.4,49,25400000.0,0.35
dnarelax,egr1,4,6,s0.7,0.7,20,-39600.0,1.54
dnarelax,egr1,4,7,s1.0,1.0,0,-39500.0,2.58
dnarelax,egr1,4,2,s0.05,0.05,39,-15900.0,1.58
dnarelax,egr1,4,3,s0.1,0.1,39,-15900.0,1.58
dnarelax,egr1,4,4,s0.2,0.2,36,-222000.0,0.96
dnarelax,egr1,4,5,s0.4,0.4,36,-222000.0,0.96
dnarelax,egr1,4,6,s0.7,0.7,36,-152000.0,0.96
dnarelax,egr1,4,7,s1.0,1.0,0,-39500.0,2.6
dnarelax,egr1,4,2,s0.05,0.05,44,-25000.0,0.72
dnarelax,egr1,4,3,s0.1,0.1,44,-25000.0,0.72
dnarelax,egr1,4,4,s0.2,0.2,44,-25000.0,0.72
dnarelax,egr1,4,5,s0.4,0.4,38,-62700.0,0.96
dnarelax,egr1,4,6,s0.7,0.7,25,-40400.0,1.55
dnarelax,egr1,4,7,s1.0,1.0,0,-39600.0,2.64
dnarelax,egr1,4,2,s0.05,0.05,23,-33800.0,1.15
dnarelax,egr1,4,3,s0.1,0.1,23,-35000.0,1.09
dnarelax,egr1,4,4,s0.2,0.2,23,-35000.0,1.09
dnarelax,egr1,4,5,s0.4,0.4,23,-35100.0,1.09
dnarelax,egr1,4,6,s0.7,0.7,30,-40100.0,1.54
dnarelax,egr1,4,7,s1.0,1.0,0,-39500.0,2.57
dnarelax,egr1,4,2,s0.05,0.05,49,-24700.0,0.7
dnarelax,egr1,4,3,s0.1,0.1,55,-78100.0,1.0
dnarelax,egr1,4,4,s0.2,0.2,55,20100000.0,1.0
dnarelax,egr1,4,5,s0.4,0.4,55,82500000000.0,1.0
dnarelax,egr1,4,6,s0.7,0.7,26,-39600.0,1.54
dnarelax,egr1,4,7,s1.0,1.0,0,-39400.0,2.72
dnarelax,egr1,4,65,final,,11,-30600.0,2.14
dnarelax,egr1,5,0,init,,55,,0.77
dnarelax,egr1,5,1,H-min,,55,,0.77
dnarelax,egr1,5,2,s0.1,0.1,60,-57300.0,0.59
dnarelax,egr1,5,3,s0.3,0.3,60,1380000000.0,0.59
dnarelax,egr1,5,4,s0.5,0.5,35,-29700.0,1.34
dnarelax,egr1,5,5,s0.7,0.7,22,-38700.0,1.56
dnarelax,egr1,5,6,s1.0,1.0,0,-39300.0,2.7
dnarelax,egr1,5,7,final,,0,-39300.0,2.7
dnarelax,egr1,6,0,init,,59,,0.61
dnarelax,egr1,6,1,H-min,,59,,0.61
dnarelax,egr1,6,2,s0.1,0.1,59,-25200.0,0.64
dnarelax,egr1,6,3,s0.3,0.3,59,-24600.0,0.64
dnarelax,egr1,6,4,s0.5,0.5,46,-32100.0,1.39
dnarelax,egr1,6,5,s0.7,0.7,30,-38500.0,1.55
dnarelax,egr1,6,6,s1.0,1.0,0,-39300.0,2.63
dnarelax,egr1,6,7,final,,0,-39300.0,2.63
dnarelax,egr1,7,0,init,,79,,0.25
dnarelax,egr1,7,1,H-min,,79,,0.25
dnarelax,egr1,7,2,s0.1,0.1,79,-22300.0,0.23
dnarelax,egr1,7,3,s0.3,0.3,79,79000000.0,0.23
dnarelax,egr1,7,4,s0.5,0.5,65,-31000.0,1.03
dnarelax,egr1,7,5,s0.7,0.7,27,-38700.0,1.55
dnarelax,egr1,7,6,s1.0,1.0,0,-39300.0,2.61
dnarelax,egr1,7,7,final,,0,-39300.0,2.61
dnarelax,egr1,8,0,init,,24,,1.44
dnarelax,egr1,8,1,H-min,,24,,1.44
dnarelax,egr1,8,2,s0.1,0.1,26,-46300.0,1.09
dnarelax,egr1,8,3,s0.3,0.3,26,744000000.0,1.09
dnarelax,egr1,8,4,s0.5,0.5,15,-31400.0,1.58
dnarelax,egr1,8,5,s0.7,0.7,19,-39100.0,1.54
dnarelax,egr1,8,6,s1.0,1.0,0,-39400.0,2.59
dnarelax,egr1,8,7,final,,0,-39400.0,2.59
dnarelax,egr1,9,0,init,,18,,1.2
dnarelax,egr1,9,1,H-min,,18,,1.2
dnarelax,egr1,9,2,s0.1,0.1,31,-66900.0,1.13
dnarelax,egr1,9,3,s0.3,0.3,31,1920000000.0,1.13
dnarelax,egr1,9,4,s0.5,0.5,19,-34700.0,1.67
dnarelax,egr1,9,5,s0.7,0.7,11,-38800.0,1.99
dnarelax,egr1,9,6,s1.0,1.0,0,-39600.0,2.67
dnarelax,egr1,9,7,final,,0,-39800.0,2.62
dnarelax,egr1,10,0,init,,7,,1.98
dnarelax,egr1,10,1,H-min,,7,,1.98
dnarelax,egr1,10,2,s0.1,0.1,7,-26400.0,1.98
dnarelax,egr1,10,3,s0.3,0.3,7,-26400.0,1.98
dnarelax,egr1,10,4,s0.5,0.5,7,-26500.0,1.98
dnarelax,egr1,10,5,s0.7,0.7,12,-39200.0,1.56
dnarelax,egr1,10,6,s1.0,1.0,0,-39600.0,2.7
dnarelax,egr1,10,7,final,,0,-39700.0,2.7
dnarelax,egr1,11,0,init,,58,,0.31
dnarelax,egr1,11,1,H-min,,58,,0.31
dnarelax,egr1,11,2,s0.1,0.1,58,-26200.0,0.31
dnarelax,egr1,11,3,s0.3,0.3,58,1290000.0,0.31
dnarelax,egr1,11,4,s0.5,0.5,47,-85500.0,0.96
dnarelax,egr1,11,5,s0.7,0.7,47,-49000000.0,0.96
dnarelax,egr1,11,6,s1.0,1.0,47,-112000000.0,0.96
dnarelax,egr1,11,7,final,,47,-16300000.0,0.96
dnarelax,egr1,13,0,init,,75,,0.8
dnarelax,egr1,13,1,H-min,,75,,0.8
dnarelax,egr1,13,2,s0.1,0.1,75,-19800.0,0.81
dnarelax,egr1,13,3,s0.3,0.3,75,-19800.0,0.81
dnarelax,egr1,13,4,s0.5,0.5,75,5930.0,0.81
dnarelax,egr1,13,5,s0.7,0.7,34,-38100.0,1.54
dnarelax,egr1,13,6,s1.0,1.0,0,-39300.0,2.54
dnarelax,egr1,13,7,final,,0,-39400.0,2.56
dnarelax,egr1,14,0,init,,44,,0.22
dnarelax,egr1,14,1,H-min,,44,,0.22
dnarelax,egr1,14,2,s0.1,0.1,44,-23200.0,0.19
dnarelax,egr1,14,3,s0.3,0.3,44,728000000.0,0.19
dnarelax,egr1,14,4,s0.5,0.5,27,-21400.0,1.33
dnarelax,egr1,14,5,s0.7,0.7,26,-38500.0,1.54
dnarelax,egr1,14,6,s1.0,1.0,0,-39400.0,2.58
dnarelax,egr1,14,7,final,,0,-39600.0,2.58
dnarelax,egr1,15,0,init,,27,,0.62
dnarelax,egr1,15,1,H-min,,27,,0.62
dnarelax,egr1,15,2,s0.1,0.1,27,-25200.0,0.64
dnarelax,egr1,15,3,s0.3,0.3,27,-24800.0,0.64
dnarelax,egr1,15,4,s0.5,0.5,27,211000.0,0.64
dnarelax,egr1,15,5,s0.7,0.7,11,-38200.0,1.6
dnarelax,egr1,15,6,s1.0,1.0,0,-39300.0,2.66
dnarelax,egr1,15,7,final,,0,-39300.0,2.66
dnarelax,egr1,16,0,init,,62,,1.05
dnarelax,egr1,16,1,H-min,,62,,1.05
dnarelax,egr1,16,2,s0.1,0.1,62,-25100.0,1.05
dnarelax,egr1,16,3,s0.3,0.3,62,-25100.0,1.05
dnarelax,egr1,16,4,s0.5,0.5,62,-24500.0,1.05
dnarelax,egr1,16,5,s0.7,0.7,43,-37300.0,1.54
dnarelax,egr1,16,6,s1.0,1.0,12,-30800.0,2.21
dnarelax,egr1,16,7,final,,12,-30900.0,2.21
dnarelax,egr1,17,0,init,,58,,0.56
dnarelax,egr1,17,1,H-min,,58,,0.56
dnarelax,egr1,17,2,s0.1,0.1,58,-22400.0,0.58
dnarelax,egr1,17,3,s0.3,0.3,57,-28600.0,0.75
dnarelax,egr1,17,4,s0.5,0.5,56,-54700.0,0.97
dnarelax,egr1,17,5,s0.7,0.7,56,22300.0,0.97
dnarelax,egr1,17,6,s1.0,1.0,12,-30800.0,2.21
dnarelax,egr1,17,7,final,,12,-31000.0,2.21
dnarelax,egr1,18,0,init,,40,,1.35
dnarelax,egr1,18,1,H-min,,40,,1.35
dnarelax,egr1,18,2,s0.1,0.1,40,-25400.0,1.35
dnarelax,egr1,18,3,s0.3,0.3,36,-40100.0,1.17
dnarelax,egr1,18,4,s0.5,0.5,36,392000.0,1.17
dnarelax,egr1,18,5,s0.7,0.7,27,-38900.0,1.55
dnarelax,egr1,18,6,s1.0,1.0,0,-39500.0,2.69
dnarelax,egr1,18,7,final,,0,-39600.0,2.67
dnarelax,egr1,19,0,init,,52,,0.73
dnarelax,egr1,19,1,H-min,,52,,0.73
dnarelax,egr1,19,2,s0.1,0.1,52,-24400.0,0.68
dnarelax,egr1,19,3,s0.3,0.3,52,-24200.0,0.68
dnarelax,egr1,19,4,s0.5,0.5,52,84600.0,0.68
dnarelax,egr1,19,5,s0.7,0.7,22,-38600.0,1.54
dnarelax,egr1,19,6,s1.0,1.0,0,-39400.0,2.67
dnarelax,egr1,19,7,final,,0,-39500.0,2.67
dnarelax,egr1,20,0,init,,22,,1.6
dnarelax,egr1,20,1,H-min,,22,,1.6
dnarelax,egr1,20,2,s0.1,0.1,22,-26000.0,1.6
dnarelax,egr1,20,3,s0.3,0.3,41,-51000.0,0.78
dnarelax,egr1,20,4,s0.5,0.5,28,-40800.0,1.46
dnarelax,egr1,20,5,s0.7,0.7,23,-39300.0,1.56
dnarelax,egr1,20,6,s1.0,1.0,0,-39500.0,2.67
dnarelax,egr1,20,7,final,,0,-39500.0,2.67
dnarelax,egr1,21,0,init,,26,,1.19
dnarelax,egr1,21,1,H-min,,26,,1.19
dnarelax,egr1,21,2,s0.1,0.1,26,-26800.0,1.19
dnarelax,egr1,21,3,s0.3,0.3,21,-57200.0,1.43
dnarelax,egr1,21,4,s0.5,0.5,21,-59300.0,1.43
dnarelax,egr1,21,5,s0.7,0.7,17,-39500.0,1.58
dnarelax,egr1,21,6,s1.0,1.0,0,-39600.0,2.65
dnarelax,egr1,21,7,final,,0,-39600.0,2.65
dnarelax,egr1,22,0,init,,27,,1.26
dnarelax,egr1,22,1,H-min,,27,,1.26
dnarelax,egr1,22,2,s0.1,0.1,27,-28000.0,1.27
dnarelax,egr1,22,3,s0.3,0.3,27,-28000.0,1.27
dnarelax,egr1,22,4,s0.5,0.5,28,-37300.0,1.46
dnarelax,egr1,22,5,s0.7,0.7,25,-39200.0,1.97
dnarelax,egr1,22,6,s1.0,1.0,0,-39600.0,2.72
dnarelax,egr1,22,7,final,,0,-39600.0,2.72
dnarelax,egr1,23,0,init,,58,,0.35
dnarelax,egr1,23,1,H-min,,58,,0.35
dnarelax,egr1,23,2,s0.1,0.1,58,-22000.0,0.41
dnarelax,egr1,23,3,s0.3,0.3,58,63900.0,0.41
dnarelax,egr1,23,4,s0.5,0.5,48,-33800.0,1.02
dnarelax,egr1,23,5,s0.7,0.7,34,-36900.0,1.5
dnarelax,egr1,23,6,s1.0,1.0,0,-39400.0,2.57
dnarelax,egr1,23,7,final,,0,-39400.0,2.57
dnarelax,egr1,24,0,init,,36,,0.61
dnarelax,egr1,24,1,H-min,,36,,0.61
dnarelax,egr1,24,2,s0.1,0.1,36,-25800.0,0.59
dnarelax,egr1,24,3,s0.3,0.3,36,-24800.0,0.59
dnarelax,egr1,24,4,s0.5,0.5,30,-37200.0,1.39
dnarelax,egr1,24,5,s0.7,0.7,19,-39100.0,1.56
dnarelax,egr1,24,6,s1.0,1.0,0,-39500.0,2.62
dnarelax,egr1,24,7,final,,0,-39500.0,2.62
dnarelax,egr1,25,0,init,,22,,1.34
dnarelax,egr1,25,1,H-min,,22,,1.34
dnarelax,egr1,25,2,s0.1,0.1,22,-25600.0,1.34
dnarelax,egr1,25,3,s0.3,0.3,22,-25600.0,1.34
dnarelax,egr1,25,4,s0.5,0.5,22,-25700.0,1.34
dnarelax,egr1,25,5,s0.7,0.7,13,-38100.0,1.54
dnarelax,egr1,25,6,s1.0,1.0,0,-39300.0,2.6
dnarelax,egr1,25,7,final,,0,-39600.0,2.62
dnarelax,egr1,28,0,init,,64,,0.64
dnarelax,egr1,28,1,H-min,,64,,0.64
dnarelax,egr1,28,2,s0.1,0.1,64,-24300.0,0.68
dnarelax,egr1,28,3,s0.3,0.3,64,-24100.0,0.68
dnarelax,egr1,28,4,s0.5,0.5,64,102000.0,0.68
dnarelax,egr1,28,5,s0.7,0.7,40,-39100.0,1.54
dnarelax,egr1,28,6,s1.0,1.0,0,-39400.0,2.57
dnarelax,egr1,28,7,final,,0,-39600.0,2.58
dnarelax,egr1,29,0,init,,25,,1.02
dnarelax,egr1,29,1,H-min,,25,,1.02
dnarelax,egr1,29,2,s0.1,0.1,30,-44400.0,1.11
dnarelax,egr1,29,3,s0.3,0.3,30,538000000.0,1.11
dnarelax,egr1,29,4,s0.5,0.5,30,247000000000.0,1.11
dnarelax,egr1,29,5,s0.7,0.7,14,-37900.0,1.55
dnarelax,egr1,29,6,s1.0,1.0,0,-39500.0,2.71
dnarelax,egr1,29,7,final,,0,-39700.0,2.64
dnarelax,egr1,30,0,init,,81,,0.45
dnarelax,egr1,30,1,H-min,,81,,0.45
dnarelax,egr1,30,2,s0.1,0.1,81,-20600.0,0.49
dnarelax,egr1,30,3,s0.3,0.3,81,-9870.0,0.49
dnarelax,egr1,30,4,s0.5,0.5,81,4990000.0,0.49
dnarelax,egr1,30,5,s0.7,0.7,54,-37000.0,1.54
dnarelax,egr1,30,6,s1.0,1.0,12,-30400.0,2.21
dnarelax,egr1,30,7,final,,12,-30700.0,2.21
dnarelax,egr1,31,0,init,,33,,1.0
dnarelax,egr1,31,1,H-min,,33,,1.0
dnarelax,egr1,31,2,s0.1,0.1,33,-21000.0,1.02
dnarelax,egr1,31,3,s0.3,0.3,33,-21000.0,1.02
dnarelax,egr1,31,4,s0.5,0.5,33,-20500.0,1.02
dnarelax,egr1,31,5,s0.7,0.7,21,-38000.0,1.61
dnarelax,egr1,31,6,s1.0,1.0,0,-39400.0,2.65
dnarelax,egr1,31,7,final,,0,-39600.0,2.64
dnarelax,egr1,32,0,init,,18,,1.4
dnarelax,egr1,32,1,H-min,,18,,1.4
dnarelax,egr1,32,2,s0.1,0.1,18,-25200.0,1.4
dnarelax,egr1,32,3,s0.3,0.3,18,-25200.0,1.4
dnarelax,egr1,32,4,s0.5,0.5,18,-25400.0,1.4
dnarelax,egr1,32,5,s0.7,0.7,13,-38800.0,1.55
dnarelax,egr1,32,6,s1.0,1.0,0,-39500.0,2.62
dnarelax,egr1,32,7,final,,0,-39600.0,2.68
dnarelax,egr1,33,0,init,,15,,1.0
dnarelax,egr1,33,1,H-min,,15,,1.0
dnarelax,egr1,33,2,s0.1,0.1,15,-26700.0,1.01
dnarelax,egr1,33,3,s0.3,0.3,19,-36300.0,1.14
dnarelax,egr1,33,4,s0.5,0.5,19,8910.0,1.14
dnarelax,egr1,33,5,s0.7,0.7,16,-38700.0,1.56
dnarelax,egr1,33,6,s1.0,1.0,0,-39500.0,2.59
dnarelax,egr1,33,7,final,,0,-39500.0,2.59
dnarelax,egr1,34,0,init,,74,,0.34
dnarelax,egr1,34,1,H-min,,74,,0.34
dnarelax,egr1,34,2,s0.1,0.1,84,-58300.0,0.21
dnarelax,egr1,34,3,s0.3,0.3,84,1570000000.0,0.21
dnarelax,egr1,34,4,s0.5,0.5,61,-31500.0,1.23
dnarelax,egr1,34,5,s0.7,0.7,26,-38600.0,1.55
dnarelax,egr1,34,6,s1.0,1.0,0,-39200.0,2.65
dnarelax,egr1,34,7,final,,0,-39300.0,2.61
dnarelax,egr1,35,0,init,,28,,0.97
dnarelax,egr1,35,1,H-min,,28,,0.97
dnarelax,egr1,35,2,s0.1,0.1,36,-50700.0,0.21
dnarelax,egr1,35,3,s0.3,0.3,36,1110000000.0,0.21
dnarelax,egr1,35,4,s0.5,0.5,36,511000000000.0,0.21
dnarelax,egr1,35,5,s0.7,0.7,15,-37600.0,1.6
dnarelax,egr1,35,6,s1.0,1.0,0,-39200.0,2.62
dnarelax,egr1,35,7,final,,0,-39200.0,2.62
dnarelax,egr1,37,0,init,,38,,0.67
dnarelax,egr1,37,1,H-min,,38,,0.67
dnarelax,egr1,37,2,s0.1,0.1,38,-25100.0,0.7
dnarelax,egr1,37,3,s0.3,0.3,42,-36700.0,1.12
dnarelax,egr1,37,4,s0.5,0.5,42,47400.0,1.12
dnarelax,egr1,37,5,s0.7,0.7,28,-38600.0,1.55
dnarelax,egr1,37,6,s1.0,1.0,0,-39300.0,2.58
dnarelax,egr1,37,7,final,,0,-39500.0,2.58
dnarelax,egr1,38,0,init,,35,,0.64
dnarelax,egr1,38,1,H-min,,35,,0.64
dnarelax,egr1,38,2,s0.1,0.1,35,-26500.0,0.66
dnarelax,egr1,38,3,s0.3,0.3,35,-26200.0,0.66
dnarelax,egr1,38,4,s0.5,0.5,35,116000.0,0.66
dnarelax,egr1,38,5,s0.7,0.7,34,-36800.0,1.55
dnarelax,egr1,38,6,s1.0,1.0,12,-30800.0,2.21
dnarelax,egr1,38,7,final,,12,-30900.0,2.21
dnarelax,egr1,39,0,init,,68,,0.73
dnarelax,egr1,39,1,H-min,,68,,0.73
dnarelax,egr1,39,2,s0.1,0.1,68,-23700.0,0.73
dnarelax,egr1,39,3,s0.3,0.3,66,-31600.0,1.09
dnarelax,egr1,39,4,s0.5,0.5,66,-46300.0,0.94
dnarelax,egr1,39,5,s0.7,0.7,28,-38800.0,1.54
dnarelax,egr1,39,6,s1.0,1.0,0,-39200.0,2.58
dnarelax,egr1,39,7,final,,0,-39200.0,2.58
dnarelax,egr1,40,0,init,,27,,0.6
dnarelax,egr1,40,1,H-min,,27,,0.6
dnarelax,egr1,40,2,s0.1,0.1,27,-26000.0,0.62
dnarelax,egr1,40,3,s0.3,0.3,27,-25500.0,0.62
dnarelax,egr1,40,4,s0.5,0.5,22,-41200.0,1.35
dnarelax,egr1,40,5,s0.7,0.7,21,-38900.0,1.55
dnarelax,egr1,40,6,s1.0,1.0,0,-39100.0,2.73
dnarelax,egr1,40,7,final,,0,-39400.0,2.65
dnarelax,egr1,41,0,init,,73,,0.42
dnarelax,egr1,41,1,H-min,,73,,0.42
dnarelax,egr1,41,2,s0.1,0.1,73,-25700.0,0.42
dnarelax,egr1,41,3,s0.3,0.3,61,-336000.0,0.54
dnarelax,egr1,41,4,s0.5,0.5,61,503000.0,0.54
dnarelax,egr1,41,5,s0.7,0.7,28,-38500.0,1.54
dnarelax,egr1,41,6,s1.0,1.0,0,-39100.0,2.59
dnarelax,egr1,41,7,final,,0,-39300.0,2.62
dnarelax,egr1,42,0,init,,19,,1.15
dnarelax,egr1,42,1,H-min,,19,,1.15
dnarelax,egr1,42,2,s0.1,0.1,19,-25800.0,1.15
dnarelax,egr1,42,3,s0.3,0.3,19,-25800.0,1.15
dnarelax,egr1,42,4,s0.5,0.5,14,-35900.0,1.21
dnarelax,egr1,42,5,s0.7,0.7,12,-39100.0,1.56
dnarelax,egr1,42,6,s1.0,1.0,0,-39600.0,2.67
dnarelax,egr1,42,7,final,,0,-39600.0,2.65
dnarelax,egr1,43,0,init,,9,,1.45
dnarelax,egr1,43,1,H-min,,9,,1.45
dnarelax,egr1,43,2,s0.1,0.1,15,-87100.0,1.12
dnarelax,egr1,43,3,s0.3,0.3,10,-39000.0,1.33
dnarelax,egr1,43,4,s0.5,0.5,10,315000.0,1.33
dnarelax,egr1,43,5,s0.7,0.7,13,-38700.0,1.97
dnarelax,egr1,43,6,s1.0,1.0,0,-39400.0,2.73
dnarelax,egr1,43,7,final,,0,-39500.0,2.73
dnarelax,egr1,44,0,init,,59,,0.59
dnarelax,egr1,44,1,H-min,,59,,0.59
dnarelax,egr1,44,2,s0.1,0.1,59,-11100.0,0.61
dnarelax,egr1,44,3,s0.3,0.3,59,-43600.0,0.61
dnarelax,egr1,44,4,s0.5,0.5,59,519000.0,0.61
dnarelax,egr1,44,5,s0.7,0.7,38,-36200.0,1.54
dnarelax,egr1,44,6,s1.0,1.0,12,-30700.0,2.21
dnarelax,egr1,44,7,final,,12,-30700.0,2.21
dnarelax,egr1,46,0,init,,8,,1.72
dnarelax,egr1,46,1,H-min,,8,,1.72
dnarelax,egr1,46,2,s0.1,0.1,8,-28100.0,1.72
dnarelax,egr1,46,3,s0.3,0.3,12,-39800.0,1.41
dnarelax,egr1,46,4,s0.5,0.5,10,-39200.0,1.69
dnarelax,egr1,46,5,s0.7,0.7,15,-39300.0,1.55
dnarelax,egr1,46,6,s1.0,1.0,0,-39700.0,2.66
dnarelax,egr1,46,7,final,,0,-39700.0,2.66
dnarelax,egr1,47,0,init,,48,,0.68
dnarelax,egr1,47,1,H-min,,48,,0.68
dnarelax,egr1,47,2,s0.1,0.1,48,-23900.0,0.7
dnarelax,egr1,47,3,s0.3,0.3,48,-23800.0,0.7
dnarelax,egr1,47,4,s0.5,0.5,48,41800.0,0.7
dnarelax,egr1,47,5,s0.7,0.7,19,-38400.0,1.56
dnarelax,egr1,47,6,s1.0,1.0,0,-39300.0,2.69
dnarelax,egr1,47,7,final,,0,-39400.0,2.7
dnarelax,egr1,48,0,init,,64,,0.6
dnarelax,egr1,48,1,H-min,,64,,0.6
dnarelax,egr1,48,2,s0.1,0.1,63,-24500.0,0.62
dnarelax,egr1,48,3,s0.3,0.3,63,-22800.0,0.62
dnarelax,egr1,48,4,s0.5,0.5,63,805000.0,0.62
dnarelax,egr1,48,5,s0.7,0.7,24,-38400.0,1.54
dnarelax,egr1,48,6,s1.0,1.0,0,-39200.0,2.57
dnarelax,egr1,48,7,final,,0,-39400.0,2.58
dnarelax,egr1,52,0,init,,52,,0.27
dnarelax,egr1,52,1,H-min,,52,,0.27
dnarelax,egr1,52,2,s0.1,0.1,57,-43800.0,0.24
dnarelax,egr1,52,3,s0.3,0.3,53,-24200.0,0.79
dnarelax,egr1,52,4,s0.5,0.5,47,-54300.0,0.97
dnarelax,egr1,52,5,s0.7,0.7,24,-38400.0,1.54
dnarelax,egr1,52,6,s1.0,1.0,0,-39400.0,2.6
dnarelax,egr1,52,7,final,,0,-39500.0,2.59
dnarelax,egr1,53,0,init,,47,,0.38
dnarelax,egr1,53,1,H-min,,47,,0.38
dnarelax,egr1,53,2,s0.1,0.1,47,-24700.0,0.46
dnarelax,egr1,53,3,s0.3,0.3,47,-1280.0,0.46
dnarelax,egr1,53,4,s0.5,0.5,47,10900000.0,0.46
dnarelax,egr1,53,5,s0.7,0.7,29,-38700.0,1.55
dnarelax,egr1,53,6,s1.0,1.0,0,-39300.0,2.53
dnarelax,egr1,53,7,final,,0,-39400.0,2.57
dnarelax,egr1,54,0,init,,25,,1.17
dnarelax,egr1,54,1,H-min,,25,,1.17
dnarelax,egr1,54,2,s0.1,0.1,33,-74800.0,1.12
dnarelax,egr1,54,3,s0.3,0.3,15,-49600.0,1.48
dnarelax,egr1,54,4,s0.5,0.5,15,18800.0,1.48
dnarelax,egr1,54,5,s0.7,0.7,22,-38600.0,1.57
dnarelax,egr1,54,6,s1.0,1.0,0,-39400.0,2.6
dnarelax,egr1,54,7,final,,0,-39400.0,2.6
dnarelax,egr1,55,0,init,,41,,0.89
dnarelax,egr1,55,1,H-min,,41,,0.89
dnarelax,egr1,55,2,s0.1,0.1,41,-25800.0,0.9
dnarelax,egr1,55,3,s0.3,0.3,41,-25800.0,0.9
dnarelax,egr1,55,4,s0.5,0.5,38,-46100.0,0.95
dnarelax,egr1,55,5,s0.7,0.7,27,-39100.0,1.54
dnarelax,egr1,55,6,s1.0,1.0,0,-39400.0,2.57
dnarelax,egr1,55,7,final,,0,-39400.0,2.57
dnarelax,egr1,56,0,init,,15,,1.36
dnarelax,egr1,56,1,H-min,,15,,1.36
dnarelax,egr1,56,2,s0.1,0.1,21,-47300.0,1.11
dnarelax,egr1,56,3,s0.3,0.3,12,-38300.0,1.56
dnarelax,egr1,56,4,s0.5,0.5,12,118000.0,1.56
dnarelax,egr1,56,5,s0.7,0.7,9,-37900.0,1.55
dnarelax,egr1,56,6,s1.0,1.0,0,-39400.0,2.59
dnarelax,egr1,56,7,final,,0,-39500.0,2.6
dnarelax,egr1,57,0,init,,79,,0.54
dnarelax,egr1,57,1,H-min,,79,,0.54
dnarelax,egr1,57,2,s0.1,0.1,88,-68700.0,0.21
dnarelax,egr1,57,3,s0.3,0.3,88,2280000000.0,0.21
dnarelax,egr1,57,4,s0.5,0.5,67,-31000.0,1.18
dnarelax,egr1,57,5,s0.7,0.7,50,-37400.0,1.55
dnarelax,egr1,57,6,s1.0,1.0,12,-30600.0,2.21
dnarelax,egr1,57,7,final,,12,-30800.0,2.21
dnarelax,egr1,58,0,init,,30,,0.51
dnarelax,egr1,58,1,H-min,,30,,0.51
dnarelax,egr1,58,2,s0.1,0.1,37,-58100.0,0.21
dnarelax,egr1,58,3,s0.3,0.3,37,1430000000.0,0.21
dnarelax,egr1,58,4,s0.5,0.5,37,655000000000.0,0.21
dnarelax,egr1,58,5,s0.7,0.7,18,-37800.0,1.94
dnarelax,egr1,58,6,s1.0,1.0,0,-39200.0,2.73
dnarelax,egr1,58,7,final,,0,-39500.0,2.69
dnarelax,egr1,59,0,init,,55,,0.4
dnarelax,egr1,59,1,H-min,,55,,0.4
dnarelax,egr1,59,2,s0.1,0.1,55,-25600.0,0.44
dnarelax,egr1,59,3,s0.3,0.3,55,-545000.0,0.65
dnarelax,egr1,59,4,s0.5,0.5,55,-349000.0,0.65
dnarelax,egr1,59,5,s0.7,0.7,43,-39100.0,1.53
dnarelax,egr1,59,6,s1.0,1.0,0,-39500.0,2.68
dnarelax,egr1,59,7,final,,0,-39500.0,2.68
dnarelax,egr1,60,0,init,,83,,0.69
dnarelax,egr1,60,1,H-min,,83,,0.69
dnarelax,egr1,60,2,s0.1,0.1,83,-18100.0,0.73
dnarelax,egr1,60,3,s0.3,0.3,83,-18100.0,0.73
dnarelax,egr1,60,4,s0.5,0.5,83,16500.0,0.73
dnarelax,egr1,60,5,s0.7,0.7,47,-34200.0,1.53
dnarelax,egr1,60,6,s1.0,1.0,0,-38800.0,2.57
dnarelax,egr1,60,7,final,,0,-39100.0,2.57
dnarelax,egr1,61,0,init,,101,,0.45
dnarelax,egr1,61,1,H-min,,101,,0.45
dnarelax,egr1,61,2,s0.1,0.1,102,-21300.0,0.45
dnarelax,egr1,61,3,s0.3,0.3,102,-1070.0,0.45
dnarelax,egr1,61,4,s0.5,0.5,91,-25200.0,1.08
dnarelax,egr1,61,5,s0.7,0.7,44,-38800.0,1.54
dnarelax,egr1,61,6,s1.0,1.0,0,-39000.0,2.61
dnarelax,egr1,61,7,final,,0,-39400.0,2.61
dnarelax,egr1,62,0,init,,25,,0.98
dnarelax,egr1,62,1,H-min,,25,,0.98
dnarelax,egr1,62,2,s0.1,0.1,25,-25200.0,0.98
dnarelax,egr1,62,3,s0.3,0.3,25,-1210000.0,0.96
dnarelax,egr1,62,4,s0.5,0.5,25,-1210000.0,0.96
dnarelax,egr1,62,5,s0.7,0.7,25,-1150000.0,0.96
dnarelax,egr1,62,6,s1.0,1.0,0,-39400.0,2.57
dnarelax,egr1,62,7,final,,0,-39500.0,2.59
dnarelax,egr1,63,0,init,,33,,0.21
dnarelax,egr1,63,1,H-min,,33,,0.21
dnarelax,egr1,63,2,s0.1,0.1,33,192000.0,0.21
dnarelax,egr1,63,3,s0.3,0.3,33,209000000.0,0.21
dnarelax,egr1,63,4,s0.5,0.5,33,95900000000.0,0.21
dnarelax,egr1,63,5,s0.7,0.7,17,-37200.0,1.94
dnarelax,egr1,63,6,s1.0,1.0,0,-39300.0,2.65
dnarelax,egr1,63,7,final,,0,-39700.0,2.64
dnarelax,egr1,64,0,init,,30,,0.9
dnarelax,egr1,64,1,H-min,,30,,0.9
dnarelax,egr1,64,2,s0.1,0.1,30,86300.0,1.08
dnarelax,egr1,64,3,s0.3,0.3,30,86300.0,1.08
dnarelax,egr1,64,4,s0.5,0.5,30,86500.0,1.08
dnarelax,egr1,64,5,s0.7,0.7,17,-37700.0,1.53
dnarelax,egr1,64,6,s1.0,1.0,0,-39500.0,2.63
dnarelax,egr1,64,7,final,,0,-39700.0,2.62
dnarelax,egr1,65,0,init,,50,,0.39
dnarelax,egr1,65,1,H-min,,50,,0.39
dnarelax,egr1,65,2,s0.1,0.1,50,-11100.0,0.42
dnarelax,egr1,65,3,s0.3,0.3,50,42300.0,0.42
dnarelax,egr1,65,4,s0.5,0.5,50,24600000.0,0.42
dnarelax,egr1,65,5,s0.7,0.7,36,-37700.0,1.54
dnarelax,egr1,65,6,s1.0,1.0,0,-39400.0,2.54
dnarelax,egr1,65,7,final,,0,-39700.0,2.54
dnarelax,egr1,66,0,init,,47,,0.77
dnarelax,egr1,66,1,H-min,,47,,0.77
dnarelax,egr1,66,2,s0.1,0.1,47,-17000.0,0.78
dnarelax,egr1,66,3,s0.3,0.3,47,-16900.0,0.78
dnarelax,egr1,66,4,s0.5,0.5,47,5510.0,0.78
dnarelax,egr1,66,5,s0.7,0.7,18,-37800.0,1.62
dnarelax,egr1,66,6,s1.0,1.0,0,-39400.0,2.71
dnarelax,egr1,66,7,final,,0,-39700.0,2.71
dnarelax,egr1,67,0,init,,32,,0.67
dnarelax,egr1,67,1,H-min,,32,,0.67
dnarelax,egr1,67,2,s0.1,0.1,39,-52400.0,0.22
dnarelax,egr1,67,3,s0.3,0.3,39,1200000000.0,0.22
dnarelax,egr1,67,4,s0.5,0.5,39,553000000000.0,0.22
dnarelax,egr1,67,5,s0.7,0.7,34,-36800.0,1.57
dnarelax,egr1,67,6,s1.0,1.0,12,-30800.0,2.21
dnarelax,egr1,67,7,final,,12,-31000.0,2.21
dnarelax,egr1,68,0,init,,56,,0.54
dnarelax,egr1,68,1,H-min,,56,,0.54
dnarelax,egr1,68,2,s0.1,0.1,57,-24200.0,0.54
dnarelax,egr1,68,3,s0.3,0.3,57,-21000.0,0.54
dnarelax,egr1,68,4,s0.5,0.5,57,1480000.0,0.54
dnarelax,egr1,68,5,s0.7,0.7,26,-38600.0,1.54
dnarelax,egr1,68,6,s1.0,1.0,0,-39200.0,2.57
dnarelax,egr1,68,7,final,,0,-39500.0,2.59
dnarelax,foxa,1,0,init,,73,,0.7
dnarelax,foxa,1,1,H-min,,73,,0.7
dnarelax,foxa,1,2,s0.1,0.1,72,-14300.0,0.7
dnarelax,foxa,1,3,s0.3,0.3,72,-14100.0,0.7
dnarelax,foxa,1,4,s0.5,0.5,72,79500.0,0.7
dnarelax,foxa,1,5,s0.7,0.7,22,-35400.0,1.56
dnarelax,foxa,1,6,s1.0,1.0,0,-36400.0,2.58
dnarelax,foxa,1,7,final,,0,-36700.0,2.58
dnarelax,foxa,2,0,init,,92,,0.47
dnarelax,foxa,2,1,H-min,,92,,0.47
dnarelax,foxa,2,2,s0.1,0.1,91,-9710.0,0.5
dnarelax,foxa,2,3,s0.3,0.3,91,1100.0,0.5
dnarelax,foxa,2,4,s0.5,0.5,77,-29900.0,1.01
dnarelax,foxa,2,5,s0.7,0.7,77,50100.0,1.01
dnarelax,foxa,2,6,s1.0,1.0,0,-34800.0,2.52
dnarelax,foxa,2,7,final,,0,-34800.0,2.52
dnarelax,foxa,3,0,init,,44,,0.34
dnarelax,foxa,3,1,H-min,,44,,0.34
dnarelax,foxa,3,2,s0.1,0.1,44,-12800.0,0.37
dnarelax,foxa,3,3,s0.3,0.3,44,223000.0,0.37
dnarelax,foxa,3,4,s0.5,0.5,32,-29700.0,1.26
dnarelax,foxa,3,5,s0.7,0.7,18,-35300.0,1.55
dnarelax,foxa,3,6,s1.0,1.0,0,-36600.0,2.62
dnarelax,foxa,3,7,final,,0,-36700.0,2.63
dnarelax,foxa,4,0,init,,22,,1.04
dnarelax,foxa,4,1,H-min,,22,,1.04
dnarelax,foxa,4,2,s0.1,0.1,24,-31600.0,0.59
dnarelax,foxa,4,3,s0.3,0.3,24,146000000.0,0.59
dnarelax,foxa,4,4,s0.5,0.5,24,67300000000.0,0.59
dnarelax,foxa,4,5,s0.7,0.7,15,-35800.0,1.56
dnarelax,foxa,4,6,s1.0,1.0,0,-37000.0,2.6
dnarelax,foxa,4,7,final,,0,-37200.0,2.59
dnarelax,foxa,5,0,init,,247,,0.24
dnarelax,foxa,5,1,H-min,,247,,0.24
dnarelax,foxa,5,2,s0.1,0.1,248,-193000.0,0.31
dnarelax,foxa,5,3,s0.3,0.3,248,2130000.0,0.31
dnarelax,foxa,5,4,s0.5,0.5,249,113000.0,0.64
dnarelax,foxa,5,5,s0.7,0.7,110,-29000.0,1.62
dnarelax,foxa,5,6,s1.0,1.0,17,-19700.0,2.16
dnarelax,foxa,5,7,final,,17,-21000.0,2.17
dnarelax,foxa,6,0,init,,121,,0.59
dnarelax,foxa,6,1,H-min,,121,,0.59
dnarelax,foxa,6,2,s0.1,0.1,121,-13600.0,0.6
dnarelax,foxa,6,3,s0.3,0.3,113,-27600.0,0.64
dnarelax,foxa,6,4,s0.5,0.5,102,-1150000.0,0.96
dnarelax,foxa,6,5,s0.7,0.7,102,-1730000.0,0.96
dnarelax,foxa,6,6,s1.0,1.0,20,-26100.0,2.13
dnarelax,foxa,6,7,final,,20,-26100.0,2.13
dnarelax,foxa,7,0,init,,57,,0.58
dnarelax,foxa,7,1,H-min,,57,,0.58
dnarelax,foxa,7,2,s0.05,0.05,57,-16300.0,0.62
dnarelax,foxa,7,3,s0.1,0.1,57,-16300.0,0.62
dnarelax,foxa,7,4,s0.2,0.2,57,-16300.0,0.62
dnarelax,foxa,7,5,s0.4,0.4,57,-28000.0,0.79
dnarelax,foxa,7,6,s0.7,0.7,21,-36000.0,1.55
dnarelax,foxa,7,7,s1.0,1.0,0,-37000.0,2.6
dnarelax,foxa,7,2,s0.05,0.05,18,-841000.0,0.93
dnarelax,foxa,7,3,s0.1,0.1,18,-841000.0,0.93
dnarelax,foxa,7,2,s0.05,0.05,212,-3930.0,0.56
dnarelax,foxa,7,3,s0.1,0.1,212,-3930.0,0.56
dnarelax,foxa,7,4,s0.2,0.2,212,-3920.0,0.56
dnarelax,foxa,7,5,s0.4,0.4,212,148000.0,0.56
dnarelax,foxa,7,6,s0.7,0.7,68,-35700.0,1.55
dnarelax,foxa,7,7,s1.0,1.0,0,-36100.0,2.52
dnarelax,foxa,7,2,s0.05,0.05,104,4350.0,0.59
dnarelax,foxa,7,3,s0.1,0.1,104,4350.0,0.59
dnarelax,foxa,7,4,s0.2,0.2,104,4350.0,0.59
dnarelax,foxa,7,5,s0.4,0.4,104,44600.0,0.59
dnarelax,foxa,7,6,s0.7,0.7,38,-35500.0,1.54
dnarelax,foxa,7,7,s1.0,1.0,0,-35500.0,2.59
dnarelax,foxa,7,2,s0.05,0.05,37,-17200.0,0.58
dnarelax,foxa,7,3,s0.1,0.1,37,-17200.0,0.58
dnarelax,foxa,7,4,s0.2,0.2,37,-17200.0,0.58
dnarelax,foxa,7,5,s0.4,0.4,38,-227000.0,1.12
dnarelax,foxa,7,6,s0.7,0.7,38,-83000000.0,1.12
dnarelax,foxa,7,7,s1.0,1.0,38,-58600000.0,1.12
dnarelax,foxa,7,2,s0.05,0.05,168,2780.0,0.17
dnarelax,foxa,7,3,s0.1,0.1,168,7090.0,0.17
dnarelax,foxa,7,4,s0.2,0.2,168,18000000.0,0.17
dnarelax,foxa,7,5,s0.4,0.4,168,73900000000.0,0.17
dnarelax,foxa,7,6,s0.7,0.7,79,-34300.0,1.54
dnarelax,foxa,7,7,s1.0,1.0,12,-28400.0,2.27
dnarelax,foxa,7,2,s0.05,0.05,109,-6950.0,0.33
dnarelax,foxa,7,3,s0.1,0.1,109,-6950.0,0.33
dnarelax,foxa,7,4,s0.2,0.2,109,1270.0,0.33
dnarelax,foxa,7,5,s0.4,0.4,109,34300000.0,0.33
dnarelax,foxa,7,6,s0.7,0.7,51,-35400.0,1.56
dnarelax,foxa,7,7,s1.0,1.0,0,-35100.0,2.62
dnarelax,foxa,7,2,s0.05,0.05,76,-11600.0,0.78
dnarelax,foxa,7,3,s0.1,0.1,76,-11600.0,0.78
dnarelax,foxa,7,4,s0.2,0.2,76,-11600.0,0.78
dnarelax,foxa,7,5,s0.4,0.4,70,-18200.0,1.07
dnarelax,foxa,7,6,s0.7,0.7,32,-37200.0,1.55
dnarelax,foxa,7,7,s1.0,1.0,0,-36800.0,2.57
dnarelax,foxa,7,2,s0.05,0.05,190,-44100.0,0.08
dnarelax,foxa,7,3,s0.1,0.1,187,-1550000.0,0.24
dnarelax,foxa,7,4,s0.2,0.2,187,-2270000.0,0.24
dnarelax,foxa,7,5,s0.4,0.4,187,1070000000.0,0.24
dnarelax,foxa,7,6,s0.7,0.7,120,-29900.0,1.54
dnarelax,foxa,7,7,s1.0,1.0,31,-9890.0,2.05
dnarelax,foxa,7,2,s0.05,0.05,16,-25300.0,1.08
dnarelax,foxa,7,3,s0.1,0.1,16,-25300.0,1.08
dnarelax,foxa,7,4,s0.2,0.2,16,-25300.0,1.08
dnarelax,foxa,7,5,s0.4,0.4,16,-25400.0,1.08
dnarelax,foxa,7,6,s0.7,0.7,17,-36700.0,1.55
dnarelax,foxa,7,7,s1.0,1.0,0,-37000.0,2.55
dnarelax,foxa,7,2,s0.05,0.05,35,-17800.0,0.85
dnarelax,foxa,7,3,s0.1,0.1,35,-17800.0,0.85
dnarelax,foxa,7,4,s0.2,0.2,35,-17800.0,0.85
dnarelax,foxa,7,5,s0.4,0.4,35,-263000.0,0.96
dnarelax,foxa,7,6,s0.7,0.7,35,-157000.0,0.96
dnarelax,foxa,7,7,s1.0,1.0,0,-37000.0,2.6
dnarelax,foxa,7,64,final,,0,-37000.0,2.6
dnarelax,foxa,8,0,init,,77,,0.65
dnarelax,foxa,8,1,H-min,,77,,0.65
dnarelax,foxa,8,2,s0.1,0.1,77,-13500.0,0.68
dnarelax,foxa,8,3,s0.3,0.3,77,-13200.0,0.68
dnarelax,foxa,8,4,s0.5,0.5,77,138000.0,0.68
dnarelax,foxa,8,5,s0.7,0.7,28,-35400.0,1.57
dnarelax,foxa,8,6,s1.0,1.0,0,-36800.0,2.63
dnarelax,foxa,8,7,final,,0,-36800.0,2.63
dnarelax,foxa,9,0,init,,104,,0.87
dnarelax,foxa,9,1,H-min,,104,,0.87
dnarelax,foxa,9,2,s0.1,0.1,94,-323000.0,0.31
dnarelax,foxa,9,3,s0.3,0.3,94,1050000.0,0.31
dnarelax,foxa,9,4,s0.5,0.5,94,631000000.0,0.31
dnarelax,foxa,9,5,s0.7,0.7,45,-35100.0,1.55
dnarelax,foxa,9,6,s1.0,1.0,0,-36300.0,2.61
dnarelax,foxa,9,7,final,,0,-36500.0,2.61
dnarelax,foxa,10,0,init,,418,,0.36
dnarelax,foxa,10,1,H-min,,418,,0.36
dnarelax,foxa,10,2,s0.1,0.1,417,19800.0,0.33
dnarelax,foxa,10,3,s0.3,0.3,417,1310000.0,0.33
dnarelax,foxa,10,4,s0.5,0.5,417,594000000.0,0.33
dnarelax,foxa,10,5,s0.7,0.7,202,-24900.0,1.64
dnarelax,foxa,10,6,s1.0,1.0,22,-11100.0,2.16
dnarelax,foxa,10,7,final,,21,-14600.0,2.17
dnarelax,foxa,11,0,init,,297,,0.27
dnarelax,foxa,11,1,H-min,,297,,0.27
dnarelax,foxa,11,2,s0.1,0.1,295,-33600.0,0.21
dnarelax,foxa,11,3,s0.3,0.3,295,792000000.0,0.21
dnarelax,foxa,11,4,s0.5,0.5,295,364000000000.0,0.21
dnarelax,foxa,11,5,s0.7,0.7,120,-31400.0,1.56
dnarelax,foxa,11,6,s1.0,1.0,18,-24300.0,2.12
dnarelax,foxa,11,7,final,,18,-25200.0,2.12
dnarelax,foxa,12,0,init,,118,,0.34
dnarelax,foxa,12,1,H-min,,118,,0.34
dnarelax,foxa,12,2,s0.1,0.1,116,-8660.0,0.34
dnarelax,foxa,12,3,s0.3,0.3,116,612000.0,0.34
dnarelax,foxa,12,4,s0.5,0.5,93,-33300.0,1.2
dnarelax,foxa,12,5,s0.7,0.7,26,-36100.0,1.63
dnarelax,foxa,12,6,s1.0,1.0,0,-36100.0,2.57
dnarelax,foxa,12,7,final,,0,-36300.0,2.58
dnarelax,foxa,13,0,init,,212,,0.32
dnarelax,foxa,13,1,H-min,,212,,0.32
dnarelax,foxa,13,2,s0.1,0.1,213,3080.0,0.35
dnarelax,foxa,13,3,s0.3,0.3,213,676000.0,0.35
dnarelax,foxa,13,4,s0.5,0.5,213,310000000.0,0.35
dnarelax,foxa,13,5,s0.7,0.7,103,-31100.0,1.54
dnarelax,foxa,13,6,s1.0,1.0,12,-28000.0,2.28
dnarelax,foxa,13,7,final,,12,-28700.0,2.28
dnarelax,foxa,14,0,init,,94,,0.59
dnarelax,foxa,14,1,H-min,,94,,0.59
dnarelax,foxa,14,2,s0.1,0.1,94,383.0,0.6
dnarelax,foxa,14,3,s0.3,0.3,94,3860.0,0.6
dnarelax,foxa,14,4,s0.5,0.5,94,1710000.0,0.6
dnarelax,foxa,14,5,s0.7,0.7,56,-32700.0,1.54
dnarelax,foxa,14,6,s1.0,1.0,0,-25100.0,2.56
dnarelax,foxa,14,7,final,,0,-25800.0,2.57
dnarelax,foxa,15,0,init,,50,,0.69
dnarelax,foxa,15,1,H-min,,50,,0.69
dnarelax,foxa,15,2,s0.1,0.1,50,-15700.0,0.7
dnarelax,foxa,15,3,s0.3,0.3,50,-15600.0,0.7
dnarelax,foxa,15,4,s0.5,0.5,50,34200.0,0.7
dnarelax,foxa,15,5,s0.7,0.7,26,-37100.0,1.57
dnarelax,foxa,15,6,s1.0,1.0,0,-36700.0,2.62
dnarelax,foxa,15,7,final,,0,-36900.0,2.61
dnarelax,foxa,17,0,init,,42,,1.01
dnarelax,foxa,17,1,H-min,,42,,1.01
dnarelax,foxa,17,2,s0.1,0.1,42,-5680.0,1.02
dnarelax,foxa,17,3,s0.3,0.3,42,-5690.0,1.02
dnarelax,foxa,17,4,s0.5,0.5,42,-4170.0,1.02
dnarelax,foxa,17,5,s0.7,0.7,15,-36300.0,1.59
dnarelax,foxa,17,6,s1.0,1.0,0,-36900.0,2.76
dnarelax,foxa,17,7,final,,0,-37000.0,2.61
dnarelax,foxa,18,0,init,,282,,0.51
dnarelax,foxa,18,1,H-min,,282,,0.51
dnarelax,foxa,18,2,s0.1,0.1,281,15400.0,0.51
dnarelax,foxa,18,3,s0.3,0.3,281,26800.0,0.51
dnarelax,foxa,18,4,s0.5,0.5,281,5490000.0,0.51
dnarelax,foxa,18,5,s0.7,0.7,87,-31500.0,1.68
dnarelax,foxa,18,6,s1.0,1.0,10,-25700.0,2.23
dnarelax,foxa,18,7,final,,10,-26500.0,2.23
dnarelax,foxa,20,0,init,,67,,0.56
dnarelax,foxa,20,1,H-min,,67,,0.56
dnarelax,foxa,20,2,s0.1,0.1,67,-7000.0,0.56
dnarelax,foxa,20,3,s0.3,0.3,67,1250000.0,0.56
dnarelax,foxa,20,4,s0.5,0.5,56,-62100.0,0.97
dnarelax,foxa,20,5,s0.7,0.7,56,-325000.0,0.96
dnarelax,foxa,20,6,s1.0,1.0,0,-36300.0,2.58
dnarelax,foxa,20,7,final,,0,-36600.0,2.59
dnarelax,foxa,21,0,init,,63,,0.42
dnarelax,foxa,21,1,H-min,,63,,0.42
dnarelax,foxa,21,2,s0.1,0.1,64,-14900.0,0.48
dnarelax,foxa,21,3,s0.3,0.3,63,-29700.0,0.89
dnarelax,foxa,21,4,s0.5,0.5,62,-29100.0,0.96
dnarelax,foxa,21,5,s0.7,0.7,34,-34700.0,1.57
dnarelax,foxa,21,6,s1.0,1.0,0,-36200.0,2.64
dnarelax,foxa,21,7,final,,0,-36400.0,2.6
dnarelax,foxa,22,0,init,,41,,0.51
dnarelax,foxa,22,1,H-min,,41,,0.51
dnarelax,foxa,22,2,s0.1,0.1,41,-2860.0,0.52
dnarelax,foxa,22,3,s0.3,0.3,41,717.0,0.52
dnarelax,foxa,22,4,s0.5,0.5,41,1700000.0,0.52
dnarelax,foxa,22,5,s0.7,0.7,33,-33600.0,1.55
dnarelax,foxa,22,6,s1.0,1.0,0,-36300.0,2.55
dnarelax,foxa,22,7,final,,0,-36600.0,2.55
dnarelax,foxa,23,0,init,,94,,0.44
dnarelax,foxa,23,1,H-min,,94,,0.44
dnarelax,foxa,23,2,s0.1,0.1,95,-12900.0,0.46
dnarelax,foxa,23,3,s0.3,0.3,96,-292000.0,0.56
dnarelax,foxa,23,4,s0.5,0.5,96,97300.0,0.56
dnarelax,foxa,23,5,s0.7,0.7,50,-34100.0,1.55
dnarelax,foxa,23,6,s1.0,1.0,0,-36100.0,2.55
dnarelax,foxa,23,7,final,,0,-36500.0,2.58
dnarelax,foxa,24,0,init,,161,,0.56
dnarelax,foxa,24,1,H-min,,161,,0.56
dnarelax,foxa,24,2,s0.1,0.1,161,-8440.0,0.56
dnarelax,foxa,24,3,s0.3,0.3,151,-31200.0,0.76
dnarelax,foxa,24,4,s0.5,0.5,151,240000.0,0.76
dnarelax,foxa,24,5,s0.7,0.7,81,-33300.0,1.55
dnarelax,foxa,24,6,s1.0,1.0,0,-33000.0,2.44
dnarelax,foxa,24,7,final,,0,-34800.0,2.58
dnarelax,foxa,25,0,init,,250,,0.46
dnarelax,foxa,25,1,H-min,,250,,0.46
dnarelax,foxa,25,2,s0.1,0.1,249,34500.0,0.48
dnarelax,foxa,25,3,s0.3,0.3,249,50900.0,0.48
dnarelax,foxa,25,4,s0.5,0.5,240,31600.0,1.02
dnarelax,foxa,25,5,s0.7,0.7,136,-30000.0,1.57
dnarelax,foxa,25,6,s1.0,1.0,16,-21800.0,2.19
dnarelax,foxa,25,7,final,,16,-22700.0,2.21
dnarelax,foxa,26,0,init,,190,,0.56
dnarelax,foxa,26,1,H-min,,190,,0.56
dnarelax,foxa,26,2,s0.1,0.1,190,-7240.0,0.58
dnarelax,foxa,26,3,s0.3,0.3,190,-4560.0,0.58
dnarelax,foxa,26,4,s0.5,0.5,190,1300000.0,0.58
dnarelax,foxa,26,5,s0.7,0.7,70,-33800.0,1.57
dnarelax,foxa,26,6,s1.0,1.0,0,-35300.0,2.67
dnarelax,foxa,26,7,final,,0,-35800.0,2.64
dnarelax,foxa,28,0,init,,49,,0.52
dnarelax,foxa,28,1,H-min,,49,,0.52
dnarelax,foxa,28,2,s0.1,0.1,49,-14900.0,0.52
dnarelax,foxa,28,3,s0.3,0.3,49,-11700.0,0.52
dnarelax,foxa,28,4,s0.5,0.5,47,-107000.0,0.96
dnarelax,foxa,28,5,s0.7,0.7,47,-51500.0,0.96
dnarelax,foxa,28,6,s1.0,1.0,0,-36300.0,2.58
dnarelax,foxa,28,7,final,,0,-36500.0,2.58
dnarelax,foxa,29,0,init,,63,,0.57
dnarelax,foxa,29,1,H-min,,63,,0.57
dnarelax,foxa,29,2,s0.1,0.1,63,237.0,0.6
dnarelax,foxa,29,3,s0.3,0.3,60,-435000.0,0.77
dnarelax,foxa,29,4,s0.5,0.5,60,-411000.0,0.77
dnarelax,foxa,29,5,s0.7,0.7,17,-36600.0,2.0
dnarelax,foxa,29,6,s1.0,1.0,0,-36300.0,2.77
dnarelax,foxa,29,7,final,,0,-36300.0,2.77
dnarelax,foxa,30,0,init,,64,,0.61
dnarelax,foxa,30,1,H-min,,64,,0.61
dnarelax,foxa,30,2,s0.1,0.1,65,156000.0,0.65
dnarelax,foxa,30,3,s0.3,0.3,65,156000.0,0.65
dnarelax,foxa,30,4,s0.5,0.5,65,291000.0,0.65
dnarelax,foxa,30,5,s0.7,0.7,28,-34800.0,1.55
dnarelax,foxa,30,6,s1.0,1.0,0,-36400.0,2.55
dnarelax,foxa,30,7,final,,0,-36900.0,2.56
dnarelax,foxa,31,0,init,,58,,0.77
dnarelax,foxa,31,1,H-min,,58,,0.77
dnarelax,foxa,31,2,s0.1,0.1,58,-15600.0,0.78
dnarelax,foxa,31,3,s0.3,0.3,53,-35200.0,0.76
dnarelax,foxa,31,4,s0.5,0.5,53,158000.0,0.76
dnarelax,foxa,31,5,s0.7,0.7,36,-35400.0,1.56
dnarelax,foxa,31,6,s1.0,1.0,0,-36900.0,2.58
dnarelax,foxa,31,7,final,,0,-37100.0,2.58
dnarelax,foxa,32,0,init,,221,,0.36
dnarelax,foxa,32,1,H-min,,221,,0.36
dnarelax,foxa,32,2,s0.1,0.1,195,-436000.0,0.61
dnarelax,foxa,32,3,s0.3,0.3,195,158000000.0,0.61
dnarelax,foxa,32,4,s0.5,0.5,195,72600000000.0,0.61
dnarelax,foxa,32,5,s0.7,0.7,70,-31900.0,1.55
dnarelax,foxa,32,6,s1.0,1.0,11,-24200.0,2.16
dnarelax,foxa,32,7,final,,11,-24600.0,2.16
dnarelax,foxa,33,0,init,,139,,0.53
dnarelax,foxa,33,1,H-min,,139,,0.53
dnarelax,foxa,33,2,s0.1,0.1,136,-752000.0,0.25
dnarelax,foxa,33,3,s0.3,0.3,136,87800000.0,0.25
dnarelax,foxa,33,4,s0.5,0.5,136,40700000000.0,0.25
dnarelax,foxa,33,5,s0.7,0.7,131,375000.0,0.9
dnarelax,foxa,33,6,s1.0,1.0,0,-35600.0,2.57
dnarelax,foxa,33,7,final,,0,-36100.0,2.57
dnarelax,foxa,34,0,init,,44,,0.76
dnarelax,foxa,34,1,H-min,,44,,0.76
dnarelax,foxa,34,2,s0.1,0.1,44,-16600.0,0.78
dnarelax,foxa,34,3,s0.3,0.3,44,-16600.0,0.78
dnarelax,foxa,34,4,s0.5,0.5,44,-964.0,0.78
dnarelax,foxa,34,5,s0.7,0.7,23,-35800.0,1.54
dnarelax,foxa,34,6,s1.0,1.0,0,-36800.0,2.64
dnarelax,foxa,34,7,final,,0,-37100.0,2.63
dnarelax,foxa,35,0,init,,354,,0.2
dnarelax,foxa,35,1,H-min,,354,,0.2
dnarelax,foxa,35,2,s0.1,0.1,354,10200.0,0.19
dnarelax,foxa,35,3,s0.3,0.3,354,473000000.0,0.19
dnarelax,foxa,35,4,s0.5,0.5,354,217000000000.0,0.19
dnarelax,foxa,35,5,s0.7,0.7,168,-30800.0,1.73
dnarelax,foxa,35,6,s1.0,1.0,0,-31800.0,2.51
dnarelax,foxa,35,7,final,,0,-34000.0,2.62
dnarelax,foxa,36,0,init,,225,,0.52
dnarelax,foxa,36,1,H-min,,225,,0.52
dnarelax,foxa,36,2,s0.1,0.1,225,133000000.0,0.54
dnarelax,foxa,36,3,s0.3,0.3,225,70800000000000.0,0.54
dnarelax,foxa,36,4,s0.5,0.5,195,-17200.0,1.18
dnarelax,foxa,36,5,s0.7,0.7,107,-31400.0,1.54
dnarelax,foxa,36,6,s1.0,1.0,10,-27200.0,2.21
dnarelax,foxa,36,7,final,,10,-28600.0,2.21
dnarelax,foxa,37,0,init,,65,,0.48
dnarelax,foxa,37,1,H-min,,65,,0.48
dnarelax,foxa,37,2,s0.1,0.1,65,-16200.0,0.43
dnarelax,foxa,37,3,s0.3,0.3,65,-32400.0,0.7
dnarelax,foxa,37,4,s0.5,0.5,50,-33300.0,1.39
dnarelax,foxa,37,5,s0.7,0.7,23,-35000.0,1.54
dnarelax,foxa,37,6,s1.0,1.0,0,-36400.0,2.71
dnarelax,foxa,37,7,final,,0,-36600.0,2.61
dnarelax,foxa,38,0,init,,73,,0.65
dnarelax,foxa,38,1,H-min,,73,,0.65
dnarelax,foxa,38,2,s0.1,0.1,73,69800.0,0.69
dnarelax,foxa,38,3,s0.3,0.3,73,70300.0,0.69
dnarelax,foxa,38,4,s0.5,0.5,73,345000.0,0.69
dnarelax,foxa,38,5,s0.7,0.7,33,-32700.0,1.64
dnarelax,foxa,38,6,s1.0,1.0,0,-34900.0,2.55
dnarelax,foxa,38,7,final,,0,-35600.0,2.58
dnarelax,foxa,39,0,init,,82,,0.39
dnarelax,foxa,39,1,H-min,,82,,0.39
dnarelax,foxa,39,2,s0.1,0.1,82,-14900.0,0.39
dnarelax,foxa,39,3,s0.3,0.3,82,157000.0,0.39
dnarelax,foxa,39,4,s0.5,0.5,82,79200000.0,0.39
dnarelax,foxa,39,5,s0.7,0.7,52,-31700.0,1.55
dnarelax,foxa,39,6,s1.0,1.0,0,-23100.0,2.57
dnarelax,foxa,39,7,final,,0,-24100.0,2.57
dnarelax,foxa,41,0,init,,43,,0.25
dnarelax,foxa,41,1,H-min,,43,,0.25
dnarelax,foxa,41,2,s0.1,0.1,43,-18500.0,0.26
dnarelax,foxa,41,3,s0.3,0.3,36,-29500.0,0.85
dnarelax,foxa,41,4,s0.5,0.5,36,-7190.0,0.85
dnarelax,foxa,41,5,s0.7,0.7,29,-34600.0,1.55
dnarelax,foxa,41,6,s1.0,1.0,0,-36400.0,2.57
dnarelax,foxa,41,7,final,,0,-36900.0,2.57
dnarelax,foxa,42,0,init,,183,,0.39
dnarelax,foxa,42,1,H-min,,183,,0.39
dnarelax,foxa,42,2,s0.1,0.1,183,-558000.0,0.21
dnarelax,foxa,42,3,s0.3,0.3,183,242000000.0,0.21
dnarelax,foxa,42,4,s0.5,0.5,183,112000000000.0,0.21
dnarelax,foxa,42,5,s0.7,0.7,136,-18300.0,1.57
dnarelax,foxa,42,6,s1.0,1.0,0,-35300.0,2.51
dnarelax,foxa,42,7,final,,0,-35800.0,2.54
dnarelax,foxa,43,0,init,,53,,0.33
dnarelax,foxa,43,1,H-min,,53,,0.33
dnarelax,foxa,43,2,s0.1,0.1,53,-6710.0,0.35
dnarelax,foxa,43,3,s0.3,0.3,54,-3200000.0,0.64
dnarelax,foxa,43,4,s0.5,0.5,54,-48400000.0,0.64
dnarelax,foxa,43,5,s0.7,0.7,54,6490000.0,0.64
dnarelax,foxa,43,6,s1.0,1.0,0,-36300.0,2.62
dnarelax,foxa,43,7,final,,0,-36600.0,2.62
dnarelax,foxa,44,0,init,,148,,0.31
dnarelax,foxa,44,1,H-min,,148,,0.31
dnarelax,foxa,44,2,s0.1,0.1,139,-60400.0,0.2
dnarelax,foxa,44,3,s0.3,0.3,139,530000000.0,0.2
dnarelax,foxa,44,4,s0.5,0.5,139,243000000000.0,0.2
dnarelax,foxa,44,5,s0.7,0.7,50,-33000.0,1.62
dnarelax,foxa,44,6,s1.0,1.0,18,-26500.0,2.13
dnarelax,foxa,44,7,final,,19,-26800.0,2.13
dnarelax,foxa,45,0,init,,33,,0.6
dnarelax,foxa,45,1,H-min,,33,,0.6
dnarelax,foxa,45,2,s0.1,0.1,33,-5840.0,0.61
dnarelax,foxa,45,3,s0.3,0.3,33,-5320.0,0.61
dnarelax,foxa,45,4,s0.5,0.5,33,263000.0,0.61
dnarelax,foxa,45,5,s0.7,0.7,18,-35200.0,1.55
dnarelax,foxa,45,6,s1.0,1.0,0,-37000.0,2.58
dnarelax,foxa,45,7,final,,0,-37000.0,2.58
dnarelax,foxa,47,0,init,,175,,0.57
dnarelax,foxa,47,1,H-min,,175,,0.57
dnarelax,foxa,47,2,s0.1,0.1,174,-4300.0,0.59
dnarelax,foxa,47,3,s0.3,0.3,162,-22800.0,0.71
dnarelax,foxa,47,4,s0.5,0.5,162,111000.0,0.71
dnarelax,foxa,47,5,s0.7,0.7,162,7650000.0,0.71
dnarelax,foxa,47,6,s1.0,1.0,0,-34100.0,2.65
dnarelax,foxa,47,7,final,,0,-35400.0,2.74
dnarelax,foxa,48,0,init,,41,,0.65
dnarelax,foxa,48,1,H-min,,41,,0.65
dnarelax,foxa,48,2,s0.1,0.1,41,-18900.0,0.65
dnarelax,foxa,48,3,s0.3,0.3,41,-18500.0,0.65
dnarelax,foxa,48,4,s0.5,0.5,41,161000.0,0.65
dnarelax,foxa,48,5,s0.7,0.7,15,-35100.0,1.57
dnarelax,foxa,48,6,s1.0,1.0,0,-36900.0,2.62
dnarelax,foxa,48,7,final,,0,-37200.0,2.62
dnarelax,foxa,49,0,init,,59,,0.44
dnarelax,foxa,49,1,H-min,,59,,0.44
dnarelax,foxa,49,2,s0.1,0.1,59,36300.0,0.45
dnarelax,foxa,49,3,s0.3,0.3,59,61600.0,0.45
dnarelax,foxa,49,4,s0.5,0.5,59,11800000.0,0.45
dnarelax,foxa,49,5,s0.7,0.7,51,-33100.0,1.56
dnarelax,foxa,49,6,s1.0,1.0,0,-35000.0,2.58
dnarelax,foxa,49,7,final,,0,-36100.0,2.6
dnarelax,foxa,50,0,init,,185,,0.62
dnarelax,foxa,50,1,H-min,,185,,0.62
dnarelax,foxa,50,2,s0.1,0.1,185,35900.0,0.63
dnarelax,foxa,50,3,s0.3,0.3,185,36700.0,0.63
dnarelax,foxa,50,4,s0.5,0.5,175,14800.0,0.97
dnarelax,foxa,50,5,s0.7,0.7,175,99800.0,0.96
dnarelax,foxa,50,6,s1.0,1.0,10,-28300.0,2.13
dnarelax,foxa,50,7,final,,10,-28300.0,2.13
dnarelax,foxa,51,0,init,,27,,1.16
dnarelax,foxa,51,1,H-min,,27,,1.16
dnarelax,foxa,51,2,s0.1,0.1,27,-21000.0,1.16
dnarelax,foxa,51,3,s0.3,0.3,27,-21000.0,1.16
dnarelax,foxa,51,4,s0.5,0.5,27,-21200.0,1.16
dnarelax,foxa,51,5,s0.7,0.7,14,-35700.0,1.59
dnarelax,foxa,51,6,s1.0,1.0,0,-36900.0,2.61
dnarelax,foxa,51,7,final,,0,-36900.0,2.61
dnarelax,foxa,52,0,init,,97,,0.37
dnarelax,foxa,52,1,H-min,,97,,0.37
dnarelax,foxa,52,2,s0.1,0.1,97,-10700.0,0.4
dnarelax,foxa,52,3,s0.3,0.3,97,151000.0,0.4
dnarelax,foxa,52,4,s0.5,0.5,89,-28400.0,1.23
dnarelax,foxa,52,5,s0.7,0.7,55,-29900.0,1.55
dnarelax,foxa,52,6,s1.0,1.0,21,-19000.0,2.14
dnarelax,foxa,52,7,final,,20,-19400.0,2.14
dnarelax,foxa,53,0,init,,128,,0.52
dnarelax,foxa,53,1,H-min,,128,,0.52
dnarelax,foxa,53,2,s0.1,0.1,128,-3970.0,0.56
dnarelax,foxa,53,3,s0.3,0.3,129,-562000.0,0.8
dnarelax,foxa,53,4,s0.5,0.5,129,-507000.0,0.8
dnarelax,foxa,53,5,s0.7,0.7,129,-21100000.0,0.8
dnarelax,foxa,53,6,s1.0,1.0,129,207000000.0,0.8
dnarelax,foxa,53,7,final,,129,205000000.0,0.8
dnarelax,foxa,54,0,init,,48,,0.54
dnarelax,foxa,54,1,H-min,,48,,0.54
dnarelax,foxa,54,2,s0.1,0.1,48,-295000.0,0.57
dnarelax,foxa,54,3,s0.3,0.3,48,-293000.0,0.57
dnarelax,foxa,54,4,s0.5,0.5,48,555000.0,0.57
dnarelax,foxa,54,5,s0.7,0.7,19,-34500.0,1.55
dnarelax,foxa,54,6,s1.0,1.0,0,-35900.0,2.54
dnarelax,foxa,54,7,final,,0,-36300.0,2.58
dnarelax,foxa,55,0,init,,38,,0.57
dnarelax,foxa,55,1,H-min,,38,,0.57
dnarelax,foxa,55,2,s0.1,0.1,38,66500.0,0.6
dnarelax,foxa,55,3,s0.3,0.3,38,153000.0,0.6
dnarelax,foxa,55,4,s0.5,0.5,38,40200000.0,0.6
dnarelax,foxa,55,5,s0.7,0.7,7,-33900.0,1.64
dnarelax,foxa,55,6,s1.0,1.0,0,-36000.0,2.6
dnarelax,foxa,55,7,final,,0,-36200.0,2.55
dnarelax,foxa,56,0,init,,177,,0.26
dnarelax,foxa,56,1,H-min,,177,,0.26
dnarelax,foxa,56,2,s0.1,0.1,177,-20900.0,0.22
dnarelax,foxa,56,3,s0.3,0.3,177,394000000.0,0.22
dnarelax,foxa,56,4,s0.5,0.5,177,181000000000.0,0.22
dnarelax,foxa,56,5,s0.7,0.7,79,-32100.0,1.55
dnarelax,foxa,56,6,s1.0,1.0,0,-33100.0,2.54
dnarelax,foxa,56,7,final,,0,-34100.0,2.64
dnarelax,foxa,57,0,init,,225,,0.48
dnarelax,foxa,57,1,H-min,,225,,0.48
dnarelax,foxa,57,2,s0.1,0.1,222,-63100.0,0.21
dnarelax,foxa,57,3,s0.3,0.3,222,965000000.0,0.21
dnarelax,foxa,57,4,s0.5,0.5,222,444000000000.0,0.21
dnarelax,foxa,57,5,s0.7,0.7,108,-30700.0,1.54
dnarelax,foxa,57,6,s1.0,1.0,11,-24700.0,2.09
dnarelax,foxa,57,7,final,,11,-26300.0,2.11
dnarelax,foxa,61,0,init,,72,,0.83
dnarelax,foxa,61,1,H-min,,72,,0.83
dnarelax,foxa,61,2,s0.1,0.1,72,-15600.0,0.87
dnarelax,foxa,61,3,s0.3,0.3,72,-15600.0,0.87
dnarelax,foxa,61,4,s0.5,0.5,57,-244000.0,0.96
dnarelax,foxa,61,5,s0.7,0.7,57,-181000.0,0.96
dnarelax,foxa,61,6,s1.0,1.0,10,-29500.0,2.2
dnarelax,foxa,61,7,final,,10,-29700.0,2.2
dnarelax,foxa,62,0,init,,190,,0.19
dnarelax,foxa,62,1,H-min,,190,,0.19
dnarelax,foxa,62,2,s0.1,0.1,185,4120000.0,0.13
dnarelax,foxa,62,3,s0.3,0.3,205,30200.0,0.71
dnarelax,foxa,62,4,s0.5,0.5,172,12800.0,1.2
dnarelax,foxa,62,5,s0.7,0.7,87,-31300.0,1.54
dnarelax,foxa,62,6,s1.0,1.0,87,195000.0,1.54
dnarelax,foxa,62,7,final,,10,-26400.0,2.02
dnarelax,foxa,63,0,init,,77,,0.64
dnarelax,foxa,63,1,H-min,,77,,0.64
dnarelax,foxa,63,2,s0.1,0.1,76,-16000.0,0.66
dnarelax,foxa,63,3,s0.3,0.3,76,-15600.0,0.66
dnarelax,foxa,63,4,s0.5,0.5,76,189000.0,0.66
dnarelax,foxa,63,5,s0.7,0.7,33,-34700.0,1.55
dnarelax,foxa,63,6,s1.0,1.0,0,-36100.0,2.59
dnarelax,foxa,63,7,final,,0,-36500.0,2.58
dnarelax,foxa,64,0,init,,76,,0.78
dnarelax,foxa,64,1,H-min,,76,,0.78
dnarelax,foxa,64,2,s0.1,0.1,77,-46200.0,0.21
dnarelax,foxa,64,3,s0.3,0.3,66,-60600.0,0.76
dnarelax,foxa,64,4,s0.5,0.5,66,183000.0,0.76
dnarelax,foxa,64,5,s0.7,0.7,33,-35500.0,1.58
dnarelax,foxa,64,6,s1.0,1.0,0,-36200.0,2.61
dnarelax,foxa,64,7,final,,0,-36500.0,2.6
dnarelax,foxa,65,0,init,,98,,0.51
dnarelax,foxa,65,1,H-min,,98,,0.51
dnarelax,foxa,65,2,s0.1,0.1,98,-2370.0,0.54
dnarelax,foxa,65,3,s0.3,0.3,95,-19400.0,0.77
dnarelax,foxa,65,4,s0.5,0.5,95,20500.0,0.77
dnarelax,foxa,65,5,s0.7,0.7,29,-34300.0,1.54
dnarelax,foxa,65,6,s1.0,1.0,0,-36000.0,2.6
dnarelax,foxa,65,7,final,,0,-36400.0,2.61
dnarelax,foxa,66,0,init,,279,,0.29
dnarelax,foxa,66,1,H-min,,279,,0.29
dnarelax,foxa,66,2,s0.1,0.1,279,27800.0,0.29
dnarelax,foxa,66,3,s0.3,0.3,279,7240000.0,0.29
dnarelax,foxa,66,4,s0.5,0.5,279,3320000000.0,0.29
dnarelax,foxa,66,5,s0.7,0.7,75,-32800.0,1.42
dnarelax,foxa,66,6,s1.0,1.0,0,-34800.0,2.56
dnarelax,foxa,66,7,final,,0,-35300.0,2.76
dnarelax,foxa,67,0,init,,39,,0.57
dnarelax,foxa,67,1,H-min,,39,,0.57
dnarelax,foxa,67,2,s0.1,0.1,39,10900.0,0.62
dnarelax,foxa,67,3,s0.3,0.3,39,11600.0,0.62
dnarelax,foxa,67,4,s0.5,0.5,39,405000.0,0.62
dnarelax,foxa,67,5,s0.7,0.7,12,-34100.0,1.55
dnarelax,foxa,67,6,s1.0,1.0,0,-36800.0,2.63
dnarelax,foxa,67,7,final,,0,-37000.0,2.59
dnarelax,foxa,68,0,init,,35,,1.13
dnarelax,foxa,68,1,H-min,,35,,1.13
dnarelax,foxa,68,2,s0.1,0.1,35,-280.0,1.13
dnarelax,foxa,68,3,s0.3,0.3,35,-295.0,1.13
dnarelax,foxa,68,4,s0.5,0.5,25,-144000.0,1.48
dnarelax,foxa,68,5,s0.7,0.7,25,-292000.0,1.48
dnarelax,foxa,68,6,s1.0,1.0,0,-36600.0,2.63
dnarelax,foxa,68,7,final,,0,-36800.0,2.62
dnarelax,engrailed,1,0,init,,4,,1.61
dnarelax,engrailed,1,1,H-min,,4,,1.61
dnarelax,engrailed,1,2,s0.1,0.1,4,-36800.0,1.61
dnarelax,engrailed,1,3,s0.3,0.3,10,-60100.0,1.18
dnarelax,engrailed,1,4,s0.5,0.5,10,1310000.0,1.18
dnarelax,engrailed,1,5,s0.7,0.7,8,-46400.0,1.54
dnarelax,engrailed,1,6,s1.0,1.0,0,-47600.0,2.62
dnarelax,engrailed,1,7,final,,0,-47600.0,2.62
dnarelax,engrailed,2,0,init,,36,,0.86
dnarelax,engrailed,2,1,H-min,,36,,0.86
dnarelax,engrailed,2,2,s0.1,0.1,33,-44900.0,0.21
dnarelax,engrailed,2,3,s0.3,0.3,33,264000000.0,0.21
dnarelax,engrailed,2,4,s0.5,0.5,33,121000000000.0,0.21
dnarelax,engrailed,2,5,s0.7,0.7,6,-45100.0,1.98
dnarelax,engrailed,2,6,s1.0,1.0,0,-46700.0,2.82
dnarelax,engrailed,2,7,final,,0,-47000.0,2.76
dnarelax,engrailed,3,0,init,,41,,1.15
dnarelax,engrailed,3,1,H-min,,41,,1.15
dnarelax,engrailed,3,2,s0.1,0.1,41,-26600.0,1.09
dnarelax,engrailed,3,3,s0.3,0.3,41,-60300.0,0.84
dnarelax,engrailed,3,4,s0.5,0.5,41,1400000.0,0.84
dnarelax,engrailed,3,5,s0.7,0.7,22,-46700.0,1.8
dnarelax,engrailed,3,6,s1.0,1.0,0,-47200.0,2.71
dnarelax,engrailed,3,7,final,,0,-47200.0,2.71
dnarelax,engrailed,4,0,init,,18,,1.09
dnarelax,engrailed,4,1,H-min,,18,,1.09
dnarelax,engrailed,4,2,s0.1,0.1,22,-58400.0,0.22
dnarelax,engrailed,4,3,s0.3,0.3,22,1030000000.0,0.22
dnarelax,engrailed,4,4,s0.5,0.5,22,475000000000.0,0.22
dnarelax,engrailed,4,5,s0.7,0.7,7,-47400.0,1.99
dnarelax,engrailed,4,6,s1.0,1.0,0,-47500.0,2.76
dnarelax,engrailed,4,7,final,,0,-47500.0,2.76
dnarelax,engrailed,5,0,init,,106,,0.52
dnarelax,engrailed,5,1,H-min,,106,,0.52
dnarelax,engrailed,5,2,s0.05,0.05,105,-28800.0,0.55
dnarelax,engrailed,5,3,s0.1,0.1,105,-28800.0,0.55
dnarelax,engrailed,5,4,s0.2,0.2,99,-51400.0,0.58
dnarelax,engrailed,5,5,s0.4,0.4,99,-10100.0,0.58
dnarelax,engrailed,5,6,s0.7,0.7,39,-46700.0,1.56
dnarelax,engrailed,5,7,s1.0,1.0,0,-46700.0,2.62
dnarelax,engrailed,5,2,s0.05,0.05,6,-282000.0,0.96
dnarelax,engrailed,5,3,s0.1,0.1,6,6130000.0,0.96
dnarelax,engrailed,5,4,s0.2,0.2,6,-89300.0,0.96
dnarelax,engrailed,5,5,s0.4,0.4,6,-89300.0,0.96
dnarelax,engrailed,5,6,s0.7,0.7,7,-47200.0,1.55
dnarelax,engrailed,5,7,s1.0,1.0,0,-47800.0,2.58
dnarelax,engrailed,5,2,s0.05,0.05,102,-59700.0,0.1
dnarelax,engrailed,5,3,s0.1,0.1,112,-72900.0,0.21
dnarelax,engrailed,5,4,s0.2,0.2,112,15000000.0,0.21
dnarelax,engrailed,5,5,s0.4,0.4,112,61700000000.0,0.21
dnarelax,engrailed,5,6,s0.7,0.7,29,-46200.0,1.56
dnarelax,engrailed,5,7,s1.0,1.0,0,-46700.0,2.61
dnarelax,engrailed,5,2,s0.05,0.05,26,-45500.0,0.12
dnarelax,engrailed,5,3,s0.1,0.1,26,220000.0,0.12
dnarelax,engrailed,5,4,s0.2,0.2,26,1090000000.0,0.12
dnarelax,engrailed,5,5,s0.4,0.4,26,4480000000000.0,0.12
dnarelax,engrailed,5,6,s0.7,0.7,12,-47100.0,1.87
dnarelax,engrailed,5,7,s1.0,1.0,0,-47400.0,2.64
dnarelax,engrailed,5,2,s0.05,0.05,27,-34200.0,0.7
dnarelax,engrailed,5,3,s0.1,0.1,27,-34200.0,0.7
dnarelax,engrailed,5,4,s0.2,0.2,27,-34200.0,0.7
dnarelax,engrailed,5,5,s0.4,0.4,27,-31300.0,0.7
dnarelax,engrailed,5,6,s0.7,0.7,10,-46900.0,1.55
dnarelax,engrailed,5,7,s1.0,1.0,0,-47100.0,2.58
dnarelax,engrailed,5,2,s0.05,0.05,36,-6670.0,0.62
dnarelax,engrailed,5,3,s0.1,0.1,36,-6670.0,0.62
dnarelax,engrailed,5,4,s0.2,0.2,36,-6660.0,0.62
dnarelax,engrailed,5,5,s0.4,0.4,36,46500.0,0.62
dnarelax,engrailed,5,6,s0.7,0.7,12,-44700.0,1.55
dnarelax,engrailed,5,7,s1.0,1.0,0,-47300.0,2.59
dnarelax,engrailed,5,2,s0.05,0.05,43,-32800.0,0.79
dnarelax,engrailed,5,3,s0.1,0.1,43,-32800.0,0.79
dnarelax,engrailed,5,4,s0.2,0.2,43,-32800.0,0.79
dnarelax,engrailed,5,5,s0.4,0.4,43,-31200.0,0.79
dnarelax,engrailed,5,6,s0.7,0.7,19,-47300.0,1.92
dnarelax,engrailed,5,7,s1.0,1.0,0,-47300.0,2.75
dnarelax,engrailed,5,2,s0.05,0.05,78,-26200.0,0.5
dnarelax,engrailed,5,3,s0.1,0.1,78,-26200.0,0.5
dnarelax,engrailed,5,4,s0.2,0.2,78,-26100.0,0.5
dnarelax,engrailed,5,5,s0.4,0.4,78,263000.0,0.5
dnarelax,engrailed,5,6,s0.7,0.7,24,-45800.0,1.58
dnarelax,engrailed,5,7,s1.0,1.0,0,-46900.0,2.55
dnarelax,engrailed,5,2,s0.05,0.05,18,-29800.0,0.72
dnarelax,engrailed,5,3,s0.1,0.1,18,-29800.0,0.72
dnarelax,engrailed,5,4,s0.2,0.2,18,-29800.0,0.72
dnarelax,engrailed,5,5,s0.4,0.4,18,-28200.0,0.72
dnarelax,engrailed,5,6,s0.7,0.7,14,-48300.0,1.65
dnarelax,engrailed,5,7,s1.0,1.0,0,-47300.0,2.75
dnarelax,engrailed,5,56,final,,0,-46700.0,2.62
dnarelax,engrailed,6,0,init,,19,,0.92
dnarelax,engrailed,6,1,H-min,,19,,0.92
dnarelax,engrailed,6,2,s0.1,0.1,19,-35600.0,0.92
dnarelax,engrailed,6,3,s0.3,0.3,19,-236000.0,0.96
dnarelax,engrailed,6,4,s0.5,0.5,19,-235000.0,0.96
dnarelax,engrailed,6,5,s0.7,0.7,19,-189000.0,0.96
dnarelax,engrailed,6,6,s1.0,1.0,0,-47500.0,2.76
dnarelax,engrailed,6,7,final,,0,-47500.0,2.76
dnarelax,engrailed,7,0,init,,14,,1.65
dnarelax,engrailed,7,1,H-min,,14,,1.65
dnarelax,engrailed,7,2,s0.1,0.1,14,-31700.0,1.65
dnarelax,engrailed,7,3,s0.3,0.3,11,-44300.0,1.41
dnarelax,engrailed,7,4,s0.5,0.5,10,-135000.0,1.71
dnarelax,engrailed,7,5,s0.7,0.7,10,-1400000.0,1.71
dnarelax,engrailed,7,6,s1.0,1.0,0,-47200.0,2.72
dnarelax,engrailed,7,7,final,,0,-47200.0,2.72
dnarelax,engrailed,8,0,init,,35,,0.98
dnarelax,engrailed,8,1,H-min,,35,,0.98
dnarelax,engrailed,8,2,s0.1,0.1,35,-26200.0,0.99
dnarelax,engrailed,8,3,s0.3,0.3,35,-26200.0,0.99
dnarelax,engrailed,8,4,s0.5,0.5,35,-25200.0,0.99
dnarelax,engrailed,8,5,s0.7,0.7,13,-47100.0,1.7
dnarelax,engrailed,8,6,s1.0,1.0,0,-47300.0,2.75
dnarelax,engrailed,8,7,final,,0,-47300.0,2.76
dnarelax,engrailed,9,0,init,,36,,0.6
dnarelax,engrailed,9,1,H-min,,36,,0.6
dnarelax,engrailed,9,2,s0.1,0.1,36,-31400.0,0.6
dnarelax,engrailed,9,3,s0.3,0.3,34,-54300.0,0.63
dnarelax,engrailed,9,4,s0.5,0.5,34,235000.0,0.63
dnarelax,engrailed,9,5,s0.7,0.7,20,-45100.0,1.96
dnarelax,engrailed,9,6,s1.0,1.0,0,-40600.0,2.71
dnarelax,engrailed,9,7,final,,0,-40600.0,2.71
dnarelax,engrailed,10,0,init,,54,,0.83
dnarelax,engrailed,10,1,H-min,,54,,0.83
dnarelax,engrailed,10,2,s0.1,0.1,54,-16800.0,0.78
dnarelax,engrailed,10,3,s0.3,0.3,54,-16800.0,0.78
dnarelax,engrailed,10,4,s0.5,0.5,54,24400.0,0.78
dnarelax,engrailed,10,5,s0.7,0.7,20,-47000.0,1.61
dnarelax,engrailed,10,6,s1.0,1.0,0,-47000.0,2.74
dnarelax,engrailed,10,7,final,,0,-47200.0,2.66
dnarelax,engrailed,11,0,init,,13,,0.76
dnarelax,engrailed,11,1,H-min,,13,,0.76
dnarelax,engrailed,11,2,s0.1,0.1,13,-35000.0,0.76
dnarelax,engrailed,11,3,s0.3,0.3,16,-60400.0,0.71
dnarelax,engrailed,11,4,s0.5,0.5,16,1430000.0,0.71
dnarelax,engrailed,11,5,s0.7,0.7,6,-47100.0,1.98
dnarelax,engrailed,11,6,s1.0,1.0,0,-47400.0,2.74
dnarelax,engrailed,11,7,final,,0,-47400.0,2.74
dnarelax,engrailed,12,0,init,,7,,1.62
dnarelax,engrailed,12,1,H-min,,7,,1.62
dnarelax,engrailed,12,2,s0.1,0.1,8,-54800.0,1.13
dnarelax,engrailed,12,3,s0.3,0.3,7,-60700.0,1.42
dnarelax,engrailed,12,4,s0.5,0.5,7,1390000.0,1.42
dnarelax,engrailed,12,5,s0.7,0.7,7,-47400.0,2.0
dnarelax,engrailed,12,6,s1.0,1.0,0,-47500.0,2.74
dnarelax,engrailed,12,7,final,,0,-47500.0,2.74
dnarelax,engrailed,15,0,init,,9,,1.9
dnarelax,engrailed,15,1,H-min,,9,,1.9
dnarelax,engrailed,15,2,s0.1,0.1,9,-33500.0,1.9
dnarelax,engrailed,15,3,s0.3,0.3,11,-41700.0,1.13
dnarelax,engrailed,15,4,s0.5,0.5,11,-54100.0,0.98
dnarelax,engrailed,15,5,s0.7,0.7,11,-21900.0,0.98
dnarelax,engrailed,15,6,s1.0,1.0,0,-47600.0,2.71
dnarelax,engrailed,15,7,final,,0,-47600.0,2.71
dnarelax,engrailed,16,0,init,,20,,1.17
dnarelax,engrailed,16,1,H-min,,20,,1.17
dnarelax,engrailed,16,2,s0.1,0.1,15,-64400.0,1.14
dnarelax,engrailed,16,3,s0.3,0.3,11,-47400.0,1.41
dnarelax,engrailed,16,4,s0.5,0.5,11,475000.0,1.41
dnarelax,engrailed,16,5,s0.7,0.7,9,-46900.0,1.65
dnarelax,engrailed,16,6,s1.0,1.0,0,-47400.0,2.74
dnarelax,engrailed,16,7,final,,0,-47400.0,2.74
dnarelax,engrailed,17,0,init,,31,,0.72
dnarelax,engrailed,17,1,H-min,,31,,0.72
dnarelax,engrailed,17,2,s0.1,0.1,38,-85900.0,0.21
dnarelax,engrailed,17,3,s0.3,0.3,38,2750000000.0,0.21
dnarelax,engrailed,17,4,s0.5,0.5,38,1270000000000.0,0.21
dnarelax,engrailed,17,5,s0.7,0.7,20,-45900.0,1.55
dnarelax,engrailed,17,6,s1.0,1.0,0,-47200.0,2.7
dnarelax,engrailed,17,7,final,,0,-47200.0,2.7
dnarelax,engrailed,18,0,init,,6,,0.81
dnarelax,engrailed,18,1,H-min,,6,,0.81
dnarelax,engrailed,18,2,s0.1,0.1,6,-33500.0,0.81
dnarelax,engrailed,18,3,s0.3,0.3,6,-33500.0,0.81
dnarelax,engrailed,18,4,s0.5,0.5,6,-29200.0,0.81
dnarelax,engrailed,18,5,s0.7,0.7,4,-46200.0,1.53
dnarelax,engrailed,18,6,s1.0,1.0,0,-47300.0,2.68
dnarelax,engrailed,18,7,final,,0,-47500.0,2.68
dnarelax,engrailed,19,0,init,,49,,0.74
dnarelax,engrailed,19,1,H-min,,49,,0.74
dnarelax,engrailed,19,2,s0.1,0.1,48,-48300.0,0.22
dnarelax,engrailed,19,3,s0.3,0.3,48,397000000.0,0.22
dnarelax,engrailed,19,4,s0.5,0.5,44,-18600.0,0.98
dnarelax,engrailed,19,5,s0.7,0.7,44,43400.0,0.98
dnarelax,engrailed,19,6,s1.0,1.0,0,-46800.0,2.72
dnarelax,engrailed,19,7,final,,0,-47200.0,2.6
dnarelax,engrailed,20,0,init,,41,,1.29
dnarelax,engrailed,20,1,H-min,,41,,1.29
dnarelax,engrailed,20,2,s0.1,0.1,41,-51400.0,1.4
dnarelax,engrailed,20,3,s0.3,0.3,41,-51400.0,1.4
dnarelax,engrailed,20,4,s0.5,0.5,41,-49600.0,1.4
dnarelax,engrailed,20,5,s0.7,0.7,19,-45800.0,1.93
dnarelax,engrailed,20,6,s1.0,1.0,0,-47400.0,2.75
dnarelax,engrailed,20,7,final,,0,-47400.0,2.75
dnarelax,engrailed,21,0,init,,25,,0.4
dnarelax,engrailed,21,1,H-min,,25,,0.4
dnarelax,engrailed,21,2,s0.1,0.1,26,-66200.0,0.21
dnarelax,engrailed,21,3,s0.3,0.3,26,1610000000.0,0.21
dnarelax,engrailed,21,4,s0.5,0.5,26,738000000000.0,0.21
dnarelax,engrailed,21,5,s0.7,0.7,4,-45700.0,2.02
dnarelax,engrailed,21,6,s1.0,1.0,0,-47300.0,2.76
dnarelax,engrailed,21,7,final,,0,-47300.0,2.76
dnarelax,engrailed,22,0,init,,50,,0.39
dnarelax,engrailed,22,1,H-min,,50,,0.39
dnarelax,engrailed,22,2,s0.1,0.1,65,-75100.0,0.23
dnarelax,engrailed,22,3,s0.3,0.3,65,2110000000.0,0.23
dnarelax,engrailed,22,4,s0.5,0.5,54,-38200.0,1.19
dnarelax,engrailed,22,5,s0.7,0.7,25,-46900.0,1.64
dnarelax,engrailed,22,6,s1.0,1.0,0,-47300.0,2.65
dnarelax,engrailed,22,7,final,,0,-47300.0,2.65
dnarelax,engrailed,23,0,init,,28,,0.66
dnarelax,engrailed,23,1,H-min,,28,,0.66
dnarelax,engrailed,23,2,s0.1,0.1,31,-59500.0,0.28
dnarelax,engrailed,23,3,s0.3,0.3,23,-46000.0,0.93
dnarelax,engrailed,23,4,s0.5,0.5,19,-44300.0,1.53
dnarelax,engrailed,23,5,s0.7,0.7,13,-46100.0,1.88
dnarelax,engrailed,23,6,s1.0,1.0,0,-47300.0,2.78
dnarelax,engrailed,23,7,final,,0,-47300.0,2.78
dnarelax,engrailed,24,0,init,,40,,0.71
dnarelax,engrailed,24,1,H-min,,40,,0.71
dnarelax,engrailed,24,2,s0.1,0.1,53,-96400.0,0.21
dnarelax,engrailed,24,3,s0.3,0.3,62,-60900.0,0.7
dnarelax,engrailed,24,4,s0.5,0.5,62,1520000.0,0.7
dnarelax,engrailed,24,5,s0.7,0.7,20,-47100.0,1.92
dnarelax,engrailed,24,6,s1.0,1.0,0,-46900.0,2.8
dnarelax,engrailed,24,7,final,,0,-47100.0,2.78
dnarelax,engrailed,25,0,init,,28,,0.7
dnarelax,engrailed,25,1,H-min,,28,,0.7
dnarelax,engrailed,25,2,s0.1,0.1,27,-34000.0,0.75
dnarelax,engrailed,25,3,s0.3,0.3,34,-45200.0,0.83
dnarelax,engrailed,25,4,s0.5,0.5,34,247000.0,0.83
dnarelax,engrailed,25,5,s0.7,0.7,12,-47200.0,2.0
dnarelax,engrailed,25,6,s1.0,1.0,0,-47400.0,2.77
dnarelax,engrailed,25,7,final,,0,-47400.0,2.77
dnarelax,engrailed,26,0,init,,4,,1.44
dnarelax,engrailed,26,1,H-min,,4,,1.44
dnarelax,engrailed,26,2,s0.1,0.1,4,-34700.0,1.44
dnarelax,engrailed,26,3,s0.3,0.3,10,-60700.0,1.15
dnarelax,engrailed,26,4,s0.5,0.5,8,-52900.0,1.35
dnarelax,engrailed,26,5,s0.7,0.7,11,-47500.0,2.04
dnarelax,engrailed,26,6,s1.0,1.0,0,-47500.0,2.77
dnarelax,engrailed,26,7,final,,0,-47500.0,2.77
dnarelax,engrailed,27,0,init,,30,,0.57
dnarelax,engrailed,27,1,H-min,,30,,0.57
dnarelax,engrailed,27,2,s0.1,0.1,31,-33900.0,0.53
dnarelax,engrailed,27,3,s0.3,0.3,31,-29300.0,0.53
dnarelax,engrailed,27,4,s0.5,0.5,31,2120000.0,0.53
dnarelax,engrailed,27,5,s0.7,0.7,18,-46800.0,1.72
dnarelax,engrailed,27,6,s1.0,1.0,0,-47300.0,2.6
dnarelax,engrailed,27,7,final,,0,-47300.0,2.6
dnarelax,engrailed,28,0,init,,19,,0.61
dnarelax,engrailed,28,1,H-min,,19,,0.61
dnarelax,engrailed,28,2,s0.1,0.1,19,-708.0,0.62
dnarelax,engrailed,28,3,s0.3,0.3,19,-309.0,0.62
dnarelax,engrailed,28,4,s0.5,0.5,18,-122000.0,0.96
dnarelax,engrailed,28,5,s0.7,0.7,18,-75400.0,0.96
dnarelax,engrailed,28,6,s1.0,1.0,0,-47400.0,2.62
dnarelax,engrailed,28,7,final,,0,-47600.0,2.6
dnarelax,engrailed,29,0,init,,5,,1.82
dnarelax,engrailed,29,1,H-min,,5,,1.82
dnarelax,engrailed,29,2,s0.1,0.1,5,-35100.0,1.82
dnarelax,engrailed,29,3,s0.3,0.3,5,-35100.0,1.82
dnarelax,engrailed,29,4,s0.5,0.5,5,-50600.0,1.54
dnarelax,engrailed,29,5,s0.7,0.7,5,-43300.0,1.85
dnarelax,engrailed,29,6,s1.0,1.0,0,-47400.0,2.63
dnarelax,engrailed,29,7,final,,0,-47500.0,2.65
dnarelax,engrailed,30,0,init,,40,,0.27
dnarelax,engrailed,30,1,H-min,,40,,0.27
dnarelax,engrailed,30,2,s0.1,0.1,40,-29800.0,0.31
dnarelax,engrailed,30,3,s0.3,0.3,40,2910000.0,0.31
dnarelax,engrailed,30,4,s0.5,0.5,31,-36700.0,1.29
dnarelax,engrailed,30,5,s0.7,0.7,28,-45400.0,1.79
dnarelax,engrailed,30,6,s1.0,1.0,0,-46300.0,2.63
dnarelax,engrailed,30,7,final,,0,-46900.0,2.62
dnarelax,engrailed,31,0,init,,47,,0.5
dnarelax,engrailed,31,1,H-min,,47,,0.5
dnarelax,engrailed,31,2,s0.1,0.1,47,-32400.0,0.54
dnarelax,engrailed,31,3,s0.3,0.3,47,-29700.0,0.54
dnarelax,engrailed,31,4,s0.5,0.5,41,-38600.0,1.27
dnarelax,engrailed,31,5,s0.7,0.7,27,-44300.0,1.63
dnarelax,engrailed,31,6,s1.0,1.0,10,-40100.0,2.12
dnarelax,engrailed,31,7,final,,10,-40100.0,2.12
dnarelax,engrailed,32,0,init,,4,,1.64
dnarelax,engrailed,32,1,H-min,,4,,1.64
dnarelax,engrailed,32,2,s0.1,0.1,5,-41200.0,1.43
dnarelax,engrailed,32,3,s0.3,0.3,5,-41200.0,1.43
dnarelax,engrailed,32,4,s0.5,0.5,8,-47300.0,1.33
dnarelax,engrailed,32,5,s0.7,0.7,11,-47400.0,1.77
dnarelax,engrailed,32,6,s1.0,1.0,0,-47500.0,2.74
dnarelax,engrailed,32,7,final,,0,-47500.0,2.74
dnarelax,engrailed,33,0,init,,39,,0.67
dnarelax,engrailed,33,1,H-min,,39,,0.67
dnarelax,engrailed,33,2,s0.1,0.1,39,-22800.0,0.69
dnarelax,engrailed,33,3,s0.3,0.3,39,-22600.0,0.69
dnarelax,engrailed,33,4,s0.5,0.5,39,85600.0,0.69
dnarelax,engrailed,33,5,s0.7,0.7,25,-45000.0,1.72
dnarelax,engrailed,33,6,s1.0,1.0,0,-36700.0,2.7
dnarelax,engrailed,33,7,final,,0,-36700.0,2.7
dnarelax,engrailed,34,0,init,,39,,0.73
dnarelax,engrailed,34,1,H-min,,39,,0.73
dnarelax,engrailed,34,2,s0.1,0.1,33,-45100.0,0.45
dnarelax,engrailed,34,3,s0.3,0.3,32,-45100.0,0.72
dnarelax,engrailed,34,4,s0.5,0.5,32,29500.0,0.72
dnarelax,engrailed,34,5,s0.7,0.7,13,-46300.0,2.05
dnarelax,engrailed,34,6,s1.0,1.0,0,-47200.0,2.72
dnarelax,engrailed,34,7,final,,0,-47400.0,2.73
dnarelax,engrailed,35,0,init,,24,,1.03
dnarelax,engrailed,35,1,H-min,,24,,1.03
dnarelax,engrailed,35,2,s0.1,0.1,24,-32700.0,1.04
dnarelax,engrailed,35,3,s0.3,0.3,27,-65100.0,0.95
dnarelax,engrailed,35,4,s0.5,0.5,27,-43000.0,0.95
dnarelax,engrailed,35,5,s0.7,0.7,15,-46300.0,1.56
dnarelax,engrailed,35,6,s1.0,1.0,0,-47500.0,2.64
dnarelax,engrailed,35,7,final,,0,-47500.0,2.64
dnarelax,engrailed,36,0,init,,14,,0.78
dnarelax,engrailed,36,1,H-min,,14,,0.78
dnarelax,engrailed,36,2,s0.1,0.1,15,-59000.0,1.11
dnarelax,engrailed,36,3,s0.3,0.3,10,-40800.0,1.46
dnarelax,engrailed,36,4,s0.5,0.5,10,84900.0,1.46
dnarelax,engrailed,36,5,s0.7,0.7,10,-45700.0,1.89
dnarelax,engrailed,36,6,s1.0,1.0,0,-47500.0,2.75
dnarelax,engrailed,36,7,final,,0,-47500.0,2.75
dnarelax,engrailed,37,0,init,,29,,0.72
dnarelax,engrailed,37,1,H-min,,29,,0.72
dnarelax,engrailed,37,2,s0.1,0.1,41,-65700.0,0.21
dnarelax,engrailed,37,3,s0.3,0.3,34,-46300.0,0.78
dnarelax,engrailed,37,4,s0.5,0.5,34,300000.0,0.78
dnarelax,engrailed,37,5,s0.7,0.7,11,-46800.0,1.92
dnarelax,engrailed,37,6,s1.0,1.0,0,-47500.0,2.78
dnarelax,engrailed,37,7,final,,0,-47500.0,2.78
dnarelax,engrailed,38,0,init,,12,,0.78
dnarelax,engrailed,38,1,H-min,,12,,0.78
dnarelax,engrailed,38,2,s0.1,0.1,11,-51700.0,1.04
dnarelax,engrailed,38,3,s0.3,0.3,9,-62600.0,1.21
dnarelax,engrailed,38,4,s0.5,0.5,9,1560000.0,1.21
dnarelax,engrailed,38,5,s0.7,0.7,10,-47200.0,1.83
dnarelax,engrailed,38,6,s1.0,1.0,0,-47500.0,2.78
dnarelax,engrailed,38,7,final,,0,-47500.0,2.78
dnarelax,engrailed,39,0,init,,26,,0.61
dnarelax,engrailed,39,1,H-min,,26,,0.61
dnarelax,engrailed,39,2,s0.1,0.1,37,-70100.0,0.21
dnarelax,engrailed,39,3,s0.3,0.3,30,-42800.0,0.71
dnarelax,engrailed,39,4,s0.5,0.5,30,203000.0,0.71
dnarelax,engrailed,39,5,s0.7,0.7,9,-46100.0,1.56
dnarelax,engrailed,39,6,s1.0,1.0,0,-47300.0,2.57
dnarelax,engrailed,39,7,final,,0,-47300.0,2.57
dnarelax,engrailed,40,0,init,,49,,0.6
dnarelax,engrailed,40,1,H-min,,49,,0.6
dnarelax,engrailed,40,2,s0.1,0.1,51,-289000.0,0.75
dnarelax,engrailed,40,3,s0.3,0.3,51,-313000.0,0.75
dnarelax,engrailed,40,4,s0.5,0.5,51,-231000.0,0.75
dnarelax,engrailed,40,5,s0.7,0.7,16,-46500.0,1.93
dnarelax,engrailed,40,6,s1.0,1.0,0,-47200.0,2.72
dnarelax,engrailed,40,7,final,,0,-47200.0,2.72
dnarelax,engrailed,41,0,init,,53,,0.52
dnarelax,engrailed,41,1,H-min,,53,,0.52
dnarelax,engrailed,41,2,s0.1,0.1,54,-85000.0,0.23
dnarelax,engrailed,41,3,s0.3,0.3,54,2730000000.0,0.23
dnarelax,engrailed,41,4,s0.5,0.5,54,1250000000000.0,0.23
dnarelax,engrailed,41,5,s0.7,0.7,17,-47100.0,1.55
dnarelax,engrailed,41,6,s1.0,1.0,0,-47200.0,2.65
dnarelax,engrailed,41,7,final,,0,-47200.0,2.66
dnarelax,engrailed,42,0,init,,21,,0.71
dnarelax,engrailed,42,1,H-min,,21,,0.71
dnarelax,engrailed,42,2,s0.1,0.1,21,-2020.0,0.75
dnarelax,engrailed,42,3,s0.3,0.3,21,-1970.0,0.75
dnarelax,engrailed,42,4,s0.5,0.5,18,-28000.0,0.96
dnarelax,engrailed,42,5,s0.7,0.7,17,-47300.0,1.77
dnarelax,engrailed,42,6,s1.0,1.0,0,-47300.0,2.68
dnarelax,engrailed,42,7,final,,0,-47300.0,2.68
dnarelax,engrailed,43,0,init,,63,,0.38
dnarelax,engrailed,43,1,H-min,,63,,0.38
dnarelax,engrailed,43,2,s0.1,0.1,67,-66300.0,0.21
dnarelax,engrailed,43,3,s0.3,0.3,66,-43100.0,0.78
dnarelax,engrailed,43,4,s0.5,0.5,66,158000.0,0.78
dnarelax,engrailed,43,5,s0.7,0.7,40,-45800.0,1.7
dnarelax,engrailed,43,6,s1.0,1.0,10,-39700.0,2.19
dnarelax,engrailed,43,7,final,,10,-39700.0,2.19
dnarelax,engrailed,44,0,init,,38,,0.59
dnarelax,engrailed,44,1,H-min,,38,,0.59
dnarelax,engrailed,44,2,s0.1,0.1,46,-86800.0,0.23
dnarelax,engrailed,44,3,s0.3,0.3,46,2750000000.0,0.23
dnarelax,engrailed,44,4,s0.5,0.5,32,-43900.0,1.37
dnarelax,engrailed,44,5,s0.7,0.7,15,-47300.0,1.93
dnarelax,engrailed,44,6,s1.0,1.0,0,-47300.0,2.74
dnarelax,engrailed,44,7,final,,0,-47300.0,2.74
dnarelax,engrailed,45,0,init,,18,,0.57
dnarelax,engrailed,45,1,H-min,,18,,0.57
dnarelax,engrailed,45,2,s0.1,0.1,18,-32500.0,0.57
dnarelax,engrailed,45,3,s0.3,0.3,18,-31900.0,0.57
dnarelax,engrailed,45,4,s0.5,0.5,18,276000.0,0.57
dnarelax,engrailed,45,5,s0.7,0.7,10,-46300.0,1.56
dnarelax,engrailed,45,6,s1.0,1.0,0,-47100.0,2.74
dnarelax,engrailed,45,7,final,,0,-47300.0,2.66
dnarelax,engrailed,47,0,init,,38,,0.41
dnarelax,engrailed,47,1,H-min,,38,,0.41
dnarelax,engrailed,47,2,s0.1,0.1,38,-31600.0,0.46
dnarelax,engrailed,47,3,s0.3,0.3,39,-47500.0,0.69
dnarelax,engrailed,47,4,s0.5,0.5,39,475000.0,0.69
dnarelax,engrailed,47,5,s0.7,0.7,30,-47100.0,1.67
dnarelax,engrailed,47,6,s1.0,1.0,0,-46900.0,2.68
dnarelax,engrailed,47,7,final,,0,-47200.0,2.71
dnarelax,engrailed,48,0,init,,2,,2.1
dnarelax,engrailed,48,1,H-min,,2,,2.1
dnarelax,engrailed,48,2,s0.1,0.1,7,-98400.0,1.13
dnarelax,engrailed,48,3,s0.3,0.3,4,-38500.0,2.25
dnarelax,engrailed,48,4,s0.5,0.5,4,-102000.0,2.25
dnarelax,engrailed,48,5,s0.7,0.7,9,-47400.0,1.9
dnarelax,engrailed,48,6,s1.0,1.0,0,-47500.0,2.75
dnarelax,engrailed,48,7,final,,0,-47500.0,2.75
dnarelax,engrailed,49,0,init,,65,,0.5
dnarelax,engrailed,49,1,H-min,,65,,0.5
dnarelax,engrailed,49,2,s0.1,0.1,65,-9340.0,0.49
dnarelax,engrailed,49,3,s0.3,0.3,65,11600.0,0.49
dnarelax,engrailed,49,4,s0.5,0.5,65,-9240.0,0.94
dnarelax,engrailed,49,5,s0.7,0.7,15,-45100.0,1.56
dnarelax,engrailed,49,6,s1.0,1.0,0,-46800.0,2.54
dnarelax,engrailed,49,7,final,,0,-46900.0,2.57
dnarelax,engrailed,50,0,init,,6,,1.33
dnarelax,engrailed,50,1,H-min,,6,,1.33
dnarelax,engrailed,50,2,s0.1,0.1,8,-54500.0,1.11
dnarelax,engrailed,50,3,s0.3,0.3,8,879000000.0,1.11
dnarelax,engrailed,50,4,s0.5,0.5,6,-44800.0,1.55
dnarelax,engrailed,50,5,s0.7,0.7,5,-45900.0,1.94
dnarelax,engrailed,50,6,s1.0,1.0,0,-47000.0,2.73
dnarelax,engrailed,50,7,final,,0,-47000.0,2.72
dnarelax,engrailed,51,0,init,,49,,0.53
dnarelax,engrailed,51,1,H-min,,49,,0.53
dnarelax,engrailed,51,2,s0.1,0.1,47,-85400.0,0.41
dnarelax,engrailed,51,3,s0.3,0.3,46,-35500.0,0.73
dnarelax,engrailed,51,4,s0.5,0.5,46,270000.0,0.73
dnarelax,engrailed,51,5,s0.7,0.7,19,-47000.0,1.87
dnarelax,engrailed,51,6,s1.0,1.0,0,-47300.0,2.73
dnarelax,engrailed,51,7,final,,0,-47300.0,2.73
dnarelax,engrailed,53,0,init,,0,,2.66
dnarelax,engrailed,53,1,H-min,,0,,2.66
dnarelax,engrailed,53,2,s0.1,0.1,4,-62300.0,1.13
dnarelax,engrailed,53,3,s0.3,0.3,1,-49300.0,1.43
dnarelax,engrailed,53,4,s0.5,0.5,1,602000.0,1.43
dnarelax,engrailed,53,5,s0.7,0.7,7,-47000.0,2.03
dnarelax,engrailed,53,6,s1.0,1.0,0,-47600.0,2.75
dnarelax,engrailed,53,7,final,,0,-47600.0,2.75
dnarelax,engrailed,54,0,init,,11,,1.0
dnarelax,engrailed,54,1,H-min,,11,,1.0
dnarelax,engrailed,54,2,s0.1,0.1,8,-59600.0,1.06
dnarelax,engrailed,54,3,s0.3,0.3,8,-59800.0,1.26
dnarelax,engrailed,54,4,s0.5,0.5,8,1310000.0,1.26
dnarelax,engrailed,54,5,s0.7,0.7,7,-46000.0,1.8
dnarelax,engrailed,54,6,s1.0,1.0,0,-47600.0,2.74
dnarelax,engrailed,54,7,final,,0,-47600.0,2.74
dnarelax,engrailed,55,0,init,,14,,0.69
dnarelax,engrailed,55,1,H-min,,14,,0.69
dnarelax,engrailed,55,2,s0.1,0.1,14,-45500.0,1.07
dnarelax,engrailed,55,3,s0.3,0.3,17,-47700.0,1.27
dnarelax,engrailed,55,4,s0.5,0.5,17,-5300.0,1.27
dnarelax,engrailed,55,5,s0.7,0.7,17,2390000.0,1.27
dnarelax,engrailed,55,6,s1.0,1.0,0,-47300.0,2.81
dnarelax,engrailed,55,7,final,,0,-47300.0,2.81
dnarelax,engrailed,56,0,init,,41,,0.51
dnarelax,engrailed,56,1,H-min,,41,,0.51
dnarelax,engrailed,56,2,s0.1,0.1,45,-66200.0,0.85
dnarelax,engrailed,56,3,s0.3,0.3,39,-48500.0,0.86
dnarelax,engrailed,56,4,s0.5,0.5,39,471000.0,0.86
dnarelax,engrailed,56,5,s0.7,0.7,35,-45900.0,1.69
dnarelax,engrailed,56,6,s1.0,1.0,10,-40100.0,2.2
dnarelax,engrailed,56,7,final,,10,-40200.0,2.2
dnarelax,engrailed,57,0,init,,24,,0.63
dnarelax,engrailed,57,1,H-min,,24,,0.63
dnarelax,engrailed,57,2,s0.1,0.1,23,-60900.0,0.45
dnarelax,engrailed,57,3,s0.3,0.3,23,1180000000.0,0.45
dnarelax,engrailed,57,4,s0.5,0.5,21,-43600.0,1.44
dnarelax,engrailed,57,5,s0.7,0.7,15,-47100.0,1.87
dnarelax,engrailed,57,6,s1.0,1.0,0,-47400.0,2.76
dnarelax,engrailed,57,7,final,,0,-47400.0,2.76
dnarelax,engrailed,58,0,init,,40,,0.9
dnarelax,engrailed,58,1,H-min,,40,,0.9
dnarelax,engrailed,58,2,s0.1,0.1,39,-78500.0,0.21
dnarelax,engrailed,58,3,s0.3,0.3,34,-61200.0,0.73
dnarelax,engrailed,58,4,s0.5,0.5,34,1540000.0,0.73
dnarelax,engrailed,58,5,s0.7,0.7,11,-47000.0,1.88
dnarelax,engrailed,58,6,s1.0,1.0,0,-47200.0,2.73
dnarelax,engrailed,58,7,final,,0,-47200.0,2.73
dnarelax,engrailed,60,0,init,,46,,0.54
dnarelax,engrailed,60,1,H-min,,46,,0.54
dnarelax,engrailed,60,2,s0.1,0.1,58,-103000.0,0.21
dnarelax,engrailed,60,3,s0.3,0.3,50,-61500.0,0.72
dnarelax,engrailed,60,4,s0.5,0.5,45,-48900.0,1.34
dnarelax,engrailed,60,5,s0.7,0.7,19,-47000.0,1.95
dnarelax,engrailed,60,6,s1.0,1.0,0,-47100.0,2.74
dnarelax,engrailed,60,7,final,,0,-47400.0,2.65
dnarelax,engrailed,61,0,init,,71,,0.45
dnarelax,engrailed,61,1,H-min,,71,,0.45
dnarelax,engrailed,61,2,s0.1,0.1,66,-35600.0,0.22
dnarelax,engrailed,61,3,s0.3,0.3,66,1150000000.0,0.22
dnarelax,engrailed,61,4,s0.5,0.5,61,-103000.0,0.96
dnarelax,engrailed,61,5,s0.7,0.7,61,-125000.0,0.96
dnarelax,engrailed,61,6,s1.0,1.0,0,-47200.0,2.62
dnarelax,engrailed,61,7,final,,0,-47400.0,2.63
dnarelax,engrailed,62,0,init,,2,,2.11
dnarelax,engrailed,62,1,H-min,,2,,2.11
dnarelax,engrailed,62,2,s0.1,0.1,2,-33200.0,2.11
dnarelax,engrailed,62,3,s0.3,0.3,2,-33200.0,2.11
dnarelax,engrailed,62,4,s0.5,0.5,2,-33400.0,2.11
dnarelax,engrailed,62,5,s0.7,0.7,3,-45900.0,1.97
dnarelax,engrailed,62,6,s1.0,1.0,0,-47200.0,2.77
dnarelax,engrailed,62,7,final,,0,-47200.0,2.77
dnarelax,engrailed,63,0,init,,35,,0.82
dnarelax,engrailed,63,1,H-min,,35,,0.82
dnarelax,engrailed,63,2,s0.1,0.1,33,-39900.0,0.72
dnarelax,engrailed,63,3,s0.3,0.3,34,-51200.0,0.92
dnarelax,engrailed,63,4,s0.5,0.5,34,135000.0,0.92
dnarelax,engrailed,63,5,s0.7,0.7,19,-45500.0,1.92
dnarelax,engrailed,63,6,s1.0,1.0,0,-46800.0,2.7
dnarelax,engrailed,63,7,final,,0,-47500.0,2.78
dnarelax,engrailed,65,0,init,,19,,1.07
dnarelax,engrailed,65,1,H-min,,19,,1.07
dnarelax,engrailed,65,2,s0.1,0.1,19,-33300.0,1.07
dnarelax,engrailed,65,3,s0.3,0.3,19,-24500.0,1.07
dnarelax,engrailed,65,4,s0.5,0.5,19,4060000.0,1.07
dnarelax,engrailed,65,5,s0.7,0.7,10,-46800.0,1.98
dnarelax,engrailed,65,6,s1.0,1.0,0,-47300.0,2.76
dnarelax,engrailed,65,7,final,,0,-47300.0,2.76
dnarelax,engrailed,67,0,init,,61,,0.68
dnarelax,engrailed,67,1,H-min,,61,,0.68
dnarelax,engrailed,67,2,s0.1,0.1,61,1600.0,0.7
dnarelax,engrailed,67,3,s0.3,0.3,61,1870.0,0.7
dnarelax,engrailed,67,4,s0.5,0.5,61,158000.0,0.7
dnarelax,engrailed,67,5,s0.7,0.7,42,-43800.0,1.57
dnarelax,engrailed,67,6,s1.0,1.0,12,-40100.0,2.29
dnarelax,engrailed,67,7,final,,12,-40400.0,2.29
dnarelax,ets1,1,0,init,,67,,0.84
dnarelax,ets1,1,1,H-min,,67,,0.84
dnarelax,ets1,1,2,s0.1,0.1,67,-16000.0,0.85
dnarelax,ets1,1,3,s0.3,0.3,67,-16000.0,0.85
dnarelax,ets1,1,4,s0.5,0.5,67,-5200.0,0.85
dnarelax,ets1,1,5,s0.7,0.7,67,635000.0,0.85
dnarelax,ets1,1,6,s1.0,1.0,0,-42500.0,2.59
dnarelax,ets1,1,7,final,,0,-42900.0,2.56
dnarelax,ets1,2,0,init,,49,,0.58
dnarelax,ets1,2,1,H-min,,49,,0.58
dnarelax,ets1,2,2,s0.1,0.1,49,-24900.0,0.59
dnarelax,ets1,2,3,s0.3,0.3,49,101000.0,0.59
dnarelax,ets1,2,4,s0.5,0.5,49,58200000.0,0.59
dnarelax,ets1,2,5,s0.7,0.7,26,-41000.0,1.56
dnarelax,ets1,2,6,s1.0,1.0,0,-42700.0,2.59
dnarelax,ets1,2,7,final,,0,-42700.0,2.59
dnarelax,ets1,3,0,init,,62,,0.52
dnarelax,ets1,3,1,H-min,,62,,0.52
dnarelax,ets1,3,2,s0.05,0.05,62,-22600.0,0.54
dnarelax,ets1,3,3,s0.1,0.1,62,-22600.0,0.54
dnarelax,ets1,3,4,s0.2,0.2,62,-22400.0,0.54
dnarelax,ets1,3,5,s0.4,0.4,62,856000.0,0.54
dnarelax,ets1,3,6,s0.7,0.7,37,-43100.0,1.56
dnarelax,ets1,3,7,s1.0,1.0,0,-43000.0,2.59
dnarelax,ets1,3,2,s0.05,0.05,87,-20300.0,0.7
dnarelax,ets1,3,3,s0.1,0.1,87,-20300.0,0.7
dnarelax,ets1,3,4,s0.2,0.2,87,-20300.0,0.7
dnarelax,ets1,3,5,s0.4,0.4,87,22000.0,0.7
dnarelax,ets1,3,6,s0.7,0.7,32,-41000.0,1.55
dnarelax,ets1,3,7,s1.0,1.0,0,-32100.0,2.56
dnarelax,ets1,3,2,s0.05,0.05,50,-27700.0,1.05
dnarelax,ets1,3,3,s0.1,0.1,50,-27700.0,1.05
dnarelax,ets1,3,4,s0.2,0.2,50,-27700.0,1.05
dnarelax,ets1,3,5,s0.4,0.4,50,-29700.0,1.04
dnarelax,ets1,3,6,s0.7,0.7,38,-42900.0,1.55
dnarelax,ets1,3,7,s1.0,1.0,0,-43000.0,2.6
dnarelax,ets1,3,2,s0.05,0.05,42,67400.0,0.87
dnarelax,ets1,3,3,s0.1,0.1,42,67400.0,0.87
dnarelax,ets1,3,4,s0.2,0.2,42,67700.0,0.87
dnarelax,ets1,3,5,s0.4,0.4,42,1460000.0,0.87
dnarelax,ets1,3,6,s0.7,0.7,29,-42900.0,1.55
dnarelax,ets1,3,7,s1.0,1.0,0,-43400.0,2.56
dnarelax,ets1,3,2,s0.05,0.05,72,-21700.0,0.74
dnarelax,ets1,3,3,s0.1,0.1,72,-21700.0,0.74
dnarelax,ets1,3,4,s0.2,0.2,72,-21700.0,0.74
dnarelax,ets1,3,5,s0.4,0.4,72,-19200.0,0.74
dnarelax,ets1,3,6,s0.7,0.7,27,-42700.0,1.56
dnarelax,ets1,3,7,s1.0,1.0,0,-43200.0,2.59
dnarelax,ets1,3,2,s0.05,0.05,48,-3110000.0,0.53
dnarelax,ets1,3,3,s0.1,0.1,48,-8200000.0,0.53
dnarelax,ets1,3,4,s0.2,0.2,48,-58800000.0,0.53
dnarelax,ets1,3,5,s0.4,0.4,48,-69700000.0,0.53
dnarelax,ets1,3,6,s0.7,0.7,48,242000000.0,0.53
dnarelax,ets1,3,7,s1.0,1.0,0,-43100.0,2.63
dnarelax,ets1,3,2,s0.05,0.05,64,-1050000.0,0.1
dnarelax,ets1,3,3,s0.1,0.1,64,7300000.0,0.1
dnarelax,ets1,3,4,s0.2,0.2,64,34300000000.0,0.1
dnarelax,ets1,3,5,s0.4,0.4,64,140000000000000.0,0.1
dnarelax,ets1,3,6,s0.7,0.7,64,1.16e+17,0.1
dnarelax,ets1,3,7,s1.0,1.0,64,8.37e+18,0.1
dnarelax,ets1,3,2,s0.05,0.05,46,-36800.0,0.42
dnarelax,ets1,3,3,s0.1,0.1,46,-41000.0,0.42
dnarelax,ets1,3,4,s0.2,0.2,46,-40500.0,0.42
dnarelax,ets1,3,5,s0.4,0.4,45,-43900.0,0.82
dnarelax,ets1,3,6,s0.7,0.7,45,537000.0,0.82
dnarelax,ets1,3,7,s1.0,1.0,0,-43200.0,2.54
dnarelax,ets1,3,2,s0.05,0.05,60,-20000.0,0.4
dnarelax,ets1,3,3,s0.1,0.1,60,-20000.0,0.4
dnarelax,ets1,3,4,s0.2,0.2,60,-19000.0,0.4
dnarelax,ets1,3,5,s0.4,0.4,60,4150000.0,0.4
dnarelax,ets1,3,6,s0.7,0.7,31,-42200.0,1.57
dnarelax,ets1,3,7,s1.0,1.0,0,-42900.0,2.56
dnarelax,ets1,3,2,s0.05,0.05,51,-23200.0,0.43
dnarelax,ets1,3,3,s0.1,0.1,51,-23200.0,0.43
dnarelax,ets1,3,4,s0.2,0.2,57,-65400.0,0.45
dnarelax,ets1,3,5,s0.4,0.4,57,4710000.0,0.45
dnarelax,ets1,3,6,s0.7,0.7,30,-43300.0,1.56
dnarelax,ets1,3,7,s1.0,1.0,0,-43300.0,2.58
dnarelax,ets1,3,2,s0.05,0.05,45,-20100.0,0.55
dnarelax,ets1,3,3,s0.1,0.1,48,-750000.0,0.3
dnarelax,ets1,3,4,s0.2,0.2,48,-717000.0,0.3
dnarelax,ets1,3,5,s0.4,0.4,48,133000000.0,0.3
dnarelax,ets1,3,6,s0.7,0.7,25,-42300.0,1.55
dnarelax,ets1,3,7,s1.0,1.0,0,-43000.0,2.55
dnarelax,ets1,3,2,s0.05,0.05,46,-3430.0,0.97
dnarelax,ets1,3,3,s0.1,0.1,46,-3430.0,0.97
dnarelax,ets1,3,4,s0.2,0.2,46,-3430.0,0.97
dnarelax,ets1,3,5,s0.4,0.4,46,-13700.0,0.95
dnarelax,ets1,3,6,s0.7,0.7,19,-42500.0,1.55
dnarelax,ets1,3,7,s1.0,1.0,0,-42800.0,2.52
dnarelax,ets1,3,2,s0.05,0.05,52,-46300.0,0.12
dnarelax,ets1,3,3,s0.1,0.1,52,603000.0,0.12
dnarelax,ets1,3,4,s0.2,0.2,52,2660000000.0,0.12
dnarelax,ets1,3,5,s0.4,0.4,52,10900000000000.0,0.12
dnarelax,ets1,3,6,s0.7,0.7,27,-42600.0,1.56
dnarelax,ets1,3,7,s1.0,1.0,0,-43200.0,2.56
dnarelax,ets1,3,2,s0.05,0.05,47,-21600.0,0.27
dnarelax,ets1,3,3,s0.1,0.1,47,-21500.0,0.27
dnarelax,ets1,3,4,s0.2,0.2,50,-651000.0,0.75
dnarelax,ets1,3,2,s0.05,0.05,58,-23900.0,1.09
dnarelax,ets1,3,3,s0.1,0.1,58,-23900.0,1.09
dnarelax,ets1,3,4,s0.2,0.2,55,-40700.0,0.55
dnarelax,ets1,3,5,s0.4,0.4,55,44800.0,0.55
dnarelax,ets1,3,6,s0.7,0.7,31,-43200.0,1.56
dnarelax,ets1,3,7,s1.0,1.0,0,-43200.0,2.58
dnarelax,ets1,3,2,s0.05,0.05,39,-15900.0,0.67
dnarelax,ets1,3,3,s0.1,0.1,39,-15900.0,0.67
dnarelax,ets1,3,4,s0.2,0.2,39,-15900.0,0.67
dnarelax,ets1,3,2,s0.05,0.05,32,-24300.0,0.83
dnarelax,ets1,3,3,s0.1,0.1,32,-24300.0,0.83
dnarelax,ets1,3,4,s0.2,0.2,32,-24300.0,0.83
dnarelax,ets1,3,5,s0.4,0.4,32,-23800.0,0.83
dnarelax,ets1,3,6,s0.7,0.7,15,-43000.0,1.56
dnarelax,ets1,3,7,s1.0,1.0,0,-43400.0,2.53
dnarelax,ets1,3,98,final,,0,-43000.0,2.59
dnarelax,ets1,5,0,init,,49,,0.43
dnarelax,ets1,5,1,H-min,,49,,0.43
dnarelax,ets1,5,2,s0.1,0.1,50,-5890.0,0.44
dnarelax,ets1,5,3,s0.3,0.3,50,27600.0,0.44
dnarelax,ets1,5,4,s0.5,0.5,50,15500000.0,0.44
dnarelax,ets1,5,5,s0.7,0.7,30,-40400.0,1.56
dnarelax,ets1,5,6,s1.0,1.0,0,-42800.0,2.58
dnarelax,ets1,5,7,final,,0,-43100.0,2.58
dnarelax,ets1,6,0,init,,55,,0.44
dnarelax,ets1,6,1,H-min,,55,,0.44
dnarelax,ets1,6,2,s0.1,0.1,56,-20100.0,0.46
dnarelax,ets1,6,3,s0.3,0.3,56,2490.0,0.46
dnarelax,ets1,6,4,s0.5,0.5,55,-34700.0,1.01
dnarelax,ets1,6,5,s0.7,0.7,55,42700.0,1.01
dnarelax,ets1,6,6,s1.0,1.0,0,-43000.0,2.6
dnarelax,ets1,6,7,final,,0,-43000.0,2.6
dnarelax,ets1,7,0,init,,44,,1.0
dnarelax,ets1,7,1,H-min,,44,,1.0
dnarelax,ets1,7,2,s0.1,0.1,48,-51800.0,1.05
dnarelax,ets1,7,3,s0.3,0.3,45,-35900.0,1.03
dnarelax,ets1,7,4,s0.5,0.5,45,588.0,1.03
dnarelax,ets1,7,5,s0.7,0.7,22,-41400.0,1.54
dnarelax,ets1,7,6,s1.0,1.0,0,-42400.0,2.56
dnarelax,ets1,7,7,final,,0,-42600.0,2.59
dnarelax,ets1,8,0,init,,60,,0.79
dnarelax,ets1,8,1,H-min,,60,,0.79
dnarelax,ets1,8,2,s0.1,0.1,60,-24800.0,0.78
dnarelax,ets1,8,3,s0.3,0.3,60,-24800.0,0.78
dnarelax,ets1,8,4,s0.5,0.5,60,-13100.0,0.78
dnarelax,ets1,8,5,s0.7,0.7,31,-41600.0,1.55
dnarelax,ets1,8,6,s1.0,1.0,0,-43000.0,2.57
dnarelax,ets1,8,7,final,,0,-43000.0,2.57
dnarelax,ets1,9,0,init,,47,,0.7
dnarelax,ets1,9,1,H-min,,47,,0.7
dnarelax,ets1,9,2,s0.1,0.1,47,-23400.0,0.72
dnarelax,ets1,9,3,s0.3,0.3,47,-23300.0,0.72
dnarelax,ets1,9,4,s0.5,0.5,47,23900.0,0.72
dnarelax,ets1,9,5,s0.7,0.7,26,-41700.0,1.55
dnarelax,ets1,9,6,s1.0,1.0,0,-43000.0,2.57
dnarelax,ets1,9,7,final,,0,-43100.0,2.56
dnarelax,ets1,10,0,init,,55,,0.54
dnarelax,ets1,10,1,H-min,,55,,0.54
dnarelax,ets1,10,2,s0.1,0.1,56,-46700.0,0.21
dnarelax,ets1,10,3,s0.3,0.3,56,448000000.0,0.21
dnarelax,ets1,10,4,s0.5,0.5,56,206000000000.0,0.21
dnarelax,ets1,10,5,s0.7,0.7,35,-42100.0,1.56
dnarelax,ets1,10,6,s1.0,1.0,0,-43200.0,2.6
dnarelax,ets1,10,7,final,,0,-43400.0,2.57
dnarelax,ets1,12,0,init,,49,,0.59
dnarelax,ets1,12,1,H-min,,49,,0.59
dnarelax,ets1,12,2,s0.1,0.1,49,-22600.0,0.6
dnarelax,ets1,12,3,s0.3,0.3,48,-37000.0,0.67
dnarelax,ets1,12,4,s0.5,0.5,48,95700.0,0.67
dnarelax,ets1,12,5,s0.7,0.7,16,-41500.0,1.57
dnarelax,ets1,12,6,s1.0,1.0,0,-43000.0,2.58
dnarelax,ets1,12,7,final,,0,-43200.0,2.57
dnarelax,ets1,14,0,init,,60,,0.53
dnarelax,ets1,14,1,H-min,,60,,0.53
dnarelax,ets1,14,2,s0.1,0.1,62,-58800.0,0.21
dnarelax,ets1,14,3,s0.3,0.3,62,1540000000.0,0.21
dnarelax,ets1,14,4,s0.5,0.5,49,-33200.0,1.22
dnarelax,ets1,14,5,s0.7,0.7,32,-40800.0,1.59
dnarelax,ets1,14,6,s1.0,1.0,0,-42400.0,2.6
dnarelax,ets1,14,7,final,,0,-42800.0,2.58
dnarelax,ets1,15,0,init,,48,,0.84
dnarelax,ets1,15,1,H-min,,48,,0.84
dnarelax,ets1,15,2,s0.1,0.1,48,-9930.0,0.85
dnarelax,ets1,15,3,s0.3,0.3,48,62100.0,0.85
dnarelax,ets1,15,4,s0.5,0.5,48,33300000.0,0.85
dnarelax,ets1,15,5,s0.7,0.7,30,-41000.0,1.56
dnarelax,ets1,15,6,s1.0,1.0,0,-42700.0,2.58
dnarelax,ets1,15,7,final,,0,-43100.0,2.57
dnarelax,ets1,16,0,init,,47,,0.6
dnarelax,ets1,16,1,H-min,,47,,0.6
dnarelax,ets1,16,2,s0.1,0.1,47,-22200.0,0.61
dnarelax,ets1,16,3,s0.3,0.3,52,-584000.0,0.64
dnarelax,ets1,16,4,s0.5,0.5,52,-387000.0,0.64
dnarelax,ets1,16,5,s0.7,0.7,37,-39400.0,1.56
dnarelax,ets1,16,6,s1.0,1.0,11,-34400.0,2.13
dnarelax,ets1,16,7,final,,11,-34700.0,2.13
dnarelax,ets1,17,0,init,,65,,0.43
dnarelax,ets1,17,1,H-min,,65,,0.43
dnarelax,ets1,17,2,s0.1,0.1,65,-25100.0,0.44
dnarelax,ets1,17,3,s0.3,0.3,65,7890.0,0.44
dnarelax,ets1,17,4,s0.5,0.5,65,15300000.0,0.44
dnarelax,ets1,17,5,s0.7,0.7,26,-41800.0,1.55
dnarelax,ets1,17,6,s1.0,1.0,0,-43200.0,2.57
dnarelax,ets1,17,7,final,,0,-43200.0,2.57
dnarelax,ets1,18,0,init,,80,,0.51
dnarelax,ets1,18,1,H-min,,80,,0.51
dnarelax,ets1,18,2,s0.1,0.1,80,-20100.0,0.54
dnarelax,ets1,18,3,s0.3,0.3,86,-33400.0,0.79
dnarelax,ets1,18,4,s0.5,0.5,86,51100.0,0.79
dnarelax,ets1,18,5,s0.7,0.7,61,-39400.0,1.54
dnarelax,ets1,18,6,s1.0,1.0,11,-33900.0,2.16
dnarelax,ets1,18,7,final,,11,-34300.0,2.16
dnarelax,ets1,19,0,init,,50,,0.88
dnarelax,ets1,19,1,H-min,,50,,0.88
dnarelax,ets1,19,2,s0.1,0.1,50,-38600.0,0.21
dnarelax,ets1,19,3,s0.3,0.3,50,408000000.0,0.21
dnarelax,ets1,19,4,s0.5,0.5,50,187000000000.0,0.21
dnarelax,ets1,19,5,s0.7,0.7,27,-41300.0,1.55
dnarelax,ets1,19,6,s1.0,1.0,0,-42900.0,2.6
dnarelax,ets1,19,7,final,,0,-43100.0,2.6
dnarelax,ets1,20,0,init,,66,,1.13
dnarelax,ets1,20,1,H-min,,66,,1.13
dnarelax,ets1,20,2,s0.1,0.1,64,-21600.0,1.14
dnarelax,ets1,20,3,s0.3,0.3,64,-34800.0,0.98
dnarelax,ets1,20,4,s0.5,0.5,64,49200.0,0.98
dnarelax,ets1,20,5,s0.7,0.7,34,-42000.0,1.56
dnarelax,ets1,20,6,s1.0,1.0,0,-42700.0,2.57
dnarelax,ets1,20,7,final,,0,-43000.0,2.56
dnarelax,ets1,21,0,init,,57,,0.3
dnarelax,ets1,21,1,H-min,,57,,0.3
dnarelax,ets1,21,2,s0.1,0.1,57,-1540.0,0.32
dnarelax,ets1,21,3,s0.3,0.3,57,-12900.0,0.71
dnarelax,ets1,21,4,s0.5,0.5,55,-28500.0,0.94
dnarelax,ets1,21,5,s0.7,0.7,24,-40800.0,1.56
dnarelax,ets1,21,6,s1.0,1.0,0,-42700.0,2.6
dnarelax,ets1,21,7,final,,0,-42700.0,2.6
dnarelax,ets1,22,0,init,,44,,0.1
dnarelax,ets1,22,1,H-min,,44,,0.1
dnarelax,ets1,22,2,s0.1,0.1,44,204000.0,0.13
dnarelax,ets1,22,3,s0.3,0.3,44,122000000000.0,0.13
dnarelax,ets1,22,4,s0.5,0.5,39,-42100.0,1.09
dnarelax,ets1,22,5,s0.7,0.7,39,27700.0,1.09
dnarelax,ets1,22,6,s1.0,1.0,12,-26400.0,2.06
dnarelax,ets1,22,7,final,,11,-26700.0,2.07
dnarelax,ets1,23,0,init,,97,,0.27
dnarelax,ets1,23,1,H-min,,97,,0.27
dnarelax,ets1,23,2,s0.1,0.1,97,-18600.0,0.29
dnarelax,ets1,23,3,s0.3,0.3,97,9510000.0,0.29
dnarelax,ets1,23,4,s0.5,0.5,97,4380000000.0,0.29
dnarelax,ets1,23,5,s0.7,0.7,58,-39000.0,1.55
dnarelax,ets1,23,6,s1.0,1.0,10,-34100.0,2.26
dnarelax,ets1,23,7,final,,10,-34400.0,2.26
dnarelax,ets1,25,0,init,,58,,0.72
dnarelax,ets1,25,1,H-min,,58,,0.72
dnarelax,ets1,25,2,s0.1,0.1,58,-23300.0,0.73
dnarelax,ets1,25,3,s0.3,0.3,58,-23200.0,0.73
dnarelax,ets1,25,4,s0.5,0.5,58,17600.0,0.73
dnarelax,ets1,25,5,s0.7,0.7,28,-41400.0,1.56
dnarelax,ets1,25,6,s1.0,1.0,0,-43000.0,2.59
dnarelax,ets1,25,7,final,,0,-43200.0,2.58
dnarelax,ets1,26,0,init,,47,,0.93
dnarelax,ets1,26,1,H-min,,47,,0.93
dnarelax,ets1,26,2,s0.1,0.1,47,-18400.0,0.94
dnarelax,ets1,26,3,s0.3,0.3,47,-17600.0,0.94
dnarelax,ets1,26,4,s0.5,0.5,47,396000.0,0.94
dnarelax,ets1,26,5,s0.7,0.7,34,-40800.0,1.56
dnarelax,ets1,26,6,s1.0,1.0,0,-42800.0,2.61
dnarelax,ets1,26,7,final,,0,-43100.0,2.62
dnarelax,ets1,29,0,init,,55,,0.83
dnarelax,ets1,29,1,H-min,,55,,0.83
dnarelax,ets1,29,2,s0.1,0.1,55,-23000.0,0.85
dnarelax,ets1,29,3,s0.3,0.3,55,-23000.0,0.85
dnarelax,ets1,29,4,s0.5,0.5,54,-32500.0,1.09
dnarelax,ets1,29,5,s0.7,0.7,35,-39000.0,1.55
dnarelax,ets1,29,6,s1.0,1.0,12,-23900.0,2.21
dnarelax,ets1,29,7,final,,12,-24200.0,2.21
dnarelax,ets1,30,0,init,,65,,0.36
dnarelax,ets1,30,1,H-min,,65,,0.36
dnarelax,ets1,30,2,s0.1,0.1,65,-23800.0,0.38
dnarelax,ets1,30,3,s0.3,0.3,65,177000.0,0.38
dnarelax,ets1,30,4,s0.5,0.5,61,-35000.0,1.35
dnarelax,ets1,30,5,s0.7,0.7,31,-42000.0,1.56
dnarelax,ets1,30,6,s1.0,1.0,0,-43200.0,2.64
dnarelax,ets1,30,7,final,,0,-43400.0,2.61
dnarelax,ets1,31,0,init,,57,,0.65
dnarelax,ets1,31,1,H-min,,57,,0.65
dnarelax,ets1,31,2,s0.1,0.1,57,-114000.0,0.21
dnarelax,ets1,31,3,s0.3,0.3,57,864000000.0,0.21
dnarelax,ets1,31,4,s0.5,0.5,57,397000000000.0,0.21
dnarelax,ets1,31,5,s0.7,0.7,47,-39600.0,1.55
dnarelax,ets1,31,6,s1.0,1.0,12,-34600.0,2.21
dnarelax,ets1,31,7,final,,12,-34900.0,2.21
dnarelax,ets1,32,0,init,,46,,0.76
dnarelax,ets1,32,1,H-min,,46,,0.76
dnarelax,ets1,32,2,s0.1,0.1,44,-24900.0,0.77
dnarelax,ets1,32,3,s0.3,0.3,44,-48900.0,0.77
dnarelax,ets1,32,4,s0.5,0.5,44,-16200.0,0.77
dnarelax,ets1,32,5,s0.7,0.7,26,-40700.0,1.55
dnarelax,ets1,32,6,s1.0,1.0,0,-43300.0,2.54
dnarelax,ets1,32,7,final,,0,-43500.0,2.56
dnarelax,ets1,33,0,init,,62,,0.64
dnarelax,ets1,33,1,H-min,,62,,0.64
dnarelax,ets1,33,2,s0.1,0.1,62,-24200.0,0.65
dnarelax,ets1,33,3,s0.3,0.3,66,-40600.0,0.72
dnarelax,ets1,33,4,s0.5,0.5,66,371000.0,0.72
dnarelax,ets1,33,5,s0.7,0.7,33,-41300.0,1.54
dnarelax,ets1,33,6,s1.0,1.0,0,-42900.0,2.59
dnarelax,ets1,33,7,final,,0,-42900.0,2.59
dnarelax,ets1,34,0,init,,50,,1.1
dnarelax,ets1,34,1,H-min,,50,,1.1
dnarelax,ets1,34,2,s0.1,0.1,48,-42600.0,0.21
dnarelax,ets1,34,3,s0.3,0.3,38,-32900.0,0.81
dnarelax,ets1,34,4,s0.5,0.5,39,-55100.0,0.98
dnarelax,ets1,34,5,s0.7,0.7,39,-787000.0,0.96
dnarelax,ets1,34,6,s1.0,1.0,0,-42200.0,2.56
dnarelax,ets1,34,7,final,,0,-42600.0,2.56
dnarelax,ets1,35,0,init,,65,,0.66
dnarelax,ets1,35,1,H-min,,65,,0.66
dnarelax,ets1,35,2,s0.1,0.1,65,-26300.0,0.68
dnarelax,ets1,35,3,s0.3,0.3,65,-25300.0,0.68
dnarelax,ets1,35,4,s0.5,0.5,62,-121000.0,0.96
dnarelax,ets1,35,5,s0.7,0.7,62,327000.0,0.96
dnarelax,ets1,35,6,s1.0,1.0,0,-43000.0,2.56
dnarelax,ets1,35,7,final,,0,-43200.0,2.55
dnarelax,ets1,36,0,init,,50,,0.71
dnarelax,ets1,36,1,H-min,,50,,0.71
dnarelax,ets1,36,2,s0.1,0.1,51,-22100.0,0.72
dnarelax,ets1,36,3,s0.3,0.3,51,-455.0,0.72
dnarelax,ets1,36,4,s0.5,0.5,51,10100000.0,0.72
dnarelax,ets1,36,5,s0.7,0.7,35,-40700.0,1.56
dnarelax,ets1,36,6,s1.0,1.0,0,-42600.0,2.59
dnarelax,ets1,36,7,final,,0,-42800.0,2.6
dnarelax,ets1,37,0,init,,33,,0.24
dnarelax,ets1,37,1,H-min,,33,,0.24
dnarelax,ets1,37,2,s0.1,0.1,33,-21800.0,0.26
dnarelax,ets1,37,3,s0.3,0.3,33,14700000.0,0.26
dnarelax,ets1,37,4,s0.5,0.5,33,6790000000.0,0.26
dnarelax,ets1,37,5,s0.7,0.7,24,-39900.0,1.55
dnarelax,ets1,37,6,s1.0,1.0,0,-32400.0,2.58
dnarelax,ets1,37,7,final,,0,-32500.0,2.59
dnarelax,ets1,38,0,init,,45,,0.68
dnarelax,ets1,38,1,H-min,,45,,0.68
dnarelax,ets1,38,2,s0.1,0.1,44,-20600.0,0.68
dnarelax,ets1,38,3,s0.3,0.3,48,-46400.0,0.84
dnarelax,ets1,38,4,s0.5,0.5,48,268.0,0.84
dnarelax,ets1,38,5,s0.7,0.7,48,2650000.0,0.84
dnarelax,ets1,38,6,s1.0,1.0,0,-42700.0,2.62
dnarelax,ets1,38,7,final,,0,-43000.0,2.6
dnarelax,ets1,39,0,init,,55,,0.58
dnarelax,ets1,39,1,H-min,,55,,0.58
dnarelax,ets1,39,2,s0.1,0.1,72,-66800.0,0.21
dnarelax,ets1,39,3,s0.3,0.3,72,1960000000.0,0.21
dnarelax,ets1,39,4,s0.5,0.5,72,900000000000.0,0.21
dnarelax,ets1,39,5,s0.7,0.7,39,-40900.0,1.56
dnarelax,ets1,39,6,s1.0,1.0,0,-42800.0,2.54
dnarelax,ets1,39,7,final,,0,-43100.0,2.53
dnarelax,ets1,40,0,init,,43,,0.46
dnarelax,ets1,40,1,H-min,,43,,0.46
dnarelax,ets1,40,2,s0.1,0.1,43,-26300.0,0.47
dnarelax,ets1,40,3,s0.3,0.3,43,-5130.0,0.47
dnarelax,ets1,40,4,s0.5,0.5,43,9860000.0,0.47
dnarelax,ets1,40,5,s0.7,0.7,25,-41800.0,1.52
dnarelax,ets1,40,6,s1.0,1.0,0,-42900.0,2.57
dnarelax,ets1,40,7,final,,0,-42900.0,2.57
dnarelax,ets1,41,0,init,,36,,1.07
dnarelax,ets1,41,1,H-min,,36,,1.07
dnarelax,ets1,41,2,s0.1,0.1,37,-21200.0,1.07
dnarelax,ets1,41,3,s0.3,0.3,37,-21200.0,1.07
dnarelax,ets1,41,4,s0.5,0.5,34,-75200.0,0.96
dnarelax,ets1,41,5,s0.7,0.7,34,-29300.0,0.96
dnarelax,ets1,41,6,s1.0,1.0,0,-42700.0,2.68
dnarelax,ets1,41,7,final,,0,-43100.0,2.59
dnarelax,ets1,42,0,init,,41,,0.57
dnarelax,ets1,42,1,H-min,,41,,0.57
dnarelax,ets1,42,2,s0.1,0.1,41,-25700.0,0.58
dnarelax,ets1,42,3,s0.3,0.3,41,-24500.0,0.58
dnarelax,ets1,42,4,s0.5,0.5,41,553000.0,0.58
dnarelax,ets1,42,5,s0.7,0.7,25,-41500.0,1.56
dnarelax,ets1,42,6,s1.0,1.0,0,-43200.0,2.53
dnarelax,ets1,42,7,final,,0,-43400.0,2.58
dnarelax,ets1,44,0,init,,63,,0.31
dnarelax,ets1,44,1,H-min,,63,,0.31
dnarelax,ets1,44,2,s0.1,0.1,64,17900.0,0.21
dnarelax,ets1,44,3,s0.3,0.3,64,348000000.0,0.21
dnarelax,ets1,44,4,s0.5,0.5,64,160000000000.0,0.21
dnarelax,ets1,44,5,s0.7,0.7,22,-39000.0,1.56
dnarelax,ets1,44,6,s1.0,1.0,0,-32200.0,2.66
dnarelax,ets1,44,7,final,,0,-32700.0,2.65
dnarelax,ets1,45,0,init,,47,,0.44
dnarelax,ets1,45,1,H-min,,47,,0.44
dnarelax,ets1,45,2,s0.1,0.1,47,-27400.0,0.46
dnarelax,ets1,45,3,s0.3,0.3,48,-60800.0,0.65
dnarelax,ets1,45,4,s0.5,0.5,48,-727000.0,0.66
dnarelax,ets1,45,5,s0.7,0.7,29,-42300.0,1.55
dnarelax,ets1,45,6,s1.0,1.0,0,-43100.0,2.55
dnarelax,ets1,45,7,final,,0,-43100.0,2.55
dnarelax,ets1,46,0,init,,67,,0.68
dnarelax,ets1,46,1,H-min,,67,,0.68
dnarelax,ets1,46,2,s0.1,0.1,67,-20100.0,0.69
dnarelax,ets1,46,3,s0.3,0.3,67,-16500.0,0.69
dnarelax,ets1,46,4,s0.5,0.5,66,-196000.0,1.02
dnarelax,ets1,46,5,s0.7,0.7,66,-1720.0,1.02
dnarelax,ets1,46,6,s1.0,1.0,0,-42700.0,2.52
dnarelax,ets1,46,7,final,,0,-43200.0,2.55
dnarelax,ets1,48,0,init,,48,,0.46
dnarelax,ets1,48,1,H-min,,48,,0.46
dnarelax,ets1,48,2,s0.1,0.1,42,-33400.0,0.68
dnarelax,ets1,48,3,s0.3,0.3,41,-145000.0,0.95
dnarelax,ets1,48,4,s0.5,0.5,41,-702000.0,0.95
dnarelax,ets1,48,5,s0.7,0.7,20,-41200.0,1.56
dnarelax,ets1,48,6,s1.0,1.0,0,-43000.0,2.59
dnarelax,ets1,48,7,final,,0,-43000.0,2.59
dnarelax,ets1,49,0,init,,52,,0.86
dnarelax,ets1,49,1,H-min,,52,,0.86
dnarelax,ets1,49,2,s0.1,0.1,51,-18100.0,0.87
dnarelax,ets1,49,3,s0.3,0.3,52,-39700.0,0.72
dnarelax,ets1,49,4,s0.5,0.5,52,-39300.0,1.3
dnarelax,ets1,49,5,s0.7,0.7,25,-41700.0,1.56
dnarelax,ets1,49,6,s1.0,1.0,0,-42800.0,2.57
dnarelax,ets1,49,7,final,,0,-43000.0,2.59
dnarelax,ets1,51,0,init,,44,,0.72
dnarelax,ets1,51,1,H-min,,44,,0.72
dnarelax,ets1,51,2,s0.1,0.1,47,-39000.0,0.21
dnarelax,ets1,51,3,s0.3,0.3,47,419000000.0,0.21
dnarelax,ets1,51,4,s0.5,0.5,47,193000000000.0,0.21
dnarelax,ets1,51,5,s0.7,0.7,35,-41700.0,1.54
dnarelax,ets1,51,6,s1.0,1.0,0,-42600.0,2.56
dnarelax,ets1,51,7,final,,0,-43100.0,2.57
dnarelax,ets1,52,0,init,,36,,0.36
dnarelax,ets1,52,1,H-min,,36,,0.36
dnarelax,ets1,52,2,s0.1,0.1,36,-30000.0,0.36
dnarelax,ets1,52,3,s0.3,0.3,34,-34000.0,1.08
dnarelax,ets1,52,4,s0.5,0.5,35,-60100.0,0.97
dnarelax,ets1,52,5,s0.7,0.7,35,-526000.0,0.96
dnarelax,ets1,52,6,s1.0,1.0,0,-43200.0,2.56
dnarelax,ets1,52,7,final,,0,-43400.0,2.57
dnarelax,ets1,53,0,init,,53,,0.73
dnarelax,ets1,53,1,H-min,,53,,0.73
dnarelax,ets1,53,2,s0.1,0.1,53,39500.0,0.73
dnarelax,ets1,53,3,s0.3,0.3,53,39600.0,0.73
dnarelax,ets1,53,4,s0.5,0.5,53,83600.0,0.73
dnarelax,ets1,53,5,s0.7,0.7,35,-40700.0,1.55
dnarelax,ets1,53,6,s1.0,1.0,0,-43000.0,2.6
dnarelax,ets1,53,7,final,,0,-43200.0,2.59
dnarelax,ets1,54,0,init,,48,,0.85
dnarelax,ets1,54,1,H-min,,48,,0.85
dnarelax,ets1,54,2,s0.1,0.1,49,-29000.0,0.91
dnarelax,ets1,54,3,s0.3,0.3,49,-31400.0,0.91
dnarelax,ets1,54,4,s0.5,0.5,49,-27000.0,0.91
dnarelax,ets1,54,5,s0.7,0.7,32,-40800.0,1.56
dnarelax,ets1,54,6,s1.0,1.0,0,-42800.0,2.62
dnarelax,ets1,54,7,final,,0,-42800.0,2.61
dnarelax,ets1,55,0,init,,49,,0.79
dnarelax,ets1,55,1,H-min,,49,,0.79
dnarelax,ets1,55,2,s0.1,0.1,53,-34700.0,0.94
dnarelax,ets1,55,3,s0.3,0.3,53,-34800.0,0.94
dnarelax,ets1,55,4,s0.5,0.5,53,-32500.0,0.94
dnarelax,ets1,55,5,s0.7,0.7,34,-42200.0,1.56
dnarelax,ets1,55,6,s1.0,1.0,0,-42600.0,2.55
dnarelax,ets1,55,7,final,,0,-42600.0,2.55
dnarelax,ets1,56,0,init,,42,,1.28
dnarelax,ets1,56,1,H-min,,42,,1.28
dnarelax,ets1,56,2,s0.1,0.1,41,-21400.0,1.28
dnarelax,ets1,56,3,s0.3,0.3,41,-21400.0,1.28
dnarelax,ets1,56,4,s0.5,0.5,41,-21500.0,1.28
dnarelax,ets1,56,5,s0.7,0.7,20,-41300.0,1.56
dnarelax,ets1,56,6,s1.0,1.0,0,-43100.0,2.57
dnarelax,ets1,56,7,final,,0,-43400.0,2.58
dnarelax,ets1,57,0,init,,52,,0.45
dnarelax,ets1,57,1,H-min,,52,,0.45
dnarelax,ets1,57,2,s0.1,0.1,55,-37600.0,0.22
dnarelax,ets1,57,3,s0.3,0.3,51,-34800.0,0.78
dnarelax,ets1,57,4,s0.5,0.5,53,-108000.0,0.97
dnarelax,ets1,57,5,s0.7,0.7,53,11000.0,0.97
dnarelax,ets1,57,6,s1.0,1.0,0,-42900.0,2.79
dnarelax,ets1,57,7,final,,0,-43200.0,2.6
dnarelax,ets1,59,0,init,,49,,0.35
dnarelax,ets1,59,1,H-min,,49,,0.35
dnarelax,ets1,59,2,s0.1,0.1,48,-22200.0,0.39
dnarelax,ets1,59,3,s0.3,0.3,48,144000.0,0.39
dnarelax,ets1,59,4,s0.5,0.5,48,76500000.0,0.39
dnarelax,ets1,59,5,s0.7,0.7,30,-41600.0,1.56
dnarelax,ets1,59,6,s1.0,1.0,0,-43200.0,2.57
dnarelax,ets1,59,7,final,,0,-43400.0,2.56
dnarelax,ets1,60,0,init,,51,,0.73
dnarelax,ets1,60,1,H-min,,51,,0.73
dnarelax,ets1,60,2,s0.1,0.1,52,-46400.0,0.21
dnarelax,ets1,60,3,s0.3,0.3,52,749000000.0,0.21
dnarelax,ets1,60,4,s0.5,0.5,52,344000000000.0,0.21
dnarelax,ets1,60,5,s0.7,0.7,22,-40800.0,1.56
dnarelax,ets1,60,6,s1.0,1.0,0,-42800.0,2.58
dnarelax,ets1,60,7,final,,0,-43200.0,2.57
dnarelax,ets1,61,0,init,,46,,0.62
dnarelax,ets1,61,1,H-min,,46,,0.62
dnarelax,ets1,61,2,s0.1,0.1,46,-21900.0,0.63
dnarelax,ets1,61,3,s0.3,0.3,46,-21400.0,0.63
dnarelax,ets1,61,4,s0.5,0.5,37,-40600.0,1.45
dnarelax,ets1,61,5,s0.7,0.7,30,-39100.0,1.56
dnarelax,ets1,61,6,s1.0,1.0,0,-42800.0,2.59
dnarelax,ets1,61,7,final,,0,-43200.0,2.57
dnarelax,ets1,62,0,init,,41,,0.7
dnarelax,ets1,62,1,H-min,,41,,0.7
dnarelax,ets1,62,2,s0.1,0.1,41,-22800.0,0.71
dnarelax,ets1,62,3,s0.3,0.3,41,-22700.0,0.71
dnarelax,ets1,62,4,s0.5,0.5,38,-31000.0,1.08
dnarelax,ets1,62,5,s0.7,0.7,33,-41600.0,1.56
dnarelax,ets1,62,6,s1.0,1.0,0,-43100.0,2.58
dnarelax,ets1,62,7,final,,0,-43300.0,2.59
dnarelax,ets1,64,0,init,,67,,0.71
dnarelax,ets1,64,1,H-min,,67,,0.71
dnarelax,ets1,64,2,s0.1,0.1,67,-22900.0,0.72
dnarelax,ets1,64,3,s0.3,0.3,67,-22800.0,0.72
dnarelax,ets1,64,4,s0.5,0.5,67,21600.0,0.72
dnarelax,ets1,64,5,s0.7,0.7,23,-41500.0,1.56
dnarelax,ets1,64,6,s1.0,1.0,0,-43100.0,2.57
dnarelax,ets1,64,7,final,,0,-43300.0,2.57
dnarelax,ets1,65,0,init,,60,,0.6
dnarelax,ets1,65,1,H-min,,60,,0.6
dnarelax,ets1,65,2,s0.1,0.1,78,-78700.0,0.21
dnarelax,ets1,65,3,s0.3,0.3,72,-72800.0,0.71
dnarelax,ets1,65,4,s0.5,0.5,72,400000.0,0.71
dnarelax,ets1,65,5,s0.7,0.7,36,-40800.0,1.57
dnarelax,ets1,65,6,s1.0,1.0,0,-42500.0,2.62
dnarelax,ets1,65,7,final,,0,-42900.0,2.61
dnarelax,ets1,66,0,init,,38,,0.71
dnarelax,ets1,66,1,H-min,,38,,0.71
dnarelax,ets1,66,2,s0.1,0.1,38,-26000.0,0.71
dnarelax,ets1,66,3,s0.3,0.3,38,-26000.0,0.71
dnarelax,ets1,66,4,s0.5,0.5,38,29700.0,0.71
dnarelax,ets1,66,5,s0.7,0.7,23,-41100.0,1.56
dnarelax,ets1,66,6,s1.0,1.0,0,-43200.0,2.56
dnarelax,ets1,66,7,final,,0,-43300.0,2.56
dnarelax,ets1,67,0,init,,52,,0.88
dnarelax,ets1,67,1,H-min,,52,,0.88
dnarelax,ets1,67,2,s0.1,0.1,52,-23700.0,0.89
dnarelax,ets1,67,3,s0.3,0.3,37,-39300.0,0.86
dnarelax,ets1,67,4,s0.5,0.5,30,-37300.0,1.44
dnarelax,ets1,67,5,s0.7,0.7,23,-41500.0,1.55
dnarelax,ets1,67,6,s1.0,1.0,0,-42900.0,2.59
dnarelax,ets1,67,7,final,,0,-43000.0,2.58
dnarelax,ets1,69,0,init,,34,,0.75
dnarelax,ets1,69,1,H-min,,34,,0.75
dnarelax,ets1,69,2,s0.1,0.1,33,-19000.0,0.75
dnarelax,ets1,69,3,s0.3,0.3,33,-19000.0,0.75
dnarelax,ets1,69,4,s0.5,0.5,33,-253.0,0.75
dnarelax,ets1,69,5,s0.7,0.7,26,-40800.0,1.56
dnarelax,ets1,69,6,s1.0,1.0,0,-42800.0,2.6
dnarelax,ets1,69,7,final,,0,-42800.0,2.6
dnarelax,ets1,70,0,init,,45,,0.73
dnarelax,ets1,70,1,H-min,,45,,0.73
dnarelax,ets1,70,2,s0.1,0.1,45,-23000.0,0.74
dnarelax,ets1,70,3,s0.3,0.3,50,-651000.0,0.84
dnarelax,ets1,70,4,s0.5,0.5,50,-644000.0,0.84
dnarelax,ets1,70,5,s0.7,0.7,50,-199000.0,0.84
dnarelax,ets1,70,6,s1.0,1.0,0,-42900.0,2.62
dnarelax,ets1,70,7,final,,0,-43100.0,2.6
dnarelax,ets1,71,0,init,,65,,0.63
dnarelax,ets1,71,1,H-min,,65,,0.63
dnarelax,ets1,71,2,s0.1,0.1,65,-22000.0,0.64
dnarelax,ets1,71,3,s0.3,0.3,65,-21600.0,0.64
dnarelax,ets1,71,4,s0.5,0.5,65,196000.0,0.64
dnarelax,ets1,71,5,s0.7,0.7,39,-41700.0,1.55
dnarelax,ets1,71,6,s1.0,1.0,0,-42700.0,2.56
dnarelax,ets1,71,7,final,,0,-43000.0,2.56
dnarelax,ets1,72,0,init,,50,,0.96
dnarelax,ets1,72,1,H-min,,50,,0.96
dnarelax,ets1,72,2,s0.1,0.1,50,-21500.0,0.96
dnarelax,ets1,72,3,s0.3,0.3,50,-21500.0,0.96
dnarelax,ets1,72,4,s0.5,0.5,50,-18000.0,0.96
dnarelax,ets1,72,5,s0.7,0.7,26,-41400.0,1.55
dnarelax,ets1,72,6,s1.0,1.0,0,-42900.0,2.6
dnarelax,ets1,72,7,final,,0,-43100.0,2.59
dnarelax,lef1,1,0,init,,193,,0.36
dnarelax,lef1,1,1,H-min,,193,,0.36
dnarelax,lef1,1,2,s0.1,0.1,193,-19300.0,0.4
dnarelax,lef1,1,3,s0.3,0.3,193,185000.0,0.4
dnarelax,lef1,1,4,s0.5,0.5,193,94500000.0,0.4
dnarelax,lef1,1,5,s0.7,0.7,115,-38500.0,1.53
dnarelax,lef1,1,6,s1.0,1.0,20,-29300.0,2.13
dnarelax,lef1,1,7,final,,20,-30100.0,2.13
dnarelax,lef1,2,0,init,,128,,0.35
dnarelax,lef1,2,1,H-min,,128,,0.35
dnarelax,lef1,2,2,s0.1,0.1,128,-25500.0,0.35
dnarelax,lef1,2,3,s0.3,0.3,116,-36000.0,0.76
dnarelax,lef1,2,4,s0.5,0.5,116,84200.0,0.76
dnarelax,lef1,2,5,s0.7,0.7,66,-38700.0,1.63
dnarelax,lef1,2,6,s1.0,1.0,30,-24400.0,2.12
dnarelax,lef1,2,7,final,,30,-24500.0,2.12
dnarelax,lef1,3,0,init,,197,,0.11
dnarelax,lef1,3,1,H-min,,197,,0.11
dnarelax,lef1,3,2,s0.1,0.1,199,1810000000.0,0.06
dnarelax,lef1,3,3,s0.3,0.3,192,-2150.0,0.64
dnarelax,lef1,3,4,s0.5,0.5,192,173000.0,0.64
dnarelax,lef1,3,5,s0.7,0.7,68,-39800.0,1.54
dnarelax,lef1,3,6,s1.0,1.0,0,-41400.0,2.55
dnarelax,lef1,3,7,final,,0,-41800.0,2.56
dnarelax,lef1,4,0,init,,556,,0.17
dnarelax,lef1,4,1,H-min,,556,,0.17
dnarelax,lef1,4,2,s0.1,0.1,553,8600.0,0.21
dnarelax,lef1,4,3,s0.3,0.3,553,258000000.0,0.21
dnarelax,lef1,4,4,s0.5,0.5,493,-17700.0,1.07
dnarelax,lef1,4,5,s0.7,0.7,316,-27500.0,1.58
dnarelax,lef1,4,6,s1.0,1.0,20,-13700.0,2.2
dnarelax,lef1,4,7,final,,20,-17800.0,2.19
dnarelax,lef1,5,0,init,,564,,0.36
dnarelax,lef1,5,1,H-min,,564,,0.36
dnarelax,lef1,5,2,s0.05,0.05,562,3430.0,0.33
dnarelax,lef1,5,3,s0.1,0.1,568,-136000.0,0.21
dnarelax,lef1,5,4,s0.2,0.2,568,50500000.0,0.21
dnarelax,lef1,5,2,s0.05,0.05,225,12500.0,0.41
dnarelax,lef1,5,3,s0.1,0.1,225,12500.0,0.41
dnarelax,lef1,5,4,s0.2,0.2,225,12900.0,0.41
dnarelax,lef1,5,5,s0.4,0.4,225,1990000.0,0.41
dnarelax,lef1,5,6,s0.7,0.7,55,-41600.0,1.53
dnarelax,lef1,5,7,s1.0,1.0,0,-42300.0,2.64
dnarelax,lef1,5,2,s0.05,0.05,432,-39600.0,0.1
dnarelax,lef1,5,3,s0.1,0.1,432,3320000.0,0.1
dnarelax,lef1,5,2,s0.05,0.05,213,239000.0,0.2
dnarelax,lef1,5,3,s0.1,0.1,213,240000.0,0.2
dnarelax,lef1,5,4,s0.2,0.2,213,4800000.0,0.2
dnarelax,lef1,5,5,s0.4,0.4,213,18700000000.0,0.2
dnarelax,lef1,5,6,s0.7,0.7,61,-41700.0,1.61
dnarelax,lef1,5,7,s1.0,1.0,0,-42300.0,2.64
dnarelax,lef1,5,2,s0.05,0.05,270,-14300.0,0.35
dnarelax,lef1,5,3,s0.1,0.1,270,-14300.0,0.35
dnarelax,lef1,5,4,s0.2,0.2,270,-8420.0,0.35
dnarelax,lef1,5,5,s0.4,0.4,270,24800000.0,0.35
dnarelax,lef1,5,6,s0.7,0.7,132,-36800.0,1.57
dnarelax,lef1,5,7,s1.0,1.0,32,-17000.0,2.14
dnarelax,lef1,5,2,s0.05,0.05,198,-16900.0,0.34
dnarelax,lef1,5,3,s0.1,0.1,198,-16900.0,0.34
dnarelax,lef1,5,4,s0.2,0.2,198,-8840.0,0.34
dnarelax,lef1,5,5,s0.4,0.4,198,33600000.0,0.34
dnarelax,lef1,5,6,s0.7,0.7,108,-38500.0,1.61
dnarelax,lef1,5,7,s1.0,1.0,29,-23600.0,2.13
dnarelax,lef1,5,2,s0.05,0.05,45,-84800.0,0.11
dnarelax,lef1,5,3,s0.1,0.1,51,-82100.0,0.2
dnarelax,lef1,5,4,s0.2,0.2,50,-72700.0,0.45
dnarelax,lef1,5,5,s0.4,0.4,35,-40100.0,0.97
dnarelax,lef1,5,6,s0.7,0.7,22,-43100.0,1.55
dnarelax,lef1,5,7,s1.0,1.0,0,-43100.0,2.67
dnarelax,lef1,5,2,s0.05,0.05,135,-89300.0,0.1
dnarelax,lef1,5,3,s0.1,0.1,135,23000000.0,0.1
dnarelax,lef1,5,4,s0.2,0.2,130,-48400.0,0.44
dnarelax,lef1,5,5,s0.4,0.4,125,-38800.0,0.85
dnarelax,lef1,5,6,s0.7,0.7,78,-34100.0,1.73
dnarelax,lef1,5,7,s1.0,1.0,0,-42600.0,2.77
dnarelax,lef1,5,2,s0.05,0.05,194,-20100.0,0.24
dnarelax,lef1,5,3,s0.1,0.1,194,-20000.0,0.24
dnarelax,lef1,5,4,s0.2,0.2,194,631000.0,0.24
dnarelax,lef1,5,5,s0.4,0.4,194,2670000000.0,0.24
dnarelax,lef1,5,6,s0.7,0.7,70,-40500.0,1.62
dnarelax,lef1,5,7,s1.0,1.0,0,-40800.0,2.64
dnarelax,lef1,5,2,s0.05,0.05,227,-19600.0,0.34
dnarelax,lef1,5,3,s0.1,0.1,224,-68900.0,0.22
dnarelax,lef1,5,4,s0.2,0.2,224,13300000.0,0.22
dnarelax,lef1,5,5,s0.4,0.4,224,55000000000.0,0.22
dnarelax,lef1,5,6,s0.7,0.7,124,-39300.0,1.66
dnarelax,lef1,5,7,s1.0,1.0,19,-30300.0,2.13
dnarelax,lef1,5,2,s0.05,0.05,249,6740.0,0.33
dnarelax,lef1,5,3,s0.1,0.1,249,6740.0,0.33
dnarelax,lef1,5,4,s0.2,0.2,249,20300.0,0.33
dnarelax,lef1,5,2,s0.05,0.05,310,-800000.0,0.12
dnarelax,lef1,5,3,s0.1,0.1,310,-35800.0,0.12
dnarelax,lef1,5,4,s0.2,0.2,364,-84100.0,0.46
dnarelax,lef1,5,5,s0.4,0.4,364,29100000.0,0.46
dnarelax,lef1,5,6,s0.7,0.7,124,-39600.0,1.66
dnarelax,lef1,5,7,s1.0,1.0,21,-25200.0,2.16
dnarelax,lef1,5,64,final,,0,-42400.0,2.64
dnarelax,lef1,6,0,init,,97,,0.5
dnarelax,lef1,6,1,H-min,,97,,0.5
dnarelax,lef1,6,2,s0.1,0.1,97,-24500.0,0.54
dnarelax,lef1,6,3,s0.3,0.3,83,-40800.0,0.75
dnarelax,lef1,6,4,s0.5,0.5,83,241000.0,0.75
dnarelax,lef1,6,5,s0.7,0.7,41,-41400.0,1.56
dnarelax,lef1,6,6,s1.0,1.0,0,-42300.0,2.57
dnarelax,lef1,6,7,final,,0,-42300.0,2.57
dnarelax,lef1,7,0,init,,391,,0.23
dnarelax,lef1,7,1,H-min,,391,,0.23
dnarelax,lef1,7,2,s0.1,0.1,412,-147000.0,0.21
dnarelax,lef1,7,3,s0.3,0.3,396,-61500.0,0.71
dnarelax,lef1,7,4,s0.5,0.5,396,2210000.0,0.71
dnarelax,lef1,7,5,s0.7,0.7,153,-37600.0,1.8
dnarelax,lef1,7,6,s1.0,1.0,0,-39900.0,2.56
dnarelax,lef1,7,7,final,,0,-41100.0,2.51
dnarelax,lef1,9,0,init,,137,,0.41
dnarelax,lef1,9,1,H-min,,137,,0.41
dnarelax,lef1,9,2,s0.1,0.1,156,-78300.0,0.21
dnarelax,lef1,9,3,s0.3,0.3,156,2630000000.0,0.21
dnarelax,lef1,9,4,s0.5,0.5,156,1210000000000.0,0.21
dnarelax,lef1,9,5,s0.7,0.7,63,-40600.0,1.68
dnarelax,lef1,9,6,s1.0,1.0,0,-41500.0,2.63
dnarelax,lef1,9,7,final,,0,-42100.0,2.69
dnarelax,lef1,11,0,init,,171,,0.52
dnarelax,lef1,11,1,H-min,,171,,0.52
dnarelax,lef1,11,2,s0.1,0.1,170,-21100.0,0.55
dnarelax,lef1,11,3,s0.3,0.3,170,-19000.0,0.55
dnarelax,lef1,11,4,s0.5,0.5,170,1000000.0,0.55
dnarelax,lef1,11,5,s0.7,0.7,73,-38200.0,1.56
dnarelax,lef1,11,6,s1.0,1.0,10,-32800.0,2.2
dnarelax,lef1,11,7,final,,10,-33200.0,2.2
dnarelax,lef1,12,0,init,,102,,0.66
dnarelax,lef1,12,1,H-min,,102,,0.66
dnarelax,lef1,12,2,s0.1,0.1,102,-18700.0,0.66
dnarelax,lef1,12,3,s0.3,0.3,96,-34200.0,0.66
dnarelax,lef1,12,4,s0.5,0.5,96,56500.0,0.66
dnarelax,lef1,12,5,s0.7,0.7,30,-41100.0,1.55
dnarelax,lef1,12,6,s1.0,1.0,0,-42000.0,2.58
dnarelax,lef1,12,7,final,,0,-42800.0,2.6
dnarelax,lef1,13,0,init,,243,,0.15
dnarelax,lef1,13,1,H-min,,243,,0.15
dnarelax,lef1,13,2,s0.1,0.1,243,-12100.0,0.21
dnarelax,lef1,13,3,s0.3,0.3,226,-29700.0,0.67
dnarelax,lef1,13,4,s0.5,0.5,217,-270000.0,0.96
dnarelax,lef1,13,5,s0.7,0.7,217,-151000.0,0.96
dnarelax,lef1,13,6,s1.0,1.0,34,-19500.0,2.16
dnarelax,lef1,13,7,final,,34,-20200.0,2.16
dnarelax,lef1,14,0,init,,172,,0.32
dnarelax,lef1,14,1,H-min,,172,,0.32
dnarelax,lef1,14,2,s0.1,0.1,168,-54800.0,0.21
dnarelax,lef1,14,3,s0.3,0.3,168,1260000000.0,0.21
dnarelax,lef1,14,4,s0.5,0.5,141,-34400.0,1.34
dnarelax,lef1,14,5,s0.7,0.7,88,-39500.0,1.55
dnarelax,lef1,14,6,s1.0,1.0,0,-41500.0,2.53
dnarelax,lef1,14,7,final,,0,-42000.0,2.64
dnarelax,lef1,15,0,init,,910,,0.27
dnarelax,lef1,15,1,H-min,,910,,0.27
dnarelax,lef1,15,2,s0.1,0.1,907,78500.0,0.27
dnarelax,lef1,15,3,s0.3,0.3,907,9790000.0,0.27
dnarelax,lef1,15,4,s0.5,0.5,907,4470000000.0,0.27
dnarelax,lef1,15,5,s0.7,0.7,907,253000000000.0,0.27
dnarelax,lef1,15,6,s1.0,1.0,66,12100.0,2.23
dnarelax,lef1,15,7,final,,66,7310.0,2.22
dnarelax,lef1,16,0,init,,401,,0.4
dnarelax,lef1,16,1,H-min,,401,,0.4
dnarelax,lef1,16,2,s0.1,0.1,401,80.0,0.39
dnarelax,lef1,16,3,s0.3,0.3,400,-41000.0,0.73
dnarelax,lef1,16,4,s0.5,0.5,400,634000.0,0.73
dnarelax,lef1,16,5,s0.7,0.7,179,-34600.0,1.66
dnarelax,lef1,16,6,s1.0,1.0,10,-31100.0,2.15
dnarelax,lef1,16,7,final,,10,-33000.0,2.16
dnarelax,lef1,17,0,init,,261,,0.4
dnarelax,lef1,17,1,H-min,,261,,0.4
dnarelax,lef1,17,2,s0.1,0.1,260,-14900.0,0.48
dnarelax,lef1,17,3,s0.3,0.3,245,-57100.0,0.58
dnarelax,lef1,17,4,s0.5,0.5,194,-4790000.0,1.24
dnarelax,lef1,17,5,s0.7,0.7,194,-12600000.0,1.24
dnarelax,lef1,17,6,s1.0,1.0,194,-11900000.0,1.24
dnarelax,lef1,17,7,final,,194,-11900000.0,1.24
dnarelax,lef1,18,0,init,,225,,0.44
dnarelax,lef1,18,1,H-min,,225,,0.44
dnarelax,lef1,18,2,s0.1,0.1,225,-14900.0,0.47
dnarelax,lef1,18,3,s0.3,0.3,225,12400.0,0.47
dnarelax,lef1,18,4,s0.5,0.5,225,12700000.0,0.47
dnarelax,lef1,18,5,s0.7,0.7,97,-37500.0,1.68
dnarelax,lef1,18,6,s1.0,1.0,20,-27400.0,2.2
dnarelax,lef1,18,7,final,,20,-27900.0,2.19
dnarelax,lef1,19,0,init,,299,,0.22
dnarelax,lef1,19,1,H-min,,299,,0.22
dnarelax,lef1,19,2,s0.1,0.1,300,-13500.0,0.23
dnarelax,lef1,19,3,s0.3,0.3,300,262000000.0,0.23
dnarelax,lef1,19,4,s0.5,0.5,300,120000000000.0,0.23
dnarelax,lef1,19,5,s0.7,0.7,118,-37700.0,1.59
dnarelax,lef1,19,6,s1.0,1.0,10,-33400.0,2.24
dnarelax,lef1,19,7,final,,10,-34000.0,2.24
dnarelax,lef1,20,0,init,,136,,0.32
dnarelax,lef1,20,1,H-min,,136,,0.32
dnarelax,lef1,20,2,s0.1,0.1,136,-23700.0,0.28
dnarelax,lef1,20,3,s0.3,0.3,136,5710000.0,0.28
dnarelax,lef1,20,4,s0.5,0.5,136,2630000000.0,0.28
dnarelax,lef1,20,5,s0.7,0.7,67,-39100.0,1.68
dnarelax,lef1,20,6,s1.0,1.0,10,-33000.0,2.14
dnarelax,lef1,20,7,final,,10,-33300.0,2.14
dnarelax,lef1,22,0,init,,188,,0.4
dnarelax,lef1,22,1,H-min,,188,,0.4
dnarelax,lef1,22,2,s0.1,0.1,190,-19100.0,0.39
dnarelax,lef1,22,3,s0.3,0.3,190,250000.0,0.39
dnarelax,lef1,22,4,s0.5,0.5,190,124000000.0,0.39
dnarelax,lef1,22,5,s0.7,0.7,120,-37900.0,1.57
dnarelax,lef1,22,6,s1.0,1.0,11,-31000.0,2.02
dnarelax,lef1,22,7,final,,10,-32200.0,2.02
dnarelax,lef1,23,0,init,,230,,0.13
dnarelax,lef1,23,1,H-min,,230,,0.13
dnarelax,lef1,23,2,s0.1,0.1,228,2730000.0,0.1
dnarelax,lef1,23,3,s0.3,0.3,220,-21600.0,0.73
dnarelax,lef1,23,4,s0.5,0.5,207,-27500.0,1.02
dnarelax,lef1,23,5,s0.7,0.7,125,-35900.0,1.63
dnarelax,lef1,23,6,s1.0,1.0,18,-26600.0,2.2
dnarelax,lef1,23,7,final,,18,-28400.0,2.21
dnarelax,lef1,24,0,init,,229,,0.25
dnarelax,lef1,24,1,H-min,,229,,0.25
dnarelax,lef1,24,2,s0.1,0.1,229,-16600.0,0.25
dnarelax,lef1,24,3,s0.3,0.3,229,15800000.0,0.25
dnarelax,lef1,24,4,s0.5,0.5,229,7250000000.0,0.25
dnarelax,lef1,24,5,s0.7,0.7,93,-38900.0,1.65
dnarelax,lef1,24,6,s1.0,1.0,22,-26000.0,2.21
dnarelax,lef1,24,7,final,,22,-26500.0,2.2
dnarelax,lef1,25,0,init,,81,,0.56
dnarelax,lef1,25,1,H-min,,81,,0.56
dnarelax,lef1,25,2,s0.1,0.1,80,-1640000.0,0.26
dnarelax,lef1,25,3,s0.3,0.3,78,-52600.0,0.76
dnarelax,lef1,25,4,s0.5,0.5,63,-43100.0,1.4
dnarelax,lef1,25,5,s0.7,0.7,25,-41700.0,1.65
dnarelax,lef1,25,6,s1.0,1.0,0,-42500.0,2.76
dnarelax,lef1,25,7,final,,0,-42800.0,2.75
dnarelax,lef1,26,0,init,,270,,0.5
dnarelax,lef1,26,1,H-min,,270,,0.5
dnarelax,lef1,26,2,s0.1,0.1,269,-16800.0,0.5
dnarelax,lef1,26,3,s0.3,0.3,269,-7230.0,0.5
dnarelax,lef1,26,4,s0.5,0.5,243,-55700.0,0.96
dnarelax,lef1,26,5,s0.7,0.7,150,-37400.0,1.63
dnarelax,lef1,26,6,s1.0,1.0,12,-30700.0,2.1
dnarelax,lef1,26,7,final,,12,-32700.0,2.11
dnarelax,lef1,28,0,init,,179,,0.36
dnarelax,lef1,28,1,H-min,,179,,0.36
dnarelax,lef1,28,2,s0.1,0.1,179,-21300.0,0.38
dnarelax,lef1,28,3,s0.3,0.3,176,-46500.0,0.64
dnarelax,lef1,28,4,s0.5,0.5,176,365000.0,0.64
dnarelax,lef1,28,5,s0.7,0.7,176,23500000.0,0.64
dnarelax,lef1,28,6,s1.0,1.0,12,-35400.0,2.18
dnarelax,lef1,28,7,final,,12,-36200.0,2.19
dnarelax,lef1,29,0,init,,289,,0.2
dnarelax,lef1,29,1,H-min,,289,,0.2
dnarelax,lef1,29,2,s0.1,0.1,281,273000.0,0.2
dnarelax,lef1,29,3,s0.3,0.3,269,-24800.0,0.7
dnarelax,lef1,29,4,s0.5,0.5,269,271000.0,0.7
dnarelax,lef1,29,5,s0.7,0.7,141,-34800.0,1.68
dnarelax,lef1,29,6,s1.0,1.0,20,-22200.0,2.17
dnarelax,lef1,29,7,final,,19,-23000.0,2.2
dnarelax,lef1,30,0,init,,140,,0.51
dnarelax,lef1,30,1,H-min,,140,,0.51
dnarelax,lef1,30,2,s0.1,0.1,140,-19600.0,0.51
dnarelax,lef1,30,3,s0.3,0.3,140,-14900.0,0.51
dnarelax,lef1,30,4,s0.5,0.5,140,2220000.0,0.51
dnarelax,lef1,30,5,s0.7,0.7,140,127000000.0,0.51
dnarelax,lef1,30,6,s1.0,1.0,0,-41700.0,2.6
dnarelax,lef1,30,7,final,,0,-42400.0,2.64
dnarelax,lef1,31,0,init,,433,,0.34
dnarelax,lef1,31,1,H-min,,433,,0.34
dnarelax,lef1,31,2,s0.1,0.1,414,-142000.0,0.2
dnarelax,lef1,31,3,s0.3,0.3,414,785000000.0,0.2
dnarelax,lef1,31,4,s0.5,0.5,410,358000.0,0.76
dnarelax,lef1,31,5,s0.7,0.7,170,-35000.0,1.58
dnarelax,lef1,31,6,s1.0,1.0,28,-20100.0,2.17
dnarelax,lef1,31,7,final,,28,-21100.0,2.18
dnarelax,lef1,32,0,init,,280,,0.4
dnarelax,lef1,32,1,H-min,,280,,0.4
dnarelax,lef1,32,2,s0.1,0.1,278,-9200.0,0.42
dnarelax,lef1,32,3,s0.3,0.3,278,58200.0,0.42
dnarelax,lef1,32,4,s0.5,0.5,278,31200000.0,0.42
dnarelax,lef1,32,5,s0.7,0.7,112,-39700.0,1.55
dnarelax,lef1,32,6,s1.0,1.0,0,-39600.0,2.59
dnarelax,lef1,32,7,final,,0,-41100.0,2.68
dnarelax,lef1,33,0,init,,344,,0.1
dnarelax,lef1,33,1,H-min,,344,,0.1
dnarelax,lef1,33,2,s0.1,0.1,332,-40000.0,0.21
dnarelax,lef1,33,3,s0.3,0.3,324,-25500.0,0.75
dnarelax,lef1,33,4,s0.5,0.5,324,210000.0,0.75
dnarelax,lef1,33,5,s0.7,0.7,171,-34800.0,1.55
dnarelax,lef1,33,6,s1.0,1.0,22,-22300.0,2.14
dnarelax,lef1,33,7,final,,22,-23800.0,2.13
dnarelax,lef1,34,0,init,,128,,0.27
dnarelax,lef1,34,1,H-min,,128,,0.27
dnarelax,lef1,34,2,s0.1,0.1,129,40000.0,0.22
dnarelax,lef1,34,3,s0.3,0.3,129,202000000.0,0.22
dnarelax,lef1,34,4,s0.5,0.5,129,92600000000.0,0.22
dnarelax,lef1,34,5,s0.7,0.7,72,-38600.0,1.8
dnarelax,lef1,34,6,s1.0,1.0,0,-40600.0,2.54
dnarelax,lef1,34,7,final,,0,-41800.0,2.66
dnarelax,lef1,35,0,init,,212,,0.22
dnarelax,lef1,35,1,H-min,,212,,0.22
dnarelax,lef1,35,2,s0.1,0.1,209,-3990.0,0.25
dnarelax,lef1,35,3,s0.3,0.3,209,41600000.0,0.25
dnarelax,lef1,35,4,s0.5,0.5,209,19100000000.0,0.25
dnarelax,lef1,35,5,s0.7,0.7,72,-38400.0,1.59
dnarelax,lef1,35,6,s1.0,1.0,10,-34200.0,2.15
dnarelax,lef1,35,7,final,,10,-34700.0,2.16
dnarelax,lef1,36,0,init,,213,,0.17
dnarelax,lef1,36,1,H-min,,213,,0.17
dnarelax,lef1,36,2,s0.1,0.1,187,-76700.0,0.21
dnarelax,lef1,36,3,s0.3,0.3,185,-37200.0,0.67
dnarelax,lef1,36,4,s0.5,0.5,185,525000.0,0.67
dnarelax,lef1,36,5,s0.7,0.7,103,-39600.0,1.54
dnarelax,lef1,36,6,s1.0,1.0,0,-39500.0,2.51
dnarelax,lef1,36,7,final,,0,-39900.0,2.56
dnarelax,lef1,37,0,init,,151,,0.52
dnarelax,lef1,37,1,H-min,,151,,0.52
dnarelax,lef1,37,2,s0.1,0.1,150,-22000.0,0.57
dnarelax,lef1,37,3,s0.3,0.3,150,-19300.0,0.57
dnarelax,lef1,37,4,s0.5,0.5,150,1280000.0,0.57
dnarelax,lef1,37,5,s0.7,0.7,81,-39700.0,1.72
dnarelax,lef1,37,6,s1.0,1.0,10,-35400.0,2.22
dnarelax,lef1,37,7,final,,10,-35700.0,2.21
dnarelax,lef1,38,0,init,,233,,0.29
dnarelax,lef1,38,1,H-min,,233,,0.29
dnarelax,lef1,38,2,s0.1,0.1,232,-9480.0,0.3
dnarelax,lef1,38,3,s0.3,0.3,232,2920000.0,0.3
dnarelax,lef1,38,4,s0.5,0.5,232,1350000000.0,0.3
dnarelax,lef1,38,5,s0.7,0.7,116,-36200.0,1.66
dnarelax,lef1,38,6,s1.0,1.0,20,-24900.0,2.15
dnarelax,lef1,38,7,final,,21,-25600.0,2.13
dnarelax,lef1,39,0,init,,105,,0.64
dnarelax,lef1,39,1,H-min,,105,,0.64
dnarelax,lef1,39,2,s0.1,0.1,103,-73600.0,0.21
dnarelax,lef1,39,3,s0.3,0.3,96,-38700.0,0.71
dnarelax,lef1,39,4,s0.5,0.5,96,281000.0,0.71
dnarelax,lef1,39,5,s0.7,0.7,58,-41900.0,1.68
dnarelax,lef1,39,6,s1.0,1.0,0,-41500.0,2.57
dnarelax,lef1,39,7,final,,0,-42700.0,2.67
dnarelax,lef1,40,0,init,,237,,0.48
dnarelax,lef1,40,1,H-min,,237,,0.48
dnarelax,lef1,40,2,s0.1,0.1,237,20100.0,0.47
dnarelax,lef1,40,3,s0.3,0.3,235,-5070.0,0.61
dnarelax,lef1,40,4,s0.5,0.5,235,16100.0,0.68
dnarelax,lef1,40,5,s0.7,0.7,122,-36800.0,1.55
dnarelax,lef1,40,6,s1.0,1.0,10,-33400.0,2.19
dnarelax,lef1,40,7,final,,10,-34700.0,2.2
dnarelax,lef1,41,0,init,,160,,0.59
dnarelax,lef1,41,1,H-min,,160,,0.59
dnarelax,lef1,41,2,s0.1,0.1,160,-138000.0,0.41
dnarelax,lef1,41,3,s0.3,0.3,160,40300.0,0.41
dnarelax,lef1,41,4,s0.5,0.5,160,82000000.0,0.41
dnarelax,lef1,41,5,s0.7,0.7,80,-39700.0,1.58
dnarelax,lef1,41,6,s1.0,1.0,0,-41700.0,2.58
dnarelax,lef1,41,7,final,,0,-42500.0,2.6
dnarelax,lef1,42,0,init,,412,,0.37
dnarelax,lef1,42,1,H-min,,412,,0.37
dnarelax,lef1,42,2,s0.1,0.1,412,11700.0,0.37
dnarelax,lef1,42,3,s0.3,0.3,412,1040000.0,0.37
dnarelax,lef1,42,4,s0.5,0.5,412,474000000.0,0.37
dnarelax,lef1,42,5,s0.7,0.7,178,-35000.0,1.8
dnarelax,lef1,42,6,s1.0,1.0,0,-37300.0,2.45
dnarelax,lef1,42,7,final,,0,-39000.0,2.52
dnarelax,lef1,43,0,init,,27,,0.52
dnarelax,lef1,43,1,H-min,,27,,0.52
dnarelax,lef1,43,2,s0.1,0.1,24,-43100.0,0.25
dnarelax,lef1,43,3,s0.3,0.3,26,-38600.0,0.82
dnarelax,lef1,43,4,s0.5,0.5,20,-40400.0,1.2
dnarelax,lef1,43,5,s0.7,0.7,7,-41300.0,1.89
dnarelax,lef1,43,6,s1.0,1.0,0,-42700.0,2.73
dnarelax,lef1,43,7,final,,0,-42900.0,2.75
dnarelax,lef1,44,0,init,,619,,0.24
dnarelax,lef1,44,1,H-min,,619,,0.24
dnarelax,lef1,44,2,s0.1,0.1,613,-202000.0,0.21
dnarelax,lef1,44,3,s0.3,0.3,613,1600000000.0,0.21
dnarelax,lef1,44,4,s0.5,0.5,613,737000000000.0,0.21
dnarelax,lef1,44,5,s0.7,0.7,370,-28000.0,1.61
dnarelax,lef1,44,6,s1.0,1.0,58,6300.0,2.11
dnarelax,lef1,44,7,final,,59,2990.0,2.12
dnarelax,lef1,45,0,init,,423,,0.21
dnarelax,lef1,45,1,H-min,,423,,0.21
dnarelax,lef1,45,2,s0.1,0.1,420,31300.0,0.23
dnarelax,lef1,45,3,s0.3,0.3,420,295000000.0,0.23
dnarelax,lef1,45,4,s0.5,0.5,420,136000000000.0,0.23
dnarelax,lef1,45,5,s0.7,0.7,275,-26500.0,1.56
dnarelax,lef1,45,6,s1.0,1.0,71,14500.0,2.16
dnarelax,lef1,45,7,final,,71,13200.0,2.16
dnarelax,lef1,47,0,init,,292,,0.41
dnarelax,lef1,47,1,H-min,,292,,0.41
dnarelax,lef1,47,2,s0.1,0.1,291,-14200.0,0.41
dnarelax,lef1,47,3,s0.3,0.3,291,76300.0,0.41
dnarelax,lef1,47,4,s0.5,0.5,291,42100000.0,0.41
dnarelax,lef1,47,5,s0.7,0.7,155,-34700.0,1.62
dnarelax,lef1,47,6,s1.0,1.0,23,-21100.0,2.1
dnarelax,lef1,47,7,final,,22,-23100.0,2.1
dnarelax,lef1,48,0,init,,247,,0.32
dnarelax,lef1,48,1,H-min,,247,,0.32
dnarelax,lef1,48,2,s0.1,0.1,235,-48300.0,0.22
dnarelax,lef1,48,3,s0.3,0.3,223,-669000.0,0.58
dnarelax,lef1,48,4,s0.5,0.5,223,-326000.0,0.58
dnarelax,lef1,48,5,s0.7,0.7,102,-37900.0,1.58
dnarelax,lef1,48,6,s1.0,1.0,0,-41900.0,2.61
dnarelax,lef1,48,7,final,,0,-42200.0,2.67
dnarelax,lef1,49,0,init,,73,,0.45
dnarelax,lef1,49,1,H-min,,73,,0.45
dnarelax,lef1,49,2,s0.1,0.1,73,-11300.0,0.5
dnarelax,lef1,49,3,s0.3,0.3,73,193000.0,0.5
dnarelax,lef1,49,4,s0.5,0.5,73,94300000.0,0.5
dnarelax,lef1,49,5,s0.7,0.7,36,-40200.0,1.86
dnarelax,lef1,49,6,s1.0,1.0,0,-42700.0,2.69
dnarelax,lef1,49,7,final,,0,-43000.0,2.53
dnarelax,lef1,50,0,init,,558,,0.21
dnarelax,lef1,50,1,H-min,,558,,0.21
dnarelax,lef1,50,2,s0.1,0.1,558,20700.0,0.21
dnarelax,lef1,50,3,s0.3,0.3,558,230000000.0,0.21
dnarelax,lef1,50,4,s0.5,0.5,558,106000000000.0,0.21
dnarelax,lef1,50,5,s0.7,0.7,245,-29900.0,1.56
dnarelax,lef1,50,6,s1.0,1.0,36,-6860.0,2.15
dnarelax,lef1,50,7,final,,36,-9260.0,2.12
dnarelax,lef1,51,0,init,,260,,0.35
dnarelax,lef1,51,1,H-min,,260,,0.35
dnarelax,lef1,51,2,s0.1,0.1,250,-64400.0,0.22
dnarelax,lef1,51,3,s0.3,0.3,250,560000000.0,0.22
dnarelax,lef1,51,4,s0.5,0.5,250,257000000000.0,0.22
dnarelax,lef1,51,5,s0.7,0.7,77,-42300.0,1.66
dnarelax,lef1,51,6,s1.0,1.0,0,-42200.0,2.72
dnarelax,lef1,51,7,final,,0,-42200.0,2.72
dnarelax,lef1,52,0,init,,251,,0.33
dnarelax,lef1,52,1,H-min,,251,,0.33
dnarelax,lef1,52,2,s0.1,0.1,250,-3500.0,0.35
dnarelax,lef1,52,3,s0.3,0.3,246,-117000.0,0.66
dnarelax,lef1,52,4,s0.5,0.5,246,130000.0,0.66
dnarelax,lef1,52,5,s0.7,0.7,82,-37200.0,1.61
dnarelax,lef1,52,6,s1.0,1.0,0,-41400.0,2.57
dnarelax,lef1,52,7,final,,0,-42000.0,2.59
dnarelax,lef1,53,0,init,,275,,0.51
dnarelax,lef1,53,1,H-min,,275,,0.51
dnarelax,lef1,53,2,s0.1,0.1,262,-88500.0,0.24
dnarelax,lef1,53,3,s0.3,0.3,262,79900000.0,0.24
dnarelax,lef1,53,4,s0.5,0.5,262,36800000000.0,0.24
dnarelax,lef1,53,5,s0.7,0.7,170,-35900.0,1.6
dnarelax,lef1,53,6,s1.0,1.0,24,-24400.0,2.21
dnarelax,lef1,53,7,final,,25,-25000.0,2.21
dnarelax,lef1,54,0,init,,210,,0.39
dnarelax,lef1,54,1,H-min,,210,,0.39
dnarelax,lef1,54,2,s0.1,0.1,198,-36200.0,0.21
dnarelax,lef1,54,3,s0.3,0.3,198,535000000.0,0.21
dnarelax,lef1,54,4,s0.5,0.5,159,-12600.0,1.1
dnarelax,lef1,54,5,s0.7,0.7,43,-40000.0,1.64
dnarelax,lef1,54,6,s1.0,1.0,0,-41800.0,2.68
dnarelax,lef1,54,7,final,,0,-42400.0,2.67
dnarelax,lef1,55,0,init,,158,,0.6
dnarelax,lef1,55,1,H-min,,158,,0.6
dnarelax,lef1,55,2,s0.1,0.1,158,-30400.0,0.63
dnarelax,lef1,55,3,s0.3,0.3,158,-36600.0,0.63
dnarelax,lef1,55,4,s0.5,0.5,158,-98000.0,0.75
dnarelax,lef1,55,5,s0.7,0.7,67,-40700.0,1.62
dnarelax,lef1,55,6,s1.0,1.0,0,-41500.0,2.6
dnarelax,lef1,55,7,final,,0,-42000.0,2.69
dnarelax,lef1,58,0,init,,273,,0.37
dnarelax,lef1,58,1,H-min,,273,,0.37
dnarelax,lef1,58,2,s0.1,0.1,274,391.0,0.44
dnarelax,lef1,58,3,s0.3,0.3,274,49000.0,0.44
dnarelax,lef1,58,4,s0.5,0.5,274,22600000.0,0.44
dnarelax,lef1,58,5,s0.7,0.7,122,-37500.0,1.55
dnarelax,lef1,58,6,s1.0,1.0,10,-29900.0,2.1
dnarelax,lef1,58,7,final,,11,-31600.0,2.11
dnarelax,lef1,59,0,init,,301,,0.19
dnarelax,lef1,59,1,H-min,,301,,0.19
dnarelax,lef1,59,2,s0.1,0.1,302,-10700.0,0.18
dnarelax,lef1,59,3,s0.3,0.3,292,-78000.0,0.62
dnarelax,lef1,59,4,s0.5,0.5,292,360000.0,0.62
dnarelax,lef1,59,5,s0.7,0.7,154,-35400.0,1.65
dnarelax,lef1,59,6,s1.0,1.0,13,-28500.0,2.2
dnarelax,lef1,59,7,final,,12,-29400.0,2.21
dnarelax,lef1,60,0,init,,141,,0.51
dnarelax,lef1,60,1,H-min,,141,,0.51
dnarelax,lef1,60,2,s0.1,0.1,140,67200.0,0.5
dnarelax,lef1,60,3,s0.3,0.3,140,73400.0,0.5
dnarelax,lef1,60,4,s0.5,0.5,140,3000000.0,0.5
dnarelax,lef1,60,5,s0.7,0.7,76,-38800.0,1.55
dnarelax,lef1,60,6,s1.0,1.0,10,-33400.0,2.14
dnarelax,lef1,60,7,final,,11,-34300.0,2.13
dnarelax,lef1,61,0,init,,211,,0.41
dnarelax,lef1,61,1,H-min,,211,,0.41
dnarelax,lef1,61,2,s0.1,0.1,210,-14100.0,0.45
dnarelax,lef1,61,3,s0.3,0.3,210,27600.0,0.45
dnarelax,lef1,61,4,s0.5,0.5,210,19400000.0,0.45
dnarelax,lef1,61,5,s0.7,0.7,73,-38100.0,1.77
dnarelax,lef1,61,6,s1.0,1.0,12,-35000.0,2.3
dnarelax,lef1,61,7,final,,12,-35500.0,2.29
dnarelax,lef1,62,0,init,,391,,0.2
dnarelax,lef1,62,1,H-min,,391,,0.2
dnarelax,lef1,62,2,s0.1,0.1,388,-388.0,0.19
dnarelax,lef1,62,3,s0.3,0.3,362,-27000.0,0.73
dnarelax,lef1,62,4,s0.5,0.5,362,274000.0,0.73
dnarelax,lef1,62,5,s0.7,0.7,185,-36600.0,1.62
dnarelax,lef1,62,6,s1.0,1.0,35,-13600.0,2.21
dnarelax,lef1,62,7,final,,34,-15400.0,2.2
dnarelax,lef1,63,0,init,,133,,0.28
dnarelax,lef1,63,1,H-min,,133,,0.28
dnarelax,lef1,63,2,s0.1,0.1,131,-16000.0,0.3
dnarelax,lef1,63,3,s0.3,0.3,131,3850000.0,0.3
dnarelax,lef1,63,4,s0.5,0.5,117,-56800.0,0.96
dnarelax,lef1,63,5,s0.7,0.7,49,-41100.0,1.55
dnarelax,lef1,63,6,s1.0,1.0,0,-42700.0,2.64
dnarelax,lef1,63,7,final,,0,-43100.0,2.68
dnarelax,lef1,64,0,init,,591,,0.38
dnarelax,lef1,64,1,H-min,,591,,0.38
dnarelax,lef1,64,2,s0.1,0.1,593,-39400.0,0.25
dnarelax,lef1,64,3,s0.3,0.3,593,20300000.0,0.25
dnarelax,lef1,64,4,s0.5,0.5,582,-169000.0,0.84
dnarelax,lef1,64,5,s0.7,0.7,582,4680000.0,0.84
dnarelax,lef1,64,6,s1.0,1.0,12,-27800.0,2.25
dnarelax,lef1,64,7,final,,12,-30800.0,2.27
dnarelax,lef1,66,0,init,,382,,0.31
dnarelax,lef1,66,1,H-min,,382,,0.31
dnarelax,lef1,66,2,s0.1,0.1,382,-10900.0,0.33
dnarelax,lef1,66,3,s0.3,0.3,359,-41300.0,0.7
dnarelax,lef1,66,4,s0.5,0.5,345,-31700.0,1.07
dnarelax,lef1,66,5,s0.7,0.7,180,-35100.0,1.54
dnarelax,lef1,66,6,s1.0,1.0,20,-20700.0,2.05
dnarelax,lef1,66,7,final,,20,-21900.0,2.06
dnarelax,lef1,67,0,init,,88,,0.31
dnarelax,lef1,67,1,H-min,,88,,0.31
dnarelax,lef1,67,2,s0.1,0.1,87,9650.0,0.31
dnarelax,lef1,67,3,s0.3,0.3,87,1400000.0,0.31
dnarelax,lef1,67,4,s0.5,0.5,63,1530.0,0.97
dnarelax,lef1,67,5,s0.7,0.7,63,-257000.0,0.96
dnarelax,lef1,67,6,s1.0,1.0,0,-42600.0,2.6
dnarelax,lef1,67,7,final,,0,-43000.0,2.6
dnarelax,lef1,68,0,init,,46,,0.77
dnarelax,lef1,68,1,H-min,,46,,0.77
dnarelax,lef1,68,2,s0.1,0.1,45,-26700.0,0.77
dnarelax,lef1,68,3,s0.3,0.3,45,-26700.0,0.77
dnarelax,lef1,68,4,s0.5,0.5,45,-18200.0,0.77
dnarelax,lef1,68,5,s0.7,0.7,13,-42500.0,1.55
dnarelax,lef1,68,6,s1.0,1.0,0,-43100.0,2.68
dnarelax,lef1,68,7,final,,0,-43100.0,2.68
dnarelax,csl,1,0,init,,50,,0.94
dnarelax,csl,1,1,H-min,,50,,0.94
dnarelax,csl,1,2,s0.1,0.1,47,-58100.0,1.24
dnarelax,csl,1,3,s0.3,0.3,47,-58900.0,1.24
dnarelax,csl,1,4,s0.5,0.5,47,-59900.0,1.24
dnarelax,csl,1,5,s0.7,0.7,25,-76900.0,1.59
dnarelax,csl,1,6,s1.0,1.0,0,-82600.0,2.56
dnarelax,csl,1,7,final,,0,-83200.0,2.59
dnarelax,csl,2,0,init,,68,,0.66
dnarelax,csl,2,1,H-min,,68,,0.66
dnarelax,csl,2,2,s0.05,0.05,68,-33300.0,0.67
dnarelax,csl,2,3,s0.1,0.1,68,-33300.0,0.67
dnarelax,csl,2,4,s0.2,0.2,68,-33300.0,0.67
dnarelax,csl,2,5,s0.4,0.4,59,-244000.0,0.92
dnarelax,csl,2,6,s0.7,0.7,59,44700.0,0.92
dnarelax,csl,2,7,s1.0,1.0,0,-83700.0,2.68
dnarelax,csl,2,2,s0.05,0.05,39,116000.0,0.58
dnarelax,csl,2,3,s0.1,0.1,39,119000.0,0.58
dnarelax,csl,2,4,s0.2,0.2,39,9940000.0,0.58
dnarelax,csl,2,5,s0.4,0.4,39,40300000000.0,0.58
dnarelax,csl,2,6,s0.7,0.7,10,-79600.0,1.82
dnarelax,csl,2,7,s1.0,1.0,0,-83900.0,2.73
dnarelax,csl,2,2,s0.05,0.05,55,15400.0,0.47
dnarelax,csl,2,3,s0.1,0.1,55,15400.0,0.47
dnarelax,csl,2,4,s0.2,0.2,55,15500.0,0.47
dnarelax,csl,2,5,s0.4,0.4,55,613000.0,0.47
dnarelax,csl,2,6,s0.7,0.7,28,-75700.0,1.54
dnarelax,csl,2,7,s1.0,1.0,12,-76100.0,2.25
dnarelax,csl,2,2,s0.05,0.05,65,-23200.0,0.46
dnarelax,csl,2,3,s0.1,0.1,65,-154000.0,0.46
dnarelax,csl,2,4,s0.2,0.2,65,-914000.0,0.46
dnarelax,csl,2,5,s0.4,0.4,65,-979000.0,0.46
dnarelax,csl,2,6,s0.7,0.7,25,-79500.0,1.55
dnarelax,csl,2,7,s1.0,1.0,0,-84100.0,2.52
dnarelax,csl,2,2,s0.05,0.05,46,2260.0,0.92
dnarelax,csl,2,3,s0.1,0.1,46,2260.0,0.92
dnarelax,csl,2,4,s0.2,0.2,46,2260.0,0.92
dnarelax,csl,2,5,s0.4,0.4,41,-28700.0,1.21
dnarelax,csl,2,6,s0.7,0.7,13,-79700.0,1.62
dnarelax,csl,2,7,s1.0,1.0,0,-83200.0,2.6
dnarelax,csl,2,32,final,,0,-83700.0,2.68
dnarelax,csl,3,0,init,,106,,0.4
dnarelax,csl,3,1,H-min,,106,,0.4
dnarelax,csl,3,2,s0.1,0.1,106,5900.0,0.43
dnarelax,csl,3,3,s0.3,0.3,106,40800.0,0.43
dnarelax,csl,3,4,s0.5,0.5,106,16200000.0,0.43
dnarelax,csl,3,5,s0.7,0.7,64,-74600.0,1.54
dnarelax,csl,3,6,s1.0,1.0,0,-82200.0,2.65
dnarelax,csl,3,7,final,,0,-82900.0,2.65
dnarelax,csl,5,0,init,,81,,0.68
dnarelax,csl,5,1,H-min,,81,,0.68
dnarelax,csl,5,2,s0.1,0.1,81,-24100.0,0.72
dnarelax,csl,5,3,s0.3,0.3,81,-24000.0,0.72
dnarelax,csl,5,4,s0.5,0.5,81,38500.0,0.72
dnarelax,csl,5,5,s0.7,0.7,21,-76800.0,1.55
dnarelax,csl,5,6,s1.0,1.0,0,-82300.0,2.6
dnarelax,csl,5,7,final,,0,-82300.0,2.6
dnarelax,csl,6,0,init,,55,,0.45
dnarelax,csl,6,1,H-min,,55,,0.45
dnarelax,csl,6,2,s0.1,0.1,55,49300.0,0.46
dnarelax,csl,6,3,s0.3,0.3,55,68700.0,0.46
dnarelax,csl,6,4,s0.5,0.5,55,9040000.0,0.46
dnarelax,csl,6,5,s0.7,0.7,29,-71300.0,1.63
dnarelax,csl,6,6,s1.0,1.0,12,-75700.0,2.25
dnarelax,csl,6,7,final,,12,-76200.0,2.24
dnarelax,csl,9,0,init,,78,,0.7
dnarelax,csl,9,1,H-min,,78,,0.7
dnarelax,csl,9,2,s0.1,0.1,77,-65400.0,0.69
dnarelax,csl,9,3,s0.3,0.3,77,452000000.0,0.69
dnarelax,csl,9,4,s0.5,0.5,77,208000000000.0,0.69
dnarelax,csl,9,5,s0.7,0.7,46,-75500.0,1.79
dnarelax,csl,9,6,s1.0,1.0,12,-76400.0,2.3
dnarelax,csl,9,7,final,,12,-76900.0,2.29
dnarelax,csl,10,0,init,,92,,0.52
dnarelax,csl,10,1,H-min,,92,,0.52
dnarelax,csl,10,2,s0.1,0.1,93,919.0,0.52
dnarelax,csl,10,3,s0.3,0.3,93,7000.0,0.52
dnarelax,csl,10,4,s0.5,0.5,93,2870000.0,0.52
dnarelax,csl,10,5,s0.7,0.7,41,-73600.0,1.67
dnarelax,csl,10,6,s1.0,1.0,11,-76300.0,2.18
dnarelax,csl,10,7,final,,11,-76800.0,2.19
dnarelax,csl,11,0,init,,16,,1.3
dnarelax,csl,11,1,H-min,,16,,1.3
dnarelax,csl,11,2,s0.1,0.1,16,78000.0,1.33
dnarelax,csl,11,3,s0.3,0.3,16,78000.0,1.33
dnarelax,csl,11,4,s0.5,0.5,16,80200.0,1.33
dnarelax,csl,11,5,s0.7,0.7,11,-75800.0,1.55
dnarelax,csl,11,6,s1.0,1.0,0,-83300.0,2.64
dnarelax,csl,11,7,final,,0,-83900.0,2.64
dnarelax,csl,12,0,init,,34,,0.54
dnarelax,csl,12,1,H-min,,34,,0.54
dnarelax,csl,12,2,s0.1,0.1,34,-28600.0,0.65
dnarelax,csl,12,3,s0.3,0.3,34,-28200.0,0.65
dnarelax,csl,12,4,s0.5,0.5,34,226000.0,0.65
dnarelax,csl,12,5,s0.7,0.7,18,-77200.0,1.67
dnarelax,csl,12,6,s1.0,1.0,0,-83000.0,2.68
dnarelax,csl,12,7,final,,0,-83400.0,2.66
dnarelax,csl,13,0,init,,65,,0.82
dnarelax,csl,13,1,H-min,,65,,0.82
dnarelax,csl,13,2,s0.1,0.1,65,-34300.0,0.8
dnarelax,csl,13,3,s0.3,0.3,65,-22300.0,0.8
dnarelax,csl,13,4,s0.5,0.5,65,5590000.0,0.8
dnarelax,csl,13,5,s0.7,0.7,20,-74700.0,1.72
dnarelax,csl,13,6,s1.0,1.0,0,-82500.0,2.68
dnarelax,csl,13,7,final,,0,-82500.0,2.68
dnarelax,csl,14,0,init,,38,,1.13
dnarelax,csl,14,1,H-min,,38,,1.13
dnarelax,csl,14,2,s0.1,0.1,38,-28400.0,1.13
dnarelax,csl,14,3,s0.3,0.3,38,-28400.0,1.13
dnarelax,csl,14,4,s0.5,0.5,36,-45200.0,1.27
dnarelax,csl,14,5,s0.7,0.7,24,-76000.0,1.81
dnarelax,csl,14,6,s1.0,1.0,0,-83000.0,2.73
dnarelax,csl,14,7,final,,0,-83000.0,2.73
dnarelax,csl,15,0,init,,183,,0.49
dnarelax,csl,15,1,H-min,,183,,0.49
dnarelax,csl,15,2,s0.1,0.1,184,10600.0,0.51
dnarelax,csl,15,3,s0.3,0.3,184,-35300.0,0.78
dnarelax,csl,15,4,s0.5,0.5,184,-146000.0,0.78
dnarelax,csl,15,5,s0.7,0.7,67,-72900.0,1.62
dnarelax,csl,15,6,s1.0,1.0,0,-82100.0,2.57
dnarelax,csl,15,7,final,,0,-83200.0,2.52
dnarelax,csl,16,0,init,,43,,0.69
dnarelax,csl,16,1,H-min,,43,,0.69
dnarelax,csl,16,2,s0.1,0.1,42,-16900.0,0.7
dnarelax,csl,16,3,s0.3,0.3,42,-16600.0,0.7
dnarelax,csl,16,4,s0.5,0.5,42,178000.0,0.7
dnarelax,csl,16,5,s0.7,0.7,15,-77300.0,1.54
dnarelax,csl,16,6,s1.0,1.0,0,-83400.0,2.68
dnarelax,csl,16,7,final,,0,-83400.0,2.68
dnarelax,csl,17,0,init,,82,,0.5
dnarelax,csl,17,1,H-min,,82,,0.5
dnarelax,csl,17,2,s0.1,0.1,82,-12100.0,0.54
dnarelax,csl,17,3,s0.3,0.3,76,-485000.0,0.72
dnarelax,csl,17,4,s0.5,0.5,76,-1950000.0,0.72
dnarelax,csl,17,5,s0.7,0.7,76,-2480000.0,0.72
dnarelax,csl,17,6,s1.0,1.0,0,-82800.0,2.75
dnarelax,csl,17,7,final,,0,-83800.0,2.76
dnarelax,csl,18,0,init,,34,,0.3
dnarelax,csl,18,1,H-min,,34,,0.3
dnarelax,csl,18,2,s0.1,0.1,34,-5640.0,0.38
dnarelax,csl,18,3,s0.3,0.3,33,-60300.0,0.75
dnarelax,csl,18,4,s0.5,0.5,33,-159000.0,0.75
dnarelax,csl,18,5,s0.7,0.7,33,-27600.0,0.75
dnarelax,csl,18,6,s1.0,1.0,0,-83200.0,2.54
dnarelax,csl,18,7,final,,0,-83800.0,2.56
dnarelax,csl,19,0,init,,45,,0.94
dnarelax,csl,19,1,H-min,,45,,0.94
dnarelax,csl,19,2,s0.1,0.1,45,-29400.0,0.95
dnarelax,csl,19,3,s0.3,0.3,45,-29500.0,0.95
dnarelax,csl,19,4,s0.5,0.5,45,-26800.0,0.95
dnarelax,csl,19,5,s0.7,0.7,21,-76600.0,1.55
dnarelax,csl,19,6,s1.0,1.0,0,-82900.0,2.59
dnarelax,csl,19,7,final,,0,-83300.0,2.57
dnarelax,csl,20,0,init,,25,,0.93
dnarelax,csl,20,1,H-min,,25,,0.93
dnarelax,csl,20,2,s0.1,0.1,25,-31400.0,0.93
dnarelax,csl,20,3,s0.3,0.3,25,-31400.0,0.93
dnarelax,csl,20,4,s0.5,0.5,22,-62300.0,1.56
dnarelax,csl,20,5,s0.7,0.7,12,-77300.0,1.56
dnarelax,csl,20,6,s1.0,1.0,0,-83700.0,2.63
dnarelax,csl,20,7,final,,0,-84000.0,2.61
dnarelax,csl,21,0,init,,95,,0.39
dnarelax,csl,21,1,H-min,,95,,0.39
dnarelax,csl,21,2,s0.1,0.1,96,62200.0,0.41
dnarelax,csl,21,3,s0.3,0.3,96,171000.0,0.41
dnarelax,csl,21,4,s0.5,0.5,96,50300000.0,0.41
dnarelax,csl,21,5,s0.7,0.7,55,-74400.0,1.58
dnarelax,csl,21,6,s1.0,1.0,0,-82200.0,2.6
dnarelax,csl,21,7,final,,0,-82900.0,2.6
dnarelax,csl,23,0,init,,30,,0.94
dnarelax,csl,23,1,H-min,,30,,0.94
dnarelax,csl,23,2,s0.1,0.1,30,-30700.0,0.95
dnarelax,csl,23,3,s0.3,0.3,30,98000.0,0.95
dnarelax,csl,23,4,s0.5,0.5,28,-52200.0,1.41
dnarelax,csl,23,5,s0.7,0.7,14,-75100.0,1.56
dnarelax,csl,23,6,s1.0,1.0,0,-83900.0,2.59
dnarelax,csl,23,7,final,,0,-84400.0,2.58
dnarelax,csl,24,0,init,,47,,0.42
dnarelax,csl,24,1,H-min,,47,,0.42
dnarelax,csl,24,2,s0.1,0.1,47,-25300.0,0.43
dnarelax,csl,24,3,s0.3,0.3,47,24900.0,0.43
dnarelax,csl,24,4,s0.5,0.5,47,23200000.0,0.43
dnarelax,csl,24,5,s0.7,0.7,30,-77200.0,1.55
dnarelax,csl,24,6,s1.0,1.0,0,-83600.0,2.67
dnarelax,csl,24,7,final,,0,-84100.0,2.65
dnarelax,csl,25,0,init,,71,,0.43
dnarelax,csl,25,1,H-min,,71,,0.43
dnarelax,csl,25,2,s0.1,0.1,71,-8670.0,0.47
dnarelax,csl,25,3,s0.3,0.3,71,1240.0,0.47
dnarelax,csl,25,4,s0.5,0.5,71,-229000.0,0.83
dnarelax,csl,25,5,s0.7,0.7,26,-75700.0,1.56
dnarelax,csl,25,6,s1.0,1.0,0,-83100.0,2.62
dnarelax,csl,25,7,final,,0,-83700.0,2.6
dnarelax,csl,26,0,init,,21,,0.75
dnarelax,csl,26,1,H-min,,21,,0.75
dnarelax,csl,26,2,s0.1,0.1,21,-29900.0,0.82
dnarelax,csl,26,3,s0.3,0.3,21,-29900.0,0.82
dnarelax,csl,26,4,s0.5,0.5,21,-19000.0,0.82
dnarelax,csl,26,5,s0.7,0.7,13,-78200.0,1.91
dnarelax,csl,26,6,s1.0,1.0,0,-83700.0,2.64
dnarelax,csl,26,7,final,,0,-83700.0,2.64
dnarelax,csl,27,0,init,,56,,0.32
dnarelax,csl,27,1,H-min,,56,,0.32
dnarelax,csl,27,2,s0.1,0.1,59,-35600.0,0.57
dnarelax,csl,27,3,s0.3,0.3,59,-20300.0,0.57
dnarelax,csl,27,4,s0.5,0.5,59,7160000.0,0.57
dnarelax,csl,27,5,s0.7,0.7,27,-74800.0,1.61
dnarelax,csl,27,6,s1.0,1.0,0,-83400.0,2.66
dnarelax,csl,27,7,final,,0,-83400.0,2.66
dnarelax,csl,29,0,init,,67,,0.63
dnarelax,csl,29,1,H-min,,67,,0.63
dnarelax,csl,29,2,s0.1,0.1,67,-13300.0,0.64
dnarelax,csl,29,3,s0.3,0.3,67,-12300.0,0.64
dnarelax,csl,29,4,s0.5,0.5,67,504000.0,0.64
dnarelax,csl,29,5,s0.7,0.7,28,-75500.0,1.65
dnarelax,csl,29,6,s1.0,1.0,0,-82900.0,2.65
dnarelax,csl,29,7,final,,0,-82900.0,2.65
dnarelax,csl,30,0,init,,98,,0.58
dnarelax,csl,30,1,H-min,,98,,0.58
dnarelax,csl,30,2,s0.1,0.1,98,86900.0,0.56
dnarelax,csl,30,3,s0.3,0.3,98,93100.0,0.56
dnarelax,csl,30,4,s0.5,0.5,84,36100.0,1.07
dnarelax,csl,30,5,s0.7,0.7,36,-76300.0,1.68
dnarelax,csl,30,6,s1.0,1.0,0,-83100.0,2.62
dnarelax,csl,30,7,final,,0,-83500.0,2.6
dnarelax,csl,31,0,init,,30,,0.95
dnarelax,csl,31,1,H-min,,30,,0.95
dnarelax,csl,31,2,s0.1,0.1,30,-8810.0,1.01
dnarelax,csl,31,3,s0.3,0.3,31,-550000.0,0.96
dnarelax,csl,31,4,s0.5,0.5,31,-535000.0,0.96
dnarelax,csl,31,5,s0.7,0.7,31,392000.0,0.96
dnarelax,csl,31,6,s1.0,1.0,0,-82900.0,2.63
dnarelax,csl,31,7,final,,0,-83700.0,2.64
dnarelax,csl,32,0,init,,73,,0.28
dnarelax,csl,32,1,H-min,,73,,0.28
dnarelax,csl,32,2,s0.1,0.1,73,4490000.0,0.28
dnarelax,csl,32,3,s0.3,0.3,73,29500000.0,0.28
dnarelax,csl,32,4,s0.5,0.5,55,-33600.0,1.2
dnarelax,csl,32,5,s0.7,0.7,24,-76500.0,1.59
dnarelax,csl,32,6,s1.0,1.0,0,-83100.0,2.6
dnarelax,csl,32,7,final,,0,-83100.0,2.6
dnarelax,csl,33,0,init,,33,,0.25
dnarelax,csl,33,1,H-min,,33,,0.25
dnarelax,csl,33,2,s0.1,0.1,33,-32400.0,0.25
dnarelax,csl,33,3,s0.3,0.3,33,26500000.0,0.25
dnarelax,csl,33,4,s0.5,0.5,33,12200000000.0,0.25
dnarelax,csl,33,5,s0.7,0.7,18,-77700.0,1.61
dnarelax,csl,33,6,s1.0,1.0,0,-83300.0,2.65
dnarelax,csl,33,7,final,,0,-83300.0,2.65
dnarelax,csl,35,0,init,,45,,0.69
dnarelax,csl,35,1,H-min,,45,,0.69
dnarelax,csl,35,2,s0.1,0.1,47,-42100.0,0.71
dnarelax,csl,35,3,s0.3,0.3,47,-40000.0,0.71
dnarelax,csl,35,4,s0.5,0.5,47,1000000.0,0.71
dnarelax,csl,35,5,s0.7,0.7,25,-80300.0,1.64
dnarelax,csl,35,6,s1.0,1.0,0,-71900.0,2.67
dnarelax,csl,35,7,final,,0,-72400.0,2.65
dnarelax,csl,36,0,init,,59,,0.27
dnarelax,csl,36,1,H-min,,59,,0.27
dnarelax,csl,36,2,s0.1,0.1,59,-588.0,0.28
dnarelax,csl,36,3,s0.3,0.3,59,7600000.0,0.28
dnarelax,csl,36,4,s0.5,0.5,59,3490000000.0,0.28
dnarelax,csl,36,5,s0.7,0.7,30,-77000.0,1.72
dnarelax,csl,36,6,s1.0,1.0,0,-82500.0,2.54
dnarelax,csl,36,7,final,,0,-82500.0,2.54
dnarelax,csl,37,0,init,,27,,0.69
dnarelax,csl,37,1,H-min,,27,,0.69
dnarelax,csl,37,2,s0.1,0.1,28,164000.0,0.71
dnarelax,csl,37,3,s0.3,0.3,26,113000.0,0.72
dnarelax,csl,37,4,s0.5,0.5,27,118000.0,0.93
dnarelax,csl,37,5,s0.7,0.7,23,-74100.0,1.7
dnarelax,csl,37,6,s1.0,1.0,0,-83400.0,2.66
dnarelax,csl,37,7,final,,0,-83900.0,2.64
dnarelax,csl,38,0,init,,30,,0.89
dnarelax,csl,38,1,H-min,,30,,0.89
dnarelax,csl,38,2,s0.1,0.1,28,-35700.0,0.54
dnarelax,csl,38,3,s0.3,0.3,28,-27000.0,0.54
dnarelax,csl,38,4,s0.5,0.5,28,4090000.0,0.54
dnarelax,csl,38,5,s0.7,0.7,9,-75700.0,1.55
dnarelax,csl,38,6,s1.0,1.0,0,-83500.0,2.62
dnarelax,csl,38,7,final,,0,-83900.0,2.59
dnarelax,csl,39,0,init,,69,,0.62
dnarelax,csl,39,1,H-min,,69,,0.62
dnarelax,csl,39,2,s0.1,0.1,69,-32400.0,0.64
dnarelax,csl,39,3,s0.3,0.3,69,-31700.0,0.64
dnarelax,csl,39,4,s0.5,0.5,56,-59700.0,1.34
dnarelax,csl,39,5,s0.7,0.7,27,-78300.0,1.55
dnarelax,csl,39,6,s1.0,1.0,0,-82800.0,2.59
dnarelax,csl,39,7,final,,0,-83600.0,2.61
dnarelax,csl,40,0,init,,67,,0.23
dnarelax,csl,40,1,H-min,,67,,0.23
dnarelax,csl,40,2,s0.1,0.1,66,-71500.0,0.28
dnarelax,csl,40,3,s0.3,0.3,66,9920000.0,0.28
dnarelax,csl,40,4,s0.5,0.5,66,4590000000.0,0.28
dnarelax,csl,40,5,s0.7,0.7,41,-76500.0,1.55
dnarelax,csl,40,6,s1.0,1.0,0,-83000.0,2.62
dnarelax,csl,40,7,final,,0,-83800.0,2.62
dnarelax,csl,41,0,init,,87,,0.77
dnarelax,csl,41,1,H-min,,87,,0.77
dnarelax,csl,41,2,s0.1,0.1,82,9170.0,0.92
dnarelax,csl,41,3,s0.3,0.3,82,9510.0,0.92
dnarelax,csl,41,4,s0.5,0.5,82,208000.0,0.92
dnarelax,csl,41,5,s0.7,0.7,30,-72900.0,1.63
dnarelax,csl,41,6,s1.0,1.0,0,-82500.0,2.57
dnarelax,csl,41,7,final,,0,-82500.0,2.57
dnarelax,csl,42,0,init,,54,,0.24
dnarelax,csl,42,1,H-min,,54,,0.24
dnarelax,csl,42,2,s0.1,0.1,54,-1390.0,0.26
dnarelax,csl,42,3,s0.3,0.3,54,19900000.0,0.26
dnarelax,csl,42,4,s0.5,0.5,54,9150000000.0,0.26
dnarelax,csl,42,5,s0.7,0.7,15,-76200.0,1.54
dnarelax,csl,42,6,s1.0,1.0,0,-83200.0,2.56
dnarelax,csl,42,7,final,,0,-83700.0,2.56
dnarelax,csl,43,0,init,,82,,0.24
dnarelax,csl,43,1,H-min,,82,,0.24
dnarelax,csl,43,2,s0.1,0.1,81,-19500.0,0.19
dnarelax,csl,43,3,s0.3,0.3,81,862000000.0,0.19
dnarelax,csl,43,4,s0.5,0.5,81,396000000000.0,0.19
dnarelax,csl,43,5,s0.7,0.7,39,-74600.0,1.66
dnarelax,csl,43,6,s1.0,1.0,11,-76000.0,2.19
dnarelax,csl,43,7,final,,11,-76000.0,2.19
dnarelax,csl,44,0,init,,55,,0.54
dnarelax,csl,44,1,H-min,,55,,0.54
dnarelax,csl,44,2,s0.1,0.1,55,-19900.0,0.59
dnarelax,csl,44,3,s0.3,0.3,55,-18600.0,0.59
dnarelax,csl,44,4,s0.5,0.5,55,652000.0,0.59
dnarelax,csl,44,5,s0.7,0.7,30,-77100.0,1.58
dnarelax,csl,44,6,s1.0,1.0,0,-83400.0,2.67
dnarelax,csl,44,7,final,,0,-84000.0,2.65
dnarelax,csl,45,0,init,,14,,1.1
dnarelax,csl,45,1,H-min,,14,,1.1
dnarelax,csl,45,2,s0.1,0.1,14,-39200.0,1.1
dnarelax,csl,45,3,s0.3,0.3,14,-39300.0,1.1
dnarelax,csl,45,4,s0.5,0.5,14,-39400.0,1.1
dnarelax,csl,45,5,s0.7,0.7,11,-79500.0,1.55
dnarelax,csl,45,6,s1.0,1.0,0,-83900.0,2.6
dnarelax,csl,45,7,final,,0,-83900.0,2.6
dnarelax,csl,46,0,init,,72,,0.66
dnarelax,csl,46,1,H-min,,72,,0.66
dnarelax,csl,46,2,s0.1,0.1,72,-14000.0,0.68
dnarelax,csl,46,3,s0.3,0.3,72,-13800.0,0.68
dnarelax,csl,46,4,s0.5,0.5,72,89500.0,0.68
dnarelax,csl,46,5,s0.7,0.7,26,-76600.0,1.55
dnarelax,csl,46,6,s1.0,1.0,0,-83300.0,2.64
dnarelax,csl,46,7,final,,0,-83300.0,2.64
dnarelax,csl,47,0,init,,51,,0.32
dnarelax,csl,47,1,H-min,,51,,0.32
dnarelax,csl,47,2,s0.1,0.1,51,-13200.0,0.32
dnarelax,csl,47,3,s0.3,0.3,51,1190000.0,0.32
dnarelax,csl,47,4,s0.5,0.5,51,555000000.0,0.32
dnarelax,csl,47,5,s0.7,0.7,18,-76400.0,1.55
dnarelax,csl,47,6,s1.0,1.0,0,-82600.0,2.63
dnarelax,csl,47,7,final,,0,-82600.0,2.63
dnarelax,csl,48,0,init,,125,,0.23
dnarelax,csl,48,1,H-min,,125,,0.23
dnarelax,csl,48,2,s0.1,0.1,127,-93400.0,0.25
dnarelax,csl,48,3,s0.3,0.3,127,59900000.0,0.25
dnarelax,csl,48,4,s0.5,0.5,101,-66700.0,1.38
dnarelax,csl,48,5,s0.7,0.7,42,-76100.0,1.67
dnarelax,csl,48,6,s1.0,1.0,0,-82600.0,2.65
dnarelax,csl,48,7,final,,0,-82600.0,2.65
dnarelax,csl,49,0,init,,59,,0.55
dnarelax,csl,49,1,H-min,,59,,0.55
dnarelax,csl,49,2,s0.1,0.1,59,17100.0,0.52
dnarelax,csl,49,3,s0.3,0.3,59,-74900.0,0.52
dnarelax,csl,49,4,s0.5,0.5,57,16900.0,1.03
dnarelax,csl,49,5,s0.7,0.7,57,112000.0,1.03
dnarelax,csl,49,6,s1.0,1.0,0,-83200.0,2.56
dnarelax,csl,49,7,final,,0,-84000.0,2.56
dnarelax,csl,50,0,init,,13,,1.22
dnarelax,csl,50,1,H-min,,13,,1.22
dnarelax,csl,50,2,s0.1,0.1,13,-30200.0,1.23
dnarelax,csl,50,3,s0.3,0.3,13,-30200.0,1.23
dnarelax,csl,50,4,s0.5,0.5,13,-25700.0,1.23
dnarelax,csl,50,5,s0.7,0.7,7,-74300.0,1.57
dnarelax,csl,50,6,s1.0,1.0,0,-73000.0,2.59
dnarelax,csl,50,7,final,,0,-73500.0,2.59
dnarelax,csl,51,0,init,,42,,0.84
dnarelax,csl,51,1,H-min,,42,,0.84
dnarelax,csl,51,2,s0.1,0.1,42,44000.0,0.84
dnarelax,csl,51,3,s0.3,0.3,42,107000.0,0.84
dnarelax,csl,51,4,s0.5,0.5,42,29100000.0,0.84
dnarelax,csl,51,5,s0.7,0.7,14,-74400.0,1.54
dnarelax,csl,51,6,s1.0,1.0,0,-83400.0,2.6
dnarelax,csl,51,7,final,,0,-84000.0,2.63
dnarelax,csl,52,0,init,,51,,0.26
dnarelax,csl,52,1,H-min,,51,,0.26
dnarelax,csl,52,2,s0.1,0.1,51,-23200.0,0.31
dnarelax,csl,52,3,s0.3,0.3,55,-57100.0,0.76
dnarelax,csl,52,4,s0.5,0.5,55,-28400.0,0.76
dnarelax,csl,52,5,s0.7,0.7,17,-76100.0,1.68
dnarelax,csl,52,6,s1.0,1.0,0,-83300.0,2.62
dnarelax,csl,52,7,final,,0,-84000.0,2.66
dnarelax,csl,53,0,init,,53,,0.85
dnarelax,csl,53,1,H-min,,53,,0.85
dnarelax,csl,53,2,s0.1,0.1,53,87100.0,0.86
dnarelax,csl,53,3,s0.3,0.3,53,89300.0,0.86
dnarelax,csl,53,4,s0.5,0.5,47,37900.0,0.96
dnarelax,csl,53,5,s0.7,0.7,24,-76600.0,1.55
dnarelax,csl,53,6,s1.0,1.0,0,-83300.0,2.6
dnarelax,csl,53,7,final,,0,-83300.0,2.6
dnarelax,csl,54,0,init,,35,,0.12
dnarelax,csl,54,1,H-min,,35,,0.12
dnarelax,csl,54,2,s0.1,0.1,34,-29200.0,0.19
dnarelax,csl,54,3,s0.3,0.3,34,797000000.0,0.19
dnarelax,csl,54,4,s0.5,0.5,34,366000000000.0,0.19
dnarelax,csl,54,5,s0.7,0.7,15,-76600.0,1.65
dnarelax,csl,54,6,s1.0,1.0,0,-83100.0,2.69
dnarelax,csl,54,7,final,,0,-83500.0,2.72
dnarelax,csl,55,0,init,,25,,0.9
dnarelax,csl,55,1,H-min,,25,,0.9
dnarelax,csl,55,2,s0.1,0.1,24,-30300.0,0.9
dnarelax,csl,55,3,s0.3,0.3,24,-45200.0,0.95
dnarelax,csl,55,4,s0.5,0.5,23,-44900.0,1.05
dnarelax,csl,55,5,s0.7,0.7,24,-75300.0,1.56
dnarelax,csl,55,6,s1.0,1.0,0,-83200.0,2.77
dnarelax,csl,55,7,final,,0,-83200.0,2.77
dnarelax,csl,56,0,init,,41,,0.88
dnarelax,csl,56,1,H-min,,41,,0.88
dnarelax,csl,56,2,s0.1,0.1,39,-52300.0,0.92
dnarelax,csl,56,3,s0.3,0.3,39,-52400.0,0.92
dnarelax,csl,56,4,s0.5,0.5,38,-54700.0,1.01
dnarelax,csl,56,5,s0.7,0.7,24,-78200.0,1.55
dnarelax,csl,56,6,s1.0,1.0,0,-83600.0,2.59
dnarelax,csl,56,7,final,,0,-83600.0,2.59
dnarelax,csl,57,0,init,,73,,0.6
dnarelax,csl,57,1,H-min,,73,,0.6
dnarelax,csl,57,2,s0.1,0.1,72,-39700.0,0.67
dnarelax,csl,57,3,s0.3,0.3,72,-39300.0,0.67
dnarelax,csl,57,4,s0.5,0.5,72,145000.0,0.67
dnarelax,csl,57,5,s0.7,0.7,27,-75800.0,1.55
dnarelax,csl,57,6,s1.0,1.0,0,-82700.0,2.61
dnarelax,csl,57,7,final,,0,-82700.0,2.61
dnarelax,csl,58,0,init,,71,,0.31
dnarelax,csl,58,1,H-min,,71,,0.31
dnarelax,csl,58,2,s0.1,0.1,70,-23100.0,0.33
dnarelax,csl,58,3,s0.3,0.3,63,-339000.0,0.77
dnarelax,csl,58,4,s0.5,0.5,63,-310000.0,0.77
dnarelax,csl,58,5,s0.7,0.7,29,-73600.0,1.57
dnarelax,csl,58,6,s1.0,1.0,0,-72400.0,2.62
dnarelax,csl,58,7,final,,0,-73200.0,2.6
dnarelax,csl,59,0,init,,63,,0.8
dnarelax,csl,59,1,H-min,,63,,0.8
dnarelax,csl,59,2,s0.1,0.1,62,34300.0,0.8
dnarelax,csl,59,3,s0.3,0.3,62,34300.0,0.8
dnarelax,csl,59,4,s0.5,0.5,62,67700.0,0.8
dnarelax,csl,59,5,s0.7,0.7,28,-74600.0,1.54
dnarelax,csl,59,6,s1.0,1.0,0,-82900.0,2.6
dnarelax,csl,59,7,final,,0,-83500.0,2.59
dnarelax,csl,60,0,init,,50,,1.17
dnarelax,csl,60,1,H-min,,50,,1.17
dnarelax,csl,60,2,s0.1,0.1,50,-27300.0,1.17
dnarelax,csl,60,3,s0.3,0.3,50,-169000.0,0.96
dnarelax,csl,60,4,s0.5,0.5,50,-692000.0,0.96
dnarelax,csl,60,5,s0.7,0.7,50,-287000.0,0.96
dnarelax,csl,60,6,s1.0,1.0,0,-82500.0,2.64
dnarelax,csl,60,7,final,,0,-83600.0,2.64
dnarelax,csl,61,0,init,,158,,0.36
dnarelax,csl,61,1,H-min,,158,,0.36
dnarelax,csl,61,2,s0.1,0.1,158,-12000.0,0.41
dnarelax,csl,61,3,s0.3,0.3,158,160000.0,0.41
dnarelax,csl,61,4,s0.5,0.5,158,79600000.0,0.41
dnarelax,csl,61,5,s0.7,0.7,69,-73200.0,1.55
dnarelax,csl,61,6,s1.0,1.0,20,-70800.0,2.12
dnarelax,csl,61,7,final,,20,-71600.0,2.12
dnarelax,csl,62,0,init,,48,,0.82
dnarelax,csl,62,1,H-min,,48,,0.82
dnarelax,csl,62,2,s0.1,0.1,48,-30600.0,0.82
dnarelax,csl,62,3,s0.3,0.3,48,-30600.0,0.82
dnarelax,csl,62,4,s0.5,0.5,38,-71200.0,1.42
dnarelax,csl,62,5,s0.7,0.7,10,-77600.0,1.93
dnarelax,csl,62,6,s1.0,1.0,0,-83500.0,2.62
dnarelax,csl,62,7,final,,0,-83500.0,2.62
dnarelax,csl,63,0,init,,63,,0.44
dnarelax,csl,63,1,H-min,,63,,0.44
dnarelax,csl,63,2,s0.1,0.1,63,-32400.0,0.47
dnarelax,csl,63,3,s0.3,0.3,63,1170000.0,0.47
dnarelax,csl,63,4,s0.5,0.5,63,555000000.0,0.47
dnarelax,csl,63,5,s0.7,0.7,43,-76900.0,1.56
dnarelax,csl,63,6,s1.0,1.0,12,-76300.0,2.25
dnarelax,csl,63,7,final,,12,-76700.0,2.25
dnarelax,csl,64,0,init,,116,,0.48
dnarelax,csl,64,1,H-min,,116,,0.48
dnarelax,csl,64,2,s0.1,0.1,115,-15900.0,0.33
dnarelax,csl,64,3,s0.3,0.3,115,1330000.0,0.33
dnarelax,csl,64,4,s0.5,0.5,115,620000000.0,0.33
dnarelax,csl,64,5,s0.7,0.7,22,-75600.0,1.57
dnarelax,csl,64,6,s1.0,1.0,0,-82200.0,2.72
dnarelax,csl,64,7,final,,0,-83000.0,2.73
dnarelax,csl,65,0,init,,26,,0.57
dnarelax,csl,65,1,H-min,,26,,0.57
dnarelax,csl,65,2,s0.1,0.1,26,-10900.0,0.68
dnarelax,csl,65,3,s0.3,0.3,26,-10400.0,0.68
dnarelax,csl,65,4,s0.5,0.5,26,255000.0,0.68
dnarelax,csl,65,5,s0.7,0.7,6,-76400.0,1.58
dnarelax,csl,65,6,s1.0,1.0,0,-83900.0,2.67
dnarelax,csl,65,7,final,,0,-84400.0,2.66
dnarelax,csl,66,0,init,,78,,0.46
dnarelax,csl,66,1,H-min,,78,,0.46
dnarelax,csl,66,2,s0.1,0.1,77,-822000.0,0.21
dnarelax,csl,66,3,s0.3,0.3,77,284000000.0,0.21
dnarelax,csl,66,4,s0.5,0.5,63,-49100.0,1.41
dnarelax,csl,66,5,s0.7,0.7,28,-77000.0,1.54
dnarelax,csl,66,6,s1.0,1.0,0,-83200.0,2.71
dnarelax,csl,66,7,final,,0,-83800.0,2.69
dnarelax,nfat,1,0,init,,258,,0.39
dnarelax,nfat,1,1,H-min,,258,,0.39
dnarelax,nfat,1,2,s0.1,0.1,259,-12500.0,0.39
dnarelax,nfat,1,3,s0.3,0.3,259,2440000.0,0.39
dnarelax,nfat,1,4,s0.5,0.5,259,1130000000.0,0.39
dnarelax,nfat,1,5,s0.7,0.7,122,-42700.0,1.62
dnarelax,nfat,1,6,s1.0,1.0,34,-23000.0,2.21
dnarelax,nfat,1,7,final,,34,-23500.0,2.21
dnarelax,nfat,2,0,init,,93,,0.49
dnarelax,nfat,2,1,H-min,,93,,0.49
dnarelax,nfat,2,2,s0.05,0.05,93,-15700.0,0.53
dnarelax,nfat,2,3,s0.1,0.1,93,-15700.0,0.53
dnarelax,nfat,2,4,s0.2,0.2,93,-15600.0,0.53
dnarelax,nfat,2,5,s0.4,0.4,93,115000.0,0.53
dnarelax,nfat,2,6,s0.7,0.7,42,-48000.0,1.56
dnarelax,nfat,2,7,s1.0,1.0,0,-48000.0,2.59
dnarelax,nfat,2,2,s0.05,0.05,101,-15600.0,0.52
dnarelax,nfat,2,3,s0.1,0.1,101,-15600.0,0.52
dnarelax,nfat,2,4,s0.2,0.2,101,-15400.0,0.52
dnarelax,nfat,2,5,s0.4,0.4,101,1040000.0,0.52
dnarelax,nfat,2,6,s0.7,0.7,37,-47800.0,1.55
dnarelax,nfat,2,7,s1.0,1.0,0,-48100.0,2.67
dnarelax,nfat,2,2,s0.05,0.05,121,32600.0,0.43
dnarelax,nfat,2,3,s0.1,0.1,121,32600.0,0.43
dnarelax,nfat,2,4,s0.2,0.2,121,33000.0,0.43
dnarelax,nfat,2,5,s0.4,0.4,121,1810000.0,0.43
dnarelax,nfat,2,6,s0.7,0.7,54,-45200.0,1.57
dnarelax,nfat,2,7,s1.0,1.0,9,-39100.0,2.24
dnarelax,nfat,2,2,s0.05,0.05,178,120000.0,0.57
dnarelax,nfat,2,3,s0.1,0.1,178,122000.0,0.57
dnarelax,nfat,2,4,s0.2,0.2,178,7580000.0,0.57
dnarelax,nfat,2,5,s0.4,0.4,178,-3480000.0,0.6
dnarelax,nfat,2,6,s0.7,0.7,66,-43100.0,1.56
dnarelax,nfat,2,7,s1.0,1.0,11,-35700.0,2.06
dnarelax,nfat,2,2,s0.05,0.05,139,-87000.0,0.27
dnarelax,nfat,2,3,s0.1,0.1,139,-515000.0,0.27
dnarelax,nfat,2,4,s0.2,0.2,139,-1110000.0,0.27
dnarelax,nfat,2,5,s0.4,0.4,139,473000000.0,0.27
dnarelax,nfat,2,6,s0.7,0.7,77,-44100.0,1.59
dnarelax,nfat,2,7,s1.0,1.0,24,-34000.0,2.27
dnarelax,nfat,2,2,s0.05,0.05,170,-19100.0,0.1
dnarelax,nfat,2,3,s0.1,0.1,170,2230000.0,0.1
dnarelax,nfat,2,4,s0.2,0.2,162,203000.0,0.48
dnarelax,nfat,2,5,s0.4,0.4,162,638000.0,0.48
dnarelax,nfat,2,6,s0.7,0.7,85,-46000.0,1.64
dnarelax,nfat,2,7,s1.0,1.0,12,-40100.0,2.25
dnarelax,nfat,2,2,s0.05,0.05,191,-6820.0,0.46
dnarelax,nfat,2,3,s0.1,0.1,191,-11700.0,0.46
dnarelax,nfat,2,4,s0.2,0.2,191,2940000.0,0.46
dnarelax,nfat,2,5,s0.4,0.4,176,-30400.0,0.95
dnarelax,nfat,2,6,s0.7,0.7,67,-46300.0,1.65
dnarelax,nfat,2,7,s1.0,1.0,0,-47800.0,2.57
dnarelax,nfat,2,2,s0.05,0.05,307,-97600.0,0.1
dnarelax,nfat,2,3,s0.1,0.1,306,-40200.0,0.25
dnarelax,nfat,2,4,s0.2,0.2,306,167000.0,0.25
dnarelax,nfat,2,5,s0.4,0.4,306,855000000.0,0.25
dnarelax,nfat,2,6,s0.7,0.7,151,-41400.0,1.62
dnarelax,nfat,2,7,s1.0,1.0,23,-28600.0,2.21
dnarelax,nfat,2,2,s0.05,0.05,158,4020.0,0.18
dnarelax,nfat,2,3,s0.1,0.1,158,6600.0,0.18
dnarelax,nfat,2,4,s0.2,0.2,158,10900000.0,0.18
dnarelax,nfat,2,5,s0.4,0.4,158,44500000000.0,0.18
dnarelax,nfat,2,6,s0.7,0.7,72,-43600.0,1.7
dnarelax,nfat,2,7,s1.0,1.0,24,-33000.0,2.26
dnarelax,nfat,2,2,s0.05,0.05,128,-579000.0,0.26
dnarelax,nfat,2,3,s0.1,0.1,128,-579000.0,0.26
dnarelax,nfat,2,4,s0.2,0.2,128,-472000.0,0.26
dnarelax,nfat,2,5,s0.4,0.4,128,442000000.0,0.26
dnarelax,nfat,2,6,s0.7,0.7,94,-15500.0,1.71
dnarelax,nfat,2,7,s1.0,1.0,0,-47200.0,2.66
dnarelax,nfat,2,2,s0.05,0.05,114,-8350.0,0.59
dnarelax,nfat,2,3,s0.1,0.1,114,-8350.0,0.59
dnarelax,nfat,2,4,s0.2,0.2,114,-8350.0,0.59
dnarelax,nfat,2,5,s0.4,0.4,114,67700.0,0.59
dnarelax,nfat,2,6,s0.7,0.7,46,-47000.0,1.66
dnarelax,nfat,2,7,s1.0,1.0,0,-47500.0,2.56
dnarelax,nfat,2,2,s0.05,0.05,168,39000.0,0.54
dnarelax,nfat,2,3,s0.1,0.1,168,39800.0,0.54
dnarelax,nfat,2,4,s0.2,0.2,168,3500000.0,0.54
dnarelax,nfat,2,5,s0.4,0.4,168,14200000000.0,0.54
dnarelax,nfat,2,6,s0.7,0.7,52,-48100.0,1.54
dnarelax,nfat,2,7,s1.0,1.0,0,-47900.0,2.62
dnarelax,nfat,2,2,s0.05,0.05,106,-13900.0,0.61
dnarelax,nfat,2,3,s0.1,0.1,106,-13900.0,0.61
dnarelax,nfat,2,4,s0.2,0.2,106,-13900.0,0.61
dnarelax,nfat,2,5,s0.4,0.4,106,50000.0,0.61
dnarelax,nfat,2,6,s0.7,0.7,50,-47900.0,1.52
dnarelax,nfat,2,7,s1.0,1.0,0,-47900.0,2.62
dnarelax,nfat,2,2,s0.05,0.05,130,-110000.0,0.15
dnarelax,nfat,2,3,s0.1,0.1,130,-90800.0,0.15
dnarelax,nfat,2,4,s0.2,0.2,130,80100000.0,0.15
dnarelax,nfat,2,5,s0.4,0.4,130,329000000000.0,0.15
dnarelax,nfat,2,6,s0.7,0.7,61,-44500.0,1.58
dnarelax,nfat,2,7,s1.0,1.0,10,-36400.0,2.16
dnarelax,nfat,2,2,s0.05,0.05,151,7860.0,0.43
dnarelax,nfat,2,3,s0.1,0.1,151,-19800.0,0.43
dnarelax,nfat,2,4,s0.2,0.2,151,-432000.0,0.43
dnarelax,nfat,2,5,s0.4,0.4,151,1450000.0,0.43
dnarelax,nfat,2,2,s0.05,0.05,100,-17600.0,0.88
dnarelax,nfat,2,3,s0.1,0.1,100,-17600.0,0.88
dnarelax,nfat,2,4,s0.2,0.2,100,-17000.0,0.88
dnarelax,nfat,2,5,s0.4,0.4,94,-40200.0,1.03
dnarelax,nfat,2,6,s0.7,0.7,34,-47000.0,1.91
dnarelax,nfat,2,7,s1.0,1.0,0,-47700.0,2.65
dnarelax,nfat,2,2,s0.05,0.05,185,-7510.0,0.58
dnarelax,nfat,2,3,s0.1,0.1,185,-7510.0,0.58
dnarelax,nfat,2,4,s0.2,0.2,180,-39800.0,0.56
dnarelax,nfat,2,5,s0.4,0.4,180,65100.0,0.56
dnarelax,nfat,2,6,s0.7,0.7,84,-45400.0,1.62
dnarelax,nfat,2,7,s1.0,1.0,20,-36300.0,2.12
dnarelax,nfat,2,102,final,,0,-48000.0,2.59
dnarelax,nfat,3,0,init,,161,,0.51
dnarelax,nfat,3,1,H-min,,161,,0.51
dnarelax,nfat,3,2,s0.1,0.1,161,-12600.0,0.55
dnarelax,nfat,3,3,s0.3,0.3,161,-10300.0,0.55
dnarelax,nfat,3,4,s0.5,0.5,161,1110000.0,0.55
dnarelax,nfat,3,5,s0.7,0.7,53,-42400.0,1.56
dnarelax,nfat,3,6,s1.0,1.0,11,-39100.0,2.14
dnarelax,nfat,3,7,final,,11,-39100.0,2.14
dnarelax,nfat,4,0,init,,204,,0.41
dnarelax,nfat,4,1,H-min,,204,,0.41
dnarelax,nfat,4,2,s0.1,0.1,203,16400.0,0.41
dnarelax,nfat,4,3,s0.3,0.3,200,-55800.0,0.68
dnarelax,nfat,4,4,s0.5,0.5,200,-149000.0,0.68
dnarelax,nfat,4,5,s0.7,0.7,72,-43500.0,1.63
dnarelax,nfat,4,6,s1.0,1.0,0,-46500.0,2.58
dnarelax,nfat,4,7,final,,0,-47500.0,2.61
dnarelax,nfat,6,0,init,,223,,0.44
dnarelax,nfat,6,1,H-min,,223,,0.44
dnarelax,nfat,6,2,s0.1,0.1,221,34100.0,0.47
dnarelax,nfat,6,3,s0.3,0.3,221,56800.0,0.47
dnarelax,nfat,6,4,s0.5,0.5,221,10700000.0,0.47
dnarelax,nfat,6,5,s0.7,0.7,108,-41700.0,1.58
dnarelax,nfat,6,6,s1.0,1.0,12,-40000.0,2.28
dnarelax,nfat,6,7,final,,12,-40600.0,2.29
dnarelax,nfat,7,0,init,,106,,0.46
dnarelax,nfat,7,1,H-min,,106,,0.46
dnarelax,nfat,7,2,s0.1,0.1,105,20300.0,0.34
dnarelax,nfat,7,3,s0.3,0.3,105,1040000.0,0.34
dnarelax,nfat,7,4,s0.5,0.5,105,470000000.0,0.34
dnarelax,nfat,7,5,s0.7,0.7,69,-44100.0,1.56
dnarelax,nfat,7,6,s1.0,1.0,22,-30800.0,2.09
dnarelax,nfat,7,7,final,,22,-31400.0,2.09
dnarelax,nfat,8,0,init,,188,,0.41
dnarelax,nfat,8,1,H-min,,188,,0.41
dnarelax,nfat,8,2,s0.1,0.1,187,50000.0,0.46
dnarelax,nfat,8,3,s0.3,0.3,187,28600000000.0,0.46
dnarelax,nfat,8,4,s0.5,0.5,180,-18300.0,0.99
dnarelax,nfat,8,5,s0.7,0.7,180,117000.0,0.99
dnarelax,nfat,8,6,s1.0,1.0,22,-30100.0,2.16
dnarelax,nfat,8,7,final,,23,-31100.0,2.13
dnarelax,nfat,9,0,init,,129,,0.46
dnarelax,nfat,9,1,H-min,,129,,0.46
dnarelax,nfat,9,2,s0.1,0.1,128,-8350.0,0.46
dnarelax,nfat,9,3,s0.3,0.3,127,-14100.0,0.91
dnarelax,nfat,9,4,s0.5,0.5,127,-3880.0,0.91
dnarelax,nfat,9,5,s0.7,0.7,43,-44500.0,1.62
dnarelax,nfat,9,6,s1.0,1.0,0,-46900.0,2.72
dnarelax,nfat,9,7,final,,0,-47600.0,2.73
dnarelax,nfat,11,0,init,,132,,0.3
dnarelax,nfat,11,1,H-min,,132,,0.3
dnarelax,nfat,11,2,s0.1,0.1,132,-7910.0,0.23
dnarelax,nfat,11,3,s0.3,0.3,132,95600000.0,0.23
dnarelax,nfat,11,4,s0.5,0.5,132,43900000000.0,0.23
dnarelax,nfat,11,5,s0.7,0.7,38,-47800.0,1.63
dnarelax,nfat,11,6,s1.0,1.0,0,-47700.0,2.64
dnarelax,nfat,11,7,final,,0,-48200.0,2.61
dnarelax,nfat,12,0,init,,146,,0.42
dnarelax,nfat,12,1,H-min,,146,,0.42
dnarelax,nfat,12,2,s0.1,0.1,145,-14600.0,0.37
dnarelax,nfat,12,3,s0.3,0.3,145,170000.0,0.37
dnarelax,nfat,12,4,s0.5,0.5,145,85100000.0,0.37
dnarelax,nfat,12,5,s0.7,0.7,76,-43300.0,1.64
dnarelax,nfat,12,6,s1.0,1.0,0,-47200.0,2.57
dnarelax,nfat,12,7,final,,0,-47800.0,2.59
dnarelax,nfat,14,0,init,,93,,0.63
dnarelax,nfat,14,1,H-min,,93,,0.63
dnarelax,nfat,14,2,s0.1,0.1,93,-14200.0,0.64
dnarelax,nfat,14,3,s0.3,0.3,93,-19700.0,0.65
dnarelax,nfat,14,4,s0.5,0.5,94,-59000.0,0.89
dnarelax,nfat,14,5,s0.7,0.7,37,-45600.0,1.56
dnarelax,nfat,14,6,s1.0,1.0,0,-48100.0,2.64
dnarelax,nfat,14,7,final,,0,-48500.0,2.61
dnarelax,nfat,15,0,init,,137,,0.58
dnarelax,nfat,15,1,H-min,,137,,0.58
dnarelax,nfat,15,2,s0.1,0.1,131,-226000.0,0.73
dnarelax,nfat,15,3,s0.3,0.3,131,-226000.0,0.73
dnarelax,nfat,15,4,s0.5,0.5,131,-145000.0,0.73
dnarelax,nfat,15,5,s0.7,0.7,43,-43500.0,1.57
dnarelax,nfat,15,6,s1.0,1.0,0,-47000.0,2.65
dnarelax,nfat,15,7,final,,0,-47600.0,2.63
dnarelax,nfat,16,0,init,,106,,0.48
dnarelax,nfat,16,1,H-min,,106,,0.48
dnarelax,nfat,16,2,s0.1,0.1,105,-17400.0,0.53
dnarelax,nfat,16,3,s0.3,0.3,103,-35800.0,0.66
dnarelax,nfat,16,4,s0.5,0.5,93,-37900.0,1.23
dnarelax,nfat,16,5,s0.7,0.7,47,-45700.0,1.62
dnarelax,nfat,16,6,s1.0,1.0,0,-47600.0,2.57
dnarelax,nfat,16,7,final,,0,-48300.0,2.71
dnarelax,nfat,17,0,init,,136,,0.44
dnarelax,nfat,17,1,H-min,,136,,0.44
dnarelax,nfat,17,2,s0.1,0.1,133,-113000.0,0.39
dnarelax,nfat,17,3,s0.3,0.3,133,119000.0,0.39
dnarelax,nfat,17,4,s0.5,0.5,133,107000000.0,0.39
dnarelax,nfat,17,5,s0.7,0.7,75,-38800.0,1.5
dnarelax,nfat,17,6,s1.0,1.0,12,-39000.0,2.21
dnarelax,nfat,17,7,final,,12,-39500.0,2.21
dnarelax,nfat,18,0,init,,221,,0.31
dnarelax,nfat,18,1,H-min,,221,,0.31
dnarelax,nfat,18,2,s0.1,0.1,219,-10400.0,0.33
dnarelax,nfat,18,3,s0.3,0.3,219,-24600.0,0.67
dnarelax,nfat,18,4,s0.5,0.5,213,-35200.0,0.98
dnarelax,nfat,18,5,s0.7,0.7,94,-41000.0,1.53
dnarelax,nfat,18,6,s1.0,1.0,20,-27200.0,2.03
dnarelax,nfat,18,7,final,,20,-27900.0,2.03
dnarelax,nfat,19,0,init,,246,,0.12
dnarelax,nfat,19,1,H-min,,246,,0.12
dnarelax,nfat,19,2,s0.1,0.1,247,70600.0,0.14
dnarelax,nfat,19,3,s0.3,0.3,246,-49300000.0,0.65
dnarelax,nfat,19,4,s0.5,0.5,246,-179000000.0,0.65
dnarelax,nfat,19,5,s0.7,0.7,246,11400000.0,0.65
dnarelax,nfat,19,6,s1.0,1.0,10,-36800.0,2.12
dnarelax,nfat,19,7,final,,10,-38800.0,2.12
dnarelax,nfat,20,0,init,,102,,0.63
dnarelax,nfat,20,1,H-min,,102,,0.63
dnarelax,nfat,20,2,s0.1,0.1,96,-44400.0,0.53
dnarelax,nfat,20,3,s0.3,0.3,96,-39800.0,0.53
dnarelax,nfat,20,4,s0.5,0.5,96,2130000.0,0.53
dnarelax,nfat,20,5,s0.7,0.7,44,-43400.0,1.68
dnarelax,nfat,20,6,s1.0,1.0,0,-47900.0,2.72
dnarelax,nfat,20,7,final,,0,-47900.0,2.72
dnarelax,nfat,21,0,init,,175,,0.62
dnarelax,nfat,21,1,H-min,,175,,0.62
dnarelax,nfat,21,2,s0.1,0.1,175,-968.0,0.62
dnarelax,nfat,21,3,s0.3,0.3,175,2620.0,0.62
dnarelax,nfat,21,4,s0.5,0.5,162,-17300.0,1.02
dnarelax,nfat,21,5,s0.7,0.7,54,-43600.0,1.61
dnarelax,nfat,21,6,s1.0,1.0,0,-47000.0,2.75
dnarelax,nfat,21,7,final,,0,-47600.0,2.7
dnarelax,nfat,22,0,init,,152,,0.53
dnarelax,nfat,22,1,H-min,,152,,0.53
dnarelax,nfat,22,2,s0.1,0.1,153,-11000.0,0.56
dnarelax,nfat,22,3,s0.3,0.3,153,-5960.0,0.56
dnarelax,nfat,22,4,s0.5,0.5,153,2470000.0,0.56
dnarelax,nfat,22,5,s0.7,0.7,86,-43600.0,1.55
dnarelax,nfat,22,6,s1.0,1.0,13,-38700.0,2.1
dnarelax,nfat,22,7,final,,13,-39300.0,2.1
dnarelax,nfat,24,0,init,,155,,0.33
dnarelax,nfat,24,1,H-min,,155,,0.33
dnarelax,nfat,24,2,s0.1,0.1,152,-41100.0,0.22
dnarelax,nfat,24,3,s0.3,0.3,152,819000000.0,0.22
dnarelax,nfat,24,4,s0.5,0.5,152,376000000000.0,0.22
dnarelax,nfat,24,5,s0.7,0.7,75,-40800.0,1.55
dnarelax,nfat,24,6,s1.0,1.0,10,-25400.0,2.16
dnarelax,nfat,24,7,final,,10,-26000.0,2.16
dnarelax,nfat,25,0,init,,169,,0.24
dnarelax,nfat,25,1,H-min,,169,,0.24
dnarelax,nfat,25,2,s0.1,0.1,174,-150000.0,0.21
dnarelax,nfat,25,3,s0.3,0.3,174,4250000000.0,0.21
dnarelax,nfat,25,4,s0.5,0.5,170,180000.0,0.75
dnarelax,nfat,25,5,s0.7,0.7,75,-43500.0,1.55
dnarelax,nfat,25,6,s1.0,1.0,10,-39200.0,2.21
dnarelax,nfat,25,7,final,,10,-39900.0,2.21
dnarelax,nfat,26,0,init,,133,,0.35
dnarelax,nfat,26,1,H-min,,133,,0.35
dnarelax,nfat,26,2,s0.1,0.1,124,-102000.0,0.21
dnarelax,nfat,26,3,s0.3,0.3,124,361000000.0,0.21
dnarelax,nfat,26,4,s0.5,0.5,124,166000000000.0,0.21
dnarelax,nfat,26,5,s0.7,0.7,54,-45200.0,1.54
dnarelax,nfat,26,6,s1.0,1.0,0,-47600.0,2.56
dnarelax,nfat,26,7,final,,0,-48200.0,2.59
dnarelax,nfat,27,0,init,,154,,0.54
dnarelax,nfat,27,1,H-min,,154,,0.54
dnarelax,nfat,27,2,s0.1,0.1,141,-66800.0,0.21
dnarelax,nfat,27,3,s0.3,0.3,141,582000000.0,0.21
dnarelax,nfat,27,4,s0.5,0.5,141,267000000000.0,0.21
dnarelax,nfat,27,5,s0.7,0.7,65,-43700.0,1.64
dnarelax,nfat,27,6,s1.0,1.0,0,-46300.0,2.7
dnarelax,nfat,27,7,final,,0,-47200.0,2.67
dnarelax,nfat,29,0,init,,161,,0.44
dnarelax,nfat,29,1,H-min,,161,,0.44
dnarelax,nfat,29,2,s0.1,0.1,160,-14400.0,0.45
dnarelax,nfat,29,3,s0.3,0.3,160,10700.0,0.45
dnarelax,nfat,29,4,s0.5,0.5,160,11700000.0,0.45
dnarelax,nfat,29,5,s0.7,0.7,85,-41800.0,1.6
dnarelax,nfat,29,6,s1.0,1.0,23,-31700.0,2.15
dnarelax,nfat,29,7,final,,23,-32300.0,2.15
dnarelax,nfat,30,0,init,,158,,0.4
dnarelax,nfat,30,1,H-min,,158,,0.4
dnarelax,nfat,30,2,s0.1,0.1,156,-11000.0,0.41
dnarelax,nfat,30,3,s0.3,0.3,160,-38400.0,0.76
dnarelax,nfat,30,4,s0.5,0.5,160,28700.0,0.76
dnarelax,nfat,30,5,s0.7,0.7,76,-43900.0,1.61
dnarelax,nfat,30,6,s1.0,1.0,12,-39700.0,2.26
dnarelax,nfat,30,7,final,,12,-40600.0,2.25
dnarelax,nfat,31,0,init,,129,,0.57
dnarelax,nfat,31,1,H-min,,129,,0.57
dnarelax,nfat,31,2,s0.1,0.1,125,-19300.0,0.26
dnarelax,nfat,31,3,s0.3,0.3,119,250000.0,0.76
dnarelax,nfat,31,4,s0.5,0.5,119,3870000.0,0.76
dnarelax,nfat,31,5,s0.7,0.7,66,-42300.0,1.61
dnarelax,nfat,31,6,s1.0,1.0,0,-46600.0,2.72
dnarelax,nfat,31,7,final,,0,-47500.0,2.6
dnarelax,nfat,32,0,init,,153,,0.46
dnarelax,nfat,32,1,H-min,,153,,0.46
dnarelax,nfat,32,2,s0.1,0.1,153,-15900.0,0.5
dnarelax,nfat,32,3,s0.3,0.3,153,-6110.0,0.5
dnarelax,nfat,32,4,s0.5,0.5,153,4580000.0,0.5
dnarelax,nfat,32,5,s0.7,0.7,88,-41700.0,1.55
dnarelax,nfat,32,6,s1.0,1.0,21,-29500.0,2.13
dnarelax,nfat,32,7,final,,21,-30300.0,2.13
dnarelax,nfat,33,0,init,,80,,0.56
dnarelax,nfat,33,1,H-min,,80,,0.56
dnarelax,nfat,33,2,s0.1,0.1,80,-18200.0,0.49
dnarelax,nfat,33,3,s0.3,0.3,78,-43200.0,0.74
dnarelax,nfat,33,4,s0.5,0.5,78,132000.0,0.74
dnarelax,nfat,33,5,s0.7,0.7,78,10000000.0,0.74
dnarelax,nfat,33,6,s1.0,1.0,0,-47800.0,2.6
dnarelax,nfat,33,7,final,,0,-48400.0,2.59
dnarelax,nfat,34,0,init,,127,,0.3
dnarelax,nfat,34,1,H-min,,127,,0.3
dnarelax,nfat,34,2,s0.1,0.1,126,-14800.0,0.3
dnarelax,nfat,34,3,s0.3,0.3,126,3990000.0,0.3
dnarelax,nfat,34,4,s0.5,0.5,121,-42800.0,0.97
dnarelax,nfat,34,5,s0.7,0.7,121,207000.0,0.97
dnarelax,nfat,34,6,s1.0,1.0,0,-47300.0,2.58
dnarelax,nfat,34,7,final,,0,-48100.0,2.59
dnarelax,nfat,35,0,init,,197,,0.52
dnarelax,nfat,35,1,H-min,,197,,0.52
dnarelax,nfat,35,2,s0.1,0.1,197,-9450.0,0.54
dnarelax,nfat,35,3,s0.3,0.3,197,1490000.0,0.54
dnarelax,nfat,35,4,s0.5,0.5,197,691000000.0,0.54
dnarelax,nfat,35,5,s0.7,0.7,81,-43200.0,1.56
dnarelax,nfat,35,6,s1.0,1.0,0,-46400.0,2.57
dnarelax,nfat,35,7,final,,0,-47200.0,2.58
dnarelax,nfat,36,0,init,,239,,0.3
dnarelax,nfat,36,1,H-min,,239,,0.3
dnarelax,nfat,36,2,s0.1,0.1,239,-10600.0,0.33
dnarelax,nfat,36,3,s0.3,0.3,239,3480000.0,0.33
dnarelax,nfat,36,4,s0.5,0.5,239,1600000000.0,0.33
dnarelax,nfat,36,5,s0.7,0.7,129,-40400.0,1.63
dnarelax,nfat,36,6,s1.0,1.0,31,-25800.0,2.12
dnarelax,nfat,36,7,final,,32,-27100.0,2.11
dnarelax,nfat,38,0,init,,135,,0.3
dnarelax,nfat,38,1,H-min,,135,,0.3
dnarelax,nfat,38,2,s0.1,0.1,127,-54300.0,0.22
dnarelax,nfat,38,3,s0.3,0.3,127,994000000.0,0.22
dnarelax,nfat,38,4,s0.5,0.5,127,457000000000.0,0.22
dnarelax,nfat,38,5,s0.7,0.7,80,-41400.0,1.58
dnarelax,nfat,38,6,s1.0,1.0,16,-29800.0,2.11
dnarelax,nfat,38,7,final,,16,-30500.0,2.11
dnarelax,nfat,39,0,init,,173,,0.37
dnarelax,nfat,39,1,H-min,,173,,0.37
dnarelax,nfat,39,2,s0.1,0.1,172,14200.0,0.4
dnarelax,nfat,39,3,s0.3,0.3,170,-4610.0,0.81
dnarelax,nfat,39,4,s0.5,0.5,170,27100.0,0.81
dnarelax,nfat,39,5,s0.7,0.7,70,-42900.0,1.63
dnarelax,nfat,39,6,s1.0,1.0,11,-38900.0,2.15
dnarelax,nfat,39,7,final,,11,-39600.0,2.15
dnarelax,nfat,40,0,init,,159,,0.38
dnarelax,nfat,40,1,H-min,,159,,0.38
dnarelax,nfat,40,2,s0.1,0.1,158,16100.0,0.39
dnarelax,nfat,40,3,s0.3,0.3,158,153000.0,0.39
dnarelax,nfat,40,4,s0.5,0.5,151,-51600.0,0.95
dnarelax,nfat,40,5,s0.7,0.7,151,210000.0,0.95
dnarelax,nfat,40,6,s1.0,1.0,0,-45900.0,2.65
dnarelax,nfat,40,7,final,,0,-46800.0,2.74
dnarelax,nfat,41,0,init,,233,,0.12
dnarelax,nfat,41,1,H-min,,233,,0.12
dnarelax,nfat,41,2,s0.1,0.1,223,-20900.0,0.22
dnarelax,nfat,41,3,s0.3,0.3,198,-38600.0,0.67
dnarelax,nfat,41,4,s0.5,0.5,198,534000.0,0.67
dnarelax,nfat,41,5,s0.7,0.7,91,-43100.0,1.84
dnarelax,nfat,41,6,s1.0,1.0,0,-46000.0,2.64
dnarelax,nfat,41,7,final,,0,-46600.0,2.62
dnarelax,nfat,42,0,init,,162,,0.39
dnarelax,nfat,42,1,H-min,,162,,0.39
dnarelax,nfat,42,2,s0.1,0.1,156,-27300.0,0.33
dnarelax,nfat,42,3,s0.3,0.3,157,-101000000.0,0.53
dnarelax,nfat,42,4,s0.5,0.5,157,-3060000.0,0.53
dnarelax,nfat,42,5,s0.7,0.7,72,-43700.0,1.63
dnarelax,nfat,42,6,s1.0,1.0,12,-40800.0,2.3
dnarelax,nfat,42,7,final,,12,-41300.0,2.29
dnarelax,nfat,43,0,init,,115,,0.37
dnarelax,nfat,43,1,H-min,,115,,0.37
dnarelax,nfat,43,2,s0.1,0.1,114,-6840.0,0.38
dnarelax,nfat,43,3,s0.3,0.3,114,-15600.0,0.8
dnarelax,nfat,43,4,s0.5,0.5,114,11400.0,0.8
dnarelax,nfat,43,5,s0.7,0.7,50,-44700.0,1.63
dnarelax,nfat,43,6,s1.0,1.0,0,-47700.0,2.61
dnarelax,nfat,43,7,final,,0,-48200.0,2.58
dnarelax,nfat,45,0,init,,223,,0.35
dnarelax,nfat,45,1,H-min,,223,,0.35
dnarelax,nfat,45,2,s0.1,0.1,216,-110000.0,0.49
dnarelax,nfat,45,3,s0.3,0.3,216,-103000.0,0.49
dnarelax,nfat,45,4,s0.5,0.5,195,-11300.0,1.1
dnarelax,nfat,45,5,s0.7,0.7,124,-43000.0,1.6
dnarelax,nfat,45,6,s1.0,1.0,28,-25800.0,2.13
dnarelax,nfat,45,7,final,,28,-27100.0,2.13
dnarelax,nfat,46,0,init,,213,,0.39
dnarelax,nfat,46,1,H-min,,213,,0.39
dnarelax,nfat,46,2,s0.1,0.1,218,-578.0,0.21
dnarelax,nfat,46,3,s0.3,0.3,218,264000000.0,0.21
dnarelax,nfat,46,4,s0.5,0.5,218,121000000000.0,0.21
dnarelax,nfat,46,5,s0.7,0.7,95,-42000.0,1.56
dnarelax,nfat,46,6,s1.0,1.0,12,-39900.0,2.27
dnarelax,nfat,46,7,final,,12,-40800.0,2.27
dnarelax,nfat,47,0,init,,208,,0.2
dnarelax,nfat,47,1,H-min,,208,,0.2
dnarelax,nfat,47,2,s0.1,0.1,206,13900.0,0.27
dnarelax,nfat,47,3,s0.3,0.3,209,-1370000.0,0.61
dnarelax,nfat,47,4,s0.5,0.5,209,-2450000.0,0.61
dnarelax,nfat,47,5,s0.7,0.7,209,32900000.0,0.61
dnarelax,nfat,47,6,s1.0,1.0,0,-46700.0,2.5
dnarelax,nfat,47,7,final,,0,-47600.0,2.59
dnarelax,nfat,48,0,init,,104,,0.67
dnarelax,nfat,48,1,H-min,,104,,0.67
dnarelax,nfat,48,2,s0.1,0.1,103,-17500.0,0.68
dnarelax,nfat,48,3,s0.3,0.3,103,-17100.0,0.68
dnarelax,nfat,48,4,s0.5,0.5,90,-38100.0,1.28
dnarelax,nfat,48,5,s0.7,0.7,50,-46100.0,1.93
dnarelax,nfat,48,6,s1.0,1.0,0,-47700.0,2.54
dnarelax,nfat,48,7,final,,0,-48200.0,2.56
dnarelax,nfat,50,0,init,,230,,0.36
dnarelax,nfat,50,1,H-min,,230,,0.36
dnarelax,nfat,50,2,s0.1,0.1,229,-8990.0,0.39
dnarelax,nfat,50,3,s0.3,0.3,229,292000.0,0.39
dnarelax,nfat,50,4,s0.5,0.5,229,139000000.0,0.39
dnarelax,nfat,50,5,s0.7,0.7,135,-40800.0,1.6
dnarelax,nfat,50,6,s1.0,1.0,23,-29600.0,2.1
dnarelax,nfat,50,7,final,,22,-31000.0,2.1
dnarelax,nfat,51,0,init,,130,,0.55
dnarelax,nfat,51,1,H-min,,130,,0.55
dnarelax,nfat,51,2,s0.1,0.1,130,-2690000.0,0.51
dnarelax,nfat,51,3,s0.3,0.3,130,-6810000.0,0.51
dnarelax,nfat,51,4,s0.5,0.5,130,137000000.0,0.51
dnarelax,nfat,51,5,s0.7,0.7,72,-43700.0,1.56
dnarelax,nfat,51,6,s1.0,1.0,12,-40800.0,2.28
dnarelax,nfat,51,7,final,,12,-41200.0,2.29
dnarelax,nfat,52,0,init,,138,,0.41
dnarelax,nfat,52,1,H-min,,138,,0.41
dnarelax,nfat,52,2,s0.1,0.1,138,56800.0,0.43
dnarelax,nfat,52,3,s0.3,0.3,138,105000.0,0.43
dnarelax,nfat,52,4,s0.5,0.5,138,22300000.0,0.43
dnarelax,nfat,52,5,s0.7,0.7,57,-40800.0,1.56
dnarelax,nfat,52,6,s1.0,1.0,10,-35700.0,2.16
dnarelax,nfat,52,7,final,,10,-36500.0,2.16
dnarelax,nfat,53,0,init,,126,,0.66
dnarelax,nfat,53,1,H-min,,126,,0.66
dnarelax,nfat,53,2,s0.1,0.1,126,-7630.0,0.66
dnarelax,nfat,53,3,s0.3,0.3,126,-7520.0,0.66
dnarelax,nfat,53,4,s0.5,0.5,106,-65500.0,1.38
dnarelax,nfat,53,5,s0.7,0.7,65,-45000.0,1.9
dnarelax,nfat,53,6,s1.0,1.0,0,-46700.0,2.6
dnarelax,nfat,53,7,final,,0,-47400.0,2.57
dnarelax,nfat,54,0,init,,206,,0.5
dnarelax,nfat,54,1,H-min,,206,,0.5
dnarelax,nfat,54,2,s0.1,0.1,207,108000.0,0.49
dnarelax,nfat,54,3,s0.3,0.3,207,-355000.0,0.52
dnarelax,nfat,54,4,s0.5,0.5,207,521000.0,0.52
dnarelax,nfat,54,5,s0.7,0.7,74,-42500.0,1.55
dnarelax,nfat,54,6,s1.0,1.0,0,-46200.0,2.52
dnarelax,nfat,54,7,final,,0,-46900.0,2.57
dnarelax,nfat,55,0,init,,156,,0.28
dnarelax,nfat,55,1,H-min,,156,,0.28
dnarelax,nfat,55,2,s0.1,0.1,155,-12900.0,0.23
dnarelax,nfat,55,3,s0.3,0.3,148,-20400.0,0.74
dnarelax,nfat,55,4,s0.5,0.5,148,55000.0,0.74
dnarelax,nfat,55,5,s0.7,0.7,51,-44500.0,1.67
dnarelax,nfat,55,6,s1.0,1.0,0,-47200.0,2.72
dnarelax,nfat,55,7,final,,0,-47700.0,2.61
dnarelax,nfat,56,0,init,,123,,0.39
dnarelax,nfat,56,1,H-min,,123,,0.39
dnarelax,nfat,56,2,s0.1,0.1,123,-8800.0,0.38
dnarelax,nfat,56,3,s0.3,0.3,123,198000.0,0.38
dnarelax,nfat,56,4,s0.5,0.5,120,-121000.0,0.96
dnarelax,nfat,56,5,s0.7,0.7,120,-6970.0,0.96
dnarelax,nfat,56,6,s1.0,1.0,0,-47200.0,2.63
dnarelax,nfat,56,7,final,,0,-47700.0,2.56
dnarelax,nfat,57,0,init,,134,,0.3
dnarelax,nfat,57,1,H-min,,134,,0.3
dnarelax,nfat,57,2,s0.1,0.1,134,163000.0,0.29
dnarelax,nfat,57,3,s0.3,0.3,134,7170000.0,0.29
dnarelax,nfat,57,4,s0.5,0.5,134,3220000000.0,0.29
dnarelax,nfat,57,5,s0.7,0.7,47,-42800.0,1.65
dnarelax,nfat,57,6,s1.0,1.0,0,-47200.0,2.59
dnarelax,nfat,57,7,final,,0,-47900.0,2.64
dnarelax,nfat,59,0,init,,184,,0.41
dnarelax,nfat,59,1,H-min,,184,,0.41
dnarelax,nfat,59,2,s0.1,0.1,184,-40000.0,0.44
dnarelax,nfat,59,3,s0.3,0.3,184,99400.0,0.44
dnarelax,nfat,59,4,s0.5,0.5,184,-765000.0,0.83
dnarelax,nfat,59,5,s0.7,0.7,184,2270000.0,0.83
dnarelax,nfat,59,6,s1.0,1.0,12,-39100.0,2.26
dnarelax,nfat,59,7,final,,12,-40200.0,2.26
dnarelax,nfat,60,0,init,,300,,0.25
dnarelax,nfat,60,1,H-min,,300,,0.25
dnarelax,nfat,60,2,s0.1,0.1,298,43200.0,0.26
dnarelax,nfat,60,3,s0.3,0.3,298,19700000.0,0.26
dnarelax,nfat,60,4,s0.5,0.5,274,-19800.0,1.0
dnarelax,nfat,60,5,s0.7,0.7,274,81100.0,1.0
dnarelax,nfat,60,6,s1.0,1.0,22,-31200.0,2.18
dnarelax,nfat,60,7,final,,22,-32400.0,2.19
dnarelax,nfat,61,0,init,,113,,0.41
dnarelax,nfat,61,1,H-min,,113,,0.41
dnarelax,nfat,61,2,s0.1,0.1,113,-15400.0,0.42
dnarelax,nfat,61,3,s0.3,0.3,113,61200.0,0.42
dnarelax,nfat,61,4,s0.5,0.5,113,35300000.0,0.42
dnarelax,nfat,61,5,s0.7,0.7,52,-42500.0,1.66
dnarelax,nfat,61,6,s1.0,1.0,9,-38800.0,2.18
dnarelax,nfat,61,7,final,,8,-39400.0,2.18
dnarelax,nfat,62,0,init,,140,,0.22
dnarelax,nfat,62,1,H-min,,140,,0.22
dnarelax,nfat,62,2,s0.1,0.1,135,-61000.0,0.21
dnarelax,nfat,62,3,s0.3,0.3,135,1620000000.0,0.21
dnarelax,nfat,62,4,s0.5,0.5,99,-38100.0,1.31
dnarelax,nfat,62,5,s0.7,0.7,47,-44900.0,1.6
dnarelax,nfat,62,6,s1.0,1.0,0,-47200.0,2.63
dnarelax,nfat,62,7,final,,0,-47800.0,2.7
dnarelax,nfat,64,0,init,,158,,0.47
dnarelax,nfat,64,1,H-min,,158,,0.47
dnarelax,nfat,64,2,s0.1,0.1,157,-9340.0,0.49
dnarelax,nfat,64,3,s0.3,0.3,152,-44600.0,0.72
dnarelax,nfat,64,4,s0.5,0.5,152,571000.0,0.72
dnarelax,nfat,64,5,s0.7,0.7,76,-44800.0,1.54
dnarelax,nfat,64,6,s1.0,1.0,0,-47100.0,2.57
dnarelax,nfat,64,7,final,,0,-47600.0,2.56
dnarelax,nfat,66,0,init,,151,,0.51
dnarelax,nfat,66,1,H-min,,151,,0.51
dnarelax,nfat,66,2,s0.1,0.1,151,4790.0,0.53
dnarelax,nfat,66,3,s0.3,0.3,151,7280.0,0.53
dnarelax,nfat,66,4,s0.5,0.5,151,1210000.0,0.53
dnarelax,nfat,66,5,s0.7,0.7,55,-45100.0,1.54
dnarelax,nfat,66,6,s1.0,1.0,0,-47000.0,2.6
dnarelax,nfat,66,7,final,,0,-47500.0,2.59
dnarelax,nfat,67,0,init,,111,,0.62
dnarelax,nfat,67,1,H-min,,111,,0.62
dnarelax,nfat,67,2,s0.1,0.1,111,113000.0,0.64
dnarelax,nfat,67,3,s0.3,0.3,111,113000.0,0.64
dnarelax,nfat,67,4,s0.5,0.5,111,518000.0,0.64
dnarelax,nfat,67,5,s0.7,0.7,55,-43700.0,1.62
dnarelax,nfat,67,6,s1.0,1.0,0,-47300.0,2.61
dnarelax,nfat,67,7,final,,0,-47300.0,2.61
dnarelax,nfat,68,0,init,,197,,0.37
dnarelax,nfat,68,1,H-min,,197,,0.37
dnarelax,nfat,68,2,s0.1,0.1,196,-10500.0,0.4
dnarelax,nfat,68,3,s0.3,0.3,196,148000.0,0.4
dnarelax,nfat,68,4,s0.5,0.5,196,73100000.0,0.4
dnarelax,nfat,68,5,s0.7,0.7,114,-43000.0,1.55
dnarelax,nfat,68,6,s1.0,1.0,12,-39300.0,2.28
dnarelax,nfat,68,7,final,,12,-40000.0,2.28
dnarelax,nfat,69,0,init,,185,,0.48
dnarelax,nfat,69,1,H-min,,185,,0.48
dnarelax,nfat,69,2,s0.1,0.1,184,-8740.0,0.37
dnarelax,nfat,69,3,s0.3,0.3,184,-41500.0,0.64
dnarelax,nfat,69,4,s0.5,0.5,184,884000.0,0.64
dnarelax,nfat,69,5,s0.7,0.7,92,-41700.0,1.65
dnarelax,nfat,69,6,s1.0,1.0,10,-38600.0,2.22
dnarelax,nfat,69,7,final,,10,-39100.0,2.21
dnarelax,nfat,70,0,init,,209,,0.22
dnarelax,nfat,70,1,H-min,,209,,0.22
dnarelax,nfat,70,2,s0.1,0.1,208,-44400.0,0.21
dnarelax,nfat,70,3,s0.3,0.3,208,1540000000.0,0.21
dnarelax,nfat,70,4,s0.5,0.5,208,706000000000.0,0.21
dnarelax,nfat,70,5,s0.7,0.7,99,-42600.0,1.61
dnarelax,nfat,70,6,s1.0,1.0,0,-45800.0,2.58
dnarelax,nfat,70,7,final,,0,-47000.0,2.62
dnarelax,nfat,71,0,init,,216,,0.57
dnarelax,nfat,71,1,H-min,,216,,0.57
dnarelax,nfat,71,2,s0.1,0.1,214,-1740.0,0.57
dnarelax,nfat,71,3,s0.3,0.3,214,3950.0,0.57
dnarelax,nfat,71,4,s0.5,0.5,214,2770000.0,0.57
dnarelax,nfat,71,5,s0.7,0.7,100,-40900.0,1.6
dnarelax,nfat,71,6,s1.0,1.0,22,-30200.0,2.22
dnarelax,nfat,71,7,final,,22,-30900.0,2.22
dnarelax,runx,1,0,init,,32,,0.42
dnarelax,runx,1,1,H-min,,32,,0.42
dnarelax,runx,1,2,s0.1,0.1,41,-58700.0,0.21
dnarelax,runx,1,3,s0.3,0.3,41,941000000.0,0.21
dnarelax,runx,1,4,s0.5,0.5,41,432000000000.0,0.21
dnarelax,runx,1,5,s0.7,0.7,11,-46600.0,1.94
dnarelax,runx,1,6,s1.0,1.0,0,-47500.0,2.74
dnarelax,runx,1,7,final,,0,-47500.0,2.74
dnarelax,runx,2,0,init,,20,,0.56
dnarelax,runx,2,1,H-min,,20,,0.56
dnarelax,runx,2,2,s0.1,0.1,21,-30300.0,0.58
dnarelax,runx,2,3,s0.3,0.3,21,-41400.0,0.58
dnarelax,runx,2,4,s0.5,0.5,21,-95400.0,0.97
dnarelax,runx,2,5,s0.7,0.7,21,-21900.0,0.97
dnarelax,runx,2,6,s1.0,1.0,0,-47400.0,2.78
dnarelax,runx,2,7,final,,0,-47600.0,2.76
dnarelax,runx,3,0,init,,43,,0.67
dnarelax,runx,3,1,H-min,,43,,0.67
dnarelax,runx,3,2,s0.1,0.1,43,-25400.0,0.68
dnarelax,runx,3,3,s0.3,0.3,43,-25200.0,0.68
dnarelax,runx,3,4,s0.5,0.5,43,91000.0,0.68
dnarelax,runx,3,5,s0.7,0.7,18,-45700.0,1.55
dnarelax,runx,3,6,s1.0,1.0,0,-46900.0,2.6
dnarelax,runx,3,7,final,,0,-47300.0,2.66
dnarelax,runx,4,0,init,,17,,0.74
dnarelax,runx,4,1,H-min,,17,,0.74
dnarelax,runx,4,2,s0.1,0.1,17,-28400.0,0.75
dnarelax,runx,4,3,s0.3,0.3,17,-28300.0,0.75
dnarelax,runx,4,4,s0.5,0.5,17,-4590.0,0.75
dnarelax,runx,4,5,s0.7,0.7,9,-45800.0,1.56
dnarelax,runx,4,6,s1.0,1.0,0,-47500.0,2.67
dnarelax,runx,4,7,final,,0,-47500.0,2.67
dnarelax,runx,5,0,init,,15,,1.36
dnarelax,runx,5,1,H-min,,15,,1.36
dnarelax,runx,5,2,s0.1,0.1,15,-19500.0,1.37
dnarelax,runx,5,3,s0.3,0.3,15,-19500.0,1.37
dnarelax,runx,5,4,s0.5,0.5,15,-19800.0,1.37
dnarelax,runx,5,5,s0.7,0.7,14,-45500.0,2.0
dnarelax,runx,5,6,s1.0,1.0,0,-47500.0,2.75
dnarelax,runx,5,7,final,,0,-47500.0,2.75
dnarelax,runx,6,0,init,,76,,0.41
dnarelax,runx,6,1,H-min,,76,,0.41
dnarelax,runx,6,2,s0.05,0.05,77,-21600.0,0.43
dnarelax,runx,6,3,s0.1,0.1,77,-21600.0,0.43
dnarelax,runx,6,4,s0.2,0.2,77,-20500.0,0.43
dnarelax,runx,6,5,s0.4,0.4,77,4880000.0,0.43
dnarelax,runx,6,6,s0.7,0.7,27,-46600.0,1.57
dnarelax,runx,6,7,s1.0,1.0,0,-47100.0,2.62
dnarelax,runx,6,2,s0.05,0.05,85,-20000.0,0.37
dnarelax,runx,6,3,s0.1,0.1,85,-20000.0,0.37
dnarelax,runx,6,4,s0.2,0.2,72,-68100.0,0.74
dnarelax,runx,6,5,s0.4,0.4,72,2370000.0,0.74
dnarelax,runx,6,6,s0.7,0.7,35,-46400.0,1.71
dnarelax,runx,6,7,s1.0,1.0,10,-39000.0,2.23
dnarelax,runx,6,2,s0.05,0.05,99,-11200.0,0.55
dnarelax,runx,6,3,s0.1,0.1,99,-33900.0,0.35
dnarelax,runx,6,4,s0.2,0.2,99,-30900.0,0.35
dnarelax,runx,6,5,s0.4,0.4,99,12700000.0,0.35
dnarelax,runx,6,6,s0.7,0.7,40,-47000.0,1.56
dnarelax,runx,6,7,s1.0,1.0,0,-47200.0,2.65
dnarelax,runx,6,2,s0.05,0.05,129,-19700.0,0.35
dnarelax,runx,6,3,s0.1,0.1,129,-19700.0,0.35
dnarelax,runx,6,4,s0.2,0.2,129,-17000.0,0.35
dnarelax,runx,6,5,s0.4,0.4,129,11500000.0,0.35
dnarelax,runx,6,6,s0.7,0.7,62,-44700.0,1.54
dnarelax,runx,6,7,s1.0,1.0,0,-46600.0,2.72
dnarelax,runx,6,2,s0.05,0.05,52,-23500.0,0.55
dnarelax,runx,6,3,s0.1,0.1,52,-23500.0,0.55
dnarelax,runx,6,4,s0.2,0.2,52,-23500.0,0.55
dnarelax,runx,6,5,s0.4,0.4,52,81400.0,0.55
dnarelax,runx,6,6,s0.7,0.7,23,-46700.0,1.92
dnarelax,runx,6,7,s1.0,1.0,0,-47200.0,2.67
dnarelax,runx,6,2,s0.05,0.05,67,-25900.0,0.7
dnarelax,runx,6,3,s0.1,0.1,67,-25900.0,0.7
dnarelax,runx,6,4,s0.2,0.2,67,-25900.0,0.7
dnarelax,runx,6,5,s0.4,0.4,63,-38500.0,0.94
dnarelax,runx,6,6,s0.7,0.7,26,-47700.0,1.83
dnarelax,runx,6,7,s1.0,1.0,0,-47400.0,2.7
dnarelax,runx,6,2,s0.05,0.05,344,-63100.0,0.08
dnarelax,runx,6,3,s0.1,0.1,338,-23200.0,0.23
dnarelax,runx,6,4,s0.2,0.2,338,1140000.0,0.23
dnarelax,runx,6,5,s0.4,0.4,338,4780000000.0,0.23
dnarelax,runx,6,6,s0.7,0.7,129,-44200.0,1.64
dnarelax,runx,6,7,s1.0,1.0,32,-27800.0,2.12
dnarelax,runx,6,2,s0.05,0.05,163,-18600.0,0.3
dnarelax,runx,6,3,s0.1,0.1,160,-43700.0,0.22
dnarelax,runx,6,4,s0.2,0.2,158,-104000.0,0.38
dnarelax,runx,6,5,s0.4,0.4,158,11500000.0,0.38
dnarelax,runx,6,6,s0.7,0.7,95,-44700.0,1.64
dnarelax,runx,6,7,s1.0,1.0,23,-30800.0,2.13
dnarelax,runx,6,2,s0.05,0.05,43,-25700.0,0.64
dnarelax,runx,6,3,s0.1,0.1,43,-25700.0,0.64
dnarelax,runx,6,4,s0.2,0.2,43,-25700.0,0.64
dnarelax,runx,6,5,s0.4,0.4,42,-39700.0,0.99
dnarelax,runx,6,6,s0.7,0.7,31,-47100.0,1.91
dnarelax,runx,6,7,s1.0,1.0,0,-47000.0,2.77
dnarelax,runx,6,56,final,,0,-47100.0,2.62
dnarelax,runx,7,0,init,,139,,0.5
dnarelax,runx,7,1,H-min,,139,,0.5
dnarelax,runx,7,2,s0.1,0.1,127,-36000.0,0.22
dnarelax,runx,7,3,s0.3,0.3,127,112000000.0,0.22
dnarelax,runx,7,4,s0.5,0.5,118,-107000.0,0.96
dnarelax,runx,7,5,s0.7,0.7,118,66800.0,0.96
dnarelax,runx,7,6,s1.0,1.0,0,-46600.0,2.75
dnarelax,runx,7,7,final,,0,-46600.0,2.75
dnarelax,runx,8,0,init,,21,,1.3
dnarelax,runx,8,1,H-min,,21,,1.3
dnarelax,runx,8,2,s0.1,0.1,21,-27200.0,1.3
dnarelax,runx,8,3,s0.3,0.3,21,-27200.0,1.3
dnarelax,runx,8,4,s0.5,0.5,21,-27400.0,1.3
dnarelax,runx,8,5,s0.7,0.7,24,-46500.0,2.03
dnarelax,runx,8,6,s1.0,1.0,0,-47200.0,2.75
dnarelax,runx,8,7,final,,0,-47200.0,2.75
dnarelax,runx,9,0,init,,94,,0.43
dnarelax,runx,9,1,H-min,,94,,0.43
dnarelax,runx,9,2,s0.1,0.1,88,-259000.0,0.21
dnarelax,runx,9,3,s0.3,0.3,83,-36200.0,0.61
dnarelax,runx,9,4,s0.5,0.5,83,595000.0,0.61
dnarelax,runx,9,5,s0.7,0.7,83,36000000.0,0.61
dnarelax,runx,9,6,s1.0,1.0,17,-28200.0,2.1
dnarelax,runx,9,7,final,,17,-28800.0,2.1
dnarelax,runx,10,0,init,,91,,0.23
dnarelax,runx,10,1,H-min,,91,,0.23
dnarelax,runx,10,2,s0.1,0.1,100,-79600.0,0.21
dnarelax,runx,10,3,s0.3,0.3,100,1810000000.0,0.21
dnarelax,runx,10,4,s0.5,0.5,100,830000000000.0,0.21
dnarelax,runx,10,5,s0.7,0.7,56,-41600.0,1.56
dnarelax,runx,10,6,s1.0,1.0,15,-31400.0,2.13
dnarelax,runx,10,7,final,,16,-31900.0,2.13
dnarelax,runx,11,0,init,,16,,0.49
dnarelax,runx,11,1,H-min,,16,,0.49
dnarelax,runx,11,2,s0.1,0.1,16,-26500.0,0.56
dnarelax,runx,11,3,s0.3,0.3,16,-24400.0,0.56
dnarelax,runx,11,4,s0.5,0.5,16,1000000.0,0.56
dnarelax,runx,11,5,s0.7,0.7,11,-46200.0,1.97
dnarelax,runx,11,6,s1.0,1.0,0,-47500.0,2.75
dnarelax,runx,11,7,final,,0,-47500.0,2.75
dnarelax,runx,12,0,init,,23,,1.11
dnarelax,runx,12,1,H-min,,23,,1.11
dnarelax,runx,12,2,s0.1,0.1,17,-63500.0,1.41
dnarelax,runx,12,3,s0.3,0.3,17,-63600.0,1.41
dnarelax,runx,12,4,s0.5,0.5,17,-61200.0,1.41
dnarelax,runx,12,5,s0.7,0.7,15,-46000.0,1.9
dnarelax,runx,12,6,s1.0,1.0,0,-47600.0,2.71
dnarelax,runx,12,7,final,,0,-47600.0,2.71
dnarelax,runx,13,0,init,,26,,0.51
dnarelax,runx,13,1,H-min,,26,,0.51
dnarelax,runx,13,2,s0.1,0.1,26,-26700.0,0.52
dnarelax,runx,13,3,s0.3,0.3,26,-36900.0,0.75
dnarelax,runx,13,4,s0.5,0.5,26,4990.0,0.75
dnarelax,runx,13,5,s0.7,0.7,26,2380000.0,0.75
dnarelax,runx,13,6,s1.0,1.0,0,-47400.0,2.61
dnarelax,runx,13,7,final,,0,-47600.0,2.62
dnarelax,runx,14,0,init,,46,,0.54
dnarelax,runx,14,1,H-min,,46,,0.54
dnarelax,runx,14,2,s0.1,0.1,56,-56300.0,0.21
dnarelax,runx,14,3,s0.3,0.3,56,953000000.0,0.21
dnarelax,runx,14,4,s0.5,0.5,56,438000000000.0,0.21
dnarelax,runx,14,5,s0.7,0.7,31,-44700.0,1.82
dnarelax,runx,14,6,s1.0,1.0,0,-47100.0,2.6
dnarelax,runx,14,7,final,,0,-47400.0,2.67
dnarelax,runx,15,0,init,,69,,0.64
dnarelax,runx,15,1,H-min,,69,,0.64
dnarelax,runx,15,2,s0.1,0.1,76,-70900.0,0.22
dnarelax,runx,15,3,s0.3,0.3,59,-46700.0,0.73
dnarelax,runx,15,4,s0.5,0.5,59,402000.0,0.73
dnarelax,runx,15,5,s0.7,0.7,32,-47900.0,1.99
dnarelax,runx,15,6,s1.0,1.0,0,-47400.0,2.71
dnarelax,runx,15,7,final,,0,-47400.0,2.71
dnarelax,runx,16,0,init,,115,,0.33
dnarelax,runx,16,1,H-min,,115,,0.33
dnarelax,runx,16,2,s0.1,0.1,123,-83700.0,0.21
dnarelax,runx,16,3,s0.3,0.3,127,-63200.0,0.71
dnarelax,runx,16,4,s0.5,0.5,127,1750000.0,0.71
dnarelax,runx,16,5,s0.7,0.7,45,-44600.0,1.66
dnarelax,runx,16,6,s1.0,1.0,10,-38300.0,2.2
dnarelax,runx,16,7,final,,10,-38300.0,2.2
dnarelax,runx,17,0,init,,201,,0.33
dnarelax,runx,17,1,H-min,,201,,0.33
dnarelax,runx,17,2,s0.1,0.1,201,-2490.0,0.33
dnarelax,runx,17,3,s0.3,0.3,201,1070000.0,0.33
dnarelax,runx,17,4,s0.5,0.5,201,491000000.0,0.33
dnarelax,runx,17,5,s0.7,0.7,99,-39900.0,1.54
dnarelax,runx,17,6,s1.0,1.0,27,-26100.0,2.12
dnarelax,runx,17,7,final,,30,-27100.0,2.12
dnarelax,runx,18,0,init,,13,,0.57
dnarelax,runx,18,1,H-min,,13,,0.57
dnarelax,runx,18,2,s0.1,0.1,13,-27300.0,0.58
dnarelax,runx,18,3,s0.3,0.3,13,-26100.0,0.58
dnarelax,runx,18,4,s0.5,0.5,13,575000.0,0.58
dnarelax,runx,18,5,s0.7,0.7,21,-48000.0,1.92
dnarelax,runx,18,6,s1.0,1.0,0,-47700.0,2.71
dnarelax,runx,18,7,final,,0,-47700.0,2.71
dnarelax,runx,20,0,init,,11,,1.2
dnarelax,runx,20,1,H-min,,11,,1.2
dnarelax,runx,20,2,s0.1,0.1,10,-39400.0,1.49
dnarelax,runx,20,3,s0.3,0.3,10,-40900.0,1.49
dnarelax,runx,20,4,s0.5,0.5,10,-40900.0,1.49
dnarelax,runx,20,5,s0.7,0.7,6,-47700.0,1.97
dnarelax,runx,20,6,s1.0,1.0,0,-47500.0,2.7
dnarelax,runx,20,7,final,,0,-47700.0,2.74
dnarelax,runx,23,0,init,,12,,1.2
dnarelax,runx,23,1,H-min,,12,,1.2
dnarelax,runx,23,2,s0.1,0.1,12,-27100.0,1.2
dnarelax,runx,23,3,s0.3,0.3,12,-27100.0,1.2
dnarelax,runx,23,4,s0.5,0.5,12,-27200.0,1.2
dnarelax,runx,23,5,s0.7,0.7,7,-47400.0,1.94
dnarelax,runx,23,6,s1.0,1.0,0,-47600.0,2.71
dnarelax,runx,23,7,final,,0,-47600.0,2.71
dnarelax,runx,24,0,init,,46,,0.93
dnarelax,runx,24,1,H-min,,46,,0.93
dnarelax,runx,24,2,s0.1,0.1,39,-65200.0,0.21
dnarelax,runx,24,3,s0.3,0.3,25,-1440.0,0.63
dnarelax,runx,24,4,s0.5,0.5,25,747000.0,0.63
dnarelax,runx,24,5,s0.7,0.7,24,-47600.0,1.91
dnarelax,runx,24,6,s1.0,1.0,0,-47400.0,2.74
dnarelax,runx,24,7,final,,0,-47600.0,2.72
dnarelax,runx,25,0,init,,85,,0.62
dnarelax,runx,25,1,H-min,,85,,0.62
dnarelax,runx,25,2,s0.1,0.1,85,-25700.0,0.62
dnarelax,runx,25,3,s0.3,0.3,85,-25200.0,0.62
dnarelax,runx,25,4,s0.5,0.5,69,-41500.0,1.34
dnarelax,runx,25,5,s0.7,0.7,20,-46900.0,1.88
dnarelax,runx,25,6,s1.0,1.0,0,-47300.0,2.78
dnarelax,runx,25,7,final,,0,-47300.0,2.78
dnarelax,runx,26,0,init,,17,,1.16
dnarelax,runx,26,1,H-min,,17,,1.16
dnarelax,runx,26,2,s0.1,0.1,23,-55100.0,1.12
dnarelax,runx,26,3,s0.3,0.3,19,-45900.0,0.73
dnarelax,runx,26,4,s0.5,0.5,19,389000.0,0.73
dnarelax,runx,26,5,s0.7,0.7,11,-47000.0,1.98
dnarelax,runx,26,6,s1.0,1.0,0,-47500.0,2.77
dnarelax,runx,26,7,final,,0,-47600.0,2.76
dnarelax,runx,27,0,init,,141,,0.46
dnarelax,runx,27,1,H-min,,141,,0.46
dnarelax,runx,27,2,s0.1,0.1,144,-65400.0,0.21
dnarelax,runx,27,3,s0.3,0.3,144,1730000000.0,0.21
dnarelax,runx,27,4,s0.5,0.5,135,-33800.0,1.16
dnarelax,runx,27,5,s0.7,0.7,93,-43000.0,1.65
dnarelax,runx,27,6,s1.0,1.0,12,-37300.0,2.2
dnarelax,runx,27,7,final,,12,-37300.0,2.2
dnarelax,runx,29,0,init,,14,,1.33
dnarelax,runx,29,1,H-min,,14,,1.33
dnarelax,runx,29,2,s0.1,0.1,14,-29300.0,1.33
dnarelax,runx,29,3,s0.3,0.3,13,-310000.0,1.3
dnarelax,runx,29,4,s0.5,0.5,13,-217000.0,1.3
dnarelax,runx,29,5,s0.7,0.7,12,-46100.0,1.94
dnarelax,runx,29,6,s1.0,1.0,0,-47500.0,2.74
dnarelax,runx,29,7,final,,0,-47500.0,2.74
dnarelax,runx,30,0,init,,58,,0.68
dnarelax,runx,30,1,H-min,,58,,0.68
dnarelax,runx,30,2,s0.1,0.1,58,-26600.0,0.69
dnarelax,runx,30,3,s0.3,0.3,52,-40600.0,0.86
dnarelax,runx,30,4,s0.5,0.5,52,-30900.0,0.86
dnarelax,runx,30,5,s0.7,0.7,29,-45600.0,1.94
dnarelax,runx,30,6,s1.0,1.0,0,-46900.0,2.74
dnarelax,runx,30,7,final,,0,-46900.0,2.74
dnarelax,runx,32,0,init,,64,,0.74
dnarelax,runx,32,1,H-min,,64,,0.74
dnarelax,runx,32,2,s0.1,0.1,64,-24700.0,0.76
dnarelax,runx,32,3,s0.3,0.3,69,-57000.0,0.73
dnarelax,runx,32,4,s0.5,0.5,61,-46200.0,1.33
dnarelax,runx,32,5,s0.7,0.7,31,-45700.0,1.77
dnarelax,runx,32,6,s1.0,1.0,0,-47200.0,2.76
dnarelax,runx,32,7,final,,0,-47200.0,2.76
dnarelax,runx,33,0,init,,83,,0.2
dnarelax,runx,33,1,H-min,,83,,0.2
dnarelax,runx,33,2,s0.1,0.1,81,-61800.0,0.22
dnarelax,runx,33,3,s0.3,0.3,81,1450000000.0,0.22
dnarelax,runx,33,4,s0.5,0.5,81,667000000000.0,0.22
dnarelax,runx,33,5,s0.7,0.7,26,-46900.0,1.94
dnarelax,runx,33,6,s1.0,1.0,0,-46800.0,2.76
dnarelax,runx,33,7,final,,0,-46800.0,2.76
dnarelax,runx,34,0,init,,10,,1.18
dnarelax,runx,34,1,H-min,,10,,1.18
dnarelax,runx,34,2,s0.1,0.1,10,-28100.0,1.18
dnarelax,runx,34,3,s0.3,0.3,10,-28100.0,1.18
dnarelax,runx,34,4,s0.5,0.5,15,-53700.0,1.54
dnarelax,runx,34,5,s0.7,0.7,11,-47600.0,1.8
dnarelax,runx,34,6,s1.0,1.0,0,-47500.0,2.76
dnarelax,runx,34,7,final,,0,-47500.0,2.76
dnarelax,runx,35,0,init,,71,,0.52
dnarelax,runx,35,1,H-min,,71,,0.52
dnarelax,runx,35,2,s0.1,0.1,79,-73200.0,0.22
dnarelax,runx,35,3,s0.3,0.3,73,-56100.0,0.72
dnarelax,runx,35,4,s0.5,0.5,69,-44700.0,1.12
dnarelax,runx,35,5,s0.7,0.7,22,-47700.0,1.7
dnarelax,runx,35,6,s1.0,1.0,0,-47600.0,2.68
dnarelax,runx,35,7,final,,0,-47600.0,2.68
dnarelax,runx,36,0,init,,24,,1.33
dnarelax,runx,36,1,H-min,,24,,1.33
dnarelax,runx,36,2,s0.1,0.1,21,-51000.0,1.1
dnarelax,runx,36,3,s0.3,0.3,14,-46100.0,1.42
dnarelax,runx,36,4,s0.5,0.5,14,-126000.0,1.67
dnarelax,runx,36,5,s0.7,0.7,5,-45700.0,2.0
dnarelax,runx,36,6,s1.0,1.0,0,-47000.0,2.75
dnarelax,runx,36,7,final,,0,-47100.0,2.77
dnarelax,runx,37,0,init,,25,,0.94
dnarelax,runx,37,1,H-min,,25,,0.94
dnarelax,runx,37,2,s0.1,0.1,25,-28900.0,0.94
dnarelax,runx,37,3,s0.3,0.3,25,-28900.0,0.94
dnarelax,runx,37,4,s0.5,0.5,25,-27500.0,0.94
dnarelax,runx,37,5,s0.7,0.7,12,-47500.0,1.8
dnarelax,runx,37,6,s1.0,1.0,0,-47500.0,2.68
dnarelax,runx,37,7,final,,0,-47500.0,2.68
dnarelax,runx,38,0,init,,46,,0.94
dnarelax,runx,38,1,H-min,,46,,0.94
dnarelax,runx,38,2,s0.1,0.1,51,-48800.0,0.95
dnarelax,runx,38,3,s0.3,0.3,51,509000000.0,0.95
dnarelax,runx,38,4,s0.5,0.5,51,234000000000.0,0.95
dnarelax,runx,38,5,s0.7,0.7,27,-45800.0,1.56
dnarelax,runx,38,6,s1.0,1.0,0,-47200.0,2.63
dnarelax,runx,38,7,final,,0,-47400.0,2.63
dnarelax,runx,39,0,init,,41,,0.75
dnarelax,runx,39,1,H-min,,41,,0.75
dnarelax,runx,39,2,s0.1,0.1,51,-88000.0,0.21
dnarelax,runx,39,3,s0.3,0.3,51,2930000000.0,0.21
dnarelax,runx,39,4,s0.5,0.5,32,-36200.0,1.24
dnarelax,runx,39,5,s0.7,0.7,25,-47200.0,1.91
dnarelax,runx,39,6,s1.0,1.0,0,-47500.0,2.77
dnarelax,runx,39,7,final,,0,-47500.0,2.77
dnarelax,runx,40,0,init,,29,,0.31
dnarelax,runx,40,1,H-min,,29,,0.31
dnarelax,runx,40,2,s0.1,0.1,28,-52000.0,1.11
dnarelax,runx,40,3,s0.3,0.3,24,-46400.0,1.34
dnarelax,runx,40,4,s0.5,0.5,24,297000.0,1.34
dnarelax,runx,40,5,s0.7,0.7,16,-45500.0,1.86
dnarelax,runx,40,6,s1.0,1.0,0,-47400.0,2.73
dnarelax,runx,40,7,final,,0,-47400.0,2.73
dnarelax,runx,41,0,init,,34,,1.1
dnarelax,runx,41,1,H-min,,34,,1.1
dnarelax,runx,41,2,s0.1,0.1,34,-26100.0,1.1
dnarelax,runx,41,3,s0.3,0.3,34,-43700.0,1.19
dnarelax,runx,41,4,s0.5,0.5,34,135000.0,1.19
dnarelax,runx,41,5,s0.7,0.7,11,-45800.0,1.6
dnarelax,runx,41,6,s1.0,1.0,0,-47000.0,2.58
dnarelax,runx,41,7,final,,0,-47300.0,2.57
dnarelax,runx,42,0,init,,83,,0.63
dnarelax,runx,42,1,H-min,,83,,0.63
dnarelax,runx,42,2,s0.1,0.1,82,-64000.0,0.21
dnarelax,runx,42,3,s0.3,0.3,82,1510000000.0,0.21
dnarelax,runx,42,4,s0.5,0.5,82,694000000000.0,0.21
dnarelax,runx,42,5,s0.7,0.7,45,-44300.0,1.61
dnarelax,runx,42,6,s1.0,1.0,12,-38400.0,2.1
dnarelax,runx,42,7,final,,12,-38700.0,2.11
dnarelax,runx,43,0,init,,40,,0.72
dnarelax,runx,43,1,H-min,,40,,0.72
dnarelax,runx,43,2,s0.1,0.1,42,-49500.0,0.21
dnarelax,runx,43,3,s0.3,0.3,42,582000000.0,0.21
dnarelax,runx,43,4,s0.5,0.5,42,267000000000.0,0.21
dnarelax,runx,43,5,s0.7,0.7,22,-46100.0,1.88
dnarelax,runx,43,6,s1.0,1.0,0,-47600.0,2.77
dnarelax,runx,43,7,final,,0,-47600.0,2.77
dnarelax,runx,44,0,init,,48,,0.8
dnarelax,runx,44,1,H-min,,48,,0.8
dnarelax,runx,44,2,s0.1,0.1,50,-57000.0,0.24
dnarelax,runx,44,3,s0.3,0.3,50,1030000000.0,0.24
dnarelax,runx,44,4,s0.5,0.5,50,473000000000.0,0.24
dnarelax,runx,44,5,s0.7,0.7,15,-44300.0,1.96
dnarelax,runx,44,6,s1.0,1.0,0,-47200.0,2.68
dnarelax,runx,44,7,final,,0,-47500.0,2.64
dnarelax,runx,45,0,init,,140,,0.31
dnarelax,runx,45,1,H-min,,140,,0.31
dnarelax,runx,45,2,s0.1,0.1,138,-61800.0,0.2
dnarelax,runx,45,3,s0.3,0.3,138,1490000000.0,0.2
dnarelax,runx,45,4,s0.5,0.5,138,686000000000.0,0.2
dnarelax,runx,45,5,s0.7,0.7,57,-44700.0,1.89
dnarelax,runx,45,6,s1.0,1.0,0,-46400.0,2.76
dnarelax,runx,45,7,final,,0,-46800.0,2.75
dnarelax,runx,46,0,init,,102,,0.26
dnarelax,runx,46,1,H-min,,102,,0.26
dnarelax,runx,46,2,s0.1,0.1,101,-21200.0,0.26
dnarelax,runx,46,3,s0.3,0.3,102,-33900.0,0.77
dnarelax,runx,46,4,s0.5,0.5,102,23600.0,0.77
dnarelax,runx,46,5,s0.7,0.7,26,-44700.0,1.57
dnarelax,runx,46,6,s1.0,1.0,0,-38400.0,2.63
dnarelax,runx,46,7,final,,0,-38400.0,2.63
dnarelax,runx,47,0,init,,47,,1.08
dnarelax,runx,47,1,H-min,,47,,1.08
dnarelax,runx,47,2,s0.1,0.1,45,-54200.0,0.21
dnarelax,runx,47,3,s0.3,0.3,45,901000000.0,0.21
dnarelax,runx,47,4,s0.5,0.5,46,-39200.0,1.29
dnarelax,runx,47,5,s0.7,0.7,22,-46200.0,1.81
dnarelax,runx,47,6,s1.0,1.0,0,-47400.0,2.8
dnarelax,runx,47,7,final,,0,-47600.0,2.78
dnarelax,runx,48,0,init,,52,,0.95
dnarelax,runx,48,1,H-min,,52,,0.95
dnarelax,runx,48,2,s0.1,0.1,44,-40300.0,1.22
dnarelax,runx,48,3,s0.3,0.3,44,-40400.0,1.22
dnarelax,runx,48,4,s0.5,0.5,44,-40300.0,1.22
dnarelax,runx,48,5,s0.7,0.7,30,-47000.0,1.78
dnarelax,runx,48,6,s1.0,1.0,0,-47400.0,2.66
dnarelax,runx,48,7,final,,0,-47400.0,2.66
dnarelax,runx,49,0,init,,25,,0.74
dnarelax,runx,49,1,H-min,,25,,0.74
dnarelax,runx,49,2,s0.1,0.1,25,-27000.0,0.76
dnarelax,runx,49,3,s0.3,0.3,25,-27000.0,0.76
dnarelax,runx,49,4,s0.5,0.5,25,28500.0,0.76
dnarelax,runx,49,5,s0.7,0.7,15,-45700.0,1.93
dnarelax,runx,49,6,s1.0,1.0,0,-47400.0,2.73
dnarelax,runx,49,7,final,,0,-47400.0,2.73
dnarelax,runx,50,0,init,,134,,0.27
dnarelax,runx,50,1,H-min,,134,,0.27
dnarelax,runx,50,2,s0.1,0.1,135,27400.0,0.28
dnarelax,runx,50,3,s0.3,0.3,133,-11000.0,0.64
dnarelax,runx,50,4,s0.5,0.5,133,224000.0,0.64
dnarelax,runx,50,5,s0.7,0.7,82,-42400.0,1.57
dnarelax,runx,50,6,s1.0,1.0,12,-37900.0,2.21
dnarelax,runx,50,7,final,,12,-38600.0,2.21
dnarelax,runx,51,0,init,,29,,0.36
dnarelax,runx,51,1,H-min,,29,,0.36
dnarelax,runx,51,2,s0.1,0.1,28,-25400.0,0.42
dnarelax,runx,51,3,s0.3,0.3,28,-33500.0,1.17
dnarelax,runx,51,4,s0.5,0.5,28,-30900.0,1.17
dnarelax,runx,51,5,s0.7,0.7,15,-47700.0,1.78
dnarelax,runx,51,6,s1.0,1.0,0,-47300.0,2.77
dnarelax,runx,51,7,final,,0,-47400.0,2.78
dnarelax,runx,52,0,init,,15,,1.4
dnarelax,runx,52,1,H-min,,15,,1.4
dnarelax,runx,52,2,s0.1,0.1,15,-28100.0,1.4
dnarelax,runx,52,3,s0.3,0.3,15,-28100.0,1.4
dnarelax,runx,52,4,s0.5,0.5,15,-28200.0,1.4
dnarelax,runx,52,5,s0.7,0.7,5,-45900.0,2.07
dnarelax,runx,52,6,s1.0,1.0,0,-47600.0,2.78
dnarelax,runx,52,7,final,,0,-47600.0,2.78
dnarelax,runx,53,0,init,,58,,0.29
dnarelax,runx,53,1,H-min,,58,,0.29
dnarelax,runx,53,2,s0.1,0.1,58,-26500.0,0.35
dnarelax,runx,53,3,s0.3,0.3,58,449000.0,0.35
dnarelax,runx,53,4,s0.5,0.5,46,-42400.0,1.37
dnarelax,runx,53,5,s0.7,0.7,21,-45800.0,1.91
dnarelax,runx,53,6,s1.0,1.0,0,-46900.0,2.77
dnarelax,runx,53,7,final,,0,-46900.0,2.77
dnarelax,runx,54,0,init,,118,,0.35
dnarelax,runx,54,1,H-min,,118,,0.35
dnarelax,runx,54,2,s0.1,0.1,117,-26700.0,0.4
dnarelax,runx,54,3,s0.3,0.3,117,73800.0,0.4
dnarelax,runx,54,4,s0.5,0.5,107,-41400.0,1.28
dnarelax,runx,54,5,s0.7,0.7,77,-42200.0,1.65
dnarelax,runx,54,6,s1.0,1.0,20,-28300.0,2.16
dnarelax,runx,54,7,final,,20,-28600.0,2.16
dnarelax,runx,55,0,init,,19,,0.7
dnarelax,runx,55,1,H-min,,19,,0.7
dnarelax,runx,55,2,s0.1,0.1,17,-46000.0,1.12
dnarelax,runx,55,3,s0.3,0.3,17,317000000.0,1.12
dnarelax,runx,55,4,s0.5,0.5,15,-44600.0,1.29
dnarelax,runx,55,5,s0.7,0.7,16,-47000.0,2.0
dnarelax,runx,55,6,s1.0,1.0,0,-47500.0,2.76
dnarelax,runx,55,7,final,,0,-47500.0,2.76
dnarelax,runx,56,0,init,,22,,1.0
dnarelax,runx,56,1,H-min,,22,,1.0
dnarelax,runx,56,2,s0.1,0.1,21,-55700.0,0.21
dnarelax,runx,56,3,s0.3,0.3,21,918000000.0,0.21
dnarelax,runx,56,4,s0.5,0.5,21,422000000000.0,0.21
dnarelax,runx,56,5,s0.7,0.7,13,-46200.0,1.92
dnarelax,runx,56,6,s1.0,1.0,0,-47800.0,2.71
dnarelax,runx,56,7,final,,0,-47800.0,2.71
dnarelax,runx,57,0,init,,30,,0.34
dnarelax,runx,57,1,H-min,,30,,0.34
dnarelax,runx,57,2,s0.1,0.1,31,-23500.0,0.34
dnarelax,runx,57,3,s0.3,0.3,31,291000.0,0.34
dnarelax,runx,57,4,s0.5,0.5,22,-36000.0,1.25
dnarelax,runx,57,5,s0.7,0.7,13,-46000.0,2.01
dnarelax,runx,57,6,s1.0,1.0,0,-47100.0,2.77
dnarelax,runx,57,7,final,,0,-47100.0,2.77
dnarelax,runx,58,0,init,,31,,0.99
dnarelax,runx,58,1,H-min,,31,,0.99
dnarelax,runx,58,2,s0.1,0.1,31,-62000.0,0.21
dnarelax,runx,58,3,s0.3,0.3,31,1400000000.0,0.21
dnarelax,runx,58,4,s0.5,0.5,31,644000000000.0,0.21
dnarelax,runx,58,5,s0.7,0.7,10,-45500.0,1.85
dnarelax,runx,58,6,s1.0,1.0,0,-47100.0,2.71
dnarelax,runx,58,7,final,,0,-47300.0,2.73
dnarelax,runx,59,0,init,,44,,0.65
dnarelax,runx,59,1,H-min,,44,,0.65
dnarelax,runx,59,2,s0.1,0.1,40,-55500.0,0.24
dnarelax,runx,59,3,s0.3,0.3,40,833000000.0,0.24
dnarelax,runx,59,4,s0.5,0.5,40,383000000000.0,0.24
dnarelax,runx,59,5,s0.7,0.7,24,-45100.0,1.64
dnarelax,runx,59,6,s1.0,1.0,10,-36400.0,2.16
dnarelax,runx,59,7,final,,10,-36400.0,2.16
dnarelax,runx,60,0,init,,26,,0.66
dnarelax,runx,60,1,H-min,,26,,0.66
dnarelax,runx,60,2,s0.1,0.1,22,-127000.0,0.93
dnarelax,runx,60,3,s0.3,0.3,29,-1030000.0,0.99
dnarelax,runx,60,4,s0.5,0.5,29,-1300000.0,0.99
dnarelax,runx,60,5,s0.7,0.7,17,-47400.0,1.92
dnarelax,runx,60,6,s1.0,1.0,0,-47300.0,2.73
dnarelax,runx,60,7,final,,0,-47300.0,2.73
dnarelax,runx,61,0,init,,52,,0.2
dnarelax,runx,61,1,H-min,,52,,0.2
dnarelax,runx,61,2,s0.1,0.1,53,312000.0,0.2
dnarelax,runx,61,3,s0.3,0.3,48,-33300.0,0.92
dnarelax,runx,61,4,s0.5,0.5,41,-38400.0,1.32
dnarelax,runx,61,5,s0.7,0.7,16,-44800.0,1.91
dnarelax,runx,61,6,s1.0,1.0,0,-46900.0,2.71
dnarelax,runx,61,7,final,,0,-47200.0,2.71
dnarelax,runx,62,0,init,,45,,0.66
dnarelax,runx,62,1,H-min,,45,,0.66
dnarelax,runx,62,2,s0.1,0.1,45,-27100.0,0.68
dnarelax,runx,62,3,s0.3,0.3,45,-27000.0,0.68
dnarelax,runx,62,4,s0.5,0.5,45,56500.0,0.68
dnarelax,runx,62,5,s0.7,0.7,14,-47200.0,1.97
dnarelax,runx,62,6,s1.0,1.0,0,-47500.0,2.69
dnarelax,runx,62,7,final,,0,-47500.0,2.69
dnarelax,runx,63,0,init,,101,,0.48
dnarelax,runx,63,1,H-min,,101,,0.48
dnarelax,runx,63,2,s0.1,0.1,101,-23000.0,0.48
dnarelax,runx,63,3,s0.3,0.3,101,-11500.0,0.48
dnarelax,runx,63,4,s0.5,0.5,68,-41400.0,1.36
dnarelax,runx,63,5,s0.7,0.7,39,-45200.0,1.9
dnarelax,runx,63,6,s1.0,1.0,0,-46300.0,2.62
dnarelax,runx,63,7,final,,0,-46300.0,2.62
dnarelax,runx,64,0,init,,10,,1.34
dnarelax,runx,64,1,H-min,,10,,1.34
dnarelax,runx,64,2,s0.1,0.1,10,-27900.0,1.34
dnarelax,runx,64,3,s0.3,0.3,10,-27900.0,1.34
dnarelax,runx,64,4,s0.5,0.5,10,-28200.0,1.34
dnarelax,runx,64,5,s0.7,0.7,6,-46000.0,2.03
dnarelax,runx,64,6,s1.0,1.0,0,-47200.0,2.78
dnarelax,runx,64,7,final,,0,-47200.0,2.78
dnarelax,runx,65,0,init,,40,,1.03
dnarelax,runx,65,1,H-min,,40,,1.03
dnarelax,runx,65,2,s0.1,0.1,43,-54200.0,1.13
dnarelax,runx,65,3,s0.3,0.3,43,814000000.0,1.13
dnarelax,runx,65,4,s0.5,0.5,43,374000000000.0,1.13
dnarelax,runx,65,5,s0.7,0.7,29,-46100.0,1.56
dnarelax,runx,65,6,s1.0,1.0,0,-47100.0,2.64
dnarelax,runx,65,7,final,,0,-47300.0,2.63
dnarelax,err,1,0,init,,112,,0.63
dnarelax,err,1,1,H-min,,112,,0.63
dnarelax,err,1,2,s0.1,0.1,105,-47900.0,0.21
dnarelax,err,1,3,s0.3,0.3,95,-36600.0,0.72
dnarelax,err,1,4,s0.5,0.5,95,250000.0,0.72
dnarelax,err,1,5,s0.7,0.7,46,-38100.0,1.88
dnarelax,err,1,6,s1.0,1.0,0,-37900.0,2.71
dnarelax,err,1,7,final,,0,-37900.0,2.71
dnarelax,err,2,0,init,,228,,0.26
dnarelax,err,2,1,H-min,,228,,0.26
dnarelax,err,2,2,s0.1,0.1,230,-8060.0,0.33
dnarelax,err,2,3,s0.3,0.3,230,1340000.0,0.33
dnarelax,err,2,4,s0.5,0.5,230,622000000.0,0.33
dnarelax,err,2,5,s0.7,0.7,120,-31300.0,1.58
dnarelax,err,2,6,s1.0,1.0,20,-19700.0,2.2
dnarelax,err,2,7,final,,20,-20400.0,2.2
dnarelax,err,3,0,init,,146,,0.31
dnarelax,err,3,1,H-min,,146,,0.31
dnarelax,err,3,2,s0.1,0.1,144,-15500.0,0.31
dnarelax,err,3,3,s0.3,0.3,144,2990000.0,0.31
dnarelax,err,3,4,s0.5,0.5,144,1380000000.0,0.31
dnarelax,err,3,5,s0.7,0.7,68,-38500.0,1.89
dnarelax,err,3,6,s1.0,1.0,0,-37800.0,2.69
dnarelax,err,3,7,final,,0,-38000.0,2.69
dnarelax,err,4,0,init,,134,,0.3
dnarelax,err,4,1,H-min,,134,,0.3
dnarelax,err,4,2,s0.1,0.1,133,-21000.0,0.29
dnarelax,err,4,3,s0.3,0.3,133,-36200.0,0.7
dnarelax,err,4,4,s0.5,0.5,133,323000.0,0.7
dnarelax,err,4,5,s0.7,0.7,37,-38800.0,1.85
dnarelax,err,4,6,s1.0,1.0,0,-38500.0,2.69
dnarelax,err,4,7,final,,0,-38500.0,2.69
dnarelax,err,5,0,init,,93,,0.87
dnarelax,err,5,1,H-min,,93,,0.87
dnarelax,err,5,2,s0.1,0.1,93,-16100.0,0.88
dnarelax,err,5,3,s0.3,0.3,94,-34800.0,0.84
dnarelax,err,5,4,s0.5,0.5,86,-33500.0,1.31
dnarelax,err,5,5,s0.7,0.7,36,-37500.0,1.56
dnarelax,err,5,6,s1.0,1.0,0,-38300.0,2.76
dnarelax,err,5,7,final,,0,-38300.0,2.76
dnarelax,err,6,0,init,,200,,0.36
dnarelax,err,6,1,H-min,,200,,0.36
dnarelax,err,6,2,s0.1,0.1,198,29000.0,0.35
dnarelax,err,6,3,s0.3,0.3,199,29100.0,0.59
dnarelax,err,6,4,s0.5,0.5,199,1570000.0,0.59
dnarelax,err,6,5,s0.7,0.7,87,-35500.0,1.66
dnarelax,err,6,6,s1.0,1.0,9,-29200.0,2.19
dnarelax,err,6,7,final,,9,-29800.0,2.19
dnarelax,err,7,0,init,,170,,0.2
dnarelax,err,7,1,H-min,,170,,0.2
dnarelax,err,7,2,s0.1,0.1,171,-17100.0,0.2
dnarelax,err,7,3,s0.3,0.3,171,253000000.0,0.2
dnarelax,err,7,4,s0.5,0.5,171,116000000000.0,0.2
dnarelax,err,7,5,s0.7,0.7,94,-35900.0,1.71
dnarelax,err,7,6,s1.0,1.0,10,-28100.0,2.18
dnarelax,err,7,7,final,,10,-29800.0,2.19
dnarelax,err,8,0,init,,147,,0.63
dnarelax,err,8,1,H-min,,147,,0.63
dnarelax,err,8,2,s0.1,0.1,146,-18000.0,0.64
dnarelax,err,8,3,s0.3,0.3,142,-34000.0,0.73
dnarelax,err,8,4,s0.5,0.5,142,65700.0,0.73
dnarelax,err,8,5,s0.7,0.7,48,-37200.0,1.85
dnarelax,err,8,6,s1.0,1.0,0,-38200.0,2.63
dnarelax,err,8,7,final,,0,-38400.0,2.65
dnarelax,err,9,0,init,,101,,0.43
dnarelax,err,9,1,H-min,,101,,0.43
dnarelax,err,9,2,s0.1,0.1,100,-25200.0,0.43
dnarelax,err,9,3,s0.3,0.3,100,39100.0,0.43
dnarelax,err,9,4,s0.5,0.5,96,-8790.0,0.79
dnarelax,err,9,5,s0.7,0.7,58,-37800.0,1.71
dnarelax,err,9,6,s1.0,1.0,10,-31500.0,2.21
dnarelax,err,9,7,final,,10,-31500.0,2.21
dnarelax,err,10,0,init,,304,,0.6
dnarelax,err,10,1,H-min,,304,,0.6
dnarelax,err,10,2,s0.1,0.1,303,-7370.0,0.6
dnarelax,err,10,3,s0.3,0.3,303,-4820.0,0.6
dnarelax,err,10,4,s0.5,0.5,259,-21600.0,1.17
dnarelax,err,10,5,s0.7,0.7,152,-31500.0,1.73
dnarelax,err,10,6,s1.0,1.0,24,-20900.0,2.27
dnarelax,err,10,7,final,,24,-22800.0,2.27
dnarelax,err,11,0,init,,207,,0.59
dnarelax,err,11,1,H-min,,207,,0.59
dnarelax,err,11,2,s0.1,0.1,202,-25800.0,0.21
dnarelax,err,11,3,s0.3,0.3,202,148000000.0,0.21
dnarelax,err,11,4,s0.5,0.5,202,68200000000.0,0.21
dnarelax,err,11,5,s0.7,0.7,100,-32100.0,1.64
dnarelax,err,11,6,s1.0,1.0,22,-19000.0,2.15
dnarelax,err,11,7,final,,23,-20100.0,2.15
dnarelax,err,12,0,init,,106,,0.7
dnarelax,err,12,1,H-min,,106,,0.7
dnarelax,err,12,2,s0.1,0.1,107,-18800.0,0.7
dnarelax,err,12,3,s0.3,0.3,102,-36100.0,0.72
dnarelax,err,12,4,s0.5,0.5,98,-36100.0,1.06
dnarelax,err,12,5,s0.7,0.7,48,-39000.0,1.86
dnarelax,err,12,6,s1.0,1.0,0,-37700.0,2.62
dnarelax,err,12,7,final,,0,-37900.0,2.63
dnarelax,err,13,0,init,,152,,0.51
dnarelax,err,13,1,H-min,,152,,0.51
dnarelax,err,13,2,s0.1,0.1,146,-80800.0,0.21
dnarelax,err,13,3,s0.3,0.3,142,-52900.0,0.7
dnarelax,err,13,4,s0.5,0.5,142,1680000.0,0.7
dnarelax,err,13,5,s0.7,0.7,86,-34200.0,1.59
dnarelax,err,13,6,s1.0,1.0,2,-31000.0,2.38
dnarelax,err,13,7,final,,0,-32900.0,2.43
dnarelax,err,14,0,init,,71,,1.04
dnarelax,err,14,1,H-min,,71,,1.04
dnarelax,err,14,2,s0.1,0.1,64,-31100.0,1.07
dnarelax,err,14,3,s0.3,0.3,64,-31100.0,1.07
dnarelax,err,14,4,s0.5,0.5,64,-30900.0,1.07
dnarelax,err,14,5,s0.7,0.7,37,-38300.0,1.94
dnarelax,err,14,6,s1.0,1.0,0,-38700.0,2.63
dnarelax,err,14,7,final,,0,-38900.0,2.66
dnarelax,err,15,0,init,,197,,0.36
dnarelax,err,15,1,H-min,,197,,0.36
dnarelax,err,15,2,s0.1,0.1,196,-14000.0,0.36
dnarelax,err,15,3,s0.3,0.3,196,232000.0,0.36
dnarelax,err,15,4,s0.5,0.5,196,113000000.0,0.36
dnarelax,err,15,5,s0.7,0.7,72,-34200.0,1.56
dnarelax,err,15,6,s1.0,1.0,10,-30000.0,2.23
dnarelax,err,15,7,final,,10,-30400.0,2.23
dnarelax,err,16,0,init,,247,,0.36
dnarelax,err,16,1,H-min,,247,,0.36
dnarelax,err,16,2,s0.1,0.1,247,-7230.0,0.36
dnarelax,err,16,3,s0.3,0.3,247,522000.0,0.36
dnarelax,err,16,4,s0.5,0.5,247,244000000.0,0.36
dnarelax,err,16,5,s0.7,0.7,107,-35000.0,1.57
dnarelax,err,16,6,s1.0,1.0,10,-28300.0,2.03
dnarelax,err,16,7,final,,10,-29000.0,2.05
dnarelax,err,17,0,init,,268,,0.22
dnarelax,err,17,1,H-min,,268,,0.22
dnarelax,err,17,2,s0.1,0.1,263,421000.0,0.13
dnarelax,err,17,3,s0.3,0.3,260,-30200.0,0.68
dnarelax,err,17,4,s0.5,0.5,260,733000.0,0.68
dnarelax,err,17,5,s0.7,0.7,151,-32600.0,1.69
dnarelax,err,17,6,s1.0,1.0,33,-14100.0,2.19
dnarelax,err,17,7,final,,33,-14200.0,2.19
dnarelax,err,18,0,init,,176,,0.22
dnarelax,err,18,1,H-min,,176,,0.22
dnarelax,err,18,2,s0.05,0.05,174,-84200.0,0.13
dnarelax,err,18,3,s0.1,0.1,174,93400.0,0.13
dnarelax,err,18,4,s0.2,0.2,169,-4380.0,0.44
dnarelax,err,18,5,s0.4,0.4,169,1300000.0,0.44
dnarelax,err,18,6,s0.7,0.7,59,-37400.0,1.55
dnarelax,err,18,7,s1.0,1.0,0,-37300.0,2.61
dnarelax,err,18,2,s0.05,0.05,109,-12100.0,0.5
dnarelax,err,18,3,s0.1,0.1,109,-12100.0,0.5
dnarelax,err,18,4,s0.2,0.2,109,-12100.0,0.5
dnarelax,err,18,2,s0.05,0.05,190,-126000.0,0.1
dnarelax,err,18,3,s0.1,0.1,200,-80700.0,0.21
dnarelax,err,18,4,s0.2,0.2,200,22700000.0,0.21
dnarelax,err,18,5,s0.4,0.4,176,-40600.0,0.98
dnarelax,err,18,6,s0.7,0.7,63,-39400.0,1.79
dnarelax,err,18,7,s1.0,1.0,0,-37300.0,2.56
dnarelax,err,18,2,s0.05,0.05,151,-10600.0,0.43
dnarelax,err,18,3,s0.1,0.1,151,-10600.0,0.43
dnarelax,err,18,4,s0.2,0.2,153,-17100.0,0.52
dnarelax,err,18,5,s0.4,0.4,153,461000.0,0.52
dnarelax,err,18,6,s0.7,0.7,47,-39600.0,1.97
dnarelax,err,18,7,s1.0,1.0,0,-37900.0,2.65
dnarelax,err,18,2,s0.05,0.05,166,-14700.0,0.45
dnarelax,err,18,3,s0.1,0.1,166,-14700.0,0.45
dnarelax,err,18,4,s0.2,0.2,166,-14400.0,0.45
dnarelax,err,18,5,s0.4,0.4,166,1160000.0,0.45
dnarelax,err,18,6,s0.7,0.7,44,-39300.0,1.93
dnarelax,err,18,7,s1.0,1.0,0,-37000.0,2.63
dnarelax,err,18,29,final,,0,-37300.0,2.61
dnarelax,err,19,0,init,,138,,0.4
dnarelax,err,19,1,H-min,,138,,0.4
dnarelax,err,19,2,s0.1,0.1,138,-11600.0,0.43
dnarelax,err,19,3,s0.3,0.3,138,56300.0,0.43
dnarelax,err,19,4,s0.5,0.5,138,31400000.0,0.43
dnarelax,err,19,5,s0.7,0.7,54,-38700.0,1.84
dnarelax,err,19,6,s1.0,1.0,0,-37700.0,2.66
dnarelax,err,19,7,final,,0,-38100.0,2.67
dnarelax,err,20,0,init,,142,,0.42
dnarelax,err,20,1,H-min,,142,,0.42
dnarelax,err,20,2,s0.1,0.1,142,-18000.0,0.44
dnarelax,err,20,3,s0.3,0.3,141,-48400.0,0.69
dnarelax,err,20,4,s0.5,0.5,141,1230000.0,0.69
dnarelax,err,20,5,s0.7,0.7,49,-37000.0,1.73
dnarelax,err,20,6,s1.0,1.0,12,-31400.0,2.25
dnarelax,err,20,7,final,,12,-31400.0,2.25
dnarelax,err,21,0,init,,102,,0.57
dnarelax,err,21,1,H-min,,102,,0.57
dnarelax,err,21,2,s0.1,0.1,101,-22800.0,0.57
dnarelax,err,21,3,s0.3,0.3,101,-21800.0,0.57
dnarelax,err,21,4,s0.5,0.5,101,493000.0,0.57
dnarelax,err,21,5,s0.7,0.7,42,-38600.0,1.62
dnarelax,err,21,6,s1.0,1.0,0,-38400.0,2.63
dnarelax,err,21,7,final,,0,-38600.0,2.59
dnarelax,err,22,0,init,,65,,0.32
dnarelax,err,22,1,H-min,,65,,0.32
dnarelax,err,22,2,s0.1,0.1,64,-23000.0,0.32
dnarelax,err,22,3,s0.3,0.3,64,899000.0,0.32
dnarelax,err,22,4,s0.5,0.5,58,-33900.0,1.35
dnarelax,err,22,5,s0.7,0.7,36,-39000.0,1.93
dnarelax,err,22,6,s1.0,1.0,0,-38500.0,2.68
dnarelax,err,22,7,final,,0,-39000.0,2.6
dnarelax,err,23,0,init,,83,,0.23
dnarelax,err,23,1,H-min,,83,,0.23
dnarelax,err,23,2,s0.1,0.1,89,-42600.0,0.21
dnarelax,err,23,3,s0.3,0.3,77,-34800.0,0.76
dnarelax,err,23,4,s0.5,0.5,77,159000.0,0.76
dnarelax,err,23,5,s0.7,0.7,51,-37000.0,1.93
dnarelax,err,23,6,s1.0,1.0,0,-38000.0,2.57
dnarelax,err,23,7,final,,0,-38600.0,2.56
dnarelax,err,24,0,init,,109,,0.46
dnarelax,err,24,1,H-min,,109,,0.46
dnarelax,err,24,2,s0.1,0.1,109,-12100.0,0.5
dnarelax,err,24,3,s0.3,0.3,99,-37000.0,0.73
dnarelax,err,24,4,s0.5,0.5,99,382000.0,0.73
dnarelax,err,24,5,s0.7,0.7,53,-36100.0,1.56
dnarelax,err,24,6,s1.0,1.0,0,-36800.0,2.54
dnarelax,err,24,7,final,,0,-37600.0,2.53
dnarelax,err,25,0,init,,66,,0.28
dnarelax,err,25,1,H-min,,66,,0.28
dnarelax,err,25,2,s0.1,0.1,76,-49800.0,1.02
dnarelax,err,25,3,s0.3,0.3,76,1010000000.0,1.02
dnarelax,err,25,4,s0.5,0.5,76,466000000000.0,1.02
dnarelax,err,25,5,s0.7,0.7,26,-39100.0,1.78
dnarelax,err,25,6,s1.0,1.0,0,-38800.0,2.72
dnarelax,err,25,7,final,,0,-38800.0,2.72
dnarelax,err,26,0,init,,77,,1.0
dnarelax,err,26,1,H-min,,77,,1.0
dnarelax,err,26,2,s0.1,0.1,72,-24300.0,1.04
dnarelax,err,26,3,s0.3,0.3,72,-90400.0,1.04
dnarelax,err,26,4,s0.5,0.5,72,-831000.0,1.04
dnarelax,err,26,5,s0.7,0.7,72,-692000.0,1.04
dnarelax,err,26,6,s1.0,1.0,0,-38500.0,2.72
dnarelax,err,26,7,final,,0,-38500.0,2.72
dnarelax,err,28,0,init,,190,,0.51
dnarelax,err,28,1,H-min,,190,,0.51
dnarelax,err,28,2,s0.1,0.1,190,-12600.0,0.52
dnarelax,err,28,3,s0.3,0.3,180,-34900.0,0.69
dnarelax,err,28,4,s0.5,0.5,155,-31800.0,1.23
dnarelax,err,28,5,s0.7,0.7,92,-35100.0,1.64
dnarelax,err,28,6,s1.0,1.0,20,-21600.0,2.13
dnarelax,err,28,7,final,,20,-21600.0,2.13
dnarelax,err,29,0,init,,149,,0.28
dnarelax,err,29,1,H-min,,149,,0.28
dnarelax,err,29,2,s0.1,0.1,150,-7210.0,0.34
dnarelax,err,29,3,s0.3,0.3,150,592000.0,0.34
dnarelax,err,29,4,s0.5,0.5,150,276000000.0,0.34
dnarelax,err,29,5,s0.7,0.7,60,-37900.0,1.7
dnarelax,err,29,6,s1.0,1.0,0,-36800.0,2.46
dnarelax,err,29,7,final,,0,-37200.0,2.5
dnarelax,err,30,0,init,,157,,0.58
dnarelax,err,30,1,H-min,,157,,0.58
dnarelax,err,30,2,s0.1,0.1,161,-61100.0,0.21
dnarelax,err,30,3,s0.3,0.3,161,1950000000.0,0.21
dnarelax,err,30,4,s0.5,0.5,161,897000000000.0,0.21
dnarelax,err,30,5,s0.7,0.7,50,-36800.0,1.71
dnarelax,err,30,6,s1.0,1.0,10,-30500.0,2.23
dnarelax,err,30,7,final,,10,-30500.0,2.24
dnarelax,err,31,0,init,,165,,0.52
dnarelax,err,31,1,H-min,,165,,0.52
dnarelax,err,31,2,s0.1,0.1,164,22800.0,0.52
dnarelax,err,31,3,s0.3,0.3,164,25500.0,0.52
dnarelax,err,31,4,s0.5,0.5,164,1340000.0,0.52
dnarelax,err,31,5,s0.7,0.7,63,-37900.0,1.87
dnarelax,err,31,6,s1.0,1.0,0,-37900.0,2.7
dnarelax,err,31,7,final,,0,-37900.0,2.7
dnarelax,err,32,0,init,,127,,0.16
dnarelax,err,32,1,H-min,,127,,0.16
dnarelax,err,32,2,s0.1,0.1,127,-56000.0,0.21
dnarelax,err,32,3,s0.3,0.3,127,1470000000.0,0.21
dnarelax,err,32,4,s0.5,0.5,127,673000000000.0,0.21
dnarelax,err,32,5,s0.7,0.7,59,-33800.0,1.67
dnarelax,err,32,6,s1.0,1.0,10,-29600.0,2.16
dnarelax,err,32,7,final,,10,-29600.0,2.16
dnarelax,err,33,0,init,,199,,0.45
dnarelax,err,33,1,H-min,,199,,0.45
dnarelax,err,33,2,s0.1,0.1,197,-8680.0,0.46
dnarelax,err,33,3,s0.3,0.3,198,-35900.0,0.65
dnarelax,err,33,4,s0.5,0.5,198,104000.0,0.65
dnarelax,err,33,5,s0.7,0.7,65,-36700.0,1.91
dnarelax,err,33,6,s1.0,1.0,0,-36700.0,2.64
dnarelax,err,33,7,final,,0,-36700.0,2.64
dnarelax,err,34,0,init,,95,,0.78
dnarelax,err,34,1,H-min,,95,,0.78
dnarelax,err,34,2,s0.1,0.1,103,-56700.0,0.21
dnarelax,err,34,3,s0.3,0.3,103,1470000000.0,0.21
dnarelax,err,34,4,s0.5,0.5,103,675000000000.0,0.21
dnarelax,err,34,5,s0.7,0.7,40,-38000.0,1.94
dnarelax,err,34,6,s1.0,1.0,0,-38900.0,2.71
dnarelax,err,34,7,final,,0,-39200.0,2.74
dnarelax,err,35,0,init,,110,,0.58
dnarelax,err,35,1,H-min,,110,,0.58
dnarelax,err,35,2,s0.1,0.1,110,-20700.0,0.58
dnarelax,err,35,3,s0.3,0.3,110,-18300.0,0.58
dnarelax,err,35,4,s0.5,0.5,110,1150000.0,0.58
dnarelax,err,35,5,s0.7,0.7,61,-35800.0,1.7
dnarelax,err,35,6,s1.0,1.0,20,-23900.0,2.2
dnarelax,err,35,7,final,,20,-23900.0,2.2
dnarelax,err,36,0,init,,152,,0.11
dnarelax,err,36,1,H-min,,152,,0.11
dnarelax,err,36,2,s0.1,0.1,184,-76100.0,0.21
dnarelax,err,36,3,s0.3,0.3,187,-49800.0,0.71
dnarelax,err,36,4,s0.5,0.5,187,1450000.0,0.71
dnarelax,err,36,5,s0.7,0.7,73,-35200.0,1.55
dnarelax,err,36,6,s1.0,1.0,10,-30200.0,2.17
dnarelax,err,36,7,final,,10,-30600.0,2.17
dnarelax,err,37,0,init,,81,,0.51
dnarelax,err,37,1,H-min,,81,,0.51
dnarelax,err,37,2,s0.1,0.1,76,-59700.0,0.21
dnarelax,err,37,3,s0.3,0.3,76,1710000000.0,0.21
dnarelax,err,37,4,s0.5,0.5,76,784000000000.0,0.21
dnarelax,err,37,5,s0.7,0.7,50,-35700.0,1.65
dnarelax,err,37,6,s1.0,1.0,10,-29600.0,2.12
dnarelax,err,37,7,final,,10,-29600.0,2.12
dnarelax,err,38,0,init,,108,,0.33
dnarelax,err,38,1,H-min,,108,,0.33
dnarelax,err,38,2,s0.1,0.1,110,-56500.0,0.21
dnarelax,err,38,3,s0.3,0.3,110,1540000000.0,0.21
dnarelax,err,38,4,s0.5,0.5,110,707000000000.0,0.21
dnarelax,err,38,5,s0.7,0.7,42,-38500.0,1.85
dnarelax,err,38,6,s1.0,1.0,0,-38200.0,2.55
dnarelax,err,38,7,final,,0,-38500.0,2.57
dnarelax,err,39,0,init,,107,,0.44
dnarelax,err,39,1,H-min,,107,,0.44
dnarelax,err,39,2,s0.1,0.1,117,-55700.0,0.22
dnarelax,err,39,3,s0.3,0.3,129,-52300.0,0.7
dnarelax,err,39,4,s0.5,0.5,129,1510000.0,0.7
dnarelax,err,39,5,s0.7,0.7,60,-36700.0,1.89
dnarelax,err,39,6,s1.0,1.0,0,-38500.0,2.75
dnarelax,err,39,7,final,,0,-38500.0,2.75
dnarelax,err,40,0,init,,79,,0.73
dnarelax,err,40,1,H-min,,79,,0.73
dnarelax,err,40,2,s0.1,0.1,77,-30200.0,0.83
dnarelax,err,40,3,s0.3,0.3,77,-135000.0,0.83
dnarelax,err,40,4,s0.5,0.5,77,-476000.0,0.83
dnarelax,err,40,5,s0.7,0.7,77,271000.0,0.83
dnarelax,err,40,6,s1.0,1.0,10,-31000.0,2.21
dnarelax,err,40,7,final,,10,-31400.0,2.21
dnarelax,err,42,0,init,,123,,0.54
dnarelax,err,42,1,H-min,,123,,0.54
dnarelax,err,42,2,s0.1,0.1,123,-18500.0,0.55
dnarelax,err,42,3,s0.3,0.3,123,-14000.0,0.55
dnarelax,err,42,4,s0.5,0.5,123,2150000.0,0.55
dnarelax,err,42,5,s0.7,0.7,62,-34900.0,1.55
dnarelax,err,42,6,s1.0,1.0,11,-29400.0,2.14
dnarelax,err,42,7,final,,11,-30000.0,2.14
dnarelax,err,43,0,init,,105,,0.63
dnarelax,err,43,1,H-min,,105,,0.63
dnarelax,err,43,2,s0.1,0.1,104,-51500.0,0.22
dnarelax,err,43,3,s0.3,0.3,104,1230000000.0,0.22
dnarelax,err,43,4,s0.5,0.5,104,566000000000.0,0.22
dnarelax,err,43,5,s0.7,0.7,46,-38300.0,1.77
dnarelax,err,43,6,s1.0,1.0,0,-38200.0,2.6
dnarelax,err,43,7,final,,0,-38500.0,2.57
dnarelax,err,44,0,init,,194,,0.44
dnarelax,err,44,1,H-min,,194,,0.44
dnarelax,err,44,2,s0.1,0.1,193,-12800.0,0.45
dnarelax,err,44,3,s0.3,0.3,193,21600.0,0.45
dnarelax,err,44,4,s0.5,0.5,193,16100000.0,0.45
dnarelax,err,44,5,s0.7,0.7,56,-37600.0,1.83
dnarelax,err,44,6,s1.0,1.0,0,-37900.0,2.71
dnarelax,err,44,7,final,,0,-37900.0,2.71
dnarelax,err,45,0,init,,124,,0.35
dnarelax,err,45,1,H-min,,124,,0.35
dnarelax,err,45,2,s0.1,0.1,124,-8400.0,0.35
dnarelax,err,45,3,s0.3,0.3,124,429000.0,0.35
dnarelax,err,45,4,s0.5,0.5,124,201000000.0,0.35
dnarelax,err,45,5,s0.7,0.7,71,-35000.0,1.57
dnarelax,err,45,6,s1.0,1.0,24,-22700.0,2.2
dnarelax,err,45,7,final,,24,-23100.0,2.2
dnarelax,err,46,0,init,,196,,0.27
dnarelax,err,46,1,H-min,,196,,0.27
dnarelax,err,46,2,s0.1,0.1,193,-10100.0,0.31
dnarelax,err,46,3,s0.3,0.3,193,2450000.0,0.31
dnarelax,err,46,4,s0.5,0.5,193,1130000000.0,0.31
dnarelax,err,46,5,s0.7,0.7,107,-32900.0,1.68
dnarelax,err,46,6,s1.0,1.0,22,-21200.0,2.2
dnarelax,err,46,7,final,,22,-21200.0,2.2
dnarelax,err,47,0,init,,231,,0.44
dnarelax,err,47,1,H-min,,231,,0.44
dnarelax,err,47,2,s0.1,0.1,231,-11600.0,0.46
dnarelax,err,47,3,s0.3,0.3,231,31000.0,0.46
dnarelax,err,47,4,s0.5,0.5,231,19900000.0,0.46
dnarelax,err,47,5,s0.7,0.7,96,-37700.0,1.74
dnarelax,err,47,6,s1.0,1.0,12,-30800.0,2.27
dnarelax,err,47,7,final,,12,-30800.0,2.27
dnarelax,err,48,0,init,,265,,0.24
dnarelax,err,48,1,H-min,,265,,0.24
dnarelax,err,48,2,s0.1,0.1,288,-81900.0,0.21
dnarelax,err,48,3,s0.3,0.3,276,-40700.0,0.71
dnarelax,err,48,4,s0.5,0.5,276,825000.0,0.71
dnarelax,err,48,5,s0.7,0.7,89,-37100.0,1.68
dnarelax,err,48,6,s1.0,1.0,12,-30400.0,2.27
dnarelax,err,48,7,final,,12,-30400.0,2.27
dnarelax,err,49,0,init,,325,,0.26
dnarelax,err,49,1,H-min,,325,,0.26
dnarelax,err,49,2,s0.1,0.1,324,-97400.0,0.21
dnarelax,err,49,3,s0.3,0.3,324,4100000000.0,0.21
dnarelax,err,49,4,s0.5,0.5,324,1880000000000.0,0.21
dnarelax,err,49,5,s0.7,0.7,112,-34500.0,1.65
dnarelax,err,49,6,s1.0,1.0,10,-23900.0,2.15
dnarelax,err,49,7,final,,10,-24800.0,2.15
dnarelax,err,50,0,init,,73,,1.03
dnarelax,err,50,1,H-min,,73,,1.03
dnarelax,err,50,2,s0.1,0.1,73,-18600.0,1.03
dnarelax,err,50,3,s0.3,0.3,73,-18700.0,1.03
dnarelax,err,50,4,s0.5,0.5,73,-17600.0,1.03
dnarelax,err,50,5,s0.7,0.7,36,-39600.0,1.96
dnarelax,err,50,6,s1.0,1.0,0,-38500.0,2.7
dnarelax,err,50,7,final,,0,-38500.0,2.7
dnarelax,err,51,0,init,,87,,0.34
dnarelax,err,51,1,H-min,,87,,0.34
dnarelax,err,51,2,s0.1,0.1,99,-59300.0,0.22
dnarelax,err,51,3,s0.3,0.3,104,-58700.0,0.72
dnarelax,err,51,4,s0.5,0.5,104,2090000.0,0.72
dnarelax,err,51,5,s0.7,0.7,42,-35800.0,1.64
dnarelax,err,51,6,s1.0,1.0,10,-27100.0,2.16
dnarelax,err,51,7,final,,10,-27100.0,2.16
dnarelax,err,52,0,init,,120,,0.22
dnarelax,err,52,1,H-min,,120,,0.22
dnarelax,err,52,2,s0.1,0.1,119,-18200.0,0.22
dnarelax,err,52,3,s0.3,0.3,119,206000000.0,0.22
dnarelax,err,52,4,s0.5,0.5,119,94600000000.0,0.22
dnarelax,err,52,5,s0.7,0.7,68,-35600.0,1.65
dnarelax,err,52,6,s1.0,1.0,21,-23100.0,2.15
dnarelax,err,52,7,final,,21,-23400.0,2.15
dnarelax,err,53,0,init,,140,,0.48
dnarelax,err,53,1,H-min,,140,,0.48
dnarelax,err,53,2,s0.1,0.1,123,-56600.0,0.21
dnarelax,err,53,3,s0.3,0.3,123,1530000000.0,0.21
dnarelax,err,53,4,s0.5,0.5,107,-22600.0,1.04
dnarelax,err,53,5,s0.7,0.7,31,-36800.0,1.57
dnarelax,err,53,6,s1.0,1.0,0,-37800.0,2.52
dnarelax,err,53,7,final,,0,-38300.0,2.54
dnarelax,err,54,0,init,,26,,0.58
dnarelax,err,54,1,H-min,,26,,0.58
dnarelax,err,54,2,s0.1,0.1,23,-45200.0,1.1
dnarelax,err,54,3,s0.3,0.3,23,751000000.0,1.1
dnarelax,err,54,4,s0.5,0.5,16,-34100.0,1.71
dnarelax,err,54,5,s0.7,0.7,5,-37600.0,1.73
dnarelax,err,54,6,s1.0,1.0,0,-37600.0,2.75
dnarelax,err,54,7,final,,0,-37600.0,2.75
dnarelax,err,55,0,init,,114,,0.45
dnarelax,err,55,1,H-min,,114,,0.45
dnarelax,err,55,2,s0.1,0.1,111,-69400.0,0.21
dnarelax,err,55,3,s0.3,0.3,121,-39300.0,0.71
dnarelax,err,55,4,s0.5,0.5,121,642000.0,0.71
dnarelax,err,55,5,s0.7,0.7,61,-37100.0,1.7
dnarelax,err,55,6,s1.0,1.0,10,-31100.0,2.21
dnarelax,err,55,7,final,,10,-31500.0,2.2
dnarelax,err,56,0,init,,131,,0.7
dnarelax,err,56,1,H-min,,131,,0.7
dnarelax,err,56,2,s0.1,0.1,131,-18000.0,0.7
dnarelax,err,56,3,s0.3,0.3,131,-17700.0,0.7
dnarelax,err,56,4,s0.5,0.5,104,-31100.0,1.24
dnarelax,err,56,5,s0.7,0.7,45,-38800.0,1.63
dnarelax,err,56,6,s1.0,1.0,0,-38100.0,2.68
dnarelax,err,56,7,final,,0,-38400.0,2.69
dnarelax,err,57,0,init,,92,,0.47
dnarelax,err,57,1,H-min,,92,,0.47
dnarelax,err,57,2,s0.1,0.1,110,-86600.0,0.21
dnarelax,err,57,3,s0.3,0.3,110,3320000000.0,0.21
dnarelax,err,57,4,s0.5,0.5,110,1530000000000.0,0.21
dnarelax,err,57,5,s0.7,0.7,36,-37000.0,1.95
dnarelax,err,57,6,s1.0,1.0,0,-38100.0,2.47
dnarelax,err,57,7,final,,0,-38100.0,2.47
dnarelax,err,58,0,init,,176,,0.39
dnarelax,err,58,1,H-min,,176,,0.39
dnarelax,err,58,2,s0.1,0.1,175,-13900.0,0.39
dnarelax,err,58,3,s0.3,0.3,176,-42500.0,0.71
dnarelax,err,58,4,s0.5,0.5,176,658000.0,0.71
dnarelax,err,58,5,s0.7,0.7,88,-32600.0,1.63
dnarelax,err,58,6,s1.0,1.0,31,-11500.0,2.13
dnarelax,err,58,7,final,,31,-11500.0,2.13
dnarelax,err,59,0,init,,220,,0.27
dnarelax,err,59,1,H-min,,220,,0.27
dnarelax,err,59,2,s0.1,0.1,202,-46800.0,0.21
dnarelax,err,59,3,s0.3,0.3,202,785000000.0,0.21
dnarelax,err,59,4,s0.5,0.5,202,361000000000.0,0.21
dnarelax,err,59,5,s0.7,0.7,74,-38300.0,1.72
dnarelax,err,59,6,s1.0,1.0,0,-36700.0,2.71
dnarelax,err,59,7,final,,0,-38000.0,2.56
dnarelax,err,60,0,init,,282,,0.41
dnarelax,err,60,1,H-min,,282,,0.41
dnarelax,err,60,2,s0.1,0.1,281,-10100.0,0.41
dnarelax,err,60,3,s0.3,0.3,281,32900.0,0.41
dnarelax,err,60,4,s0.5,0.5,259,-1590000.0,1.25
dnarelax,err,60,5,s0.7,0.7,259,-3570000.0,1.25
dnarelax,err,60,6,s1.0,1.0,259,-7810000.0,1.25
dnarelax,err,60,7,final,,259,-34200000.0,1.25
dnarelax,err,61,0,init,,172,,0.24
dnarelax,err,61,1,H-min,,172,,0.24
dnarelax,err,61,2,s0.1,0.1,171,-9730.0,0.25
dnarelax,err,61,3,s0.3,0.3,162,-38900.0,0.69
dnarelax,err,61,4,s0.5,0.5,162,602000.0,0.69
dnarelax,err,61,5,s0.7,0.7,84,-35500.0,1.55
dnarelax,err,61,6,s1.0,1.0,12,-29000.0,2.22
dnarelax,err,61,7,final,,12,-29600.0,2.21
dnarelax,err,62,0,init,,127,,0.53
dnarelax,err,62,1,H-min,,127,,0.53
dnarelax,err,62,2,s0.1,0.1,124,-48500.0,0.22
dnarelax,err,62,3,s0.3,0.3,124,255000000.0,0.22
dnarelax,err,62,4,s0.5,0.5,124,117000000000.0,0.22
dnarelax,err,62,5,s0.7,0.7,44,-39000.0,1.96
dnarelax,err,62,6,s1.0,1.0,0,-37100.0,2.64
dnarelax,err,62,7,final,,0,-38000.0,2.69
frozen,hsf,1,0,init,,51,,0.73
frozen,hsf,1,1,H-min,,51,,0.73
frozen,hsf,1,2,s0.1,0.1,44,-41200.0,0.21
frozen,hsf,1,3,s0.3,0.3,44,992000000.0,0.21
frozen,hsf,1,4,s0.5,0.5,44,456000000000.0,0.21
frozen,hsf,1,5,s0.7,0.7,24,-32700.0,1.54
frozen,hsf,1,6,s1.0,1.0,0,-24900.0,2.59
frozen,hsf,1,7,final,,0,-24900.0,2.59
frozen,hsf,2,0,init,,53,,0.48
frozen,hsf,2,1,H-min,,53,,0.48
frozen,hsf,2,2,s0.1,0.1,53,26700.0,0.48
frozen,hsf,2,3,s0.3,0.3,53,34400.0,0.48
frozen,hsf,2,4,s0.5,0.5,53,3650000.0,0.48
frozen,hsf,2,5,s0.7,0.7,31,-27800.0,1.69
frozen,hsf,2,6,s1.0,1.0,0,-35800.0,2.58
frozen,hsf,2,7,final,,0,-36100.0,2.6
frozen,hsf,3,0,init,,46,,0.35
frozen,hsf,3,1,H-min,,46,,0.35
frozen,hsf,3,2,s0.1,0.1,46,-15700.0,0.35
frozen,hsf,3,3,s0.3,0.3,46,1600000.0,0.35
frozen,hsf,3,4,s0.5,0.5,46,741000000.0,0.35
frozen,hsf,3,5,s0.7,0.7,24,-34400.0,1.55
frozen,hsf,3,6,s1.0,1.0,0,-35700.0,2.54
frozen,hsf,3,7,final,,0,-35800.0,2.54
frozen,hsf,4,0,init,,86,,0.62
frozen,hsf,4,1,H-min,,86,,0.62
frozen,hsf,4,2,s0.1,0.1,86,-12900.0,0.62
frozen,hsf,4,3,s0.3,0.3,86,-11100.0,0.62
frozen,hsf,4,4,s0.5,0.5,86,864000.0,0.62
frozen,hsf,4,5,s0.7,0.7,38,-33800.0,1.7
frozen,hsf,4,6,s1.0,1.0,0,-34700.0,2.66
frozen,hsf,4,7,final,,0,-35000.0,2.77
frozen,hsf,5,0,init,,16,,1.21
frozen,hsf,5,1,H-min,,16,,1.21
frozen,hsf,5,2,s0.1,0.1,24,-53800.0,0.21
frozen,hsf,5,3,s0.3,0.3,24,1400000000.0,0.21
frozen,hsf,5,4,s0.5,0.5,19,-33300.0,1.31
frozen,hsf,5,5,s0.7,0.7,16,-34800.0,1.58
frozen,hsf,5,6,s1.0,1.0,0,-36100.0,2.59
frozen,hsf,5,7,final,,0,-36200.0,2.57
frozen,hsf,6,0,init,,34,,1.21
frozen,hsf,6,1,H-min,,34,,1.21
frozen,hsf,6,2,s0.1,0.1,38,-51000.0,0.21
frozen,hsf,6,3,s0.3,0.3,30,-100000.0,1.31
frozen,hsf,6,4,s0.5,0.5,30,-94300.0,1.31
frozen,hsf,6,5,s0.7,0.7,11,-34200.0,1.55
frozen,hsf,6,6,s1.0,1.0,0,-35800.0,2.67
frozen,hsf,6,7,final,,0,-36000.0,2.62
frozen,hsf,7,0,init,,34,,0.83
frozen,hsf,7,1,H-min,,34,,0.83
frozen,hsf,7,2,s0.1,0.1,34,-19400.0,0.83
frozen,hsf,7,3,s0.3,0.3,32,-2420000.0,0.77
frozen,hsf,7,4,s0.5,0.5,32,-13500000.0,0.77
frozen,hsf,7,5,s0.7,0.7,32,-107000000.0,0.77
frozen,hsf,7,6,s1.0,1.0,32,643000000.0,0.77
frozen,hsf,7,7,final,,32,640000000.0,0.77
frozen,hsf,8,0,init,,29,,0.78
frozen,hsf,8,1,H-min,,29,,0.78
frozen,hsf,8,2,s0.1,0.1,29,-20600.0,0.79
frozen,hsf,8,3,s0.3,0.3,25,-30200.0,0.69
frozen,hsf,8,4,s0.5,0.5,25,155000.0,0.69
frozen,hsf,8,5,s0.7,0.7,15,-34800.0,1.56
frozen,hsf,8,6,s1.0,1.0,0,-36000.0,2.69
frozen,hsf,8,7,final,,0,-36100.0,2.68
frozen,hsf,9,0,init,,61,,0.54
frozen,hsf,9,1,H-min,,61,,0.54
frozen,hsf,9,2,s0.1,0.1,56,-31600.0,0.2
frozen,hsf,9,3,s0.3,0.3,56,633000000.0,0.2
frozen,hsf,9,4,s0.5,0.5,51,-71900.0,0.95
frozen,hsf,9,5,s0.7,0.7,51,-6670.0,0.95
frozen,hsf,9,6,s1.0,1.0,0,-27400.0,2.76
frozen,hsf,9,7,final,,0,-27800.0,2.72
frozen,hsf,10,0,init,,46,,0.66
frozen,hsf,10,1,H-min,,46,,0.66
frozen,hsf,10,2,s0.1,0.1,46,-18200.0,0.66
frozen,hsf,10,3,s0.3,0.3,46,-18000.0,0.66
frozen,hsf,10,4,s0.5,0.5,46,101000.0,0.66
frozen,hsf,10,5,s0.7,0.7,26,-34000.0,1.55
frozen,hsf,10,6,s1.0,1.0,0,-35500.0,2.61
frozen,hsf,10,7,final,,0,-35500.0,2.61
frozen,hsf,11,0,init,,53,,0.58
frozen,hsf,11,1,H-min,,53,,0.58
frozen,hsf,11,2,s0.1,0.1,53,-18700.0,0.58
frozen,hsf,11,3,s0.3,0.3,53,-17500.0,0.58
frozen,hsf,11,4,s0.5,0.5,53,555000.0,0.58
frozen,hsf,11,5,s0.7,0.7,17,-34100.0,1.56
frozen,hsf,11,6,s1.0,1.0,0,-35500.0,2.61
frozen,hsf,11,7,final,,0,-35800.0,2.62
frozen,hsf,12,0,init,,42,,1.18
frozen,hsf,12,1,H-min,,42,,1.18
frozen,hsf,12,2,s0.1,0.1,42,-15300.0,1.17
frozen,hsf,12,3,s0.3,0.3,42,-15300.0,1.17
frozen,hsf,12,4,s0.5,0.5,42,-15300.0,1.17
frozen,hsf,12,5,s0.7,0.7,24,-34500.0,1.56
frozen,hsf,12,6,s1.0,1.0,0,-35800.0,2.54
frozen,hsf,12,7,final,,0,-35800.0,2.54
frozen,hsf,13,0,init,,29,,0.87
frozen,hsf,13,1,H-min,,29,,0.87
frozen,hsf,13,2,s0.1,0.1,29,-89600.0,0.87
frozen,hsf,13,3,s0.3,0.3,29,-89600.0,0.87
frozen,hsf,13,4,s0.5,0.5,29,-84000.0,0.87
frozen,hsf,13,5,s0.7,0.7,16,-33800.0,1.53
frozen,hsf,13,6,s1.0,1.0,0,-35600.0,2.64
frozen,hsf,13,7,final,,0,-35900.0,2.65
frozen,hsf,14,0,init,,92,,0.46
frozen,hsf,14,1,H-min,,92,,0.46
frozen,hsf,14,2,s0.1,0.1,90,-57300.0,0.21
frozen,hsf,14,3,s0.3,0.3,90,1750000000.0,0.21
frozen,hsf,14,4,s0.5,0.5,79,-27500.0,1.23
frozen,hsf,14,5,s0.7,0.7,55,-33300.0,1.77
frozen,hsf,14,6,s1.0,1.0,0,-33300.0,2.45
frozen,hsf,14,7,final,,0,-33700.0,2.6
frozen,hsf,15,0,init,,17,,1.34
frozen,hsf,15,1,H-min,,17,,1.34
frozen,hsf,15,2,s0.1,0.1,18,-30000.0,1.21
frozen,hsf,15,3,s0.3,0.3,18,-30000.0,1.21
frozen,hsf,15,4,s0.5,0.5,18,-29700.0,1.21
frozen,hsf,15,5,s0.7,0.7,18,-34600.0,1.55
frozen,hsf,15,6,s1.0,1.0,0,-36000.0,2.57
frozen,hsf,15,7,final,,0,-36100.0,2.57
frozen,hsf,16,0,init,,57,,0.39
frozen,hsf,16,1,H-min,,57,,0.39
frozen,hsf,16,2,s0.1,0.1,57,-21300.0,0.41
frozen,hsf,16,3,s0.3,0.3,54,-57500.0,0.62
frozen,hsf,16,4,s0.5,0.5,54,417000.0,0.62
frozen,hsf,16,5,s0.7,0.7,21,-34200.0,1.55
frozen,hsf,16,6,s1.0,1.0,0,-35900.0,2.76
frozen,hsf,16,7,final,,0,-36000.0,2.74
frozen,hsf,17,0,init,,21,,0.74
frozen,hsf,17,1,H-min,,21,,0.74
frozen,hsf,17,2,s0.1,0.1,21,-8320.0,0.74
frozen,hsf,17,3,s0.3,0.3,21,-8180.0,0.74
frozen,hsf,17,4,s0.5,0.5,21,-150000.0,1.0
frozen,hsf,17,5,s0.7,0.7,21,156000.0,1.0
frozen,hsf,17,6,s1.0,1.0,0,-35300.0,2.77
frozen,hsf,17,7,final,,0,-35600.0,2.59
frozen,hsf,18,0,init,,43,,0.74
frozen,hsf,18,1,H-min,,43,,0.74
frozen,hsf,18,2,s0.1,0.1,52,-59400.0,0.21
frozen,hsf,18,3,s0.3,0.3,45,-30800.0,1.04
frozen,hsf,18,4,s0.5,0.5,45,38400.0,1.04
frozen,hsf,18,5,s0.7,0.7,18,-34300.0,1.55
frozen,hsf,18,6,s1.0,1.0,0,-35800.0,2.58
frozen,hsf,18,7,final,,0,-35800.0,2.58
frozen,hsf,19,0,init,,47,,0.41
frozen,hsf,19,1,H-min,,47,,0.41
frozen,hsf,19,2,s0.1,0.1,41,-45600.0,0.22
frozen,hsf,19,3,s0.3,0.3,31,-33600.0,0.73
frozen,hsf,19,4,s0.5,0.5,32,-171000.0,0.96
frozen,hsf,19,5,s0.7,0.7,18,-34600.0,1.55
frozen,hsf,19,6,s1.0,1.0,0,-35900.0,2.58
frozen,hsf,19,7,final,,0,-35900.0,2.58
frozen,hsf,20,0,init,,54,,0.37
frozen,hsf,20,1,H-min,,54,,0.37
frozen,hsf,20,2,s0.1,0.1,54,-16200.0,0.42
frozen,hsf,20,3,s0.3,0.3,54,73100.0,0.42
frozen,hsf,20,4,s0.5,0.5,54,41300000.0,0.42
frozen,hsf,20,5,s0.7,0.7,24,-34100.0,1.63
frozen,hsf,20,6,s1.0,1.0,0,-35400.0,2.59
frozen,hsf,20,7,final,,0,-35400.0,2.59
frozen,hsf,21,0,init,,30,,1.09
frozen,hsf,21,1,H-min,,30,,1.09
frozen,hsf,21,2,s0.1,0.1,43,-69100.0,0.21
frozen,hsf,21,3,s0.3,0.3,43,2480000000.0,0.21
frozen,hsf,21,4,s0.5,0.5,43,1140000000000.0,0.21
frozen,hsf,21,5,s0.7,0.7,18,-34000.0,1.56
frozen,hsf,21,6,s1.0,1.0,0,-35700.0,2.58
frozen,hsf,21,7,final,,0,-35800.0,2.58
frozen,hsf,22,0,init,,26,,0.98
frozen,hsf,22,1,H-min,,26,,0.98
frozen,hsf,22,2,s0.1,0.1,23,-35700.0,0.22
frozen,hsf,22,3,s0.3,0.3,18,-30600.0,1.13
frozen,hsf,22,4,s0.5,0.5,18,-31500.0,1.09
frozen,hsf,22,5,s0.7,0.7,17,-34600.0,1.55
frozen,hsf,22,6,s1.0,1.0,0,-35700.0,2.58
frozen,hsf,22,7,final,,0,-35700.0,2.58
frozen,hsf,23,0,init,,32,,0.7
frozen,hsf,23,1,H-min,,32,,0.7
frozen,hsf,23,2,s0.1,0.1,32,-18300.0,0.71
frozen,hsf,23,3,s0.3,0.3,32,-17000.0,0.71
frozen,hsf,23,4,s0.5,0.5,32,618000.0,0.71
frozen,hsf,23,5,s0.7,0.7,10,-33100.0,1.55
frozen,hsf,23,6,s1.0,1.0,0,-25500.0,2.6
frozen,hsf,23,7,final,,0,-25700.0,2.59
frozen,hsf,24,0,init,,14,,1.77
frozen,hsf,24,1,H-min,,14,,1.77
frozen,hsf,24,2,s0.1,0.1,14,-21400.0,1.77
frozen,hsf,24,3,s0.3,0.3,14,-290000.0,1.75
frozen,hsf,24,4,s0.5,0.5,14,-290000.0,1.75
frozen,hsf,24,5,s0.7,0.7,14,-247000.0,1.75
frozen,hsf,24,6,s1.0,1.0,0,-35800.0,2.58
frozen,hsf,24,7,final,,0,-35800.0,2.58
frozen,hsf,25,0,init,,14,,1.41
frozen,hsf,25,1,H-min,,14,,1.41
frozen,hsf,25,2,s0.1,0.1,14,-8260.0,1.41
frozen,hsf,25,3,s0.3,0.3,15,-18400.0,1.47
frozen,hsf,25,4,s0.5,0.5,15,-16800.0,1.47
frozen,hsf,25,5,s0.7,0.7,12,-23500.0,1.55
frozen,hsf,25,6,s1.0,1.0,0,-25300.0,2.6
frozen,hsf,25,7,final,,0,-25400.0,2.6
frozen,hsf,26,0,init,,57,,0.69
frozen,hsf,26,1,H-min,,57,,0.69
frozen,hsf,26,2,s0.1,0.1,57,-15200.0,0.7
frozen,hsf,26,3,s0.3,0.3,51,-26900.0,1.01
frozen,hsf,26,4,s0.5,0.5,51,-26100.0,1.01
frozen,hsf,26,5,s0.7,0.7,17,-34400.0,1.58
frozen,hsf,26,6,s1.0,1.0,0,-35400.0,2.71
frozen,hsf,26,7,final,,0,-35400.0,2.71
frozen,hsf,27,0,init,,15,,0.83
frozen,hsf,27,1,H-min,,15,,0.83
frozen,hsf,27,2,s0.1,0.1,18,-34300.0,0.94
frozen,hsf,27,3,s0.3,0.3,16,-19600.0,0.95
frozen,hsf,27,4,s0.5,0.5,16,-3560.0,0.95
frozen,hsf,27,5,s0.7,0.7,12,-23500.0,1.55
frozen,hsf,27,6,s1.0,1.0,0,-25200.0,2.61
frozen,hsf,27,7,final,,0,-25200.0,2.61
frozen,hsf,28,0,init,,39,,0.91
frozen,hsf,28,1,H-min,,39,,0.91
frozen,hsf,28,2,s0.1,0.1,39,-20700.0,0.92
frozen,hsf,28,3,s0.3,0.3,35,-32300.0,0.82
frozen,hsf,28,4,s0.5,0.5,35,22800.0,0.82
frozen,hsf,28,5,s0.7,0.7,16,-34700.0,1.56
frozen,hsf,28,6,s1.0,1.0,0,-35900.0,2.63
frozen,hsf,28,7,final,,0,-36000.0,2.68
frozen,hsf,29,0,init,,27,,1.17
frozen,hsf,29,1,H-min,,27,,1.17
frozen,hsf,29,2,s0.1,0.1,26,-20200.0,1.17
frozen,hsf,29,3,s0.3,0.3,23,-41400.0,0.95
frozen,hsf,29,4,s0.5,0.5,23,-121000.0,0.96
frozen,hsf,29,5,s0.7,0.7,23,-327000.0,0.96
frozen,hsf,29,6,s1.0,1.0,0,-35900.0,2.56
frozen,hsf,29,7,final,,0,-36000.0,2.62
frozen,hsf,30,0,init,,17,,0.84
frozen,hsf,30,1,H-min,,17,,0.84
frozen,hsf,30,2,s0.1,0.1,17,-13100.0,0.84
frozen,hsf,30,3,s0.3,0.3,28,-23500.0,0.78
frozen,hsf,30,4,s0.5,0.5,28,204000.0,0.78
frozen,hsf,30,5,s0.7,0.7,15,-23800.0,1.55
frozen,hsf,30,6,s1.0,1.0,0,-25400.0,2.64
frozen,hsf,30,7,final,,0,-25400.0,2.63
frozen,hsf,31,0,init,,30,,0.77
frozen,hsf,31,1,H-min,,30,,0.77
frozen,hsf,31,2,s0.1,0.1,24,-41200.0,0.22
frozen,hsf,31,3,s0.3,0.3,24,163000000.0,0.22
frozen,hsf,31,4,s0.5,0.5,24,75100000000.0,0.22
frozen,hsf,31,5,s0.7,0.7,20,-34800.0,1.54
frozen,hsf,31,6,s1.0,1.0,0,-36100.0,2.58
frozen,hsf,31,7,final,,0,-36200.0,2.58
frozen,hsf,32,0,init,,62,,0.57
frozen,hsf,32,1,H-min,,62,,0.57
frozen,hsf,32,2,s0.1,0.1,62,-14700.0,0.63
frozen,hsf,32,3,s0.3,0.3,62,-13900.0,0.63
frozen,hsf,32,4,s0.5,0.5,54,-91800.0,0.96
frozen,hsf,32,5,s0.7,0.7,54,-37800.0,0.96
frozen,hsf,32,6,s1.0,1.0,10,-26600.0,2.13
frozen,hsf,32,7,final,,10,-26800.0,2.14
frozen,hsf,33,0,init,,46,,0.55
frozen,hsf,33,1,H-min,,46,,0.55
frozen,hsf,33,2,s0.1,0.1,48,-385000.0,0.75
frozen,hsf,33,3,s0.3,0.3,48,230000000.0,0.75
frozen,hsf,33,4,s0.5,0.5,51,-250000.0,0.83
frozen,hsf,33,5,s0.7,0.7,51,750000.0,0.83
frozen,hsf,33,6,s1.0,1.0,0,-35700.0,2.58
frozen,hsf,33,7,final,,0,-35700.0,2.58
frozen,hsf,34,0,init,,17,,0.75
frozen,hsf,34,1,H-min,,17,,0.75
frozen,hsf,34,2,s0.1,0.1,17,-8770.0,0.76
frozen,hsf,34,3,s0.3,0.3,23,-20800.0,0.83
frozen,hsf,34,4,s0.5,0.5,23,71500.0,0.83
frozen,hsf,34,5,s0.7,0.7,13,-23500.0,1.56
frozen,hsf,34,6,s1.0,1.0,0,-25000.0,2.67
frozen,hsf,34,7,final,,0,-25100.0,2.67
frozen,hsf,35,0,init,,29,,1.03
frozen,hsf,35,1,H-min,,29,,1.03
frozen,hsf,35,2,s0.1,0.1,29,12800.0,1.03
frozen,hsf,35,3,s0.3,0.3,29,-30300.0,0.92
frozen,hsf,35,4,s0.5,0.5,29,-25900.0,0.92
frozen,hsf,35,5,s0.7,0.7,20,-33500.0,1.56
frozen,hsf,35,6,s1.0,1.0,0,-35700.0,2.57
frozen,hsf,35,7,final,,0,-35900.0,2.59
frozen,hsf,36,0,init,,23,,1.36
frozen,hsf,36,1,H-min,,23,,1.36
frozen,hsf,36,2,s0.1,0.1,23,-17500.0,1.36
frozen,hsf,36,3,s0.3,0.3,23,-17500.0,1.36
frozen,hsf,36,4,s0.5,0.5,25,-27400.0,1.46
frozen,hsf,36,5,s0.7,0.7,17,-34500.0,1.55
frozen,hsf,36,6,s1.0,1.0,0,-35600.0,2.56
frozen,hsf,36,7,final,,0,-35900.0,2.57
frozen,hsf,37,0,init,,14,,1.03
frozen,hsf,37,1,H-min,,14,,1.03
frozen,hsf,37,2,s0.1,0.1,14,-20800.0,0.66
frozen,hsf,37,3,s0.3,0.3,14,-20500.0,0.66
frozen,hsf,37,4,s0.5,0.5,14,119000.0,0.66
frozen,hsf,37,5,s0.7,0.7,12,-23400.0,1.57
frozen,hsf,37,6,s1.0,1.0,0,-25400.0,2.7
frozen,hsf,37,7,final,,0,-25400.0,2.71
frozen,hsf,38,0,init,,20,,0.64
frozen,hsf,38,1,H-min,,20,,0.64
frozen,hsf,38,2,s0.1,0.1,20,-20400.0,0.65
frozen,hsf,38,3,s0.3,0.3,21,-29800.0,0.69
frozen,hsf,38,4,s0.5,0.5,21,85500.0,0.69
frozen,hsf,38,5,s0.7,0.7,24,-34400.0,1.55
frozen,hsf,38,6,s1.0,1.0,0,-35700.0,2.62
frozen,hsf,38,7,final,,0,-35900.0,2.61
frozen,hsf,39,0,init,,50,,0.56
frozen,hsf,39,1,H-min,,50,,0.56
frozen,hsf,39,2,s0.1,0.1,50,-19900.0,0.57
frozen,hsf,39,3,s0.3,0.3,50,-18200.0,0.57
frozen,hsf,39,4,s0.5,0.5,50,783000.0,0.57
frozen,hsf,39,5,s0.7,0.7,20,-34000.0,1.55
frozen,hsf,39,6,s1.0,1.0,0,-35700.0,2.7
frozen,hsf,39,7,final,,0,-35800.0,2.7
frozen,hsf,40,0,init,,31,,0.75
frozen,hsf,40,1,H-min,,31,,0.75
frozen,hsf,40,2,s0.1,0.1,31,-18700.0,0.77
frozen,hsf,40,3,s0.3,0.3,31,-18600.0,0.77
frozen,hsf,40,4,s0.5,0.5,31,4240.0,0.77
frozen,hsf,40,5,s0.7,0.7,13,-34600.0,1.57
frozen,hsf,40,6,s1.0,1.0,0,-36000.0,2.62
frozen,hsf,40,7,final,,0,-36000.0,2.61
frozen,hsf,41,0,init,,47,,1.34
frozen,hsf,41,1,H-min,,47,,1.34
frozen,hsf,41,2,s0.1,0.1,52,-42900.0,0.21
frozen,hsf,41,3,s0.3,0.3,50,-28300.0,0.76
frozen,hsf,41,4,s0.5,0.5,50,-8420.0,0.76
frozen,hsf,41,5,s0.7,0.7,30,-34700.0,1.55
frozen,hsf,41,6,s1.0,1.0,0,-35900.0,2.62
frozen,hsf,41,7,final,,0,-35900.0,2.62
frozen,hsf,42,0,init,,61,,0.55
frozen,hsf,42,1,H-min,,61,,0.55
frozen,hsf,42,2,s0.1,0.1,64,-60000.0,0.2
frozen,hsf,42,3,s0.3,0.3,64,1510000000.0,0.2
frozen,hsf,42,4,s0.5,0.5,64,695000000000.0,0.2
frozen,hsf,42,5,s0.7,0.7,18,-34200.0,1.55
frozen,hsf,42,6,s1.0,1.0,0,-35700.0,2.55
frozen,hsf,42,7,final,,0,-35800.0,2.56
frozen,hsf,43,0,init,,35,,1.34
frozen,hsf,43,1,H-min,,35,,1.34
frozen,hsf,43,2,s0.1,0.1,35,-20700.0,1.35
frozen,hsf,43,3,s0.3,0.3,35,-20700.0,1.35
frozen,hsf,43,4,s0.5,0.5,35,-20900.0,1.35
frozen,hsf,43,5,s0.7,0.7,21,-34600.0,1.58
frozen,hsf,43,6,s1.0,1.0,0,-35700.0,2.65
frozen,hsf,43,7,final,,0,-35800.0,2.67
frozen,hsf,44,0,init,,23,,1.22
frozen,hsf,44,1,H-min,,23,,1.22
frozen,hsf,44,2,s0.1,0.1,31,-56300.0,0.21
frozen,hsf,44,3,s0.3,0.3,31,1670000000.0,0.21
frozen,hsf,44,4,s0.5,0.5,31,769000000000.0,0.21
frozen,hsf,44,5,s0.7,0.7,22,-34200.0,1.57
frozen,hsf,44,6,s1.0,1.0,0,-35800.0,2.62
frozen,hsf,44,7,final,,0,-35800.0,2.62
frozen,hsf,45,0,init,,38,,1.05
frozen,hsf,45,1,H-min,,38,,1.05
frozen,hsf,45,2,s0.1,0.1,38,-19000.0,1.05
frozen,hsf,45,3,s0.3,0.3,38,-19000.0,1.05
frozen,hsf,45,4,s0.5,0.5,34,-525000.0,1.37
frozen,hsf,45,5,s0.7,0.7,34,-444000.0,1.37
frozen,hsf,45,6,s1.0,1.0,0,-35600.0,2.64
frozen,hsf,45,7,final,,0,-35800.0,2.64
frozen,hsf,47,0,init,,28,,1.1
frozen,hsf,47,1,H-min,,28,,1.1
frozen,hsf,47,2,s0.1,0.1,28,-19100.0,1.1
frozen,hsf,47,3,s0.3,0.3,28,-19100.0,1.1
frozen,hsf,47,4,s0.5,0.5,28,-19000.0,1.1
frozen,hsf,47,5,s0.7,0.7,22,-34300.0,1.54
frozen,hsf,47,6,s1.0,1.0,0,-35900.0,2.62
frozen,hsf,47,7,final,,0,-35900.0,2.62
frozen,hsf,48,0,init,,13,,1.34
frozen,hsf,48,1,H-min,,13,,1.34
frozen,hsf,48,2,s0.1,0.1,16,-38500.0,1.11
frozen,hsf,48,3,s0.3,0.3,12,-29900.0,1.49
frozen,hsf,48,4,s0.5,0.5,12,11900.0,1.49
frozen,hsf,48,5,s0.7,0.7,13,-35100.0,1.55
frozen,hsf,48,6,s1.0,1.0,0,-35900.0,2.64
frozen,hsf,48,7,final,,0,-36000.0,2.68
frozen,hsf,49,0,init,,38,,0.3
frozen,hsf,49,1,H-min,,38,,0.3
frozen,hsf,49,2,s0.1,0.1,37,-17300.0,0.32
frozen,hsf,49,3,s0.3,0.3,37,1320000.0,0.32
frozen,hsf,49,4,s0.5,0.5,37,613000000.0,0.32
frozen,hsf,49,5,s0.7,0.7,13,-34300.0,1.56
frozen,hsf,49,6,s1.0,1.0,0,-35800.0,2.6
frozen,hsf,49,7,final,,0,-35800.0,2.6
frozen,hsf,50,0,init,,23,,0.64
frozen,hsf,50,1,H-min,,23,,0.64
frozen,hsf,50,2,s0.1,0.1,33,-40400.0,0.9
frozen,hsf,50,3,s0.3,0.3,38,-33100.0,0.77
frozen,hsf,50,4,s0.5,0.5,38,244000.0,0.77
frozen,hsf,50,5,s0.7,0.7,9,-34400.0,2.03
frozen,hsf,50,6,s1.0,1.0,0,-36000.0,2.69
frozen,hsf,50,7,final,,0,-36000.0,2.69
frozen,hsf,51,0,init,,15,,1.02
frozen,hsf,51,1,H-min,,15,,1.02
frozen,hsf,51,2,s0.1,0.1,15,-20800.0,1.03
frozen,hsf,51,3,s0.3,0.3,15,-20900.0,1.03
frozen,hsf,51,4,s0.5,0.5,15,-29100.0,1.55
frozen,hsf,51,5,s0.7,0.7,9,-34700.0,1.54
frozen,hsf,51,6,s1.0,1.0,0,-36000.0,2.63
frozen,hsf,51,7,final,,0,-36100.0,2.63
frozen,hsf,52,0,init,,19,,0.79
frozen,hsf,52,1,H-min,,19,,0.79
frozen,hsf,52,2,s0.1,0.1,19,-20800.0,0.81
frozen,hsf,52,3,s0.3,0.3,19,-19900.0,0.81
frozen,hsf,52,4,s0.5,0.5,19,400000.0,0.81
frozen,hsf,52,5,s0.7,0.7,9,-34400.0,1.55
frozen,hsf,52,6,s1.0,1.0,0,-36000.0,2.55
frozen,hsf,52,7,final,,0,-36100.0,2.55
frozen,hsf,53,0,init,,43,,0.95
frozen,hsf,53,1,H-min,,43,,0.95
frozen,hsf,53,2,s0.1,0.1,43,-18800.0,0.95
frozen,hsf,53,3,s0.3,0.3,40,-29300.0,0.75
frozen,hsf,53,4,s0.5,0.5,32,-30000.0,1.41
frozen,hsf,53,5,s0.7,0.7,24,-34200.0,1.55
frozen,hsf,53,6,s1.0,1.0,0,-35800.0,2.63
frozen,hsf,53,7,final,,0,-35900.0,2.62
frozen,hsf,54,0,init,,39,,0.53
frozen,hsf,54,1,H-min,,39,,0.53
frozen,hsf,54,2,s0.1,0.1,39,-19800.0,0.54
frozen,hsf,54,3,s0.3,0.3,39,-17500.0,0.54
frozen,hsf,54,4,s0.5,0.5,41,-61300.0,1.25
frozen,hsf,54,5,s0.7,0.7,29,-35200.0,1.56
frozen,hsf,54,6,s1.0,1.0,0,-36100.0,2.62
frozen,hsf,54,7,final,,0,-36200.0,2.6
frozen,hsf,55,0,init,,29,,0.87
frozen,hsf,55,1,H-min,,29,,0.87
frozen,hsf,55,2,s0.1,0.1,29,-17900.0,0.87
frozen,hsf,55,3,s0.3,0.3,30,-235000.0,0.96
frozen,hsf,55,4,s0.5,0.5,30,-115000.0,0.96
frozen,hsf,55,5,s0.7,0.7,19,-34000.0,1.55
frozen,hsf,55,6,s1.0,1.0,0,-35600.0,2.61
frozen,hsf,55,7,final,,0,-35900.0,2.6
frozen,hsf,56,0,init,,31,,0.87
frozen,hsf,56,1,H-min,,31,,0.87
frozen,hsf,56,2,s0.1,0.1,31,-21100.0,0.88
frozen,hsf,56,3,s0.3,0.3,31,-21100.0,0.88
frozen,hsf,56,4,s0.5,0.5,31,-14000.0,0.88
frozen,hsf,56,5,s0.7,0.7,19,-34700.0,1.56
frozen,hsf,56,6,s1.0,1.0,0,-35900.0,2.6
frozen,hsf,56,7,final,,0,-36100.0,2.59
frozen,hsf,57,0,init,,32,,0.73
frozen,hsf,57,1,H-min,,32,,0.73
frozen,hsf,57,2,s0.1,0.1,32,-19800.0,0.73
frozen,hsf,57,3,s0.3,0.3,32,-19700.0,0.73
frozen,hsf,57,4,s0.5,0.5,27,-31800.0,1.34
frozen,hsf,57,5,s0.7,0.7,19,-34500.0,1.56
frozen,hsf,57,6,s1.0,1.0,0,-35800.0,2.61
frozen,hsf,57,7,final,,0,-35800.0,2.61
frozen,hsf,58,0,init,,40,,0.38
frozen,hsf,58,1,H-min,,40,,0.38
frozen,hsf,58,2,s0.1,0.1,45,-34800.0,0.21
frozen,hsf,58,3,s0.3,0.3,45,913000000.0,0.21
frozen,hsf,58,4,s0.5,0.5,43,-19300.0,1.07
frozen,hsf,58,5,s0.7,0.7,37,-30800.0,1.56
frozen,hsf,58,6,s1.0,1.0,12,-16600.0,2.2
frozen,hsf,58,7,final,,12,-16800.0,2.2
frozen,hsf,59,0,init,,28,,0.35
frozen,hsf,59,1,H-min,,28,,0.35
frozen,hsf,59,2,s0.1,0.1,28,-21300.0,0.37
frozen,hsf,59,3,s0.3,0.3,29,-107000.0,0.84
frozen,hsf,59,4,s0.5,0.5,29,-96000.0,0.84
frozen,hsf,59,5,s0.7,0.7,24,-34700.0,1.57
frozen,hsf,59,6,s1.0,1.0,0,-36100.0,2.65
frozen,hsf,59,7,final,,0,-36100.0,2.65
frozen,hsf,60,0,init,,48,,0.46
frozen,hsf,60,1,H-min,,48,,0.46
frozen,hsf,60,2,s0.1,0.1,48,-20000.0,0.47
frozen,hsf,60,3,s0.3,0.3,48,-3790.0,0.47
frozen,hsf,60,4,s0.5,0.5,43,-25000.0,1.18
frozen,hsf,60,5,s0.7,0.7,18,-34700.0,1.55
frozen,hsf,60,6,s1.0,1.0,0,-35700.0,2.53
frozen,hsf,60,7,final,,0,-35700.0,2.53
frozen,hsf,61,0,init,,30,,0.88
frozen,hsf,61,1,H-min,,30,,0.88
frozen,hsf,61,2,s0.1,0.1,30,-17600.0,0.88
frozen,hsf,61,3,s0.3,0.3,27,-35000.0,0.72
frozen,hsf,61,4,s0.5,0.5,27,402000.0,0.72
frozen,hsf,61,5,s0.7,0.7,23,-34500.0,1.55
frozen,hsf,61,6,s1.0,1.0,0,-35900.0,2.61
frozen,hsf,61,7,final,,0,-35900.0,2.61
frozen,irf,1,0,init,,79,,0.29
frozen,irf,1,1,H-min,,79,,0.29
frozen,irf,1,2,s0.1,0.1,79,154000.0,0.31
frozen,irf,1,3,s0.3,0.3,79,2880000.0,0.31
frozen,irf,1,4,s0.5,0.5,64,19300.0,1.09
frozen,irf,1,5,s0.7,0.7,64,157000.0,1.09
frozen,irf,1,6,s1.0,1.0,5,-50700.0,2.18
frozen,irf,1,7,final,,5,-50700.0,2.18
frozen,irf,2,0,init,,42,,0.42
frozen,irf,2,1,H-min,,42,,0.42
frozen,irf,2,2,s0.1,0.1,41,52200.0,0.5
frozen,irf,2,3,s0.3,0.3,38,-48700.0,0.78
frozen,irf,2,4,s0.5,0.5,38,-9340.0,0.78
frozen,irf,2,5,s0.7,0.7,20,-55900.0,1.77
frozen,irf,2,6,s1.0,1.0,0,-57900.0,2.66
frozen,irf,2,7,final,,0,-57900.0,2.66
frozen,irf,3,0,init,,42,,0.35
frozen,irf,3,1,H-min,,42,,0.35
frozen,irf,3,2,s0.1,0.1,42,47600.0,0.35
frozen,irf,3,3,s0.3,0.3,42,445000.0,0.35
frozen,irf,3,4,s0.5,0.5,42,183000000.0,0.35
frozen,irf,3,5,s0.7,0.7,21,-58600.0,1.75
frozen,irf,3,6,s1.0,1.0,0,-58500.0,2.68
frozen,irf,3,7,final,,0,-58700.0,2.71
frozen,irf,4,0,init,,44,,0.62
frozen,irf,4,1,H-min,,44,,0.62
frozen,irf,4,2,s0.1,0.1,38,-98800.0,0.21
frozen,irf,4,3,s0.3,0.3,38,2940000000.0,0.21
frozen,irf,4,4,s0.5,0.5,38,1350000000000.0,0.21
frozen,irf,4,5,s0.7,0.7,25,-54800.0,1.82
frozen,irf,4,6,s1.0,1.0,0,-58000.0,2.64
frozen,irf,4,7,final,,0,-58200.0,2.64
frozen,irf,5,0,init,,35,,0.37
frozen,irf,5,1,H-min,,35,,0.37
frozen,irf,5,2,s0.1,0.1,35,174000.0,0.41
frozen,irf,5,3,s0.3,0.3,35,276000.0,0.41
frozen,irf,5,4,s0.5,0.5,35,47200000.0,0.41
frozen,irf,5,5,s0.7,0.7,18,-58200.0,1.94
frozen,irf,5,6,s1.0,1.0,0,-57900.0,2.75
frozen,irf,5,7,final,,0,-57900.0,2.75
frozen,irf,6,0,init,,49,,0.8
frozen,irf,6,1,H-min,,49,,0.8
frozen,irf,6,2,s0.1,0.1,45,-22800.0,0.48
frozen,irf,6,3,s0.3,0.3,45,20200.0,0.48
frozen,irf,6,4,s0.5,0.5,39,-29300.0,1.3
frozen,irf,6,5,s0.7,0.7,19,-53700.0,1.65
frozen,irf,6,6,s1.0,1.0,0,-42200.0,2.56
frozen,irf,6,7,final,,0,-42200.0,2.56
frozen,irf,7,0,init,,59,,0.66
frozen,irf,7,1,H-min,,59,,0.66
frozen,irf,7,2,s0.1,0.1,59,59100.0,0.7
frozen,irf,7,3,s0.3,0.3,59,59300.0,0.7
frozen,irf,7,4,s0.5,0.5,35,-49100.0,1.54
frozen,irf,7,5,s0.7,0.7,23,-59300.0,1.56
frozen,irf,7,6,s1.0,1.0,0,-58200.0,2.67
frozen,irf,7,7,final,,0,-58700.0,2.67
frozen,irf,8,0,init,,58,,0.62
frozen,irf,8,1,H-min,,58,,0.62
frozen,irf,8,2,s0.1,0.1,58,53900.0,0.64
frozen,irf,8,3,s0.3,0.3,54,-47200.0,0.77
frozen,irf,8,4,s0.5,0.5,47,-54000.0,1.46
frozen,irf,8,5,s0.7,0.7,24,-58900.0,1.9
frozen,irf,8,6,s1.0,1.0,0,-58100.0,2.65
frozen,irf,8,7,final,,0,-58300.0,2.69
frozen,irf,9,0,init,,74,,0.58
frozen,irf,9,1,H-min,,74,,0.58
frozen,irf,9,2,s0.1,0.1,77,-40200.0,0.68
frozen,irf,9,3,s0.3,0.3,77,87900000.0,0.68
frozen,irf,9,4,s0.5,0.5,79,-37000.0,1.26
frozen,irf,9,5,s0.7,0.7,32,-58300.0,1.58
frozen,irf,9,6,s1.0,1.0,0,-57300.0,2.68
frozen,irf,9,7,final,,0,-57600.0,2.7
frozen,irf,10,0,init,,42,,0.9
frozen,irf,10,1,H-min,,42,,0.9
frozen,irf,10,2,s0.1,0.1,42,51400.0,0.92
frozen,irf,10,3,s0.3,0.3,42,51300.0,0.92
frozen,irf,10,4,s0.5,0.5,30,-43200.0,1.44
frozen,irf,10,5,s0.7,0.7,20,-56500.0,1.55
frozen,irf,10,6,s1.0,1.0,0,-58300.0,2.52
frozen,irf,10,7,final,,0,-58600.0,2.53
frozen,irf,11,0,init,,37,,0.83
frozen,irf,11,1,H-min,,37,,0.83
frozen,irf,11,2,s0.05,0.05,40,-83800.0,0.1
frozen,irf,11,3,s0.1,0.1,40,17000000.0,0.1
frozen,irf,11,4,s0.2,0.2,40,70200000000.0,0.1
frozen,irf,11,2,s0.05,0.05,71,-101000.0,0.1
frozen,irf,11,3,s0.1,0.1,75,-101000.0,0.21
frozen,irf,11,4,s0.2,0.2,75,24300000.0,0.21
frozen,irf,11,5,s0.4,0.4,75,100000000000.0,0.21
frozen,irf,11,6,s0.7,0.7,26,-57400.0,1.56
frozen,irf,11,7,s1.0,1.0,0,-58200.0,2.54
frozen,irf,11,2,s0.05,0.05,49,57800.0,0.37
frozen,irf,11,3,s0.1,0.1,57,-65400.0,0.21
frozen,irf,11,4,s0.2,0.2,57,11800000.0,0.21
frozen,irf,11,5,s0.4,0.4,57,48700000000.0,0.21
frozen,irf,11,6,s0.7,0.7,19,-59700.0,1.8
frozen,irf,11,7,s1.0,1.0,0,-58100.0,2.6
frozen,irf,11,2,s0.05,0.05,64,64700.0,0.66
frozen,irf,11,3,s0.1,0.1,72,-169000.0,0.21
frozen,irf,11,4,s0.2,0.2,72,35100000.0,0.21
frozen,irf,11,5,s0.4,0.4,63,73700.0,0.61
frozen,irf,11,6,s0.7,0.7,47,-57300.0,1.59
frozen,irf,11,7,s1.0,1.0,0,-58600.0,2.57
frozen,irf,11,2,s0.05,0.05,101,-149000.0,0.1
frozen,irf,11,3,s0.1,0.1,101,-118000.0,0.21
frozen,irf,11,4,s0.2,0.2,101,18000000.0,0.21
frozen,irf,11,5,s0.4,0.4,101,74400000000.0,0.21
frozen,irf,11,6,s0.7,0.7,37,-59700.0,1.74
frozen,irf,11,7,s1.0,1.0,0,-58600.0,2.71
frozen,irf,11,2,s0.05,0.05,69,-111000.0,0.11
frozen,irf,11,3,s0.1,0.1,78,-116000.0,0.23
frozen,irf,11,4,s0.2,0.2,75,-101000.0,0.49
frozen,irf,11,5,s0.4,0.4,75,31000000.0,0.49
frozen,irf,11,6,s0.7,0.7,24,-57000.0,1.92
frozen,irf,11,7,s1.0,1.0,0,-47200.0,2.73
frozen,irf,11,2,s0.05,0.05,158,89900.0,0.35
frozen,irf,11,3,s0.1,0.1,154,-179000.0,0.23
frozen,irf,11,4,s0.2,0.2,154,1530000.0,0.23
frozen,irf,11,5,s0.4,0.4,141,-32500.0,1.0
frozen,irf,11,6,s0.7,0.7,78,-55000.0,1.55
frozen,irf,11,7,s1.0,1.0,10,-45300.0,2.06
frozen,irf,11,2,s0.05,0.05,67,74100.0,0.68
frozen,irf,11,3,s0.1,0.1,67,74100.0,0.68
frozen,irf,11,4,s0.2,0.2,67,74100.0,0.68
frozen,irf,11,5,s0.4,0.4,67,104000.0,0.68
frozen,irf,11,6,s0.7,0.7,19,-56400.0,1.56
frozen,irf,11,7,s1.0,1.0,0,-47200.0,2.6
frozen,irf,11,2,s0.05,0.05,107,71200.0,0.61
frozen,irf,11,3,s0.1,0.1,107,71200.0,0.61
frozen,irf,11,4,s0.2,0.2,107,71200.0,0.61
frozen,irf,11,2,s0.05,0.05,41,3870.0,0.73
frozen,irf,11,3,s0.1,0.1,41,3870.0,0.73
frozen,irf,11,4,s0.2,0.2,41,3860.0,0.73
frozen,irf,11,5,s0.4,0.4,41,5510.0,0.73
frozen,irf,11,6,s0.7,0.7,25,-57100.0,1.56
frozen,irf,11,7,s1.0,1.0,0,-57800.0,2.65
frozen,irf,11,2,s0.05,0.05,54,-76500.0,0.1
frozen,irf,11,3,s0.1,0.1,54,13600000.0,0.1
frozen,irf,11,4,s0.2,0.2,54,56100000000.0,0.1
frozen,irf,11,5,s0.4,0.4,54,230000000000000.0,0.1
frozen,irf,11,6,s0.7,0.7,20,-58300.0,1.65
frozen,irf,11,7,s1.0,1.0,0,-58300.0,2.72
frozen,irf,11,2,s0.05,0.05,70,69500.0,0.25
frozen,irf,11,3,s0.1,0.1,70,69500.0,0.25
frozen,irf,11,4,s0.2,0.2,62,-156000.0,0.76
frozen,irf,11,5,s0.4,0.4,62,-10700000.0,0.76
frozen,irf,11,2,s0.05,0.05,64,-31300000.0,0.76
frozen,irf,11,3,s0.1,0.1,64,-78200000.0,0.76
frozen,irf,11,4,s0.2,0.2,64,-89200000.0,0.76
frozen,irf,11,5,s0.4,0.4,64,-27100000.0,0.76
frozen,irf,11,2,s0.05,0.05,53,125000.0,0.87
frozen,irf,11,3,s0.1,0.1,49,-681000.0,0.97
frozen,irf,11,4,s0.2,0.2,49,-681000.0,0.97
frozen,irf,11,5,s0.4,0.4,49,-656000.0,0.97
frozen,irf,11,6,s0.7,0.7,17,-57300.0,1.56
frozen,irf,11,7,s1.0,1.0,0,-57700.0,2.66
frozen,irf,11,76,final,,0,-58200.0,2.54
frozen,irf,12,0,init,,39,,0.8
frozen,irf,12,1,H-min,,39,,0.8
frozen,irf,12,2,s0.1,0.1,34,-85100.0,0.23
frozen,irf,12,3,s0.3,0.3,40,-46900.0,0.7
frozen,irf,12,4,s0.5,0.5,40,233000.0,0.7
frozen,irf,12,5,s0.7,0.7,23,-57300.0,1.56
frozen,irf,12,6,s1.0,1.0,0,-58500.0,2.69
frozen,irf,12,7,final,,0,-58500.0,2.68
frozen,irf,13,0,init,,52,,0.69
frozen,irf,13,1,H-min,,52,,0.69
frozen,irf,13,2,s0.1,0.1,52,129000.0,0.69
frozen,irf,13,3,s0.3,0.3,50,-16800.0,0.71
frozen,irf,13,4,s0.5,0.5,48,-480000.0,0.96
frozen,irf,13,5,s0.7,0.7,48,-187000.0,0.96
frozen,irf,13,6,s1.0,1.0,0,-47400.0,2.56
frozen,irf,13,7,final,,0,-48100.0,2.59
frozen,irf,15,0,init,,49,,1.25
frozen,irf,15,1,H-min,,49,,1.25
frozen,irf,15,2,s0.1,0.1,48,80000.0,1.24
frozen,irf,15,3,s0.3,0.3,46,-13000.0,1.32
frozen,irf,15,4,s0.5,0.5,45,-25700.0,0.92
frozen,irf,15,5,s0.7,0.7,19,-55600.0,1.56
frozen,irf,15,6,s1.0,1.0,0,-47300.0,2.53
frozen,irf,15,7,final,,0,-47700.0,2.52
frozen,irf,16,0,init,,88,,0.84
frozen,irf,16,1,H-min,,88,,0.84
frozen,irf,16,2,s0.1,0.1,80,-43700.0,0.29
frozen,irf,16,3,s0.3,0.3,80,-44100.0,0.65
frozen,irf,16,4,s0.5,0.5,80,284000.0,0.65
frozen,irf,16,5,s0.7,0.7,21,-58500.0,1.92
frozen,irf,16,6,s1.0,1.0,0,-58200.0,2.66
frozen,irf,16,7,final,,0,-58700.0,2.7
frozen,irf,18,0,init,,118,,0.38
frozen,irf,18,1,H-min,,118,,0.38
frozen,irf,18,2,s0.1,0.1,115,-53700.0,0.21
frozen,irf,18,3,s0.3,0.3,115,480000000.0,0.21
frozen,irf,18,4,s0.5,0.5,115,221000000000.0,0.21
frozen,irf,18,5,s0.7,0.7,55,-57200.0,1.62
frozen,irf,18,6,s1.0,1.0,0,-55900.0,2.67
frozen,irf,18,7,final,,0,-56500.0,2.71
frozen,irf,19,0,init,,72,,0.77
frozen,irf,19,1,H-min,,72,,0.77
frozen,irf,19,2,s0.1,0.1,72,56800.0,0.8
frozen,irf,19,3,s0.3,0.3,72,56800.0,0.8
frozen,irf,19,4,s0.5,0.5,72,81000.0,0.8
frozen,irf,19,5,s0.7,0.7,32,-55700.0,1.64
frozen,irf,19,6,s1.0,1.0,0,-57700.0,2.71
frozen,irf,19,7,final,,0,-58000.0,2.71
frozen,irf,20,0,init,,68,,0.69
frozen,irf,20,1,H-min,,68,,0.69
frozen,irf,20,2,s0.1,0.1,61,-56700.0,0.21
frozen,irf,20,3,s0.3,0.3,61,698000000.0,0.21
frozen,irf,20,4,s0.5,0.5,61,321000000000.0,0.21
frozen,irf,20,5,s0.7,0.7,24,-58800.0,1.87
frozen,irf,20,6,s1.0,1.0,0,-57900.0,2.7
frozen,irf,20,7,final,,0,-57900.0,2.7
frozen,irf,21,0,init,,52,,0.69
frozen,irf,21,1,H-min,,52,,0.69
frozen,irf,21,2,s0.1,0.1,52,-39900.0,0.25
frozen,irf,21,3,s0.3,0.3,55,-45500.0,0.66
frozen,irf,21,4,s0.5,0.5,55,50300.0,0.66
frozen,irf,21,5,s0.7,0.7,20,-58600.0,1.8
frozen,irf,21,6,s1.0,1.0,0,-58600.0,2.72
frozen,irf,21,7,final,,0,-58600.0,2.72
frozen,irf,22,0,init,,82,,0.61
frozen,irf,22,1,H-min,,82,,0.61
frozen,irf,22,2,s0.1,0.1,82,109000.0,0.62
frozen,irf,22,3,s0.3,0.3,82,110000.0,0.62
frozen,irf,22,4,s0.5,0.5,72,-115000.0,1.05
frozen,irf,22,5,s0.7,0.7,72,11500.0,1.05
frozen,irf,22,6,s1.0,1.0,10,-48700.0,2.14
frozen,irf,22,7,final,,10,-49400.0,2.14
frozen,irf,25,0,init,,33,,0.36
frozen,irf,25,1,H-min,,33,,0.36
frozen,irf,25,2,s0.1,0.1,39,-64500.0,0.21
frozen,irf,25,3,s0.3,0.3,39,1040000000.0,0.21
frozen,irf,25,4,s0.5,0.5,18,-43600.0,1.49
frozen,irf,25,5,s0.7,0.7,19,-59300.0,1.79
frozen,irf,25,6,s1.0,1.0,0,-59000.0,2.7
frozen,irf,25,7,final,,0,-59000.0,2.7
frozen,irf,26,0,init,,52,,0.73
frozen,irf,26,1,H-min,,52,,0.73
frozen,irf,26,2,s0.1,0.1,66,-118000.0,0.21
frozen,irf,26,3,s0.3,0.3,67,-82300.0,0.71
frozen,irf,26,4,s0.5,0.5,56,-60700.0,1.29
frozen,irf,26,5,s0.7,0.7,17,-58900.0,1.92
frozen,irf,26,6,s1.0,1.0,0,-58600.0,2.74
frozen,irf,26,7,final,,0,-58600.0,2.74
frozen,irf,27,0,init,,61,,0.35
frozen,irf,27,1,H-min,,61,,0.35
frozen,irf,27,2,s0.1,0.1,62,210000.0,0.36
frozen,irf,27,3,s0.3,0.3,77,-52100.0,0.79
frozen,irf,27,4,s0.5,0.5,77,335000.0,0.79
frozen,irf,27,5,s0.7,0.7,26,-59100.0,1.64
frozen,irf,27,6,s1.0,1.0,0,-58600.0,2.65
frozen,irf,27,7,final,,0,-58600.0,2.65
frozen,irf,28,0,init,,109,,0.26
frozen,irf,28,1,H-min,,109,,0.26
frozen,irf,28,2,s0.1,0.1,116,-116000.0,0.21
frozen,irf,28,3,s0.3,0.3,116,4190000000.0,0.21
frozen,irf,28,4,s0.5,0.5,116,1920000000000.0,0.21
frozen,irf,28,5,s0.7,0.7,27,-54800.0,1.88
frozen,irf,28,6,s1.0,1.0,0,-49800.0,2.69
frozen,irf,28,7,final,,0,-50000.0,2.7
frozen,irf,30,0,init,,42,,0.81
frozen,irf,30,1,H-min,,42,,0.81
frozen,irf,30,2,s0.1,0.1,42,52000.0,0.82
frozen,irf,30,3,s0.3,0.3,42,52000.0,0.82
frozen,irf,30,4,s0.5,0.5,42,84100.0,0.82
frozen,irf,30,5,s0.7,0.7,18,-55500.0,1.9
frozen,irf,30,6,s1.0,1.0,0,-58600.0,2.71
frozen,irf,30,7,final,,0,-58600.0,2.71
frozen,irf,31,0,init,,135,,0.23
frozen,irf,31,1,H-min,,135,,0.23
frozen,irf,31,2,s0.1,0.1,135,-91600.0,0.21
frozen,irf,31,3,s0.3,0.3,135,2780000000.0,0.21
frozen,irf,31,4,s0.5,0.5,135,1280000000000.0,0.21
frozen,irf,31,5,s0.7,0.7,47,-55800.0,1.65
frozen,irf,31,6,s1.0,1.0,0,-44900.0,2.62
frozen,irf,31,7,final,,0,-45400.0,2.65
frozen,irf,33,0,init,,105,,0.41
frozen,irf,33,1,H-min,,105,,0.41
frozen,irf,33,2,s0.1,0.1,105,89500.0,0.43
frozen,irf,33,3,s0.3,0.3,105,144000.0,0.43
frozen,irf,33,4,s0.5,0.5,105,25500000.0,0.43
frozen,irf,33,5,s0.7,0.7,45,-58200.0,1.61
frozen,irf,33,6,s1.0,1.0,0,-57000.0,2.59
frozen,irf,33,7,final,,0,-57000.0,2.59
frozen,irf,34,0,init,,74,,0.19
frozen,irf,34,1,H-min,,74,,0.19
frozen,irf,34,2,s0.1,0.1,74,69200.0,0.2
frozen,irf,34,3,s0.3,0.3,65,-48400.0,0.7
frozen,irf,34,4,s0.5,0.5,65,323000.0,0.7
frozen,irf,34,5,s0.7,0.7,32,-58400.0,1.9
frozen,irf,34,6,s1.0,1.0,0,-58500.0,2.71
frozen,irf,34,7,final,,0,-58500.0,2.71
frozen,irf,35,0,init,,69,,0.45
frozen,irf,35,1,H-min,,69,,0.45
frozen,irf,35,2,s0.1,0.1,77,-128000.0,0.27
frozen,irf,35,3,s0.3,0.3,75,-81700.0,0.77
frozen,irf,35,4,s0.5,0.5,62,-60900.0,1.3
frozen,irf,35,5,s0.7,0.7,33,-56800.0,1.64
frozen,irf,35,6,s1.0,1.0,11,-49700.0,2.13
frozen,irf,35,7,final,,11,-49700.0,2.13
frozen,irf,38,0,init,,65,,0.45
frozen,irf,38,1,H-min,,65,,0.45
frozen,irf,38,2,s0.1,0.1,65,193000.0,0.51
frozen,irf,38,3,s0.3,0.3,65,197000.0,0.51
frozen,irf,38,4,s0.5,0.5,55,-22600.0,1.29
frozen,irf,38,5,s0.7,0.7,29,-56200.0,1.89
frozen,irf,38,6,s1.0,1.0,0,-58100.0,2.66
frozen,irf,38,7,final,,0,-58100.0,2.66
frozen,irf,39,0,init,,31,,1.02
frozen,irf,39,1,H-min,,31,,1.02
frozen,irf,39,2,s0.1,0.1,43,-84200.0,0.23
frozen,irf,39,3,s0.3,0.3,45,-80000.0,0.71
frozen,irf,39,4,s0.5,0.5,45,2310000.0,0.71
frozen,irf,39,5,s0.7,0.7,25,-58600.0,1.92
frozen,irf,39,6,s1.0,1.0,0,-58700.0,2.68
frozen,irf,39,7,final,,0,-58700.0,2.68
frozen,irf,40,0,init,,29,,0.43
frozen,irf,40,1,H-min,,29,,0.43
frozen,irf,40,2,s0.1,0.1,36,-56400.0,0.21
frozen,irf,40,3,s0.3,0.3,36,702000000.0,0.21
frozen,irf,40,4,s0.5,0.5,36,323000000000.0,0.21
frozen,irf,40,5,s0.7,0.7,17,-58300.0,1.66
frozen,irf,40,6,s1.0,1.0,0,-57300.0,2.64
frozen,irf,40,7,final,,0,-57300.0,2.64
frozen,irf,41,0,init,,44,,0.53
frozen,irf,41,1,H-min,,44,,0.53
frozen,irf,41,2,s0.1,0.1,44,55400.0,0.53
frozen,irf,41,3,s0.3,0.3,49,-51000.0,0.72
frozen,irf,41,4,s0.5,0.5,49,412000.0,0.72
frozen,irf,41,5,s0.7,0.7,20,-56700.0,1.55
frozen,irf,41,6,s1.0,1.0,0,-58000.0,2.62
frozen,irf,41,7,final,,0,-58400.0,2.61
frozen,irf,42,0,init,,45,,0.67
frozen,irf,42,1,H-min,,45,,0.67
frozen,irf,42,2,s0.1,0.1,49,-42000.0,0.24
frozen,irf,42,3,s0.3,0.3,49,1130000000.0,0.24
frozen,irf,42,4,s0.5,0.5,49,521000000000.0,0.24
frozen,irf,42,5,s0.7,0.7,22,-56500.0,1.56
frozen,irf,42,6,s1.0,1.0,0,-58400.0,2.67
frozen,irf,42,7,final,,0,-58400.0,2.67
frozen,irf,43,0,init,,59,,0.46
frozen,irf,43,1,H-min,,59,,0.46
frozen,irf,43,2,s0.1,0.1,62,-72700.0,0.23
frozen,irf,43,3,s0.3,0.3,62,1610000000.0,0.23
frozen,irf,43,4,s0.5,0.5,43,-56100.0,1.22
frozen,irf,43,5,s0.7,0.7,30,-58100.0,1.81
frozen,irf,43,6,s1.0,1.0,0,-58200.0,2.61
frozen,irf,43,7,final,,0,-58200.0,2.61
frozen,irf,44,0,init,,60,,0.38
frozen,irf,44,1,H-min,,60,,0.38
frozen,irf,44,2,s0.1,0.1,60,91300.0,0.38
frozen,irf,44,3,s0.3,0.3,60,213000.0,0.38
frozen,irf,44,4,s0.5,0.5,60,56200000.0,0.38
frozen,irf,44,5,s0.7,0.7,18,-57600.0,1.76
frozen,irf,44,6,s1.0,1.0,0,-58300.0,2.75
frozen,irf,44,7,final,,0,-58300.0,2.75
frozen,irf,45,0,init,,32,,1.13
frozen,irf,45,1,H-min,,32,,1.13
frozen,irf,45,2,s0.1,0.1,33,-105000.0,0.21
frozen,irf,45,3,s0.3,0.3,27,-45600.0,0.78
frozen,irf,45,4,s0.5,0.5,27,77400.0,0.78
frozen,irf,45,5,s0.7,0.7,13,-56400.0,2.01
frozen,irf,45,6,s1.0,1.0,0,-58500.0,2.7
frozen,irf,45,7,final,,0,-58900.0,2.73
frozen,irf,47,0,init,,119,,0.37
frozen,irf,47,1,H-min,,119,,0.37
frozen,irf,47,2,s0.1,0.1,108,-36600.0,0.22
frozen,irf,47,3,s0.3,0.3,108,118000000.0,0.22
frozen,irf,47,4,s0.5,0.5,108,54500000000.0,0.22
frozen,irf,47,5,s0.7,0.7,35,-55900.0,1.55
frozen,irf,47,6,s1.0,1.0,0,-56100.0,2.6
frozen,irf,47,7,final,,0,-56700.0,2.59
frozen,irf,48,0,init,,35,,0.46
frozen,irf,48,1,H-min,,35,,0.46
frozen,irf,48,2,s0.1,0.1,35,64800.0,0.48
frozen,irf,48,3,s0.3,0.3,45,-52300.0,0.72
frozen,irf,48,4,s0.5,0.5,45,308000.0,0.72
frozen,irf,48,5,s0.7,0.7,13,-56800.0,1.64
frozen,irf,48,6,s1.0,1.0,0,-47800.0,2.65
frozen,irf,48,7,final,,0,-48100.0,2.66
frozen,irf,49,0,init,,28,,0.95
frozen,irf,49,1,H-min,,28,,0.95
frozen,irf,49,2,s0.1,0.1,28,59600.0,0.96
frozen,irf,49,3,s0.3,0.3,42,-69100.0,0.75
frozen,irf,49,4,s0.5,0.5,42,331000.0,0.75
frozen,irf,49,5,s0.7,0.7,23,-58600.0,1.7
frozen,irf,49,6,s1.0,1.0,0,-58000.0,2.57
frozen,irf,49,7,final,,0,-58200.0,2.57
frozen,irf,50,0,init,,60,,0.58
frozen,irf,50,1,H-min,,60,,0.58
frozen,irf,50,2,s0.1,0.1,60,55200.0,0.6
frozen,irf,50,3,s0.3,0.3,60,56400.0,0.6
frozen,irf,50,4,s0.5,0.5,60,683000.0,0.6
frozen,irf,50,5,s0.7,0.7,35,-54800.0,1.55
frozen,irf,50,6,s1.0,1.0,10,-49600.0,2.13
frozen,irf,50,7,final,,10,-49800.0,2.13
frozen,irf,51,0,init,,97,,0.25
frozen,irf,51,1,H-min,,97,,0.25
frozen,irf,51,2,s0.1,0.1,97,62000.0,0.26
frozen,irf,51,3,s0.3,0.3,83,-31400.0,0.74
frozen,irf,51,4,s0.5,0.5,83,62300.0,0.74
frozen,irf,51,5,s0.7,0.7,26,-58600.0,1.89
frozen,irf,51,6,s1.0,1.0,0,-57100.0,2.66
frozen,irf,51,7,final,,0,-57100.0,2.66
frozen,irf,52,0,init,,38,,0.8
frozen,irf,52,1,H-min,,38,,0.8
frozen,irf,52,2,s0.1,0.1,38,103000.0,0.8
frozen,irf,52,3,s0.3,0.3,38,108000.0,0.8
frozen,irf,52,4,s0.5,0.5,38,2710000.0,0.8
frozen,irf,52,5,s0.7,0.7,19,-54400.0,1.55
frozen,irf,52,6,s1.0,1.0,0,-47400.0,2.66
frozen,irf,52,7,final,,0,-47400.0,2.66
frozen,irf,53,0,init,,61,,0.36
frozen,irf,53,1,H-min,,61,,0.36
frozen,irf,53,2,s0.1,0.1,60,-646000.0,0.23
frozen,irf,53,3,s0.3,0.3,57,-68600.0,0.96
frozen,irf,53,4,s0.5,0.5,57,-61600.0,0.96
frozen,irf,53,5,s0.7,0.7,24,-55700.0,1.93
frozen,irf,53,6,s1.0,1.0,0,-57900.0,2.58
frozen,irf,53,7,final,,0,-58300.0,2.58
frozen,irf,54,0,init,,50,,0.5
frozen,irf,54,1,H-min,,50,,0.5
frozen,irf,54,2,s0.1,0.1,48,-61200.0,0.21
frozen,irf,54,3,s0.3,0.3,48,1130000000.0,0.21
frozen,irf,54,4,s0.5,0.5,48,519000000000.0,0.21
frozen,irf,54,5,s0.7,0.7,22,-58800.0,1.79
frozen,irf,54,6,s1.0,1.0,0,-58500.0,2.71
frozen,irf,54,7,final,,0,-58500.0,2.71
frozen,irf,55,0,init,,87,,0.43
frozen,irf,55,1,H-min,,87,,0.43
frozen,irf,55,2,s0.1,0.1,87,62100.0,0.35
frozen,irf,55,3,s0.3,0.3,87,517000.0,0.35
frozen,irf,55,4,s0.5,0.5,87,210000000.0,0.35
frozen,irf,55,5,s0.7,0.7,56,-55800.0,1.85
frozen,irf,55,6,s1.0,1.0,0,-58200.0,2.69
frozen,irf,55,7,final,,0,-58200.0,2.69
frozen,irf,57,0,init,,46,,0.63
frozen,irf,57,1,H-min,,46,,0.63
frozen,irf,57,2,s0.1,0.1,39,-42700.0,0.2
frozen,irf,57,3,s0.3,0.3,39,524000000.0,0.2
frozen,irf,57,4,s0.5,0.5,39,241000000000.0,0.2
frozen,irf,57,5,s0.7,0.7,27,-56900.0,1.6
frozen,irf,57,6,s1.0,1.0,0,-58300.0,2.6
frozen,irf,57,7,final,,0,-58800.0,2.6
frozen,irf,58,0,init,,40,,0.87
frozen,irf,58,1,H-min,,40,,0.87
frozen,irf,58,2,s0.1,0.1,40,88600.0,0.9
frozen,irf,58,3,s0.3,0.3,40,88600.0,0.9
frozen,irf,58,4,s0.5,0.5,32,-39900.0,1.08
frozen,irf,58,5,s0.7,0.7,26,-57100.0,1.57
frozen,irf,58,6,s1.0,1.0,0,-58000.0,2.72
frozen,irf,58,7,final,,0,-58000.0,2.72
frozen,irf,59,0,init,,114,,0.35
frozen,irf,59,1,H-min,,114,,0.35
frozen,irf,59,2,s0.1,0.1,114,65300.0,0.35
frozen,irf,59,3,s0.3,0.3,114,415000.0,0.35
frozen,irf,59,4,s0.5,0.5,114,161000000.0,0.35
frozen,irf,59,5,s0.7,0.7,43,-55600.0,1.57
frozen,irf,59,6,s1.0,1.0,0,-57100.0,2.5
frozen,irf,59,7,final,,0,-57400.0,2.53
frozen,irf,60,0,init,,85,,0.75
frozen,irf,60,1,H-min,,85,,0.75
frozen,irf,60,2,s0.1,0.1,84,153000.0,0.77
frozen,irf,60,3,s0.3,0.3,84,153000.0,0.77
frozen,irf,60,4,s0.5,0.5,84,170000.0,0.77
frozen,irf,60,5,s0.7,0.7,36,-56400.0,1.56
frozen,irf,60,6,s1.0,1.0,0,-57800.0,2.64
frozen,irf,60,7,final,,0,-58200.0,2.64
frozen,irf,61,0,init,,38,,0.41
frozen,irf,61,1,H-min,,38,,0.41
frozen,irf,61,2,s0.1,0.1,40,-85100.0,0.21
frozen,irf,61,3,s0.3,0.3,40,2360000000.0,0.21
frozen,irf,61,4,s0.5,0.5,30,-61400.0,1.44
frozen,irf,61,5,s0.7,0.7,19,-58700.0,1.91
frozen,irf,61,6,s1.0,1.0,0,-58100.0,2.69
frozen,irf,61,7,final,,0,-58100.0,2.69
frozen,irf,62,0,init,,60,,0.74
frozen,irf,62,1,H-min,,60,,0.74
frozen,irf,62,2,s0.1,0.1,65,-55900.0,0.25
frozen,irf,62,3,s0.3,0.3,65,573000000.0,0.25
frozen,irf,62,4,s0.5,0.5,65,263000000000.0,0.25
frozen,irf,62,5,s0.7,0.7,20,-56400.0,1.92
frozen,irf,62,6,s1.0,1.0,0,-58000.0,2.65
frozen,irf,62,7,final,,0,-58300.0,2.64
frozen,irf,63,0,init,,32,,0.65
frozen,irf,63,1,H-min,,32,,0.65
frozen,irf,63,2,s0.1,0.1,32,66600.0,0.68
frozen,irf,63,3,s0.3,0.3,32,66700.0,0.68
frozen,irf,63,4,s0.5,0.5,32,166000.0,0.68
frozen,irf,63,5,s0.7,0.7,16,-54600.0,1.58
frozen,irf,63,6,s1.0,1.0,0,-57500.0,2.52
frozen,irf,63,7,final,,0,-57800.0,2.54
frozen,irf,64,0,init,,64,,0.51
frozen,irf,64,1,H-min,,64,,0.51
frozen,irf,64,2,s0.1,0.1,64,91500.0,0.51
frozen,irf,64,3,s0.3,0.3,64,95700.0,0.51
frozen,irf,64,4,s0.5,0.5,64,2080000.0,0.51
frozen,irf,64,5,s0.7,0.7,26,-55200.0,1.65
frozen,irf,64,6,s1.0,1.0,0,-57800.0,2.67
frozen,irf,64,7,final,,0,-58000.0,2.67
frozen,irf,65,0,init,,44,,0.88
frozen,irf,65,1,H-min,,44,,0.88
frozen,irf,65,2,s0.1,0.1,44,146000.0,0.88
frozen,irf,65,3,s0.3,0.3,44,146000.0,0.88
frozen,irf,65,4,s0.5,0.5,44,183000.0,0.88
frozen,irf,65,5,s0.7,0.7,19,-55100.0,1.55
frozen,irf,65,6,s1.0,1.0,0,-57900.0,2.57
frozen,irf,65,7,final,,0,-58600.0,2.58
frozen,irf,66,0,init,,42,,1.07
frozen,irf,66,1,H-min,,42,,1.07
frozen,irf,66,2,s0.1,0.1,42,109000.0,1.08
frozen,irf,66,3,s0.3,0.3,42,109000.0,1.08
frozen,irf,66,4,s0.5,0.5,42,109000.0,1.08
frozen,irf,66,5,s0.7,0.7,22,-58700.0,1.71
frozen,irf,66,6,s1.0,1.0,0,-58500.0,2.72
frozen,irf,66,7,final,,0,-58500.0,2.72
frozen,irf,67,0,init,,54,,0.84
frozen,irf,67,1,H-min,,54,,0.84
frozen,irf,67,2,s0.1,0.1,54,82800.0,0.84
frozen,irf,67,3,s0.3,0.3,54,82700.0,0.84
frozen,irf,67,4,s0.5,0.5,54,88100.0,0.84
frozen,irf,67,5,s0.7,0.7,23,-55700.0,1.56
frozen,irf,67,6,s1.0,1.0,0,-57900.0,2.57
frozen,irf,67,7,final,,0,-58200.0,2.57
frozen,irf,68,0,init,,90,,0.24
frozen,irf,68,1,H-min,,90,,0.24
frozen,irf,68,2,s0.1,0.1,83,-54600.0,0.21
frozen,irf,68,3,s0.3,0.3,83,873000000.0,0.21
frozen,irf,68,4,s0.5,0.5,73,-44200.0,1.23
frozen,irf,68,5,s0.7,0.7,51,-55700.0,1.56
frozen,irf,68,6,s1.0,1.0,0,-58500.0,2.7
frozen,irf,68,7,final,,0,-58500.0,2.7
frozen,irf,69,0,init,,61,,0.87
frozen,irf,69,1,H-min,,61,,0.87
frozen,irf,69,2,s0.1,0.1,61,67200.0,0.84
frozen,irf,69,3,s0.3,0.3,61,67200.0,0.84
frozen,irf,69,4,s0.5,0.5,61,78400.0,0.84
frozen,irf,69,5,s0.7,0.7,23,-55400.0,1.56
frozen,irf,69,6,s1.0,1.0,0,-57000.0,2.64
frozen,irf,69,7,final,,0,-57000.0,2.64
frozen,irf,70,0,init,,43,,0.54
frozen,irf,70,1,H-min,,43,,0.54
frozen,irf,70,2,s0.1,0.1,50,-63900.0,0.21
frozen,irf,70,3,s0.3,0.3,50,1270000000.0,0.21
frozen,irf,70,4,s0.5,0.5,40,-54400.0,1.42
frozen,irf,70,5,s0.7,0.7,13,-58400.0,1.96
frozen,irf,70,6,s1.0,1.0,0,-58500.0,2.72
frozen,irf,70,7,final,,0,-58500.0,2.72
dnarelax,hsf,1,0,init,,51,,0.73
dnarelax,hsf,1,1,H-min,,51,,0.73
dnarelax,hsf,1,2,s0.1,0.1,51,-17600.0,0.73
dnarelax,hsf,1,3,s0.3,0.3,38,-493000.0,0.68
dnarelax,hsf,1,4,s0.5,0.5,38,-271000.0,0.68
dnarelax,hsf,1,5,s0.7,0.7,23,-33800.0,1.94
dnarelax,hsf,1,6,s1.0,1.0,0,-25300.0,2.79
dnarelax,hsf,1,7,final,,0,-25500.0,2.75
dnarelax,hsf,2,0,init,,53,,0.48
dnarelax,hsf,2,1,H-min,,53,,0.48
dnarelax,hsf,2,2,s0.1,0.1,53,-19000.0,0.48
dnarelax,hsf,2,3,s0.3,0.3,53,-11200.0,0.48
dnarelax,hsf,2,4,s0.5,0.5,53,3610000.0,0.48
dnarelax,hsf,2,5,s0.7,0.7,23,-34500.0,1.54
dnarelax,hsf,2,6,s1.0,1.0,0,-36000.0,2.57
dnarelax,hsf,2,7,final,,0,-36100.0,2.57
dnarelax,hsf,3,0,init,,46,,0.35
dnarelax,hsf,3,1,H-min,,46,,0.35
dnarelax,hsf,3,2,s0.1,0.1,44,-60300.0,0.21
dnarelax,hsf,3,3,s0.3,0.3,44,131000000.0,0.21
dnarelax,hsf,3,4,s0.5,0.5,44,60300000000.0,0.21
dnarelax,hsf,3,5,s0.7,0.7,25,-28800.0,1.8
dnarelax,hsf,3,6,s1.0,1.0,0,-35800.0,2.54
dnarelax,hsf,3,7,final,,0,-35900.0,2.56
dnarelax,hsf,4,0,init,,86,,0.62
dnarelax,hsf,4,1,H-min,,86,,0.62
dnarelax,hsf,4,2,s0.1,0.1,86,-12800.0,0.62
dnarelax,hsf,4,3,s0.3,0.3,86,-10800.0,0.62
dnarelax,hsf,4,4,s0.5,0.5,86,983000.0,0.62
dnarelax,hsf,4,5,s0.7,0.7,40,-33700.0,1.7
dnarelax,hsf,4,6,s1.0,1.0,0,-35200.0,2.77
dnarelax,hsf,4,7,final,,0,-35600.0,2.76
dnarelax,hsf,5,0,init,,16,,1.21
dnarelax,hsf,5,1,H-min,,16,,1.21
dnarelax,hsf,5,2,s0.1,0.1,16,-21800.0,1.21
dnarelax,hsf,5,3,s0.3,0.3,16,-21800.0,1.21
dnarelax,hsf,5,4,s0.5,0.5,16,-21900.0,1.21
dnarelax,hsf,5,5,s0.7,0.7,12,-34400.0,1.57
dnarelax,hsf,5,6,s1.0,1.0,0,-36100.0,2.6
dnarelax,hsf,5,7,final,,0,-36100.0,2.6
dnarelax,hsf,6,0,init,,34,,1.21
dnarelax,hsf,6,1,H-min,,34,,1.21
dnarelax,hsf,6,2,s0.1,0.1,34,-18100.0,1.21
dnarelax,hsf,6,3,s0.3,0.3,29,-28900.0,0.75
dnarelax,hsf,6,4,s0.5,0.5,29,69900.0,0.75
dnarelax,hsf,6,5,s0.7,0.7,11,-34400.0,1.56
dnarelax,hsf,6,6,s1.0,1.0,0,-35800.0,2.64
dnarelax,hsf,6,7,final,,0,-36100.0,2.61
dnarelax,hsf,7,0,init,,34,,0.83
dnarelax,hsf,7,1,H-min,,34,,0.83
dnarelax,hsf,7,2,s0.1,0.1,33,-35000.0,0.22
dnarelax,hsf,7,3,s0.3,0.3,33,368000000.0,0.22
dnarelax,hsf,7,4,s0.5,0.5,33,169000000000.0,0.22
dnarelax,hsf,7,5,s0.7,0.7,21,-34500.0,1.83
dnarelax,hsf,7,6,s1.0,1.0,0,-35800.0,2.68
dnarelax,hsf,7,7,final,,0,-35800.0,2.68
dnarelax,hsf,8,0,init,,29,,0.78
dnarelax,hsf,8,1,H-min,,29,,0.78
dnarelax,hsf,8,2,s0.1,0.1,29,-20300.0,0.79
dnarelax,hsf,8,3,s0.3,0.3,29,-20200.0,0.79
dnarelax,hsf,8,4,s0.5,0.5,29,-3750.0,0.79
dnarelax,hsf,8,5,s0.7,0.7,16,-34700.0,1.57
dnarelax,hsf,8,6,s1.0,1.0,0,-36100.0,2.68
dnarelax,hsf,8,7,final,,0,-36100.0,2.68
dnarelax,hsf,9,0,init,,61,,0.54
dnarelax,hsf,9,1,H-min,,61,,0.54
dnarelax,hsf,9,2,s0.1,0.1,61,-16300.0,0.54
dnarelax,hsf,9,3,s0.3,0.3,61,-14100.0,0.54
dnarelax,hsf,9,4,s0.5,0.5,61,1010000.0,0.54
dnarelax,hsf,9,5,s0.7,0.7,25,-33700.0,1.56
dnarelax,hsf,9,6,s1.0,1.0,0,-35400.0,2.62
dnarelax,hsf,9,7,final,,0,-35700.0,2.6
dnarelax,hsf,10,0,init,,46,,0.66
dnarelax,hsf,10,1,H-min,,46,,0.66
dnarelax,hsf,10,2,s0.1,0.1,46,-17800.0,0.66
dnarelax,hsf,10,3,s0.3,0.3,46,-17600.0,0.66
dnarelax,hsf,10,4,s0.5,0.5,46,102000.0,0.66
dnarelax,hsf,10,5,s0.7,0.7,24,-34000.0,1.55
dnarelax,hsf,10,6,s1.0,1.0,0,-35700.0,2.61
dnarelax,hsf,10,7,final,,0,-35900.0,2.6
dnarelax,hsf,11,0,init,,53,,0.58
dnarelax,hsf,11,1,H-min,,53,,0.58
dnarelax,hsf,11,2,s0.1,0.1,51,-35400.0,0.21
dnarelax,hsf,11,3,s0.3,0.3,44,-29700.0,0.88
dnarelax,hsf,11,4,s0.5,0.5,44,-31900.0,1.02
dnarelax,hsf,11,5,s0.7,0.7,23,-32400.0,1.55
dnarelax,hsf,11,6,s1.0,1.0,0,-35700.0,2.6
dnarelax,hsf,11,7,final,,0,-35900.0,2.59
dnarelax,hsf,12,0,init,,42,,1.18
dnarelax,hsf,12,1,H-min,,42,,1.18
dnarelax,hsf,12,2,s0.1,0.1,42,-21300.0,1.18
dnarelax,hsf,12,3,s0.3,0.3,42,-21300.0,1.18
dnarelax,hsf,12,4,s0.5,0.5,42,-21300.0,1.18
dnarelax,hsf,12,5,s0.7,0.7,26,-34600.0,1.55
dnarelax,hsf,12,6,s1.0,1.0,0,-36000.0,2.55
dnarelax,hsf,12,7,final,,0,-36100.0,2.57
dnarelax,hsf,13,0,init,,29,,0.87
dnarelax,hsf,13,1,H-min,,29,,0.87
dnarelax,hsf,13,2,s0.1,0.1,28,45400.0,0.96
dnarelax,hsf,13,3,s0.3,0.3,28,45400.0,0.96
dnarelax,hsf,13,4,s0.5,0.5,28,47600.0,0.96
dnarelax,hsf,13,5,s0.7,0.7,16,-33500.0,1.56
dnarelax,hsf,13,6,s1.0,1.0,0,-35800.0,2.64
dnarelax,hsf,13,7,final,,0,-36100.0,2.6
dnarelax,hsf,14,0,init,,92,,0.46
dnarelax,hsf,14,1,H-min,,92,,0.46
dnarelax,hsf,14,2,s0.1,0.1,96,-85400.0,0.21
dnarelax,hsf,14,3,s0.3,0.3,96,3430000000.0,0.21
dnarelax,hsf,14,4,s0.5,0.5,86,-33500.0,1.25
dnarelax,hsf,14,5,s0.7,0.7,58,-33500.0,1.58
dnarelax,hsf,14,6,s1.0,1.0,0,-34200.0,2.51
dnarelax,hsf,14,7,final,,0,-34600.0,2.59
dnarelax,hsf,15,0,init,,17,,1.34
dnarelax,hsf,15,1,H-min,,17,,1.34
dnarelax,hsf,15,2,s0.1,0.1,17,-29900.0,1.18
dnarelax,hsf,15,3,s0.3,0.3,17,-30900.0,1.11
dnarelax,hsf,15,4,s0.5,0.5,17,-30500.0,1.11
dnarelax,hsf,15,5,s0.7,0.7,19,-34500.0,1.55
dnarelax,hsf,15,6,s1.0,1.0,0,-36100.0,2.59
dnarelax,hsf,15,7,final,,0,-36300.0,2.57
dnarelax,hsf,16,0,init,,57,,0.39
dnarelax,hsf,16,1,H-min,,57,,0.39
dnarelax,hsf,16,2,s0.1,0.1,55,-36500.0,0.22
dnarelax,hsf,16,3,s0.3,0.3,55,511000000.0,0.22
dnarelax,hsf,16,4,s0.5,0.5,44,-30800.0,1.29
dnarelax,hsf,16,5,s0.7,0.7,26,-34600.0,1.55
dnarelax,hsf,16,6,s1.0,1.0,0,-36000.0,2.71
dnarelax,hsf,16,7,final,,0,-36000.0,2.71
dnarelax,hsf,17,0,init,,21,,0.74
dnarelax,hsf,17,1,H-min,,21,,0.74
dnarelax,hsf,17,2,s0.1,0.1,21,-10200.0,0.74
dnarelax,hsf,17,3,s0.3,0.3,21,-10100.0,0.74
dnarelax,hsf,17,4,s0.5,0.5,21,85100.0,0.74
dnarelax,hsf,17,5,s0.7,0.7,11,-33500.0,1.66
dnarelax,hsf,17,6,s1.0,1.0,0,-35600.0,2.76
dnarelax,hsf,17,7,final,,0,-35800.0,2.66
dnarelax,hsf,18,0,init,,43,,0.74
dnarelax,hsf,18,1,H-min,,43,,0.74
dnarelax,hsf,18,2,s0.1,0.1,43,-17500.0,0.74
dnarelax,hsf,18,3,s0.3,0.3,43,-17500.0,0.74
dnarelax,hsf,18,4,s0.5,0.5,33,-30700.0,1.44
dnarelax,hsf,18,5,s0.7,0.7,20,-34500.0,1.56
dnarelax,hsf,18,6,s1.0,1.0,0,-35900.0,2.54
dnarelax,hsf,18,7,final,,0,-35900.0,2.54
dnarelax,hsf,19,0,init,,47,,0.41
dnarelax,hsf,19,1,H-min,,47,,0.41
dnarelax,hsf,19,2,s0.1,0.1,47,-23400.0,0.41
dnarelax,hsf,19,3,s0.3,0.3,47,237000.0,0.41
dnarelax,hsf,19,4,s0.5,0.5,34,-31300.0,1.34
dnarelax,hsf,19,5,s0.7,0.7,13,-34500.0,1.56
dnarelax,hsf,19,6,s1.0,1.0,0,-36100.0,2.59
dnarelax,hsf,19,7,final,,0,-36100.0,2.59
dnarelax,hsf,20,0,init,,54,,0.37
dnarelax,hsf,20,1,H-min,,54,,0.37
dnarelax,hsf,20,2,s0.1,0.1,54,-15800.0,0.42
dnarelax,hsf,20,3,s0.3,0.3,54,73300.0,0.42
dnarelax,hsf,20,4,s0.5,0.5,49,-33300.0,1.27
dnarelax,hsf,20,5,s0.7,0.7,23,-31600.0,1.95
dnarelax,hsf,20,6,s1.0,1.0,0,-35500.0,2.58
dnarelax,hsf,20,7,final,,0,-35800.0,2.56
dnarelax,hsf,21,0,init,,30,,1.09
dnarelax,hsf,21,1,H-min,,30,,1.09
dnarelax,hsf,21,2,s0.1,0.1,41,-64400.0,0.21
dnarelax,hsf,21,3,s0.3,0.3,33,-33200.0,0.7
dnarelax,hsf,21,4,s0.5,0.5,31,-30800.0,1.27
dnarelax,hsf,21,5,s0.7,0.7,21,-34400.0,1.55
dnarelax,hsf,21,6,s1.0,1.0,0,-35900.0,2.59
dnarelax,hsf,21,7,final,,0,-36000.0,2.59
dnarelax,hsf,22,0,init,,26,,0.98
dnarelax,hsf,22,1,H-min,,26,,0.98
dnarelax,hsf,22,2,s0.1,0.1,26,-49300.0,0.21
dnarelax,hsf,22,3,s0.3,0.3,26,406000000.0,0.21
dnarelax,hsf,22,4,s0.5,0.5,25,-29300.0,1.04
dnarelax,hsf,22,5,s0.7,0.7,16,-34500.0,1.56
dnarelax,hsf,22,6,s1.0,1.0,0,-35900.0,2.6
dnarelax,hsf,22,7,final,,0,-35900.0,2.6
dnarelax,hsf,23,0,init,,32,,0.7
dnarelax,hsf,23,1,H-min,,32,,0.7
dnarelax,hsf,23,2,s0.1,0.1,32,-17300.0,0.71
dnarelax,hsf,23,3,s0.3,0.3,32,-16200.0,0.71
dnarelax,hsf,23,4,s0.5,0.5,32,521000.0,0.71
dnarelax,hsf,23,5,s0.7,0.7,11,-32900.0,1.55
dnarelax,hsf,23,6,s1.0,1.0,0,-25400.0,2.6
dnarelax,hsf,23,7,final,,0,-25600.0,2.6
dnarelax,hsf,24,0,init,,14,,1.77
dnarelax,hsf,24,1,H-min,,14,,1.77
dnarelax,hsf,24,2,s0.1,0.1,14,-17100.0,1.77
dnarelax,hsf,24,3,s0.3,0.3,14,-17100.0,1.77
dnarelax,hsf,24,4,s0.5,0.5,14,-17300.0,1.77
dnarelax,hsf,24,5,s0.7,0.7,11,-34300.0,1.56
dnarelax,hsf,24,6,s1.0,1.0,0,-36000.0,2.58
dnarelax,hsf,24,7,final,,0,-36000.0,2.58
dnarelax,hsf,25,0,init,,71,,0.98
dnarelax,hsf,25,1,H-min,,71,,0.98
dnarelax,hsf,25,2,s0.1,0.1,65,-2690000.0,1.0
dnarelax,hsf,25,3,s0.3,0.3,65,644000000.0,1.0
dnarelax,hsf,25,4,s0.5,0.5,54,-29700.0,0.95
dnarelax,hsf,25,5,s0.7,0.7,30,-34500.0,1.55
dnarelax,hsf,25,6,s1.0,1.0,0,-35700.0,2.59
dnarelax,hsf,25,7,final,,0,-35900.0,2.59
dnarelax,hsf,26,0,init,,57,,0.69
dnarelax,hsf,26,1,H-min,,57,,0.69
dnarelax,hsf,26,2,s0.1,0.1,57,-15200.0,0.7
dnarelax,hsf,26,3,s0.3,0.3,56,-120000.0,0.75
dnarelax,hsf,26,4,s0.5,0.5,56,146000.0,0.75
dnarelax,hsf,26,5,s0.7,0.7,16,-34600.0,1.53
dnarelax,hsf,26,6,s1.0,1.0,0,-35500.0,2.56
dnarelax,hsf,26,7,final,,0,-35500.0,2.56
dnarelax,hsf,27,0,init,,33,,0.65
dnarelax,hsf,27,1,H-min,,33,,0.65
dnarelax,hsf,27,2,s0.1,0.1,33,-20300.0,0.65
dnarelax,hsf,27,3,s0.3,0.3,37,-34200.0,0.72
dnarelax,hsf,27,4,s0.5,0.5,37,405000.0,0.72
dnarelax,hsf,27,5,s0.7,0.7,22,-34200.0,1.55
dnarelax,hsf,27,6,s1.0,1.0,0,-35900.0,2.59
dnarelax,hsf,27,7,final,,0,-36100.0,2.6
dnarelax,hsf,28,0,init,,39,,0.91
dnarelax,hsf,28,1,H-min,,39,,0.91
dnarelax,hsf,28,2,s0.1,0.1,39,-20700.0,0.92
dnarelax,hsf,28,3,s0.3,0.3,39,-20600.0,0.92
dnarelax,hsf,28,4,s0.5,0.5,39,29300.0,0.92
dnarelax,hsf,28,5,s0.7,0.7,16,-34500.0,1.56
dnarelax,hsf,28,6,s1.0,1.0,0,-36000.0,2.61
dnarelax,hsf,28,7,final,,0,-36000.0,2.61
dnarelax,hsf,29,0,init,,27,,1.17
dnarelax,hsf,29,1,H-min,,27,,1.17
dnarelax,hsf,29,2,s0.05,0.05,23,-175000.0,0.96
dnarelax,hsf,29,3,s0.1,0.1,23,-175000.0,0.96
dnarelax,hsf,29,4,s0.2,0.2,23,-175000.0,0.96
dnarelax,hsf,29,5,s0.4,0.4,23,-175000.0,0.96
dnarelax,hsf,29,6,s0.7,0.7,23,-124000.0,0.96
dnarelax,hsf,29,7,s1.0,1.0,0,-36200.0,2.61
dnarelax,hsf,29,2,s0.05,0.05,38,-85600.0,0.1
dnarelax,hsf,29,3,s0.1,0.1,38,14600000.0,0.1
dnarelax,hsf,29,4,s0.2,0.2,38,60400000000.0,0.1
dnarelax,hsf,29,5,s0.4,0.4,38,247000000000000.0,0.1
dnarelax,hsf,29,6,s0.7,0.7,38,2.04e+17,0.1
dnarelax,hsf,29,7,s1.0,1.0,38,1.47e+19,0.1
dnarelax,hsf,29,2,s0.05,0.05,29,-77100.0,0.1
dnarelax,hsf,29,3,s0.1,0.1,35,-56600.0,0.21
dnarelax,hsf,29,2,s0.05,0.05,26,-19600.0,1.22
dnarelax,hsf,29,3,s0.1,0.1,26,-19600.0,1.22
dnarelax,hsf,29,4,s0.2,0.2,26,-19600.0,1.22
dnarelax,hsf,29,5,s0.4,0.4,26,-19700.0,1.22
dnarelax,hsf,29,6,s0.7,0.7,19,-35600.0,1.54
dnarelax,hsf,29,7,s1.0,1.0,0,-36000.0,2.59
dnarelax,hsf,29,2,s0.05,0.05,30,-20900.0,0.9
dnarelax,hsf,29,3,s0.1,0.1,47,-139000.0,0.23
dnarelax,hsf,29,4,s0.2,0.2,47,5720000.0,0.23
dnarelax,hsf,29,5,s0.4,0.4,34,-55900.0,0.93
dnarelax,hsf,29,6,s0.7,0.7,11,-35400.0,1.56
dnarelax,hsf,29,7,s1.0,1.0,0,-36100.0,2.63
dnarelax,hsf,29,2,s0.05,0.05,18,-22100.0,0.54
dnarelax,hsf,29,3,s0.1,0.1,18,-22100.0,0.54
dnarelax,hsf,29,4,s0.2,0.2,18,83800.0,0.54
dnarelax,hsf,29,5,s0.4,0.4,18,436000000.0,0.54
dnarelax,hsf,29,6,s0.7,0.7,17,-35500.0,1.55
dnarelax,hsf,29,7,s1.0,1.0,0,-36100.0,2.58
dnarelax,hsf,29,2,s0.05,0.05,40,-69700.0,0.97
dnarelax,hsf,29,3,s0.1,0.1,40,-157000.0,0.96
dnarelax,hsf,29,4,s0.2,0.2,40,-157000.0,0.96
dnarelax,hsf,29,5,s0.4,0.4,40,-157000.0,0.96
dnarelax,hsf,29,6,s0.7,0.7,40,-105000.0,0.96
dnarelax,hsf,29,7,s1.0,1.0,0,-36000.0,2.61
dnarelax,hsf,29,2,s0.05,0.05,24,-21900.0,0.27
dnarelax,hsf,29,3,s0.1,0.1,24,-21900.0,0.27
dnarelax,hsf,29,4,s0.2,0.2,24,47100.0,0.27
dnarelax,hsf,29,5,s0.4,0.4,24,285000000.0,0.27
dnarelax,hsf,29,6,s0.7,0.7,16,-35900.0,1.55
dnarelax,hsf,29,7,s1.0,1.0,0,-36000.0,2.6
dnarelax,hsf,29,2,s0.05,0.05,34,-21000.0,0.42
dnarelax,hsf,29,3,s0.1,0.1,32,-70600.0,0.21
dnarelax,hsf,29,4,s0.2,0.2,32,3850000.0,0.21
dnarelax,hsf,29,5,s0.4,0.4,32,16100000000.0,0.21
dnarelax,hsf,29,6,s0.7,0.7,27,-35500.0,1.55
dnarelax,hsf,29,7,s1.0,1.0,0,-35900.0,2.69
dnarelax,hsf,29,2,s0.05,0.05,39,-21400.0,0.83
dnarelax,hsf,29,3,s0.1,0.1,39,-21400.0,0.83
dnarelax,hsf,29,4,s0.2,0.2,34,-34200.0,0.46
dnarelax,hsf,29,5,s0.4,0.4,34,2730000.0,0.46
dnarelax,hsf,29,6,s0.7,0.7,18,-35600.0,1.54
dnarelax,hsf,29,7,s1.0,1.0,0,-36100.0,2.59
dnarelax,hsf,29,2,s0.05,0.05,31,-20000.0,0.65
dnarelax,hsf,29,3,s0.1,0.1,33,-44700.0,0.21
dnarelax,hsf,29,4,s0.2,0.2,33,5330000.0,0.21
dnarelax,hsf,29,5,s0.4,0.4,33,22100000000.0,0.21
dnarelax,hsf,29,6,s0.7,0.7,33,18200000000000.0,0.21
dnarelax,hsf,29,7,s1.0,1.0,0,-36000.0,2.58
dnarelax,hsf,29,64,final,,0,-36200.0,2.61
dnarelax,hsf,30,0,init,,26,,1.02
dnarelax,hsf,30,1,H-min,,26,,1.02
dnarelax,hsf,30,2,s0.1,0.1,26,-21800.0,1.02
dnarelax,hsf,30,3,s0.3,0.3,26,-21800.0,1.02
dnarelax,hsf,30,4,s0.5,0.5,26,-21300.0,1.02
dnarelax,hsf,30,5,s0.7,0.7,16,-34900.0,1.55
dnarelax,hsf,30,6,s1.0,1.0,0,-36100.0,2.62
dnarelax,hsf,30,7,final,,0,-36100.0,2.62
dnarelax,hsf,31,0,init,,30,,0.77
dnarelax,hsf,31,1,H-min,,30,,0.77
dnarelax,hsf,31,2,s0.1,0.1,30,-21300.0,0.78
dnarelax,hsf,31,3,s0.3,0.3,25,-28700.0,1.07
dnarelax,hsf,31,4,s0.5,0.5,25,-28400.0,1.07
dnarelax,hsf,31,5,s0.7,0.7,22,-34800.0,1.54
dnarelax,hsf,31,6,s1.0,1.0,0,-36100.0,2.59
dnarelax,hsf,31,7,final,,0,-36300.0,2.6
dnarelax,hsf,32,0,init,,62,,0.57
dnarelax,hsf,32,1,H-min,,62,,0.57
dnarelax,hsf,32,2,s0.1,0.1,58,-278000.0,0.31
dnarelax,hsf,32,3,s0.3,0.3,57,-33200.0,0.71
dnarelax,hsf,32,4,s0.5,0.5,57,163000.0,0.71
dnarelax,hsf,32,5,s0.7,0.7,36,-31700.0,1.56
dnarelax,hsf,32,6,s1.0,1.0,10,-26900.0,2.14
dnarelax,hsf,32,7,final,,10,-26900.0,2.14
dnarelax,hsf,33,0,init,,46,,0.55
dnarelax,hsf,33,1,H-min,,46,,0.55
dnarelax,hsf,33,2,s0.1,0.1,44,-31400.0,1.11
dnarelax,hsf,33,3,s0.3,0.3,44,147000000.0,1.11
dnarelax,hsf,33,4,s0.5,0.5,44,67700000000.0,1.11
dnarelax,hsf,33,5,s0.7,0.7,37,-34600.0,1.56
dnarelax,hsf,33,6,s1.0,1.0,0,-35900.0,2.66
dnarelax,hsf,33,7,final,,0,-36000.0,2.68
dnarelax,hsf,34,0,init,,32,,1.02
dnarelax,hsf,34,1,H-min,,32,,1.02
dnarelax,hsf,34,2,s0.1,0.1,32,-11100.0,1.01
dnarelax,hsf,34,3,s0.3,0.3,32,253000.0,1.01
dnarelax,hsf,34,4,s0.5,0.5,32,122000000.0,1.01
dnarelax,hsf,34,5,s0.7,0.7,24,-33200.0,1.6
dnarelax,hsf,34,6,s1.0,1.0,0,-28100.0,2.65
dnarelax,hsf,34,7,final,,0,-28300.0,2.64
dnarelax,hsf,35,0,init,,29,,1.03
dnarelax,hsf,35,1,H-min,,29,,1.03
dnarelax,hsf,35,2,s0.1,0.1,29,-5580.0,1.03
dnarelax,hsf,35,3,s0.3,0.3,29,-5600.0,1.03
dnarelax,hsf,35,4,s0.5,0.5,29,-4850.0,1.03
dnarelax,hsf,35,5,s0.7,0.7,21,-33700.0,1.83
dnarelax,hsf,35,6,s1.0,1.0,0,-35800.0,2.61
dnarelax,hsf,35,7,final,,0,-35900.0,2.6
dnarelax,hsf,36,0,init,,23,,1.36
dnarelax,hsf,36,1,H-min,,23,,1.36
dnarelax,hsf,36,2,s0.1,0.1,23,-17800.0,1.36
dnarelax,hsf,36,3,s0.3,0.3,28,-33200.0,1.07
dnarelax,hsf,36,4,s0.5,0.5,28,84500.0,1.07
dnarelax,hsf,36,5,s0.7,0.7,19,-34500.0,1.55
dnarelax,hsf,36,6,s1.0,1.0,0,-35700.0,2.59
dnarelax,hsf,36,7,final,,0,-35800.0,2.58
dnarelax,hsf,37,0,init,,18,,1.0
dnarelax,hsf,37,1,H-min,,18,,1.0
dnarelax,hsf,37,2,s0.1,0.1,18,-17700.0,1.0
dnarelax,hsf,37,3,s0.3,0.3,19,-79600.0,0.77
dnarelax,hsf,37,4,s0.5,0.5,19,-55400.0,0.77
dnarelax,hsf,37,5,s0.7,0.7,16,-34400.0,1.56
dnarelax,hsf,37,6,s1.0,1.0,0,-36100.0,2.68
dnarelax,hsf,37,7,final,,0,-36300.0,2.6
dnarelax,hsf,38,0,init,,20,,0.64
dnarelax,hsf,38,1,H-min,,20,,0.64
dnarelax,hsf,38,2,s0.1,0.1,20,-20400.0,0.65
dnarelax,hsf,38,3,s0.3,0.3,22,-29400.0,0.69
dnarelax,hsf,38,4,s0.5,0.5,18,-29400.0,1.55
dnarelax,hsf,38,5,s0.7,0.7,20,-34500.0,1.55
dnarelax,hsf,38,6,s1.0,1.0,0,-35900.0,2.61
dnarelax,hsf,38,7,final,,0,-35900.0,2.61
dnarelax,hsf,39,0,init,,50,,0.56
dnarelax,hsf,39,1,H-min,,50,,0.56
dnarelax,hsf,39,2,s0.1,0.1,50,-20000.0,0.57
dnarelax,hsf,39,3,s0.3,0.3,50,-18400.0,0.57
dnarelax,hsf,39,4,s0.5,0.5,50,781000.0,0.57
dnarelax,hsf,39,5,s0.7,0.7,19,-34600.0,1.55
dnarelax,hsf,39,6,s1.0,1.0,0,-35800.0,2.68
dnarelax,hsf,39,7,final,,0,-35900.0,2.68
dnarelax,hsf,40,0,init,,31,,0.75
dnarelax,hsf,40,1,H-min,,31,,0.75
dnarelax,hsf,40,2,s0.1,0.1,31,-18900.0,0.78
dnarelax,hsf,40,3,s0.3,0.3,28,-182000.0,0.93
dnarelax,hsf,40,4,s0.5,0.5,28,-1140000.0,0.93
dnarelax,hsf,40,5,s0.7,0.7,28,-70600.0,0.93
dnarelax,hsf,40,6,s1.0,1.0,0,-36000.0,2.59
dnarelax,hsf,40,7,final,,0,-36200.0,2.58
dnarelax,hsf,41,0,init,,47,,1.34
dnarelax,hsf,41,1,H-min,,47,,1.34
dnarelax,hsf,41,2,s0.1,0.1,47,-17600.0,1.34
dnarelax,hsf,41,3,s0.3,0.3,45,-30600.0,0.76
dnarelax,hsf,41,4,s0.5,0.5,45,34500.0,0.76
dnarelax,hsf,41,5,s0.7,0.7,27,-34500.0,1.56
dnarelax,hsf,41,6,s1.0,1.0,0,-35800.0,2.65
dnarelax,hsf,41,7,final,,0,-36100.0,2.63
dnarelax,hsf,42,0,init,,61,,0.55
dnarelax,hsf,42,1,H-min,,61,,0.55
dnarelax,hsf,42,2,s0.1,0.1,61,-20300.0,0.56
dnarelax,hsf,42,3,s0.3,0.3,61,-17400.0,0.56
dnarelax,hsf,42,4,s0.5,0.5,61,1390000.0,0.56
dnarelax,hsf,42,5,s0.7,0.7,23,-34400.0,1.55
dnarelax,hsf,42,6,s1.0,1.0,0,-35800.0,2.59
dnarelax,hsf,42,7,final,,0,-35800.0,2.59
dnarelax,hsf,45,0,init,,38,,1.05
dnarelax,hsf,45,1,H-min,,38,,1.05
dnarelax,hsf,45,2,s0.1,0.1,38,-19200.0,1.05
dnarelax,hsf,45,3,s0.3,0.3,38,-19200.0,1.05
dnarelax,hsf,45,4,s0.5,0.5,38,-18600.0,1.05
dnarelax,hsf,45,5,s0.7,0.7,20,-35200.0,1.55
dnarelax,hsf,45,6,s1.0,1.0,0,-35900.0,2.6
dnarelax,hsf,45,7,final,,0,-36000.0,2.62
dnarelax,hsf,47,0,init,,28,,1.1
dnarelax,hsf,47,1,H-min,,28,,1.1
dnarelax,hsf,47,2,s0.1,0.1,33,-47500.0,0.21
dnarelax,hsf,47,3,s0.3,0.3,33,1110000000.0,0.21
dnarelax,hsf,47,4,s0.5,0.5,21,-29100.0,1.21
dnarelax,hsf,47,5,s0.7,0.7,21,-34200.0,1.56
dnarelax,hsf,47,6,s1.0,1.0,0,-35900.0,2.58
dnarelax,hsf,47,7,final,,0,-36200.0,2.58
dnarelax,hsf,48,0,init,,13,,1.34
dnarelax,hsf,48,1,H-min,,13,,1.34
dnarelax,hsf,48,2,s0.1,0.1,19,-49300.0,1.06
dnarelax,hsf,48,3,s0.3,0.3,9,-27000.0,1.66
dnarelax,hsf,48,4,s0.5,0.5,9,-16600.0,1.66
dnarelax,hsf,48,5,s0.7,0.7,14,-34900.0,1.55
dnarelax,hsf,48,6,s1.0,1.0,0,-35500.0,2.59
dnarelax,hsf,48,7,final,,0,-35500.0,2.59
dnarelax,hsf,49,0,init,,38,,0.3
dnarelax,hsf,49,1,H-min,,38,,0.3
dnarelax,hsf,49,2,s0.1,0.1,37,-17300.0,0.32
dnarelax,hsf,49,3,s0.3,0.3,37,1310000.0,0.32
dnarelax,hsf,49,4,s0.5,0.5,37,612000000.0,0.32
dnarelax,hsf,49,5,s0.7,0.7,15,-34400.0,1.54
dnarelax,hsf,49,6,s1.0,1.0,0,-36000.0,2.62
dnarelax,hsf,49,7,final,,0,-36100.0,2.59
dnarelax,hsf,50,0,init,,23,,0.64
dnarelax,hsf,50,1,H-min,,23,,0.64
dnarelax,hsf,50,2,s0.1,0.1,37,-49000.0,0.23
dnarelax,hsf,50,3,s0.3,0.3,31,-34400.0,0.76
dnarelax,hsf,50,4,s0.5,0.5,31,329000.0,0.76
dnarelax,hsf,50,5,s0.7,0.7,15,-34500.0,1.58
dnarelax,hsf,50,6,s1.0,1.0,0,-36100.0,2.67
dnarelax,hsf,50,7,final,,0,-36100.0,2.67
dnarelax,hsf,51,0,init,,15,,1.02
dnarelax,hsf,51,1,H-min,,15,,1.02
dnarelax,hsf,51,2,s0.1,0.1,15,-20900.0,1.03
dnarelax,hsf,51,3,s0.3,0.3,15,-20900.0,1.03
dnarelax,hsf,51,4,s0.5,0.5,12,-29000.0,1.64
dnarelax,hsf,51,5,s0.7,0.7,8,-34800.0,1.55
dnarelax,hsf,51,6,s1.0,1.0,0,-36100.0,2.65
dnarelax,hsf,51,7,final,,0,-36100.0,2.65
dnarelax,hsf,52,0,init,,19,,0.79
dnarelax,hsf,52,1,H-min,,19,,0.79
dnarelax,hsf,52,2,s0.1,0.1,19,-20700.0,0.81
dnarelax,hsf,52,3,s0.3,0.3,19,-19800.0,0.81
dnarelax,hsf,52,4,s0.5,0.5,20,-30300.0,1.14
dnarelax,hsf,52,5,s0.7,0.7,8,-34500.0,1.55
dnarelax,hsf,52,6,s1.0,1.0,0,-36200.0,2.57
dnarelax,hsf,52,7,final,,0,-36400.0,2.58
dnarelax,hsf,53,0,init,,43,,0.95
dnarelax,hsf,53,1,H-min,,43,,0.95
dnarelax,hsf,53,2,s0.1,0.1,43,-19300.0,0.95
dnarelax,hsf,53,3,s0.3,0.3,40,-30000.0,0.72
dnarelax,hsf,53,4,s0.5,0.5,33,-29500.0,1.36
dnarelax,hsf,53,5,s0.7,0.7,19,-34800.0,1.55
dnarelax,hsf,53,6,s1.0,1.0,0,-35900.0,2.62
dnarelax,hsf,53,7,final,,0,-36100.0,2.58
dnarelax,hsf,54,0,init,,39,,0.53
dnarelax,hsf,54,1,H-min,,39,,0.53
dnarelax,hsf,54,2,s0.1,0.1,39,-19900.0,0.54
dnarelax,hsf,54,3,s0.3,0.3,39,-17600.0,0.54
dnarelax,hsf,54,4,s0.5,0.5,39,1070000.0,0.54
dnarelax,hsf,54,5,s0.7,0.7,33,-34800.0,1.56
dnarelax,hsf,54,6,s1.0,1.0,0,-35800.0,2.6
dnarelax,hsf,54,7,final,,0,-35900.0,2.6
dnarelax,hsf,55,0,init,,29,,0.87
dnarelax,hsf,55,1,H-min,,29,,0.87
dnarelax,hsf,55,2,s0.1,0.1,31,-265000.0,0.94
dnarelax,hsf,55,3,s0.3,0.3,31,-135000.0,0.94
dnarelax,hsf,55,4,s0.5,0.5,31,-120000.0,0.94
dnarelax,hsf,55,5,s0.7,0.7,18,-34100.0,1.56
dnarelax,hsf,55,6,s1.0,1.0,0,-35600.0,2.59
dnarelax,hsf,55,7,final,,0,-36000.0,2.58
dnarelax,hsf,56,0,init,,31,,0.87
dnarelax,hsf,56,1,H-min,,31,,0.87
dnarelax,hsf,56,2,s0.1,0.1,34,-48300.0,0.21
dnarelax,hsf,56,3,s0.3,0.3,34,1130000000.0,0.21
dnarelax,hsf,56,4,s0.5,0.5,34,517000000000.0,0.21
dnarelax,hsf,56,5,s0.7,0.7,25,-34600.0,1.54
dnarelax,hsf,56,6,s1.0,1.0,0,-36000.0,2.66
dnarelax,hsf,56,7,final,,0,-36100.0,2.68
dnarelax,hsf,57,0,init,,32,,0.73
dnarelax,hsf,57,1,H-min,,32,,0.73
dnarelax,hsf,57,2,s0.1,0.1,48,-71500.0,0.21
dnarelax,hsf,57,3,s0.3,0.3,48,2530000000.0,0.21
dnarelax,hsf,57,4,s0.5,0.5,48,1160000000000.0,0.21
dnarelax,hsf,57,5,s0.7,0.7,21,-34500.0,1.55
dnarelax,hsf,57,6,s1.0,1.0,0,-36000.0,2.64
dnarelax,hsf,57,7,final,,0,-36000.0,2.63
dnarelax,hsf,58,0,init,,40,,0.38
dnarelax,hsf,58,1,H-min,,40,,0.38
dnarelax,hsf,58,2,s0.1,0.1,40,807000000.0,0.38
dnarelax,hsf,58,3,s0.3,0.3,48,-23200.0,0.73
dnarelax,hsf,58,4,s0.5,0.5,48,207000.0,0.73
dnarelax,hsf,58,5,s0.7,0.7,29,-34100.0,1.55
dnarelax,hsf,58,6,s1.0,1.0,0,-35700.0,2.68
dnarelax,hsf,58,7,final,,0,-36000.0,2.6
dnarelax,hsf,59,0,init,,28,,0.35
dnarelax,hsf,59,1,H-min,,28,,0.35
dnarelax,hsf,59,2,s0.1,0.1,28,-21300.0,0.37
dnarelax,hsf,59,3,s0.3,0.3,28,313000.0,0.37
dnarelax,hsf,59,4,s0.5,0.5,28,154000000.0,0.37
dnarelax,hsf,59,5,s0.7,0.7,22,-34600.0,1.55
dnarelax,hsf,59,6,s1.0,1.0,0,-36200.0,2.62
dnarelax,hsf,59,7,final,,0,-36200.0,2.62
dnarelax,hsf,60,0,init,,48,,0.46
dnarelax,hsf,60,1,H-min,,48,,0.46
dnarelax,hsf,60,2,s0.1,0.1,48,-20100.0,0.47
dnarelax,hsf,60,3,s0.3,0.3,48,-3830.0,0.47
dnarelax,hsf,60,4,s0.5,0.5,48,7570000.0,0.47
dnarelax,hsf,60,5,s0.7,0.7,14,-34500.0,1.54
dnarelax,hsf,60,6,s1.0,1.0,0,-35900.0,2.55
dnarelax,hsf,60,7,final,,0,-36000.0,2.58
dnarelax,hsf,61,0,init,,30,,0.88
dnarelax,hsf,61,1,H-min,,30,,0.88
dnarelax,hsf,61,2,s0.1,0.1,30,-18300.0,0.88
dnarelax,hsf,61,3,s0.3,0.3,30,-18400.0,0.88
dnarelax,hsf,61,4,s0.5,0.5,30,-13700.0,0.88
dnarelax,hsf,61,5,s0.7,0.7,20,-34400.0,1.55
dnarelax,hsf,61,6,s1.0,1.0,0,-35900.0,2.57
dnarelax,hsf,61,7,final,,0,-36100.0,2.56
dnarelax,hsf,62,0,init,,60,,0.39
dnarelax,hsf,62,1,H-min,,60,,0.39
dnarelax,hsf,62,2,s0.1,0.1,55,-211000.0,0.24
dnarelax,hsf,62,3,s0.3,0.3,55,140000000.0,0.24
dnarelax,hsf,62,4,s0.5,0.5,39,-23200.0,1.38
dnarelax,hsf,62,5,s0.7,0.7,25,-34200.0,1.55
dnarelax,hsf,62,6,s1.0,1.0,0,-35600.0,2.61
dnarelax,hsf,62,7,final,,0,-35600.0,2.61
dnarelax,hsf,64,0,init,,46,,0.48
dnarelax,hsf,64,1,H-min,,46,,0.48
dnarelax,hsf,64,2,s0.1,0.1,47,-19400.0,0.48
dnarelax,hsf,64,3,s0.3,0.3,43,-36300.0,0.83
dnarelax,hsf,64,4,s0.5,0.5,43,-29200.0,0.83
dnarelax,hsf,64,5,s0.7,0.7,17,-34300.0,1.54
dnarelax,hsf,64,6,s1.0,1.0,0,-35900.0,2.58
dnarelax,hsf,64,7,final,,0,-36000.0,2.58
dnarelax,irf,1,0,init,,79,,0.29
dnarelax,irf,1,1,H-min,,79,,0.29
dnarelax,irf,1,2,s0.1,0.1,80,10300.0,0.23
dnarelax,irf,1,3,s0.3,0.3,98,-1240000.0,0.76
dnarelax,irf,1,4,s0.5,0.5,98,-2130000.0,0.76
dnarelax,irf,1,5,s0.7,0.7,98,-11700000.0,0.76
dnarelax,irf,1,6,s1.0,1.0,98,1560000000.0,0.76
dnarelax,irf,1,7,final,,0,-58400.0,2.7
dnarelax,irf,2,0,init,,42,,0.42
dnarelax,irf,2,1,H-min,,42,,0.42
dnarelax,irf,2,2,s0.1,0.1,47,-71700.0,0.21
dnarelax,irf,2,3,s0.3,0.3,47,1480000000.0,0.21
dnarelax,irf,2,4,s0.5,0.5,47,680000000000.0,0.21
dnarelax,irf,2,5,s0.7,0.7,31,-55400.0,1.73
dnarelax,irf,2,6,s1.0,1.0,10,-52200.0,2.2
dnarelax,irf,2,7,final,,10,-52500.0,2.2
dnarelax,irf,3,0,init,,42,,0.35
dnarelax,irf,3,1,H-min,,42,,0.35
dnarelax,irf,3,2,s0.05,0.05,41,-38600.0,0.1
dnarelax,irf,3,3,s0.1,0.1,32,-177000.0,0.96
dnarelax,irf,3,4,s0.2,0.2,32,-177000.0,0.96
dnarelax,irf,3,5,s0.4,0.4,32,-177000.0,0.96
dnarelax,irf,3,6,s0.7,0.7,32,-100000.0,0.96
dnarelax,irf,3,7,s1.0,1.0,0,-59600.0,2.74
dnarelax,irf,3,2,s0.05,0.05,42,51700.0,0.92
dnarelax,irf,3,3,s0.1,0.1,42,51700.0,0.92
dnarelax,irf,3,4,s0.2,0.2,42,51700.0,0.92
dnarelax,irf,3,5,s0.4,0.4,42,51800.0,0.92
dnarelax,irf,3,6,s0.7,0.7,21,-59500.0,1.55
dnarelax,irf,3,7,s1.0,1.0,0,-59500.0,2.58
dnarelax,irf,3,2,s0.05,0.05,39,121000.0,0.8
dnarelax,irf,3,3,s0.1,0.1,39,121000.0,0.8
dnarelax,irf,3,4,s0.2,0.2,39,-361000.0,0.58
dnarelax,irf,3,2,s0.05,0.05,48,176000.0,1.24
dnarelax,irf,3,3,s0.1,0.1,44,-490000.0,0.96
dnarelax,irf,3,4,s0.2,0.2,44,-490000.0,0.96
dnarelax,irf,3,5,s0.4,0.4,44,-463000.0,0.96
dnarelax,irf,3,6,s0.7,0.7,22,-57700.0,1.57
dnarelax,irf,3,7,s1.0,1.0,0,-48800.0,2.68
dnarelax,irf,3,2,s0.05,0.05,101,61400.0,0.48
dnarelax,irf,3,3,s0.1,0.1,101,61400.0,0.48
dnarelax,irf,3,4,s0.2,0.2,101,61500.0,0.48
dnarelax,irf,3,5,s0.4,0.4,101,-1140000.0,0.61
dnarelax,irf,3,6,s0.7,0.7,41,-58300.0,1.54
dnarelax,irf,3,7,s1.0,1.0,0,-58300.0,2.69
dnarelax,irf,3,2,s0.05,0.05,68,70400.0,0.69
dnarelax,irf,3,3,s0.1,0.1,68,70400.0,0.69
dnarelax,irf,3,4,s0.2,0.2,68,70400.0,0.69
dnarelax,irf,3,5,s0.4,0.4,68,99000.0,0.69
dnarelax,irf,3,6,s0.7,0.7,22,-56700.0,1.56
dnarelax,irf,3,7,s1.0,1.0,0,-48300.0,2.58
dnarelax,irf,3,2,s0.05,0.05,108,-37500.0,0.11
dnarelax,irf,3,3,s0.1,0.1,108,1280000.0,0.11
dnarelax,irf,3,4,s0.2,0.2,99,-332000.0,0.62
dnarelax,irf,3,5,s0.4,0.4,99,252000.0,0.62
dnarelax,irf,3,6,s0.7,0.7,31,-58500.0,1.55
dnarelax,irf,3,7,s1.0,1.0,0,-58000.0,2.61
dnarelax,irf,3,2,s0.05,0.05,51,-129000.0,0.1
dnarelax,irf,3,3,s0.1,0.1,51,34700000.0,0.1
dnarelax,irf,3,4,s0.2,0.2,35,-48800.0,0.5
dnarelax,irf,3,5,s0.4,0.4,35,1660000.0,0.5
dnarelax,irf,3,6,s0.7,0.7,15,-59100.0,1.91
dnarelax,irf,3,7,s1.0,1.0,0,-49200.0,2.74
dnarelax,irf,3,2,s0.05,0.05,32,60900.0,0.63
dnarelax,irf,3,3,s0.1,0.1,32,60900.0,0.63
dnarelax,irf,3,4,s0.2,0.2,32,60900.0,0.63
dnarelax,irf,3,5,s0.4,0.4,32,80400.0,0.63
dnarelax,irf,3,6,s0.7,0.7,14,-57900.0,1.56
dnarelax,irf,3,7,s1.0,1.0,0,-58900.0,2.55
dnarelax,irf,3,2,s0.05,0.05,53,-70600.0,0.92
dnarelax,irf,3,3,s0.1,0.1,50,-11500000.0,0.96
dnarelax,irf,3,4,s0.2,0.2,50,-88700000.0,0.96
dnarelax,irf,3,5,s0.4,0.4,50,5260000000.0,0.96
dnarelax,irf,3,6,s0.7,0.7,17,-57900.0,1.56
dnarelax,irf,3,7,s1.0,1.0,0,-59400.0,2.63
dnarelax,irf,3,59,final,,0,-59600.0,2.74
dnarelax,irf,4,0,init,,44,,0.62
dnarelax,irf,4,1,H-min,,44,,0.62
dnarelax,irf,4,2,s0.1,0.1,43,-112000.0,0.21
dnarelax,irf,4,3,s0.3,0.3,43,3880000000.0,0.21
dnarelax,irf,4,4,s0.5,0.5,33,-34100.0,1.14
dnarelax,irf,4,5,s0.7,0.7,33,40600.0,1.14
dnarelax,irf,4,6,s1.0,1.0,0,-59300.0,2.76
dnarelax,irf,4,7,final,,0,-59300.0,2.76
dnarelax,irf,5,0,init,,35,,0.37
dnarelax,irf,5,1,H-min,,35,,0.37
dnarelax,irf,5,2,s0.1,0.1,41,-104000.0,0.24
dnarelax,irf,5,3,s0.3,0.3,33,-59100.0,0.82
dnarelax,irf,5,4,s0.5,0.5,33,909000.0,0.82
dnarelax,irf,5,5,s0.7,0.7,19,-58600.0,1.96
dnarelax,irf,5,6,s1.0,1.0,0,-59000.0,2.73
dnarelax,irf,5,7,final,,0,-59000.0,2.73
dnarelax,irf,6,0,init,,49,,0.8
dnarelax,irf,6,1,H-min,,49,,0.8
dnarelax,irf,6,2,s0.1,0.1,49,56500.0,0.8
dnarelax,irf,6,3,s0.3,0.3,49,1270000.0,0.8
dnarelax,irf,6,4,s0.5,0.5,49,559000000.0,0.8
dnarelax,irf,6,5,s0.7,0.7,19,-53200.0,1.65
dnarelax,irf,6,6,s1.0,1.0,0,-42700.0,2.59
dnarelax,irf,6,7,final,,0,-43300.0,2.59
dnarelax,irf,7,0,init,,59,,0.66
dnarelax,irf,7,1,H-min,,59,,0.66
dnarelax,irf,7,2,s0.1,0.1,58,-66000.0,0.21
dnarelax,irf,7,3,s0.3,0.3,58,1180000000.0,0.21
dnarelax,irf,7,4,s0.5,0.5,58,541000000000.0,0.21
dnarelax,irf,7,5,s0.7,0.7,26,-59000.0,1.54
dnarelax,irf,7,6,s1.0,1.0,0,-59200.0,2.68
dnarelax,irf,7,7,final,,0,-59600.0,2.66
dnarelax,irf,8,0,init,,58,,0.62
dnarelax,irf,8,1,H-min,,58,,0.62
dnarelax,irf,8,2,s0.1,0.1,57,-118000.0,0.21
dnarelax,irf,8,3,s0.3,0.3,56,-118000.0,0.72
dnarelax,irf,8,4,s0.5,0.5,56,770000.0,0.72
dnarelax,irf,8,5,s0.7,0.7,25,-58900.0,1.9
dnarelax,irf,8,6,s1.0,1.0,0,-59000.0,2.7
dnarelax,irf,8,7,final,,0,-59400.0,2.7
dnarelax,irf,9,0,init,,74,,0.58
dnarelax,irf,9,1,H-min,,74,,0.58
dnarelax,irf,9,2,s0.1,0.1,74,62000.0,0.6
dnarelax,irf,9,3,s0.3,0.3,71,-21300.0,0.89
dnarelax,irf,9,4,s0.5,0.5,71,-16400.0,0.89
dnarelax,irf,9,5,s0.7,0.7,32,-58800.0,1.58
dnarelax,irf,9,6,s1.0,1.0,0,-59300.0,2.72
dnarelax,irf,9,7,final,,0,-59300.0,2.72
dnarelax,irf,11,0,init,,37,,0.83
dnarelax,irf,11,1,H-min,,37,,0.83
dnarelax,irf,11,2,s0.1,0.1,37,51100.0,0.84
dnarelax,irf,11,3,s0.3,0.3,37,51100.0,0.84
dnarelax,irf,11,4,s0.5,0.5,28,-40300.0,1.29
dnarelax,irf,11,5,s0.7,0.7,28,-58900.0,1.82
dnarelax,irf,11,6,s1.0,1.0,0,-59300.0,2.73
dnarelax,irf,11,7,final,,0,-59300.0,2.73
dnarelax,irf,13,0,init,,52,,0.69
dnarelax,irf,13,1,H-min,,52,,0.69
dnarelax,irf,13,2,s0.1,0.1,52,282000.0,0.69
dnarelax,irf,13,3,s0.3,0.3,52,356000.0,0.69
dnarelax,irf,13,4,s0.5,0.5,52,34500000.0,0.69
dnarelax,irf,13,5,s0.7,0.7,28,-54300.0,1.56
dnarelax,irf,13,6,s1.0,1.0,0,-48300.0,2.62
dnarelax,irf,13,7,final,,0,-49000.0,2.65
dnarelax,irf,14,0,init,,68,,0.78
dnarelax,irf,14,1,H-min,,68,,0.78
dnarelax,irf,14,2,s0.1,0.1,68,50800.0,0.8
dnarelax,irf,14,3,s0.3,0.3,68,50800.0,0.8
dnarelax,irf,14,4,s0.5,0.5,68,10100.0,0.97
dnarelax,irf,14,5,s0.7,0.7,68,29000.0,0.96
dnarelax,irf,14,6,s1.0,1.0,0,-59500.0,2.73
dnarelax,irf,14,7,final,,0,-59500.0,2.73
dnarelax,irf,16,0,init,,88,,0.84
dnarelax,irf,16,1,H-min,,88,,0.84
dnarelax,irf,16,2,s0.1,0.1,88,88300.0,0.86
dnarelax,irf,16,3,s0.3,0.3,79,-34800.0,0.77
dnarelax,irf,16,4,s0.5,0.5,76,-35900.0,1.34
dnarelax,irf,16,5,s0.7,0.7,24,-58800.0,1.9
dnarelax,irf,16,6,s1.0,1.0,0,-59400.0,2.67
dnarelax,irf,16,7,final,,0,-59400.0,2.67
dnarelax,irf,17,0,init,,49,,0.33
dnarelax,irf,17,1,H-min,,49,,0.33
dnarelax,irf,17,2,s0.1,0.1,50,-223000.0,0.23
dnarelax,irf,17,3,s0.3,0.3,50,73000000.0,0.23
dnarelax,irf,17,4,s0.5,0.5,50,33700000000.0,0.23
dnarelax,irf,17,5,s0.7,0.7,20,-55000.0,1.82
dnarelax,irf,17,6,s1.0,1.0,0,-58400.0,2.72
dnarelax,irf,17,7,final,,0,-59100.0,2.77
dnarelax,irf,18,0,init,,118,,0.38
dnarelax,irf,18,1,H-min,,118,,0.38
dnarelax,irf,18,2,s0.1,0.1,119,67900.0,0.41
dnarelax,irf,18,3,s0.3,0.3,119,131000.0,0.41
dnarelax,irf,18,4,s0.5,0.5,101,-30600.0,1.2
dnarelax,irf,18,5,s0.7,0.7,56,-57000.0,1.57
dnarelax,irf,18,6,s1.0,1.0,0,-57800.0,2.62
dnarelax,irf,18,7,final,,0,-57800.0,2.62
dnarelax,irf,19,0,init,,72,,0.77
dnarelax,irf,19,1,H-min,,72,,0.77
dnarelax,irf,19,2,s0.1,0.1,72,75400.0,0.81
dnarelax,irf,19,3,s0.3,0.3,72,-582000.0,0.86
dnarelax,irf,19,4,s0.5,0.5,72,-573000.0,0.86
dnarelax,irf,19,5,s0.7,0.7,72,-15100.0,0.86
dnarelax,irf,19,6,s1.0,1.0,0,-59100.0,2.71
dnarelax,irf,19,7,final,,0,-59700.0,2.66
dnarelax,irf,20,0,init,,68,,0.69
dnarelax,irf,20,1,H-min,,68,,0.69
dnarelax,irf,20,2,s0.1,0.1,62,-59600.0,0.21
dnarelax,irf,20,3,s0.3,0.3,62,939000000.0,0.21
dnarelax,irf,20,4,s0.5,0.5,62,432000000000.0,0.21
dnarelax,irf,20,5,s0.7,0.7,26,-58900.0,1.88
dnarelax,irf,20,6,s1.0,1.0,0,-59200.0,2.74
dnarelax,irf,20,7,final,,0,-59200.0,2.74
dnarelax,irf,21,0,init,,52,,0.69
dnarelax,irf,21,1,H-min,,52,,0.69
dnarelax,irf,21,2,s0.1,0.1,52,-39700.0,0.23
dnarelax,irf,21,3,s0.3,0.3,52,195000000.0,0.23
dnarelax,irf,21,4,s0.5,0.5,48,-36700.0,1.08
dnarelax,irf,21,5,s0.7,0.7,27,-56600.0,1.66
dnarelax,irf,21,6,s1.0,1.0,0,-59300.0,2.72
dnarelax,irf,21,7,final,,0,-59300.0,2.72
dnarelax,irf,22,0,init,,82,,0.61
dnarelax,irf,22,1,H-min,,82,,0.61
dnarelax,irf,22,2,s0.1,0.1,76,-17900.0,0.67
dnarelax,irf,22,3,s0.3,0.3,76,95000000.0,0.67
dnarelax,irf,22,4,s0.5,0.5,76,43700000000.0,0.67
dnarelax,irf,22,5,s0.7,0.7,37,-54200.0,1.54
dnarelax,irf,22,6,s1.0,1.0,10,-50000.0,2.14
dnarelax,irf,22,7,final,,10,-50500.0,2.15
dnarelax,irf,23,0,init,,64,,0.63
dnarelax,irf,23,1,H-min,,64,,0.63
dnarelax,irf,23,2,s0.1,0.1,69,-67900.0,0.21
dnarelax,irf,23,3,s0.3,0.3,69,1290000000.0,0.21
dnarelax,irf,23,4,s0.5,0.5,69,591000000000.0,0.21
dnarelax,irf,23,5,s0.7,0.7,36,-56300.0,1.65
dnarelax,irf,23,6,s1.0,1.0,0,-59300.0,2.69
dnarelax,irf,23,7,final,,0,-59300.0,2.69
dnarelax,irf,24,0,init,,95,,0.1
dnarelax,irf,24,1,H-min,,95,,0.1
dnarelax,irf,24,2,s0.1,0.1,95,16000000.0,0.1
dnarelax,irf,24,3,s0.3,0.3,95,8440000000000.0,0.1
dnarelax,irf,24,4,s0.5,0.5,86,-72800.0,1.16
dnarelax,irf,24,5,s0.7,0.7,33,-59200.0,1.76
dnarelax,irf,24,6,s1.0,1.0,0,-59700.0,2.72
dnarelax,irf,24,7,final,,0,-59700.0,2.72
dnarelax,irf,25,0,init,,33,,0.36
dnarelax,irf,25,1,H-min,,33,,0.36
dnarelax,irf,25,2,s0.1,0.1,50,-102000.0,0.21
dnarelax,irf,25,3,s0.3,0.3,50,3200000000.0,0.21
dnarelax,irf,25,4,s0.5,0.5,50,1470000000000.0,0.21
dnarelax,irf,25,5,s0.7,0.7,24,-58900.0,1.92
dnarelax,irf,25,6,s1.0,1.0,0,-60000.0,2.73
dnarelax,irf,25,7,final,,0,-60000.0,2.73
dnarelax,irf,26,0,init,,52,,0.73
dnarelax,irf,26,1,H-min,,52,,0.73
dnarelax,irf,26,2,s0.1,0.1,54,-55800.0,0.21
dnarelax,irf,26,3,s0.3,0.3,51,-51500.0,0.73
dnarelax,irf,26,4,s0.5,0.5,51,274000.0,0.73
dnarelax,irf,26,5,s0.7,0.7,19,-58400.0,1.92
dnarelax,irf,26,6,s1.0,1.0,0,-59100.0,2.74
dnarelax,irf,26,7,final,,0,-59100.0,2.74
dnarelax,irf,27,0,init,,61,,0.35
dnarelax,irf,27,1,H-min,,61,,0.35
dnarelax,irf,27,2,s0.1,0.1,77,-83300.0,0.64
dnarelax,irf,27,3,s0.3,0.3,77,1940000000.0,0.64
dnarelax,irf,27,4,s0.5,0.5,77,890000000000.0,0.64
dnarelax,irf,27,5,s0.7,0.7,28,-58600.0,1.65
dnarelax,irf,27,6,s1.0,1.0,0,-59200.0,2.71
dnarelax,irf,27,7,final,,0,-59200.0,2.71
dnarelax,irf,28,0,init,,109,,0.26
dnarelax,irf,28,1,H-min,,109,,0.26
dnarelax,irf,28,2,s0.1,0.1,99,-73100.0,0.21
dnarelax,irf,28,3,s0.3,0.3,99,1730000000.0,0.21
dnarelax,irf,28,4,s0.5,0.5,99,793000000000.0,0.21
dnarelax,irf,28,5,s0.7,0.7,38,-54900.0,1.77
dnarelax,irf,28,6,s1.0,1.0,0,-51100.0,2.68
dnarelax,irf,28,7,final,,0,-51600.0,2.67
dnarelax,irf,29,0,init,,61,,0.62
dnarelax,irf,29,1,H-min,,61,,0.62
dnarelax,irf,29,2,s0.1,0.1,61,86500.0,0.65
dnarelax,irf,29,3,s0.3,0.3,61,87300.0,0.65
dnarelax,irf,29,4,s0.5,0.5,61,530000.0,0.65
dnarelax,irf,29,5,s0.7,0.7,24,-55800.0,1.75
dnarelax,irf,29,6,s1.0,1.0,0,-48000.0,2.67
dnarelax,irf,29,7,final,,0,-48000.0,2.67
dnarelax,irf,30,0,init,,42,,0.81
dnarelax,irf,30,1,H-min,,42,,0.81
dnarelax,irf,30,2,s0.1,0.1,55,-124000.0,0.21
dnarelax,irf,30,3,s0.3,0.3,55,4580000000.0,0.21
dnarelax,irf,30,4,s0.5,0.5,55,2100000000000.0,0.21
dnarelax,irf,30,5,s0.7,0.7,30,-55900.0,1.88
dnarelax,irf,30,6,s1.0,1.0,0,-59500.0,2.73
dnarelax,irf,30,7,final,,0,-59500.0,2.73
dnarelax,irf,31,0,init,,135,,0.23
dnarelax,irf,31,1,H-min,,135,,0.23
dnarelax,irf,31,2,s0.1,0.1,135,-64200.0,0.23
dnarelax,irf,31,3,s0.3,0.3,120,-45200.0,0.69
dnarelax,irf,31,4,s0.5,0.5,120,215000.0,0.69
dnarelax,irf,31,5,s0.7,0.7,63,-51000.0,1.64
dnarelax,irf,31,6,s1.0,1.0,13,-30500.0,2.11
dnarelax,irf,31,7,final,,14,-31100.0,2.12
dnarelax,irf,32,0,init,,159,,0.42
dnarelax,irf,32,1,H-min,,159,,0.42
dnarelax,irf,32,2,s0.1,0.1,157,84900.0,0.38
dnarelax,irf,32,3,s0.3,0.3,157,354000.0,0.38
dnarelax,irf,32,4,s0.5,0.5,157,124000000.0,0.38
dnarelax,irf,32,5,s0.7,0.7,68,-52400.0,1.55
dnarelax,irf,32,6,s1.0,1.0,0,-57500.0,2.6
dnarelax,irf,32,7,final,,0,-57500.0,2.6
dnarelax,irf,34,0,init,,74,,0.19
dnarelax,irf,34,1,H-min,,74,,0.19
dnarelax,irf,34,2,s0.1,0.1,73,68700.0,0.2
dnarelax,irf,34,3,s0.3,0.3,73,341000000.0,0.2
dnarelax,irf,34,4,s0.5,0.5,73,157000000000.0,0.2
dnarelax,irf,34,5,s0.7,0.7,22,-58300.0,1.76
dnarelax,irf,34,6,s1.0,1.0,0,-59500.0,2.77
dnarelax,irf,34,7,final,,0,-59500.0,2.77
dnarelax,irf,35,0,init,,69,,0.45
dnarelax,irf,35,1,H-min,,69,,0.45
dnarelax,irf,35,2,s0.1,0.1,82,-132000.0,0.24
dnarelax,irf,35,3,s0.3,0.3,82,4920000000.0,0.24
dnarelax,irf,35,4,s0.5,0.5,82,2260000000000.0,0.24
dnarelax,irf,35,5,s0.7,0.7,17,-58000.0,1.92
dnarelax,irf,35,6,s1.0,1.0,0,-59000.0,2.71
dnarelax,irf,35,7,final,,0,-59000.0,2.71
dnarelax,irf,37,0,init,,107,,0.61
dnarelax,irf,37,1,H-min,,107,,0.61
dnarelax,irf,37,2,s0.1,0.1,107,221000.0,0.61
dnarelax,irf,37,3,s0.3,0.3,107,222000.0,0.61
dnarelax,irf,37,4,s0.5,0.5,107,663000.0,0.61
dnarelax,irf,37,5,s0.7,0.7,27,-55000.0,1.55
dnarelax,irf,37,6,s1.0,1.0,0,-59200.0,2.67
dnarelax,irf,37,7,final,,0,-59300.0,2.67
dnarelax,irf,38,0,init,,65,,0.45
dnarelax,irf,38,1,H-min,,65,,0.45
dnarelax,irf,38,2,s0.1,0.1,65,55600.0,0.51
dnarelax,irf,38,3,s0.3,0.3,65,60300.0,0.51
dnarelax,irf,38,4,s0.5,0.5,56,-24300.0,1.31
dnarelax,irf,38,5,s0.7,0.7,28,-58300.0,1.85
dnarelax,irf,38,6,s1.0,1.0,0,-58800.0,2.66
dnarelax,irf,38,7,final,,0,-59200.0,2.67
dnarelax,irf,39,0,init,,31,,1.02
dnarelax,irf,39,1,H-min,,31,,1.02
dnarelax,irf,39,2,s0.1,0.1,41,-62100.0,0.23
dnarelax,irf,39,3,s0.3,0.3,36,-78800.0,0.77
dnarelax,irf,39,4,s0.5,0.5,36,2220000.0,0.77
dnarelax,irf,39,5,s0.7,0.7,20,-58700.0,1.95
dnarelax,irf,39,6,s1.0,1.0,0,-59600.0,2.71
dnarelax,irf,39,7,final,,0,-59600.0,2.71
dnarelax,irf,40,0,init,,29,,0.43
dnarelax,irf,40,1,H-min,,29,,0.43
dnarelax,irf,40,2,s0.1,0.1,36,-55200.0,0.21
dnarelax,irf,40,3,s0.3,0.3,28,-47700.0,0.68
dnarelax,irf,40,4,s0.5,0.5,28,83900.0,0.68
dnarelax,irf,40,5,s0.7,0.7,18,-58600.0,1.66
dnarelax,irf,40,6,s1.0,1.0,0,-58300.0,2.67
dnarelax,irf,40,7,final,,0,-58300.0,2.67
dnarelax,irf,41,0,init,,44,,0.53
dnarelax,irf,41,1,H-min,,44,,0.53
dnarelax,irf,41,2,s0.1,0.1,44,59900.0,0.53
dnarelax,irf,41,3,s0.3,0.3,54,-50600.0,0.71
dnarelax,irf,41,4,s0.5,0.5,54,421000.0,0.71
dnarelax,irf,41,5,s0.7,0.7,26,-56500.0,1.55
dnarelax,irf,41,6,s1.0,1.0,0,-58800.0,2.61
dnarelax,irf,41,7,final,,0,-59400.0,2.62
dnarelax,irf,42,0,init,,45,,0.67
dnarelax,irf,42,1,H-min,,45,,0.67
dnarelax,irf,42,2,s0.1,0.1,45,63200.0,0.69
dnarelax,irf,42,3,s0.3,0.3,45,63400.0,0.69
dnarelax,irf,42,4,s0.5,0.5,45,178000.0,0.69
dnarelax,irf,42,5,s0.7,0.7,19,-56000.0,1.56
dnarelax,irf,42,6,s1.0,1.0,0,-58500.0,2.71
dnarelax,irf,42,7,final,,0,-58900.0,2.68
dnarelax,irf,43,0,init,,59,,0.46
dnarelax,irf,43,1,H-min,,59,,0.46
dnarelax,irf,43,2,s0.1,0.1,59,102000.0,0.48
dnarelax,irf,43,3,s0.3,0.3,56,-52400.0,0.72
dnarelax,irf,43,4,s0.5,0.5,56,289000.0,0.72
dnarelax,irf,43,5,s0.7,0.7,26,-58600.0,1.84
dnarelax,irf,43,6,s1.0,1.0,0,-59600.0,2.62
dnarelax,irf,43,7,final,,0,-59600.0,2.62
dnarelax,irf,44,0,init,,60,,0.38
dnarelax,irf,44,1,H-min,,60,,0.38
dnarelax,irf,44,2,s0.1,0.1,60,278000.0,0.38
dnarelax,irf,44,3,s0.3,0.3,60,400000.0,0.38
dnarelax,irf,44,4,s0.5,0.5,43,-43600.0,1.51
dnarelax,irf,44,5,s0.7,0.7,19,-57900.0,1.77
dnarelax,irf,44,6,s1.0,1.0,0,-59600.0,2.75
dnarelax,irf,44,7,final,,0,-59600.0,2.75
dnarelax,irf,45,0,init,,32,,1.13
dnarelax,irf,45,1,H-min,,32,,1.13
dnarelax,irf,45,2,s0.1,0.1,32,82600.0,1.13
dnarelax,irf,45,3,s0.3,0.3,31,-50700.0,0.76
dnarelax,irf,45,4,s0.5,0.5,31,239000.0,0.76
dnarelax,irf,45,5,s0.7,0.7,17,-56300.0,1.88
dnarelax,irf,45,6,s1.0,1.0,0,-58900.0,2.72
dnarelax,irf,45,7,final,,0,-59200.0,2.72
dnarelax,irf,46,0,init,,39,,1.11
dnarelax,irf,46,1,H-min,,39,,1.11
dnarelax,irf,46,2,s0.1,0.1,39,756000.0,1.11
dnarelax,irf,46,3,s0.3,0.3,38,-123000.0,0.64
dnarelax,irf,46,4,s0.5,0.5,38,48600.0,0.64
dnarelax,irf,46,5,s0.7,0.7,21,-54900.0,1.53
dnarelax,irf,46,6,s1.0,1.0,0,-58500.0,2.58
dnarelax,irf,46,7,final,,0,-58900.0,2.59
dnarelax,irf,49,0,init,,28,,0.95
dnarelax,irf,49,1,H-min,,28,,0.95
dnarelax,irf,49,2,s0.1,0.1,28,73100.0,0.95
dnarelax,irf,49,3,s0.3,0.3,28,73100.0,0.95
dnarelax,irf,49,4,s0.5,0.5,28,73800.0,0.95
dnarelax,irf,49,5,s0.7,0.7,19,-56000.0,1.54
dnarelax,irf,49,6,s1.0,1.0,0,-59000.0,2.6
dnarelax,irf,49,7,final,,0,-59300.0,2.62
dnarelax,irf,50,0,init,,60,,0.58
dnarelax,irf,50,1,H-min,,60,,0.58
dnarelax,irf,50,2,s0.1,0.1,61,-48500.0,0.25
dnarelax,irf,50,3,s0.3,0.3,61,410000000.0,0.25
dnarelax,irf,50,4,s0.5,0.5,50,-683000.0,0.96
dnarelax,irf,50,5,s0.7,0.7,50,-595000.0,0.96
dnarelax,irf,50,6,s1.0,1.0,0,-59100.0,2.71
dnarelax,irf,50,7,final,,0,-59600.0,2.71
dnarelax,irf,51,0,init,,97,,0.25
dnarelax,irf,51,1,H-min,,97,,0.25
dnarelax,irf,51,2,s0.1,0.1,97,81100.0,0.26
dnarelax,irf,51,3,s0.3,0.3,85,-32700.0,0.76
dnarelax,irf,51,4,s0.5,0.5,84,-46100.0,1.13
dnarelax,irf,51,5,s0.7,0.7,27,-58400.0,1.9
dnarelax,irf,51,6,s1.0,1.0,0,-58600.0,2.68
dnarelax,irf,51,7,final,,0,-59000.0,2.69
dnarelax,irf,52,0,init,,38,,0.8
dnarelax,irf,52,1,H-min,,38,,0.8
dnarelax,irf,52,2,s0.1,0.1,37,86100.0,0.8
dnarelax,irf,52,3,s0.3,0.3,37,91800.0,0.8
dnarelax,irf,52,4,s0.5,0.5,37,2790000.0,0.8
dnarelax,irf,52,5,s0.7,0.7,19,-54100.0,1.56
dnarelax,irf,52,6,s1.0,1.0,0,-48500.0,2.62
dnarelax,irf,52,7,final,,0,-49000.0,2.62
dnarelax,irf,53,0,init,,61,,0.36
dnarelax,irf,53,1,H-min,,61,,0.36
dnarelax,irf,53,2,s0.1,0.1,61,58200.0,0.38
dnarelax,irf,53,3,s0.3,0.3,61,316000.0,0.38
dnarelax,irf,53,4,s0.5,0.5,61,119000000.0,0.38
dnarelax,irf,53,5,s0.7,0.7,21,-58000.0,1.93
dnarelax,irf,53,6,s1.0,1.0,0,-59300.0,2.72
dnarelax,irf,53,7,final,,0,-59300.0,2.72
dnarelax,irf,54,0,init,,50,,0.5
dnarelax,irf,54,1,H-min,,50,,0.5
dnarelax,irf,54,2,s0.1,0.1,50,57400.0,0.51
dnarelax,irf,54,3,s0.3,0.3,50,62200.0,0.51
dnarelax,irf,54,4,s0.5,0.5,50,2320000.0,0.51
dnarelax,irf,54,5,s0.7,0.7,20,-58200.0,1.88
dnarelax,irf,54,6,s1.0,1.0,0,-59400.0,2.68
dnarelax,irf,54,7,final,,0,-59400.0,2.68
dnarelax,irf,55,0,init,,87,,0.43
dnarelax,irf,55,1,H-min,,87,,0.43
dnarelax,irf,55,2,s0.1,0.1,87,62200.0,0.36
dnarelax,irf,55,3,s0.3,0.3,87,344000.0,0.36
dnarelax,irf,55,4,s0.5,0.5,87,130000000.0,0.36
dnarelax,irf,55,5,s0.7,0.7,54,-55300.0,1.85
dnarelax,irf,55,6,s1.0,1.0,0,-59300.0,2.72
dnarelax,irf,55,7,final,,0,-59300.0,2.72
dnarelax,irf,56,0,init,,55,,0.88
dnarelax,irf,56,1,H-min,,55,,0.88
dnarelax,irf,56,2,s0.1,0.1,55,56000.0,0.88
dnarelax,irf,56,3,s0.3,0.3,55,56000.0,0.88
dnarelax,irf,56,4,s0.5,0.5,55,78500.0,0.88
dnarelax,irf,56,5,s0.7,0.7,17,-57000.0,1.66
dnarelax,irf,56,6,s1.0,1.0,0,-59500.0,2.7
dnarelax,irf,56,7,final,,0,-59500.0,2.7
dnarelax,irf,57,0,init,,46,,0.63
dnarelax,irf,57,1,H-min,,46,,0.63
dnarelax,irf,57,2,s0.1,0.1,46,54600.0,0.63
dnarelax,irf,57,3,s0.3,0.3,43,-38100.0,1.18
dnarelax,irf,57,4,s0.5,0.5,43,-35400.0,1.18
dnarelax,irf,57,5,s0.7,0.7,25,-56300.0,1.79
dnarelax,irf,57,6,s1.0,1.0,0,-59400.0,2.64
dnarelax,irf,57,7,final,,0,-59900.0,2.64
dnarelax,irf,58,0,init,,40,,0.87
dnarelax,irf,58,1,H-min,,40,,0.87
dnarelax,irf,58,2,s0.1,0.1,40,53900.0,0.9
dnarelax,irf,58,3,s0.3,0.3,34,-41000.0,1.09
dnarelax,irf,58,4,s0.5,0.5,34,10900.0,1.09
dnarelax,irf,58,5,s0.7,0.7,20,-56400.0,1.57
dnarelax,irf,58,6,s1.0,1.0,0,-59100.0,2.71
dnarelax,irf,58,7,final,,0,-59500.0,2.65
dnarelax,irf,59,0,init,,114,,0.35
dnarelax,irf,59,1,H-min,,114,,0.35
dnarelax,irf,59,2,s0.1,0.1,116,-55300.0,0.22
dnarelax,irf,59,3,s0.3,0.3,116,569000000.0,0.22
dnarelax,irf,59,4,s0.5,0.5,116,261000000000.0,0.22
dnarelax,irf,59,5,s0.7,0.7,30,-56600.0,1.56
dnarelax,irf,59,6,s1.0,1.0,0,-58900.0,2.69
dnarelax,irf,59,7,final,,0,-59300.0,2.64
dnarelax,irf,60,0,init,,85,,0.75
dnarelax,irf,60,1,H-min,,85,,0.75
dnarelax,irf,60,2,s0.1,0.1,84,66800.0,0.77
dnarelax,irf,60,3,s0.3,0.3,84,66800.0,0.77
dnarelax,irf,60,4,s0.5,0.5,84,84100.0,0.77
dnarelax,irf,60,5,s0.7,0.7,37,-55500.0,1.56
dnarelax,irf,60,6,s1.0,1.0,0,-58500.0,2.61
dnarelax,irf,60,7,final,,0,-59000.0,2.67
dnarelax,irf,61,0,init,,38,,0.41
dnarelax,irf,61,1,H-min,,38,,0.41
dnarelax,irf,61,2,s0.1,0.1,38,195000.0,0.41
dnarelax,irf,61,3,s0.3,0.3,38,-79500.0,0.72
dnarelax,irf,61,4,s0.5,0.5,34,-62600.0,1.3
dnarelax,irf,61,5,s0.7,0.7,14,-58800.0,1.67
dnarelax,irf,61,6,s1.0,1.0,0,-58800.0,2.7
dnarelax,irf,61,7,final,,0,-58800.0,2.7
dnarelax,irf,62,0,init,,60,,0.74
dnarelax,irf,62,1,H-min,,60,,0.74
dnarelax,irf,62,2,s0.1,0.1,63,-54200.0,0.23
dnarelax,irf,62,3,s0.3,0.3,63,578000000.0,0.23
dnarelax,irf,62,4,s0.5,0.5,50,-48700.0,1.28
dnarelax,irf,62,5,s0.7,0.7,18,-57100.0,1.94
dnarelax,irf,62,6,s1.0,1.0,0,-59400.0,2.67
dnarelax,irf,62,7,final,,0,-59400.0,2.67
dnarelax,irf,64,0,init,,64,,0.51
dnarelax,irf,64,1,H-min,,64,,0.51
dnarelax,irf,64,2,s0.1,0.1,64,88800.0,0.51
dnarelax,irf,64,3,s0.3,0.3,64,93000.0,0.51
dnarelax,irf,64,4,s0.5,0.5,64,2080000.0,0.51
dnarelax,irf,64,5,s0.7,0.7,25,-55000.0,1.63
dnarelax,irf,64,6,s1.0,1.0,0,-58600.0,2.67
dnarelax,irf,64,7,final,,0,-59200.0,2.66
dnarelax,irf,65,0,init,,44,,0.88
dnarelax,irf,65,1,H-min,,44,,0.88
dnarelax,irf,65,2,s0.1,0.1,51,-61400.0,0.21
dnarelax,irf,65,3,s0.3,0.3,51,1070000000.0,0.21
dnarelax,irf,65,4,s0.5,0.5,51,490000000000.0,0.21
dnarelax,irf,65,5,s0.7,0.7,18,-55500.0,1.56
dnarelax,irf,65,6,s1.0,1.0,0,-58800.0,2.64
dnarelax,irf,65,7,final,,0,-59100.0,2.62
dnarelax,irf,66,0,init,,42,,1.07
dnarelax,irf,66,1,H-min,,42,,1.07
dnarelax,irf,66,2,s0.1,0.1,43,-36500.0,0.24
dnarelax,irf,66,3,s0.3,0.3,43,37500000.0,0.24
dnarelax,irf,66,4,s0.5,0.5,36,216000.0,1.01
dnarelax,irf,66,5,s0.7,0.7,23,-58800.0,1.71
dnarelax,irf,66,6,s1.0,1.0,0,-59300.0,2.65
dnarelax,irf,66,7,final,,0,-59500.0,2.67
dnarelax,irf,67,0,init,,54,,0.84
dnarelax,irf,67,1,H-min,,54,,0.84
dnarelax,irf,67,2,s0.1,0.1,54,60500.0,0.84
dnarelax,irf,67,3,s0.3,0.3,54,60500.0,0.84
dnarelax,irf,67,4,s0.5,0.5,54,65800.0,0.84
dnarelax,irf,67,5,s0.7,0.7,21,-56600.0,1.56
dnarelax,irf,67,6,s1.0,1.0,0,-59000.0,2.63
dnarelax,irf,67,7,final,,0,-59300.0,2.61
dnarelax,irf,68,0,init,,90,,0.24
dnarelax,irf,68,1,H-min,,90,,0.24
dnarelax,irf,68,2,s0.1,0.1,88,101000.0,0.17
dnarelax,irf,68,3,s0.3,0.3,88,2710000000.0,0.17
dnarelax,irf,68,4,s0.5,0.5,88,1250000000000.0,0.17
dnarelax,irf,68,5,s0.7,0.7,51,-51600.0,1.57
dnarelax,irf,68,6,s1.0,1.0,10,-51600.0,2.21
dnarelax,irf,68,7,final,,10,-51600.0,2.21
